frame,track_id,class,cls_id,conf,x_c,y_c,w,h
0,1,person,0,0.8860374093055725,417.70904541015625,309.70416259765625,29.0660400390625,82.0888671875
1,1,person,0,0.8856302499771118,417.54791259765625,309.6070251464844,29.35015869140625,81.7642822265625
2,1,person,0,0.8879680037498474,417.322509765625,309.59930419921875,29.605682373046875,81.87814331054688
3,1,person,0,0.8899365067481995,417.03118896484375,309.5384521484375,29.61761474609375,81.59683227539062
3,2,person,0,0.5885496735572815,369.5643310546875,243.40399169921875,10.07818603515625,33.16072082519531
4,1,person,0,0.8873323202133179,416.97601318359375,309.36419677734375,29.634796142578125,81.23678588867188
4,2,person,0,0.5925003290176392,369.10296630859375,243.25198364257812,10.35650634765625,32.75408935546875
5,1,person,0,0.8898110389709473,416.848388671875,309.1009216308594,29.479400634765625,80.9383544921875
5,2,person,0,0.46769747138023376,368.4281311035156,242.6358642578125,10.763427734375,32.71348571777344
6,1,person,0,0.8900305032730103,416.7876281738281,308.61834716796875,29.22021484375,80.06979370117188
6,2,person,0,0.38760823011398315,367.3791198730469,243.8289337158203,11.0645751953125,30.848541259765625
7,1,person,0,0.8791720867156982,416.61370849609375,307.8397216796875,28.712066650390625,79.45468139648438
7,2,person,0,0.28914034366607666,366.92156982421875,244.26327514648438,10.786468505859375,29.866378784179688
8,1,person,0,0.8629331588745117,416.4643859863281,307.2641906738281,28.19049072265625,79.1572265625
8,2,person,0,0.3293032646179199,366.3287353515625,243.48806762695312,11.97711181640625,32.46983337402344
9,1,person,0,0.8761760592460632,416.2295837402344,305.9493103027344,27.97344970703125,77.39703369140625
9,2,person,0,0.4583967924118042,365.3524169921875,246.42086791992188,13.800872802734375,39.79786682128906
10,1,person,0,0.8809805512428284,415.94305419921875,305.61468505859375,27.834320068359375,76.95639038085938
10,2,person,0,0.33800604939460754,364.243408203125,245.0874786376953,12.691009521484375,34.920074462890625
11,1,person,0,0.8741989731788635,415.3736267089844,305.11260986328125,28.15972900390625,77.56814575195312
12,1,person,0,0.8732073903083801,414.81683349609375,304.8370361328125,28.0601806640625,77.95245361328125
13,1,person,0,0.8813113570213318,414.2431640625,304.68414306640625,28.255889892578125,78.13449096679688
14,1,person,0,0.8863628506660461,413.72747802734375,304.5727844238281,28.3541259765625,78.2841796875
15,1,person,0,0.8925607204437256,413.1250915527344,304.3988037109375,29.17822265625,78.27822875976562
16,1,person,0,0.8940033912658691,412.30352783203125,304.22003173828125,29.330902099609375,78.58596801757812
16,2,person,0,0.6576048135757446,356.7388610839844,253.63876342773438,11.07745361328125,38.3564453125
17,1,person,0,0.8953195810317993,411.69866943359375,304.02581787109375,29.694061279296875,77.921142578125
17,2,person,0,0.539574384689331,354.9661865234375,254.74447631835938,10.1168212890625,37.21092224121094
18,1,person,0,0.899066150188446,410.92724609375,303.92791748046875,30.405792236328125,77.79190063476562
18,2,person,0,0.6120408773422241,353.3435974121094,255.11453247070312,10.4210205078125,36.6907958984375
19,1,person,0,0.8984997272491455,410.3317565917969,303.90435791015625,30.42041015625,77.53701782226562
19,2,person,0,0.6649381518363953,351.8155212402344,255.29080200195312,11.41796875,36.36271667480469
20,1,person,0,0.8821576237678528,409.7354736328125,303.68756103515625,30.23828125,76.9716796875
20,2,person,0,0.7514497637748718,350.842041015625,256.81878662109375,11.950897216796875,36.20515441894531
20,3,person,0,0.6378172636032104,335.43792724609375,249.9749298095703,11.9986572265625,38.056610107421875
21,1,person,0,0.870300829410553,409.04107666015625,303.54248046875,30.224029541015625,76.51473999023438
21,2,person,0,0.6448268294334412,349.9744873046875,256.1376953125,12.402252197265625,34.456695556640625
21,3,person,0,0.5637361407279968,335.86993408203125,249.91287231445312,12.566436767578125,37.87971496582031
22,1,person,0,0.8652982711791992,408.3241271972656,303.3075256347656,29.8416748046875,76.19049072265625
22,2,person,0,0.6825270056724548,349.67962646484375,255.28839111328125,12.523956298828125,33.575439453125
22,3,person,0,0.400708943605423,335.80767822265625,249.9227294921875,11.77886962890625,37.47212219238281
23,1,person,0,0.8688815236091614,407.09698486328125,303.003173828125,29.58392333984375,75.89871215820312
23,2,person,0,0.6583094000816345,348.8796081542969,254.59539794921875,13.03704833984375,33.730224609375
23,3,person,0,0.36839526891708374,336.34625244140625,245.6558837890625,11.10369873046875,28.53094482421875
24,1,person,0,0.8673942685127258,406.28204345703125,301.8782043457031,29.343231201171875,74.95062255859375
24,2,person,0,0.5459051728248596,348.0732116699219,253.9302978515625,13.07427978515625,33.49494934082031
24,3,person,0,0.2760469317436218,338.0950927734375,244.2354736328125,10.341461181640625,25.293701171875
25,1,person,0,0.8519323468208313,405.60614013671875,300.9337158203125,29.3154296875,74.20657348632812
25,2,person,0,0.5070047378540039,346.78594970703125,253.96604919433594,16.594085693359375,37.147186279296875
26,1,person,0,0.8478853702545166,404.7843017578125,300.4193420410156,30.448577880859375,74.37384033203125
26,2,person,0,0.6495023965835571,344.66473388671875,254.60089111328125,20.327423095703125,40.08216857910156
27,1,person,0,0.8580138087272644,404.244140625,299.9949645996094,31.710601806640625,74.4794921875
27,2,person,0,0.7264617681503296,343.7027282714844,254.2640380859375,21.184814453125,42.36346435546875
28,1,person,0,0.8501335978507996,403.83245849609375,299.78314208984375,33.171783447265625,74.83016967773438
28,2,person,0,0.7071335911750793,343.0350341796875,254.31002807617188,19.99310302734375,42.77899169921875
29,1,person,0,0.859283983707428,403.4308776855469,299.73968505859375,33.322021484375,75.24520874023438
29,2,person,0,0.6421156525611877,342.69879150390625,254.5557098388672,17.929229736328125,41.871185302734375
30,1,person,0,0.8695409893989563,402.66839599609375,299.8555908203125,33.121795654296875,75.67642211914062
30,2,person,0,0.47890448570251465,341.7626953125,254.92025756835938,16.3780517578125,39.74613952636719
31,1,person,0,0.8731544613838196,401.60809326171875,299.8492736816406,31.794647216796875,75.9061279296875
31,2,person,0,0.4914688169956207,340.48089599609375,255.9866943359375,15.669586181640625,36.82466125488281
32,1,person,0,0.8749329447746277,401.55438232421875,299.8428649902344,32.3465576171875,76.04290771484375
32,2,person,0,0.5618621706962585,338.1753845214844,255.40206909179688,13.14630126953125,38.14033508300781
33,1,person,0,0.8690026998519897,401.0777282714844,299.98028564453125,31.67437744140625,75.93023681640625
33,2,person,0,0.5973275899887085,336.0732421875,255.49505615234375,12.029449462890625,38.91880798339844
34,1,person,0,0.8640666604042053,401.610107421875,299.7326354980469,33.476226806640625,75.105712890625
34,2,person,0,0.6145467162132263,334.6025390625,256.28948974609375,11.228668212890625,37.62590026855469
35,1,person,0,0.8702832460403442,400.3011779785156,299.7933044433594,31.62811279296875,74.447021484375
35,2,person,0,0.727389395236969,333.7832336425781,256.8206481933594,11.6446533203125,36.6331787109375
36,1,person,0,0.8614681363105774,399.6543273925781,299.3909912109375,31.1715087890625,74.12533569335938
36,2,person,0,0.5770034193992615,333.08428955078125,255.90841674804688,12.260955810546875,37.73783874511719
37,1,person,0,0.8686342835426331,399.11859130859375,298.9659423828125,31.07037353515625,73.593505859375
37,2,person,0,0.5597203969955444,331.7166748046875,255.5321044921875,15.0125732421875,37.99885559082031
37,4,person,0,0.5562917590141296,349.7932434082031,250.85264587402344,11.22918701171875,35.327606201171875
38,1,person,0,0.862662672996521,399.00689697265625,298.5778503417969,31.2308349609375,73.111328125
38,2,person,0,0.6462757587432861,329.9799499511719,256.2701721191406,18.56011962890625,37.03144836425781
38,4,person,0,0.3689507842063904,350.6142578125,250.42471313476562,12.32904052734375,36.18495178222656
39,1,person,0,0.867525577545166,398.8585510253906,298.0714111328125,31.0064697265625,73.06167602539062
39,2,person,0,0.6027199029922485,329.60980224609375,255.75900268554688,19.507659912109375,37.85087585449219
39,4,person,0,0.39309966564178467,351.4429931640625,251.51296997070312,13.687347412109375,35.04571533203125
40,1,person,0,0.8709065914154053,398.3794860839844,297.0302734375,30.03448486328125,71.75912475585938
40,2,person,0,0.41511765122413635,329.37652587890625,254.15216064453125,18.605316162109375,40.77912902832031
40,4,person,0,0.48723703622817993,352.88104248046875,251.41293334960938,16.46490478515625,34.71319580078125
41,1,person,0,0.8670966625213623,397.9144592285156,296.30279541015625,30.49395751953125,71.24020385742188
41,2,person,0,0.39467567205429077,329.1031494140625,255.92559814453125,18.1851806640625,37.138427734375
41,4,person,0,0.5437690615653992,353.54034423828125,248.73583984375,17.511688232421875,39.45411682128906
42,1,person,0,0.8670098185539246,397.496826171875,295.67572021484375,29.989044189453125,70.90408325195312
42,2,person,0,0.3995574414730072,328.25299072265625,256.0404357910156,19.06292724609375,37.06391906738281
42,4,person,0,0.6396852731704712,354.16204833984375,247.1141357421875,18.480438232421875,42.36277770996094
43,1,person,0,0.8635745644569397,397.17132568359375,294.9334716796875,29.9266357421875,70.93435668945312
43,2,person,0,0.48364222049713135,327.83795166015625,254.9077911376953,19.75103759765625,39.334625244140625
43,4,person,0,0.6625527739524841,354.2671813964844,247.40699768066406,18.35723876953125,41.242034912109375
44,1,person,0,0.8736510872840881,396.7808837890625,294.8001708984375,29.455047607421875,71.15545654296875
44,2,person,0,0.28407686948776245,326.3409423828125,254.17922973632812,18.0115966796875,39.65098571777344
44,4,person,0,0.6662359833717346,354.79278564453125,247.88995361328125,18.22381591796875,40.57794189453125
45,1,person,0,0.8582596778869629,396.3729248046875,294.69866943359375,29.37030029296875,71.4051513671875
45,4,person,0,0.48681944608688354,355.10186767578125,248.13858032226562,18.200347900390625,39.7596435546875
46,1,person,0,0.8462936282157898,395.99951171875,294.8948974609375,29.719940185546875,71.62374877929688
46,4,person,0,0.3490346372127533,355.82415771484375,249.54769897460938,17.058319091796875,36.86924743652344
47,1,person,0,0.8305789232254028,395.623046875,294.46746826171875,29.139495849609375,70.95599365234375
47,4,person,0,0.4763096868991852,356.38739013671875,249.69937133789062,15.904998779296875,36.86442565917969
47,2,person,0,0.5676602125167847,321.5945739746094,253.94064331054688,13.19952392578125,39.47563171386719
48,1,person,0,0.8518636226654053,395.1168212890625,294.7898254394531,29.789794921875,71.375
48,4,person,0,0.4839191138744354,357.34521484375,249.55862426757812,13.455169677734375,35.77015686035156
48,2,person,0,0.2395515888929367,320.275146484375,254.03298950195312,11.494781494140625,38.66819763183594
49,1,person,0,0.8500125408172607,394.42999267578125,294.86376953125,30.144134521484375,70.94815063476562
49,4,person,0,0.5841907858848572,358.2762451171875,248.94342041015625,11.811431884765625,34.60539245605469
49,2,person,0,0.3396974205970764,319.4139404296875,255.56390380859375,10.073150634765625,35.78630065917969
50,1,person,0,0.8601463437080383,393.9046630859375,294.7447204589844,30.287261962890625,70.83294677734375
50,4,person,0,0.5056467056274414,358.4848327636719,248.36358642578125,10.90911865234375,34.6258544921875
50,2,person,0,0.3750383257865906,318.5105895996094,255.9424591064453,10.19708251953125,35.284393310546875
51,1,person,0,0.8561564683914185,393.70977783203125,294.690185546875,29.8548583984375,70.48321533203125
51,4,person,0,0.6491991877555847,358.7659912109375,248.8131866455078,11.391876220703125,34.943878173828125
51,2,person,0,0.6448371410369873,317.81427001953125,256.2864074707031,10.944000244140625,35.00837707519531
52,1,person,0,0.8553081154823303,393.28094482421875,294.6162109375,29.084075927734375,70.32565307617188
52,4,person,0,0.6742371916770935,359.4344177246094,248.70753479003906,11.4010009765625,35.553985595703125
52,2,person,0,0.5734652280807495,316.93603515625,255.98321533203125,11.356414794921875,34.55804443359375
53,1,person,0,0.8528445363044739,392.64337158203125,293.1930236816406,28.6285400390625,67.95013427734375
53,4,person,0,0.700659453868866,359.92254638671875,248.84576416015625,11.226898193359375,35.63587951660156
53,2,person,0,0.52239590883255,316.5068664550781,255.95553588867188,11.5255126953125,34.56732177734375
54,1,person,0,0.8762761950492859,392.1321716308594,293.0369567871094,27.976806640625,67.662109375
54,4,person,0,0.7437947392463684,360.16778564453125,248.8594970703125,12.219635009765625,35.55133056640625
54,2,person,0,0.6721482872962952,315.8409423828125,255.38796997070312,12.950439453125,35.78532409667969
55,1,person,0,0.8769130110740662,392.013427734375,292.7025451660156,27.414215087890625,67.5355224609375
55,4,person,0,0.7183658480644226,360.7576904296875,249.0537567138672,12.515045166015625,35.488311767578125
55,2,person,0,0.5321999788284302,315.01806640625,255.6344451904297,13.68194580078125,35.205902099609375
56,1,person,0,0.8654769062995911,391.4127197265625,292.10894775390625,26.384674072265625,67.535888671875
56,4,person,0,0.7153488397598267,361.6739196777344,249.03347778320312,12.78240966796875,35.46406555175781
56,2,person,0,0.6318048238754272,314.0970764160156,256.14373779296875,15.22625732421875,35.04705810546875
57,1,person,0,0.8775033950805664,391.17681884765625,291.82293701171875,26.544036865234375,67.88079833984375
57,4,person,0,0.7071962356567383,362.2861633300781,248.95632934570312,13.41436767578125,35.07292175292969
57,2,person,0,0.523116409778595,313.72088623046875,255.28369140625,15.65283203125,36.6273193359375
58,1,person,0,0.8785405158996582,391.04534912109375,291.7292785644531,26.287628173828125,68.266845703125
58,4,person,0,0.6738277077674866,363.2145690917969,249.02484130859375,13.490234375,34.69773864746094
58,2,person,0,0.22375516593456268,312.344482421875,253.0917510986328,13.023773193359375,32.222747802734375
59,1,person,0,0.8776000738143921,390.910400390625,291.6839294433594,26.517608642578125,68.65069580078125
59,4,person,0,0.7124494910240173,363.552978515625,249.17030334472656,13.607208251953125,34.790679931640625
59,2,person,0,0.6525697112083435,311.1900939941406,253.91986083984375,12.25457763671875,36.26783752441406
60,1,person,0,0.8675385117530823,390.7336120605469,291.59271240234375,27.03790283203125,68.80404663085938
60,4,person,0,0.6476707458496094,364.00091552734375,249.294189453125,13.320343017578125,34.82139587402344
60,2,person,0,0.6351408958435059,309.94903564453125,254.50709533691406,12.610260009765625,36.971954345703125
61,1,person,0,0.8652945160865784,390.7472839355469,291.49884033203125,27.33807373046875,68.53665161132812
61,4,person,0,0.6390029191970825,364.4502258300781,249.3590087890625,13.40740966796875,34.61903381347656
61,2,person,0,0.6168225407600403,308.796630859375,255.1483917236328,12.574859619140625,35.253631591796875
62,1,person,0,0.8679988384246826,390.9269104003906,291.6077880859375,27.299072265625,68.38653564453125
62,4,person,0,0.6238702535629272,364.82269287109375,249.10073852539062,13.07220458984375,34.95909118652344
62,2,person,0,0.6795476675033569,308.0074462890625,254.81765747070312,12.596160888671875,35.83659362792969
63,1,person,0,0.860072135925293,391.0799255371094,291.26531982421875,27.036376953125,67.46737670898438
63,4,person,0,0.42374780774116516,365.41375732421875,248.39044189453125,12.282562255859375,34.31840515136719
63,2,person,0,0.7310664653778076,307.168701171875,255.1298828125,12.66436767578125,36.05340576171875
64,1,person,0,0.8673763275146484,391.1732177734375,291.12982177734375,26.876739501953125,67.19943237304688
64,4,person,0,0.4890299141407013,365.965087890625,247.8507080078125,11.261749267578125,34.41514587402344
64,2,person,0,0.7526240944862366,306.1895751953125,254.66793823242188,12.992523193359375,37.00193786621094
65,1,person,0,0.8657749891281128,391.2228698730469,290.98492431640625,26.76953125,66.78756713867188
65,4,person,0,0.4531737267971039,366.3403625488281,248.09915161132812,11.10260009765625,35.14500427246094
65,2,person,0,0.7010557055473328,305.2948913574219,255.29920959472656,13.1839599609375,35.838165283203125
66,1,person,0,0.8690934181213379,391.48431396484375,290.7342834472656,27.496124267578125,66.39739990234375
66,4,person,0,0.6113763451576233,366.84173583984375,248.0756378173828,11.007904052734375,36.181549072265625
66,2,person,0,0.6007594466209412,304.68316650390625,254.76766967773438,13.476318359375,36.71910095214844
67,1,person,0,0.8611185550689697,391.6112976074219,290.0151672363281,27.73736572265625,65.2816162109375
67,4,person,0,0.5565605759620667,367.3406982421875,247.03292846679688,11.0107421875,33.94273376464844
67,2,person,0,0.6777844429016113,303.7149658203125,254.23086547851562,13.782012939453125,38.21153259277344
68,1,person,0,0.861440896987915,391.6035461425781,289.57110595703125,27.6695556640625,64.44647216796875
68,4,person,0,0.5525557398796082,367.8174133300781,247.67173767089844,11.0926513671875,35.885101318359375
68,2,person,0,0.5508416891098022,303.2552490234375,253.74298095703125,13.45465087890625,38.38368225097656
69,1,person,0,0.8581743836402893,391.78985595703125,288.8955383300781,27.614288330078125,63.77362060546875
69,4,person,0,0.6984364986419678,368.5757141113281,247.90365600585938,11.37335205078125,36.92051696777344
69,2,person,0,0.5132879614830017,302.4369201660156,251.73660278320312,12.90692138671875,34.88203430175781
69,5,person,0,0.7073419094085693,338.1956481933594,241.55795288085938,11.57330322265625,32.29182434082031
70,1,person,0,0.8564261794090271,392.1500244140625,288.3106994628906,27.777099609375,63.5567626953125
70,4,person,0,0.74445641040802,369.01495361328125,247.98403930664062,11.392242431640625,37.09001159667969
70,2,person,0,0.47956782579421997,301.66668701171875,249.48141479492188,11.969696044921875,30.624191284179688
70,5,person,0,0.694625198841095,337.94451904296875,241.36639404296875,11.7132568359375,32.60035705566406
71,1,person,0,0.8539415597915649,392.24627685546875,287.6865234375,27.730316162109375,63.35357666015625
71,4,person,0,0.7466413974761963,369.5469970703125,247.78329467773438,11.2030029296875,36.6453857421875
71,2,person,0,0.5148046612739563,300.90997314453125,251.02993774414062,14.571807861328125,38.57328796386719
71,5,person,0,0.6831720471382141,337.3691101074219,241.10922241210938,11.3330078125,32.64491271972656
72,1,person,0,0.8622301816940308,392.3211975097656,287.6301574707031,27.48199462890625,63.92437744140625
72,4,person,0,0.7554923892021179,369.89056396484375,247.76327514648438,11.518218994140625,37.46974182128906
72,2,person,0,0.6558603644371033,300.4658508300781,251.6929931640625,15.0013427734375,40.10255432128906
72,5,person,0,0.6499864459037781,336.903564453125,241.2991180419922,11.687713623046875,31.792327880859375
73,1,person,0,0.8665982484817505,392.60479736328125,287.465576171875,27.403533935546875,64.17445373535156
73,4,person,0,0.731992781162262,370.15374755859375,247.76727294921875,11.923980712890625,37.7109375
73,2,person,0,0.6805869936943054,300.08660888671875,252.5399169921875,14.866485595703125,39.25274658203125
73,5,person,0,0.5610379576683044,336.35552978515625,241.4831085205078,11.5986328125,30.910247802734375
74,1,person,0,0.8641371726989746,392.8524475097656,287.27923583984375,27.3443603515625,64.24295043945312
74,4,person,0,0.547325611114502,370.22412109375,247.86422729492188,11.70977783203125,37.72404479980469
74,2,person,0,0.6780441999435425,299.3544921875,252.9293212890625,14.317840576171875,38.9014892578125
74,5,person,0,0.41193637251853943,335.5587463378906,242.18109130859375,10.6673583984375,29.212173461914062
75,1,person,0,0.8676507472991943,392.9026794433594,287.315673828125,27.32427978515625,64.31381225585938
75,4,person,0,0.3852887451648712,370.44940185546875,248.75213623046875,11.496734619140625,36.20892333984375
75,2,person,0,0.7000342011451721,298.865478515625,253.00233459472656,13.3238525390625,38.541961669921875
75,5,person,0,0.4495585560798645,335.0992431640625,241.95977783203125,10.166961669921875,29.5787353515625
76,1,person,0,0.861358642578125,392.93157958984375,287.4179992675781,27.215545654296875,64.35760498046875
76,4,person,0,0.638031542301178,370.97259521484375,248.75076293945312,11.819915771484375,35.71604919433594
76,2,person,0,0.7555354833602905,298.42462158203125,252.76968383789062,12.765594482421875,38.58158874511719
76,5,person,0,0.5593288540840149,334.36993408203125,241.42013549804688,9.345184326171875,29.701065063476562
77,1,person,0,0.854487419128418,393.10662841796875,287.3660583496094,27.01123046875,64.54942321777344
77,4,person,0,0.6260761618614197,371.82073974609375,249.069091796875,11.79248046875,34.41960144042969
77,2,person,0,0.648840606212616,297.7135314941406,252.3998565673828,12.09814453125,38.459869384765625
77,5,person,0,0.5181771516799927,333.74542236328125,241.38088989257812,9.2408447265625,30.149520874023438
78,1,person,0,0.8404607176780701,393.42718505859375,287.2865905761719,27.46282958984375,64.42622375488281
78,4,person,0,0.6756782531738281,372.03729248046875,248.53622436523438,12.060394287109375,35.32342529296875
78,2,person,0,0.6744440793991089,297.43231201171875,252.39877319335938,12.34912109375,38.123779296875
78,5,person,0,0.5068252682685852,332.3861389160156,241.31809997558594,10.61505126953125,30.801666259765625
79,1,person,0,0.8522272109985352,393.5834045410156,287.1100158691406,27.73175048828125,64.00164794921875
79,4,person,0,0.5934592485427856,372.6397705078125,248.64019775390625,11.843414306640625,35.02281188964844
79,2,person,0,0.6904822587966919,297.0347900390625,252.77528381347656,12.492767333984375,38.321014404296875
79,5,person,0,0.5596275925636292,331.7230224609375,240.82135009765625,10.979949951171875,32.098388671875
80,1,person,0,0.8431664109230042,394.06036376953125,286.94000244140625,27.063323974609375,63.553253173828125
80,4,person,0,0.4456036388874054,373.32476806640625,249.24624633789062,11.898345947265625,33.98396301269531
80,2,person,0,0.7229206562042236,296.73126220703125,252.9624481201172,12.8975830078125,38.150238037109375
80,5,person,0,0.691209614276886,331.41778564453125,240.67477416992188,10.743743896484375,33.01788330078125
81,1,person,0,0.8441013097763062,394.16009521484375,286.43560791015625,26.822723388671875,62.5302734375
81,4,person,0,0.17904320359230042,373.879150390625,253.6177215576172,11.844268798828125,24.934722900390625
81,2,person,0,0.6945708990097046,296.4073486328125,253.06112670898438,12.56011962890625,38.20610046386719
81,5,person,0,0.5976051092147827,330.9354248046875,240.82334899902344,10.987030029296875,32.708709716796875
82,1,person,0,0.8406358957290649,394.3636474609375,286.05316162109375,26.383270263671875,62.426910400390625
82,4,person,0,0.41257244348526,374.36053466796875,250.11749267578125,12.135650634765625,31.226638793945312
82,2,person,0,0.6815292239189148,296.0326232910156,253.0484619140625,12.66864013671875,38.13751220703125
82,5,person,0,0.6268855929374695,330.53912353515625,240.96694946289062,11.21923828125,32.19078063964844
83,1,person,0,0.8402628898620605,394.5033874511719,285.9707946777344,25.9757080078125,62.81690979003906
83,4,person,0,0.3785982131958008,374.7392578125,249.10377502441406,11.687744140625,30.679534912109375
83,2,person,0,0.5879110097885132,295.9073486328125,253.14614868164062,12.770294189453125,37.59088134765625
83,5,person,0,0.5897574424743652,330.1557922363281,241.10421752929688,11.22186279296875,31.499832153320312
84,1,person,0,0.8433228135108948,394.95794677734375,285.7210693359375,25.428497314453125,61.73783874511719
84,4,person,0,0.3917771875858307,375.131591796875,248.08724975585938,10.97198486328125,30.707504272460938
84,2,person,0,0.5850919485092163,295.929443359375,253.04013061523438,12.90576171875,37.31690979003906
84,5,person,0,0.6270229816436768,330.02679443359375,241.25535583496094,10.816192626953125,31.223724365234375
85,1,person,0,0.8540681600570679,395.09454345703125,285.10845947265625,25.09857177734375,61.819244384765625
85,2,person,0,0.5713270902633667,295.85882568359375,253.02828979492188,13.170806884765625,37.61358642578125
85,5,person,0,0.43385204672813416,329.87237548828125,241.505859375,10.39093017578125,30.322677612304688
86,1,person,0,0.85218745470047,395.2744140625,284.6976318359375,24.585296630859375,61.98857116699219
86,2,person,0,0.7343889474868774,295.80902099609375,253.0458221435547,13.372894287109375,38.376678466796875
86,5,person,0,0.540755033493042,329.81939697265625,241.38095092773438,10.1446533203125,30.285537719726562
87,1,person,0,0.8417474627494812,395.5435791015625,284.2058410644531,25.024749755859375,62.32783508300781
87,2,person,0,0.7037242650985718,295.4692687988281,252.89181518554688,13.23077392578125,38.39308166503906
87,5,person,0,0.4492699205875397,329.66888427734375,241.6924591064453,9.9508056640625,29.406280517578125
87,4,person,0,0.5234329104423523,375.41143798828125,247.03729248046875,11.547271728515625,34.29913330078125
88,1,person,0,0.8400400280952454,395.61236572265625,284.14056396484375,25.679290771484375,62.99458312988281
88,2,person,0,0.6362366080284119,295.17645263671875,252.60546875,12.895843505859375,37.97344970703125
88,5,person,0,0.6270642280578613,329.382080078125,241.63131713867188,9.747467041015625,29.111160278320312
88,4,person,0,0.57244873046875,375.50244140625,246.28622436523438,11.488861083984375,32.69099426269531
89,1,person,0,0.838119387626648,395.82232666015625,284.0355224609375,25.611419677734375,63.111419677734375
89,2,person,0,0.6970406770706177,295.09149169921875,251.24847412109375,12.977386474609375,35.43537902832031
89,5,person,0,0.5996798872947693,329.10968017578125,241.3921356201172,9.85260009765625,29.664947509765625
89,4,person,0,0.522747814655304,375.7841796875,246.9464569091797,11.362945556640625,31.200408935546875
90,1,person,0,0.839178740978241,396.22625732421875,283.83734130859375,25.8197021484375,62.999053955078125
90,2,person,0,0.6966130137443542,294.83612060546875,251.4749755859375,12.693695068359375,35.71734619140625
90,5,person,0,0.6111280918121338,328.91949462890625,241.20114135742188,9.319122314453125,30.263320922851562
90,4,person,0,0.564399778842926,375.9735107421875,247.00692749023438,11.14703369140625,31.614303588867188
91,1,person,0,0.8183515071868896,396.7901611328125,283.624755859375,25.811004638671875,62.67976379394531
91,2,person,0,0.7306002378463745,294.656005859375,251.63800048828125,12.365509033203125,36.08946228027344
91,5,person,0,0.5521145462989807,328.645751953125,241.26815795898438,8.68035888671875,30.257888793945312
91,4,person,0,0.6282849311828613,376.0969543457031,247.0387725830078,11.64422607421875,33.205963134765625
92,1,person,0,0.8305201530456543,397.8514404296875,283.66070556640625,25.863189697265625,62.41790771484375
92,2,person,0,0.7229868173599243,294.53814697265625,251.69473266601562,12.292938232421875,36.55696105957031
92,5,person,0,0.42630234360694885,327.70831298828125,241.28353881835938,10.318267822265625,30.421127319335938
92,4,person,0,0.6294378638267517,376.14508056640625,247.26861572265625,11.74462890625,34.09654235839844
93,1,person,0,0.8422452807426453,398.6614990234375,283.8724365234375,26.016204833984375,61.6854248046875
93,2,person,0,0.7096903920173645,294.4578552246094,251.7232666015625,12.55511474609375,36.66862487792969
93,5,person,0,0.5606050491333008,327.20404052734375,241.72268676757812,11.632537841796875,29.150588989257812
93,4,person,0,0.6122705340385437,376.6474609375,247.22726440429688,11.364044189453125,33.66166687011719
94,1,person,0,0.849872887134552,399.255859375,283.99530029296875,26.146148681640625,61.25465393066406
94,2,person,0,0.6982346177101135,294.59942626953125,251.82977294921875,12.3897705078125,36.85444641113281
94,5,person,0,0.6385418176651001,326.516357421875,241.56646728515625,12.591461181640625,29.439285278320312
94,4,person,0,0.6692086458206177,376.86468505859375,247.44174194335938,11.121612548828125,33.84696960449219
95,1,person,0,0.84066241979599,399.80059814453125,283.89501953125,26.076904296875,61.596832275390625
95,2,person,0,0.6858084797859192,294.8262634277344,251.80548095703125,12.16815185546875,36.85899353027344
95,5,person,0,0.5973268151283264,326.19866943359375,241.23817443847656,12.678375244140625,30.174407958984375
95,4,person,0,0.6372034549713135,376.88995361328125,247.45022583007812,11.316436767578125,34.04548645019531
96,1,person,0,0.850455641746521,400.022216796875,283.7879333496094,25.986175537109375,60.66557312011719
96,2,person,0,0.6696570515632629,294.83880615234375,251.7027587890625,12.187103271484375,36.40864562988281
96,5,person,0,0.5345121622085571,325.8800964355469,241.0290985107422,11.56341552734375,30.131561279296875
96,4,person,0,0.4775266647338867,377.2255859375,247.41537475585938,10.91741943359375,33.15647888183594
97,1,person,0,0.8408100605010986,400.42938232421875,283.60296630859375,26.41107177734375,59.81219482421875
97,2,person,0,0.6744620203971863,294.9762878417969,251.43646240234375,11.97064208984375,35.88908386230469
97,5,person,0,0.7000624537467957,325.40338134765625,240.72598266601562,11.656158447265625,30.4588623046875
97,4,person,0,0.5731276273727417,377.8251037597656,247.14041137695312,10.42919921875,32.35972595214844
98,1,person,0,0.8224577903747559,401.3453674316406,283.45263671875,25.721435546875,58.95976257324219
98,2,person,0,0.6201915144920349,295.1722412109375,250.478271484375,11.607574462890625,33.85845947265625
98,5,person,0,0.6510412096977234,325.0677795410156,240.64743041992188,11.345458984375,30.306442260742188
98,4,person,0,0.3759630620479584,378.021484375,246.69528198242188,10.316192626953125,31.187545776367188
99,1,person,0,0.8134886026382446,402.02935791015625,283.21600341796875,25.56915283203125,58.555328369140625
99,2,person,0,0.7059598565101624,295.2725830078125,251.14639282226562,11.50146484375,35.17347717285156
99,5,person,0,0.4701407253742218,324.38140869140625,240.49745178222656,10.863739013671875,30.233062744140625
99,4,person,0,0.5158076286315918,378.62530517578125,246.9561004638672,10.828582763671875,32.512115478515625
100,1,person,0,0.8197990655899048,402.4619445800781,282.72802734375,25.0447998046875,58.15252685546875
100,2,person,0,0.6943261027336121,295.3419189453125,251.09539794921875,11.607086181640625,35.09417724609375
100,5,person,0,0.32224681973457336,323.99359130859375,240.09368896484375,10.415313720703125,30.660720825195312
100,4,person,0,0.5334076881408691,379.21966552734375,245.99774169921875,11.208587646484375,31.023208618164062
101,1,person,0,0.8335677981376648,403.0855712890625,281.64971923828125,24.64385986328125,58.45133972167969
101,2,person,0,0.6283085346221924,295.516845703125,250.78900146484375,11.507110595703125,33.90724182128906
101,5,person,0,0.25417953729629517,323.5950012207031,239.90689086914062,9.9869384765625,29.781448364257812
101,4,person,0,0.2302308976650238,379.4892578125,245.0931854248047,10.379486083984375,27.395965576171875
102,1,person,0,0.7860955595970154,403.67767333984375,281.12457275390625,24.194183349609375,58.706756591796875
102,2,person,0,0.5502300262451172,295.602294921875,250.6353759765625,11.348419189453125,33.35209655761719
102,5,person,0,0.16160883009433746,323.45440673828125,239.6790008544922,9.802825927734375,29.945770263671875
102,4,person,0,0.3604743182659149,379.67156982421875,244.9017791748047,10.4127197265625,28.171722412109375
103,1,person,0,0.791429877281189,404.34930419921875,281.210205078125,23.507598876953125,59.55268859863281
103,2,person,0,0.6235889196395874,295.71905517578125,249.85302734375,11.438079833984375,31.670425415039062
103,5,person,0,0.18115249276161194,323.0789794921875,240.00572204589844,9.47802734375,30.892578125
103,4,person,0,0.5520131587982178,379.77044677734375,243.9703369140625,10.979156494140625,27.976119995117188
104,1,person,0,0.8275591731071472,404.72161865234375,281.10662841796875,23.572784423828125,59.41004943847656
104,2,person,0,0.6634630560874939,295.9548645019531,250.6723175048828,11.81036376953125,33.386566162109375
104,5,person,0,0.42349040508270264,322.85076904296875,240.05694580078125,9.450775146484375,30.996307373046875
104,4,person,0,0.6120893359184265,379.77191162109375,243.42990112304688,11.429473876953125,28.007553100585938
105,1,person,0,0.8228920698165894,405.005859375,281.1288146972656,23.564788818359375,59.51493835449219
105,2,person,0,0.666824460029602,296.2010498046875,250.38409423828125,11.824249267578125,33.00138854980469
105,5,person,0,0.5332042574882507,322.2698669433594,240.2401123046875,9.3529052734375,30.597305297851562
105,4,person,0,0.5996701121330261,379.9052429199219,245.21463012695312,11.79949951171875,32.10102844238281
106,1,person,0,0.8217350244522095,405.43017578125,281.2423095703125,23.49505615234375,59.50556945800781
106,2,person,0,0.7073634266853333,296.3436584472656,251.13417053222656,11.75787353515625,34.519927978515625
106,5,person,0,0.5539751648902893,321.83160400390625,240.5452423095703,9.07989501953125,30.1708984375
106,4,person,0,0.6778969168663025,379.9674987792969,246.06170654296875,11.94073486328125,33.97904968261719
107,1,person,0,0.8364673256874084,405.57427978515625,281.370849609375,23.496917724609375,59.599212646484375
107,2,person,0,0.693096399307251,296.48193359375,250.56497192382812,11.564056396484375,33.94252014160156
107,5,person,0,0.525807797908783,321.51025390625,240.91346740722656,8.512481689453125,29.3037109375
107,4,person,0,0.6531450152397156,379.9794921875,246.29202270507812,11.955230712890625,34.57884216308594
108,1,person,0,0.831992506980896,405.4876403808594,281.4439697265625,23.70172119140625,59.569305419921875
108,2,person,0,0.6744932532310486,296.8644104003906,250.4463653564453,11.58905029296875,34.618865966796875
108,5,person,0,0.5779229998588562,321.29217529296875,240.94088745117188,8.237060546875,28.977005004882812
108,4,person,0,0.6732380390167236,380.03717041015625,246.357666015625,12.178131103515625,34.82275390625
109,1,person,0,0.8376724720001221,405.502685546875,281.330078125,23.756591796875,59.354888916015625
109,2,person,0,0.6477283239364624,297.31341552734375,248.0123291015625,11.668853759765625,30.24853515625
109,5,person,0,0.4750405550003052,320.5503234863281,241.0466766357422,9.7567138671875,29.30328369140625
109,4,person,0,0.6702534556388855,380.2072448730469,246.28958129882812,12.2755126953125,34.80427551269531
110,1,person,0,0.8257089257240295,405.52215576171875,280.8993835449219,23.61419677734375,58.47215270996094
110,2,person,0,0.5747120380401611,297.78668212890625,246.33087158203125,11.344879150390625,26.875503540039062
110,4,person,0,0.7032148241996765,380.35736083984375,246.09866333007812,12.208404541015625,34.41729736328125
111,1,person,0,0.8220520615577698,405.51702880859375,280.4146728515625,23.429290771484375,57.5859375
111,2,person,0,0.5671199560165405,298.2774963378906,245.85340881347656,11.2315673828125,25.677947998046875
111,4,person,0,0.717980682849884,380.5284423828125,245.9217529296875,12.42364501953125,34.02662658691406
112,1,person,0,0.8217426538467407,405.5909423828125,280.1598815917969,23.485260009765625,57.04576110839844
112,2,person,0,0.6093334555625916,298.68182373046875,245.68972778320312,11.156768798828125,25.270034790039062
112,4,person,0,0.7162383794784546,380.5811767578125,245.7506103515625,12.582977294921875,33.60980224609375
113,1,person,0,0.8096306324005127,405.3376159667969,279.64227294921875,23.3197021484375,56.961456298828125
113,2,person,0,0.5716879963874817,299.0396728515625,245.45004272460938,11.171661376953125,25.688980102539062
113,4,person,0,0.6851863861083984,380.75811767578125,245.88253784179688,12.397369384765625,33.73431396484375
114,1,person,0,0.8120536208152771,405.3718566894531,279.3309020996094,22.96685791015625,57.47755432128906
114,2,person,0,0.4501964747905731,299.31524658203125,245.7508544921875,11.095703125,25.112747192382812
114,4,person,0,0.6963440179824829,380.9981689453125,246.07992553710938,12.124267578125,33.73457336425781
115,1,person,0,0.8136346936225891,405.3736877441406,279.05206298828125,22.77349853515625,57.369964599609375
115,2,person,0,0.5061396956443787,299.5972900390625,245.96249389648438,10.828826904296875,24.739273071289062
115,4,person,0,0.6909628510475159,381.2469177246094,246.3464813232422,11.9468994140625,33.687835693359375
116,1,person,0,0.794206976890564,405.46099853515625,278.9095458984375,22.39093017578125,56.999481201171875
116,2,person,0,0.47414493560791016,299.863037109375,247.25311279296875,10.705963134765625,24.9610595703125
116,4,person,0,0.708512008190155,381.423583984375,246.29421997070312,12.02490234375,33.10235595703125
117,1,person,0,0.8015453219413757,405.310546875,278.57440185546875,23.018280029296875,57.10249328613281
117,2,person,0,0.5923048853874207,300.17974853515625,248.31288146972656,10.926483154296875,28.268096923828125
117,4,person,0,0.667263925075531,381.522216796875,246.23538208007812,12.201080322265625,33.19071960449219
118,1,person,0,0.7771444916725159,405.2713623046875,278.1610412597656,23.10955810546875,57.74560546875
118,2,person,0,0.4876403510570526,300.9271545410156,248.07061767578125,10.37701416015625,28.234298706054688
118,4,person,0,0.6111968159675598,381.58184814453125,245.563720703125,12.1688232421875,31.970230102539062
119,1,person,0,0.7902385592460632,405.7865905761719,277.89910888671875,22.2398681640625,58.06077575683594
119,2,person,0,0.6171895265579224,301.7613220214844,248.13470458984375,10.72027587890625,29.144577026367188
119,4,person,0,0.555118203163147,381.9717712402344,244.90838623046875,11.4537353515625,30.731216430664062
120,1,person,0,0.8156583309173584,405.15130615234375,277.7281494140625,23.344024658203125,58.287445068359375
120,2,person,0,0.4863472580909729,302.31549072265625,247.46884155273438,10.727783203125,29.318557739257812
120,4,person,0,0.5745204091072083,382.1710510253906,244.28416442871094,11.17242431640625,29.804840087890625
121,1,person,0,0.7975543737411499,404.8139343261719,277.6924743652344,23.54388427734375,58.24974060058594
121,2,person,0,0.518001914024353,302.839599609375,245.77252197265625,10.326416015625,28.17352294921875
121,4,person,0,0.6046285629272461,382.0098571777344,243.66720581054688,11.3995361328125,29.7659912109375
121,5,person,0,0.5094855427742004,316.4946594238281,238.28436279296875,9.06182861328125,29.130386352539062
122,1,person,0,0.7832857370376587,404.60986328125,277.6731262207031,22.846771240234375,58.16535949707031
122,2,person,0,0.4944477081298828,303.5489501953125,245.08291625976562,9.89801025390625,27.49432373046875
122,4,person,0,0.5475257635116577,382.0824890136719,243.69644165039062,11.23486328125,29.859268188476562
122,5,person,0,0.615041971206665,316.1547546386719,238.7269287109375,9.4105224609375,30.085098266601562
123,1,person,0,0.7708123922348022,404.45855712890625,277.5381164550781,22.597808837890625,57.72959899902344
123,2,person,0,0.5075206160545349,303.9477844238281,245.12278747558594,9.55029296875,27.093536376953125
123,4,person,0,0.5761593580245972,382.1629638671875,243.94760131835938,11.136383056640625,30.62286376953125
123,5,person,0,0.5414974093437195,315.9515380859375,238.04031372070312,9.115234375,28.136688232421875
124,1,person,0,0.7773776054382324,405.1190490722656,277.29913330078125,20.93670654296875,57.167999267578125
124,2,person,0,0.5133634805679321,304.865966796875,245.36856079101562,9.184112548828125,27.45367431640625
124,4,person,0,0.6288840770721436,382.1446838378906,244.12164306640625,11.3778076171875,31.46441650390625
124,5,person,0,0.5205479860305786,315.58660888671875,236.95803833007812,9.219818115234375,25.875778198242188
125,1,person,0,0.7628225088119507,405.45159912109375,277.21063232421875,20.033111572265625,56.72663879394531
125,2,person,0,0.51380854845047,305.5352783203125,245.4910430908203,9.201995849609375,26.995513916015625
125,4,person,0,0.6167685985565186,382.081298828125,243.63851928710938,11.508514404296875,31.082229614257812
125,5,person,0,0.5048061609268188,315.22503662109375,236.56817626953125,9.325469970703125,25.262771606445312
126,1,person,0,0.7466065883636475,405.1378173828125,276.89593505859375,20.132232666015625,56.0009765625
126,2,person,0,0.4433329105377197,306.1136169433594,245.30902099609375,9.47900390625,26.798141479492188
126,4,person,0,0.6052336692810059,382.0350341796875,244.25643920898438,11.754547119140625,32.54365539550781
126,5,person,0,0.4905208945274353,314.882568359375,236.7220458984375,9.787628173828125,25.494842529296875
127,1,person,0,0.7536717653274536,404.49810791015625,276.5484619140625,20.1728515625,55.264801025390625
127,2,person,0,0.279235303401947,306.7762451171875,245.23861694335938,9.629180908203125,25.857315063476562
127,4,person,0,0.5635921359062195,382.20501708984375,244.25750732421875,11.667999267578125,32.06317138671875
127,5,person,0,0.3841239809989929,314.8202819824219,237.18035888671875,10.217529296875,25.764755249023438
128,1,person,0,0.775069534778595,403.9079284667969,276.6572265625,19.156494140625,55.64447021484375
128,2,person,0,0.4337669312953949,307.1440734863281,245.36904907226562,9.87158203125,25.188919067382812
128,4,person,0,0.5747248530387878,382.36041259765625,244.17257690429688,11.3985595703125,31.223800659179688
128,5,person,0,0.4404131770133972,314.63043212890625,237.64498901367188,10.64276123046875,26.986892700195312
129,1,person,0,0.7292478084564209,402.603515625,276.3454895019531,20.096893310546875,54.60797119140625
129,2,person,0,0.20465350151062012,308.31793212890625,244.2799072265625,9.381927490234375,27.267227172851562
129,4,person,0,0.6480081677436829,382.34930419921875,244.85165405273438,11.489898681640625,32.10743713378906
129,5,person,0,0.356832891702652,314.57855224609375,236.3570098876953,10.814849853515625,24.25933837890625
130,1,person,0,0.7838301062583923,401.15167236328125,276.20330810546875,22.251983642578125,54.18217468261719
130,4,person,0,0.6470816135406494,382.3721923828125,244.88839721679688,11.499786376953125,32.40766906738281
130,5,person,0,0.24904757738113403,313.428466796875,238.67669677734375,12.82452392578125,28.202377319335938
131,1,person,0,0.7816485166549683,400.67303466796875,275.953125,21.128204345703125,54.839385986328125
131,4,person,0,0.5689664483070374,382.44659423828125,244.3284149169922,11.319793701171875,31.449676513671875
131,5,person,0,0.18781836330890656,312.4571228027344,240.4356231689453,12.70751953125,31.538177490234375
132,1,person,0,0.7767972350120544,399.7841491699219,275.5174255371094,20.7918701171875,54.73176574707031
132,4,person,0,0.3877178430557251,382.50921630859375,244.76910400390625,11.294342041015625,32.46238708496094
132,5,person,0,0.4076191484928131,311.637451171875,241.13232421875,11.929046630859375,32.99992370605469
133,1,person,0,0.7799968123435974,399.63140869140625,275.4591064453125,19.9581298828125,54.782806396484375
133,4,person,0,0.1568140834569931,382.77935791015625,245.525634765625,11.5257568359375,34.16886901855469
133,5,person,0,0.5338830947875977,311.0942687988281,242.6460723876953,11.5919189453125,34.779815673828125
134,1,person,0,0.7802860736846924,398.91107177734375,275.310791015625,20.5714111328125,54.69551086425781
134,5,person,0,0.5402135848999023,310.8477783203125,243.291015625,11.248931884765625,36.31272888183594
135,1,person,0,0.771060585975647,398.56427001953125,275.4098815917969,21.0020751953125,54.95330810546875
135,5,person,0,0.5618407130241394,310.88909912109375,242.76901245117188,11.551055908203125,34.58714294433594
136,1,person,0,0.786974310874939,398.51251220703125,275.3535461425781,21.533660888671875,54.89646911621094
136,5,person,0,0.6411868929862976,310.87353515625,242.96768188476562,11.831787109375,35.46726989746094
137,1,person,0,0.7870361804962158,397.98101806640625,275.5013427734375,22.662445068359375,54.16398620605469
137,5,person,0,0.561047375202179,310.9471740722656,242.21270751953125,12.10968017578125,35.25141906738281
138,1,person,0,0.8409225940704346,397.41265869140625,275.3425598144531,24.2239990234375,54.48237609863281
138,5,person,0,0.6265080571174622,310.99493408203125,241.87359619140625,12.77337646484375,35.42987060546875
139,1,person,0,0.846699059009552,396.677734375,275.232666015625,24.944122314453125,54.61885070800781
139,5,person,0,0.6453147530555725,311.2174072265625,241.6013641357422,13.5965576171875,35.166778564453125
140,1,person,0,0.838563859462738,396.2149658203125,274.9051513671875,25.044830322265625,54.532379150390625
141,1,person,0,0.8250043392181396,395.7286682128906,274.847900390625,24.546142578125,53.507537841796875
142,1,person,0,0.8104503154754639,395.0799560546875,274.5186767578125,23.390899658203125,52.616180419921875
142,5,person,0,0.5780283808708191,309.13018798828125,237.36294555664062,10.75762939453125,27.510177612304688
143,1,person,0,0.8103182911872864,393.90142822265625,274.1491394042969,22.586273193359375,52.41554260253906
143,5,person,0,0.6387333869934082,308.909423828125,237.26895141601562,10.9813232421875,28.205093383789062
144,1,person,0,0.800794243812561,392.408935546875,273.80450439453125,22.0054931640625,52.325897216796875
144,5,person,0,0.6132202744483948,308.82208251953125,236.63633728027344,10.646331787109375,26.876068115234375
145,1,person,0,0.8060187101364136,390.87335205078125,273.62420654296875,21.187835693359375,52.39512634277344
145,5,person,0,0.44236910343170166,308.3050231933594,237.15025329589844,10.22662353515625,27.8126220703125
146,1,person,0,0.7750005722045898,389.4500732421875,273.2967224121094,19.78228759765625,52.51710510253906
146,5,person,0,0.45880916714668274,308.04083251953125,238.2517547607422,10.437225341796875,30.216064453125
147,1,person,0,0.7734400629997253,387.80877685546875,272.981689453125,18.85528564453125,52.337432861328125
147,5,person,0,0.4593019485473633,307.86395263671875,238.737060546875,10.298919677734375,30.981781005859375
148,1,person,0,0.7700329422950745,386.3976135253906,272.9190673828125,18.98455810546875,52.373138427734375
148,5,person,0,0.5204036831855774,307.806640625,238.88912963867188,10.180084228515625,31.186508178710938
149,1,person,0,0.8013049364089966,385.0380859375,272.88262939453125,19.5546875,52.586517333984375
149,5,person,0,0.5063790082931519,307.6419982910156,238.98184204101562,10.01727294921875,31.236221313476562
150,1,person,0,0.7952713966369629,384.417724609375,272.8727111816406,19.281646728515625,52.62458801269531
150,5,person,0,0.5852549076080322,307.4906005859375,238.98638916015625,9.781707763671875,31.273757934570312
150,2,person,0,0.5992144346237183,321.2381591796875,246.5994873046875,8.681121826171875,24.170181274414062
150,4,person,0,0.5776128768920898,379.77880859375,244.43116760253906,10.725982666015625,32.608123779296875
151,1,person,0,0.7837338447570801,383.633056640625,272.4595642089844,18.134918212890625,52.21897888183594
151,5,person,0,0.5462803244590759,307.34228515625,239.026611328125,9.578948974609375,31.49224853515625
151,2,person,0,0.6198646426200867,322.05755615234375,245.72232055664062,8.675384521484375,23.926589965820312
152,1,person,0,0.7736411690711975,382.9689636230469,271.922119140625,17.6038818359375,51.325958251953125
152,5,person,0,0.48262569308280945,307.3367919921875,239.13723754882812,9.474853515625,31.623367309570312
152,2,person,0,0.3887607753276825,322.9312744140625,245.03103637695312,8.656951904296875,24.5343017578125
153,1,person,0,0.7843746542930603,381.29901123046875,272.143798828125,20.415374755859375,52.214385986328125
153,5,person,0,0.34185975790023804,307.3619689941406,239.09744262695312,9.2679443359375,31.379684448242188
153,2,person,0,0.28746190667152405,323.88787841796875,245.268310546875,8.716949462890625,24.098892211914062
154,1,person,0,0.7616095542907715,379.80035400390625,271.51776123046875,22.747467041015625,53.25700378417969
154,5,person,0,0.27998119592666626,307.3702392578125,239.14898681640625,9.210662841796875,31.304107666015625
154,2,person,0,0.2649201452732086,324.66326904296875,245.9354705810547,8.81341552734375,22.790191650390625
155,1,person,0,0.7660724520683289,378.9997253417969,271.54730224609375,23.54266357421875,53.60853576660156
155,5,person,0,0.2762291729450226,307.3726501464844,239.12338256835938,9.077880859375,31.150665283203125
155,2,person,0,0.5834177732467651,325.39373779296875,243.5885009765625,8.904937744140625,28.244766235351562
156,1,person,0,0.7567947506904602,377.9828186035156,271.5516357421875,23.2564697265625,52.82353210449219
156,5,person,0,0.34954771399497986,307.38531494140625,239.09237670898438,8.976593017578125,31.069412231445312
156,2,person,0,0.5978702306747437,326.3928527832031,242.75466918945312,9.1121826171875,29.222412109375
157,1,person,0,0.7687693238258362,376.69451904296875,271.2502136230469,23.402679443359375,52.74708557128906
157,5,person,0,0.2514147460460663,307.4644775390625,238.996826171875,8.9815673828125,30.770248413085938
157,2,person,0,0.5913059711456299,327.11224365234375,243.02674865722656,8.896453857421875,28.958404541015625
158,1,person,0,0.7630869746208191,375.9449462890625,270.97357177734375,21.7645263671875,52.74540710449219
158,2,person,0,0.3694218397140503,327.6802978515625,243.73123168945312,8.976898193359375,29.010513305664062
159,1,person,0,0.7997771501541138,374.6485595703125,270.34857177734375,20.970611572265625,53.126708984375
159,2,person,0,0.5597126483917236,328.4456481933594,243.87203979492188,8.720703125,27.939743041992188
160,1,person,0,0.7873077392578125,374.1397399902344,269.9147644042969,20.656982421875,53.44818115234375
160,2,person,0,0.6177495718002319,329.19342041015625,244.37159729003906,9.018829345703125,27.411956787109375
161,1,person,0,0.7968830466270447,373.0990905761719,269.572021484375,20.48370361328125,53.494720458984375
161,2,person,0,0.5844211578369141,330.1163330078125,247.45584106445312,9.558685302734375,32.62742614746094
162,1,person,0,0.7883583903312683,372.19049072265625,269.57843017578125,20.3973388671875,53.224212646484375
162,2,person,0,0.6158196926116943,330.771240234375,248.96591186523438,9.98944091796875,34.08489990234375
163,1,person,0,0.7991839647293091,371.490478515625,269.7044372558594,19.176727294921875,53.15684509277344
163,2,person,0,0.4597617983818054,331.2986755371094,248.24700927734375,10.12384033203125,31.875411987304688
164,1,person,0,0.8060091733932495,370.87030029296875,269.9529724121094,19.105499267578125,52.72618103027344
164,2,person,0,0.5635055303573608,332.346435546875,249.56362915039062,11.316802978515625,34.22688293457031
164,5,person,0,0.5011672973632812,308.8814697265625,231.39976501464844,7.600677490234375,15.37823486328125
165,1,person,0,0.8156038522720337,370.18572998046875,269.9442138671875,20.14739990234375,52.303924560546875
165,2,person,0,0.47366318106651306,332.7197265625,249.48916625976562,10.543670654296875,33.152099609375
165,5,person,0,0.4792042374610901,309.1378479003906,230.908203125,7.4945068359375,14.549728393554688
166,1,person,0,0.818874180316925,369.43963623046875,269.9977111816406,20.838348388671875,51.91363525390625
166,2,person,0,0.43662014603614807,334.0283203125,249.73516845703125,13.478729248046875,34.13812255859375
166,5,person,0,0.47340458631515503,309.28289794921875,230.97296142578125,7.77362060546875,14.757888793945312
167,1,person,0,0.8301790356636047,368.5428466796875,270.12548828125,22.646484375,51.5294189453125
167,2,person,0,0.4193061888217926,334.4602966308594,247.82919311523438,11.81341552734375,31.52294921875
167,5,person,0,0.39263561367988586,309.49505615234375,230.6595458984375,7.7073974609375,14.242385864257812
168,1,person,0,0.842332124710083,367.9364013671875,270.1412048339844,24.156524658203125,51.07991027832031
168,2,person,0,0.47163161635398865,334.75531005859375,246.64324951171875,10.700927734375,30.002792358398438
169,1,person,0,0.8361926674842834,367.4064636230469,270.16357421875,24.31884765625,50.959625244140625
169,2,person,0,0.5680022239685059,335.2756042480469,249.5135040283203,13.06402587890625,33.341278076171875
170,1,person,0,0.8266853094100952,367.28839111328125,269.9957580566406,24.184112548828125,51.384033203125
170,2,person,0,0.6605161428451538,336.03143310546875,249.76158142089844,13.0478515625,35.776214599609375
171,1,person,0,0.8214752674102783,366.8760986328125,270.07659912109375,23.431488037109375,51.22650146484375
171,2,person,0,0.652186930179596,336.4178466796875,249.78607177734375,12.441131591796875,36.30183410644531
172,1,person,0,0.8260424137115479,366.16571044921875,270.226806640625,22.61322021484375,49.91448974609375
172,2,person,0,0.7472593784332275,336.96630859375,249.72909545898438,11.677459716796875,36.51231384277344
173,1,person,0,0.7911615967750549,365.28570556640625,270.2327575683594,21.89178466796875,49.48016357421875
173,2,person,0,0.7204333543777466,337.6023864746094,248.89785766601562,10.7479248046875,34.84217834472656
173,5,person,0,0.5254951119422913,311.10052490234375,235.53636169433594,9.704376220703125,24.608551025390625
174,1,person,0,0.8006964325904846,363.44207763671875,269.978271484375,21.930511474609375,49.27008056640625
174,2,person,0,0.7271242141723633,338.39154052734375,248.34133911132812,10.5323486328125,34.05322265625
174,5,person,0,0.5041930675506592,311.3467712402344,236.02154541015625,10.2083740234375,25.377731323242188
175,1,person,0,0.8087823390960693,361.89892578125,269.66473388671875,20.793853759765625,49.478790283203125
175,2,person,0,0.688362717628479,339.3309326171875,248.96438598632812,10.660247802734375,34.38175964355469
175,5,person,0,0.3785296678543091,311.587646484375,236.06361389160156,9.738616943359375,25.6497802734375
176,1,person,0,0.8032858967781067,360.216796875,269.2213134765625,19.995849609375,49.674774169921875
176,2,person,0,0.745968222618103,339.9166564941406,251.05172729492188,10.49371337890625,32.76353454589844
176,5,person,0,0.47722557187080383,311.9427795410156,236.19915771484375,9.9664306640625,25.690078735351562
177,1,person,0,0.8087708950042725,359.06451416015625,268.9502258300781,19.42657470703125,49.67308044433594
177,2,person,0,0.6937502026557922,340.59063720703125,250.843994140625,10.264923095703125,34.10108947753906
177,5,person,0,0.5459205508232117,312.2390441894531,236.51498413085938,10.05572509765625,25.004409790039062
178,1,person,0,0.8038356900215149,358.28472900390625,268.6517639160156,18.6234130859375,49.419189453125
178,2,person,0,0.7394466996192932,341.06500244140625,250.02474975585938,10.417022705078125,35.38117980957031
178,5,person,0,0.5902324318885803,312.7141418457031,236.63450622558594,10.86578369140625,25.0797119140625
179,1,person,0,0.7842780351638794,358.3219909667969,268.5418701171875,16.7474365234375,49.50909423828125
179,2,person,0,0.680189847946167,341.5765380859375,249.60110473632812,10.517974853515625,35.66944885253906
179,5,person,0,0.5998853445053101,313.0401611328125,236.97866821289062,10.830596923828125,24.714065551757812
180,1,person,0,0.7741657495498657,356.5948486328125,268.483154296875,18.521453857421875,49.975738525390625
180,2,person,0,0.6654039621353149,341.849365234375,249.6128692626953,10.076263427734375,35.420379638671875
180,5,person,0,0.5426512360572815,313.5728759765625,237.52230834960938,11.108551025390625,26.019989013671875
181,1,person,0,0.7798076272010803,356.54949951171875,268.72607421875,16.941864013671875,50.202911376953125
181,2,person,0,0.5421728491783142,342.3418273925781,247.02586364746094,9.05584716796875,31.275421142578125
181,5,person,0,0.46653836965560913,313.94384765625,237.2462158203125,10.044525146484375,24.690155029296875
182,1,person,0,0.7689697742462158,355.63751220703125,268.8956298828125,17.403717041015625,49.30549621582031
182,2,person,0,0.7035152912139893,342.6523132324219,248.2348175048828,10.01849365234375,33.929840087890625
182,5,person,0,0.4161001145839691,314.1929931640625,237.59518432617188,10.81964111328125,23.557846069335938
183,1,person,0,0.7744770050048828,354.69183349609375,268.8784484863281,17.978912353515625,49.13102722167969
183,2,person,0,0.6281893253326416,343.1224365234375,248.72402954101562,10.66827392578125,34.95849609375
183,5,person,0,0.49567878246307373,314.78955078125,238.12423706054688,10.98931884765625,21.72589111328125
184,1,person,0,0.8098766803741455,354.17034912109375,268.820556640625,17.81597900390625,49.14768981933594
184,2,person,0,0.5356888771057129,343.73382568359375,248.73867797851562,11.142059326171875,35.21452331542969
184,5,person,0,0.422301709651947,315.47760009765625,238.52284240722656,9.936126708984375,21.042999267578125
185,1,person,0,0.7900351285934448,353.1314697265625,268.7921142578125,18.359771728515625,49.72877502441406
185,2,person,0,0.5668672919273376,344.46551513671875,248.44223022460938,11.529693603515625,34.17619323730469
185,5,person,0,0.41290345788002014,315.92578125,238.44815063476562,9.50146484375,20.748519897460938
186,1,person,0,0.7848901152610779,352.982177734375,268.73443603515625,16.507476806640625,49.436065673828125
186,2,person,0,0.6176354289054871,344.9930419921875,248.46469116210938,11.4349365234375,34.54579162597656
186,5,person,0,0.23428337275981903,317.1712341308594,237.8443603515625,8.447509765625,22.297134399414062
187,1,person,0,0.7346368432044983,352.1289978027344,267.5831298828125,16.697021484375,49.30867004394531
187,2,person,0,0.357073575258255,346.18035888671875,246.07034301757812,9.717315673828125,29.4154052734375
188,1,person,0,0.7626915574073792,351.4913635253906,267.1692199707031,16.417724609375,47.36253356933594
188,2,person,0,0.36921635270118713,347.1165466308594,244.17007446289062,9.03338623046875,24.76373291015625
189,1,person,0,0.7674062252044678,350.52838134765625,267.16845703125,16.765045166015625,46.61463928222656
189,2,person,0,0.25423601269721985,348.17315673828125,241.6593475341797,8.490631103515625,20.68768310546875
190,1,person,0,0.7473331093788147,349.74078369140625,266.5849914550781,17.587127685546875,46.84515380859375
190,2,person,0,0.2801164984703064,348.8305969238281,240.79234313964844,8.03533935546875,19.762969970703125
191,1,person,0,0.7333239316940308,348.97369384765625,266.162353515625,16.986053466796875,49.42974853515625
191,2,person,0,0.4675244390964508,349.3238830566406,241.37777709960938,7.9854736328125,20.558761596679688
192,1,person,0,0.6733171343803406,348.30694580078125,265.4066162109375,15.150543212890625,51.43052673339844
192,2,person,0,0.41048794984817505,350.03399658203125,242.33682250976562,8.724029541015625,22.695358276367188
193,1,person,0,0.695143461227417,347.57293701171875,266.7803039550781,14.655914306640625,48.79606628417969
193,2,person,0,0.30859288573265076,350.3468322753906,242.9676513671875,9.3203125,23.288421630859375
194,1,person,0,0.6960050463676453,346.73187255859375,266.49896240234375,14.945465087890625,47.84815979003906
194,2,person,0,0.15844807028770447,350.6676940917969,243.44607543945312,9.849365234375,23.270492553710938
195,1,person,0,0.7434771656990051,345.4190673828125,266.5048522949219,16.75579833984375,47.5650634765625
195,2,person,0,0.27300551533699036,351.18719482421875,244.14239501953125,10.459075927734375,25.237533569335938
196,1,person,0,0.7532442808151245,344.5834045410156,266.4634094238281,17.61279296875,47.08392333984375
196,2,person,0,0.21750758588314056,351.9307861328125,244.42556762695312,10.179656982421875,28.146728515625
197,1,person,0,0.7378311157226562,344.04486083984375,266.6241455078125,17.992431640625,46.240875244140625
197,2,person,0,0.2652420401573181,353.11456298828125,246.14390563964844,10.625518798828125,26.579254150390625
198,1,person,0,0.7778077125549316,343.73590087890625,266.64398193359375,18.673065185546875,46.495635986328125
199,1,person,0,0.7946253418922424,343.4447937011719,266.7809143066406,18.81732177734375,47.395751953125
200,1,person,0,0.7954305410385132,343.1043701171875,266.5265197753906,19.074737548828125,47.12956237792969
200,2,person,0,0.6490241885185242,355.4862060546875,245.3031463623047,11.01593017578125,33.787811279296875
201,1,person,0,0.7498010396957397,342.540283203125,265.77825927734375,18.86126708984375,45.465545654296875
201,2,person,0,0.660645067691803,355.8264465332031,244.6647491455078,10.26593017578125,33.348297119140625
202,1,person,0,0.7435342073440552,341.79180908203125,264.3386535644531,17.974212646484375,42.96083068847656
202,2,person,0,0.6401764154434204,355.9269714355469,244.544677734375,10.07391357421875,33.32562255859375
203,1,person,0,0.7505040168762207,340.7132568359375,263.8279113769531,17.03057861328125,42.82867431640625
203,2,person,0,0.6106519103050232,356.42901611328125,243.62173461914062,9.562957763671875,31.015579223632812
204,1,person,0,0.7637106776237488,338.64447021484375,263.52276611328125,17.315765380859375,42.903472900390625
204,2,person,0,0.426852285861969,356.5396728515625,246.28912353515625,10.393463134765625,34.5892333984375
205,1,person,0,0.7858601808547974,337.67449951171875,263.6387939453125,16.47894287109375,43.490692138671875
205,2,person,0,0.6154278516769409,357.1038818359375,247.5687255859375,11.20501708984375,35.34953308105469
206,1,person,0,0.7926824688911438,337.0162048339844,264.0733947753906,15.845458984375,44.9429931640625
206,2,person,0,0.6004267930984497,357.65631103515625,247.83920288085938,12.104583740234375,35.34814453125
207,1,person,0,0.8047252893447876,336.3376770019531,263.9412536621094,15.1905517578125,44.59809875488281
207,2,person,0,0.46205663681030273,358.64306640625,248.07424926757812,11.865020751953125,35.2476806640625
208,1,person,0,0.8065348267555237,335.97088623046875,263.06756591796875,14.62896728515625,42.351593017578125
208,2,person,0,0.6242654323577881,359.7562561035156,248.4216766357422,11.681396484375,35.321075439453125
209,1,person,0,0.8045552968978882,335.30340576171875,263.1614990234375,14.63568115234375,42.386322021484375
209,2,person,0,0.7057119607925415,360.51849365234375,248.53936767578125,11.44232177734375,34.90159606933594
210,1,person,0,0.807295024394989,334.5404052734375,262.60028076171875,14.96783447265625,41.287139892578125
210,2,person,0,0.711251974105835,361.168701171875,248.73037719726562,11.279449462890625,34.61241149902344
211,1,person,0,0.7849910259246826,334.0887145996094,262.6121826171875,14.73681640625,40.74688720703125
211,2,person,0,0.6896572113037109,361.8288879394531,248.5347442626953,10.9095458984375,34.499359130859375
212,1,person,0,0.7871309518814087,333.40093994140625,262.7862243652344,14.50213623046875,40.10084533691406
212,2,person,0,0.6098313927650452,362.56683349609375,248.27920532226562,11.140655517578125,34.5047607421875
213,1,person,0,0.7704033851623535,332.9048767089844,263.300537109375,14.94061279296875,41.68800354003906
213,2,person,0,0.606695294380188,363.07293701171875,248.15591430664062,11.202667236328125,33.5570068359375
214,1,person,0,0.7863888740539551,332.7288513183594,263.1789855957031,14.84344482421875,42.10993957519531
214,2,person,0,0.6811830997467041,363.5977478027344,248.4676971435547,11.8958740234375,33.921112060546875
214,6,person,0,0.6446642875671387,348.79229736328125,241.8497314453125,8.29071044921875,31.480850219726562
215,1,person,0,0.7680503726005554,332.350341796875,263.39984130859375,15.32830810546875,42.54054260253906
215,2,person,0,0.6335592865943909,363.82275390625,248.79498291015625,12.23687744140625,33.23631286621094
215,6,person,0,0.5405622124671936,348.34112548828125,241.69686889648438,8.07659912109375,31.3426513671875
216,1,person,0,0.7607372403144836,331.62127685546875,263.5394592285156,14.770660400390625,41.93348693847656
216,2,person,0,0.22315658628940582,363.80035400390625,249.10888671875,12.246978759765625,33.77128601074219
216,6,person,0,0.5214630961418152,347.7767333984375,241.57601928710938,7.82586669921875,31.162948608398438
217,1,person,0,0.7428033947944641,330.69830322265625,263.44976806640625,13.809906005859375,41.067108154296875
217,2,person,0,0.2655383050441742,364.1939697265625,249.13931274414062,12.924163818359375,34.258056640625
217,6,person,0,0.6913009881973267,347.2366638183594,241.87539672851562,8.102783203125,31.263412475585938
218,1,person,0,0.7346488237380981,329.5157470703125,263.375732421875,14.051666259765625,40.49320983886719
218,6,person,0,0.7048327326774597,346.69677734375,241.99014282226562,8.115081787109375,30.981094360351562
219,1,person,0,0.7928239703178406,328.35888671875,263.0404357910156,14.7158203125,42.37220764160156
219,6,person,0,0.6965006589889526,346.1292724609375,242.11862182617188,9.04217529296875,30.978164672851562
219,2,person,0,0.5817342400550842,365.6977844238281,249.26669311523438,13.23016357421875,33.48030090332031
220,1,person,0,0.8039268255233765,327.05133056640625,263.0984802246094,15.682220458984375,43.09686279296875
220,6,person,0,0.6850271224975586,345.3195495605469,242.01434326171875,9.67242431640625,31.54351806640625
220,2,person,0,0.4860513210296631,366.16162109375,249.0406494140625,13.07177734375,33.57682800292969
221,1,person,0,0.806668758392334,326.391357421875,263.2374267578125,15.570831298828125,43.99542236328125
221,6,person,0,0.6910302042961121,344.75518798828125,241.45562744140625,9.752655029296875,32.42100524902344
221,2,person,0,0.2417401671409607,367.05767822265625,249.09759521484375,11.399169921875,32.59111022949219
222,1,person,0,0.8026354312896729,325.5750732421875,263.25384521484375,14.659942626953125,44.626922607421875
222,6,person,0,0.5952272415161133,344.02130126953125,241.1436767578125,10.286468505859375,33.19084167480469
222,2,person,0,0.4114021360874176,367.67523193359375,249.1852264404297,10.568939208984375,31.572906494140625
223,1,person,0,0.7857955694198608,325.095458984375,262.39801025390625,14.696014404296875,43.04283142089844
223,6,person,0,0.41647815704345703,343.61151123046875,241.22213745117188,10.461334228515625,33.44166564941406
223,2,person,0,0.3895874619483948,368.5540771484375,247.395751953125,9.03717041015625,26.461471557617188
224,1,person,0,0.7799969911575317,324.10015869140625,262.29302978515625,15.601715087890625,42.658172607421875
224,6,person,0,0.3935430943965912,343.205078125,240.90377807617188,11.346923828125,34.22834777832031
224,2,person,0,0.6633333563804626,369.3704833984375,248.59156799316406,8.8109130859375,29.031341552734375
225,1,person,0,0.7770267128944397,322.64453125,262.642578125,16.266754150390625,42.358184814453125
225,6,person,0,0.5468643307685852,342.6132507324219,240.53553771972656,12.5283203125,34.726776123046875
225,2,person,0,0.6984634399414062,369.91009521484375,249.14707946777344,8.796539306640625,29.298492431640625
226,1,person,0,0.7649238705635071,321.4822692871094,263.03173828125,17.04986572265625,43.143280029296875
226,6,person,0,0.5846084356307983,342.56298828125,240.4537353515625,12.2535400390625,34.41188049316406
226,2,person,0,0.7020415663719177,370.55267333984375,249.2596435546875,8.505584716796875,29.551071166992188
227,1,person,0,0.7770752310752869,320.8219299316406,262.8008117675781,17.46990966796875,43.063232421875
227,6,person,0,0.7212108373641968,341.877197265625,239.82167053222656,12.935546875,35.513153076171875
227,2,person,0,0.6565312147140503,371.0492248535156,249.21429443359375,8.8935546875,29.999755859375
228,1,person,0,0.7512509822845459,320.55828857421875,262.9257507324219,17.48846435546875,43.22709655761719
228,6,person,0,0.7177908420562744,341.5005187988281,239.84881591796875,12.484375,35.49574279785156
228,2,person,0,0.6953828930854797,371.7227783203125,249.32528686523438,9.332794189453125,30.507369995117188
229,1,person,0,0.7679159641265869,320.489013671875,262.9637451171875,17.0433349609375,43.6068115234375
229,6,person,0,0.6494898200035095,341.0126647949219,239.92889404296875,12.58721923828125,35.27149963378906
229,2,person,0,0.6341071128845215,372.30242919921875,249.41873168945312,9.55010986328125,29.989517211914062
230,1,person,0,0.7789194583892822,320.10345458984375,262.58135986328125,17.1717529296875,42.70198059082031
230,6,person,0,0.5879616141319275,340.34820556640625,240.18145751953125,11.0052490234375,34.54737854003906
230,2,person,0,0.6739656329154968,372.7623596191406,249.59793090820312,10.09521484375,29.945938110351562
231,1,person,0,0.7931483387947083,319.69744873046875,261.4970703125,15.7752685546875,41.01023864746094
231,6,person,0,0.3873966634273529,339.7889709472656,241.1689910888672,9.57525634765625,32.045928955078125
231,2,person,0,0.5972968935966492,373.19244384765625,249.5100555419922,9.277252197265625,30.237396240234375
232,1,person,0,0.7750293016433716,318.982421875,260.7484130859375,14.8265380859375,39.686370849609375
232,6,person,0,0.43658390641212463,339.7449951171875,241.177490234375,10.024627685546875,31.902908325195312
232,2,person,0,0.6728307008743286,373.79693603515625,249.52317810058594,9.463897705078125,30.687652587890625
233,1,person,0,0.7889522910118103,318.1943359375,260.4083557128906,14.010711669921875,38.99932861328125
233,6,person,0,0.2171141505241394,339.081298828125,241.1515350341797,9.819366455078125,28.731903076171875
233,2,person,0,0.5923767685890198,374.15936279296875,249.2381591796875,9.149749755859375,29.774826049804688
234,1,person,0,0.7942715287208557,317.093017578125,260.5281982421875,13.67718505859375,39.66242980957031
234,2,person,0,0.6034302711486816,374.773681640625,249.18032836914062,9.24371337890625,28.749755859375
235,1,person,0,0.7817588448524475,316.18670654296875,261.2218017578125,13.51177978515625,41.679534912109375
235,2,person,0,0.41736194491386414,375.386962890625,246.99984741210938,9.0709228515625,24.345809936523438
236,1,person,0,0.7798827886581421,315.7058410644531,261.4250793457031,13.29168701171875,42.19956970214844
236,2,person,0,0.5017991065979004,375.8433837890625,248.0750732421875,9.264312744140625,26.684005737304688
236,6,person,0,0.5865258574485779,337.1524963378906,244.6993865966797,9.05950927734375,24.553619384765625
237,1,person,0,0.7785459160804749,315.11065673828125,262.17388916015625,13.2945556640625,43.79364013671875
237,2,person,0,0.4705851674079895,376.6402587890625,248.67324829101562,9.80706787109375,27.581222534179688
237,6,person,0,0.6165792346000671,336.75128173828125,244.14218139648438,9.052276611328125,26.02783203125
238,1,person,0,0.7474865317344666,314.5255126953125,262.16912841796875,13.148773193359375,44.287872314453125
238,2,person,0,0.18775589764118195,377.10284423828125,248.91622924804688,9.724884033203125,27.45831298828125
238,6,person,0,0.6501786112785339,336.2703857421875,243.23828125,9.5943603515625,28.1317138671875
239,1,person,0,0.7397163510322571,314.20623779296875,261.3445129394531,12.5289306640625,42.60102844238281
239,2,person,0,0.37475302815437317,377.99609375,249.31398010253906,11.051605224609375,28.703216552734375
239,6,person,0,0.5685508251190186,335.8555603027344,242.83010864257812,9.94232177734375,28.950424194335938
240,1,person,0,0.7353808283805847,313.76629638671875,261.5382385253906,12.507598876953125,42.76475524902344
240,2,person,0,0.6240620017051697,378.55816650390625,249.4532470703125,11.874755859375,29.648849487304688
240,6,person,0,0.6523813605308533,335.2256774902344,242.52590942382812,10.51763916015625,29.30352783203125
241,1,person,0,0.7457334399223328,313.3453674316406,261.43524169921875,12.7750244140625,42.053192138671875
241,2,person,0,0.5190356969833374,378.9398498535156,248.178955078125,12.265869140625,26.993118286132812
241,6,person,0,0.5190896987915039,334.81219482421875,242.9048614501953,10.589996337890625,28.579742431640625
242,1,person,0,0.7791459560394287,312.60150146484375,261.73736572265625,13.571075439453125,42.59867858886719
242,2,person,0,0.5403649210929871,379.1792297363281,247.07577514648438,12.35205078125,25.100906372070312
242,6,person,0,0.6019866466522217,334.6691589355469,241.95974731445312,10.4468994140625,30.270523071289062
243,1,person,0,0.7640156745910645,312.0755615234375,261.7713623046875,14.022613525390625,42.528045654296875
243,2,person,0,0.5552119612693787,379.4261474609375,246.31637573242188,12.136871337890625,23.450729370117188
243,6,person,0,0.6888458728790283,334.33984375,241.41000366210938,10.612518310546875,31.55181884765625
244,1,person,0,0.7831087708473206,311.5447998046875,261.4235534667969,13.651153564453125,42.20198059082031
244,2,person,0,0.5726184248924255,379.6609802246094,246.99041748046875,11.666015625,25.6444091796875
244,6,person,0,0.7115299701690674,334.0374755859375,241.5726318359375,11.695404052734375,31.356674194335938
245,1,person,0,0.7966741323471069,310.83673095703125,260.51531982421875,13.848785400390625,40.55149841308594
245,2,person,0,0.5399752855300903,379.9011535644531,248.3932342529297,11.95733642578125,28.400848388671875
245,6,person,0,0.6219966411590576,333.107666015625,241.11752319335938,12.776275634765625,32.378173828125
246,1,person,0,0.7978767156600952,310.3215026855469,260.24481201171875,13.957275390625,40.162017822265625
246,2,person,0,0.5264345407485962,380.0541687011719,247.40408325195312,12.03875732421875,26.453598022460938
246,6,person,0,0.6866729855537415,333.0533142089844,241.06771850585938,13.14715576171875,32.40049743652344
247,1,person,0,0.7831459641456604,309.84326171875,260.1791076660156,13.748779296875,40.66835021972656
247,2,person,0,0.6196951866149902,380.6912841796875,248.6285400390625,12.120574951171875,28.236190795898438
247,6,person,0,0.6626406311988831,332.9197998046875,241.23373413085938,13.3424072265625,32.04393005371094
248,1,person,0,0.7703357338905334,309.27130126953125,260.29010009765625,14.35601806640625,41.443145751953125
248,2,person,0,0.5967648029327393,381.07611083984375,247.52392578125,11.289886474609375,25.8218994140625
248,6,person,0,0.6842963695526123,332.29608154296875,241.04214477539062,12.86505126953125,32.32499694824219
249,1,person,0,0.7494308352470398,308.764404296875,260.01904296875,14.228912353515625,41.210968017578125
249,2,person,0,0.6388251781463623,381.5599365234375,247.91796875,11.017242431640625,26.867996215820312
249,6,person,0,0.720862627029419,331.64630126953125,240.703857421875,12.47503662109375,32.47967529296875
250,1,person,0,0.789465069770813,308.24530029296875,260.43408203125,14.72198486328125,42.54591369628906
250,2,person,0,0.6746714115142822,382.1598815917969,248.75184631347656,11.671875,28.919281005859375
250,6,person,0,0.6544844508171082,331.03448486328125,240.61328125,11.157318115234375,32.11126708984375
250,7,person,0,0.5563583970069885,352.95819091796875,236.10690307617188,9.79827880859375,30.136138916015625
251,1,person,0,0.7683671116828918,307.79132080078125,260.0901184082031,14.973175048828125,42.46875
251,2,person,0,0.6304945945739746,382.6762390136719,249.17103576660156,11.94970703125,29.489837646484375
251,6,person,0,0.6949768662452698,330.39483642578125,240.668212890625,10.097442626953125,31.399307250976562
251,7,person,0,0.6626877784729004,353.4373779296875,236.32650756835938,10.637542724609375,31.949813842773438
252,1,person,0,0.7659056782722473,307.40252685546875,260.0218505859375,15.046783447265625,41.626678466796875
252,2,person,0,0.6008424758911133,383.07513427734375,249.17620849609375,12.10638427734375,29.675918579101562
252,6,person,0,0.7042453289031982,329.81439208984375,240.57574462890625,9.401763916015625,31.460281372070312
252,7,person,0,0.6325340270996094,354.12506103515625,236.03408813476562,11.532257080078125,31.677169799804688
253,1,person,0,0.7356427907943726,306.9818115234375,260.0131530761719,15.467559814453125,41.57057189941406
253,2,person,0,0.31244632601737976,383.31512451171875,249.15567016601562,11.727447509765625,29.65435791015625
253,6,person,0,0.46564769744873047,329.455322265625,240.49307250976562,8.946563720703125,31.25164794921875
253,7,person,0,0.5524788498878479,355.1379699707031,236.46771240234375,12.8748779296875,29.539337158203125
254,1,person,0,0.7173786163330078,306.45501708984375,260.38031005859375,15.925689697265625,40.615631103515625
254,2,person,0,0.21185176074504852,383.62738037109375,249.010986328125,11.798736572265625,29.800460815429688
254,6,person,0,0.3363568186759949,329.08978271484375,240.65682983398438,8.279388427734375,31.37408447265625
254,7,person,0,0.542000949382782,355.9170837402344,237.04876708984375,13.3955078125,28.016281127929688
255,1,person,0,0.7263107299804688,305.79193115234375,260.175048828125,16.86688232421875,40.38002014160156
255,2,person,0,0.220541313290596,384.232421875,249.11395263671875,12.011688232421875,29.94708251953125
255,6,person,0,0.31874415278434753,328.8761291503906,240.3948211669922,8.379638671875,31.600677490234375
255,7,person,0,0.6485976576805115,356.3970947265625,236.56881713867188,14.682342529296875,29.836410522460938
256,1,person,0,0.738918662071228,305.11334228515625,260.75567626953125,16.420989990234375,39.45600891113281
256,2,person,0,0.20200978219509125,384.3187255859375,246.8848876953125,11.7958984375,25.861648559570312
256,6,person,0,0.3710137605667114,328.55548095703125,240.44825744628906,8.482666015625,31.709869384765625
256,7,person,0,0.6823282241821289,357.0133972167969,236.70425415039062,15.58831787109375,30.870773315429688
257,1,person,0,0.745756208896637,304.9463195800781,260.5563659667969,16.54083251953125,39.708984375
257,6,person,0,0.46159589290618896,328.22509765625,240.22186279296875,9.123870849609375,31.981826782226562
257,7,person,0,0.7004600167274475,357.40618896484375,236.61175537109375,15.851226806640625,32.04872131347656
258,1,person,0,0.7371396422386169,304.733154296875,260.4000244140625,15.769287109375,40.344512939453125
258,6,person,0,0.503678023815155,327.7835998535156,240.2740020751953,9.2635498046875,31.636932373046875
258,7,person,0,0.6955279111862183,357.6561279296875,236.77902221679688,16.077606201171875,32.25941467285156
259,1,person,0,0.735135555267334,304.3892822265625,259.42864990234375,15.28466796875,39.795806884765625
259,6,person,0,0.5441524982452393,327.3749084472656,240.87542724609375,9.369140625,30.291763305664062
259,7,person,0,0.6443794369697571,357.8910827636719,236.97515869140625,15.894775390625,31.391098022460938
260,1,person,0,0.747198760509491,303.96136474609375,258.65789794921875,14.648834228515625,38.01814270019531
260,6,person,0,0.5522388219833374,327.02313232421875,241.37066650390625,9.25213623046875,29.468032836914062
260,7,person,0,0.633877158164978,358.0995178222656,237.5863494873047,15.62677001953125,30.4193115234375
261,1,person,0,0.7458171248435974,303.4734802246094,257.96380615234375,13.97955322265625,37.76045227050781
261,6,person,0,0.5337132215499878,326.774658203125,241.59970092773438,8.93603515625,28.969924926757812
261,7,person,0,0.5421884655952454,358.404296875,237.70712280273438,15.083038330078125,29.866943359375
262,1,person,0,0.7402107119560242,303.1054382324219,257.83978271484375,13.684326171875,37.854278564453125
262,6,person,0,0.5131257772445679,326.5438232421875,241.65414428710938,9.107086181640625,28.449569702148438
262,7,person,0,0.6516491174697876,358.4995422363281,237.80831909179688,15.160888671875,29.626388549804688
263,1,person,0,0.7718743681907654,302.65740966796875,257.9130859375,13.578033447265625,37.90966796875
263,6,person,0,0.3230932354927063,326.03125,242.43280029296875,9.8590087890625,26.914810180664062
264,1,person,0,0.712300181388855,302.1938781738281,257.9894714355469,13.39910888671875,38.450439453125
264,6,person,0,0.21539923548698425,325.45367431640625,242.31753540039062,9.812225341796875,26.840957641601562
265,1,person,0,0.6827794909477234,301.9529724121094,258.239013671875,12.9647216796875,38.66111755371094
266,1,person,0,0.6924736499786377,301.8317565917969,257.7637634277344,13.04144287109375,38.92578125
267,1,person,0,0.6870182156562805,301.72515869140625,257.64453125,12.791290283203125,38.77113342285156
268,1,person,0,0.5862221717834473,301.5926208496094,257.356689453125,12.5936279296875,37.615020751953125
269,1,person,0,0.7367368340492249,301.3292236328125,257.61663818359375,12.531982421875,37.67887878417969
270,1,person,0,0.7752598524093628,301.1812744140625,258.2833557128906,12.64483642578125,39.09745788574219
270,2,person,0,0.523678719997406,386.3449401855469,248.15167236328125,11.91949462890625,30.19293212890625
271,1,person,0,0.7627947330474854,301.2613830566406,258.92193603515625,12.56414794921875,40.16282653808594
271,2,person,0,0.3581375181674957,386.2047424316406,248.04310607910156,12.0130615234375,30.444427490234375
272,1,person,0,0.7611598372459412,301.29449462890625,258.833740234375,12.49493408203125,39.939239501953125
272,2,person,0,0.2766295373439789,386.27398681640625,246.24066162109375,11.343658447265625,26.884628295898438
273,1,person,0,0.7629712820053101,301.20416259765625,258.4605407714844,12.76312255859375,39.52427673339844
273,2,person,0,0.3619953393936157,386.34832763671875,246.01087951660156,11.194061279296875,26.790496826171875
274,1,person,0,0.7461360692977905,301.3023986816406,257.622802734375,12.8739013671875,38.797027587890625
274,2,person,0,0.36722829937934875,386.3841552734375,245.828369140625,11.134185791015625,26.95440673828125
275,1,person,0,0.7096283435821533,301.4488525390625,257.6922607421875,13.002105712890625,38.886688232421875
275,2,person,0,0.49624165892601013,386.3177490234375,245.789306640625,11.0926513671875,27.388046264648438
276,1,person,0,0.6279251575469971,301.6104736328125,257.80517578125,13.082366943359375,38.37461853027344
276,2,person,0,0.5499538779258728,386.267578125,246.38450622558594,11.262481689453125,28.986968994140625
277,1,person,0,0.7184320092201233,301.5494689941406,257.6268310546875,13.29095458984375,38.394927978515625
277,2,person,0,0.5459259748458862,386.1685485839844,245.43325805664062,11.24005126953125,27.69384765625
278,1,person,0,0.7122544646263123,301.4886779785156,257.6101379394531,13.76806640625,38.52532958984375
278,2,person,0,0.5601407885551453,386.10382080078125,244.56488037109375,11.135101318359375,26.510208129882812
279,1,person,0,0.6770298480987549,301.6309509277344,257.9530029296875,14.15325927734375,37.52131652832031
279,2,person,0,0.541287362575531,386.0910949707031,244.48406982421875,10.7735595703125,25.355514526367188
280,1,person,0,0.627913773059845,301.72381591796875,257.59368896484375,14.353485107421875,38.242156982421875
280,2,person,0,0.5531873106956482,386.0241394042969,243.71884155273438,10.5380859375,23.565841674804688
281,1,person,0,0.5968377590179443,301.80572509765625,256.61187744140625,14.543609619140625,39.160552978515625
281,2,person,0,0.5070490837097168,386.021728515625,243.2780303955078,10.36090087890625,22.581756591796875
282,1,person,0,0.7112231254577637,302.00555419921875,256.3250732421875,14.5654296875,39.07958984375
282,2,person,0,0.5254294276237488,386.0033264160156,242.96597290039062,10.2845458984375,22.331466674804688
283,1,person,0,0.744091808795929,302.131591796875,256.18817138671875,14.64007568359375,38.50209045410156
283,2,person,0,0.37393030524253845,386.1190185546875,243.0829620361328,10.298248291015625,22.129364013671875
284,1,person,0,0.74482661485672,302.40667724609375,256.33331298828125,14.707794189453125,38.274200439453125
284,2,person,0,0.319806843996048,386.2559509277344,242.85400390625,10.18280029296875,21.708572387695312
285,1,person,0,0.7511675357818604,302.88250732421875,256.42230224609375,14.687835693359375,37.85005187988281
285,2,person,0,0.2958180010318756,386.2443542480469,242.71585083007812,9.82061767578125,21.584640502929688
286,1,person,0,0.7273716330528259,303.3851318359375,256.25384521484375,14.493682861328125,37.6400146484375
286,2,person,0,0.29203668236732483,386.19482421875,244.28285217285156,9.886566162109375,24.928436279296875
287,1,person,0,0.7237602472305298,303.8330078125,256.00860595703125,14.323150634765625,37.06999206542969
287,2,person,0,0.24184443056583405,386.2102966308594,243.23155212402344,9.5897216796875,23.076690673828125
288,1,person,0,0.7129298448562622,304.3122253417969,255.43173217773438,14.31756591796875,36.09320068359375
288,2,person,0,0.38149550557136536,386.2196960449219,242.3272705078125,9.41412353515625,21.866317749023438
289,1,person,0,0.7145090103149414,304.7623596191406,255.0718994140625,14.7144775390625,35.02680969238281
289,2,person,0,0.3740551173686981,386.0892333984375,242.08932495117188,9.58685302734375,22.029220581054688
290,1,person,0,0.6657270193099976,305.1272277832031,254.93331909179688,14.97882080078125,35.84405517578125
290,2,person,0,0.3704332113265991,385.93695068359375,241.49966430664062,9.89154052734375,22.294784545898438
291,1,person,0,0.6629499197006226,305.27227783203125,255.20753479003906,14.931732177734375,38.665374755859375
291,2,person,0,0.37134087085723877,385.5897521972656,241.37469482421875,9.919189453125,22.030075073242188
292,1,person,0,0.6115977168083191,305.1742858886719,255.4381103515625,14.912841796875,40.00578308105469
292,2,person,0,0.35508522391319275,385.1351318359375,241.5634765625,9.679656982421875,21.600830078125
293,1,person,0,0.4930703639984131,305.33978271484375,255.22531127929688,14.393524169921875,40.1282958984375
293,2,person,0,0.27483558654785156,384.7026062011719,241.33798217773438,10.40240478515625,23.136550903320312
294,1,person,0,0.26380401849746704,305.1912841796875,254.97869873046875,14.07659912109375,39.28596496582031
294,2,person,0,0.1540599912405014,384.16650390625,238.10592651367188,11.53436279296875,31.766159057617188
295,-2,person,0,0.30506089329719543,316.33270263671875,234.88519287109375,9.2548828125,21.4541015625
295,-2,person,0,0.29050710797309875,373.5171813964844,235.408935546875,9.962890625,30.603271484375
296,-2,person,0,0.3713601231575012,316.1708068847656,235.13027954101562,8.11962890625,21.32427978515625
296,-2,person,0,0.3535105884075165,373.99713134765625,235.15304565429688,8.80462646484375,29.28350830078125
296,-2,person,0,0.32506677508354187,383.046142578125,245.53680419921875,9.481201171875,27.259521484375
296,-2,person,0,0.20687252283096313,307.0289306640625,253.54144287109375,14.400634765625,37.8773193359375
297,1,person,0,0.528196394443512,307.32733154296875,254.8987579345703,15.290985107421875,41.719329833984375
298,1,person,0,0.3510107696056366,307.9827880859375,254.20887756347656,16.20489501953125,42.405975341796875
299,1,person,0,0.6164173483848572,308.2781982421875,254.73269653320312,16.1104736328125,41.2225341796875
300,1,person,0,0.7074429392814636,308.5032043457031,255.30059814453125,16.55218505859375,39.36061096191406
301,1,person,0,0.6952353715896606,308.6170654296875,255.388916015625,16.727325439453125,39.12144470214844
302,1,person,0,0.6876633167266846,309.04058837890625,256.11761474609375,16.741790771484375,37.82865905761719
303,1,person,0,0.7107518315315247,309.80755615234375,256.5708312988281,16.952972412109375,37.48760986328125
304,1,person,0,0.730721116065979,310.2962646484375,256.75177001953125,16.707305908203125,37.51344299316406
305,1,person,0,0.719845712184906,310.704345703125,256.71697998046875,15.869354248046875,37.682403564453125
306,1,person,0,0.6015764474868774,311.42840576171875,256.9448547363281,15.837188720703125,38.07435607910156
307,1,person,0,0.6019234657287598,312.43426513671875,252.00035095214844,15.801849365234375,47.111846923828125
308,1,person,0,0.6498883366584778,313.194580078125,253.9892578125,15.098480224609375,42.46061706542969
309,1,person,0,0.6045436859130859,314.2672119140625,254.98143005371094,13.958984375,39.784698486328125
310,1,person,0,0.6292403340339661,315.033935546875,255.07144165039062,13.485687255859375,39.52339172363281
311,1,person,0,0.6007413268089294,315.6885986328125,255.00717163085938,13.719757080078125,39.56793212890625
312,1,person,0,0.6957181096076965,315.5960693359375,251.02540588378906,14.287384033203125,47.652862548828125
312,7,person,0,0.5740946531295776,375.0694274902344,242.64767456054688,9.462646484375,34.98802185058594
313,1,person,0,0.7049674391746521,316.11224365234375,249.30502319335938,15.39324951171875,50.60328674316406
313,7,person,0,0.5258222818374634,374.92901611328125,240.64590454101562,9.0743408203125,30.339157104492188
314,1,person,0,0.6875797510147095,316.8499755859375,248.86737060546875,16.434722900390625,51.50880432128906
314,7,person,0,0.5774344205856323,374.64801025390625,240.10946655273438,9.156524658203125,30.2276611328125
315,1,person,0,0.5976691246032715,318.06298828125,250.75836181640625,16.411041259765625,45.74629211425781
315,7,person,0,0.5157116055488586,373.95025634765625,239.43238830566406,8.934295654296875,30.869964599609375
316,1,person,0,0.6075274348258972,318.7310485839844,252.237548828125,17.17974853515625,42.97209167480469
316,7,person,0,0.40871182084083557,373.72528076171875,238.6796875,8.801300048828125,31.145187377929688
317,1,person,0,0.6428514122962952,319.676025390625,253.40882873535156,16.372100830078125,40.373321533203125
317,7,person,0,0.5222055315971375,373.4540710449219,238.5122528076172,9.06085205078125,30.128692626953125
318,1,person,0,0.6128824949264526,320.1517333984375,253.60105895996094,15.908599853515625,39.930999755859375
318,7,person,0,0.5150429606437683,373.32952880859375,238.5211181640625,9.43505859375,29.761642456054688
319,1,person,0,0.6947733163833618,320.77813720703125,253.9268341064453,16.47882080078125,39.156341552734375
319,7,person,0,0.5913243889808655,372.8746032714844,238.2301025390625,9.6661376953125,28.861465454101562
320,1,person,0,0.6951770186424255,321.4288330078125,253.42935180664062,17.16754150390625,39.41676330566406
320,7,person,0,0.49883055686950684,372.54449462890625,238.76666259765625,10.013946533203125,28.914459228515625
321,1,person,0,0.7533050775527954,321.8543701171875,253.7830352783203,17.66497802734375,38.390106201171875
321,7,person,0,0.5449953079223633,371.892578125,237.9057159423828,10.991729736328125,29.737579345703125
322,1,person,0,0.756625771522522,322.0931396484375,253.49740600585938,18.13958740234375,39.38726806640625
322,7,person,0,0.5156399011611938,371.4979248046875,237.44351196289062,11.772613525390625,30.260513305664062
323,1,person,0,0.7280395030975342,322.956298828125,253.474853515625,17.3404541015625,39.87841796875
323,7,person,0,0.4108588695526123,370.1541748046875,237.84915161132812,10.623687744140625,32.30259704589844
324,1,person,0,0.6792652606964111,322.86627197265625,253.48855590820312,18.47613525390625,40.23063659667969
324,7,person,0,0.4198260009288788,369.3056640625,239.172607421875,9.995880126953125,34.58489990234375
325,1,person,0,0.6500013470649719,324.5706787109375,253.56405639648438,16.02044677734375,39.14756774902344
325,7,person,0,0.25536081194877625,369.008056640625,239.66189575195312,11.1575927734375,36.18266296386719
326,1,person,0,0.6165167689323425,325.95233154296875,253.9913330078125,13.557037353515625,38.79167175292969
326,7,person,0,0.24829638004302979,367.97198486328125,239.5111083984375,10.41900634765625,36.74310302734375
327,1,person,0,0.7080841660499573,326.96282958984375,254.58570861816406,13.117950439453125,36.945953369140625
328,1,person,0,0.6974583864212036,327.6689453125,254.54750061035156,14.2801513671875,36.771453857421875
329,1,person,0,0.6629993319511414,328.6536560058594,254.58596801757812,16.1597900390625,36.44422912597656
330,1,person,0,0.5784670114517212,329.8114929199219,254.81661987304688,18.73199462890625,35.8699951171875
331,1,person,0,0.7376437187194824,330.20574951171875,255.203369140625,20.0887451171875,35.38993835449219
332,1,person,0,0.6754389405250549,330.27923583984375,255.0143280029297,19.858245849609375,35.167266845703125
333,1,person,0,0.7133584022521973,330.5090637207031,254.83103942871094,19.2420654296875,35.516510009765625
334,1,person,0,0.7759487628936768,330.9330139160156,254.71942138671875,18.40240478515625,35.97627258300781
335,1,person,0,0.7112900614738464,331.49627685546875,254.67855834960938,16.456390380859375,35.27461242675781
336,1,person,0,0.7526073455810547,332.3686218261719,254.79025268554688,15.06463623046875,34.45103454589844
337,1,person,0,0.6493737101554871,333.9561767578125,254.68972778320312,13.139007568359375,34.31425476074219
338,1,person,0,0.682731568813324,335.08135986328125,254.07745361328125,12.083282470703125,35.22660827636719
339,1,person,0,0.722987711429596,336.3822021484375,253.96142578125,12.450927734375,35.55467224121094
339,7,person,0,0.5595645308494568,359.4342041015625,245.08792114257812,10.386749267578125,30.45672607421875
340,1,person,0,0.7270936965942383,337.2838134765625,253.7283935546875,12.725616455078125,35.64692687988281
340,7,person,0,0.5898370146751404,358.48492431640625,245.3602294921875,9.0672607421875,28.563339233398438
341,1,person,0,0.7203284502029419,338.4039306640625,254.41397094726562,13.154876708984375,34.074462890625
341,7,person,0,0.6646032333374023,357.57452392578125,245.2934112548828,8.89898681640625,28.991485595703125
342,1,person,0,0.7226302027702332,339.17486572265625,254.20469665527344,13.48358154296875,34.681427001953125
342,7,person,0,0.7045678496360779,356.8463134765625,244.94107055664062,8.3929443359375,29.544296264648438
343,1,person,0,0.7305060029029846,339.56939697265625,254.00491333007812,13.381317138671875,36.01239013671875
343,7,person,0,0.6505674719810486,356.33642578125,244.4974365234375,7.999237060546875,29.874832153320312
344,1,person,0,0.7253990769386292,340.058837890625,254.22329711914062,14.01171875,35.66357421875
344,7,person,0,0.6902270317077637,355.7031555175781,244.5399169921875,8.380859375,30.499282836914062
345,1,person,0,0.7434731721878052,340.56109619140625,254.3486328125,14.427276611328125,35.6861572265625
345,7,person,0,0.5326739549636841,355.2493896484375,243.04293823242188,7.92767333984375,27.753860473632812
346,1,person,0,0.7268970608711243,341.2038269042969,255.17962646484375,15.14178466796875,34.2769775390625
346,7,person,0,0.5492997169494629,354.74212646484375,242.16476440429688,7.856964111328125,25.74267578125
347,1,person,0,0.6866099834442139,341.4014892578125,255.60830688476562,14.936798095703125,33.17610168457031
347,7,person,0,0.6291780471801758,354.03179931640625,242.136962890625,8.2528076171875,25.999954223632812
348,1,person,0,0.659087061882019,342.19635009765625,255.42178344726562,13.952850341796875,32.31858825683594
348,7,person,0,0.5937091708183289,353.44183349609375,241.87258911132812,8.3369140625,25.383102416992188
349,1,person,0,0.7126508951187134,342.958984375,255.22714233398438,12.863067626953125,31.974288940429688
349,7,person,0,0.4462750554084778,352.9405822753906,241.9442596435547,7.97705078125,25.359954833984375
349,8,person,0,0.5788360238075256,369.2069091796875,236.73245239257812,8.591522216796875,30.501861572265625
350,1,person,0,0.7149735689163208,343.42138671875,254.7186279296875,12.220977783203125,32.09489440917969
350,7,person,0,0.24385987222194672,352.4855041503906,242.0616912841797,8.3936767578125,25.470367431640625
350,8,person,0,0.5344157814979553,368.90826416015625,236.53421020507812,8.3818359375,29.835769653320312
351,1,person,0,0.7204525470733643,343.8390197753906,254.46372985839844,11.768798828125,31.783477783203125
351,7,person,0,0.5304999351501465,352.21771240234375,243.25148010253906,9.3831787109375,28.416534423828125
351,8,person,0,0.19317345321178436,368.7416687011719,235.75802612304688,8.3582763671875,28.222869873046875
352,1,person,0,0.5788776278495789,344.34283447265625,253.90399169921875,11.531524658203125,30.81878662109375
353,1,person,0,0.4919447898864746,345.48052978515625,254.19644165039062,12.256378173828125,31.2120361328125
354,1,person,0,0.5526847839355469,346.480712890625,251.161865234375,13.368438720703125,38.23431396484375
355,1,person,0,0.6902276873588562,347.072265625,252.3295440673828,13.302520751953125,36.414947509765625
356,1,person,0,0.578253984451294,347.5080261230469,250.13418579101562,12.8280029296875,41.07879638671875
357,1,person,0,0.6042467951774597,348.46551513671875,250.4789581298828,13.749542236328125,40.044647216796875
357,8,person,0,0.5701202750205994,367.35882568359375,236.52479553222656,9.4952392578125,28.63201904296875
358,1,person,0,0.6911690831184387,348.6153259277344,251.2187042236328,13.76611328125,38.419219970703125
358,8,person,0,0.6286313533782959,367.22784423828125,236.554443359375,9.690216064453125,28.737823486328125
359,1,person,0,0.6646225452423096,348.91119384765625,251.986572265625,14.693572998046875,36.80442810058594
359,8,person,0,0.4057377278804779,367.0030822753906,236.38975524902344,9.7725830078125,30.14056396484375
360,1,person,0,0.7128841876983643,349.58270263671875,251.7429656982422,16.152984619140625,37.139801025390625
360,8,person,0,0.42461782693862915,366.7945556640625,236.31695556640625,9.767425537109375,31.0201416015625
361,1,person,0,0.6913726329803467,350.0020446777344,251.25665283203125,16.56671142578125,37.9813232421875
361,8,person,0,0.4456208348274231,366.5199279785156,236.43658447265625,9.539794921875,30.573577880859375
362,1,person,0,0.7681298851966858,350.408935546875,252.23565673828125,16.175628662109375,35.59638977050781
362,8,person,0,0.34655696153640747,366.1282653808594,236.76828002929688,9.33245849609375,29.930465698242188
363,1,person,0,0.7605351805686951,350.7384033203125,252.20962524414062,15.460968017578125,34.32441711425781
363,8,person,0,0.4900723695755005,365.95648193359375,236.4596405029297,9.241363525390625,29.191558837890625
364,1,person,0,0.6741600632667542,351.9045715332031,252.55020141601562,13.76837158203125,33.1051025390625
364,8,person,0,0.547631561756134,365.79498291015625,236.84426879882812,8.937713623046875,29.633346557617188
365,1,person,0,0.7201939821243286,352.3060302734375,252.40390014648438,13.125213623046875,33.6463623046875
365,8,person,0,0.6370524168014526,365.7000427246094,236.98068237304688,8.8360595703125,29.651138305664062
366,1,person,0,0.7517052888870239,353.1025390625,252.15472412109375,13.310760498046875,33.93955993652344
366,8,person,0,0.5850712656974792,365.4354248046875,236.9423828125,8.64739990234375,29.407058715820312
367,1,person,0,0.7475560307502747,353.86383056640625,251.91473388671875,11.85479736328125,33.5394287109375
367,8,person,0,0.6329187154769897,365.21868896484375,236.95623779296875,8.688507080078125,28.566131591796875
368,1,person,0,0.7531712055206299,354.681884765625,251.67770385742188,11.393951416015625,33.36723327636719
368,8,person,0,0.6261311173439026,365.0890197753906,237.45364379882812,8.8193359375,28.86273193359375
368,7,person,0,0.5340555906295776,341.9239501953125,243.91384887695312,14.156829833984375,31.033523559570312
369,1,person,0,0.7629334926605225,355.3109130859375,251.4158935546875,11.20111083984375,33.08515930175781
369,8,person,0,0.6052899360656738,364.89349365234375,237.630615234375,8.874725341796875,29.364410400390625
369,7,person,0,0.6304694414138794,340.9306640625,242.93275451660156,11.645416259765625,28.480316162109375
370,1,person,0,0.7539432644844055,355.52264404296875,251.13018798828125,10.591461181640625,33.16508483886719
370,8,person,0,0.5424299240112305,364.544189453125,237.48294067382812,8.7523193359375,29.210250854492188
370,7,person,0,0.693037748336792,340.34130859375,243.6521453857422,13.094024658203125,29.838531494140625
371,1,person,0,0.7611668109893799,356.1648254394531,251.00668334960938,10.59368896484375,33.33418273925781
371,8,person,0,0.501431941986084,364.4659423828125,237.3773956298828,9.249114990234375,28.98712158203125
371,7,person,0,0.7058672308921814,340.044189453125,243.92372131347656,13.5372314453125,30.238311767578125
372,1,person,0,0.7204679846763611,356.81561279296875,251.11978149414062,10.633819580078125,33.23193359375
372,8,person,0,0.3666018843650818,364.38568115234375,238.39427185058594,8.9617919921875,28.392608642578125
372,7,person,0,0.6439459323883057,339.3708801269531,244.103271484375,12.90667724609375,29.9466552734375
373,1,person,0,0.714205265045166,357.3647766113281,251.13070678710938,11.002197265625,33.44691467285156
373,8,person,0,0.20107018947601318,364.6106262207031,237.75299072265625,8.499267578125,27.910415649414062
373,7,person,0,0.7015723586082458,338.30621337890625,244.1888885498047,10.995635986328125,29.970855712890625
374,1,person,0,0.7287141680717468,358.0107421875,251.14486694335938,11.279388427734375,33.43754577636719
374,7,person,0,0.6765783429145813,337.4629821777344,244.06723022460938,9.89666748046875,30.100662231445312
375,1,person,0,0.5950989723205566,358.67388916015625,251.5475616455078,11.587005615234375,33.066070556640625
375,7,person,0,0.6115044951438904,336.6275634765625,243.84292602539062,8.55267333984375,29.958419799804688
376,1,person,0,0.5706736445426941,359.54730224609375,250.14527893066406,12.377166748046875,36.768463134765625
376,7,person,0,0.3985067903995514,336.0890808105469,242.19668579101562,8.65032958984375,26.914413452148438
377,1,person,0,0.5559075474739075,360.38873291015625,250.20037841796875,13.0059814453125,36.71519470214844
377,7,person,0,0.5526403784751892,335.2930603027344,242.7677001953125,8.87213134765625,29.05242919921875
378,1,person,0,0.6236405968666077,360.583984375,250.73345947265625,12.690673828125,35.23930358886719
378,7,person,0,0.6716735363006592,334.7147216796875,241.48143005371094,8.56591796875,26.65399169921875
379,1,person,0,0.6214722990989685,361.0644226074219,248.12228393554688,12.4427490234375,39.93916320800781
379,7,person,0,0.7236826419830322,333.9552307128906,241.71676635742188,9.08203125,27.056884765625
380,1,person,0,0.5137475728988647,361.189208984375,246.79627990722656,12.031158447265625,41.290069580078125
380,7,person,0,0.7294200658798218,333.2513122558594,241.40478515625,9.99029541015625,25.817306518554688
381,1,person,0,0.6704222559928894,361.781982421875,245.93701171875,11.93658447265625,41.90238952636719
381,7,person,0,0.7006694674491882,332.0757751464844,240.62527465820312,11.07843017578125,29.057952880859375
382,1,person,0,0.665068507194519,362.26300048828125,245.6917724609375,12.239776611328125,42.55924987792969
382,7,person,0,0.7156720161437988,331.67987060546875,240.94271850585938,11.17327880859375,31.234176635742188
383,1,person,0,0.694393515586853,362.90179443359375,245.70037841796875,13.011444091796875,42.71131896972656
383,7,person,0,0.7001765370368958,331.4896240234375,240.91900634765625,11.249786376953125,32.67811584472656
384,1,person,0,0.6084191203117371,363.4183044433594,246.25872802734375,13.46234130859375,43.089111328125
384,7,person,0,0.7000986933708191,331.3275451660156,240.8942108154297,11.3927001953125,33.708465576171875
385,1,person,0,0.6105486750602722,364.27685546875,247.42437744140625,13.383758544921875,41.2452392578125
385,7,person,0,0.5907770991325378,331.0804443359375,241.0946502685547,11.1383056640625,33.819915771484375
386,1,person,0,0.5847589373588562,364.98895263671875,249.4263458251953,12.867218017578125,36.999847412109375
386,7,person,0,0.5450969934463501,330.482177734375,239.31893920898438,9.63592529296875,30.309127807617188
387,1,person,0,0.5849073529243469,366.24859619140625,250.95367431640625,14.319854736328125,34.53913879394531
387,7,person,0,0.5472676753997803,329.920654296875,239.20468139648438,8.954071044921875,29.214614868164062
388,1,person,0,0.6470121145248413,367.08135986328125,251.03514099121094,15.563262939453125,34.647979736328125
388,7,person,0,0.5231838822364807,329.3341064453125,240.73837280273438,8.816619873046875,31.015090942382812
389,1,person,0,0.6259006857872009,367.4248046875,251.36724853515625,16.103179931640625,34.0157470703125
389,7,person,0,0.5891111493110657,329.3436279296875,240.09317016601562,9.63836669921875,29.092971801757812
390,1,person,0,0.6933971643447876,367.5572814941406,252.25543212890625,16.06988525390625,31.9327392578125
390,7,person,0,0.4758497178554535,329.0897216796875,239.81582641601562,10.089569091796875,27.469406127929688
391,1,person,0,0.7080564498901367,367.92333984375,252.34085083007812,16.127471923828125,32.01066589355469
391,7,person,0,0.46507158875465393,328.1663818359375,241.49911499023438,9.40228271484375,27.95281982421875
391,8,person,0,0.5597363710403442,358.0439453125,240.59048461914062,9.909454345703125,27.918670654296875
392,1,person,0,0.7167373895645142,368.20831298828125,252.59219360351562,15.702178955078125,31.346923828125
392,7,person,0,0.5706311464309692,327.11993408203125,242.71788024902344,9.615997314453125,27.645172119140625
392,8,person,0,0.5764132142066956,357.8926086425781,240.26223754882812,9.344970703125,28.14556884765625
393,1,person,0,0.7180683612823486,368.7606201171875,252.36285400390625,14.836761474609375,31.619979858398438
393,7,person,0,0.5377299189567566,326.64691162109375,241.5140838623047,9.577911376953125,23.71844482421875
393,8,person,0,0.6734001636505127,357.70343017578125,240.16165161132812,8.92596435546875,28.120208740234375
394,1,person,0,0.7286182641983032,369.2322692871094,251.5400390625,14.1771240234375,33.54533386230469
394,7,person,0,0.5844724178314209,325.85491943359375,242.11520385742188,9.926055908203125,24.757278442382812
394,8,person,0,0.6841253042221069,357.5096130371094,239.98599243164062,8.76763916015625,28.472900390625
395,1,person,0,0.6914061903953552,369.7069091796875,251.03717041015625,12.816009521484375,33.99290466308594
395,7,person,0,0.589025616645813,325.58544921875,241.75479125976562,9.418304443359375,22.760162353515625
395,8,person,0,0.715202808380127,357.3240966796875,240.06936645507812,8.65484619140625,29.458450317382812
396,1,person,0,0.70099276304245,370.4591979980469,250.98907470703125,11.57281494140625,33.51531982421875
396,7,person,0,0.6012982130050659,325.1750183105469,242.11257934570312,9.21429443359375,23.063827514648438
396,8,person,0,0.7154794931411743,357.1741943359375,240.00497436523438,8.844573974609375,30.12750244140625
397,1,person,0,0.6787804365158081,371.10693359375,250.77056884765625,10.735687255859375,33.15826416015625
397,7,person,0,0.5641132593154907,324.7683410644531,242.3874969482422,9.13238525390625,22.146026611328125
397,8,person,0,0.686812698841095,357.1852111816406,239.578125,8.6673583984375,29.764053344726562
398,1,person,0,0.7081457376480103,371.73504638671875,250.72775268554688,10.60443115234375,32.59211730957031
398,7,person,0,0.3833925724029541,324.376220703125,242.56591796875,9.0645751953125,22.186813354492188
398,8,person,0,0.7229587435722351,357.1046142578125,239.41903686523438,8.841827392578125,29.889373779296875
399,1,person,0,0.7061372399330139,372.26654052734375,250.59738159179688,11.23223876953125,32.60798645019531
399,7,person,0,0.37929877638816833,323.6725158691406,242.07891845703125,9.48822021484375,22.76361083984375
399,8,person,0,0.7062551379203796,357.02203369140625,239.38616943359375,9.175262451171875,30.330001831054688
400,1,person,0,0.6852877736091614,372.7654113769531,250.47454833984375,11.13623046875,32.74249267578125
400,7,person,0,0.4642055332660675,323.2281799316406,242.82540893554688,10.33160400390625,25.349960327148438
400,8,person,0,0.69154292345047,356.97430419921875,239.1670684814453,9.312957763671875,30.755096435546875
401,1,person,0,0.6408017873764038,373.1837158203125,250.47637939453125,11.402191162109375,32.68357849121094
401,7,person,0,0.2989494502544403,322.78656005859375,242.29147338867188,10.29058837890625,23.919662475585938
401,8,person,0,0.6704751253128052,356.6903076171875,239.20474243164062,9.40667724609375,31.28094482421875
402,1,person,0,0.664023756980896,373.70709228515625,250.47036743164062,11.144012451171875,32.71903991699219
402,7,person,0,0.2515910565853119,322.1053466796875,243.62994384765625,10.483123779296875,26.2857666015625
402,8,person,0,0.6716095805168152,356.37548828125,239.32025146484375,9.53302001953125,31.699356079101562
403,1,person,0,0.7206668853759766,374.24505615234375,250.67437744140625,10.9268798828125,33.22607421875
403,7,person,0,0.5002188682556152,321.2671203613281,244.22402954101562,9.51263427734375,26.27557373046875
403,8,person,0,0.6804101467132568,356.10931396484375,239.39300537109375,9.572967529296875,31.867599487304688
404,1,person,0,0.7031106352806091,374.62591552734375,250.72085571289062,10.77569580078125,33.44366455078125
404,8,person,0,0.7045161724090576,355.8905029296875,239.37081909179688,9.474761962890625,31.907638549804688
405,1,person,0,0.6995825171470642,375.0960693359375,250.78810119628906,11.015167236328125,33.036529541015625
405,8,person,0,0.7106383442878723,355.6860046386719,239.45643615722656,9.6588134765625,31.9913330078125
406,1,person,0,0.6663334369659424,375.510498046875,250.43667602539062,10.675018310546875,32.86399841308594
406,8,person,0,0.7033427357673645,355.451416015625,239.4998779296875,10.147705078125,32.26670837402344
407,1,person,0,0.6530103087425232,375.80657958984375,250.34144592285156,10.452880859375,32.227264404296875
407,8,person,0,0.7186165452003479,355.177734375,239.33035278320312,10.35858154296875,32.12028503417969
408,1,person,0,0.6497978568077087,376.2862854003906,249.80914306640625,10.89056396484375,30.6754150390625
408,8,person,0,0.7122309803962708,354.9537353515625,239.29537963867188,10.34051513671875,32.16996765136719
409,1,person,0,0.6883940100669861,376.83416748046875,249.7052001953125,10.82421875,30.4345703125
409,8,person,0,0.6804907917976379,354.75848388671875,239.31884765625,10.428375244140625,32.3524169921875
409,7,person,0,0.5945501327514648,318.68072509765625,238.2482147216797,8.7105712890625,22.14599609375
410,1,person,0,0.7283799648284912,377.27203369140625,249.51449584960938,10.710052490234375,29.949081420898438
410,8,person,0,0.6840022802352905,354.5252685546875,239.31124877929688,10.58001708984375,32.58686828613281
410,7,person,0,0.5082719326019287,318.5032958984375,237.80467224121094,7.959014892578125,21.450225830078125
411,1,person,0,0.7442299723625183,377.51165771484375,249.5277099609375,10.932830810546875,29.982101440429688
411,8,person,0,0.6620344519615173,354.462890625,239.21693420410156,10.5384521484375,32.24591064453125
411,7,person,0,0.481960266828537,318.2262268066406,237.93801879882812,7.7777099609375,20.897659301757812
412,1,person,0,0.7305088043212891,377.8908386230469,249.97900390625,11.2763671875,31.012069702148438
412,8,person,0,0.6639168858528137,354.4143371582031,239.2557373046875,10.6153564453125,32.17584228515625
412,7,person,0,0.42243969440460205,317.9869689941406,238.056640625,7.7222900390625,20.553207397460938
413,1,person,0,0.7308545112609863,378.38946533203125,250.22149658203125,11.773773193359375,31.353134155273438
413,8,person,0,0.6482845544815063,354.1163330078125,239.14146423339844,10.714019775390625,32.128753662109375
414,1,person,0,0.7294328212738037,378.66943359375,250.37106323242188,11.69866943359375,31.662307739257812
414,8,person,0,0.683732807636261,353.9569396972656,238.9420928955078,10.66339111328125,31.9996337890625
415,1,person,0,0.7275776863098145,379.2177429199219,250.3787841796875,11.97369384765625,31.86529541015625
415,8,person,0,0.6980505585670471,353.67181396484375,238.71627807617188,10.866363525390625,31.938461303710938
416,1,person,0,0.7364153861999512,379.3834228515625,250.21109008789062,11.858551025390625,31.917190551757812
416,8,person,0,0.6310141086578369,353.4052429199219,238.58380126953125,10.94134521484375,32.0185546875
417,1,person,0,0.7222625017166138,379.75799560546875,250.25741577148438,12.09857177734375,31.444412231445312
417,8,person,0,0.5901231169700623,352.8572998046875,238.82647705078125,11.879913330078125,32.56532287597656
418,1,person,0,0.7402548789978027,380.11834716796875,250.20925903320312,12.10040283203125,31.740951538085938
418,8,person,0,0.6067166924476624,352.6322021484375,239.04217529296875,11.59991455078125,32.67384338378906
418,7,person,0,0.6016660332679749,315.56103515625,240.05990600585938,8.459991455078125,27.167922973632812
419,1,person,0,0.7622348666191101,380.618896484375,250.1357421875,12.408203125,31.933486938476562
419,8,person,0,0.6388944983482361,352.3829040527344,239.23094177246094,11.50921630859375,32.7586669921875
419,7,person,0,0.525871753692627,315.3660888671875,238.89340209960938,8.297027587890625,24.465347290039062
420,1,person,0,0.7605075240135193,381.05126953125,250.0316162109375,12.357818603515625,32.12553405761719
420,8,person,0,0.6051174402236938,352.2869873046875,239.46514892578125,10.857330322265625,32.43733215332031
420,7,person,0,0.4856400489807129,315.0201110839844,238.52066040039062,8.16937255859375,23.951889038085938
421,1,person,0,0.7427759170532227,381.17010498046875,250.15643310546875,12.301605224609375,31.947250366210938
421,8,person,0,0.6008575558662415,351.78094482421875,239.5904541015625,11.06500244140625,32.63835144042969
421,7,person,0,0.4277724027633667,314.39599609375,238.65277099609375,8.56134033203125,24.623641967773438
422,1,person,0,0.7576282024383545,381.40484619140625,250.3277587890625,12.350006103515625,31.922531127929688
422,8,person,0,0.6643648743629456,351.36968994140625,239.55596923828125,10.683319091796875,32.81034851074219
422,7,person,0,0.6208526492118835,314.24566650390625,238.96920776367188,8.936279296875,25.26617431640625
423,1,person,0,0.7460304498672485,381.83624267578125,250.09152221679688,12.704925537109375,31.420516967773438
423,8,person,0,0.6674568057060242,350.9998779296875,239.24560546875,10.98419189453125,33.69781494140625
423,7,person,0,0.6302635669708252,313.6103820800781,239.10415649414062,9.36212158203125,25.547958374023438
424,1,person,0,0.7185195684432983,382.2066650390625,250.12734985351562,12.3057861328125,31.645675659179688
424,8,person,0,0.6910742521286011,350.87884521484375,239.1734619140625,11.141937255859375,33.90464782714844
424,7,person,0,0.6171976923942566,313.2106018066406,239.32333374023438,9.75274658203125,26.155319213867188
425,1,person,0,0.7239547371864319,382.657958984375,249.54330444335938,11.8631591796875,31.82891845703125
425,8,person,0,0.6973116993904114,350.7769775390625,238.98419189453125,11.291046142578125,34.26295471191406
425,7,person,0,0.6336331963539124,313.0579833984375,239.58828735351562,10.015106201171875,26.688278198242188
426,1,person,0,0.6596347689628601,383.1388854980469,249.52633666992188,11.5279541015625,31.065689086914062
426,8,person,0,0.6757994890213013,350.8274841308594,238.93060302734375,11.3800048828125,34.273193359375
426,7,person,0,0.25960686802864075,312.86163330078125,238.8118896484375,9.914825439453125,25.238723754882812
427,1,person,0,0.6888728737831116,383.47930908203125,249.71237182617188,11.252166748046875,30.805007934570312
427,8,person,0,0.6429438591003418,350.738525390625,238.8335723876953,11.590301513671875,34.078155517578125
427,7,person,0,0.24752779304981232,312.5199890136719,238.84548950195312,10.16033935546875,25.629714965820312
428,1,person,0,0.6749160885810852,384.1755065917969,249.6998291015625,11.6324462890625,30.640487670898438
428,8,person,0,0.6483704447746277,350.6694030761719,238.99237060546875,11.67724609375,34.20562744140625
428,7,person,0,0.3309425413608551,312.1827392578125,239.0620880126953,10.247222900390625,26.59552001953125
429,1,person,0,0.7081336975097656,384.6273193359375,249.64898681640625,11.66876220703125,31.148269653320312
429,8,person,0,0.6407098770141602,351.0323486328125,238.98284912109375,12.526153564453125,33.79872131347656
429,7,person,0,0.35640084743499756,311.821533203125,239.58934020996094,9.78472900390625,26.8994140625
430,1,person,0,0.6759943962097168,384.8694152832031,249.8143310546875,11.42156982421875,31.326980590820312
430,8,person,0,0.573199450969696,351.3014221191406,238.84603881835938,12.95947265625,34.03840637207031
430,7,person,0,0.4409703016281128,311.7375183105469,239.74041748046875,10.1883544921875,27.291885375976562
431,1,person,0,0.6859139204025269,385.0308532714844,250.0391845703125,11.46502685546875,31.07440185546875
431,8,person,0,0.5446757674217224,350.32470703125,238.9107666015625,11.5712890625,34.80900573730469
431,7,person,0,0.5614423751831055,311.63983154296875,240.2220916748047,9.929229736328125,28.093353271484375
432,1,person,0,0.735996663570404,385.2689208984375,249.9281463623047,11.538055419921875,30.967742919921875
432,8,person,0,0.5712265968322754,349.575927734375,239.19943237304688,10.725555419921875,35.037841796875
432,7,person,0,0.6264647841453552,311.5158386230469,240.90463256835938,10.290771484375,29.358200073242188
433,1,person,0,0.7380557656288147,385.47900390625,249.88914489746094,11.593780517578125,31.255279541015625
433,8,person,0,0.6603670120239258,349.0653076171875,239.24232482910156,10.043121337890625,34.596099853515625
433,7,person,0,0.5887370705604553,311.17974853515625,241.53695678710938,10.3958740234375,28.157577514648438
434,1,person,0,0.7297919988632202,385.6597900390625,249.73809814453125,11.481475830078125,31.597213745117188
434,8,person,0,0.6340761184692383,348.5806884765625,239.25421142578125,9.720489501953125,33.98594665527344
434,7,person,0,0.5425997376441956,310.5321960449219,242.28518676757812,10.5067138671875,27.492263793945312
435,1,person,0,0.737558901309967,385.81292724609375,249.81695556640625,11.449554443359375,31.653762817382812
435,8,person,0,0.6916529536247253,347.9825439453125,239.08535766601562,10.087188720703125,33.95600891113281
435,7,person,0,0.604378879070282,310.26776123046875,241.9626007080078,10.66796875,26.892547607421875
436,1,person,0,0.6704079508781433,385.9241638183594,249.67105102539062,11.23980712890625,31.101577758789062
436,8,person,0,0.6827324032783508,347.8033447265625,239.01687622070312,10.271881103515625,34.49794006347656
436,7,person,0,0.5519692301750183,310.04852294921875,241.52932739257812,10.40032958984375,25.317855834960938
437,1,person,0,0.6843857765197754,386.0611572265625,249.36856079101562,11.298736572265625,31.01397705078125
437,8,person,0,0.7116619348526001,347.60400390625,238.9884033203125,10.188385009765625,34.79716491699219
437,7,person,0,0.5854396820068359,309.67791748046875,241.233154296875,10.360626220703125,25.891433715820312
438,1,person,0,0.7337902784347534,386.09722900390625,248.968017578125,11.07672119140625,30.648147583007812
438,8,person,0,0.724516749382019,347.36590576171875,239.04119873046875,10.523162841796875,34.52952575683594
438,7,person,0,0.3163963854312897,309.5765380859375,241.3618927001953,10.302154541015625,26.23419189453125
439,1,person,0,0.6562657356262207,386.1764831542969,248.85775756835938,11.29388427734375,31.215682983398438
439,8,person,0,0.6916409730911255,347.1169738769531,239.03187561035156,10.92755126953125,34.786224365234375
439,7,person,0,0.16163396835327148,309.6329345703125,241.6801300048828,9.890289306640625,26.755645751953125
440,1,person,0,0.7361498475074768,386.216796875,248.97802734375,11.405914306640625,31.95654296875
440,8,person,0,0.7303693294525146,347.0143127441406,239.0625,11.3104248046875,34.76454162597656
440,7,person,0,0.3603573739528656,309.65875244140625,241.4793701171875,9.914947509765625,28.12298583984375
441,1,person,0,0.7463656663894653,386.21685791015625,248.83154296875,11.42431640625,31.52996826171875
441,8,person,0,0.7281965017318726,346.8424377441406,239.07394409179688,11.71807861328125,34.71275329589844
442,1,person,0,0.7431365251541138,386.226806640625,248.63381958007812,11.3875732421875,30.7503662109375
442,8,person,0,0.7450724244117737,346.66094970703125,239.32955932617188,11.667633056640625,34.54100036621094
443,1,person,0,0.7609848976135254,386.25054931640625,248.56668090820312,11.15606689453125,31.2894287109375
443,8,person,0,0.7315562963485718,346.3297424316406,239.7587432861328,11.3792724609375,34.447296142578125
444,1,person,0,0.7306481003761292,386.3310546875,248.28671264648438,11.20953369140625,31.480758666992188
444,8,person,0,0.713204026222229,346.0921630859375,239.9002227783203,10.931182861328125,34.371551513671875
445,1,person,0,0.7339528799057007,386.42877197265625,248.23731994628906,11.054107666015625,31.399810791015625
445,8,person,0,0.6802782416343689,345.9294738769531,239.91946411132812,11.00555419921875,34.14794921875
445,7,person,0,0.5831173062324524,309.18328857421875,241.56671142578125,9.787445068359375,28.218399047851562
446,1,person,0,0.6909850239753723,386.56964111328125,248.48757934570312,10.9029541015625,30.750595092773438
446,8,person,0,0.45671629905700684,345.634033203125,239.9555206298828,10.906951904296875,34.122161865234375
446,7,person,0,0.6182453036308289,309.2159729003906,241.60537719726562,9.99212646484375,28.200836181640625
447,1,person,0,0.7306102514266968,386.72235107421875,248.37644958496094,10.827606201171875,30.914581298828125
447,8,person,0,0.4075833261013031,345.0731201171875,240.46603393554688,11.160308837890625,33.18376159667969
447,7,person,0,0.662198543548584,309.12445068359375,241.646240234375,9.871063232421875,28.1143798828125
448,1,person,0,0.7414512634277344,386.8046875,248.03826904296875,10.916107177734375,31.337890625
448,8,person,0,0.4606015384197235,344.56878662109375,240.6482391357422,11.38934326171875,32.535552978515625
448,7,person,0,0.6677334308624268,308.8818359375,241.55784606933594,9.684356689453125,28.244598388671875
449,1,person,0,0.7518349885940552,386.95416259765625,247.59719848632812,11.13531494140625,32.29124450683594
449,8,person,0,0.5713775157928467,343.9720764160156,240.78182983398438,11.32867431640625,32.06715393066406
449,7,person,0,0.654273271560669,308.7626953125,241.382080078125,9.699432373046875,27.909194946289062
450,1,person,0,0.7287567853927612,387.04815673828125,247.818603515625,11.148529052734375,31.986465454101562
450,8,person,0,0.6236305832862854,343.2814636230469,240.71768188476562,11.04998779296875,31.536605834960938
450,7,person,0,0.6003506183624268,308.9361267089844,240.90225219726562,9.9925537109375,26.607894897460938
450,10,person,0,0.5391334295272827,364.0962829589844,237.64479064941406,11.00262451171875,27.314300537109375
451,1,person,0,0.6917225122451782,387.1916198730469,248.09725952148438,11.04132080078125,31.099853515625
451,8,person,0,0.7116711139678955,342.66876220703125,240.57366943359375,11.122283935546875,32.29132080078125
451,7,person,0,0.5620805025100708,308.82757568359375,240.35926818847656,9.86285400390625,24.860992431640625
451,10,person,0,0.5875112414360046,364.3909912109375,237.19891357421875,10.714141845703125,27.637100219726562
452,1,person,0,0.6875098943710327,387.3590087890625,247.83782958984375,10.6165771484375,30.51593017578125
452,8,person,0,0.6829308867454529,342.3713073730469,240.72323608398438,11.6849365234375,32.06831359863281
452,7,person,0,0.560183584690094,308.63134765625,240.47384643554688,9.475830078125,25.342453002929688
452,10,person,0,0.4001252055168152,364.8605651855469,236.5061798095703,9.60369873046875,27.061309814453125
453,1,person,0,0.6755896806716919,387.68463134765625,247.29055786132812,10.82623291015625,30.089797973632812
453,8,person,0,0.6297639608383179,341.82391357421875,240.61805725097656,12.494293212890625,32.040496826171875
453,7,person,0,0.4928550720214844,308.3581237792969,240.962646484375,8.89410400390625,26.533523559570312
453,10,person,0,0.5090150833129883,365.4791259765625,235.62081909179688,9.469268798828125,26.645156860351562
454,1,person,0,0.7297639846801758,388.01385498046875,247.37564086914062,11.201202392578125,30.697021484375
454,8,person,0,0.6135346293449402,341.909912109375,240.68368530273438,12.644439697265625,31.77081298828125
454,7,person,0,0.3913347125053406,308.0880432128906,241.2816925048828,8.36572265625,26.670013427734375
454,10,person,0,0.43576785922050476,366.0233459472656,235.03118896484375,9.20574951171875,25.946533203125
455,1,person,0,0.6927834749221802,388.17431640625,247.36187744140625,11.362030029296875,30.595443725585938
455,8,person,0,0.6353070735931396,341.9563293457031,241.0548095703125,12.06915283203125,31.534225463867188
455,7,person,0,0.3654758036136627,307.8753662109375,240.80470275878906,7.939544677734375,27.006439208984375
455,10,person,0,0.2803930938243866,366.31011962890625,234.61326599121094,9.10888671875,25.715118408203125
456,1,person,0,0.7278417348861694,388.1771240234375,247.59402465820312,11.33477783203125,30.709121704101562
456,8,person,0,0.5521132946014404,341.62744140625,241.3245086669922,12.733734130859375,31.706939697265625
457,1,person,0,0.7278462648391724,388.1533203125,247.551513671875,11.35577392578125,31.16400146484375
457,8,person,0,0.6066238284111023,341.266845703125,241.4243927001953,13.172454833984375,32.023101806640625
458,1,person,0,0.7069008946418762,388.0955505371094,247.41726684570312,11.19140625,30.872726440429688
458,8,person,0,0.619160532951355,340.5013427734375,241.47232055664062,12.129730224609375,32.17308044433594
459,1,person,0,0.6632139086723328,388.069580078125,247.43316650390625,10.947509765625,30.088241577148438
459,8,person,0,0.6832116842269897,339.96600341796875,241.5359649658203,11.73089599609375,32.192169189453125
460,1,person,0,0.6759291887283325,388.01593017578125,247.42909240722656,10.750732421875,29.560760498046875
460,8,person,0,0.7088479399681091,339.81536865234375,241.55377197265625,12.270782470703125,32.5797119140625
460,7,person,0,0.5201473832130432,307.2940673828125,240.54396057128906,8.24884033203125,28.293243408203125
461,1,person,0,0.7023462653160095,388.06524658203125,247.41714477539062,10.866455078125,29.738327026367188
461,8,person,0,0.7018424272537231,339.7699279785156,241.46087646484375,12.64337158203125,32.86018371582031
461,7,person,0,0.6428947448730469,307.09124755859375,240.6078338623047,8.7568359375,28.617279052734375
462,1,person,0,0.7140597701072693,388.157470703125,247.37515258789062,11.068023681640625,29.878311157226562
462,8,person,0,0.6566935181617737,339.443603515625,241.35232543945312,12.75341796875,33.30731201171875
462,7,person,0,0.6296205520629883,306.99261474609375,240.7462158203125,8.773223876953125,28.465545654296875
463,1,person,0,0.6878184080123901,388.11016845703125,247.41140747070312,11.160736083984375,29.817138671875
463,8,person,0,0.5971420407295227,338.78424072265625,241.465087890625,12.308868408203125,33.09477233886719
463,7,person,0,0.47940194606781006,306.9239501953125,240.76437377929688,8.566497802734375,28.093093872070312
464,1,person,0,0.682344913482666,388.0971374511719,247.56210327148438,11.211669921875,30.139785766601562
464,8,person,0,0.5970546007156372,338.02783203125,241.22283935546875,11.565887451171875,33.42999267578125
464,7,person,0,0.41737690567970276,306.84112548828125,240.72738647460938,8.571807861328125,27.939834594726562
465,1,person,0,0.6817267537117004,388.0621337890625,247.66001892089844,11.264373779296875,30.487457275390625
465,8,person,0,0.644618034362793,337.3538818359375,241.21456909179688,10.788970947265625,33.43316650390625
466,1,person,0,0.679682195186615,388.0181579589844,247.74063110351562,11.161865234375,30.5595703125
466,8,person,0,0.6291862726211548,336.56524658203125,241.16397094726562,9.86114501953125,33.55033874511719
467,1,person,0,0.6875773668289185,387.8597717285156,247.65969848632812,10.84405517578125,29.760879516601562
467,8,person,0,0.5313166975975037,335.8451232910156,241.04287719726562,9.83416748046875,33.33905029296875
468,1,person,0,0.7060917019844055,387.70166015625,247.42987060546875,10.5977783203125,29.195266723632812
468,8,person,0,0.5736678838729858,335.5926513671875,241.06451416015625,9.621795654296875,33.07875061035156
469,1,person,0,0.7115346789360046,387.5389404296875,247.08323669433594,10.238677978515625,29.307708740234375
469,8,person,0,0.5977020859718323,335.1319885253906,241.23883056640625,9.6473388671875,32.66802978515625
470,1,person,0,0.7250316739082336,387.36309814453125,246.87310791015625,9.982208251953125,29.52215576171875
470,8,person,0,0.5962504148483276,334.84967041015625,241.24737548828125,9.29302978515625,32.54931640625
471,1,person,0,0.7481160163879395,387.31048583984375,246.66372680664062,9.868377685546875,29.189682006835938
471,8,person,0,0.6722325086593628,334.3246154785156,241.33203125,9.51409912109375,32.21009826660156
472,1,person,0,0.7058335542678833,387.3163146972656,246.15533447265625,9.845458984375,27.936752319335938
472,8,person,0,0.6810236573219299,333.8497314453125,241.74667358398438,10.032806396484375,31.575973510742188
473,1,person,0,0.7033435106277466,387.3079528808594,246.38973999023438,9.89935302734375,27.652481079101562
473,8,person,0,0.6251407265663147,333.1732177734375,242.3335418701172,10.743896484375,31.251190185546875
474,1,person,0,0.6914604902267456,387.2328796386719,246.51287841796875,9.97918701171875,27.802230834960938
474,8,person,0,0.6205158233642578,332.7039794921875,242.57980346679688,10.949493408203125,31.1239013671875
475,1,person,0,0.6872139573097229,387.2965087890625,246.08816528320312,10.1483154296875,28.201187133789062
475,8,person,0,0.6220372319221497,332.23541259765625,242.25372314453125,11.076202392578125,31.885574340820312
475,7,person,0,0.5411713123321533,306.51531982421875,239.92288208007812,7.543426513671875,27.229080200195312
476,1,person,0,0.6916356682777405,387.3714599609375,245.60345458984375,10.199615478515625,28.31146240234375
476,8,person,0,0.6972188949584961,331.70294189453125,242.00241088867188,11.42022705078125,32.6619873046875
476,7,person,0,0.6089602112770081,306.4925537109375,239.94418334960938,7.361236572265625,26.910537719726562
477,1,person,0,0.6866485476493835,387.481201171875,245.37191772460938,10.20123291015625,28.010726928710938
477,8,person,0,0.7351093888282776,331.13995361328125,242.02687072753906,11.779876708984375,33.200958251953125
477,7,person,0,0.6234527826309204,306.50335693359375,240.03335571289062,7.386993408203125,26.757736206054688
478,1,person,0,0.7069042325019836,387.5661926269531,245.16943359375,10.278564453125,27.843795776367188
478,8,person,0,0.7124963402748108,330.7852783203125,241.9852752685547,11.6798095703125,33.355072021484375
478,7,person,0,0.6372430920600891,306.5799255371094,240.0916748046875,7.51885986328125,26.682876586914062
479,1,person,0,0.6995313167572021,387.72222900390625,245.06668090820312,10.152923583984375,27.6322021484375
479,8,person,0,0.6549668908119202,330.650390625,242.3944091796875,11.015167236328125,32.98619079589844
479,7,person,0,0.6402552723884583,306.671142578125,240.13352966308594,7.897125244140625,26.76263427734375
479,11,person,0,0.6295444369316101,348.83306884765625,232.5048828125,7.358428955078125,20.084243774414062
480,1,person,0,0.7064914703369141,387.9541015625,245.15567016601562,10.145538330078125,27.85931396484375
480,8,person,0,0.29195377230644226,330.30596923828125,238.77410888671875,9.74652099609375,25.661514282226562
480,7,person,0,0.6021737456321716,306.695556640625,240.13494873046875,8.04058837890625,26.877944946289062
480,11,person,0,0.5847811698913574,348.6041564941406,232.41749572753906,7.4091796875,20.1751708984375
481,1,person,0,0.708063542842865,388.29132080078125,244.90431213378906,10.142486572265625,28.224334716796875
481,8,person,0,0.3307700753211975,329.96624755859375,236.25184631347656,9.214691162109375,19.366943359375
481,7,person,0,0.6295797824859619,306.5671691894531,240.15640258789062,8.20733642578125,27.075088500976562
481,11,person,0,0.48745810985565186,348.20733642578125,232.40969848632812,7.487518310546875,20.264877319335938
482,1,person,0,0.7359738349914551,388.51104736328125,244.64735412597656,10.279998779296875,28.537384033203125
482,8,person,0,0.2665080726146698,329.648681640625,235.30853271484375,8.68560791015625,17.345108032226562
482,7,person,0,0.5538983941078186,306.551025390625,240.099365234375,8.269317626953125,26.897659301757812
482,11,person,0,0.30538541078567505,347.66656494140625,232.4451904296875,7.274078369140625,20.166030883789062
483,1,person,0,0.702815592288971,388.68853759765625,244.55447387695312,10.0225830078125,28.780288696289062
483,7,person,0,0.5186490416526794,306.5623779296875,239.96444702148438,8.14825439453125,26.894989013671875
483,11,person,0,0.3782251179218292,347.24755859375,232.30770874023438,7.5994873046875,19.976364135742188
484,1,person,0,0.723736047744751,389.0009765625,244.51455688476562,10.01043701171875,28.107345581054688
484,7,person,0,0.48137950897216797,306.5910339355469,239.9742889404297,8.068603515625,27.242950439453125
485,1,person,0,0.6926677227020264,389.20172119140625,244.18319702148438,10.076080322265625,27.897842407226562
485,7,person,0,0.4098737835884094,306.66973876953125,239.89334106445312,8.076812744140625,27.2381591796875
486,1,person,0,0.7030408382415771,389.33984375,244.33570861816406,9.997894287109375,27.458709716796875
486,7,person,0,0.3125374913215637,306.8050231933594,239.7322998046875,8.1387939453125,27.043777465820312
487,1,person,0,0.6408830285072327,389.447265625,244.16619873046875,10.00732421875,28.102462768554688
487,7,person,0,0.2847658395767212,306.7232666015625,237.92465209960938,8.44268798828125,23.1981201171875
488,1,person,0,0.665376603603363,389.4581298828125,244.3493194580078,9.75250244140625,28.576202392578125
488,7,person,0,0.3703416883945465,306.8187255859375,236.77432250976562,8.059661865234375,20.196685791015625
488,8,person,0,0.5045024156570435,326.94525146484375,241.67672729492188,9.219940185546875,27.751602172851562
488,11,person,0,0.5522947311401367,346.7431335449219,233.80062866210938,8.009765625,21.507522583007812
489,1,person,0,0.6219146251678467,389.42510986328125,244.1175537109375,9.64752197265625,29.354904174804688
489,7,person,0,0.44514793157577515,306.8457336425781,237.13824462890625,7.90045166015625,20.656478881835938
489,8,person,0,0.6371258497238159,326.09637451171875,242.25411987304688,10.87860107421875,29.910324096679688
489,11,person,0,0.3837023973464966,346.3076171875,233.92491149902344,8.27459716796875,21.570892333984375
490,1,person,0,0.6402506828308105,389.4720458984375,243.56884765625,9.752593994140625,29.981491088867188
490,7,person,0,0.45627209544181824,306.93035888671875,237.33944702148438,7.695159912109375,21.607376098632812
490,8,person,0,0.6222683787345886,325.72418212890625,243.24649047851562,11.630950927734375,30.517166137695312
490,11,person,0,0.5071775913238525,345.82781982421875,233.76577758789062,7.50469970703125,20.909378051757812
491,1,person,0,0.6564468741416931,389.59912109375,243.17678833007812,9.956207275390625,30.62884521484375
491,7,person,0,0.4635075628757477,306.8092346191406,237.41221618652344,7.8037109375,21.732666015625
491,8,person,0,0.5751453042030334,325.1618347167969,243.70916748046875,12.3717041015625,29.839279174804688
491,11,person,0,0.49997830390930176,345.52056884765625,234.32955932617188,7.177703857421875,20.184951782226562
492,1,person,0,0.6429556608200073,389.6885986328125,242.4422607421875,10.03314208984375,31.13275146484375
492,7,person,0,0.36604979634284973,306.7706604003906,237.2831268310547,7.962890625,21.92364501953125
492,8,person,0,0.5632461309432983,324.6366882324219,243.58837890625,11.67059326171875,29.373336791992188
492,11,person,0,0.4281139671802521,345.286376953125,234.0082244873047,7.060211181640625,20.180511474609375
493,1,person,0,0.6765921711921692,389.8192443847656,242.531494140625,10.02691650390625,31.147872924804688
493,7,person,0,0.4551094174385071,306.7231750488281,237.3563232421875,8.1912841796875,22.504486083984375
493,8,person,0,0.6276138424873352,324.8063659667969,243.31797790527344,12.8695068359375,30.400115966796875
493,11,person,0,0.5065218210220337,345.0888671875,233.6343994140625,7.273040771484375,20.145782470703125
494,1,person,0,0.6991171836853027,390.01202392578125,242.83331298828125,10.114837646484375,30.852249145507812
494,7,person,0,0.43110302090644836,306.66436767578125,237.29736328125,8.20001220703125,22.9698486328125
494,8,person,0,0.6249985694885254,324.7373352050781,242.77182006835938,13.9866943359375,32.017333984375
494,11,person,0,0.5367587208747864,344.71331787109375,233.64047241210938,7.65057373046875,20.769805908203125
495,1,person,0,0.6978462338447571,390.0594482421875,243.28369140625,10.04583740234375,29.73333740234375
495,7,person,0,0.4954301118850708,306.5946044921875,237.760986328125,8.243499755859375,23.66607666015625
495,8,person,0,0.6118125915527344,324.6456298828125,242.51231384277344,14.18829345703125,32.630767822265625
495,11,person,0,0.4202219843864441,342.73291015625,233.69189453125,9.076934814453125,20.855255126953125
496,1,person,0,0.7093798518180847,390.1142272949219,243.20448303222656,10.1878662109375,30.485931396484375
496,7,person,0,0.4984268844127655,306.5087585449219,238.32449340820312,8.3193359375,24.129898071289062
496,8,person,0,0.5955155491828918,324.2298278808594,242.52679443359375,14.02569580078125,33.063720703125
496,11,person,0,0.4489765465259552,343.26788330078125,233.85818481445312,8.180084228515625,21.102798461914062
497,1,person,0,0.6946033239364624,390.2494201660156,243.3648681640625,10.26458740234375,30.524185180664062
497,7,person,0,0.42817291617393494,306.6116943359375,237.7884063720703,8.371795654296875,23.08013916015625
497,8,person,0,0.5586985349655151,323.75537109375,242.53868103027344,13.52886962890625,33.351531982421875
497,11,person,0,0.47821733355522156,343.60107421875,233.92005920410156,7.76580810546875,21.138458251953125
498,1,person,0,0.6885409951210022,390.29180908203125,243.64712524414062,10.212432861328125,30.397781372070312
498,7,person,0,0.31953898072242737,306.59954833984375,237.55772399902344,8.319732666015625,22.383697509765625
498,8,person,0,0.410709947347641,323.0408935546875,242.33175659179688,12.18890380859375,33.35307312011719
498,11,person,0,0.46148353815078735,342.09033203125,234.02667236328125,8.305877685546875,21.03814697265625
499,1,person,0,0.6954657435417175,390.3529968261719,243.9359588623047,10.16632080078125,30.184417724609375
499,7,person,0,0.4152142405509949,306.4725036621094,238.09808349609375,8.3841552734375,23.9296875
499,8,person,0,0.5607852339744568,322.30059814453125,242.40032958984375,11.840362548828125,34.0545654296875
499,11,person,0,0.4893021583557129,341.50762939453125,234.30111694335938,8.423858642578125,21.025558471679688
500,1,person,0,0.7187259197235107,390.3138427734375,243.87478637695312,10.056182861328125,29.63311767578125
500,7,person,0,0.4557855427265167,306.31884765625,238.47836303710938,8.435150146484375,24.449813842773438
500,8,person,0,0.34746214747428894,320.52294921875,242.838623046875,10.770233154296875,32.60093688964844
500,11,person,0,0.28063446283340454,341.3157043457031,234.1235809326172,8.20245361328125,21.332672119140625
501,1,person,0,0.7243760824203491,390.37091064453125,243.85159301757812,9.985504150390625,28.811019897460938
501,7,person,0,0.46945175528526306,306.248779296875,238.6514129638672,8.40399169921875,24.4971923828125
501,8,person,0,0.43973687291145325,320.1328125,243.15264892578125,10.066131591796875,33.875244140625
501,11,person,0,0.3420692980289459,340.765869140625,234.03424072265625,8.24932861328125,21.613632202148438
502,1,person,0,0.7132605910301208,390.356689453125,244.120361328125,10.063079833984375,28.644027709960938
502,7,person,0,0.4548717439174652,306.25933837890625,239.0330810546875,8.36138916015625,25.538299560546875
502,8,person,0,0.40790945291519165,319.3828125,243.27487182617188,10.046051025390625,32.58076477050781
502,11,person,0,0.5730305314064026,340.4605712890625,234.02435302734375,8.5902099609375,21.8995361328125
503,1,person,0,0.7086479067802429,390.473876953125,244.14776611328125,10.118133544921875,28.53912353515625
503,7,person,0,0.3239385485649109,306.21875,239.37942504882812,8.163238525390625,26.336898803710938
503,8,person,0,0.19264493882656097,318.94183349609375,242.0034637451172,9.381622314453125,28.207122802734375
503,11,person,0,0.47728851437568665,340.382568359375,233.95326232910156,8.486480712890625,22.5018310546875
504,1,person,0,0.7004981637001038,390.57781982421875,244.08607482910156,9.995391845703125,28.180572509765625
504,7,person,0,0.2887115478515625,306.2122802734375,239.63552856445312,7.945404052734375,26.217727661132812
504,11,person,0,0.22966907918453217,340.2433166503906,234.1180419921875,7.99993896484375,22.435760498046875
505,1,person,0,0.7019846439361572,390.5675964355469,244.21490478515625,10.02032470703125,28.457351684570312
505,7,person,0,0.18797741830348969,306.13275146484375,239.04983520507812,7.701751708984375,25.063400268554688
505,11,person,0,0.36007067561149597,340.060302734375,234.286865234375,8.179534912109375,22.731552124023438
506,1,person,0,0.7043520212173462,390.48504638671875,244.295654296875,10.170654296875,28.684280395507812
506,7,person,0,0.3532840311527252,306.2862548828125,238.36956787109375,7.575592041015625,23.862762451171875
506,11,person,0,0.2363092005252838,339.8127136230469,234.36196899414062,8.43804931640625,23.024688720703125
507,1,person,0,0.7023889422416687,390.4882507324219,244.10406494140625,10.34075927734375,28.507705688476562
507,7,person,0,0.2779565751552582,306.35040283203125,238.56446838378906,7.459686279296875,24.151641845703125
507,11,person,0,0.1987597644329071,339.36419677734375,234.39016723632812,8.357025146484375,22.887222290039062
508,1,person,0,0.6918951272964478,390.5086669921875,244.06764221191406,10.211334228515625,28.177520751953125
508,7,person,0,0.19698446989059448,306.30340576171875,239.02133178710938,7.240875244140625,24.156234741210938
508,11,person,0,0.3631357252597809,339.2071533203125,234.35556030273438,8.47784423828125,22.602310180664062
509,1,person,0,0.6742922067642212,390.5169677734375,244.01437377929688,10.173980712890625,28.009109497070312
509,7,person,0,0.16856150329113007,306.2888488769531,238.95651245117188,7.2713623046875,24.683364868164062
509,11,person,0,0.5655044913291931,339.13580322265625,234.44297790527344,9.06256103515625,22.996917724609375
510,1,person,0,0.681829571723938,390.5012512207031,244.0169677734375,10.3189697265625,28.162857055664062
510,7,person,0,0.2818022668361664,306.3940124511719,239.1451416015625,7.2906494140625,25.13751220703125
510,11,person,0,0.5282078385353088,339.15460205078125,234.396728515625,9.102203369140625,22.959259033203125
511,1,person,0,0.6792264580726624,390.444580078125,244.14736938476562,10.306610107421875,27.722274780273438
511,7,person,0,0.2551897168159485,306.5258483886719,238.9027099609375,7.42047119140625,24.873275756835938
511,11,person,0,0.4735077917575836,339.02667236328125,234.2413330078125,8.879730224609375,22.493911743164062
512,1,person,0,0.6903052926063538,390.17156982421875,244.234619140625,10.703460693359375,27.70672607421875
512,7,person,0,0.2349366843700409,306.88470458984375,238.60400390625,7.286834716796875,23.409194946289062
512,11,person,0,0.5572430491447449,338.80523681640625,234.43223571777344,8.805450439453125,22.309295654296875
513,1,person,0,0.6897357702255249,390.1804504394531,244.15493774414062,10.770751953125,27.70172119140625
513,7,person,0,0.3708455562591553,307.0408935546875,237.20130920410156,7.3165283203125,24.22088623046875
513,11,person,0,0.5401550531387329,338.8223876953125,234.49755859375,8.63470458984375,22.222579956054688
514,1,person,0,0.691383421421051,390.34136962890625,244.10418701171875,10.656829833984375,27.62017822265625
514,7,person,0,0.2335580736398697,307.2017822265625,237.1678924560547,6.893707275390625,23.45880126953125
514,11,person,0,0.4598524272441864,338.821533203125,234.3145751953125,8.606597900390625,21.776214599609375
515,1,person,0,0.689293384552002,390.50347900390625,244.12237548828125,10.701446533203125,27.188949584960938
515,7,person,0,0.20674285292625427,307.44940185546875,237.7239990234375,6.53021240234375,23.2647705078125
515,11,person,0,0.29079002141952515,338.58892822265625,234.29470825195312,8.735748291015625,21.618194580078125
516,1,person,0,0.6591247320175171,390.77142333984375,244.12977600097656,10.516937255859375,26.832366943359375
516,11,person,0,0.2574484348297119,338.387939453125,234.33071899414062,8.711273193359375,20.93170166015625
517,1,person,0,0.6466308832168579,390.90338134765625,243.9888916015625,10.3876953125,26.977615356445312
517,11,person,0,0.3811177611351013,338.1005859375,234.34817504882812,8.748626708984375,20.486038208007812
518,1,person,0,0.6185653209686279,391.0425109863281,243.7324676513672,10.18109130859375,26.959503173828125
518,11,person,0,0.5894622802734375,337.9958190917969,234.09976196289062,8.5120849609375,20.140487670898438
519,1,person,0,0.6208153963088989,391.1182556152344,243.37521362304688,10.3116455078125,27.247604370117188
519,11,person,0,0.6685320734977722,337.89996337890625,234.19139099121094,8.761444091796875,20.81353759765625
520,1,person,0,0.6199221611022949,391.05975341796875,243.27975463867188,10.488128662109375,27.71527099609375
520,11,person,0,0.6780804991722107,337.78179931640625,234.34378051757812,8.762847900390625,21.72393798828125
520,8,person,0,0.5539982914924622,311.3348693847656,243.50347900390625,12.12286376953125,35.40252685546875
521,1,person,0,0.6389452219009399,391.2578430175781,243.14976501464844,10.32855224609375,27.805084228515625
521,11,person,0,0.6808236837387085,337.561279296875,234.1470947265625,8.5443115234375,21.881668090820312
521,12,person,0,0.6485517621040344,359.2136535644531,236.48599243164062,7.53082275390625,23.605056762695312
521,8,person,0,0.562404990196228,310.99639892578125,243.37802124023438,11.942230224609375,35.11381530761719
522,1,person,0,0.6317203044891357,391.2957458496094,243.09768676757812,10.0185546875,27.762619018554688
522,11,person,0,0.6599115133285522,337.35302734375,234.3105926513672,8.45782470703125,22.4915771484375
522,12,person,0,0.6113271713256836,359.0904541015625,236.29315185546875,7.417083740234375,23.241729736328125
522,8,person,0,0.5599584579467773,310.6651611328125,243.54605102539062,12.118988037109375,35.31500244140625
523,1,person,0,0.6306167840957642,391.22821044921875,243.24038696289062,9.82318115234375,28.106201171875
523,11,person,0,0.6430857181549072,337.25164794921875,234.20059204101562,8.331146240234375,22.332015991210938
523,12,person,0,0.6253400444984436,359.0491943359375,236.45196533203125,7.377532958984375,23.1241455078125
523,8,person,0,0.6396842002868652,310.05242919921875,243.45994567871094,12.568359375,35.319061279296875
524,1,person,0,0.6433194875717163,391.3823547363281,243.24664306640625,9.81402587890625,27.97021484375
524,11,person,0,0.6427969336509705,337.268798828125,233.69918823242188,8.253753662109375,21.410263061523438
524,12,person,0,0.6419588923454285,359.1203308105469,236.38966369628906,7.55194091796875,23.4110107421875
524,8,person,0,0.6657804846763611,309.4070739746094,243.2228240966797,13.007568359375,35.626617431640625
525,1,person,0,0.6157130599021912,391.4903564453125,243.24398803710938,9.830963134765625,28.279434204101562
525,11,person,0,0.6452386975288391,337.24395751953125,233.609375,8.168670654296875,21.654037475585938
525,12,person,0,0.6612371802330017,359.1500244140625,236.84861755371094,7.575653076171875,23.801239013671875
525,8,person,0,0.6114277839660645,309.0247802734375,243.16908264160156,12.973175048828125,36.004608154296875
526,1,person,0,0.637067973613739,391.4840087890625,243.24334716796875,9.93255615234375,28.685546875
526,11,person,0,0.6298786401748657,336.97235107421875,234.29769897460938,8.20001220703125,23.253250122070312
526,12,person,0,0.6909219026565552,359.17388916015625,237.07711791992188,7.61322021484375,24.316360473632812
526,8,person,0,0.620552659034729,309.2223205566406,243.2705078125,11.6397705078125,35.82389831542969
527,1,person,0,0.6335503458976746,391.5025634765625,243.17266845703125,10.02490234375,28.910293579101562
527,11,person,0,0.6525407433509827,336.76470947265625,234.56434631347656,8.264251708984375,24.146728515625
527,12,person,0,0.667953610420227,359.1786193847656,237.10406494140625,7.6739501953125,24.383132934570312
527,8,person,0,0.6109551787376404,309.02020263671875,243.2372283935547,10.864532470703125,35.552825927734375
528,1,person,0,0.6211674213409424,391.5314025878906,243.11819458007812,10.1741943359375,28.77105712890625
528,11,person,0,0.6112815737724304,336.74322509765625,234.79290771484375,8.202850341796875,24.5560302734375
528,12,person,0,0.659329891204834,359.22637939453125,237.11376953125,7.763824462890625,24.397384643554688
528,8,person,0,0.5844874978065491,308.510498046875,243.3053741455078,12.024871826171875,35.591766357421875
529,1,person,0,0.6560369729995728,391.43585205078125,243.05126953125,10.1534423828125,28.87664794921875
529,11,person,0,0.6310955882072449,336.4796142578125,235.15023803710938,8.508056640625,25.062530517578125
529,12,person,0,0.6811037063598633,359.25518798828125,237.1910400390625,7.8011474609375,24.59613037109375
529,8,person,0,0.5686452984809875,307.94720458984375,243.54136657714844,13.374847412109375,36.099945068359375
530,1,person,0,0.6564766764640808,391.3918762207031,242.9398193359375,10.113525390625,29.1669921875
530,11,person,0,0.593571126461029,336.3345031738281,235.29281616210938,8.66876220703125,25.623794555664062
530,12,person,0,0.6828343272209167,359.3133544921875,237.20050048828125,7.75640869140625,24.896652221679688
530,8,person,0,0.600071907043457,307.79345703125,243.67816162109375,13.991607666015625,36.24281311035156
531,1,person,0,0.6552814245223999,391.49639892578125,242.84725952148438,10.249114990234375,29.57220458984375
531,11,person,0,0.5712074637413025,336.2582092285156,235.4459228515625,8.845703125,25.582015991210938
531,12,person,0,0.6910728216171265,359.3767395019531,237.24295043945312,7.9068603515625,25.095932006835938
531,8,person,0,0.6102524995803833,307.875,243.931396484375,14.8336181640625,36.00776672363281
532,1,person,0,0.662663459777832,391.39715576171875,242.69479370117188,10.042388916015625,29.007614135742188
532,11,person,0,0.5474675893783569,336.3096923828125,235.55410766601562,8.75677490234375,25.412872314453125
532,12,person,0,0.5751987099647522,359.4559326171875,237.27647399902344,7.900665283203125,25.142333984375
532,8,person,0,0.6373786330223083,307.7998046875,243.94949340820312,14.718963623046875,35.8780517578125
533,1,person,0,0.6626657843589783,391.14715576171875,242.33975219726562,9.675872802734375,29.270431518554688
533,11,person,0,0.5243701934814453,336.400390625,235.78793334960938,8.650054931640625,25.202407836914062
533,12,person,0,0.6093921065330505,359.5289611816406,237.61257934570312,7.96282958984375,25.575302124023438
533,8,person,0,0.5602025985717773,307.4822692871094,243.74647521972656,13.2156982421875,35.080657958984375
534,1,person,0,0.6647891998291016,391.0736389160156,242.20394897460938,9.66302490234375,29.28564453125
534,11,person,0,0.49454134702682495,336.2933044433594,235.67967224121094,8.818359375,25.344268798828125
534,12,person,0,0.646240234375,359.59942626953125,238.1251220703125,8.219696044921875,26.676406860351562
534,8,person,0,0.5363622307777405,307.175048828125,243.6067352294922,12.953826904296875,35.396759033203125
535,1,person,0,0.6654424071311951,391.0465087890625,242.32666015625,9.498199462890625,28.711105346679688
535,11,person,0,0.48364636301994324,336.21380615234375,235.72406005859375,8.911895751953125,25.325149536132812
535,12,person,0,0.6686351299285889,359.721435546875,238.24317932128906,8.375457763671875,26.695770263671875
535,8,person,0,0.5523682832717896,306.90972900390625,243.32537841796875,12.2530517578125,35.30474853515625
536,1,person,0,0.6585899591445923,391.0105285644531,242.33450317382812,9.40069580078125,28.2117919921875
536,11,person,0,0.5001821517944336,336.27984619140625,235.62490844726562,8.808319091796875,25.3717041015625
536,12,person,0,0.6929278373718262,359.8205261230469,238.10403442382812,8.487548828125,26.305770874023438
536,8,person,0,0.6463241577148438,306.514892578125,242.9084930419922,12.217376708984375,36.074005126953125
537,1,person,0,0.6716752052307129,390.8836364746094,242.18890380859375,9.581787109375,28.140853881835938
537,11,person,0,0.5124660134315491,336.18719482421875,235.6444091796875,9.070770263671875,25.655044555664062
537,12,person,0,0.7308669090270996,359.8465270996094,237.6584014892578,8.50299072265625,25.266021728515625
537,8,person,0,0.5408163666725159,306.1868896484375,242.9910888671875,11.791046142578125,36.79716491699219
538,1,person,0,0.6793378591537476,390.6767883300781,242.26699829101562,9.62353515625,27.767623901367188
538,11,person,0,0.48781970143318176,336.0205078125,236.08163452148438,9.314971923828125,26.071395874023438
538,12,person,0,0.7340627908706665,359.79681396484375,237.69158935546875,8.53179931640625,24.871231079101562
538,8,person,0,0.5594792366027832,305.97686767578125,243.1797332763672,12.081817626953125,37.077423095703125
539,1,person,0,0.7014716863632202,390.543212890625,242.16079711914062,9.721527099609375,28.004638671875
539,11,person,0,0.4876856803894043,335.79302978515625,236.1920166015625,9.175567626953125,26.359603881835938
539,12,person,0,0.710997462272644,359.83966064453125,237.75857543945312,8.582916259765625,25.065444946289062
539,8,person,0,0.6264491677284241,305.71685791015625,243.185791015625,12.115081787109375,37.4346923828125
540,1,person,0,0.7005217671394348,390.5067443847656,242.0581817626953,9.83245849609375,28.070831298828125
540,11,person,0,0.48049139976501465,335.6950988769531,236.29336547851562,9.06732177734375,26.375259399414062
540,12,person,0,0.7060449719429016,359.8742980957031,237.82388305664062,8.570068359375,25.074478149414062
540,8,person,0,0.6068457365036011,305.2611083984375,243.3822021484375,11.903350830078125,37.39019775390625
541,1,person,0,0.6916025280952454,390.26715087890625,242.14585876464844,9.98834228515625,28.356536865234375
541,11,person,0,0.5270369648933411,335.530517578125,236.54075622558594,8.98345947265625,26.3668212890625
541,12,person,0,0.701972246170044,359.8111572265625,237.8690185546875,8.5518798828125,25.099685668945312
541,8,person,0,0.5164309144020081,304.86956787109375,243.31024169921875,11.739837646484375,36.36405944824219
542,1,person,0,0.6951194405555725,390.2471923828125,242.1932830810547,9.99603271484375,28.141143798828125
542,11,person,0,0.49836161732673645,335.4632568359375,236.69415283203125,8.939910888671875,26.544021606445312
542,12,person,0,0.7035741209983826,359.8681640625,237.8295440673828,8.673492431640625,25.10101318359375
542,8,person,0,0.47327589988708496,304.4669189453125,241.8944091796875,11.405181884765625,32.56597900390625
543,1,person,0,0.6805805563926697,390.27545166015625,242.2021942138672,10.14642333984375,28.114105224609375
543,11,person,0,0.5232523679733276,335.43548583984375,236.96478271484375,9.032989501953125,26.976760864257812
543,12,person,0,0.6884284615516663,359.87115478515625,237.93099975585938,8.664154052734375,25.267974853515625
543,8,person,0,0.3940572440624237,303.65142822265625,241.15208435058594,11.234161376953125,30.196319580078125
544,1,person,0,0.6933640837669373,390.26629638671875,242.3057861328125,10.3670654296875,28.79876708984375
544,11,person,0,0.5404672026634216,335.42218017578125,237.3424530029297,9.044097900390625,27.279327392578125
544,12,person,0,0.6721553206443787,359.81494140625,238.1767578125,8.643463134765625,25.694122314453125
544,8,person,0,0.41019535064697266,302.7884521484375,241.084716796875,11.375946044921875,29.363143920898438
545,1,person,0,0.7073462605476379,390.2983703613281,242.33038330078125,10.41571044921875,28.600357055664062
545,11,person,0,0.5362827777862549,335.39776611328125,237.41455078125,9.059295654296875,27.616012573242188
545,12,person,0,0.6404905319213867,359.90399169921875,238.15032958984375,8.496124267578125,25.559402465820312
545,8,person,0,0.5706220269203186,302.3141174316406,243.1985626220703,11.6160888671875,33.740997314453125
546,1,person,0,0.7040917873382568,390.41644287109375,242.41270446777344,10.323028564453125,28.334991455078125
546,11,person,0,0.5485086441040039,335.3954772949219,237.26058959960938,9.05047607421875,27.671768188476562
546,12,person,0,0.5650840401649475,359.98382568359375,237.97543334960938,8.245391845703125,25.166915893554688
546,8,person,0,0.6632459163665771,302.2215270996094,244.0152587890625,11.8626708984375,35.03279113769531
547,1,person,0,0.701713502407074,390.458984375,242.4906005859375,10.134674072265625,28.25958251953125
547,11,person,0,0.5505783557891846,335.35272216796875,237.62391662597656,9.021728515625,27.618438720703125
547,12,person,0,0.5899102091789246,359.88824462890625,238.01373291015625,7.8187255859375,25.171707153320312
547,8,person,0,0.7143988609313965,302.1519775390625,244.42605590820312,12.28741455078125,35.52923583984375
548,1,person,0,0.6852626800537109,390.552001953125,242.50552368164062,9.828369140625,28.414169311523438
548,11,person,0,0.5594822764396667,335.2696228027344,237.80328369140625,9.01611328125,27.612106323242188
548,12,person,0,0.6540724039077759,359.89654541015625,238.15440368652344,7.934814453125,25.03021240234375
548,8,person,0,0.7277111411094666,302.05712890625,244.7666015625,12.49456787109375,35.82850646972656
549,1,person,0,0.6800305247306824,390.668212890625,242.4642333984375,9.603912353515625,27.625930786132812
549,11,person,0,0.5543512105941772,335.260498046875,237.72372436523438,9.08782958984375,27.408767700195312
549,12,person,0,0.599185585975647,360.01092529296875,237.9019775390625,7.822052001953125,24.416702270507812
549,8,person,0,0.7571990489959717,301.99017333984375,244.56829833984375,12.528350830078125,36.05206298828125
550,1,person,0,0.6748378276824951,390.65118408203125,242.52658081054688,9.258880615234375,26.875259399414062
550,11,person,0,0.5585299134254456,335.20086669921875,237.73516845703125,9.1544189453125,27.369522094726562
550,12,person,0,0.5833183526992798,360.16168212890625,237.9398193359375,7.73052978515625,24.135787963867188
550,8,person,0,0.7225598692893982,301.854736328125,244.67835998535156,12.366241455078125,35.668121337890625
551,1,person,0,0.6746808290481567,390.70465087890625,242.38671875,9.1151123046875,26.434600830078125
551,11,person,0,0.5051646828651428,335.17645263671875,237.68124389648438,9.147216796875,27.512771606445312
551,12,person,0,0.5104019045829773,360.29339599609375,238.43939208984375,7.7713623046875,24.725906372070312
551,8,person,0,0.6830481290817261,301.7823181152344,244.60379028320312,12.30950927734375,35.41905212402344
552,1,person,0,0.6506074070930481,390.87774658203125,242.47900390625,9.257720947265625,26.2347412109375
552,11,person,0,0.49123212695121765,335.15570068359375,237.664794921875,9.266143798828125,27.531265258789062
552,12,person,0,0.5394468307495117,360.4281005859375,238.6338653564453,7.81341552734375,25.031951904296875
552,8,person,0,0.7164257764816284,301.719970703125,244.88327026367188,12.436187744140625,36.20323181152344
553,1,person,0,0.6656222343444824,390.99700927734375,242.15310668945312,9.392974853515625,26.64337158203125
553,11,person,0,0.5258379578590393,335.23175048828125,237.55133056640625,9.353546142578125,27.45953369140625
553,12,person,0,0.5393480062484741,360.6748046875,238.55682373046875,8.093597412109375,24.742294311523438
553,8,person,0,0.7315487861633301,301.59033203125,244.73175048828125,12.54638671875,36.43321228027344
554,1,person,0,0.6568865180015564,390.8948974609375,242.03404235839844,9.541412353515625,27.1666259765625
554,11,person,0,0.5773955583572388,335.20440673828125,237.68414306640625,9.441253662109375,27.665725708007812
554,12,person,0,0.5767643451690674,360.7947082519531,238.62152099609375,8.32794189453125,24.920974731445312
554,8,person,0,0.6391054391860962,301.35113525390625,243.40780639648438,12.617156982421875,33.56999206542969
555,1,person,0,0.6880621314048767,390.8993225097656,241.90415954589844,9.59625244140625,27.149932861328125
555,11,person,0,0.5367167592048645,335.26336669921875,237.64598083496094,9.479217529296875,27.780181884765625
555,12,person,0,0.5460828542709351,360.95135498046875,238.7460479736328,8.533477783203125,25.234893798828125
555,8,person,0,0.6648949980735779,301.1732482910156,243.46200561523438,12.61187744140625,33.62615966796875
556,1,person,0,0.7009609937667847,390.80706787109375,241.89178466796875,9.760467529296875,27.307769775390625
556,11,person,0,0.5095882415771484,335.2864990234375,237.94577026367188,9.33380126953125,28.109619140625
556,12,person,0,0.4949130415916443,360.9625244140625,238.87332153320312,8.645355224609375,25.781646728515625
556,8,person,0,0.6213003993034363,300.8651123046875,243.39682006835938,12.569366455078125,33.12306213378906
557,1,person,0,0.6866582036018372,390.7507629394531,241.9325408935547,9.75958251953125,27.476470947265625
557,11,person,0,0.5388943552970886,335.3138122558594,237.98362731933594,9.40264892578125,28.19305419921875
557,12,person,0,0.4943687915802002,361.169677734375,239.28466796875,8.512054443359375,26.5892333984375
557,8,person,0,0.6392790079116821,300.66510009765625,244.106689453125,12.522247314453125,34.76750183105469
558,1,person,0,0.674196183681488,390.680908203125,242.0633544921875,9.7852783203125,27.782882690429688
558,11,person,0,0.5515345931053162,335.32891845703125,237.95693969726562,9.366790771484375,27.878952026367188
558,12,person,0,0.5326051115989685,361.38385009765625,239.73394775390625,8.74462890625,27.17694091796875
558,8,person,0,0.6658362150192261,300.56109619140625,244.74896240234375,12.877685546875,35.80000305175781
559,1,person,0,0.6629701852798462,390.64111328125,242.07986450195312,9.638427734375,27.760055541992188
559,11,person,0,0.5825388431549072,335.40618896484375,237.9927978515625,9.40069580078125,27.922622680664062
559,12,person,0,0.6095960736274719,361.687744140625,240.11431884765625,9.283294677734375,27.471969604492188
559,8,person,0,0.7239460945129395,300.41448974609375,244.9522705078125,12.745758056640625,36.13621520996094
560,1,person,0,0.6574162244796753,390.647216796875,241.9628143310547,9.528106689453125,27.6876220703125
560,11,person,0,0.524868905544281,335.52056884765625,237.87234497070312,9.22869873046875,27.81072998046875
560,12,person,0,0.5511337518692017,361.84686279296875,239.9496612548828,9.36065673828125,27.706146240234375
560,8,person,0,0.7218217253684998,300.30706787109375,244.78480529785156,12.583526611328125,35.851287841796875
561,1,person,0,0.6542767882347107,390.5303955078125,241.78076171875,9.530487060546875,28.109573364257812
561,11,person,0,0.5776517391204834,335.5073547363281,237.98721313476562,9.184326171875,27.6932373046875
561,12,person,0,0.42626887559890747,361.88873291015625,240.02589416503906,9.2440185546875,27.760772705078125
561,8,person,0,0.7154410481452942,300.03363037109375,244.56532287597656,12.450469970703125,35.341094970703125
562,1,person,0,0.6774864792823792,390.3765869140625,241.79364013671875,9.57635498046875,28.184585571289062
562,11,person,0,0.5304973125457764,335.47216796875,237.88104248046875,9.245025634765625,27.325714111328125
562,12,person,0,0.3159448206424713,361.86480712890625,239.9053497314453,8.41143798828125,27.45379638671875
562,8,person,0,0.7046160697937012,299.79833984375,244.77813720703125,12.510162353515625,35.49140930175781
563,1,person,0,0.6948379874229431,390.20074462890625,241.7630157470703,9.8590087890625,28.30950927734375
563,11,person,0,0.5352241396903992,335.2503662109375,237.81031799316406,9.574249267578125,27.095855712890625
563,12,person,0,0.4073837101459503,362.092041015625,239.9155731201172,8.548919677734375,27.28106689453125
563,8,person,0,0.7261914610862732,299.2623291015625,244.8508758544922,12.83489990234375,35.555572509765625
564,1,person,0,0.7122433185577393,390.1419677734375,241.56686401367188,10.035308837890625,28.313766479492188
564,11,person,0,0.4854978024959564,334.900634765625,237.62501525878906,10.356903076171875,26.936553955078125
564,12,person,0,0.48606184124946594,362.51165771484375,239.73529052734375,9.323486328125,27.09552001953125
564,8,person,0,0.761287271976471,298.74053955078125,244.78030395507812,14.299468994140625,36.16290283203125
565,1,person,0,0.72902512550354,390.12127685546875,241.36529541015625,10.241424560546875,28.31463623046875
565,11,person,0,0.5338201522827148,335.000732421875,237.4260711669922,10.143096923828125,26.7677001953125
565,12,person,0,0.5598401427268982,362.86773681640625,240.0067138671875,9.731109619140625,27.708877563476562
565,8,person,0,0.7393490672111511,298.4614562988281,244.7559814453125,14.5223388671875,36.27662658691406
566,1,person,0,0.7214071154594421,389.9687194824219,241.57553100585938,10.0020751953125,27.281784057617188
566,11,person,0,0.5025855898857117,335.04547119140625,237.42022705078125,10.097503662109375,26.768173217773438
566,12,person,0,0.6300974488258362,363.1339416503906,240.10031127929688,10.25604248046875,28.159774780273438
566,8,person,0,0.7508517503738403,298.0888366699219,244.68783569335938,13.9129638671875,36.06463623046875
567,1,person,0,0.7109225988388062,389.6791687011719,241.466796875,10.08660888671875,27.035842895507812
567,11,person,0,0.5324612259864807,334.9892578125,237.45272827148438,10.061126708984375,26.475433349609375
567,12,person,0,0.5374200344085693,363.3033142089844,240.10696411132812,10.32073974609375,27.954681396484375
567,8,person,0,0.756302535533905,297.9957275390625,244.71170043945312,13.835052490234375,36.095947265625
568,1,person,0,0.7168831825256348,389.46636962890625,241.7807159423828,10.143585205078125,27.154876708984375
568,11,person,0,0.34209078550338745,335.021484375,237.025390625,9.727508544921875,24.924346923828125
568,12,person,0,0.43017134070396423,363.100341796875,240.10748291015625,9.661895751953125,27.711395263671875
568,8,person,0,0.7441889643669128,298.24652099609375,244.7470703125,13.103668212890625,35.98527526855469
569,1,person,0,0.7242046594619751,389.0634765625,241.8570556640625,10.060760498046875,27.245559692382812
569,11,person,0,0.4401952028274536,334.8028564453125,237.55450439453125,10.22662353515625,26.371505737304688
569,12,person,0,0.35711875557899475,362.94775390625,240.8690643310547,9.320587158203125,27.18548583984375
569,8,person,0,0.7574309706687927,298.014404296875,244.89520263671875,12.931304931640625,36.07440185546875
570,1,person,0,0.7331827282905579,388.779052734375,241.65911865234375,9.692962646484375,27.130233764648438
570,11,person,0,0.5572053790092468,334.86962890625,237.19589233398438,10.15789794921875,26.007461547851562
570,12,person,0,0.46441760659217834,363.05279541015625,240.91690063476562,9.679229736328125,27.493026733398438
570,8,person,0,0.7743586301803589,297.82177734375,245.0457305908203,12.2469482421875,36.155120849609375
571,1,person,0,0.7370347380638123,388.5718078613281,241.70013427734375,9.188232421875,27.035720825195312
571,11,person,0,0.5421091318130493,335.08367919921875,237.14947509765625,9.753814697265625,26.126480102539062
571,12,person,0,0.5609639883041382,363.1382751464844,240.62820434570312,9.98681640625,27.865554809570312
571,8,person,0,0.7641586661338806,297.7646484375,245.21482849121094,11.941558837890625,36.478302001953125
572,1,person,0,0.7326021194458008,388.51068115234375,241.58120727539062,9.137237548828125,27.039947509765625
572,11,person,0,0.48064088821411133,335.04217529296875,236.79898071289062,9.7010498046875,25.716018676757812
572,12,person,0,0.5223835706710815,363.402099609375,240.26434326171875,10.027252197265625,28.066024780273438
572,8,person,0,0.7783781886100769,297.774658203125,245.2848358154297,11.914764404296875,36.508148193359375
573,1,person,0,0.746468722820282,388.1246643066406,241.43992614746094,9.379150390625,26.479522705078125
573,11,person,0,0.5422490239143372,335.028564453125,236.700927734375,9.680084228515625,25.649887084960938
573,12,person,0,0.48996251821517944,363.5044860839844,239.16143798828125,9.880859375,26.592681884765625
573,8,person,0,0.7714887857437134,297.53533935546875,245.331298828125,12.056396484375,36.5380859375
574,1,person,0,0.7475081086158752,387.7137451171875,241.3619384765625,9.402984619140625,25.849014282226562
574,11,person,0,0.445162296295166,334.9759216308594,236.8953094482422,9.583984375,25.805999755859375
574,12,person,0,0.41473817825317383,363.2431640625,237.21173095703125,9.055450439453125,22.740341186523438
574,8,person,0,0.7434646487236023,297.0911865234375,245.283203125,11.958221435546875,36.63417053222656
575,1,person,0,0.7466591000556946,387.5032653808594,241.53173828125,9.50506591796875,26.059310913085938
575,11,person,0,0.45946747064590454,335.0816650390625,237.1600341796875,9.20751953125,25.870956420898438
575,12,person,0,0.4972408413887024,363.6704406738281,236.68511962890625,9.574951171875,21.629226684570312
575,8,person,0,0.7171985507011414,296.8807067871094,245.3557891845703,11.85919189453125,36.666168212890625
576,1,person,0,0.7480869293212891,387.47247314453125,241.43637084960938,9.5614013671875,26.251113891601562
576,11,person,0,0.47505173087120056,335.166259765625,237.26730346679688,9.169342041015625,26.2255859375
576,12,person,0,0.4327031672000885,363.68035888671875,237.29678344726562,9.03289794921875,24.32818603515625
576,8,person,0,0.7411405444145203,296.6700439453125,245.33294677734375,11.519927978515625,36.58160400390625
577,1,person,0,0.7303032279014587,387.37750244140625,241.57432556152344,9.61395263671875,26.6536865234375
577,11,person,0,0.5597434639930725,335.1207580566406,237.4218292236328,9.30657958984375,26.23828125
577,12,person,0,0.43350186944007874,363.612548828125,237.93960571289062,8.436309814453125,25.8466796875
577,8,person,0,0.7564489245414734,296.5069885253906,245.33966064453125,11.353515625,36.49822998046875
578,1,person,0,0.740058422088623,387.06268310546875,241.67416381835938,9.5335693359375,26.524642944335938
578,11,person,0,0.6222203969955444,335.1602783203125,237.6562042236328,9.572845458984375,26.8634033203125
578,12,person,0,0.5552345514297485,363.8830871582031,237.96701049804688,8.5147705078125,25.694000244140625
578,8,person,0,0.7551106214523315,296.4656066894531,245.21792602539062,11.09478759765625,36.41764831542969
579,1,person,0,0.7421619296073914,386.6220397949219,241.7856903076172,9.33502197265625,26.05889892578125
579,11,person,0,0.5527480840682983,335.2472229003906,237.60267639160156,9.721923828125,26.6463623046875
579,12,person,0,0.6023352742195129,364.029541015625,238.66494750976562,9.023773193359375,25.766647338867188
579,8,person,0,0.7347486019134521,296.30126953125,245.25587463378906,10.989288330078125,36.526214599609375
580,1,person,0,0.7401054501533508,386.3026123046875,241.72711181640625,9.047760009765625,25.634597778320312
580,11,person,0,0.5479774475097656,335.58453369140625,237.8972930908203,10.427642822265625,27.034149169921875
580,12,person,0,0.586470365524292,364.12335205078125,239.75265502929688,9.131927490234375,26.805221557617188
580,8,person,0,0.7274686098098755,296.21954345703125,245.24876403808594,10.995391845703125,36.589874267578125
581,1,person,0,0.7197367548942566,386.02362060546875,242.00021362304688,9.039794921875,25.830703735351562
581,11,person,0,0.5203573107719421,336.088134765625,237.66268920898438,10.689544677734375,26.805709838867188
581,12,person,0,0.6230002045631409,364.02288818359375,239.7221221923828,9.261810302734375,26.83734130859375
581,8,person,0,0.7355917096138,296.260009765625,245.36181640625,11.367340087890625,37.12776184082031
582,1,person,0,0.7184045910835266,385.67864990234375,241.95443725585938,8.994598388671875,25.886337280273438
582,11,person,0,0.41322094202041626,335.2393798828125,238.30966186523438,9.807037353515625,27.591461181640625
582,12,person,0,0.6486765742301941,363.90863037109375,240.05810546875,9.347686767578125,27.467514038085938
582,8,person,0,0.7353280782699585,296.1820068359375,245.4588623046875,11.084259033203125,37.29400634765625
583,1,person,0,0.7163767218589783,385.5628356933594,241.83538818359375,8.93048095703125,25.694610595703125
583,11,person,0,0.49123305082321167,334.865966796875,239.0401611328125,9.7939453125,28.902374267578125
583,12,person,0,0.6840603947639465,363.9804992675781,240.5472869873047,10.0330810546875,29.0535888671875
583,8,person,0,0.7332149744033813,296.2234802246094,245.40109252929688,10.892822265625,37.1807861328125
584,1,person,0,0.68201744556427,385.3270263671875,241.59097290039062,8.840484619140625,25.64105224609375
584,11,person,0,0.6100118160247803,334.75494384765625,239.50277709960938,9.914031982421875,29.581924438476562
584,12,person,0,0.6746314167976379,364.0078125,240.55770874023438,11.04290771484375,29.662689208984375
584,8,person,0,0.7133426070213318,296.2071228027344,245.34341430664062,10.7154541015625,37.07965087890625
585,1,person,0,0.7097331881523132,384.8315734863281,241.55062866210938,9.08294677734375,25.498519897460938
585,11,person,0,0.6124717593193054,334.79010009765625,239.57447814941406,10.1907958984375,29.783355712890625
585,12,person,0,0.5710297226905823,364.37225341796875,240.92303466796875,11.244171142578125,29.670867919921875
585,8,person,0,0.6965925097465515,296.079345703125,245.46405029296875,10.535400390625,37.03788757324219
586,1,person,0,0.6268929243087769,384.5848388671875,241.66253662109375,9.28582763671875,24.781112670898438
586,11,person,0,0.5958248972892761,334.7738037109375,239.86251831054688,10.306976318359375,30.215255737304688
586,12,person,0,0.5544558763504028,364.7956237792969,241.01905822753906,10.60858154296875,29.295562744140625
586,8,person,0,0.6739682555198669,296.0169677734375,245.4857177734375,10.353729248046875,36.95491027832031
587,1,person,0,0.6173209547996521,383.929443359375,241.55426025390625,9.17633056640625,25.66522216796875
587,11,person,0,0.6337053775787354,334.4854431152344,240.15029907226562,10.23480224609375,31.272445678710938
587,12,person,0,0.6204268932342529,365.07568359375,241.157470703125,9.868316650390625,29.079666137695312
587,8,person,0,0.703612208366394,295.95855712890625,245.58316040039062,10.404449462890625,37.08122253417969
588,1,person,0,0.6773295998573303,383.29150390625,241.92529296875,9.959136962890625,26.481246948242188
588,11,person,0,0.6451696753501892,334.3685302734375,240.42633056640625,10.406097412109375,31.354354858398438
588,12,person,0,0.6212589144706726,365.34100341796875,241.19073486328125,9.326019287109375,28.713882446289062
588,8,person,0,0.7073307037353516,295.93780517578125,245.51589965820312,10.405487060546875,37.00386047363281
589,1,person,0,0.7375875115394592,382.84820556640625,242.56063842773438,12.006134033203125,27.256149291992188
589,11,person,0,0.6516982913017273,334.138427734375,240.67440795898438,10.262481689453125,31.476882934570312
589,12,person,0,0.655052661895752,365.64361572265625,241.70730590820312,9.174102783203125,29.1456298828125
589,8,person,0,0.7059250473976135,295.9196472167969,245.51535034179688,10.35552978515625,37.08868408203125
590,1,person,0,0.6981256604194641,382.3111572265625,242.84725952148438,12.7808837890625,27.233078002929688
590,11,person,0,0.6822492480278015,334.0630187988281,240.90557861328125,10.378173828125,31.294845581054688
590,12,person,0,0.6461640000343323,366.06884765625,242.0144500732422,9.136322021484375,29.335052490234375
590,8,person,0,0.7061963677406311,295.904052734375,245.499755859375,10.30841064453125,37.1728515625
591,1,person,0,0.7069404125213623,381.8802185058594,243.52444458007812,14.25982666015625,27.562393188476562
591,11,person,0,0.7007224559783936,334.1268310546875,240.95675659179688,10.4091796875,31.24530029296875
591,12,person,0,0.6509326696395874,366.2252197265625,242.24871826171875,8.88812255859375,29.397216796875
591,8,person,0,0.7115524411201477,295.897705078125,245.62669372558594,10.3223876953125,37.251739501953125
592,1,person,0,0.7208340167999268,381.58477783203125,243.83172607421875,14.0340576171875,27.586593627929688
592,11,person,0,0.7286456823348999,334.3529052734375,240.34323120117188,10.468414306640625,30.3214111328125
592,12,person,0,0.6682919859886169,366.3529052734375,242.26168823242188,9.02685546875,29.41192626953125
592,8,person,0,0.7047384977340698,295.9833984375,245.64219665527344,10.26129150390625,37.303680419921875
593,1,person,0,0.7649403214454651,381.135498046875,243.82846069335938,13.07305908203125,27.266860961914062
593,11,person,0,0.745888888835907,334.5528564453125,240.3398895263672,10.5015869140625,29.87005615234375
593,12,person,0,0.6463867425918579,366.44097900390625,242.32522583007812,9.055694580078125,29.295120239257812
593,8,person,0,0.6948382258415222,296.0796813964844,245.5834197998047,10.1256103515625,37.220184326171875
594,1,person,0,0.7210777401924133,380.49810791015625,243.9678955078125,11.933929443359375,27.081008911132812
594,11,person,0,0.7435304522514343,334.65557861328125,240.4639892578125,10.665130615234375,30.107406616210938
594,12,person,0,0.574345588684082,366.5655212402344,242.31741333007812,9.13104248046875,28.97857666015625
594,8,person,0,0.6948319673538208,296.2020263671875,245.44827270507812,10.051788330078125,37.13240051269531
595,1,person,0,0.7277585864067078,379.0028076171875,244.09034729003906,9.813568115234375,26.799957275390625
595,11,person,0,0.7190165519714355,334.6968994140625,240.77981567382812,10.56304931640625,30.316131591796875
595,12,person,0,0.5772829055786133,366.3924560546875,241.99960327148438,8.869842529296875,29.09906005859375
595,8,person,0,0.6889162063598633,296.25579833984375,245.51199340820312,10.0172119140625,37.133544921875
596,1,person,0,0.6749547719955444,377.80584716796875,243.593017578125,8.759796142578125,27.596511840820312
596,11,person,0,0.7294721603393555,334.731689453125,240.68710327148438,10.43817138671875,30.644058227539062
596,12,person,0,0.62282794713974,366.54888916015625,242.08226013183594,9.52593994140625,29.599884033203125
596,8,person,0,0.6598759293556213,296.2472839355469,245.4603271484375,9.99591064453125,37.14356994628906
597,1,person,0,0.7155528664588928,377.2388916015625,243.808349609375,8.019195556640625,27.52978515625
597,11,person,0,0.7521246075630188,334.6319580078125,240.979736328125,10.712249755859375,31.19482421875
597,12,person,0,0.6701176762580872,366.8264465332031,242.30831909179688,9.715576171875,29.57305908203125
597,8,person,0,0.6660264134407043,296.34063720703125,245.52508544921875,10.134063720703125,37.20947265625
598,1,person,0,0.6625444889068604,376.5108947753906,243.41819763183594,8.11297607421875,28.240570068359375
598,11,person,0,0.7554488778114319,334.53277587890625,240.94293212890625,11.107269287109375,31.58880615234375
598,12,person,0,0.5876367092132568,366.8402099609375,242.29489135742188,9.940032958984375,30.10968017578125
598,8,person,0,0.7060716152191162,296.4722900390625,245.492919921875,10.4957275390625,37.3255615234375
599,1,person,0,0.646457850933075,376.0036926269531,243.25888061523438,8.734619140625,28.14410400390625
599,11,person,0,0.7554409503936768,334.47137451171875,241.05535888671875,11.23785400390625,31.867752075195312
599,12,person,0,0.5102236270904541,366.92730712890625,242.14117431640625,9.863922119140625,29.273971557617188
599,8,person,0,0.7270302772521973,296.7330627441406,245.39376831054688,10.94427490234375,37.275634765625
599,13,person,0,0.6034042835235596,349.7778625488281,236.23043823242188,7.095703125,22.767166137695312
600,1,person,0,0.6321066617965698,375.1773681640625,243.76626586914062,8.9024658203125,27.357131958007812
600,11,person,0,0.7469443678855896,334.37799072265625,241.1881103515625,11.188232421875,31.9853515625
600,12,person,0,0.3704617917537689,366.41973876953125,240.22354125976562,8.63482666015625,24.541305541992188
600,8,person,0,0.7178646326065063,296.7320556640625,245.31234741210938,10.993560791015625,37.16117858886719
600,13,person,0,0.43298035860061646,350.3714599609375,236.79620361328125,6.782196044921875,24.266403198242188
601,1,person,0,0.5699411630630493,374.8341369628906,243.87388610839844,8.978759765625,27.485565185546875
601,11,person,0,0.7272466421127319,334.5614929199219,241.27272033691406,10.9814453125,32.224639892578125
601,12,person,0,0.20405930280685425,366.5707092285156,241.16656494140625,9.143310546875,28.03326416015625
601,8,person,0,0.7481051087379456,296.83624267578125,245.38119506835938,11.014556884765625,37.09516906738281
601,13,person,0,0.39727187156677246,352.44488525390625,236.75192260742188,8.536163330078125,25.807220458984375
602,1,person,0,0.46049824357032776,374.2615966796875,243.82879638671875,8.8052978515625,26.994384765625
602,11,person,0,0.7448307871818542,334.6413269042969,241.333740234375,10.95501708984375,32.05323791503906
602,12,person,0,0.42323383688926697,366.6787414550781,240.59765625,8.92169189453125,27.228958129882812
602,8,person,0,0.7574374675750732,296.842529296875,245.38699340820312,10.969970703125,37.13294982910156
602,13,person,0,0.6912297606468201,353.49151611328125,236.3330078125,9.473236083984375,26.906890869140625
603,1,person,0,0.4478927254676819,373.55712890625,243.36314392089844,9.041534423828125,27.803436279296875
603,11,person,0,0.7524421811103821,334.59503173828125,241.353515625,11.201385498046875,32.12763977050781
603,12,person,0,0.5117299556732178,366.7393798828125,241.71981811523438,9.269866943359375,28.867050170898438
603,8,person,0,0.725007176399231,296.772216796875,245.41845703125,10.78179931640625,37.23187255859375
603,13,person,0,0.6958105564117432,354.009033203125,235.8724365234375,9.183563232421875,26.60223388671875
604,1,person,0,0.44617900252342224,373.30609130859375,243.25967407226562,9.512176513671875,28.080642700195312
604,11,person,0,0.7574362754821777,334.5467529296875,241.36692810058594,11.304962158203125,31.819366455078125
604,12,person,0,0.4151290953159332,366.73577880859375,242.0986785888672,8.95166015625,30.105438232421875
604,8,person,0,0.6436764597892761,296.71630859375,245.43194580078125,10.63409423828125,37.19189453125
604,13,person,0,0.5674050450325012,354.01434326171875,235.94944763183594,9.31005859375,27.201629638671875
605,11,person,0,0.757801353931427,334.482177734375,241.55264282226562,11.320587158203125,32.37060546875
605,12,person,0,0.4556604027748108,368.8399658203125,242.34498596191406,12.78253173828125,30.583465576171875
605,8,person,0,0.7479713559150696,296.8612976074219,245.2632598876953,10.64739990234375,37.154754638671875
605,13,person,0,0.5576345324516296,354.0423583984375,235.83840942382812,9.492279052734375,26.866928100585938
606,11,person,0,0.762630820274353,334.4952392578125,241.56292724609375,11.324310302734375,32.19636535644531
606,12,person,0,0.47669002413749695,368.67083740234375,242.832763671875,12.081390380859375,29.996688842773438
606,8,person,0,0.7452263832092285,297.07769775390625,245.17153930664062,10.629669189453125,37.09397888183594
606,13,person,0,0.6124099493026733,353.80712890625,236.03134155273438,10.294097900390625,26.83251953125
607,11,person,0,0.7655264139175415,334.49603271484375,241.6938018798828,11.371337890625,32.294586181640625
607,12,bicycle,1,0.18956123292446136,369.3101806640625,245.29037475585938,12.554718017578125,26.337631225585938
607,8,person,0,0.7403894662857056,297.2843017578125,245.23422241210938,10.410980224609375,37.00358581542969
607,13,person,0,0.5749385952949524,353.9885559082031,236.22291564941406,10.468017578125,27.018707275390625
608,11,person,0,0.7713199257850647,334.52374267578125,241.63111877441406,11.446746826171875,32.370391845703125
608,12,bicycle,1,0.2717270255088806,370.4713439941406,247.19769287109375,11.939453125,21.956954956054688
608,8,person,0,0.7823368906974792,297.4487609863281,245.20468139648438,10.18157958984375,37.05560302734375
608,13,person,0,0.6655152440071106,354.36865234375,236.4595947265625,10.914337158203125,27.723052978515625
609,11,person,0,0.7682154774665833,334.51666259765625,241.7670135498047,11.506317138671875,32.397491455078125
609,8,person,0,0.7741459608078003,297.5781555175781,245.3157958984375,10.06414794921875,37.09721374511719
609,13,person,0,0.4760150611400604,355.7064208984375,236.97625732421875,9.123626708984375,26.287841796875
610,11,person,0,0.7684135437011719,334.53857421875,241.7486572265625,11.542572021484375,32.3731689453125
610,8,person,0,0.7628706693649292,297.7539367675781,245.36691284179688,9.85699462890625,37.12882995605469
610,13,person,0,0.5272594690322876,356.822509765625,237.40162658691406,8.063201904296875,24.98565673828125
611,11,person,0,0.7781895399093628,334.4688415527344,241.87303161621094,11.43341064453125,32.284820556640625
611,8,person,0,0.7616879343986511,298.01104736328125,245.40821838378906,9.654632568359375,37.096466064453125
611,13,person,0,0.48940059542655945,356.80712890625,237.12750244140625,9.09320068359375,24.012298583984375
612,11,person,0,0.7781569361686707,334.4768371582031,241.8999786376953,11.43914794921875,32.322540283203125
612,8,person,0,0.7769950032234192,298.18756103515625,245.38748168945312,9.484527587890625,37.06004333496094
612,13,person,0,0.4518791735172272,357.5645751953125,237.4737091064453,8.63232421875,23.49017333984375
613,11,person,0,0.783295750617981,334.38458251953125,242.05308532714844,11.435699462890625,32.427703857421875
613,8,person,0,0.7744362950325012,298.3387145996094,245.4087371826172,9.34320068359375,36.919708251953125
613,13,person,0,0.22167177498340607,358.1571350097656,237.5731201171875,7.81756591796875,22.266845703125
614,11,person,0,0.7784376740455627,334.29010009765625,242.14505004882812,11.436920166015625,32.45751953125
614,8,person,0,0.7831268906593323,298.46417236328125,245.43820190429688,9.307647705078125,36.90118408203125
614,13,person,0,0.2539566457271576,358.571044921875,239.00015258789062,8.53973388671875,23.309478759765625
615,11,person,0,0.7776451706886292,334.1912536621094,242.12098693847656,11.49676513671875,32.427581787109375
615,8,person,0,0.7771839499473572,298.56280517578125,245.39376831054688,9.25836181640625,36.98309326171875
616,11,person,0,0.7781821489334106,334.0528869628906,242.04501342773438,11.55059814453125,32.44252014160156
616,8,person,0,0.7590453028678894,298.5976867675781,245.33563232421875,9.38165283203125,37.0443115234375
617,11,person,0,0.7881606817245483,334.001708984375,242.03744506835938,11.5859375,32.33335876464844
617,8,person,0,0.7657627463340759,298.6708984375,245.392578125,9.32080078125,36.93858337402344
618,11,person,0,0.7896826267242432,334.00299072265625,242.0373992919922,11.64703369140625,32.225006103515625
618,8,person,0,0.7574175000190735,298.7034912109375,245.34999084472656,9.323883056640625,36.797332763671875
618,14,person,0,0.5109383463859558,347.10345458984375,234.97451782226562,7.577850341796875,24.420486450195312
619,11,person,0,0.7800539135932922,333.85772705078125,242.1833953857422,11.550018310546875,32.200225830078125
619,8,person,0,0.765713632106781,298.8665771484375,245.37408447265625,9.298858642578125,36.86390686035156
619,14,person,0,0.4540393650531769,346.4014892578125,234.941162109375,7.901519775390625,23.6463623046875
619,13,person,0,0.5692583322525024,361.39251708984375,240.9498291015625,9.424957275390625,29.007843017578125
620,11,person,0,0.7532203197479248,333.73919677734375,242.531005859375,11.389190673828125,32.63151550292969
620,8,person,0,0.7569922804832458,299.052490234375,245.3546142578125,9.32183837890625,36.78076171875
620,14,person,0,0.62183678150177,346.216552734375,235.00405883789062,7.871307373046875,23.137344360351562
620,13,person,0,0.5438430309295654,361.17999267578125,241.16879272460938,8.934478759765625,29.47576904296875
621,11,person,0,0.7772582769393921,333.6675109863281,242.70138549804688,11.33831787109375,32.91737365722656
621,8,person,0,0.6839417219161987,299.21282958984375,245.2909393310547,9.41851806640625,36.679229736328125
621,14,person,0,0.34276798367500305,345.69622802734375,234.77084350585938,7.849456787109375,23.010848999023438
621,13,person,0,0.45550429821014404,360.999267578125,242.99237060546875,8.65411376953125,26.746566772460938
622,11,person,0,0.7637190818786621,333.49420166015625,242.56512451171875,11.245269775390625,32.77980041503906
622,8,person,0,0.6829758882522583,299.39892578125,245.4107666015625,9.621795654296875,37.05580139160156
622,14,person,0,0.2958875298500061,345.00164794921875,234.59278869628906,8.040496826171875,22.619537353515625
622,13,person,0,0.48815232515335083,360.75787353515625,241.76516723632812,8.980010986328125,28.475631713867188
623,11,person,0,0.7571108341217041,333.3365478515625,242.81561279296875,11.277496337890625,33.02305603027344
623,8,person,0,0.7319091558456421,299.5591735839844,245.52481079101562,9.76800537109375,37.20672607421875
623,14,person,0,0.2158299833536148,344.3614501953125,234.68609619140625,8.476776123046875,22.221786499023438
623,13,person,0,0.41491225361824036,360.4697265625,241.666259765625,8.865203857421875,28.0640869140625
624,11,person,0,0.7460871934890747,333.24774169921875,243.04611206054688,11.32403564453125,33.42088317871094
624,8,person,0,0.7579613327980042,299.80291748046875,245.479736328125,9.870574951171875,37.3671875
624,14,person,0,0.15353907644748688,343.65484619140625,234.13873291015625,8.077728271484375,21.129989624023438
624,13,person,0,0.33620548248291016,359.7752990722656,241.19888305664062,8.53814697265625,27.586563110351562
625,11,person,0,0.7418011426925659,333.13525390625,243.29637145996094,11.312255859375,33.634246826171875
625,8,person,0,0.7661100029945374,300.0592346191406,245.5163116455078,10.18115234375,37.482574462890625
625,13,person,0,0.5120132565498352,359.01983642578125,242.22454833984375,7.817230224609375,26.062332153320312
626,11,person,0,0.7411684989929199,332.96527099609375,243.91531372070312,11.52789306640625,34.78688049316406
626,8,person,0,0.776346743106842,300.23974609375,245.56231689453125,10.280853271484375,37.54931640625
626,13,person,0,0.6717898845672607,358.21600341796875,242.194091796875,8.154754638671875,26.430770874023438
627,11,person,0,0.7264244556427002,332.8687744140625,244.34555053710938,11.611785888671875,35.38102722167969
627,8,person,0,0.7754512429237366,300.3922119140625,245.66294860839844,10.307708740234375,37.613555908203125
627,13,person,0,0.7145127058029175,357.52752685546875,241.91876220703125,8.226348876953125,26.483261108398438
628,11,person,0,0.7354448437690735,332.89190673828125,244.57089233398438,11.58258056640625,35.89311218261719
628,8,person,0,0.7615944743156433,300.6458740234375,245.55712890625,10.4019775390625,37.59248352050781
628,13,person,0,0.6957294344902039,357.0021667480469,241.8590087890625,8.31573486328125,26.8624267578125
629,11,person,0,0.7596276998519897,332.9026184082031,244.90640258789062,11.661376953125,36.060546875
629,8,person,0,0.76861971616745,301.21234130859375,245.55795288085938,11.076568603515625,37.78929138183594
629,13,person,0,0.6822041273117065,356.36810302734375,241.92459106445312,8.821685791015625,26.970413208007812
630,11,person,0,0.7552650570869446,332.71478271484375,245.16371154785156,11.377960205078125,36.230255126953125
630,8,person,0,0.7615553140640259,301.44439697265625,245.4269256591797,11.70880126953125,38.051300048828125
630,13,person,0,0.6446200013160706,355.8629150390625,241.80813598632812,9.24725341796875,26.883041381835938
631,11,person,0,0.7542537450790405,332.63470458984375,245.5452880859375,11.440948486328125,36.2935791015625
631,8,person,0,0.7522657513618469,301.60577392578125,245.42715454101562,12.222015380859375,37.89349365234375
631,13,person,0,0.6528183221817017,355.00634765625,242.04693603515625,10.15679931640625,26.558731079101562
632,11,person,0,0.7623164653778076,332.5968322753906,245.71730041503906,11.7464599609375,36.595794677734375
632,8,person,0,0.7238932847976685,302.0633544921875,245.20068359375,12.116607666015625,37.53733825683594
632,13,person,0,0.6846874356269836,354.30865478515625,242.12039184570312,10.682952880859375,26.828887939453125
633,11,person,0,0.7573883533477783,332.6303405761719,245.87623596191406,11.97015380859375,36.815643310546875
633,8,person,0,0.7069560289382935,302.5420837402344,245.02978515625,12.0152587890625,37.14288330078125
633,13,person,0,0.6949047446250916,353.6422119140625,241.87161254882812,10.14410400390625,26.5029296875
634,11,person,0,0.7496034502983093,332.9849853515625,245.99542236328125,12.884002685546875,37.15937805175781
634,8,person,0,0.6935674548149109,302.87164306640625,245.0638427734375,11.561370849609375,37.31121826171875
634,13,person,0,0.6452834010124207,353.28955078125,241.9632110595703,10.222808837890625,26.852264404296875
635,11,person,0,0.7634591460227966,332.88043212890625,246.10794067382812,12.59832763671875,37.01869201660156
635,8,person,0,0.6585373878479004,303.1636962890625,245.0607452392578,11.223388671875,37.071258544921875
635,13,person,0,0.6032959222793579,352.8541259765625,241.73672485351562,9.543182373046875,26.5140380859375
636,11,person,0,0.7630450129508972,332.722900390625,246.15809631347656,12.283294677734375,36.751251220703125
636,8,person,0,0.6731033325195312,303.3992919921875,245.12094116210938,11.073822021484375,36.79136657714844
636,13,person,0,0.43524810671806335,352.4063720703125,241.42294311523438,8.968658447265625,26.22332763671875
637,11,person,0,0.7472526431083679,332.71771240234375,246.28182983398438,12.200103759765625,36.54302978515625
637,8,person,0,0.5954434275627136,303.46722412109375,244.89146423339844,10.547698974609375,36.101348876953125
637,13,person,0,0.6370819211006165,351.5091552734375,241.23577880859375,8.713043212890625,26.297119140625
638,11,person,0,0.7148056030273438,332.5613708496094,246.35614013671875,12.344482421875,36.51861572265625
638,8,person,0,0.5363966226577759,303.7325134277344,244.67227172851562,9.97943115234375,35.392333984375
638,13,person,0,0.6829954981803894,350.7723388671875,241.13760375976562,8.494049072265625,26.764846801757812
639,11,person,0,0.6987989544868469,332.4394836425781,246.60787963867188,12.4417724609375,37.10716247558594
639,8,person,0,0.6139693260192871,304.47308349609375,244.26153564453125,9.608673095703125,34.80279541015625
639,13,person,0,0.6914954781532288,349.920654296875,241.16566467285156,8.383514404296875,27.134521484375
640,11,person,0,0.683300793170929,332.22894287109375,246.84249877929688,12.075836181640625,37.17375183105469
640,8,person,0,0.5948714017868042,305.07293701171875,244.1251983642578,9.103057861328125,34.381072998046875
640,13,person,0,0.7032185792922974,349.2386474609375,241.37570190429688,8.409393310546875,27.404647827148438
641,11,person,0,0.6746159791946411,332.24267578125,247.07672119140625,12.278839111328125,37.27000427246094
641,8,person,0,0.6658851504325867,305.5068359375,244.06539916992188,8.860748291015625,33.91560363769531
641,13,person,0,0.7218554019927979,348.6251220703125,241.2044219970703,8.6302490234375,27.10369873046875
642,11,person,0,0.6543945074081421,332.1495666503906,246.99981689453125,11.89703369140625,37.14799499511719
642,8,person,0,0.6357154846191406,305.72357177734375,244.08999633789062,8.97064208984375,33.86866760253906
642,13,person,0,0.7274637222290039,347.9593505859375,241.07089233398438,9.074615478515625,27.069046020507812
643,11,person,0,0.6526702046394348,332.026123046875,246.64231872558594,11.62725830078125,36.975067138671875
643,8,person,0,0.7341068387031555,305.77252197265625,244.21859741210938,9.558929443359375,35.01744079589844
643,13,person,0,0.7231964468955994,347.47509765625,241.16494750976562,9.61041259765625,27.10479736328125
644,11,person,0,0.6398914456367493,331.82879638671875,245.45068359375,11.533721923828125,35.45892333984375
644,8,person,0,0.646635890007019,305.9720153808594,244.60467529296875,9.6968994140625,36.30500793457031
644,13,person,0,0.703570544719696,347.278076171875,240.97418212890625,10.051422119140625,26.847579956054688
645,11,person,0,0.6298229694366455,331.7603454589844,245.10101318359375,12.43719482421875,37.01277160644531
645,8,person,0,0.658778190612793,306.45477294921875,244.76788330078125,9.659576416015625,37.42680358886719
645,13,person,0,0.676384449005127,346.7945556640625,240.83587646484375,10.323272705078125,26.657058715820312
646,11,person,0,0.6004835367202759,331.63397216796875,244.52879333496094,12.961761474609375,37.192718505859375
646,8,person,0,0.647098958492279,306.99493408203125,245.1686553955078,9.679229736328125,37.421478271484375
646,13,person,0,0.6702774167060852,346.5850830078125,241.06982421875,10.529296875,26.848342895507812
647,11,person,0,0.653729259967804,331.28131103515625,244.63658142089844,13.102874755859375,37.999969482421875
647,8,person,0,0.6512548327445984,307.172607421875,245.4969940185547,10.4193115234375,37.857757568359375
647,13,person,0,0.6767321825027466,346.1702575683594,241.33290100097656,10.97723388671875,27.0089111328125
648,11,person,0,0.6481412649154663,331.0280456542969,244.384765625,13.05316162109375,38.92140197753906
648,8,person,0,0.7063481211662292,307.600341796875,245.6743927001953,10.253204345703125,38.297271728515625
648,13,person,0,0.6372402906417847,345.6312255859375,241.62661743164062,10.761260986328125,27.112747192382812
649,11,person,0,0.6766634583473206,330.87469482421875,245.227783203125,12.839691162109375,38.28440856933594
649,8,person,0,0.6569504141807556,308.1756591796875,245.75506591796875,10.229766845703125,37.767822265625
649,13,person,0,0.6609212160110474,344.98175048828125,241.6655731201172,10.50762939453125,27.39483642578125
650,11,person,0,0.6787323355674744,330.86737060546875,245.51156616210938,12.82244873046875,38.97709655761719
650,8,person,0,0.5924172401428223,309.2154541015625,245.52676391601562,9.09368896484375,37.57676696777344
650,13,person,0,0.6478208303451538,344.2187194824219,241.14068603515625,10.07586669921875,27.422592163085938
651,11,person,0,0.6359646320343018,330.86407470703125,245.87173461914062,12.99407958984375,38.61546325683594
651,8,person,0,0.6203395128250122,309.9437255859375,245.63157653808594,8.758636474609375,38.527740478515625
651,13,person,0,0.6374015808105469,343.37274169921875,240.70883178710938,9.224853515625,26.766891479492188
652,11,person,0,0.6294232606887817,330.7076416015625,246.35366821289062,12.743896484375,39.27601623535156
652,8,person,0,0.6786186695098877,310.5694885253906,245.60089111328125,9.2689208984375,39.06793212890625
652,13,person,0,0.5880284309387207,342.675537109375,240.5670623779297,8.593353271484375,26.655242919921875
653,11,person,0,0.6287294030189514,330.84161376953125,247.59933471679688,12.944305419921875,40.07618713378906
653,8,person,0,0.6111513376235962,311.0240783691406,245.32760620117188,9.5611572265625,37.69572448730469
653,13,person,0,0.6220701932907104,342.02557373046875,240.54977416992188,7.877593994140625,26.494094848632812
654,11,person,0,0.5801430344581604,330.44561767578125,248.11962890625,12.75091552734375,41.13836669921875
654,8,person,0,0.6114941239356995,311.2572021484375,245.55026245117188,9.6658935546875,37.03741455078125
654,13,person,0,0.6614472270011902,341.4064025878906,240.85601806640625,7.52923583984375,26.873504638671875
655,11,person,0,0.5121486186981201,330.1490478515625,248.25840759277344,11.652557373046875,41.558380126953125
655,8,person,0,0.46531960368156433,311.4868469238281,245.3236846923828,9.912841796875,37.450836181640625
655,13,person,0,0.734063446521759,340.5654296875,241.03732299804688,8.08917236328125,26.973159790039062
656,11,person,0,0.4889627695083618,329.7395324707031,248.51812744140625,11.764892578125,41.19786071777344
656,8,person,0,0.19815008342266083,311.91497802734375,245.76638793945312,10.9521484375,37.67256164550781
656,13,person,0,0.7512718439102173,340.07421875,241.14273071289062,8.157623291015625,27.005950927734375
657,11,person,0,0.5318225026130676,329.5618591308594,246.70481872558594,11.6087646484375,35.909820556640625
657,13,person,0,0.7248641848564148,339.4552917480469,240.82058715820312,8.54962158203125,26.637313842773438
658,11,person,0,0.500971794128418,329.46075439453125,247.3778076171875,12.136627197265625,36.96160888671875
658,13,person,0,0.72603839635849,339.15643310546875,240.7430419921875,8.734466552734375,26.644210815429688
659,11,person,0,0.5715435743331909,329.0704650878906,245.18917846679688,11.897705078125,32.49238586425781
659,13,person,0,0.7004159688949585,338.84710693359375,240.72720336914062,8.7060546875,26.619796752929688
660,11,person,0,0.5798748731613159,328.97979736328125,245.983154296875,12.21148681640625,33.01063537597656
660,13,person,0,0.6355640292167664,338.17950439453125,240.80859375,8.6080322265625,26.448348999023438
661,11,person,0,0.4573485255241394,328.59295654296875,246.2857666015625,12.287628173828125,34.17848205566406
661,13,person,0,0.64410400390625,337.6786193847656,240.75946044921875,8.27056884765625,25.91741943359375
662,11,person,0,0.4147081971168518,328.3970947265625,247.3612823486328,11.884765625,36.698272705078125
662,13,person,0,0.6380026936531067,336.80242919921875,240.61175537109375,8.9486083984375,25.937713623046875
663,11,person,0,0.5006189346313477,328.36346435546875,246.92849731445312,11.729827880859375,36.20500183105469
663,13,person,0,0.5170527100563049,336.5214538574219,239.88462829589844,8.4443359375,24.982025146484375
664,11,person,0,0.49892425537109375,328.30841064453125,248.42990112304688,11.13018798828125,37.837646484375
664,13,person,0,0.361057311296463,336.18597412109375,239.7689666748047,8.561492919921875,25.416534423828125
665,11,person,0,0.5435668230056763,328.08203125,247.86056518554688,11.554595947265625,39.314208984375
665,13,person,0,0.18134409189224243,335.1983642578125,238.06887817382812,9.166839599609375,23.590469360351562
666,11,person,0,0.6013444066047668,327.12103271484375,248.44830322265625,12.839935302734375,41.08934020996094
666,13,person,0,0.2739344537258148,334.8375244140625,238.6146240234375,9.0303955078125,23.937210083007812
667,11,person,0,0.6631397604942322,326.0269775390625,248.43844604492188,15.552276611328125,41.16766357421875
667,13,person,0,0.2887312173843384,334.4687194824219,237.90499877929688,8.9739990234375,23.029312133789062
668,11,person,0,0.535693883895874,325.76385498046875,248.88241577148438,16.817047119140625,41.54481506347656
668,13,person,0,0.2885836958885193,333.971923828125,237.39703369140625,9.00250244140625,22.451751708984375
669,11,person,0,0.6607788801193237,326.0140075683594,248.9966583251953,17.6636962890625,42.125274658203125
669,13,person,0,0.3638039231300354,333.49505615234375,237.70738220214844,8.841156005859375,22.870025634765625
670,11,person,0,0.7043458819389343,325.73193359375,249.0261993408203,16.142669677734375,42.961883544921875
670,13,person,0,0.4774142801761627,333.078125,238.50186157226562,8.79705810546875,24.06658935546875
671,11,person,0,0.7070919275283813,325.9134521484375,249.56259155273438,16.23052978515625,43.25128173828125
671,13,person,0,0.4506499767303467,332.918701171875,238.74798583984375,8.75091552734375,24.394927978515625
672,11,person,0,0.6480507850646973,326.00921630859375,249.48931884765625,15.742584228515625,43.69297790527344
672,13,person,0,0.48680996894836426,332.5213623046875,239.06954956054688,8.632049560546875,25.029861450195312
673,11,person,0,0.6194635629653931,325.97137451171875,249.7381134033203,16.39813232421875,44.393707275390625
673,13,person,0,0.384060263633728,332.3182373046875,238.79214477539062,8.588134765625,24.719497680664062
674,11,person,0,0.6266734600067139,325.9853820800781,249.53585815429688,16.9488525390625,42.87785339355469
674,13,person,0,0.18489116430282593,332.0487060546875,238.700439453125,8.520233154296875,22.282562255859375
675,11,person,0,0.6368461847305298,326.21441650390625,249.89877319335938,17.752899169921875,42.26568603515625
675,13,person,0,0.29277101159095764,331.8229675292969,244.56146240234375,8.61907958984375,32.38459777832031
676,11,person,0,0.749096691608429,326.4116516113281,250.2530975341797,17.9554443359375,41.945098876953125
677,11,person,0,0.6940433382987976,326.41363525390625,249.97640991210938,18.205413818359375,41.36827087402344
678,11,person,0,0.6550524830818176,326.2511901855469,249.20541381835938,18.3975830078125,40.37855529785156
678,13,bicycle,1,0.5833814144134521,327.4161376953125,257.77069091796875,14.52783203125,28.257034301757812
679,11,person,0,0.648813009262085,326.260498046875,248.745849609375,18.473846435546875,39.80934143066406
679,13,bicycle,1,0.5699769854545593,326.50360107421875,260.2126770019531,14.694244384765625,27.650680541992188
680,11,person,0,0.535943865776062,326.2359619140625,248.4299774169922,18.320098876953125,39.562957763671875
680,13,bicycle,1,0.5732734799385071,325.9914245605469,260.38629150390625,13.9755859375,25.216400146484375
680,15,person,0,0.6414167284965515,372.2324523925781,246.08445739746094,13.31353759765625,26.485748291015625
681,11,person,0,0.6022526025772095,326.21820068359375,247.99978637695312,18.353607177734375,39.00238037109375
681,13,bicycle,1,0.5617262125015259,325.9064025878906,259.702392578125,13.41143798828125,22.652694702148438
681,15,person,0,0.6018742322921753,372.1722412109375,245.51962280273438,13.188079833984375,25.67718505859375
682,11,person,0,0.6160990595817566,326.49285888671875,248.32077026367188,19.303619384765625,40.13458251953125
682,13,bicycle,1,0.3828083872795105,325.920654296875,262.335205078125,12.940673828125,27.824127197265625
682,15,person,0,0.606535792350769,372.3062744140625,246.01365661621094,13.255859375,25.485443115234375
683,11,person,0,0.5020790696144104,326.40521240234375,248.54327392578125,19.20050048828125,40.16448974609375
683,13,bicycle,1,0.34904178977012634,325.3995666503906,263.32684326171875,12.162353515625,28.92242431640625
683,15,person,0,0.633707582950592,372.47607421875,246.28329467773438,13.415008544921875,26.192337036132812
684,11,person,0,0.5879664421081543,329.92333984375,247.70681762695312,13.547821044921875,38.8717041015625
684,13,bicycle,1,0.43614962697029114,325.272216796875,264.04931640625,11.731292724609375,29.093002319335938
684,15,person,0,0.587047278881073,372.3960876464844,247.05484008789062,13.537841796875,27.8408203125
684,8,person,0,0.5157027840614319,324.6890869140625,249.91123962402344,17.30511474609375,40.462310791015625
685,11,person,0,0.5058848857879639,331.6478271484375,247.98751831054688,12.326263427734375,39.4288330078125
685,13,bicycle,1,0.48998013138771057,325.1098937988281,263.84771728515625,13.034912109375,29.563156127929688
685,15,person,0,0.573685884475708,372.4672546386719,247.28903198242188,12.9564208984375,28.18353271484375
685,8,person,0,0.36298462748527527,324.447509765625,250.08453369140625,17.514892578125,41.36271667480469
686,11,person,0,0.3789374828338623,332.92437744140625,247.2650146484375,11.71026611328125,37.71986389160156
686,13,bicycle,1,0.30321937799453735,324.8870849609375,264.32501220703125,12.999542236328125,29.549026489257812
686,15,person,0,0.5971910953521729,372.49853515625,247.7484130859375,12.946685791015625,31.763076782226562
686,8,person,0,0.5753268003463745,324.390625,251.19696044921875,17.742889404296875,43.00239562988281
687,11,person,0,0.5592672228813171,333.68365478515625,247.755126953125,12.060394287109375,38.28204345703125
687,13,bicycle,1,0.4088115990161896,324.744384765625,264.0675354003906,13.820953369140625,29.306930541992188
687,15,person,0,0.5774006247520447,372.36102294921875,248.26019287109375,13.335906982421875,33.20184326171875
687,8,person,0,0.5237898230552673,324.15753173828125,252.02053833007812,17.260406494140625,44.22898864746094
688,11,person,0,0.5627700686454773,334.5067138671875,247.40591430664062,11.816162109375,38.89381408691406
688,13,bicycle,1,0.4469755291938782,324.85552978515625,264.6007385253906,14.063568115234375,28.123245239257812
688,15,person,0,0.6266310214996338,372.5356140136719,247.55438232421875,13.57550048828125,32.27793884277344
688,8,person,0,0.6298627853393555,324.42486572265625,253.32925415039062,16.763946533203125,45.967041015625
689,11,person,0,0.5275048017501831,334.91363525390625,247.30416870117188,11.759674072265625,38.39744567871094
689,13,bicycle,1,0.4867575466632843,324.75311279296875,264.4902038574219,13.976959228515625,28.42169189453125
689,15,person,0,0.5851683020591736,372.56988525390625,248.94146728515625,13.654876708984375,35.11247253417969
689,8,person,0,0.5477402806282043,324.30859375,253.73255920410156,16.422760009765625,46.508087158203125
690,11,person,0,0.514847457408905,336.0511474609375,244.51852416992188,11.377899169921875,32.2203369140625
690,13,bicycle,1,0.4595763087272644,324.9180908203125,265.0009460449219,13.9595947265625,28.248779296875
690,15,person,0,0.655803918838501,372.3737487792969,248.62115478515625,13.7650146484375,34.68348693847656
690,8,person,0,0.6529564261436462,324.75164794921875,254.07611083984375,17.46832275390625,46.69636535644531
691,11,person,0,0.46851587295532227,337.13763427734375,246.63430786132812,12.45281982421875,36.77458190917969
691,13,bicycle,1,0.5391365885734558,324.88336181640625,265.18145751953125,14.066986083984375,28.695541381835938
691,15,person,0,0.6531845927238464,372.3428955078125,247.75039672851562,13.925201416015625,33.77978515625
691,8,person,0,0.6699346303939819,325.2834777832031,253.98423767089844,18.2734375,46.573944091796875
692,11,person,0,0.6206157803535461,338.7767333984375,247.77157592773438,14.05328369140625,38.12187194824219
692,13,bicycle,1,0.5655525326728821,324.9932556152344,265.80340576171875,13.53582763671875,27.822509765625
692,15,person,0,0.6218322515487671,372.86700439453125,247.30636596679688,14.552703857421875,32.95640563964844
692,8,person,0,0.6969432234764099,325.51055908203125,253.44607543945312,19.079376220703125,45.50494384765625
693,11,person,0,0.5718744397163391,340.3577880859375,248.31556701660156,14.922637939453125,38.104400634765625
693,13,bicycle,1,0.4123649001121521,324.8092956542969,266.10821533203125,13.6573486328125,27.624496459960938
693,15,person,0,0.5824307799339294,373.0243225097656,247.21331787109375,15.14215087890625,32.53224182128906
693,8,person,0,0.6514745950698853,325.59747314453125,253.5654296875,19.024749755859375,45.2314453125
694,11,person,0,0.6582016944885254,341.55572509765625,248.48220825195312,16.7872314453125,38.97471618652344
694,13,bicycle,1,0.349622517824173,324.384765625,266.1111755371094,14.05804443359375,27.471664428710938
694,15,person,0,0.55027174949646,373.0158386230469,247.4768829345703,15.2083740234375,33.140045166015625
694,8,person,0,0.6477847099304199,325.0179443359375,254.788330078125,17.881988525390625,46.68157958984375
695,11,person,0,0.5789365768432617,342.11309814453125,249.05230712890625,17.690399169921875,39.317626953125
695,13,bicycle,1,0.38219186663627625,323.9559631347656,266.1319580078125,13.62493896484375,27.221511840820312
695,15,person,0,0.5009570121765137,373.26922607421875,248.2454071044922,15.882171630859375,33.337860107421875
695,8,person,0,0.670457661151886,324.942138671875,255.04364013671875,18.215911865234375,45.85821533203125
696,11,person,0,0.4844416379928589,341.771484375,249.27450561523438,15.508697509765625,39.0450439453125
696,13,bicycle,1,0.3798750042915344,324.005859375,266.22760009765625,12.845550537109375,26.59814453125
696,15,person,0,0.5610398054122925,373.2015380859375,247.71578979492188,15.328948974609375,32.282470703125
696,8,person,0,0.6520607471466064,324.2728576660156,253.3358917236328,16.81671142578125,41.211395263671875
697,11,person,0,0.4742458164691925,341.70294189453125,249.46115112304688,14.2318115234375,38.95045471191406
697,13,bicycle,1,0.264898419380188,323.9442138671875,266.09197998046875,12.228424072265625,25.739395141601562
697,15,person,0,0.43699201941490173,372.87042236328125,252.11154174804688,15.537689208984375,41.56590270996094
697,8,person,0,0.6819645166397095,323.66888427734375,253.2050323486328,16.926666259765625,40.165740966796875
698,11,person,0,0.5022387504577637,342.20703125,249.45465087890625,13.580596923828125,39.01274108886719
698,13,bicycle,1,0.29692256450653076,324.1654052734375,266.7203063964844,11.737548828125,26.1915283203125
698,15,person,0,0.37697312235832214,372.3460693359375,250.79608154296875,14.4730224609375,37.82945251464844
698,8,person,0,0.7128840088844299,323.49578857421875,253.1551513671875,17.18634033203125,39.97955322265625
699,11,person,0,0.616695761680603,342.5976257324219,249.38829040527344,12.48779296875,39.044464111328125
699,13,bicycle,1,0.3622702360153198,324.3337707519531,266.4115295410156,11.58868408203125,25.1806640625
699,15,person,0,0.385304719209671,372.65032958984375,249.75015258789062,14.228179931640625,35.21482849121094
699,8,person,0,0.74226975440979,323.52764892578125,253.64971923828125,17.501983642578125,40.79707336425781
700,11,person,0,0.5269894003868103,342.5950927734375,249.16278076171875,13.241241455078125,39.38230895996094
700,13,bicycle,1,0.37204185128211975,324.3953857421875,266.11895751953125,11.697296142578125,24.6983642578125
700,15,person,0,0.5400605201721191,373.147216796875,248.36752319335938,15.019256591796875,34.15412902832031
700,8,person,0,0.7493239045143127,323.48138427734375,253.63043212890625,17.542938232421875,40.672119140625
701,11,person,0,0.408789724111557,342.6922912597656,249.3568115234375,13.5528564453125,39.16990661621094
701,13,bicycle,1,0.37324535846710205,324.48834228515625,266.5589599609375,12.08404541015625,25.470855712890625
701,15,person,0,0.5340961217880249,373.3712463378906,253.0431671142578,16.61334228515625,44.173370361328125
701,8,person,0,0.7354941368103027,323.427978515625,254.7609405517578,17.650054931640625,42.437896728515625
702,11,person,0,0.7062121629714966,343.5026550292969,249.19468688964844,13.60162353515625,39.788238525390625
702,13,bicycle,1,0.5558750629425049,324.61883544921875,266.8005065917969,12.086761474609375,26.59747314453125
702,15,person,0,0.4940948486328125,373.146728515625,254.79776000976562,16.810577392578125,47.33099365234375
702,8,person,0,0.6496708393096924,323.64288330078125,255.4585723876953,17.697174072265625,43.222137451171875
703,11,person,0,0.5870165228843689,344.3810729980469,249.19012451171875,13.320068359375,39.64393615722656
703,13,bicycle,1,0.3251935541629791,324.5663146972656,268.5078430175781,12.1092529296875,29.244522094726562
703,15,person,0,0.39251646399497986,372.8887939453125,255.33944702148438,18.107757568359375,46.12095642089844
703,8,person,0,0.7067267894744873,323.19024658203125,255.2874755859375,17.892578125,42.47822570800781
704,11,person,0,0.754863440990448,345.0885314941406,249.12289428710938,12.72802734375,39.6082763671875
704,13,bicycle,1,0.4578174948692322,324.509765625,269.23681640625,12.400177001953125,30.766754150390625
704,15,person,0,0.4704580307006836,372.85064697265625,257.6602783203125,17.62554931640625,45.505462646484375
704,8,person,0,0.7125301957130432,322.616455078125,255.5091094970703,17.991485595703125,42.974151611328125
705,11,person,0,0.676437497138977,345.9010314941406,248.852783203125,12.15570068359375,39.22587585449219
705,13,bicycle,1,0.5064715147018433,324.5313720703125,269.6412658691406,12.428466796875,31.488327026367188
705,15,person,0,0.5982365608215332,373.36334228515625,258.713623046875,17.375518798828125,46.147552490234375
705,8,person,0,0.6998322606086731,322.862060546875,256.2268371582031,18.061065673828125,45.44615173339844
706,11,person,0,0.6291989684104919,346.359375,246.98382568359375,11.587249755859375,35.1024169921875
706,15,person,0,0.6610041260719299,373.94915771484375,259.786865234375,17.388946533203125,46.350067138671875
706,8,person,0,0.7681083679199219,322.822265625,258.39764404296875,18.545806884765625,50.091888427734375
707,11,person,0,0.6866799592971802,346.814697265625,246.90965270996094,11.524261474609375,35.049407958984375
707,15,person,0,0.619853138923645,374.2568359375,261.01055908203125,17.329315185546875,46.592376708984375
707,8,person,0,0.7443422675132751,322.8109130859375,259.18768310546875,18.842864990234375,51.70039367675781
708,11,person,0,0.5057682991027832,347.4627685546875,244.75515747070312,11.440887451171875,30.274551391601562
708,15,person,0,0.6252785325050354,373.82159423828125,260.90679931640625,17.862335205078125,44.390045166015625
708,8,person,0,0.6894565224647522,322.9307556152344,259.2724304199219,18.704833984375,50.66883850097656
709,11,person,0,0.7281697392463684,348.04150390625,247.58065795898438,12.27142333984375,36.76225280761719
709,15,person,0,0.7043939232826233,373.5308532714844,261.50238037109375,17.8299560546875,44.65458679199219
709,8,person,0,0.7205337882041931,323.02227783203125,258.99163818359375,18.33209228515625,50.080047607421875
710,11,person,0,0.7230454087257385,349.17022705078125,248.54808044433594,12.411468505859375,38.613677978515625
710,15,person,0,0.5653730034828186,373.3948974609375,259.43743896484375,17.823760986328125,41.115631103515625
710,8,person,0,0.7141164541244507,322.89471435546875,258.1153564453125,18.4814453125,47.250274658203125
710,13,bicycle,1,0.5694897770881653,323.7593994140625,270.91290283203125,14.58984375,31.980377197265625
711,11,person,0,0.7364810705184937,350.0750427246094,249.169189453125,12.914794921875,38.99473571777344
711,15,person,0,0.5896796584129333,373.12847900390625,257.2182922363281,17.809906005859375,36.90592956542969
711,8,person,0,0.7197771072387695,322.7436828613281,259.01373291015625,18.79388427734375,48.739959716796875
711,13,bicycle,1,0.47170281410217285,323.4612121582031,271.17864990234375,14.0732421875,32.477813720703125
712,11,person,0,0.7238468527793884,350.9560546875,249.90313720703125,13.886505126953125,38.77691650390625
712,15,person,0,0.6092143058776855,373.2574462890625,257.4725036621094,18.605072021484375,37.75624084472656
712,8,person,0,0.7085210084915161,322.20135498046875,257.40887451171875,19.3580322265625,46.222320556640625
712,13,bicycle,1,0.5693237781524658,323.08734130859375,270.90802001953125,14.590301513671875,33.36297607421875
713,11,person,0,0.7149591445922852,351.37408447265625,250.57452392578125,14.9150390625,38.2772216796875
713,15,person,0,0.5791619420051575,372.9820556640625,257.6943359375,18.762420654296875,38.56044006347656
713,8,person,0,0.7090820074081421,322.2539978027344,256.5126953125,18.641357421875,43.6904296875
713,13,bicycle,1,0.5741326808929443,322.7674560546875,271.0675048828125,14.161163330078125,33.524871826171875
714,11,person,0,0.758056640625,351.88421630859375,250.90576171875,15.572784423828125,38.51152038574219
714,15,person,0,0.633503258228302,373.10015869140625,259.56243896484375,19.280303955078125,41.53131103515625
714,8,person,0,0.683700680732727,322.0780029296875,258.18280029296875,18.8577880859375,45.193878173828125
714,13,bicycle,1,0.45609793066978455,322.712890625,271.5306091308594,14.920318603515625,33.60469055175781
715,11,person,0,0.704264223575592,352.37493896484375,250.87225341796875,16.027618408203125,38.91522216796875
715,15,person,0,0.6143617033958435,373.24700927734375,258.909423828125,19.165374755859375,39.90498352050781
715,8,person,0,0.7074270844459534,321.7743835449219,257.2616271972656,18.57470703125,44.19349670410156
715,13,bicycle,1,0.49668392539024353,321.90234375,271.6759033203125,15.020904541015625,33.597900390625
716,11,person,0,0.740610659122467,353.0645446777344,250.66229248046875,16.24847412109375,39.48663330078125
716,15,person,0,0.6656883358955383,373.14080810546875,258.3837890625,19.192138671875,38.396026611328125
716,8,person,0,0.7281855940818787,321.42352294921875,257.2174072265625,19.031341552734375,44.05372619628906
716,13,bicycle,1,0.45301130414009094,321.3280029296875,272.1322326660156,13.840850830078125,33.72309875488281
717,11,person,0,0.7381975054740906,354.0785827636719,250.25836181640625,15.40576171875,40.30085754394531
717,15,person,0,0.6397942900657654,373.31903076171875,261.3455505371094,19.490997314453125,44.27912902832031
717,8,person,0,0.7003113031387329,321.484619140625,257.1709289550781,19.447174072265625,44.40940856933594
717,13,bicycle,1,0.5077818632125854,321.553466796875,272.54278564453125,15.33209228515625,34.6307373046875
718,11,person,0,0.7423772215843201,354.79974365234375,250.13995361328125,14.714263916015625,40.52171325683594
718,15,person,0,0.607506275177002,373.2807312011719,262.4554443359375,18.85943603515625,46.404571533203125
718,8,person,0,0.6836945414543152,321.62615966796875,257.5711669921875,19.130950927734375,44.367706298828125
718,13,bicycle,1,0.4746828079223633,321.50634765625,272.681884765625,15.443023681640625,35.520050048828125
719,11,person,0,0.7498257160186768,355.8238220214844,249.70166015625,14.6964111328125,41.81523132324219
719,15,person,0,0.7032749056816101,373.74420166015625,263.1907043457031,18.301177978515625,47.78350830078125
719,8,person,0,0.6703906059265137,321.451171875,258.04888916015625,18.322357177734375,44.28370666503906
719,13,bicycle,1,0.5030495524406433,321.14971923828125,273.70550537109375,14.209686279296875,35.382965087890625
720,11,person,0,0.6439813375473022,356.15313720703125,249.44227600097656,13.094390869140625,41.292877197265625
720,15,person,0,0.5805817246437073,373.6413879394531,263.5577087402344,17.84613037109375,47.14152526855469
720,8,person,0,0.679242730140686,321.1456298828125,258.17254638671875,18.167999267578125,43.32597351074219
720,13,bicycle,1,0.4954723119735718,320.73541259765625,273.940673828125,13.267669677734375,34.337982177734375
721,11,person,0,0.6549268364906311,356.52276611328125,249.048583984375,13.560638427734375,42.044677734375
721,15,person,0,0.693816065788269,373.620849609375,264.01593017578125,18.017822265625,48.47947692871094
721,8,person,0,0.6885462999343872,320.81195068359375,259.5106506347656,18.615081787109375,45.49562072753906
721,13,bicycle,1,0.4370999336242676,319.8685302734375,274.5792236328125,12.574371337890625,33.44781494140625
722,11,person,0,0.6259323954582214,357.1297607421875,248.77294921875,13.570892333984375,42.416748046875
722,15,person,0,0.6421947479248047,373.8531799316406,263.8927917480469,17.69244384765625,48.12623596191406
722,8,person,0,0.7155063152313232,320.7145690917969,259.69830322265625,19.0609130859375,45.94664001464844
722,13,bicycle,1,0.45116567611694336,319.767822265625,274.97393798828125,13.157440185546875,34.170013427734375
723,11,person,0,0.6543649435043335,357.7560119628906,248.90484619140625,13.49200439453125,43.03871154785156
723,15,person,0,0.6586120128631592,374.09808349609375,263.72882080078125,17.977386474609375,48.68988037109375
723,8,person,0,0.7277963757514954,320.98150634765625,259.6815490722656,18.822479248046875,45.34297180175781
723,13,bicycle,1,0.46427059173583984,319.7757568359375,275.16510009765625,13.113037109375,34.26837158203125
724,11,person,0,0.6641666293144226,358.5498046875,248.89744567871094,13.764068603515625,42.386749267578125
724,15,person,0,0.6231686472892761,374.2513427734375,263.65093994140625,17.782196044921875,48.77598571777344
724,8,person,0,0.7050202488899231,320.78936767578125,259.5057678222656,17.926025390625,43.09895324707031
724,13,bicycle,1,0.44962766766548157,319.45843505859375,275.20196533203125,12.7069091796875,34.41253662109375
725,11,person,0,0.639838457107544,358.7239990234375,248.950439453125,14.071014404296875,42.43409729003906
725,15,person,0,0.641021728515625,374.36065673828125,264.0929260253906,18.1654052734375,49.12574768066406
725,8,person,0,0.6850793957710266,320.39141845703125,259.9663391113281,18.469573974609375,43.79093933105469
725,13,bicycle,1,0.48263654112815857,319.44305419921875,276.38555908203125,13.184600830078125,33.589202880859375
726,11,person,0,0.46182602643966675,358.593994140625,248.71804809570312,13.948577880859375,42.6920166015625
726,15,person,0,0.6748702526092529,374.04638671875,264.4669494628906,19.256805419921875,49.36512756347656
726,8,person,0,0.7334743738174438,320.07635498046875,259.8040466308594,19.034393310546875,43.6092529296875
726,13,bicycle,1,0.5258054137229919,319.43670654296875,277.14971923828125,13.61175537109375,33.48773193359375
727,11,person,0,0.5326115489006042,358.93377685546875,249.75083923339844,13.62158203125,42.070098876953125
727,15,person,0,0.6594254374504089,374.59979248046875,264.40167236328125,18.938934326171875,48.23829650878906
727,8,person,0,0.7246693968772888,320.0865478515625,259.49560546875,19.5157470703125,42.81330871582031
727,13,bicycle,1,0.5605456233024597,319.55670166015625,277.5258483886719,14.42120361328125,34.26519775390625
727,17,person,0,0.5032801032066345,332.1155090332031,238.27706909179688,7.44903564453125,23.60760498046875
728,11,person,0,0.3517289161682129,359.1572570800781,250.504150390625,14.8636474609375,41.76579284667969
728,15,person,0,0.6452633142471313,375.003173828125,264.1703796386719,18.8382568359375,46.66810607910156
728,8,person,0,0.7025390267372131,320.0439453125,259.65338134765625,20.08636474609375,42.795196533203125
728,13,bicycle,1,0.5559725165367126,319.613037109375,277.55767822265625,15.059906005859375,34.9207763671875
728,17,person,0,0.5253176689147949,332.57757568359375,237.9981231689453,7.0262451171875,23.431854248046875
729,15,person,0,0.5769894123077393,375.171142578125,263.3558044433594,17.874847412109375,44.14227294921875
729,8,person,0,0.7148302793502808,319.5059509277344,259.67041015625,19.2728271484375,43.027069091796875
729,13,bicycle,1,0.39256924390792847,319.3619384765625,277.54449462890625,14.844085693359375,35.945343017578125
729,17,person,0,0.5359781980514526,333.15380859375,237.8955078125,7.015228271484375,23.22613525390625
730,15,person,0,0.6190667152404785,375.59307861328125,263.4506530761719,16.826141357421875,43.86009216308594
730,8,person,0,0.7058295607566833,319.0640869140625,259.5516662597656,19.0816650390625,43.05146789550781
730,13,bicycle,1,0.5152376294136047,319.0263977050781,277.81048583984375,15.15777587890625,36.232147216796875
730,17,person,0,0.6417807340621948,333.73382568359375,237.91717529296875,6.768157958984375,23.308517456054688
731,15,person,0,0.5675082802772522,375.45074462890625,264.37933349609375,16.566619873046875,45.4151611328125
731,8,person,0,0.7220855355262756,318.5198974609375,259.7901306152344,19.762725830078125,43.38047790527344
731,13,bicycle,1,0.49555402994155884,318.567626953125,278.1092529296875,15.093292236328125,36.585418701171875
731,17,person,0,0.6509549617767334,333.9779357910156,238.019775390625,6.81878662109375,23.201370239257812
731,11,person,0,0.6112812757492065,362.97821044921875,252.0092010498047,13.717010498046875,38.800384521484375
732,15,person,0,0.6896679997444153,375.2301940917969,264.919677734375,17.61865234375,46.012786865234375
732,8,person,0,0.727297306060791,318.11395263671875,260.14532470703125,20.194854736328125,43.93182373046875
732,13,bicycle,1,0.46225255727767944,318.1563720703125,278.55047607421875,16.384765625,36.735626220703125
732,17,person,0,0.6239854693412781,334.38226318359375,237.98123168945312,6.808807373046875,23.1849365234375
732,11,person,0,0.4989461600780487,363.8298645019531,252.5557403564453,12.1209716796875,37.022857666015625
733,15,person,0,0.6838942766189575,374.8011474609375,264.7690734863281,18.824462890625,45.54893493652344
733,8,person,0,0.7397721409797668,317.6917419433594,261.3183288574219,20.435546875,43.2620849609375
733,13,bicycle,1,0.5331748127937317,317.883056640625,278.96575927734375,16.760986328125,36.713409423828125
733,17,person,0,0.621313214302063,334.7194519042969,237.88693237304688,7.0018310546875,23.293838500976562
733,11,person,0,0.44781163334846497,363.56170654296875,252.45352172851562,12.646942138671875,37.00602722167969
734,15,person,0,0.6559686064720154,374.53466796875,265.4147033691406,19.797637939453125,47.07489013671875
734,8,person,0,0.7470160722732544,317.3899841308594,261.4616394042969,20.152587890625,42.68409729003906
734,13,bicycle,1,0.5343120694160461,317.520751953125,279.2325439453125,16.850555419921875,36.710052490234375
734,17,person,0,0.48708489537239075,335.13897705078125,237.78732299804688,7.33038330078125,23.239822387695312
734,11,person,0,0.5470607280731201,364.91943359375,251.92648315429688,11.2811279296875,38.74183654785156
735,15,person,0,0.427651584148407,374.7957458496094,265.45465087890625,18.56866455078125,47.185089111328125
735,8,person,0,0.7447636127471924,317.11029052734375,260.30767822265625,19.980987548828125,42.093109130859375
735,13,bicycle,1,0.4973349869251251,317.7380676269531,279.2005615234375,15.77996826171875,37.578216552734375
735,17,person,0,0.23299618065357208,335.5089111328125,237.81838989257812,7.786834716796875,22.927719116210938
735,11,person,0,0.4390507936477661,366.4782409667969,251.1846923828125,11.735107421875,39.18235778808594
736,15,person,0,0.5303372144699097,375.42584228515625,266.4068603515625,17.639312744140625,48.581787109375
736,8,person,0,0.7309423089027405,316.9913330078125,260.20538330078125,20.054962158203125,42.623016357421875
736,13,bicycle,1,0.5147860050201416,317.4207763671875,279.31207275390625,15.474578857421875,38.1778564453125
736,17,person,0,0.35652968287467957,336.26239013671875,237.7898712158203,8.311920166015625,22.534515380859375
736,11,person,0,0.445074200630188,367.39898681640625,250.62051391601562,11.302398681640625,38.86521911621094
737,15,person,0,0.5582315325737,375.95263671875,267.7673645019531,17.699981689453125,49.57264709472656
737,8,person,0,0.7333992719650269,316.6364440917969,260.5087890625,20.48443603515625,42.54887390136719
737,13,bicycle,1,0.5341965556144714,317.6539306640625,280.2935791015625,14.910064697265625,38.377044677734375
737,17,person,0,0.507377564907074,336.7447204589844,237.66403198242188,8.3021240234375,22.358444213867188
737,11,person,0,0.40081578493118286,368.33282470703125,245.60874938964844,11.925323486328125,29.852874755859375
738,15,bicycle,1,0.5884559750556946,377.2987060546875,273.35443115234375,17.493988037109375,44.93629455566406
738,8,person,0,0.7353291511535645,316.01861572265625,261.2091979980469,20.78253173828125,44.45198059082031
738,13,bicycle,1,0.5489242672920227,316.8333435058594,280.27020263671875,16.04644775390625,39.32611083984375
738,17,person,0,0.5279830098152161,336.9304504394531,237.6217041015625,8.18121337890625,22.355880737304688
738,11,person,0,0.3096641004085541,369.67034912109375,242.16171264648438,12.68426513671875,23.993301391601562
739,15,bicycle,1,0.5061272978782654,377.91796875,273.77252197265625,17.4127197265625,42.89146423339844
739,8,person,0,0.7534376382827759,315.60491943359375,261.4783630371094,20.759246826171875,45.84417724609375
739,13,bicycle,1,0.5479906797409058,316.2391662597656,280.510498046875,16.41705322265625,39.587921142578125
739,17,person,0,0.6538587808609009,337.2211608886719,237.59024047851562,7.637939453125,22.410568237304688
739,18,person,0,0.5102994441986084,349.67144775390625,237.59646606445312,7.229095458984375,22.208251953125
740,15,bicycle,1,0.4728532135486603,377.2522888183594,276.6957092285156,16.12139892578125,42.19190979003906
740,8,person,0,0.7581939697265625,314.8687744140625,262.7949523925781,20.597564697265625,48.38264465332031
740,13,bicycle,1,0.5552034378051758,315.58160400390625,280.52606201171875,16.717254638671875,39.646728515625
740,17,person,0,0.7084552645683289,337.53228759765625,237.54058837890625,7.3514404296875,22.411636352539062
740,18,person,0,0.3505757451057434,349.02410888671875,237.02923583984375,7.1622314453125,21.246597290039062
741,15,bicycle,1,0.5176416039466858,376.5899658203125,278.89959716796875,17.22979736328125,40.292388916015625
741,8,person,0,0.7556546330451965,314.51171875,263.88250732421875,20.737823486328125,45.85176086425781
741,13,bicycle,1,0.5411057472229004,315.5845642089844,281.35894775390625,16.55096435546875,40.033721923828125
741,17,person,0,0.6785289645195007,337.9899597167969,237.55567932128906,7.3818359375,22.686981201171875
741,18,person,0,0.529644250869751,348.5215759277344,236.567138671875,7.28448486328125,20.81768798828125
741,11,person,0,0.5082612037658691,371.16217041015625,240.2197265625,12.312591552734375,20.808319091796875
742,15,bicycle,1,0.5271453857421875,377.20635986328125,280.24310302734375,16.448638916015625,41.26666259765625
742,8,person,0,0.7411816716194153,313.8768310546875,263.3031005859375,20.791259765625,48.32017517089844
742,13,bicycle,1,0.5187968611717224,315.2188415527344,281.7214660644531,16.6834716796875,39.942138671875
742,17,person,0,0.6711942553520203,338.529052734375,237.36004638671875,7.051300048828125,22.6270751953125
742,18,person,0,0.7043579816818237,348.1656494140625,236.86651611328125,7.285552978515625,21.369827270507812
742,11,person,0,0.5990962386131287,371.3338317871094,240.39352416992188,11.8790283203125,21.308181762695312
743,15,person,0,0.5417768955230713,375.75311279296875,265.154541015625,19.737884521484375,49.59022521972656
743,8,person,0,0.7505465149879456,313.313232421875,263.6332702636719,21.237762451171875,50.066650390625
743,13,bicycle,1,0.5782591104507446,314.39215087890625,282.0587463378906,17.197998046875,40.24334716796875
743,17,person,0,0.6296798586845398,338.80108642578125,237.20339965820312,7.20013427734375,22.159561157226562
743,18,person,0,0.680682361125946,347.850830078125,238.63401794433594,7.768402099609375,24.930450439453125
743,11,person,0,0.2626644968986511,371.5699462890625,240.36660766601562,11.989410400390625,21.444305419921875
744,15,person,0,0.5580384731292725,375.04986572265625,262.6742248535156,19.646636962890625,56.31034851074219
744,8,person,0,0.7549112439155579,312.5860290527344,263.9726867675781,20.54852294921875,50.78742980957031
744,13,bicycle,1,0.5818883180618286,313.37481689453125,282.1347961425781,16.752044677734375,41.11065673828125
744,17,person,0,0.480323851108551,339.7209167480469,237.27699279785156,7.75567626953125,22.20989990234375
744,18,person,0,0.5897461175918579,347.3248291015625,237.824462890625,7.17236328125,23.273422241210938
745,15,person,0,0.6283200979232788,374.76812744140625,258.2489929199219,19.925445556640625,52.97328186035156
745,8,person,0,0.7731700539588928,311.83489990234375,265.14117431640625,21.341827392578125,49.99131774902344
745,13,bicycle,1,0.570798933506012,311.99346923828125,282.6637878417969,17.184783935546875,41.1861572265625
745,17,person,0,0.5507376194000244,340.2126159667969,237.2559814453125,8.24932861328125,22.026351928710938
745,18,person,0,0.5581101775169373,346.72003173828125,237.33145141601562,7.353118896484375,22.0374755859375
746,15,person,0,0.6167578101158142,374.53533935546875,256.671875,20.118865966796875,48.6182861328125
746,8,person,0,0.6465408802032471,310.6690673828125,265.330078125,21.328277587890625,48.872283935546875
746,13,bicycle,1,0.6183599233627319,311.4560546875,283.03436279296875,17.693634033203125,41.627838134765625
746,17,person,0,0.4752604365348816,340.42706298828125,237.2244873046875,8.065460205078125,21.896957397460938
746,18,person,0,0.4461321234703064,346.16290283203125,237.42001342773438,7.364410400390625,21.800521850585938
747,15,person,0,0.6672865748405457,375.23468017578125,263.880615234375,21.185577392578125,60.725006103515625
747,8,person,0,0.699019193649292,309.68109130859375,265.6355285644531,21.674957275390625,48.9427490234375
747,13,bicycle,1,0.6071446537971497,311.513427734375,283.598388671875,17.400177001953125,41.008758544921875
747,17,person,0,0.4426828622817993,341.752685546875,236.96978759765625,10.001739501953125,21.808364868164062
747,18,person,0,0.22309353947639465,345.8432312011719,237.38482666015625,7.56451416015625,20.921676635742188
748,15,person,0,0.538901686668396,374.8568115234375,265.9201354980469,21.87738037109375,56.50798034667969
748,8,person,0,0.7065367698669434,309.15020751953125,266.2951354980469,21.997161865234375,48.10536193847656
748,13,bicycle,1,0.5880540013313293,311.54241943359375,284.01629638671875,17.038787841796875,40.944183349609375
748,17,person,0,0.4887799620628357,342.2903137207031,236.67575073242188,10.383544921875,21.449691772460938
749,15,person,0,0.5185263156890869,375.1978454589844,262.6119384765625,20.9102783203125,59.32830810546875
749,8,person,0,0.6917709112167358,307.86346435546875,267.14715576171875,21.098297119140625,48.016693115234375
749,13,bicycle,1,0.6052892208099365,310.2286071777344,284.8997497558594,17.91455078125,39.98370361328125
749,17,person,0,0.5036291480064392,342.76617431640625,236.6742401123047,10.579864501953125,21.843414306640625
750,15,person,0,0.5111145377159119,374.02386474609375,265.7423400878906,21.809478759765625,52.20649719238281
750,8,person,0,0.680109441280365,306.30877685546875,268.41021728515625,20.823699951171875,48.989410400390625
750,13,bicycle,1,0.5807823538780212,308.84014892578125,285.32391357421875,19.1917724609375,40.810638427734375
750,17,person,0,0.5015547275543213,343.1921691894531,238.35765075683594,10.16943359375,25.361328125
750,11,person,0,0.5556923747062683,377.7952575683594,242.6961669921875,13.08697509765625,22.354461669921875
751,15,person,0,0.6461628675460815,372.86285400390625,270.1109619140625,22.031097412109375,53.30621337890625
751,8,person,0,0.6832310557365417,306.29583740234375,268.46807861328125,23.031219482421875,48.70567321777344
751,13,bicycle,1,0.5355356335639954,308.0801086425781,285.9722900390625,20.69561767578125,40.797515869140625
751,17,person,0,0.5463938117027283,343.278076171875,238.162353515625,10.0155029296875,24.468780517578125
751,11,person,0,0.64048832654953,378.7557067871094,242.6708984375,12.9354248046875,22.165664672851562
752,15,person,0,0.687563419342041,371.84954833984375,272.0194396972656,21.73236083984375,54.88299560546875
752,8,person,0,0.6213667988777161,305.568115234375,267.0003356933594,23.72540283203125,45.26448059082031
752,13,bicycle,1,0.45599454641342163,307.33966064453125,285.38836669921875,21.2789306640625,42.007537841796875
752,17,person,0,0.34739935398101807,343.4412536621094,238.15194702148438,9.84967041015625,24.066207885742188
752,11,person,0,0.5854606628417969,379.595947265625,243.2835235595703,13.596527099609375,23.37103271484375
753,15,person,0,0.6752426028251648,371.5703125,272.37799072265625,21.418792724609375,54.57682800292969
753,8,person,0,0.7022714018821716,304.7757568359375,267.59576416015625,24.720489501953125,45.304534912109375
753,13,bicycle,1,0.5435149669647217,305.90106201171875,285.7010192871094,21.75921630859375,40.79840087890625
753,17,person,0,0.3688088655471802,343.497314453125,238.4029541015625,9.446685791015625,22.253189086914062
753,11,person,0,0.5201928615570068,380.3880920410156,244.104248046875,14.48602294921875,24.93267822265625
754,15,person,0,0.667079746723175,371.32586669921875,271.8313903808594,21.544708251953125,53.99507141113281
754,8,person,0,0.698479413986206,303.74102783203125,268.2040100097656,26.3516845703125,46.36811828613281
754,13,bicycle,1,0.6409436464309692,303.4491271972656,286.81854248046875,24.43524169921875,40.72454833984375
754,17,person,0,0.413574755191803,343.5405578613281,237.825927734375,9.70263671875,22.370986938476562
754,11,person,0,0.4749758839607239,380.7068786621094,244.18597412109375,14.24322509765625,24.914901733398438
755,15,person,0,0.6444969773292542,370.491455078125,272.721435546875,21.392333984375,53.602935791015625
755,8,person,0,0.7244240641593933,301.8661804199219,268.9302673339844,25.9638671875,46.88218688964844
755,13,bicycle,1,0.5973680019378662,301.6478271484375,287.6462097167969,27.047271728515625,40.5750732421875
755,17,person,0,0.3844720423221588,343.53076171875,238.9259490966797,10.109283447265625,22.180511474609375
755,11,person,0,0.4994654357433319,381.1013488769531,243.51055908203125,14.59454345703125,24.1903076171875
756,15,person,0,0.6157753467559814,369.8089599609375,273.746826171875,21.26165771484375,54.704559326171875
756,8,person,0,0.7478282451629639,300.65948486328125,269.63916015625,25.870269775390625,47.460662841796875
756,13,bicycle,1,0.5647664070129395,299.6878662109375,288.1717529296875,27.69927978515625,41.1334228515625
756,17,person,0,0.3226832151412964,343.99847412109375,240.01824951171875,9.64306640625,18.774551391601562
756,11,person,0,0.45769158005714417,381.7315673828125,248.57562255859375,15.550689697265625,35.16831970214844
757,15,person,0,0.6230924725532532,369.002197265625,273.94830322265625,21.828399658203125,54.86460876464844
757,8,person,0,0.738351583480835,299.0776062011719,269.88714599609375,25.41046142578125,48.17332458496094
757,13,bicycle,1,0.7649098038673401,298.1548156738281,288.30584716796875,31.1343994140625,41.919891357421875
757,17,person,0,0.4956413507461548,345.3658447265625,238.4102783203125,7.886871337890625,21.404495239257812
757,11,person,0,0.599901556968689,382.2326965332031,250.91305541992188,16.09283447265625,39.45790100097656
757,18,person,0,0.539930522441864,340.36163330078125,237.84033203125,7.274627685546875,21.005935668945312
758,15,person,0,0.6218000650405884,368.399658203125,272.4289245605469,22.266998291015625,51.29216003417969
758,8,person,0,0.7111660242080688,296.939453125,270.52252197265625,26.710296630859375,48.45527648925781
758,13,bicycle,1,0.8038759827613831,296.80609130859375,289.0419921875,32.825653076171875,41.812835693359375
758,17,person,0,0.5278111696243286,346.1859130859375,237.89210510253906,7.563201904296875,22.535003662109375
758,11,person,0,0.4316175580024719,382.6044616699219,250.67103576660156,15.9720458984375,38.456695556640625
758,18,person,0,0.5839189887046814,340.1068115234375,237.9652862548828,8.27880859375,21.316131591796875
759,15,person,0,0.6428019404411316,367.52081298828125,271.3540344238281,22.548980712890625,49.43577575683594
759,8,person,0,0.704310953617096,294.9072265625,269.60443115234375,26.502655029296875,50.18687438964844
759,13,bicycle,1,0.8225307464599609,295.3980712890625,289.300537109375,34.932464599609375,41.320526123046875
759,17,person,0,0.6191027164459229,346.530029296875,237.539306640625,8.098907470703125,22.791473388671875
759,11,person,0,0.675266444683075,383.1260986328125,251.94772338867188,16.09088134765625,41.64202880859375
759,18,person,0,0.5893325805664062,339.54522705078125,237.836669921875,8.401763916015625,21.021499633789062
760,15,person,0,0.7649245858192444,366.6409912109375,271.61322021484375,22.820343017578125,50.77568054199219
760,8,person,0,0.6250927448272705,292.7767639160156,270.1114196777344,26.6343994140625,50.63377380371094
760,13,bicycle,1,0.8508927822113037,293.56646728515625,289.4962463378906,36.420440673828125,41.7110595703125
760,17,person,0,0.6717174649238586,346.7744140625,237.5452423095703,8.6129150390625,23.3370361328125
760,11,person,0,0.554619312286377,383.2354736328125,252.5570526123047,16.029693603515625,42.841033935546875
760,18,person,0,0.6280283331871033,338.7843933105469,237.80792236328125,8.2847900390625,20.6260986328125
761,15,person,0,0.7919294834136963,365.8869934082031,271.97967529296875,22.85833740234375,51.479583740234375
761,8,person,0,0.6346284747123718,292.000732421875,270.6884765625,24.2803955078125,49.716339111328125
761,13,bicycle,1,0.839423656463623,291.62579345703125,289.8734436035156,37.675811767578125,41.704833984375
761,17,person,0,0.700721800327301,347.68865966796875,237.29405212402344,7.974456787109375,23.11407470703125
761,11,person,0,0.6815343499183655,383.3511962890625,245.9003143310547,15.394805908203125,30.466094970703125
761,18,person,0,0.6808145642280579,338.2277526855469,237.7340850830078,7.9935302734375,20.526031494140625
762,15,person,0,0.7532543540000916,364.495361328125,272.3625793457031,22.240447998046875,52.01922607421875
762,8,person,0,0.764071524143219,289.34130859375,270.70184326171875,26.76177978515625,50.13758850097656
762,13,bicycle,1,0.8233310580253601,289.6769714355469,290.3829040527344,38.83868408203125,41.5118408203125
762,17,person,0,0.7404075860977173,348.4759521484375,237.269775390625,7.754974365234375,23.018020629882812
762,11,person,0,0.6118730902671814,383.59307861328125,242.79830932617188,14.563690185546875,24.346527099609375
762,18,person,0,0.6904398202896118,337.78912353515625,237.8321990966797,7.765472412109375,20.5572509765625
763,15,person,0,0.7722845673561096,363.6671142578125,272.7510986328125,23.344451904296875,51.89915466308594
763,8,person,0,0.7943911552429199,287.27899169921875,271.9476318359375,27.591888427734375,49.53486633300781
763,13,bicycle,1,0.8244649767875671,287.5642395019531,290.91253662109375,40.59222412109375,41.533233642578125
763,17,person,0,0.6821034550666809,348.9024658203125,237.4352264404297,7.953155517578125,22.9442138671875
763,11,person,0,0.5006296634674072,384.13140869140625,242.19873046875,14.388946533203125,22.997879028320312
763,18,person,0,0.650185763835907,337.09185791015625,237.70419311523438,7.757171630859375,20.965225219726562
764,15,person,0,0.7496090531349182,363.0161437988281,272.7809753417969,23.98114013671875,51.49409484863281
764,8,person,0,0.7542784810066223,285.383056640625,272.46002197265625,27.989959716796875,50.381866455078125
764,13,bicycle,1,0.8177390694618225,285.3721618652344,290.94085693359375,41.32550048828125,41.549652099609375
764,17,person,0,0.6894524693489075,349.3150939941406,237.362548828125,8.100830078125,22.83355712890625
764,11,person,0,0.4873683750629425,384.97271728515625,242.2208251953125,13.908599853515625,22.192520141601562
764,18,person,0,0.46596646308898926,336.72723388671875,237.5821533203125,7.62109375,21.146102905273438
765,15,person,0,0.7669388055801392,362.6083068847656,274.5380859375,24.94097900390625,54.130950927734375
765,8,person,0,0.790500283241272,283.13983154296875,273.5902404785156,29.073486328125,52.8155517578125
765,13,bicycle,1,0.8117981553077698,283.18975830078125,291.09783935546875,41.76507568359375,42.07135009765625
765,17,person,0,0.6440810561180115,349.7265625,237.19619750976562,7.958953857421875,22.822189331054688
765,11,person,0,0.5441715121269226,385.8239440917969,246.87750244140625,15.0006103515625,31.53118896484375
765,18,person,0,0.19220517575740814,336.380615234375,237.38919067382812,8.067535400390625,21.351272583007812
766,15,person,0,0.7447143793106079,361.7362060546875,275.1802062988281,25.295013427734375,56.05091857910156
766,8,person,0,0.7625901699066162,280.565185546875,274.22991943359375,30.935699462890625,54.75141906738281
766,13,bicycle,1,0.8521865010261536,280.88568115234375,291.741943359375,43.254119873046875,42.430877685546875
766,17,person,0,0.5942373871803284,350.2923583984375,237.08282470703125,8.051300048828125,22.747817993164062
766,11,person,0,0.6395801901817322,386.8706970214844,250.20166015625,15.699462890625,37.65150451660156
766,18,person,0,0.18623043596744537,335.50732421875,236.97064208984375,8.114227294921875,21.454421997070312
766,20,bicycle,1,0.5233672857284546,364.06866455078125,292.282470703125,20.053314208984375,40.18804931640625
767,15,person,0,0.7612439393997192,360.841552734375,275.9674072265625,25.084259033203125,55.10066223144531
767,8,person,0,0.6996619701385498,280.065673828125,274.38739013671875,28.103118896484375,54.839630126953125
767,13,bicycle,1,0.8206105828285217,278.8018493652344,290.80755615234375,44.66900634765625,42.8094482421875
767,17,person,0,0.5272996425628662,350.85955810546875,236.8076171875,7.830230712890625,23.040786743164062
767,11,person,0,0.5994473695755005,387.4526672363281,250.2130889892578,16.166015625,37.227813720703125
767,18,person,0,0.38419368863105774,334.94940185546875,236.50030517578125,7.493743896484375,21.20758056640625
767,20,bicycle,1,0.5741499662399292,362.0290222167969,291.536865234375,21.20440673828125,42.400665283203125
768,15,person,0,0.6154884696006775,359.7681884765625,276.9656677246094,23.936981201171875,55.86668395996094
768,8,person,0,0.651939332485199,277.6593017578125,274.64996337890625,28.884979248046875,55.12486267089844
768,13,bicycle,1,0.8478622436523438,276.56884765625,291.79791259765625,45.554351806640625,43.298980712890625
768,17,person,0,0.37201157212257385,351.246337890625,236.7176513671875,7.656768798828125,22.976760864257812
768,11,person,0,0.708156168460846,388.11151123046875,250.85400390625,16.175384521484375,38.25382995605469
768,18,person,0,0.33068469166755676,334.36663818359375,236.40386962890625,6.882049560546875,21.512588500976562
768,20,bicycle,1,0.5523701310157776,360.8150634765625,292.66864013671875,21.4312744140625,40.820404052734375
769,15,person,0,0.7209795117378235,359.12213134765625,277.68743896484375,25.42510986328125,55.66175842285156
769,8,person,0,0.7299512028694153,274.37835693359375,275.5102233886719,31.369659423828125,57.44671630859375
769,13,bicycle,1,0.816345751285553,274.02410888671875,292.6170959472656,45.91432189941406,41.90203857421875
769,17,person,0,0.2552656829357147,352.18731689453125,236.61474609375,8.197052001953125,23.471694946289062
769,11,person,0,0.7396990656852722,388.5439758300781,251.55661010742188,16.235595703125,38.76646423339844
769,18,person,0,0.5841622948646545,333.80096435546875,236.48638916015625,7.044769287109375,21.871475219726562
769,20,bicycle,1,0.5609734058380127,359.4541320800781,293.9486083984375,21.58746337890625,39.869476318359375
770,15,person,0,0.2697542607784271,357.8305969238281,280.27227783203125,25.903076171875,61.84877014160156
770,8,person,0,0.7861361503601074,271.8279724121094,275.7944641113281,32.39421081542969,60.08387756347656
770,13,bicycle,1,0.8099139928817749,271.7797546386719,293.2288818359375,46.67979431152344,41.359222412109375
770,17,person,0,0.43354615569114685,352.7167663574219,236.80914306640625,7.9515380859375,23.187789916992188
770,11,person,0,0.7565423846244812,389.2026062011719,252.03790283203125,15.6767578125,40.02983093261719
770,18,person,0,0.6462041139602661,333.2961120605469,236.51422119140625,6.95751953125,21.753982543945312
770,20,bicycle,1,0.5516806244850159,358.8790283203125,294.0252380371094,21.852691650390625,40.03143310546875
771,15,person,0,0.6167558431625366,357.19232177734375,278.57879638671875,26.959716796875,59.43284606933594
771,8,person,0,0.7840269207954407,269.5137634277344,276.6583557128906,33.36492919921875,60.46662902832031
771,13,bicycle,1,0.8593457341194153,269.44110107421875,293.87030029296875,47.295745849609375,42.20489501953125
771,17,person,0,0.6195238828659058,352.9425048828125,236.30181884765625,8.015625,23.524063110351562
771,11,person,0,0.7492832541465759,389.55706787109375,252.9950408935547,15.691558837890625,42.059112548828125
771,18,person,0,0.6459485292434692,332.86492919921875,236.53262329101562,7.432281494140625,21.606613159179688
771,20,bicycle,1,0.6529371738433838,358.092529296875,294.9250793457031,23.330841064453125,39.07696533203125
772,15,person,0,0.7803344130516052,356.3865051269531,278.27642822265625,28.53778076171875,58.885894775390625
772,8,person,0,0.780453085899353,266.8479309082031,278.11944580078125,34.25360107421875,60.287445068359375
772,13,bicycle,1,0.8216137290000916,266.0802001953125,294.43585205078125,46.46592712402344,41.474212646484375
772,17,person,0,0.6321843862533569,353.681884765625,236.4089813232422,7.88043212890625,23.2322998046875
772,11,person,0,0.7639370560646057,390.06036376953125,253.11328125,16.06982421875,42.6368408203125
772,18,person,0,0.4880887269973755,332.4621276855469,236.61703491210938,7.326171875,20.993423461914062
772,20,bicycle,1,0.6757729649543762,357.1665954589844,295.36492919921875,25.020263671875,39.277313232421875
773,15,person,0,0.7811716198921204,355.485595703125,277.7396545410156,30.112030029296875,58.21617126464844
773,8,person,0,0.7729721069335938,264.0784606933594,278.9058532714844,34.88825988769531,60.55958557128906
773,13,bicycle,1,0.8190963864326477,263.5096130371094,294.65802001953125,46.03556823730469,41.301666259765625
773,17,person,0,0.6268994212150574,354.1283874511719,236.30172729492188,8.0850830078125,22.986679077148438
773,11,person,0,0.7632964849472046,390.42724609375,252.87857055664062,15.88421630859375,42.38983154296875
773,18,person,0,0.616182804107666,332.0657958984375,236.8255157470703,7.338409423828125,20.813873291015625
773,20,bicycle,1,0.6676599383354187,355.94122314453125,295.6888427734375,26.335662841796875,40.21588134765625
774,15,person,0,0.7262582182884216,354.00628662109375,278.3781433105469,30.472503662109375,58.22314453125
774,8,person,0,0.7424347400665283,264.6531677246094,278.0848388671875,30.310836791992188,60.341888427734375
774,13,bicycle,1,0.7983043789863586,261.8685302734375,294.8617248535156,46.61265563964844,40.95306396484375
774,17,person,0,0.4326092004776001,354.72528076171875,236.45712280273438,8.141510009765625,23.138778686523438
774,11,person,0,0.7673215866088867,390.5577697753906,253.0448455810547,16.26348876953125,42.888763427734375
774,18,person,0,0.5279656648635864,331.1716003417969,237.65261840820312,7.92047119140625,22.681716918945312
774,20,bicycle,1,0.6912682056427002,354.92645263671875,295.7801513671875,28.191131591796875,41.10186767578125
775,15,person,0,0.6847637295722961,352.34808349609375,279.2259826660156,30.497772216796875,58.35040283203125
775,8,person,0,0.7846173644065857,260.17596435546875,278.733154296875,34.50146484375,60.243316650390625
775,13,bicycle,1,0.8235145807266235,259.639404296875,295.3699951171875,47.638031005859375,41.089691162109375
775,17,person,0,0.5877171754837036,355.24542236328125,236.89083862304688,8.387725830078125,22.776611328125
775,11,person,0,0.7028908729553223,390.9653625488281,252.62925720214844,15.77301025390625,42.064849853515625
775,18,person,0,0.4796290099620819,330.78875732421875,237.27462768554688,7.422454833984375,21.41009521484375
775,20,bicycle,1,0.7599669694900513,353.1452941894531,296.1927185058594,30.8795166015625,41.97698974609375
776,15,person,0,0.7356119155883789,350.97161865234375,280.1255187988281,30.77630615234375,58.53204345703125
776,8,person,0,0.6437582969665527,259.805419921875,278.89154052734375,29.623138427734375,62.33979797363281
776,13,bicycle,1,0.8370625972747803,258.04827880859375,295.5634765625,49.362884521484375,42.377410888671875
776,17,person,0,0.5916981101036072,355.7338562011719,237.05975341796875,8.7744140625,22.820693969726562
776,11,person,0,0.7590962052345276,391.4268798828125,252.927490234375,15.600921630859375,43.23857116699219
776,18,person,0,0.5202478170394897,330.244873046875,237.34344482421875,7.612091064453125,20.987625122070312
776,20,bicycle,1,0.7877923250198364,351.3327331542969,296.9849853515625,32.302734375,41.80438232421875
777,15,person,0,0.7239107489585876,349.32061767578125,280.400146484375,30.213409423828125,57.68798828125
777,8,person,0,0.7877228856086731,256.61822509765625,279.3897705078125,31.739044189453125,62.63299560546875
777,13,bicycle,1,0.8589845895767212,255.39300537109375,295.8944091796875,48.87431335449219,41.0640869140625
777,17,person,0,0.648785412311554,356.24945068359375,237.3973388671875,9.142547607421875,22.643280029296875
777,11,person,0,0.763708770275116,391.8504333496094,253.1732177734375,15.41748046875,43.78788757324219
777,18,person,0,0.49366438388824463,329.9600524902344,237.35972595214844,6.90594482421875,20.724609375
777,20,bicycle,1,0.7889843583106995,349.89080810546875,297.88037109375,32.339996337890625,40.8748779296875
778,15,person,0,0.8089099526405334,347.908447265625,280.4310302734375,29.718414306640625,57.60943603515625
778,8,person,0,0.8314785957336426,253.42596435546875,279.51702880859375,34.62086486816406,63.208251953125
778,13,bicycle,1,0.8265095353126526,253.359130859375,296.4621276855469,49.16911315917969,41.16119384765625
778,17,person,0,0.6769800186157227,356.70086669921875,237.35433959960938,9.621307373046875,22.521255493164062
778,11,person,0,0.770270824432373,392.26495361328125,253.42312622070312,14.98895263671875,44.24543762207031
778,18,person,0,0.5280055999755859,329.3531494140625,237.46580505371094,7.088287353515625,20.98162841796875
778,20,bicycle,1,0.7768187522888184,348.68109130859375,298.26837158203125,32.744659423828125,40.620452880859375
779,15,person,0,0.7961552143096924,346.3999938964844,280.394775390625,30.8721923828125,56.741546630859375
779,8,person,0,0.8281832933425903,250.74066162109375,279.4888610839844,35.366943359375,62.81703186035156
779,13,bicycle,1,0.8262173533439636,251.1077880859375,296.3238525390625,49.12052917480469,40.702423095703125
779,17,person,0,0.6856800317764282,356.95904541015625,237.6937713623047,10.46697998046875,22.148834228515625
779,11,person,0,0.7662703990936279,392.401611328125,253.48890686035156,14.713836669921875,44.420806884765625
779,18,person,0,0.4756682217121124,328.90655517578125,237.3199005126953,6.792022705078125,20.2342529296875
779,20,bicycle,1,0.7768644094467163,347.76446533203125,298.405029296875,32.676055908203125,41.198516845703125
780,15,person,0,0.787004828453064,345.10687255859375,280.78887939453125,30.726104736328125,57.273101806640625
780,8,person,0,0.7928079962730408,247.99893188476562,279.69818115234375,36.56422424316406,63.06709289550781
780,13,bicycle,1,0.8130820393562317,248.5163116455078,296.5987243652344,49.090118408203125,41.4903564453125
780,17,person,0,0.6845802664756775,357.54486083984375,237.66119384765625,10.28643798828125,22.205230712890625
780,11,person,0,0.6208063960075378,392.41876220703125,253.56942749023438,14.5355224609375,44.00689697265625
780,18,person,0,0.6066262722015381,328.321533203125,237.0155029296875,7.099761962890625,19.333206176757812
780,20,bicycle,1,0.7690355181694031,346.18035888671875,298.6978759765625,33.208648681640625,40.97833251953125
781,15,person,0,0.8186529874801636,343.5231628417969,281.488037109375,31.46728515625,58.861572265625
781,8,person,0,0.7758587002754211,245.47601318359375,280.0115966796875,36.88612365722656,62.65284729003906
781,13,bicycle,1,0.8136086463928223,246.02719116210938,298.17572021484375,49.99705505371094,42.973602294921875
781,17,person,0,0.6656419038772583,358.1371154785156,237.69845581054688,10.57135009765625,22.237411499023438
781,11,person,0,0.5590552091598511,392.4156494140625,253.53933715820312,14.301849365234375,43.60198974609375
781,18,person,0,0.475877583026886,327.6326904296875,237.0947723388672,7.575347900390625,19.479949951171875
781,20,bicycle,1,0.7754030823707581,344.40167236328125,298.75372314453125,33.89599609375,41.84527587890625
782,15,person,0,0.8058290481567383,342.32281494140625,280.94097900390625,31.467864990234375,57.29402160644531
782,8,person,0,0.8316066861152649,243.21304321289062,280.2909240722656,37.58319091796875,61.54765319824219
782,13,bicycle,1,0.8329280018806458,243.96145629882812,299.70166015625,50.21195983886719,43.117431640625
782,17,person,0,0.6664137244224548,358.49945068359375,237.50527954101562,10.222991943359375,22.121810913085938
782,11,person,0,0.46377554535865784,392.42620849609375,253.56674194335938,14.25982666015625,43.53631591796875
782,18,person,0,0.5443670749664307,327.2444763183594,237.2947540283203,8.05755615234375,20.665069580078125
782,20,bicycle,1,0.800583004951477,342.71051025390625,298.9865417480469,35.134857177734375,41.89837646484375
783,15,person,0,0.8196993470191956,340.67156982421875,280.60693359375,30.699554443359375,56.42919921875
783,8,person,0,0.7986228466033936,240.55520629882812,280.5577392578125,38.17930603027344,59.706329345703125
783,13,bicycle,1,0.8118200302124023,240.88194274902344,300.1707458496094,48.590240478515625,43.6019287109375
783,17,person,0,0.6387050151824951,358.800537109375,237.40420532226562,10.002655029296875,21.700286865234375
783,11,person,0,0.6113334894180298,392.37164306640625,253.63021850585938,14.046234130859375,43.74079895019531
783,18,person,0,0.35067760944366455,325.77996826171875,237.80343627929688,9.642791748046875,22.257110595703125
783,20,bicycle,1,0.8200220465660095,341.27984619140625,299.4939880371094,36.046966552734375,42.15423583984375
784,15,person,0,0.8128004670143127,339.06640625,281.5201110839844,30.427825927734375,59.21479797363281
784,8,person,0,0.8256213068962097,237.98272705078125,281.0987548828125,38.12506103515625,59.04978942871094
784,13,bicycle,1,0.8411101698875427,239.10336303710938,301.3727722167969,48.73689270019531,43.1888427734375
784,17,person,0,0.5190485119819641,359.40179443359375,237.41603088378906,9.22613525390625,21.31427001953125
784,11,person,0,0.6507340669631958,392.3395690917969,253.77484130859375,13.89019775390625,44.05464172363281
784,18,person,0,0.4528399407863617,325.09765625,239.7889404296875,9.907684326171875,23.838485717773438
784,20,bicycle,1,0.834479808807373,339.67010498046875,299.9769592285156,37.354766845703125,42.11431884765625
785,15,person,0,0.8109936714172363,336.6070556640625,281.8193054199219,31.611419677734375,60.49345397949219
785,8,person,0,0.8069156408309937,235.71554565429688,281.31219482421875,38.07725524902344,58.71954345703125
785,13,bicycle,1,0.8656764030456543,236.9556884765625,301.992919921875,49.6754150390625,44.17138671875
785,17,person,0,0.4535854160785675,359.99530029296875,237.4287567138672,8.219970703125,21.586700439453125
785,11,person,0,0.6358212828636169,392.34991455078125,253.7565155029297,13.862762451171875,44.171356201171875
785,18,person,0,0.3922445476055145,324.44964599609375,238.99972534179688,9.783050537109375,20.621917724609375
785,20,bicycle,1,0.8308133482933044,337.9736633300781,300.31365966796875,39.20068359375,42.686431884765625
786,15,person,0,0.8043437600135803,334.955322265625,282.6837158203125,32.85296630859375,61.427581787109375
786,8,person,0,0.8187897205352783,233.1571807861328,281.1494140625,39.427032470703125,61.228790283203125
786,13,bicycle,1,0.8405188322067261,234.60006713867188,301.8858947753906,49.38343811035156,45.2705078125
786,17,person,0,0.5627104043960571,360.6556701660156,237.5977020263672,7.93572998046875,21.631134033203125
786,11,person,0,0.4997811019420624,392.34808349609375,253.69677734375,13.957061767578125,44.16496276855469
786,18,person,0,0.4628876745700836,324.0186767578125,238.88587951660156,9.665771484375,19.13787841796875
786,20,bicycle,1,0.8413790464401245,336.157958984375,300.97174072265625,41.024505615234375,42.022125244140625
787,15,person,0,0.805638313293457,334.18792724609375,283.89691162109375,33.048370361328125,63.379058837890625
787,8,person,0,0.813646674156189,230.74685668945312,281.508544921875,39.03120422363281,61.49711608886719
787,13,bicycle,1,0.8603771924972534,231.48623657226562,302.15264892578125,50.7662353515625,45.680328369140625
787,17,person,0,0.6718569397926331,361.2435302734375,237.26231384277344,7.641021728515625,22.221343994140625
787,11,person,0,0.3062268793582916,392.2613525390625,253.77159118652344,13.83880615234375,44.037506103515625
787,18,person,0,0.43743646144866943,323.64996337890625,239.57127380371094,9.624786376953125,20.775726318359375
787,20,bicycle,1,0.8239238262176514,334.13372802734375,301.42431640625,42.473052978515625,41.668121337890625
788,15,person,0,0.7937031984329224,332.65692138671875,284.63372802734375,33.455810546875,64.60934448242188
788,8,person,0,0.7403274774551392,228.59019470214844,281.5621337890625,38.695648193359375,61.542755126953125
788,13,bicycle,1,0.796362042427063,229.45596313476562,301.77056884765625,51.2039794921875,44.17828369140625
788,17,person,0,0.6755802631378174,361.49871826171875,237.20062255859375,7.403228759765625,22.468505859375
788,11,person,0,0.19722428917884827,392.2347412109375,253.9005889892578,13.912811279296875,43.998138427734375
788,18,person,0,0.49514639377593994,322.92901611328125,240.21795654296875,9.73223876953125,23.44482421875
788,20,bicycle,1,0.8271833062171936,332.46295166015625,301.2978515625,44.327728271484375,42.437530517578125
789,15,person,0,0.742058277130127,329.998779296875,283.7831115722656,34.431976318359375,63.27442932128906
789,8,person,0,0.6846914291381836,225.96127319335938,282.67291259765625,38.29328918457031,62.234588623046875
789,13,bicycle,1,0.820306122303009,227.13037109375,301.53192138671875,50.74263000488281,43.852020263671875
789,17,person,0,0.6797907948493958,361.77764892578125,237.20516967773438,7.295379638671875,22.584442138671875
789,11,person,0,0.37947380542755127,392.14520263671875,253.97067260742188,13.951446533203125,43.75019836425781
789,18,person,0,0.3982625901699066,322.62603759765625,241.62939453125,9.592559814453125,24.945419311523438
789,20,bicycle,1,0.848466694355011,330.18603515625,301.9400634765625,45.389190673828125,42.4857177734375
790,15,person,0,0.7561632990837097,328.3837890625,284.43670654296875,33.18377685546875,64.96858215332031
790,8,person,0,0.6250472664833069,228.40640258789062,282.144287109375,28.270034790039062,62.17236328125
790,13,bicycle,1,0.7970523834228516,224.96878051757812,302.22625732421875,50.49861145019531,44.75775146484375
790,17,person,0,0.6962976455688477,362.3240966796875,237.309814453125,7.817047119140625,23.180221557617188
790,11,person,0,0.5447448492050171,392.0121765136719,253.99380493164062,14.217041015625,43.52345275878906
790,18,person,0,0.3785039484500885,322.35247802734375,242.62054443359375,8.941070556640625,22.336318969726562
790,20,bicycle,1,0.8439533114433289,328.30169677734375,302.29632568359375,47.099273681640625,42.030792236328125
791,15,person,0,0.7405349612236023,326.1606750488281,284.5799560546875,34.98797607421875,63.633575439453125
791,8,person,0,0.6714937686920166,222.33282470703125,283.1343994140625,36.01277160644531,62.57859802246094
791,13,bicycle,1,0.7859880924224854,222.21261596679688,303.8724670410156,49.52409362792969,45.59490966796875
791,17,person,0,0.6697393655776978,362.63421630859375,237.27774047851562,7.94891357421875,23.067520141601562
791,11,person,0,0.42668959498405457,391.835205078125,254.10360717773438,14.18316650390625,43.59588623046875
791,18,person,0,0.3976554870605469,322.113525390625,242.89923095703125,8.83837890625,23.452316284179688
791,20,bicycle,1,0.8484588861465454,326.24896240234375,302.57635498046875,48.825958251953125,42.479705810546875
792,15,person,0,0.6868992447853088,323.31427001953125,284.0570983886719,35.678863525390625,61.6912841796875
792,8,person,0,0.8125017881393433,218.67562866210938,283.52667236328125,39.217864990234375,62.87251281738281
792,13,bicycle,1,0.8298710584640503,219.7268829345703,305.1236572265625,50.9915771484375,45.3804931640625
792,17,person,0,0.6851515769958496,363.0921630859375,236.99716186523438,8.053009033203125,22.856521606445312
792,11,person,0,0.583476185798645,391.627685546875,252.87066650390625,13.94317626953125,42.07731628417969
792,18,person,0,0.5017335414886475,321.8717346191406,242.35536193847656,8.9935302734375,24.50201416015625
792,20,bicycle,1,0.8606663942337036,323.96038818359375,302.80517578125,50.621978759765625,42.72314453125
793,15,person,0,0.7888218760490417,321.4757080078125,283.9339294433594,34.98138427734375,62.54081726074219
793,8,person,0,0.7784980535507202,215.8449249267578,285.3568420410156,39.958831787109375,64.0487060546875
793,13,bicycle,1,0.8340523838996887,216.8304443359375,305.3546142578125,51.02824401855469,46.903289794921875
793,17,person,0,0.5983695387840271,363.51251220703125,237.17080688476562,8.230804443359375,22.482528686523438
793,11,person,0,0.6300478577613831,391.2908630371094,250.20401000976562,13.91778564453125,37.02130126953125
793,18,person,0,0.47578784823417664,321.69805908203125,243.17662048339844,9.35308837890625,22.2896728515625
793,20,bicycle,1,0.8526389598846436,321.7732238769531,302.8816833496094,52.26361083984375,42.775634765625
794,15,person,0,0.7321843504905701,318.7496337890625,283.3616638183594,36.436920166015625,60.68080139160156
794,8,person,0,0.7231538891792297,212.63833618164062,285.2541198730469,40.01399230957031,61.11051940917969
794,13,bicycle,1,0.8561015129089355,214.20277404785156,305.780029296875,51.5013427734375,47.63031005859375
794,17,person,0,0.6754709482192993,363.9935607910156,237.13922119140625,8.5279541015625,22.3399658203125
794,11,person,0,0.5571432709693909,390.9960632324219,248.58950805664062,13.77142333984375,33.74810791015625
794,18,person,0,0.5448219776153564,321.84405517578125,242.41444396972656,9.525970458984375,23.13946533203125
794,20,bicycle,1,0.8270233869552612,319.4576110839844,303.0052795410156,53.66058349609375,43.1590576171875
795,15,person,0,0.757051944732666,317.39520263671875,283.04779052734375,36.304351806640625,60.795501708984375
795,8,person,0,0.808653712272644,210.68368530273438,285.9407958984375,39.66261291503906,64.37554931640625
795,13,bicycle,1,0.8688318729400635,211.26235961914062,306.20501708984375,51.87046813964844,47.0452880859375
795,17,person,0,0.6806730031967163,364.398681640625,237.06808471679688,8.509124755859375,22.31561279296875
795,11,person,0,0.7324612140655518,390.73590087890625,252.0045166015625,14.894927978515625,40.8458251953125
795,18,person,0,0.4139757752418518,321.81280517578125,243.33522033691406,10.447479248046875,21.98095703125
795,20,bicycle,1,0.8597398996353149,317.1876220703125,303.21746826171875,54.273651123046875,43.450775146484375
796,15,person,0,0.7725368738174438,314.52056884765625,283.45526123046875,36.332183837890625,59.84852600097656
796,8,person,0,0.8233844637870789,208.76007080078125,286.0486145019531,38.94898986816406,67.03111267089844
796,13,bicycle,1,0.8621413707733154,208.72711181640625,307.0247802734375,53.01387023925781,47.1881103515625
796,17,person,0,0.659375786781311,364.9132385253906,237.0063934326172,8.36834716796875,22.088653564453125
796,11,person,0,0.7876201272010803,390.6275634765625,253.39068603515625,15.415740966796875,43.41548156738281
796,18,person,0,0.25191009044647217,321.92718505859375,240.35194396972656,11.408966064453125,20.4002685546875
796,20,bicycle,1,0.8811706304550171,314.95501708984375,303.4765625,55.277130126953125,43.4520263671875
797,15,person,0,0.785490870475769,311.74920654296875,283.6125793457031,37.513885498046875,59.30743408203125
797,8,person,0,0.7890990972518921,205.82261657714844,286.5202331542969,39.067169189453125,68.81159973144531
797,13,bicycle,1,0.8369423747062683,205.86264038085938,307.7591552734375,53.08406066894531,47.019927978515625
797,17,person,0,0.6528900265693665,365.434326171875,236.93467712402344,8.08831787109375,22.33404541015625
797,11,person,0,0.7809680104255676,390.5384826660156,253.77294921875,15.65277099609375,43.9456787109375
797,20,bicycle,1,0.8722632527351379,312.28851318359375,304.02001953125,56.4736328125,43.01910400390625
798,15,person,0,0.7611715197563171,309.751953125,283.951904296875,37.67987060546875,58.87237548828125
798,8,person,0,0.8108755350112915,203.17567443847656,286.05731201171875,40.45648193359375,66.03843688964844
798,13,bicycle,1,0.8639886975288391,203.381591796875,308.24871826171875,53.62312316894531,46.36669921875
798,17,person,0,0.631230354309082,366.1986083984375,236.49667358398438,7.54486083984375,22.021820068359375
798,11,person,0,0.7981050610542297,390.43243408203125,254.06430053710938,15.918975830078125,44.6156005859375
798,20,bicycle,1,0.8788459300994873,310.00347900390625,304.57452392578125,57.205841064453125,42.5335693359375
799,15,person,0,0.7293964624404907,307.19073486328125,283.98089599609375,38.0361328125,60.12739562988281
799,8,person,0,0.8168337941169739,200.6805877685547,285.46429443359375,40.03643798828125,63.70623779296875
799,13,bicycle,1,0.8706938028335571,200.94818115234375,308.35150146484375,54.23622131347656,46.847808837890625
799,17,person,0,0.5184121131896973,366.6882629394531,236.50833129882812,7.30206298828125,21.684219360351562
799,11,person,0,0.7880064249038696,390.10400390625,254.19061279296875,15.859710693359375,44.66313171386719
799,20,bicycle,1,0.8844481110572815,307.520263671875,304.85455322265625,58.038299560546875,42.19366455078125
800,15,person,0,0.7676410675048828,304.27716064453125,283.523681640625,36.8150634765625,58.667724609375
800,8,person,0,0.8314850330352783,197.79513549804688,285.5308837890625,40.66560363769531,63.19129943847656
800,13,bicycle,1,0.8810431957244873,198.14834594726562,309.2171325683594,55.02099609375,46.63079833984375
800,17,person,0,0.535606324672699,367.0211181640625,236.0101318359375,7.475006103515625,22.3232421875
800,11,person,0,0.7933818697929382,389.92218017578125,254.24917602539062,15.92498779296875,44.40061950683594
800,20,bicycle,1,0.8644166588783264,305.27166748046875,304.973876953125,59.334625244140625,42.27947998046875
801,15,person,0,0.7549329400062561,301.2996826171875,283.87060546875,38.384429931640625,59.745849609375
801,8,person,0,0.829871654510498,195.19387817382812,287.0439453125,41.315521240234375,66.44033813476562
801,13,bicycle,1,0.8773748278617859,195.32830810546875,309.5473937988281,56.29399108886719,46.8043212890625
801,17,person,0,0.4581647515296936,367.368896484375,235.60768127441406,7.944671630859375,23.59271240234375
801,11,person,0,0.7912206649780273,389.7772216796875,254.30372619628906,15.803192138671875,44.652313232421875
801,20,bicycle,1,0.8585408926010132,302.72357177734375,305.01580810546875,59.740142822265625,42.047271728515625
802,15,person,0,0.8001458048820496,299.00689697265625,283.75982666015625,40.663909912109375,60.20814514160156
802,8,person,0,0.8222755193710327,192.43336486816406,286.6050109863281,43.357940673828125,65.9566650390625
802,13,bicycle,1,0.8475207090377808,192.81515502929688,309.91754150390625,56.13301086425781,48.016204833984375
802,17,person,0,0.1801423728466034,367.6337585449219,235.38162231445312,8.23614501953125,23.132720947265625
802,11,person,0,0.7702524065971375,389.605224609375,254.394287109375,15.843048095703125,44.599853515625
802,20,bicycle,1,0.8584851026535034,300.0909423828125,304.70416259765625,59.995269775390625,42.53411865234375
803,15,person,0,0.7719870805740356,296.3868408203125,284.43414306640625,40.577423095703125,59.37223815917969
803,8,person,0,0.816508948802948,190.27597045898438,287.2878112792969,43.27728271484375,67.93055725097656
803,13,bicycle,1,0.8124725818634033,190.1916046142578,309.99884033203125,56.5762939453125,48.92486572265625
803,11,person,0,0.7758551836013794,389.1744689941406,254.73890686035156,16.0311279296875,45.568817138671875
803,20,bicycle,1,0.8862598538398743,297.3818054199219,305.1622314453125,60.89666748046875,43.360687255859375
804,15,person,0,0.7351520657539368,294.63446044921875,284.68670654296875,39.000457763671875,57.2811279296875
804,8,person,0,0.8493186235427856,187.56332397460938,287.97979736328125,42.13533020019531,67.57722473144531
804,13,bicycle,1,0.8636542558670044,187.55062866210938,310.06640625,56.277740478515625,48.92999267578125
804,11,person,0,0.7765833735466003,388.57318115234375,255.11402893066406,16.202239990234375,45.824859619140625
804,20,bicycle,1,0.8516610264778137,294.701416015625,305.16400146484375,60.799957275390625,44.516387939453125
805,15,person,0,0.7957414984703064,291.3685302734375,285.16876220703125,41.2747802734375,56.794097900390625
805,8,person,0,0.8529996275901794,184.76783752441406,289.31640625,42.647308349609375,68.45066833496094
805,13,bicycle,1,0.85883629322052,184.987548828125,311.4300537109375,56.932373046875,48.859588623046875
805,11,person,0,0.765162467956543,388.3034362792969,255.18260192871094,15.81915283203125,45.838775634765625
805,20,bicycle,1,0.8736680746078491,292.3664855957031,305.35009765625,61.59368896484375,44.10760498046875
805,17,person,0,0.5074567198753357,368.94390869140625,236.271728515625,8.583770751953125,22.102935791015625
806,15,person,0,0.8013577461242676,287.88543701171875,285.2283630371094,42.529937744140625,57.8153076171875
806,8,person,0,0.8378999829292297,182.00225830078125,289.66925048828125,43.47911071777344,69.36972045898438
806,13,bicycle,1,0.8700723648071289,182.1191864013672,312.36065673828125,56.425323486328125,49.7960205078125
806,11,person,0,0.762516975402832,388.0496826171875,255.43850708007812,15.616241455078125,45.37255859375
806,20,bicycle,1,0.8720235228538513,289.6925354003906,306.042236328125,61.90557861328125,43.4356689453125
806,17,person,0,0.513978898525238,369.303955078125,237.00436401367188,8.9522705078125,20.584487915039062
807,15,person,0,0.8098455667495728,285.50775146484375,285.5845031738281,42.979156494140625,57.73028564453125
807,8,person,0,0.7754662036895752,179.55770874023438,290.82269287109375,43.1397705078125,69.87045288085938
807,13,bicycle,1,0.8327561020851135,179.60821533203125,312.6419677734375,56.57511901855469,48.55560302734375
807,11,person,0,0.7241232991218567,387.6046142578125,255.43783569335938,15.799713134765625,45.22322082519531
807,20,bicycle,1,0.8844722509384155,287.1242980957031,306.58929443359375,62.934814453125,43.317291259765625
807,17,person,0,0.5216610431671143,369.7277526855469,236.75921630859375,9.13525390625,21.324050903320312
808,15,person,0,0.7978448867797852,282.5684814453125,286.84002685546875,42.479766845703125,61.054351806640625
808,8,person,0,0.8221579194068909,177.0628662109375,291.6157531738281,42.94891357421875,72.53770446777344
808,13,bicycle,1,0.7836190462112427,177.19619750976562,313.3150939941406,56.900604248046875,48.75958251953125
808,11,person,0,0.6893360018730164,387.04638671875,255.17543029785156,15.692169189453125,44.534271240234375
808,20,bicycle,1,0.8982464075088501,284.3992004394531,307.01580810546875,62.59672546386719,43.55126953125
808,17,person,0,0.5748542547225952,370.3290100097656,237.03988647460938,9.6676025390625,21.323486328125
809,15,person,0,0.8165838122367859,279.96929931640625,286.7071228027344,42.4381103515625,60.72406005859375
809,8,person,0,0.8662177920341492,173.88949584960938,292.896484375,44.59230041503906,74.35720825195312
809,13,bicycle,1,0.7805374264717102,174.49172973632812,314.1158142089844,57.84965515136719,47.47442626953125
809,11,person,0,0.7521015405654907,386.74334716796875,255.42254638671875,15.926422119140625,45.67417907714844
809,20,bicycle,1,0.8940986394882202,281.5120544433594,307.4325256347656,62.49774169921875,43.3743896484375
809,17,person,0,0.5577307343482971,370.75799560546875,237.09068298339844,9.903564453125,21.526763916015625
810,15,person,0,0.8323154449462891,277.15081787109375,286.2738037109375,43.107452392578125,60.500579833984375
810,8,person,0,0.871659517288208,171.26748657226562,293.6670227050781,43.49320983886719,74.80914306640625
810,13,bicycle,1,0.8665465116500854,172.0506591796875,315.2659912109375,57.24522399902344,48.681304931640625
810,11,person,0,0.7212366461753845,386.286865234375,255.4429168701172,15.966766357421875,46.333343505859375
810,20,bicycle,1,0.9063173532485962,278.8076171875,307.77423095703125,62.905609130859375,43.191131591796875
810,17,person,0,0.5053687691688538,371.213134765625,237.12570190429688,10.024688720703125,21.123611450195312
811,15,person,0,0.8207727074623108,274.994384765625,287.098388671875,42.24967956542969,59.18646240234375
811,8,person,0,0.856886625289917,168.69415283203125,295.0853271484375,43.36277770996094,77.18301391601562
811,13,bicycle,1,0.8599708676338196,169.77847290039062,316.13153076171875,58.11079406738281,48.994049072265625
811,11,person,0,0.7497841715812683,386.0964660644531,255.124755859375,15.6383056640625,46.06756591796875
811,20,bicycle,1,0.8842172622680664,276.1488342285156,308.09954833984375,63.28276062011719,43.434295654296875
811,17,person,0,0.6339753866195679,371.3028259277344,236.9841766357422,9.4786376953125,21.10955810546875
812,15,person,0,0.7983225584030151,272.59423828125,286.86944580078125,42.06623840332031,56.72906494140625
812,8,person,0,0.8390699625015259,166.31979370117188,296.37042236328125,43.71473693847656,78.72732543945312
812,13,bicycle,1,0.8600790500640869,167.42684936523438,316.8134460449219,58.54405212402344,49.5169677734375
812,11,person,0,0.7121678590774536,385.5093994140625,254.908935546875,15.79327392578125,46.51971435546875
812,20,bicycle,1,0.8789789080619812,273.5802001953125,308.4261169433594,63.91917419433594,43.94085693359375
812,17,person,0,0.48947203159332275,371.3753356933594,236.84390258789062,9.107177734375,20.439468383789062
813,15,person,0,0.7959716320037842,270.41827392578125,286.87322998046875,41.858489990234375,54.21246337890625
813,8,person,0,0.8317608833312988,163.62542724609375,296.74114990234375,44.05857849121094,80.9058837890625
813,13,bicycle,1,0.8301594257354736,164.29330444335938,317.8678283691406,57.4385986328125,50.02459716796875
813,11,person,0,0.6901450157165527,385.24822998046875,254.79930114746094,15.415283203125,46.650299072265625
813,20,bicycle,1,0.8951172232627869,271.044677734375,308.7344970703125,64.40731811523438,44.026641845703125
813,17,person,0,0.5946144461631775,371.62933349609375,236.36782836914062,8.806976318359375,20.87640380859375
813,21,person,0,0.6073814034461975,330.513916015625,236.363037109375,8.624053955078125,23.238433837890625
813,18,person,0,0.5186540484428406,310.957763671875,241.72174072265625,10.385711669921875,27.58074951171875
814,15,person,0,0.7825103998184204,267.6861572265625,287.7622985839844,42.036956787109375,58.544189453125
814,8,person,0,0.8416897058486938,161.03561401367188,297.56268310546875,44.87657165527344,80.43194580078125
814,13,bicycle,1,0.8411495685577393,161.89614868164062,318.79541015625,57.76841735839844,50.6190185546875
814,11,person,0,0.569447934627533,384.6697998046875,255.08139038085938,14.802886962890625,46.33775329589844
814,20,bicycle,1,0.8829638957977295,268.2147216796875,308.8946228027344,64.97625732421875,44.21044921875
814,17,person,0,0.49208635091781616,371.7872314453125,236.37448120117188,8.362579345703125,20.45172119140625
814,21,person,0,0.6728554368019104,330.93243408203125,236.45242309570312,8.248748779296875,23.817276000976562
814,18,person,0,0.5000859498977661,310.0753173828125,242.2736358642578,11.135223388671875,26.89654541015625
815,15,person,0,0.8245746493339539,264.34039306640625,286.41229248046875,43.069915771484375,58.75018310546875
815,8,person,0,0.8581879734992981,158.5289306640625,297.64166259765625,45.04454040527344,83.11941528320312
815,13,bicycle,1,0.7792609930038452,159.78839111328125,319.935791015625,58.0499267578125,50.572723388671875
815,11,person,0,0.7147184610366821,383.9096984863281,255.19036865234375,15.55731201171875,47.07966613769531
815,20,bicycle,1,0.895624041557312,265.3934631347656,309.1353454589844,65.12321472167969,44.7366943359375
815,17,person,0,0.4488789737224579,372.1124267578125,236.30581665039062,8.031097412109375,19.947219848632812
815,21,person,0,0.5718551278114319,331.46087646484375,236.97996520996094,8.170684814453125,25.17926025390625
815,18,person,0,0.18816806375980377,310.20257568359375,242.6197509765625,10.430023193359375,26.123748779296875
816,15,person,0,0.8401332497596741,261.84332275390625,287.41900634765625,42.36848449707031,61.699005126953125
816,8,person,0,0.8866956233978271,156.2129669189453,297.89361572265625,44.729705810546875,84.88998413085938
816,13,bicycle,1,0.7936273813247681,157.38658142089844,320.4082946777344,57.106109619140625,51.28173828125
816,11,person,0,0.6993725299835205,382.92022705078125,255.53099060058594,16.672576904296875,46.281463623046875
816,20,bicycle,1,0.9041001200675964,262.4088134765625,309.46624755859375,65.23759460449219,44.171661376953125
816,21,person,0,0.33780115842819214,331.74395751953125,237.34446716308594,8.341156005859375,27.078887939453125
817,15,person,0,0.8276314735412598,259.5088806152344,287.77056884765625,41.37760925292969,62.489898681640625
817,8,person,0,0.8603180050849915,153.49417114257812,298.5672607421875,44.705963134765625,84.58334350585938
817,13,bicycle,1,0.8482538461685181,154.839111328125,320.826904296875,56.08708190917969,52.758087158203125
817,11,person,0,0.7405948638916016,381.6889343261719,255.87606811523438,17.87249755859375,46.37611389160156
817,20,bicycle,1,0.880596399307251,259.53375244140625,309.5638732910156,65.56086730957031,44.51690673828125
817,21,person,0,0.1853543221950531,332.02264404296875,236.58401489257812,8.410888671875,25.296630859375
818,15,person,0,0.8415214419364929,256.35040283203125,286.6766357421875,43.01066589355469,59.831146240234375
818,8,person,0,0.8541700839996338,151.04042053222656,299.5538635253906,44.67730712890625,83.87139892578125
818,13,bicycle,1,0.8308385014533997,152.98089599609375,321.07958984375,56.10820770263672,54.05322265625
818,11,person,0,0.749262809753418,380.6374206542969,256.2705078125,18.366943359375,45.420928955078125
818,20,bicycle,1,0.8931034207344055,256.804931640625,309.9969177246094,66.12081909179688,43.885986328125
819,15,person,0,0.830198347568512,252.79965209960938,287.5706787109375,43.47734069824219,60.863311767578125
819,8,person,0,0.8746870160102844,148.87631225585938,299.8066101074219,45.864906311035156,85.07293701171875
819,13,bicycle,1,0.8281250596046448,150.4710693359375,322.40301513671875,55.825958251953125,54.32708740234375
819,11,person,0,0.5881117582321167,380.1876525878906,255.99154663085938,19.60784912109375,47.28363037109375
819,20,bicycle,1,0.8859848976135254,254.2501983642578,310.0112609863281,67.33169555664062,44.52935791015625
820,15,person,0,0.8301169276237488,250.3783416748047,288.25347900390625,43.742095947265625,62.122039794921875
820,8,person,0,0.8721964955329895,146.53964233398438,300.29266357421875,45.05268859863281,83.771484375
820,13,bicycle,1,0.8256995677947998,148.2460479736328,322.8076171875,54.739288330078125,54.9293212890625
820,11,person,0,0.735275149345398,380.1348876953125,256.9193115234375,19.25482177734375,46.446044921875
820,20,bicycle,1,0.8835954070091248,251.25491333007812,310.33807373046875,67.72450256347656,44.476531982421875
820,18,person,0,0.5104181170463562,309.0272216796875,241.30099487304688,10.068817138671875,29.018020629882812
820,21,person,0,0.6119147539138794,333.5675048828125,239.17221069335938,7.965301513671875,30.334732055664062
821,15,person,0,0.8029496669769287,247.8106231689453,288.3372497558594,44.760284423828125,61.19671630859375
821,8,person,0,0.8739079236984253,144.399658203125,300.6637878417969,45.08848571777344,81.72125244140625
821,13,bicycle,1,0.8222522735595703,145.95379638671875,323.61187744140625,54.34883117675781,55.773101806640625
821,11,person,0,0.47830966114997864,379.9638671875,257.50238037109375,18.681121826171875,46.43272399902344
821,20,bicycle,1,0.9183712601661682,248.47927856445312,310.4952392578125,68.002197265625,44.356109619140625
821,18,person,0,0.4911760985851288,308.7626037597656,240.97048950195312,10.53521728515625,29.123504638671875
821,21,person,0,0.5004212856292725,333.73919677734375,239.61935424804688,7.982879638671875,30.923446655273438
822,15,person,0,0.8140039443969727,244.93975830078125,288.30499267578125,44.92951965332031,62.331329345703125
822,8,person,0,0.8757984042167664,142.1217803955078,301.27606201171875,45.38062286376953,81.48342895507812
822,13,bicycle,1,0.7935240864753723,143.7615966796875,324.61688232421875,53.79023742675781,56.448699951171875
822,11,person,0,0.6472072601318359,379.72149658203125,257.8663635253906,18.0623779296875,46.16448974609375
822,20,bicycle,1,0.9125345349311829,245.55361938476562,310.68609619140625,68.33085632324219,44.8179931640625
822,18,person,0,0.6534496545791626,308.4898681640625,240.72003173828125,10.439453125,29.840286254882812
822,21,person,0,0.6444611549377441,334.17919921875,239.8599853515625,8.74322509765625,30.945327758789062
823,15,person,0,0.8430083394050598,242.0222930908203,287.4315185546875,45.053802490234375,62.738128662109375
823,8,person,0,0.8718194961547852,139.72079467773438,301.6470031738281,44.996681213378906,79.50762939453125
823,13,bicycle,1,0.8313256502151489,141.12747192382812,325.43646240234375,52.31333923339844,57.268707275390625
823,11,person,0,0.550748348236084,379.66326904296875,257.79766845703125,17.888824462890625,46.47648620605469
823,20,bicycle,1,0.8970017433166504,242.963134765625,311.0076904296875,68.59837341308594,44.105804443359375
823,18,person,0,0.5467554330825806,308.3292236328125,241.03363037109375,10.19146728515625,29.406387329101562
823,21,person,0,0.47419124841690063,334.84356689453125,239.87115478515625,8.97161865234375,31.146133422851562
824,15,person,0,0.8322315216064453,238.7795867919922,287.4017028808594,45.282135009765625,63.91497802734375
824,8,person,0,0.8515698909759521,137.65924072265625,301.7711181640625,44.882728576660156,78.07986450195312
824,13,bicycle,1,0.81967693567276,139.15408325195312,326.42529296875,51.12913513183594,57.83843994140625
824,11,person,0,0.666851282119751,379.67938232421875,257.804931640625,17.905181884765625,46.212249755859375
824,20,bicycle,1,0.8854684829711914,240.19578552246094,311.068359375,68.78201293945312,43.320343017578125
824,18,person,0,0.5759572386741638,307.9557189941406,241.05825805664062,10.16021728515625,29.311599731445312
824,21,person,0,0.5630778670310974,335.26904296875,239.79092407226562,8.99114990234375,30.159500122070312
825,15,person,0,0.8303541541099548,236.0152587890625,289.166259765625,44.48423767089844,65.80368041992188
825,8,person,0,0.8654962778091431,135.62020874023438,302.8218688964844,45.16963195800781,78.54608154296875
825,13,bicycle,1,0.7898797392845154,136.64353942871094,327.6361083984375,49.778709411621094,57.64703369140625
825,11,person,0,0.7336518168449402,379.29815673828125,257.108154296875,17.783538818359375,46.946685791015625
825,20,bicycle,1,0.8722416758537292,237.18426513671875,310.7149658203125,69.02117919921875,42.731536865234375
825,18,person,0,0.6295490860939026,307.4080810546875,240.8724822998047,10.307403564453125,29.91339111328125
825,21,person,0,0.4785543978214264,335.57098388671875,238.5233154296875,8.783172607421875,27.469772338867188
826,15,person,0,0.830737292766571,232.74049377441406,289.8540344238281,46.35455322265625,66.0428466796875
826,8,person,0,0.8581044673919678,133.800048828125,302.9356689453125,44.82794189453125,77.89389038085938
826,13,bicycle,1,0.8308312296867371,134.5911407470703,328.75823974609375,49.44750213623047,57.080780029296875
826,11,person,0,0.7349303364753723,378.7496032714844,256.69488525390625,17.384521484375,47.619110107421875
826,20,bicycle,1,0.8825922608375549,234.0765838623047,310.9844055175781,69.40811157226562,43.61236572265625
826,18,person,0,0.664777934551239,307.06597900390625,240.61553955078125,10.268768310546875,30.44927978515625
826,21,person,0,0.4446767568588257,335.7724609375,239.50094604492188,8.84613037109375,28.949951171875
827,15,person,0,0.8198274970054626,229.92312622070312,290.8111572265625,45.92820739746094,64.68411254882812
827,8,person,0,0.865420401096344,131.27845764160156,302.9754943847656,44.6209716796875,77.861328125
827,13,bicycle,1,0.8448569774627686,132.0613250732422,329.60296630859375,48.73944854736328,58.357879638671875
827,11,person,0,0.7170743942260742,377.6561279296875,255.70433044433594,16.589813232421875,49.917205810546875
827,20,bicycle,1,0.8983677625656128,230.93215942382812,311.6535339355469,69.68833923339844,43.704833984375
827,18,person,0,0.5856307744979858,306.9013977050781,240.76376342773438,9.92108154296875,30.077850341796875
827,21,person,0,0.5640515685081482,336.36077880859375,238.0361328125,8.724761962890625,25.61614990234375
828,15,person,0,0.8433470726013184,227.174072265625,290.71270751953125,45.3572998046875,66.9500732421875
828,8,person,0,0.8564611673355103,129.42657470703125,303.416748046875,45.111053466796875,78.646484375
828,13,bicycle,1,0.8173912167549133,129.62332153320312,330.521484375,46.584983825683594,59.12493896484375
828,11,person,0,0.7672669887542725,376.66009521484375,255.73928833007812,16.42926025390625,50.11967468261719
828,20,bicycle,1,0.8666415214538574,228.0594482421875,312.18267822265625,69.38972473144531,44.387176513671875
828,18,person,0,0.7129124999046326,306.6375732421875,240.8515625,10.5679931640625,30.118499755859375
828,21,person,0,0.5786221623420715,336.55865478515625,238.17800903320312,8.457305908203125,25.673171997070312
829,15,person,0,0.84795743227005,224.31163024902344,291.12530517578125,45.44561767578125,67.57015991210938
829,8,person,0,0.8624745607376099,127.2684326171875,303.8885498046875,45.60321807861328,78.53414916992188
829,13,bicycle,1,0.8490220904350281,127.59672546386719,331.510009765625,46.544158935546875,59.593048095703125
829,11,person,0,0.7792524099349976,375.868408203125,255.3409423828125,17.079193115234375,51.12455749511719
829,20,bicycle,1,0.8553668856620789,225.08901977539062,312.10357666015625,69.74116516113281,44.323944091796875
829,18,person,0,0.7341137528419495,306.4013366699219,240.97776794433594,11.4342041015625,30.123260498046875
829,21,person,0,0.6034196019172668,336.9052734375,237.9564208984375,8.084869384765625,25.606094360351562
830,15,person,0,0.8497782349586487,221.06661987304688,292.9373779296875,46.68077087402344,71.19403076171875
830,8,person,0,0.8672645092010498,124.96250915527344,304.271728515625,46.175621032714844,78.25469970703125
830,13,bicycle,1,0.845773458480835,125.78207397460938,332.24481201171875,46.61279296875,60.112701416015625
830,11,person,0,0.7792530655860901,375.14117431640625,255.28536987304688,17.543914794921875,51.41438293457031
830,20,bicycle,1,0.8278720378875732,222.34548950195312,312.0780029296875,70.06611633300781,43.702392578125
830,18,person,0,0.7262885570526123,306.40869140625,241.1863555908203,12.139617919921875,29.658660888671875
830,21,person,0,0.6775646209716797,337.2686767578125,239.22335815429688,8.180450439453125,28.278671264648438
831,15,person,0,0.8038392663002014,217.90585327148438,293.4444580078125,46.40861511230469,73.4593505859375
831,8,person,0,0.8633644580841064,123.27432250976562,304.8653564453125,45.495994567871094,77.59109497070312
831,13,bicycle,1,0.8473098278045654,124.10591125488281,333.2257080078125,46.7501220703125,60.428192138671875
831,11,person,0,0.7795838117599487,374.2178955078125,255.3736572265625,18.521453857421875,51.70771789550781
831,20,bicycle,1,0.8224452137947083,219.82077026367188,312.887939453125,70.25556945800781,43.469390869140625
831,18,person,0,0.6857468485832214,306.0528564453125,241.18746948242188,13.16326904296875,29.856674194335938
831,21,person,0,0.6125065684318542,337.7918701171875,238.63943481445312,7.68450927734375,26.941650390625
832,15,person,0,0.8317153453826904,215.02139282226562,293.2962646484375,46.79963684082031,73.64035034179688
832,8,person,0,0.8487439155578613,121.49517822265625,306.1643371582031,45.44084930419922,78.46044921875
832,13,bicycle,1,0.8311914801597595,122.02156066894531,334.7001953125,46.358970642089844,60.2860107421875
832,11,person,0,0.7843376994132996,373.447998046875,255.4553680419922,18.725677490234375,52.382415771484375
832,20,bicycle,1,0.8175850510597229,216.36129760742188,312.7845764160156,70.40431213378906,44.3033447265625
832,18,person,0,0.6453181505203247,305.42779541015625,241.1968231201172,13.560455322265625,29.795989990234375
832,21,person,0,0.6800429224967957,338.28173828125,239.69329833984375,7.75799560546875,28.824966430664062
833,15,person,0,0.8525682091712952,211.6519012451172,293.2825012207031,47.062042236328125,74.38629150390625
833,8,person,0,0.8247820138931274,119.6274185180664,306.845703125,45.12693786621094,78.553955078125
833,13,bicycle,1,0.8248854279518127,120.27548217773438,336.316162109375,46.52490997314453,60.2730712890625
833,11,person,0,0.7932889461517334,372.91473388671875,255.26187133789062,19.301849365234375,52.97718811035156
833,20,bicycle,1,0.8444502353668213,213.03565979003906,313.80010986328125,71.24612426757812,43.150482177734375
833,18,person,0,0.6639535427093506,305.17169189453125,241.0810089111328,13.102081298828125,29.55865478515625
833,21,person,0,0.6951004266738892,338.68792724609375,239.5480499267578,8.047760009765625,29.07177734375
834,15,person,0,0.8419182896614075,208.53182983398438,294.52728271484375,47.48799133300781,75.00320434570312
834,8,person,0,0.8000877499580383,117.64700317382812,306.63671875,44.88262176513672,77.41091918945312
834,13,bicycle,1,0.7802832126617432,118.77180480957031,337.1193542480469,45.42053985595703,60.73626708984375
834,11,person,0,0.7791730165481567,372.7651672363281,255.09848022460938,19.22857666015625,53.1732177734375
834,20,bicycle,1,0.8448688387870789,210.2353515625,313.8037109375,70.98808288574219,43.54736328125
834,18,person,0,0.5486578941345215,304.9010009765625,241.1434326171875,11.953399658203125,28.363677978515625
834,21,person,0,0.6963504552841187,339.1962890625,239.03933715820312,8.267364501953125,28.186874389648438
835,15,person,0,0.84288489818573,205.52125549316406,294.69287109375,47.683807373046875,76.34628295898438
835,8,person,0,0.8596730828285217,115.75935363769531,309.4195556640625,44.936302185058594,82.12429809570312
835,13,bicycle,1,0.7924977540969849,116.37060546875,339.11468505859375,45.01043701171875,60.662200927734375
835,11,person,0,0.7655468583106995,372.2154541015625,254.74725341796875,19.134002685546875,52.68182373046875
835,20,bicycle,1,0.8481545448303223,207.290283203125,313.6885986328125,70.41780090332031,44.071075439453125
835,18,person,0,0.6074864864349365,304.75732421875,241.3162841796875,11.61273193359375,28.061721801757812
835,21,person,0,0.7081168293952942,339.6522216796875,238.83013916015625,8.6890869140625,27.655990600585938
836,15,person,0,0.8547906875610352,202.92938232421875,295.18896484375,47.22862243652344,77.68460083007812
836,8,person,0,0.8451938629150391,113.87413024902344,310.39666748046875,45.1131591796875,83.55532836914062
836,13,bicycle,1,0.7365612983703613,114.20191192626953,340.27630615234375,43.61808776855469,61.1422119140625
836,11,person,0,0.7858669757843018,371.9912109375,255.2558135986328,20.0626220703125,52.614593505859375
836,20,bicycle,1,0.8562631607055664,204.78219604492188,313.8156433105469,70.24031066894531,44.76214599609375
836,18,person,0,0.3342879116535187,304.70404052734375,241.6446533203125,11.035552978515625,27.42864990234375
836,21,person,0,0.6735610365867615,339.91229248046875,238.38882446289062,9.06756591796875,26.45166015625
837,15,person,0,0.8379354476928711,200.12066650390625,295.0311279296875,47.04685974121094,79.23661804199219
837,8,person,0,0.8331512212753296,112.61634826660156,309.5881652832031,45.38726043701172,82.43914794921875
837,13,bicycle,1,0.7999923825263977,112.56111145019531,341.28485107421875,42.38330841064453,61.970001220703125
837,11,person,0,0.7851455211639404,371.47894287109375,256.0161437988281,20.502532958984375,52.86051940917969
837,20,bicycle,1,0.8433483242988586,201.6500701904297,314.4781494140625,71.14459228515625,44.372833251953125
837,18,person,0,0.3104773163795471,305.29998779296875,241.6651611328125,9.581512451171875,27.420257568359375
837,21,person,0,0.657289445400238,340.1822509765625,238.3956298828125,9.35601806640625,26.400588989257812
838,15,person,0,0.8163923621177673,197.58810424804688,295.3684997558594,46.739471435546875,77.54351806640625
838,8,person,0,0.8112162351608276,111.18913269042969,308.6382141113281,45.49768829345703,79.94775390625
838,13,bicycle,1,0.6951349973678589,111.16155242919922,342.14239501953125,40.89430236816406,63.711944580078125
838,11,person,0,0.7436600923538208,371.0679931640625,256.6663818359375,20.702301025390625,52.956390380859375
838,20,bicycle,1,0.8515452742576599,198.43460083007812,314.0597229003906,71.41941833496094,44.4395751953125
838,18,person,0,0.37437009811401367,305.4605712890625,241.89976501464844,9.280548095703125,28.198577880859375
838,21,person,0,0.6705644726753235,340.3635559082031,238.3095703125,9.7620849609375,25.786239624023438
839,15,person,0,0.8362775444984436,194.5293731689453,295.70849609375,47.66680908203125,74.93658447265625
839,8,person,0,0.8160203695297241,109.84857177734375,309.48919677734375,45.267616271972656,77.59759521484375
839,13,bicycle,1,0.7451232075691223,110.11936950683594,343.8039855957031,39.176368713378906,63.6280517578125
839,11,person,0,0.7643208503723145,371.0856628417969,257.3637390136719,21.32904052734375,53.28778076171875
839,20,bicycle,1,0.8464019894599915,195.32064819335938,314.20050048828125,71.40852355957031,44.253204345703125
839,18,person,0,0.19295869767665863,305.0904541015625,242.222412109375,9.477996826171875,28.883377075195312
839,21,person,0,0.6426944732666016,340.8710021972656,238.96705627441406,9.33197021484375,27.47344970703125
840,15,person,0,0.813000500202179,191.78738403320312,295.7076416015625,48.056427001953125,72.760009765625
840,8,person,0,0.7989935874938965,108.70703125,310.48455810546875,44.890167236328125,78.40646362304688
840,13,bicycle,1,0.6974475383758545,109.21953582763672,344.5733642578125,37.45985412597656,63.855072021484375
840,11,person,0,0.7437620162963867,370.83782958984375,257.14202880859375,21.743408203125,53.35493469238281
840,20,bicycle,1,0.8390337228775024,192.14739990234375,314.25054931640625,71.85493469238281,44.696319580078125
840,18,person,0,0.3409444987773895,304.872314453125,242.12002563476562,9.542236328125,29.890060424804688
840,21,person,0,0.6496917605400085,341.6019287109375,239.63223266601562,9.19921875,28.280426025390625
841,15,person,0,0.8387297987937927,188.97801208496094,296.3746643066406,48.452362060546875,69.76995849609375
841,8,person,0,0.7906711101531982,107.7995834350586,311.69171142578125,44.71736145019531,79.25802612304688
841,13,bicycle,1,0.5552824139595032,107.81179809570312,345.02410888671875,36.163780212402344,66.07907104492188
841,11,person,0,0.7415559887886047,370.4405822753906,257.248779296875,21.3702392578125,51.98667907714844
841,20,bicycle,1,0.8628097176551819,189.6331787109375,314.85528564453125,71.77154541015625,44.912750244140625
841,18,person,0,0.33281928300857544,304.60516357421875,242.43646240234375,9.425933837890625,29.677505493164062
841,21,person,0,0.614118754863739,342.07403564453125,238.82891845703125,9.41033935546875,26.9422607421875
842,15,person,0,0.8494129776954651,185.9095458984375,296.2190856933594,48.862548828125,68.7763671875
842,8,person,0,0.6198009848594666,107.27395629882812,306.5951232910156,45.096275329589844,67.10235595703125
842,13,bicycle,1,0.5899122953414917,108.05293273925781,340.6919250488281,32.65886688232422,57.958251953125
842,11,person,0,0.7267719507217407,369.39501953125,257.6131286621094,19.85479736328125,51.29115295410156
842,20,bicycle,1,0.8453933000564575,187.33148193359375,315.2867736816406,72.504638671875,43.16064453125
842,18,person,0,0.4800995886325836,304.6326599121094,242.39511108398438,9.4119873046875,29.818069458007812
842,21,person,0,0.6173700094223022,342.6994323730469,237.76316833496094,9.5133056640625,24.77972412109375
843,15,person,0,0.8357188105583191,183.2200469970703,296.6578674316406,47.975372314453125,67.65472412109375
843,8,person,0,0.6420655846595764,106.54401397705078,311.4166259765625,44.69322204589844,75.93405151367188
843,13,bicycle,1,0.5984006524085999,105.48999786376953,345.8140869140625,36.87742614746094,68.17184448242188
843,11,person,0,0.755805492401123,368.7045593261719,257.5418701171875,19.0892333984375,52.21272277832031
843,20,bicycle,1,0.8230575919151306,184.80624389648438,314.7906799316406,72.02432250976562,42.062744140625
843,18,person,0,0.5726198554039001,304.89898681640625,242.31533813476562,9.279205322265625,30.21209716796875
843,21,person,0,0.6285975575447083,343.09375,237.26959228515625,9.815582275390625,23.9588623046875
844,15,person,0,0.8432730436325073,179.86148071289062,296.11639404296875,48.71461486816406,70.48373413085938
844,8,person,0,0.8041962385177612,106.1942138671875,312.756591796875,44.67998504638672,77.61593627929688
844,13,bicycle,1,0.6750321984291077,104.75527954101562,348.21246337890625,34.599395751953125,71.28939819335938
844,11,person,0,0.7369313836097717,367.85223388671875,258.0515441894531,17.68359375,51.56610107421875
844,20,bicycle,1,0.7952173352241516,184.28712463378906,314.9708557128906,67.0771484375,40.74688720703125
844,18,person,0,0.602271556854248,305.1546936035156,242.232666015625,9.31927490234375,30.36431884765625
844,21,person,0,0.6017916202545166,343.9443664550781,239.1483154296875,10.10247802734375,27.587966918945312
845,15,person,0,0.8580639362335205,176.48074340820312,295.93212890625,48.86351013183594,69.84878540039062
845,8,person,0,0.7934460639953613,106.1555404663086,313.9332275390625,44.95481872558594,79.41790771484375
845,13,bicycle,1,0.6236584782600403,102.40234375,351.0673828125,38.70652770996094,71.67422485351562
845,11,person,0,0.6832667589187622,367.4436340332031,257.9198303222656,16.8397216796875,51.695556640625
845,20,bicycle,1,0.8304105997085571,179.64453125,315.8065185546875,70.05149841308594,42.104095458984375
845,18,person,0,0.5035073161125183,305.4049072265625,242.20162963867188,9.195159912109375,30.5093994140625
845,21,person,0,0.5673723220825195,344.31201171875,240.05816650390625,9.943328857421875,29.247146606445312
846,15,person,0,0.8478987216949463,173.90037536621094,296.27850341796875,48.640625,68.80203247070312
846,8,person,0,0.8160291314125061,106.18775939941406,314.7279052734375,44.98619842529297,80.14764404296875
846,13,bicycle,1,0.6099271774291992,101.51609802246094,353.47064208984375,36.89683532714844,70.52651977539062
846,11,person,0,0.6397910118103027,367.43212890625,257.71246337890625,16.593231201171875,51.62397766113281
846,20,bicycle,1,0.8117013573646545,176.37197875976562,316.47222900390625,71.02305603027344,43.1956787109375
846,18,person,0,0.6266774535179138,305.635986328125,242.14004516601562,9.289581298828125,30.5762939453125
846,21,person,0,0.681256890296936,344.566650390625,240.5616455078125,9.7298583984375,29.677749633789062
847,15,person,0,0.837936282157898,170.89486694335938,296.28277587890625,48.8023681640625,67.23196411132812
847,8,person,0,0.8434988856315613,106.16415405273438,315.60235595703125,44.939125061035156,81.22918701171875
847,13,bicycle,1,0.6650866866111755,103.00531005859375,354.9158935546875,32.619903564453125,70.88308715820312
847,11,person,0,0.48529672622680664,366.88714599609375,256.9799499511719,16.31951904296875,52.6207275390625
847,20,bicycle,1,0.8257843255996704,173.5435791015625,317.70416259765625,71.22036743164062,43.171783447265625
847,18,person,0,0.4702807664871216,305.4283447265625,242.98013305664062,8.63604736328125,28.8470458984375
847,21,person,0,0.6866951584815979,345.0955810546875,240.685546875,9.8665771484375,30.008941650390625
848,15,person,0,0.8510347008705139,167.92056274414062,296.5302429199219,49.32060241699219,69.68475341796875
848,8,person,0,0.8520249128341675,106.2842025756836,316.7048645019531,44.83268737792969,82.11285400390625
848,13,bicycle,1,0.5927115082740784,102.54634094238281,355.58447265625,28.410682678222656,73.19781494140625
848,11,person,0,0.2980029284954071,366.9351806640625,252.22413635253906,15.578277587890625,41.043243408203125
848,20,bicycle,1,0.8494995832443237,170.51971435546875,318.68463134765625,71.26995849609375,43.406463623046875
848,18,person,0,0.6422918438911438,305.6868896484375,243.04483032226562,8.877105712890625,28.681594848632812
848,21,person,0,0.6732955574989319,345.3517761230469,240.46829223632812,9.3887939453125,29.513442993164062
849,15,person,0,0.8358469605445862,164.6583251953125,296.37384033203125,49.63050842285156,70.79818725585938
849,8,person,0,0.7909631729125977,106.47305297851562,317.57342529296875,44.137733459472656,83.43939208984375
849,13,bicycle,1,0.6095561385154724,102.02632141113281,356.1929931640625,31.92791748046875,75.6302490234375
849,11,person,0,0.25783222913742065,366.53131103515625,249.1407470703125,15.330047607421875,31.70989990234375
849,20,bicycle,1,0.8117445707321167,169.43959045410156,318.5165710449219,67.26504516601562,42.09002685546875
849,18,person,0,0.4759378433227539,305.85162353515625,243.53074645996094,8.778533935546875,27.565155029296875
849,21,person,0,0.6884303689002991,345.875,240.39358520507812,9.404754638671875,30.016464233398438
850,15,person,0,0.8543464541435242,161.48052978515625,296.59600830078125,49.996490478515625,70.0045166015625
850,8,person,0,0.7136027216911316,106.84776306152344,318.36090087890625,43.279296875,84.14376831054688
850,13,bicycle,1,0.7171937823295593,104.10408020019531,357.1133117675781,32.42884826660156,77.37103271484375
850,11,person,0,0.60979163646698,365.8044738769531,256.38629150390625,15.4971923828125,45.210235595703125
850,20,bicycle,1,0.8533430695533752,165.09378051757812,318.4405822753906,68.6719970703125,41.625244140625
850,18,person,0,0.1909944862127304,305.9159240722656,243.88909912109375,8.67974853515625,26.413925170898438
850,21,person,0,0.6155621409416199,346.50048828125,240.6282501220703,8.873992919921875,30.577972412109375
851,15,person,0,0.8745481371879578,158.89405822753906,296.4741516113281,49.502044677734375,68.33148193359375
851,8,person,0,0.755534827709198,107.41569519042969,321.04522705078125,42.435882568359375,87.6082763671875
851,13,bicycle,1,0.7029663324356079,105.1744613647461,358.41229248046875,33.95283508300781,78.09939575195312
851,11,person,0,0.7064762115478516,364.400146484375,258.7734375,18.929595947265625,49.747100830078125
851,20,bicycle,1,0.7823019623756409,161.19895935058594,319.02459716796875,70.2423324584961,42.5234375
851,18,person,0,0.3457220792770386,306.324462890625,243.96798706054688,8.89739990234375,26.11798095703125
851,21,person,0,0.7441323399543762,346.838623046875,240.67755126953125,9.060211181640625,31.06707763671875
852,15,person,0,0.8478650450706482,155.65969848632812,296.70965576171875,49.733001708984375,68.19216918945312
852,8,person,0,0.8246111273765564,108.53373718261719,323.43157958984375,41.68389892578125,92.05398559570312
852,13,bicycle,1,0.6502933502197266,105.63702392578125,359.6684265136719,33.671470642089844,79.50921630859375
852,11,person,0,0.7441624402999878,363.646728515625,259.63470458984375,19.877288818359375,50.83204650878906
852,20,bicycle,1,0.7639374136924744,161.86082458496094,318.9423828125,63.403350830078125,40.608245849609375
852,18,person,0,0.5072769522666931,306.64862060546875,243.38580322265625,9.295135498046875,27.555435180664062
852,21,person,0,0.7731193900108337,347.184326171875,240.49786376953125,9.08221435546875,30.896270751953125
853,15,person,0,0.8067833185195923,154.94439697265625,296.5577087402344,44.26145935058594,67.73956298828125
853,8,person,0,0.8142053484916687,109.53204345703125,324.70343017578125,40.97400665283203,94.28823852539062
853,13,bicycle,1,0.6449607014656067,106.11773681640625,362.00958251953125,33.371681213378906,79.27032470703125
853,11,person,0,0.6956632137298584,362.7529296875,260.5999450683594,20.23583984375,51.10498046875
853,20,bicycle,1,0.774873673915863,160.51739501953125,319.075927734375,59.73921203613281,39.404510498046875
853,18,person,0,0.22236642241477966,306.85198974609375,243.7080078125,9.929779052734375,27.527084350585938
853,21,person,0,0.6435152888298035,347.6912841796875,240.48565673828125,8.658782958984375,30.905975341796875
854,15,person,0,0.8405143618583679,151.8869171142578,297.14508056640625,44.98370361328125,67.90869140625
854,8,person,0,0.8329815864562988,114.17060089111328,325.67535400390625,47.60401916503906,95.02310180664062
854,13,bicycle,1,0.7030754089355469,106.72993469238281,363.6522216796875,34.278297424316406,79.87368774414062
854,11,person,0,0.6861264109611511,362.3636779785156,260.9858703613281,20.03466796875,51.05531311035156
854,20,bicycle,1,0.8318040370941162,158.07028198242188,320.45257568359375,59.013580322265625,37.258056640625
854,18,person,0,0.41688162088394165,307.14495849609375,242.86270141601562,10.643890380859375,29.412582397460938
854,21,person,0,0.4613744020462036,347.9007568359375,240.19944763183594,8.693084716796875,30.46697998046875
855,15,person,0,0.7991100549697876,148.8511199951172,297.64068603515625,43.98798370361328,66.93588256835938
855,8,person,0,0.82975834608078,113.33229064941406,329.56793212890625,44.863739013671875,101.34967041015625
855,13,bicycle,1,0.7005882263183594,107.68695068359375,365.113037109375,34.916725158691406,81.21719360351562
855,11,person,0,0.7075780034065247,362.4171142578125,261.00384521484375,18.535308837890625,50.831085205078125
855,20,bicycle,1,0.8054254055023193,156.51953125,320.81756591796875,55.178741455078125,37.755279541015625
855,18,person,0,0.2779161036014557,306.9491271972656,242.55300903320312,10.3466796875,29.944503784179688
856,15,person,0,0.8022236227989197,146.31170654296875,297.404541015625,42.521095275878906,65.5992431640625
856,8,person,0,0.8349524736404419,113.04766845703125,331.8515625,43.116973876953125,103.94583129882812
856,13,bicycle,1,0.5839417576789856,109.43453216552734,368.49017333984375,33.28778076171875,78.98745727539062
856,11,person,0,0.6761442422866821,362.4290771484375,261.1558837890625,18.839935302734375,51.20271301269531
856,20,bicycle,1,0.7828262448310852,155.29978942871094,320.445556640625,50.77789306640625,39.0758056640625
857,15,person,0,0.8095700740814209,145.02516174316406,296.9756774902344,37.966278076171875,64.56439208984375
857,8,person,0,0.823127031326294,114.01585388183594,333.339599609375,43.75457763671875,105.27520751953125
857,13,bicycle,1,0.6227853298187256,112.11518859863281,370.0570068359375,33.698097229003906,79.51535034179688
857,11,person,0,0.7538747787475586,361.926025390625,260.8848571777344,19.73443603515625,51.75990295410156
857,20,bicycle,1,0.6442015171051025,154.05479431152344,320.2983703613281,47.19769287109375,40.0047607421875
858,15,person,0,0.8120909333229065,142.7020263671875,297.9891662597656,35.98967742919922,67.3743896484375
858,8,person,0,0.8402935266494751,115.69298553466797,334.85980224609375,44.38670349121094,107.33480834960938
858,13,bicycle,1,0.5713885426521301,115.78294372558594,371.67041015625,33.300498962402344,80.02313232421875
858,11,person,0,0.7553168535232544,361.12847900390625,261.188720703125,20.540313720703125,51.233795166015625
858,20,bicycle,1,0.5271095037460327,154.26968383789062,321.85699462890625,40.88623046875,36.80755615234375
859,15,person,0,0.7103952169418335,140.34133911132812,300.2060546875,34.612083435058594,64.5318603515625
859,8,person,0,0.8450438380241394,118.29571533203125,335.3623046875,44.944236755371094,110.13333129882812
859,13,bicycle,1,0.6710079908370972,119.12875366210938,373.87005615234375,31.844261169433594,79.00485229492188
859,11,person,0,0.6403812170028687,360.02508544921875,260.7886047363281,20.604705810546875,51.70674133300781
859,20,bicycle,1,0.5318640470504761,154.6747589111328,323.61767578125,33.7423095703125,34.222137451171875
860,15,person,0,0.5374380350112915,135.39486694335938,291.30047607421875,37.155906677246094,46.5367431640625
860,8,person,0,0.847003698348999,120.56367492675781,335.864013671875,45.85259246826172,111.95074462890625
860,13,bicycle,1,0.644869863986969,121.99969482421875,374.6368408203125,35.262794494628906,81.63259887695312
860,11,person,0,0.7420796751976013,359.6036376953125,260.74346923828125,19.781768798828125,51.82179260253906
860,20,bicycle,1,0.5819911360740662,153.40478515625,324.7877197265625,29.694076538085938,32.064697265625
861,15,person,0,0.8146275281906128,128.97113037109375,287.81402587890625,45.28465270996094,39.7283935546875
861,8,person,0,0.8376270532608032,123.10247802734375,336.9619140625,46.57415008544922,113.38192749023438
861,13,bicycle,1,0.6245028972625732,125.03718566894531,376.5229187011719,37.239524841308594,81.14111328125
861,11,person,0,0.7378842830657959,358.62884521484375,260.799560546875,19.290771484375,51.37420654296875
861,20,bicycle,1,0.43037036061286926,153.45147705078125,325.66192626953125,24.02838134765625,31.064605712890625
862,15,person,0,0.519729495048523,124.86760711669922,287.49090576171875,47.90089416503906,39.477386474609375
862,8,person,0,0.8454869389533997,125.8001708984375,338.77960205078125,48.9351806640625,114.07098388671875
862,13,bicycle,1,0.7171252965927124,128.8258056640625,378.44476318359375,39.67951965332031,81.27597045898438
862,11,person,0,0.7700052261352539,357.52081298828125,260.119384765625,19.103729248046875,53.29719543457031
862,20,bicycle,1,0.17359595000743866,153.90492248535156,325.4493713378906,18.791168212890625,28.3218994140625
863,15,person,0,0.24688072502613068,119.22355651855469,289.70556640625,45.806854248046875,39.942352294921875
863,8,person,0,0.822747528553009,128.43850708007812,341.3939208984375,50.75126647949219,113.75674438476562
863,13,bicycle,1,0.7802317142486572,133.22447204589844,380.18621826171875,41.517791748046875,81.50582885742188
863,11,person,0,0.7623273134231567,356.82147216796875,258.9497985839844,18.914764404296875,55.70097351074219
864,15,person,0,0.4155663251876831,115.00685119628906,294.17218017578125,43.902305603027344,46.429412841796875
864,8,person,0,0.8653230667114258,132.22262573242188,343.0086364746094,51.51878356933594,115.15478515625
864,13,bicycle,1,0.5703747868537903,137.17076110839844,382.6566162109375,44.34435272216797,81.06396484375
864,11,person,0,0.6898366808891296,356.0049133300781,258.7749938964844,18.856201171875,54.661376953125
865,15,person,0,0.5578329563140869,112.61115264892578,297.6628112792969,46.19404602050781,55.95428466796875
865,8,person,0,0.867358386516571,135.47251892089844,344.8231201171875,52.87621307373047,115.9481201171875
865,13,bicycle,1,0.444717139005661,140.17958068847656,384.518798828125,49.84455108642578,81.26348876953125
865,11,person,0,0.7417662739753723,355.0793151855469,259.06219482421875,19.927978515625,56.0498046875
865,22,bicycle,1,0.6913728713989258,99.29948425292969,327.18402099609375,33.570701599121094,48.547882080078125
866,15,person,0,0.8269667029380798,110.46812438964844,297.7665100097656,48.883270263671875,58.8575439453125
866,8,person,0,0.8734216690063477,139.53482055664062,345.8687438964844,54.27833557128906,117.830078125
866,13,bicycle,1,0.8168342113494873,140.32119750976562,386.4859924316406,63.02557373046875,81.02252197265625
866,11,person,0,0.754837155342102,354.40875244140625,258.2483215332031,20.726898193359375,58.77360534667969
866,22,bicycle,1,0.7312051653862,98.9443130493164,328.0051574707031,38.392852783203125,47.96734619140625
867,15,person,0,0.8302252292633057,107.7591552734375,300.0798034667969,50.168724060058594,65.88287353515625
867,8,person,0,0.8898916244506836,142.51107788085938,347.03863525390625,55.06178283691406,119.15908813476562
867,13,bicycle,1,0.659798264503479,142.6939239501953,387.5457763671875,70.99861907958984,81.77145385742188
867,11,person,0,0.7650451064109802,353.74884033203125,258.54986572265625,20.427490234375,58.601654052734375
867,22,bicycle,1,0.7876628637313843,98.88105773925781,329.6080322265625,43.53791046142578,46.427764892578125
868,15,person,0,0.8301608562469482,104.86685180664062,302.6583251953125,50.301666259765625,69.45169067382812
868,8,person,0,0.8970217108726501,146.62437438964844,348.0881652832031,57.624176025390625,120.35821533203125
868,13,bicycle,1,0.8494190573692322,147.1937255859375,389.32489013671875,74.64151763916016,81.59878540039062
868,11,person,0,0.7405063509941101,352.9736328125,258.95849609375,20.433563232421875,57.189971923828125
868,22,bicycle,1,0.8632760643959045,99.12159729003906,329.9245300292969,50.669166564941406,46.94598388671875
869,15,person,0,0.8405608534812927,101.98924255371094,303.635986328125,51.274940490722656,68.76296997070312
869,8,person,0,0.8827438354492188,151.2888946533203,349.1315612792969,58.001319885253906,121.9871826171875
869,13,bicycle,1,0.875577449798584,151.88735961914062,390.4117431640625,78.45024871826172,82.9010009765625
869,11,person,0,0.7108224034309387,352.62408447265625,259.33441162109375,20.734954833984375,55.767974853515625
869,22,bicycle,1,0.8451905250549316,99.08241271972656,330.40240478515625,56.42975616455078,47.287750244140625
870,15,person,0,0.8427983522415161,98.88327026367188,304.87640380859375,52.05389404296875,68.5958251953125
870,8,person,0,0.8835018277168274,156.24085998535156,350.0819396972656,58.84117889404297,123.2615966796875
870,13,bicycle,1,0.8906077146530151,156.57025146484375,391.83404541015625,82.1522445678711,83.19561767578125
870,11,person,0,0.7333045601844788,352.219970703125,260.20086669921875,21.234161376953125,54.4180908203125
870,22,bicycle,1,0.8510125875473022,98.70965576171875,330.99578857421875,61.71954345703125,48.047119140625
871,15,person,0,0.8665032982826233,95.74716186523438,305.14996337890625,52.439598083496094,68.618408203125
871,8,person,0,0.887263298034668,160.66262817382812,351.1749572753906,60.83592224121094,124.83648681640625
871,13,bicycle,1,0.8813446760177612,161.2808837890625,392.7886962890625,87.06712341308594,83.26199340820312
871,11,person,0,0.6684731245040894,351.40020751953125,260.1163024902344,21.218536376953125,55.67254638671875
871,22,bicycle,1,0.8501423597335815,98.8822021484375,331.852294921875,68.20616912841797,47.416717529296875
872,15,person,0,0.8604602217674255,92.678466796875,305.65972900390625,52.580902099609375,69.537109375
872,8,person,0,0.8991661667823792,165.27587890625,352.30364990234375,61.133697509765625,126.14456176757812
872,13,bicycle,1,0.8915972709655762,166.58358764648438,393.87030029296875,91.05081939697266,84.09732055664062
872,11,person,0,0.6731738448143005,351.4993896484375,261.7167053222656,21.279693603515625,54.99359130859375
872,22,bicycle,1,0.8338900804519653,97.39596557617188,332.7756042480469,70.31173706054688,46.9671630859375
873,15,person,0,0.8571215867996216,89.8832778930664,307.25128173828125,52.0536994934082,74.01675415039062
873,8,person,0,0.8906959891319275,170.77175903320312,353.63934326171875,62.54829406738281,127.0360107421875
873,13,bicycle,1,0.8780861496925354,171.683837890625,394.80523681640625,96.40856170654297,84.47698974609375
873,11,person,0,0.7085397839546204,350.5535583496094,263.0436096191406,21.83685302734375,53.58802795410156
873,22,bicycle,1,0.8678150773048401,94.88351440429688,333.2914123535156,72.16790008544922,48.1295166015625
874,15,person,0,0.8303369879722595,86.95685577392578,308.0314636230469,52.189022064208984,73.7591552734375
874,8,person,0,0.8730090856552124,175.56243896484375,353.95550537109375,62.74943542480469,128.50460815429688
874,13,bicycle,1,0.9088758826255798,177.36773681640625,395.42559814453125,99.45436096191406,85.34664916992188
874,11,person,0,0.7275726199150085,350.3646545410156,263.369873046875,22.5614013671875,53.19732666015625
874,22,bicycle,1,0.8760265707969666,92.3238296508789,333.9828186035156,72.43507385253906,47.41448974609375
874,18,person,0,0.5777029395103455,310.58929443359375,242.37527465820312,10.72247314453125,31.08929443359375
875,15,person,0,0.822344958782196,83.81239318847656,308.30615234375,52.56134796142578,73.14053344726562
875,8,person,0,0.8874069452285767,181.08480834960938,355.87347412109375,64.49209594726562,131.02337646484375
875,13,bicycle,1,0.896132230758667,183.07073974609375,396.75860595703125,103.16554260253906,84.48129272460938
875,11,person,0,0.7444471716880798,349.4732666015625,263.2489318847656,21.676239013671875,52.71661376953125
875,22,bicycle,1,0.8654241561889648,89.1334228515625,334.6849365234375,70.9645767211914,48.007720947265625
875,18,person,0,0.5929421782493591,310.8126220703125,242.12515258789062,10.268402099609375,31.13446044921875
876,15,person,0,0.8576764464378357,80.71168518066406,309.54229736328125,52.71161651611328,73.59317016601562
876,8,person,0,0.8815149068832397,186.73065185546875,356.7490234375,64.41778564453125,131.77542114257812
876,13,bicycle,1,0.894075870513916,189.2113800048828,396.78125,107.59573364257812,85.45541381835938
876,11,person,0,0.7739791870117188,348.47552490234375,263.1080322265625,20.090606689453125,52.00413513183594
876,22,bicycle,1,0.8603157997131348,86.10359191894531,335.1239013671875,70.718505859375,48.311187744140625
876,18,person,0,0.4465768337249756,311.0166931152344,242.33456420898438,10.14373779296875,30.738967895507812
877,15,person,0,0.8563351035118103,77.47813415527344,309.8207702636719,53.48082733154297,75.11627197265625
877,8,person,0,0.8598107099533081,192.7755126953125,357.892333984375,66.01119995117188,132.75619506835938
877,13,bicycle,1,0.9056779146194458,196.18411254882812,398.00811767578125,112.9781494140625,85.279541015625
877,11,person,0,0.6143110394477844,347.6063232421875,262.9190368652344,19.74786376953125,51.87440490722656
877,22,bicycle,1,0.8640484809875488,83.07258605957031,335.89306640625,70.38203430175781,48.032867431640625
877,18,person,0,0.5376269817352295,311.1270751953125,242.010009765625,10.054901123046875,31.023056030273438
878,15,person,0,0.854850172996521,74.68978881835938,309.15484619140625,53.00212860107422,71.54159545898438
878,8,person,0,0.8715088367462158,199.22772216796875,358.9987487792969,66.9931640625,134.02301025390625
878,13,bicycle,1,0.8779469728469849,202.34921264648438,398.5980224609375,116.88482666015625,84.4259033203125
878,11,person,0,0.7931831479072571,347.27374267578125,262.9505920410156,19.403717041015625,52.51847839355469
878,22,bicycle,1,0.8610363006591797,80.27830505371094,336.4710388183594,70.09391021728516,48.57421875
878,18,person,0,0.5398016571998596,311.2758483886719,241.87319946289062,9.86090087890625,31.214462280273438
879,15,person,0,0.8498833775520325,72.08491516113281,309.99932861328125,52.5035285949707,72.64291381835938
879,8,person,0,0.888240396976471,205.3731689453125,359.50244140625,67.904541015625,134.47476196289062
879,13,bicycle,1,0.9049637913703918,209.3874053955078,399.2169189453125,120.84182739257812,84.09933471679688
879,11,person,0,0.780900776386261,346.6924133300781,262.96661376953125,19.5753173828125,52.734344482421875
879,22,bicycle,1,0.8672178983688354,76.97478485107422,336.93133544921875,69.23919677734375,49.646636962890625
879,18,person,0,0.39984914660453796,311.7060546875,239.75933837890625,9.64117431640625,27.216567993164062
880,15,person,0,0.8227642178535461,69.83126068115234,311.0207214355469,51.937442779541016,70.5372314453125
880,8,person,0,0.8839572072029114,211.61441040039062,360.2717590332031,68.89228820800781,135.376220703125
880,13,bicycle,1,0.9075167775154114,215.80441284179688,399.38336181640625,124.6641845703125,84.64309692382812
880,11,person,0,0.765601396560669,346.3504638671875,262.8952941894531,19.817535400390625,53.20777893066406
880,22,bicycle,1,0.8677641153335571,74.01922607421875,338.6706237792969,68.12107849121094,48.9599609375
880,18,person,0,0.517500638961792,311.986328125,238.18043518066406,9.452972412109375,23.866607666015625
881,15,person,0,0.7555844783782959,67.61015319824219,312.52264404296875,50.6263542175293,70.15252685546875
881,8,person,0,0.9032601714134216,218.5772247314453,360.8843078613281,70.22976684570312,136.66436767578125
881,13,bicycle,1,0.9191172122955322,222.6951904296875,399.8645935058594,127.88020324707031,83.921142578125
881,11,person,0,0.7556887865066528,345.9782409667969,262.85479736328125,19.939208984375,52.7340087890625
881,22,bicycle,1,0.875569760799408,71.05538940429688,339.529296875,66.76263427734375,49.711151123046875
882,15,person,0,0.7061113119125366,65.87369537353516,314.3688049316406,48.67608642578125,69.52398681640625
882,8,person,0,0.8871273398399353,225.3272247314453,361.9737548828125,71.22030639648438,137.58905029296875
882,13,bicycle,1,0.9011338353157043,229.92800903320312,400.32763671875,130.30067443847656,82.89047241210938
882,11,person,0,0.7923547029495239,346.09716796875,263.1021423339844,20.954254150390625,53.03704833984375
882,22,bicycle,1,0.8432215452194214,68.57174682617188,339.90374755859375,66.19499206542969,50.891937255859375
883,15,person,0,0.7258223295211792,67.68545532226562,315.3564453125,40.45039749145508,71.24847412109375
883,8,person,0,0.8944427371025085,232.68161010742188,362.60693359375,71.71546936035156,138.89059448242188
883,13,bicycle,1,0.890468418598175,236.8094482421875,400.03076171875,133.19187927246094,82.71856689453125
883,11,person,0,0.7561124563217163,345.41998291015625,263.28070068359375,19.989044189453125,53.00361633300781
883,22,bicycle,1,0.8307411074638367,66.12519073486328,340.7999267578125,65.35928344726562,52.206817626953125
884,15,person,0,0.7926434874534607,66.13753509521484,316.41619873046875,37.365604400634766,70.19207763671875
884,8,person,0,0.8970099091529846,239.68763732910156,362.232177734375,72.60696411132812,139.51705932617188
884,13,bicycle,1,0.9169057011604309,243.73477172851562,400.13720703125,135.9589080810547,82.61221313476562
884,11,person,0,0.7591326832771301,344.0993957519531,263.7982482910156,19.89923095703125,52.8485107421875
884,22,bicycle,1,0.84785395860672,63.44801330566406,341.54901123046875,64.94918823242188,52.83203125
885,15,person,0,0.7257703542709351,63.0943717956543,315.6578063964844,37.69207000732422,71.88653564453125
885,8,person,0,0.8971778154373169,246.92909240722656,362.575439453125,74.53945922851562,139.92892456054688
885,13,bicycle,1,0.914580762386322,250.8256072998047,399.52740478515625,137.65542602539062,82.98788452148438
885,11,person,0,0.7746698260307312,342.5646667480469,263.9065246582031,20.26922607421875,52.84747314453125
885,22,bicycle,1,0.85252445936203,60.833003997802734,341.598388671875,63.74097442626953,54.46673583984375
886,15,person,0,0.7738496661186218,60.40496826171875,316.79095458984375,37.81809997558594,74.76608276367188
886,8,person,0,0.9137707948684692,254.51495361328125,362.88909912109375,75.53285217285156,141.0751953125
886,13,bicycle,1,0.9123615622520447,258.1626281738281,399.34979248046875,139.0963897705078,82.76376342773438
886,11,person,0,0.782191812992096,340.66949462890625,264.11639404296875,21.819091796875,53.067596435546875
886,22,bicycle,1,0.8618077039718628,57.98554229736328,342.2124938964844,62.526641845703125,55.62841796875
887,15,person,0,0.8123221397399902,57.33216094970703,316.890625,38.2049674987793,74.09915161132812
887,8,person,0,0.9064866304397583,262.4815673828125,363.1043701171875,77.12890625,140.529296875
887,13,bicycle,1,0.926254391670227,265.3177795410156,398.4285888671875,140.73175048828125,82.88809204101562
887,11,person,0,0.7891570925712585,339.4033203125,264.38299560546875,23.162322998046875,53.321014404296875
887,22,bicycle,1,0.8605102300643921,55.48268127441406,342.51727294921875,61.67637634277344,57.116058349609375
888,15,person,0,0.8368838429450989,54.868896484375,317.1468200683594,38.665496826171875,73.31793212890625
888,8,person,0,0.9145896434783936,270.4975280761719,363.4385986328125,78.14753723144531,141.21609497070312
888,13,bicycle,1,0.9084516763687134,272.48773193359375,397.79608154296875,142.10858154296875,81.5428466796875
888,11,person,0,0.7371940016746521,338.53240966796875,264.6256103515625,23.265411376953125,52.93513488769531
888,22,bicycle,1,0.8679010272026062,53.19361114501953,343.24700927734375,60.46623229980469,57.744171142578125
889,15,person,0,0.8043645024299622,52.67395782470703,316.9326171875,38.8185920715332,71.82608032226562
889,8,person,0,0.9092382192611694,278.85546875,363.2381591796875,80.04281616210938,140.86337280273438
889,13,bicycle,1,0.9162395000457764,280.906982421875,396.3052062988281,141.17022705078125,82.22735595703125
889,11,person,0,0.7263894081115723,338.3970642089844,264.9685974121094,23.30670166015625,53.3145751953125
889,22,bicycle,1,0.8470335006713867,50.743106842041016,344.1019287109375,59.09668731689453,59.813720703125
890,15,person,0,0.8285984396934509,50.76081848144531,316.3978271484375,37.83110046386719,69.9234619140625
890,8,person,0,0.9071489572525024,286.62066650390625,362.9353942871094,81.33840942382812,142.20074462890625
890,13,bicycle,1,0.8806390166282654,288.1067810058594,395.276123046875,141.2987823486328,82.30172729492188
890,11,person,0,0.7330421805381775,338.7245788574219,265.17083740234375,22.12701416015625,53.41047668457031
890,22,bicycle,1,0.8201228976249695,48.38648223876953,345.3299560546875,58.320709228515625,60.936065673828125
891,15,person,0,0.8262150287628174,48.97462844848633,318.1257629394531,37.22632598876953,72.04779052734375
891,8,person,0,0.9074562191963196,294.57537841796875,362.622314453125,82.23239135742188,141.13433837890625
891,13,bicycle,1,0.9295815229415894,295.7557373046875,394.39837646484375,140.69366455078125,83.30941772460938
891,11,person,0,0.8125799298286438,338.50091552734375,265.4186096191406,22.49822998046875,55.04931640625
891,22,bicycle,1,0.8093537092208862,45.97923278808594,347.3270263671875,57.044586181640625,60.155242919921875
892,15,person,0,0.7961580157279968,46.55550765991211,318.81878662109375,36.513404846191406,72.89352416992188
892,8,person,0,0.903215229511261,302.4073486328125,362.53155517578125,82.60906982421875,141.72720336914062
892,13,bicycle,1,0.9272372722625732,303.5107116699219,393.57403564453125,138.41722106933594,84.09933471679688
892,11,person,0,0.8036155700683594,338.27545166015625,265.57086181640625,22.704986572265625,55.32281494140625
892,22,bicycle,1,0.8425249457359314,43.15293884277344,349.045654296875,55.8228759765625,59.192718505859375
893,15,person,0,0.7825279235839844,44.497745513916016,319.81939697265625,35.944000244140625,74.13235473632812
893,8,person,0,0.9091786742210388,309.93865966796875,361.44036865234375,82.77621459960938,140.66580200195312
893,13,bicycle,1,0.90730881690979,310.69122314453125,392.62127685546875,138.51382446289062,84.5782470703125
893,11,person,0,0.8026221394538879,337.6981201171875,265.572265625,22.233062744140625,55.36244201660156
893,22,bicycle,1,0.8331030011177063,39.940528869628906,350.42236328125,56.92702865600586,60.803985595703125
894,15,person,0,0.7889953255653381,42.49599838256836,320.0880432128906,35.73247528076172,73.52252197265625
894,8,person,0,0.9067984223365784,316.6700744628906,360.46343994140625,82.36297607421875,138.32199096679688
894,13,bicycle,1,0.8998652696609497,317.4627685546875,391.09442138671875,136.4413604736328,86.98135375976562
894,11,person,0,0.7834765315055847,336.9710693359375,265.399658203125,22.153228759765625,55.11614990234375
894,22,bicycle,1,0.8411131501197815,38.136444091796875,351.9925231933594,55.598358154296875,60.5330810546875
895,15,person,0,0.8155964612960815,40.856651306152344,321.3843078613281,36.10372543334961,74.4521484375
895,8,person,0,0.9004637002944946,323.47930908203125,359.78485107421875,82.06167602539062,138.42630004882812
895,13,bicycle,1,0.9168389439582825,324.12945556640625,390.3704528808594,135.91763305664062,88.87261962890625
895,11,person,0,0.7257816791534424,336.30059814453125,265.25323486328125,21.717376708984375,54.36277770996094
895,22,bicycle,1,0.8457905054092407,36.0953369140625,353.14178466796875,55.19863510131836,61.38543701171875
896,15,person,0,0.8349301218986511,39.06871032714844,322.9989013671875,35.45360565185547,76.637939453125
896,8,person,0,0.8979709148406982,330.4595947265625,359.327392578125,82.43304443359375,138.83779907226562
896,13,bicycle,1,0.9031623601913452,331.21087646484375,389.71771240234375,133.237548828125,89.13748168945312
896,11,person,0,0.7881644368171692,335.1640319824219,264.9644775390625,21.63824462890625,53.34619140625
896,22,bicycle,1,0.8480231165885925,33.146873474121094,354.54754638671875,54.72587203979492,63.128753662109375
897,15,person,0,0.8283212184906006,37.52705001831055,324.56207275390625,34.69648742675781,78.09500122070312
897,8,person,0,0.8910058736801147,337.47259521484375,358.18804931640625,81.8900146484375,138.40447998046875
897,13,bicycle,1,0.9356019496917725,337.336669921875,388.88104248046875,131.16839599609375,89.26406860351562
897,11,person,0,0.7557080984115601,334.37396240234375,264.5690002441406,21.864776611328125,52.71342468261719
897,22,bicycle,1,0.8103207945823669,31.28826332092285,355.80755615234375,54.35752487182617,64.48843383789062
898,15,person,0,0.7954552173614502,36.279354095458984,324.8499755859375,34.35768127441406,76.9093017578125
898,8,person,0,0.8856850862503052,344.1791076660156,357.8205261230469,81.45587158203125,137.94940185546875
898,13,bicycle,1,0.9138733744621277,344.0615234375,388.1129150390625,128.91604614257812,89.03863525390625
898,11,person,0,0.737235426902771,333.40130615234375,264.50146484375,21.289520263671875,53.55006408691406
898,22,bicycle,1,0.8038528561592102,29.421634674072266,356.9166259765625,53.35350799560547,65.41506958007812
899,15,person,0,0.8174871206283569,34.963661193847656,325.65252685546875,34.23797607421875,77.19964599609375
899,8,person,0,0.8898308277130127,350.41094970703125,357.152099609375,80.9644775390625,137.58132934570312
899,13,bicycle,1,0.9237746000289917,350.4530029296875,387.55401611328125,126.00808715820312,88.447509765625
899,11,person,0,0.7831573486328125,331.06903076171875,265.1615295410156,21.89971923828125,54.6666259765625
899,22,bicycle,1,0.7214523553848267,27.497751235961914,357.792724609375,52.17544174194336,67.01742553710938
900,15,person,0,0.793610155582428,33.44161605834961,326.1559753417969,33.96344757080078,77.01788330078125
900,8,person,0,0.8843365907669067,356.90826416015625,355.66900634765625,80.1151123046875,136.45452880859375
900,13,bicycle,1,0.9211165308952332,356.83935546875,386.8728332519531,122.35922241210938,87.95758056640625
900,11,person,0,0.7920872569084167,329.90576171875,265.8079833984375,21.892425537109375,54.83697509765625
900,22,bicycle,1,0.8325722217559814,25.810945510864258,359.27703857421875,51.413028717041016,67.51318359375
901,15,person,0,0.8146878480911255,32.28706741333008,327.61517333984375,33.37444305419922,78.97744750976562
901,8,person,0,0.8976648449897766,362.86456298828125,354.8212890625,79.56814575195312,136.60223388671875
901,13,bicycle,1,0.9018769264221191,363.2064208984375,385.40869140625,118.71896362304688,88.72415161132812
901,11,person,0,0.8013331890106201,329.843017578125,265.99237060546875,19.814239501953125,55.137420654296875
901,22,bicycle,1,0.7050564885139465,24.467575073242188,360.56756591796875,48.935150146484375,67.51275634765625
902,15,person,0,0.7595636248588562,31.898529052734375,326.4075012207031,33.90583801269531,75.28912353515625
902,8,person,0,0.9105497598648071,368.7370910644531,354.08984375,78.4803466796875,135.07730102539062
902,13,bicycle,1,0.9018857479095459,368.95831298828125,384.0372009277344,114.68206787109375,89.29656982421875
902,11,person,0,0.7920594215393066,328.98553466796875,265.702880859375,20.157135009765625,55.447113037109375
902,22,bicycle,1,0.3158734142780304,25.360584259033203,355.593994140625,41.03167724609375,58.0848388671875
903,15,person,0,0.7697516083717346,31.666854858398438,326.7642822265625,34.29686737060547,74.29959106445312
903,8,person,0,0.9049067497253418,374.31268310546875,352.5146179199219,77.07296752929688,133.1964111328125
903,13,bicycle,1,0.9046182036399841,374.3973388671875,382.684326171875,111.5078125,89.66183471679688
903,11,person,0,0.7755407094955444,328.7016296386719,265.73870849609375,19.98394775390625,55.602630615234375
903,22,bicycle,1,0.3070663511753082,24.279043197631836,355.40557861328125,38.08949661254883,54.82586669921875
904,15,person,0,0.760180652141571,31.25707244873047,326.3122863769531,35.102195739746094,72.30645751953125
904,8,person,0,0.9156853556632996,379.304931640625,350.793701171875,75.07278442382812,131.35873413085938
904,13,bicycle,1,0.9292315244674683,379.9112854003906,380.40380859375,107.56817626953125,89.0772705078125
904,11,person,0,0.7472053170204163,328.53021240234375,266.0985107421875,18.277618408203125,55.42637634277344
904,22,bicycle,1,0.4340170621871948,22.842960357666016,356.29693603515625,35.50755310058594,54.40692138671875
904,23,person,0,0.6079009771347046,343.36834716796875,236.00286865234375,10.27984619140625,22.739120483398438
905,15,person,0,0.6926364898681641,30.280986785888672,329.4502258300781,36.678001403808594,77.4713134765625
905,8,person,0,0.9136386513710022,384.7120361328125,349.55853271484375,73.92391967773438,129.72503662109375
905,13,bicycle,1,0.915945291519165,385.0358581542969,378.22503662109375,102.8680419921875,90.47921752929688
905,11,person,0,0.7288182377815247,327.21954345703125,266.25372314453125,18.5872802734375,55.095977783203125
905,22,bicycle,1,0.5181071162223816,20.60943603515625,361.1864929199219,36.699485778808594,66.17828369140625
905,23,person,0,0.5173215270042419,343.0204162597656,236.13516235351562,9.41412353515625,22.680374145507812
906,15,person,0,0.696113646030426,29.56570816040039,329.3995056152344,37.61266326904297,75.503662109375
906,8,person,0,0.9109399318695068,390.0269470214844,348.33673095703125,74.19183349609375,129.01504516601562
906,13,bicycle,1,0.9112464785575867,389.099609375,376.97528076171875,99.46792602539062,89.87457275390625
906,11,person,0,0.7253565788269043,326.0071105957031,267.1295166015625,19.95770263671875,55.764801025390625
906,22,bicycle,1,0.5924404859542847,19.519046783447266,363.30255126953125,37.47083282470703,73.37527465820312
906,23,person,0,0.6487158536911011,342.09930419921875,236.18283081054688,8.393035888671875,22.715866088867188
907,15,person,0,0.6297545433044434,29.033031463623047,327.4334411621094,38.262779235839844,70.5760498046875
907,8,person,0,0.9172934293746948,394.8305969238281,347.8411865234375,72.50714111328125,129.08029174804688
907,13,bicycle,1,0.9153967499732971,393.6334533691406,376.0098876953125,95.1844482421875,89.02471923828125
907,11,person,0,0.7357786297798157,325.148681640625,267.1118469238281,20.500946044921875,56.47938537597656
907,22,bicycle,1,0.6267521977424622,18.673837661743164,365.13037109375,36.884883880615234,77.08560180664062
907,23,person,0,0.3237917423248291,341.00616455078125,235.85104370117188,6.959442138671875,22.371932983398438
908,15,person,0,0.7394020557403564,28.501201629638672,325.7757568359375,38.97959899902344,65.78738403320312
908,8,person,0,0.8952457904815674,398.8756103515625,346.25830078125,71.519287109375,127.17276000976562
908,13,bicycle,1,0.8900947570800781,398.0484924316406,374.72576904296875,90.27166748046875,89.9522705078125
908,11,person,0,0.7687642574310303,325.0476379394531,267.7456359863281,19.36248779296875,55.86407470703125
908,22,bicycle,1,0.5352426767349243,17.9490966796875,366.48724365234375,35.88470458984375,78.74716186523438
908,23,person,0,0.40819403529167175,340.2987060546875,236.3472900390625,6.083160400390625,22.08404541015625
909,15,person,0,0.7299221158027649,28.052959442138672,326.04156494140625,39.037559509277344,64.87991333007812
909,8,person,0,0.8941266536712646,403.01007080078125,344.5018310546875,69.35043334960938,125.23519897460938
909,13,bicycle,1,0.8995336294174194,402.357177734375,373.3399353027344,84.65200805664062,89.8587646484375
909,11,person,0,0.759644627571106,324.38580322265625,267.69183349609375,19.814422607421875,56.33921813964844
909,22,bicycle,1,0.38090601563453674,18.422643661499023,361.0782775878906,32.9543571472168,68.65228271484375
909,23,person,0,0.4884737730026245,340.00128173828125,235.80870056152344,6.1944580078125,22.24261474609375
910,15,person,0,0.6785138249397278,27.632448196411133,326.3287658691406,40.16427993774414,64.0916748046875
910,8,person,0,0.8984560966491699,406.74267578125,343.4630432128906,67.65631103515625,124.18463134765625
910,13,bicycle,1,0.8873112797737122,406.2450256347656,371.5450439453125,79.37603759765625,89.29833984375
910,11,person,0,0.772861659526825,323.4417724609375,267.631103515625,19.55340576171875,56.20524597167969
910,22,bicycle,1,0.5555663704872131,16.97055435180664,367.10821533203125,32.897430419921875,77.34359741210938
910,23,person,0,0.2638704180717468,339.387451171875,235.557373046875,6.054840087890625,21.46112060546875
911,15,person,0,0.7375057339668274,27.553726196289062,326.85894775390625,40.634246826171875,63.91937255859375
911,8,person,0,0.8888395428657532,410.24847412109375,341.8736572265625,65.60183715820312,122.83056640625
911,13,bicycle,1,0.850203812122345,410.04510498046875,369.9619140625,73.92120361328125,89.69076538085938
911,11,person,0,0.7796734571456909,322.62158203125,267.4677734375,19.533111572265625,56.325225830078125
911,22,bicycle,1,0.6258676648139954,16.501188278198242,370.31146240234375,32.88875198364258,80.15695190429688
911,23,person,0,0.5496635437011719,339.01953125,235.92721557617188,6.363983154296875,22.693466186523438
912,15,person,0,0.682340681552887,27.50002670288086,329.12896728515625,41.37421417236328,67.36325073242188
912,8,person,0,0.8909943103790283,413.1726379394531,340.33355712890625,62.72479248046875,120.45816040039062
912,13,bicycle,1,0.8011984825134277,413.74847412109375,367.672607421875,69.20639038085938,90.58816528320312
912,11,person,0,0.7735885977745056,321.9877624511719,266.916015625,19.26800537109375,58.26789855957031
912,22,bicycle,1,0.6941159963607788,15.702510833740234,372.7423095703125,31.40502166748047,79.82901000976562
912,23,person,0,0.612375795841217,338.58154296875,235.9180908203125,6.894195556640625,22.756744384765625
913,15,person,0,0.6830833554267883,27.545757293701172,332.76617431640625,41.94232940673828,73.61459350585938
913,8,person,0,0.8927881717681885,416.2537841796875,338.65167236328125,61.068634033203125,119.26528930664062
913,13,bicycle,1,0.8510405421257019,416.876708984375,365.6578063964844,65.32839965820312,89.45599365234375
913,11,person,0,0.7720852494239807,321.18109130859375,266.4162902832031,18.924713134765625,59.14427185058594
913,22,bicycle,1,0.6770108342170715,16.160295486450195,373.8775939941406,32.32059097290039,80.96990966796875
913,23,person,0,0.6041836738586426,337.9854431152344,235.98626708984375,7.4962158203125,23.254318237304688
914,15,person,0,0.7600740790367126,27.099197387695312,331.18817138671875,43.894981384277344,69.03668212890625
914,8,person,0,0.9006056785583496,418.71246337890625,337.3757629394531,59.000732421875,117.1510009765625
914,13,bicycle,1,0.8016196489334106,419.4619140625,363.58148193359375,62.2900390625,90.13796997070312
914,11,person,0,0.756630003452301,320.3211364746094,266.2874755859375,18.1771240234375,59.58976745605469
914,22,bicycle,1,0.6421283483505249,17.976253509521484,375.0367126464844,30.995689392089844,81.28076171875
914,23,person,0,0.3363170921802521,337.57550048828125,236.09808349609375,7.366119384765625,23.550643920898438
915,15,person,0,0.7746300101280212,27.30901336669922,335.9163513183594,43.390296936035156,76.6390380859375
915,8,person,0,0.8829386234283447,420.8189697265625,335.2161865234375,55.831329345703125,115.29891967773438
915,13,bicycle,1,0.852283775806427,422.2181701660156,361.99627685546875,57.2808837890625,88.75698852539062
915,11,person,0,0.7541197538375854,318.998046875,266.0340576171875,17.789886474609375,59.414764404296875
915,22,bicycle,1,0.49739956855773926,17.606033325195312,377.88580322265625,32.512977600097656,80.94534301757812
915,23,person,0,0.3837658762931824,337.317626953125,236.31234741210938,7.11602783203125,23.4541015625
916,15,person,0,0.5986432433128357,27.992666244506836,338.93310546875,42.73173904418945,81.34823608398438
916,8,person,0,0.8829928040504456,422.65301513671875,333.51776123046875,53.835479736328125,113.93637084960938
916,13,bicycle,1,0.8228535056114197,424.497314453125,360.23175048828125,52.959381103515625,89.02484130859375
916,11,person,0,0.7801153063774109,318.2461853027344,266.5643005371094,18.44732666015625,58.11058044433594
916,22,bicycle,1,0.5580830574035645,17.835800170898438,378.8329162597656,34.79803466796875,82.6563720703125
916,23,person,0,0.31555747985839844,336.944091796875,236.33474731445312,7.34954833984375,23.514114379882812
917,15,person,0,0.718380868434906,28.231426239013672,341.44512939453125,41.569915771484375,85.61380004882812
917,8,person,0,0.8701404333114624,424.4480285644531,331.994384765625,52.16412353515625,112.71246337890625
917,13,bicycle,1,0.8504222631454468,426.3382568359375,359.26641845703125,47.860198974609375,87.33612060546875
917,11,person,0,0.798471987247467,317.50665283203125,267.0262145996094,18.092742919921875,57.3348388671875
917,22,bicycle,1,0.44187596440315247,19.503210067749023,381.05621337890625,38.2863655090332,82.16763305664062
917,23,person,0,0.40562567114830017,336.6256103515625,236.36904907226562,7.66656494140625,23.46380615234375
918,15,person,0,0.8325170278549194,28.80010414123535,342.03802490234375,40.392704010009766,86.09848022460938
918,8,person,0,0.8587735295295715,426.28167724609375,330.4306335449219,50.650299072265625,111.52911376953125
918,13,bicycle,1,0.829710066318512,427.7725830078125,358.3565673828125,43.843231201171875,85.80050659179688
918,11,person,0,0.7377873659133911,316.64935302734375,267.127685546875,18.844451904296875,58.27964782714844
918,22,bicycle,1,0.629774808883667,18.99326515197754,384.208251953125,37.6782112121582,78.45608520507812
918,23,person,0,0.1746145784854889,336.38897705078125,236.57647705078125,7.872344970703125,23.861923217773438
919,15,person,0,0.8274520039558411,29.316476821899414,343.5847473144531,40.29460525512695,88.52923583984375
919,8,person,0,0.857807457447052,428.0511474609375,329.4434814453125,49.892730712890625,111.46102905273438
919,13,bicycle,1,0.7878295183181763,429.4808349609375,357.21087646484375,41.6123046875,84.73635864257812
919,11,person,0,0.8033667206764221,315.11865234375,267.712646484375,21.04315185546875,57.82861328125
919,22,bicycle,1,0.7229930758476257,19.82796859741211,387.278564453125,38.26898193359375,75.74209594726562
920,15,person,0,0.8338334560394287,29.938610076904297,346.73828125,40.357032775878906,94.0567626953125
920,8,person,0,0.8526994585990906,429.22686767578125,327.80889892578125,48.55657958984375,109.46847534179688
920,13,bicycle,1,0.7788547277450562,431.2864990234375,355.72039794921875,39.654144287109375,83.46420288085938
920,11,person,0,0.8231083750724792,313.3340148925781,267.64251708984375,22.99346923828125,58.15190124511719
920,22,bicycle,1,0.6991382837295532,22.18815040588379,389.67315673828125,39.2624626159668,73.3709716796875
921,15,person,0,0.7454153895378113,31.059730529785156,350.1431884765625,41.947288513183594,99.78659057617188
921,8,person,0,0.8742918372154236,430.4378967285156,326.342529296875,47.257080078125,108.11236572265625
921,13,bicycle,1,0.6942335963249207,432.36981201171875,354.603759765625,38.10400390625,82.35516357421875
921,11,person,0,0.7963566780090332,311.5917053222656,267.7705993652344,24.986328125,57.95124816894531
921,22,bicycle,1,0.7180807590484619,24.91990852355957,390.20379638671875,43.50992202758789,74.92208862304688
922,15,person,0,0.8145039677619934,32.1892204284668,354.49847412109375,42.73748779296875,107.54949951171875
922,8,person,0,0.8637685179710388,431.1756591796875,325.0047607421875,45.76519775390625,106.90695190429688
922,13,bicycle,1,0.799267053604126,434.3034973144531,352.9586486816406,36.60015869140625,82.29791259765625
922,11,person,0,0.7778891324996948,309.8860778808594,268.1593017578125,27.4068603515625,57.56559753417969
922,22,bicycle,1,0.6971660852432251,27.425302505493164,391.6977844238281,45.230220794677734,75.91961669921875
923,15,person,0,0.8377681970596313,33.62557601928711,356.1063232421875,43.8538818359375,110.21755981445312
923,8,person,0,0.8397303223609924,432.15869140625,323.96185302734375,44.56475830078125,106.28668212890625
923,13,bicycle,1,0.763660728931427,435.8683776855469,351.122802734375,36.12445068359375,82.90740966796875
923,11,person,0,0.7462737560272217,308.76763916015625,269.1805114746094,28.395782470703125,56.62054443359375
923,22,bicycle,1,0.8051403760910034,28.387800216674805,392.2698669433594,50.08749008178711,76.94342041015625
924,15,person,0,0.8302040696144104,35.448001861572266,357.7441101074219,45.56993103027344,112.86297607421875
924,8,person,0,0.848211407661438,432.85247802734375,323.40179443359375,43.710906982421875,106.4444580078125
924,13,bicycle,1,0.6604098677635193,436.5395812988281,349.1025390625,36.599853515625,80.8114013671875
924,11,person,0,0.7950189709663391,308.9739990234375,269.7325134277344,27.5103759765625,57.07337951660156
924,22,bicycle,1,0.7442018389701843,31.31295394897461,393.80035400390625,52.41496276855469,76.69503784179688
925,15,person,0,0.782071590423584,37.0077018737793,358.89288330078125,46.11811828613281,113.84619140625
925,8,person,0,0.8541785478591919,433.74310302734375,322.6402587890625,43.0999755859375,106.77127075195312
925,13,bicycle,1,0.6220995187759399,436.9300537109375,348.09906005859375,36.4610595703125,79.54025268554688
925,11,person,0,0.7847403287887573,309.1622314453125,269.59014892578125,27.2208251953125,57.60926818847656
925,22,bicycle,1,0.5927460193634033,36.22246170043945,394.57373046875,51.118499755859375,77.92987060546875
926,15,person,0,0.8541216254234314,40.255401611328125,359.99456787109375,48.885955810546875,114.50360107421875
926,8,person,0,0.866825520992279,434.4133605957031,322.1602783203125,42.91607666015625,106.58425903320312
926,13,bicycle,1,0.5873207449913025,437.3646240234375,347.6243896484375,35.6671142578125,77.96121215820312
926,11,person,0,0.7890583276748657,308.91961669921875,269.5552062988281,27.337921142578125,58.0775146484375
926,22,bicycle,1,0.6194901466369629,41.02652359008789,395.65625,51.19957733154297,76.74343872070312
927,15,person,0,0.8433429002761841,42.68275833129883,360.54656982421875,51.39228057861328,115.65884399414062
927,8,person,0,0.862736165523529,434.8314208984375,321.42041015625,42.358856201171875,105.76022338867188
927,13,bicycle,1,0.3697521388530731,433.82958984375,350.38397216796875,26.633209228515625,71.47500610351562
927,11,person,0,0.7847715020179749,309.02252197265625,269.61956787109375,26.655975341796875,58.39878845214844
927,22,bicycle,1,0.7464048266410828,43.25943374633789,396.2475891113281,55.98851776123047,77.905517578125
927,23,person,0,0.5441925525665283,332.4156188964844,237.00149536132812,7.4833984375,23.113204956054688
928,15,person,0,0.8240662813186646,45.65474319458008,360.8614501953125,51.595726013183594,116.247802734375
928,8,person,0,0.8550602793693542,434.77813720703125,320.59033203125,41.142669677734375,105.1314697265625
928,13,bicycle,1,0.3489108979701996,432.481689453125,352.89276123046875,19.510833740234375,64.41390991210938
928,11,person,0,0.7968981862068176,308.57666015625,269.78680419921875,25.73004150390625,58.317840576171875
928,22,bicycle,1,0.7473762035369873,48.0131721496582,396.4958190917969,56.09839630126953,79.0390625
928,23,person,0,0.2634170949459076,332.05584716796875,237.26229858398438,7.565826416015625,22.40362548828125
929,15,person,0,0.8598264455795288,48.70024871826172,362.0445556640625,53.17097473144531,118.76467895507812
929,8,person,0,0.8434926867485046,435.071533203125,319.66400146484375,40.304473876953125,103.9017333984375
929,13,bicycle,1,0.3773183822631836,433.7229919433594,352.39691162109375,27.82440185546875,63.37103271484375
929,11,person,0,0.6428300142288208,308.08502197265625,269.80621337890625,24.728363037109375,58.368011474609375
929,22,bicycle,1,0.5641038417816162,44.7710075378418,397.4218444824219,74.09851837158203,79.9517822265625
929,23,person,0,0.44019123911857605,331.8331298828125,237.68911743164062,8.025177001953125,21.335906982421875
930,15,person,0,0.8351090550422668,51.816131591796875,360.129150390625,54.95954513549805,113.46804809570312
930,8,person,0,0.8536205887794495,435.52972412109375,318.9603271484375,39.667877197265625,102.78277587890625
930,13,bicycle,1,0.4591291844844818,433.65411376953125,352.0710754394531,21.012847900390625,62.048095703125
930,11,person,0,0.6630913019180298,307.52252197265625,269.664794921875,24.010894775390625,58.30067443847656
930,22,bicycle,1,0.8211116790771484,52.0174560546875,397.52587890625,70.32658386230469,82.9998779296875
930,23,person,0,0.36229759454727173,331.296630859375,237.02256774902344,8.798492431640625,22.716766357421875
931,15,person,0,0.8301015496253967,54.66260528564453,361.43463134765625,57.07585144042969,115.74871826171875
931,8,person,0,0.8543620109558105,435.33935546875,318.2080383300781,38.541473388671875,102.42877197265625
931,13,bicycle,1,0.523147702217102,433.92095947265625,351.21038818359375,16.082244873046875,61.3975830078125
931,11,person,0,0.6011011600494385,305.30645751953125,269.7371826171875,21.781097412109375,58.541168212890625
931,22,bicycle,1,0.8165698051452637,57.60049819946289,400.4665222167969,71.28150177001953,79.97894287109375
931,23,person,0,0.3009299039840698,331.03271484375,237.45980834960938,9.215362548828125,22.047027587890625
932,15,person,0,0.8438190817832947,58.15467834472656,363.314453125,57.799922943115234,118.48452758789062
932,8,person,0,0.857399582862854,435.09979248046875,317.7639465332031,37.54461669921875,102.0023193359375
932,13,bicycle,1,0.5619004368782043,434.17364501953125,350.33038330078125,14.530731201171875,60.896240234375
932,11,person,0,0.7429309487342834,304.04669189453125,269.56829833984375,21.779022216796875,58.686187744140625
932,22,bicycle,1,0.8526625037193298,62.0016975402832,401.85711669921875,73.82645416259766,79.34182739257812
932,23,person,0,0.30091917514801025,330.64251708984375,237.7359161376953,9.718048095703125,21.585540771484375
933,15,person,0,0.8378844261169434,62.24469757080078,364.1767272949219,59.96334457397461,120.78814697265625
933,8,person,0,0.8543379902839661,434.99017333984375,317.07757568359375,36.496490478515625,101.15579223632812
933,13,bicycle,1,0.4873567223548889,434.80206298828125,349.272705078125,15.335601806640625,59.75567626953125
933,11,person,0,0.7707731127738953,302.0836181640625,269.3418273925781,19.337371826171875,59.11964416503906
933,22,bicycle,1,0.8718987703323364,65.8118896484375,402.448974609375,77.02806854248047,80.34182739257812
933,23,person,0,0.40931347012519836,330.23187255859375,238.49404907226562,9.793914794921875,20.455245971679688
934,15,person,0,0.8760168552398682,66.74689483642578,365.274169921875,63.15166091918945,123.17745971679688
934,8,person,0,0.8457776308059692,434.55810546875,316.06494140625,35.771240234375,99.69757080078125
934,13,bicycle,1,0.48982661962509155,435.4244384765625,348.2316589355469,15.067352294921875,59.62579345703125
934,11,person,0,0.7665284276008606,300.6244812011719,269.2035217285156,17.98101806640625,59.25337219238281
934,22,bicycle,1,0.8568800687789917,69.4771499633789,404.0175476074219,81.25819396972656,78.65643310546875
934,23,person,0,0.2544075846672058,329.9025573730469,239.24591064453125,9.6583251953125,19.031158447265625
935,15,person,0,0.8902076482772827,70.62987518310547,366.92523193359375,65.630126953125,125.78726196289062
935,8,person,0,0.8375874161720276,434.0955810546875,315.32379150390625,35.726104736328125,99.20733642578125
935,13,bicycle,1,0.5883758068084717,435.63580322265625,347.3085632324219,14.899322509765625,60.22296142578125
935,11,person,0,0.7643471956253052,299.3952331542969,269.3447570800781,17.572021484375,59.75984191894531
935,22,bicycle,1,0.8688998222351074,73.43472290039062,405.00042724609375,85.17313385009766,78.55368041992188
935,23,person,0,0.3349117338657379,329.59405517578125,239.30564880371094,9.195404052734375,18.265289306640625
936,15,person,0,0.8942277431488037,74.70147705078125,368.00372314453125,67.99617004394531,127.32321166992188
936,8,person,0,0.8414977192878723,433.3479919433594,314.4246826171875,35.0909423828125,98.19381713867188
936,13,bicycle,1,0.5243932604789734,435.7711181640625,346.5618896484375,14.677764892578125,59.428436279296875
936,11,person,0,0.7697953581809998,298.96527099609375,269.77178955078125,16.564483642578125,60.111083984375
936,22,bicycle,1,0.8796525001525879,78.0120849609375,405.270751953125,88.1421127319336,79.40524291992188
937,15,person,0,0.8887651562690735,78.62091827392578,369.5719299316406,69.60691833496094,130.62506103515625
937,8,person,0,0.8409104347229004,432.7894287109375,313.75408935546875,35.097442626953125,98.1259765625
937,13,bicycle,1,0.5555630922317505,435.7674560546875,345.7510070800781,15.82855224609375,58.900634765625
937,11,person,0,0.7661617994308472,297.7805480957031,269.979736328125,16.66046142578125,59.93437194824219
937,22,bicycle,1,0.8772343397140503,82.28932189941406,406.0108337402344,91.6627197265625,78.983642578125
938,15,person,0,0.8619433641433716,82.715576171875,368.9400634765625,70.62310028076172,128.43453979492188
938,8,person,0,0.8249328136444092,432.0029296875,313.1795959472656,34.42303466796875,97.87957763671875
938,13,bicycle,1,0.5351836085319519,435.2860107421875,344.7466735839844,15.925201416015625,58.55364990234375
938,11,person,0,0.7961491346359253,296.72540283203125,269.9766540527344,17.23516845703125,59.52247619628906
938,22,bicycle,1,0.8794184327125549,86.57030487060547,407.2857971191406,95.62669372558594,77.655517578125
939,15,person,0,0.8598793745040894,86.62236022949219,370.14947509765625,71.20475769042969,130.15548706054688
939,8,person,0,0.8124170303344727,431.176513671875,311.8072509765625,34.921295166015625,94.8238525390625
939,13,bicycle,1,0.5686743259429932,435.58941650390625,343.6690673828125,16.1448974609375,58.635162353515625
939,11,person,0,0.7757770419120789,295.561279296875,270.0489196777344,17.913726806640625,59.7406005859375
939,22,bicycle,1,0.883049488067627,90.60227966308594,407.30853271484375,99.39290618896484,79.29745483398438
940,15,person,0,0.8671225905418396,90.39512634277344,371.26361083984375,71.09263610839844,132.3468017578125
940,8,person,0,0.804612934589386,430.35833740234375,310.4561462402344,35.457244873046875,92.56842041015625
940,13,bicycle,1,0.4361857771873474,435.52435302734375,342.7496337890625,16.020416259765625,57.641448974609375
940,11,person,0,0.7806386351585388,293.96282958984375,270.258544921875,20.66961669921875,60.15046691894531
940,22,bicycle,1,0.8752854466438293,94.86358642578125,407.60272216796875,102.29837036132812,78.6572265625
941,15,person,0,0.8917193412780762,95.24304962158203,371.9647521972656,74.04981994628906,133.20916748046875
941,8,person,0,0.820479691028595,429.6188049316406,310.1807556152344,35.7535400390625,92.87908935546875
941,13,bicycle,1,0.3940964341163635,434.9940185546875,341.8699035644531,16.60137939453125,56.903564453125
941,11,person,0,0.7880787253379822,293.0076904296875,270.74969482421875,22.15521240234375,60.75941467285156
941,22,bicycle,1,0.8920026421546936,99.38079071044922,408.16217041015625,105.45164489746094,77.73477172851562
941,23,person,0,0.5316576957702637,322.81085205078125,246.98440551757812,11.525177001953125,28.726547241210938
942,15,person,0,0.8542730808258057,99.82355499267578,372.08892822265625,74.82450866699219,133.28536987304688
942,8,person,0,0.8383839130401611,429.274169921875,309.3477783203125,36.571380615234375,91.55307006835938
942,13,bicycle,1,0.43267127871513367,434.272705078125,341.30078125,17.3653564453125,56.856475830078125
942,11,person,0,0.7921995520591736,292.2752685546875,270.89556884765625,23.27423095703125,60.052459716796875
942,22,bicycle,1,0.8980852365493774,104.29135131835938,408.08953857421875,108.90835571289062,78.62771606445312
942,23,person,0,0.6188672184944153,322.39013671875,247.405029296875,11.785369873046875,30.0543212890625
943,15,person,0,0.8780868053436279,104.12833404541016,372.86834716796875,74.79380798339844,134.59661865234375
943,8,person,0,0.8256615400314331,428.3172607421875,306.73687744140625,36.4840087890625,88.09536743164062
943,13,bicycle,1,0.5005712509155273,432.6440734863281,340.1014404296875,20.376220703125,57.446533203125
943,11,person,0,0.7586056590080261,291.84149169921875,270.96099853515625,23.66455078125,59.46269226074219
943,22,bicycle,1,0.8640038967132568,109.50833129882812,407.61163330078125,112.06085205078125,80.0230712890625
943,23,person,0,0.6721466183662415,322.0854187011719,247.292236328125,11.727294921875,30.916519165039062
944,15,person,0,0.876975953578949,109.26838684082031,373.45928955078125,76.6339340209961,136.56491088867188
944,8,person,0,0.8323318362236023,427.322998046875,305.77801513671875,36.80908203125,87.38543701171875
944,13,bicycle,1,0.5412676930427551,429.6851806640625,337.817626953125,24.805328369140625,60.339324951171875
944,11,person,0,0.7582448124885559,291.0902404785156,271.08001708984375,24.05816650390625,59.05078125
944,22,bicycle,1,0.8879457116127014,114.73114776611328,408.9507751464844,114.35905456542969,78.1046142578125
944,23,person,0,0.7129011750221252,321.92584228515625,247.11244201660156,11.844482421875,31.669281005859375
945,15,person,0,0.882796049118042,114.48509979248047,373.57855224609375,77.66893005371094,136.90432739257812
945,8,person,0,0.832227349281311,426.26202392578125,304.53533935546875,37.07281494140625,85.18624877929688
945,13,bicycle,1,0.5399280786514282,428.9482421875,337.0780944824219,25.395782470703125,59.3775634765625
945,11,person,0,0.7366911768913269,289.53851318359375,270.82159423828125,21.047271728515625,57.4017333984375
945,22,bicycle,1,0.8858004212379456,119.53199768066406,408.22601318359375,117.56216430664062,79.89630126953125
945,23,person,0,0.6495835781097412,321.9728698730469,247.10003662109375,11.7490234375,31.735305786132812
946,15,person,0,0.8897615671157837,119.44308471679688,374.29498291015625,79.03325653076172,137.02291870117188
946,8,person,0,0.8293976783752441,425.4847106933594,302.7238464355469,37.3970947265625,81.7861328125
946,13,bicycle,1,0.48260530829429626,428.47576904296875,335.4617004394531,26.290435791015625,59.96783447265625
946,11,person,0,0.7737001776695251,287.90142822265625,271.335693359375,20.332000732421875,57.459320068359375
946,22,bicycle,1,0.8862596750259399,124.55180358886719,409.4801940917969,120.5159683227539,77.71978759765625
946,23,person,0,0.5594365000724792,321.98046875,247.0865478515625,11.567718505859375,31.718917846679688
947,15,person,0,0.8855197429656982,125.16259765625,375.181640625,80.50008392333984,139.32901000976562
947,8,person,0,0.8404335975646973,424.74432373046875,301.45709228515625,37.109527587890625,80.71649169921875
947,13,bicycle,1,0.48006686568260193,428.4354248046875,334.3253479003906,26.337371826171875,60.4112548828125
947,11,person,0,0.7841148972511292,286.8944091796875,270.8426513671875,19.820404052734375,58.63758850097656
947,22,bicycle,1,0.8648020029067993,130.1412811279297,410.05352783203125,122.12920379638672,76.32418823242188
947,23,person,0,0.6188364624977112,321.9995422363281,247.09381103515625,11.32000732421875,31.34478759765625
948,15,person,0,0.8857811689376831,131.09397888183594,375.0885009765625,80.72722625732422,138.45059204101562
948,8,person,0,0.8519928455352783,424.19915771484375,300.23095703125,36.923065185546875,78.63327026367188
948,13,bicycle,1,0.6290892362594604,428.0975341796875,335.03179931640625,25.03131103515625,58.306243896484375
948,11,person,0,0.7738213539123535,286.3209228515625,270.5148620605469,19.564727783203125,59.28895568847656
948,22,bicycle,1,0.8799499869346619,135.79661560058594,409.6140441894531,123.38849639892578,77.398681640625
948,23,person,0,0.6114583611488342,322.0654296875,246.81072998046875,11.168365478515625,31.515274047851562
949,15,person,0,0.9012986421585083,136.3206787109375,374.9934997558594,82.37809753417969,137.29248046875
949,8,person,0,0.8550137877464294,423.5203552246094,299.6171875,36.79852294921875,78.03256225585938
949,13,bicycle,1,0.5771853923797607,427.470703125,333.84649658203125,24.896209716796875,58.82318115234375
949,11,person,0,0.793425440788269,285.4964599609375,270.4349365234375,19.621978759765625,59.529205322265625
949,22,bicycle,1,0.8793123364448547,140.9601287841797,409.24713134765625,126.12718963623047,78.67330932617188
949,23,person,0,0.6912757754325867,321.9015808105469,246.71800231933594,10.5654296875,31.417938232421875
950,15,person,0,0.901451051235199,141.353759765625,374.5826416015625,83.42631530761719,136.40673828125
950,8,person,0,0.8571103811264038,422.99359130859375,298.49530029296875,36.530853271484375,77.16635131835938
950,13,bicycle,1,0.6643959283828735,427.3961181640625,333.2839050292969,23.866912841796875,58.48681640625
950,11,person,0,0.7717306613922119,284.4911193847656,270.6498107910156,20.57037353515625,60.66664123535156
950,22,bicycle,1,0.8862841725349426,146.05491638183594,408.76611328125,127.60528564453125,79.045654296875
950,23,person,0,0.6966496706008911,321.62939453125,246.77523803710938,10.239593505859375,31.1939697265625
951,15,person,0,0.8906153440475464,147.03024291992188,374.60162353515625,84.32994842529297,137.37460327148438
951,8,person,0,0.852307915687561,422.523193359375,297.8775634765625,36.898773193359375,76.0277099609375
951,13,bicycle,1,0.6845987439155579,426.58135986328125,332.9837646484375,24.2862548828125,58.037200927734375
951,11,person,0,0.7008867859840393,283.5277099609375,270.246826171875,20.671417236328125,59.58436584472656
951,22,bicycle,1,0.8904339075088501,151.8975067138672,408.51312255859375,127.7544937133789,79.60195922851562
951,23,person,0,0.7164164781570435,321.47967529296875,246.39620971679688,10.25335693359375,31.3975830078125
951,24,person,0,0.583967924118042,382.974365234375,243.304931640625,11.745391845703125,29.154953002929688
952,15,person,0,0.900858998298645,153.05429077148438,374.8591613769531,85.22755432128906,137.8636474609375
952,8,person,0,0.8498883843421936,421.9555969238281,298.202392578125,36.6484375,77.67666625976562
952,13,bicycle,1,0.6012933850288391,425.67034912109375,332.51007080078125,23.762847900390625,57.6605224609375
952,11,person,0,0.7907180190086365,282.5120849609375,270.8581848144531,20.5894775390625,60.5943603515625
952,22,bicycle,1,0.8812075853347778,158.020263671875,408.28302001953125,128.6662139892578,80.08035278320312
952,23,person,0,0.6838334202766418,321.3023986816406,245.92205810546875,10.26800537109375,31.803451538085938
952,24,person,0,0.5160439014434814,383.1473388671875,243.1571044921875,11.650299072265625,28.529495239257812
953,15,person,0,0.8879085183143616,159.37051391601562,374.6163635253906,86.08207702636719,137.0697021484375
953,8,person,0,0.8550164103507996,421.58135986328125,297.80731201171875,36.459014892578125,77.2156982421875
953,13,bicycle,1,0.605533242225647,424.919189453125,332.0709533691406,23.268585205078125,56.515869140625
953,11,person,0,0.8156934976577759,281.61785888671875,271.27154541015625,20.53997802734375,61.005828857421875
953,22,bicycle,1,0.8972796201705933,163.01495361328125,408.28717041015625,130.24044799804688,79.70462036132812
953,23,person,0,0.6819231510162354,321.0835266113281,245.90676879882812,10.004150390625,31.871871948242188
953,24,person,0,0.5527740716934204,383.63555908203125,242.8922576904297,12.217864990234375,28.632965087890625
954,15,person,0,0.904112696647644,165.83795166015625,374.73260498046875,87.97230529785156,137.7208251953125
954,8,person,0,0.8526232242584229,421.02276611328125,297.6843566894531,35.8951416015625,77.32861328125
954,13,bicycle,1,0.7043935060501099,424.33819580078125,332.0035400390625,22.45245361328125,55.422637939453125
954,11,person,0,0.7845473885536194,280.48797607421875,271.0030517578125,20.532470703125,60.719940185546875
954,22,bicycle,1,0.9024544358253479,168.48643493652344,408.50726318359375,132.237060546875,78.9287109375
954,23,person,0,0.6359087228775024,320.8302917480469,245.96678161621094,9.7132568359375,31.615142822265625
954,24,person,0,0.4444941282272339,383.8509521484375,242.7821807861328,12.063629150390625,27.310394287109375
955,15,person,0,0.8746064305305481,171.93191528320312,374.1613464355469,89.08015441894531,137.3134765625
955,8,person,0,0.8570079207420349,420.4578857421875,297.3602294921875,35.517181396484375,76.72952270507812
955,13,bicycle,1,0.7082874178886414,424.3483581542969,331.8160400390625,21.70477294921875,54.72314453125
955,11,person,0,0.8305546641349792,278.099609375,271.3519592285156,23.0184326171875,60.231689453125
955,22,bicycle,1,0.892075777053833,174.68572998046875,408.3138732910156,133.4584503173828,78.673583984375
955,23,person,0,0.5077813863754272,320.49859619140625,246.73794555664062,9.420806884765625,30.711502075195312
955,24,person,0,0.3174261450767517,383.94610595703125,243.66229248046875,12.48974609375,27.492538452148438
956,15,person,0,0.89388507604599,178.37416076660156,374.307373046875,90.01217651367188,138.21115112304688
956,8,person,0,0.8582351803779602,419.96539306640625,297.17852783203125,35.724700927734375,76.87014770507812
956,13,bicycle,1,0.7351897954940796,424.0047607421875,331.37457275390625,21.817169189453125,53.991180419921875
956,11,person,0,0.8305076956748962,276.21661376953125,271.51409912109375,25.427215576171875,60.88873291015625
956,22,bicycle,1,0.8963972926139832,180.28741455078125,407.8266296386719,135.5539093017578,78.5650634765625
956,23,person,0,0.45731809735298157,320.35833740234375,246.51580810546875,9.32427978515625,30.724655151367188
956,24,person,0,0.5316218733787537,384.3248291015625,243.77944946289062,13.562042236328125,28.63262939453125
957,15,person,0,0.8796257376670837,184.49798583984375,373.48614501953125,91.04743957519531,135.58029174804688
957,8,person,0,0.8551426529884338,419.627197265625,296.53143310546875,35.826507568359375,77.30520629882812
957,13,bicycle,1,0.6886727213859558,423.8132629394531,330.492919921875,21.18280029296875,52.750518798828125
957,11,person,0,0.8315483331680298,274.4863586425781,272.0396423339844,27.73602294921875,61.36846923828125
957,22,bicycle,1,0.8853316903114319,186.87188720703125,407.35931396484375,136.041748046875,77.85601806640625
957,23,person,0,0.3593042194843292,319.90521240234375,247.37454223632812,9.261383056640625,29.638839721679688
957,24,person,0,0.5830322504043579,384.41943359375,243.73471069335938,13.881805419921875,29.032272338867188
958,15,person,0,0.8671450018882751,190.81918334960938,372.1443786621094,91.59510803222656,133.43511962890625
958,8,person,0,0.854684054851532,419.1302490234375,295.8374938964844,35.454864501953125,77.38800048828125
958,13,bicycle,1,0.7001941800117493,422.9834899902344,330.1160583496094,20.8341064453125,52.54046630859375
958,11,person,0,0.7910662889480591,273.54583740234375,272.01092529296875,28.757354736328125,60.62251281738281
958,22,bicycle,1,0.8873713612556458,192.884765625,406.91424560546875,135.605712890625,78.19830322265625
958,23,person,0,0.35285186767578125,319.7282409667969,247.6251983642578,9.13970947265625,28.646942138671875
958,24,person,0,0.5541331171989441,384.1937255859375,243.87448120117188,14.53240966796875,29.260086059570312
959,15,person,0,0.8704237341880798,197.42144775390625,371.4375915527344,92.64326477050781,132.2681884765625
959,8,person,0,0.8383434414863586,418.782958984375,294.86920166015625,35.300628662109375,76.75491333007812
959,13,bicycle,1,0.6512823104858398,422.8889465332031,329.47821044921875,21.71502685546875,52.597869873046875
959,11,person,0,0.8100492358207703,271.72119140625,273.1927490234375,31.636322021484375,61.200469970703125
959,22,bicycle,1,0.8925086855888367,198.41644287109375,406.7222900390625,136.30345153808594,78.07803344726562
959,23,person,0,0.5174513459205627,319.41729736328125,247.7851104736328,9.4268798828125,28.180633544921875
959,24,person,0,0.5141499042510986,383.75537109375,244.66424560546875,14.546417236328125,29.286331176757812
960,15,person,0,0.8865947127342224,203.8900146484375,371.18701171875,93.89059448242188,132.65618896484375
960,8,person,0,0.827268123626709,418.45660400390625,294.4217224121094,34.861724853515625,76.2977294921875
960,13,bicycle,1,0.6638485789299011,422.349609375,329.21807861328125,21.240692138671875,52.222381591796875
960,11,person,0,0.8368075489997864,270.9223327636719,273.3984069824219,32.72528076171875,62.48838806152344
960,22,bicycle,1,0.8969769477844238,204.04205322265625,406.33966064453125,136.63645935058594,78.50711059570312
960,23,person,0,0.5340577363967896,319.2312316894531,247.63633728027344,9.49688720703125,27.967987060546875
960,24,person,0,0.4215105473995209,383.764404296875,244.3909149169922,13.7998046875,26.281280517578125
961,15,person,0,0.8941290378570557,210.11207580566406,373.1524658203125,93.60659790039062,137.015380859375
961,8,person,0,0.8345242738723755,418.2603759765625,294.38433837890625,35.011962890625,76.31765747070312
961,13,bicycle,1,0.7254379987716675,422.01239013671875,328.70745849609375,20.240997314453125,52.43121337890625
961,11,person,0,0.8111766576766968,270.48321533203125,273.9637451171875,32.699493408203125,62.27558898925781
961,22,bicycle,1,0.9011659622192383,209.7747344970703,405.7156066894531,137.46041870117188,79.52264404296875
961,23,person,0,0.4656471908092499,319.0476379394531,247.66128540039062,9.60595703125,27.718551635742188
961,24,person,0,0.5910572409629822,383.37841796875,244.21844482421875,12.657989501953125,27.32733154296875
962,15,person,0,0.8993096947669983,216.55731201171875,373.62933349609375,94.19807434082031,138.39273071289062
962,8,person,0,0.8210210204124451,417.6938171386719,293.559326171875,34.39154052734375,74.87322998046875
962,13,bicycle,1,0.7105269432067871,421.61138916015625,328.1035461425781,19.668243408203125,51.9791259765625
962,11,person,0,0.8149127960205078,270.86431884765625,274.2400817871094,32.936920166015625,62.56922912597656
962,22,bicycle,1,0.8994293808937073,215.4219207763672,405.2486572265625,138.17196655273438,79.74490356445312
962,23,person,0,0.43309301137924194,318.8631591796875,247.76605224609375,9.644805908203125,26.881668090820312
962,24,person,0,0.24967120587825775,382.7670593261719,241.8593292236328,11.708251953125,21.712005615234375
963,15,person,0,0.9031907320022583,223.00521850585938,373.38726806640625,94.66075134277344,138.84051513671875
963,8,person,0,0.8309289216995239,417.26593017578125,293.13916015625,34.12896728515625,73.90521240234375
963,13,bicycle,1,0.67466139793396,421.201904296875,327.3807678222656,19.426300048828125,52.42071533203125
963,11,person,0,0.8317468762397766,271.19537353515625,274.395751953125,31.823577880859375,62.0177001953125
963,22,bicycle,1,0.906030535697937,221.16036987304688,404.80499267578125,137.20361328125,80.11614990234375
963,23,person,0,0.3103695213794708,318.5369567871094,246.60592651367188,9.8104248046875,26.156356811523438
963,24,person,0,0.2646752595901489,382.6259765625,242.77743530273438,10.583343505859375,23.421829223632812
964,15,person,0,0.8928489685058594,229.6046600341797,373.1452331542969,94.74581909179688,139.289306640625
964,8,person,0,0.8268676400184631,416.7748107910156,292.3229064941406,33.76446533203125,72.65025329589844
964,13,bicycle,1,0.6955820322036743,420.6521301269531,325.55609130859375,19.45819091796875,52.593109130859375
964,11,person,0,0.821533739566803,271.27484130859375,274.5880126953125,30.458831787109375,61.140533447265625
964,22,bicycle,1,0.9073359966278076,227.07882690429688,403.7135925292969,136.87416076660156,80.80267333984375
964,23,person,0,0.47000089287757874,318.42266845703125,245.98020935058594,9.985931396484375,27.081146240234375
964,24,person,0,0.36988359689712524,382.4146728515625,243.5250244140625,10.416290283203125,25.987228393554688
965,15,person,0,0.9151132702827454,235.8979034423828,372.5875244140625,94.86917114257812,139.03048706054688
965,8,person,0,0.8157291412353516,416.35223388671875,292.13824462890625,33.523101806640625,72.39994812011719
965,13,bicycle,1,0.6233410239219666,420.11016845703125,324.5406494140625,19.173919677734375,52.5999755859375
965,11,person,0,0.819861888885498,270.1619567871094,274.43829345703125,30.904098510742188,61.671600341796875
965,22,bicycle,1,0.905357301235199,233.20486450195312,403.019287109375,136.27308654785156,82.00094604492188
965,23,person,0,0.41783544421195984,318.0762939453125,246.98995971679688,10.16656494140625,28.610855102539062
966,15,person,0,0.9122639298439026,242.242431640625,372.0546875,95.08784484863281,138.63479614257812
966,8,person,0,0.812304675579071,415.9459228515625,292.1181335449219,33.14422607421875,72.66877746582031
966,13,bicycle,1,0.7032036781311035,419.56036376953125,324.41949462890625,18.133544921875,51.039764404296875
966,11,person,0,0.8514710664749146,269.1551513671875,274.1739196777344,32.029052734375,61.74989318847656
966,22,bicycle,1,0.9020059108734131,238.794921875,402.4930419921875,135.17982482910156,82.4639892578125
966,23,person,0,0.6159001588821411,317.8831787109375,247.72442626953125,10.58172607421875,29.683700561523438
967,15,person,0,0.9049308896064758,248.3018035888672,371.2586364746094,95.10330200195312,138.57513427734375
967,8,person,0,0.8087509274482727,415.3117370605469,291.9706726074219,33.0286865234375,73.09373474121094
967,13,bicycle,1,0.6551324725151062,418.81427001953125,324.0359802246094,17.895965576171875,50.2298583984375
967,11,person,0,0.8467702269554138,268.7047119140625,273.59820556640625,29.31671142578125,61.65840148925781
967,22,bicycle,1,0.9125695824623108,244.4959716796875,401.8787841796875,135.0352020263672,83.38076782226562
967,23,person,0,0.584179699420929,317.49267578125,248.048828125,10.554962158203125,30.207534790039062
968,15,person,0,0.9015594124794006,254.10003662109375,370.6021728515625,94.489501953125,137.88333129882812
968,8,person,0,0.7793674468994141,414.7691955566406,291.0888977050781,32.47076416015625,73.51025390625
968,13,bicycle,1,0.6655808091163635,418.1229248046875,323.0120849609375,18.214324951171875,51.1492919921875
968,11,person,0,0.8184137344360352,267.8086853027344,273.1796875,26.021102905273438,61.08976745605469
968,22,bicycle,1,0.9048957228660583,250.67739868164062,400.97271728515625,134.39349365234375,84.03347778320312
968,23,person,0,0.6560219526290894,317.0521240234375,248.41659545898438,10.489532470703125,30.107040405273438
969,15,person,0,0.8994200229644775,259.99810791015625,370.01983642578125,94.17269897460938,138.11166381835938
969,8,person,0,0.7800419926643372,413.9806213378906,291.2327880859375,31.6888427734375,71.96778869628906
969,13,bicycle,1,0.6556330323219299,417.8178405761719,322.4122314453125,18.31964111328125,50.6025390625
969,11,person,0,0.8092154264450073,266.184814453125,272.28564453125,23.892684936523438,60.90374755859375
969,22,bicycle,1,0.9111342430114746,256.6357421875,400.0163269042969,132.11737060546875,83.45062255859375
969,23,person,0,0.6560624241828918,316.748046875,248.666259765625,10.412506103515625,29.54327392578125
970,15,person,0,0.8972731232643127,265.75653076171875,369.184326171875,94.03414916992188,136.59945678710938
970,8,person,0,0.7974724769592285,413.57623291015625,291.76165771484375,31.5867919921875,72.48794555664062
970,13,bicycle,1,0.6116187572479248,416.9474182128906,322.23980712890625,18.28106689453125,49.801116943359375
970,11,person,0,0.7746230363845825,264.66552734375,271.4237060546875,20.997344970703125,59.03639221191406
970,22,bicycle,1,0.9230195879936218,262.2818298339844,399.269775390625,131.01055908203125,83.10055541992188
970,23,person,0,0.6465376019477844,316.19647216796875,248.71255493164062,9.897918701171875,29.4554443359375
971,15,person,0,0.8879836201667786,272.0010070800781,367.6651916503906,94.14137268066406,134.89752197265625
971,8,person,0,0.7941642999649048,413.148681640625,292.4898681640625,32.134735107421875,73.69708251953125
971,13,bicycle,1,0.653110682964325,416.2510986328125,321.5972900390625,19.121673583984375,49.60980224609375
971,11,person,0,0.7860643267631531,263.8310241699219,271.528564453125,20.7947998046875,59.9818115234375
971,22,bicycle,1,0.9185872673988342,268.22454833984375,398.3421630859375,129.32786560058594,84.99093627929688
971,23,person,0,0.5244774222373962,315.7896728515625,248.95819091796875,9.45196533203125,29.882797241210938
972,15,person,0,0.8816407322883606,277.8591003417969,366.0408935546875,93.81599426269531,131.77560424804688
972,8,person,0,0.8097788691520691,412.8402099609375,292.1792907714844,32.2982177734375,73.87074279785156
972,13,bicycle,1,0.6387635469436646,414.7420959472656,320.4975891113281,19.93084716796875,49.816162109375
972,11,person,0,0.7830214500427246,263.0918273925781,272.621826171875,20.484359741210938,62.00355529785156
972,22,bicycle,1,0.9338047504425049,273.6636962890625,397.7441101074219,128.13485717773438,85.03741455078125
972,23,person,0,0.5668700933456421,315.43511962890625,248.94912719726562,8.820587158203125,30.10552978515625
973,15,person,0,0.9123716950416565,283.7018127441406,366.04656982421875,93.62199401855469,132.71017456054688
973,8,person,0,0.8076208829879761,412.0826416015625,290.96728515625,31.82232666015625,71.34579467773438
973,13,bicycle,1,0.5763477683067322,412.6124267578125,318.0697021484375,23.41748046875,53.451141357421875
973,11,person,0,0.8029146194458008,262.48583984375,272.87066650390625,21.024505615234375,62.98388671875
973,22,bicycle,1,0.9208962917327881,279.5694274902344,396.4908752441406,126.62284851074219,85.3892822265625
973,23,person,0,0.5830176472663879,315.22930908203125,249.29336547851562,8.6591796875,30.3748779296875
974,15,person,0,0.9032657146453857,289.384033203125,366.10400390625,93.02030944824219,133.42593383789062
974,8,person,0,0.8055485486984253,411.70263671875,290.45367431640625,32.052886962890625,70.43968200683594
974,13,bicycle,1,0.5889842510223389,413.603759765625,317.52703857421875,21.097198486328125,52.686431884765625
974,11,person,0,0.8076672554016113,261.2239685058594,273.3278503417969,22.244247436523438,64.68141174316406
974,22,bicycle,1,0.9287959337234497,285.0020446777344,395.7543029785156,124.2535400390625,86.28741455078125
974,23,person,0,0.5432684421539307,315.1571044921875,248.7955322265625,8.563323974609375,29.736618041992188
975,15,person,0,0.9087836146354675,294.8800964355469,366.2904357910156,92.45361328125,135.31878662109375
975,8,person,0,0.8144964575767517,410.7959899902344,288.8978271484375,31.52655029296875,68.29080200195312
975,13,bicycle,1,0.6777598857879639,411.513916015625,315.66656494140625,25.260650634765625,55.088531494140625
975,11,person,0,0.8173725605010986,260.3960876464844,273.78070068359375,23.066635131835938,65.85263061523438
975,22,bicycle,1,0.9213137030601501,290.29571533203125,395.2440185546875,122.78485107421875,86.42385864257812
975,23,person,0,0.3273325562477112,315.0855712890625,246.96493530273438,8.27838134765625,26.0831298828125
976,15,person,0,0.9168364405632019,300.0038146972656,364.9242858886719,91.23118591308594,134.26202392578125
976,8,person,0,0.817751944065094,410.0028381347656,288.0942687988281,31.52783203125,67.46028137207031
976,13,bicycle,1,0.6750187873840332,411.2745666503906,315.30657958984375,24.38623046875,54.51812744140625
976,11,person,0,0.8226220607757568,260.07012939453125,274.1216735839844,23.433868408203125,66.36036682128906
976,22,bicycle,1,0.9045410752296448,295.9922790527344,394.0926208496094,120.43751525878906,86.42816162109375
976,23,person,0,0.3296372890472412,314.9703674316406,245.1025390625,8.2593994140625,25.468704223632812
977,15,person,0,0.8978099226951599,305.5283203125,362.8488464355469,90.94345092773438,132.1165771484375
977,8,person,0,0.8049012422561646,409.5111083984375,286.7758483886719,31.49517822265625,64.99104309082031
977,13,bicycle,1,0.6433395743370056,411.216552734375,314.213623046875,23.221221923828125,54.973785400390625
977,11,person,0,0.8237869739532471,260.1439208984375,274.3701171875,23.111648559570312,66.31231689453125
977,22,bicycle,1,0.9248325824737549,300.80810546875,393.5514831542969,118.19290161132812,86.8426513671875
977,23,person,0,0.4587709307670593,314.71978759765625,244.701904296875,8.519073486328125,26.438095092773438
978,15,person,0,0.8960814476013184,310.5152893066406,361.4194030761719,89.7421875,131.85382080078125
978,8,person,0,0.8194134831428528,408.98974609375,286.32568359375,31.535858154296875,64.29815673828125
978,13,bicycle,1,0.6135552525520325,411.5679931640625,314.18896484375,21.431915283203125,53.484588623046875
978,11,person,0,0.8382032513618469,260.0301818847656,274.6457824707031,23.243209838867188,66.40498352050781
978,22,bicycle,1,0.9237784743309021,305.67431640625,392.5838928222656,114.95506286621094,87.10748291015625
978,23,person,0,0.3562961518764496,314.5731201171875,244.19984436035156,8.55462646484375,24.386260986328125
979,15,person,0,0.9092910289764404,315.3507995605469,360.3440246582031,88.37957763671875,130.63433837890625
979,8,person,0,0.8206387758255005,408.3812255859375,286.6082458496094,31.36492919921875,64.7222900390625
979,13,bicycle,1,0.6413414478302002,411.4267883300781,314.0279541015625,21.5438232421875,53.13140869140625
979,11,person,0,0.8273994326591492,259.80023193359375,274.8006591796875,23.444061279296875,66.46896362304688
979,22,bicycle,1,0.911462128162384,310.11614990234375,391.460205078125,112.25900268554688,87.78982543945312
979,23,person,0,0.16444921493530273,314.48736572265625,246.51760864257812,8.249114990234375,24.34515380859375
980,15,person,0,0.9034951329231262,319.47552490234375,360.0140075683594,86.08602905273438,129.68377685546875
980,8,person,0,0.8331515192985535,407.78106689453125,286.3492736816406,31.03106689453125,63.79156494140625
980,13,bicycle,1,0.7290507555007935,411.32354736328125,314.6475830078125,20.421905517578125,52.513153076171875
980,11,person,0,0.8299189209938049,259.146240234375,274.67724609375,23.888076782226562,66.31890869140625
980,22,bicycle,1,0.9108316898345947,314.4892578125,390.2261657714844,109.39410400390625,88.88238525390625
980,23,person,0,0.2081032395362854,314.3694763183594,249.38394165039062,8.0531005859375,24.462417602539062
981,15,person,0,0.8834442496299744,324.00567626953125,358.7518005371094,84.52032470703125,128.51446533203125
981,8,person,0,0.8324943780899048,407.6192626953125,286.587158203125,30.88726806640625,64.34573364257812
981,13,bicycle,1,0.7331953644752502,410.738037109375,314.3734130859375,21.488983154296875,52.8282470703125
981,11,person,0,0.8520300388336182,258.8766174316406,274.7321472167969,24.213699340820312,66.37052917480469
981,22,bicycle,1,0.9174819588661194,318.9405822753906,389.34375,107.28814697265625,89.05398559570312
981,23,person,0,0.22361306846141815,314.0535583496094,249.275634765625,8.334228515625,24.966659545898438
982,15,person,0,0.8908261656761169,328.1595458984375,357.55767822265625,82.60494995117188,127.02816772460938
982,8,person,0,0.8354330062866211,407.2017822265625,286.76513671875,30.792388916015625,64.50752258300781
982,13,bicycle,1,0.6571640372276306,410.890869140625,313.6610107421875,20.664154052734375,51.181793212890625
982,11,person,0,0.8509987592697144,258.68756103515625,274.77496337890625,24.2852783203125,66.49916076660156
982,22,bicycle,1,0.9185095429420471,323.30535888671875,388.06573486328125,104.22244262695312,88.8690185546875
982,23,person,0,0.3393816649913788,313.351318359375,245.50851440429688,9.889373779296875,30.826828002929688
983,15,person,0,0.9045411348342896,332.5928955078125,356.670654296875,81.33908081054688,126.48635864257812
983,8,person,0,0.8266395330429077,406.552001953125,287.06341552734375,30.8419189453125,65.09609985351562
983,13,bicycle,1,0.6850972771644592,410.17010498046875,313.5220947265625,20.937530517578125,50.548187255859375
983,11,person,0,0.83237624168396,258.4910888671875,274.757568359375,24.195877075195312,66.58241271972656
983,22,bicycle,1,0.9040608406066895,327.7745361328125,386.8497314453125,101.37850952148438,88.05142211914062
983,23,person,0,0.26425543427467346,313.09423828125,244.35443115234375,10.66595458984375,33.16004943847656
984,15,person,0,0.9107316136360168,337.2022705078125,355.28472900390625,80.66506958007812,124.24691772460938
984,8,person,0,0.8312966823577881,405.8564453125,286.8368835449219,30.67718505859375,65.12101745605469
984,13,bicycle,1,0.7170445919036865,410.76934814453125,312.0357360839844,22.464630126953125,51.69342041015625
984,11,person,0,0.8217007517814636,258.2937316894531,274.6781005859375,24.182785034179688,66.49267578125
984,22,bicycle,1,0.8848637342453003,331.91400146484375,385.8040771484375,98.51278686523438,87.08172607421875
984,23,person,0,0.2930980324745178,313.2266845703125,242.822998046875,10.787994384765625,32.5865478515625
985,15,person,0,0.8944723606109619,341.0814514160156,354.32354736328125,79.7362060546875,124.41595458984375
985,8,person,0,0.836611807346344,405.1307373046875,287.3475341796875,31.271087646484375,66.42904663085938
985,13,bicycle,1,0.7318848371505737,410.83428955078125,311.04840087890625,23.80511474609375,52.15997314453125
985,11,person,0,0.8163381814956665,258.41937255859375,274.5914306640625,23.580963134765625,66.54316711425781
985,22,bicycle,1,0.900427520275116,336.039794921875,384.2231750488281,95.82662963867188,87.05084228515625
985,23,person,0,0.23458632826805115,313.17279052734375,239.8104248046875,10.900787353515625,27.423080444335938
986,15,person,0,0.905152440071106,345.0444030761719,353.0372314453125,77.589111328125,123.58822631835938
986,8,person,0,0.8392481803894043,404.5159912109375,287.2339782714844,31.1116943359375,67.1002197265625
986,13,bicycle,1,0.672295331954956,409.826416015625,310.4443054199219,22.662109375,51.982421875
986,11,person,0,0.8133087754249573,257.9840087890625,274.5192565917969,23.843276977539062,66.35894775390625
986,22,bicycle,1,0.9094088077545166,340.2183837890625,382.0400390625,92.66375732421875,86.90542602539062
986,23,person,0,0.30226385593414307,312.412109375,243.06207275390625,11.10797119140625,34.02815246582031
987,15,person,0,0.9029573202133179,348.72784423828125,351.184326171875,76.08572387695312,121.61871337890625
987,8,person,0,0.8357680439949036,404.10833740234375,286.4462890625,31.235748291015625,69.39891052246094
987,13,bicycle,1,0.6744480133056641,409.5655517578125,309.96612548828125,22.78070068359375,52.179046630859375
987,11,person,0,0.8059563636779785,257.6181945800781,274.5235595703125,23.06817626953125,66.58695983886719
987,22,bicycle,1,0.8954458832740784,344.272216796875,380.2983093261719,89.84130859375,86.7615966796875
987,23,person,0,0.24486328661441803,312.2370910644531,244.19277954101562,11.002197265625,34.635986328125
987,26,person,0,0.6308465600013733,366.9746398925781,244.37445068359375,9.6851806640625,30.96185302734375
988,15,person,0,0.8963974118232727,352.29931640625,350.58245849609375,74.59506225585938,120.50942993164062
988,8,person,0,0.8361549973487854,403.72705078125,286.1737060546875,30.941436767578125,71.4365234375
988,13,bicycle,1,0.6274241209030151,410.1731262207031,309.5397644042969,20.82196044921875,52.43292236328125
988,11,person,0,0.8102092146873474,257.42266845703125,274.5882873535156,22.464462280273438,66.92266845703125
988,22,bicycle,1,0.9026828408241272,348.1761474609375,379.54473876953125,87.094970703125,86.70248413085938
988,23,person,0,0.3079877495765686,312.161376953125,243.81448364257812,10.824981689453125,29.898269653320312
988,26,person,0,0.6755505800247192,366.6824951171875,244.69046020507812,10.0703125,30.798782348632812
989,15,person,0,0.9049550294876099,355.7410888671875,348.93841552734375,73.35385131835938,120.70965576171875
989,8,person,0,0.8363732695579529,403.0810546875,285.8040771484375,30.75506591796875,71.35989379882812
989,13,bicycle,1,0.649318516254425,408.7801513671875,308.99560546875,22.802398681640625,51.950103759765625
989,11,person,0,0.8101161122322083,257.08001708984375,274.79241943359375,22.643890380859375,66.94207763671875
989,22,bicycle,1,0.8919302821159363,352.1927185058594,378.42974853515625,84.19720458984375,85.06991577148438
989,23,person,0,0.37653839588165283,312.20159912109375,243.74429321289062,10.638458251953125,27.72918701171875
989,26,person,0,0.6146093010902405,365.5674133300781,244.049560546875,9.100830078125,28.26397705078125
990,15,person,0,0.8913029432296753,359.59600830078125,347.8254699707031,72.228759765625,119.68731689453125
990,8,person,0,0.8351193070411682,402.690673828125,285.760986328125,30.777252197265625,70.69107055664062
990,13,bicycle,1,0.6019341349601746,407.305908203125,308.1636047363281,24.831146240234375,51.92236328125
990,11,person,0,0.8184318542480469,256.8000793457031,274.98211669921875,22.730056762695312,67.04563903808594
990,22,bicycle,1,0.9050605297088623,355.81671142578125,377.174072265625,81.30795288085938,84.9564208984375
990,23,person,0,0.39510661363601685,312.251220703125,244.39553833007812,10.451080322265625,26.80584716796875
990,26,person,0,0.47854137420654297,364.57354736328125,243.21421813964844,8.419464111328125,26.301605224609375
991,15,person,0,0.8889538049697876,362.8885498046875,346.5171813964844,70.99429321289062,119.27423095703125
991,8,person,0,0.8244938850402832,402.112548828125,285.0697021484375,31.142364501953125,71.11244201660156
991,13,bicycle,1,0.6001302003860474,406.3189697265625,307.7308349609375,22.424530029296875,50.612762451171875
991,11,person,0,0.8126724362373352,256.69622802734375,274.97808837890625,22.455841064453125,67.00900268554688
991,22,bicycle,1,0.9014001488685608,359.2242736816406,376.23004150390625,77.8892822265625,84.45013427734375
991,23,person,0,0.4314384460449219,312.11639404296875,247.11721801757812,11.10931396484375,30.498275756835938
991,26,person,0,0.40494686365127563,363.7078857421875,242.9442138671875,8.465606689453125,26.242568969726562
992,15,person,0,0.8778225779533386,365.54150390625,345.6501159667969,69.6671142578125,119.26885986328125
992,8,person,0,0.8302853107452393,401.6101379394531,285.3608703613281,30.89678955078125,71.69715881347656
992,13,bicycle,1,0.6349475383758545,407.67852783203125,307.931396484375,22.143157958984375,49.403778076171875
992,11,person,0,0.8189560770988464,256.5791320800781,274.8973388671875,22.42462158203125,66.91964721679688
992,22,bicycle,1,0.8762178421020508,362.3903503417969,374.88665771484375,75.925537109375,84.96212768554688
992,23,person,0,0.4114202857017517,312.08502197265625,247.92025756835938,11.319671630859375,31.649169921875
992,26,person,0,0.5864372849464417,362.75543212890625,241.6114501953125,8.796295166015625,24.217117309570312
993,15,person,0,0.8788348436355591,368.32733154296875,344.57257080078125,67.30465698242188,118.83193969726562
993,8,person,0,0.8113148212432861,401.2813720703125,285.3656921386719,31.427398681640625,72.21429443359375
993,13,bicycle,1,0.4717836081981659,405.33294677734375,309.2067565917969,20.89569091796875,45.06744384765625
993,11,person,0,0.8222547769546509,256.51409912109375,274.7193603515625,22.47491455078125,66.92173767089844
993,22,bicycle,1,0.8616251349449158,365.62799072265625,373.3917541503906,73.20889282226562,85.50274658203125
993,23,person,0,0.4764130115509033,311.93634033203125,248.15750122070312,11.41162109375,32.327880859375
993,26,person,0,0.4806687533855438,362.0042419433594,240.42822265625,9.0687255859375,23.689300537109375
994,15,person,0,0.8853275775909424,371.5559387207031,343.294189453125,66.2373046875,117.42507934570312
994,8,person,0,0.8176403641700745,400.9049987792969,285.8114929199219,31.47186279296875,73.38902282714844
994,13,bicycle,1,0.556761622428894,405.2755126953125,308.0638122558594,21.458282470703125,47.2926025390625
994,11,person,0,0.8117940425872803,256.5610656738281,274.6666564941406,22.395706176757812,66.96368408203125
994,22,bicycle,1,0.8556960821151733,368.4841613769531,372.3639831542969,70.44091796875,84.0010986328125
994,23,person,0,0.5538215637207031,311.6920166015625,248.07647705078125,12.00238037109375,33.33763122558594
994,26,person,0,0.4898509979248047,361.4520263671875,239.81558227539062,8.861114501953125,23.169143676757812
995,15,person,0,0.8919334411621094,374.20025634765625,341.33721923828125,64.67489624023438,113.95004272460938
995,8,person,0,0.8194760680198669,400.57110595703125,285.55169677734375,31.399810791015625,72.58395385742188
995,13,bicycle,1,0.32827410101890564,404.4891662597656,308.45074462890625,21.42730712890625,47.938934326171875
995,11,person,0,0.8150209188461304,256.4251708984375,274.62579345703125,21.732009887695312,66.76997375488281
995,22,bicycle,1,0.8732927441596985,371.3883056640625,370.9510498046875,68.41763305664062,83.85708618164062
995,23,person,0,0.5071285963058472,311.5853271484375,249.1560821533203,11.769927978515625,32.047393798828125
995,26,person,0,0.5748850107192993,360.73291015625,243.28515625,9.545928955078125,30.17840576171875
996,15,person,0,0.8863645195960999,376.3780517578125,339.38818359375,62.90350341796875,111.92291259765625
996,8,person,0,0.8103828430175781,399.9786376953125,285.1829833984375,31.471771240234375,72.29847717285156
996,13,bicycle,1,0.3157199025154114,404.50445556640625,311.7904357910156,16.95379638671875,40.81158447265625
996,11,person,0,0.8175432085990906,256.15350341796875,274.6795349121094,21.635833740234375,66.72816467285156
996,22,bicycle,1,0.868125319480896,374.58197021484375,369.87542724609375,66.35580444335938,82.71005249023438
996,23,person,0,0.4650515913963318,311.10162353515625,249.93719482421875,12.15216064453125,31.41131591796875
996,26,person,0,0.44366374611854553,359.195068359375,244.26708984375,11.3677978515625,32.35585021972656
997,15,person,0,0.8750526309013367,378.1611633300781,338.5610046386719,60.61279296875,112.20208740234375
997,8,person,0,0.809933066368103,399.8025817871094,283.8807067871094,30.63861083984375,69.86433410644531
997,13,bicycle,1,0.5094762444496155,404.67218017578125,307.4980773925781,15.066741943359375,37.8355712890625
997,11,person,0,0.8147733211517334,256.0191650390625,274.6711730957031,21.132598876953125,66.69670104980469
997,22,bicycle,1,0.8743578195571899,377.48651123046875,368.74420166015625,64.47860717773438,81.6561279296875
997,23,person,0,0.4669797122478485,310.6751403808594,250.1451873779297,12.68975830078125,31.333709716796875
997,26,person,0,0.5441951751708984,358.2763366699219,244.91769409179688,12.67071533203125,32.89122009277344
998,15,person,0,0.867874801158905,380.4501953125,337.9375,58.815521240234375,112.36935424804688
998,8,person,0,0.7740074396133423,399.6064453125,283.8362731933594,30.4058837890625,69.16032409667969
998,11,person,0,0.8229327201843262,255.9320068359375,274.64727783203125,20.750503540039062,66.77569580078125
998,22,bicycle,1,0.8706932663917542,380.18658447265625,366.77142333984375,62.172027587890625,81.61105346679688
998,23,person,0,0.27140751481056213,309.85711669921875,250.69503784179688,12.492584228515625,29.333389282226562
999,15,person,0,0.8699567914009094,382.48004150390625,336.35919189453125,56.812042236328125,112.1282958984375
999,8,person,0,0.7717325091362,399.21026611328125,282.33837890625,29.83148193359375,66.23062133789062
999,11,person,0,0.8261929750442505,255.91632080078125,274.6708679199219,20.657455444335938,66.73175048828125
999,22,bicycle,1,0.8609160780906677,382.3350830078125,364.8404541015625,59.33770751953125,81.47518920898438
999,23,person,0,0.4367371201515198,309.05657958984375,250.744873046875,12.38665771484375,28.195068359375
1000,15,person,0,0.8683642745018005,384.56072998046875,334.7648010253906,55.230010986328125,110.46990966796875
1000,8,person,0,0.777476966381073,399.13079833984375,280.10260009765625,29.292022705078125,62.836700439453125
1000,11,person,0,0.8202077150344849,255.81365966796875,274.78173828125,20.416397094726562,66.71151733398438
1000,22,bicycle,1,0.8606297373771667,384.4353942871094,363.593994140625,56.5660400390625,82.42510986328125
1000,23,person,0,0.39101991057395935,308.327392578125,248.9998321533203,12.624542236328125,23.507415771484375
1000,26,person,0,0.6888875365257263,356.4893798828125,246.00076293945312,11.589141845703125,32.89802551269531
1001,15,person,0,0.8698712587356567,386.60614013671875,333.6781311035156,54.452972412109375,109.2279052734375
1001,8,person,0,0.7837467789649963,398.6136169433594,279.58062744140625,29.02490234375,61.75810241699219
1001,11,person,0,0.8106420040130615,255.69558715820312,274.73309326171875,20.396530151367188,66.89384460449219
1001,22,bicycle,1,0.8585396409034729,386.4290771484375,362.83453369140625,54.092987060546875,81.69882202148438
1001,23,person,0,0.34126439690589905,307.745849609375,249.98825073242188,12.223114013671875,24.013168334960938
1001,26,person,0,0.7110912799835205,355.77630615234375,246.0992431640625,11.0797119140625,33.4564208984375
1002,15,person,0,0.8565561175346375,388.04046630859375,332.4033203125,52.72149658203125,108.1583251953125
1002,8,person,0,0.8036168217658997,398.5915222167969,277.703857421875,29.1494140625,58.117401123046875
1002,11,person,0,0.8093963265419006,255.5869903564453,274.88433837890625,20.470245361328125,67.0595703125
1002,22,bicycle,1,0.8489865064620972,388.757080078125,361.74371337890625,52.086944580078125,80.851318359375
1002,23,person,0,0.2177661657333374,307.6776123046875,251.61553955078125,11.884063720703125,25.0279541015625
1002,26,person,0,0.5705996155738831,355.09832763671875,246.0643768310547,10.57244873046875,33.079254150390625
1003,15,person,0,0.8546810150146484,389.7239990234375,331.6901550292969,51.23956298828125,107.85955810546875
1003,8,person,0,0.7977213263511658,398.202880859375,276.13006591796875,28.78289794921875,54.93489074707031
1003,11,person,0,0.8157743215560913,255.50979614257812,274.7713928222656,20.645065307617188,67.10987854003906
1003,22,bicycle,1,0.861128032207489,390.80712890625,360.2291259765625,50.072845458984375,80.91055297851562
1003,23,person,0,0.4804253578186035,307.33087158203125,252.063232421875,12.039459228515625,25.590866088867188
1003,26,person,0,0.5905645489692688,355.0438232421875,246.11561584472656,11.327239990234375,33.376983642578125
1004,15,person,0,0.853624165058136,391.1202087402344,329.0840148925781,49.128173828125,103.4373779296875
1004,8,person,0,0.748896598815918,398.1471862792969,275.192138671875,28.5074462890625,53.07733154296875
1004,11,person,0,0.8188257813453674,255.45132446289062,274.76751708984375,20.62164306640625,66.95668029785156
1004,22,bicycle,1,0.8671522736549377,392.47265625,359.07623291015625,47.714111328125,79.92996215820312
1004,23,person,0,0.42537036538124084,307.38677978515625,249.72886657714844,12.325164794921875,28.021026611328125
1004,26,person,0,0.6997889876365662,355.4906005859375,246.013427734375,12.771270751953125,33.10444641113281
1005,15,person,0,0.843664288520813,392.30072021484375,328.96734619140625,47.648162841796875,103.94723510742188
1005,8,person,0,0.7169597148895264,397.9111328125,272.306640625,28.42486572265625,47.696502685546875
1005,11,person,0,0.8193990588188171,255.47006225585938,274.8389892578125,20.589370727539062,67.12040710449219
1005,22,bicycle,1,0.8489353060722351,394.7974548339844,357.8287048339844,46.57147216796875,79.2484130859375
1005,23,person,0,0.40373823046684265,307.4139709472656,249.47802734375,12.34124755859375,27.694381713867188
1005,26,person,0,0.625244140625,354.3448791503906,243.7707061767578,11.22711181640625,28.692474365234375
1006,15,person,0,0.8560954332351685,393.12786865234375,328.25592041015625,46.23138427734375,103.67645263671875
1006,8,person,0,0.7052674889564514,397.5517883300781,270.23736572265625,28.4058837890625,43.672027587890625
1006,11,person,0,0.7916085720062256,255.4517822265625,274.81103515625,20.649246215820312,66.88247680664062
1006,22,bicycle,1,0.8174993991851807,396.2259826660156,356.56243896484375,44.57763671875,78.33004760742188
1006,23,person,0,0.332072377204895,307.1475524902344,249.09356689453125,12.0089111328125,28.108474731445312
1006,26,person,0,0.7374699711799622,353.38165283203125,242.05821228027344,10.2091064453125,25.435882568359375
1007,15,person,0,0.8151822090148926,394.23858642578125,326.41925048828125,44.706695556640625,101.24063110351562
1007,8,person,0,0.5606024861335754,397.2173767089844,267.83721923828125,28.264404296875,39.372161865234375
1007,11,person,0,0.7847338318824768,255.82919311523438,274.951171875,21.019638061523438,67.15565490722656
1007,22,bicycle,1,0.7681771516799927,397.2958068847656,355.68359375,43.5679931640625,76.96450805664062
1007,23,person,0,0.27672871947288513,306.580810546875,247.7489013671875,10.970703125,28.419174194335938
1007,26,person,0,0.6512649655342102,352.9483642578125,241.51022338867188,9.929443359375,24.635726928710938
1008,15,person,0,0.8261864185333252,394.52008056640625,324.5958557128906,42.295135498046875,98.04986572265625
1008,8,person,0,0.5567209720611572,397.06060791015625,266.1444091796875,27.8011474609375,36.6182861328125
1008,11,person,0,0.8010109663009644,256.3985900878906,274.8790283203125,21.97308349609375,67.01904296875
1008,22,bicycle,1,0.6735104918479919,398.3104248046875,354.51641845703125,40.753448486328125,77.01797485351562
1008,23,person,0,0.3342173397541046,306.707763671875,248.59503173828125,10.6060791015625,29.133712768554688
1008,26,person,0,0.5232952237129211,352.35772705078125,243.04107666015625,9.4300537109375,28.517318725585938
1009,15,person,0,0.8484110236167908,395.99981689453125,322.96307373046875,42.227569580078125,95.09054565429688
1009,8,person,0,0.7205684185028076,397.0924987792969,265.108642578125,27.3287353515625,34.81251525878906
1009,11,person,0,0.8060285449028015,257.6451721191406,274.7987365722656,24.239974975585938,66.90180969238281
1009,22,bicycle,1,0.6463283896446228,399.8116455078125,352.9027099609375,39.320587158203125,76.25021362304688
1009,23,person,0,0.4461359977722168,307.0655517578125,248.66445922851562,11.13043212890625,28.210250854492188
1009,26,person,0,0.5702247619628906,351.8937683105469,242.40493774414062,9.98333740234375,27.673171997070312
1010,15,person,0,0.8495653867721558,396.9642333984375,322.0415344238281,41.789642333984375,94.3389892578125
1010,8,person,0,0.6678926944732666,396.5583190917969,264.91656494140625,27.4459228515625,34.327728271484375
1010,11,person,0,0.8292427659034729,258.6902160644531,274.77056884765625,25.774368286132812,66.67776489257812
1010,22,bicycle,1,0.7132155299186707,401.0487365722656,351.7218933105469,36.59344482421875,75.469482421875
1010,23,person,0,0.5800635814666748,307.25335693359375,249.5894012451172,11.679107666015625,30.413665771484375
1010,26,person,0,0.7117131352424622,351.400390625,244.51976013183594,10.36712646484375,31.806304931640625
1011,15,person,0,0.8597564697265625,397.832275390625,320.77679443359375,41.187103271484375,92.9932861328125
1011,8,person,0,0.7367722988128662,396.2848205566406,265.0092468261719,27.33984375,34.52357482910156
1011,11,person,0,0.8204748034477234,259.25201416015625,274.741455078125,26.441986083984375,66.43194580078125
1011,22,bicycle,1,0.6752737760543823,401.6915283203125,350.54742431640625,34.945526123046875,74.86181640625
1011,23,person,0,0.542255699634552,307.16839599609375,249.66915893554688,11.509063720703125,30.871047973632812
1011,26,person,0,0.709626317024231,350.60504150390625,245.33843994140625,10.83349609375,33.31694030761719
1012,15,person,0,0.8515924215316772,398.2103271484375,320.5650634765625,40.1761474609375,93.80499267578125
1012,8,person,0,0.7584949135780334,396.22052001953125,264.7052307128906,26.988128662109375,33.73683166503906
1012,11,person,0,0.8130881786346436,259.7319641113281,274.72845458984375,26.928787231445312,66.28598022460938
1012,22,bicycle,1,0.45387497544288635,401.035888671875,349.2763366699219,32.06341552734375,74.5738525390625
1012,23,person,0,0.4383654296398163,306.3162841796875,249.40609741210938,10.6480712890625,31.600021362304688
1012,26,person,0,0.7437487840652466,350.1519775390625,245.78121948242188,11.309051513671875,34.03291320800781
1013,15,person,0,0.8529746532440186,398.6842041015625,320.111083984375,39.624725341796875,94.75308227539062
1013,8,person,0,0.7295445799827576,396.09228515625,263.55828857421875,26.588287353515625,32.04376220703125
1013,11,person,0,0.8328271508216858,260.33056640625,274.810302734375,28.0106201171875,66.33073425292969
1013,22,bicycle,1,0.5254772305488586,401.60797119140625,347.7077941894531,33.05291748046875,75.15618896484375
1013,23,person,0,0.591191828250885,305.9296875,249.71531677246094,10.249969482421875,32.710357666015625
1013,26,person,0,0.7338286638259888,349.4794616699219,245.9622802734375,11.523681640625,34.09764099121094
1014,15,person,0,0.8592052459716797,399.04376220703125,319.539794921875,38.571990966796875,95.01950073242188
1014,8,person,0,0.7537180781364441,395.877685546875,262.9535217285156,26.402618408203125,31.101455688476562
1014,11,person,0,0.8211133480072021,260.76800537109375,275.07916259765625,27.975540161132812,65.9822998046875
1014,22,bicycle,1,0.5405546426773071,398.9700622558594,347.7609558105469,26.7056884765625,71.72637939453125
1014,23,person,0,0.5072392821311951,305.8009033203125,249.99667358398438,9.745025634765625,33.02229309082031
1014,26,person,0,0.7446712255477905,348.90484619140625,246.27346801757812,12.22857666015625,34.1492919921875
1015,15,person,0,0.8725310564041138,399.4159240722656,318.8070983886719,37.461181640625,95.14288330078125
1015,8,person,0,0.7455781102180481,395.46746826171875,263.16363525390625,26.312774658203125,32.05055236816406
1015,11,person,0,0.832193911075592,261.3620300292969,275.4691467285156,28.532363891601562,66.03047180175781
1015,22,bicycle,1,0.5628594160079956,398.3626708984375,346.90850830078125,26.41156005859375,71.32962036132812
1015,23,person,0,0.475783109664917,305.6429748535156,250.1137237548828,9.53521728515625,33.164581298828125
1015,26,person,0,0.7392856478691101,347.87347412109375,246.32571411132812,12.588348388671875,33.67845153808594
1016,15,person,0,0.8715174198150635,399.7569274902344,317.81451416015625,37.2542724609375,94.29135131835938
1016,8,person,0,0.7509937286376953,395.3079833984375,262.9425354003906,26.385467529296875,32.39637756347656
1016,11,person,0,0.8290415406227112,261.62457275390625,275.6558532714844,27.968399047851562,66.2171630859375
1016,22,bicycle,1,0.6044027805328369,397.57135009765625,347.7991943359375,26.766815185546875,67.32815551757812
1016,23,person,0,0.45566269755363464,305.57427978515625,250.54104614257812,9.316864013671875,32.57456970214844
1016,26,person,0,0.7027735710144043,347.452392578125,246.57766723632812,12.933563232421875,33.5123291015625
1017,15,person,0,0.8633729219436646,399.84765625,316.9853210449219,36.457763671875,93.31427001953125
1017,8,person,0,0.7519552707672119,394.96343994140625,263.37774658203125,26.406768798828125,33.857269287109375
1017,11,person,0,0.8307905197143555,261.73907470703125,275.87841796875,27.250137329101562,66.21609497070312
1017,22,bicycle,1,0.5967074632644653,397.9521484375,347.6773681640625,24.724761962890625,64.93267822265625
1017,23,person,0,0.30265718698501587,304.754150390625,251.34446716308594,8.485992431640625,30.684539794921875
1017,26,person,0,0.6778340339660645,347.10821533203125,246.6148223876953,12.55316162109375,32.806793212890625
1018,15,person,0,0.85892653465271,399.99652099609375,316.2996826171875,36.347686767578125,93.18386840820312
1018,8,person,0,0.7227447628974915,394.8699645996094,263.0406188964844,26.40472412109375,34.04338073730469
1018,11,person,0,0.8054398894309998,261.64532470703125,276.1015930175781,25.974029541015625,66.22184753417969
1018,22,bicycle,1,0.6597156524658203,398.20867919921875,346.91192626953125,25.888275146484375,63.783782958984375
1018,23,person,0,0.39187753200531006,305.2939147949219,250.58624267578125,8.92401123046875,31.83392333984375
1018,26,person,0,0.6908705830574036,346.1646728515625,246.51870727539062,11.65740966796875,32.46720886230469
1019,15,person,0,0.8510249853134155,399.9177551269531,315.635498046875,35.87689208984375,93.53787231445312
1019,8,person,0,0.7178357243537903,394.91107177734375,262.2788391113281,25.46319580078125,33.86708068847656
1019,11,person,0,0.7768141627311707,261.4873352050781,276.5370788574219,25.7254638671875,65.97581481933594
1019,22,bicycle,1,0.6046364903450012,399.0569763183594,346.299072265625,23.79815673828125,62.4605712890625
1019,23,person,0,0.29704251885414124,305.63018798828125,249.95028686523438,9.198455810546875,32.85771179199219
1019,26,person,0,0.6904889345169067,345.56219482421875,244.97998046875,10.73004150390625,29.612899780273438
1020,15,person,0,0.836528480052948,399.74493408203125,314.41278076171875,35.137420654296875,91.93252563476562
1020,8,person,0,0.7222678661346436,394.83660888671875,263.0873718261719,25.517791748046875,36.00382995605469
1020,11,person,0,0.7763345837593079,261.41259765625,276.7801513671875,24.039230346679688,65.6573486328125
1020,22,bicycle,1,0.5816702246665955,400.3157653808594,345.1070556640625,20.28155517578125,60.944122314453125
1020,23,person,0,0.1929851919412613,305.2587890625,250.41024780273438,9.1326904296875,30.8680419921875
1020,26,person,0,0.6894667148590088,345.2449035644531,244.8303985595703,10.7901611328125,29.327423095703125
1021,15,person,0,0.8150611519813538,399.2615966796875,312.96014404296875,34.462677001953125,90.38235473632812
1021,8,person,0,0.7115975022315979,394.4774169921875,262.8887634277344,25.20703125,36.44004821777344
1021,11,person,0,0.766057550907135,261.3685302734375,276.56365966796875,23.611312866210938,65.68515014648438
1021,22,bicycle,1,0.4897772967815399,399.6358642578125,344.0857238769531,25.317169189453125,60.75799560546875
1021,26,person,0,0.6536113619804382,344.8658142089844,244.99505615234375,10.962158203125,29.735702514648438
1022,15,person,0,0.8336820602416992,399.20025634765625,311.87518310546875,34.7305908203125,88.75021362304688
1022,8,person,0,0.7236711382865906,394.2437744140625,261.91253662109375,24.94580078125,34.574981689453125
1022,11,person,0,0.7909037470817566,261.76123046875,276.50592041015625,23.005401611328125,66.00064086914062
1022,22,bicycle,1,0.6268898248672485,399.6521911621094,342.986572265625,24.2637939453125,61.82403564453125
1022,26,person,0,0.5690820217132568,344.19036865234375,244.00634765625,10.461090087890625,28.272354125976562
1023,15,person,0,0.8126974105834961,398.91717529296875,310.57904052734375,34.451904296875,86.88998413085938
1023,8,person,0,0.7280981540679932,394.0783386230469,261.29766845703125,24.7823486328125,34.038055419921875
1023,11,person,0,0.8018971681594849,261.7720642089844,276.4775390625,22.834640502929688,66.10020446777344
1023,22,bicycle,1,0.5825182199478149,399.7578125,341.60943603515625,24.292877197265625,61.736968994140625
1023,26,person,0,0.4899686872959137,343.239013671875,242.22044372558594,9.932647705078125,25.145904541015625
1024,15,person,0,0.8144641518592834,398.6585388183594,309.4329833984375,33.7498779296875,85.65435791015625
1024,8,person,0,0.6903750896453857,393.8607177734375,262.109130859375,24.41790771484375,36.45585632324219
1024,11,person,0,0.6906333565711975,261.84442138671875,276.24090576171875,23.139251708984375,66.44198608398438
1024,22,bicycle,1,0.5504454970359802,401.1479187011719,340.523193359375,22.9686279296875,61.290069580078125
1024,26,person,0,0.6580504179000854,342.40545654296875,244.08164978027344,9.85858154296875,29.066192626953125
1025,15,person,0,0.80674809217453,398.032470703125,307.3150634765625,33.65093994140625,82.73904418945312
1025,8,person,0,0.7289882302284241,393.84375,260.5754699707031,23.706329345703125,33.69053649902344
1025,11,person,0,0.6122739315032959,262.7750244140625,276.1763610839844,22.925125122070312,66.85047912597656
1025,22,bicycle,1,0.6070742011070251,400.185791015625,339.76007080078125,23.88775634765625,60.665374755859375
1025,26,person,0,0.638153076171875,341.7965087890625,244.98638916015625,9.774627685546875,31.354568481445312
1026,15,person,0,0.8228414058685303,397.4316101074219,305.89044189453125,33.30029296875,81.26449584960938
1026,8,person,0,0.7479764223098755,393.6679992675781,259.81414794921875,23.6651611328125,32.57844543457031
1026,11,person,0,0.6679375171661377,263.9486083984375,275.86724853515625,23.65692138671875,65.36376953125
1026,22,bicycle,1,0.5755735635757446,399.1500244140625,337.94329833984375,25.107208251953125,59.718963623046875
1026,26,person,0,0.6675901412963867,341.2303161621094,245.5814666748047,9.52264404296875,32.825469970703125
1027,15,person,0,0.8263244032859802,396.83502197265625,304.53509521484375,32.921142578125,79.416015625
1027,8,person,0,0.7427773475646973,393.5164794921875,259.4689025878906,23.897735595703125,31.982833862304688
1027,11,person,0,0.8166532516479492,264.514892578125,276.3207702636719,23.48004150390625,65.16241455078125
1027,22,bicycle,1,0.6743385195732117,398.5633239746094,336.79205322265625,25.52703857421875,58.7122802734375
1027,26,person,0,0.43821799755096436,340.4605712890625,245.716796875,9.349853515625,33.1456298828125
1028,15,person,0,0.8243235945701599,396.45654296875,303.9381103515625,32.989532470703125,79.55819702148438
1028,8,person,0,0.74152010679245,393.4667663574219,258.9703369140625,23.8795166015625,31.040237426757812
1028,11,person,0,0.6393529176712036,266.2372131347656,274.9642333984375,21.375534057617188,63.369110107421875
1028,22,bicycle,1,0.6867086887359619,398.2039489746094,336.23040771484375,25.26763916015625,59.1142578125
1028,26,person,0,0.5254168510437012,339.91143798828125,245.25912475585938,9.49371337890625,32.31199645996094
1029,15,person,0,0.8357351422309875,395.95550537109375,303.29852294921875,33.090179443359375,79.01260375976562
1029,8,person,0,0.754111647605896,393.30462646484375,258.1838684082031,23.595306396484375,29.735000610351562
1029,11,person,0,0.7537124752998352,267.34808349609375,275.8948974609375,21.462005615234375,63.714935302734375
1029,22,bicycle,1,0.6871684789657593,397.83819580078125,335.4825744628906,24.775482177734375,59.6380615234375
1029,26,person,0,0.7097265720367432,339.12481689453125,246.0653076171875,10.108551025390625,33.93193054199219
1030,15,person,0,0.8400583863258362,395.2665100097656,302.5126647949219,33.1912841796875,78.0767822265625
1030,8,person,0,0.7792037129402161,393.198974609375,257.9273376464844,23.547576904296875,29.327438354492188
1030,11,person,0,0.8122059106826782,268.2322082519531,276.46466064453125,21.334228515625,64.89424133300781
1030,22,bicycle,1,0.7008206248283386,397.213623046875,334.22479248046875,24.342742919921875,60.1197509765625
1030,26,person,0,0.5453691482543945,338.4940185546875,246.3672637939453,10.4210205078125,34.482513427734375
1030,23,person,0,0.5526509881019592,306.6659240722656,249.24740600585938,9.1539306640625,35.79759216308594
1031,15,person,0,0.8301840424537659,394.68255615234375,301.81915283203125,33.197418212890625,77.786376953125
1031,8,person,0,0.8122915625572205,393.21942138671875,257.7100524902344,23.53106689453125,29.133834838867188
1031,11,person,0,0.8080193996429443,269.049560546875,276.84124755859375,21.346893310546875,64.16482543945312
1031,22,bicycle,1,0.6491032242774963,396.82879638671875,333.16876220703125,23.310028076171875,59.940887451171875
1031,26,person,0,0.5192844271659851,338.05035400390625,245.78277587890625,10.222076416015625,32.61625671386719
1031,23,person,0,0.6004949808120728,307.07061767578125,249.07508850097656,9.32720947265625,36.102081298828125
1032,15,person,0,0.8379082679748535,394.4573974609375,301.103515625,33.28558349609375,76.878173828125
1032,8,person,0,0.8086943030357361,393.0674743652344,257.5135803222656,23.1634521484375,29.129653930664062
1032,11,person,0,0.793495774269104,269.463623046875,277.43133544921875,20.998931884765625,65.103759765625
1032,22,bicycle,1,0.662239134311676,396.20391845703125,332.4278259277344,22.613189697265625,58.47332763671875
1032,26,person,0,0.5228962302207947,337.3345947265625,244.17544555664062,9.785980224609375,28.826309204101562
1032,23,person,0,0.3287450969219208,307.3577880859375,248.657470703125,9.253875732421875,35.97404479980469
1033,15,person,0,0.8337603807449341,393.6715087890625,300.33343505859375,33.615325927734375,76.02804565429688
1033,8,person,0,0.8155202269554138,393.0973205566406,257.53277587890625,23.35321044921875,29.302825927734375
1033,11,person,0,0.7913169264793396,269.83709716796875,277.8286437988281,20.712646484375,66.14186096191406
1033,22,bicycle,1,0.5488501191139221,395.547119140625,329.8446044921875,22.99578857421875,55.312042236328125
1033,26,person,0,0.5444868206977844,336.4609680175781,243.07742309570312,9.50921630859375,25.882308959960938
1033,23,person,0,0.42407476902008057,307.8151550292969,248.90960693359375,9.75457763671875,36.27018737792969
1034,15,person,0,0.8429654240608215,392.7965087890625,299.53338623046875,33.942230224609375,75.23333740234375
1034,8,person,0,0.8136465549468994,393.05682373046875,257.4028625488281,23.1868896484375,29.280563354492188
1034,11,person,0,0.8095677495002747,270.20733642578125,277.4325256347656,20.565277099609375,66.502197265625
1034,22,bicycle,1,0.6569594144821167,395.0718994140625,330.20361328125,22.952972412109375,54.681182861328125
1034,26,person,0,0.43525922298431396,335.98516845703125,242.41114807128906,9.47601318359375,24.18865966796875
1034,23,person,0,0.2733480632305145,307.90924072265625,246.95919799804688,9.61358642578125,32.1015625
1035,15,person,0,0.8352546691894531,392.01593017578125,299.2117004394531,33.54229736328125,75.2398681640625
1035,8,person,0,0.8030120730400085,392.804931640625,257.4100646972656,23.051605224609375,29.356979370117188
1035,11,person,0,0.8138388991355896,270.7912902832031,277.21038818359375,20.286376953125,66.25009155273438
1035,22,bicycle,1,0.6402144432067871,394.6166687011719,329.92706298828125,22.9346923828125,54.883148193359375
1035,26,person,0,0.3443966805934906,335.09454345703125,242.0606689453125,9.454376220703125,23.054779052734375
1035,23,person,0,0.25540024042129517,308.10076904296875,245.44651794433594,9.3267822265625,27.952178955078125
1036,15,person,0,0.8170338869094849,391.16644287109375,298.8372802734375,33.041717529296875,75.060546875
1036,8,person,0,0.7841805815696716,392.64398193359375,257.2994689941406,23.092926025390625,29.254318237304688
1036,11,person,0,0.827285885810852,271.02410888671875,277.123046875,20.3651123046875,65.95260620117188
1036,22,bicycle,1,0.595490038394928,393.6051025390625,329.2882080078125,23.38055419921875,55.33978271484375
1036,26,person,0,0.5898458361625671,334.1239013671875,241.92626953125,9.59814453125,22.543624877929688
1036,23,person,0,0.27992361783981323,308.36676025390625,244.63119506835938,9.397125244140625,26.831192016601562
1037,15,person,0,0.8344597220420837,390.5243225097656,298.3369445800781,32.648193359375,74.54400634765625
1037,8,person,0,0.7513027787208557,392.09710693359375,257.0497741699219,22.801239013671875,28.947952270507812
1037,11,person,0,0.790425717830658,271.69940185546875,277.298583984375,20.140411376953125,66.19743347167969
1037,22,bicycle,1,0.5833848714828491,392.66082763671875,329.013427734375,22.519439697265625,54.944427490234375
1037,26,person,0,0.4581170082092285,333.4150085449219,242.1095733642578,9.1593017578125,23.162750244140625
1037,23,person,0,0.3523557484149933,309.20001220703125,247.5131072998047,10.989959716796875,32.690216064453125
1038,15,person,0,0.8072779178619385,389.92694091796875,297.4697265625,32.417938232421875,74.945556640625
1038,8,person,0,0.6551828384399414,392.0970458984375,256.75689697265625,22.954925537109375,29.173995971679688
1038,11,person,0,0.7870543599128723,272.4974060058594,277.1340026855469,20.83544921875,66.41529846191406
1038,22,bicycle,1,0.6114526391029358,391.4803466796875,328.2270202636719,21.547882080078125,54.23223876953125
1038,26,person,0,0.3840164840221405,332.64996337890625,241.32858276367188,8.95550537109375,24.458816528320312
1038,23,person,0,0.34257176518440247,309.3894958496094,249.19537353515625,12.153564453125,33.7327880859375
1039,15,person,0,0.7999011278152466,389.46685791015625,295.53045654296875,32.337249755859375,73.81396484375
1039,8,person,0,0.6396164894104004,392.4803466796875,256.3359375,22.249969482421875,28.532577514648438
1039,11,person,0,0.8117895722389221,273.3060302734375,277.62176513671875,21.277191162109375,66.64642333984375
1039,22,bicycle,1,0.6174072027206421,390.61248779296875,327.96722412109375,21.432769775390625,53.909912109375
1039,26,person,0,0.21496014297008514,331.648193359375,241.2764892578125,8.819366455078125,25.112594604492188
1039,23,person,0,0.42858102917671204,309.67071533203125,249.3238525390625,12.538238525390625,35.61650085449219
1040,15,person,0,0.7981142997741699,388.9107971191406,295.28143310546875,32.4293212890625,74.10171508789062
1040,8,person,0,0.6113794445991516,392.9959716796875,256.0973205566406,21.1912841796875,28.243576049804688
1040,11,person,0,0.8019168972969055,274.018310546875,277.85614013671875,20.508270263671875,66.58236694335938
1040,22,bicycle,1,0.6185768246650696,390.06219482421875,327.5274963378906,20.92474365234375,53.5206298828125
1040,26,person,0,0.2751130759716034,330.8879089355469,241.30435180664062,8.9046630859375,25.239212036132812
1040,23,person,0,0.40086841583251953,309.65240478515625,250.19119262695312,12.647186279296875,35.84637451171875
1041,15,person,0,0.8216574192047119,388.46710205078125,295.39154052734375,32.374542236328125,74.38711547851562
1041,8,person,0,0.6275194883346558,393.1864013671875,256.04217529296875,20.59698486328125,28.342269897460938
1041,11,person,0,0.7852397561073303,274.5020751953125,278.48065185546875,20.414276123046875,65.640869140625
1041,22,bicycle,1,0.6352825164794922,390.04876708984375,326.11956787109375,20.097625732421875,52.74267578125
1041,26,person,0,0.3917790353298187,330.441162109375,241.73193359375,9.034759521484375,26.7069091796875
1041,23,person,0,0.4432941675186157,309.75750732421875,250.32920837402344,12.82916259765625,35.971221923828125
1042,15,person,0,0.8014944791793823,388.30352783203125,294.8519287109375,32.390472412109375,74.48614501953125
1042,8,person,0,0.5984339118003845,392.8782958984375,255.76190185546875,21.19561767578125,28.3056640625
1042,11,person,0,0.789241373538971,275.72930908203125,280.1018981933594,22.27886962890625,67.58955383300781
1042,22,bicycle,1,0.5813961625099182,389.468505859375,324.628662109375,20.493682861328125,53.651519775390625
1042,26,person,0,0.5686483383178711,329.71728515625,241.57186889648438,9.170745849609375,26.100418090820312
1042,23,person,0,0.5304281711578369,309.799560546875,250.08041381835938,12.522796630859375,36.801025390625
1043,15,person,0,0.8065723180770874,388.0511779785156,294.8702087402344,32.34063720703125,75.24017333984375
1043,8,person,0,0.5540235042572021,393.0859375,255.64202880859375,20.42144775390625,28.301864624023438
1043,11,person,0,0.7996569275856018,276.6212158203125,280.64251708984375,23.25677490234375,67.82901000976562
1043,22,bicycle,1,0.6714516282081604,389.3259582519531,324.3475036621094,19.24591064453125,52.4012451171875
1043,26,person,0,0.5528396368026733,329.34674072265625,241.34732055664062,9.279083251953125,25.737274169921875
1043,23,person,0,0.560103178024292,309.9281005859375,250.82748413085938,12.758941650390625,36.30853271484375
1044,15,person,0,0.814128577709198,387.190185546875,294.25482177734375,32.169830322265625,75.14141845703125
1044,8,person,0,0.5896969437599182,393.2769775390625,255.59054565429688,19.447113037109375,28.28582763671875
1044,11,person,0,0.8214797377586365,277.18157958984375,280.94854736328125,24.128265380859375,67.91757202148438
1044,22,bicycle,1,0.495214581489563,388.50738525390625,321.3841552734375,18.6944580078125,46.59100341796875
1044,26,person,0,0.5651382207870483,328.9168395996094,243.21759033203125,9.434814453125,30.05419921875
1044,23,person,0,0.3870108127593994,309.9542541503906,252.1186065673828,12.72393798828125,34.252655029296875
1045,15,person,0,0.7849380373954773,386.8853759765625,293.26287841796875,31.839813232421875,74.42047119140625
1045,8,person,0,0.6165814399719238,393.3133239746094,255.29708862304688,19.14508056640625,28.063583374023438
1045,11,person,0,0.8111864328384399,277.412353515625,280.9476623535156,24.219482421875,67.98663330078125
1045,22,bicycle,1,0.534365713596344,387.75933837890625,319.1842041015625,18.14202880859375,43.75726318359375
1045,26,person,0,0.48474130034446716,328.28436279296875,242.20578002929688,9.544921875,27.507644653320312
1045,23,person,0,0.4043416976928711,309.9090576171875,251.90252685546875,13.028167724609375,34.64469909667969
1046,15,person,0,0.8004674315452576,386.8740234375,292.54345703125,31.517669677734375,73.79953002929688
1046,8,person,0,0.6487008929252625,393.2881164550781,255.2413330078125,19.0018310546875,28.145919799804688
1046,11,person,0,0.8274014592170715,277.90826416015625,280.7537536621094,23.630096435546875,68.23858642578125
1046,22,bicycle,1,0.59873366355896,387.30682373046875,320.6784973144531,18.82110595703125,49.06591796875
1046,26,person,0,0.5213457345962524,327.6771240234375,242.68014526367188,9.33819580078125,28.199325561523438
1046,23,person,0,0.6288214921951294,310.3684387207031,250.552734375,13.29241943359375,35.8685302734375
1047,15,person,0,0.7983959317207336,386.68463134765625,291.64666748046875,31.22296142578125,72.30278015136719
1047,8,person,0,0.6508793234825134,393.2626037597656,255.03062438964844,18.77716064453125,27.869415283203125
1047,11,person,0,0.8160000443458557,278.46136474609375,280.6144714355469,22.804290771484375,67.94129943847656
1047,22,bicycle,1,0.6416195034980774,386.95458984375,318.8946533203125,18.667449951171875,46.287078857421875
1047,26,person,0,0.5252141952514648,327.20166015625,241.54701232910156,9.614227294921875,25.99139404296875
1047,23,person,0,0.5306987166404724,310.730712890625,250.8153839111328,13.4066162109375,36.413543701171875
1048,15,person,0,0.7889103889465332,386.33306884765625,290.89697265625,30.594818115234375,71.69046020507812
1048,8,person,0,0.6388579607009888,393.271484375,254.7220916748047,18.605682373046875,27.467132568359375
1048,11,person,0,0.8054378628730774,279.0696716308594,280.3704833984375,21.78533935546875,67.60185241699219
1048,22,bicycle,1,0.5994656682014465,386.6895751953125,318.5872497558594,19.049957275390625,47.44140625
1048,26,person,0,0.5176675319671631,326.554443359375,242.03457641601562,9.653594970703125,26.711318969726562
1048,23,person,0,0.5952327251434326,310.75982666015625,251.90521240234375,13.066802978515625,35.40753173828125
1049,15,person,0,0.7996395826339722,386.25396728515625,291.14935302734375,29.975616455078125,71.56333923339844
1049,8,person,0,0.6571713089942932,393.17901611328125,254.85946655273438,18.660003662109375,28.038314819335938
1049,11,person,0,0.7980718016624451,280.3377380371094,280.2674560546875,20.818359375,67.44281005859375
1049,22,bicycle,1,0.5761610269546509,386.6214599609375,317.6734619140625,18.903961181640625,44.893402099609375
1049,26,person,0,0.5348008871078491,326.4530029296875,242.04885864257812,9.509124755859375,25.690780639648438
1049,23,person,0,0.6607859134674072,310.846923828125,252.2542724609375,12.841278076171875,34.8372802734375
1050,15,person,0,0.8085827827453613,386.18707275390625,291.0054626464844,29.156036376953125,70.70353698730469
1050,8,person,0,0.6647008061408997,393.1824951171875,254.54971313476562,18.828765869140625,27.675521850585938
1050,11,person,0,0.7513511180877686,281.28826904296875,280.27032470703125,20.389801025390625,67.26020812988281
1050,22,bicycle,1,0.6147910952568054,386.69049072265625,316.1258544921875,17.941619873046875,44.87567138671875
1050,26,person,0,0.373642235994339,325.9007568359375,242.15011596679688,9.226043701171875,25.466964721679688
1050,23,person,0,0.620853066444397,311.18621826171875,252.60592651367188,12.071746826171875,35.08905029296875
1051,15,person,0,0.811906099319458,386.3406982421875,289.93109130859375,29.2611083984375,70.13798522949219
1051,8,person,0,0.6194326281547546,393.19171142578125,254.71910095214844,18.983306884765625,28.225494384765625
1051,11,person,0,0.8125921487808228,282.01251220703125,279.7850646972656,20.510406494140625,67.68025207519531
1051,22,bicycle,1,0.601397693157196,387.34759521484375,314.45831298828125,18.4959716796875,46.892120361328125
1051,23,person,0,0.5916824340820312,311.7745361328125,252.07333374023438,11.958160400390625,36.11053466796875
1052,15,person,0,0.8243263363838196,386.856689453125,289.4599609375,29.702850341796875,68.98481750488281
1052,8,person,0,0.6122768521308899,393.20147705078125,254.70068359375,19.121337890625,28.50103759765625
1052,11,person,0,0.7956500053405762,282.7256164550781,279.68780517578125,19.98797607421875,67.73861694335938
1052,22,bicycle,1,0.5734477043151855,387.4951171875,313.586669921875,19.50225830078125,47.082489013671875
1052,23,person,0,0.5878063440322876,311.9761047363281,251.7481689453125,11.77056884765625,35.999267578125
1053,15,person,0,0.8253045678138733,386.96051025390625,289.0583801269531,29.828887939453125,68.84211730957031
1053,8,person,0,0.6087687611579895,393.17193603515625,254.5579833984375,19.177154541015625,28.263778686523438
1053,11,person,0,0.8122588396072388,283.2718505859375,279.77984619140625,19.908172607421875,68.19102478027344
1053,22,bicycle,1,0.6090878248214722,387.3492126464844,314.79705810546875,19.2490234375,48.173980712890625
1053,23,person,0,0.5284193754196167,312.2196350097656,251.46456909179688,11.987548828125,36.49635314941406
1054,15,person,0,0.6895671486854553,386.8067626953125,287.4335021972656,29.969970703125,67.85491943359375
1054,8,person,0,0.38805726170539856,393.03570556640625,254.32162475585938,19.4644775390625,27.8939208984375
1054,11,person,0,0.8017549514770508,283.73077392578125,279.7083740234375,20.407684326171875,68.53805541992188
1054,22,bicycle,1,0.5904538631439209,386.9256896972656,314.82391357421875,18.2930908203125,48.665557861328125
1054,23,person,0,0.415202260017395,312.30340576171875,251.9949188232422,11.831329345703125,35.329132080078125
1055,15,person,0,0.7324092984199524,386.60089111328125,287.0523681640625,29.563140869140625,68.13386535644531
1055,8,person,0,0.46694862842559814,393.23388671875,253.95248413085938,19.8431396484375,27.29571533203125
1055,11,person,0,0.7858464121818542,285.0201416015625,279.41265869140625,20.921112060546875,67.50259399414062
1055,22,bicycle,1,0.6050540804862976,386.927001953125,313.9979248046875,18.422760009765625,50.730255126953125
1055,23,person,0,0.4654660224914551,312.1766357421875,252.1630859375,11.61090087890625,34.60490417480469
1056,15,person,0,0.8083115816116333,387.03546142578125,287.242431640625,30.462982177734375,67.69696044921875
1056,8,person,0,0.588083803653717,393.1200256347656,254.47576904296875,19.4952392578125,28.594833374023438
1056,11,person,0,0.7981587052345276,286.1341552734375,279.6335754394531,21.626556396484375,67.61344909667969
1056,22,bicycle,1,0.6437414884567261,386.1477355957031,313.13238525390625,16.7061767578125,48.806488037109375
1056,23,person,0,0.2749806344509125,312.09033203125,251.66665649414062,11.7666015625,34.18751525878906
1057,15,person,0,0.7733628153800964,386.8380126953125,287.62921142578125,30.10797119140625,67.58506774902344
1057,8,person,0,0.6076502203941345,393.1242370605469,254.28756713867188,19.192138671875,28.37921142578125
1057,11,person,0,0.7691852450370789,287.29071044921875,280.00750732421875,21.829742431640625,67.6484375
1057,22,bicycle,1,0.5838015079498291,385.6340026855469,312.97369384765625,14.97991943359375,47.27752685546875
1057,23,person,0,0.39708876609802246,311.8341064453125,252.00767517089844,11.485504150390625,35.789215087890625
1058,15,person,0,0.7145434021949768,386.53466796875,287.08984375,29.391571044921875,66.39442443847656
1058,8,person,0,0.47026553750038147,393.3224792480469,253.8910369873047,19.97161865234375,27.752105712890625
1058,11,person,0,0.8150717616081238,289.8492126464844,280.6329040527344,25.3709716796875,68.81794738769531
1058,22,bicycle,1,0.5692437887191772,385.4815979003906,312.23101806640625,14.90875244140625,48.6636962890625
1058,23,person,0,0.3748350739479065,312.023681640625,250.73138427734375,12.003662109375,37.55230712890625
1059,15,person,0,0.5974372625350952,386.89373779296875,287.39422607421875,29.607666015625,63.602874755859375
1059,8,person,0,0.4328511357307434,393.0713195800781,253.4175567626953,19.86505126953125,26.906646728515625
1059,11,person,0,0.8482853174209595,291.9101257324219,280.8912353515625,28.03265380859375,69.161376953125
1059,22,bicycle,1,0.45494651794433594,385.707275390625,310.8076171875,16.763214111328125,50.449798583984375
1059,23,person,0,0.3506285846233368,312.0386962890625,249.97557067871094,12.598876953125,36.118865966796875
1060,15,person,0,0.7261984944343567,387.1555480957031,288.37890625,29.2462158203125,67.53445434570312
1060,8,person,0,0.4883274435997009,393.2374572753906,252.98379516601562,19.50616455078125,26.230178833007812
1060,11,person,0,0.8330802321434021,293.5956726074219,281.3056640625,29.22344970703125,69.12907409667969
1060,22,bicycle,1,0.5434094667434692,386.65777587890625,310.47271728515625,17.892425537109375,49.574310302734375
1060,23,person,0,0.2715924084186554,311.86907958984375,249.49652099609375,12.59942626953125,35.013671875
1061,15,person,0,0.45856723189353943,387.62603759765625,288.2309875488281,29.096832275390625,66.32037353515625
1061,8,person,0,0.3953280448913574,393.2990417480469,252.34898376464844,19.3758544921875,25.244781494140625
1061,11,person,0,0.8463060855865479,294.87640380859375,281.6982727050781,30.05670166015625,69.33500671386719
1061,22,bicycle,1,0.47899243235588074,387.0557861328125,307.7895812988281,20.114471435546875,54.5411376953125
1061,23,person,0,0.26601237058639526,311.69195556640625,247.47775268554688,11.984466552734375,29.829879760742188
1062,15,person,0,0.5513017177581787,388.3442687988281,280.88177490234375,30.30633544921875,72.43551635742188
1062,8,person,0,0.2548445165157318,393.3250732421875,251.96148681640625,19.267669677734375,24.864242553710938
1062,11,person,0,0.8506590127944946,295.7540588378906,282.34735107421875,29.90252685546875,69.931396484375
1062,22,bicycle,1,0.5845873355865479,387.81396484375,305.2805480957031,23.039337158203125,58.52996826171875
1062,23,person,0,0.3541804552078247,311.4839172363281,247.54019165039062,11.61907958984375,27.982040405273438
1063,15,person,0,0.4080513119697571,388.59710693359375,283.3236083984375,29.3408203125,64.14924621582031
1063,8,person,0,0.4653565287590027,393.554931640625,252.07701110839844,19.235321044921875,25.802825927734375
1063,11,person,0,0.7950889468193054,296.09722900390625,282.9674987792969,29.62701416015625,70.61460876464844
1063,22,bicycle,1,0.4642309248447418,388.76611328125,305.7236633300781,23.472869873046875,56.31341552734375
1063,23,person,0,0.4250250458717346,311.5857238769531,249.94757080078125,12.4945068359375,32.53135681152344
1064,15,person,0,0.554339587688446,388.7216796875,285.3353271484375,28.438385009765625,65.10549926757812
1064,8,person,0,0.5683549642562866,393.8812255859375,251.65097045898438,18.929779052734375,25.58673095703125
1064,11,person,0,0.8267686367034912,296.7972106933594,283.3086853027344,30.32720947265625,71.4329833984375
1064,22,bicycle,1,0.6227943301200867,388.8646240234375,306.0932922363281,23.902679443359375,55.09503173828125
1064,23,person,0,0.5356094241142273,310.927734375,249.3617706298828,11.326202392578125,31.290252685546875
1065,15,person,0,0.7193851470947266,389.8543395996094,284.6781311035156,29.22442626953125,63.35661315917969
1065,8,person,0,0.5523576736450195,393.9713439941406,251.2067108154297,18.81842041015625,25.238128662109375
1065,11,person,0,0.8291283249855042,296.69189453125,282.98828125,29.019378662109375,71.44216918945312
1065,22,bicycle,1,0.649283766746521,389.82135009765625,305.25897216796875,24.709075927734375,55.144744873046875
1065,23,person,0,0.3490333557128906,310.32574462890625,248.4813232421875,10.321258544921875,29.909408569335938
1066,15,person,0,0.7041870951652527,390.55462646484375,283.19464111328125,29.257965087890625,60.59661865234375
1066,8,person,0,0.5031735301017761,394.30194091796875,251.1541290283203,18.836639404296875,25.162933349609375
1066,11,person,0,0.8355498313903809,296.2792053222656,282.900634765625,28.57940673828125,71.41831970214844
1066,22,bicycle,1,0.5444993376731873,391.3963623046875,306.583740234375,26.191436767578125,51.248687744140625
1066,23,person,0,0.23480290174484253,309.7952575683594,249.33395385742188,10.00146484375,29.987442016601562
1067,15,person,0,0.7404751777648926,391.5809326171875,285.1568298339844,30.153961181640625,64.59100341796875
1067,8,person,0,0.5998370051383972,394.6292724609375,251.08499145507812,18.63604736328125,25.825698852539062
1067,11,person,0,0.8457445502281189,296.7206726074219,282.85211181640625,28.3592529296875,71.15777587890625
1067,22,bicycle,1,0.5334054827690125,390.4407043457031,305.13037109375,24.61663818359375,52.05950927734375
1067,23,person,0,0.3320258557796478,309.4660949707031,249.4753875732422,9.84747314453125,29.105621337890625
1068,15,person,0,0.780131459236145,392.220947265625,285.3168640136719,30.32635498046875,67.44911193847656
1068,8,person,0,0.5781272649765015,394.945556640625,251.01535034179688,18.361083984375,25.987319946289062
1068,11,person,0,0.8363279104232788,297.13671875,282.40191650390625,27.513702392578125,71.78852844238281
1068,22,bicycle,1,0.5569109916687012,389.78936767578125,306.4438171386719,22.424652099609375,48.727294921875
1068,23,person,0,0.23508316278457642,309.235595703125,250.07742309570312,10.15838623046875,30.65313720703125
1069,15,person,0,0.7721353769302368,392.708984375,285.13348388671875,31.0120849609375,68.30372619628906
1069,8,person,0,0.6200472712516785,395.22906494140625,250.572021484375,18.358306884765625,25.4854736328125
1069,11,person,0,0.8230077028274536,297.9201354980469,282.1677551269531,26.10009765625,71.96238708496094
1069,22,bicycle,1,0.5643550157546997,389.4364013671875,307.36712646484375,19.662506103515625,47.293853759765625
1069,23,person,0,0.39155635237693787,308.54498291015625,249.53359985351562,10.104583740234375,30.741043090820312
1070,15,person,0,0.7540670037269592,392.56182861328125,285.03924560546875,29.927825927734375,68.45072937011719
1070,8,person,0,0.6458719372749329,395.46484375,250.26821899414062,18.260162353515625,24.92169189453125
1070,11,person,0,0.7423252463340759,299.0195007324219,282.53863525390625,24.484375,71.91287231445312
1070,22,bicycle,1,0.6119683980941772,389.70025634765625,306.7686767578125,19.046722412109375,46.312713623046875
1070,23,person,0,0.3143729865550995,308.8697509765625,249.89010620117188,11.052032470703125,31.969924926757812
1071,15,person,0,0.7572425603866577,392.857421875,285.44598388671875,30.083709716796875,69.06094360351562
1071,8,person,0,0.6676940321922302,395.63153076171875,249.82809448242188,17.898651123046875,24.858383178710938
1071,11,person,0,0.8038908839225769,301.0390319824219,282.5749206542969,24.16424560546875,71.47221374511719
1071,22,bicycle,1,0.5950132608413696,389.64306640625,305.4172668457031,18.5391845703125,44.9332275390625
1071,23,person,0,0.17324338853359222,308.7685241699219,246.156494140625,12.0955810546875,28.216934204101562
1072,15,person,0,0.7638235688209534,392.474609375,285.29974365234375,28.557220458984375,68.70698547363281
1072,8,person,0,0.6642777323722839,395.8200378417969,249.6391143798828,17.345703125,25.052764892578125
1072,11,person,0,0.8298144936561584,301.95062255859375,282.33013916015625,23.42047119140625,71.29415893554688
1072,22,bicycle,1,0.6199135780334473,389.65582275390625,305.0763854980469,18.340972900390625,44.62017822265625
1073,15,person,0,0.7682638764381409,393.0851745605469,285.1539611816406,29.81329345703125,68.61468505859375
1073,8,person,0,0.6295541524887085,396.18109130859375,249.181396484375,17.427032470703125,25.47430419921875
1073,11,person,0,0.8293142914772034,302.30328369140625,282.626708984375,22.885009765625,71.68862915039062
1073,22,bicycle,1,0.6732715964317322,389.4781494140625,304.0797119140625,18.918731689453125,45.66790771484375
1074,15,person,0,0.7658050060272217,392.85589599609375,285.52886962890625,29.4447021484375,68.42713928222656
1074,8,person,0,0.5153933763504028,396.36859130859375,249.7150421142578,17.462493896484375,28.784515380859375
1074,11,person,0,0.8454437851905823,302.7439270019531,283.6732177734375,22.83868408203125,72.37493896484375
1074,22,bicycle,1,0.5540642738342285,389.2554626464844,303.70318603515625,20.008544921875,45.038055419921875
1075,15,person,0,0.7697919607162476,392.8998107910156,285.5298767089844,29.16607666015625,68.02099609375
1075,8,person,0,0.4991874694824219,396.55181884765625,248.79901123046875,17.391815185546875,28.102340698242188
1075,11,person,0,0.8360180854797363,303.63519287109375,284.226806640625,23.43243408203125,73.2933349609375
1075,22,bicycle,1,0.7040557861328125,389.33184814453125,303.785400390625,19.662506103515625,44.203521728515625
1076,15,person,0,0.7614530920982361,392.66595458984375,284.8526916503906,29.219482421875,67.37022399902344
1076,8,person,0,0.47958746552467346,396.6824035644531,249.17584228515625,17.3883056640625,29.600204467773438
1076,11,person,0,0.8266889452934265,304.7798767089844,284.40802001953125,23.81439208984375,73.65849304199219
1076,22,bicycle,1,0.5043593645095825,389.9354248046875,303.79632568359375,19.229278564453125,44.313873291015625
1077,15,person,0,0.7764215469360352,392.303466796875,283.9310302734375,29.026336669921875,67.89384460449219
1077,8,person,0,0.4786281883716583,397.0047607421875,250.38156127929688,17.711334228515625,32.06425476074219
1077,11,person,0,0.8439486026763916,305.83038330078125,284.581787109375,24.290191650390625,74.45547485351562
1077,22,bicycle,1,0.5233784914016724,390.9951171875,301.4749755859375,17.814239501953125,40.897674560546875
1078,15,person,0,0.779294490814209,392.02703857421875,283.19195556640625,28.77972412109375,67.41793823242188
1078,8,person,0,0.508688747882843,397.4084167480469,250.68563842773438,18.0745849609375,33.36279296875
1078,11,person,0,0.8579296469688416,306.8099060058594,284.51251220703125,24.96380615234375,74.1590576171875
1078,22,bicycle,1,0.5793423056602478,392.1396484375,302.29815673828125,17.920196533203125,41.916290283203125
1079,15,person,0,0.7345457673072815,391.4296569824219,279.70050048828125,27.48095703125,60.459259033203125
1079,8,person,0,0.5303569436073303,397.8895263671875,251.05947875976562,18.646270751953125,34.57200622558594
1079,11,person,0,0.8402833938598633,307.5928955078125,285.3989562988281,25.778228759765625,75.41426086425781
1079,22,bicycle,1,0.562123715877533,394.2183837890625,301.7701721191406,20.659698486328125,43.50799560546875
1080,15,person,0,0.7269313335418701,390.9180908203125,277.1868896484375,26.48480224609375,57.128509521484375
1080,8,person,0,0.5719575881958008,398.15216064453125,250.53134155273438,18.789947509765625,33.68482971191406
1080,11,person,0,0.8411160111427307,308.28778076171875,286.3114929199219,26.065582275390625,75.88917541503906
1080,22,bicycle,1,0.5701990127563477,394.604248046875,300.36956787109375,21.383514404296875,45.75146484375
1081,15,person,0,0.7397332191467285,390.6103515625,276.63421630859375,26.192169189453125,56.5484619140625
1081,8,person,0,0.5188747048377991,398.26983642578125,250.68270874023438,19.114471435546875,34.23332214355469
1081,11,person,0,0.8437778353691101,309.3344421386719,287.3958740234375,26.35052490234375,75.46940612792969
1081,22,bicycle,1,0.5273022651672363,394.3714294433594,299.98333740234375,20.95806884765625,44.7369384765625
1082,15,person,0,0.7063658833503723,390.1729736328125,277.81512451171875,26.092010498046875,58.542877197265625
1082,8,person,0,0.43527546525001526,398.1929931640625,249.45436096191406,19.007537841796875,31.968231201171875
1082,11,person,0,0.8404214382171631,310.45916748046875,287.7195739746094,25.783172607421875,76.04054260253906
1082,22,bicycle,1,0.48954567313194275,392.79022216796875,299.4522705078125,23.486053466796875,43.86419677734375
1083,15,person,0,0.6668685078620911,389.7700500488281,279.3197021484375,26.38092041015625,60.584625244140625
1083,8,person,0,0.3803212344646454,398.04559326171875,248.24285888671875,19.02960205078125,29.55865478515625
1083,11,person,0,0.8324254155158997,310.39862060546875,288.1189270019531,24.531341552734375,75.94102478027344
1083,22,bicycle,1,0.4673541188240051,392.05621337890625,299.56597900390625,23.15716552734375,43.620758056640625
1084,15,person,0,0.5909408330917358,389.3306884765625,280.43878173828125,26.375762939453125,59.329620361328125
1084,8,person,0,0.22804608941078186,398.0877685546875,246.97592163085938,19.042633056640625,27.20867919921875
1084,11,person,0,0.8365349173545837,310.5456848144531,287.52972412109375,23.91986083984375,77.25228881835938
1084,22,bicycle,1,0.4764726161956787,391.0989990234375,297.3166198730469,24.655059814453125,41.5784912109375
1085,15,person,0,0.600760817527771,388.07415771484375,280.63153076171875,26.63104248046875,59.78997802734375
1085,8,person,0,0.4408054053783417,398.0118408203125,248.69732666015625,19.16119384765625,30.626358032226562
1085,11,person,0,0.8502964973449707,311.8999328613281,287.5089111328125,24.5054931640625,76.5972900390625
1085,22,bicycle,1,0.5569526553153992,389.6483154296875,294.173095703125,24.948638916015625,40.9227294921875
1086,15,person,0,0.5032162070274353,386.9779357910156,277.19525146484375,26.26141357421875,51.586822509765625
1086,8,person,0,0.653701663017273,397.8492736816406,258.34307861328125,19.770751953125,50.041534423828125
1086,11,person,0,0.8428080677986145,312.43505859375,287.4786071777344,24.634368896484375,76.37202453613281
1086,22,bicycle,1,0.5753047466278076,388.1980895996094,290.3653564453125,25.99359130859375,46.751495361328125
1087,15,person,0,0.3878200352191925,386.3291931152344,281.54754638671875,26.843017578125,54.666534423828125
1087,8,person,0,0.7200611233711243,397.94384765625,262.09503173828125,20.005096435546875,57.888427734375
1087,11,person,0,0.8383564352989197,313.1353759765625,287.497802734375,24.491668701171875,76.04570007324219
1087,22,bicycle,1,0.4743070602416992,387.3890380859375,287.24774169921875,26.969757080078125,54.312713623046875
1088,15,person,0,0.38414305448532104,384.8733215332031,282.667724609375,26.5218505859375,54.148284912109375
1088,8,person,0,0.7244920134544373,397.943115234375,263.8583679199219,20.17510986328125,61.50166320800781
1088,11,person,0,0.8087033033370972,313.72027587890625,287.593994140625,23.681488037109375,75.98838806152344
1088,22,bicycle,1,0.33016616106033325,385.61669921875,290.47479248046875,25.613922119140625,43.567779541015625
1089,15,person,0,0.6860661506652832,383.0869140625,278.66217041015625,27.050811767578125,47.78643798828125
1089,8,person,0,0.7005549669265747,397.86505126953125,264.52142333984375,20.2183837890625,62.86151123046875
1089,11,person,0,0.8465129137039185,314.4144287109375,287.59625244140625,24.364959716796875,75.75129699707031
1089,22,bicycle,1,0.5740049481391907,384.509033203125,292.9385070800781,26.415740966796875,38.90765380859375
1089,23,person,0,0.5205127000808716,309.9516906738281,238.82095336914062,10.79071044921875,22.533309936523438
1090,15,person,0,0.7156158089637756,381.92889404296875,276.9972229003906,27.3663330078125,45.743896484375
1090,8,person,0,0.7228075861930847,397.9172668457031,264.4513244628906,20.19061279296875,62.74510192871094
1090,11,person,0,0.8226757049560547,315.12103271484375,287.04132080078125,25.065155029296875,74.99006652832031
1090,22,bicycle,1,0.6677708625793457,383.49755859375,295.21929931640625,28.057952880859375,40.20220947265625
1090,23,person,0,0.4425269365310669,310.1651611328125,239.01370239257812,10.030731201171875,23.094253540039062
1091,15,person,0,0.7271588444709778,380.443603515625,276.1199951171875,27.704345703125,43.610504150390625
1091,8,person,0,0.7018812298774719,398.2256774902344,264.587890625,19.97344970703125,63.16851806640625
1091,11,person,0,0.8097633123397827,315.44415283203125,286.8441467285156,25.859039306640625,75.287353515625
1091,22,bicycle,1,0.7612144947052002,382.0406494140625,296.3853454589844,29.827423095703125,39.346435546875
1091,23,person,0,0.33728283643722534,310.0656433105469,239.43374633789062,9.66339111328125,24.042129516601562
1092,15,person,0,0.744979739189148,378.88177490234375,275.7867431640625,27.310943603515625,41.927154541015625
1092,8,person,0,0.7081438302993774,398.453125,264.4549560546875,20.062744140625,63.03648376464844
1092,11,person,0,0.8245737552642822,316.3191223144531,287.0648193359375,25.90673828125,74.95370483398438
1092,22,bicycle,1,0.7529181241989136,380.3955993652344,296.706787109375,31.19976806640625,38.675018310546875
1092,23,person,0,0.43771469593048096,310.0854797363281,239.57386779785156,9.23486328125,24.2918701171875
1093,15,person,0,0.7530383467674255,376.68817138671875,275.8858337402344,27.565399169921875,41.79576110839844
1093,8,person,0,0.7353717088699341,398.37078857421875,264.0581970214844,20.075714111328125,61.77763366699219
1093,11,person,0,0.8067579865455627,317.6964111328125,287.43463134765625,27.586517333984375,75.20674133300781
1093,22,bicycle,1,0.7941893935203552,379.15435791015625,295.9151611328125,32.811065673828125,40.032684326171875
1093,23,person,0,0.3259360194206238,310.16717529296875,239.7113037109375,9.091705322265625,24.441314697265625
1094,15,person,0,0.7911248803138733,375.6339111328125,276.5302734375,28.66644287109375,44.007720947265625
1094,8,person,0,0.7362704277038574,398.1296691894531,264.4446105957031,19.7520751953125,62.0533447265625
1094,11,person,0,0.8357200026512146,320.3295593261719,287.5130615234375,29.33087158203125,76.87969970703125
1094,22,bicycle,1,0.7927716970443726,377.86920166015625,295.5315246582031,34.512176513671875,40.11322021484375
1094,23,person,0,0.43649208545684814,310.22613525390625,240.51895141601562,9.24298095703125,25.859756469726562
1094,26,person,0,0.5298652052879333,301.7928771972656,253.34823608398438,10.21331787109375,35.63905334472656
1095,15,person,0,0.8132896423339844,374.4299621582031,276.8162841796875,29.53924560546875,44.78584289550781
1095,8,person,0,0.7572557330131531,398.3216552734375,263.2003479003906,19.40435791015625,59.80010986328125
1095,11,person,0,0.8481127023696899,322.0430908203125,288.2255554199219,30.17742919921875,76.80711364746094
1095,22,bicycle,1,0.8179225325584412,376.693115234375,295.37994384765625,35.800872802734375,38.878509521484375
1095,23,person,0,0.4382781982421875,310.23272705078125,240.7825164794922,9.29193115234375,26.466278076171875
1095,26,person,0,0.46213725209236145,301.379638671875,253.33773803710938,10.288482666015625,35.90184020996094
1096,15,person,0,0.8083451390266418,372.87103271484375,276.35540771484375,29.297515869140625,44.2830810546875
1096,8,person,0,0.7545750141143799,398.31134033203125,262.46038818359375,19.189239501953125,58.303192138671875
1096,11,person,0,0.847050666809082,323.3837890625,288.7918701171875,30.4656982421875,78.06254577636719
1096,22,bicycle,1,0.8058838844299316,375.1810302734375,295.316162109375,36.9796142578125,38.291595458984375
1096,23,person,0,0.2771551311016083,309.9595642089844,240.70468139648438,9.53790283203125,26.412185668945312
1096,26,person,0,0.2819293737411499,298.6422119140625,253.6590576171875,15.021270751953125,34.78648376464844
1097,15,person,0,0.7874385714530945,371.29107666015625,275.88262939453125,29.712127685546875,44.443328857421875
1097,8,person,0,0.7610076069831848,397.96453857421875,263.061279296875,19.205780029296875,59.425140380859375
1097,11,person,0,0.8635933995246887,324.19140625,289.183349609375,30.375274658203125,79.28933715820312
1097,22,bicycle,1,0.8075243830680847,373.4971923828125,295.2414855957031,38.093658447265625,37.75677490234375
1097,23,person,0,0.260940283536911,309.830322265625,240.9046173095703,9.8277587890625,26.32513427734375
1097,26,person,0,0.34296154975891113,299.56005859375,251.84368896484375,12.482208251953125,32.48866271972656
1098,15,person,0,0.7862957715988159,369.47943115234375,276.4775085449219,30.239166259765625,46.66999816894531
1098,8,person,0,0.7224550843238831,397.83355712890625,262.7054443359375,19.424835205078125,59.012359619140625
1098,11,person,0,0.8598171472549438,324.1214294433594,289.322509765625,29.3721923828125,81.08914184570312
1098,22,bicycle,1,0.8052404522895813,371.90350341796875,295.1861267089844,39.616241455078125,37.32855224609375
1098,23,person,0,0.5490595698356628,309.93902587890625,240.9791259765625,9.552154541015625,26.80059814453125
1098,26,person,0,0.6374831795692444,300.0042724609375,250.11062622070312,11.71588134765625,33.94923400878906
1099,15,person,0,0.7811022996902466,367.99456787109375,276.7099304199219,30.549163818359375,47.80818176269531
1099,8,person,0,0.7231723666191101,397.74920654296875,262.0335693359375,19.590118408203125,57.86663818359375
1099,11,person,0,0.8339670896530151,323.920166015625,290.2374267578125,27.658843994140625,81.57383728027344
1099,22,bicycle,1,0.8136451840400696,370.16522216796875,294.63818359375,41.108642578125,37.877899169921875
1099,23,person,0,0.5856954455375671,309.9263916015625,241.15896606445312,9.702911376953125,27.370895385742188
1099,26,person,0,0.691933810710907,300.2222900390625,249.387939453125,10.934967041015625,34.16265869140625
1100,15,person,0,0.796177327632904,366.23486328125,275.89459228515625,30.178741455078125,47.596771240234375
1100,8,person,0,0.7331351637840271,397.76287841796875,261.60784912109375,19.80645751953125,57.10331726074219
1100,11,person,0,0.8412485122680664,324.040771484375,290.92730712890625,26.540130615234375,79.50656127929688
1100,22,bicycle,1,0.7982237935066223,368.33758544921875,294.11114501953125,42.26861572265625,38.023651123046875
1100,23,person,0,0.6264533996582031,309.62249755859375,241.66534423828125,9.41717529296875,27.585540771484375
1100,26,person,0,0.6928871870040894,300.12738037109375,250.1762237548828,10.532196044921875,36.531158447265625
1101,15,person,0,0.7962937355041504,364.4574279785156,275.99072265625,30.435546875,48.2042236328125
1101,8,person,0,0.6953693628311157,397.81890869140625,261.4877014160156,19.76177978515625,57.05535888671875
1101,11,person,0,0.8523298501968384,324.11737060546875,291.349853515625,26.377166748046875,77.99581909179688
1101,22,bicycle,1,0.7869014143943787,366.4526672363281,294.1875,42.94073486328125,37.5784912109375
1101,23,person,0,0.5904072523117065,309.32666015625,241.71975708007812,9.40521240234375,26.889144897460938
1101,26,person,0,0.7160123586654663,299.8006591796875,250.49725341796875,10.554962158203125,37.36241149902344
1102,15,person,0,0.7933282256126404,362.2799072265625,276.2469482421875,30.465728759765625,49.55419921875
1102,8,person,0,0.6898796558380127,397.87921142578125,260.79376220703125,19.474365234375,55.8377685546875
1102,11,person,0,0.8686570525169373,324.66748046875,291.5134582519531,26.10418701171875,77.57452392578125
1102,22,bicycle,1,0.8376432657241821,364.7532958984375,294.09625244140625,43.898590087890625,36.081573486328125
1102,23,person,0,0.47920724749565125,309.01190185546875,241.97879028320312,9.32666015625,26.646133422851562
1102,26,person,0,0.7349672913551331,299.57763671875,250.74966430664062,10.40411376953125,37.70654296875
1103,15,person,0,0.7838395237922668,360.5505676269531,275.33892822265625,30.56671142578125,48.170989990234375
1103,8,person,0,0.7381525635719299,397.85870361328125,260.2698669433594,19.199493408203125,54.87811279296875
1103,11,person,0,0.8538398742675781,325.2899475097656,291.42340087890625,26.1712646484375,77.99392700195312
1103,22,bicycle,1,0.8324152231216431,362.71575927734375,294.03021240234375,45.886505126953125,35.405059814453125
1103,23,person,0,0.5194206237792969,308.514404296875,242.36773681640625,9.171630859375,26.634811401367188
1103,26,person,0,0.6958795785903931,299.35467529296875,250.9369659423828,10.402587890625,38.383819580078125
1104,15,person,0,0.743333637714386,358.7127685546875,275.72918701171875,30.659820556640625,48.99229431152344
1104,8,person,0,0.7512837052345276,397.8709716796875,260.2795104980469,18.927520751953125,54.90538024902344
1104,11,person,0,0.8357678055763245,326.392822265625,290.8780517578125,25.40087890625,78.96707153320312
1104,22,bicycle,1,0.8158378005027771,361.1356201171875,294.066650390625,46.437713623046875,34.961273193359375
1104,23,person,0,0.2502923011779785,308.2304992675781,242.31167602539062,9.30462646484375,25.927825927734375
1104,26,person,0,0.7014583349227905,299.0010986328125,251.06570434570312,10.595062255859375,38.09259033203125
1105,15,person,0,0.8132438063621521,357.18994140625,274.76715087890625,30.844879150390625,46.93782043457031
1105,8,person,0,0.7959769368171692,397.82354736328125,260.5921325683594,18.817047119140625,55.42027282714844
1105,11,person,0,0.8387896418571472,327.64410400390625,290.9649353027344,25.131866455078125,78.54132080078125
1105,22,bicycle,1,0.8337039947509766,360.25128173828125,293.647216796875,45.375579833984375,35.590972900390625
1105,26,person,0,0.3142201602458954,298.75848388671875,251.11669921875,10.0975341796875,37.66358947753906
1106,15,person,0,0.8033396601676941,355.94256591796875,273.810302734375,30.5513916015625,45.99592590332031
1106,8,person,0,0.778302788734436,397.81671142578125,261.07470703125,18.722198486328125,56.30805969238281
1106,11,person,0,0.8579503893852234,328.6540222167969,290.6797180175781,25.06634521484375,79.25389099121094
1106,22,bicycle,1,0.8117185831069946,359.25537109375,293.48150634765625,43.374603271484375,35.212249755859375
1106,26,person,0,0.6617649793624878,299.0680236816406,251.24803161621094,11.4197998046875,37.804107666015625
1107,15,person,0,0.779478132724762,354.55780029296875,272.9095764160156,31.478790283203125,43.9552001953125
1107,8,person,0,0.7802664041519165,397.7784118652344,261.37615966796875,18.8798828125,56.830902099609375
1107,11,person,0,0.8585500121116638,329.9760437011719,290.7983703613281,26.1893310546875,79.47770690917969
1107,22,bicycle,1,0.7843687534332275,358.51702880859375,293.64093017578125,41.886474609375,34.519500732421875
1107,26,person,0,0.6615625619888306,299.1286315917969,251.2404022216797,12.64501953125,38.801116943359375
1108,15,person,0,0.7488309741020203,352.50799560546875,272.48468017578125,31.993255615234375,44.946746826171875
1108,8,person,0,0.7802408933639526,397.9609375,261.5242614746094,18.972259521484375,57.03288269042969
1108,11,person,0,0.8636640310287476,330.81292724609375,290.99945068359375,27.166229248046875,80.95439147949219
1108,22,bicycle,1,0.787833034992218,357.6928405761719,293.84814453125,40.067626953125,33.816131591796875
1108,26,person,0,0.6239568591117859,299.25201416015625,251.28173828125,13.633270263671875,39.56016540527344
1109,15,person,0,0.680129885673523,351.5068054199219,272.1039733886719,30.0946044921875,42.35108947753906
1109,8,person,0,0.7741411328315735,398.1065673828125,261.8126525878906,19.075775146484375,57.66656494140625
1109,11,person,0,0.8582135438919067,331.25701904296875,292.10430908203125,27.65008544921875,82.06814575195312
1109,22,bicycle,1,0.6982874274253845,356.9480895996094,292.43341064453125,38.2874755859375,35.430328369140625
1109,26,person,0,0.6118084192276001,298.8626708984375,251.2837371826172,14.531158447265625,39.928253173828125
1110,15,person,0,0.5773591995239258,349.7919921875,272.52203369140625,28.561676025390625,42.356475830078125
1110,8,person,0,0.788264811038971,398.1107482910156,261.92425537109375,18.9427490234375,57.88861083984375
1110,11,person,0,0.8725266456604004,331.71331787109375,292.3016662597656,28.241790771484375,81.92787170410156
1110,22,bicycle,1,0.7359468340873718,356.08599853515625,292.69378662109375,37.37567138671875,34.47491455078125
1110,26,person,0,0.45784515142440796,298.20733642578125,251.1335906982422,14.93572998046875,38.897613525390625
1111,15,person,0,0.3660755753517151,348.85821533203125,274.3055419921875,25.85711669921875,44.703338623046875
1111,8,person,0,0.7787595391273499,398.19952392578125,262.20819091796875,18.905792236328125,58.46296691894531
1111,11,person,0,0.8688634634017944,332.80059814453125,293.0479736328125,30.410125732421875,84.18600463867188
1111,22,bicycle,1,0.5623262524604797,355.66864013671875,292.07366943359375,34.80047607421875,35.611968994140625
1111,26,person,0,0.6723037362098694,297.48260498046875,251.6331787109375,15.575958251953125,38.65467834472656
1112,8,person,0,0.7788570523262024,398.252685546875,261.9768371582031,18.878631591796875,58.09521484375
1112,11,person,0,0.8685968518257141,333.7109375,293.4394226074219,32.594146728515625,84.14714050292969
1112,22,bicycle,1,0.38679060339927673,353.51348876953125,292.335693359375,35.894439697265625,35.14422607421875
1112,26,person,0,0.6470804810523987,297.04693603515625,251.86785888671875,14.78204345703125,38.4569091796875
1113,8,person,0,0.7779008150100708,398.2344970703125,262.1831359863281,18.693084716796875,58.287353515625
1113,11,person,0,0.8512994647026062,334.1697692871094,294.088623046875,33.193115234375,83.88114929199219
1113,22,bicycle,1,0.4743213355541229,355.2149658203125,294.1103210449219,29.482391357421875,30.15435791015625
1113,26,person,0,0.7085005640983582,296.495849609375,252.03549194335938,16.071014404296875,38.39122009277344
1114,8,person,0,0.7782866954803467,398.4259033203125,262.1355895996094,18.673980712890625,57.86729431152344
1114,11,person,0,0.8426209092140198,335.1722106933594,294.84912109375,32.8402099609375,83.5982666015625
1114,22,bicycle,1,0.5305089354515076,343.6851501464844,289.29876708984375,47.98388671875,34.98101806640625
1114,26,person,0,0.6546536087989807,295.66162109375,252.32666015625,15.763824462890625,37.97865295410156
1115,8,person,0,0.7843913435935974,398.6163635253906,262.38543701171875,18.59283447265625,58.140472412109375
1115,11,person,0,0.8509929776191711,335.6192626953125,295.85211181640625,34.772064208984375,84.66290283203125
1115,22,bicycle,1,0.5819978713989258,339.3465270996094,287.51593017578125,52.89569091796875,37.753509521484375
1115,26,person,0,0.5921282172203064,294.9953308105469,252.3190460205078,14.6981201171875,37.710357666015625
1116,8,person,0,0.7798818945884705,398.7833251953125,262.548095703125,18.496185302734375,58.388763427734375
1116,11,person,0,0.8325375914573669,335.47088623046875,295.7422180175781,35.478759765625,83.45991516113281
1116,22,bicycle,1,0.6015448570251465,336.5133056640625,286.8037414550781,56.008270263671875,38.55963134765625
1116,26,person,0,0.6135285496711731,293.9202880859375,252.4008331298828,14.650848388671875,37.598785400390625
1117,8,person,0,0.7645881175994873,399.04888916015625,262.3434753417969,18.757476806640625,57.73728942871094
1117,11,person,0,0.8239171504974365,335.82659912109375,295.4836730957031,34.563629150390625,83.15827941894531
1117,22,bicycle,1,0.5619900822639465,334.22412109375,287.4736328125,57.631561279296875,36.556854248046875
1117,26,person,0,0.6420323848724365,293.30792236328125,252.83059692382812,14.578338623046875,36.48536682128906
1118,8,person,0,0.7471281886100769,399.1756591796875,262.0439147949219,18.86004638671875,57.05921936035156
1118,11,person,0,0.7810400724411011,336.83453369140625,295.5828857421875,33.50396728515625,83.65963745117188
1118,22,bicycle,1,0.4871065616607666,331.9835205078125,288.71417236328125,57.800048828125,33.544647216796875
1118,26,person,0,0.6757717132568359,292.404541015625,252.91452026367188,14.068145751953125,35.92333984375
1118,23,person,0,0.7154865264892578,304.916259765625,244.64707946777344,12.068634033203125,31.483367919921875
1119,8,person,0,0.7497373223304749,399.31329345703125,262.37762451171875,18.854461669921875,57.670318603515625
1119,11,person,0,0.7445462942123413,338.4658203125,295.9519958496094,31.1920166015625,84.52000427246094
1119,22,bicycle,1,0.5258498787879944,329.27362060546875,288.58721923828125,57.008209228515625,34.527984619140625
1119,26,person,0,0.6417657732963562,291.845947265625,252.73944091796875,14.031768798828125,35.62828063964844
1119,23,person,0,0.6757397055625916,304.7588195800781,244.85040283203125,12.2720947265625,31.834701538085938
1120,8,person,0,0.7277536988258362,399.31805419921875,262.175537109375,18.758758544921875,57.284637451171875
1120,11,person,0,0.8414248824119568,339.26776123046875,295.2389221191406,31.210601806640625,83.9261474609375
1120,22,bicycle,1,0.5312459468841553,317.1070556640625,288.607421875,37.090179443359375,34.150054931640625
1120,26,person,0,0.6921865940093994,291.213623046875,252.72637939453125,13.334564208984375,34.96952819824219
1120,23,person,0,0.4940093159675598,304.6797790527344,244.82992553710938,12.3292236328125,32.27516174316406
1121,8,person,0,0.7205485701560974,399.3482666015625,261.40264892578125,18.453521728515625,55.59202575683594
1121,11,person,0,0.8919408917427063,340.2103271484375,294.87750244140625,31.652069091796875,83.53596496582031
1121,22,bicycle,1,0.7688286304473877,311.9468994140625,288.4351806640625,30.405517578125,34.405487060546875
1121,26,person,0,0.7178577184677124,290.46636962890625,252.64013671875,12.8956298828125,35.77394104003906
1121,23,person,0,0.3787083327770233,304.773681640625,244.98605346679688,12.560882568359375,32.3470458984375
1122,8,person,0,0.7240242958068848,399.3540344238281,260.87286376953125,18.36260986328125,54.90657043457031
1122,11,person,0,0.8821734189987183,340.62322998046875,294.66143798828125,31.327972412109375,83.52609252929688
1122,22,bicycle,1,0.705635666847229,310.8428649902344,288.1194763183594,31.69744873046875,34.74969482421875
1122,26,person,0,0.7482892274856567,290.0960388183594,252.61419677734375,12.7481689453125,36.10017395019531
1122,23,person,0,0.5021989345550537,305.29510498046875,247.71932983398438,13.034515380859375,36.1175537109375
1123,8,person,0,0.7104317545890808,399.3624267578125,260.2178955078125,18.23785400390625,53.646514892578125
1123,11,person,0,0.8689318299293518,341.3694152832031,294.7307434082031,30.72271728515625,83.29823303222656
1123,22,bicycle,1,0.6782507300376892,310.16015625,288.00347900390625,34.202484130859375,35.324981689453125
1123,26,person,0,0.7558687925338745,290.00079345703125,252.5726318359375,12.244140625,35.76991271972656
1123,23,person,0,0.46507784724235535,305.26776123046875,246.85031127929688,12.156463623046875,34.63139343261719
1124,8,person,0,0.7133417129516602,399.2337951660156,260.1168212890625,17.8193359375,53.4617919921875
1124,11,person,0,0.8991146087646484,341.88970947265625,295.0591125488281,30.658416748046875,82.92863464355469
1124,22,bicycle,1,0.8491883873939514,310.1325988769531,288.25323486328125,38.76611328125,35.73150634765625
1124,26,person,0,0.7591298222541809,290.15960693359375,252.2139892578125,11.858306884765625,36.30552673339844
1124,23,person,0,0.521849513053894,305.333984375,246.75416564941406,11.850189208984375,32.550018310546875
1125,8,person,0,0.7196242213249207,399.19561767578125,260.5196838378906,17.664337158203125,54.3765869140625
1125,11,person,0,0.8792253136634827,342.6365661621094,295.6366882324219,29.9639892578125,83.67918395996094
1125,22,bicycle,1,0.8665027618408203,310.23681640625,288.53692626953125,43.061614990234375,35.796234130859375
1125,26,person,0,0.7167298793792725,290.201416015625,252.47410583496094,10.989105224609375,35.856658935546875
1125,23,person,0,0.38059288263320923,305.8973388671875,245.20703125,11.260345458984375,30.465133666992188
1125,15,person,0,0.7867252230644226,317.60107421875,272.4642028808594,31.2178955078125,45.70018005371094
1126,8,person,0,0.7428722977638245,399.2233581542969,261.860595703125,17.67401123046875,56.93339538574219
1126,11,person,0,0.8658940196037292,343.33294677734375,295.9642028808594,29.243927001953125,84.9052734375
1126,22,bicycle,1,0.8711976408958435,309.9168701171875,288.9032897949219,46.401824951171875,35.73309326171875
1126,26,person,0,0.6870940923690796,290.1128845214844,252.56626892089844,10.60595703125,35.752227783203125
1126,23,person,0,0.43366941809654236,306.3687744140625,245.33889770507812,11.06268310546875,31.781982421875
1126,15,person,0,0.6804090142250061,316.6269226074219,273.36578369140625,31.4456787109375,42.393463134765625
1127,8,person,0,0.7399167418479919,399.1329345703125,262.90386962890625,17.375579833984375,58.62408447265625
1127,11,person,0,0.8525357246398926,344.26171875,296.3482666015625,29.770904541015625,85.6259765625
1127,22,bicycle,1,0.8596011996269226,309.11639404296875,288.96673583984375,49.27459716796875,36.1875
1127,26,person,0,0.5991895198822021,289.8876037597656,252.89694213867188,10.28662109375,36.17353820800781
1127,23,person,0,0.5522767901420593,306.5993957519531,244.55715942382812,11.52667236328125,28.98870849609375
1127,15,person,0,0.7021733522415161,315.41778564453125,274.6711730957031,31.651153564453125,44.53730773925781
1128,8,person,0,0.7400419116020203,399.23480224609375,263.1551513671875,17.442901611328125,59.232086181640625
1128,11,person,0,0.8513649702072144,345.37725830078125,296.9399108886719,29.929290771484375,86.35386657714844
1128,22,bicycle,1,0.835854709148407,308.2348327636719,289.268310546875,51.99468994140625,36.10272216796875
1128,26,person,0,0.5761619210243225,289.64276123046875,252.88754272460938,10.375274658203125,36.06547546386719
1128,23,person,0,0.35124942660331726,307.02545166015625,243.12289428710938,12.186798095703125,26.968185424804688
1128,15,person,0,0.62837153673172,314.58587646484375,274.97369384765625,30.24212646484375,48.22938537597656
1129,8,person,0,0.7481349110603333,399.30194091796875,263.1226501464844,17.935150146484375,59.23381042480469
1129,11,person,0,0.8488606214523315,347.6794128417969,297.2090148925781,32.2642822265625,86.78913879394531
1129,22,bicycle,1,0.795764148235321,307.6124267578125,289.39996337890625,55.11895751953125,36.455841064453125
1129,15,person,0,0.7346147894859314,313.98858642578125,272.74493408203125,27.323089599609375,46.168914794921875
1130,8,person,0,0.7301315069198608,399.1177673339844,263.1610107421875,18.129638671875,59.08747863769531
1130,11,person,0,0.8687033653259277,349.40704345703125,297.5995788574219,33.547637939453125,86.51918029785156
1130,22,bicycle,1,0.8268117308616638,307.1513671875,289.45758056640625,57.605712890625,36.494110107421875
1130,15,person,0,0.6395283341407776,312.2901611328125,272.5924072265625,27.0357666015625,46.007354736328125
1131,8,person,0,0.7279567122459412,398.78228759765625,263.6295471191406,17.718231201171875,58.65834045410156
1131,11,person,0,0.8892263174057007,351.19500732421875,298.35791015625,34.887054443359375,86.26535034179688
1131,22,bicycle,1,0.8426809310913086,306.26593017578125,289.85504150390625,59.035064697265625,35.560577392578125
1131,15,person,0,0.6323486566543579,307.6275939941406,273.0199279785156,31.587890625,43.4813232421875
1132,8,person,0,0.7448444962501526,398.8843994140625,263.6973876953125,18.178863525390625,57.9537353515625
1132,11,person,0,0.8878231644630432,352.597412109375,299.040771484375,35.365081787109375,85.9033203125
1132,22,bicycle,1,0.8570881485939026,304.688720703125,290.071044921875,59.055511474609375,35.1524658203125
1132,15,person,0,0.715444803237915,304.88702392578125,273.6145324707031,33.343719482421875,46.17530822753906
1133,8,person,0,0.7568331956863403,398.7718505859375,263.7895812988281,18.714813232421875,58.15557861328125
1133,11,person,0,0.8853488564491272,353.3828125,299.7159423828125,35.475372314453125,86.37973022460938
1133,22,bicycle,1,0.848597526550293,302.9736328125,289.8409423828125,59.098388671875,35.842437744140625
1133,15,person,0,0.727557361125946,302.77911376953125,274.1884765625,33.894073486328125,45.79286193847656
1134,8,person,0,0.7523055672645569,398.66534423828125,263.67205810546875,19.126007080078125,58.17204284667969
1134,11,person,0,0.8909875154495239,353.75042724609375,300.46514892578125,34.673309326171875,87.466796875
1134,22,bicycle,1,0.8573829531669617,301.1552429199219,290.11993408203125,58.80181884765625,36.03326416015625
1134,15,person,0,0.7239560484886169,301.42230224609375,274.8825378417969,33.78912353515625,45.72813415527344
1135,8,person,0,0.7705324292182922,398.6359558105469,263.2176513671875,19.566650390625,58.55427551269531
1135,11,person,0,0.869512140750885,353.8687744140625,300.4697265625,33.475311279296875,86.91342163085938
1135,22,bicycle,1,0.8494048714637756,299.3451232910156,289.73382568359375,58.47247314453125,36.967987060546875
1135,15,person,0,0.6585957407951355,301.16412353515625,274.6699523925781,30.842071533203125,44.16181945800781
1135,23,person,0,0.500245213508606,308.652587890625,244.45687866210938,14.438262939453125,28.41351318359375
1136,8,person,0,0.7748097777366638,398.4901123046875,262.66326904296875,19.5384521484375,58.49041748046875
1136,11,person,0,0.8692744374275208,353.4970703125,300.1282653808594,32.62506103515625,85.9852294921875
1136,22,bicycle,1,0.8424428701400757,297.5723876953125,289.43768310546875,58.5689697265625,37.932403564453125
1136,15,person,0,0.6424519419670105,300.26153564453125,274.65338134765625,29.733856201171875,44.63255310058594
1136,23,person,0,0.5855894684791565,308.75665283203125,244.47769165039062,14.67132568359375,29.036849975585938
1137,8,person,0,0.7823739051818848,398.7489013671875,262.5212097167969,19.969482421875,58.37660217285156
1137,11,person,0,0.8804299235343933,353.866455078125,300.22796630859375,31.808502197265625,85.81002807617188
1137,22,bicycle,1,0.849294900894165,295.7041015625,289.7474365234375,58.148284912109375,37.82171630859375
1137,15,person,0,0.5868510007858276,298.9710388183594,274.9563293457031,27.98614501953125,46.09730529785156
1137,23,person,0,0.49555718898773193,308.87469482421875,244.9444580078125,14.940765380859375,29.9273681640625
1138,8,person,0,0.7876496315002441,398.9208984375,262.6524963378906,20.144134521484375,58.67228698730469
1138,11,person,0,0.875469446182251,354.16290283203125,300.5092468261719,32.20562744140625,86.60992431640625
1138,22,bicycle,1,0.8731908202171326,294.3349609375,289.96240234375,58.366455078125,37.786041259765625
1138,15,person,0,0.5220289826393127,293.62957763671875,274.864013671875,35.20428466796875,46.20881652832031
1138,23,person,0,0.4110445976257324,309.21441650390625,244.92047119140625,14.7445068359375,30.112899780273438
1139,8,person,0,0.7870181202888489,399.06292724609375,262.59234619140625,20.139678955078125,59.117828369140625
1139,11,person,0,0.861309826374054,355.44256591796875,300.7242736816406,31.458770751953125,87.3018798828125
1139,22,bicycle,1,0.8684628009796143,292.5498046875,290.07806396484375,57.507354736328125,38.167572021484375
1139,15,person,0,0.5339084267616272,294.81280517578125,274.49627685546875,31.008209228515625,43.95137023925781
1139,23,person,0,0.5079472661018372,310.0946960449219,245.425537109375,13.43585205078125,29.154037475585938
1140,8,person,0,0.7785788178443909,399.1946716308594,262.5588073730469,20.43865966796875,58.80877685546875
1140,11,person,0,0.866084635257721,357.266357421875,300.41656494140625,30.0723876953125,87.17013549804688
1140,22,bicycle,1,0.8453952670097351,290.91912841796875,290.19183349609375,56.490447998046875,38.3021240234375
1140,15,person,0,0.6548236012458801,290.56634521484375,273.857421875,36.196380615234375,45.831878662109375
1140,23,person,0,0.515817403793335,310.11419677734375,249.93939208984375,13.661346435546875,37.9483642578125
1141,8,person,0,0.7691969275474548,399.3001708984375,262.2893371582031,20.450408935546875,58.47265625
1141,11,person,0,0.86148601770401,359.47796630859375,300.258544921875,29.6512451171875,87.91537475585938
1141,22,bicycle,1,0.827714204788208,289.1954650878906,290.213623046875,55.5904541015625,39.267242431640625
1141,15,person,0,0.6299195885658264,289.77947998046875,273.968994140625,33.784210205078125,47.30827331542969
1141,23,person,0,0.42981988191604614,310.4133605957031,250.18911743164062,13.00201416015625,37.2230224609375
1142,8,person,0,0.750118613243103,399.09228515625,262.3616943359375,20.65130615234375,58.39524841308594
1142,11,person,0,0.8717285394668579,361.05511474609375,300.15899658203125,29.999969482421875,88.50267028808594
1142,22,bicycle,1,0.8252158761024475,287.09423828125,291.12957763671875,54.479766845703125,38.180572509765625
1142,15,person,0,0.7065120935440063,285.9539794921875,274.43011474609375,38.225982666015625,49.07073974609375
1142,23,person,0,0.4555058181285858,310.6011962890625,251.0316925048828,12.57867431640625,39.712005615234375
1143,8,person,0,0.7522555589675903,399.28057861328125,262.5912170410156,20.281524658203125,58.57859802246094
1143,11,person,0,0.9030969142913818,362.63897705078125,300.73345947265625,30.869384765625,89.58306884765625
1143,22,bicycle,1,0.8489030003547668,285.06512451171875,291.49017333984375,53.282958984375,38.067657470703125
1143,15,person,0,0.6976149678230286,283.827392578125,274.443115234375,40.036956787109375,51.55877685546875
1143,23,person,0,0.5186078548431396,310.839599609375,251.57791137695312,11.9654541015625,39.41084289550781
1144,8,person,0,0.7765917778015137,399.65179443359375,262.7284240722656,20.298858642578125,58.92002868652344
1144,11,person,0,0.8920801877975464,363.9800720214844,301.7547607421875,31.486328125,90.83145141601562
1144,22,bicycle,1,0.8664714097976685,283.20025634765625,291.8084716796875,52.825927734375,38.018768310546875
1144,15,person,0,0.6780097484588623,282.50726318359375,272.18634033203125,38.592864990234375,54.660308837890625
1144,23,person,0,0.5071628093719482,310.9776306152344,252.54209899902344,11.6396484375,40.018829345703125
1145,8,person,0,0.7777031064033508,400.0699157714844,262.7147521972656,20.150146484375,59.09660339355469
1145,11,person,0,0.8849456906318665,365.21844482421875,302.7484130859375,31.992279052734375,92.48495483398438
1145,22,bicycle,1,0.8374638557434082,281.3169860839844,292.3992919921875,52.23602294921875,37.325164794921875
1145,15,person,0,0.6992926001548767,280.5606689453125,271.47265625,38.83856201171875,60.15132141113281
1145,23,person,0,0.4666573405265808,311.2357177734375,253.18856811523438,11.298431396484375,38.96141052246094
1146,8,person,0,0.7736441493034363,400.2520751953125,262.936767578125,19.752655029296875,58.937896728515625
1146,11,person,0,0.8861666917800903,366.62725830078125,303.19586181640625,32.712310791015625,92.86990356445312
1146,22,bicycle,1,0.8333429098129272,279.5811767578125,292.4953918457031,51.569183349609375,37.81500244140625
1146,15,person,0,0.5845600366592407,282.1925048828125,274.68853759765625,31.1875,58.90254211425781
1146,23,person,0,0.20559881627559662,311.35400390625,254.35519409179688,10.56500244140625,37.44053649902344
1147,8,person,0,0.7545017004013062,400.38262939453125,263.02874755859375,19.0059814453125,58.39482116699219
1147,11,person,0,0.8806182146072388,367.8642883300781,304.19903564453125,33.99957275390625,93.78994750976562
1147,22,bicycle,1,0.8333491683006287,278.12255859375,292.94964599609375,50.53028869628906,38.671783447265625
1147,15,person,0,0.6520997285842896,282.02099609375,277.19964599609375,27.337249755859375,58.07048034667969
1147,23,person,0,0.2107783704996109,311.5997314453125,254.267333984375,11.335235595703125,38.56636047363281
1148,8,person,0,0.7330349087715149,400.3500671386719,262.8802490234375,18.23052978515625,57.25846862792969
1148,11,person,0,0.8893992304801941,368.9481201171875,304.5666809082031,34.6798095703125,93.3846435546875
1148,22,bicycle,1,0.8281516432762146,276.24652099609375,291.740234375,48.260162353515625,37.493560791015625
1148,15,person,0,0.6932199001312256,276.61578369140625,277.057861328125,34.369537353515625,56.34690856933594
1149,8,person,0,0.7429407835006714,400.57568359375,262.76385498046875,18.149261474609375,57.101470947265625
1149,11,person,0,0.8775477409362793,370.25115966796875,304.94512939453125,34.854339599609375,93.03421020507812
1149,22,bicycle,1,0.8081879019737244,274.5231018066406,292.1591491699219,47.59124755859375,35.48162841796875
1149,15,person,0,0.5859783291816711,277.25811767578125,276.83441162109375,29.88751220703125,54.524993896484375
1150,8,person,0,0.7130317091941833,400.6844482421875,261.59967041015625,17.73577880859375,54.989166259765625
1150,11,person,0,0.8816322088241577,371.541748046875,305.9268493652344,35.01220703125,93.5950927734375
1150,22,bicycle,1,0.8480420708656311,272.72735595703125,294.4229431152344,46.510833740234375,37.40966796875
1150,15,person,0,0.6349799036979675,271.8276672363281,277.52142333984375,33.0965576171875,55.07960510253906
1151,8,person,0,0.7188997268676758,401.0726623535156,261.45330810546875,17.4134521484375,54.801300048828125
1151,11,person,0,0.8791473507881165,373.1170654296875,306.85205078125,35.95306396484375,94.09793090820312
1151,22,bicycle,1,0.8494588136672974,270.7347412109375,295.84490966796875,45.727264404296875,37.769256591796875
1151,15,person,0,0.7406403422355652,268.6326599121094,277.5039367675781,34.52574157714844,55.49540710449219
1151,23,person,0,0.7179869413375854,311.48284912109375,252.2584991455078,14.27764892578125,42.167694091796875
1152,8,person,0,0.7193416953086853,401.40606689453125,261.35736083984375,17.398406982421875,54.583892822265625
1152,11,person,0,0.8838623762130737,374.2244873046875,307.6431884765625,36.457366943359375,94.14718627929688
1152,22,bicycle,1,0.7703284621238708,269.15838623046875,295.3470458984375,44.997314453125,36.913055419921875
1152,15,person,0,0.6515664458274841,267.34295654296875,278.2436218261719,35.07109069824219,56.50318908691406
1152,23,person,0,0.7492766976356506,311.41973876953125,252.00624084472656,14.66314697265625,42.658905029296875
1152,26,person,0,0.6537020206451416,284.83111572265625,252.91001892089844,10.228729248046875,38.185333251953125
1153,8,person,0,0.7375646233558655,402.300048828125,260.7469177246094,18.0728759765625,53.87278747558594
1153,11,person,0,0.8796968460083008,375.27069091796875,308.514892578125,36.446014404296875,94.64569091796875
1153,22,bicycle,1,0.8623316287994385,267.3862609863281,296.0154113769531,44.31376647949219,37.160888671875
1153,15,person,0,0.7567471265792847,265.8653564453125,279.55096435546875,36.11444091796875,56.845977783203125
1153,23,person,0,0.7224851250648499,311.48541259765625,252.07931518554688,14.675079345703125,42.88206481933594
1153,26,person,0,0.6827375888824463,284.7312316894531,253.07736206054688,10.4586181640625,38.29991149902344
1154,8,person,0,0.7292041182518005,402.563720703125,261.38702392578125,17.986053466796875,54.736968994140625
1154,11,person,0,0.8895666599273682,375.5988464355469,308.7402648925781,35.46051025390625,95.1114501953125
1154,22,bicycle,1,0.7820418477058411,266.0360412597656,296.39459228515625,43.01910400390625,38.318695068359375
1154,15,person,0,0.7145335078239441,264.4078369140625,279.74505615234375,36.26683044433594,59.24024963378906
1154,23,person,0,0.7515637278556824,311.6260986328125,252.349365234375,14.52734375,42.845947265625
1154,26,person,0,0.7477830648422241,284.5417785644531,252.97921752929688,10.75921630859375,38.10784912109375
1155,8,person,0,0.7206964492797852,402.86688232421875,261.49945068359375,18.116241455078125,54.82987976074219
1155,11,person,0,0.8881088495254517,376.2498779296875,308.590087890625,34.7822265625,94.97384643554688
1155,22,bicycle,1,0.7817344665527344,264.8377990722656,296.6663818359375,42.28033447265625,39.580413818359375
1155,15,person,0,0.6549855470657349,262.83465576171875,279.2672119140625,36.214141845703125,56.613983154296875
1155,23,person,0,0.7167032957077026,311.9549560546875,252.19131469726562,14.203399658203125,42.86637878417969
1155,26,person,0,0.6940751075744629,284.2979431152344,252.91525268554688,11.1768798828125,38.26234436035156
1156,8,person,0,0.711632490158081,403.3170166015625,261.0821838378906,18.5628662109375,54.36871337890625
1156,11,person,0,0.8817798495292664,376.8437194824219,308.3270263671875,34.0323486328125,95.62033081054688
1156,22,bicycle,1,0.7632625699043274,263.47650146484375,297.85400390625,41.056671142578125,38.916351318359375
1156,15,person,0,0.5319717526435852,261.32598876953125,279.2742004394531,36.251251220703125,56.96434020996094
1156,23,person,0,0.6994192600250244,311.9541931152344,252.47735595703125,14.04949951171875,42.075927734375
1156,26,person,0,0.6139112710952759,283.9761962890625,252.7614288330078,10.900909423828125,38.272857666015625
1157,8,person,0,0.7073978781700134,403.7024230957031,261.092529296875,18.88763427734375,54.5289306640625
1157,11,person,0,0.8850964903831482,377.90789794921875,307.6273498535156,33.426422119140625,97.0279541015625
1157,22,bicycle,1,0.7596063017845154,262.08697509765625,297.3036193847656,40.05152893066406,39.38275146484375
1157,15,person,0,0.5756520628929138,263.533203125,278.7193603515625,29.614654541015625,55.066680908203125
1157,23,person,0,0.7306764721870422,312.1559143066406,252.57412719726562,14.1268310546875,41.9591064453125
1157,26,person,0,0.6575157046318054,283.69696044921875,252.54412841796875,11.042938232421875,37.95512390136719
1157,27,bicycle,1,0.6045993566513062,402.281494140625,276.42919921875,16.11810302734375,32.10626220703125
1158,8,person,0,0.6703839898109436,403.93902587890625,260.9133605957031,18.976715087890625,54.05931091308594
1158,11,person,0,0.8883986473083496,378.9262390136719,307.7077331542969,32.376220703125,96.537841796875
1158,22,bicycle,1,0.7562106251716614,260.9815673828125,297.7015075683594,40.35748291015625,39.6141357421875
1158,15,person,0,0.5267191529273987,264.2947082519531,280.064453125,25.45257568359375,57.10237121582031
1158,23,person,0,0.7210307717323303,312.8641357421875,253.22213745117188,13.226776123046875,41.21638488769531
1158,26,person,0,0.30733728408813477,283.3288269042969,250.9044189453125,10.90960693359375,34.63311767578125
1158,27,bicycle,1,0.6068764328956604,402.39727783203125,276.19757080078125,15.812042236328125,31.985748291015625
1159,8,person,0,0.65580153465271,404.18145751953125,260.9990234375,19.314666748046875,54.13676452636719
1159,11,person,0,0.8808370232582092,380.15472412109375,307.103515625,31.782867431640625,96.74615478515625
1159,22,bicycle,1,0.7329446077346802,259.40325927734375,298.211669921875,40.050933837890625,39.613525390625
1159,15,person,0,0.5919301509857178,263.66912841796875,280.9703674316406,23.467239379882812,57.87391662597656
1159,23,person,0,0.7140352725982666,313.2326965332031,253.41241455078125,13.19439697265625,41.40187072753906
1159,26,person,0,0.6911114454269409,283.28802490234375,251.5225830078125,11.102996826171875,35.94441223144531
1159,27,bicycle,1,0.6557077169418335,402.65570068359375,275.9322814941406,15.3250732421875,31.7913818359375
1160,8,person,0,0.6560041308403015,404.34552001953125,260.94464111328125,19.165863037109375,52.69895935058594
1160,11,person,0,0.877327024936676,381.1048583984375,306.2330322265625,31.59136962890625,96.57705688476562
1160,22,bicycle,1,0.8153674602508545,257.7696838378906,298.4623107910156,39.85139465332031,40.503662109375
1160,15,person,0,0.5473154187202454,262.3299560546875,280.8158874511719,24.041961669921875,57.86549377441406
1160,23,person,0,0.7168160080909729,313.4944763183594,253.7500762939453,12.96331787109375,41.016021728515625
1160,26,person,0,0.7012174129486084,283.10498046875,251.6025390625,11.376678466796875,36.526123046875
1160,27,bicycle,1,0.6504503488540649,402.95501708984375,275.84130859375,15.047943115234375,31.392547607421875
1161,8,person,0,0.6503499746322632,404.4438781738281,261.301513671875,19.119384765625,53.27082824707031
1161,11,person,0,0.870994508266449,382.03643798828125,305.81201171875,31.530731201171875,96.99417114257812
1161,22,bicycle,1,0.7871216535568237,256.3587951660156,298.70513916015625,38.72419738769531,40.686065673828125
1161,15,person,0,0.6709069013595581,257.0931091308594,281.2818603515625,31.388473510742188,58.56767272949219
1161,23,person,0,0.7379598617553711,313.78314208984375,254.2786865234375,12.64306640625,41.21986389160156
1161,26,person,0,0.6720646023750305,282.88079833984375,251.51751708984375,10.883819580078125,36.45179748535156
1161,27,bicycle,1,0.6015334725379944,403.19732666015625,275.5631103515625,14.69158935546875,30.734283447265625
1162,8,person,0,0.6533319354057312,404.52410888671875,261.742919921875,19.00030517578125,54.34544372558594
1162,11,person,0,0.8584212064743042,382.96087646484375,305.9363708496094,31.549713134765625,97.468017578125
1162,22,bicycle,1,0.7534206509590149,255.22018432617188,297.4493408203125,37.8819580078125,39.52252197265625
1162,15,person,0,0.6556745767593384,255.2528839111328,281.1316223144531,32.858978271484375,57.71821594238281
1162,23,person,0,0.722848117351532,314.1943054199219,254.32225036621094,12.0277099609375,40.256805419921875
1162,26,person,0,0.7049611210823059,282.61639404296875,250.6036834716797,11.247894287109375,34.888214111328125
1162,27,bicycle,1,0.36749812960624695,403.1947326660156,275.76812744140625,14.149658203125,30.8460693359375
1163,8,person,0,0.6927631497383118,404.595703125,261.75494384765625,18.969879150390625,54.83760070800781
1163,11,person,0,0.8555704951286316,383.9920349121094,306.187255859375,31.38177490234375,96.87533569335938
1163,22,bicycle,1,0.8131207823753357,254.0455322265625,298.33184814453125,37.1593017578125,40.93280029296875
1163,15,person,0,0.6833845973014832,253.8013458251953,280.3147277832031,33.511444091796875,57.03819274902344
1163,23,person,0,0.7246286869049072,314.42779541015625,254.44947814941406,12.07574462890625,40.174285888671875
1163,26,person,0,0.7260833382606506,282.47674560546875,250.48703002929688,11.25079345703125,34.89031982421875
1163,27,bicycle,1,0.4045986235141754,403.2203369140625,275.580078125,14.199371337890625,29.412261962890625
1164,8,person,0,0.7138492465019226,404.5953369140625,261.5882263183594,18.877593994140625,54.90309143066406
1164,11,person,0,0.8664424419403076,385.76959228515625,307.3824157714844,32.4027099609375,96.6337890625
1164,22,bicycle,1,0.8073035478591919,252.9906005859375,297.6646728515625,37.51666259765625,41.13665771484375
1164,15,person,0,0.6871846914291382,251.4734344482422,280.4759826660156,34.908355712890625,58.34065246582031
1164,23,person,0,0.7393917441368103,314.4540100097656,254.24362182617188,12.37335205078125,40.20210266113281
1164,26,person,0,0.7639690637588501,282.2571105957031,251.1422119140625,11.92034912109375,36.37506103515625
1164,27,bicycle,1,0.3712746798992157,403.71337890625,275.40960693359375,14.823150634765625,28.323822021484375
1165,8,person,0,0.7460537552833557,404.616943359375,261.91558837890625,19.042510986328125,55.65350341796875
1165,11,person,0,0.8738608360290527,388.9324951171875,309.03924560546875,36.205596923828125,97.3311767578125
1165,22,bicycle,1,0.7562181949615479,251.38604736328125,298.7261047363281,36.91961669921875,39.87664794921875
1165,15,person,0,0.7532463669776917,249.33770751953125,279.88970947265625,35.91801452636719,57.48101806640625
1165,23,person,0,0.7387353181838989,314.6514587402344,254.40679931640625,12.2781982421875,40.00433349609375
1165,26,person,0,0.7745071053504944,281.9355163574219,251.17120361328125,12.415283203125,36.74122619628906
1165,27,bicycle,1,0.18185485899448395,403.7932434082031,276.45269775390625,12.8455810546875,27.24041748046875
1166,8,person,0,0.751055896282196,404.80340576171875,261.41253662109375,19.263214111328125,55.24284362792969
1166,11,person,0,0.8878073692321777,391.4638366699219,309.8025817871094,38.93450927734375,97.99884033203125
1166,22,bicycle,1,0.7601288557052612,249.84710693359375,299.51458740234375,35.90464782714844,43.220489501953125
1166,15,person,0,0.6796706318855286,248.147216796875,279.83917236328125,35.11476135253906,57.564208984375
1166,23,person,0,0.740853488445282,314.7991027832031,254.4440460205078,11.9969482421875,39.639984130859375
1166,26,person,0,0.757951021194458,281.5937805175781,251.19195556640625,12.5032958984375,37.09303283691406
1167,8,person,0,0.7389922142028809,404.95745849609375,261.595458984375,19.366363525390625,55.4056396484375
1167,11,person,0,0.8892289400100708,393.4612731933594,310.55218505859375,40.40484619140625,98.48330688476562
1167,22,bicycle,1,0.7214445471763611,248.00845336914062,299.82183837890625,36.05377197265625,43.47406005859375
1167,15,person,0,0.6727769374847412,247.54747009277344,278.8574523925781,31.831024169921875,55.81669616699219
1167,23,person,0,0.7380290627479553,315.0067443847656,254.6246337890625,11.7926025390625,39.99546813964844
1167,26,person,0,0.7587906718254089,281.4355773925781,251.04818725585938,12.6683349609375,37.22105407714844
1168,8,person,0,0.7320526838302612,405.00543212890625,261.13946533203125,19.531890869140625,54.979278564453125
1168,11,person,0,0.8812246322631836,395.2236022949219,311.6750793457031,40.69476318359375,98.91412353515625
1168,22,bicycle,1,0.8090435862541199,246.45977783203125,301.33428955078125,35.67695617675781,43.51068115234375
1168,15,person,0,0.7121744751930237,247.25869750976562,278.4764404296875,29.681396484375,54.907623291015625
1168,23,person,0,0.7520353198051453,315.45245361328125,254.78024291992188,11.346771240234375,40.12861633300781
1168,26,person,0,0.7563276886940002,281.27398681640625,250.93907165527344,12.849639892578125,37.373809814453125
1168,28,person,0,0.6254843473434448,302.9796447753906,245.77474975585938,10.06488037109375,27.596572875976562
1169,8,person,0,0.7523967027664185,404.97308349609375,260.58349609375,19.613128662109375,54.26123046875
1169,11,person,0,0.882754921913147,395.9630432128906,312.47900390625,39.028076171875,100.60360717773438
1169,22,bicycle,1,0.7765001654624939,244.84036254882812,302.157470703125,35.86686706542969,42.960906982421875
1169,15,person,0,0.6993616819381714,244.92098999023438,279.2833557128906,30.401535034179688,57.12364196777344
1169,23,person,0,0.7411847710609436,315.60552978515625,254.3537139892578,11.338958740234375,39.504974365234375
1169,26,person,0,0.7530906796455383,281.238525390625,251.017578125,13.112274169921875,37.375
1169,28,person,0,0.58957839012146,302.9362487792969,245.197509765625,10.360595703125,28.445907592773438
1170,8,person,0,0.7299151420593262,404.99407958984375,259.98699951171875,19.430633544921875,52.946990966796875
1170,11,person,0,0.8780683279037476,396.19281005859375,313.42242431640625,36.978973388671875,101.47039794921875
1170,22,bicycle,1,0.7043297290802002,243.21377563476562,302.76934814453125,35.5172119140625,42.80615234375
1170,15,person,0,0.7567415237426758,244.0398712158203,281.06396484375,29.279205322265625,61.72021484375
1170,23,person,0,0.7383270859718323,315.6365966796875,254.154296875,11.39801025390625,39.83680725097656
1170,26,person,0,0.7508504390716553,280.938232421875,251.10247802734375,12.93865966796875,37.42579650878906
1170,28,person,0,0.6232321858406067,302.9931640625,244.73760986328125,10.462188720703125,28.927719116210938
1171,8,person,0,0.7425570487976074,404.99981689453125,259.5552673339844,19.547698974609375,52.38160705566406
1171,11,person,0,0.8770754337310791,396.7904052734375,314.010009765625,36.669647216796875,101.93936157226562
1171,22,bicycle,1,0.7859204411506653,241.58770751953125,303.47747802734375,36.51158142089844,42.916595458984375
1171,15,person,0,0.7557922601699829,242.6390380859375,281.4512023925781,29.824691772460938,62.71339416503906
1171,23,person,0,0.7461419105529785,315.6926574707031,254.14378356933594,11.64910888671875,39.575347900390625
1171,26,person,0,0.7264270782470703,280.9385070800781,251.16004943847656,13.36199951171875,37.495697021484375
1171,28,person,0,0.5781479477882385,303.14508056640625,244.91256713867188,10.4937744140625,29.006423950195312
1172,8,person,0,0.7306959629058838,405.14996337890625,258.97998046875,19.792755126953125,51.37168884277344
1172,11,person,0,0.8751921057701111,397.27105712890625,313.83642578125,36.02276611328125,101.93948364257812
1172,22,bicycle,1,0.7852156758308411,239.97698974609375,303.9341735839844,36.73663330078125,43.4171142578125
1172,15,person,0,0.7743493914604187,241.37481689453125,280.7323303222656,29.829727172851562,61.97833251953125
1172,23,person,0,0.7654103636741638,315.87451171875,254.83929443359375,12.05145263671875,40.59130859375
1172,26,person,0,0.7344040274620056,280.6795959472656,251.06649780273438,13.416748046875,37.24134826660156
1172,28,person,0,0.5553996562957764,303.3212890625,245.2686767578125,10.382598876953125,28.618667602539062
1173,8,person,0,0.6269410252571106,405.224365234375,258.6658020019531,19.693695068359375,51.18318176269531
1173,11,person,0,0.867789626121521,397.8929138183594,313.3381042480469,35.77056884765625,101.13531494140625
1173,22,bicycle,1,0.8116773366928101,238.42897033691406,304.7801818847656,37.028717041015625,43.70391845703125
1173,15,person,0,0.7916954755783081,239.5734405517578,281.74444580078125,31.15771484375,65.91970825195312
1173,23,person,0,0.7467371821403503,315.8872375488281,254.99267578125,12.3883056640625,40.61778259277344
1173,26,person,0,0.7102680206298828,280.5682373046875,250.8697967529297,13.2598876953125,37.113922119140625
1173,28,person,0,0.45128247141838074,303.43212890625,245.62478637695312,10.42755126953125,27.89080810546875
1174,8,person,0,0.5263634324073792,405.09173583984375,257.4662780761719,19.322906494140625,48.98158264160156
1174,11,person,0,0.860715389251709,398.34759521484375,312.8885192871094,34.390960693359375,101.19439697265625
1174,22,bicycle,1,0.8235247135162354,236.97210693359375,305.23675537109375,36.85688781738281,44.147979736328125
1174,15,person,0,0.7610684633255005,238.05874633789062,281.95965576171875,31.605667114257812,67.12236022949219
1174,23,person,0,0.7519113421440125,315.892578125,255.2311248779297,12.59698486328125,41.228057861328125
1174,26,person,0,0.7004384398460388,280.457763671875,250.13465881347656,13.202850341796875,35.612823486328125
1174,28,person,0,0.36707448959350586,303.4551696777344,245.65972900390625,10.0528564453125,26.809402465820312
1175,8,person,0,0.5457864999771118,405.01678466796875,252.31253051757812,18.857330322265625,37.91607666015625
1175,11,person,0,0.847489595413208,399.66107177734375,312.83782958984375,32.781097412109375,102.15780639648438
1175,22,bicycle,1,0.8136215806007385,235.65431213378906,305.7216796875,37.391815185546875,43.953521728515625
1175,15,person,0,0.738713264465332,236.64341735839844,281.05072021484375,31.614654541015625,66.02525329589844
1175,23,person,0,0.7324077486991882,315.8464050292969,255.3524932861328,12.62896728515625,41.397003173828125
1175,26,person,0,0.6808170676231384,280.372314453125,250.08853149414062,13.230621337890625,35.59477233886719
1175,28,person,0,0.4591420590877533,303.4017333984375,245.89825439453125,9.752838134765625,26.606185913085938
1176,8,person,0,0.4740225374698639,404.749267578125,249.02249145507812,18.8023681640625,31.936080932617188
1176,11,person,0,0.8611068725585938,401.15557861328125,312.8306579589844,32.0096435546875,102.43255615234375
1176,22,bicycle,1,0.8290977478027344,233.68246459960938,306.0922546386719,38.0677490234375,43.299072265625
1176,15,person,0,0.7477994561195374,234.80125427246094,281.2895202636719,30.652374267578125,65.59172058105469
1176,23,person,0,0.7398356199264526,315.84075927734375,255.42245483398438,12.459259033203125,41.08967590332031
1176,26,person,0,0.7021130323410034,280.35009765625,250.3709259033203,12.88226318359375,35.963775634765625
1176,28,person,0,0.4249575734138489,303.3800354003906,246.0878143310547,9.4322509765625,26.511016845703125
1177,8,person,0,0.4745931029319763,404.8030090332031,251.30284118652344,18.55181884765625,36.871734619140625
1177,11,person,0,0.8652748465538025,402.55828857421875,312.6583251953125,32.076019287109375,102.62319946289062
1177,22,bicycle,1,0.810660183429718,231.98873901367188,305.42822265625,38.63005065917969,45.3983154296875
1177,15,person,0,0.8117517828941345,233.17495727539062,281.4605712890625,30.058914184570312,65.05845642089844
1177,23,person,0,0.7628732919692993,315.80535888671875,255.7486114501953,12.87127685546875,40.909027099609375
1177,26,person,0,0.7126867771148682,280.2330627441406,250.4851837158203,12.5438232421875,36.197418212890625
1177,28,person,0,0.5121886134147644,303.47247314453125,246.12838745117188,9.109893798828125,27.101028442382812
1178,8,person,0,0.5921832323074341,404.702880859375,253.0697784423828,18.521484375,40.613677978515625
1178,11,person,0,0.8707844614982605,403.92205810546875,313.22039794921875,32.879608154296875,103.20919799804688
1178,22,bicycle,1,0.8260372281074524,230.19671630859375,306.55145263671875,38.318603515625,44.990478515625
1178,15,person,0,0.797417402267456,231.30715942382812,282.3643493652344,29.821487426757812,66.61177062988281
1178,23,person,0,0.7599915862083435,315.7430419921875,255.66796875,13.119598388671875,40.34443664550781
1178,26,person,0,0.6882327198982239,280.19073486328125,250.6815643310547,12.412078857421875,36.366424560546875
1178,28,person,0,0.5958384871482849,303.6917724609375,246.0838623046875,9.342987060546875,27.987411499023438
1179,8,person,0,0.6190428137779236,404.59088134765625,254.1453857421875,18.264556884765625,43.02482604980469
1179,11,person,0,0.8771372437477112,405.44091796875,314.2398681640625,34.047882080078125,103.86892700195312
1179,22,bicycle,1,0.8271164894104004,228.10708618164062,305.8498229980469,38.98011779785156,46.3941650390625
1179,15,person,0,0.7684916853904724,229.5013427734375,282.818359375,30.26666259765625,66.83746337890625
1179,23,person,0,0.7586249709129333,315.72998046875,255.84939575195312,13.315216064453125,40.36846923828125
1179,26,person,0,0.6911165714263916,280.1026916503906,250.7991180419922,11.91583251953125,36.252899169921875
1179,28,person,0,0.44640257954597473,303.8944091796875,246.30703735351562,9.42987060546875,27.451065063476562
1180,8,person,0,0.6467921137809753,404.4514465332031,254.79705810546875,17.84759521484375,43.96244812011719
1180,11,person,0,0.8862221240997314,406.64959716796875,315.18927001953125,35.00762939453125,105.156005859375
1180,22,bicycle,1,0.8389961123466492,226.87469482421875,307.3831481933594,38.718017578125,45.64031982421875
1180,15,person,0,0.6685120463371277,226.93508911132812,283.0076904296875,30.784591674804688,66.58157348632812
1180,23,person,0,0.7585321068763733,315.66265869140625,255.59359741210938,13.462188720703125,39.68901062011719
1180,26,person,0,0.6741835474967957,280.22479248046875,250.9678955078125,11.573211669921875,36.16801452636719
1180,28,person,0,0.5208728909492493,304.0126037597656,246.298583984375,9.46856689453125,27.6326904296875
1181,8,person,0,0.6635677218437195,404.3302001953125,255.62245178222656,17.799652099609375,45.238128662109375
1181,11,person,0,0.8984272480010986,408.26678466796875,316.4305419921875,36.52166748046875,107.71432495117188
1181,22,bicycle,1,0.8602167367935181,224.9722900390625,308.29644775390625,39.18397521972656,45.77069091796875
1181,15,person,0,0.8238611817359924,225.44317626953125,284.279541015625,31.855453491210938,68.19306945800781
1181,23,person,0,0.747287392616272,315.6991882324219,255.40504455566406,13.49261474609375,39.413116455078125
1181,26,person,0,0.6183175444602966,280.2578125,251.0177001953125,11.348968505859375,36.26838684082031
1181,28,person,0,0.5096559524536133,303.9897766113281,246.1815643310547,9.54644775390625,27.347869873046875
1182,8,person,0,0.6766697764396667,404.3448181152344,255.9373321533203,17.89825439453125,45.901702880859375
1182,11,person,0,0.9001946449279785,409.71875,316.6341552734375,37.77490234375,106.44708251953125
1182,22,bicycle,1,0.841272234916687,223.7666778564453,306.93701171875,39.05548095703125,42.208526611328125
1182,15,person,0,0.7959350943565369,224.39749145507812,284.1342468261719,32.4677734375,65.72319030761719
1182,23,person,0,0.7472224235534668,315.7436828613281,255.47964477539062,13.26080322265625,40.56500244140625
1182,26,person,0,0.5868638157844543,280.2061767578125,251.0738983154297,11.282562255859375,36.378814697265625
1182,28,person,0,0.5377272963523865,303.8614501953125,246.08303833007812,9.51806640625,27.40753173828125
1183,8,person,0,0.6924376487731934,404.6694030761719,256.48492431640625,18.4267578125,46.7259521484375
1183,11,person,0,0.8908731937408447,411.18292236328125,317.4053039550781,38.80279541015625,106.29962158203125
1183,22,bicycle,1,0.787024974822998,222.0800323486328,307.3313293457031,39.750732421875,42.27386474609375
1183,15,person,0,0.6894170045852661,222.26480102539062,283.57635498046875,31.312973022460938,64.037353515625
1183,23,person,0,0.7631100416183472,315.6574401855469,255.59375,13.433349609375,41.73895263671875
1183,26,person,0,0.6357380151748657,280.12603759765625,251.48764038085938,11.313568115234375,36.74220275878906
1183,28,person,0,0.48291850090026855,303.7622375488281,246.00181579589844,9.56146240234375,27.075531005859375
1184,8,person,0,0.6909062266349792,404.77398681640625,258.1426696777344,18.724365234375,49.94189453125
1184,11,person,0,0.9031752943992615,412.453125,318.1593017578125,39.319549560546875,106.06143188476562
1184,22,bicycle,1,0.7389416098594666,220.62362670898438,306.0927734375,40.18681335449219,40.694854736328125
1184,15,person,0,0.7032102346420288,220.3284912109375,283.56353759765625,30.345596313476562,61.994232177734375
1184,23,person,0,0.7471917271614075,315.52978515625,255.35801696777344,13.260955810546875,42.562286376953125
1184,26,person,0,0.6537072658538818,280.09027099609375,251.43264770507812,11.2901611328125,36.79679870605469
1184,28,person,0,0.3890383243560791,303.52130126953125,246.12936401367188,9.601318359375,27.2025146484375
1185,8,person,0,0.6995160579681396,404.7342529296875,259.5888671875,19.100067138671875,52.37921142578125
1185,11,person,0,0.9022701978683472,413.32208251953125,318.8899230957031,39.3056640625,106.79205322265625
1185,22,bicycle,1,0.8222838640213013,218.97940063476562,309.13604736328125,40.39959716796875,44.276885986328125
1185,15,person,0,0.7650927305221558,218.75213623046875,285.74493408203125,30.729171752929688,64.16197204589844
1185,23,person,0,0.7304356098175049,315.4620361328125,255.18035888671875,13.268402099609375,42.830078125
1185,26,person,0,0.6434279680252075,280.24761962890625,251.46063232421875,11.181488037109375,35.93927001953125
1185,28,person,0,0.4152146279811859,303.404541015625,246.08644104003906,9.538970947265625,27.549835205078125
1186,8,person,0,0.7243636846542358,404.5608825683594,261.143310546875,19.61236572265625,55.71379089355469
1186,11,person,0,0.9066883325576782,414.8603820800781,319.7938232421875,40.7979736328125,107.53512573242188
1186,22,bicycle,1,0.8121446371078491,216.86611938476562,309.9525146484375,40.35414123535156,47.266998291015625
1186,15,person,0,0.8096789717674255,217.46768188476562,286.58758544921875,30.988204956054688,65.25750732421875
1186,23,person,0,0.7322368621826172,315.363525390625,255.09683227539062,13.615234375,42.87547302246094
1186,26,person,0,0.6550007462501526,280.2647705078125,250.976806640625,10.95489501953125,35.21864318847656
1186,28,person,0,0.5663551092147827,303.27606201171875,246.42861938476562,9.55010986328125,28.046890258789062
1187,8,person,0,0.7237266898155212,404.5982360839844,261.4754638671875,19.71368408203125,57.540008544921875
1187,11,person,0,0.9019814729690552,415.7580261230469,321.96246337890625,41.7845458984375,109.1695556640625
1187,22,bicycle,1,0.8442535400390625,215.39041137695312,311.0999450683594,40.18992614746094,48.5499267578125
1187,15,person,0,0.777808427810669,215.67662048339844,285.4628601074219,31.31451416015625,62.03361511230469
1187,23,person,0,0.7377615571022034,315.3992919921875,254.679443359375,13.548553466796875,42.09391784667969
1187,26,person,0,0.6413512825965881,280.15155029296875,250.81488037109375,10.466888427734375,34.35015869140625
1187,28,person,0,0.5882526636123657,303.29254150390625,246.17178344726562,9.67608642578125,27.722885131835938
1188,8,person,0,0.7207452058792114,404.5336608886719,261.52349853515625,19.83709716796875,58.42478942871094
1188,11,person,0,0.8993712067604065,416.8192138671875,322.9744873046875,42.382354736328125,109.8182373046875
1188,22,bicycle,1,0.7937730550765991,213.6505126953125,311.4934387207031,39.98414611816406,48.10968017578125
1188,15,person,0,0.7837614417076111,213.70211791992188,287.3451232910156,31.514236450195312,66.59039306640625
1188,23,person,0,0.7440705299377441,315.44195556640625,254.9939727783203,13.95684814453125,42.128204345703125
1188,26,person,0,0.639813244342804,280.1112060546875,250.60089111328125,10.15423583984375,33.958251953125
1188,28,person,0,0.6379339098930359,303.3829345703125,245.99417114257812,9.69097900390625,27.8065185546875
1189,8,person,0,0.7305174469947815,404.5242004394531,261.6388244628906,19.99542236328125,58.88179016113281
1189,11,person,0,0.8975489139556885,417.76287841796875,323.4105224609375,42.674530029296875,109.12142944335938
1189,22,bicycle,1,0.808245837688446,212.29940795898438,311.8955078125,39.20298767089844,48.92724609375
1189,15,person,0,0.7764819860458374,212.15213012695312,287.67694091796875,31.830810546875,68.13294982910156
1189,23,person,0,0.7587882280349731,315.4727783203125,255.24407958984375,14.164215087890625,42.94197082519531
1189,26,person,0,0.6511000394821167,280.182373046875,250.230712890625,10.147064208984375,33.21807861328125
1189,28,person,0,0.5701153874397278,303.3868408203125,245.90499877929688,9.7364501953125,28.070632934570312
1190,8,person,0,0.751288890838623,404.12451171875,261.85760498046875,20.757171630859375,59.02716064453125
1190,11,person,0,0.9031071066856384,418.7650451660156,322.791259765625,43.1956787109375,108.07229614257812
1190,22,bicycle,1,0.7971063852310181,210.18740844726562,313.015869140625,39.46266174316406,48.84759521484375
1190,15,person,0,0.8245306015014648,210.10142517089844,288.6587829589844,31.634002685546875,68.7296142578125
1190,23,person,0,0.7604257464408875,315.5548095703125,256.0422058105469,14.26470947265625,43.47978210449219
1190,26,person,0,0.6825641393661499,280.135986328125,250.3599090576172,10.160919189453125,33.453643798828125
1190,28,person,0,0.5953508019447327,303.26873779296875,245.73513793945312,9.966278076171875,28.160110473632812
1191,8,person,0,0.7529204487800598,404.102294921875,261.92803955078125,20.885833740234375,59.0345458984375
1191,11,person,0,0.902915358543396,419.65032958984375,322.86224365234375,42.683349609375,107.831298828125
1191,22,bicycle,1,0.7898644208908081,208.320556640625,313.75067138671875,39.74583435058594,48.379669189453125
1191,15,person,0,0.8187289834022522,208.28158569335938,289.2829284667969,32.313873291015625,69.97711181640625
1191,23,person,0,0.7667735815048218,315.7304992675781,256.52947998046875,14.23712158203125,43.95196533203125
1191,26,person,0,0.644820511341095,280.0960998535156,250.37158203125,10.19110107421875,33.60780334472656
1191,28,person,0,0.608512282371521,303.0690002441406,245.65493774414062,10.24359130859375,28.304763793945312
1192,8,person,0,0.740869402885437,404.18292236328125,262.30645751953125,20.779632568359375,59.837554931640625
1192,11,person,0,0.9041443467140198,420.51763916015625,322.63134765625,41.558197021484375,107.07467651367188
1192,22,bicycle,1,0.7450081706047058,206.82159423828125,314.54937744140625,39.684173583984375,47.56634521484375
1192,15,person,0,0.8248531222343445,206.67742919921875,290.2389831542969,33.605682373046875,70.00474548339844
1192,23,person,0,0.7549038529396057,315.75225830078125,256.5804748535156,14.197784423828125,43.572021484375
1192,26,person,0,0.6590371131896973,280.11083984375,250.5439453125,10.156951904296875,32.83819580078125
1192,28,person,0,0.5513137578964233,302.87396240234375,245.91070556640625,10.526519775390625,28.938949584960938
1193,8,person,0,0.7700633406639099,404.25732421875,262.24884033203125,20.76007080078125,60.06852722167969
1193,11,person,0,0.9046435952186584,421.62469482421875,322.49560546875,40.602996826171875,107.60635375976562
1193,22,bicycle,1,0.7074730396270752,205.36553955078125,315.23968505859375,39.04933166503906,46.565948486328125
1193,15,person,0,0.8254368305206299,204.65155029296875,290.9474792480469,34.52162170410156,70.96484375
1193,23,person,0,0.7504936456680298,315.887451171875,256.5086669921875,14.3118896484375,43.050628662109375
1193,26,person,0,0.6654651165008545,280.09930419921875,250.48699951171875,10.110687255859375,32.53501892089844
1193,28,person,0,0.5811823606491089,302.77557373046875,246.244384765625,10.4669189453125,29.481033325195312
1194,8,person,0,0.7726697325706482,404.2637939453125,262.1895751953125,20.739959716796875,60.07112121582031
1194,11,person,0,0.9053152799606323,422.88165283203125,322.4959716796875,39.731292724609375,108.49859619140625
1194,22,bicycle,1,0.7548916935920715,203.49462890625,316.6835021972656,39.31108093261719,47.2242431640625
1194,15,person,0,0.8363831639289856,202.4110870361328,291.2012023925781,34.48626708984375,71.10546875
1194,23,person,0,0.76511549949646,315.8780212402344,256.6066589355469,14.3038330078125,42.78706359863281
1194,26,person,0,0.6555964350700378,280.216064453125,250.6451416015625,10.299957275390625,33.16831970214844
1194,28,person,0,0.5965462923049927,302.6692810058594,246.40936279296875,10.3887939453125,29.672073364257812
1195,8,person,0,0.7747337818145752,404.3478088378906,262.2936706542969,20.80023193359375,60.41278076171875
1195,11,person,0,0.9050155282020569,423.87188720703125,322.5012512207031,38.7899169921875,108.6990966796875
1195,22,bicycle,1,0.8368824124336243,201.38816833496094,317.425537109375,39.291290283203125,47.7457275390625
1195,15,person,0,0.847314715385437,200.7404022216797,292.0530700683594,33.90478515625,72.27388000488281
1195,23,person,0,0.7635117769241333,315.7664794921875,256.64739990234375,14.29669189453125,42.58819580078125
1195,26,person,0,0.6402049660682678,280.2627258300781,251.2365264892578,10.32318115234375,34.613494873046875
1195,28,person,0,0.6489320993423462,302.6199951171875,246.4301300048828,10.41461181640625,29.820465087890625
1196,8,person,0,0.7673062682151794,404.376953125,262.248291015625,20.587310791015625,60.379119873046875
1196,11,person,0,0.9021903276443481,424.8415222167969,322.0866394042969,37.9146728515625,107.7791748046875
1196,22,bicycle,1,0.8254812359809875,199.87510681152344,318.02203369140625,38.6505126953125,49.108428955078125
1196,15,person,0,0.8312462568283081,199.12173461914062,292.8212585449219,34.09114074707031,72.891845703125
1196,23,person,0,0.7521110773086548,315.677978515625,256.6740417480469,14.113311767578125,42.7972412109375
1196,26,person,0,0.6117120385169983,280.47406005859375,251.4136962890625,10.759918212890625,35.58863830566406
1196,28,person,0,0.6525160670280457,302.6434020996094,246.295166015625,10.2916259765625,30.024337768554688
1197,8,person,0,0.7799269556999207,404.48907470703125,262.22747802734375,20.584991455078125,60.88844299316406
1197,11,person,0,0.8803761005401611,425.75885009765625,322.5691833496094,37.466796875,109.00830078125
1197,22,bicycle,1,0.7488519549369812,198.06703186035156,318.7615966796875,38.325836181640625,49.653594970703125
1197,15,person,0,0.8301309943199158,197.80487060546875,293.577880859375,33.89002990722656,74.48074340820312
1197,23,person,0,0.7635036110877991,315.5584411621094,256.75311279296875,13.89349365234375,43.181976318359375
1197,26,person,0,0.6725047826766968,280.7920227050781,251.76974487304688,11.0810546875,36.01383972167969
1197,28,person,0,0.6396523118019104,302.5936279296875,246.14102172851562,10.369293212890625,29.667892456054688
1198,8,person,0,0.7689167261123657,404.4599609375,262.1455078125,20.593292236328125,60.977874755859375
1198,11,person,0,0.8865854144096375,426.83111572265625,323.2332458496094,37.12530517578125,110.90020751953125
1198,22,bicycle,1,0.7889037132263184,196.29190063476562,319.5726013183594,37.900482177734375,50.45703125
1198,15,person,0,0.8217008709907532,196.1693878173828,295.05096435546875,33.649200439453125,76.26290893554688
1198,23,person,0,0.7670962810516357,315.5860595703125,256.5181884765625,13.902008056640625,43.60072326660156
1198,26,person,0,0.6784363985061646,280.73529052734375,252.112548828125,10.560821533203125,36.38746643066406
1198,28,person,0,0.7240713238716125,302.6005554199219,246.3192901611328,10.59759521484375,30.351593017578125
1199,8,person,0,0.7700827121734619,404.43646240234375,262.0860900878906,20.631988525390625,60.72572326660156
1199,11,person,0,0.8944342136383057,427.87066650390625,323.93865966796875,37.320709228515625,111.72915649414062
1199,22,bicycle,1,0.7435522675514221,194.94631958007812,320.24786376953125,36.895904541015625,51.385711669921875
1199,15,person,0,0.8534094095230103,194.56434631347656,296.820556640625,34.583526611328125,79.33895874023438
1199,23,person,0,0.7826835513114929,315.63482666015625,256.4725036621094,14.098724365234375,43.62548828125
1199,26,person,0,0.6092540621757507,281.0917663574219,252.31268310546875,11.07379150390625,36.75794982910156
1199,28,person,0,0.734110951423645,302.6241455078125,246.4246826171875,10.552276611328125,30.4595947265625
1200,8,person,0,0.7744734883308411,404.4544677734375,262.02532958984375,20.673248291015625,60.64140319824219
1200,11,person,0,0.8902844190597534,428.9692687988281,324.4474182128906,37.11090087890625,111.5108642578125
1200,22,bicycle,1,0.7278205752372742,193.50173950195312,321.1931457519531,36.306976318359375,52.40081787109375
1200,15,person,0,0.8439292907714844,192.98886108398438,297.8999328613281,34.19618225097656,80.64007568359375
1200,23,person,0,0.7811407446861267,315.3245849609375,256.36700439453125,14.373260498046875,44.351348876953125
1200,26,person,0,0.44329071044921875,281.3132629394531,252.6266326904297,11.3077392578125,37.463775634765625
1200,28,person,0,0.7072809338569641,302.69891357421875,246.46841430664062,10.37286376953125,30.673568725585938
1201,8,person,0,0.7751576900482178,404.1230773925781,261.8935546875,21.1666259765625,60.42723083496094
1201,11,person,0,0.8999118208885193,431.47918701171875,325.6217041015625,39.823577880859375,112.74420166015625
1201,22,bicycle,1,0.6905072927474976,191.25234985351562,322.5723876953125,35.20326232910156,52.09375
1201,15,person,0,0.8213514685630798,191.38705444335938,298.948486328125,33.73060607910156,81.84201049804688
1201,23,person,0,0.7632753252983093,315.18792724609375,256.19403076171875,14.402801513671875,44.63336181640625
1201,26,person,0,0.6083558797836304,281.586669921875,252.62078857421875,11.719390869140625,37.45390319824219
1201,28,person,0,0.7326627969741821,302.77752685546875,246.48121643066406,10.283294677734375,30.863494873046875
1202,8,person,0,0.7724044322967529,404.3336181640625,261.7948913574219,21.052398681640625,60.38507080078125
1202,11,person,0,0.8907080888748169,433.6681213378906,327.1962890625,41.50787353515625,113.71072387695312
1202,22,bicycle,1,0.6583061814308167,188.51608276367188,323.88568115234375,32.37065124511719,51.58612060546875
1202,15,person,0,0.8257789015769958,189.84939575195312,299.46917724609375,33.92765808105469,80.46664428710938
1202,23,person,0,0.7335976362228394,315.5511474609375,256.04388427734375,15.203704833984375,44.969207763671875
1202,26,person,0,0.6795960068702698,281.76116943359375,252.51544189453125,12.138885498046875,37.36116027832031
1202,28,person,0,0.7302188277244568,302.78778076171875,246.4639892578125,10.219696044921875,30.847366333007812
1203,8,person,0,0.7828360199928284,404.13653564453125,261.8141784667969,20.660919189453125,60.54350280761719
1203,11,person,0,0.8960054516792297,434.89837646484375,328.4976806640625,41.83050537109375,114.04794311523438
1203,22,bicycle,1,0.7814921140670776,186.987548828125,325.01837158203125,31.998367309570312,51.616973876953125
1203,15,person,0,0.7975643277168274,188.20684814453125,299.8660888671875,34.09660339355469,80.88848876953125
1203,23,person,0,0.7101040482521057,315.6905517578125,256.1449279785156,15.518829345703125,45.14094543457031
1203,26,person,0,0.6945910453796387,282.0143127441406,252.84796142578125,11.80096435546875,37.19767761230469
1203,28,person,0,0.7315480709075928,302.9620056152344,246.31497192382812,10.16046142578125,30.616455078125
1204,8,person,0,0.7730616331100464,404.1800231933594,261.7807922363281,20.62945556640625,60.61865234375
1204,11,person,0,0.8808749318122864,435.9480285644531,329.24127197265625,41.01080322265625,114.87527465820312
1204,22,bicycle,1,0.6657575964927673,184.29685974121094,325.9430847167969,29.187652587890625,51.8453369140625
1204,15,person,0,0.8243746161460876,186.68917846679688,300.195068359375,34.164031982421875,80.50714111328125
1204,23,person,0,0.7566523551940918,315.33447265625,256.34405517578125,15.326385498046875,45.318756103515625
1204,26,person,0,0.6895891427993774,282.507080078125,252.83921813964844,12.2987060546875,37.329986572265625
1204,28,person,0,0.7012192010879517,303.06781005859375,246.11289978027344,10.401885986328125,30.531768798828125
1205,8,person,0,0.7809630036354065,404.2154541015625,261.8408508300781,20.814117431640625,60.31282043457031
1205,11,person,0,0.8648050427436829,435.29962158203125,329.99932861328125,37.863861083984375,116.22021484375
1205,22,bicycle,1,0.7307168245315552,182.2401885986328,326.6951904296875,28.444061279296875,52.0977783203125
1205,15,person,0,0.8263709545135498,185.0653076171875,301.1539001464844,34.120819091796875,78.80584716796875
1205,23,person,0,0.7428103685379028,314.9792175292969,256.74591064453125,15.4161376953125,45.692108154296875
1205,26,person,0,0.6968934535980225,282.61041259765625,253.0293426513672,12.444061279296875,38.061004638671875
1205,28,person,0,0.6991623640060425,303.2913818359375,246.0829315185547,10.348846435546875,30.484710693359375
1206,8,person,0,0.7849353551864624,404.45751953125,261.7810974121094,21.1148681640625,60.261962890625
1206,11,person,0,0.8722761273384094,435.0522766113281,329.8990478515625,37.47406005859375,115.509033203125
1206,22,bicycle,1,0.6548716425895691,180.90484619140625,327.5421447753906,29.789535522460938,52.66998291015625
1206,15,person,0,0.824684739112854,183.82005310058594,302.66778564453125,34.447052001953125,79.989013671875
1206,23,person,0,0.7708020806312561,314.39703369140625,256.8662109375,15.118804931640625,44.32252502441406
1206,26,person,0,0.687404453754425,282.9930419921875,253.03155517578125,13.17779541015625,38.41119384765625
1206,28,person,0,0.7134195566177368,303.4930114746094,246.33499145507812,10.4478759765625,30.75640869140625
1207,8,person,0,0.7692488431930542,404.73028564453125,261.4634094238281,21.153289794921875,60.13325500488281
1207,11,person,0,0.8821091055870056,435.785888671875,329.775146484375,38.248565673828125,115.22024536132812
1207,22,bicycle,1,0.7508292198181152,178.71121215820312,328.308837890625,28.984359741210938,53.741180419921875
1207,15,person,0,0.824957549571991,182.3310546875,303.638916015625,34.20619201660156,80.41571044921875
1207,23,person,0,0.7477163672447205,314.15155029296875,257.1541748046875,14.907928466796875,43.98332214355469
1207,26,person,0,0.6700316667556763,283.09857177734375,253.0542449951172,13.41424560546875,38.467376708984375
1207,28,person,0,0.7201593518257141,303.60107421875,246.5091094970703,10.479461669921875,31.373016357421875
1208,8,person,0,0.7741307616233826,404.5954895019531,261.507080078125,21.5111083984375,59.70967102050781
1208,11,person,0,0.899554967880249,437.0936279296875,329.9007568359375,38.2086181640625,114.39047241210938
1208,22,bicycle,1,0.7491019368171692,176.43820190429688,329.2663269042969,27.906173706054688,53.72760009765625
1208,15,person,0,0.8251351714134216,180.95751953125,303.72808837890625,34.84120178222656,79.758056640625
1208,23,person,0,0.7167906165122986,314.1078796386719,257.5859069824219,15.1494140625,43.85374450683594
1208,26,person,0,0.6429527997970581,283.446044921875,253.11831665039062,13.803436279296875,38.57257080078125
1208,28,person,0,0.6870676279067993,303.53582763671875,246.50990295410156,10.239105224609375,31.443756103515625
1209,8,person,0,0.7782570123672485,404.630126953125,261.5087890625,21.5714111328125,59.641510009765625
1209,11,person,0,0.8905300498008728,438.4363098144531,329.75689697265625,38.619384765625,114.31747436523438
1209,22,bicycle,1,0.768279492855072,175.0404052734375,330.32086181640625,27.605697631835938,53.7369384765625
1209,15,person,0,0.8556653261184692,179.2969207763672,304.20220947265625,34.678009033203125,78.41485595703125
1209,23,person,0,0.637745201587677,313.98956298828125,257.3677978515625,14.99700927734375,44.59471130371094
1209,26,person,0,0.5619128942489624,284.0860595703125,253.39340209960938,13.94561767578125,38.33711242675781
1209,28,person,0,0.7210249900817871,303.467529296875,246.60537719726562,10.139404296875,31.703231811523438
1210,8,person,0,0.7757229208946228,404.82012939453125,261.13299560546875,21.35107421875,59.39360046386719
1210,11,person,0,0.8810736536979675,439.3108825683594,329.84228515625,39.51214599609375,114.79653930664062
1210,22,bicycle,1,0.7478618621826172,173.79454040527344,330.68634033203125,27.852813720703125,55.349334716796875
1210,15,person,0,0.8581828474998474,177.82318115234375,304.4998474121094,34.06378173828125,79.4342041015625
1210,23,person,0,0.6436432600021362,314.00958251953125,256.87066650390625,15.288909912109375,45.25262451171875
1210,26,person,0,0.5052159428596497,283.5594482421875,253.50128173828125,12.640045166015625,37.69010925292969
1210,28,person,0,0.7064552903175354,303.4566650390625,246.75033569335938,9.96435546875,32.0538330078125
1211,8,person,0,0.7747653126716614,404.66778564453125,261.22637939453125,21.413787841796875,59.20477294921875
1211,11,person,0,0.8924413919448853,441.36260986328125,329.5826416015625,39.743194580078125,115.22915649414062
1211,22,bicycle,1,0.7822101712226868,173.11550903320312,331.52740478515625,29.409408569335938,56.441131591796875
1211,15,person,0,0.8654019832611084,176.28713989257812,304.87518310546875,33.36082458496094,78.04379272460938
1211,23,person,0,0.5751455426216125,313.7796630859375,256.94049072265625,15.164276123046875,45.967681884765625
1211,26,person,0,0.551004946231842,284.1304016113281,253.58023071289062,12.8829345703125,37.37046813964844
1211,28,person,0,0.6877061724662781,303.53167724609375,246.73379516601562,9.838165283203125,32.23915100097656
1212,8,person,0,0.7746444940567017,404.73736572265625,260.906982421875,21.01983642578125,58.47550964355469
1212,11,person,0,0.8971255421638489,442.8634338378906,329.4546203613281,41.3282470703125,114.67242431640625
1212,22,bicycle,1,0.7622523307800293,171.006591796875,332.92657470703125,32.95843505859375,57.029754638671875
1212,15,person,0,0.8459253907203674,175.07546997070312,305.89398193359375,33.097198486328125,77.78753662109375
1212,23,person,0,0.3440251648426056,313.585205078125,259.1600341796875,13.4459228515625,41.90235900878906
1212,26,person,0,0.6040148735046387,284.80340576171875,253.67578125,13.5322265625,37.85365295410156
1212,28,person,0,0.6628175973892212,303.51287841796875,246.631103515625,10.131683349609375,32.26495361328125
1213,8,person,0,0.7693832516670227,404.2407531738281,261.0633239746094,21.074462890625,58.25810241699219
1213,11,person,0,0.9003683924674988,443.71136474609375,329.37811279296875,41.280792236328125,114.95492553710938
1213,22,bicycle,1,0.7797669172286987,171.06748962402344,334.06976318359375,32.0826416015625,56.842620849609375
1213,15,person,0,0.8289448618888855,173.40249633789062,306.02740478515625,33.27960205078125,76.53179931640625
1213,26,person,0,0.4223436415195465,284.0987548828125,250.69735717773438,11.3271484375,31.368209838867188
1213,28,person,0,0.63912433385849,303.4678955078125,246.74810791015625,9.971221923828125,32.13739013671875
1214,8,person,0,0.7804182171821594,403.8327941894531,261.21661376953125,21.41766357421875,58.48683166503906
1214,11,person,0,0.897823691368103,444.40966796875,330.1456298828125,42.059844970703125,116.67193603515625
1214,22,bicycle,1,0.7602419257164001,170.3831787109375,335.28436279296875,31.153518676757812,56.553009033203125
1214,15,person,0,0.7761548757553101,171.40557861328125,303.501708984375,34.07804870605469,70.08978271484375
1214,26,person,0,0.5645816922187805,284.9266052246094,249.3734130859375,11.93572998046875,28.09619140625
1214,28,person,0,0.5856821537017822,303.45037841796875,246.5245361328125,9.641632080078125,31.37066650390625
1215,8,person,0,0.7762102484703064,403.48455810546875,261.83538818359375,21.83917236328125,59.233123779296875
1215,11,person,0,0.9014654159545898,445.4034729003906,332.07110595703125,43.7957763671875,119.97189331054688
1215,22,bicycle,1,0.7517542839050293,169.29696655273438,336.48175048828125,30.335052490234375,56.922515869140625
1215,15,person,0,0.824148416519165,169.71511840820312,305.39434814453125,34.12451171875,72.08120727539062
1215,26,person,0,0.5073882937431335,285.5531921386719,249.15139770507812,12.147705078125,27.73980712890625
1215,28,person,0,0.5271220803260803,303.6324462890625,246.64248657226562,9.618255615234375,31.378433227539062
1216,8,person,0,0.7741641402244568,402.9332580566406,262.0494079589844,22.60040283203125,59.0433349609375
1216,11,person,0,0.9036487936973572,446.0831298828125,333.91400146484375,45.034149169921875,122.90151977539062
1216,22,bicycle,1,0.7653608918190002,168.24429321289062,337.87335205078125,29.735321044921875,56.621063232421875
1216,15,person,0,0.8333240151405334,168.06219482421875,307.584716796875,33.4232177734375,75.61285400390625
1216,26,person,0,0.5492319464683533,284.7665100097656,250.4010467529297,10.45477294921875,29.986236572265625
1216,28,person,0,0.6400293707847595,303.6608581542969,246.99888610839844,9.70068359375,32.213165283203125
1217,8,person,0,0.7679288983345032,402.2399597167969,262.301513671875,23.19537353515625,58.729644775390625
1217,11,person,0,0.9063293933868408,446.8302001953125,335.9688720703125,46.585174560546875,126.44393920898438
1217,22,bicycle,1,0.7596609592437744,167.19677734375,338.76068115234375,28.982803344726562,57.051544189453125
1217,15,person,0,0.8398175239562988,166.82928466796875,308.58221435546875,32.93888854980469,76.32711791992188
1217,26,person,0,0.5572484731674194,284.39532470703125,252.86599731445312,9.399932861328125,35.04862976074219
1217,28,person,0,0.6473847031593323,303.4830322265625,247.4080810546875,9.833953857421875,32.99090576171875
1218,8,person,0,0.7799567580223083,401.65771484375,262.6944274902344,23.65863037109375,58.01861572265625
1218,11,person,0,0.9097201824188232,447.614990234375,336.8687744140625,47.072784423828125,126.56777954101562
1218,22,bicycle,1,0.7359278798103333,165.47726440429688,340.10198974609375,28.863449096679688,57.187591552734375
1218,15,person,0,0.803965151309967,165.54930114746094,309.2042236328125,32.789276123046875,76.68643188476562
1218,26,person,0,0.5620037317276001,285.92669677734375,253.53765869140625,12.388031005859375,36.62556457519531
1218,28,person,0,0.6766887307167053,303.1383361816406,247.23428344726562,10.156982421875,32.81764221191406
1219,8,person,0,0.7732922434806824,401.1965026855469,262.6398010253906,23.00537109375,57.954345703125
1219,11,person,0,0.9102676510810852,448.23162841796875,338.68292236328125,47.549957275390625,128.2774658203125
1219,22,bicycle,1,0.7240036129951477,164.0756072998047,341.0760498046875,28.403076171875,59.225433349609375
1219,15,person,0,0.8108422160148621,163.98037719726562,310.3081359863281,32.66358947753906,77.94873046875
1219,26,person,0,0.5952394008636475,285.7947692871094,252.72195434570312,11.9310302734375,35.17335510253906
1219,28,person,0,0.6965740323066711,302.8954162597656,247.25875854492188,10.376953125,32.857177734375
1220,8,person,0,0.7795702815055847,400.85150146484375,262.6356201171875,22.7864990234375,58.012054443359375
1220,11,person,0,0.9234673976898193,448.9223327636719,338.753173828125,47.61517333984375,126.98660278320312
1220,22,bicycle,1,0.7306723594665527,162.2447052001953,341.73480224609375,29.73431396484375,60.326812744140625
1220,15,person,0,0.8173869252204895,162.29183959960938,309.4505920410156,32.64735412597656,75.4869384765625
1220,26,person,0,0.6796437501907349,286.45318603515625,253.79266357421875,13.20867919921875,37.53208923339844
1220,28,person,0,0.6715906858444214,302.6763916015625,247.2449951171875,10.290985107421875,32.14605712890625
1221,8,person,0,0.7661632895469666,399.9279479980469,263.00567626953125,21.4273681640625,57.40022277832031
1221,11,person,0,0.928683340549469,449.49420166015625,339.6999816894531,47.735809326171875,127.65631103515625
1221,22,bicycle,1,0.7509251832962036,161.39425659179688,343.067626953125,29.627944946289062,59.696807861328125
1221,15,person,0,0.8174516558647156,160.99795532226562,310.75042724609375,32.336181640625,77.21917724609375
1221,26,person,0,0.7006468772888184,287.04156494140625,253.9461669921875,14.282501220703125,38.21824645996094
1221,28,person,0,0.6293635964393616,302.3972473144531,247.9388427734375,9.9957275390625,32.56614685058594
1222,8,person,0,0.7742792963981628,399.62579345703125,263.2784423828125,20.540863037109375,57.195770263671875
1222,11,person,0,0.9325686693191528,450.0034484863281,341.42822265625,47.50933837890625,129.9764404296875
1222,22,bicycle,1,0.6982472538948059,160.049072265625,344.28533935546875,29.77227783203125,59.86578369140625
1222,15,person,0,0.8234298825263977,159.61288452148438,313.16229248046875,33.14942932128906,80.82275390625
1222,26,person,0,0.6024654507637024,287.3824462890625,254.0139617919922,14.874908447265625,38.304840087890625
1222,28,person,0,0.5828238129615784,302.15789794921875,248.589599609375,9.939697265625,32.93122863769531
1223,8,person,0,0.7884550094604492,399.5739440917969,263.42645263671875,20.06280517578125,57.01091003417969
1223,11,person,0,0.9267016649246216,450.7987060546875,342.38409423828125,47.8291015625,131.29595947265625
1223,22,bicycle,1,0.7008732557296753,158.9425811767578,345.4445495605469,29.686248779296875,60.5177001953125
1223,15,person,0,0.7534657716751099,157.77093505859375,311.890625,33.1319580078125,77.79986572265625
1223,26,person,0,0.667126476764679,287.52960205078125,254.26055908203125,15.561920166015625,38.62641906738281
1223,28,person,0,0.607731819152832,302.15740966796875,248.83233642578125,9.980499267578125,32.92909240722656
1224,8,person,0,0.7930505275726318,399.1295471191406,263.46392822265625,18.727783203125,56.806640625
1224,11,person,0,0.916628897190094,451.4593505859375,342.9178466796875,47.976776123046875,131.39886474609375
1224,22,bicycle,1,0.7148362994194031,157.36257934570312,346.55865478515625,30.54156494140625,61.65478515625
1224,15,person,0,0.7719522714614868,155.6884002685547,312.8231201171875,33.153533935546875,79.23440551757812
1224,26,person,0,0.680229663848877,287.40887451171875,254.45816040039062,16.41802978515625,39.076416015625
1224,28,person,0,0.6373065710067749,301.89111328125,249.16717529296875,10.080413818359375,31.618606567382812
1224,23,person,0,0.5861353874206543,308.65478515625,258.87579345703125,13.112396240234375,48.00273132324219
1225,8,person,0,0.7607930302619934,398.6387023925781,263.24090576171875,17.7958984375,56.964447021484375
1225,11,person,0,0.8980697989463806,451.952880859375,343.17694091796875,48.010894775390625,130.83621215820312
1225,22,bicycle,1,0.687914252281189,155.51058959960938,347.89923095703125,31.051528930664062,62.17144775390625
1225,15,person,0,0.7892218232154846,153.66278076171875,314.01104736328125,32.497039794921875,81.08560180664062
1225,26,person,0,0.6783427596092224,286.6930847167969,254.5484619140625,15.98077392578125,39.40617370605469
1225,28,person,0,0.5948480367660522,301.7303161621094,249.18087768554688,9.886474609375,31.08270263671875
1225,23,person,0,0.6164118051528931,307.7809753417969,258.92242431640625,13.94635009765625,48.30426025390625
1226,8,person,0,0.73087477684021,398.1726989746094,263.0692138671875,18.4879150390625,57.455963134765625
1226,11,person,0,0.9136061072349548,452.67333984375,343.5504150390625,47.7403564453125,130.76870727539062
1226,22,bicycle,1,0.7149999141693115,153.62843322753906,348.93206787109375,32.219024658203125,62.501800537109375
1226,15,person,0,0.8209761381149292,152.4796600341797,313.8932800292969,33.183868408203125,81.910400390625
1226,26,person,0,0.6441324353218079,287.02838134765625,254.635986328125,17.025726318359375,39.6490478515625
1226,28,person,0,0.32664281129837036,301.5467529296875,249.0198211669922,9.363861083984375,30.421722412109375
1226,23,person,0,0.6738048791885376,307.000244140625,258.98358154296875,14.9683837890625,48.36073303222656
1227,8,person,0,0.7497307062149048,397.4325866699219,263.1370544433594,18.98590087890625,57.11236572265625
1227,11,person,0,0.9093770980834961,453.4054870605469,343.6898193359375,47.33856201171875,130.70889282226562
1227,22,bicycle,1,0.7218184471130371,151.50111389160156,350.04083251953125,33.215789794921875,63.505950927734375
1227,15,person,0,0.8414328694343567,151.12445068359375,314.85003662109375,33.84706115722656,82.15753173828125
1227,26,person,0,0.6087830662727356,286.8262939453125,254.94711303710938,16.2518310546875,40.197021484375
1227,28,person,0,0.18168392777442932,301.1729736328125,248.70651245117188,8.81402587890625,29.594497680664062
1227,23,person,0,0.7072641253471375,306.7197265625,259.32879638671875,15.718536376953125,47.35328674316406
1228,8,person,0,0.7609401345252991,396.619384765625,263.0965576171875,18.229461669921875,56.6763916015625
1228,11,person,0,0.8929158449172974,454.46331787109375,343.3828125,46.743316650390625,130.70956420898438
1228,22,bicycle,1,0.7522643208503723,149.9479217529297,351.2754211425781,33.861663818359375,64.10760498046875
1228,15,person,0,0.80278080701828,149.6205596923828,314.7183532714844,33.931304931640625,80.49737548828125
1228,26,person,0,0.6110095977783203,286.824951171875,255.01564025878906,17.73046875,40.112457275390625
1228,23,person,0,0.7052872776985168,306.1956787109375,258.2625427246094,16.484130859375,48.32307434082031
1229,8,person,0,0.7424618601799011,396.4549865722656,262.95367431640625,18.1746826171875,56.633026123046875
1229,11,person,0,0.8949499130249023,455.6646728515625,343.0942077636719,45.848175048828125,131.37835693359375
1229,22,bicycle,1,0.7377073168754578,148.61962890625,352.87451171875,34.44728088378906,64.73480224609375
1229,15,person,0,0.8245640397071838,147.6774139404297,315.2640380859375,34.69635009765625,80.34414672851562
1229,26,person,0,0.5979321002960205,286.2515869140625,255.31793212890625,18.072906494140625,40.80879211425781
1229,23,person,0,0.6943260431289673,306.0576171875,258.11279296875,16.33599853515625,47.85093688964844
1230,8,person,0,0.7696880102157593,396.026123046875,262.9366760253906,18.252227783203125,57.07978820800781
1230,11,person,0,0.8959642648696899,456.77325439453125,342.93365478515625,44.920135498046875,131.61819458007812
1230,22,bicycle,1,0.7305170893669128,146.49310302734375,354.68603515625,36.04447937011719,64.55343627929688
1230,15,person,0,0.7967693209648132,145.19403076171875,315.17578125,34.041656494140625,79.80868530273438
1230,26,person,0,0.5729964971542358,285.9759521484375,255.36907958984375,16.317291259765625,40.5477294921875
1230,23,person,0,0.7127049565315247,305.52264404296875,258.3136901855469,16.50921630859375,47.49418640136719
1231,8,person,0,0.7736288905143738,395.7598876953125,263.03375244140625,18.3515625,57.223663330078125
1231,11,person,0,0.893592357635498,457.90521240234375,342.6907958984375,43.704925537109375,132.1357421875
1231,22,bicycle,1,0.7219753265380859,143.3091583251953,355.7120361328125,40.883216857910156,66.05685424804688
1231,15,person,0,0.8118855953216553,143.85377502441406,317.08953857421875,35.332008361816406,84.14608764648438
1231,26,person,0,0.6083157062530518,285.8761901855469,255.51727294921875,16.1297607421875,40.60597229003906
1231,23,person,0,0.7111190557479858,304.82574462890625,258.162109375,16.716064453125,48.15037536621094
1232,8,person,0,0.7708091735839844,395.3433837890625,263.1335754394531,18.660552978515625,57.12548828125
1232,11,person,0,0.8952354788780212,458.794921875,342.533447265625,43.106414794921875,132.028564453125
1232,22,bicycle,1,0.7630550265312195,142.78952026367188,357.54644775390625,39.536354064941406,65.59774780273438
1232,15,person,0,0.826723039150238,142.63833618164062,318.2897644042969,35.46183776855469,85.38970947265625
1232,26,person,0,0.5870075225830078,285.334716796875,255.45431518554688,15.27764892578125,40.5948486328125
1232,23,person,0,0.7372363209724426,304.45599365234375,258.5268859863281,16.179290771484375,48.19349670410156
1233,8,person,0,0.774019181728363,395.2255859375,262.9737243652344,19.138092041015625,57.2545166015625
1233,11,person,0,0.9012132287025452,459.6600341796875,342.74737548828125,43.131134033203125,131.86361694335938
1233,22,bicycle,1,0.7771928906440735,141.2576904296875,359.346435546875,38.92015075683594,65.92556762695312
1233,15,person,0,0.8229852318763733,140.7310791015625,318.2019958496094,36.526832580566406,84.20428466796875
1233,26,person,0,0.593028724193573,284.93682861328125,255.15029907226562,14.894195556640625,40.15966796875
1233,23,person,0,0.7175998091697693,304.30120849609375,258.50274658203125,15.352691650390625,47.900360107421875
1234,8,person,0,0.7670954465866089,395.30511474609375,262.86724853515625,19.959869384765625,57.32743835449219
1234,11,person,0,0.883621096611023,460.3922119140625,342.9481201171875,43.7451171875,131.33364868164062
1234,22,bicycle,1,0.7720610499382019,138.5880126953125,360.98956298828125,40.90299987792969,67.02487182617188
1234,15,person,0,0.8166723847389221,138.0084228515625,320.96270751953125,36.62461853027344,86.24282836914062
1234,26,person,0,0.6547527313232422,285.8783264160156,254.8194580078125,17.9481201171875,39.79698181152344
1234,23,person,0,0.7152194976806641,304.1539306640625,258.484619140625,14.757720947265625,48.806976318359375
1235,8,person,0,0.7654374241828918,395.5575256347656,262.85748291015625,20.34722900390625,57.231292724609375
1235,11,person,0,0.9009411334991455,461.13720703125,345.0885925292969,44.521881103515625,134.0362548828125
1235,22,bicycle,1,0.7359762787818909,137.2677001953125,362.9217529296875,40.93077087402344,66.80557250976562
1235,15,person,0,0.8395663499832153,136.53118896484375,321.42529296875,37.92890930175781,86.23373413085938
1235,26,person,0,0.7018258571624756,286.06512451171875,254.82000732421875,18.23052978515625,39.90895080566406
1235,23,person,0,0.7198917865753174,303.7568359375,258.85955810546875,14.253997802734375,49.7862548828125
1236,8,person,0,0.7631127834320068,395.638671875,262.7966613769531,20.459930419921875,57.11170959472656
1236,11,person,0,0.9113909602165222,462.1798095703125,345.187744140625,44.589019775390625,132.11135864257812
1236,22,bicycle,1,0.7305144667625427,136.87643432617188,364.6563720703125,38.57221984863281,67.35330200195312
1236,15,person,0,0.8326756954193115,135.19580078125,324.134033203125,37.832061767578125,90.0986328125
1236,26,person,0,0.7147625684738159,286.334716796875,255.1610107421875,17.783660888671875,40.704345703125
1236,23,person,0,0.7271902561187744,303.51702880859375,258.3399658203125,14.252410888671875,49.919036865234375
1237,8,person,0,0.7677464485168457,395.63031005859375,262.7664794921875,20.792633056640625,57.195587158203125
1237,11,person,0,0.913626492023468,463.17340087890625,347.12286376953125,44.942718505859375,134.514404296875
1237,22,bicycle,1,0.743301272392273,134.47300720214844,365.81182861328125,41.057151794433594,68.96334838867188
1237,15,person,0,0.8558453917503357,133.61038208007812,323.0922546386719,38.23065948486328,87.499267578125
1237,26,person,0,0.7312683463096619,286.15081787109375,255.37498474121094,17.174652099609375,41.061309814453125
1237,23,person,0,0.7389494776725769,303.55615234375,258.3999938964844,14.040008544921875,50.05018615722656
1238,8,person,0,0.765168309211731,395.31951904296875,262.65301513671875,20.43560791015625,57.287750244140625
1238,11,person,0,0.9134334921836853,464.2864074707031,348.44110107421875,45.158935546875,135.45053100585938
1238,22,bicycle,1,0.6809515357017517,131.5442657470703,367.48834228515625,41.60077667236328,69.86666870117188
1238,15,person,0,0.812218427658081,132.3009490966797,325.69976806640625,39.519691467285156,94.97109985351562
1238,26,person,0,0.7547775506973267,285.83319091796875,255.81039428710938,16.781707763671875,41.8497314453125
1238,23,person,0,0.7528828382492065,303.468505859375,258.9455871582031,13.718017578125,49.67658996582031
1239,8,person,0,0.7552412152290344,395.2281494140625,262.65496826171875,20.2210693359375,57.24749755859375
1239,11,person,0,0.9084724187850952,465.52874755859375,349.91571044921875,44.409515380859375,136.60922241210938
1239,22,bicycle,1,0.7703286409378052,128.06051635742188,369.52166748046875,43.476348876953125,69.98776245117188
1239,15,person,0,0.8248286247253418,130.98948669433594,328.1973876953125,39.463172912597656,97.52236938476562
1239,26,person,0,0.7483851313591003,285.16754150390625,255.6992950439453,15.963775634765625,42.002227783203125
1239,23,person,0,0.7488831877708435,303.28076171875,259.2486267089844,13.486175537109375,50.372314453125
1240,8,person,0,0.7527254223823547,395.42669677734375,262.7151184082031,20.47027587890625,57.30351257324219
1240,11,person,0,0.9013593196868896,466.5437927246094,350.22247314453125,43.73834228515625,135.66110229492188
1240,22,bicycle,1,0.703251838684082,124.7470474243164,371.7203369140625,42.13334655761719,69.62258911132812
1240,15,person,0,0.8693615794181824,129.90240478515625,331.97332763671875,39.171791076660156,101.33493041992188
1240,26,person,0,0.7468105554580688,285.14398193359375,255.84788513183594,15.211151123046875,41.823211669921875
1240,23,person,0,0.7716451287269592,302.85247802734375,259.85968017578125,14.312469482421875,50.948516845703125
1241,8,person,0,0.7515285015106201,394.9466857910156,262.6600036621094,19.7486572265625,57.21037292480469
1241,11,person,0,0.8890171647071838,467.5579833984375,352.229248046875,43.462493896484375,138.17453002929688
1241,22,bicycle,1,0.6302607655525208,122.0963134765625,374.12530517578125,40.414024353027344,70.09539794921875
1241,15,person,0,0.8505498170852661,128.31336975097656,334.8035888671875,39.370460510253906,104.30471801757812
1241,26,person,0,0.7529909014701843,284.76904296875,255.8798828125,14.620513916015625,41.89268493652344
1241,23,person,0,0.7783039212226868,302.60302734375,259.7578125,14.82781982421875,51.32505798339844
1242,8,person,0,0.7443749904632568,394.7564697265625,262.5924072265625,19.487548828125,56.98667907714844
1242,11,person,0,0.8966060876846313,469.18902587890625,351.7032470703125,44.5562744140625,137.1510009765625
1242,22,bicycle,1,0.6053739786148071,121.22456359863281,376.42437744140625,41.9073486328125,70.4195556640625
1242,15,person,0,0.8442916870117188,126.14010620117188,338.4342346191406,40.192237854003906,107.52203369140625
1242,26,person,0,0.7542631030082703,284.5608215332031,255.90667724609375,14.2940673828125,41.95866394042969
1242,23,person,0,0.7707816362380981,302.45379638671875,259.6864013671875,15.10308837890625,50.80780029296875
1243,8,person,0,0.756395697593689,394.68505859375,262.62115478515625,19.38104248046875,56.94775390625
1243,11,person,0,0.9068106412887573,470.09588623046875,351.6231689453125,45.872344970703125,136.49795532226562
1243,22,bicycle,1,0.6179704666137695,118.23165893554688,377.6406555175781,38.70232391357422,72.2054443359375
1243,15,person,0,0.8776406049728394,124.69184875488281,340.8849792480469,40.59876251220703,110.21038818359375
1243,26,person,0,0.7701992392539978,284.59808349609375,256.1684265136719,14.237152099609375,41.73966979980469
1243,23,person,0,0.7644125819206238,302.185302734375,259.83050537109375,15.04681396484375,50.829315185546875
1244,8,person,0,0.7477999925613403,394.49163818359375,262.6219787597656,19.258819580078125,56.90504455566406
1244,11,person,0,0.892301082611084,470.7345275878906,351.6988830566406,47.59063720703125,135.62451171875
1244,22,bicycle,1,0.5498398542404175,116.87277221679688,380.884521484375,37.07373809814453,70.68576049804688
1244,15,person,0,0.8737103343009949,123.05699920654297,342.8734130859375,41.35414123535156,111.00103759765625
1244,26,person,0,0.7585988640785217,284.6392822265625,256.39837646484375,14.028167724609375,41.66749572753906
1244,23,person,0,0.7471957206726074,301.659912109375,260.3945617675781,15.121063232421875,49.83367919921875
1245,8,person,0,0.7414373159408569,394.46258544921875,262.66192626953125,19.696929931640625,56.240020751953125
1245,11,person,0,0.892254650592804,471.8052978515625,351.81805419921875,47.588287353515625,135.10305786132812
1245,22,bicycle,1,0.48039349913597107,118.13539123535156,382.7452392578125,38.1270751953125,71.46844482421875
1245,15,person,0,0.8580024242401123,121.11470031738281,344.344970703125,42.24249267578125,111.66195678710938
1245,26,person,0,0.7426003813743591,285.0596923828125,256.57159423828125,14.27655029296875,41.593475341796875
1245,23,person,0,0.7280498743057251,301.3670959472656,260.39239501953125,15.08209228515625,48.356292724609375
1246,8,person,0,0.7455306649208069,394.5546875,262.8271484375,19.865753173828125,56.305084228515625
1246,11,person,0,0.893304705619812,473.00885009765625,352.1241149902344,46.600494384765625,134.21832275390625
1246,22,bicycle,1,0.5015058517456055,117.61983489990234,384.01580810546875,41.27793884277344,73.91799926757812
1246,15,person,0,0.8590468764305115,119.24858093261719,346.3119812011719,42.506744384765625,114.09466552734375
1246,26,person,0,0.751220166683197,285.28662109375,256.8212890625,14.71490478515625,41.674346923828125
1246,23,person,0,0.7564109563827515,301.33251953125,261.49456787109375,15.496490478515625,47.045562744140625
1247,8,person,0,0.739573061466217,394.59600830078125,262.8883972167969,19.964141845703125,55.72126770019531
1247,11,person,0,0.8983342051506042,474.02386474609375,351.88397216796875,45.388275146484375,135.08963012695312
1247,22,bicycle,1,0.5152485966682434,111.5602798461914,386.00372314453125,40.20570373535156,75.10183715820312
1247,15,person,0,0.8845533132553101,116.95917510986328,347.7748718261719,43.82695007324219,115.9248046875
1247,26,person,0,0.7459436655044556,285.51080322265625,256.77618408203125,14.68890380859375,41.44352722167969
1247,23,person,0,0.7386011481285095,300.9007568359375,261.6457824707031,16.219268798828125,46.02534484863281
1248,8,person,0,0.733931303024292,394.6158447265625,262.9541320800781,20.170989990234375,55.42158508300781
1248,11,person,0,0.9003687500953674,475.8976745605469,351.78778076171875,45.52471923828125,135.3485107421875
1248,22,bicycle,1,0.6025406122207642,107.39141845703125,387.25164794921875,38.568153381347656,78.33380126953125
1248,15,person,0,0.883457362651825,114.859130859375,349.2267761230469,45.15135955810547,117.7252197265625
1248,26,person,0,0.7627487182617188,285.4046630859375,256.8240966796875,13.73974609375,41.34027099609375
1248,23,person,0,0.7420721650123596,300.75506591796875,261.588623046875,16.330657958984375,45.740509033203125
1249,8,person,0,0.7396109104156494,394.44500732421875,262.79608154296875,20.040802001953125,55.75665283203125
1249,11,person,0,0.9133539199829102,477.90521240234375,351.61627197265625,45.829864501953125,135.57388305664062
1249,22,bicycle,1,0.6430220007896423,104.78926086425781,389.8304138183594,39.160560607910156,77.5126953125
1249,15,person,0,0.858535885810852,113.18359375,350.04034423828125,44.549415588378906,118.7781982421875
1249,26,person,0,0.7609330415725708,285.4400939941406,256.6943359375,13.35906982421875,41.47434997558594
1249,23,person,0,0.6465737819671631,300.5,259.33184814453125,16.656646728515625,42.344696044921875
1250,8,person,0,0.7534322738647461,394.6743469238281,263.111328125,21.30426025390625,56.44825744628906
1250,11,person,0,0.9096552729606628,479.32501220703125,353.7569580078125,46.795135498046875,139.55462646484375
1250,22,bicycle,1,0.5407441258430481,102.85493469238281,392.50244140625,39.72710418701172,78.23696899414062
1250,15,person,0,0.8493772149085999,111.08930969238281,351.45660400390625,43.965911865234375,119.43807983398438
1250,26,person,0,0.7955455183982849,285.4814453125,256.4874267578125,12.9759521484375,41.403228759765625
1250,23,person,0,0.7356835603713989,299.84417724609375,261.00579833984375,17.84808349609375,43.88800048828125
1251,8,person,0,0.7312158942222595,394.62127685546875,263.1529541015625,21.144775390625,55.92323303222656
1251,11,person,0,0.9078245162963867,480.2215576171875,356.284423828125,47.613006591796875,143.78524780273438
1251,22,bicycle,1,0.7049553990364075,100.72039794921875,394.25714111328125,39.25697326660156,80.62857055664062
1251,15,person,0,0.8668226003646851,109.27581787109375,354.19842529296875,43.989173889160156,120.22171020507812
1251,26,person,0,0.773798406124115,285.7275085449219,256.30615234375,13.01885986328125,41.25030517578125
1251,23,person,0,0.7592147588729858,299.19091796875,262.21929931640625,18.19970703125,46.71946716308594
1252,8,person,0,0.7522425055503845,394.48980712890625,263.31524658203125,20.9112548828125,55.933624267578125
1252,11,person,0,0.9221497178077698,481.09356689453125,358.82080078125,49.390472412109375,147.20413208007812
1252,22,bicycle,1,0.7603852152824402,98.84979248046875,396.66815185546875,40.14027404785156,81.81082153320312
1252,15,person,0,0.8718987703323364,107.2824935913086,356.2578125,45.13307189941406,120.75704956054688
1252,26,person,0,0.764288604259491,285.69189453125,256.3011474609375,13.435943603515625,41.236358642578125
1252,23,person,0,0.7315223813056946,298.8373107910156,262.9750061035156,18.09954833984375,48.337158203125
1253,8,person,0,0.755327582359314,394.4878234863281,263.33392333984375,20.82928466796875,56.02276611328125
1253,11,person,0,0.9235870838165283,481.96893310546875,361.98980712890625,50.930450439453125,149.04220581054688
1253,22,bicycle,1,0.4285038113594055,99.9957504272461,396.0802307128906,35.806427001953125,89.96917724609375
1253,15,person,0,0.8687293529510498,105.24018859863281,358.1691589355469,45.466705322265625,121.248291015625
1253,26,person,0,0.7625029683113098,285.4632568359375,256.3790283203125,13.255401611328125,41.337310791015625
1253,23,person,0,0.7107749581336975,298.5492858886719,263.14202880859375,16.99395751953125,49.24348449707031
1254,8,person,0,0.7649987936019897,394.593505859375,263.44921875,21.2294921875,56.457611083984375
1254,11,person,0,0.9242371320724487,482.57525634765625,362.87481689453125,52.003631591796875,147.32601928710938
1254,22,bicycle,1,0.5644888877868652,99.24971008300781,400.57342529296875,34.87902069091797,86.4097900390625
1254,15,person,0,0.8764666318893433,103.0830078125,360.39862060546875,46.83649444580078,122.89779663085938
1254,26,person,0,0.7303738594055176,285.2226257324219,256.6715087890625,13.36407470703125,41.955352783203125
1254,23,person,0,0.6282205581665039,297.33935546875,260.3581848144531,15.370880126953125,43.97300720214844
1255,8,person,0,0.7610209584236145,394.8892822265625,263.37579345703125,21.059234619140625,55.96174621582031
1255,11,person,0,0.9191461801528931,483.50286865234375,363.325927734375,54.04852294921875,147.82928466796875
1255,22,bicycle,1,0.6792605519294739,95.67506408691406,403.491455078125,43.47003173828125,86.00796508789062
1255,15,person,0,0.8804866671562195,101.20916748046875,362.6519775390625,47.11109161376953,125.004150390625
1255,26,person,0,0.7081432342529297,285.26995849609375,256.8388671875,13.28216552734375,42.092987060546875
1255,23,person,0,0.6488907933235168,296.77923583984375,261.06292724609375,14.948699951171875,46.171051025390625
1256,8,person,0,0.7716513276100159,394.8731689453125,263.34027099609375,20.820404052734375,56.278961181640625
1256,11,person,0,0.9121228456497192,484.11541748046875,364.93218994140625,55.539703369140625,149.96578979492188
1256,22,bicycle,1,0.5570336580276489,93.89425659179688,402.0013732910156,45.45464324951172,80.37799072265625
1256,15,person,0,0.8893284201622009,99.5189437866211,364.59564208984375,47.64222717285156,126.10629272460938
1256,26,person,0,0.6738006472587585,285.2816162109375,256.9870910644531,13.03900146484375,42.32513427734375
1256,23,person,0,0.6708473563194275,296.33843994140625,261.770263671875,15.090057373046875,47.875213623046875
1257,8,person,0,0.7813445925712585,395.02984619140625,263.3541259765625,20.78167724609375,56.274322509765625
1257,11,person,0,0.9107884764671326,484.8964538574219,366.0721740722656,56.81622314453125,151.58843994140625
1257,22,bicycle,1,0.4696428179740906,91.53721618652344,402.70513916015625,47.44548034667969,74.83697509765625
1257,15,person,0,0.8903157114982605,98.11019134521484,366.29168701171875,48.3489990234375,127.27850341796875
1257,26,person,0,0.6977781057357788,285.37823486328125,257.1349182128906,13.12005615234375,42.28643798828125
1257,23,person,0,0.6837672591209412,295.83087158203125,262.38006591796875,15.319244384765625,48.69563293457031
1258,8,person,0,0.7928258180618286,395.05902099609375,263.44940185546875,20.570709228515625,56.40800476074219
1258,11,person,0,0.9208865761756897,485.6319580078125,368.0520935058594,57.443115234375,153.3387451171875
1258,22,bicycle,1,0.33875057101249695,91.93760681152344,402.225830078125,45.269081115722656,87.34469604492188
1258,15,person,0,0.8927141427993774,96.24397277832031,368.4322509765625,49.652366638183594,128.867919921875
1258,26,person,0,0.6984164714813232,285.4046630859375,257.17486572265625,13.289031982421875,41.97904968261719
1258,23,person,0,0.6765581369400024,295.67462158203125,263.27911376953125,15.50701904296875,48.945068359375
1259,8,person,0,0.7889958024024963,395.1600341796875,263.376220703125,20.413665771484375,56.47645568847656
1259,11,person,0,0.918036699295044,486.43743896484375,369.6094970703125,58.1260986328125,155.53054809570312
1259,22,bicycle,1,0.3524346351623535,92.92567443847656,408.8419189453125,40.35673522949219,92.9993896484375
1259,15,person,0,0.8715425729751587,93.90129852294922,370.87799072265625,51.060455322265625,130.83956909179688
1259,26,person,0,0.6640892624855042,285.0037536621094,257.43084716796875,13.72265625,41.62330627441406
1259,23,person,0,0.7197101712226868,295.2733154296875,264.45159912109375,14.938232421875,49.444732666015625
1260,8,person,0,0.7598007917404175,395.3418273925781,262.8677978515625,20.36199951171875,54.988922119140625
1260,11,person,0,0.9113050699234009,487.136962890625,368.7349853515625,58.122650146484375,152.93582153320312
1260,22,bicycle,1,0.4743674695491791,87.53307342529297,412.37274169921875,47.81962585449219,99.84976196289062
1260,15,person,0,0.8794108629226685,91.7706298828125,372.7562255859375,52.148155212402344,131.96054077148438
1260,26,person,0,0.6411358714103699,284.67523193359375,257.5904846191406,14.256256103515625,41.21229553222656
1260,23,person,0,0.6571826934814453,294.87744140625,264.6017150878906,14.19091796875,46.68328857421875
1260,29,person,0,0.6451066136360168,303.03271484375,247.9746551513672,10.68170166015625,27.751129150390625
1261,8,person,0,0.7515267133712769,395.42474365234375,262.59307861328125,20.394317626953125,54.52911376953125
1261,11,person,0,0.9180997014045715,487.76885986328125,367.7881164550781,58.312713623046875,150.2764892578125
1261,22,bicycle,1,0.7432255148887634,83.73439025878906,418.28875732421875,50.48843765258789,94.99649047851562
1261,15,person,0,0.8703393936157227,88.92717742919922,375.139404296875,54.8489875793457,134.11203002929688
1261,26,person,0,0.6439710855484009,283.9601745605469,257.357177734375,13.50750732421875,40.15660095214844
1261,23,person,0,0.4238896369934082,294.8609619140625,265.667724609375,14.198638916015625,45.304107666015625
1261,29,person,0,0.631946861743927,303.11370849609375,248.31118774414062,10.382232666015625,28.53485107421875
1262,8,person,0,0.7682942748069763,395.5020751953125,262.6377258300781,20.347259521484375,54.79316711425781
1262,11,person,0,0.9221505522727966,488.1643981933594,367.3560791015625,57.81256103515625,148.9564208984375
1262,22,bicycle,1,0.5786897540092468,80.6942138671875,417.2879638671875,52.836124420166016,82.60586547851562
1262,15,person,0,0.8871400356292725,87.52130126953125,378.1942138671875,54.74748992919922,136.6568603515625
1262,26,person,0,0.7130696177482605,284.1214599609375,257.31951904296875,12.537384033203125,40.052093505859375
1262,23,person,0,0.6770330667495728,294.72296142578125,264.8297119140625,14.178070068359375,45.114349365234375
1262,29,person,0,0.693153977394104,303.2651672363281,249.21218872070312,9.8350830078125,30.6888427734375
1263,8,person,0,0.7454329133033752,395.4299621582031,262.37872314453125,20.28057861328125,54.60432434082031
1263,11,person,0,0.9216452836990356,488.9107666015625,367.50860595703125,57.415924072265625,149.26998901367188
1263,22,bicycle,1,0.6714718341827393,78.3558349609375,424.3656921386719,55.41935348510742,90.79229736328125
1263,15,person,0,0.8754225373268127,85.64664459228516,380.72174072265625,55.84469223022461,139.03475952148438
1263,26,person,0,0.7313252687454224,284.1187744140625,257.36181640625,12.107757568359375,40.276885986328125
1263,23,person,0,0.6759110689163208,294.42926025390625,263.6366271972656,14.305877685546875,44.78057861328125
1263,29,person,0,0.7126610279083252,303.2757263183594,249.48980712890625,9.594970703125,31.645217895507812
1264,8,person,0,0.7677704691886902,395.44635009765625,262.1089172363281,20.317718505859375,55.07470703125
1264,11,person,0,0.9203236103057861,489.76239013671875,367.5175476074219,56.492431640625,149.22979736328125
1264,22,bicycle,1,0.5961034893989563,76.60829162597656,422.1758117675781,56.220237731933594,81.52685546875
1264,15,person,0,0.8875499963760376,83.63494873046875,383.17364501953125,56.45037078857422,139.860595703125
1264,26,person,0,0.7334497570991516,283.71331787109375,257.4158935546875,12.110198974609375,40.454620361328125
1264,23,person,0,0.7481613755226135,294.3763427734375,263.5659484863281,14.130401611328125,46.39851379394531
1264,29,person,0,0.7351952195167542,303.2137451171875,249.55889892578125,9.564208984375,32.25288391113281
1265,8,person,0,0.7399858236312866,395.63494873046875,261.2410583496094,20.697662353515625,54.32362365722656
1265,11,person,0,0.915224552154541,490.9381103515625,367.52813720703125,55.490570068359375,149.10986328125
1265,22,bicycle,1,0.5145865678787231,73.66629028320312,430.5881652832031,58.85450744628906,87.257080078125
1265,15,person,0,0.8524787425994873,79.17416381835938,385.2813720703125,61.63515853881836,141.31912231445312
1265,26,person,0,0.6762351989746094,283.48583984375,257.4812316894531,12.096038818359375,40.61582946777344
1265,23,person,0,0.5487946271896362,293.94500732421875,264.4422607421875,14.290985107421875,47.60685729980469
1265,29,person,0,0.7120364904403687,303.09600830078125,250.01986694335938,9.68817138671875,32.87126159667969
1266,8,person,0,0.7842429280281067,395.69683837890625,261.3555603027344,20.840118408203125,55.24163818359375
1266,11,person,0,0.9149228930473328,491.84698486328125,367.5992431640625,54.073089599609375,148.90243530273438
1266,22,bicycle,1,0.7969412803649902,70.49735260009766,434.5431823730469,60.21345138549805,87.75592041015625
1266,15,person,0,0.840478241443634,75.92523193359375,387.2618713378906,64.10851287841797,143.15667724609375
1266,26,person,0,0.6479024291038513,283.1969909667969,257.58758544921875,11.45062255859375,40.78019714355469
1266,23,person,0,0.5074095129966736,293.8370361328125,264.2847900390625,14.366668701171875,47.594757080078125
1266,29,person,0,0.7533410787582397,302.86376953125,250.58352661132812,10.434906005859375,33.41009521484375
1267,8,person,0,0.7902501225471497,395.89599609375,261.14483642578125,21.111175537109375,55.28175354003906
1267,11,person,0,0.914205014705658,493.32196044921875,367.6158752441406,52.769561767578125,148.7562255859375
1267,22,bicycle,1,0.7840304374694824,68.04310607910156,436.74664306640625,62.09206771850586,86.50674438476562
1267,15,person,0,0.8586403727531433,72.18549346923828,389.7583923339844,68.32443237304688,144.6173095703125
1267,26,person,0,0.7126034498214722,283.141845703125,257.6628112792969,11.519195556640625,41.0936279296875
1267,23,person,0,0.6257173418998718,293.79412841796875,263.7712707519531,14.6478271484375,47.98017883300781
1267,29,person,0,0.6953162550926208,302.92138671875,250.95172119140625,10.77630615234375,33.76092529296875
1268,8,person,0,0.7734752893447876,395.6769104003906,260.4559326171875,20.739501953125,54.381866455078125
1268,11,person,0,0.9156935214996338,494.729736328125,368.64239501953125,50.900909423828125,150.05087280273438
1268,22,bicycle,1,0.6463383436203003,64.90298461914062,438.28216552734375,64.27142333984375,83.15878295898438
1268,15,person,0,0.8597838282585144,69.28385162353516,392.3218994140625,69.70748901367188,147.32745361328125
1268,26,person,0,0.702125072479248,283.2984924316406,257.6505126953125,11.1142578125,41.041534423828125
1268,23,person,0,0.617553174495697,293.6025390625,263.23291015625,14.838531494140625,48.37507629394531
1268,29,person,0,0.6237285733222961,303.1214294433594,251.35348510742188,10.376220703125,33.95729064941406
1269,8,person,0,0.7315664291381836,395.56524658203125,260.0247802734375,20.297943115234375,53.582855224609375
1269,11,person,0,0.9149240851402283,495.6953125,370.21148681640625,50.143310546875,152.52188110351562
1269,22,bicycle,1,0.3960784077644348,66.20339965820312,439.0306091308594,56.61949920654297,81.93878173828125
1269,15,person,0,0.8675695657730103,66.1323471069336,394.5556945800781,71.64353942871094,149.92071533203125
1269,26,person,0,0.6422629952430725,283.04962158203125,257.65087890625,11.38311767578125,40.918243408203125
1269,23,person,0,0.7442349195480347,293.5807189941406,263.6435546875,15.4190673828125,49.52558898925781
1269,29,person,0,0.6442402005195618,303.7572021484375,251.80007934570312,10.144134521484375,34.1009521484375
1270,8,person,0,0.6722930669784546,395.42474365234375,257.6611022949219,19.983154296875,49.03889465332031
1270,11,person,0,0.91115403175354,496.43597412109375,372.7079162597656,49.293121337890625,156.37628173828125
1270,22,bicycle,1,0.4680946469306946,66.20211029052734,439.9029846191406,52.47975540161133,80.19403076171875
1270,15,person,0,0.8561424612998962,62.53388595581055,397.5130615234375,73.75164031982422,151.16217041015625
1270,26,person,0,0.61089026927948,282.81219482421875,257.9320373535156,11.747711181640625,41.09037780761719
1270,23,person,0,0.6216151118278503,293.5679626464844,260.0660705566406,15.72283935546875,42.28984069824219
1270,29,person,0,0.6462134718894958,304.15753173828125,251.0029296875,10.049285888671875,32.29719543457031
1271,8,person,0,0.6850845217704773,395.045166015625,258.436767578125,19.417449951171875,50.4019775390625
1271,11,person,0,0.9021109342575073,497.2723083496094,373.14501953125,49.06512451171875,156.17828369140625
1271,22,bicycle,1,0.3042929768562317,65.85233306884766,442.212158203125,54.20689010620117,75.57568359375
1271,15,person,0,0.8666937351226807,58.76759719848633,399.64947509765625,75.53874969482422,152.01336669921875
1271,26,person,0,0.6593959927558899,282.90972900390625,257.6236267089844,11.873748779296875,40.32183837890625
1271,23,person,0,0.7063887119293213,293.4974365234375,263.51458740234375,16.137969970703125,48.84825134277344
1271,29,person,0,0.6750307083129883,304.2066650390625,251.056640625,10.4342041015625,31.962600708007812
1272,8,person,0,0.6692115664482117,395.0809631347656,257.61871337890625,19.6815185546875,48.74189758300781
1272,11,person,0,0.910185694694519,498.3385009765625,374.53155517578125,48.894317626953125,157.56875610351562
1272,22,bicycle,1,0.24939724802970886,53.211585998535156,444.2245178222656,81.64747619628906,71.31317138671875
1272,15,person,0,0.8463212847709656,55.10700225830078,401.5302734375,77.80442810058594,152.3646240234375
1272,26,person,0,0.6559591889381409,282.7186279296875,257.76318359375,11.566314697265625,40.64299011230469
1272,23,person,0,0.7574332356452942,293.7099609375,264.051025390625,16.227294921875,50.090301513671875
1272,29,person,0,0.6877684593200684,304.1730041503906,250.798095703125,10.64642333984375,31.514602661132812
1273,8,person,0,0.6598700284957886,394.93658447265625,256.7900085449219,20.021484375,47.29441833496094
1273,11,person,0,0.9038424491882324,499.0599060058594,377.4344177246094,48.20916748046875,160.97088623046875
1273,22,bicycle,1,0.42158788442611694,52.89954376220703,446.1229553222656,64.57963562011719,67.75408935546875
1273,15,person,0,0.818061113357544,52.27851867675781,402.15679931640625,78.59548950195312,150.58364868164062
1273,26,person,0,0.6842994689941406,282.89373779296875,257.8390808105469,11.78802490234375,40.78546142578125
1273,23,person,0,0.7846627831459045,293.7803955078125,264.2081298828125,16.397430419921875,49.433746337890625
1273,29,person,0,0.6964077353477478,304.1046142578125,250.62713623046875,10.9462890625,31.559677124023438
1274,8,person,0,0.6103650331497192,394.73419189453125,255.6273956298828,19.672698974609375,45.092803955078125
1274,11,person,0,0.8980497121810913,500.3563232421875,380.0408630371094,47.2142333984375,162.34130859375
1274,22,bicycle,1,0.4412221908569336,54.60752868652344,447.47991943359375,68.56201171875,65.0401611328125
1274,15,person,0,0.8370736241340637,48.107574462890625,403.82574462890625,82.83467102050781,149.48141479492188
1274,26,person,0,0.6518573760986328,282.9819641113281,258.0530090332031,11.4798583984375,41.58503723144531
1274,23,person,0,0.7636421918869019,293.7455749511719,264.9830322265625,16.52008056640625,50.46421813964844
1274,29,person,0,0.6958051323890686,304.0150146484375,250.489013671875,11.312347412109375,31.738052368164062
1275,8,person,0,0.6459397673606873,394.258544921875,255.687744140625,19.173858642578125,44.97662353515625
1275,11,person,0,0.8993980884552002,501.59283447265625,382.4614562988281,46.801239013671875,163.8623046875
1275,22,bicycle,1,0.38246145844459534,47.1174201965332,447.90264892578125,82.38483428955078,63.231689453125
1275,15,person,0,0.8809014558792114,43.69135284423828,405.44549560546875,82.11972045898438,147.77545166015625
1275,26,person,0,0.6503690481185913,283.153564453125,258.3326416015625,10.94476318359375,41.153350830078125
1275,23,person,0,0.7337443232536316,293.55364990234375,265.6963806152344,16.37176513671875,50.44255065917969
1275,29,person,0,0.7049779891967773,303.888916015625,250.50523376464844,11.6602783203125,31.925201416015625
1276,8,person,0,0.6624544858932495,393.7230224609375,255.4160614013672,18.987274169921875,44.789459228515625
1276,11,person,0,0.8994588851928711,502.9010009765625,384.5010681152344,46.591278076171875,164.697021484375
1276,22,bicycle,1,0.7223789691925049,47.165435791015625,449.14752197265625,79.23851013183594,61.651702880859375
1276,15,person,0,0.8968132138252258,40.821388244628906,406.62451171875,81.64277648925781,145.23126220703125
1276,26,person,0,0.6418389081954956,283.23931884765625,258.3349609375,11.10198974609375,41.48231506347656
1276,23,person,0,0.7202447056770325,293.2339172363281,265.95343017578125,16.56097412109375,50.046783447265625
1276,29,person,0,0.7243478894233704,303.88397216796875,250.41256713867188,11.8157958984375,31.637557983398438
1277,8,person,0,0.6525612473487854,393.4019775390625,255.38104248046875,18.572357177734375,44.44416809082031
1277,11,person,0,0.8880184888839722,503.90924072265625,386.43231201171875,46.978485107421875,166.92108154296875
1277,22,bicycle,1,0.6528040766716003,44.5147590637207,450.031982421875,80.72325897216797,59.921539306640625
1277,15,person,0,0.8918298482894897,38.42988967895508,407.48468017578125,76.85977935791016,142.50408935546875
1277,26,person,0,0.5790942907333374,283.50372314453125,258.6764221191406,11.210296630859375,41.93180847167969
1277,23,person,0,0.730833113193512,293.02685546875,266.0707702636719,16.705810546875,50.08927917480469
1277,29,person,0,0.7073409557342529,304.0792236328125,250.6345672607422,11.69342041015625,31.923797607421875
1278,8,person,0,0.6587070226669312,393.105712890625,254.82911682128906,17.877471923828125,43.303070068359375
1278,11,person,0,0.8867214322090149,504.9017028808594,385.380615234375,47.52203369140625,163.95877075195312
1278,22,bicycle,1,0.529848575592041,42.09897994995117,452.1927795410156,80.83527374267578,55.61444091796875
1278,15,person,0,0.8964186906814575,36.7778205871582,408.1145935058594,73.5556411743164,138.98138427734375
1278,26,person,0,0.6263545751571655,283.9783935546875,258.9449462890625,11.216156005859375,41.41412353515625
1278,23,person,0,0.745180070400238,292.7861328125,266.64581298828125,16.257720947265625,49.363677978515625
1278,29,person,0,0.7223239541053772,304.196533203125,250.87130737304688,11.561798095703125,32.48042297363281
1278,30,bicycle,1,0.5449669361114502,394.5544128417969,271.2755126953125,15.83795166015625,34.032012939453125
1279,8,person,0,0.6564006209373474,393.1572265625,256.02532958984375,17.735198974609375,45.49249267578125
1279,11,person,0,0.8950504660606384,506.330078125,384.92919921875,49.722259521484375,162.89266967773438
1279,22,bicycle,1,0.5990142822265625,39.77039337158203,454.09405517578125,79.54078674316406,51.736114501953125
1279,15,person,0,0.9025816321372986,34.86313247680664,409.712890625,69.72626495361328,136.99127197265625
1279,26,person,0,0.5438939929008484,283.64569091796875,258.79034423828125,10.35528564453125,41.013946533203125
1279,23,person,0,0.7022214531898499,292.641845703125,266.1334533691406,16.272247314453125,48.69293212890625
1279,29,person,0,0.7096394896507263,304.24505615234375,251.6665802001953,11.663421630859375,33.948516845703125
1279,30,bicycle,1,0.5966406464576721,394.4139404296875,271.33758544921875,15.778564453125,33.94474792480469
1280,8,person,0,0.6057593822479248,392.81134033203125,256.5321044921875,17.696929931640625,46.812896728515625
1280,11,person,0,0.8960829377174377,506.9006652832031,384.60809326171875,51.70928955078125,162.27679443359375
1280,22,bicycle,1,0.6817646622657776,38.629005432128906,454.14190673828125,77.25801086425781,51.259490966796875
1280,15,person,0,0.8784195184707642,33.205997467041016,411.68310546875,66.41199493408203,134.17752075195312
1280,26,person,0,0.4733337461948395,283.6866455078125,258.2010192871094,10.754150390625,40.20777893066406
1280,23,person,0,0.7681159377098083,292.67156982421875,266.26959228515625,15.845123291015625,48.043792724609375
1280,29,person,0,0.7157937288284302,304.33441162109375,251.89990234375,11.51043701171875,33.95365905761719
1280,30,bicycle,1,0.5200552940368652,392.8827209472656,271.103271484375,15.91204833984375,33.481781005859375
1281,8,person,0,0.6032121181488037,392.247802734375,256.3232116699219,17.856964111328125,46.42253112792969
1281,11,person,0,0.9023043513298035,508.4858093261719,384.5122375488281,53.33123779296875,162.8668212890625
1281,22,bicycle,1,0.5914029479026794,37.224365234375,456.01336669921875,74.44873046875,47.368011474609375
1281,15,person,0,0.8702904582023621,31.153846740722656,416.89068603515625,62.30769348144531,124.3046875
1281,26,person,0,0.5509962439537048,283.7272644042969,258.2677917480469,10.88690185546875,40.77531433105469
1281,23,person,0,0.751349151134491,292.7839050292969,266.3932800292969,16.04083251953125,49.41107177734375
1281,29,person,0,0.6939586997032166,304.3936767578125,252.28526306152344,11.279083251953125,34.242034912109375
1281,30,bicycle,1,0.5585671067237854,392.6958312988281,271.0517272949219,16.21185302734375,33.58692932128906
1282,8,person,0,0.6201209425926208,392.15509033203125,256.86871337890625,17.88946533203125,47.919097900390625
1282,11,person,0,0.9040524959564209,510.1763916015625,384.8565368652344,54.3753662109375,163.068603515625
1282,22,bicycle,1,0.5392799377441406,35.7321891784668,457.4240417480469,71.4643783569336,43.9603271484375
1282,15,person,0,0.8751475811004639,29.71986198425293,421.39166259765625,59.43972396850586,115.50924682617188
1282,26,person,0,0.6493610739707947,283.81256103515625,257.9761047363281,11.11358642578125,41.69960021972656
1282,23,person,0,0.7608898282051086,292.6439208984375,266.21307373046875,15.717742919921875,49.39910888671875
1282,29,person,0,0.6844972372055054,304.16876220703125,252.50125122070312,10.813629150390625,34.41654968261719
1282,30,bicycle,1,0.5417703986167908,392.2220764160156,270.3342590332031,17.5517578125,33.22343444824219
1283,8,person,0,0.6559008359909058,391.74005126953125,256.74945068359375,17.797760009765625,47.17036437988281
1283,11,person,0,0.8923729062080383,512.7259521484375,385.33001708984375,55.68487548828125,164.17315673828125
1283,22,bicycle,1,0.6552623510360718,34.24978256225586,459.7149963378906,68.49956512451172,38.85797119140625
1283,15,person,0,0.838567316532135,26.455970764160156,424.310546875,52.91194152832031,110.94281005859375
1283,26,person,0,0.5758293271064758,283.4353332519531,258.1927795410156,10.7847900390625,41.368408203125
1283,23,person,0,0.7153530716896057,292.408203125,265.7551574707031,16.19573974609375,48.794189453125
1283,29,person,0,0.6750903725624084,303.87451171875,252.65858459472656,10.89483642578125,34.562713623046875
1283,30,bicycle,1,0.5138566493988037,392.64337158203125,270.5160217285156,18.481658935546875,33.49690246582031
1284,8,person,0,0.6433881521224976,391.02685546875,255.89093017578125,17.538238525390625,45.43666076660156
1284,11,person,0,0.901665985584259,514.7600708007812,385.1629333496094,57.5867919921875,163.6522216796875
1284,22,bicycle,1,0.6220401525497437,32.344844818115234,461.37713623046875,64.68968963623047,35.746826171875
1284,15,person,0,0.8313091993331909,24.01446533203125,426.1158447265625,48.0289306640625,105.90945434570312
1284,26,person,0,0.4166250228881836,282.7928161621094,258.3531799316406,10.8265380859375,40.60179138183594
1284,23,person,0,0.7401147484779358,292.1789245605469,265.7545166015625,16.84375,47.82276916503906
1284,29,person,0,0.6827815771102905,303.70654296875,252.9111328125,11.091278076171875,34.85148620605469
1284,30,bicycle,1,0.5522562861442566,391.92608642578125,270.34857177734375,20.664031982421875,33.346343994140625
1285,8,person,0,0.641779363155365,390.54595947265625,255.91339111328125,17.18365478515625,44.80592346191406
1285,11,person,0,0.9103516936302185,517.85693359375,385.66558837890625,57.53497314453125,164.21047973632812
1285,22,bicycle,1,0.5993843674659729,30.582727432250977,463.7205810546875,61.16545486450195,31.85052490234375
1285,15,person,0,0.8016002774238586,19.088132858276367,430.5592041015625,38.176265716552734,97.4698486328125
1285,26,person,0,0.29570120573043823,282.1691589355469,254.36056518554688,10.60101318359375,32.6318359375
1285,23,person,0,0.7230073809623718,292.1357421875,266.5591735839844,17.514984130859375,50.13446044921875
1285,29,person,0,0.7037671804428101,303.6259765625,252.82655334472656,10.9886474609375,34.936981201171875
1285,30,bicycle,1,0.5803964138031006,390.9466552734375,270.4580383300781,21.6939697265625,33.12153625488281
1286,8,person,0,0.6063272356987,390.0640869140625,255.8929443359375,17.610992431640625,44.43193054199219
1286,11,person,0,0.9104403257369995,520.2640380859375,386.8882141113281,60.519439697265625,166.231201171875
1286,22,bicycle,1,0.6279619336128235,28.393522262573242,465.59210205078125,56.787044525146484,28.34686279296875
1286,15,person,0,0.8006443381309509,14.822488784790039,433.8288879394531,29.644977569580078,90.05731201171875
1286,26,person,0,0.33161860704421997,282.18145751953125,257.4320068359375,9.766387939453125,37.468719482421875
1286,23,person,0,0.7223971486091614,291.94677734375,265.9701232910156,16.78472900390625,50.250732421875
1286,29,person,0,0.696370005607605,303.7269287109375,252.92237854003906,11.196990966796875,35.399078369140625
1286,30,bicycle,1,0.6513009667396545,389.93304443359375,270.40472412109375,21.701873779296875,33.20539855957031
1287,8,person,0,0.624866247177124,389.58612060546875,256.09075927734375,17.376556396484375,44.301544189453125
1287,11,person,0,0.916343092918396,521.319091796875,387.3113098144531,62.832733154296875,165.65093994140625
1287,22,bicycle,1,0.24004767835140228,26.173255920410156,467.4833984375,52.34651184082031,24.46490478515625
1287,15,person,0,0.6741545796394348,11.935532569885254,438.5513000488281,23.86784553527832,80.588134765625
1287,26,person,0,0.25873860716819763,281.7490539550781,255.8408660888672,9.268798828125,32.887481689453125
1287,23,person,0,0.7491779327392578,291.7835998535156,266.0400085449219,16.48980712890625,50.1710205078125
1287,29,person,0,0.7302676439285278,303.551513671875,252.86962890625,11.048858642578125,35.42485046386719
1287,30,bicycle,1,0.6060067415237427,389.1185302734375,270.8022155761719,21.652862548828125,32.83628845214844
1288,8,person,0,0.6728649139404297,389.52374267578125,257.1318359375,17.408294677734375,46.291595458984375
1288,11,person,0,0.9233059883117676,523.1112060546875,389.6454162597656,66.35433959960938,168.64501953125
1288,15,person,0,0.635610818862915,7.682849407196045,443.14404296875,15.316227912902832,72.46102905273438
1288,26,person,0,0.4511395990848541,281.66461181640625,254.6500701904297,9.552276611328125,30.904876708984375
1288,23,person,0,0.7051324844360352,292.25921630859375,265.5328369140625,17.42596435546875,49.32621765136719
1288,29,person,0,0.7092564105987549,303.4825134277344,252.8186492919922,11.1373291015625,35.720123291015625
1288,30,bicycle,1,0.6501185297966003,388.61126708984375,270.8458251953125,22.353179931640625,33.108306884765625
1289,8,person,0,0.6059762239456177,388.66693115234375,256.6409606933594,17.941650390625,45.2056884765625
1289,11,person,0,0.9304406046867371,524.6268920898438,391.85028076171875,69.85507202148438,171.05093383789062
1289,15,person,0,0.3847125470638275,3.9517922401428223,448.89178466796875,7.825429916381836,57.495025634765625
1289,26,person,0,0.40948399901390076,281.3495178222656,254.22259521484375,10.11712646484375,30.45849609375
1289,23,person,0,0.6332266330718994,292.13861083984375,265.1759948730469,18.235198974609375,48.30543518066406
1289,29,person,0,0.7228288650512695,303.418212890625,252.7255859375,11.32012939453125,35.40864562988281
1289,30,bicycle,1,0.5734097361564636,387.77069091796875,270.7008361816406,21.843597412109375,33.43635559082031
1290,8,person,0,0.5094805359840393,388.0953369140625,257.57879638671875,18.482818603515625,47.136962890625
1290,11,person,0,0.9250880479812622,526.5093994140625,392.95947265625,72.45635986328125,170.82611083984375
1290,26,person,0,0.34522825479507446,281.3001708984375,254.9002685546875,9.998565673828125,30.8448486328125
1290,23,person,0,0.6397321224212646,291.9311218261719,266.0173645019531,18.55535888671875,48.89762878417969
1290,29,person,0,0.7412469387054443,303.45465087890625,252.68072509765625,11.624603271484375,35.413330078125
1290,30,bicycle,1,0.26974037289619446,387.085205078125,270.70166015625,22.021484375,32.74407958984375
1291,8,person,0,0.6357024908065796,387.35546875,256.5010986328125,18.033721923828125,43.98500061035156
1291,11,person,0,0.9251523613929749,528.3016357421875,394.039306640625,74.74896240234375,169.5509033203125
1291,26,person,0,0.2798095643520355,281.42401123046875,255.68446350097656,10.30572509765625,32.408477783203125
1291,23,person,0,0.5818830132484436,291.65771484375,265.64959716796875,18.220733642578125,47.438018798828125
1291,29,person,0,0.7362659573554993,303.3746032714844,252.79556274414062,11.479736328125,35.65740966796875
1291,30,bicycle,1,0.5461366176605225,386.57861328125,270.52105712890625,22.824554443359375,33.174407958984375
1292,8,person,0,0.6744413375854492,386.17132568359375,256.13604736328125,18.62957763671875,42.56614685058594
1292,11,person,0,0.9260070323944092,530.1181640625,394.9990234375,76.1136474609375,167.97723388671875
1292,26,person,0,0.4813075363636017,281.5880126953125,255.62014770507812,11.30279541015625,32.72050476074219
1292,23,person,0,0.6574076414108276,291.7246398925781,266.6991271972656,17.57220458984375,49.03851318359375
1292,29,person,0,0.7580790519714355,303.22186279296875,252.84762573242188,11.264923095703125,35.85713195800781
1292,30,bicycle,1,0.6189401149749756,386.1566162109375,270.3671875,23.53167724609375,33.23570251464844
1293,8,person,0,0.6450063586235046,385.79754638671875,256.1440124511719,18.302825927734375,42.38124084472656
1293,11,person,0,0.9247729182243347,531.779052734375,395.8959045410156,76.6988525390625,166.30694580078125
1293,26,person,0,0.509055495262146,281.508056640625,257.2546081542969,11.490234375,36.45556640625
1293,23,person,0,0.7326896786689758,291.9380798339844,269.0921325683594,17.50341796875,52.23878479003906
1293,29,person,0,0.7365245819091797,303.22003173828125,252.70188903808594,11.371368408203125,35.377716064453125
1293,30,bicycle,1,0.5590483546257019,385.960205078125,270.3686218261719,24.026214599609375,33.24681091308594
1294,8,person,0,0.7006056308746338,385.5985107421875,256.1106872558594,17.975555419921875,42.62501525878906
1294,11,person,0,0.9237582683563232,533.7237548828125,396.3251647949219,77.10064697265625,164.49664306640625
1294,26,person,0,0.5486189126968384,281.3400573730469,257.5904846191406,11.51641845703125,37.79182434082031
1294,23,person,0,0.7667531371116638,292.2227783203125,269.62652587890625,18.130218505859375,53.15907287597656
1294,29,person,0,0.7159166932106018,303.45318603515625,252.29139709472656,11.415496826171875,34.275238037109375
1294,30,bicycle,1,0.6485274434089661,385.2943420410156,270.4143981933594,23.51220703125,33.41233825683594
1295,8,person,0,0.7235645651817322,385.2415771484375,255.61441040039062,17.462432861328125,41.52435302734375
1295,11,person,0,0.9185848832130432,535.335205078125,397.049560546875,76.86114501953125,163.05935668945312
1295,26,person,0,0.5656741261482239,281.2030029296875,257.2741394042969,11.5316162109375,37.29704284667969
1295,23,person,0,0.7790927886962891,292.30133056640625,269.2324523925781,18.349029541015625,52.8134765625
1295,29,person,0,0.7433869242668152,303.33135986328125,252.38076782226562,11.449676513671875,34.3702392578125
1295,30,bicycle,1,0.6539385914802551,384.3992614746094,270.5133361816406,24.35443115234375,32.79669189453125
1296,8,person,0,0.7086423635482788,384.623291015625,255.35018920898438,17.896697998046875,40.712158203125
1296,11,person,0,0.9202735424041748,537.163818359375,397.83026123046875,75.90768432617188,161.468505859375
1296,26,person,0,0.515939474105835,281.14007568359375,258.0441589355469,12.4034423828125,38.6500244140625
1296,23,person,0,0.7816076278686523,291.981201171875,269.03607177734375,18.445281982421875,52.607635498046875
1296,29,person,0,0.7597447037696838,303.42181396484375,252.95675659179688,11.423187255859375,35.32167053222656
1296,30,bicycle,1,0.6300625205039978,383.84417724609375,270.3991394042969,24.87255859375,31.837890625
1297,8,person,0,0.6708824634552002,384.1649169921875,254.8120574951172,17.970947265625,39.476287841796875
1297,11,person,0,0.9243248701095581,538.9735717773438,398.5491943359375,74.40756225585938,160.42303466796875
1297,26,person,0,0.5224892497062683,280.833740234375,258.9877624511719,12.987060546875,40.37492370605469
1297,23,person,0,0.7617711424827576,291.7060546875,268.7779235839844,18.263671875,52.1705322265625
1297,29,person,0,0.764703094959259,303.52880859375,253.20022583007812,11.2548828125,35.490966796875
1297,30,bicycle,1,0.6253648400306702,383.02557373046875,269.79595947265625,24.357879638671875,31.011932373046875
1298,8,person,0,0.7000126242637634,383.54925537109375,254.66958618164062,18.073638916015625,38.95652770996094
1298,11,person,0,0.9243872165679932,541.0368041992188,398.77294921875,72.43563842773438,160.15292358398438
1298,26,person,0,0.6135352849960327,280.3314208984375,260.35247802734375,13.096466064453125,43.263763427734375
1298,23,person,0,0.7724536061286926,291.585205078125,268.52520751953125,18.973114013671875,52.07527160644531
1298,29,person,0,0.7358118295669556,303.6448974609375,253.27554321289062,11.15625,35.41285705566406
1298,30,bicycle,1,0.6729831099510193,382.3152770996094,269.7310791015625,25.06280517578125,30.960418701171875
1299,8,person,0,0.6721480488777161,383.2440185546875,254.69863891601562,18.013763427734375,39.10450744628906
1299,11,person,0,0.9132055044174194,542.7944946289062,398.87957763671875,69.46090698242188,159.98895263671875
1299,26,person,0,0.6426941752433777,280.0797119140625,261.0045166015625,12.946929931640625,44.836944580078125
1299,23,person,0,0.7215756773948669,291.43914794921875,268.4197082519531,18.86279296875,51.50750732421875
1299,29,person,0,0.7530128955841064,303.91845703125,253.81747436523438,11.250396728515625,36.10508728027344
1299,30,bicycle,1,0.6604346036911011,381.8382263183594,269.37030029296875,26.53265380859375,30.295257568359375
1300,8,person,0,0.6760879755020142,382.76519775390625,254.5948486328125,18.1204833984375,39.1318359375
1300,11,person,0,0.9124072790145874,544.9431762695312,398.99053955078125,66.33413696289062,160.26565551757812
1300,26,person,0,0.6623491048812866,279.81768798828125,261.2377624511719,13.071746826171875,45.30732727050781
1300,23,person,0,0.752776026725769,291.4518127441406,268.979736328125,18.89117431640625,52.26127624511719
1300,29,person,0,0.7342760562896729,304.0205383300781,254.05007934570312,11.0316162109375,36.23234558105469
1300,30,bicycle,1,0.6062673926353455,380.9881591796875,268.395263671875,26.412750244140625,28.9832763671875
1301,8,person,0,0.6682640910148621,381.58807373046875,254.18463134765625,19.184478759765625,38.28877258300781
1301,11,person,0,0.9112312197685242,547.700439453125,398.4779357910156,63.6864013671875,159.07269287109375
1301,26,person,0,0.7008606195449829,279.4236145019531,261.10882568359375,12.73779296875,44.71427917480469
1301,23,person,0,0.8117867112159729,291.27294921875,269.1917419433594,18.75506591796875,52.86509704589844
1301,29,person,0,0.7495443224906921,303.8711853027344,254.0831756591797,10.72833251953125,36.612213134765625
1301,30,bicycle,1,0.65030437707901,380.0151672363281,268.14788818359375,26.43524169921875,28.130203247070312
1302,8,person,0,0.6926612854003906,381.07489013671875,254.16363525390625,19.48260498046875,38.11070251464844
1302,11,person,0,0.9218722581863403,550.7306518554688,398.610107421875,60.5845947265625,158.96682739257812
1302,26,person,0,0.6848248243331909,279.1261291503906,261.3656005859375,12.83282470703125,44.744415283203125
1302,23,person,0,0.8086938261985779,291.154052734375,269.9053649902344,18.959869384765625,54.88897705078125
1302,29,person,0,0.7298668622970581,303.8928527832031,254.37445068359375,10.56744384765625,36.915771484375
1302,30,bicycle,1,0.6584886908531189,378.97686767578125,268.2178039550781,27.07623291015625,28.41436767578125
1303,8,person,0,0.6857949495315552,380.6904296875,254.37994384765625,19.780609130859375,38.56306457519531
1303,11,person,0,0.9102113842964172,553.2661743164062,398.60369873046875,57.6143798828125,159.21926879882812
1303,26,person,0,0.7099441885948181,278.9586486816406,261.9002685546875,13.24078369140625,45.36970520019531
1303,23,person,0,0.7638221383094788,291.3017578125,269.71734619140625,18.789520263671875,54.45867919921875
1303,29,person,0,0.7521116137504578,304.13128662109375,254.0570068359375,10.75390625,36.42536926269531
1303,30,bicycle,1,0.6068477630615234,378.30426025390625,268.237060546875,28.222808837890625,28.921875
1304,8,person,0,0.7080310583114624,380.1642150878906,255.0853271484375,19.48583984375,39.76593017578125
1304,11,person,0,0.8961926698684692,555.4765625,398.72900390625,55.64837646484375,159.51644897460938
1304,26,person,0,0.7555786967277527,278.52508544921875,262.5927734375,13.912322998046875,46.051513671875
1304,23,person,0,0.7351881265640259,291.5020446777344,270.145751953125,18.585693359375,54.202911376953125
1304,29,person,0,0.7611122131347656,304.19873046875,253.86111450195312,10.89581298828125,36.24171447753906
1304,30,bicycle,1,0.6113955974578857,377.99273681640625,267.9744567871094,28.855194091796875,29.108474731445312
1305,8,person,0,0.7140763998031616,379.32769775390625,255.9219970703125,18.91729736328125,41.36346435546875
1305,11,person,0,0.9000369310379028,557.27783203125,398.93988037109375,54.77496337890625,159.5811767578125
1305,26,person,0,0.7696579098701477,278.323974609375,262.9298400878906,13.966461181640625,46.13307189941406
1305,23,person,0,0.7328385710716248,291.6912841796875,269.9976806640625,18.338226318359375,53.43212890625
1305,29,person,0,0.7696263194084167,304.496337890625,253.7742919921875,11.495208740234375,36.31195068359375
1305,30,bicycle,1,0.5202204585075378,376.7293701171875,267.6896057128906,28.797760009765625,28.85882568359375
1306,8,person,0,0.7128393054008484,378.86407470703125,256.1785888671875,18.749664306640625,42.753326416015625
1306,11,person,0,0.9017471075057983,558.5147705078125,399.2694091796875,54.1656494140625,158.95443725585938
1306,26,person,0,0.7680943012237549,278.3193359375,262.9056701660156,13.87115478515625,45.76387023925781
1306,23,person,0,0.7748666405677795,291.5086669921875,271.034912109375,18.2298583984375,55.904632568359375
1306,29,person,0,0.7938346862792969,304.98388671875,253.70962524414062,12.455047607421875,36.09046936035156
1306,30,bicycle,1,0.6356348991394043,376.6113586425781,267.77685546875,30.554931640625,28.9495849609375
1307,8,person,0,0.6985455751419067,378.09686279296875,256.16094970703125,17.871368408203125,42.58528137207031
1307,11,person,0,0.9076385498046875,559.8275146484375,399.8199462890625,55.52386474609375,157.75521850585938
1307,26,person,0,0.7678728103637695,278.365234375,262.98028564453125,13.852569580078125,45.699981689453125
1307,23,person,0,0.7966955900192261,291.1453857421875,271.0876159667969,17.744903564453125,54.72810363769531
1307,29,person,0,0.7888352274894714,305.1356506347656,253.33535766601562,12.82501220703125,35.36724853515625
1307,30,bicycle,1,0.5545887351036072,376.1866455078125,267.6210632324219,32.202301025390625,28.690170288085938
1308,8,person,0,0.7317234873771667,376.99981689453125,255.9168701171875,17.66729736328125,42.57997131347656
1308,11,person,0,0.8999950289726257,561.1873168945312,400.55523681640625,57.323486328125,156.49362182617188
1308,26,person,0,0.7550972104072571,278.4195556640625,263.15557861328125,13.56011962890625,45.84222412109375
1308,23,person,0,0.8171024918556213,291.2935485839844,271.74578857421875,17.9583740234375,54.67481994628906
1308,29,person,0,0.7735061645507812,305.08154296875,253.4095458984375,13.244903564453125,35.39488220214844
1308,30,bicycle,1,0.5916354656219482,374.62725830078125,267.8365173339844,31.70977783203125,28.0628662109375
1309,8,person,0,0.731947660446167,376.1307373046875,255.94432067871094,18.086456298828125,42.422515869140625
1309,11,person,0,0.8985861539840698,562.9217529296875,401.67535400390625,59.76861572265625,154.589599609375
1309,26,person,0,0.7551499605178833,278.5823974609375,263.16644287109375,13.755950927734375,46.12919616699219
1309,23,person,0,0.7978836297988892,291.532470703125,272.2330322265625,18.741424560546875,54.959197998046875
1309,29,person,0,0.7673031687736511,304.974365234375,253.29104614257812,13.559539794921875,35.25164794921875
1309,30,bicycle,1,0.6280938386917114,372.9609069824219,267.9599609375,30.6007080078125,27.289794921875
1310,8,person,0,0.7464141845703125,375.26806640625,256.47161865234375,18.37139892578125,42.25611877441406
1310,11,person,0,0.8965333700180054,564.192626953125,402.571044921875,61.23638916015625,152.61752319335938
1310,26,person,0,0.7741017937660217,278.58306884765625,263.0162658691406,13.865478515625,46.22648620605469
1310,23,person,0,0.7859189510345459,291.47686767578125,272.1966247558594,19.033721923828125,55.439208984375
1310,29,person,0,0.7655789852142334,305.12042236328125,252.77980041503906,13.4796142578125,34.236724853515625
1310,30,bicycle,1,0.6745297312736511,372.2420654296875,268.6366271972656,32.776214599609375,28.255203247070312
1311,8,person,0,0.751174807548523,374.5465087890625,256.989990234375,18.266754150390625,41.267303466796875
1311,11,person,0,0.895619809627533,567.1803588867188,403.63214111328125,64.93310546875,150.44070434570312
1311,26,person,0,0.7646440863609314,278.56536865234375,262.82464599609375,13.9822998046875,46.37745666503906
1311,23,person,0,0.7324328422546387,291.19464111328125,272.42645263671875,18.734619140625,55.72331237792969
1311,29,person,0,0.7605874538421631,305.12738037109375,253.2513427734375,13.515533447265625,34.70497131347656
1311,30,bicycle,1,0.5960084199905396,371.1649169921875,268.4649353027344,33.5208740234375,27.197998046875
1312,8,person,0,0.7637523412704468,374.1582336425781,256.8841552734375,18.56817626953125,41.120574951171875
1312,11,person,0,0.8930996060371399,569.0577392578125,404.3954772949219,65.62384033203125,148.7393798828125
1312,26,person,0,0.7721835970878601,278.13104248046875,262.68212890625,13.670074462890625,46.41487121582031
1312,23,person,0,0.7777197360992432,290.59490966796875,272.58660888671875,18.563018798828125,55.66754150390625
1312,29,person,0,0.7523007988929749,305.2326965332031,253.72579956054688,13.43408203125,35.39801025390625
1312,30,bicycle,1,0.6776565313339233,370.4869384765625,268.3489074707031,35.198333740234375,27.557449340820312
1313,8,person,0,0.7196869254112244,373.2530517578125,256.56854248046875,19.961883544921875,40.74864196777344
1313,11,person,0,0.893516480922699,572.02880859375,406.1177978515625,68.43353271484375,145.25067138671875
1313,26,person,0,0.770435094833374,277.81756591796875,262.7933349609375,14.138275146484375,46.6051025390625
1313,23,person,0,0.764517605304718,290.12725830078125,272.42059326171875,18.3170166015625,56.08918762207031
1313,29,person,0,0.7488970160484314,305.2589111328125,253.46444702148438,13.184295654296875,35.13349914550781
1313,30,bicycle,1,0.6091654896736145,369.3988037109375,268.2115173339844,35.772674560546875,26.482254028320312
1314,8,person,0,0.6984130144119263,372.4296875,256.5165100097656,20.9786376953125,41.0972900390625
1314,11,person,0,0.8981847167015076,574.3599853515625,406.71551513671875,68.5311279296875,143.82565307617188
1314,26,person,0,0.7844813466072083,277.3455505371094,262.7511291503906,13.8927001953125,47.05979919433594
1314,23,person,0,0.783367931842804,290.35675048828125,272.13714599609375,18.91632080078125,56.34135437011719
1314,29,person,0,0.7515965104103088,305.1429138183594,253.6317138671875,12.88385009765625,35.11061096191406
1314,30,bicycle,1,0.5760082006454468,367.6779479980469,268.3835144042969,35.7393798828125,26.093856811523438
1315,8,person,0,0.6679631471633911,371.2481689453125,256.46661376953125,21.33203125,39.974853515625
1315,11,person,0,0.8945841789245605,577.281005859375,406.95916748046875,70.02484130859375,142.83432006835938
1315,26,person,0,0.7756491303443909,276.84735107421875,262.7685546875,13.671539306640625,47.04539489746094
1315,23,person,0,0.7891395092010498,289.9324035644531,271.9844665527344,19.13665771484375,56.134765625
1315,29,person,0,0.7525395750999451,305.1454772949219,253.89768981933594,12.94287109375,35.661346435546875
1315,30,bicycle,1,0.5747914910316467,366.07232666015625,268.84381103515625,35.428436279296875,25.651214599609375
1316,8,person,0,0.6727376580238342,369.1678161621094,256.5613098144531,21.7132568359375,40.659912109375
1316,11,person,0,0.8895418047904968,580.6202392578125,406.90582275390625,70.66839599609375,142.8931884765625
1316,26,person,0,0.744088351726532,276.5646667480469,262.78533935546875,13.22991943359375,46.683319091796875
1316,23,person,0,0.7881373167037964,289.761474609375,272.3461608886719,19.656494140625,56.3123779296875
1316,29,person,0,0.7552430033683777,305.274658203125,254.33230590820312,12.61407470703125,35.60784912109375
1316,30,bicycle,1,0.5562999844551086,365.391357421875,269.0044860839844,36.669677734375,25.00750732421875
1317,8,person,0,0.7467068433761597,367.4940490722656,256.5254821777344,21.47344970703125,41.16767883300781
1317,11,person,0,0.8687236905097961,585.1250610351562,407.3492126464844,68.7100830078125,142.07659912109375
1317,26,person,0,0.6819133758544922,276.1630554199219,263.30303955078125,12.8367919921875,47.235382080078125
1317,23,person,0,0.788788378238678,289.6905517578125,271.85064697265625,19.337982177734375,56.0439453125
1317,29,person,0,0.773622453212738,305.2107238769531,255.07354736328125,12.67706298828125,37.21141052246094
1317,30,bicycle,1,0.5558388233184814,364.01068115234375,268.85662841796875,35.888641357421875,25.550750732421875
1318,8,person,0,0.7339754104614258,366.6815185546875,256.47802734375,19.781707763671875,40.43269348144531
1318,11,person,0,0.8865842223167419,590.531982421875,407.3765869140625,64.51275634765625,142.49676513671875
1318,26,person,0,0.7632086873054504,275.4208679199219,263.6750183105469,12.6475830078125,46.90000915527344
1318,23,person,0,0.793769896030426,289.3929443359375,272.0755920410156,19.732879638671875,57.948974609375
1318,29,person,0,0.7642119526863098,305.0483093261719,255.01632690429688,12.7586669921875,36.85255432128906
1318,30,bicycle,1,0.7014986872673035,363.4808654785156,268.88775634765625,38.08740234375,26.912353515625
1319,8,person,0,0.6920618414878845,365.80096435546875,256.6943359375,18.7689208984375,40.627532958984375
1319,11,person,0,0.9036575555801392,595.4364013671875,407.23638916015625,60.7763671875,143.46646118164062
1319,26,person,0,0.6557895541191101,275.07098388671875,263.310302734375,12.6944580078125,46.06248474121094
1319,23,person,0,0.7639246582984924,288.87060546875,272.5780334472656,19.141082763671875,58.44615173339844
1319,29,person,0,0.7808935046195984,304.8526306152344,255.2110137939453,13.03656005859375,37.123382568359375
1319,30,bicycle,1,0.6763131022453308,361.663818359375,268.2568359375,37.038482666015625,26.641403198242188
1320,8,person,0,0.6906076073646545,364.3581848144531,256.5611572265625,19.62127685546875,40.46958923339844
1320,11,person,0,0.917199969291687,598.7391357421875,407.5202941894531,59.9837646484375,143.55706787109375
1320,26,person,0,0.6153907179832458,274.52215576171875,261.8451232910156,13.389251708984375,41.73028564453125
1320,23,person,0,0.7508788108825684,288.33868408203125,272.73675537109375,18.773345947265625,58.217987060546875
1320,29,person,0,0.7834082841873169,304.710205078125,255.0281982421875,13.201446533203125,36.6375732421875
1320,30,bicycle,1,0.7071851491928101,360.53717041015625,267.998046875,38.091400146484375,25.966033935546875
1321,8,person,0,0.7047157287597656,363.1320495605469,256.193115234375,20.16693115234375,39.7796630859375
1321,11,person,0,0.9149386882781982,601.3685302734375,408.002685546875,60.32403564453125,142.84756469726562
1321,26,person,0,0.6811434030532837,274.46356201171875,263.358154296875,14.016021728515625,44.18455505371094
1321,23,person,0,0.7601097226142883,288.08111572265625,273.2825927734375,19.069488525390625,58.55195617675781
1321,29,person,0,0.7843069434165955,304.73138427734375,254.81625366210938,13.231597900390625,36.22923278808594
1321,30,bicycle,1,0.7931674718856812,359.7277526855469,267.6444396972656,39.20550537109375,26.150650024414062
1322,8,person,0,0.708370566368103,362.0047607421875,256.4433898925781,19.7808837890625,40.20332336425781
1322,11,person,0,0.9097182750701904,603.6268310546875,408.1044921875,60.64215087890625,142.72186279296875
1322,26,person,0,0.608889102935791,274.2457275390625,261.8968811035156,14.066375732421875,41.78802490234375
1322,23,person,0,0.7846478223800659,287.4311828613281,274.18609619140625,19.21380615234375,59.555694580078125
1322,29,person,0,0.7845690250396729,304.7375183105469,254.71755981445312,13.36077880859375,36.09332275390625
1322,30,bicycle,1,0.8012554049491882,358.83734130859375,267.6688232421875,40.010345458984375,26.4403076171875
1323,8,person,0,0.7093100547790527,360.0966796875,257.036865234375,19.883056640625,42.22596740722656
1323,11,person,0,0.9102805256843567,606.080810546875,409.42803955078125,62.8770751953125,140.00543212890625
1323,26,person,0,0.6879656314849854,273.9478454589844,263.2071838378906,14.38311767578125,44.02061462402344
1323,23,person,0,0.7940590381622314,287.4920959472656,274.5899658203125,18.7020263671875,59.89772033691406
1323,29,person,0,0.7915744185447693,304.7830810546875,254.79849243164062,13.40716552734375,36.34039306640625
1323,30,bicycle,1,0.7270351052284241,357.8275146484375,268.0184631347656,40.77685546875,26.513320922851562
1324,8,person,0,0.7070741057395935,359.0059509277344,256.8525085449219,19.4630126953125,41.95404052734375
1324,11,person,0,0.9204810261726379,608.0517578125,410.53765869140625,63.51568603515625,137.460693359375
1324,26,person,0,0.6067044138908386,273.7662353515625,263.7277526855469,14.5228271484375,43.31590270996094
1324,23,person,0,0.7830986976623535,287.77880859375,274.4367980957031,19.335052490234375,59.03321838378906
1324,29,person,0,0.7918067574501038,304.7330017089844,254.60598754882812,13.49737548828125,36.05601501464844
1324,30,bicycle,1,0.7733720541000366,356.90313720703125,267.54376220703125,41.45849609375,28.133636474609375
1325,8,person,0,0.6605743169784546,358.0342712402344,256.63861083984375,19.11083984375,40.722503662109375
1325,11,person,0,0.9214594960212708,609.03955078125,411.41021728515625,61.92095947265625,135.57662963867188
1325,26,person,0,0.7064305543899536,273.4681396484375,264.4873352050781,15.1053466796875,44.61256408691406
1325,23,person,0,0.760241687297821,288.08062744140625,275.19573974609375,19.925750732421875,59.1810302734375
1325,29,person,0,0.7859706282615662,304.7544250488281,254.86131286621094,13.536376953125,36.726837158203125
1325,30,bicycle,1,0.7306284308433533,355.5323486328125,267.8953857421875,41.645233154296875,27.756240844726562
1326,8,person,0,0.660427987575531,356.8263244628906,256.8359375,19.6322021484375,41.43400573730469
1326,11,person,0,0.9187519550323486,610.05810546875,411.5111083984375,59.88372802734375,135.16595458984375
1326,26,person,0,0.7171826958656311,273.2537841796875,264.8949279785156,15.593109130859375,45.4267578125
1326,23,person,0,0.7923238277435303,288.0943298339844,275.7330017089844,20.46966552734375,58.85111999511719
1326,29,person,0,0.7921363711357117,304.7193298339844,254.56103515625,13.56280517578125,36.14256286621094
1326,30,bicycle,1,0.8055386543273926,354.40155029296875,267.6248779296875,42.36328125,28.645584106445312
1327,8,person,0,0.6272366046905518,355.944580078125,256.16143798828125,19.137054443359375,40.39300537109375
1327,11,person,0,0.9258118271827698,610.899658203125,413.3202209472656,58.20062255859375,131.48895263671875
1327,26,person,0,0.7299839854240417,273.06427001953125,265.2521057128906,15.906829833984375,46.61761474609375
1327,23,person,0,0.7891121506690979,288.2091064453125,276.3216552734375,20.702972412109375,59.55799865722656
1327,29,person,0,0.804884672164917,304.65814208984375,254.51766967773438,13.577545166015625,35.77496337890625
1327,30,bicycle,1,0.8116112947463989,353.07470703125,267.23095703125,42.570770263671875,29.677764892578125
1328,8,person,0,0.6458715200424194,354.3818359375,256.3966064453125,20.080108642578125,40.94905090332031
1328,11,person,0,0.9213656783103943,611.725830078125,414.5692138671875,56.54833984375,129.42562866210938
1328,26,person,0,0.7933357357978821,272.4542236328125,265.7362060546875,16.963958740234375,47.194854736328125
1328,23,person,0,0.7677043080329895,288.6375732421875,276.0967102050781,19.51947021484375,59.31474304199219
1328,29,person,0,0.7924480438232422,304.610595703125,254.63299560546875,13.629425048828125,35.75959777832031
1328,30,bicycle,1,0.8184009194374084,351.81268310546875,266.678466796875,42.924957275390625,30.101791381835938
1329,8,person,0,0.6853289008140564,353.1731872558594,256.7398986816406,19.5733642578125,41.20233154296875
1329,11,person,0,0.9164891839027405,612.6600952148438,416.02081298828125,54.6798095703125,126.26162719726562
1329,26,person,0,0.7873271107673645,272.1335754394531,265.6817321777344,17.21533203125,47.82789611816406
1329,23,person,0,0.7529842853546143,288.4521484375,275.50579833984375,19.702362060546875,58.258026123046875
1329,29,person,0,0.7854088544845581,304.559326171875,254.8981475830078,13.40240478515625,36.602508544921875
1329,30,bicycle,1,0.7355952858924866,350.6602783203125,266.5331726074219,43.7362060546875,29.990310668945312
1330,8,person,0,0.6810715198516846,352.1917724609375,256.8392028808594,18.560791015625,40.77525329589844
1330,11,person,0,0.9148815274238586,613.4612426757812,416.4923400878906,53.0775146484375,124.968505859375
1330,26,person,0,0.7741833329200745,271.3917541503906,265.7496643066406,17.0877685546875,48.05860900878906
1330,23,person,0,0.7876769304275513,288.3810119628906,275.01922607421875,20.03057861328125,56.83453369140625
1330,29,person,0,0.7925609946250916,304.38409423828125,254.86227416992188,13.3955078125,36.63774108886719
1330,30,bicycle,1,0.7320758700370789,349.38726806640625,266.58221435546875,43.845794677734375,29.46368408203125
1331,8,person,0,0.6851980686187744,351.0741271972656,256.8720703125,17.75250244140625,39.33833312988281
1331,11,person,0,0.9045431017875671,614.484130859375,417.7044677734375,51.03173828125,121.64028930664062
1331,26,person,0,0.7285376787185669,271.4388427734375,265.7455139160156,16.779388427734375,47.15812683105469
1331,23,person,0,0.7581561207771301,288.54559326171875,274.9478759765625,19.860992431640625,56.21812438964844
1331,29,person,0,0.7968236804008484,304.3254699707031,254.96429443359375,13.18829345703125,36.34605407714844
1331,30,bicycle,1,0.7277261018753052,347.8126220703125,266.9549255371094,44.80792236328125,28.883285522460938
1332,8,person,0,0.6557968258857727,349.51116943359375,256.65716552734375,18.006805419921875,37.790985107421875
1332,11,person,0,0.8912412524223328,615.2683715820312,419.1162109375,49.4632568359375,119.36001586914062
1332,26,person,0,0.7426303029060364,270.69091796875,266.01678466796875,16.84429931640625,46.763824462890625
1332,23,person,0,0.7777576446533203,288.6047668457031,274.65142822265625,19.855712890625,55.775054931640625
1332,29,person,0,0.7853682637214661,304.3498840332031,255.05584716796875,13.17315673828125,36.1241455078125
1332,30,bicycle,1,0.7596564292907715,346.71710205078125,267.15350341796875,45.2352294921875,28.440093994140625
1333,8,person,0,0.6206169128417969,348.4393615722656,257.0143127441406,17.389892578125,37.9061279296875
1333,11,person,0,0.8956741094589233,616.3908081054688,419.6278076171875,47.2183837890625,118.2576904296875
1333,26,person,0,0.7062432765960693,270.3677978515625,265.8334655761719,17.1290283203125,45.40220642089844
1333,23,person,0,0.7801573276519775,288.4736022949219,274.30078125,19.46209716796875,55.63191223144531
1333,29,person,0,0.788809061050415,304.36090087890625,254.89053344726562,13.307098388671875,36.20249938964844
1333,30,bicycle,1,0.761580228805542,345.45367431640625,266.9635009765625,45.235015869140625,28.676971435546875
1334,8,person,0,0.5777369141578674,347.243896484375,257.4765930175781,17.222808837890625,39.65040588378906
1334,11,person,0,0.9015907645225525,617.426025390625,420.16748046875,45.1180419921875,116.7276611328125
1334,26,person,0,0.7567762732505798,270.10455322265625,266.5172119140625,16.80657958984375,46.955352783203125
1334,23,person,0,0.7800266146659851,288.4993591308594,274.1771545410156,19.17529296875,56.10823059082031
1334,29,person,0,0.791594922542572,304.446044921875,255.12879943847656,13.31219482421875,36.660186767578125
1334,30,bicycle,1,0.8256304860115051,343.9287414550781,267.09130859375,45.32208251953125,28.6458740234375
1335,8,person,0,0.6451321244239807,345.94677734375,257.2775573730469,17.556915283203125,40.7874755859375
1335,11,person,0,0.902908205986023,618.24267578125,420.7723388671875,43.3343505859375,115.46734619140625
1335,26,person,0,0.7695785164833069,269.66436767578125,266.95025634765625,17.375274658203125,46.794342041015625
1335,23,person,0,0.7706812620162964,288.3482971191406,274.7808532714844,18.88507080078125,57.603271484375
1335,29,person,0,0.7908070087432861,304.53704833984375,255.54066467285156,13.232940673828125,37.849090576171875
1335,30,bicycle,1,0.8263462781906128,342.43865966796875,266.8627014160156,45.713165283203125,29.073867797851562
1336,8,person,0,0.6375336647033691,342.6448974609375,256.5750732421875,21.693115234375,40.23387145996094
1336,11,person,0,0.9056839942932129,618.9124145507812,421.4918212890625,41.8687744140625,114.42181396484375
1336,26,person,0,0.7623102068901062,269.237060546875,266.81439208984375,17.439788818359375,45.734375
1336,23,person,0,0.7788555026054382,288.4326477050781,275.4124755859375,18.84442138671875,58.844024658203125
1336,29,person,0,0.7967845797538757,304.5155029296875,255.8026123046875,13.293853759765625,38.59715270996094
1336,30,bicycle,1,0.8498280048370361,341.1746826171875,266.93328857421875,45.884368896484375,29.333770751953125
1337,8,person,0,0.6148766875267029,342.2835693359375,255.8199462890625,20.047637939453125,39.814208984375
1337,11,person,0,0.8783840537071228,619.507568359375,422.30902099609375,40.5750732421875,113.47433471679688
1337,26,person,0,0.7498182058334351,268.9791259765625,267.2135009765625,16.896942138671875,45.095672607421875
1337,23,person,0,0.7804141640663147,288.6986389160156,275.8868408203125,18.8453369140625,59.74249267578125
1337,29,person,0,0.8030940294265747,304.4466552734375,256.0158996582031,13.240631103515625,39.03263854980469
1337,30,bicycle,1,0.8091848492622375,339.9653015136719,267.4242248535156,46.223876953125,28.50494384765625
1338,8,person,0,0.6273139715194702,341.3748779296875,256.1820373535156,18.685150146484375,40.17146301269531
1338,11,person,0,0.8681104779243469,620.125244140625,430.9469909667969,39.31304931640625,96.3673095703125
1338,26,person,0,0.7067631483078003,269.248291015625,267.7189025878906,16.708160400390625,45.12751770019531
1338,23,person,0,0.7877504229545593,288.88702392578125,276.3204345703125,19.3450927734375,60.063568115234375
1338,29,person,0,0.7918862700462341,304.40130615234375,256.21087646484375,13.123260498046875,39.235870361328125
1338,30,bicycle,1,0.8344913125038147,338.1026611328125,267.608642578125,46.236480712890625,28.438018798828125
1339,8,person,0,0.6968773603439331,339.0850830078125,256.6575622558594,21.755401611328125,42.08537292480469
1339,11,person,0,0.8486684560775757,620.7291870117188,433.9620666503906,38.0936279296875,89.91241455078125
1339,26,person,0,0.641234815120697,269.29901123046875,267.7349853515625,16.374053955078125,44.85762023925781
1339,23,person,0,0.8024712204933167,288.85052490234375,277.142333984375,19.684906005859375,61.10520935058594
1339,29,person,0,0.799254298210144,304.2567443847656,256.0357360839844,13.0341796875,38.90071105957031
1339,30,bicycle,1,0.8502798676490784,336.50897216796875,267.2239990234375,46.479949951171875,29.386550903320312
1340,8,person,0,0.7190850973129272,338.3123474121094,257.2208557128906,20.766357421875,42.78343200683594
1340,11,person,0,0.8645931482315063,621.3722534179688,435.5184326171875,36.786865234375,86.52157592773438
1340,26,person,0,0.7166479825973511,269.0671691894531,268.05096435546875,15.8714599609375,46.254180908203125
1340,23,person,0,0.7876079678535461,288.7476806640625,277.6759033203125,19.794036865234375,61.98442077636719
1340,29,person,0,0.8078199028968811,304.0888977050781,255.6912384033203,13.1639404296875,38.636993408203125
1340,30,bicycle,1,0.8431814312934875,334.87066650390625,267.451171875,46.030548095703125,29.513748168945312
1341,8,person,0,0.7042157649993896,337.259765625,257.3040771484375,19.986907958984375,42.094512939453125
1341,11,person,0,0.8694502115249634,622.0578002929688,436.9266357421875,35.3388671875,83.95828247070312
1341,26,person,0,0.7751957774162292,268.73974609375,267.6748352050781,15.962005615234375,47.33929443359375
1341,23,person,0,0.7765958309173584,288.7207946777344,278.29779052734375,19.80291748046875,62.435394287109375
1341,29,person,0,0.8087403178215027,303.883544921875,255.4864501953125,13.663543701171875,38.1075439453125
1341,30,bicycle,1,0.8417591452598572,332.94866943359375,267.5318603515625,46.123321533203125,29.838668823242188
1342,8,person,0,0.6647822260856628,335.47393798828125,257.16168212890625,20.33251953125,41.706207275390625
1342,11,person,0,0.8598252534866333,622.6401977539062,439.0248718261719,34.1168212890625,79.54486083984375
1342,26,person,0,0.7436513304710388,268.3082275390625,267.77362060546875,16.596405029296875,47.295318603515625
1342,23,person,0,0.7851032018661499,288.5240478515625,278.699462890625,19.910675048828125,62.11613464355469
1342,29,person,0,0.7988771796226501,303.70489501953125,255.30841064453125,13.871429443359375,37.47111511230469
1342,30,bicycle,1,0.8252623677253723,331.14923095703125,267.6811218261719,46.46441650390625,29.684921264648438
1343,8,person,0,0.6834481954574585,333.6701354980469,257.02545166015625,20.99334716796875,42.00251770019531
1343,11,person,0,0.7996474504470825,623.2561645507812,440.4407958984375,32.83447265625,76.70632934570312
1343,26,person,0,0.7717775106430054,268.1297607421875,267.53662109375,17.544342041015625,48.268463134765625
1343,23,person,0,0.7824680805206299,288.443115234375,279.2207946777344,20.1773681640625,61.7857666015625
1343,29,person,0,0.7967586517333984,303.6145324707031,255.34725952148438,14.134033203125,37.02693176269531
1343,30,bicycle,1,0.8214682340621948,329.486328125,267.58233642578125,46.401275634765625,30.490829467773438
1344,8,person,0,0.681062638759613,332.61468505859375,256.961669921875,20.5126953125,40.954986572265625
1344,11,person,0,0.7830095887184143,623.9588623046875,442.01080322265625,31.3792724609375,73.90447998046875
1344,26,person,0,0.7926901578903198,267.8652038574219,267.9283752441406,17.79815673828125,48.9468994140625
1344,23,person,0,0.788375735282898,288.0162353515625,279.44561767578125,20.077728271484375,61.58079528808594
1344,29,person,0,0.7934818863868713,303.582763671875,255.77642822265625,14.209503173828125,37.63905334472656
1344,30,bicycle,1,0.8104476928710938,328.5621643066406,268.2215576171875,45.8656005859375,29.933319091796875
1345,8,person,0,0.6539297103881836,332.12493896484375,257.2108154296875,19.282623291015625,39.828369140625
1345,11,person,0,0.6555436253547668,624.5408325195312,443.739501953125,30.213134765625,70.74203491210938
1345,26,person,0,0.7934980988502502,267.58343505859375,268.0173645019531,18.397613525390625,48.92457580566406
1345,23,person,0,0.7845920324325562,287.58221435546875,279.4747009277344,19.80706787109375,61.78436279296875
1345,29,person,0,0.770374059677124,303.5290222167969,256.2003173828125,14.09649658203125,37.619476318359375
1345,30,bicycle,1,0.7859740257263184,327.50238037109375,269.279541015625,44.22998046875,28.500656127929688
1346,8,person,0,0.7486435174942017,329.9980773925781,256.5056457519531,19.80816650390625,38.03497314453125
1346,11,person,0,0.33249157667160034,625.25537109375,444.90997314453125,28.8106689453125,68.11102294921875
1346,26,person,0,0.7340456247329712,267.248046875,264.33294677734375,18.296478271484375,41.524383544921875
1346,23,person,0,0.7667531371116638,287.2426452636719,279.0250244140625,20.4027099609375,61.49638366699219
1346,29,person,0,0.7582860589027405,303.406005859375,256.8436279296875,14.091033935546875,38.825408935546875
1346,30,bicycle,1,0.8145013451576233,326.54949951171875,270.0369873046875,42.624114990234375,26.917755126953125
1347,8,person,0,0.742402195930481,328.9010314941406,256.692138671875,19.34503173828125,37.90278625488281
1347,11,person,0,0.64177006483078,626.287353515625,447.3382568359375,26.865234375,64.20028686523438
1347,26,person,0,0.7799166440963745,266.7433776855469,266.5339660644531,17.68365478515625,46.97503662109375
1347,23,person,0,0.7670412063598633,287.12628173828125,279.2951354980469,20.532928466796875,61.78094482421875
1347,29,person,0,0.7701131105422974,303.0028076171875,257.4701232910156,13.802215576171875,38.90330505371094
1347,30,bicycle,1,0.7884442210197449,325.41668701171875,270.0975341796875,41.89666748046875,26.471405029296875
1348,8,person,0,0.7320910096168518,327.9152526855469,256.8481140136719,18.72515869140625,38.62342834472656
1348,11,person,0,0.5630144476890564,627.3350219726562,448.5137939453125,24.8233642578125,62.140411376953125
1348,26,person,0,0.7870440483093262,266.16314697265625,267.0543518066406,17.54022216796875,48.43507385253906
1348,23,person,0,0.786497175693512,287.11016845703125,279.2307434082031,20.731292724609375,61.79951477050781
1348,29,person,0,0.7650187015533447,302.36199951171875,257.5483093261719,13.199676513671875,38.69178771972656
1348,30,bicycle,1,0.6798821091651917,323.66058349609375,269.89544677734375,41.084869384765625,25.437408447265625
1349,8,person,0,0.7386836409568787,326.35992431640625,256.2421569824219,19.66131591796875,39.87513732910156
1349,11,person,0,0.4577257037162781,628.5579223632812,450.4627685546875,22.416015625,57.707061767578125
1349,26,person,0,0.7536398768424988,265.6343994140625,267.5810546875,17.5037841796875,47.85795593261719
1349,23,person,0,0.7550703883171082,287.12725830078125,278.4334716796875,21.823272705078125,61.78507995605469
1349,29,person,0,0.7646469473838806,302.3641357421875,257.6145935058594,14.6507568359375,38.92988586425781
1349,30,bicycle,1,0.6451616287231445,322.173095703125,269.5332946777344,41.105621337890625,24.82086181640625
1350,8,person,0,0.7212443947792053,325.2317199707031,256.80792236328125,19.2716064453125,42.53105163574219
1350,11,person,0,0.5357315540313721,630.0718994140625,452.0756530761719,19.40228271484375,55.1478271484375
1350,26,person,0,0.7794694304466248,265.2774658203125,267.5545654296875,17.71533203125,48.41169738769531
1350,23,person,0,0.7750502824783325,286.7791748046875,277.9639587402344,21.723175048828125,61.50968933105469
1350,29,person,0,0.7597755193710327,301.91778564453125,257.2815856933594,14.5567626953125,38.3265380859375
1350,30,bicycle,1,0.6888644695281982,320.7093200683594,269.2718811035156,41.1722412109375,26.2205810546875
1351,8,person,0,0.7196811437606812,323.81463623046875,256.73895263671875,19.368499755859375,43.298187255859375
1351,11,person,0,0.3369682729244232,631.287353515625,454.41961669921875,16.9534912109375,50.281585693359375
1351,26,person,0,0.7302376627922058,264.30413818359375,267.6854553222656,17.089996337890625,48.70916748046875
1351,23,person,0,0.7886747717857361,286.4534606933594,278.3068542480469,21.8017578125,62.30332946777344
1351,29,person,0,0.7708687782287598,301.13031005859375,256.8192138671875,13.406524658203125,37.168548583984375
1351,30,bicycle,1,0.7768856883049011,318.68829345703125,269.96221923828125,41.931884765625,27.315216064453125
1352,8,person,0,0.6925129890441895,322.71466064453125,256.4043273925781,18.466766357421875,42.00181579589844
1352,11,person,0,0.17837338149547577,632.699951171875,457.8217468261719,14.07159423828125,43.37237548828125
1352,26,person,0,0.7628793120384216,263.5896301269531,269.087646484375,17.336013793945312,49.47502136230469
1352,23,person,0,0.7902226448059082,286.4136657714844,279.137451171875,21.5841064453125,63.961822509765625
1352,29,person,0,0.7576873898506165,300.89141845703125,256.9298095703125,12.853179931640625,36.59452819824219
1352,30,bicycle,1,0.5820614695549011,317.6140441894531,270.1357421875,39.75909423828125,27.096710205078125
1353,8,person,0,0.6042333841323853,321.5643310546875,257.8612976074219,16.872222900390625,40.60200500488281
1353,11,person,0,0.21216991543769836,634.1376953125,460.52874755859375,11.13494873046875,38.25726318359375
1353,26,person,0,0.7441077828407288,262.92230224609375,269.72210693359375,17.545013427734375,49.855010986328125
1353,23,person,0,0.7964749336242676,286.1911926269531,279.534423828125,20.87786865234375,64.42221069335938
1353,29,person,0,0.7109172940254211,300.4248046875,256.99176025390625,12.476348876953125,36.76695251464844
1353,30,bicycle,1,0.6638632416725159,316.48065185546875,269.8501281738281,38.662872314453125,26.36468505859375
1354,8,person,0,0.7507883906364441,319.49066162109375,257.74652099609375,18.47601318359375,39.686248779296875
1354,26,person,0,0.7180168628692627,262.1076965332031,269.98785400390625,19.044509887695312,51.204864501953125
1354,23,person,0,0.7786547541618347,285.98248291015625,279.6212463378906,20.915802001953125,63.894287109375
1354,29,person,0,0.7438057065010071,300.0767822265625,257.0768737792969,12.244903564453125,36.97312927246094
1354,30,bicycle,1,0.6794753670692444,315.76226806640625,269.231201171875,37.643798828125,26.459228515625
1355,8,person,0,0.6999460458755493,318.35809326171875,258.06756591796875,18.869384765625,38.622222900390625
1355,26,person,0,0.7291816473007202,261.22247314453125,269.7438049316406,20.536712646484375,51.25505065917969
1355,23,person,0,0.7803031802177429,285.99676513671875,280.83673095703125,21.03839111328125,65.6910400390625
1355,29,person,0,0.732316792011261,299.9687805175781,257.0516357421875,12.58929443359375,37.343048095703125
1355,30,bicycle,1,0.6505240797996521,314.891357421875,269.0694885253906,35.866119384765625,27.524032592773438
1356,8,person,0,0.7275514602661133,316.97479248046875,258.4936828613281,18.321929931640625,39.43083190917969
1356,26,person,0,0.7670470476150513,260.86297607421875,269.61529541015625,21.258636474609375,51.09605407714844
1356,23,person,0,0.7597910165786743,286.65557861328125,281.35968017578125,22.306396484375,66.03469848632812
1356,29,person,0,0.6461360454559326,299.31182861328125,256.3370056152344,11.759185791015625,35.93226623535156
1356,30,bicycle,1,0.5756590366363525,314.918212890625,268.1165771484375,33.498443603515625,28.823333740234375
1357,8,person,0,0.6224084496498108,316.01263427734375,257.97210693359375,17.172027587890625,38.378265380859375
1357,26,person,0,0.7206584215164185,260.9559020996094,269.57989501953125,20.973190307617188,51.551483154296875
1357,23,person,0,0.7634062767028809,286.50128173828125,281.9429931640625,21.696014404296875,66.17172241210938
1357,29,person,0,0.6141036748886108,298.922607421875,255.02505493164062,11.218963623046875,33.04052734375
1357,30,bicycle,1,0.49598488211631775,313.6387939453125,267.90472412109375,33.032379150390625,28.655593872070312
1358,8,person,0,0.5730156302452087,315.71099853515625,258.80078125,15.381927490234375,39.86387634277344
1358,26,person,0,0.7078821659088135,260.32666015625,269.3126525878906,19.038833618164062,50.91456604003906
1358,23,person,0,0.7569665312767029,286.7939453125,282.1468811035156,21.6845703125,66.3548583984375
1358,29,person,0,0.4582920968532562,299.4615478515625,257.1177062988281,12.22796630859375,37.12779235839844
1358,30,bicycle,1,0.39868786931037903,312.92425537109375,268.7906494140625,31.567962646484375,28.30029296875
1359,8,person,0,0.5186821222305298,314.3305358886719,259.8682861328125,15.4769287109375,40.85166931152344
1359,26,person,0,0.7131825685501099,260.19189453125,268.836669921875,17.664260864257812,50.90306091308594
1359,23,person,0,0.764121413230896,286.53564453125,282.04296875,20.94146728515625,64.97969055175781
1359,29,person,0,0.281349778175354,299.22601318359375,255.4881591796875,12.012115478515625,33.69697570800781
1359,30,bicycle,1,0.551467776298523,311.92041015625,269.07696533203125,30.619415283203125,27.770950317382812
1360,8,person,0,0.550817608833313,312.6424865722656,258.82171630859375,16.14801025390625,39.33387756347656
1360,26,person,0,0.753109872341156,259.6787414550781,269.3561706542969,18.434402465820312,52.89582824707031
1360,23,person,0,0.7846348881721497,286.95263671875,283.31597900390625,21.712066650390625,65.68594360351562
1360,29,person,0,0.41655558347702026,300.30413818359375,258.73712158203125,14.387908935546875,39.81903076171875
1360,30,bicycle,1,0.5732916593551636,310.750732421875,269.1418151855469,29.829010009765625,27.5167236328125
1361,8,person,0,0.6547179818153381,311.4961853027344,257.5943298339844,15.38037109375,40.25953674316406
1361,26,person,0,0.7702586650848389,259.6592102050781,269.8138122558594,18.834609985351562,54.02772521972656
1361,23,person,0,0.7816659212112427,287.27825927734375,284.13916015625,21.660125732421875,66.72084045410156
1361,29,person,0,0.4941883385181427,300.7935791015625,260.0711975097656,15.814117431640625,42.49092102050781
1361,30,bicycle,1,0.5769712328910828,310.1269836425781,270.3558349609375,27.89990234375,25.770843505859375
1362,8,person,0,0.6066277027130127,310.4844970703125,258.4969482421875,14.955780029296875,42.711822509765625
1362,26,person,0,0.7767373919487,259.53680419921875,269.93743896484375,18.970916748046875,53.90153503417969
1362,23,person,0,0.7540451288223267,287.4007873535156,283.4543151855469,21.404052734375,65.09547424316406
1362,29,person,0,0.4371050000190735,299.43414306640625,260.7301330566406,13.712310791015625,43.3240966796875
1362,30,bicycle,1,0.5392282009124756,309.2943115234375,271.6558532714844,26.3631591796875,26.78985595703125
1363,8,person,0,0.531139075756073,308.36151123046875,259.4986877441406,16.408905029296875,44.2216796875
1363,26,person,0,0.7786956429481506,259.46575927734375,270.0834045410156,18.516769409179688,53.67253112792969
1363,23,person,0,0.7125983238220215,288.02032470703125,283.99853515625,22.477447509765625,66.434326171875
1363,29,person,0,0.5255454778671265,299.22845458984375,261.29437255859375,13.72088623046875,43.86607360839844
1364,8,person,0,0.4812350273132324,308.0384216308594,260.3284912109375,15.971923828125,45.27046203613281
1364,26,person,0,0.7842164635658264,259.3314208984375,269.89654541015625,18.196212768554688,53.1275634765625
1364,23,person,0,0.7581703066825867,288.47650146484375,284.3638610839844,24.017059326171875,66.96339416503906
1364,29,person,0,0.6028004884719849,299.1567687988281,261.43121337890625,13.4688720703125,43.000335693359375
1365,8,person,0,0.3322941064834595,308.0286865234375,260.55059814453125,15.052215576171875,44.52937316894531
1365,26,person,0,0.7769308686256409,259.2586975097656,270.7752685546875,18.260971069335938,54.1925048828125
1365,23,person,0,0.7542352080345154,288.677490234375,284.47015380859375,23.764923095703125,67.86859130859375
1365,29,person,0,0.48850545287132263,299.0849914550781,259.55963134765625,12.5970458984375,38.01863098144531
1366,8,person,0,0.27112793922424316,307.35986328125,261.9201354980469,15.886260986328125,45.76353454589844
1366,26,person,0,0.7678540945053101,259.1392517089844,271.4053955078125,18.131759643554688,54.649749755859375
1366,23,person,0,0.769335925579071,288.3533630371094,284.79132080078125,22.23052978515625,67.62896728515625
1366,29,person,0,0.4950215220451355,298.580322265625,262.2861328125,11.659637451171875,41.37933349609375
1367,8,person,0,0.32074451446533203,306.5794677734375,260.0155944824219,14.384124755859375,44.84785461425781
1367,26,person,0,0.7772366404533386,259.0117492675781,271.870849609375,18.345382690429688,53.856292724609375
1367,23,person,0,0.7796274423599243,288.3014221191406,285.1141357421875,21.46075439453125,67.29350280761719
1367,29,person,0,0.5459094047546387,298.15545654296875,260.4891662597656,10.242767333984375,37.07647705078125
1368,8,person,0,0.6977366805076599,303.94598388671875,260.552978515625,17.18695068359375,47.81671142578125
1368,26,person,0,0.7703703045845032,258.9159240722656,271.24365234375,18.474365234375,52.28028869628906
1368,23,person,0,0.7760952115058899,288.38201904296875,285.2608642578125,21.249786376953125,67.83683776855469
1369,8,person,0,0.7170633673667908,302.46478271484375,260.59039306640625,17.506011962890625,49.47999572753906
1369,26,person,0,0.7695730328559875,259.0006103515625,271.6483154296875,18.636627197265625,52.959747314453125
1369,23,person,0,0.7709484696388245,288.46246337890625,285.0274963378906,21.465606689453125,68.93878173828125
1370,8,person,0,0.5779016017913818,301.5910339355469,260.842529296875,16.785400390625,48.319915771484375
1370,26,person,0,0.7627608776092529,259.43768310546875,271.8830871582031,18.705291748046875,53.22572326660156
1370,23,person,0,0.7840018272399902,289.2853698730469,285.0971984863281,22.42498779296875,69.1617431640625
1371,8,person,0,0.6204848885536194,300.6317138671875,260.0257568359375,16.27264404296875,46.281158447265625
1371,26,person,0,0.766851544380188,259.55035400390625,271.5552062988281,18.873504638671875,53.0443115234375
1371,23,person,0,0.779090940952301,289.5662841796875,285.075439453125,23.134857177734375,70.78338623046875
1372,8,person,0,0.27938732504844666,299.8271179199219,259.1528625488281,15.652099609375,45.78997802734375
1372,26,person,0,0.7805576920509338,259.49102783203125,271.206298828125,18.910690307617188,52.686126708984375
1372,23,person,0,0.7927551865577698,289.34912109375,285.4449768066406,23.476837158203125,71.04478454589844
1373,8,person,0,0.5220993757247925,300.2890625,261.7121276855469,14.342803955078125,46.25746154785156
1373,26,person,0,0.8026452660560608,259.3704833984375,271.1560363769531,19.051773071289062,53.25898742675781
1373,23,person,0,0.7909964323043823,289.04058837890625,285.9170837402344,23.748565673828125,71.27659606933594
1374,8,person,0,0.5499656796455383,300.16070556640625,261.6791687011719,13.616424560546875,48.2161865234375
1374,26,person,0,0.7933871746063232,259.19757080078125,271.4350891113281,19.536209106445312,54.63824462890625
1374,23,person,0,0.7724360823631287,289.291748046875,286.1730041503906,23.68994140625,70.3795166015625
1375,8,person,0,0.4971497058868408,299.2188415527344,260.9856872558594,14.90875244140625,46.83592224121094
1375,26,person,0,0.7918950915336609,259.0470886230469,271.76861572265625,20.013870239257812,56.15950012207031
1375,23,person,0,0.7729158401489258,289.65228271484375,286.6490478515625,24.0399169921875,70.67182922363281
1376,8,person,0,0.6475980281829834,297.9859924316406,260.17169189453125,16.38836669921875,45.522552490234375
1376,26,person,0,0.7881072163581848,258.7615661621094,272.1967468261719,20.291641235351562,56.1375732421875
1376,23,person,0,0.7903444170951843,289.6302185058594,287.4784851074219,24.4390869140625,71.67304992675781
1377,8,person,0,0.6622714996337891,297.1744384765625,258.685791015625,17.4188232421875,42.68531799316406
1377,26,person,0,0.8207290172576904,258.5096130371094,272.4816589355469,20.104660034179688,54.38996887207031
1377,23,person,0,0.7833653688430786,289.70220947265625,287.3246765136719,24.15740966796875,72.12152099609375
1378,8,person,0,0.6874314546585083,296.4420166015625,258.0751037597656,18.8690185546875,41.21397399902344
1378,26,person,0,0.8070158958435059,258.189697265625,272.67193603515625,20.152252197265625,53.64390563964844
1378,23,person,0,0.7067422866821289,289.21856689453125,288.04852294921875,24.5230712890625,73.47468566894531
1379,8,person,0,0.6966887712478638,296.2200012207031,255.79791259765625,19.5863037109375,36.29145812988281
1379,26,person,0,0.7860350608825684,258.1482238769531,273.09381103515625,19.925949096679688,53.191314697265625
1379,23,person,0,0.7831981182098389,287.75579833984375,288.5069580078125,27.90704345703125,73.79135131835938
1380,8,person,0,0.5311635732650757,296.143310546875,256.19085693359375,20.225860595703125,36.668060302734375
1380,26,person,0,0.7968789339065552,257.1685791015625,273.4285583496094,21.033493041992188,53.36640930175781
1380,23,person,0,0.7196594476699829,286.4178466796875,288.53759765625,27.63330078125,73.44351196289062
1381,8,person,0,0.6760764718055725,296.13043212890625,257.18328857421875,20.471832275390625,38.317169189453125
1381,26,person,0,0.7860933542251587,256.39190673828125,274.0993347167969,21.349517822265625,54.12785339355469
1381,23,person,0,0.7329055666923523,286.91473388671875,288.5652160644531,25.723541259765625,73.98484802246094
1382,8,person,0,0.6318638324737549,295.4685363769531,258.24871826171875,19.2569580078125,40.554473876953125
1382,26,person,0,0.7673612833023071,255.52122497558594,274.7659606933594,22.450103759765625,54.49034118652344
1382,23,person,0,0.7178367972373962,287.8638916015625,287.6240234375,23.56048583984375,72.25601196289062
1383,8,person,0,0.5558630228042603,295.6571350097656,258.82672119140625,20.09442138671875,41.28211975097656
1383,26,person,0,0.7661687731742859,255.2215118408203,274.7787170410156,21.996551513671875,54.15168762207031
1383,23,person,0,0.7004402875900269,287.4127197265625,287.4644775390625,23.461273193359375,73.52568054199219
1384,8,person,0,0.33682307600975037,295.29705810546875,260.423828125,23.0059814453125,42.903656005859375
1384,26,person,0,0.7690157294273376,254.77200317382812,274.4889831542969,22.668685913085938,54.255615234375
1384,23,person,0,0.5507407188415527,287.89068603515625,285.5299377441406,22.597137451171875,76.81298828125
1385,8,person,0,0.5127719640731812,298.2314453125,260.894287109375,18.025604248046875,42.815887451171875
1385,26,person,0,0.8063762784004211,253.8387908935547,274.39801025390625,24.814605712890625,54.298004150390625
1385,23,person,0,0.7109253406524658,287.6320495605469,286.8826904296875,22.58203125,76.07432556152344
1386,8,person,0,0.5091277956962585,300.42559814453125,261.9490051269531,13.30133056640625,42.69334411621094
1386,26,person,0,0.8080407381057739,253.43048095703125,274.3782653808594,25.4171142578125,54.13334655761719
1386,23,person,0,0.7156506180763245,287.06396484375,287.09478759765625,22.81317138671875,77.04769897460938
1387,8,person,0,0.5505557060241699,300.82080078125,262.10064697265625,12.24884033203125,42.473602294921875
1387,26,person,0,0.8152256011962891,253.65936279296875,274.9189147949219,24.6839599609375,55.49571228027344
1387,23,person,0,0.7573413848876953,286.9805908203125,288.2315368652344,22.852569580078125,75.46797180175781
1388,8,person,0,0.5910171270370483,301.1251220703125,264.02825927734375,12.007720947265625,41.90968322753906
1388,26,person,0,0.8105540871620178,253.98379516601562,275.48016357421875,23.73480224609375,56.64875793457031
1388,23,person,0,0.7477166652679443,286.62225341796875,289.11639404296875,22.354583740234375,75.02769470214844
1389,8,person,0,0.5555661916732788,301.53387451171875,265.9299011230469,11.33673095703125,41.86344909667969
1389,26,person,0,0.8133625388145447,254.049072265625,275.992919921875,23.555709838867188,57.66825866699219
1389,23,person,0,0.7722169160842896,286.31768798828125,290.35369873046875,23.086273193359375,75.15475463867188
1389,29,person,0,0.5279953479766846,291.91033935546875,252.98178100585938,13.22442626953125,26.9549560546875
1390,8,person,0,0.6355811953544617,301.6544189453125,266.1434020996094,11.787750244140625,41.00762939453125
1390,26,person,0,0.8241404891014099,253.27972412109375,276.3614196777344,23.673965454101562,58.52815246582031
1390,23,person,0,0.7544177770614624,285.4681396484375,290.86737060546875,23.756011962890625,75.15071105957031
1390,29,person,0,0.5392810702323914,292.0718994140625,252.84103393554688,12.436614990234375,25.720108032226562
1391,8,person,0,0.6746109127998352,301.0234069824219,264.88751220703125,12.7418212890625,40.47465515136719
1391,26,person,0,0.8236050605773926,252.84774780273438,276.892578125,23.019088745117188,59.33012390136719
1391,23,person,0,0.7413658499717712,286.1451416015625,291.3364562988281,23.712738037109375,75.02546691894531
1391,29,person,0,0.4278944134712219,290.93572998046875,252.88839721679688,12.893585205078125,25.797927856445312
1392,8,person,0,0.6738157868385315,301.0238037109375,265.02862548828125,12.714508056640625,39.556793212890625
1392,26,person,0,0.8205918073654175,252.63507080078125,277.644775390625,22.348876953125,59.74656677246094
1392,23,person,0,0.7676146626472473,286.626220703125,291.496826171875,24.344635009765625,76.11732482910156
1392,29,person,0,0.431740939617157,289.38177490234375,253.5161590576172,15.52716064453125,27.461944580078125
1393,8,person,0,0.6546676754951477,300.9013671875,265.4567565917969,12.187957763671875,39.23681640625
1393,26,person,0,0.8217292428016663,252.40634155273438,277.8662109375,21.79022216796875,59.95161437988281
1393,23,person,0,0.7630098462104797,287.3090515136719,292.3838195800781,24.3125,76.241943359375
1393,29,person,0,0.5878934264183044,288.2415771484375,254.05203247070312,17.69586181640625,28.62738037109375
1394,8,person,0,0.6868553161621094,300.7474670410156,265.0068359375,12.37567138671875,39.96412658691406
1394,26,person,0,0.8223272562026978,252.37088012695312,278.3085632324219,21.629440307617188,59.67497253417969
1394,23,person,0,0.786026120185852,287.47216796875,293.1627197265625,25.243927001953125,75.97389221191406
1394,29,person,0,0.6507655382156372,287.79620361328125,254.494140625,18.073577880859375,29.217422485351562
1395,8,person,0,0.6954071521759033,301.24676513671875,264.1600341796875,11.776275634765625,40.47419738769531
1395,26,person,0,0.8125727772712708,252.37432861328125,278.55908203125,21.37646484375,59.50370788574219
1395,23,person,0,0.8078529834747314,287.8328552246094,294.0292663574219,26.159912109375,76.11045837402344
1395,29,person,0,0.6908712387084961,287.2706298828125,254.51402282714844,19.17901611328125,29.253997802734375
1396,8,person,0,0.6795247793197632,301.7030944824219,263.57830810546875,11.780517578125,40.904754638671875
1396,26,person,0,0.8206040263175964,252.23895263671875,278.5621337890625,21.67596435546875,59.35813903808594
1396,23,person,0,0.8156343698501587,287.527099609375,294.098388671875,27.4786376953125,77.20045471191406
1396,29,person,0,0.6901024580001831,286.79443359375,254.15866088867188,20.288665771484375,28.39044189453125
1397,8,person,0,0.6999430656433105,301.83233642578125,263.372314453125,12.31317138671875,40.91986083984375
1397,26,person,0,0.8102204203605652,251.8572998046875,278.4880676269531,22.34625244140625,59.24833679199219
1397,23,person,0,0.8031483292579651,287.31787109375,293.91912841796875,27.112213134765625,77.97390747070312
1397,29,person,0,0.6689300537109375,286.89501953125,254.5639190673828,20.27032470703125,28.819061279296875
1398,8,person,0,0.7058274149894714,301.9773864746094,263.2164306640625,12.559814453125,40.5042724609375
1398,26,person,0,0.8079685568809509,251.70474243164062,278.323974609375,22.77911376953125,59.192657470703125
1398,23,person,0,0.8085616230964661,287.38385009765625,294.40301513671875,26.70465087890625,77.01417541503906
1398,29,person,0,0.6698136329650879,286.9520263671875,254.79173278808594,20.337158203125,28.715850830078125
1399,8,person,0,0.7360023856163025,302.2353515625,262.87176513671875,12.555877685546875,40.11187744140625
1399,26,person,0,0.7934368848800659,251.6319580078125,278.34033203125,23.113815307617188,59.22630310058594
1399,23,person,0,0.8035273551940918,287.44232177734375,294.6492614746094,26.60235595703125,76.74737548828125
1399,29,person,0,0.7393313050270081,286.7830810546875,254.1559295654297,20.754180908203125,28.348297119140625
1400,8,person,0,0.7440678477287292,302.3517150878906,262.56591796875,13.3896484375,40.32652282714844
1400,26,person,0,0.831424355506897,250.7122344970703,278.2751159667969,24.883636474609375,59.31507873535156
1400,23,person,0,0.8034977316856384,287.6492919921875,294.4727783203125,25.728057861328125,77.1925048828125
1400,29,person,0,0.7532121539115906,286.677978515625,253.66363525390625,20.84326171875,27.966018676757812
1401,8,person,0,0.7474608421325684,302.3261413574219,262.2920837402344,14.1041259765625,39.98529052734375
1401,26,person,0,0.8357112407684326,250.26666259765625,278.12091064453125,25.838241577148438,59.86582946777344
1401,23,person,0,0.8002349138259888,287.80841064453125,294.18743896484375,25.221588134765625,77.51893615722656
1401,29,person,0,0.7082935571670532,286.7598571777344,253.5971221923828,20.36370849609375,27.413726806640625
1402,8,person,0,0.7430518269538879,302.1561584472656,262.039794921875,14.7403564453125,39.52748107910156
1402,26,person,0,0.8191148042678833,250.14999389648438,278.0318603515625,25.707656860351562,60.3192138671875
1402,23,person,0,0.7878490090370178,287.44342041015625,293.8533935546875,26.084564208984375,78.06843566894531
1402,29,person,0,0.7253022193908691,286.7177734375,253.524169921875,20.166412353515625,26.79156494140625
1403,8,person,0,0.7369964122772217,302.6068420410156,261.7398376464844,14.63458251953125,38.87165832519531
1403,26,person,0,0.7997850775718689,249.92178344726562,278.3333435058594,24.926254272460938,60.743896484375
1403,23,person,0,0.7925244569778442,287.93292236328125,293.7923889160156,25.452789306640625,78.62461853027344
1403,29,person,0,0.6708991527557373,286.76873779296875,253.61618041992188,19.812103271484375,26.36834716796875
1404,8,person,0,0.7313627600669861,303.1649169921875,261.9246826171875,14.592803955078125,39.3428955078125
1404,26,person,0,0.7986831068992615,249.37689208984375,279.06195068359375,25.3165283203125,61.55335998535156
1404,23,person,0,0.7704037427902222,288.5435791015625,294.6925048828125,25.243011474609375,78.02272033691406
1404,29,person,0,0.6777921319007874,286.8698425292969,253.98936462402344,20.15167236328125,26.799957275390625
1405,8,person,0,0.7278769016265869,303.1829833984375,262.4412841796875,14.80352783203125,40.029632568359375
1405,26,person,0,0.7618059515953064,249.40994262695312,279.0246276855469,24.188156127929688,61.47880554199219
1405,23,person,0,0.8120010495185852,288.45220947265625,295.2978515625,25.577606201171875,79.35699462890625
1405,29,person,0,0.6623928546905518,286.780517578125,254.43954467773438,20.327972412109375,27.428421020507812
1406,8,person,0,0.7132272720336914,303.25799560546875,262.5916748046875,14.857513427734375,40.03721618652344
1406,26,person,0,0.7745823860168457,249.34500122070312,278.9623718261719,21.725326538085938,60.71360778808594
1406,23,person,0,0.8331207633018494,288.0965576171875,296.0396728515625,25.663726806640625,79.65756225585938
1406,29,person,0,0.6805300116539001,287.151123046875,254.83499145507812,21.023681640625,27.8916015625
1407,8,person,0,0.7189957499504089,302.897216796875,262.5091552734375,14.93896484375,40.13151550292969
1407,26,person,0,0.7149655818939209,248.60000610351562,278.8595275878906,23.84136962890625,60.47380065917969
1407,23,person,0,0.8233975768089294,288.11468505859375,296.37286376953125,25.51116943359375,79.71908569335938
1407,29,person,0,0.6375014781951904,286.839599609375,254.7576904296875,20.201873779296875,27.57708740234375
1408,8,person,0,0.6929718255996704,302.86663818359375,263.02740478515625,14.8927001953125,40.71070861816406
1408,26,person,0,0.7877533435821533,245.19720458984375,278.96746826171875,29.534866333007812,60.245086669921875
1408,23,person,0,0.8086817860603333,288.1376953125,297.8329772949219,25.20269775390625,76.6971435546875
1408,29,person,0,0.5935820937156677,287.3037414550781,255.3339080810547,21.3795166015625,28.643768310546875
1409,8,person,0,0.6969983577728271,302.4310607910156,263.09429931640625,14.56341552734375,40.56781005859375
1409,26,person,0,0.6815858483314514,243.10623168945312,280.5596618652344,32.260009765625,61.24229431152344
1409,23,person,0,0.8181476593017578,288.1179504394531,298.1727294921875,25.30548095703125,77.84091186523438
1409,29,person,0,0.6376683115959167,287.2674255371094,255.18304443359375,21.22564697265625,28.729934692382812
1410,8,person,0,0.7113786339759827,302.10546875,263.168212890625,14.9989013671875,40.81004333496094
1410,26,person,0,0.7254813313484192,243.60916137695312,281.7526550292969,30.236740112304688,59.07939147949219
1410,23,person,0,0.833709716796875,287.87188720703125,299.1658935546875,25.454498291015625,78.79122924804688
1410,29,person,0,0.6771678328514099,287.3722229003906,255.38958740234375,21.6131591796875,29.362197875976562
1411,8,person,0,0.7289592027664185,301.62957763671875,263.1325378417969,14.868133544921875,40.52911376953125
1411,26,person,0,0.6894646883010864,245.39288330078125,281.89752197265625,25.411911010742188,58.33416748046875
1411,23,person,0,0.8350185751914978,287.72747802734375,299.6544189453125,25.659912109375,79.87136840820312
1411,29,person,0,0.6670432686805725,287.07330322265625,255.60032653808594,21.133514404296875,29.681915283203125
1412,8,person,0,0.7251306176185608,301.5407409667969,263.5018005371094,14.04962158203125,41.35710144042969
1412,26,person,0,0.6387507915496826,241.62908935546875,282.21356201171875,31.349807739257812,58.600921630859375
1412,23,person,0,0.830604612827301,287.5097351074219,299.93450927734375,25.82684326171875,80.21719360351562
1412,29,person,0,0.6472011208534241,287.9404602050781,256.00250244140625,22.328125,30.41510009765625
1413,8,person,0,0.7145618796348572,301.5865783691406,263.7265625,13.242919921875,42.142181396484375
1413,26,person,0,0.6567425727844238,241.83380126953125,281.70062255859375,30.085922241210938,59.33522033691406
1413,23,person,0,0.8286745548248291,287.29022216796875,299.76422119140625,26.099151611328125,80.87203979492188
1413,29,person,0,0.6315255165100098,288.38232421875,256.2633056640625,22.8623046875,31.102935791015625
1414,8,person,0,0.7209720611572266,301.4803161621094,264.27679443359375,12.9793701171875,43.99089050292969
1414,26,person,0,0.7879366278648376,239.667724609375,281.5504150390625,33.4056396484375,60.42878723144531
1414,23,person,0,0.8356952667236328,287.08685302734375,299.58758544921875,26.3597412109375,81.13916015625
1414,29,person,0,0.6309627890586853,288.0316467285156,256.04656982421875,22.58343505859375,30.636962890625
1415,8,person,0,0.698616623878479,301.42999267578125,265.14013671875,12.58514404296875,45.400360107421875
1415,26,person,0,0.7999019026756287,238.9381866455078,281.8598937988281,33.793365478515625,60.56446838378906
1415,23,person,0,0.8330591917037964,286.8323059082031,299.150390625,26.77301025390625,81.9642333984375
1415,29,person,0,0.5643090605735779,289.3652648925781,257.1588439941406,24.329833984375,32.94139099121094
1416,8,person,0,0.6993059515953064,301.1749572753906,265.42413330078125,12.8638916015625,45.98640441894531
1416,26,person,0,0.8240270018577576,239.09432983398438,282.46307373046875,32.08238220214844,61.12469482421875
1416,23,person,0,0.833814799785614,286.62847900390625,298.7803039550781,27.315155029296875,82.764892578125
1416,29,person,0,0.4867352247238159,288.91375732421875,257.01031494140625,23.624420166015625,31.981048583984375
1417,8,person,0,0.7230772972106934,300.8006591796875,265.51397705078125,13.5013427734375,45.852386474609375
1417,26,person,0,0.8312693238258362,239.2105712890625,282.77484130859375,30.676589965820312,61.713409423828125
1417,23,person,0,0.8184114694595337,286.62359619140625,298.08709716796875,27.725189208984375,83.60440063476562
1417,29,person,0,0.45488062500953674,287.82177734375,256.093017578125,21.2529296875,30.278701782226562
1418,8,person,0,0.6979928016662598,300.6940002441406,264.4588317871094,13.5218505859375,43.34083557128906
1418,26,person,0,0.8354172706604004,239.36016845703125,283.2062683105469,29.386642456054688,62.46759033203125
1418,23,person,0,0.7990949749946594,286.14703369140625,298.05224609375,27.650299072265625,83.80288696289062
1418,29,person,0,0.32043084502220154,286.82666015625,255.64659118652344,21.458343505859375,29.498626708984375
1419,8,person,0,0.7182990312576294,300.7464904785156,265.7557678222656,13.67578125,45.44427490234375
1419,26,person,0,0.8054440021514893,239.9810791015625,284.28179931640625,27.53741455078125,63.3660888671875
1419,23,person,0,0.8321627378463745,286.0028076171875,298.09002685546875,27.892913818359375,83.70187377929688
1419,29,person,0,0.3408973217010498,287.1817932128906,255.82034301757812,20.19952392578125,29.344253540039062
1420,8,person,0,0.7256710529327393,300.7579040527344,266.394775390625,13.565185546875,46.11131286621094
1420,26,person,0,0.8269613981246948,240.7566375732422,284.84478759765625,27.1243896484375,63.87553405761719
1420,23,person,0,0.8371894955635071,285.6888732910156,298.440185546875,28.219482421875,83.90567016601562
1420,29,person,0,0.3475267291069031,288.3448791503906,257.06732177734375,19.743408203125,31.928115844726562
1421,8,person,0,0.7327638268470764,300.5809326171875,266.93695068359375,13.31097412109375,46.33952331542969
1421,26,person,0,0.8246580958366394,241.336181640625,285.4185485839844,26.543106079101562,64.74510192871094
1421,23,person,0,0.8459726572036743,285.40130615234375,299.36029052734375,28.216766357421875,85.4527587890625
1421,29,person,0,0.4598925709724426,288.2671203613281,256.7913513183594,19.44769287109375,31.806442260742188
1422,8,person,0,0.7374222874641418,300.60113525390625,267.4110107421875,12.921295166015625,46.300811767578125
1422,26,person,0,0.8253700733184814,241.44256591796875,285.48956298828125,25.992141723632812,65.09373474121094
1422,23,person,0,0.8531362414360046,284.92156982421875,300.54266357421875,28.511199951171875,86.3038330078125
1422,29,person,0,0.4556758999824524,288.78790283203125,257.01605224609375,20.561004638671875,32.62196350097656
1423,8,person,0,0.7385891675949097,300.81524658203125,267.7644958496094,13.196746826171875,46.11785888671875
1423,26,person,0,0.8253515958786011,241.64425659179688,285.30682373046875,25.495101928710938,63.46051025390625
1423,23,person,0,0.8517745733261108,284.5457763671875,301.6365661621094,28.832672119140625,85.98675537109375
1423,29,person,0,0.420747309923172,289.91741943359375,257.965087890625,23.193817138671875,34.024688720703125
1424,8,person,0,0.7147060632705688,300.88970947265625,267.59149169921875,12.866058349609375,45.9217529296875
1424,26,person,0,0.7977330088615417,241.4835205078125,285.86761474609375,25.316513061523438,63.086883544921875
1424,23,person,0,0.8554422855377197,284.4521484375,302.3541259765625,29.45001220703125,85.280517578125
1424,29,person,0,0.4674895405769348,291.12298583984375,259.77166748046875,26.195892333984375,37.400604248046875
1425,8,person,0,0.7141410112380981,301.017578125,267.42376708984375,12.972930908203125,46.40049743652344
1425,26,person,0,0.7999932765960693,241.74185180664062,286.4293212890625,23.040603637695312,64.2049560546875
1425,23,person,0,0.8535651564598083,284.4881591796875,302.66387939453125,30.144989013671875,84.61422729492188
1425,29,person,0,0.5210620164871216,291.61279296875,262.40936279296875,27.99493408203125,42.78736877441406
1426,8,person,0,0.6935556530952454,301.01104736328125,266.60736083984375,12.826690673828125,45.337005615234375
1426,26,person,0,0.827147901058197,240.36720275878906,286.6291809082031,25.130523681640625,65.00651550292969
1426,23,person,0,0.8544554710388184,284.34259033203125,303.27069091796875,30.364959716796875,86.00741577148438
1426,29,person,0,0.5909098982810974,291.7149658203125,262.8648681640625,28.347381591796875,44.363677978515625
1427,8,person,0,0.6939209699630737,301.517822265625,266.8626708984375,13.203643798828125,45.97343444824219
1427,26,person,0,0.8064340949058533,239.75955200195312,286.80340576171875,25.621505737304688,64.76937866210938
1427,23,person,0,0.8560383319854736,284.1288757324219,304.5687255859375,30.10418701171875,88.1502685546875
1427,29,person,0,0.6248881220817566,291.29473876953125,264.09912109375,27.906494140625,46.44712829589844
1428,8,person,0,0.6938480734825134,301.9793395996094,267.0207214355469,13.93011474609375,46.36997985839844
1428,26,person,0,0.8275530338287354,238.8245086669922,286.6412353515625,26.390777587890625,65.31192016601562
1428,23,person,0,0.8680073618888855,284.0101623535156,305.2486572265625,30.563232421875,88.68124389648438
1428,29,person,0,0.6372076272964478,290.85150146484375,263.5538330078125,27.207855224609375,45.69755554199219
1429,8,person,0,0.6966857314109802,302.1488342285156,267.1365661621094,14.09564208984375,46.61991882324219
1429,26,person,0,0.8180907964706421,238.06576538085938,286.6921691894531,26.994735717773438,65.36412048339844
1429,23,person,0,0.8724686503410339,283.7574157714844,305.7396240234375,30.79241943359375,89.08737182617188
1429,29,person,0,0.5551853775978088,290.5353698730469,263.27520751953125,26.50506591796875,44.90950012207031
1430,8,person,0,0.7209858298301697,302.2525329589844,267.23828125,14.13946533203125,47.03709411621094
1430,26,person,0,0.8310376405715942,237.12420654296875,286.5311584472656,27.426315307617188,65.31689453125
1430,23,person,0,0.8716081380844116,283.89141845703125,306.04638671875,30.838592529296875,88.72216796875
1430,29,person,0,0.6081628203392029,290.3016357421875,263.2950744628906,26.14349365234375,45.17369079589844
1431,8,person,0,0.7272252440452576,302.238037109375,267.00543212890625,14.274200439453125,46.75489807128906
1431,26,person,0,0.8353741765022278,236.28054809570312,286.955078125,27.439300537109375,65.66232299804688
1431,23,person,0,0.8674308657646179,283.9051208496094,306.1902160644531,30.9012451171875,88.56707763671875
1431,29,person,0,0.6449505090713501,290.37652587890625,263.9861145019531,26.533843994140625,45.24354553222656
1432,8,person,0,0.7371479272842407,302.1729736328125,267.07135009765625,14.13592529296875,46.39155578613281
1432,26,person,0,0.8384951949119568,235.46932983398438,286.8951110839844,26.693527221679688,65.98504638671875
1432,23,person,0,0.8768914937973022,284.0221862792969,306.24737548828125,31.0777587890625,89.12075805664062
1432,29,person,0,0.6308664083480835,290.44378662109375,264.0665283203125,26.491546630859375,45.19429016113281
1433,8,person,0,0.768751859664917,302.1337890625,267.31561279296875,14.166412353515625,46.580963134765625
1433,26,person,0,0.749012291431427,234.99029541015625,287.17901611328125,26.69976806640625,65.56533813476562
1433,23,person,0,0.8763320446014404,284.14263916015625,306.1824951171875,31.238983154296875,89.26779174804688
1433,29,person,0,0.6413243412971497,289.8786315917969,263.22357177734375,25.03997802734375,44.017181396484375
1434,8,person,0,0.7443118095397949,302.2440185546875,267.22802734375,14.150787353515625,46.674591064453125
1434,26,person,0,0.7671405076980591,236.23992919921875,286.96661376953125,23.639862060546875,64.97581481933594
1434,23,person,0,0.8827677965164185,284.3039245605469,306.0859375,31.41448974609375,89.25906372070312
1434,29,person,0,0.5928195118904114,290.4771728515625,263.3814697265625,26.323516845703125,45.34458923339844
1435,8,person,0,0.6963371634483337,302.3928527832031,267.3179016113281,14.24951171875,45.87278747558594
1435,26,person,0,0.7969071269035339,235.4696044921875,287.8021240234375,24.099502563476562,66.37179565429688
1435,23,person,0,0.8819819688796997,284.2681884765625,306.0048828125,31.006927490234375,89.11016845703125
1435,29,person,0,0.5559523105621338,290.68841552734375,264.40447998046875,26.324615478515625,45.975433349609375
1436,8,person,0,0.6334545612335205,302.2577819824219,267.8495788574219,13.49432373046875,44.73577880859375
1436,26,person,0,0.8354748487472534,233.65420532226562,288.9639892578125,25.277847290039062,67.29368591308594
1436,23,person,0,0.8745489716529846,284.284423828125,306.12139892578125,30.845947265625,89.46319580078125
1436,29,person,0,0.5550022125244141,290.64886474609375,265.0521545410156,26.381622314453125,46.25144958496094
1437,8,person,0,0.6726931929588318,302.1575927734375,268.0337829589844,13.127105712890625,44.8232421875
1437,26,person,0,0.8271288871765137,232.50955200195312,289.6470947265625,26.249435424804688,67.65567016601562
1437,23,person,0,0.8758571743965149,284.16290283203125,306.2664794921875,30.668060302734375,89.73281860351562
1437,29,person,0,0.4977588951587677,290.3428955078125,263.021728515625,25.541046142578125,43.67259216308594
1438,8,person,0,0.6656856536865234,302.1926574707031,267.9330749511719,13.52325439453125,45.36865234375
1438,26,person,0,0.8032348155975342,231.57504272460938,289.5086669921875,27.069747924804688,67.73361206054688
1438,23,person,0,0.8704226016998291,284.1854248046875,307.0060119628906,30.414093017578125,91.39520263671875
1438,29,person,0,0.543171763420105,290.53082275390625,264.5552978515625,25.454376220703125,46.10115051269531
1439,8,person,0,0.6756820678710938,302.1054382324219,267.88702392578125,14.2642822265625,45.819854736328125
1439,26,person,0,0.7867650985717773,231.4140625,289.23681640625,26.608505249023438,65.94992065429688
1439,23,person,0,0.8672211170196533,284.1252746582031,308.3360900878906,30.24859619140625,92.87945556640625
1439,29,person,0,0.5769046545028687,290.270751953125,263.81109619140625,25.537506103515625,46.43959045410156
1440,8,person,0,0.7180187702178955,301.92291259765625,267.4288024902344,14.187408447265625,44.07575988769531
1440,26,person,0,0.7811731696128845,231.36468505859375,289.85205078125,26.799453735351562,67.18051147460938
1440,23,person,0,0.8741163611412048,284.141845703125,309.60211181640625,30.41107177734375,94.00115966796875
1440,29,person,0,0.5695298314094543,289.2772521972656,262.87567138671875,23.84515380859375,43.551666259765625
1441,8,person,0,0.6784008145332336,301.485595703125,266.8778076171875,14.733978271484375,43.543792724609375
1441,26,person,0,0.8101235032081604,229.7427215576172,290.12017822265625,29.033721923828125,67.55340576171875
1441,23,person,0,0.8687971830368042,284.1378173828125,309.97943115234375,30.479766845703125,92.40365600585938
1441,29,person,0,0.600113570690155,288.72869873046875,264.06109619140625,23.531494140625,46.81207275390625
1442,8,person,0,0.6501283049583435,300.82470703125,266.5978088378906,15.323577880859375,44.21771240234375
1442,26,person,0,0.8100205659866333,228.55221557617188,289.58514404296875,29.903182983398438,68.91691589355469
1442,23,person,0,0.8652045726776123,284.14105224609375,310.20025634765625,30.547088623046875,90.90072631835938
1442,29,person,0,0.5765179991722107,288.8802490234375,265.3575439453125,24.519927978515625,49.397918701171875
1443,8,person,0,0.6513839364051819,300.7164306640625,266.588623046875,15.217041015625,44.69392395019531
1443,26,person,0,0.8374922275543213,227.52561950683594,289.5015869140625,30.659454345703125,68.4105224609375
1443,23,person,0,0.8728668093681335,283.9574890136719,311.817138671875,30.69659423828125,93.04803466796875
1443,29,person,0,0.6046227812767029,288.3537292480469,265.8896484375,24.906982421875,50.20121765136719
1444,8,person,0,0.5450012683868408,300.38824462890625,267.6947326660156,14.40985107421875,46.34417724609375
1444,26,person,0,0.824903666973114,226.283935546875,290.02001953125,31.977706909179688,68.26475524902344
1444,23,person,0,0.8662990927696228,283.8159484863281,312.6954345703125,30.87542724609375,93.83401489257812
1444,29,person,0,0.6954212784767151,288.46380615234375,266.7370910644531,26.189910888671875,51.89622497558594
1445,8,person,0,0.6066150069236755,300.7523193359375,269.2309265136719,13.645660400390625,47.35496520996094
1445,26,person,0,0.7821688652038574,225.5366668701172,290.4795837402344,33.053466796875,68.43798828125
1445,23,person,0,0.8614693880081177,283.6927185058594,313.830322265625,31.4903564453125,94.5841064453125
1445,29,person,0,0.6910972595214844,288.3722839355469,267.2134094238281,26.2840576171875,53.05241394042969
1446,8,person,0,0.6243677735328674,300.7528991699219,268.32061767578125,13.571044921875,46.0826416015625
1446,26,person,0,0.7622597813606262,227.66563415527344,290.7858581542969,28.15667724609375,69.35736083984375
1446,23,person,0,0.8458698391914368,282.8997802734375,314.3549499511719,31.265350341796875,94.79449462890625
1446,29,person,0,0.7105035781860352,287.9471435546875,267.87432861328125,26.435028076171875,53.3536376953125
1447,8,person,0,0.5199755430221558,300.65478515625,268.3155517578125,13.652191162109375,45.90022277832031
1447,26,person,0,0.722220242023468,225.81735229492188,291.37725830078125,31.117721557617188,69.45419311523438
1447,23,person,0,0.8363097906112671,282.502685546875,314.77264404296875,31.472808837890625,95.51773071289062
1447,29,person,0,0.5110141038894653,288.18353271484375,270.674560546875,27.622039794921875,59.20365905761719
1448,8,person,0,0.46030107140541077,300.24603271484375,266.0260009765625,12.8590087890625,40.057586669921875
1448,26,person,0,0.8292698860168457,224.5394287109375,291.9640808105469,32.747650146484375,69.009033203125
1448,23,person,0,0.8484658002853394,282.1783142089844,314.799072265625,32.17547607421875,95.95126342773438
1448,29,person,0,0.6042215824127197,288.267822265625,268.64141845703125,27.2354736328125,53.43653869628906
1449,8,person,0,0.36436188220977783,299.99822998046875,264.742919921875,12.287811279296875,36.80206298828125
1449,26,person,0,0.8027545213699341,223.82376098632812,292.974365234375,32.29850769042969,69.97348022460938
1449,23,person,0,0.8435961008071899,282.03594970703125,314.539794921875,32.30889892578125,96.60369873046875
1449,29,person,0,0.5925657749176025,288.3137512207031,273.2833251953125,27.54046630859375,63.14320373535156
1450,8,person,0,0.34582605957984924,299.30902099609375,264.3309020996094,11.789642333984375,35.42547607421875
1450,26,person,0,0.7819197177886963,223.56784057617188,293.4197998046875,31.889968872070312,71.20828247070312
1450,23,person,0,0.8465115427970886,281.5874328613281,314.31390380859375,32.982666015625,97.15347290039062
1450,29,person,0,0.580037534236908,288.1552734375,275.45599365234375,27.789398193359375,65.54843139648438
1451,8,person,0,0.2569604218006134,299.07525634765625,263.09844970703125,10.80535888671875,31.263427734375
1451,26,person,0,0.7840298414230347,223.8123779296875,293.1768798828125,30.982284545898438,70.76058959960938
1451,23,person,0,0.8433208465576172,281.00885009765625,314.0751953125,32.597686767578125,97.65234375
1451,29,person,0,0.6472906470298767,287.84844970703125,276.2589111328125,28.368682861328125,67.80796813964844
1452,8,person,0,0.31712818145751953,299.0533752441406,264.5506591796875,10.0482177734375,31.547454833984375
1452,26,person,0,0.8006129860877991,223.652099609375,293.8930358886719,29.785324096679688,70.94189453125
1452,23,person,0,0.8662606477737427,281.3492126464844,313.832763671875,33.99249267578125,97.72329711914062
1452,29,person,0,0.5066574811935425,287.42840576171875,271.7068176269531,28.41455078125,55.47593688964844
1453,8,person,0,0.46163439750671387,298.7930908203125,268.1048889160156,11.052947998046875,40.39500427246094
1453,26,person,0,0.7510691285133362,223.78350830078125,294.1959228515625,28.51470947265625,72.82257080078125
1453,23,person,0,0.8646802306175232,280.967041015625,313.881591796875,34.6776123046875,97.18289184570312
1453,29,person,0,0.4706838130950928,286.89764404296875,269.9888000488281,27.254852294921875,50.474609375
1454,8,person,0,0.4602261185646057,298.2051696777344,269.45794677734375,11.229248046875,43.494293212890625
1454,26,person,0,0.8042148351669312,223.794189453125,294.9817810058594,27.371902465820312,72.55029296875
1454,23,person,0,0.8627870678901672,280.161376953125,314.2904052734375,34.768096923828125,97.52291870117188
1454,29,person,0,0.4670514166355133,286.430419921875,267.8677978515625,26.188934326171875,45.117767333984375
1455,8,person,0,0.3965841829776764,297.9976501464844,269.427734375,11.21136474609375,43.033233642578125
1455,26,person,0,0.8069096803665161,224.15679931640625,295.4366455078125,25.999267578125,72.609619140625
1455,23,person,0,0.8744379878044128,279.71722412109375,315.6808776855469,34.96136474609375,98.69384765625
1455,29,person,0,0.4172261655330658,286.3338623046875,275.9912109375,26.872894287109375,59.94166564941406
1456,8,person,0,0.5420350432395935,297.832763671875,269.8078308105469,11.525360107421875,45.01591491699219
1456,26,person,0,0.8090499043464661,224.40298461914062,295.712890625,25.810317993164062,71.71444702148438
1456,23,person,0,0.8765000104904175,279.4078369140625,316.81182861328125,35.02032470703125,99.86700439453125
1456,29,person,0,0.5636864304542542,285.69671630859375,271.601318359375,26.4608154296875,50.30718994140625
1457,8,person,0,0.6434689164161682,297.50018310546875,270.1097106933594,11.925140380859375,46.36595153808594
1457,26,person,0,0.8077933192253113,224.65255737304688,295.858642578125,25.111160278320312,71.42446899414062
1457,23,person,0,0.880333662033081,279.1812744140625,317.952880859375,35.1302490234375,100.3515625
1457,29,person,0,0.5747390985488892,285.01220703125,269.269287109375,26.646820068359375,45.65118408203125
1458,8,person,0,0.6770456433296204,297.17401123046875,269.7396545410156,11.793701171875,46.18943786621094
1458,26,person,0,0.8213236331939697,224.4339599609375,295.8323974609375,24.870773315429688,71.59091186523438
1458,23,person,0,0.8919039368629456,278.6893005371094,318.83477783203125,34.6258544921875,98.91030883789062
1458,29,person,0,0.6332324147224426,284.708740234375,268.6796569824219,26.512939453125,44.44386291503906
1459,8,person,0,0.7328256964683533,297.0638122558594,269.7412414550781,12.43829345703125,46.61854553222656
1459,26,person,0,0.7832175493240356,223.71389770507812,296.0453796386719,25.416168212890625,71.78399658203125
1459,23,person,0,0.8884442448616028,278.54461669921875,319.8812255859375,35.109832763671875,99.59384155273438
1459,29,person,0,0.6821237206459045,284.0345458984375,268.36090087890625,26.98052978515625,44.212432861328125
1460,8,person,0,0.7465441226959229,296.82086181640625,270.1256408691406,12.978424072265625,48.09199523925781
1460,26,person,0,0.8382710814476013,222.73312377929688,296.461669921875,26.794906616210938,72.32421875
1460,23,person,0,0.8839933276176453,278.70672607421875,320.9912109375,35.642547607421875,100.24346923828125
1460,29,person,0,0.7127124667167664,283.1645202636719,268.50897216796875,26.7291259765625,44.7720947265625
1461,8,person,0,0.7545740008354187,296.62908935546875,270.1977844238281,13.321502685546875,48.60557556152344
1461,26,person,0,0.8339518904685974,222.01736450195312,296.7913513183594,27.431671142578125,72.3726806640625
1461,23,person,0,0.8963371515274048,278.9375305175781,322.17047119140625,35.9833984375,101.5401611328125
1461,29,person,0,0.7088444232940674,282.13104248046875,268.41802978515625,26.901458740234375,44.22950744628906
1462,8,person,0,0.7468064427375793,296.5124206542969,270.1806945800781,13.59033203125,48.43898010253906
1462,26,person,0,0.8539488911628723,221.40484619140625,297.17291259765625,27.997360229492188,72.56900024414062
1462,23,person,0,0.8733208179473877,278.35491943359375,322.949951171875,34.2025146484375,102.01742553710938
1462,29,person,0,0.6919656991958618,281.6680908203125,268.55059814453125,26.713836669921875,43.86241149902344
1463,8,person,0,0.745040774345398,296.44915771484375,270.8349609375,14.264312744140625,49.6416015625
1463,26,person,0,0.8406108021736145,220.99557495117188,297.3058776855469,27.5250244140625,71.67626953125
1463,23,person,0,0.8697850704193115,278.3792724609375,323.76800537109375,33.04193115234375,101.80313110351562
1463,29,person,0,0.6739551424980164,280.97320556640625,268.993896484375,26.874725341796875,44.96183776855469
1464,8,person,0,0.6803300976753235,296.3119201660156,271.08251953125,14.92547607421875,50.02458190917969
1464,26,person,0,0.8541257381439209,220.01766967773438,298.30487060546875,27.696441650390625,73.65695190429688
1464,23,person,0,0.8673674464225769,278.6561279296875,323.92083740234375,32.800933837890625,102.52084350585938
1464,29,person,0,0.7095198631286621,280.6732177734375,270.57159423828125,28.396331787109375,47.178131103515625
1465,8,person,0,0.6904345750808716,296.00360107421875,271.1410827636719,15.160736083984375,49.95689392089844
1465,26,person,0,0.8622490763664246,219.13104248046875,298.75653076171875,28.000457763671875,73.47940063476562
1465,23,person,0,0.8693895936012268,279.4483947753906,323.7249755859375,34.049560546875,103.2427978515625
1465,29,person,0,0.687900722026825,280.73388671875,270.27783203125,28.569671630859375,45.72947692871094
1466,8,person,0,0.7141544222831726,295.4723815917969,271.2896728515625,15.53741455078125,49.784088134765625
1466,26,person,0,0.8496894240379333,218.3402099609375,299.48046875,28.498809814453125,73.45587158203125
1466,23,person,0,0.8782390356063843,279.8171691894531,323.69122314453125,34.4295654296875,103.45086669921875
1466,29,person,0,0.6129178404808044,279.42236328125,269.89874267578125,28.949951171875,45.079925537109375
1467,8,person,0,0.7272322773933411,295.19659423828125,272.1152648925781,16.342254638671875,49.84136962890625
1467,26,person,0,0.8351978659629822,217.56076049804688,299.73455810546875,29.549102783203125,74.36260986328125
1467,23,person,0,0.8851902484893799,280.08154296875,323.8006591796875,34.98394775390625,103.27780151367188
1467,29,person,0,0.6361105442047119,277.9328308105469,271.6801452636719,30.65301513671875,48.07524108886719
1468,8,person,0,0.7534241676330566,294.77398681640625,272.2226257324219,16.631500244140625,49.39593505859375
1468,26,person,0,0.7935221791267395,217.15171813964844,299.4585876464844,29.8404541015625,74.366943359375
1468,23,person,0,0.8890164494514465,280.24017333984375,323.6072998046875,35.327850341796875,103.59808349609375
1468,29,person,0,0.764134407043457,276.4128723144531,272.41583251953125,30.28961181640625,49.24873352050781
1469,8,person,0,0.751585066318512,294.17376708984375,273.01690673828125,16.679229736328125,50.36576843261719
1469,26,person,0,0.8351060748100281,216.1248321533203,299.616943359375,31.56268310546875,74.849365234375
1469,23,person,0,0.8755060434341431,280.1716003417969,323.5880432128906,35.06256103515625,103.30670166015625
1469,29,person,0,0.7714270949363708,274.98321533203125,272.8382263183594,31.85003662109375,49.46183776855469
1470,8,person,0,0.7628632187843323,293.745849609375,271.97637939453125,17.043304443359375,47.90251159667969
1470,26,person,0,0.846125066280365,215.34080505371094,299.6337585449219,32.860931396484375,74.6939697265625
1470,23,person,0,0.8786154389381409,280.10491943359375,323.55438232421875,34.9527587890625,103.08416748046875
1470,29,person,0,0.7986182570457458,273.9615783691406,273.0473327636719,31.7684326171875,49.25933837890625
1471,8,person,0,0.764837920665741,293.38604736328125,272.87713623046875,17.0147705078125,49.543243408203125
1471,26,person,0,0.7156584858894348,215.08053588867188,299.1656494140625,32.3251953125,74.17037963867188
1471,23,person,0,0.8802374005317688,279.80145263671875,324.45965576171875,34.544952392578125,104.40695190429688
1471,29,person,0,0.7866203784942627,273.13616943359375,273.3541259765625,32.400421142578125,49.181793212890625
1472,8,person,0,0.768855094909668,292.616943359375,272.72174072265625,16.900909423828125,48.711090087890625
1472,26,person,0,0.726844072341919,214.82113647460938,298.43804931640625,31.627487182617188,74.7060546875
1472,23,person,0,0.8845110535621643,279.6604309082031,325.8605651855469,34.03076171875,106.36962890625
1472,29,person,0,0.785972535610199,272.6215515136719,273.5567626953125,32.27203369140625,49.12190246582031
1473,8,person,0,0.7570302486419678,292.07672119140625,272.5585632324219,17.105621337890625,47.806884765625
1473,26,person,0,0.7102142572402954,214.26072692871094,298.82403564453125,31.678436279296875,75.78436279296875
1473,23,person,0,0.8845546841621399,279.79095458984375,327.1763610839844,34.167999267578125,108.83367919921875
1473,29,person,0,0.7926632165908813,272.0948486328125,273.7681884765625,31.400177001953125,48.9139404296875
1474,8,person,0,0.7287194728851318,291.2253723144531,271.84747314453125,17.12969970703125,46.676849365234375
1474,26,person,0,0.7206605672836304,213.5660400390625,299.2479248046875,30.925552368164062,77.69424438476562
1474,23,person,0,0.8826523423194885,279.8547668457031,328.186767578125,34.37298583984375,109.09146118164062
1474,29,person,0,0.785121738910675,271.42230224609375,274.0868835449219,30.959671020507812,48.68403625488281
1475,8,person,0,0.7592529654502869,290.76544189453125,272.0786437988281,17.579437255859375,47.59703063964844
1475,26,person,0,0.8443440794944763,213.26116943359375,300.704833984375,30.6085205078125,77.40359497070312
1475,23,person,0,0.8783952593803406,279.5107116699219,330.16241455078125,35.11309814453125,107.95736694335938
1475,29,person,0,0.7542504072189331,270.72113037109375,273.95654296875,31.850555419921875,48.707916259765625
1476,8,person,0,0.7464836835861206,290.1338195800781,271.95916748046875,17.944091796875,47.616546630859375
1476,26,person,0,0.8485362529754639,212.97225952148438,301.50933837890625,29.587509155273438,79.22265625
1476,23,person,0,0.884313702583313,279.0802307128906,331.01007080078125,35.6517333984375,108.1126708984375
1476,29,person,0,0.7336565256118774,269.95587158203125,274.1415710449219,32.41169738769531,47.38639831542969
1477,8,person,0,0.7407412528991699,289.8501892089844,272.113037109375,17.7169189453125,48.089263916015625
1477,26,person,0,0.8255850672721863,212.68556213378906,302.0164794921875,28.386383056640625,81.07339477539062
1477,23,person,0,0.8896178603172302,278.8285827636719,331.64251708984375,36.02215576171875,109.08859252929688
1477,29,person,0,0.7352692484855652,269.6816101074219,274.0638122558594,31.797897338867188,46.43412780761719
1478,8,person,0,0.7547457218170166,289.2101135253906,271.82086181640625,18.3897705078125,48.00309753417969
1478,26,person,0,0.8231526017189026,212.37217712402344,302.6312255859375,27.6212158203125,80.15951538085938
1478,23,person,0,0.8814055323600769,278.236328125,332.8204345703125,36.694854736328125,110.79351806640625
1478,29,person,0,0.727575421333313,268.85540771484375,274.57659912109375,30.797393798828125,47.064727783203125
1479,8,person,0,0.7699139714241028,289.37152099609375,272.2098388671875,19.37091064453125,48.09307861328125
1479,26,person,0,0.7880025506019592,212.18905639648438,302.1953125,26.355331420898438,78.97634887695312
1479,23,person,0,0.8800455331802368,277.7577209472656,333.34820556640625,36.36431884765625,111.95751953125
1479,29,person,0,0.6910977363586426,268.77301025390625,275.19384765625,31.532440185546875,47.73341369628906
1480,8,person,0,0.7431045174598694,289.35040283203125,272.68701171875,19.823211669921875,47.72904968261719
1480,26,person,0,0.7725974917411804,212.02513122558594,302.63140869140625,25.686553955078125,81.68634033203125
1480,23,person,0,0.8789787888526917,276.7932434082031,333.24383544921875,35.85479736328125,112.99105834960938
1480,29,person,0,0.651658296585083,267.7970886230469,275.7158203125,31.096923828125,48.59873962402344
1481,8,person,0,0.7805200219154358,288.8251647949219,273.50244140625,20.8408203125,48.56915283203125
1481,26,person,0,0.8118730187416077,211.8485107421875,304.1236877441406,25.686767578125,82.4525146484375
1481,23,person,0,0.8809595704078674,276.08587646484375,333.59832763671875,36.4642333984375,112.41427612304688
1481,29,person,0,0.722166895866394,266.35784912109375,276.1498107910156,31.3212890625,48.83653259277344
1482,8,person,0,0.7666105031967163,288.33538818359375,273.48895263671875,20.241546630859375,48.56843566894531
1482,26,person,0,0.8090690970420837,211.802734375,305.4322204589844,25.932846069335938,82.93353271484375
1482,23,person,0,0.8771364092826843,275.21807861328125,333.7252502441406,36.914764404296875,112.38446044921875
1482,29,person,0,0.7365175485610962,265.15093994140625,276.8184814453125,32.992828369140625,49.725433349609375
1483,8,person,0,0.7831355929374695,287.81005859375,273.88714599609375,19.390106201171875,49.013580322265625
1483,26,person,0,0.7997536659240723,212.11337280273438,305.96820068359375,26.385238647460938,82.81341552734375
1483,23,person,0,0.874198317527771,274.65960693359375,333.7972106933594,37.440887451171875,112.1041259765625
1483,29,person,0,0.7090486288070679,263.6609191894531,278.51605224609375,33.88621520996094,49.348175048828125
1484,8,person,0,0.7888416051864624,287.6187744140625,274.2163391113281,18.85260009765625,49.69490051269531
1484,26,person,0,0.8300864696502686,212.4595184326172,306.478759765625,26.7122802734375,82.40682983398438
1484,23,person,0,0.8778507113456726,274.3435363769531,333.5535888671875,38.49678039550781,112.5634765625
1484,29,person,0,0.7253390550613403,262.31036376953125,279.2356872558594,33.07881164550781,49.28034973144531
1485,8,person,0,0.7904009222984314,287.65631103515625,274.60504150390625,18.77447509765625,50.37773132324219
1485,26,person,0,0.8333526849746704,212.707763671875,306.81292724609375,27.195968627929688,81.79202270507812
1485,23,person,0,0.8672307729721069,273.94476318359375,333.3544921875,38.64393615722656,112.85711669921875
1485,29,person,0,0.7070592641830444,261.4396667480469,280.1321716308594,32.75868225097656,50.14820861816406
1486,8,person,0,0.7900416254997253,287.48846435546875,274.53826904296875,19.152099609375,50.258331298828125
1486,26,person,0,0.8394413590431213,212.53271484375,306.9072265625,27.551589965820312,81.38314819335938
1486,23,person,0,0.8793506622314453,274.0947570800781,332.91802978515625,38.752685546875,113.4808349609375
1486,29,person,0,0.7567178606987,260.0235595703125,279.9474182128906,32.89802551269531,51.2205810546875
1487,8,person,0,0.7969160676002502,287.1630859375,274.52349853515625,19.53338623046875,50.45744323730469
1487,26,person,0,0.8582181930541992,212.6341552734375,306.96881103515625,29.47088623046875,80.92227172851562
1487,23,person,0,0.8802400231361389,273.3674621582031,333.1289978027344,40.1314697265625,113.09490966796875
1487,29,person,0,0.7263486385345459,258.5960693359375,280.6199645996094,33.818511962890625,53.08598327636719
1488,8,person,0,0.812267005443573,286.73773193359375,274.2711486816406,19.87054443359375,50.81071472167969
1488,26,person,0,0.8589727282524109,212.56851196289062,306.8294372558594,31.766464233398438,81.036376953125
1488,23,person,0,0.8727502226829529,272.9066162109375,334.6612548828125,40.418792724609375,114.71240234375
1488,29,person,0,0.5698575377464294,258.21435546875,281.4019775390625,33.01133728027344,53.763763427734375
1489,8,person,0,0.8090903759002686,286.86920166015625,274.45440673828125,19.735870361328125,51.26051330566406
1489,26,person,0,0.8644513487815857,212.28668212890625,306.60699462890625,33.31382751464844,81.57070922851562
1489,23,person,0,0.8791337609291077,272.3565368652344,336.380859375,40.6197509765625,117.00607299804688
1489,29,person,0,0.6349667310714722,257.37030029296875,281.60748291015625,32.84303283691406,54.285919189453125
1490,8,person,0,0.8095349073410034,286.52984619140625,274.1067810058594,19.800048828125,50.7625732421875
1490,26,person,0,0.8739441633224487,211.72445678710938,306.42529296875,34.21357727050781,82.52703857421875
1490,23,person,0,0.88507479429245,271.9818115234375,338.04315185546875,40.362274169921875,118.40103149414062
1490,29,person,0,0.7276499271392822,256.4096984863281,282.4786376953125,33.07221984863281,55.44102478027344
1491,8,person,0,0.8050515055656433,286.0927734375,274.22210693359375,19.915130615234375,50.85194396972656
1491,26,person,0,0.8642212152481079,211.11581420898438,307.509521484375,35.07505798339844,85.24591064453125
1491,23,person,0,0.8828980922698975,271.63568115234375,339.35906982421875,40.967132568359375,118.66793823242188
1491,29,person,0,0.7831058502197266,255.4557647705078,283.12060546875,33.005523681640625,55.891571044921875
1492,8,person,0,0.8010214567184448,285.81121826171875,274.72064208984375,20.046112060546875,49.99357604980469
1492,26,person,0,0.8683862090110779,210.73550415039062,307.9638671875,35.23020935058594,87.01461791992188
1492,23,person,0,0.8802370429039001,271.3103942871094,341.390625,41.09173583984375,118.40896606445312
1492,29,person,0,0.7810753583908081,254.3896484375,283.99774169921875,33.5819091796875,56.834075927734375
1493,8,person,0,0.8028991222381592,285.73077392578125,275.2154846191406,19.80029296875,49.60328674316406
1493,26,person,0,0.8671215772628784,210.20050048828125,308.7597961425781,34.51341247558594,86.6190185546875
1493,23,person,0,0.8813393115997314,271.27490234375,342.808837890625,40.60820007324219,118.35903930664062
1493,29,person,0,0.7385727763175964,253.15289306640625,285.75091552734375,33.63706970214844,60.133056640625
1494,8,person,0,0.8047348856925964,285.54400634765625,275.81463623046875,19.675750732421875,49.37855529785156
1494,26,person,0,0.8630074262619019,209.3999786376953,308.8639221191406,34.660797119140625,87.2640380859375
1494,23,person,0,0.8795214295387268,271.005859375,343.4639892578125,41.026519775390625,120.27597045898438
1494,29,person,0,0.7232527732849121,252.49981689453125,286.3899230957031,32.80589294433594,59.99700927734375
1495,8,person,0,0.7969213724136353,285.15545654296875,276.36407470703125,20.41455078125,49.78227233886719
1495,26,person,0,0.8671473860740662,209.00546264648438,309.5723571777344,34.64042663574219,87.88079833984375
1495,23,person,0,0.8826361298561096,270.8385009765625,344.03009033203125,41.72111511230469,122.83847045898438
1495,29,person,0,0.6375457644462585,251.05026245117188,288.8157653808594,34.52787780761719,64.72406005859375
1496,8,person,0,0.805250346660614,284.87322998046875,276.5433349609375,20.531494140625,49.28453063964844
1496,26,person,0,0.8708105683326721,208.7080078125,310.2088928222656,34.40483093261719,88.77337646484375
1496,23,person,0,0.8855268359184265,270.9617614746094,345.0595397949219,42.02903747558594,124.81976318359375
1496,29,person,0,0.6472930908203125,249.91497802734375,289.759521484375,34.60771179199219,66.38272094726562
1497,8,person,0,0.7895357608795166,284.506103515625,276.86627197265625,20.525421142578125,49.60639953613281
1497,26,person,0,0.8542796969413757,208.751708984375,310.80108642578125,34.40251159667969,89.46170043945312
1497,23,person,0,0.8838320374488831,270.8121032714844,346.843994140625,42.41514587402344,123.09902954101562
1497,29,person,0,0.6628694534301758,248.68081665039062,293.7166442871094,35.609130859375,74.0927734375
1498,8,person,0,0.8029323220252991,284.1204833984375,277.30682373046875,20.531951904296875,49.91096496582031
1498,26,person,0,0.8421279191970825,208.7171173095703,311.058837890625,34.791656494140625,88.82403564453125
1498,23,person,0,0.8807165026664734,270.6232604980469,346.34417724609375,41.6170654296875,124.76766967773438
1498,29,person,0,0.6153998374938965,247.63824462890625,298.06915283203125,35.75115966796875,83.20437622070312
1499,8,person,0,0.7936528325080872,283.91217041015625,278.0648193359375,20.299591064453125,50.497222900390625
1499,26,person,0,0.8474923372268677,208.3628692626953,310.91632080078125,34.43194580078125,89.07125854492188
1499,23,person,0,0.8902937173843384,270.78753662109375,345.8040771484375,41.13859558105469,125.84402465820312
1499,29,person,0,0.7815749645233154,246.69122314453125,297.56512451171875,35.81683349609375,81.98587036132812
1500,8,person,0,0.7949701547622681,283.433837890625,277.3575744628906,20.2421875,49.37687683105469
1500,26,person,0,0.8522312641143799,207.94351196289062,310.7437438964844,34.06938171386719,89.938720703125
1500,23,person,0,0.900513768196106,270.70166015625,345.2952880859375,41.15245056152344,126.49942016601562
1500,29,person,0,0.8209169507026672,245.57803344726562,296.6889343261719,36.85725402832031,79.24774169921875
1501,8,person,0,0.8045010566711426,282.8553161621094,277.14666748046875,20.0634765625,49.66896057128906
1501,26,person,0,0.8520488739013672,207.70660400390625,310.7447509765625,34.23933410644531,90.07284545898438
1501,23,person,0,0.899603009223938,270.70831298828125,345.0390930175781,40.89106750488281,126.970703125
1501,29,person,0,0.8157045245170593,243.82644653320312,297.171630859375,37.44676208496094,79.64984130859375
1502,8,person,0,0.823814868927002,282.35626220703125,277.57965087890625,20.4970703125,51.21733093261719
1502,26,person,0,0.8525294065475464,207.45294189453125,310.51019287109375,33.88224792480469,90.66799926757812
1502,23,person,0,0.8908287286758423,270.7745666503906,345.0576477050781,40.259765625,126.58843994140625
1502,29,person,0,0.7678921818733215,242.30113220214844,298.35638427734375,38.290252685546875,80.35067749023438
1503,8,person,0,0.8158581852912903,281.7161865234375,277.4351806640625,20.9412841796875,51.28425598144531
1503,26,person,0,0.8441374897956848,207.65338134765625,310.4512939453125,33.41595458984375,90.66018676757812
1503,23,person,0,0.8962720632553101,270.474853515625,345.75384521484375,39.74278259277344,125.24591064453125
1503,29,person,0,0.7949961423873901,240.74520874023438,297.30157470703125,39.78668212890625,76.93869018554688
1504,8,person,0,0.8161976337432861,281.20343017578125,277.97149658203125,21.3834228515625,52.72731018066406
1504,26,person,0,0.8510258793830872,208.0150146484375,310.903564453125,33.299041748046875,90.39401245117188
1504,23,person,0,0.8897125720977783,270.1715087890625,346.3359375,39.832061767578125,126.44430541992188
1504,29,person,0,0.6458944082260132,239.70516967773438,301.2344970703125,39.45616149902344,84.02395629882812
1505,8,person,0,0.8032670617103577,280.962890625,277.7664794921875,21.32647705078125,52.218963623046875
1505,26,person,0,0.8390461206436157,207.80361938476562,311.58294677734375,31.150680541992188,91.52078247070312
1505,23,person,0,0.891725480556488,270.0957946777344,348.47662353515625,40.91539001464844,128.81329345703125
1505,29,person,0,0.800449013710022,238.6248779296875,304.2258605957031,39.19923400878906,89.9552001953125
1506,8,person,0,0.820152997970581,280.48760986328125,277.86767578125,21.0347900390625,52.08097839355469
1506,26,person,0,0.8433271646499634,207.7628936767578,312.5426025390625,30.05816650390625,93.11834716796875
1506,23,person,0,0.88609778881073,269.92022705078125,350.78497314453125,42.317474365234375,132.44473266601562
1506,29,person,0,0.8500951528549194,238.23379516601562,307.1408996582031,38.03645324707031,94.7562255859375
1506,31,bicycle,1,0.6389091610908508,236.49298095703125,346.21246337890625,30.958084106445312,64.62680053710938
1507,8,person,0,0.8132895231246948,280.61761474609375,278.6936340332031,20.483428955078125,53.232666015625
1507,26,person,0,0.8366216421127319,207.50198364257812,313.6632080078125,29.117904663085938,93.6263427734375
1507,23,person,0,0.8757821917533875,269.53375244140625,352.65789794921875,43.614776611328125,134.21890258789062
1507,29,person,0,0.8291438817977905,237.5927734375,308.6733703613281,37.8616943359375,96.9554443359375
1507,31,bicycle,1,0.6439874768257141,234.8895263671875,346.3683776855469,33.332855224609375,66.2647705078125
1508,8,person,0,0.8164748549461365,280.812255859375,279.4587097167969,19.597991943359375,54.74430847167969
1508,26,person,0,0.8452486991882324,207.24755859375,314.490234375,28.855941772460938,93.69403076171875
1508,23,person,0,0.8664668798446655,269.8128967285156,354.6127014160156,43.58488464355469,134.26312255859375
1508,29,person,0,0.7822679877281189,236.08740234375,308.797119140625,38.95121765136719,96.03689575195312
1508,31,bicycle,1,0.7195730209350586,233.8905792236328,347.53509521484375,32.917449951171875,67.25845336914062
1509,8,person,0,0.8084018230438232,280.37353515625,280.2268371582031,19.154449462890625,54.91456604003906
1509,26,person,0,0.8436230421066284,207.36048889160156,315.46807861328125,28.924285888671875,94.62078857421875
1509,23,person,0,0.8794867396354675,270.2066955566406,356.3282470703125,42.40455627441406,133.86026000976562
1509,29,person,0,0.7901985049247742,234.10977172851562,309.7801513671875,39.980712890625,96.46322631835938
1509,31,bicycle,1,0.7483755946159363,233.7808837890625,348.8536376953125,34.796783447265625,66.937255859375
1510,8,person,0,0.8091646432876587,280.2140197753906,280.3544921875,18.94696044921875,53.42018127441406
1510,26,person,0,0.8214408159255981,206.5928955078125,316.5023193359375,27.0224609375,94.12002563476562
1510,23,person,0,0.9060328006744385,269.8640441894531,357.8735046386719,41.3262939453125,133.88134765625
1510,29,person,0,0.8369344472885132,232.0234832763672,311.203125,41.262542724609375,96.73648071289062
1510,31,bicycle,1,0.6749120950698853,232.70814514160156,349.56744384765625,37.141357421875,67.69918823242188
1511,8,person,0,0.8114267587661743,279.610107421875,280.86663818359375,19.294647216796875,53.185516357421875
1511,26,person,0,0.8100222945213318,206.33018493652344,318.409912109375,26.3985595703125,93.65704345703125
1511,23,person,0,0.9015442728996277,269.3433837890625,359.82928466796875,41.543426513671875,134.54092407226562
1511,29,person,0,0.8394350409507751,230.35888671875,312.50616455078125,42.30293273925781,98.55813598632812
1511,31,bicycle,1,0.6752310991287231,230.65151977539062,349.8710021972656,34.98896789550781,67.96185302734375
1512,8,person,0,0.8083377480506897,278.94171142578125,281.410400390625,19.6324462890625,53.7510986328125
1512,26,person,0,0.7953773140907288,206.24757385253906,318.73785400390625,26.09979248046875,92.70343017578125
1512,23,person,0,0.9084398150444031,268.7020263671875,361.61297607421875,41.85392761230469,135.3704833984375
1512,29,person,0,0.8431248068809509,229.1600341796875,313.3551025390625,42.111053466796875,99.4547119140625
1512,31,bicycle,1,0.7501575946807861,230.3191680908203,349.90875244140625,37.053466796875,69.010986328125
1513,8,person,0,0.7951195240020752,278.2939147949219,281.63720703125,20.39752197265625,53.99006652832031
1513,26,person,0,0.7838659882545471,205.7676239013672,316.86090087890625,25.350982666015625,88.71755981445312
1513,23,person,0,0.9021073579788208,268.359375,362.6127624511719,42.48468017578125,136.0936279296875
1513,29,person,0,0.8538435101509094,227.72824096679688,314.54071044921875,42.59344482421875,100.10479736328125
1513,31,bicycle,1,0.7752640247344971,229.27035522460938,350.82806396484375,37.82917785644531,69.66256713867188
1514,8,person,0,0.8046931028366089,278.099365234375,281.7603759765625,20.217041015625,54.16706848144531
1514,26,person,0,0.753513753414154,205.33786010742188,315.52569580078125,24.642898559570312,86.34207153320312
1514,23,person,0,0.9003007411956787,267.8249206542969,363.1878662109375,42.78749084472656,135.96661376953125
1514,29,person,0,0.8434844613075256,226.05288696289062,314.951904296875,43.90312194824219,100.15115356445312
1514,31,bicycle,1,0.7913593053817749,228.38739013671875,352.31707763671875,38.372467041015625,69.96792602539062
1515,8,person,0,0.8049373030662537,278.2977600097656,281.7715759277344,19.64892578125,54.42662048339844
1515,26,person,0,0.7405776977539062,205.01507568359375,314.8252258300781,24.747512817382812,85.58892822265625
1515,23,person,0,0.9005282521247864,266.8993225097656,363.1423034667969,43.84165954589844,136.0716552734375
1515,29,person,0,0.838691234588623,224.575439453125,315.61126708984375,43.66143798828125,100.97146606445312
1515,31,bicycle,1,0.7597363591194153,227.26950073242188,353.20843505859375,37.598358154296875,70.89401245117188
1516,8,person,0,0.7901594042778015,278.05670166015625,281.85833740234375,19.76165771484375,54.365386962890625
1516,26,person,0,0.7650753855705261,204.89041137695312,314.5210266113281,25.42315673828125,85.477294921875
1516,23,person,0,0.8975031971931458,266.41046142578125,362.9034423828125,44.00599670410156,136.57821655273438
1516,29,person,0,0.8353107571601868,223.78988647460938,316.07501220703125,44.18351745605469,101.13555908203125
1516,31,bicycle,1,0.7459793090820312,226.76499938964844,353.44659423828125,38.483551025390625,71.85379028320312
1517,8,person,0,0.8047488927841187,277.54833984375,281.9622497558594,20.64556884765625,54.867431640625
1517,26,person,0,0.7264974117279053,204.7749786376953,315.52056884765625,26.3319091796875,86.91085815429688
1517,23,person,0,0.8910446763038635,266.4407653808594,362.86669921875,44.88819885253906,136.53369140625
1517,29,person,0,0.8541738390922546,222.33169555664062,316.46380615234375,44.76361083984375,102.43124389648438
1517,31,bicycle,1,0.7449362277984619,225.70263671875,354.8135986328125,39.65434265136719,71.45571899414062
1518,8,person,0,0.7843422889709473,277.33551025390625,281.6625671386719,21.0484619140625,54.45460510253906
1518,26,person,0,0.6789581775665283,202.91574096679688,316.4281005859375,23.303131103515625,87.89596557617188
1518,23,person,0,0.8918317556381226,266.61138916015625,362.91473388671875,45.384307861328125,136.07577514648438
1518,29,person,0,0.8601633310317993,220.66563415527344,316.90350341796875,45.182403564453125,103.40841674804688
1518,31,bicycle,1,0.7814928889274597,224.78115844726562,357.13824462890625,41.37342834472656,71.47198486328125
1519,8,person,0,0.7944273948669434,277.16204833984375,281.71173095703125,21.357452392578125,54.64715576171875
1519,26,person,0,0.5618079304695129,201.65428161621094,317.8165283203125,22.35382080078125,90.81027221679688
1519,23,person,0,0.9043931365013123,266.69403076171875,362.77783203125,45.68223571777344,136.46987915039062
1519,29,person,0,0.8585262298583984,219.46548461914062,317.87823486328125,45.51667785644531,105.18099975585938
1519,31,bicycle,1,0.7249026298522949,222.5832061767578,358.94622802734375,41.8612060546875,70.60177612304688
1520,8,person,0,0.8284321427345276,277.0754089355469,281.8861083984375,21.51715087890625,55.255523681640625
1520,26,person,0,0.44143998622894287,199.82077026367188,319.0552978515625,20.401992797851562,92.03131103515625
1520,23,person,0,0.9089249968528748,266.4179992675781,362.9113464355469,46.05747985839844,136.42279052734375
1520,29,person,0,0.8470252156257629,217.54708862304688,318.5828857421875,46.085052490234375,106.12982177734375
1520,31,bicycle,1,0.7728102803230286,220.6693115234375,360.121337890625,43.19377136230469,70.78506469726562
1521,8,person,0,0.8201854825019836,277.18438720703125,282.0306701660156,21.3028564453125,54.75645446777344
1521,26,person,0,0.35788577795028687,198.28756713867188,320.829833984375,19.885421752929688,92.88787841796875
1521,23,person,0,0.9065589904785156,266.41461181640625,365.0794677734375,47.28038024902344,139.72610473632812
1521,29,person,0,0.862515389919281,216.6553192138672,319.7626953125,48.313262939453125,106.85604858398438
1521,31,bicycle,1,0.7401844263076782,219.5567626953125,360.93841552734375,43.91386413574219,72.28836059570312
1522,8,person,0,0.8227327466011047,277.0089416503906,282.3905029296875,21.8232421875,54.729888916015625
1522,26,person,0,0.3481341004371643,197.7244415283203,320.14581298828125,18.87115478515625,89.45916748046875
1522,23,person,0,0.8947915434837341,265.9468994140625,367.87432861328125,49.245635986328125,141.92166137695312
1522,29,person,0,0.8613584637641907,215.37916564941406,320.260986328125,49.232269287109375,107.25588989257812
1522,31,bicycle,1,0.7483171224594116,218.3480224609375,362.3800048828125,44.804534912109375,72.8880615234375
1523,8,person,0,0.8123852610588074,277.1022033691406,282.526123046875,21.84619140625,54.145477294921875
1523,23,person,0,0.8995476365089417,265.79345703125,370.614501953125,50.201812744140625,143.61703491210938
1523,29,person,0,0.8657010197639465,213.29867553710938,319.7098388671875,49.38691711425781,108.27883911132812
1523,31,bicycle,1,0.7749282121658325,217.86758422851562,363.428955078125,44.37969970703125,73.84011840820312
1524,8,person,0,0.8084372282028198,277.117431640625,282.7095947265625,21.934814453125,53.509124755859375
1524,23,person,0,0.8968604207038879,265.214111328125,372.6970520019531,51.445587158203125,143.819091796875
1524,29,person,0,0.8821558356285095,211.4183349609375,319.857421875,49.155120849609375,110.4423828125
1524,31,bicycle,1,0.7829349040985107,216.86734008789062,364.1703796386719,43.96446228027344,76.03668212890625
1525,8,person,0,0.83153235912323,276.627685546875,283.25311279296875,22.753265380859375,53.782806396484375
1525,23,person,0,0.9056334495544434,265.3984069824219,374.02142333984375,51.80914306640625,144.110595703125
1525,29,person,0,0.8775691390037537,210.00714111328125,321.2855224609375,49.13383483886719,109.8472900390625
1525,31,bicycle,1,0.6899783611297607,214.67630004882812,365.3467102050781,42.687103271484375,77.3494873046875
1526,8,person,0,0.8169273734092712,276.3600158691406,283.7347412109375,23.0106201171875,53.398590087890625
1526,23,person,0,0.9076970815658569,265.3019714355469,376.52728271484375,52.2529296875,146.80734252929688
1526,29,person,0,0.8697126507759094,208.60247802734375,322.3314514160156,48.86695861816406,108.9490966796875
1526,31,bicycle,1,0.7425508499145508,213.5735321044922,367.0621337890625,43.1309814453125,77.13882446289062
1527,8,person,0,0.8063004612922668,276.6528625488281,284.07373046875,22.14544677734375,53.216827392578125
1527,23,person,0,0.9131178259849548,265.3511047363281,378.910400390625,53.12950134277344,149.14871215820312
1527,29,person,0,0.8751944899559021,207.75778198242188,323.3892822265625,49.27418518066406,109.60018920898438
1527,31,bicycle,1,0.7185359001159668,212.1439208984375,369.34716796875,42.40776062011719,75.65280151367188
1528,8,person,0,0.8182747960090637,276.3780212402344,284.7828674316406,22.76605224609375,53.90057373046875
1528,23,person,0,0.9120197296142578,265.4537353515625,380.6950378417969,53.2918701171875,150.7408447265625
1528,29,person,0,0.8851746320724487,206.85977172851562,324.6285400390625,49.63621520996094,111.66030883789062
1528,31,bicycle,1,0.6962575316429138,210.7968292236328,370.68707275390625,41.4559326171875,76.25958251953125
1529,8,person,0,0.8359219431877136,275.9561767578125,284.98858642578125,22.854095458984375,53.8795166015625
1529,23,person,0,0.9127150774002075,265.19317626953125,381.8805236816406,53.068878173828125,151.8837890625
1529,29,person,0,0.8777016401290894,205.49990844726562,325.6610107421875,49.579254150390625,112.8956298828125
1529,31,bicycle,1,0.7201005816459656,209.10989379882812,371.92095947265625,42.22563171386719,77.4581298828125
1530,8,person,0,0.8249229788780212,275.47900390625,285.46417236328125,22.351837158203125,55.08233642578125
1530,23,person,0,0.9105486869812012,264.9063415527344,382.669189453125,52.60316467285156,152.0399169921875
1530,29,person,0,0.8597645163536072,203.45079040527344,326.38421630859375,49.164886474609375,112.9715576171875
1530,31,bicycle,1,0.8010697960853577,206.67471313476562,373.08660888671875,47.33537292480469,79.19268798828125
1531,8,person,0,0.8249667882919312,274.8565673828125,285.86151123046875,21.680572509765625,56.71978759765625
1531,23,person,0,0.9129212498664856,264.5890808105469,382.9731750488281,52.28533935546875,151.7950439453125
1531,29,person,0,0.8560231924057007,201.84463500976562,327.1629638671875,49.10845947265625,114.56646728515625
1531,31,bicycle,1,0.8244544267654419,204.7572021484375,374.6445617675781,48.73616027832031,79.16583251953125
1532,8,person,0,0.8106309175491333,274.5263671875,286.62896728515625,20.938018798828125,58.673614501953125
1532,23,person,0,0.9082930684089661,264.21820068359375,383.26007080078125,51.17155456542969,151.83059692382812
1532,29,person,0,0.8582555651664734,200.54696655273438,327.77142333984375,49.387725830078125,115.73385620117188
1532,31,bicycle,1,0.8365308046340942,202.6900634765625,375.30474853515625,50.03239440917969,80.45761108398438
1533,8,person,0,0.8279061913490295,274.250732421875,286.2236328125,20.857757568359375,58.342742919921875
1533,23,person,0,0.9070056676864624,264.1564025878906,383.1666564941406,51.39923095703125,152.0279541015625
1533,29,person,0,0.864039957523346,199.18035888671875,328.30609130859375,50.71733093261719,116.46066284179688
1533,31,bicycle,1,0.798500120639801,202.01910400390625,376.939697265625,49.84112548828125,79.85342407226562
1534,8,person,0,0.8338101506233215,273.9008483886719,285.9066162109375,20.9342041015625,58.135040283203125
1534,23,person,0,0.9060395359992981,263.7755126953125,382.99310302734375,50.899322509765625,151.98403930664062
1534,29,person,0,0.8755509257316589,198.21713256835938,329.00323486328125,51.74638366699219,117.40731811523438
1534,31,bicycle,1,0.8019818067550659,200.60385131835938,378.147216796875,50.552154541015625,80.59341430664062
1535,8,person,0,0.8298529386520386,273.66229248046875,285.36724853515625,20.93292236328125,57.30767822265625
1535,23,person,0,0.9003085494041443,263.6167297363281,382.7490234375,50.80876159667969,152.34677124023438
1535,29,person,0,0.8750555515289307,196.84344482421875,330.1409912109375,52.62611389160156,118.1397705078125
1535,31,bicycle,1,0.7584882974624634,200.66326904296875,379.93231201171875,48.1405029296875,80.64382934570312
1536,8,person,0,0.8268426656723022,273.34991455078125,285.85235595703125,21.225250244140625,57.911468505859375
1536,23,person,0,0.9066507816314697,263.2655029296875,382.568603515625,50.952117919921875,152.1995849609375
1536,29,person,0,0.8711655139923096,195.47894287109375,331.24102783203125,52.45794677734375,119.26046752929688
1536,31,bicycle,1,0.7678321599960327,197.91506958007812,381.43951416015625,50.58201599121094,81.28854370117188
1537,8,person,0,0.8113905787467957,273.26446533203125,288.5988464355469,21.418060302734375,62.85504150390625
1537,23,person,0,0.9076232314109802,263.34771728515625,383.8656005859375,51.467742919921875,153.52200317382812
1537,29,person,0,0.8680004477500916,194.02865600585938,331.7767333984375,53.350738525390625,119.89752197265625
1537,31,bicycle,1,0.7686728239059448,195.48178100585938,383.028564453125,52.08866882324219,81.88760375976562
1538,8,person,0,0.8070873022079468,273.3779296875,288.97381591796875,21.31103515625,62.004180908203125
1538,23,person,0,0.9104987382888794,263.4427490234375,387.052978515625,52.2646484375,157.55108642578125
1538,29,person,0,0.8783822059631348,193.132568359375,333.1076354980469,54.2811279296875,120.492431640625
1538,31,bicycle,1,0.651075005531311,193.21563720703125,384.1607666015625,50.46025085449219,83.02395629882812
1539,8,person,0,0.803000807762146,273.1642150878906,288.48681640625,21.27001953125,59.821319580078125
1539,23,person,0,0.9084742069244385,263.58538818359375,389.9498596191406,53.51368713378906,160.87701416015625
1539,29,person,0,0.8733294606208801,191.9791717529297,335.1134033203125,55.19635009765625,120.99615478515625
1539,31,bicycle,1,0.5865986943244934,190.19253540039062,385.74871826171875,47.10682678222656,84.02557373046875
1540,8,person,0,0.8196123838424683,273.28271484375,288.32208251953125,20.87469482421875,58.408843994140625
1540,23,person,0,0.9062113165855408,263.5146179199219,392.50225830078125,53.85111999511719,163.22506713867188
1540,29,person,0,0.8466455340385437,190.76864624023438,336.60662841796875,56.114654541015625,121.324462890625
1540,31,bicycle,1,0.5920639038085938,187.99253845214844,387.26104736328125,44.260284423828125,84.66299438476562
1541,8,person,0,0.8260510563850403,273.3623962402344,288.43988037109375,21.1790771484375,57.867828369140625
1541,23,person,0,0.912927508354187,263.3031311035156,394.34991455078125,54.78131103515625,163.68588256835938
1541,29,person,0,0.8594801425933838,189.79412841796875,338.0863037109375,57.17509460449219,122.17269897460938
1541,31,bicycle,1,0.6454412341117859,187.2773895263672,388.9463195800781,46.6265869140625,85.97039794921875
1542,8,person,0,0.8276956677436829,273.00848388671875,289.05419921875,21.703948974609375,58.194305419921875
1542,23,person,0,0.909959077835083,262.8774108886719,395.71990966796875,55.01719665527344,163.41806030273438
1542,29,person,0,0.8451836109161377,189.28564453125,339.57867431640625,58.21519470214844,123.41351318359375
1542,31,bicycle,1,0.715028703212738,185.50021362304688,390.5478820800781,46.28065490722656,86.48675537109375
1543,8,person,0,0.8443872332572937,272.83514404296875,290.533203125,22.049774169921875,60.723052978515625
1543,23,person,0,0.9139163494110107,262.3343505859375,397.4486389160156,54.945709228515625,161.59222412109375
1543,29,person,0,0.8566159009933472,186.6934814453125,341.0738525390625,55.14100646972656,123.7344970703125
1543,31,bicycle,1,0.7420480251312256,184.79837036132812,392.00762939453125,46.84062194824219,86.93997192382812
1544,8,person,0,0.8478077054023743,272.98504638671875,290.669189453125,21.85137939453125,60.881011962890625
1544,23,person,0,0.9110836982727051,261.6819763183594,398.52093505859375,54.78515625,160.13040161132812
1544,29,person,0,0.8748539686203003,184.63494873046875,342.24249267578125,53.95301818847656,125.17910766601562
1544,31,bicycle,1,0.7275797724723816,182.2349395751953,393.12109375,45.9217529296875,88.44699096679688
1544,32,person,0,0.7566284537315369,209.74761962890625,332.1209411621094,28.647781372070312,108.3990478515625
1545,8,person,0,0.8482401967048645,272.7355041503906,290.48333740234375,22.123779296875,60.804168701171875
1545,23,person,0,0.9110840559005737,260.96917724609375,399.32220458984375,55.01422119140625,158.84378051757812
1545,29,person,0,0.8490796685218811,182.878173828125,343.6279296875,54.52769470214844,127.82022094726562
1545,31,bicycle,1,0.6873570680618286,183.37789916992188,395.2395324707031,50.66105651855469,88.3284912109375
1545,32,person,0,0.7717807292938232,209.33892822265625,331.75115966796875,29.916748046875,107.72549438476562
1546,8,person,0,0.8357869982719421,272.3609619140625,291.92523193359375,22.752349853515625,64.53900146484375
1546,23,person,0,0.9113385677337646,260.04669189453125,399.48565673828125,54.57940673828125,158.62570190429688
1546,29,person,0,0.8605955839157104,180.8892822265625,344.86138916015625,55.439117431640625,128.139892578125
1546,31,bicycle,1,0.7030202746391296,180.89315795898438,397.5871887207031,52.49945068359375,88.05133056640625
1546,32,person,0,0.8019111156463623,208.40545654296875,332.05322265625,31.670623779296875,108.42245483398438
1547,8,person,0,0.8108757138252258,272.18475341796875,292.15399169921875,22.743560791015625,65.62844848632812
1547,23,person,0,0.913979172706604,259.20916748046875,399.6161804199219,54.94654846191406,157.76220703125
1547,29,person,0,0.8238562941551208,178.8052520751953,345.74395751953125,55.284820556640625,127.92755126953125
1547,31,bicycle,1,0.6604431867599487,179.59628295898438,399.52252197265625,54.251312255859375,87.60546875
1547,32,person,0,0.8062080144882202,207.9713134765625,332.4866943359375,32.425811767578125,108.67086791992188
1548,8,person,0,0.8370150923728943,272.06549072265625,292.06463623046875,22.76153564453125,65.25405883789062
1548,23,person,0,0.9117590188980103,257.9983215332031,399.56549072265625,54.9903564453125,157.7926025390625
1548,29,person,0,0.8435878157615662,177.0338134765625,347.62579345703125,56.11341857910156,130.5634765625
1548,31,bicycle,1,0.5612291693687439,172.25546264648438,401.31707763671875,45.10462951660156,88.63973999023438
1548,32,person,0,0.8054463863372803,207.83688354492188,332.75701904296875,33.11445617675781,108.84393310546875
1549,8,person,0,0.8214811086654663,271.8139953613281,292.5811767578125,22.80950927734375,66.59762573242188
1549,23,person,0,0.9131121635437012,257.2729187011719,399.5862731933594,55.40544128417969,157.86004638671875
1549,29,person,0,0.8769124746322632,175.66986083984375,348.8324279785156,57.23356628417969,131.76617431640625
1549,31,bicycle,1,0.6920599937438965,171.40594482421875,403.50250244140625,45.681121826171875,89.75347900390625
1549,32,person,0,0.823372483253479,207.73916625976562,333.4141845703125,33.71083068847656,108.8837890625
1550,8,person,0,0.8270323276519775,271.593505859375,292.60693359375,22.940277099609375,66.62173461914062
1550,23,person,0,0.9172627329826355,256.5745849609375,399.56256103515625,56.188385009765625,158.08737182617188
1550,29,person,0,0.873289167881012,173.69131469726562,349.6385498046875,58.096649169921875,133.25924682617188
1550,31,bicycle,1,0.696035623550415,169.3189697265625,405.80731201171875,45.856109619140625,90.15609741210938
1550,32,person,0,0.8322587609291077,207.59954833984375,334.29803466796875,34.21110534667969,108.56719970703125
1551,8,person,0,0.8275689482688904,271.26300048828125,292.241943359375,23.150360107421875,65.417236328125
1551,23,person,0,0.9172426462173462,256.0991516113281,399.6990966796875,57.4600830078125,158.39352416992188
1551,29,person,0,0.868303656578064,171.821044921875,350.5206298828125,58.738525390625,132.90127563476562
1551,31,bicycle,1,0.7388277649879456,168.90084838867188,407.0269775390625,49.90312194824219,91.16067504882812
1551,32,person,0,0.8241873979568481,206.96542358398438,336.9356384277344,35.03001403808594,110.4642333984375
1552,8,person,0,0.8089337944984436,271.2429504394531,292.5970458984375,23.36419677734375,64.9619140625
1552,23,person,0,0.8989806771278381,255.7144775390625,399.57977294921875,58.51544189453125,158.45413208007812
1552,29,person,0,0.877268373966217,170.19915771484375,351.90155029296875,60.02091979980469,134.434326171875
1552,31,bicycle,1,0.7725144028663635,168.2147216796875,408.718017578125,53.83122253417969,92.74771118164062
1552,32,person,0,0.8325655460357666,206.5635986328125,338.7327880859375,35.19496154785156,112.28958129882812
1553,8,person,0,0.7984493374824524,271.34185791015625,294.13079833984375,23.52728271484375,66.1903076171875
1553,23,person,0,0.9141637682914734,255.2327117919922,400.0707092285156,59.750457763671875,157.20404052734375
1553,29,person,0,0.8935885429382324,168.41726684570312,352.72320556640625,60.921783447265625,135.4656982421875
1553,31,bicycle,1,0.8074043393135071,166.64712524414062,410.3935546875,55.70365905761719,92.77816772460938
1553,32,person,0,0.8561704158782959,206.01942443847656,339.6572265625,36.047271728515625,112.65658569335938
1554,8,person,0,0.8015351295471191,271.12921142578125,294.62042236328125,23.694610595703125,65.33645629882812
1554,23,person,0,0.9118581414222717,255.0323944091797,400.7846374511719,61.396026611328125,155.54412841796875
1554,29,person,0,0.8539985418319702,166.081787109375,354.48724365234375,60.23576354980469,135.74819946289062
1554,31,bicycle,1,0.768401026725769,165.99533081054688,412.372802734375,57.699432373046875,93.43917846679688
1554,32,person,0,0.8871936202049255,205.5855255126953,340.602783203125,36.56890869140625,113.580078125
1555,8,person,0,0.8049238920211792,270.94744873046875,294.6107177734375,23.811248779296875,64.111083984375
1555,23,person,0,0.908377468585968,255.105224609375,401.428466796875,63.33033752441406,153.73092651367188
1555,29,person,0,0.8825689554214478,164.24777221679688,356.09039306640625,60.37318420410156,138.09185791015625
1555,31,bicycle,1,0.7703456878662109,164.0296630859375,414.5995178222656,58.10536193847656,94.4896240234375
1555,32,person,0,0.8826384544372559,205.15463256835938,342.14593505859375,37.812103271484375,114.91665649414062
1556,8,person,0,0.8356484174728394,270.90631103515625,295.35430908203125,24.61407470703125,64.3250732421875
1556,23,person,0,0.9133296608924866,255.0803985595703,402.37261962890625,64.44015502929688,151.88632202148438
1556,29,person,0,0.8991881608963013,162.34732055664062,357.98541259765625,60.81752014160156,139.71893310546875
1556,31,bicycle,1,0.5660817623138428,161.88568115234375,416.84033203125,56.90870666503906,94.7159423828125
1556,32,person,0,0.8840851187705994,204.26731872558594,344.05609130859375,39.63299560546875,116.49374389648438
1557,8,person,0,0.8289107084274292,270.822021484375,297.4080505371094,25.243865966796875,68.97021484375
1557,23,person,0,0.9255109429359436,254.77462768554688,403.8746337890625,65.94964599609375,148.89642333984375
1557,29,person,0,0.8875375390052795,160.58074951171875,359.1089782714844,61.76042175292969,140.5513916015625
1557,31,bicycle,1,0.7063506841659546,161.38409423828125,418.63433837890625,59.43946838378906,95.70419311523438
1557,32,person,0,0.8898521065711975,203.54095458984375,344.8505859375,41.00410461425781,117.25357055664062
1558,8,person,0,0.8180474042892456,270.6056213378906,296.9927062988281,25.29180908203125,66.5628662109375
1558,23,person,0,0.9329794645309448,254.3628692626953,405.36944580078125,66.93075561523438,146.05264282226562
1558,29,person,0,0.8875263333320618,158.0745086669922,360.633056640625,62.813209533691406,142.22528076171875
1558,31,bicycle,1,0.6076902151107788,155.8900146484375,420.7582702636719,52.88877868652344,96.941162109375
1558,32,person,0,0.898460328578949,202.40179443359375,345.2202453613281,42.81201171875,117.97314453125
1559,8,person,0,0.8278902769088745,270.43707275390625,296.86083984375,25.543853759765625,65.56686401367188
1559,23,person,0,0.9159160852432251,253.9256591796875,406.77392578125,67.49488830566406,143.65890502929688
1559,29,person,0,0.8730940222740173,155.9952392578125,361.7445068359375,64.01285552978516,143.1287841796875
1559,31,bicycle,1,0.5804709792137146,158.00259399414062,422.61822509765625,59.824798583984375,97.73739624023438
1559,32,person,0,0.8979770541191101,201.78173828125,345.26318359375,43.81134033203125,117.83456420898438
1560,8,person,0,0.8290161490440369,270.0026550292969,298.8391418457031,25.62030029296875,69.430419921875
1560,23,person,0,0.9210731387138367,253.542236328125,407.7303771972656,68.0257568359375,141.9095458984375
1560,29,person,0,0.8784835934638977,153.98875427246094,362.7461853027344,65.08638763427734,143.298095703125
1560,31,bicycle,1,0.6149835586547852,153.34799194335938,424.47393798828125,53.96710205078125,98.06417846679688
1560,32,person,0,0.9062102437019348,201.74667358398438,345.22222900390625,43.86177062988281,117.75167846679688
1561,8,person,0,0.8304887413978577,269.7330322265625,299.6083068847656,25.82501220703125,70.8372802734375
1561,23,person,0,0.9147222638130188,253.38389587402344,408.244873046875,68.46145629882812,140.77218627929688
1561,29,person,0,0.8691391944885254,151.94773864746094,364.6842041015625,66.90359497070312,145.68978881835938
1561,31,bicycle,1,0.6723531484603882,154.92816162109375,426.0662841796875,60.95094299316406,98.56329345703125
1561,32,person,0,0.9082055687904358,202.11212158203125,345.1617736816406,43.90483093261719,117.5189208984375
1562,8,person,0,0.8301154375076294,269.22015380859375,299.08343505859375,25.622528076171875,69.96481323242188
1562,23,person,0,0.9176324605941772,253.345947265625,408.69000244140625,68.14189147949219,139.35855102539062
1562,29,person,0,0.8475762605667114,149.50474548339844,365.939208984375,66.83341217041016,145.39297485351562
1562,31,bicycle,1,0.5493068099021912,148.87789916992188,427.8720703125,54.88019561767578,99.507568359375
1562,32,person,0,0.9121399521827698,202.62326049804688,345.13079833984375,43.70220947265625,117.4840087890625
1563,8,person,0,0.8403770327568054,268.875244140625,299.1534423828125,25.615203857421875,69.94204711914062
1563,23,person,0,0.9191672205924988,253.4163818359375,408.9007568359375,67.76319885253906,138.59893798828125
1563,29,person,0,0.871026873588562,147.02566528320312,367.4017333984375,67.44690704345703,145.79779052734375
1563,31,bicycle,1,0.5080201625823975,143.60467529296875,429.4736328125,50.89697265625,99.24197387695312
1563,32,person,0,0.9132623672485352,203.0408172607422,345.137939453125,43.247039794921875,117.01556396484375
1564,8,person,0,0.8453492522239685,268.35546875,299.39788818359375,25.934036254882812,71.08737182617188
1564,23,person,0,0.9236080050468445,253.6057586669922,409.1295471191406,67.29409790039062,138.1688232421875
1564,29,person,0,0.8627699017524719,144.394287109375,368.5918884277344,67.11808013916016,147.18084716796875
1564,31,bicycle,1,0.6412490606307983,147.32679748535156,430.59173583984375,63.549049377441406,98.45468139648438
1564,32,person,0,0.9112289547920227,203.527587890625,346.25250244140625,42.63665771484375,118.35494995117188
1565,8,person,0,0.8535450100898743,267.9679870605469,299.60955810546875,26.083786010742188,71.62124633789062
1565,23,person,0,0.9192972183227539,253.96945190429688,409.3509216308594,66.86299133300781,137.79901123046875
1565,29,person,0,0.9061660766601562,142.67083740234375,370.53863525390625,67.98548889160156,147.99551391601562
1565,31,bicycle,1,0.5701579451560974,147.23880004882812,431.6701965332031,68.68659973144531,96.33648681640625
1565,32,person,0,0.8973653316497803,203.857666015625,348.18548583984375,41.96330261230469,120.88632202148438
1566,8,person,0,0.8550329208374023,267.6558837890625,300.1339111328125,26.224700927734375,72.43115234375
1566,23,person,0,0.9174489378929138,254.06234741210938,409.5234680175781,66.90876770019531,138.01312255859375
1566,29,person,0,0.9079979658126831,140.95045471191406,371.4915771484375,69.21288299560547,150.08450317382812
1566,31,bicycle,1,0.633405864238739,147.2024383544922,432.5113220214844,70.61592864990234,94.96038818359375
1566,32,person,0,0.9033306241035461,204.47320556640625,349.7286376953125,41.81134033203125,122.195556640625
1567,8,person,0,0.8616518974304199,267.48223876953125,300.62384033203125,26.174285888671875,73.14425659179688
1567,23,person,0,0.9163033962249756,254.21279907226562,409.58367919921875,66.96830749511719,137.88226318359375
1567,29,person,0,0.890821635723114,139.12745666503906,374.0213928222656,70.40704345703125,152.914306640625
1567,31,bicycle,1,0.6932389736175537,144.9134521484375,433.2745361328125,74.87100982666016,92.6436767578125
1567,32,person,0,0.9084014892578125,204.89645385742188,351.12005615234375,41.91949462890625,123.17990112304688
1568,8,person,0,0.8554805517196655,267.4355773925781,301.03057861328125,26.425827026367188,73.31356811523438
1568,23,person,0,0.9133896231651306,254.40011596679688,409.5804748535156,66.82109069824219,137.50079345703125
1568,29,person,0,0.8941231369972229,136.72036743164062,375.99346923828125,70.720703125,154.33480834960938
1568,31,bicycle,1,0.7490803599357605,143.14004516601562,434.310302734375,77.3121566772461,90.2979736328125
1568,32,person,0,0.9158440828323364,205.74203491210938,352.1399230957031,41.74385070800781,123.2685546875
1569,8,person,0,0.8611318469047546,267.3782043457031,301.2476806640625,26.60931396484375,73.09625244140625
1569,23,person,0,0.9142603278160095,254.39573669433594,409.9294738769531,67.21798706054688,136.83697509765625
1569,29,person,0,0.8828821182250977,133.88653564453125,377.2874755859375,70.87272644042969,155.46878051757812
1569,31,bicycle,1,0.835745632648468,140.8858184814453,435.3901672363281,77.86490631103516,88.57647705078125
1569,32,person,0,0.9148664474487305,206.33230590820312,353.61639404296875,42.265472412109375,124.49017333984375
1570,8,person,0,0.8519530296325684,267.279052734375,301.845703125,26.64288330078125,73.77322387695312
1570,23,person,0,0.9112860560417175,254.46987915039062,410.4419250488281,67.30677795410156,135.78717041015625
1570,29,person,0,0.8800873756408691,131.1617431640625,379.1328125,71.20024871826172,155.24728393554688
1570,31,bicycle,1,0.8338595032691956,138.7042999267578,436.130615234375,77.04052734375,86.35366821289062
1570,32,person,0,0.9117541909217834,207.16146850585938,355.58026123046875,42.57627868652344,126.29931640625
1571,8,person,0,0.845551073551178,267.110595703125,302.64141845703125,26.218048095703125,74.56600952148438
1571,23,person,0,0.9124560356140137,254.74618530273438,411.4256286621094,68.19108581542969,133.59454345703125
1571,29,person,0,0.83560711145401,128.20895385742188,380.379150390625,72.80329895019531,155.69644165039062
1571,31,bicycle,1,0.8728865385055542,136.42166137695312,437.15179443359375,78.2752456665039,85.50534057617188
1571,32,person,0,0.9072601199150085,208.05984497070312,356.6259765625,43.11302185058594,126.643310546875
1572,8,person,0,0.8370294570922852,266.7035827636719,303.2801208496094,25.356857299804688,75.19342041015625
1572,23,person,0,0.919559895992279,255.21652221679688,412.7227783203125,68.99479675292969,131.98794555664062
1572,29,person,0,0.8570894002914429,125.87783813476562,381.95501708984375,73.82028198242188,157.2476806640625
1572,31,bicycle,1,0.809814453125,134.3759765625,437.9906005859375,78.98372650146484,84.018798828125
1572,32,person,0,0.9144471883773804,209.09286499023438,357.0915222167969,43.61329650878906,126.35736083984375
1573,8,person,0,0.8427214622497559,266.3414611816406,302.61517333984375,25.087646484375,73.57412719726562
1573,23,person,0,0.915558934211731,255.64666748046875,414.4331359863281,69.54664611816406,128.90521240234375
1573,29,person,0,0.8736066818237305,123.28742980957031,383.86578369140625,75.7961654663086,158.31817626953125
1573,31,bicycle,1,0.7797725200653076,131.77761840820312,439.02154541015625,80.96228790283203,81.6143798828125
1573,32,person,0,0.9181635975837708,210.316650390625,357.2041320800781,44.85420227050781,126.3109130859375
1574,8,person,0,0.852150022983551,266.298095703125,303.0744934082031,25.270339965820312,74.72113037109375
1574,23,person,0,0.9098010063171387,255.6248779296875,415.84576416015625,69.80155944824219,125.97256469726562
1574,29,person,0,0.8870607614517212,120.7765884399414,386.2891540527344,76.82603454589844,160.6624755859375
1574,31,bicycle,1,0.8065848350524902,129.9805145263672,439.94586181640625,81.93408203125,79.29446411132812
1574,32,person,0,0.919510543346405,210.966064453125,357.1070556640625,45.56822204589844,126.07168579101562
1575,8,person,0,0.85682213306427,266.08966064453125,303.151123046875,25.32171630859375,75.40890502929688
1575,23,person,0,0.9014569520950317,255.32589721679688,417.4361877441406,70.05230712890625,122.4443359375
1575,29,person,0,0.8831056952476501,118.28648376464844,388.6607971191406,76.32694244384766,162.3009033203125
1575,31,bicycle,1,0.8469493985176086,127.63987731933594,440.98968505859375,84.38180541992188,77.35247802734375
1575,32,person,0,0.918120801448822,211.67723083496094,357.10546875,46.418212890625,126.29226684570312
1576,8,person,0,0.8563231229782104,265.7789306640625,302.95697021484375,25.40362548828125,76.06219482421875
1576,23,person,0,0.9075778722763062,255.22488403320312,419.1392517089844,70.15960693359375,119.3756103515625
1576,29,person,0,0.8869534730911255,115.17456817626953,389.954833984375,76.18763732910156,162.54635620117188
1576,31,bicycle,1,0.8408011794090271,124.6348876953125,441.6300354003906,86.3314208984375,75.18450927734375
1576,32,person,0,0.9187688827514648,212.1607208251953,357.1080017089844,47.3837890625,126.3170166015625
1577,8,person,0,0.8483989834785461,265.2261962890625,302.9189453125,25.899749755859375,76.28024291992188
1577,23,person,0,0.9126160740852356,254.55003356933594,420.8731689453125,70.44754028320312,116.34054565429688
1577,29,person,0,0.8944075107574463,112.4212417602539,391.7955322265625,77.08354187011719,163.19107055664062
1577,31,bicycle,1,0.8518993854522705,122.08045959472656,442.71044921875,85.5609130859375,73.0140380859375
1577,32,person,0,0.9168884754180908,212.08987426757812,357.48358154296875,48.527801513671875,126.81655883789062
1578,8,person,0,0.8630982637405396,265.04693603515625,302.788330078125,26.07281494140625,76.16207885742188
1578,23,person,0,0.9185940027236938,253.94281005859375,421.9866638183594,70.71141052246094,113.88800048828125
1578,29,person,0,0.8821596503257751,109.91272735595703,394.03924560546875,78.21775817871094,163.85665893554688
1578,31,bicycle,1,0.8629090189933777,118.46309661865234,443.8489685058594,86.73832702636719,71.259033203125
1578,32,person,0,0.9087191224098206,211.8420867919922,359.0198974609375,49.3048095703125,129.07406616210938
1579,8,person,0,0.8625745177268982,264.4505615234375,303.0871887207031,26.580093383789062,76.73046875
1579,23,person,0,0.9153808951377869,253.08778381347656,422.635986328125,71.15402221679688,112.36248779296875
1579,29,person,0,0.8894321322441101,107.05075073242188,395.53082275390625,78.45339965820312,165.44073486328125
1579,31,bicycle,1,0.8540380597114563,114.86770629882812,444.84442138671875,89.30111694335938,69.33590698242188
1579,32,person,0,0.9276943802833557,211.29542541503906,361.9864196777344,49.874176025390625,133.4403076171875
1580,8,person,0,0.8654590249061584,263.8634948730469,303.6502685546875,27.20867919921875,77.413818359375
1580,23,person,0,0.9070721864700317,252.2559814453125,423.13385009765625,71.85426330566406,111.92190551757812
1580,29,person,0,0.9002541899681091,104.20016479492188,397.14178466796875,79.6470947265625,165.41802978515625
1580,31,bicycle,1,0.8093602657318115,113.02534484863281,445.99169921875,88.8895263671875,66.72036743164062
1580,32,person,0,0.9273241758346558,210.73593139648438,364.0657958984375,50.36528015136719,135.25033569335938
1581,8,person,0,0.8643128275871277,263.6581726074219,304.39898681640625,27.355239868164062,78.34542846679688
1581,23,person,0,0.9096436500549316,251.52410888671875,423.4916076660156,72.49449157714844,111.31512451171875
1581,29,person,0,0.9068617224693298,101.47000122070312,397.754150390625,81.1610107421875,164.49172973632812
1581,31,bicycle,1,0.8260946869850159,109.53606414794922,446.3521728515625,92.82566833496094,65.37600708007812
1581,32,person,0,0.9137582778930664,210.233154296875,366.6647033691406,51.16712951660156,137.650634765625
1582,8,person,0,0.8646783828735352,263.1837158203125,304.77972412109375,27.989791870117188,78.75729370117188
1582,23,person,0,0.9043318033218384,251.0430908203125,423.9387512207031,73.57377624511719,110.20709228515625
1582,29,person,0,0.9082055687904358,97.80326080322266,398.6688537597656,81.02494812011719,162.66229248046875
1582,31,bicycle,1,0.8664204478263855,105.9760513305664,447.904052734375,93.47880554199219,62.816619873046875
1582,32,person,0,0.9173714518547058,209.69142150878906,368.8504333496094,51.855438232421875,139.227783203125
1583,8,person,0,0.867406964302063,263.2060546875,305.4258728027344,27.838287353515625,78.31982421875
1583,23,person,0,0.8995811939239502,250.24227905273438,424.18780517578125,74.47584533691406,109.5703125
1583,29,person,0,0.9062812328338623,94.67247009277344,399.0787353515625,82.85757446289062,160.40036010742188
1583,31,bicycle,1,0.8776720762252808,103.2924575805664,448.940673828125,93.89308166503906,60.5732421875
1583,32,person,0,0.8818926811218262,209.30960083007812,370.61029052734375,52.76667785644531,139.56692504882812
1584,8,person,0,0.8616651296615601,263.0439147949219,306.58905029296875,28.225784301757812,78.37005615234375
1584,23,person,0,0.8990806937217712,248.72238159179688,424.44329833984375,76.94187927246094,109.206787109375
1584,29,person,0,0.9051053524017334,91.9177474975586,399.4796142578125,84.08341979980469,159.31256103515625
1584,31,bicycle,1,0.8748897910118103,100.65658569335938,450.195068359375,94.08062744140625,58.359954833984375
1584,32,person,0,0.8495453596115112,209.2061309814453,364.4429931640625,53.4481201171875,124.24530029296875
1585,8,person,0,0.8585518598556519,262.8748474121094,307.4357604980469,28.637069702148438,79.09552001953125
1585,23,person,0,0.9070553779602051,247.5460968017578,424.52532958984375,79.43222045898438,108.66775512695312
1585,29,person,0,0.9130485653877258,88.82393646240234,400.5134582519531,85.86912536621094,157.49676513671875
1585,31,bicycle,1,0.8260412812232971,98.0882797241211,452.21771240234375,93.26502990722656,54.67333984375
1585,32,person,0,0.8181642889976501,209.49423217773438,356.96533203125,54.19606018066406,107.56491088867188
1586,8,person,0,0.8687752485275269,262.445556640625,308.371337890625,29.072845458984375,79.80514526367188
1586,23,person,0,0.9029508829116821,246.891357421875,424.60662841796875,81.04902648925781,108.48239135742188
1586,29,person,0,0.8899344801902771,85.46026611328125,401.2303466796875,85.97039794921875,155.26034545898438
1586,31,bicycle,1,0.8070509433746338,94.95807647705078,453.47760009765625,95.39918518066406,52.298095703125
1586,32,person,0,0.8704347610473633,209.99871826171875,359.6943359375,54.13880920410156,111.98239135742188
1587,8,person,0,0.8789756894111633,261.8487548828125,309.251953125,30.192901611328125,80.18234252929688
1587,23,person,0,0.8887924551963806,246.42617797851562,426.02557373046875,82.78111267089844,106.01620483398438
1587,29,person,0,0.8881959319114685,82.71728515625,402.1822509765625,87.66976928710938,152.9210205078125
1587,31,bicycle,1,0.7545389533042908,92.5191650390625,454.0482482910156,96.4341049194336,49.62017822265625
1587,32,person,0,0.8665675520896912,210.8927459716797,360.7088623046875,54.29705810546875,113.26791381835938
1588,8,person,0,0.8844344615936279,261.3121643066406,309.8062744140625,30.41534423828125,80.41500854492188
1588,23,person,0,0.8889631032943726,246.10777282714844,427.79132080078125,83.75839233398438,102.87356567382812
1588,29,person,0,0.9069638848304749,79.78192901611328,403.125244140625,88.49642944335938,151.64279174804688
1588,31,bicycle,1,0.6964103579521179,90.3511962890625,455.13165283203125,96.13976287841797,47.67474365234375
1588,32,person,0,0.8854048252105713,211.8849334716797,361.6795654296875,54.049102783203125,114.939453125
1589,8,person,0,0.8771423697471619,260.43121337890625,310.0631103515625,30.381362915039062,80.37017822265625
1589,23,person,0,0.8881189823150635,245.63833618164062,429.677734375,84.08648681640625,99.13961791992188
1589,29,person,0,0.914680004119873,76.30926513671875,403.79083251953125,87.96100616455078,149.55569458007812
1589,31,bicycle,1,0.7423149943351746,86.45243072509766,457.0971984863281,97.02922058105469,44.75787353515625
1589,32,person,0,0.8785938024520874,213.22283935546875,362.85308837890625,53.50999450683594,117.53262329101562
1590,8,person,0,0.8711796402931213,259.2474060058594,310.23779296875,30.110107421875,80.45327758789062
1590,23,person,0,0.8213422298431396,245.5865020751953,431.81097412109375,83.59976196289062,95.47036743164062
1590,29,person,0,0.9053344130516052,72.48275756835938,404.3746337890625,88.64339447021484,147.78640747070312
1590,31,bicycle,1,0.7246866822242737,83.06838989257812,458.9697570800781,99.0147476196289,41.25726318359375
1590,32,person,0,0.8480021953582764,214.48233032226562,364.2248229980469,51.60063171386719,120.81982421875
1591,8,person,0,0.8695691823959351,258.24432373046875,310.2841491699219,30.487396240234375,80.8756103515625
1591,23,person,0,0.5371749997138977,245.8638458251953,434.1630859375,83.69290161132812,91.05136108398438
1591,29,person,0,0.9000092148780823,69.95186614990234,405.02667236328125,90.2579574584961,146.73611450195312
1591,31,bicycle,1,0.637483537197113,80.21294403076172,460.45037841796875,100.72065734863281,38.156524658203125
1591,32,person,0,0.5125709772109985,215.8053741455078,366.28179931640625,49.770782470703125,123.97906494140625
1592,8,person,0,0.8727964162826538,257.5438537597656,310.2013854980469,30.538589477539062,80.79986572265625
1592,23,person,0,0.6513574719429016,251.31082153320312,436.7364807128906,73.05548095703125,86.12890625
1592,29,person,0,0.8964565396308899,66.24220275878906,405.8238525390625,90.21028137207031,145.14306640625
1592,31,bicycle,1,0.7225132584571838,77.55635833740234,462.3396301269531,100.1025390625,34.91278076171875
1592,32,person,0,0.7577327489852905,217.062744140625,367.6929016113281,48.84516906738281,126.14892578125
1593,8,person,0,0.8635922074317932,256.716064453125,309.954833984375,31.468154907226562,80.95327758789062
1593,23,person,0,0.8566356301307678,248.1715545654297,438.09722900390625,80.67465209960938,83.533447265625
1593,29,person,0,0.9059929847717285,63.5102653503418,407.32666015625,92.04314422607422,142.52731323242188
1593,31,bicycle,1,0.5848719477653503,75.75116729736328,463.9228515625,99.5379409790039,32.017242431640625
1593,32,person,0,0.8666982054710388,217.87908935546875,369.68212890625,48.25262451171875,128.64617919921875
1594,8,person,0,0.8567093014717102,255.91319274902344,310.06036376953125,31.061065673828125,81.5413818359375
1594,23,person,0,0.8820730447769165,248.27513122558594,439.4814147949219,82.92446899414062,80.21484375
1594,29,person,0,0.9218247532844543,59.79300308227539,408.23553466796875,90.73255157470703,140.10491943359375
1594,31,bicycle,1,0.7213722467422485,72.42827606201172,464.643798828125,100.71888732910156,30.274444580078125
1594,32,person,0,0.8885100483894348,219.04135131835938,371.47332763671875,47.98506164550781,130.0111083984375
1595,8,person,0,0.853624165058136,255.01043701171875,310.77435302734375,30.0911865234375,82.45248413085938
1595,23,person,0,0.8695263266563416,249.29754638671875,440.66241455078125,83.44715881347656,77.36422729492188
1595,29,person,0,0.9210783839225769,56.31657409667969,409.14202880859375,90.022216796875,138.03903198242188
1595,31,bicycle,1,0.7042993903160095,68.68338775634766,464.9364318847656,102.7203598022461,29.9422607421875
1595,32,person,0,0.8840010762214661,219.92893981933594,372.365966796875,46.64361572265625,129.24725341796875
1596,8,person,0,0.8583060503005981,254.42095947265625,311.70416259765625,30.134628295898438,83.89395141601562
1596,23,person,0,0.8578946590423584,250.4656982421875,441.47955322265625,83.4066162109375,75.31143188476562
1596,29,person,0,0.9157279133796692,54.10346221923828,410.028564453125,88.01478576660156,137.4947509765625
1596,31,bicycle,1,0.449110209941864,65.33784484863281,466.229248046875,104.48426055908203,27.292999267578125
1596,32,person,0,0.8872761130332947,220.79031372070312,374.00360107421875,45.98667907714844,129.70523071289062
1597,8,person,0,0.8563780188560486,253.952392578125,312.3673095703125,30.497879028320312,83.84408569335938
1597,23,person,0,0.8649177551269531,250.9351806640625,442.37872314453125,86.4273681640625,73.89688110351562
1597,29,person,0,0.9109945297241211,51.24074935913086,410.8365478515625,87.8956069946289,135.60751342773438
1597,32,person,0,0.8910917043685913,222.10983276367188,376.4415588378906,45.07026672363281,131.50384521484375
1598,8,person,0,0.855645477771759,253.33969116210938,313.43475341796875,31.275283813476562,84.62298583984375
1598,23,person,0,0.8488606214523315,250.75515747070312,443.01708984375,88.56932067871094,72.28323364257812
1598,29,person,0,0.9108550548553467,48.35926818847656,412.053466796875,85.85282897949219,133.49362182617188
1598,32,person,0,0.8937155604362488,223.46145629882812,378.0369873046875,45.29795837402344,131.85403442382812
1599,8,person,0,0.8615881204605103,252.63525390625,314.42034912109375,32.08644104003906,85.06491088867188
1599,23,person,0,0.8126018047332764,250.31661987304688,443.8377685546875,90.1763916015625,70.94912719726562
1599,29,person,0,0.9236464500427246,45.852027893066406,412.96942138671875,88.77053833007812,132.053466796875
1599,32,person,0,0.8973716497421265,224.9549560546875,378.18768310546875,46.0526123046875,130.4688720703125
1600,8,person,0,0.876065731048584,252.01087951660156,315.0709228515625,34.156524658203125,85.0443115234375
1600,23,person,0,0.8599490523338318,249.69517517089844,444.6292724609375,89.68911743164062,69.33145141601562
1600,29,person,0,0.928173840045929,43.06661605834961,413.8100891113281,86.13323211669922,130.3077392578125
1600,32,person,0,0.9029396176338196,226.71432495117188,379.72503662109375,46.58357238769531,132.51559448242188
1601,8,person,0,0.8732515573501587,251.9783172607422,315.9643249511719,33.903839111328125,85.46014404296875
1601,23,person,0,0.8436746597290039,249.21444702148438,445.28070068359375,88.84992980957031,67.9361572265625
1601,29,person,0,0.9317124485969543,41.90028381347656,414.7752685546875,83.80056762695312,128.23196411132812
1601,32,person,0,0.8917511701583862,228.29449462890625,379.5832824707031,46.54548645019531,131.0848388671875
1602,8,person,0,0.8614003658294678,251.79885864257812,316.47454833984375,32.19926452636719,85.76272583007812
1602,23,person,0,0.8454235792160034,249.1453094482422,446.0189208984375,88.75125122070312,66.3721923828125
1602,29,person,0,0.9354091286659241,41.17330551147461,416.2921142578125,82.34661102294922,125.80325317382812
1602,32,person,0,0.8252175450325012,230.4276123046875,371.2127380371094,48.57347106933594,114.1832275390625
1603,8,person,0,0.8550292253494263,251.83627319335938,316.8076171875,31.0767822265625,85.52932739257812
1603,23,person,0,0.8439061641693115,249.1248779296875,446.989013671875,88.03973388671875,63.7633056640625
1603,29,person,0,0.9318464994430542,39.66754150390625,417.21844482421875,79.3350830078125,123.13558959960938
1603,32,person,0,0.8814408183097839,232.13946533203125,368.06500244140625,50.38990783691406,107.94256591796875
1604,8,person,0,0.8632458448410034,250.9790496826172,316.6380615234375,31.820159912109375,85.13064575195312
1604,23,person,0,0.8162049055099487,250.25656127929688,448.13116455078125,88.89091491699219,61.461090087890625
1604,29,person,0,0.9331071376800537,39.14176940917969,418.45806884765625,78.28353881835938,120.520263671875
1604,32,person,0,0.895807147026062,233.8896484375,367.5206298828125,52.35514831542969,106.58688354492188
1605,8,person,0,0.8371407389640808,250.4901580810547,314.8345947265625,30.932647705078125,82.0899658203125
1605,23,person,0,0.7768113017082214,251.28619384765625,449.78387451171875,90.98760986328125,58.382232666015625
1605,29,person,0,0.930759608745575,38.004913330078125,419.9065856933594,76.00982666015625,117.53082275390625
1605,32,person,0,0.9027252793312073,235.83309936523438,368.1585388183594,54.81846618652344,107.63330078125
1606,8,person,0,0.8213365077972412,249.5804443359375,313.88604736328125,30.85113525390625,81.13787841796875
1606,23,person,0,0.7686894536018372,251.5177459716797,452.49951171875,90.98428344726562,53.33056640625
1606,29,person,0,0.9364160895347595,36.616119384765625,421.4040832519531,73.23223876953125,114.91998291015625
1606,32,person,0,0.901192307472229,237.22433471679688,370.3016052246094,57.37950134277344,111.44091796875
1607,8,person,0,0.841694176197052,249.12533569335938,312.1534423828125,30.391494750976562,77.95370483398438
1607,23,person,0,0.7510577440261841,252.79641723632812,455.5400390625,90.9136962890625,47.51763916015625
1607,29,person,0,0.9293999671936035,35.155792236328125,423.20086669921875,70.31158447265625,111.05001831054688
1607,32,person,0,0.907284677028656,238.35595703125,373.99432373046875,60.11970520019531,116.85430908203125
1608,8,person,0,0.8531368374824524,249.04466247558594,311.33990478515625,30.389190673828125,75.99990844726562
1608,23,person,0,0.4897497892379761,253.68429565429688,458.064697265625,87.85546875,42.664642333984375
1608,29,person,0,0.9252766370773315,33.70748519897461,425.0212707519531,67.41497039794922,107.27056884765625
1608,32,person,0,0.9039560556411743,238.9017791748047,377.6039123535156,62.639862060546875,121.03570556640625
1609,8,person,0,0.8480178713798523,249.0431671142578,311.1098937988281,30.152862548828125,75.30975341796875
1609,23,person,0,0.6289427280426025,252.75241088867188,460.8180847167969,83.82069396972656,37.49090576171875
1609,29,person,0,0.9223319292068481,32.318397521972656,427.0972900390625,64.63679504394531,103.01467895507812
1609,32,person,0,0.9141300916671753,239.46363830566406,381.3182678222656,65.11239624023438,124.16802978515625
1610,8,person,0,0.8539009094238281,248.759521484375,311.1689453125,30.060043334960938,74.807373046875
1610,29,person,0,0.9104963541030884,31.058324813842773,430.2477111816406,62.11664962768555,96.83917236328125
1610,32,person,0,0.9059223532676697,239.66207885742188,385.67742919921875,66.47328186035156,129.73953247070312
1611,8,person,0,0.8558686375617981,248.39682006835938,311.66644287109375,30.07476806640625,74.27499389648438
1611,29,person,0,0.8561974167823792,28.77912139892578,437.9614562988281,57.55824279785156,82.03369140625
1611,32,person,0,0.9191706776618958,240.85386657714844,390.0093078613281,68.95639038085938,134.072509765625
1612,8,person,0,0.8412244915962219,247.7332000732422,312.5545654296875,30.039886474609375,74.04470825195312
1612,29,person,0,0.8301840424537659,26.69524383544922,443.61407470703125,53.26708984375,70.85177612304688
1612,32,person,0,0.9186268448829651,242.28054809570312,392.76519775390625,71.02490234375,137.20401000976562
1613,8,person,0,0.8441018462181091,246.91397094726562,313.5977783203125,29.715576171875,73.67657470703125
1613,29,person,0,0.8492843508720398,24.46508026123047,446.8609619140625,48.68659210205078,64.52783203125
1613,32,person,0,0.9123296141624451,243.65878295898438,395.946533203125,73.32545471191406,139.97479248046875
1614,8,person,0,0.8440848588943481,246.5306396484375,314.61688232421875,29.833541870117188,73.22140502929688
1614,29,person,0,0.6490210294723511,22.66132354736328,449.45660400390625,45.08165740966797,59.9332275390625
1614,32,person,0,0.917368471622467,245.06219482421875,400.2188720703125,74.55180358886719,146.55056762695312
1615,8,person,0,0.8539081811904907,246.00485229492188,314.9959716796875,29.9957275390625,73.00924682617188
1615,29,person,0,0.41580191254615784,20.82168197631836,451.9551086425781,41.33308410644531,54.640625
1615,32,person,0,0.9271264672279358,246.79714965820312,402.36822509765625,74.77691650390625,149.87197875976562
1616,8,person,0,0.8658360838890076,245.46681213378906,315.395751953125,30.553375244140625,72.44345092773438
1616,29,car,2,0.31269723176956177,18.909711837768555,454.642333984375,37.43729782104492,48.52545166015625
1616,32,person,0,0.9225202798843384,247.96511840820312,403.23638916015625,73.78474426269531,150.72323608398438
1617,8,person,0,0.8595064282417297,245.04409790039062,315.0674133300781,31.03662109375,71.60009765625
1617,29,car,2,0.4027107059955597,16.380966186523438,457.7469177246094,32.43049621582031,43.1197509765625
1617,32,person,0,0.9164155125617981,249.058349609375,403.67449951171875,70.22053527832031,150.91864013671875
1618,8,person,0,0.8440405130386353,244.09068298339844,314.8392333984375,31.213043212890625,69.98291015625
1618,29,car,2,0.2298220545053482,13.568464279174805,461.8126220703125,26.782527923583984,35.933074951171875
1618,32,person,0,0.928215742111206,250.00619506835938,403.78863525390625,67.20965576171875,151.27346801757812
1619,8,person,0,0.795244574546814,243.0259552001953,314.336181640625,30.729766845703125,68.98419189453125
1619,32,person,0,0.9187604188919067,250.0493621826172,403.776123046875,63.789031982421875,151.47476196289062
1620,8,person,0,0.7694619297981262,242.270751953125,315.27459716796875,31.555252075195312,70.13644409179688
1620,32,person,0,0.9191816449165344,249.97427368164062,403.96820068359375,61.80818176269531,151.02542114257812
1621,8,person,0,0.8380769491195679,241.3054962158203,316.30145263671875,31.711395263671875,72.90850830078125
1621,32,person,0,0.9192279577255249,250.14657592773438,404.44171142578125,60.71214294433594,149.864501953125
1622,8,person,0,0.8333542346954346,240.63302612304688,317.4275207519531,32.06248474121094,75.2171630859375
1622,32,person,0,0.9189022183418274,250.70346069335938,404.6123046875,59.31437683105469,148.45724487304688
1623,8,person,0,0.8377132415771484,239.69317626953125,319.30047607421875,31.867752075195312,79.61618041992188
1623,32,person,0,0.9188238382339478,252.0791015625,405.34124755859375,58.36231994628906,146.5343017578125
1624,8,person,0,0.8566715121269226,238.96798706054688,320.6817321777344,32.558135986328125,81.9449462890625
1624,32,person,0,0.9063910841941833,253.78933715820312,406.3894958496094,58.26899719238281,143.6826171875
1625,8,person,0,0.8377370834350586,238.2322540283203,321.2103271484375,33.240386962890625,83.53244018554688
1625,32,person,0,0.9084023833274841,255.12081909179688,407.4574890136719,57.59747314453125,141.42962646484375
1626,8,person,0,0.8600873947143555,237.22836303710938,323.868408203125,35.52423095703125,87.56784057617188
1626,32,person,0,0.914472222328186,256.2966003417969,408.6036376953125,56.17472839355469,139.28451538085938
1627,8,person,0,0.8507975935935974,236.81149291992188,325.71484375,36.64979553222656,90.21047973632812
1627,32,person,0,0.9246481657028198,257.6010437011719,409.831298828125,54.64009094238281,137.86105346679688
1628,8,person,0,0.8482335209846497,235.3946533203125,327.36383056640625,38.037841796875,91.08358764648438
1628,32,person,0,0.9213104248046875,259.6512451171875,410.68426513671875,55.221710205078125,136.62686157226562
1629,8,person,0,0.873712420463562,233.78976440429688,328.95465087890625,40.67121887207031,93.0150146484375
1629,32,person,0,0.917731761932373,261.80157470703125,411.0569152832031,56.128021240234375,135.79107666015625
1630,8,person,0,0.8854065537452698,232.2105712890625,330.7846984863281,42.294708251953125,95.93145751953125
1630,32,person,0,0.9146652221679688,264.8296813964844,411.16064453125,59.4930419921875,134.9228515625
1631,8,person,0,0.899413526058197,231.51873779296875,332.4606628417969,42.419281005859375,98.60284423828125
1631,32,person,0,0.9076853394508362,267.7784423828125,411.3243103027344,63.5408935546875,134.227783203125
1632,8,person,0,0.8964815139770508,231.29367065429688,333.3988037109375,42.13494873046875,100.17361450195312
1632,32,person,0,0.9155552387237549,271.0624084472656,411.4609680175781,68.59466552734375,133.81329345703125
1633,8,person,0,0.8970456123352051,231.06307983398438,333.6361389160156,41.88475036621094,100.61370849609375
1633,32,person,0,0.922320544719696,274.8580627441406,411.37646484375,74.63691711425781,134.0042724609375
1634,8,person,0,0.894514262676239,231.1707763671875,333.59320068359375,41.27021789550781,100.57501220703125
1634,32,person,0,0.9257110953330994,278.6136169433594,411.98028564453125,80.14979553222656,133.04934692382812
1635,8,person,0,0.8958296775817871,231.65843200683594,333.5082092285156,39.967742919921875,100.59912109375
1635,32,person,0,0.9266512989997864,282.441650390625,412.67095947265625,86.72706604003906,131.83297729492188
1636,8,person,0,0.8962900638580322,231.87109375,333.27783203125,39.16474914550781,100.87277221679688
1636,32,person,0,0.9208847284317017,284.53607177734375,413.4956970214844,93.19178771972656,130.24102783203125
1637,8,person,0,0.8987267017364502,232.0160369873047,333.21551513671875,38.221832275390625,101.25930786132812
1637,32,person,0,0.9221058487892151,284.9649658203125,414.7840270996094,96.82229614257812,127.91400146484375
1638,8,person,0,0.8981220126152039,232.117919921875,333.16937255859375,37.86247253417969,101.3843994140625
1638,32,person,0,0.9273221492767334,285.543212890625,415.85418701171875,99.91728210449219,125.86056518554688
1639,8,person,0,0.8982252478599548,231.9226531982422,333.75787353515625,37.720123291015625,101.56076049804688
1639,32,person,0,0.9273492097854614,285.1410217285156,417.3846740722656,100.944580078125,123.3631591796875
1640,8,person,0,0.9042535424232483,230.73550415039062,335.312255859375,37.47389221191406,103.57876586914062
1640,32,person,0,0.9270938038825989,284.6548156738281,418.7840270996094,101.42304992675781,119.79608154296875
1641,8,person,0,0.901123583316803,229.91929626464844,336.470458984375,36.89593505859375,104.7276611328125
1641,32,person,0,0.9251777529716492,284.52093505859375,420.1652526855469,101.86747741699219,116.66693115234375
1642,8,person,0,0.8905494213104248,229.33657836914062,337.6307373046875,37.155609130859375,104.728271484375
1642,32,person,0,0.924161970615387,284.4455871582031,421.4241638183594,101.845947265625,114.479736328125
1643,8,person,0,0.8829639554023743,228.670654296875,339.06658935546875,37.21253967285156,104.62655639648438
1643,32,person,0,0.9251257181167603,285.2561950683594,422.32305908203125,100.93902587890625,113.01998901367188
1644,8,person,0,0.8713099360466003,227.83328247070312,340.12335205078125,37.6873779296875,105.03866577148438
1644,32,person,0,0.9272029399871826,285.77386474609375,422.91839599609375,100.60415649414062,111.75048828125
1645,8,person,0,0.8827527761459351,226.40933227539062,341.520751953125,38.25274658203125,105.74237060546875
1645,32,person,0,0.9241898655891418,286.7584228515625,423.2735595703125,97.49723815917969,111.12167358398438
1646,8,person,0,0.8774712681770325,225.88035583496094,342.8631286621094,37.794677734375,106.713623046875
1646,32,person,0,0.9241631031036377,287.67633056640625,423.7200622558594,94.35823059082031,110.6397705078125
1647,8,person,0,0.8802809119224548,225.43069458007812,343.85333251953125,38.12724304199219,107.85110473632812
1647,32,person,0,0.924263060092926,288.98773193359375,424.1822509765625,89.1044921875,110.07083129882812
1648,8,person,0,0.8867782950401306,224.57830810546875,344.52459716796875,39.08857727050781,108.1204833984375
1648,32,person,0,0.9244973659515381,289.0799865722656,424.357177734375,85.64027404785156,109.55941772460938
1649,8,person,0,0.8948328495025635,223.75732421875,344.78814697265625,39.49061584472656,108.26788330078125
1649,32,person,0,0.9263291358947754,289.19305419921875,424.92340087890625,83.4344482421875,108.42984008789062
1650,8,person,0,0.8969860076904297,222.53518676757812,344.7919006347656,39.38215637207031,108.190673828125
1650,32,person,0,0.9197074770927429,289.3926696777344,425.7140197753906,81.36015319824219,106.85791015625
1651,8,person,0,0.8982930183410645,221.15243530273438,344.656494140625,38.73841857910156,108.32125854492188
1651,32,person,0,0.9219249486923218,289.8517761230469,426.69580078125,78.8482666015625,104.63787841796875
1652,8,person,0,0.8925714492797852,220.35443115234375,344.5419921875,38.499420166015625,108.56130981445312
1652,32,person,0,0.9283665418624878,290.6343994140625,427.8857421875,76.93179321289062,102.44985961914062
1653,8,person,0,0.8974184989929199,219.61264038085938,344.37371826171875,38.76570129394531,108.66213989257812
1653,32,person,0,0.9236025214195251,292.0675354003906,429.4996337890625,74.77662658691406,99.23385620117188
1654,8,person,0,0.8986983895301819,219.27828979492188,344.4512023925781,38.970947265625,108.3843994140625
1654,32,person,0,0.9158040881156921,293.6976318359375,431.25262451171875,73.32296752929688,95.91864013671875
1655,8,person,0,0.8941129446029663,218.69085693359375,345.49957275390625,39.37261962890625,109.83175659179688
1655,32,person,0,0.9134987592697144,295.43072509765625,432.9458923339844,72.6533203125,92.595458984375
1656,8,person,0,0.8960384726524353,218.0613555908203,347.2313232421875,39.438751220703125,112.3165283203125
1656,32,person,0,0.9085614681243896,297.859130859375,434.330322265625,73.07949829101562,90.00369262695312
1657,8,person,0,0.8969711661338806,217.63336181640625,348.7964782714844,39.35479736328125,113.98248291015625
1657,32,person,0,0.9145076870918274,300.31549072265625,435.46856689453125,73.7689208984375,87.79409790039062
1658,8,person,0,0.9028339982032776,216.91551208496094,350.08544921875,39.896270751953125,114.08755493164062
1658,32,person,0,0.9119394421577454,302.92279052734375,436.35406494140625,75.15277099609375,85.76055908203125
1659,8,person,0,0.9050239324569702,216.58970642089844,351.26654052734375,40.20635986328125,114.00515747070312
1659,32,person,0,0.9186117053031921,305.37200927734375,437.11065673828125,76.88009643554688,84.36505126953125
1660,8,person,0,0.9032121300697327,215.96070861816406,352.5196533203125,40.6951904296875,114.482177734375
1660,32,person,0,0.9126171469688416,307.84320068359375,437.838623046875,79.30856323242188,82.59988403320312
1661,8,person,0,0.9072514176368713,215.45318603515625,354.69671630859375,41.63090515136719,116.11068725585938
1661,32,person,0,0.9119056463241577,309.8438720703125,438.4848937988281,81.92288208007812,81.1588134765625
1662,8,person,0,0.9151020646095276,215.40560913085938,356.2720947265625,42.2210693359375,117.5963134765625
1662,32,person,0,0.9160891175270081,311.7406005859375,438.9368896484375,84.12918090820312,80.42486572265625
1663,8,person,0,0.91672283411026,215.67864990234375,357.28631591796875,42.2274169921875,117.80242919921875
1663,32,person,0,0.9125534892082214,313.4976806640625,439.76702880859375,85.38760375976562,78.55581665039062
1664,8,person,0,0.9158110022544861,215.90911865234375,357.6872863769531,42.19309997558594,117.7001953125
1664,32,person,0,0.9100195169448853,314.93463134765625,440.75677490234375,86.18817138671875,76.63381958007812
1665,8,person,0,0.9141165614128113,216.3343505859375,357.7928466796875,41.845733642578125,117.57809448242188
1665,32,person,0,0.906983494758606,316.21270751953125,442.2230224609375,86.68911743164062,73.85321044921875
1666,8,person,0,0.9132229089736938,216.6324462890625,357.71295166015625,41.43086242675781,117.55349731445312
1666,32,person,0,0.9058136343955994,317.2327880859375,443.99334716796875,87.04843139648438,70.79824829101562
1667,8,person,0,0.9126220345497131,216.91461181640625,357.6142578125,40.97700500488281,117.59375
1667,32,person,0,0.8917731046676636,318.1851806640625,445.89105224609375,87.41256713867188,66.65493774414062
1668,8,person,0,0.9176135063171387,217.08876037597656,357.578857421875,40.61309814453125,117.55996704101562
1668,32,person,0,0.8873757719993591,319.01519775390625,447.9068603515625,86.28378295898438,62.326751708984375
1669,8,person,0,0.914513885974884,217.21884155273438,357.6816101074219,40.34965515136719,117.5517578125
1669,32,person,0,0.8784601092338562,320.3873291015625,450.26025390625,83.83633422851562,58.506927490234375
1670,8,person,0,0.9133623838424683,217.16981506347656,358.638671875,40.601959228515625,119.04617309570312
1670,32,person,0,0.8723537921905518,322.1558837890625,452.39971923828125,80.28707885742188,54.56109619140625
1671,8,person,0,0.9125701189041138,217.40084838867188,360.41729736328125,41.41899108886719,121.92764282226562
1671,32,person,0,0.8427824974060059,324.36968994140625,454.4105224609375,75.39401245117188,50.910003662109375
1672,8,person,0,0.9092947840690613,217.4014892578125,362.294189453125,41.90623474121094,123.75711059570312
1672,32,person,0,0.8060958981513977,326.1877746582031,455.652587890625,69.10821533203125,48.456787109375
1673,8,person,0,0.9070858359336853,217.24774169921875,363.62969970703125,42.64122009277344,123.89321899414062
1673,32,person,0,0.5844002366065979,328.49029541015625,457.14599609375,63.470428466796875,45.459930419921875
1674,8,person,0,0.9006948471069336,217.1620330810547,365.61053466796875,43.527008056640625,124.22781372070312
1674,32,person,0,0.7719452381134033,322.49932861328125,458.57086181640625,46.093048095703125,42.49761962890625
1675,8,person,0,0.9028074741363525,216.86361694335938,367.284912109375,43.99247741699219,124.67514038085938
1675,32,person,0,0.6782878041267395,321.33843994140625,459.5994873046875,41.32647705078125,40.4451904296875
1676,8,person,0,0.9032632112503052,216.48287963867188,369.1231689453125,43.67665100097656,125.58840942382812
1676,32,person,0,0.8014853596687317,321.4638366699219,460.7474060058594,39.5074462890625,38.20660400390625
1677,8,person,0,0.9079012274742126,215.62295532226562,371.3133544921875,43.41361999511719,127.51812744140625
1677,32,person,0,0.797536313533783,322.8897399902344,461.62664794921875,39.38958740234375,36.3236083984375
1678,8,person,0,0.9117171168327332,214.56222534179688,372.7358703613281,42.65895080566406,128.2841796875
1678,32,person,0,0.7685033679008484,324.7464599609375,462.7484130859375,39.653778076171875,34.233551025390625
1679,8,person,0,0.9143189191818237,213.55650329589844,373.54351806640625,42.419097900390625,128.33169555664062
1679,32,person,0,0.7239943146705627,326.86053466796875,463.876220703125,40.03021240234375,31.936492919921875
1680,8,person,0,0.9124994874000549,212.80836486816406,373.99249267578125,42.69024658203125,128.19122314453125
1680,32,person,0,0.4505337178707123,329.5758972167969,465.2125244140625,40.7412109375,29.47174072265625
1681,8,person,0,0.9140109419822693,211.95816040039062,374.1064453125,42.73298645019531,128.02523803710938
1681,32,person,0,0.30296868085861206,331.6571044921875,466.91168212890625,40.850006103515625,25.45794677734375
1682,8,person,0,0.9209737181663513,211.46775817871094,374.0580139160156,43.640838623046875,128.20489501953125
1682,32,person,0,0.3308832049369812,333.5118713378906,469.0386657714844,40.56787109375,21.6556396484375
1683,8,person,0,0.9251836538314819,211.72372436523438,373.958251953125,46.167694091796875,128.12710571289062
1683,32,person,0,0.511263370513916,335.37548828125,471.4730224609375,38.835540771484375,16.843170166015625
1684,8,person,0,0.9266514778137207,211.97647094726562,373.98992919921875,49.81407165527344,128.3140869140625
1684,32,person,0,0.4054611325263977,337.26922607421875,473.98736572265625,35.345916748046875,11.906585693359375
1685,8,person,0,0.9247226119041443,212.19039916992188,374.39019775390625,52.620086669921875,128.68896484375
1686,8,person,0,0.9234359860420227,211.9837646484375,376.48016357421875,55.037078857421875,131.82861328125
1687,8,person,0,0.9222832322120667,211.38629150390625,378.7972106933594,57.2698974609375,135.13140869140625
1688,8,person,0,0.9193928241729736,210.48870849609375,381.02801513671875,59.38055419921875,137.18228149414062
1689,8,person,0,0.9178408980369568,209.40139770507812,382.84918212890625,61.51530456542969,137.3089599609375
1690,8,person,0,0.9195754528045654,208.3551025390625,384.0386962890625,62.82426452636719,136.35836791992188
1691,8,person,0,0.9252855181694031,207.37234497070312,386.1667785644531,63.48231506347656,137.6043701171875
1692,8,person,0,0.9262096881866455,206.2376708984375,388.78271484375,63.62391662597656,140.03173828125
1693,8,person,0,0.9290140867233276,205.1715087890625,390.6387939453125,63.8599853515625,141.52859497070312
1694,8,person,0,0.9300030469894409,204.27679443359375,391.4937744140625,64.30320739746094,141.69845581054688
1695,8,person,0,0.9307951331138611,203.5691375732422,391.74993896484375,63.9798583984375,141.36380004882812
1696,8,person,0,0.9282482266426086,203.32229614257812,391.7960205078125,62.5833740234375,141.51156616210938
1697,8,person,0,0.9292722940444946,203.48635864257812,391.846435546875,60.30915832519531,141.67025756835938
1698,8,person,0,0.926303505897522,203.74649047851562,391.87530517578125,58.517181396484375,141.81201171875
1699,8,person,0,0.9252194762229919,203.73123168945312,391.8851623535156,57.725921630859375,141.60626220703125
1700,8,person,0,0.9255837202072144,203.7406005859375,392.18341064453125,57.00201416015625,141.27996826171875
1701,8,person,0,0.9198967814445496,203.72653198242188,394.48504638671875,56.62751770019531,144.06460571289062
1702,8,person,0,0.9182513356208801,203.63137817382812,397.52435302734375,56.30903625488281,147.28411865234375
1703,8,person,0,0.9215205311775208,203.6011962890625,400.2929382324219,55.86274719238281,149.58941650390625
1704,8,person,0,0.9198881387710571,203.59207153320312,402.02178955078125,55.955780029296875,149.83251953125
1705,8,person,0,0.9204314351081848,203.34523010253906,403.79742431640625,55.981658935546875,149.29098510742188
1706,8,person,0,0.9232740998268127,203.0033721923828,405.2713623046875,57.330078125,148.43606567382812
1707,8,person,0,0.9263778328895569,202.7230224609375,406.33026123046875,58.87583923339844,146.687255859375
1708,8,person,0,0.9323923587799072,202.137939453125,406.94427490234375,60.912933349609375,145.19091796875
1709,8,person,0,0.9314021468162537,201.34756469726562,407.60009765625,62.76707458496094,143.88430786132812
1710,8,person,0,0.9285379648208618,200.54440307617188,408.14556884765625,64.73966979980469,142.88372802734375
1711,8,person,0,0.9265308976173401,199.13021850585938,408.2969970703125,66.33697509765625,142.22317504882812
1712,8,person,0,0.9297263026237488,197.518310546875,408.1777648925781,66.98262023925781,142.01690673828125
1713,8,person,0,0.9294437170028687,195.3255157470703,408.22564697265625,67.61883544921875,142.281494140625
1714,8,person,0,0.9380995631217957,193.12289428710938,408.07171630859375,69.03494262695312,142.05941772460938
1715,8,person,0,0.9367345571517944,191.00726318359375,407.8218078613281,70.58088684082031,141.64471435546875
1716,8,person,0,0.9334527254104614,188.80462646484375,408.1640625,71.74693298339844,141.14712524414062
1717,8,person,0,0.9247604012489319,187.09848022460938,408.6618957519531,73.11424255371094,140.4320068359375
1718,8,person,0,0.9244009852409363,185.27413940429688,409.37152099609375,75.10723876953125,138.80575561523438
1719,8,person,0,0.9266192317008972,183.37176513671875,410.2805480957031,77.30210876464844,136.9378662109375
1720,8,person,0,0.924322247505188,182.32635498046875,411.3694763183594,77.89520263671875,134.64263916015625
1721,8,person,0,0.9294258952140808,180.8023681640625,412.84674072265625,79.15800476074219,131.519287109375
1722,8,person,0,0.9333435297012329,179.39959716796875,413.84979248046875,78.89299011230469,129.72036743164062
1723,8,person,0,0.928652822971344,178.28292846679688,414.500244140625,78.5557861328125,128.37081909179688
1724,8,person,0,0.938824474811554,177.66622924804688,415.22515869140625,78.18534851074219,126.95584106445312
1725,8,person,0,0.9363802075386047,177.81947326660156,416.11492919921875,76.63812255859375,125.60476684570312
1726,8,person,0,0.925946831703186,178.7375030517578,416.6466369628906,74.02896118164062,124.5936279296875
1727,8,person,0,0.926213264465332,179.99276733398438,417.1321716308594,71.62812805175781,124.17431640625
1728,8,person,0,0.9271939396858215,181.67181396484375,417.3569030761719,69.56974792480469,123.83172607421875
1729,8,person,0,0.9232118725776672,183.11920166015625,417.61468505859375,69.11619567871094,123.66470336914062
1730,8,person,0,0.926716685295105,184.01837158203125,417.83990478515625,69.58941650390625,123.32296752929688
1731,8,person,0,0.9227538108825684,184.44259643554688,418.1353759765625,69.90620422363281,122.73294067382812
1732,8,person,0,0.9235737323760986,184.46975708007812,418.95159912109375,70.95841979980469,120.71249389648438
1733,8,person,0,0.9223464131355286,184.2071533203125,419.9613037109375,71.92405700683594,118.76394653320312
1734,8,person,0,0.9242042303085327,183.80250549316406,421.45281982421875,72.92324829101562,116.00155639648438
1735,8,person,0,0.926153838634491,183.24169921875,422.9923400878906,74.62080383300781,112.86370849609375
1736,8,person,0,0.9282091856002808,182.42630004882812,423.9659423828125,76.45445251464844,110.63925170898438
1737,8,person,0,0.9250515699386597,181.30880737304688,425.30792236328125,78.50042724609375,108.08462524414062
1738,8,person,0,0.9282900094985962,180.09182739257812,426.62701416015625,80.59364318847656,105.60836791992188
1739,8,person,0,0.9247852563858032,178.87457275390625,427.554931640625,82.25465393066406,103.93814086914062
1740,8,person,0,0.9263256788253784,176.8663330078125,428.27838134765625,83.16886901855469,102.47805786132812
1741,8,person,0,0.9216938614845276,175.08267211914062,428.995361328125,83.33065795898438,101.04959106445312
1742,8,person,0,0.917531430721283,172.84304809570312,429.5619201660156,82.57070922851562,99.91741943359375
1743,8,person,0,0.9203574657440186,170.5316619873047,429.8539733886719,81.53839111328125,99.2972412109375
1744,8,person,0,0.9198160171508789,168.31504821777344,429.93560791015625,80.85272979736328,99.27847290039062
1745,8,person,0,0.9164379835128784,165.8386993408203,430.31488037109375,80.91983795166016,98.43478393554688
1746,8,person,0,0.9118229746818542,163.58973693847656,430.67889404296875,81.09392547607422,97.652587890625
1747,8,person,0,0.896932065486908,161.70281982421875,431.50482177734375,81.73945617675781,96.22625732421875
1748,8,person,0,0.9154173135757446,160.0970916748047,432.43743896484375,83.51685333251953,94.68386840820312
1749,8,person,0,0.9165555834770203,158.46145629882812,433.6484375,84.80747985839844,92.25411987304688
1750,8,person,0,0.9209845066070557,157.33404541015625,434.7121887207031,85.29501342773438,89.7208251953125
1751,8,person,0,0.925041139125824,156.41464233398438,435.639892578125,85.2909927368164,87.4715576171875
1752,8,person,0,0.9217057228088379,155.85757446289062,437.4744873046875,84.61032104492188,83.87646484375
1753,8,person,0,0.9158436059951782,155.6324462890625,438.78045654296875,83.43317413330078,81.31222534179688
1754,8,person,0,0.9140734076499939,155.74301147460938,439.63970947265625,81.81656646728516,79.21035766601562
1755,8,person,0,0.9111943244934082,156.06044006347656,440.64141845703125,80.33089447021484,77.3341064453125
1756,8,person,0,0.9089954495429993,156.09800720214844,441.34716796875,79.20278930664062,75.99862670898438
1757,8,person,0,0.9056825041770935,155.49127197265625,441.8766784667969,78.64706420898438,75.0023193359375
1758,8,person,0,0.9012008309364319,154.76531982421875,442.1369323730469,78.01676177978516,73.8348388671875
1759,8,person,0,0.8961601257324219,154.0659637451172,442.8162536621094,77.53692626953125,72.92840576171875
1760,8,person,0,0.8936918377876282,153.24620056152344,443.461181640625,77.6899642944336,71.1295166015625
1761,8,person,0,0.8947827816009521,152.52944946289062,444.61553955078125,77.82550811767578,69.24588012695312
1762,8,person,0,0.8906363248825073,151.79061889648438,446.07904052734375,78.3126220703125,66.50100708007812
1763,8,person,0,0.8831831812858582,151.2207794189453,447.8306579589844,78.73059844970703,63.34796142578125
1764,8,person,0,0.8651446104049683,149.95465087890625,449.69696044921875,77.7236099243164,59.6788330078125
1765,8,person,0,0.8621141910552979,147.43263244628906,451.78765869140625,76.7035903930664,55.711090087890625
1766,8,person,0,0.8591715097427368,144.78854370117188,453.3831481933594,75.12686920166016,51.99505615234375
1767,8,person,0,0.8517221212387085,141.52297973632812,454.9713134765625,73.26039123535156,49.288909912109375
1768,8,person,0,0.845648467540741,139.17709350585938,456.4339904785156,71.52722930908203,46.47406005859375
1769,8,person,0,0.840021014213562,137.9970245361328,457.6966857910156,68.36353302001953,44.028564453125
1770,8,person,0,0.8100557923316956,137.49986267089844,458.5588073730469,64.50140380859375,42.33843994140625
1771,8,person,0,0.8055265545845032,137.08477783203125,459.1275939941406,60.01970672607422,41.1900634765625
1772,8,person,0,0.5198012590408325,128.94247436523438,459.74072265625,42.576385498046875,39.386505126953125
1773,8,person,0,0.5895423889160156,126.41741943359375,460.81024169921875,37.104408264160156,37.396209716796875
1774,8,person,0,0.6699243187904358,125.67688751220703,462.129150390625,36.27803039550781,35.460906982421875
1775,8,person,0,0.6029175519943237,125.57940673828125,463.17132568359375,35.4652099609375,33.44012451171875
1776,8,person,0,0.3661215007305145,125.50003051757812,464.7406005859375,35.052162170410156,30.4566650390625
1777,-2,car,2,0.2417985498905182,375.14886474609375,218.71551513671875,18.0611572265625,8.6885986328125
1777,-2,person,0,0.21609385311603546,321.85858154296875,223.33291625976562,6.5059814453125,24.4757080078125
1778,-2,car,2,0.2362125813961029,375.13104248046875,218.70745849609375,17.99176025390625,8.68109130859375
1779,-2,car,2,0.20158104598522186,374.9999694824219,218.69732666015625,17.5848388671875,8.4033203125
1780,-2,car,2,0.18610084056854248,374.9681396484375,218.72763061523438,17.4893798828125,8.4759521484375
1781,-2,person,0,0.19747810065746307,321.8693542480469,223.25787353515625,6.34381103515625,24.62890625
1781,-2,car,2,0.1830737441778183,374.97784423828125,218.7147216796875,17.517822265625,8.4041748046875
1782,-2,person,0,0.20218585431575775,321.863525390625,223.39886474609375,6.345703125,24.34228515625
1782,-2,car,2,0.16014491021633148,374.95050048828125,218.75979614257812,17.44384765625,8.3922119140625
1783,-2,person,0,0.18347349762916565,321.8118896484375,223.26040649414062,6.441162109375,24.53717041015625
1783,-2,car,2,0.15608830749988556,374.99041748046875,218.81317138671875,17.6075439453125,8.44659423828125
1784,-2,person,0,0.16792218387126923,321.90234375,223.3135986328125,6.2799072265625,24.5250244140625
1784,-2,car,2,0.1530466079711914,374.9488830566406,218.84481811523438,17.48004150390625,8.4342041015625
1785,-2,person,0,0.19909363985061646,321.89715576171875,223.33322143554688,6.3077392578125,24.51019287109375
1785,-2,car,2,0.15528827905654907,375.07440185546875,218.731689453125,17.6864013671875,8.33526611328125
1786,-2,person,0,0.17271384596824646,321.8953857421875,223.46148681640625,6.27813720703125,24.12640380859375
1786,-2,car,2,0.16857674717903137,375.2000732421875,218.76840209960938,18.0125732421875,8.6541748046875
1787,-2,car,2,0.15933066606521606,375.0259704589844,218.7777099609375,17.54791259765625,8.52398681640625
