frame,track_id,class,cls_id,conf,x_c,y_c,w,h
0,1,car,2,0.9165105223655701,508.7565002441406,311.986328125,116.17913818359375,83.7437744140625
0,2,person,0,0.6952593922615051,359.451904296875,237.96942138671875,9.63287353515625,28.373291015625
0,3,person,0,0.6918181777000427,311.6568603515625,240.40805053710938,10.997314453125,32.94091796875
1,1,car,2,0.9162285923957825,508.75726318359375,312.0588684082031,116.25048828125,84.07012939453125
1,2,person,0,0.7023569941520691,359.2478942871094,238.2969512939453,9.99127197265625,28.29522705078125
1,3,person,0,0.6478843688964844,311.54266357421875,240.4613037109375,10.757598876953125,33.20947265625
2,1,car,2,0.9140340685844421,508.62969970703125,312.0762939453125,116.4095458984375,84.07894897460938
2,2,person,0,0.696620523929596,358.82354736328125,238.63185119628906,10.608795166015625,27.956268310546875
2,3,person,0,0.6663423776626587,311.4255065917969,240.36764526367188,10.7247314453125,33.02149963378906
3,1,car,2,0.9146432876586914,508.6177978515625,312.0936279296875,116.46493530273438,83.98074340820312
3,2,person,0,0.6978358030319214,358.51556396484375,238.53738403320312,11.04425048828125,28.942062377929688
3,3,person,0,0.632381021976471,311.40093994140625,240.39869689941406,10.65728759765625,33.133148193359375
4,1,car,2,0.9146178364753723,508.54833984375,312.16796875,116.52291870117188,83.9974365234375
4,2,person,0,0.6813231706619263,358.53546142578125,238.52157592773438,10.979644775390625,28.882797241210938
4,3,person,0,0.49235641956329346,311.46429443359375,240.30905151367188,10.464141845703125,32.97637939453125
5,1,car,2,0.9116400480270386,508.574951171875,312.1316833496094,116.44418334960938,84.0272216796875
5,2,person,0,0.6500180959701538,358.57171630859375,238.3514404296875,10.43731689453125,26.653274536132812
5,3,person,0,0.4558675289154053,311.4735412597656,240.41326904296875,10.248291015625,32.68110656738281
6,1,car,2,0.9135252237319946,508.61663818359375,312.1483459472656,116.37863159179688,83.96783447265625
6,2,person,0,0.6683642864227295,358.50537109375,237.7906036376953,10.64019775390625,26.231353759765625
6,3,person,0,0.5493916869163513,311.570556640625,240.46258544921875,10.150054931640625,32.771484375
7,1,car,2,0.9149667024612427,508.621826171875,312.11053466796875,116.42257690429688,83.857666015625
7,2,person,0,0.6910569071769714,358.1854248046875,236.79525756835938,10.279083251953125,25.938140869140625
7,3,person,0,0.5822156071662903,311.5770568847656,240.40780639648438,10.123779296875,32.88029479980469
8,1,car,2,0.9133842587471008,508.6053466796875,312.20074462890625,116.51242065429688,84.06048583984375
8,2,person,0,0.7028458714485168,357.8345947265625,237.01898193359375,10.222930908203125,27.48297119140625
8,3,person,0,0.6515587568283081,311.48931884765625,240.4517059326172,10.118438720703125,32.921295166015625
9,1,car,2,0.9155030250549316,508.62396240234375,312.22625732421875,116.60263061523438,84.07000732421875
9,2,person,0,0.6937577128410339,357.6610107421875,236.92254638671875,10.418914794921875,27.942092895507812
9,3,person,0,0.6277121305465698,311.5469055175781,240.52676391601562,10.0928955078125,32.92680358886719
10,1,car,2,0.9180362820625305,508.3837890625,312.5408935546875,116.60299682617188,84.17660522460938
10,2,person,0,0.6851384043693542,357.3963623046875,236.66995239257812,10.370849609375,27.471206665039062
10,3,person,0,0.6520282626152039,311.462646484375,240.66732788085938,10.160003662109375,32.95903015136719
11,1,car,2,0.9149271845817566,508.4133605957031,312.74847412109375,116.60784912109375,84.66921997070312
11,2,person,0,0.7046968340873718,357.0273132324219,236.3499755859375,10.665283203125,27.384979248046875
11,3,person,0,0.6800864934921265,311.1990051269531,240.66555786132812,10.22039794921875,33.261962890625
12,1,car,2,0.9169631600379944,508.5461730957031,312.78631591796875,116.66009521484375,84.90328979492188
12,2,person,0,0.7009653449058533,356.85528564453125,236.26722717285156,10.81622314453125,27.47772216796875
12,3,person,0,0.6958059668540955,311.2342224121094,240.6844024658203,10.41510009765625,33.376739501953125
13,1,car,2,0.9146419167518616,508.56591796875,312.8631591796875,116.59268188476562,85.01632690429688
13,2,person,0,0.7120607495307922,356.4647216796875,236.5627899169922,10.823944091796875,27.791473388671875
13,3,person,0,0.6644163727760315,311.33135986328125,240.71456909179688,10.551116943359375,33.54008483886719
14,1,car,2,0.9164009690284729,508.6858215332031,312.8888244628906,116.50543212890625,85.06304931640625
14,2,person,0,0.7024269700050354,356.2261657714844,236.41793823242188,10.83758544921875,27.216934204101562
14,3,person,0,0.6899768114089966,311.3587646484375,240.64297485351562,10.498809814453125,33.39115905761719
15,1,car,2,0.9178621172904968,508.6822814941406,312.94146728515625,116.55291748046875,85.18447875976562
15,2,person,0,0.720116138458252,355.87762451171875,236.10076904296875,10.578460693359375,26.201156616210938
15,3,person,0,0.6780076622962952,311.3578796386719,240.57623291015625,10.61669921875,33.57511901855469
16,1,car,2,0.9167681336402893,508.65826416015625,312.8980712890625,116.59133911132812,85.23501586914062
16,2,person,0,0.7227648496627808,355.7626647949219,236.07455444335938,11.10723876953125,26.127426147460938
16,3,person,0,0.6787417531013489,311.4456787109375,240.582763671875,10.732574462890625,33.58642578125
17,1,car,2,0.9183183908462524,508.664794921875,312.860107421875,116.602294921875,85.15945434570312
17,2,person,0,0.7365312576293945,355.459716796875,236.30357360839844,11.022247314453125,26.701141357421875
17,3,person,0,0.6734467148780823,311.5155029296875,240.64144897460938,10.79034423828125,33.68754577636719
18,1,car,2,0.9193719625473022,508.7266540527344,312.85845947265625,116.49053955078125,85.08279418945312
18,2,person,0,0.7449215650558472,355.19805908203125,236.83038330078125,10.711395263671875,27.748245239257812
18,3,person,0,0.670927107334137,311.43707275390625,240.6754150390625,10.588165283203125,33.66520690917969
19,1,car,2,0.9184378385543823,508.67816162109375,312.8072509765625,116.56161499023438,84.98150634765625
19,2,person,0,0.7419204115867615,355.0436096191406,236.274658203125,10.7891845703125,26.619964599609375
19,3,person,0,0.6585976481437683,311.30853271484375,240.7403106689453,10.383087158203125,33.797821044921875
20,1,car,2,0.9188166856765747,508.6470947265625,312.8186340332031,116.55856323242188,85.00445556640625
20,2,person,0,0.7302829027175903,354.9341735839844,236.05084228515625,10.96685791015625,25.944503784179688
20,3,person,0,0.6738407015800476,311.27557373046875,240.78048706054688,10.37762451171875,33.80140686035156
21,1,car,2,0.9176544547080994,508.6345520019531,312.8177490234375,116.58782958984375,85.04879760742188
21,2,person,0,0.7258682250976562,354.6708984375,236.056640625,10.736297607421875,26.03668212890625
21,3,person,0,0.6789658665657043,311.241455078125,240.78746032714844,10.362701416015625,33.856231689453125
22,1,car,2,0.9157398343086243,508.6513671875,312.7409973144531,116.57962036132812,84.98406982421875
22,2,person,0,0.7218942642211914,354.41937255859375,236.23196411132812,10.456573486328125,26.43206787109375
22,3,person,0,0.6743523478507996,311.1925048828125,240.79925537109375,10.36285400390625,33.86204528808594
23,1,car,2,0.9184649586677551,508.6711730957031,312.7923583984375,116.57171630859375,85.05221557617188
23,2,person,0,0.7104376554489136,354.35205078125,236.10781860351562,10.158416748046875,26.007217407226562
23,3,person,0,0.6866034269332886,311.23931884765625,240.79026794433594,10.515228271484375,34.015533447265625
24,1,car,2,0.9182677268981934,508.683349609375,312.77764892578125,116.5616455078125,85.078125
24,2,person,0,0.7102129459381104,354.3114013671875,235.99850463867188,10.072723388671875,25.768966674804688
24,3,person,0,0.6944153904914856,311.3053283691406,240.73974609375,10.6837158203125,34.17372131347656
25,1,car,2,0.9179283976554871,508.63690185546875,312.824462890625,116.528076171875,85.06991577148438
25,2,person,0,0.7132245302200317,354.208251953125,235.98922729492188,9.860137939453125,25.614883422851562
25,3,person,0,0.6863731145858765,311.41937255859375,240.76065063476562,10.96539306640625,34.29920959472656
26,1,car,2,0.916506290435791,508.6815185546875,312.73577880859375,116.53173828125,84.88125610351562
26,2,person,0,0.7044397592544556,354.15545654296875,235.96665954589844,9.702667236328125,25.59002685546875
26,3,person,0,0.6670758724212646,311.55242919921875,240.70095825195312,11.200958251953125,34.26458740234375
27,1,car,2,0.9186332821846008,508.6739501953125,312.7908935546875,116.56454467773438,84.9310302734375
27,2,person,0,0.7041165828704834,354.17401123046875,235.94638061523438,9.847442626953125,25.602890014648438
27,3,person,0,0.6645074486732483,311.59893798828125,240.60211181640625,11.349151611328125,34.22666931152344
28,1,car,2,0.9189112186431885,508.63482666015625,312.826171875,116.59207153320312,84.92813110351562
28,2,person,0,0.7080823183059692,354.1153869628906,235.9560546875,9.87579345703125,25.59832763671875
28,3,person,0,0.701169490814209,311.498046875,240.72171020507812,11.177215576171875,34.11997985839844
29,1,car,2,0.9190818667411804,508.6473388671875,312.7713928222656,116.62417602539062,85.00067138671875
29,2,person,0,0.7075446248054504,354.0942687988281,235.92788696289062,9.97601318359375,25.593460083007812
29,3,person,0,0.6888595819473267,311.5792236328125,240.65859985351562,11.415191650390625,34.3228759765625
30,1,car,2,0.9206820130348206,508.6719665527344,312.83087158203125,116.65924072265625,84.97195434570312
30,2,person,0,0.7030006051063538,354.0870056152344,235.86476135253906,10.06378173828125,25.69677734375
30,3,person,0,0.698530912399292,311.7286376953125,240.6768798828125,11.7227783203125,34.40782165527344
31,1,car,2,0.9193229675292969,508.64776611328125,312.7362060546875,116.70590209960938,84.76351928710938
31,2,person,0,0.7143679261207581,354.06024169921875,237.11276245117188,10.15032958984375,28.251083374023438
31,3,person,0,0.697646975517273,311.75689697265625,240.626220703125,11.746368408203125,34.45396423339844
32,1,car,2,0.9200672507286072,508.65350341796875,312.65045166015625,116.61343383789062,84.4986572265625
32,2,person,0,0.7127131223678589,354.0213623046875,236.68907165527344,10.136566162109375,27.265838623046875
32,3,person,0,0.6882179975509644,311.7426452636719,240.617919921875,11.77490234375,34.23823547363281
33,1,car,2,0.9194715023040771,508.59783935546875,312.60528564453125,116.6739501953125,84.20877075195312
33,2,person,0,0.7308070063591003,354.0037841796875,237.63916015625,10.285552978515625,29.222671508789062
33,3,person,0,0.6922715306282043,311.738037109375,240.60781860351562,11.794830322265625,34.12347412109375
33,4,person,0,0.6269519925117493,388.47247314453125,238.83718872070312,14.465362548828125,35.96435546875
34,1,car,2,0.9180439114570618,508.54168701171875,312.63665771484375,116.7216796875,84.25131225585938
34,2,person,0,0.7344107031822205,353.9751892089844,238.019775390625,10.3758544921875,29.963333129882812
34,3,person,0,0.6942095756530762,311.70501708984375,240.6253662109375,11.721832275390625,34.00958251953125
34,4,person,0,0.6102218627929688,388.0722961425781,238.7431640625,14.13128662109375,36.0345458984375
35,1,car,2,0.9174749851226807,508.56817626953125,312.51904296875,116.7467041015625,84.15933227539062
35,2,person,0,0.735649585723877,354.0235595703125,238.06019592285156,10.21240234375,30.229156494140625
35,3,person,0,0.6989083290100098,311.5938415527344,240.55482482910156,11.376220703125,34.054534912109375
35,4,person,0,0.5484484434127808,387.8797607421875,238.72201538085938,13.06512451171875,35.37825012207031
36,1,car,2,0.9165875911712646,508.554931640625,312.5244445800781,116.72158813476562,84.1986083984375
36,2,person,0,0.7361783385276794,354.01959228515625,238.06353759765625,10.157440185546875,30.245986938476562
36,3,person,0,0.6911060214042664,311.5565185546875,240.55319213867188,11.380218505859375,34.0531005859375
36,4,person,0,0.5132582187652588,387.74505615234375,238.97789001464844,11.94061279296875,34.304107666015625
37,1,car,2,0.9188690185546875,508.5717468261719,312.54437255859375,116.75360107421875,84.31588745117188
37,2,person,0,0.741696298122406,354.06243896484375,238.02810668945312,10.049652099609375,30.198013305664062
37,3,person,0,0.7019635438919067,311.54681396484375,240.57577514648438,11.36370849609375,34.11830139160156
37,4,person,0,0.5180204510688782,387.798095703125,239.06573486328125,11.317108154296875,33.51286315917969
38,1,car,2,0.9175638556480408,508.53448486328125,312.5247802734375,116.7774658203125,84.19912719726562
38,2,person,0,0.7405161261558533,354.07183837890625,237.955322265625,9.965484619140625,30.097427368164062
38,3,person,0,0.7004963755607605,311.59136962890625,240.58560180664062,11.444183349609375,34.1153564453125
38,4,person,0,0.523175060749054,387.8895568847656,239.6004638671875,10.91925048828125,32.41255187988281
39,1,car,2,0.9179170727729797,508.60833740234375,312.390380859375,116.8148193359375,84.05349731445312
39,2,person,0,0.7428433299064636,354.0635070800781,237.5926055908203,9.93182373046875,29.5633544921875
39,3,person,0,0.705052375793457,311.473388671875,240.5811004638672,11.220245361328125,34.170989990234375
39,4,person,0,0.5108475089073181,388.0555114746094,239.43072509765625,11.37249755859375,33.11741638183594
40,1,car,2,0.9161482453346252,508.56689453125,312.3339538574219,116.757568359375,83.84161376953125
40,2,person,0,0.7396748661994934,354.0252990722656,237.36253356933594,9.92999267578125,29.052276611328125
40,3,person,0,0.7030658721923828,311.3885803222656,240.5961151123047,10.916015625,34.350982666015625
40,4,person,0,0.5549472570419312,387.99041748046875,239.5392608642578,12.02032470703125,33.385833740234375
41,1,car,2,0.9172483086585999,508.5672607421875,312.3157043457031,116.72042846679688,83.8218994140625
41,2,person,0,0.7302249073982239,354.0354309082031,237.25540161132812,9.94683837890625,28.750534057617188
41,3,person,0,0.7054907083511353,311.2994384765625,240.59872436523438,10.674774169921875,34.35650634765625
41,4,person,0,0.5742514133453369,388.0103759765625,239.73641967773438,12.382415771484375,33.20454406738281
42,1,car,2,0.9178886413574219,508.5328369140625,312.3529357910156,116.60916137695312,83.86260986328125
42,2,person,0,0.7317907214164734,354.1065368652344,237.522216796875,9.99517822265625,29.182693481445312
42,3,person,0,0.6939663290977478,311.2080993652344,240.58724975585938,10.52789306640625,34.34332275390625
42,4,person,0,0.596314013004303,388.1466064453125,239.71701049804688,12.98651123046875,33.46296691894531
43,1,car,2,0.9184737205505371,508.4895324707031,312.4346923828125,116.56817626953125,83.835205078125
43,2,person,0,0.7379475235939026,354.1107177734375,237.4512176513672,10.044403076171875,29.00250244140625
43,3,person,0,0.6857042908668518,311.17584228515625,240.60284423828125,10.603607177734375,34.613037109375
43,4,person,0,0.5915306210517883,388.2786865234375,239.65887451171875,13.519989013671875,33.91033935546875
44,1,car,2,0.9185471534729004,508.5213623046875,312.4232177734375,116.7047119140625,83.82574462890625
44,2,person,0,0.7384123802185059,354.18218994140625,237.6387481689453,10.126678466796875,29.398529052734375
44,3,person,0,0.6845865845680237,311.20379638671875,240.51068115234375,10.710479736328125,34.76629638671875
44,4,person,0,0.5896291732788086,388.4156188964844,239.68260192871094,13.60089111328125,34.009796142578125
45,1,car,2,0.9176842570304871,508.53863525390625,312.3533935546875,116.67892456054688,83.72702026367188
45,2,person,0,0.7435940504074097,354.22003173828125,237.7200164794922,10.166778564453125,29.566619873046875
45,3,person,0,0.6730239987373352,311.2486267089844,240.547119140625,10.8072509765625,34.75813293457031
45,4,person,0,0.6395083069801331,388.56689453125,239.80520629882812,13.452392578125,34.19825744628906
46,1,car,2,0.9181494116783142,508.4814147949219,312.4005126953125,116.67572021484375,83.80270385742188
46,2,person,0,0.7437695264816284,354.26300048828125,237.73516845703125,10.17926025390625,29.638900756835938
46,3,person,0,0.6600155234336853,311.27215576171875,240.62686157226562,10.904144287109375,34.70240783691406
46,4,person,0,0.6532726883888245,388.5287780761719,239.951416015625,13.031005859375,34.16412353515625
47,1,car,2,0.9187389016151428,508.51318359375,312.46588134765625,116.7159423828125,84.00628662109375
47,2,person,0,0.7455670237541199,354.2686462402344,237.68789672851562,10.12554931640625,29.6856689453125
47,3,person,0,0.640386164188385,311.318115234375,240.68771362304688,10.9149169921875,34.67039489746094
47,4,person,0,0.6293991804122925,388.8105773925781,240.45755004882812,12.05023193359375,33.09516906738281
48,1,car,2,0.9180777668952942,508.5326843261719,312.519775390625,116.73529052734375,84.16305541992188
48,2,person,0,0.7517521381378174,354.2603454589844,237.67160034179688,10.09149169921875,29.697723388671875
48,3,person,0,0.6757200956344604,311.37384033203125,240.703369140625,10.972137451171875,34.41184997558594
48,4,person,0,0.618186354637146,388.864013671875,240.60877990722656,11.49200439453125,32.603607177734375
49,1,car,2,0.9176933169364929,508.53314208984375,312.52838134765625,116.78189086914062,84.11068725585938
49,2,person,0,0.7541040182113647,354.2684326171875,237.62335205078125,10.01068115234375,29.818588256835938
49,3,person,0,0.6826875805854797,311.43212890625,240.76708984375,10.902008056640625,34.29322814941406
49,4,person,0,0.6203097105026245,388.9111633300781,240.57347106933594,11.0830078125,32.173248291015625
50,1,car,2,0.9165969491004944,508.55963134765625,312.50848388671875,116.79293823242188,84.15304565429688
50,2,person,0,0.7607747912406921,354.27178955078125,237.62002563476562,10.01715087890625,29.9090576171875
50,3,person,0,0.7062733769416809,311.46246337890625,240.75323486328125,10.740875244140625,34.41529846191406
50,4,person,0,0.6260014176368713,388.9228515625,240.57894897460938,10.9967041015625,32.08049011230469
51,1,car,2,0.9185354113578796,508.5325622558594,312.5761413574219,116.78204345703125,84.12689208984375
51,2,person,0,0.7518045902252197,354.2899169921875,237.67218017578125,9.990325927734375,30.077102661132812
51,3,person,0,0.6951881647109985,311.4801025390625,240.69081115722656,10.763397216796875,34.335906982421875
51,4,person,0,0.6348475813865662,388.8349609375,240.5322265625,11.462432861328125,32.48187255859375
52,1,car,2,0.9184068441390991,508.5150146484375,312.5872802734375,116.78799438476562,84.11483764648438
52,2,person,0,0.7431401610374451,354.4081115722656,237.834228515625,10.14898681640625,30.153213500976562
52,3,person,0,0.6864392161369324,311.449462890625,240.7205810546875,10.953582763671875,34.26390075683594
52,4,person,0,0.6230124831199646,388.84051513671875,240.54006958007812,11.45770263671875,32.46324157714844
53,1,car,2,0.9183028936386108,508.5283508300781,312.57568359375,116.80450439453125,84.08407592773438
53,2,person,0,0.736174464225769,354.454345703125,237.8966064453125,10.2490234375,30.282241821289062
53,3,person,0,0.678313672542572,311.50189208984375,240.802978515625,10.991668701171875,33.8995361328125
53,4,person,0,0.6213811635971069,388.93707275390625,240.09005737304688,12.04766845703125,33.01930236816406
54,1,car,2,0.9185798168182373,508.5133056640625,312.55511474609375,116.80984497070312,84.0772705078125
54,2,person,0,0.7312885522842407,354.4638977050781,238.03607177734375,10.25897216796875,30.516708374023438
54,3,person,0,0.6611678600311279,311.623779296875,240.66705322265625,11.037200927734375,33.82167053222656
54,4,person,0,0.6362467408180237,388.9306640625,240.05332946777344,12.052154541015625,32.891754150390625
55,1,car,2,0.9158896803855896,508.58795166015625,312.55078125,116.6243896484375,84.23968505859375
55,2,person,0,0.7284314632415771,354.415771484375,237.9874267578125,10.363067626953125,30.511978149414062
55,3,person,0,0.6245183944702148,311.86810302734375,240.6042938232422,10.745025634765625,33.925140380859375
55,4,person,0,0.58358234167099,388.8340148925781,239.6800079345703,11.67779541015625,31.60430908203125
56,1,car,2,0.9184797406196594,508.61669921875,312.5560302734375,116.55929565429688,84.167236328125
56,2,person,0,0.7351210713386536,354.34442138671875,237.9654998779297,10.331085205078125,30.445037841796875
56,3,person,0,0.6342216730117798,312.0375671386719,240.69918823242188,10.47723388671875,34.00177001953125
56,4,person,0,0.575501561164856,388.82012939453125,239.76968383789062,10.79644775390625,29.897903442382812
57,1,car,2,0.9159628748893738,508.61895751953125,312.60614013671875,116.52261352539062,84.24002075195312
57,2,person,0,0.7456035614013672,354.26385498046875,237.73709106445312,10.29083251953125,30.011428833007812
57,3,person,0,0.6800282597541809,312.115966796875,240.75054931640625,10.293182373046875,33.9212646484375
57,4,person,0,0.6051352024078369,388.9510192871094,240.32540893554688,10.07427978515625,30.03497314453125
58,1,car,2,0.913245677947998,508.57806396484375,312.59356689453125,116.64718627929688,84.33084106445312
58,2,person,0,0.7381324172019958,354.23919677734375,237.24176025390625,10.245819091796875,29.165863037109375
58,3,person,0,0.6033304929733276,312.2264404296875,240.61834716796875,10.164215087890625,33.61579895019531
58,4,person,0,0.6008920669555664,388.95294189453125,239.83961486816406,10.003326416015625,28.9837646484375
59,1,car,2,0.9164692759513855,508.5273132324219,312.82489013671875,116.60516357421875,84.62033081054688
59,2,person,0,0.7484369277954102,354.0577697753906,236.71475219726562,10.1324462890625,27.861618041992188
59,3,person,0,0.617156445980072,312.3428955078125,240.46165466308594,10.418914794921875,33.998382568359375
59,4,person,0,0.6147961020469666,388.94775390625,239.78021240234375,9.733978271484375,28.991775512695312
60,1,car,2,0.9152687191963196,508.6302490234375,312.70404052734375,116.69729614257812,84.55422973632812
60,2,person,0,0.7347304224967957,353.9351806640625,236.77748107910156,10.13275146484375,28.029083251953125
60,3,person,0,0.6588608026504517,312.3546142578125,240.37228393554688,10.673919677734375,34.10639953613281
60,4,person,0,0.6364322900772095,388.94464111328125,239.6036834716797,9.6611328125,29.686859130859375
61,1,car,2,0.9161335229873657,508.67724609375,312.6173095703125,116.7908935546875,84.38790893554688
61,2,person,0,0.7346547245979309,353.71783447265625,236.74037170410156,9.999786376953125,27.70574951171875
61,3,person,0,0.6821235418319702,312.34075927734375,240.38980102539062,10.68463134765625,33.944091796875
61,4,person,0,0.6269959807395935,388.9017639160156,240.14840698242188,9.35748291015625,30.621109008789062
62,1,car,2,0.9162207841873169,508.66375732421875,312.7138671875,116.63046264648438,84.46987915039062
62,2,person,0,0.7188845872879028,353.5063781738281,236.8111572265625,10.13470458984375,27.517349243164062
62,3,person,0,0.6538401246070862,312.41693115234375,240.4603271484375,10.673583984375,33.97328186035156
62,4,person,0,0.6490676403045654,388.9175720214844,240.28384399414062,9.433349609375,30.631179809570312
63,1,car,2,0.9176838994026184,508.651123046875,312.76544189453125,116.55258178710938,84.45071411132812
63,2,person,0,0.7029350996017456,353.3365478515625,237.22076416015625,10.397674560546875,28.361709594726562
63,3,person,0,0.6209688782691956,312.5726318359375,240.4883575439453,10.266815185546875,34.154266357421875
63,4,person,0,0.636311411857605,388.784912109375,240.098876953125,9.545257568359375,30.385879516601562
64,1,car,2,0.9155935049057007,508.6883850097656,312.6505126953125,116.55401611328125,84.41021728515625
64,2,person,0,0.6998957991600037,353.1029357910156,237.0146484375,10.43707275390625,28.164291381835938
64,3,person,0,0.6630975604057312,312.63360595703125,240.5574951171875,10.353118896484375,34.03691101074219
64,4,person,0,0.5986436009407043,388.53094482421875,239.47897338867188,9.689361572265625,29.258773803710938
65,1,car,2,0.9156680703163147,508.67620849609375,312.6434020996094,116.5458984375,84.39654541015625
65,2,person,0,0.7079419493675232,352.83270263671875,237.36732482910156,10.191253662109375,29.162506103515625
65,3,person,0,0.7004269361495972,313.11865234375,240.6368408203125,10.775360107421875,34.2159423828125
65,4,person,0,0.5778559446334839,388.36956787109375,239.67874145507812,9.858917236328125,29.5887451171875
66,1,car,2,0.9172329306602478,508.62890625,312.69061279296875,116.50466918945312,84.30191040039062
66,2,person,0,0.6752438545227051,352.6365051269531,237.2792510986328,10.49371337890625,28.906402587890625
66,3,person,0,0.7298219203948975,313.63897705078125,240.63050842285156,11.039642333984375,34.061553955078125
66,4,person,0,0.5820721387863159,388.2756652832031,239.83224487304688,10.52740478515625,29.84881591796875
67,1,car,2,0.9147914052009583,508.6470947265625,312.5682678222656,116.63070678710938,84.226318359375
67,2,person,0,0.660544753074646,352.3853454589844,237.41465759277344,10.398193359375,29.032379150390625
67,3,person,0,0.7518045902252197,313.8837585449219,240.51885986328125,11.4976806640625,34.10438537597656
67,4,person,0,0.5866069793701172,388.10394287109375,239.63311767578125,11.578857421875,30.982589721679688
68,1,car,2,0.9155193567276001,508.64886474609375,312.5131530761719,116.64810180664062,84.2274169921875
68,2,person,0,0.6214549541473389,352.13201904296875,237.02294921875,10.2427978515625,28.568588256835938
68,3,person,0,0.7597883939743042,314.24432373046875,240.56089782714844,12.17584228515625,34.716827392578125
68,4,person,0,0.5823717713356018,388.3282470703125,239.399169921875,12.783477783203125,31.792922973632812
69,1,car,2,0.9146931767463684,508.59521484375,312.55950927734375,116.68417358398438,84.25558471679688
69,2,person,0,0.6218901872634888,351.820068359375,236.90321350097656,9.976104736328125,28.438995361328125
69,3,person,0,0.7601976990699768,314.49371337890625,240.86077880859375,12.541900634765625,35.27899169921875
69,4,person,0,0.6137810945510864,388.2312927246094,239.75619506835938,12.83038330078125,32.64634704589844
70,1,car,2,0.9164326190948486,508.61956787109375,312.5679931640625,116.73251342773438,84.25473022460938
70,2,person,0,0.6222526431083679,351.62628173828125,236.94320678710938,9.803619384765625,28.309646606445312
70,3,person,0,0.7569110989570618,314.6532897949219,240.82347106933594,12.40728759765625,34.428741455078125
70,4,person,0,0.6558876633644104,388.1091613769531,240.12744140625,12.502197265625,32.52619934082031
71,1,car,2,0.9159654974937439,508.5989685058594,312.6157531738281,116.70928955078125,84.29376220703125
71,2,person,0,0.6572836637496948,351.3033752441406,237.45289611816406,10.15850830078125,29.05169677734375
71,3,person,0,0.7808166146278381,314.6199951171875,240.89999389648438,12.317718505859375,34.09074401855469
71,4,person,0,0.6103180646896362,387.93707275390625,240.62667846679688,12.30718994140625,33.24922180175781
72,1,car,2,0.915804922580719,508.60919189453125,312.59185791015625,116.69589233398438,84.26116943359375
72,2,person,0,0.6531063914299011,351.17535400390625,236.87754821777344,10.409820556640625,27.653106689453125
72,3,person,0,0.7824485898017883,314.88116455078125,241.01126098632812,12.448089599609375,33.95155334472656
72,4,person,0,0.6135210990905762,387.8306579589844,241.196044921875,12.5435791015625,33.63310241699219
73,1,car,2,0.9149193167686462,508.65313720703125,312.5083312988281,116.72055053710938,84.14349365234375
73,2,person,0,0.6580802202224731,350.86773681640625,236.62469482421875,10.450897216796875,27.28948974609375
73,3,person,0,0.7704646587371826,315.2481689453125,240.930908203125,12.553253173828125,34.20628356933594
73,4,person,0,0.6107876896858215,387.7969665527344,241.36392211914062,13.41644287109375,34.49772644042969
74,1,car,2,0.9163392186164856,508.68402099609375,312.602783203125,116.6485595703125,84.28155517578125
74,2,person,0,0.6608878970146179,350.8759765625,236.72210693359375,10.3214111328125,27.419174194335938
74,3,person,0,0.7821083068847656,315.47821044921875,240.8214111328125,12.51434326171875,33.98606872558594
74,4,person,0,0.5634148120880127,387.5494079589844,241.0513916015625,12.71661376953125,34.06634521484375
75,1,car,2,0.9143705368041992,508.6520690917969,312.64105224609375,116.55621337890625,84.33901977539062
75,2,person,0,0.6778481602668762,350.71661376953125,236.3332061767578,10.21783447265625,26.565277099609375
75,3,person,0,0.746070921421051,315.8167419433594,240.6342010498047,13.29522705078125,34.052642822265625
75,4,person,0,0.5433957576751709,387.59210205078125,240.84634399414062,12.702362060546875,33.67584228515625
76,1,car,2,0.9136020541191101,508.6953125,312.6053466796875,116.54214477539062,84.48104858398438
76,2,person,0,0.685451865196228,350.62078857421875,236.0594482421875,10.075408935546875,25.943634033203125
76,3,person,0,0.7137322425842285,315.7196044921875,240.650390625,13.561492919921875,33.87818908691406
76,4,person,0,0.4988618791103363,388.29840087890625,241.34896850585938,14.564178466796875,32.28111267089844
77,1,car,2,0.9129796028137207,508.691650390625,312.53009033203125,116.54434204101562,84.31881713867188
77,2,person,0,0.6894629001617432,350.5609130859375,235.96282958984375,10.013458251953125,25.671005249023438
77,3,person,0,0.6958105564117432,315.7562255859375,240.55282592773438,13.596343994140625,33.58538818359375
77,4,person,0,0.42107900977134705,388.5586853027344,241.46096801757812,13.91534423828125,31.521743774414062
78,1,car,2,0.9111245274543762,508.6661376953125,312.53350830078125,116.6434326171875,84.5928955078125
78,2,person,0,0.6906310319900513,350.5333251953125,235.94363403320312,10.026641845703125,25.6839599609375
78,3,person,0,0.6976951956748962,316.00042724609375,240.42784118652344,13.331878662109375,33.411590576171875
78,4,person,0,0.41442710161209106,390.12591552734375,240.30645751953125,11.998077392578125,28.094528198242188
79,1,car,2,0.9141526818275452,508.7069091796875,312.56353759765625,116.6024169921875,84.49459838867188
79,2,person,0,0.7045366764068604,350.55438232421875,235.86740112304688,10.026885986328125,25.692657470703125
79,3,person,0,0.6502061486244202,316.6793212890625,240.49334716796875,14.3299560546875,33.27491760253906
79,4,person,0,0.5107998847961426,390.731201171875,239.76611328125,12.064849853515625,27.754745483398438
79,5,person,0,0.6325885653495789,372.4867248535156,239.90179443359375,8.59893798828125,28.058334350585938
80,1,car,2,0.913729190826416,508.6572265625,312.6209716796875,116.5916748046875,84.44143676757812
80,2,person,0,0.7041841745376587,350.50592041015625,235.80850219726562,9.944000244140625,25.6302490234375
80,3,person,0,0.39708784222602844,316.98687744140625,240.70040893554688,14.064788818359375,32.58848571777344
80,4,person,0,0.5014050006866455,390.4094543457031,239.45489501953125,11.3487548828125,26.736038208007812
80,5,person,0,0.5841585397720337,371.71112060546875,240.2427520751953,8.763824462890625,27.39019775390625
81,1,car,2,0.9155076742172241,508.6897888183594,312.6539306640625,116.59918212890625,84.43057250976562
81,2,person,0,0.7044588327407837,350.5224914550781,235.74240112304688,9.90020751953125,25.598602294921875
81,3,person,0,0.4767928123474121,317.13189697265625,240.6644287109375,13.643341064453125,32.47322082519531
81,4,person,0,0.4766959846019745,389.81036376953125,238.6155242919922,10.484222412109375,24.6710205078125
81,5,person,0,0.5340126156806946,371.186767578125,239.39697265625,8.98797607421875,27.660797119140625
82,1,car,2,0.9161480665206909,508.69744873046875,312.65478515625,116.4747314453125,84.22256469726562
82,2,person,0,0.7058796882629395,350.416015625,235.7909698486328,9.735931396484375,25.69647216796875
82,3,person,0,0.6613096594810486,317.292724609375,240.6453857421875,13.691253662109375,32.71318054199219
82,4,person,0,0.511396586894989,389.4013671875,238.66241455078125,10.49658203125,24.963287353515625
82,5,person,0,0.5495142936706543,370.6734924316406,238.95962524414062,9.653076171875,29.743988037109375
83,1,car,2,0.9161993861198425,508.70770263671875,312.5522155761719,116.49462890625,84.08123779296875
83,2,person,0,0.6969841122627258,350.40032958984375,235.7645263671875,9.57391357421875,25.565902709960938
83,3,person,0,0.6246978640556335,317.2977600097656,240.78488159179688,13.231689453125,32.49293518066406
83,4,person,0,0.40023452043533325,389.36614990234375,238.41793823242188,9.769561767578125,23.827285766601562
83,5,person,0,0.4808636009693146,369.8913879394531,238.6519317626953,10.255126953125,30.71527099609375
84,1,car,2,0.914275050163269,508.6728515625,312.54620361328125,116.46597290039062,84.20111083984375
84,2,person,0,0.6932618618011475,350.39923095703125,235.87152099609375,9.502349853515625,25.587722778320312
84,3,person,0,0.5256166458129883,317.1424865722656,240.81625366210938,13.86676025390625,32.68418884277344
84,4,person,0,0.28730157017707825,389.3628234863281,238.29946899414062,9.36834716796875,22.948822021484375
84,5,person,0,0.43543940782546997,369.3836669921875,239.20901489257812,10.666961669921875,30.827957153320312
85,1,car,2,0.9142577052116394,508.68438720703125,312.4945983886719,116.49240112304688,84.27874755859375
85,2,person,0,0.6780659556388855,350.4346923828125,235.94712829589844,9.32489013671875,25.69287109375
85,3,person,0,0.3957213759422302,318.61297607421875,240.60690307617188,11.759796142578125,31.881301879882812
85,4,person,0,0.2764012813568115,389.3937683105469,238.46395874023438,9.42010498046875,22.768585205078125
85,5,person,0,0.25076520442962646,368.9962158203125,239.1318359375,10.432464599609375,31.512298583984375
86,1,car,2,0.9149917960166931,508.6629943847656,312.4743957519531,116.50665283203125,84.21435546875
86,2,person,0,0.670863151550293,350.4665222167969,236.13198852539062,9.26177978515625,26.186370849609375
86,3,person,0,0.5503942370414734,320.17852783203125,240.07769775390625,9.763641357421875,30.5614013671875
86,4,person,0,0.36789533495903015,389.85687255859375,238.15626525878906,10.31671142578125,23.607147216796875
86,5,person,0,0.20577950775623322,367.8551330566406,239.24453735351562,10.0843505859375,30.495407104492188
86,6,person,0,0.6525381207466125,379.06390380859375,243.89541625976562,11.855224609375,29.223190307617188
87,1,car,2,0.9182059168815613,508.66668701171875,312.46331787109375,116.52786254882812,84.11160278320312
87,2,person,0,0.6491910219192505,350.54833984375,236.05999755859375,9.145904541015625,26.067916870117188
87,3,person,0,0.6229484677314758,321.2206115722656,239.52960205078125,9.17608642578125,30.815048217773438
87,4,person,0,0.36916348338127136,389.56256103515625,237.870361328125,10.751922607421875,23.990966796875
87,5,person,0,0.19710004329681396,367.4021301269531,238.37428283691406,9.70367431640625,29.19793701171875
87,6,person,0,0.6072854995727539,378.22235107421875,244.30447387695312,12.326934814453125,28.81939697265625
88,1,car,2,0.9174335598945618,508.58941650390625,312.4812316894531,116.48800659179688,84.0567626953125
88,2,person,0,0.6254396438598633,350.5986328125,236.0689697265625,9.001251220703125,25.8656005859375
88,3,person,0,0.6471340656280518,321.7268371582031,239.48538208007812,9.11212158203125,31.306076049804688
88,4,person,0,0.5352168083190918,389.40460205078125,238.23977661132812,11.39495849609375,23.231765747070312
88,5,person,0,0.3344913423061371,366.7079772949219,237.71408081054688,8.3709716796875,26.352081298828125
88,6,person,0,0.6533874273300171,377.5460510253906,244.71922302246094,12.83343505859375,28.555206298828125
89,1,car,2,0.9174195528030396,508.5681457519531,312.58404541015625,116.49945068359375,84.26828002929688
89,2,person,0,0.6491647362709045,350.634521484375,236.06396484375,8.813751220703125,25.728546142578125
89,3,person,0,0.6912641525268555,322.23382568359375,239.46502685546875,8.461181640625,31.019577026367188
89,4,person,0,0.4737890660762787,389.3477478027344,238.3297119140625,12.3272705078125,23.069808959960938
89,5,person,0,0.4664442539215088,366.04052734375,237.67262268066406,8.204010009765625,26.266815185546875
89,6,person,0,0.6146252155303955,377.11712646484375,244.1766357421875,13.067230224609375,29.829727172851562
90,1,car,2,0.9167988896369934,508.62030029296875,312.545654296875,116.5673828125,84.31253051757812
90,2,person,0,0.630654513835907,350.832275390625,235.91041564941406,8.502105712890625,26.001617431640625
90,3,person,0,0.7263962030410767,322.683349609375,239.89761352539062,8.41033935546875,31.707870483398438
90,4,person,0,0.5096700191497803,388.9951171875,238.55813598632812,11.646728515625,22.94158935546875
90,5,person,0,0.5332828164100647,365.4897766113281,238.66036987304688,7.90509033203125,28.940643310546875
90,6,person,0,0.5461207032203674,377.1439208984375,244.6195831298828,12.577667236328125,29.310821533203125
91,1,car,2,0.9195247292518616,508.664794921875,312.5310363769531,116.71328735351562,84.32196044921875
91,2,person,0,0.6252406239509583,351.0116271972656,235.83599853515625,8.2344970703125,26.14056396484375
91,3,person,0,0.6571711301803589,322.8238525390625,240.11654663085938,8.649261474609375,32.1248779296875
91,4,person,0,0.4990246295928955,388.9968566894531,238.6865234375,10.6304931640625,22.365203857421875
91,5,person,0,0.4378097355365753,365.0185546875,238.25119018554688,7.931732177734375,28.441619873046875
91,6,person,0,0.6066892743110657,377.09515380859375,245.48452758789062,12.78955078125,27.85504150390625
92,1,car,2,0.9185640811920166,508.68304443359375,312.5406799316406,116.65151977539062,84.349853515625
92,2,person,0,0.6380059719085693,351.120849609375,235.97999572753906,8.105010986328125,26.261474609375
92,3,person,0,0.7080363631248474,323.5302734375,240.2897491455078,9.232757568359375,32.619842529296875
92,4,person,0,0.5254634618759155,388.74395751953125,238.11956787109375,9.997528076171875,23.417282104492188
92,5,person,0,0.5964760780334473,364.37567138671875,238.51278686523438,7.933380126953125,29.294784545898438
92,6,person,0,0.5969855189323425,376.65386962890625,246.01239013671875,13.029327392578125,26.889907836914062
93,1,car,2,0.9175044298171997,508.68524169921875,312.53717041015625,116.6483154296875,84.38006591796875
93,2,person,0,0.569672167301178,351.2530212402344,236.017822265625,7.9727783203125,26.53326416015625
93,3,person,0,0.7197502255439758,324.15155029296875,239.85731506347656,9.81256103515625,32.780609130859375
93,4,person,0,0.46253764629364014,388.5322570800781,237.72470092773438,10.63836669921875,24.2923583984375
93,5,person,0,0.5299395322799683,363.7518310546875,237.6690216064453,7.734222412109375,27.0806884765625
93,6,person,0,0.640487015247345,376.1756286621094,245.69674682617188,12.59930419921875,27.480056762695312
94,1,car,2,0.9175413250923157,508.6780090332031,312.498779296875,116.62554931640625,84.31637573242188
94,2,person,0,0.49489495158195496,351.38250732421875,236.3009033203125,8.0040283203125,26.915725708007812
94,3,person,0,0.666580319404602,324.7431335449219,239.78207397460938,10.1427001953125,32.080047607421875
94,4,person,0,0.29306650161743164,388.13739013671875,238.0834503173828,10.843536376953125,23.520355224609375
94,5,person,0,0.5552762746810913,363.2127685546875,236.97865295410156,8.1142578125,25.73956298828125
94,6,person,0,0.6092626452445984,375.80218505859375,244.9718780517578,11.9306640625,28.764923095703125
95,1,car,2,0.9185953140258789,508.7159729003906,312.4635314941406,116.64495849609375,84.304443359375
95,2,person,0,0.32098332047462463,351.4684143066406,236.5281524658203,8.002685546875,27.269744873046875
95,3,person,0,0.7234042882919312,325.4673767089844,240.01504516601562,11.24468994140625,31.9552001953125
95,4,person,0,0.3012051582336426,388.10284423828125,238.19760131835938,11.231719970703125,23.708358764648438
95,5,person,0,0.5735524296760559,362.6314697265625,236.7055206298828,8.32855224609375,25.43115234375
95,6,person,0,0.5571260452270508,375.48529052734375,245.29916381835938,11.132904052734375,27.812088012695312
96,1,car,2,0.9182174801826477,508.7467041015625,312.4660949707031,116.61099243164062,84.36541748046875
96,2,person,0,0.24119256436824799,351.4637145996094,236.7779541015625,7.8917236328125,27.826858520507812
96,3,person,0,0.6995378136634827,326.14617919921875,240.68943786621094,12.395751953125,32.569732666015625
96,4,person,0,0.29993996024131775,388.09320068359375,239.19921875,11.265838623046875,22.020858764648438
96,5,person,0,0.5293517708778381,362.30084228515625,236.6453857421875,8.419952392578125,25.647994995117188
96,6,person,0,0.6322658061981201,375.02392578125,245.58026123046875,10.042724609375,27.233078002929688
97,1,car,2,0.9190807342529297,508.7218322753906,312.54132080078125,116.54095458984375,84.49783325195312
97,3,person,0,0.6880017518997192,326.4805908203125,240.84869384765625,13.056365966796875,32.56298828125
97,4,person,0,0.3448946177959442,387.47467041015625,239.63162231445312,12.791778564453125,21.896194458007812
97,5,person,0,0.503858745098114,361.5702209472656,236.74298095703125,7.640380859375,25.734481811523438
97,6,person,0,0.6591573357582092,374.5812683105469,245.38226318359375,9.4844970703125,27.66455078125
98,1,car,2,0.9150537848472595,508.72052001953125,312.5162353515625,116.50228881835938,84.49447631835938
98,3,person,0,0.6766322255134583,326.8736572265625,240.9183349609375,13.495330810546875,32.49259948730469
98,4,person,0,0.40337130427360535,387.1116943359375,239.7358856201172,13.129669189453125,21.695220947265625
98,5,person,0,0.5860453248023987,361.08319091796875,236.98876953125,7.716705322265625,26.314163208007812
98,6,person,0,0.6212896704673767,373.9792175292969,245.58267211914062,8.887939453125,27.0921630859375
99,1,car,2,0.9157652854919434,508.8184814453125,312.4241943359375,116.50167846679688,84.53500366210938
99,3,person,0,0.6771259903907776,327.06195068359375,240.80471801757812,12.938018798828125,32.52227783203125
99,4,person,0,0.2999946177005768,386.72906494140625,240.21539306640625,12.378021240234375,22.170013427734375
99,5,person,0,0.521118700504303,360.61663818359375,236.8963165283203,8.119110107421875,26.418853759765625
99,6,person,0,0.6618137955665588,373.51666259765625,244.95782470703125,8.6082763671875,28.153182983398438
100,1,car,2,0.9160417914390564,508.86480712890625,312.47052001953125,116.5260009765625,84.51846313476562
100,3,person,0,0.665549635887146,327.09197998046875,240.8119354248047,11.83245849609375,32.128509521484375
100,4,person,0,0.3323529362678528,386.1112060546875,240.52969360351562,11.51544189453125,21.877548217773438
100,5,person,0,0.34895414113998413,360.33514404296875,236.87644958496094,8.253265380859375,26.2041015625
100,6,person,0,0.6640670895576477,372.9169921875,244.9205780029297,8.615936279296875,28.598052978515625
101,1,car,2,0.9163815379142761,508.77532958984375,312.361328125,116.446044921875,83.96493530273438
101,3,person,0,0.6590690016746521,327.4576416015625,240.79788208007812,10.88470458984375,31.114242553710938
101,4,person,0,0.33447086811065674,386.157958984375,240.55419921875,12.811187744140625,22.605514526367188
101,6,person,0,0.7355379462242126,372.0357666015625,245.13751220703125,9.49493408203125,28.753982543945312
102,1,car,2,0.9160888195037842,508.767333984375,312.39031982421875,116.47177124023438,84.11639404296875
102,3,person,0,0.5570105314254761,328.3463134765625,240.78890991210938,10.2642822265625,30.440444946289062
102,4,person,0,0.24968551099300385,385.64056396484375,240.7537384033203,12.162078857421875,23.46881103515625
102,6,person,0,0.6653111577033997,371.0408935546875,245.13198852539062,10.705535888671875,28.957534790039062
102,5,person,0,0.547920286655426,357.2359619140625,238.22634887695312,12.116302490234375,30.525070190429688
103,1,car,2,0.918156087398529,508.70849609375,312.47637939453125,116.43228149414062,84.19735717773438
103,3,person,0,0.6529337167739868,328.41156005859375,240.9542236328125,9.68017578125,29.925369262695312
103,4,person,0,0.43583622574806213,383.5863342285156,241.0506591796875,10.46405029296875,24.052505493164062
103,6,person,0,0.7200552225112915,370.11712646484375,244.95089721679688,12.23052978515625,29.70648193359375
103,5,person,0,0.6385100483894348,356.4706726074219,238.5562286376953,12.55328369140625,31.813201904296875
104,1,car,2,0.9108655452728271,508.83355712890625,312.3761901855469,116.25741577148438,84.3126220703125
104,3,person,0,0.6178772449493408,328.84765625,240.62680053710938,9.543853759765625,30.7559814453125
104,4,person,0,0.33682242035865784,382.7412109375,240.15704345703125,8.563568115234375,21.763931274414062
104,6,person,0,0.4313231110572815,369.8116455078125,244.32293701171875,12.236053466796875,29.797714233398438
104,5,person,0,0.6773304343223572,356.27716064453125,238.2943572998047,12.632354736328125,31.517913818359375
105,1,car,2,0.907168984413147,508.85272216796875,312.2561340332031,116.14425659179688,84.5960693359375
105,3,person,0,0.6311119794845581,329.490966796875,240.5864715576172,9.169219970703125,30.937164306640625
105,4,person,0,0.4897363781929016,382.05938720703125,240.72329711914062,7.615264892578125,22.7484130859375
105,6,person,0,0.5762289762496948,369.60235595703125,244.1613006591797,12.416595458984375,29.628936767578125
105,5,person,0,0.6983539462089539,355.8982849121094,237.70159912109375,12.23114013671875,30.051315307617188
106,1,car,2,0.91472989320755,508.84149169921875,312.383544921875,116.13290405273438,84.36618041992188
106,3,person,0,0.5764946937561035,330.02484130859375,240.65744018554688,8.613616943359375,30.7171630859375
106,4,person,0,0.41211074590682983,381.58148193359375,241.2130126953125,7.110626220703125,21.529006958007812
106,6,person,0,0.6319422125816345,369.1465759277344,244.69664001464844,13.301025390625,29.566497802734375
106,5,person,0,0.6948662996292114,355.51776123046875,238.05426025390625,11.512054443359375,30.759078979492188
107,1,car,2,0.9144018292427063,508.8689880371094,312.44451904296875,116.11016845703125,84.35427856445312
107,3,person,0,0.5576013326644897,330.5513610839844,240.53660583496094,8.72491455078125,30.789337158203125
107,4,person,0,0.42344361543655396,381.6162109375,241.94326782226562,7.873046875,21.9388427734375
107,6,person,0,0.578468382358551,368.9122314453125,244.83139038085938,13.3592529296875,29.473129272460938
107,5,person,0,0.6352822780609131,355.3482971191406,238.12054443359375,10.7598876953125,30.862747192382812
108,1,car,2,0.91485595703125,508.8931884765625,312.48638916015625,116.1112060546875,84.31057739257812
108,3,person,0,0.7159372568130493,331.11968994140625,240.19161987304688,7.910552978515625,31.280319213867188
108,4,person,0,0.3914755880832672,381.75439453125,243.90606689453125,8.599090576171875,23.703277587890625
108,6,person,0,0.5354001522064209,368.353515625,245.28050231933594,13.45849609375,28.686553955078125
108,5,person,0,0.6997523307800293,354.94964599609375,238.5491485595703,9.901519775390625,31.84765625
109,1,car,2,0.916613757610321,508.88360595703125,312.50799560546875,116.15890502929688,84.26519775390625
109,3,person,0,0.7127574682235718,331.7696533203125,239.89154052734375,8.2374267578125,32.30393981933594
109,4,person,0,0.2420869767665863,381.11541748046875,244.017333984375,8.408905029296875,24.08306884765625
109,6,person,0,0.4256226122379303,367.83563232421875,245.94415283203125,13.00274658203125,27.437271118164062
109,5,person,0,0.6495918035507202,354.72711181640625,238.69573974609375,9.1021728515625,32.443359375
110,1,car,2,0.918117344379425,508.8311462402344,312.5558776855469,116.14862060546875,84.31488037109375
110,3,person,0,0.7230398654937744,332.2494812011719,240.09666442871094,8.434326171875,32.919281005859375
110,6,person,0,0.6610738635063171,367.3531799316406,245.62921142578125,12.639404296875,27.877243041992188
110,5,person,0,0.22870640456676483,354.62066650390625,238.76275634765625,8.524261474609375,32.382049560546875
111,1,car,2,0.9180015325546265,508.81298828125,312.60107421875,116.20578002929688,84.28759765625
111,3,person,0,0.6991661190986633,332.7651672363281,239.85614013671875,8.38641357421875,33.4677734375
111,6,person,0,0.6481208205223083,366.668212890625,245.89010620117188,11.142303466796875,27.39013671875
111,5,person,0,0.43736588954925537,354.57379150390625,239.044677734375,8.957794189453125,31.946792602539062
112,1,car,2,0.9160872101783752,508.746337890625,312.5540771484375,116.23263549804688,84.15048217773438
112,3,person,0,0.7118633985519409,333.07647705078125,239.976806640625,8.604766845703125,33.806640625
112,6,person,0,0.6223692297935486,366.0809326171875,245.16098022460938,10.325225830078125,28.788406372070312
112,5,person,0,0.6575504541397095,354.35601806640625,239.5505828857422,9.133880615234375,31.57708740234375
113,1,car,2,0.9134388566017151,508.6746826171875,312.56341552734375,116.21200561523438,84.16323852539062
113,3,person,0,0.6871164441108704,333.4398193359375,239.8933868408203,9.02337646484375,33.841461181640625
113,6,person,0,0.6871463656425476,365.4884033203125,245.04080200195312,10.030181884765625,28.643997192382812
113,5,person,0,0.633613109588623,354.1092529296875,239.6650390625,9.1279296875,30.248275756835938
113,4,person,0,0.5348981618881226,376.3363952636719,240.81033325195312,8.36090087890625,23.550521850585938
114,1,car,2,0.9108267426490784,508.75506591796875,312.59039306640625,116.24490356445312,84.50079345703125
114,3,person,0,0.6635652780532837,334.02783203125,239.4163818359375,9.31573486328125,33.475830078125
114,6,person,0,0.6772618293762207,364.8017883300781,244.4510955810547,9.447998046875,29.415008544921875
114,5,person,0,0.6306500434875488,353.6376037597656,239.331298828125,9.60772705078125,30.564834594726562
114,4,person,0,0.4866800904273987,374.966796875,240.66448974609375,8.822052001953125,23.9464111328125
115,1,car,2,0.9153224229812622,508.7454833984375,312.6842041015625,116.25607299804688,84.57586669921875
115,3,person,0,0.623581051826477,334.52691650390625,238.857421875,9.605072021484375,32.717559814453125
115,6,person,0,0.6661378145217896,363.8492431640625,243.98294067382812,9.779541015625,30.666702270507812
115,5,person,0,0.5387017130851746,353.251220703125,239.56118774414062,10.114776611328125,30.755050659179688
115,4,person,0,0.42976143956184387,373.5887451171875,240.73617553710938,10.2095947265625,25.537811279296875
116,1,car,2,0.9159553647041321,508.7629089355469,312.64404296875,116.30963134765625,84.4656982421875
116,3,person,0,0.6840131878852844,334.99737548828125,239.40585327148438,10.8233642578125,33.67169189453125
116,6,person,0,0.6035766005516052,362.9593505859375,243.49029541015625,9.842803955078125,31.784912109375
116,5,person,0,0.4330824613571167,351.98907470703125,239.62171936035156,9.103668212890625,31.1148681640625
116,4,person,0,0.5188530683517456,372.6221923828125,240.3565216064453,11.466949462890625,25.68988037109375
117,1,car,2,0.9138399958610535,508.74249267578125,312.612548828125,116.29306030273438,84.51937866210938
117,3,person,0,0.6538693904876709,335.4688720703125,239.82144165039062,12.0794677734375,33.95603942871094
117,6,person,0,0.6364098191261292,362.3691711425781,243.22372436523438,9.73028564453125,31.996749877929688
117,5,person,0,0.521851658821106,351.293212890625,239.30911254882812,8.685272216796875,30.441741943359375
117,4,person,0,0.5862945318222046,371.5540771484375,240.16644287109375,11.559722900390625,26.08587646484375
118,1,car,2,0.9154280424118042,508.65692138671875,312.6210021972656,116.53756713867188,84.37652587890625
118,3,person,0,0.6222367882728577,335.749267578125,239.99444580078125,12.767425537109375,34.14739990234375
118,6,person,0,0.5136339664459229,361.95068359375,243.30841064453125,9.740753173828125,31.745315551757812
118,5,person,0,0.6112551093101501,350.41546630859375,239.05958557128906,9.119598388671875,29.56103515625
118,4,person,0,0.5700080990791321,370.58038330078125,240.4318084716797,10.911865234375,26.5823974609375
119,1,car,2,0.9139379858970642,508.643310546875,312.45550537109375,116.66604614257812,83.98757934570312
119,3,person,0,0.5531983971595764,335.94049072265625,239.99342346191406,12.5211181640625,34.161163330078125
119,6,person,0,0.6557068824768066,360.86407470703125,243.4904327392578,10.882415771484375,31.764373779296875
119,5,person,0,0.5973301529884338,349.6859130859375,238.72946166992188,8.81024169921875,28.78179931640625
119,4,person,0,0.6365779638290405,369.98486328125,239.447265625,10.352142333984375,24.319976806640625
120,1,car,2,0.9111149311065674,508.64300537109375,312.3409118652344,116.65347290039062,83.82086181640625
120,3,person,0,0.6559305191040039,336.6742248535156,240.06375122070312,13.803466796875,34.26277160644531
120,6,person,0,0.6262927055358887,359.9423828125,243.0957794189453,12.445037841796875,32.471099853515625
120,5,person,0,0.6435351967811584,349.0947265625,239.6555938720703,8.676971435546875,30.81915283203125
120,4,person,0,0.610216498374939,369.99017333984375,238.94638061523438,10.056854248046875,23.600509643554688
121,1,car,2,0.9119613170623779,508.647705078125,312.27655029296875,116.70114135742188,83.68338012695312
121,3,person,0,0.6608878970146179,337.357666015625,239.98873901367188,13.108245849609375,33.91229248046875
121,6,person,0,0.6034559011459351,359.6644592285156,243.0544891357422,13.5472412109375,32.001617431640625
121,5,person,0,0.602323591709137,348.86041259765625,239.95367431640625,8.455322265625,31.512237548828125
121,4,person,0,0.5645473003387451,369.781982421875,238.38882446289062,10.526123046875,22.833297729492188
122,1,car,2,0.9105228781700134,508.65106201171875,312.0194396972656,116.67776489257812,82.97021484375
122,3,person,0,0.6830636858940125,338.0882568359375,239.8068389892578,12.415191650390625,33.384857177734375
122,6,person,0,0.5147157311439514,359.97991943359375,242.11492919921875,13.258636474609375,33.97404479980469
122,5,person,0,0.5198043584823608,348.583984375,238.3799591064453,8.276458740234375,28.871337890625
122,4,person,0,0.5155975222587585,369.40216064453125,237.922119140625,10.493133544921875,23.305999755859375
123,1,car,2,0.9120128750801086,508.64013671875,311.92633056640625,116.57064819335938,82.69183349609375
123,3,person,0,0.6935866475105286,338.8018798828125,239.74887084960938,11.126251220703125,33.17295837402344
123,6,person,0,0.532096803188324,359.4046325683594,241.90362548828125,14.05621337890625,34.13395690917969
123,5,person,0,0.5498273372650146,348.1197509765625,237.76626586914062,8.28717041015625,27.992477416992188
123,4,person,0,0.46338579058647156,368.50433349609375,237.83743286132812,10.199920654296875,24.392181396484375
124,1,car,2,0.9144171476364136,508.5712890625,311.99224853515625,116.67001342773438,82.58963012695312
124,3,person,0,0.6657115817070007,339.2890625,239.59698486328125,10.2677001953125,32.80718994140625
124,6,person,0,0.47125422954559326,358.912109375,244.192626953125,14.35089111328125,29.820556640625
124,5,person,0,0.42512476444244385,347.27252197265625,237.36434936523438,7.707794189453125,26.60577392578125
124,4,person,0,0.44337987899780273,367.9088439941406,239.19387817382812,9.93780517578125,26.840576171875
125,1,car,2,0.9127933382987976,508.5132751464844,311.87054443359375,116.72235107421875,82.421630859375
125,3,person,0,0.6242685317993164,339.92547607421875,239.58450317382812,10.245513916015625,32.38053894042969
125,6,person,0,0.5269014835357666,358.7898254394531,243.95997619628906,14.005859375,30.266143798828125
125,5,person,0,0.38215526938438416,347.054443359375,236.13235473632812,7.37164306640625,23.977096557617188
125,4,person,0,0.40785014629364014,367.0536804199219,238.38076782226562,10.2510986328125,26.040573120117188
126,1,car,2,0.911579430103302,508.556640625,311.7337646484375,116.7376708984375,82.45089721679688
126,3,person,0,0.6106284856796265,340.3369140625,239.5946807861328,9.78466796875,32.3551025390625
126,6,person,0,0.5569658279418945,358.657958984375,243.9927978515625,13.678253173828125,30.727676391601562
126,5,person,0,0.44248875975608826,346.529541015625,237.89297485351562,7.733978271484375,27.5355224609375
126,4,person,0,0.45269837975502014,366.52630615234375,238.81658935546875,10.380523681640625,26.848922729492188
127,1,car,2,0.9100020527839661,508.57452392578125,311.77587890625,116.6732177734375,82.55722045898438
127,3,person,0,0.5894691944122314,341.65020751953125,239.5919189453125,10.735015869140625,32.66816711425781
127,6,person,0,0.6332246661186218,357.61065673828125,243.45849609375,11.894073486328125,31.426223754882812
127,5,person,0,0.2800445556640625,345.42730712890625,237.4815673828125,8.258148193359375,27.322647094726562
127,4,person,0,0.5152214169502258,366.232177734375,237.79364013671875,10.179412841796875,25.5682373046875
128,1,car,2,0.9087416529655457,508.64910888671875,311.84283447265625,116.47933959960938,82.63473510742188
128,3,person,0,0.6848862767219543,341.74725341796875,239.74290466308594,10.52923583984375,32.709930419921875
128,6,person,0,0.5595685839653015,356.85174560546875,244.153564453125,10.742095947265625,30.035629272460938
128,4,person,0,0.5010302066802979,366.0762939453125,238.1228485107422,10.279449462890625,27.65234375
129,1,car,2,0.9105409383773804,508.6834411621094,311.91949462890625,116.43231201171875,82.74661254882812
129,3,person,0,0.6988977193832397,342.09332275390625,239.85498046875,10.856170654296875,33.38200378417969
129,6,person,0,0.6004807353019714,356.66143798828125,243.33795166015625,10.530059814453125,31.388259887695312
129,4,person,0,0.5695566534996033,365.89373779296875,237.75634765625,9.973663330078125,27.358016967773438
130,1,car,2,0.9116507172584534,508.73583984375,311.91705322265625,116.5164794921875,82.69338989257812
130,3,person,0,0.7004291415214539,342.32183837890625,239.771728515625,10.672088623046875,33.66184997558594
130,6,person,0,0.5166588425636292,356.19134521484375,242.10800170898438,10.249542236328125,32.61491394042969
130,4,person,0,0.5313345193862915,365.88116455078125,237.39996337890625,10.52752685546875,26.911483764648438
131,1,car,2,0.912118136882782,508.7402038574219,311.96246337890625,116.46734619140625,82.75616455078125
131,3,person,0,0.6375437378883362,342.4504089355469,239.77853393554688,10.086181640625,33.81414794921875
131,6,person,0,0.5662792325019836,355.35723876953125,241.11373901367188,9.475738525390625,33.25990295410156
131,4,person,0,0.6294636726379395,365.86529541015625,236.9438018798828,11.0740966796875,25.9342041015625
132,1,car,2,0.9118524193763733,508.7443542480469,312.0662841796875,116.58343505859375,83.07138061523438
132,3,person,0,0.6375523805618286,342.398193359375,239.57247924804688,9.36297607421875,33.41864013671875
132,6,person,0,0.27358928322792053,354.37823486328125,241.39039611816406,9.54949951171875,32.402984619140625
132,4,person,0,0.49469560384750366,365.69610595703125,237.70675659179688,12.002685546875,26.855239868164062
133,1,car,2,0.9147741794586182,508.78466796875,312.1366271972656,116.53189086914062,83.21380615234375
133,3,person,0,0.36533215641975403,342.8108215332031,239.4158935546875,9.853759765625,32.96873474121094
133,4,person,0,0.2849309742450714,363.939208984375,238.02407836914062,14.740570068359375,25.906158447265625
134,1,car,2,0.9045668840408325,508.72802734375,312.0018310546875,116.64883422851562,83.22500610351562
134,3,person,0,0.4449276924133301,343.11395263671875,238.74078369140625,10.021148681640625,31.764694213867188
134,4,person,0,0.2638654112815857,363.0489807128906,237.93951416015625,15.278564453125,26.562652587890625
135,1,car,2,0.9035384058952332,508.78326416015625,311.95849609375,116.41671752929688,83.26083374023438
135,3,person,0,0.570440948009491,342.7278747558594,238.78549194335938,9.87799072265625,31.849807739257812
135,4,person,0,0.3515327572822571,362.5428466796875,238.34815979003906,15.592620849609375,25.723724365234375
136,1,car,2,0.9058660864830017,508.837646484375,311.8931884765625,116.406494140625,83.13897705078125
136,3,person,0,0.5116591453552246,342.40936279296875,239.0760498046875,9.451873779296875,31.660324096679688
136,4,person,0,0.46350815892219543,363.74761962890625,238.12738037109375,13.568328857421875,25.728271484375
137,1,car,2,0.9049143195152283,508.7699890136719,311.9276428222656,116.32708740234375,83.25018310546875
137,3,person,0,0.2802322804927826,342.37567138671875,239.246337890625,9.952850341796875,31.540618896484375
137,4,person,0,0.2866485118865967,362.94512939453125,239.33621215820312,14.149505615234375,24.46319580078125
137,6,person,0,0.5154563188552856,349.82513427734375,241.45037841796875,11.129364013671875,29.35748291015625
138,1,car,2,0.9069656729698181,508.71990966796875,311.87286376953125,116.39120483398438,83.08139038085938
138,3,person,0,0.15406228601932526,341.0762939453125,239.34153747558594,8.276702880859375,31.0494384765625
138,4,person,0,0.1558186113834381,363.0959777832031,238.9571533203125,10.8236083984375,21.801223754882812
138,6,person,0,0.48276224732398987,349.3659362792969,241.13267517089844,10.904052734375,31.326385498046875
139,1,car,2,0.9102297425270081,508.74957275390625,312.10418701171875,116.41659545898438,83.57736206054688
139,3,person,0,0.3298880457878113,340.827392578125,239.90194702148438,8.820343017578125,31.570022583007812
139,6,person,0,0.46392878890037537,349.5684509277344,241.13504028320312,11.12847900390625,31.764419555664062
140,1,car,2,0.9079045653343201,508.791748046875,312.2082214355469,116.453125,83.8988037109375
140,3,person,0,0.44660764932632446,339.86474609375,239.6425018310547,7.84466552734375,32.213775634765625
140,6,person,0,0.5526177287101746,349.608154296875,240.823974609375,12.24713134765625,33.64353942871094
141,1,car,2,0.9072321653366089,508.79058837890625,312.2613830566406,116.409912109375,84.0601806640625
141,3,person,0,0.42192885279655457,339.0484619140625,238.89903259277344,7.97283935546875,31.131500244140625
141,6,person,0,0.46076497435569763,349.31268310546875,241.39102172851562,13.126556396484375,34.00724792480469
142,1,car,2,0.9080809950828552,508.81396484375,312.290771484375,116.45947265625,84.11184692382812
142,3,person,0,0.5503645539283752,338.5701904296875,239.37481689453125,8.2412109375,32.17756652832031
142,6,person,0,0.4206130802631378,348.3955383300781,241.23544311523438,11.95880126953125,34.2642822265625
143,1,car,2,0.9108470678329468,508.84552001953125,312.337646484375,116.47421264648438,84.15487670898438
143,3,person,0,0.36471545696258545,338.0553283691406,238.20582580566406,8.189453125,29.856414794921875
143,6,person,0,0.33591726422309875,347.708740234375,240.8592529296875,11.130096435546875,31.42669677734375
144,1,car,2,0.9100440144538879,508.82977294921875,312.3887939453125,116.46566772460938,84.14547729492188
144,3,person,0,0.44771426916122437,337.4057922363281,236.54388427734375,8.2689208984375,26.370651245117188
144,6,person,0,0.41688820719718933,347.75128173828125,239.02987670898438,10.765899658203125,27.72247314453125
145,1,car,2,0.9071000218391418,508.8283996582031,312.31842041015625,116.46966552734375,84.2913818359375
145,3,person,0,0.2555648684501648,336.54547119140625,235.09451293945312,7.861724853515625,24.608856201171875
145,6,person,0,0.37569618225097656,347.9388732910156,239.91091918945312,10.59942626953125,29.559967041015625
146,1,car,2,0.9223921895027161,508.84307861328125,312.6724853515625,116.4095458984375,84.37973022460938
146,3,person,0,0.22044789791107178,335.68353271484375,237.49826049804688,8.685211181640625,29.025100708007812
146,6,person,0,0.34263813495635986,346.7964782714844,241.5612030029297,11.75592041015625,32.248748779296875
146,2,person,0,0.5064243078231812,353.686767578125,240.25152587890625,11.625885009765625,33.29603576660156
147,1,car,2,0.9241806268692017,508.81207275390625,312.88525390625,116.28689575195312,84.51687622070312
147,3,person,0,0.25168776512145996,335.1299743652344,237.9983367919922,8.5074462890625,29.808624267578125
147,6,person,0,0.4451156258583069,345.51153564453125,242.36209106445312,10.296478271484375,32.68780517578125
147,2,person,0,0.5267410278320312,354.0456237792969,239.81350708007812,11.4505615234375,33.27769470214844
148,1,car,2,0.9246358275413513,508.7836608886719,312.9196472167969,116.23297119140625,84.502685546875
148,3,person,0,0.3850576877593994,334.7565612792969,238.43966674804688,8.09991455078125,30.068557739257812
148,6,person,0,0.4210444688796997,344.7437438964844,243.38140869140625,9.6290283203125,31.154830932617188
148,2,person,0,0.6189635396003723,353.5903625488281,240.01580810546875,10.9095458984375,33.43257141113281
149,1,car,2,0.9203897714614868,508.8118896484375,312.68646240234375,116.32937622070312,84.03854370117188
149,3,person,0,0.572799563407898,334.01849365234375,237.476806640625,7.56756591796875,27.904281616210938
149,6,person,0,0.4577943980693817,344.9788513183594,242.66358947753906,10.12860107421875,32.906158447265625
149,2,person,0,0.5932864546775818,354.1007080078125,239.8241729736328,10.989471435546875,32.679229736328125
150,1,car,2,0.9195855259895325,508.78277587890625,312.6731872558594,116.34750366210938,83.88531494140625
150,3,person,0,0.3130842447280884,333.420166015625,236.79501342773438,6.760101318359375,26.163681030273438
150,6,person,0,0.34285518527030945,344.031005859375,242.64659118652344,9.60638427734375,32.412261962890625
150,2,person,0,0.6374626159667969,354.3240661621094,240.3692626953125,11.453857421875,33.96197509765625
151,1,car,2,0.9195190072059631,508.7841796875,312.64532470703125,116.36331176757812,83.82913208007812
151,3,person,0,0.26694127917289734,333.09722900390625,238.11495971679688,6.66082763671875,28.66326904296875
151,6,person,0,0.5312561392784119,342.7257080078125,243.67030334472656,8.733612060546875,31.073394775390625
151,2,person,0,0.6693701148033142,355.0599670410156,240.5644073486328,11.1219482421875,34.512481689453125
152,1,car,2,0.918647825717926,508.81390380859375,312.62109375,116.3616943359375,83.97735595703125
152,6,person,0,0.4091034531593323,341.6318054199219,245.4365234375,8.64031982421875,27.524673461914062
152,2,person,0,0.6573105454444885,356.2979736328125,240.84835815429688,11.53515625,34.74333190917969
153,1,car,2,0.9172437787055969,508.7205810546875,312.73980712890625,116.35079956054688,84.21218872070312
153,6,person,0,0.30291813611984253,341.1241760253906,243.00094604492188,8.10150146484375,29.6275634765625
153,2,person,0,0.6838876605033875,356.78839111328125,240.0804443359375,11.76739501953125,32.95005798339844
154,1,car,2,0.9199540019035339,508.7781982421875,312.5716552734375,116.30624389648438,83.97512817382812
154,6,person,0,0.5497142672538757,340.61260986328125,244.66427612304688,8.912353515625,27.2874755859375
154,2,person,0,0.582029402256012,357.3057556152344,240.6973114013672,12.07275390625,32.419769287109375
155,1,car,2,0.9203265309333801,508.80242919921875,312.6834716796875,116.1343994140625,84.05364990234375
155,6,person,0,0.4071977734565735,340.3033447265625,242.90643310546875,9.285919189453125,30.360031127929688
155,2,person,0,0.5394924283027649,357.6629943847656,240.63623046875,12.3016357421875,30.820907592773438
156,1,car,2,0.9205577373504639,508.79754638671875,312.79058837890625,116.17184448242188,84.25628662109375
156,6,person,0,0.40432512760162354,340.48565673828125,243.38241577148438,10.390899658203125,31.160507202148438
156,2,person,0,0.5176056623458862,358.7715759277344,239.55075073242188,12.97723388671875,30.617996215820312
157,1,car,2,0.9178528785705566,508.811279296875,312.7293701171875,116.2137451171875,84.24771118164062
157,6,person,0,0.6056667566299438,340.51007080078125,243.69554138183594,10.264923095703125,31.614349365234375
157,2,person,0,0.6591461896896362,359.5314025878906,240.24124145507812,12.99591064453125,31.630264282226562
157,3,person,0,0.5900975465774536,331.02691650390625,240.8277587890625,8.58807373046875,32.60357666015625
158,1,car,2,0.9183904528617859,508.8598327636719,312.798828125,116.20465087890625,84.33767700195312
158,6,person,0,0.5632672309875488,340.7226867675781,243.6483154296875,10.106689453125,31.9527587890625
158,2,person,0,0.7031013369560242,359.97467041015625,240.52371215820312,12.607147216796875,32.5784912109375
158,3,person,0,0.5446918606758118,331.6206359863281,242.00457763671875,10.0821533203125,32.49186706542969
159,1,car,2,0.9187444448471069,508.7821044921875,312.84161376953125,116.14596557617188,84.27493286132812
159,6,person,0,0.5746574997901917,340.05511474609375,243.5236358642578,11.9207763671875,32.444305419921875
159,2,person,0,0.6982837319374084,360.3110046386719,240.91864013671875,12.7772216796875,33.26007080078125
159,3,person,0,0.5109423995018005,330.5152587890625,241.13525390625,8.8087158203125,31.23809814453125
160,1,car,2,0.9193382859230042,508.8802490234375,312.70556640625,116.15145874023438,84.17062377929688
160,6,person,0,0.5179747343063354,339.89263916015625,243.02584838867188,12.635772705078125,33.2130126953125
160,2,person,0,0.6690181493759155,360.59716796875,240.76803588867188,12.496368408203125,33.67173767089844
160,3,person,0,0.5395611524581909,330.0599060058594,240.5211181640625,8.6231689453125,31.25958251953125
161,1,car,2,0.9196614027023315,508.8793640136719,312.87811279296875,116.22479248046875,84.42025756835938
161,6,person,0,0.49887731671333313,338.68017578125,242.69000244140625,13.74884033203125,33.73426818847656
161,2,person,0,0.6543889045715332,361.0133056640625,240.6560821533203,12.936676025390625,33.655914306640625
161,3,person,0,0.5301581025123596,329.3250732421875,240.24172973632812,8.21478271484375,30.173019409179688
162,1,car,2,0.9187396168708801,508.83203125,312.89849853515625,116.28195190429688,84.389892578125
162,6,person,0,0.5627829432487488,337.72467041015625,242.33560180664062,14.116790771484375,33.36940002441406
162,2,person,0,0.6733729243278503,361.4447021484375,240.5330352783203,13.344268798828125,33.733184814453125
162,3,person,0,0.53047776222229,328.71612548828125,240.09051513671875,8.07403564453125,29.704605102539062
163,1,car,2,0.9186764359474182,508.85638427734375,312.95574951171875,116.45492553710938,84.56924438476562
163,6,person,0,0.5239298939704895,339.8346862792969,241.0816650390625,12.0560302734375,31.06121826171875
163,2,person,0,0.5888184905052185,361.85430908203125,240.61412048339844,12.049072265625,33.798797607421875
163,3,person,0,0.4403577446937561,328.22674560546875,240.4085693359375,8.204345703125,28.829055786132812
164,1,car,2,0.9196842908859253,508.83770751953125,313.093505859375,116.40255737304688,84.67333984375
164,6,person,0,0.5550959706306458,342.31646728515625,239.88433837890625,11.74432373046875,27.90985107421875
164,2,person,0,0.6101046204566956,361.93548583984375,240.4002685546875,10.534271240234375,33.6536865234375
164,3,person,0,0.4309934377670288,327.0400695800781,239.35968017578125,8.57769775390625,25.604507446289062
165,1,car,2,0.9177823662757874,508.89166259765625,312.97247314453125,116.40185546875,84.48892211914062
165,6,person,0,0.563418984413147,342.5499267578125,240.00860595703125,12.7152099609375,28.672500610351562
165,2,person,0,0.5869390964508057,362.67730712890625,240.3396759033203,10.182952880859375,33.161956787109375
165,3,person,0,0.489449143409729,326.5968017578125,240.09213256835938,9.278228759765625,26.743072509765625
165,4,person,0,0.5291524529457092,355.66558837890625,241.31314086914062,8.72467041015625,29.806503295898438
166,1,car,2,0.9167553186416626,508.89923095703125,312.90875244140625,116.37307739257812,84.54464721679688
166,6,person,0,0.6033504605293274,342.93060302734375,240.24131774902344,14.133392333984375,28.639739990234375
166,2,person,0,0.6508743762969971,362.9757080078125,240.42727661132812,9.831756591796875,33.42625427246094
166,3,person,0,0.4318811893463135,325.85675048828125,239.4615936279297,9.478546142578125,26.045135498046875
166,4,person,0,0.3192591965198517,356.47747802734375,240.9537353515625,8.246002197265625,29.917678833007812
167,1,car,2,0.9186524748802185,508.85748291015625,313.002685546875,116.35693359375,84.59207153320312
167,6,person,0,0.6357718706130981,342.73309326171875,240.0613250732422,13.760894775390625,27.692779541015625
167,2,person,0,0.6399813294410706,363.72674560546875,240.22512817382812,9.185516357421875,33.35740661621094
167,3,person,0,0.43812987208366394,325.4447021484375,239.9191436767578,9.327484130859375,26.362579345703125
167,4,person,0,0.6670942902565002,357.062255859375,240.97476196289062,7.673492431640625,29.247848510742188
168,1,car,2,0.9165375232696533,508.8517761230469,312.991455078125,116.36541748046875,84.571044921875
168,6,person,0,0.5628601908683777,342.55462646484375,240.25840759277344,13.36016845703125,26.910919189453125
168,2,person,0,0.579350471496582,364.1502380371094,240.4842529296875,9.28948974609375,32.85675048828125
168,3,person,0,0.2748582065105438,325.1562194824219,240.16140747070312,8.6884765625,26.563888549804688
168,4,person,0,0.5458092093467712,357.39715576171875,240.73667907714844,7.0986328125,29.1964111328125
169,1,car,2,0.9169779419898987,508.873046875,312.90625,116.35446166992188,84.58920288085938
169,6,person,0,0.579379677772522,342.292724609375,240.176025390625,13.2095947265625,26.563461303710938
169,2,person,0,0.3738250136375427,365.0074462890625,239.7675323486328,9.007965087890625,29.84259033203125
169,3,person,0,0.34151288866996765,324.48846435546875,239.4813232421875,8.6982421875,26.537460327148438
169,4,person,0,0.5198529362678528,358.36370849609375,241.11575317382812,8.1431884765625,29.415908813476562
169,7,person,0,0.638518214225769,332.35870361328125,243.1269073486328,9.383392333984375,31.389495849609375
170,1,car,2,0.919755220413208,508.8554382324219,312.94232177734375,116.34429931640625,84.64840698242188
170,6,person,0,0.5996412634849548,341.5117492675781,239.94122314453125,13.90911865234375,26.389297485351562
170,2,person,0,0.31204673647880554,365.60675048828125,240.26026916503906,9.403900146484375,26.82147216796875
170,3,person,0,0.199239581823349,324.0574035644531,240.187744140625,8.59381103515625,27.584716796875
170,4,person,0,0.5004490613937378,359.15631103515625,241.71902465820312,9.164520263671875,29.89019775390625
170,7,person,0,0.6259142756462097,331.32586669921875,243.06968688964844,9.873443603515625,31.483428955078125
171,1,car,2,0.9198180437088013,508.87481689453125,312.964111328125,116.3551025390625,84.65655517578125
171,6,person,0,0.5004141330718994,340.819091796875,239.85208129882812,14.121063232421875,26.407669067382812
171,2,person,0,0.4351041615009308,365.95587158203125,241.55377197265625,9.957855224609375,29.007034301757812
171,3,person,0,0.4757343828678131,323.5766906738281,239.90640258789062,7.80322265625,27.423065185546875
171,4,person,0,0.45615318417549133,359.6617126464844,241.82200622558594,8.4542236328125,29.645050048828125
171,7,person,0,0.5983793139457703,330.7834167480469,242.89764404296875,10.39630126953125,31.239639282226562
172,1,car,2,0.9184699058532715,508.9001159667969,312.92694091796875,116.35150146484375,84.71072387695312
172,6,person,0,0.4623539447784424,339.90057373046875,239.64254760742188,13.340911865234375,26.413177490234375
172,2,person,0,0.46891164779663086,366.2354736328125,241.7699737548828,10.518585205078125,30.097320556640625
172,3,person,0,0.522616446018219,323.13580322265625,240.25299072265625,7.447784423828125,27.555618286132812
172,4,person,0,0.46951359510421753,360.3262939453125,241.68301391601562,8.22467041015625,29.675827026367188
172,7,person,0,0.4622429609298706,329.9660949707031,242.76043701171875,11.5374755859375,31.074356079101562
173,1,car,2,0.919603168964386,508.89239501953125,312.9702453613281,116.32827758789062,84.6982421875
173,6,person,0,0.35842466354370117,338.3034362792969,239.52310180664062,11.1961669921875,26.496307373046875
173,2,person,0,0.5043365359306335,365.43255615234375,241.63198852539062,13.182586669921875,30.3995361328125
173,3,person,0,0.47013387084007263,322.73675537109375,239.97218322753906,7.048004150390625,27.863555908203125
173,7,person,0,0.5644748210906982,329.6178894042969,242.70285034179688,12.25616455078125,31.656005859375
174,1,car,2,0.919824481010437,508.89398193359375,312.92596435546875,116.36264038085938,84.56112670898438
174,6,person,0,0.44551825523376465,337.4867858886719,239.88829040527344,9.82470703125,26.232696533203125
174,2,person,0,0.3889743983745575,366.283203125,241.71609497070312,13.53558349609375,31.18463134765625
174,3,person,0,0.3791316747665405,322.658203125,240.0326690673828,7.714385986328125,29.15325927734375
174,7,person,0,0.41185784339904785,329.35272216796875,242.06838989257812,12.293792724609375,31.425582885742188
174,4,person,0,0.5408045053482056,361.4840087890625,242.09664916992188,8.527130126953125,30.324295043945312
175,1,car,2,0.9195873141288757,508.8841552734375,312.924560546875,116.33981323242188,84.56787109375
175,6,person,0,0.3786763846874237,336.9006042480469,240.20193481445312,9.455322265625,25.95782470703125
175,2,person,0,0.6223961710929871,367.05072021484375,241.76519775390625,15.66943359375,31.808273315429688
175,3,person,0,0.34644314646720886,322.2662658691406,240.6300048828125,7.802734375,28.160369873046875
175,7,person,0,0.5701522827148438,328.8625793457031,242.0939178466797,11.07568359375,29.444183349609375
175,4,person,0,0.34521520137786865,361.9615173339844,242.04388427734375,8.5401611328125,30.48291015625
176,1,car,2,0.920621395111084,508.8460693359375,312.8853759765625,116.29592895507812,84.45834350585938
176,6,person,0,0.26527267694473267,336.6404113769531,240.54849243164062,8.4935302734375,24.737960815429688
176,2,person,0,0.5986749529838562,368.10699462890625,241.72314453125,15.5450439453125,32.59883117675781
176,7,person,0,0.5827966928482056,328.74169921875,242.45211791992188,11.941650390625,30.90777587890625
176,4,person,0,0.5641976594924927,362.1551818847656,242.0772705078125,8.47607421875,30.786087036132812
177,1,car,2,0.9188833236694336,508.82763671875,312.7919921875,116.37136840820312,84.37020874023438
177,2,person,0,0.4534960687160492,369.720947265625,241.87045288085938,15.58837890625,32.59098815917969
177,7,person,0,0.609560489654541,329.0559387207031,242.737060546875,12.5230712890625,31.11676025390625
177,4,person,0,0.5685227513313293,362.5245361328125,242.34645080566406,8.8878173828125,31.006988525390625
178,1,car,2,0.9207231402397156,508.8240051269531,312.9039306640625,116.33953857421875,84.58096313476562
178,2,person,0,0.5594940781593323,369.24774169921875,242.2275848388672,17.707244873046875,32.119781494140625
178,7,person,0,0.4084641933441162,328.9241027832031,242.366455078125,13.365478515625,31.933639526367188
178,4,person,0,0.2796179950237274,363.134765625,242.276123046875,9.822235107421875,30.860977172851562
179,1,car,2,0.9217607378959656,508.8690185546875,313.00347900390625,116.3258056640625,84.70916748046875
179,4,person,0,0.5656993985176086,363.7515869140625,242.31631469726562,10.6395263671875,30.495681762695312
180,1,car,2,0.9208059906959534,508.8603820800781,312.9976806640625,116.38226318359375,84.65847778320312
180,4,person,0,0.5897387266159058,364.04986572265625,242.27044677734375,10.71044921875,30.182266235351562
180,6,person,0,0.5897632241249084,333.77691650390625,240.33859252929688,9.086273193359375,26.596405029296875
181,1,car,2,0.9216022491455078,508.8604736328125,312.9548034667969,116.32003784179688,84.5181884765625
181,4,person,0,0.5570846796035767,364.45635986328125,242.03549194335938,10.943359375,29.710205078125
181,6,person,0,0.6075026392936707,333.28466796875,240.34860229492188,9.310455322265625,26.565505981445312
182,1,car,2,0.9217212200164795,508.8427734375,313.0054016113281,116.282958984375,84.65386962890625
182,4,person,0,0.5351349711418152,364.5908203125,242.09336853027344,10.64227294921875,29.488006591796875
182,6,person,0,0.6532992720603943,332.96484375,240.19448852539062,9.910552978515625,26.380218505859375
183,1,car,2,0.9211428761482239,508.87127685546875,313.00189208984375,116.28543090820312,84.65335083007812
183,4,person,0,0.5657411217689514,364.75189208984375,241.90878295898438,10.665618896484375,29.697021484375
183,6,person,0,0.6136345863342285,332.4802551269531,240.3549346923828,10.1351318359375,27.100494384765625
183,2,person,0,0.5282800793647766,372.6217041015625,241.71218872070312,9.425689697265625,32.12486267089844
184,1,car,2,0.9216606020927429,508.8572692871094,313.010498046875,116.32391357421875,84.67147827148438
184,4,person,0,0.48494255542755127,365.54583740234375,241.67901611328125,11.345489501953125,29.57159423828125
184,6,person,0,0.5600122809410095,331.8953857421875,240.26858520507812,10.165008544921875,26.814041137695312
184,2,person,0,0.4258362650871277,372.7742919921875,241.67080688476562,8.228790283203125,31.300888061523438
185,1,car,2,0.9217820763587952,508.8428955078125,313.05364990234375,116.28842163085938,84.7423095703125
185,4,person,0,0.449974000453949,365.7996826171875,240.60623168945312,11.049560546875,30.5845947265625
185,6,person,0,0.37089604139328003,329.2780456542969,239.88021850585938,14.74908447265625,27.664505004882812
185,2,person,0,0.5207386016845703,373.41839599609375,241.05313110351562,8.436279296875,32.48310852050781
186,1,car,2,0.9215579032897949,508.8507995605469,313.02349853515625,116.31219482421875,84.69058227539062
186,4,person,0,0.34907060861587524,366.72052001953125,240.8514404296875,11.002593994140625,30.115554809570312
186,6,person,0,0.4321066737174988,327.94732666015625,239.86672973632812,16.292877197265625,27.376724243164062
186,2,person,0,0.4338518977165222,374.01458740234375,240.86630249023438,8.316070556640625,31.789108276367188
187,1,car,2,0.9198287129402161,508.8560791015625,312.948486328125,116.32046508789062,84.67233276367188
187,4,person,0,0.5515283942222595,366.39849853515625,240.6206817626953,10.543487548828125,29.970458984375
187,6,person,0,0.4030744433403015,326.75701904296875,240.25408935546875,15.443450927734375,27.706985473632812
187,2,person,0,0.57328861951828,374.52960205078125,240.8867645263672,8.106536865234375,32.137298583984375
188,1,car,2,0.9190906882286072,508.8534240722656,312.89544677734375,116.27874755859375,84.64398193359375
188,4,person,0,0.47658810019493103,366.322021484375,240.44549560546875,9.944488525390625,29.544723510742188
188,6,person,0,0.47775745391845703,325.6220397949219,240.47096252441406,15.1883544921875,28.203826904296875
188,2,person,0,0.5751157402992249,375.17974853515625,241.0103302001953,9.403228759765625,33.173614501953125
189,1,car,2,0.9187096357345581,508.8544006347656,312.76861572265625,116.26702880859375,84.42929077148438
189,4,person,0,0.5106034874916077,366.8653564453125,240.5736846923828,9.423004150390625,29.3751220703125
189,6,person,0,0.4922713041305542,324.7044677734375,240.55355834960938,14.955322265625,28.924057006835938
189,2,person,0,0.5362944006919861,375.9056701660156,240.86489868164062,9.7012939453125,33.57994079589844
190,1,car,2,0.9197751879692078,508.81622314453125,312.904541015625,116.28384399414062,84.591796875
190,4,person,0,0.4739704728126526,367.37445068359375,240.91604614257812,8.897674560546875,29.265579223632812
190,2,person,0,0.6746243238449097,376.73876953125,240.68588256835938,9.928192138671875,34.86250305175781
190,7,person,0,0.5886817574501038,324.620361328125,240.66055297851562,11.8831787109375,28.077743530273438
191,1,car,2,0.919476330280304,508.8350524902344,312.86395263671875,116.20037841796875,84.58035278320312
191,4,person,0,0.25184449553489685,367.6536865234375,240.76412963867188,8.686279296875,29.95306396484375
191,2,person,0,0.6938412189483643,377.4787292480469,240.93804931640625,10.1483154296875,34.36155700683594
191,7,person,0,0.5808145999908447,323.92840576171875,241.00033569335938,11.041534423828125,27.615432739257812
192,1,car,2,0.9202799201011658,508.8135681152344,312.891845703125,116.23992919921875,84.57278442382812
192,4,person,0,0.20762816071510315,368.2950134277344,241.2164306640625,8.1910400390625,31.462692260742188
192,2,person,0,0.7210888862609863,377.88739013671875,241.005126953125,10.321014404296875,33.69151306152344
192,7,person,0,0.5988941192626953,324.41033935546875,240.24310302734375,11.961822509765625,27.251449584960938
193,1,car,2,0.9211309552192688,508.83441162109375,312.8322448730469,116.26577758789062,84.6029052734375
193,4,person,0,0.19072358310222626,368.94427490234375,240.38037109375,8.192230224609375,31.33154296875
193,2,person,0,0.7067556381225586,378.467041015625,241.17767333984375,10.63421630859375,33.50201416015625
193,7,person,0,0.5628418326377869,323.72259521484375,240.272705078125,11.539825439453125,28.527511596679688
194,1,car,2,0.9209416508674622,508.7744140625,312.8853454589844,116.40280151367188,84.63140869140625
194,2,person,0,0.7155948281288147,378.82098388671875,241.6248779296875,10.875274658203125,32.21791076660156
194,7,person,0,0.5180944800376892,323.1109619140625,240.19378662109375,10.97552490234375,28.709579467773438
195,1,car,2,0.9219655990600586,508.8001708984375,312.927978515625,116.4095458984375,84.62582397460938
195,2,person,0,0.6926022171974182,379.43194580078125,241.70106506347656,11.1239013671875,31.514068603515625
195,7,person,0,0.6309319138526917,322.4983825683594,240.482421875,10.56488037109375,28.442214965820312
196,1,car,2,0.9226487278938293,508.8062438964844,312.93804931640625,116.38079833984375,84.57742309570312
196,2,person,0,0.7227237224578857,380.14984130859375,241.9624786376953,11.939239501953125,31.097320556640625
196,7,person,0,0.6161550283432007,322.4183044433594,240.7825927734375,10.2149658203125,28.461654663085938
197,1,car,2,0.9222331643104553,508.8154296875,312.916259765625,116.349365234375,84.54971313476562
197,2,person,0,0.7131282687187195,380.4581298828125,241.90066528320312,12.8009033203125,31.551498413085938
197,7,person,0,0.7194425463676453,322.2548828125,240.76309204101562,10.080718994140625,28.407058715820312
198,1,car,2,0.9225641489028931,508.79278564453125,312.8951110839844,116.41006469726562,84.46539306640625
198,2,person,0,0.6754870414733887,381.14532470703125,241.84356689453125,13.28631591796875,31.270751953125
198,7,person,0,0.6414153575897217,322.13018798828125,240.84475708007812,10.080596923828125,27.845321655273438
198,4,person,0,0.5706528425216675,369.6631774902344,239.22010803222656,9.262939453125,31.945220947265625
199,1,car,2,0.9230286478996277,508.79229736328125,312.8533935546875,116.39785766601562,84.425048828125
199,2,person,0,0.6881271600723267,381.35791015625,241.82943725585938,14.222930908203125,31.642288208007812
199,7,person,0,0.6806228756904602,321.9399719238281,241.01901245117188,9.80755615234375,28.0213623046875
199,4,person,0,0.5113150477409363,369.65521240234375,239.19834899902344,9.599029541015625,31.293609619140625
200,1,car,2,0.9240890741348267,508.796875,312.9168701171875,116.4207763671875,84.51132202148438
200,2,person,0,0.677570641040802,381.99530029296875,241.2445068359375,13.515411376953125,30.699508666992188
200,7,person,0,0.6791608333587646,321.74163818359375,241.07122802734375,10.166229248046875,27.0743408203125
200,4,person,0,0.3537197411060333,369.79541015625,239.62335205078125,9.889923095703125,30.35040283203125
201,1,car,2,0.9228788614273071,508.8174743652344,312.884521484375,116.36456298828125,84.3704833984375
201,2,person,0,0.6056182384490967,382.65625,240.96517944335938,12.579010009765625,29.929473876953125
201,7,person,0,0.659288227558136,321.53570556640625,240.948974609375,10.99871826171875,26.792098999023438
201,4,person,0,0.1530655324459076,370.5269775390625,240.5687255859375,9.451568603515625,29.674789428710938
202,1,car,2,0.9238798022270203,508.8174133300781,312.92626953125,116.40228271484375,84.40261840820312
202,2,person,0,0.5758451819419861,383.37255859375,240.48440551757812,11.526641845703125,30.0869140625
202,7,person,0,0.6568889021873474,321.2496032714844,240.76637268066406,11.47821044921875,27.0272216796875
202,4,person,0,0.18595795333385468,371.36712646484375,242.73397827148438,9.092193603515625,26.254440307617188
203,1,car,2,0.918247401714325,508.8204650878906,313.1405029296875,116.45355224609375,84.82379150390625
203,2,person,0,0.5607448220252991,384.3349609375,240.09832763671875,10.725677490234375,29.934539794921875
203,7,person,0,0.6187311410903931,321.4953308105469,240.754150390625,11.5966796875,27.17999267578125
203,4,person,0,0.23467887938022614,371.94219970703125,242.52377319335938,8.60504150390625,27.5955810546875
204,1,car,2,0.922105610370636,508.84576416015625,312.9959716796875,116.46255493164062,84.58737182617188
204,2,person,0,0.6720303297042847,384.93780517578125,239.6458740234375,10.6026611328125,29.722518920898438
204,7,person,0,0.6021755933761597,321.51409912109375,241.00064086914062,11.662139892578125,26.850341796875
204,4,person,0,0.30622053146362305,372.3846435546875,242.51812744140625,8.301849365234375,27.461013793945312
205,1,car,2,0.9222353100776672,508.8143005371094,312.88677978515625,116.47174072265625,84.43661499023438
205,2,person,0,0.7063093781471252,385.34832763671875,239.20889282226562,9.982818603515625,28.774185180664062
205,7,person,0,0.5971429347991943,321.1997985839844,240.82315063476562,11.36932373046875,27.362197875976562
205,4,person,0,0.5097877383232117,372.47393798828125,242.1375732421875,8.439605712890625,28.32391357421875
206,1,car,2,0.9225868582725525,508.79571533203125,312.8813171386719,116.35739135742188,84.27093505859375
206,2,person,0,0.7117773294448853,385.70050048828125,239.20457458496094,9.69891357421875,28.79345703125
206,7,person,0,0.5882498621940613,320.6644287109375,241.55325317382812,10.977142333984375,27.09466552734375
206,4,person,0,0.5416058301925659,372.7974548339844,242.6031494140625,8.17974853515625,27.635848999023438
207,1,car,2,0.9204460978507996,508.794921875,312.8619384765625,116.3369140625,84.24911499023438
207,2,person,0,0.7292910814285278,385.93951416015625,239.06427001953125,9.783355712890625,29.025070190429688
207,7,person,0,0.4800093472003937,320.3868408203125,241.42507934570312,11.17755126953125,27.177871704101562
207,4,person,0,0.6143741607666016,372.8868103027344,242.64260864257812,8.825927734375,27.4283447265625
208,1,car,2,0.9215184450149536,508.8425598144531,312.797607421875,116.36004638671875,84.30477905273438
208,2,person,0,0.7319799065589905,386.34234619140625,238.33624267578125,9.962921142578125,30.262832641601562
208,7,person,0,0.4851262867450714,319.4454040527344,241.611572265625,11.1539306640625,27.278366088867188
208,4,person,0,0.6186447739601135,373.17926025390625,242.52520751953125,8.569549560546875,26.726333618164062
208,8,person,0,0.6889280080795288,363.44146728515625,237.19784545898438,9.225799560546875,28.093856811523438
209,1,car,2,0.921436607837677,508.821533203125,312.8229064941406,116.27456665039062,84.328369140625
209,2,person,0,0.7092968821525574,386.56591796875,237.96932983398438,10.35394287109375,30.685562133789062
209,7,person,0,0.4035864770412445,320.077880859375,241.48719787597656,10.583343505859375,27.192108154296875
209,4,person,0,0.5790508389472961,373.4464111328125,242.47726440429688,8.567657470703125,26.711532592773438
209,8,person,0,0.6079800724983215,363.27484130859375,236.8548583984375,8.995941162109375,26.6710205078125
210,1,car,2,0.9239618182182312,508.81396484375,312.84954833984375,116.29190063476562,84.44595336914062
210,2,person,0,0.6874006986618042,386.8292236328125,237.76510620117188,10.486602783203125,30.859542846679688
210,7,person,0,0.42495688796043396,320.1487731933594,241.46694946289062,10.62530517578125,27.289230346679688
210,4,person,0,0.4123440980911255,373.6141052246094,242.27719116210938,8.5611572265625,27.197463989257812
210,8,person,0,0.5743931531906128,362.5263977050781,236.22100830078125,8.86944580078125,26.779586791992188
211,1,car,2,0.925417423248291,508.837646484375,312.82989501953125,116.39810180664062,84.36746215820312
211,2,person,0,0.652650773525238,387.06292724609375,237.30307006835938,10.225433349609375,28.831466674804688
211,7,person,0,0.47813811898231506,320.311279296875,241.41946411132812,10.601959228515625,27.363906860351562
211,4,person,0,0.4654557704925537,373.80859375,242.25677490234375,8.832611083984375,26.851028442382812
211,8,person,0,0.5519405007362366,362.0888671875,236.41537475585938,9.04156494140625,26.57080078125
212,1,car,2,0.9241285920143127,508.8500061035156,312.767822265625,116.39385986328125,84.40228271484375
212,2,person,0,0.6878591775894165,387.393798828125,237.91123962402344,10.407470703125,30.68585205078125
212,7,person,0,0.45609402656555176,320.0730285644531,241.4022674560547,10.6910400390625,27.624664306640625
212,4,person,0,0.293140709400177,374.27301025390625,242.11618041992188,8.326202392578125,26.289566040039062
212,8,person,0,0.43659013509750366,361.4594421386719,236.06295776367188,8.807373046875,26.057647705078125
212,6,person,0,0.522662341594696,308.21014404296875,239.68646240234375,9.996551513671875,30.998336791992188
213,1,car,2,0.9248856902122498,508.8365478515625,312.7894287109375,116.42098999023438,84.43142700195312
213,2,person,0,0.7432062029838562,387.604736328125,238.09783935546875,10.695709228515625,32.79554748535156
213,7,person,0,0.5988770723342896,319.45599365234375,241.2960662841797,11.0780029296875,28.69732666015625
213,4,person,0,0.5089468955993652,374.6724853515625,242.29461669921875,8.077972412109375,26.626968383789062
213,8,person,0,0.5125243663787842,361.09033203125,236.93075561523438,9.689422607421875,26.63189697265625
213,6,person,0,0.5868489146232605,308.3240661621094,239.77752685546875,10.41839599609375,31.169265747070312
214,1,car,2,0.9252784848213196,508.8067932128906,312.826904296875,116.42144775390625,84.48342895507812
214,2,person,0,0.7212768197059631,387.7980041503906,238.02239990234375,10.83001708984375,31.997665405273438
214,7,person,0,0.493947297334671,318.976806640625,241.2301025390625,11.389892578125,29.106063842773438
214,4,person,0,0.4026969373226166,375.13458251953125,244.23013305664062,8.210723876953125,24.034896850585938
214,8,person,0,0.555207371711731,360.64715576171875,236.98370361328125,9.897369384765625,26.82666015625
214,6,person,0,0.5715886950492859,307.8841552734375,239.63890075683594,10.28021240234375,30.66973876953125
215,1,car,2,0.9255277514457703,508.8482666015625,312.81402587890625,116.45492553710938,84.51766967773438
215,2,person,0,0.7222980856895447,388.32403564453125,237.91934204101562,10.883636474609375,31.786544799804688
215,7,person,0,0.38590824604034424,318.73480224609375,241.32968139648438,11.61767578125,29.002761840820312
215,4,person,0,0.31971731781959534,375.4195251464844,244.84878540039062,8.6947021484375,23.39801025390625
215,8,person,0,0.3901694715023041,359.73828125,236.66360473632812,10.318450927734375,27.521652221679688
215,6,person,0,0.5457172393798828,307.64410400390625,239.51051330566406,10.351715087890625,30.311767578125
216,1,car,2,0.9248518347740173,508.8669128417969,312.77630615234375,116.39984130859375,84.50927734375
216,2,person,0,0.7401508688926697,388.84149169921875,237.72747802734375,11.052703857421875,31.050888061523438
216,7,person,0,0.33030644059181213,319.9343566894531,241.36557006835938,9.431396484375,27.686538696289062
216,4,person,0,0.49203306436538696,375.54534912109375,244.10659790039062,8.970672607421875,24.95050048828125
216,8,person,0,0.483264297246933,359.15838623046875,236.74072265625,10.249786376953125,28.145736694335938
216,6,person,0,0.5629936456680298,307.5494079589844,239.56082153320312,10.37945556640625,30.501724243164062
217,1,car,2,0.9244709610939026,508.8594970703125,312.7845153808594,116.39505004882812,84.5015869140625
217,2,person,0,0.7559919953346252,389.5181884765625,237.92282104492188,11.785247802734375,30.752914428710938
217,7,person,0,0.44203898310661316,320.43218994140625,241.45986938476562,8.822662353515625,27.610153198242188
217,4,person,0,0.4659465551376343,375.6701354980469,243.986083984375,9.02044677734375,25.3592529296875
217,8,person,0,0.6196956038475037,358.364501953125,236.96194458007812,9.8834228515625,28.632598876953125
217,6,person,0,0.613091766834259,307.41363525390625,239.7144317626953,10.52227783203125,30.860565185546875
218,1,car,2,0.9229602217674255,508.82342529296875,312.7642822265625,116.407470703125,84.50308227539062
218,2,person,0,0.7626898288726807,390.301513671875,237.93582153320312,12.675323486328125,31.440185546875
218,7,person,0,0.49135199189186096,320.7977294921875,241.17398071289062,8.235809326171875,27.019973754882812
218,4,person,0,0.5131260752677917,375.97174072265625,243.7979736328125,9.175384521484375,25.365646362304688
218,8,person,0,0.626944899559021,357.7270202636719,236.28805541992188,8.8753662109375,27.495101928710938
218,6,person,0,0.5428493022918701,307.135009765625,239.8049774169922,10.641937255859375,31.027862548828125
219,1,car,2,0.923301100730896,508.83477783203125,312.75079345703125,116.48141479492188,84.445556640625
219,2,person,0,0.7593346834182739,390.85504150390625,238.07498168945312,13.23785400390625,32.11279296875
219,7,person,0,0.5467286705970764,320.8780517578125,241.11141967773438,8.29833984375,26.723602294921875
219,4,person,0,0.582488477230072,376.3220520019531,243.61146545410156,9.78692626953125,25.437835693359375
219,8,person,0,0.675285279750824,357.0423889160156,236.0693359375,8.0938720703125,26.779678344726562
219,6,person,0,0.5882238149642944,307.335205078125,239.87904357910156,10.514739990234375,30.889892578125
220,1,car,2,0.9220173358917236,508.8497314453125,312.7427978515625,116.50009155273438,84.52529907226562
220,2,person,0,0.7593374848365784,391.2420349121094,237.91827392578125,13.6832275390625,32.547576904296875
220,7,person,0,0.5537989139556885,320.93023681640625,241.06492614746094,8.46563720703125,26.31683349609375
220,4,person,0,0.5420693755149841,376.5348815917969,243.6008758544922,9.96014404296875,25.233001708984375
220,8,person,0,0.6601086258888245,356.42913818359375,235.50576782226562,7.765045166015625,25.982284545898438
220,6,person,0,0.5638813376426697,306.7506103515625,239.72552490234375,10.2662353515625,30.422439575195312
221,1,car,2,0.9220629930496216,508.80908203125,312.76239013671875,116.42788696289062,84.48602294921875
221,2,person,0,0.7467468976974487,391.6783447265625,237.90716552734375,13.8863525390625,33.032135009765625
221,7,person,0,0.5863123536109924,321.02154541015625,241.07272338867188,8.581573486328125,26.481521606445312
221,4,person,0,0.3119316101074219,376.7689208984375,244.12887573242188,9.652435302734375,24.08624267578125
221,8,person,0,0.6289352774620056,356.00775146484375,235.28781127929688,7.785369873046875,25.257308959960938
221,6,person,0,0.5745295286178589,306.49755859375,239.8822021484375,10.462738037109375,30.596542358398438
222,1,car,2,0.9210987091064453,508.81451416015625,312.853515625,116.38986206054688,84.62728881835938
222,2,person,0,0.7509141564369202,391.9539794921875,237.9318389892578,13.701446533203125,32.8399658203125
222,7,person,0,0.5759474635124207,321.2757873535156,241.14453125,8.36175537109375,26.4786376953125
222,4,person,0,0.2652575373649597,377.14190673828125,243.93641662597656,10.589080810546875,24.402984619140625
222,8,person,0,0.6739754676818848,355.297119140625,236.01390075683594,7.360382080078125,26.5977783203125
222,6,person,0,0.5824824571609497,306.90179443359375,239.9351806640625,10.972686767578125,30.771148681640625
223,1,car,2,0.9209104180335999,508.7791748046875,312.89593505859375,116.3175048828125,84.65692138671875
223,2,person,0,0.7692288756370544,392.1808776855469,237.8172607421875,13.656005859375,32.952545166015625
223,7,person,0,0.5947884917259216,321.5246276855469,241.04608154296875,8.414306640625,26.085037231445312
223,4,person,0,0.5309324264526367,377.3175048828125,243.64584350585938,10.932647705078125,25.230514526367188
223,8,person,0,0.6814814805984497,354.6176452636719,236.93096923828125,7.9149169921875,28.604629516601562
223,6,person,0,0.5625325441360474,306.9798583984375,239.87680053710938,10.668487548828125,30.666305541992188
224,1,car,2,0.9185986518859863,508.796630859375,312.87506103515625,116.34085083007812,84.6431884765625
224,2,person,0,0.7574187517166138,392.29315185546875,237.74813842773438,13.63494873046875,32.911041259765625
224,7,person,0,0.616021990776062,321.71026611328125,241.15890502929688,8.504364013671875,25.898422241210938
224,4,person,0,0.5457968711853027,377.384765625,243.44308471679688,11.08416748046875,25.695114135742188
224,8,person,0,0.6535128951072693,354.08746337890625,236.31138610839844,7.7762451171875,27.576629638671875
224,6,person,0,0.5203492045402527,307.2192687988281,239.94207763671875,10.44122314453125,30.537109375
225,1,car,2,0.9220988750457764,508.7583312988281,312.92059326171875,116.33148193359375,84.68978881835938
225,2,person,0,0.7689170837402344,392.3292236328125,237.54086303710938,13.923553466796875,33.41410827636719
225,7,person,0,0.5102167129516602,321.9200439453125,241.29635620117188,8.280029296875,25.829742431640625
225,4,person,0,0.3923630118370056,377.3636474609375,243.4583282470703,11.0003662109375,25.759674072265625
225,8,person,0,0.659278392791748,353.678466796875,236.2918701171875,7.821563720703125,27.58526611328125
225,6,person,0,0.5770294070243835,307.2936706542969,239.76119995117188,11.13262939453125,30.738906860351562
226,1,car,2,0.9226067066192627,508.77667236328125,312.96875,116.31991577148438,84.67678833007812
226,2,person,0,0.7713153958320618,392.22772216796875,237.35848999023438,14.161102294921875,34.07489013671875
226,7,person,0,0.48901236057281494,322.0690002441406,241.380859375,8.1614990234375,25.84381103515625
226,4,person,0,0.669845700263977,377.2794189453125,243.40997314453125,10.966796875,26.00189208984375
226,8,person,0,0.6376704573631287,353.06121826171875,236.45150756835938,7.7657470703125,27.674545288085938
226,6,person,0,0.5789403915405273,307.232421875,239.71607971191406,10.87945556640625,30.72027587890625
227,1,car,2,0.9234178066253662,508.74957275390625,312.9905090332031,116.26708984375,84.68316650390625
227,2,person,0,0.767937421798706,392.1854248046875,237.17520141601562,14.56732177734375,34.51344299316406
227,7,person,0,0.6954860687255859,322.3043212890625,241.49960327148438,8.65374755859375,26.394485473632812
227,4,person,0,0.7058280110359192,377.14947509765625,243.32373046875,10.672088623046875,25.899551391601562
227,8,person,0,0.6463431715965271,352.6019287109375,236.82156372070312,8.14990234375,27.912277221679688
227,6,person,0,0.5846765041351318,307.39605712890625,239.65391540527344,10.921966552734375,30.577392578125
228,1,car,2,0.9239718914031982,508.76141357421875,313.0078125,116.28182983398438,84.7261962890625
228,2,person,0,0.7815408706665039,392.1417236328125,237.090576171875,14.711334228515625,34.85870361328125
228,7,person,0,0.7033242583274841,322.38995361328125,241.28060913085938,8.959625244140625,26.186355590820312
228,4,person,0,0.7242311835289001,377.2685546875,243.08071899414062,10.712432861328125,25.797073364257812
228,8,person,0,0.5013642311096191,351.99627685546875,236.92845153808594,8.930999755859375,28.364593505859375
228,6,person,0,0.5910230875015259,307.873046875,239.5441131591797,11.442779541015625,30.7003173828125
229,1,car,2,0.9243952035903931,508.73748779296875,313.00726318359375,116.28091430664062,84.77456665039062
229,2,person,0,0.7773906588554382,392.1614990234375,237.08981323242188,15.099639892578125,34.846099853515625
229,7,person,0,0.7110481858253479,322.7093811035156,240.96835327148438,8.92950439453125,26.576889038085938
229,4,person,0,0.7082866430282593,377.36376953125,243.098388671875,10.497100830078125,25.734848022460938
229,8,person,0,0.6210694909095764,351.45306396484375,237.14346313476562,9.757659912109375,28.797866821289062
229,6,person,0,0.6938270330429077,308.10333251953125,239.83236694335938,11.769195556640625,30.500762939453125
230,1,car,2,0.9238148927688599,508.7311096191406,313.0484924316406,116.28582763671875,84.835205078125
230,2,person,0,0.7721996307373047,392.2001037597656,237.04318237304688,15.08782958984375,34.4041748046875
230,7,person,0,0.7166852951049805,323.08184814453125,240.93692016601562,8.82086181640625,27.060775756835938
230,4,person,0,0.5847623944282532,377.3523254394531,242.90072631835938,9.87896728515625,25.484954833984375
230,8,person,0,0.6945054531097412,350.6578674316406,237.214111328125,10.66650390625,28.524032592773438
230,6,person,0,0.7042038440704346,308.3153076171875,239.78636169433594,11.5311279296875,30.304046630859375
231,1,car,2,0.924021303653717,508.76019287109375,313.07421875,116.34359741210938,84.8990478515625
231,2,person,0,0.7828391194343567,392.447998046875,236.91714477539062,15.15728759765625,34.201324462890625
231,7,person,0,0.7234155535697937,323.3863525390625,240.990234375,9.12957763671875,27.069961547851562
231,4,person,0,0.521342396736145,377.379150390625,242.8343963623047,9.440521240234375,25.33935546875
231,8,person,0,0.7203717231750488,350.400634765625,237.5093994140625,11.138702392578125,28.2740478515625
231,6,person,0,0.7101214528083801,308.5067443847656,239.80967712402344,11.0841064453125,30.11053466796875
232,1,car,2,0.9234464764595032,508.7374267578125,313.0480651855469,116.32290649414062,84.92138671875
232,2,person,0,0.7887193560600281,392.6583251953125,236.87893676757812,15.04034423828125,34.27153015136719
232,7,person,0,0.7067914605140686,323.6422119140625,241.12844848632812,9.224212646484375,27.042190551757812
232,4,person,0,0.6394652128219604,377.28564453125,242.87384033203125,9.367156982421875,25.45526123046875
232,8,person,0,0.7032108306884766,350.1130065917969,237.4543914794922,11.03253173828125,27.995819091796875
232,6,person,0,0.6907544732093811,308.8359375,239.79380798339844,10.750701904296875,30.08856201171875
233,1,car,2,0.9223933815956116,508.75885009765625,313.015625,116.31640625,84.9107666015625
233,2,person,0,0.7901409268379211,392.89166259765625,236.88287353515625,15.026763916015625,34.61669921875
233,7,person,0,0.7287658452987671,323.7802734375,241.0458221435547,9.047515869140625,26.861114501953125
233,4,person,0,0.6819847822189331,377.27398681640625,242.69395446777344,9.299163818359375,26.099090576171875
233,8,person,0,0.6937186121940613,350.0094909667969,237.68194580078125,11.0009765625,27.829757690429688
233,6,person,0,0.7331581115722656,308.8480224609375,239.8170166015625,10.521942138671875,30.180755615234375
234,1,car,2,0.9237316250801086,508.7154541015625,313.10137939453125,116.26797485351562,84.92510986328125
234,2,person,0,0.7751641869544983,393.15069580078125,236.87347412109375,14.721923828125,34.55747985839844
234,7,person,0,0.7237524390220642,324.08740234375,240.8982391357422,9.193084716796875,27.69000244140625
234,4,person,0,0.681707501411438,377.37969970703125,242.98590087890625,9.112884521484375,26.037857055664062
234,8,person,0,0.7218714952468872,349.6839599609375,237.6446533203125,11.46136474609375,27.823074340820312
234,6,person,0,0.6873066425323486,309.2174072265625,239.7738037109375,10.544342041015625,30.399978637695312
235,1,car,2,0.9237909317016602,508.7715148925781,313.0374755859375,116.34661865234375,84.91934204101562
235,2,person,0,0.7723885178565979,393.4330139160156,236.83572387695312,14.22711181640625,34.62638854980469
235,7,person,0,0.716663658618927,324.50762939453125,241.254638671875,9.4168701171875,28.068069458007812
235,4,person,0,0.6755720973014832,377.4299621582031,243.09951782226562,9.39166259765625,26.065139770507812
235,8,person,0,0.7292378544807434,349.26513671875,237.6071319580078,11.742156982421875,28.129913330078125
235,6,person,0,0.7000119686126709,309.3643798828125,239.11724853515625,10.58721923828125,29.303375244140625
236,1,car,2,0.9228176474571228,508.72003173828125,313.0372314453125,116.40127563476562,84.8486328125
236,2,person,0,0.759787380695343,393.6966247558594,236.87847900390625,13.8494873046875,34.63157653808594
236,7,person,0,0.5648337602615356,324.6846923828125,241.43902587890625,9.01708984375,28.65740966796875
236,4,person,0,0.5736688375473022,377.30731201171875,243.17977905273438,9.47027587890625,25.976669311523438
236,8,person,0,0.6982472538948059,348.3292236328125,237.3496856689453,10.442169189453125,27.778900146484375
236,6,person,0,0.6599075794219971,309.5753173828125,238.20108032226562,10.73687744140625,27.943008422851562
237,1,car,2,0.9228067994117737,508.7253723144531,313.0382080078125,116.43231201171875,84.87115478515625
237,2,person,0,0.750697910785675,394.073486328125,236.9852294921875,13.457763671875,34.74391174316406
237,7,person,0,0.5565139651298523,325.1776428222656,242.905029296875,8.7237548828125,26.232925415039062
237,4,person,0,0.6142247915267944,377.1441955566406,243.21664428710938,9.6539306640625,25.980331420898438
237,8,person,0,0.6963103413581848,347.16815185546875,237.1558837890625,9.111602783203125,27.413726806640625
237,6,person,0,0.5362455248832703,309.61492919921875,237.9330291748047,9.845733642578125,27.1273193359375
238,1,car,2,0.9223942160606384,508.7645568847656,312.9991149902344,116.44244384765625,84.93157958984375
238,2,person,0,0.7465618848800659,394.3923645019531,237.03106689453125,13.07562255859375,34.65696716308594
238,7,person,0,0.516224205493927,325.89703369140625,243.3882598876953,8.688934326171875,25.161468505859375
238,4,person,0,0.5799750089645386,376.85198974609375,243.17567443847656,9.938018798828125,26.126190185546875
238,8,person,0,0.6871797442436218,346.2825622558594,236.90304565429688,8.44683837890625,27.342697143554688
238,6,person,0,0.6570500135421753,310.00872802734375,238.4945068359375,10.13507080078125,28.314987182617188
239,1,car,2,0.9228986501693726,508.75360107421875,312.94451904296875,116.3857421875,84.98703002929688
239,2,person,0,0.7557405233383179,394.5863952636719,237.02383422851562,12.57757568359375,34.56849670410156
239,7,person,0,0.4155432879924774,326.34393310546875,243.01760864257812,7.987274169921875,25.482955932617188
239,4,person,0,0.343234121799469,376.59161376953125,243.17347717285156,10.035369873046875,26.042022705078125
239,8,person,0,0.550713062286377,345.62701416015625,236.83624267578125,8.196868896484375,27.643951416015625
239,6,person,0,0.6781498789787292,310.3316345214844,238.69615173339844,10.09075927734375,28.503265380859375
240,1,car,2,0.9206581711769104,508.7396240234375,312.9344482421875,116.34573364257812,85.1016845703125
240,2,person,0,0.753109335899353,394.68707275390625,237.11920166015625,12.436309814453125,34.6884765625
240,7,person,0,0.6193082928657532,326.64892578125,242.31021118164062,7.892181396484375,26.684951782226562
240,4,person,0,0.30420899391174316,376.2030334472656,243.3277587890625,10.7266845703125,25.590621948242188
240,8,person,0,0.32852962613105774,345.1670837402344,236.42001342773438,7.63665771484375,26.757064819335938
240,6,person,0,0.6764224171638489,310.67388916015625,238.90353393554688,10.247955322265625,28.745819091796875
241,1,car,2,0.9212275743484497,508.76116943359375,312.90875244140625,116.34500122070312,84.96145629882812
241,2,person,0,0.7536961436271667,394.60345458984375,237.18392944335938,12.077606201171875,34.86421203613281
241,7,person,0,0.5565145611763,326.81024169921875,242.54469299316406,7.913116455078125,27.172943115234375
241,4,person,0,0.21555176377296448,376.0473937988281,243.60035705566406,10.66839599609375,24.57110595703125
241,8,person,0,0.4468895196914673,344.77581787109375,237.04754638671875,7.633636474609375,28.3248291015625
241,6,person,0,0.6789343357086182,310.7518615722656,239.129150390625,10.847900390625,28.873199462890625
242,1,car,2,0.9189575910568237,508.76922607421875,312.8638916015625,116.30026245117188,85.03103637695312
242,2,person,0,0.7011533975601196,394.8515625,237.11004638671875,11.663421630859375,34.68290710449219
242,7,person,0,0.5888851881027222,327.0850830078125,242.82308959960938,7.961822509765625,27.18231201171875
242,4,person,0,0.43773525953292847,375.76806640625,243.14401245117188,11.257080078125,25.736328125
242,8,person,0,0.5789417028427124,344.28887939453125,236.6697998046875,7.582763671875,27.552505493164062
242,6,person,0,0.6698718070983887,310.8845520019531,238.9156494140625,11.18310546875,28.206008911132812
243,1,car,2,0.9216051697731018,508.7718505859375,312.9376220703125,116.26119995117188,84.98934936523438
243,2,person,0,0.6761021614074707,395.2321472167969,236.79486083984375,11.591552734375,34.304779052734375
243,7,person,0,0.6051933169364929,327.15203857421875,242.5750732421875,8.318084716796875,28.093521118164062
243,8,person,0,0.6364858150482178,343.7401123046875,236.76504516601562,7.866943359375,28.027694702148438
243,6,person,0,0.6629481911659241,311.2290954589844,238.65155029296875,10.7947998046875,27.984085083007812
244,1,car,2,0.9204066395759583,508.79266357421875,312.90289306640625,116.30764770507812,85.00192260742188
244,2,person,0,0.6903905272483826,394.79974365234375,236.67333984375,11.141510009765625,34.27885437011719
244,7,person,0,0.6427986025810242,327.44482421875,242.3553466796875,8.2933349609375,28.366531372070312
244,8,person,0,0.5856391191482544,343.3902587890625,236.18173217773438,7.868927001953125,26.490951538085938
244,6,person,0,0.6428096294403076,311.17913818359375,239.178955078125,11.094329833984375,28.306930541992188
245,1,car,2,0.9232772588729858,508.8189697265625,312.9090576171875,116.31787109375,84.81478881835938
245,2,person,0,0.6983914971351624,394.26190185546875,236.8202667236328,11.00048828125,34.1680908203125
245,7,person,0,0.6346295475959778,327.6150817871094,242.17291259765625,8.25433349609375,28.437576293945312
245,8,person,0,0.5556875467300415,342.8976745605469,236.1580810546875,8.0386962890625,25.862960815429688
245,6,person,0,0.5923146605491638,311.37933349609375,239.4874725341797,10.395965576171875,28.530853271484375
246,1,car,2,0.9235289096832275,508.781982421875,313.00830078125,116.23269653320312,84.82781982421875
246,2,person,0,0.6793388724327087,393.86614990234375,237.03208923339844,11.014862060546875,33.799560546875
246,7,person,0,0.546470582485199,328.0186767578125,241.73599243164062,8.431427001953125,27.736373901367188
246,8,person,0,0.5591497421264648,341.9283447265625,236.21536254882812,8.747955322265625,25.461563110351562
246,6,person,0,0.6488983631134033,311.2148742675781,239.48260498046875,10.3199462890625,28.674072265625
247,1,car,2,0.9228619337081909,508.81134033203125,313.019287109375,116.22848510742188,84.79733276367188
247,2,person,0,0.6695287823677063,393.82470703125,237.31625366210938,11.072784423828125,33.66822814941406
247,7,person,0,0.6305198669433594,328.95062255859375,241.6739959716797,8.573211669921875,27.3338623046875
247,8,person,0,0.6496845483779907,341.1430969238281,236.35089111328125,9.31005859375,25.7052001953125
247,6,person,0,0.6793330907821655,311.33935546875,239.578857421875,9.61383056640625,28.139404296875
248,1,car,2,0.9244193434715271,508.7948913574219,313.04571533203125,116.19403076171875,84.79891967773438
248,2,person,0,0.6355189681053162,393.6329040527344,237.78562927246094,10.96087646484375,32.962005615234375
248,7,person,0,0.5966854095458984,329.47314453125,241.70144653320312,8.886016845703125,26.577346801757812
248,8,person,0,0.5826445817947388,340.37078857421875,236.64816284179688,9.78045654296875,26.028182983398438
248,6,person,0,0.6308006644248962,311.5252685546875,239.97238159179688,9.951263427734375,29.039047241210938
249,1,car,2,0.9249863624572754,508.74884033203125,313.0796813964844,116.20022583007812,84.755859375
249,2,person,0,0.6845676302909851,393.1435852050781,238.0327606201172,11.35003662109375,32.4573974609375
249,7,person,0,0.6348391771316528,329.82080078125,241.75839233398438,8.639312744140625,25.714706420898438
249,8,person,0,0.4940868318080902,339.92071533203125,236.66958618164062,9.886810302734375,26.530380249023438
249,6,person,0,0.6413746476173401,311.99755859375,240.16912841796875,10.146331787109375,29.629806518554688
250,1,car,2,0.918606698513031,508.6978759765625,313.01507568359375,116.28616333007812,84.60580444335938
250,2,person,0,0.7249860763549805,392.9107360839844,238.2904052734375,11.81951904296875,31.786880493164062
250,7,person,0,0.6806893944740295,330.1466064453125,241.68287658691406,7.931182861328125,26.441192626953125
250,8,person,0,0.6649355888366699,339.7186584472656,236.5233612060547,9.38690185546875,26.5340576171875
250,6,person,0,0.6426749229431152,312.3206787109375,240.2240753173828,9.59246826171875,30.352813720703125
251,1,car,2,0.9201809763908386,508.6980895996094,312.9969482421875,116.33294677734375,84.550048828125
251,2,person,0,0.6913700699806213,392.702880859375,238.37110900878906,12.616455078125,31.46539306640625
251,7,person,0,0.6464726328849792,330.4058837890625,241.57611083984375,8.290985107421875,26.469467163085938
251,8,person,0,0.6374672651290894,339.15826416015625,236.50326538085938,9.274383544921875,26.516769409179688
251,6,person,0,0.6246699094772339,312.494384765625,240.21768188476562,9.758544921875,30.687728881835938
252,1,car,2,0.9211006164550781,508.6131591796875,312.96087646484375,116.43881225585938,84.52609252929688
252,2,person,0,0.6884359121322632,392.3808288574219,238.20474243164062,12.87017822265625,31.2645263671875
252,7,person,0,0.6053537130355835,331.1214599609375,241.76377868652344,8.67449951171875,27.580535888671875
252,8,person,0,0.5320561528205872,338.58087158203125,236.57101440429688,8.751678466796875,26.5904541015625
252,6,person,0,0.6400654315948486,312.6943664550781,240.461669921875,9.60626220703125,30.67852783203125
252,4,person,0,0.5130347013473511,372.51171875,243.26168823242188,8.897796630859375,25.817123413085938
253,1,car,2,0.9193739891052246,508.65673828125,312.8796691894531,116.44418334960938,84.25030517578125
253,2,person,0,0.694769024848938,391.8878479003906,238.24813842773438,12.87744140625,31.302291870117188
253,7,person,0,0.6158713102340698,331.62103271484375,241.637939453125,8.9688720703125,28.034286499023438
253,8,person,0,0.5169848203659058,338.0874938964844,236.66543579101562,8.412841796875,26.818405151367188
253,6,person,0,0.5279295444488525,313.0921325683594,240.06704711914062,9.0220947265625,29.766250610351562
253,4,person,0,0.4405260384082794,372.15771484375,244.237548828125,8.6927490234375,23.84564208984375
254,1,car,2,0.9195978045463562,508.60064697265625,312.8870849609375,116.51986694335938,84.22946166992188
254,2,person,0,0.7157679200172424,391.55499267578125,238.331298828125,12.72186279296875,30.998184204101562
254,7,person,0,0.6782780885696411,331.96148681640625,241.38418579101562,8.982757568359375,28.164215087890625
254,8,person,0,0.20848219096660614,337.4420166015625,237.220458984375,7.68927001953125,27.83343505859375
254,6,person,0,0.555819034576416,313.6800537109375,238.83285522460938,8.45721435546875,27.469345092773438
254,4,person,0,0.5578179955482483,371.70123291015625,243.9571533203125,8.40814208984375,24.24664306640625
255,1,car,2,0.9211735725402832,508.63702392578125,313.04473876953125,116.4739990234375,84.57943725585938
255,2,person,0,0.69217449426651,391.272216796875,238.30194091796875,12.73187255859375,30.762527465820312
255,7,person,0,0.7051065564155579,332.11932373046875,241.22988891601562,8.488739013671875,27.762664794921875
255,6,person,0,0.5324726104736328,314.2008056640625,238.8755340576172,8.122802734375,27.33306884765625
255,4,person,0,0.673808217048645,371.0679931640625,243.52174377441406,7.947509765625,25.034454345703125
256,1,car,2,0.9200831651687622,508.69244384765625,313.04833984375,116.42568969726562,84.63812255859375
256,2,person,0,0.7142700552940369,390.28472900390625,238.11865234375,12.227325439453125,31.467453002929688
256,7,person,0,0.6909554600715637,332.46337890625,241.0462188720703,8.68365478515625,28.38372802734375
256,6,person,0,0.5134971737861633,314.35223388671875,238.4667510986328,7.401153564453125,25.99859619140625
256,4,person,0,0.3644604980945587,370.84002685546875,243.85308837890625,7.588043212890625,23.88592529296875
257,1,car,2,0.9207854866981506,508.7143859863281,313.14239501953125,116.33001708984375,84.76467895507812
257,2,person,0,0.7103421092033386,389.34710693359375,238.00184631347656,11.701324462890625,31.64208984375
257,7,person,0,0.6628996729850769,333.2371520996094,240.27032470703125,9.02740478515625,29.028305053710938
257,6,person,0,0.4651339650154114,315.16326904296875,238.66452026367188,6.87799072265625,25.255386352539062
257,4,person,0,0.5943912267684937,370.48211669921875,244.09512329101562,7.436187744140625,23.632308959960938
258,1,car,2,0.921238124370575,508.724853515625,313.20013427734375,116.34494018554688,84.90524291992188
258,2,person,0,0.73119056224823,388.48883056640625,238.13438415527344,11.550445556640625,32.359832763671875
258,7,person,0,0.7025458216667175,333.64886474609375,239.81085205078125,8.98931884765625,29.98114013671875
258,6,person,0,0.4296719431877136,315.52117919921875,238.205322265625,7.099212646484375,24.436294555664062
258,4,person,0,0.639647901058197,369.8451843261719,243.30633544921875,7.2178955078125,25.245681762695312
259,1,car,2,0.9210574626922607,508.7559814453125,313.08056640625,116.35659790039062,84.73611450195312
259,2,person,0,0.7305700182914734,387.9660339355469,238.07843017578125,11.10943603515625,32.26124572753906
259,7,person,0,0.6863301992416382,333.95697021484375,239.54666137695312,9.039093017578125,30.231033325195312
259,6,person,0,0.3517235517501831,315.751708984375,237.88211059570312,7.100616455078125,23.315536499023438
259,4,person,0,0.5325661301612854,369.1521911621094,242.24441528320312,7.59954833984375,27.6031494140625
260,1,car,2,0.9232701063156128,508.74322509765625,313.07171630859375,116.33352661132812,84.71649169921875
260,2,person,0,0.7331446409225464,387.43328857421875,238.09576416015625,11.00933837890625,32.19456481933594
260,7,person,0,0.6546832323074341,334.01593017578125,239.99977111816406,8.52105712890625,30.373687744140625
260,6,person,0,0.4299686849117279,315.72076416015625,239.18992614746094,7.64068603515625,25.5439453125
260,4,person,0,0.2730099558830261,368.7209167480469,243.39907836914062,8.032958984375,25.372634887695312
261,1,car,2,0.9217132329940796,508.7092590332031,313.10235595703125,116.33062744140625,84.7630615234375
261,2,person,0,0.7322675585746765,386.865478515625,238.07460021972656,10.860626220703125,32.122833251953125
261,7,person,0,0.6466772556304932,334.2276611328125,240.37147521972656,8.526519775390625,29.8992919921875
261,6,person,0,0.50481778383255,316.2373046875,239.2115478515625,7.718475341796875,25.707244873046875
262,1,car,2,0.9205579161643982,508.6905822753906,313.1209716796875,116.35174560546875,84.80685424804688
262,2,person,0,0.7523627877235413,386.5876159667969,237.93719482421875,10.93341064453125,31.766464233398438
262,7,person,0,0.6278502345085144,334.3683776855469,240.5904541015625,8.51275634765625,28.828170776367188
262,6,person,0,0.45222726464271545,317.0514831542969,238.8352813720703,7.185546875,25.260284423828125
263,1,car,2,0.9205753803253174,508.6699523925781,313.0511779785156,116.29449462890625,84.68096923828125
263,2,person,0,0.7611923217773438,386.2430419921875,237.99012756347656,11.052642822265625,31.662994384765625
263,7,person,0,0.6778846383094788,334.5462646484375,240.96786499023438,9.233184814453125,28.06109619140625
263,6,person,0,0.3392282724380493,317.49884033203125,239.91256713867188,7.77020263671875,25.363662719726562
264,1,car,2,0.9206439852714539,508.69036865234375,312.9719543457031,116.277099609375,84.573486328125
264,2,person,0,0.7592393755912781,385.8977355957031,238.20465087890625,11.248291015625,31.404129028320312
264,7,person,0,0.5593972206115723,335.0007629394531,240.795654296875,8.85772705078125,26.745651245117188
264,6,person,0,0.42403775453567505,318.0707092285156,240.3347930908203,8.3466796875,25.449127197265625
264,4,person,0,0.5984254479408264,366.83251953125,241.8709716796875,10.084075927734375,27.473709106445312
265,1,car,2,0.9215657114982605,508.667724609375,313.0118103027344,116.21957397460938,84.63165283203125
265,2,person,0,0.7591696381568909,385.60491943359375,238.43222045898438,11.23956298828125,31.65716552734375
265,7,person,0,0.5297362208366394,335.184326171875,240.79171752929688,9.10272216796875,26.142166137695312
265,6,person,0,0.20493967831134796,318.44091796875,240.609619140625,8.638946533203125,27.96490478515625
265,4,person,0,0.45835110545158386,366.35888671875,242.51318359375,10.560577392578125,25.750411987304688
266,1,car,2,0.9202879667282104,508.6478271484375,312.9681396484375,116.19003295898438,84.52572631835938
266,2,person,0,0.7746053338050842,385.340087890625,238.38746643066406,11.255157470703125,31.537567138671875
266,7,person,0,0.41515234112739563,335.56207275390625,241.33529663085938,9.35003662109375,26.133041381835938
266,6,person,0,0.3249655067920685,318.90753173828125,240.55120849609375,9.092498779296875,27.642120361328125
266,4,person,0,0.6108071804046631,365.99346923828125,241.76229858398438,11.1427001953125,27.608306884765625
267,1,car,2,0.9208289384841919,508.68389892578125,312.79193115234375,116.2174072265625,84.18038940429688
267,2,person,0,0.7611841559410095,385.2618713378906,238.3699951171875,11.11199951171875,31.184341430664062
267,7,person,0,0.5981788039207458,336.27508544921875,241.30096435546875,9.088623046875,26.692413330078125
267,4,person,0,0.6555233597755432,365.6994934082031,242.50088500976562,11.6868896484375,25.954238891601562
268,1,car,2,0.9205382466316223,508.70623779296875,312.74530029296875,116.19363403320312,84.0694580078125
268,2,person,0,0.752503514289856,385.11785888671875,238.3818359375,10.6768798828125,30.216567993164062
268,7,person,0,0.6583479642868042,336.8350830078125,241.55047607421875,8.661712646484375,26.81890869140625
268,4,person,0,0.6512864232063293,365.5606689453125,241.82901000976562,12.360443115234375,27.192840576171875
269,1,car,2,0.9197180867195129,508.6824951171875,312.660888671875,116.20193481445312,83.8426513671875
269,2,person,0,0.7337828278541565,385.0038757324219,238.4983367919922,10.36773681640625,30.070953369140625
269,7,person,0,0.7064874172210693,337.41107177734375,241.66497802734375,9.6265869140625,27.027572631835938
269,4,person,0,0.6017999649047852,365.3465881347656,241.14813232421875,12.57196044921875,28.169418334960938
270,1,car,2,0.922075629234314,508.6510009765625,312.7685546875,116.23812866210938,84.04827880859375
270,2,person,0,0.7348023056983948,384.87091064453125,238.63021850585938,10.41796875,30.412216186523438
270,7,person,0,0.7023122310638428,337.81842041015625,241.76844787597656,9.644683837890625,27.093414306640625
270,4,person,0,0.5764061212539673,364.87567138671875,240.81661987304688,13.235931396484375,28.71319580078125
271,1,car,2,0.9226517677307129,508.6243591308594,312.79180908203125,116.24517822265625,84.07870483398438
271,2,person,0,0.7290061116218567,384.84234619140625,238.76885986328125,10.237640380859375,30.555068969726562
271,7,person,0,0.7236067652702332,338.29364013671875,241.76248168945312,9.350799560546875,26.988998413085938
271,4,person,0,0.40740305185317993,364.4189453125,240.59146118164062,12.969512939453125,28.694320678710938
272,1,car,2,0.9210360050201416,508.6583557128906,312.7945251464844,116.25579833984375,84.1998291015625
272,2,person,0,0.7337096333503723,384.67437744140625,238.73593139648438,9.966033935546875,30.619979858398438
272,7,person,0,0.7047863602638245,338.977294921875,241.63552856445312,8.276092529296875,26.920913696289062
272,4,person,0,0.53474360704422,364.46875,240.7185516357422,13.006134033203125,28.872467041015625
273,1,car,2,0.9204088449478149,508.58197021484375,312.87225341796875,116.37841796875,84.28433227539062
273,2,person,0,0.7259166240692139,384.6479797363281,238.70921325683594,10.10205078125,30.872039794921875
273,7,person,0,0.7062446475028992,339.31884765625,241.59475708007812,7.720977783203125,26.803848266601562
273,4,person,0,0.32917138934135437,363.72802734375,240.50491333007812,11.867218017578125,28.700958251953125
273,6,person,0,0.5599932670593262,322.85382080078125,239.27740478515625,8.761444091796875,26.009231567382812
274,1,car,2,0.921760618686676,508.6473693847656,312.8675537109375,116.35247802734375,84.28463745117188
274,2,person,0,0.7156186699867249,384.6524963378906,238.673583984375,9.7808837890625,30.797927856445312
274,7,person,0,0.7387406826019287,339.5957336425781,241.49288940429688,7.72314453125,26.801300048828125
274,4,person,0,0.3101312816143036,363.1763916015625,240.8592529296875,10.64495849609375,27.832717895507812
274,6,person,0,0.6216720938682556,323.2331848144531,240.1687774658203,8.2030029296875,25.23394775390625
275,1,car,2,0.9209628701210022,508.688232421875,312.75030517578125,116.2647705078125,84.20004272460938
275,2,person,0,0.6260629892349243,384.548583984375,238.72940063476562,9.487335205078125,30.317092895507812
275,7,person,0,0.7436433434486389,339.9422607421875,241.3397216796875,7.874755859375,26.899734497070312
275,4,person,0,0.34113532304763794,362.6627197265625,240.58218383789062,8.800994873046875,27.772140502929688
275,8,person,0,0.6929468512535095,324.779541015625,239.53981018066406,10.080108642578125,29.37835693359375
276,1,car,2,0.9215448498725891,508.67840576171875,312.7584228515625,116.1849365234375,84.19424438476562
276,2,person,0,0.5391242504119873,384.43963623046875,238.75625610351562,9.295745849609375,30.406951904296875
276,7,person,0,0.7400833368301392,340.24505615234375,241.2620391845703,7.844879150390625,27.027069091796875
276,4,person,0,0.39048534631729126,362.3215637207031,240.28347778320312,7.826904296875,27.690414428710938
276,8,person,0,0.7087788581848145,324.510009765625,239.50286865234375,9.907012939453125,30.502120971679688
277,1,car,2,0.9211670756340027,508.6864013671875,312.76116943359375,116.16677856445312,84.15316772460938
277,2,person,0,0.6153824329376221,383.7112731933594,239.06056213378906,8.857421875,30.230865478515625
277,7,person,0,0.7253272533416748,340.6715087890625,241.0431671142578,7.73614501953125,26.791839599609375
277,4,person,0,0.6183794736862183,361.68719482421875,240.64016723632812,7.604217529296875,27.276596069335938
277,8,person,0,0.6419872045516968,324.4726257324219,239.67721557617188,9.46240234375,30.620986938476562
278,1,car,2,0.9204509258270264,508.67596435546875,312.76812744140625,116.15673828125,84.23867797851562
278,2,person,0,0.5959108471870422,383.16375732421875,239.10018920898438,8.67840576171875,30.382431030273438
278,7,person,0,0.709377646446228,340.9751281738281,241.21786499023438,7.57757568359375,26.762100219726562
278,4,person,0,0.6445848345756531,361.1216735839844,241.2529296875,7.3037109375,26.46380615234375
278,8,person,0,0.4720906913280487,324.38531494140625,240.18905639648438,8.989044189453125,30.553604125976562
279,1,car,2,0.9190849661827087,508.68475341796875,312.7403564453125,116.12557983398438,84.29257202148438
279,2,person,0,0.6183924674987793,382.4263916015625,239.11355590820312,8.717071533203125,30.332443237304688
279,7,person,0,0.7120069265365601,341.2531433105469,241.1278533935547,7.5826416015625,26.81829833984375
279,4,person,0,0.5662045478820801,360.63494873046875,241.26242065429688,7.14959716796875,26.136611938476562
279,8,person,0,0.5006966590881348,324.5535888671875,240.82424926757812,8.986328125,30.500442504882812
280,1,car,2,0.9179363250732422,508.6828308105469,312.70660400390625,116.09039306640625,84.38619995117188
280,2,person,0,0.5954980850219727,381.94598388671875,238.764404296875,8.412933349609375,29.633255004882812
280,7,person,0,0.6921505928039551,341.59820556640625,241.04623413085938,7.539276123046875,26.600021362304688
280,4,person,0,0.5448640584945679,360.15325927734375,242.73223876953125,6.944488525390625,25.005966186523438
280,8,person,0,0.3199898302555084,324.96343994140625,239.60877990722656,8.101654052734375,27.011688232421875
281,1,car,2,0.9213700294494629,508.66326904296875,312.82666015625,116.09817504882812,84.47555541992188
281,2,person,0,0.6541078090667725,381.334228515625,239.15512084960938,8.461181640625,30.003982543945312
281,7,person,0,0.7037789225578308,342.07525634765625,240.87210083007812,7.727630615234375,26.277938842773438
281,4,person,0,0.5470986366271973,359.7215576171875,243.55299377441406,6.952880859375,23.59649658203125
281,8,person,0,0.45581111311912537,325.7027587890625,240.54815673828125,8.180084228515625,27.644546508789062
281,9,person,0,0.561820387840271,315.714599609375,239.62319946289062,9.5263671875,24.348403930664062
282,1,car,2,0.9180794954299927,508.6606140136719,312.7735290527344,116.18511962890625,84.57379150390625
282,2,person,0,0.6646066308021545,380.8763427734375,239.77845764160156,8.21954345703125,29.727447509765625
282,7,person,0,0.6996651887893677,342.79400634765625,240.87103271484375,7.798492431640625,26.08697509765625
282,4,person,0,0.3930782675743103,359.1794738769531,244.21925354003906,7.064208984375,22.65704345703125
282,8,person,0,0.6066462993621826,326.1168212890625,241.1466064453125,8.64306640625,28.516159057617188
282,9,person,0,0.5482514500617981,316.3178405761719,239.85528564453125,8.8485107421875,24.146072387695312
283,1,car,2,0.9176129102706909,508.66009521484375,312.73895263671875,116.19790649414062,84.5963134765625
283,2,person,0,0.6576067209243774,380.5501708984375,239.80274963378906,8.210845947265625,30.074981689453125
283,7,person,0,0.6698737144470215,343.04541015625,240.961669921875,7.864837646484375,25.720260620117188
283,4,person,0,0.5852228999137878,358.5721130371094,243.0794677734375,8.0120849609375,24.090972900390625
283,9,person,0,0.447496235370636,315.92974853515625,240.51315307617188,7.622772216796875,22.365371704101562
283,6,person,0,0.5355831980705261,328.0269775390625,241.21240234375,8.106414794921875,26.465286254882812
284,1,car,2,0.9153080582618713,508.5849609375,312.78118896484375,116.22177124023438,84.64599609375
284,2,person,0,0.6063857674598694,379.989013671875,238.87353515625,7.993927001953125,27.812057495117188
284,7,person,0,0.6809958815574646,343.2301940917969,240.64913940429688,7.88323974609375,24.967361450195312
284,4,person,0,0.5275432467460632,358.0159606933594,243.40267944335938,8.868896484375,23.519775390625
284,9,person,0,0.31275126338005066,315.9766845703125,243.68560791015625,7.046905517578125,15.778945922851562
284,6,person,0,0.2843298614025116,328.4571838378906,239.24575805664062,7.43133544921875,23.84759521484375
285,1,car,2,0.9165687561035156,508.607421875,312.782958984375,116.252685546875,84.64797973632812
285,2,person,0,0.7154572010040283,379.6932678222656,239.02752685546875,8.6458740234375,28.930191040039062
285,7,person,0,0.708260178565979,343.6080322265625,240.69163513183594,7.90142822265625,24.653533935546875
285,4,person,0,0.6441028714179993,357.6031494140625,243.17115783691406,9.525909423828125,23.85137939453125
285,6,person,0,0.43728992342948914,328.6214599609375,238.64590454101562,7.37152099609375,23.377883911132812
286,1,car,2,0.9153457880020142,508.6395568847656,312.71051025390625,116.29693603515625,84.57958984375
286,2,person,0,0.7081621289253235,379.499267578125,239.36761474609375,8.973724365234375,29.854751586914062
286,7,person,0,0.6964886784553528,343.98272705078125,240.72860717773438,7.838226318359375,24.761672973632812
286,4,person,0,0.6482948064804077,357.21044921875,241.93124389648438,9.94415283203125,26.680587768554688
286,6,person,0,0.41390833258628845,328.55120849609375,238.76268005371094,7.744354248046875,22.58978271484375
287,1,car,2,0.9173673391342163,508.5871887207031,312.7992248535156,116.23223876953125,84.35162353515625
287,2,person,0,0.7161276936531067,379.0994873046875,239.5792694091797,9.70806884765625,30.612640380859375
287,7,person,0,0.6541429758071899,344.4996337890625,240.92428588867188,7.766021728515625,24.797805786132812
287,4,person,0,0.6637434363365173,356.9963684082031,241.60614013671875,10.48211669921875,27.490707397460938
287,6,person,0,0.4242115318775177,329.53271484375,241.05258178710938,8.58343505859375,27.429519653320312
288,1,car,2,0.9176158308982849,508.65032958984375,312.77606201171875,116.27090454101562,84.50497436523438
288,2,person,0,0.7266866564750671,378.5880126953125,239.71722412109375,10.628509521484375,31.231781005859375
288,7,person,0,0.6968667507171631,344.7594299316406,240.71524047851562,7.304931640625,24.561126708984375
288,4,person,0,0.6969921588897705,356.6861877441406,241.12384033203125,11.051025390625,28.162521362304688
288,6,person,0,0.614269495010376,330.18658447265625,241.34661865234375,9.751983642578125,29.639022827148438
288,9,person,0,0.5486125349998474,318.12347412109375,239.58584594726562,9.076019287109375,23.794586181640625
289,1,car,2,0.9181234836578369,508.66937255859375,312.7481689453125,116.3021240234375,84.5511474609375
289,2,person,0,0.7078630328178406,377.9541931152344,240.10775756835938,11.7508544921875,31.35406494140625
289,7,person,0,0.6516845226287842,345.2975158691406,240.54502868652344,7.22821044921875,24.590179443359375
289,4,person,0,0.7125356197357178,356.42547607421875,241.00978088378906,11.58447265625,28.37591552734375
289,6,person,0,0.43104127049446106,331.1172180175781,241.6814727783203,12.25872802734375,30.844879150390625
289,9,person,0,0.46352332830429077,318.454833984375,239.20419311523438,9.207794189453125,24.821441650390625
290,1,car,2,0.9143351316452026,508.6824035644531,312.6093444824219,116.31768798828125,84.5511474609375
290,2,person,0,0.7129809856414795,377.6700439453125,239.8104248046875,11.825164794921875,31.130325317382812
290,7,person,0,0.6215863227844238,345.5942077636719,240.54078674316406,7.23223876953125,24.694122314453125
290,4,person,0,0.6233713030815125,356.197998046875,241.0998992919922,11.91229248046875,28.139373779296875
290,6,person,0,0.5620894432067871,330.90679931640625,240.5034637451172,10.7125244140625,29.6048583984375
290,9,person,0,0.478966623544693,318.6459045410156,239.35699462890625,9.23089599609375,25.367156982421875
291,1,car,2,0.9130314588546753,508.6805419921875,312.61883544921875,116.28646850585938,84.55319213867188
291,2,person,0,0.6946415901184082,377.0954895019531,239.63595581054688,12.2861328125,31.036514282226562
291,7,person,0,0.6271559000015259,345.93109130859375,240.3698272705078,7.22711181640625,25.097930908203125
291,4,person,0,0.607682466506958,355.81622314453125,240.86672973632812,11.869293212890625,28.542572021484375
291,6,person,0,0.6286656856536865,331.4851379394531,239.92881774902344,10.8955078125,29.33245849609375
291,9,person,0,0.4350880980491638,319.41278076171875,239.19573974609375,10.21282958984375,26.575485229492188
292,1,car,2,0.9143920540809631,508.7064208984375,312.67230224609375,116.28311157226562,84.72256469726562
292,2,person,0,0.672072172164917,376.83551025390625,239.37841796875,11.888214111328125,30.747726440429688
292,7,person,0,0.5008542537689209,346.6817626953125,240.0188751220703,7.511688232421875,25.6842041015625
292,4,person,0,0.44452083110809326,355.43084716796875,241.03369140625,11.801177978515625,28.491180419921875
292,6,person,0,0.6164939999580383,331.7037353515625,239.60169982910156,10.061553955078125,29.243011474609375
292,9,person,0,0.3543216586112976,319.91796875,239.32774353027344,11.0087890625,27.72637939453125
293,1,car,2,0.9107525944709778,508.7070617675781,312.65997314453125,116.24615478515625,84.84515380859375
293,2,person,0,0.6000606417655945,376.4213562011719,239.7293701171875,12.00579833984375,30.468826293945312
293,7,person,0,0.4691144526004791,347.291748046875,240.10174560546875,7.670684814453125,25.957672119140625
293,4,person,0,0.47277727723121643,354.7298278808594,240.76454162597656,10.516845703125,28.153411865234375
293,6,person,0,0.6191402673721313,332.2112121582031,239.54843139648438,9.464599609375,29.806610107421875
293,9,person,0,0.356259822845459,321.5327453613281,239.05477905273438,11.60943603515625,28.962493896484375
294,1,car,2,0.9111529588699341,508.7055969238281,312.668212890625,116.27252197265625,84.94671630859375
294,2,person,0,0.5991235375404358,376.03582763671875,239.79196166992188,12.280487060546875,31.207351684570312
294,7,person,0,0.5500954985618591,347.8519287109375,240.36074829101562,8.34381103515625,26.430252075195312
294,4,person,0,0.4225936532020569,354.4791564941406,240.7798309326172,9.77105712890625,28.1783447265625
294,6,person,0,0.6494010090827942,332.0968933105469,239.74319458007812,9.81561279296875,30.146957397460938
294,9,person,0,0.5498266220092773,321.28546142578125,239.31008911132812,12.125213623046875,28.696151733398438
295,1,car,2,0.9169676303863525,508.71710205078125,312.75457763671875,116.29751586914062,84.69601440429688
295,2,person,0,0.6017364263534546,375.48199462890625,239.99447631835938,11.612335205078125,29.71435546875
295,7,person,0,0.5281895399093628,348.4957580566406,240.679931640625,9.1119384765625,27.518844604492188
295,4,person,0,0.39191102981567383,353.53533935546875,240.9300994873047,10.034637451171875,28.3955078125
295,6,person,0,0.6293569207191467,332.60455322265625,240.4361572265625,10.224609375,31.898086547851562
295,9,person,0,0.6380132436752319,321.767822265625,239.30174255371094,11.13287353515625,28.319305419921875
296,1,car,2,0.9183198809623718,508.67266845703125,312.75836181640625,116.31790161132812,84.46453857421875
296,2,person,0,0.6039797067642212,374.6566162109375,240.41351318359375,10.969207763671875,29.332931518554688
296,4,person,0,0.5487039685249329,352.09979248046875,240.81871032714844,12.28173828125,28.71337890625
296,6,person,0,0.6274406313896179,332.5773620605469,239.86965942382812,9.89459228515625,30.641571044921875
296,9,person,0,0.6635124683380127,322.3741455078125,239.78323364257812,10.36859130859375,27.602523803710938
297,1,car,2,0.916870653629303,508.5810546875,312.859619140625,116.40457153320312,84.61727905273438
297,2,person,0,0.6168937087059021,374.5162658691406,240.87750244140625,10.56658935546875,28.59637451171875
297,4,person,0,0.6469696164131165,351.0721435546875,240.7146453857422,12.311126708984375,28.52349853515625
297,6,person,0,0.5931612849235535,333.287353515625,239.25404357910156,8.876373291015625,30.125885009765625
297,9,person,0,0.6223660707473755,323.1129150390625,239.73660278320312,10.183349609375,27.502792358398438
298,1,car,2,0.9174097180366516,508.49322509765625,312.860107421875,116.62353515625,84.623779296875
298,2,person,0,0.6203536987304688,374.0152587890625,240.97459411621094,10.379180908203125,28.57781982421875
298,4,person,0,0.6950438022613525,350.53106689453125,240.4904022216797,11.63104248046875,27.992645263671875
298,6,person,0,0.17190539836883545,332.84051513671875,239.2555389404297,8.7666015625,30.483978271484375
298,9,person,0,0.6039402484893799,323.9454345703125,239.7254638671875,9.625885009765625,27.222976684570312
299,1,car,2,0.9152824878692627,508.6060791015625,312.8513488769531,116.55197143554688,84.816162109375
299,2,person,0,0.632526695728302,374.181884765625,240.99069213867188,11.909454345703125,29.805633544921875
299,4,person,0,0.7039971947669983,350.2632141113281,240.30972290039062,11.03369140625,28.269302368164062
299,6,person,0,0.4454987645149231,334.2555236816406,238.79054260253906,8.29296875,29.285064697265625
299,9,person,0,0.6001741886138916,324.37469482421875,239.0960693359375,8.8905029296875,25.7735595703125
300,1,car,2,0.9151774644851685,508.74554443359375,312.80023193359375,116.42581176757812,84.86709594726562
300,2,person,0,0.6412538886070251,374.2709045410156,240.4191131591797,12.10528564453125,30.633148193359375
300,6,person,0,0.40630802512168884,335.10009765625,238.23992919921875,8.6273193359375,27.84637451171875
300,9,person,0,0.6705194115638733,324.8779602050781,239.26406860351562,9.64630126953125,25.9285888671875
300,7,person,0,0.6965597867965698,350.724853515625,240.50961303710938,10.770263671875,28.462081909179688
301,1,car,2,0.9148992896080017,508.74298095703125,312.818359375,116.3350830078125,84.83901977539062
301,2,person,0,0.6602521538734436,374.2003173828125,240.15704345703125,12.383880615234375,30.937789916992188
301,6,person,0,0.31800729036331177,336.25537109375,238.05789184570312,8.387542724609375,27.350616455078125
301,9,person,0,0.6666805744171143,324.75311279296875,239.2902374267578,9.9237060546875,25.424560546875
301,7,person,0,0.6625564098358154,350.7818298339844,240.42440795898438,10.5025634765625,28.326324462890625
302,1,car,2,0.9141673445701599,508.7637939453125,312.76629638671875,116.32650756835938,84.67706298828125
302,2,person,0,0.6211807727813721,373.1656799316406,240.38119506835938,10.3343505859375,30.362258911132812
302,6,person,0,0.3732024133205414,336.964111328125,237.63331604003906,7.969085693359375,26.487274169921875
302,9,person,0,0.6054341197013855,324.8565673828125,239.27757263183594,9.931915283203125,25.37030029296875
302,7,person,0,0.5508166551589966,351.0451354980469,240.3076629638672,10.17095947265625,28.060028076171875
303,1,car,2,0.9197767972946167,508.7160949707031,312.90472412109375,116.32855224609375,84.685546875
303,2,person,0,0.663647472858429,372.0487060546875,240.751708984375,9.778411865234375,31.378189086914062
303,6,person,0,0.5820974111557007,337.5989990234375,239.47044372558594,8.662811279296875,29.543182373046875
303,9,person,0,0.6680111289024353,325.1180419921875,239.39846801757812,10.130126953125,26.04620361328125
303,7,person,0,0.6544566750526428,351.534912109375,240.67674255371094,10.761688232421875,28.280242919921875
304,1,car,2,0.9156808257102966,508.6728820800781,312.93597412109375,116.43048095703125,84.82492065429688
304,2,person,0,0.6984915733337402,371.2808532714844,240.7840576171875,9.59490966796875,31.88494873046875
304,6,person,0,0.6535390019416809,337.9154052734375,240.65093994140625,8.97650146484375,31.199325561523438
304,9,person,0,0.5872525572776794,325.3062744140625,239.30926513671875,9.310821533203125,27.069168090820312
304,7,person,0,0.6615704298019409,351.6202087402344,241.239990234375,11.30694580078125,27.096038818359375
305,1,car,2,0.9160006046295166,508.6781005859375,312.95220947265625,116.46163940429688,84.82809448242188
305,2,person,0,0.6851128935813904,370.55389404296875,240.9146728515625,9.277862548828125,30.688552856445312
305,6,person,0,0.6985411643981934,338.3934631347656,241.10182189941406,9.17730712890625,31.915374755859375
305,9,person,0,0.4255431890487671,326.08404541015625,239.54803466796875,9.016693115234375,27.277008056640625
305,7,person,0,0.6593169569969177,351.38470458984375,242.3085479736328,11.562652587890625,25.708526611328125
306,1,car,2,0.9135916829109192,508.6922607421875,312.9223327636719,116.453125,84.90911865234375
306,2,person,0,0.7351741790771484,370.0688171386719,240.56600952148438,9.41290283203125,32.27876281738281
306,6,person,0,0.68565434217453,338.73291015625,241.20449829101562,9.253326416015625,31.728408813476562
306,9,person,0,0.3852827250957489,327.4892578125,239.80764770507812,8.829437255859375,27.106964111328125
306,7,person,0,0.611023485660553,350.9971923828125,242.49984741210938,11.39501953125,25.64581298828125
307,1,car,2,0.9175248146057129,508.6799621582031,313.0014953613281,116.41094970703125,84.7716064453125
307,2,person,0,0.7016012668609619,368.94891357421875,240.58799743652344,9.4818115234375,31.739288330078125
307,6,person,0,0.696146547794342,339.2965087890625,241.10113525390625,9.57763671875,32.22377014160156
307,9,person,0,0.49741244316101074,328.4102783203125,239.52398681640625,9.130889892578125,27.144851684570312
307,7,person,0,0.526520848274231,350.99041748046875,241.824951171875,12.30908203125,27.482925415039062
308,1,car,2,0.9187633395195007,508.7554931640625,312.96966552734375,116.38333129882812,84.76553344726562
308,2,person,0,0.6647047996520996,368.396240234375,240.13760375976562,9.337005615234375,31.928237915039062
308,6,person,0,0.6307782530784607,339.6311340332031,241.48373413085938,10.05718994140625,32.04241943359375
308,9,person,0,0.4758945107460022,328.6626892089844,239.54173278808594,8.453857421875,27.367584228515625
308,7,person,0,0.5133918523788452,352.8951416015625,241.05267333984375,9.447052001953125,27.573135375976562
309,1,car,2,0.9179229736328125,508.7958984375,312.97711181640625,116.33871459960938,84.81292724609375
309,2,person,0,0.45969006419181824,367.70538330078125,240.10845947265625,9.07061767578125,29.480377197265625
309,6,person,0,0.4593505263328552,340.6880187988281,240.648193359375,9.4266357421875,31.278091430664062
309,9,person,0,0.431873619556427,328.87371826171875,239.38400268554688,8.46966552734375,26.736068725585938
309,7,person,0,0.40394049882888794,354.1475830078125,241.11322021484375,8.132965087890625,26.633987426757812
310,1,car,2,0.9164817929267883,508.8162536621094,313.07952880859375,116.36602783203125,85.12255859375
310,2,person,0,0.6426234841346741,367.28082275390625,240.40028381347656,9.246673583984375,29.8353271484375
310,6,person,0,0.351473867893219,340.6864013671875,240.67860412597656,8.596771240234375,31.260528564453125
310,9,person,0,0.5609499216079712,328.95782470703125,239.81124877929688,8.70635986328125,26.711746215820312
310,7,person,0,0.42663100361824036,354.6878967285156,241.23834228515625,7.9140625,26.446212768554688
311,1,car,2,0.9190974831581116,508.77923583984375,313.0840759277344,116.324462890625,85.16064453125
311,2,person,0,0.6447098255157471,367.08984375,240.4934539794922,9.536773681640625,30.628021240234375
311,6,person,0,0.42152392864227295,340.84686279296875,241.216796875,10.3126220703125,31.52337646484375
311,9,person,0,0.5424630641937256,329.4953918457031,239.7761688232422,8.79156494140625,26.61090087890625
311,7,person,0,0.5650753974914551,355.56549072265625,241.0589599609375,7.648956298828125,26.732315063476562
311,4,person,0,0.5349204540252686,345.8348388671875,241.51736450195312,8.154296875,29.767410278320312
312,1,car,2,0.9119592308998108,508.77313232421875,312.8941650390625,116.35226440429688,85.29010009765625
312,2,person,0,0.7079460620880127,366.842529296875,240.05352783203125,10.160858154296875,31.117095947265625
312,6,person,0,0.5589301586151123,343.51275634765625,241.658203125,12.873443603515625,30.957077026367188
312,9,person,0,0.5835621356964111,329.5269775390625,239.6436004638672,8.6861572265625,26.3994140625
312,7,person,0,0.7041422724723816,356.19903564453125,240.83248901367188,7.766845703125,26.592605590820312
313,1,car,2,0.9161072373390198,508.742919921875,312.98309326171875,116.3621826171875,85.29568481445312
313,2,person,0,0.7163174152374268,366.57171630859375,239.86306762695312,10.6024169921875,30.7425537109375
313,6,person,0,0.5786407589912415,344.029296875,241.68992614746094,15.218994140625,31.065093994140625
313,9,person,0,0.5526085495948792,330.0986328125,239.5118408203125,9.262847900390625,26.113601684570312
313,7,person,0,0.6931610703468323,356.79693603515625,240.80105590820312,8.200347900390625,26.680801391601562
314,1,car,2,0.9170036315917969,508.7393798828125,313.06475830078125,116.35226440429688,85.27008056640625
314,2,person,0,0.7305816411972046,366.2257385253906,239.7994384765625,10.7401123046875,30.750869750976562
314,6,person,0,0.5563849806785583,343.92376708984375,241.79664611816406,14.335968017578125,31.395965576171875
314,9,person,0,0.6527096033096313,330.693115234375,239.58770751953125,9.758636474609375,26.218154907226562
314,7,person,0,0.7152189016342163,357.2762451171875,240.89666748046875,8.09222412109375,26.634170532226562
315,1,car,2,0.9193065762519836,508.76910400390625,313.06756591796875,116.31265258789062,85.24215698242188
315,2,person,0,0.6985216736793518,365.8938293457031,239.83302307128906,11.2340087890625,30.991058349609375
315,6,person,0,0.6017263531684875,344.02227783203125,241.41067504882812,14.86285400390625,31.318801879882812
315,9,person,0,0.6373103857040405,331.0754089355469,239.705810546875,10.466552734375,26.360000610351562
315,7,person,0,0.6927109956741333,357.769287109375,240.88082885742188,8.573516845703125,26.952285766601562
316,1,car,2,0.9195724129676819,508.7500305175781,313.11187744140625,116.30181884765625,85.20437622070312
316,2,person,0,0.6920353770256042,365.62823486328125,239.71595764160156,11.179473876953125,31.691497802734375
316,6,person,0,0.5803643465042114,344.8287353515625,241.1884765625,13.174163818359375,31.58270263671875
316,9,person,0,0.6594745516777039,331.2439270019531,239.94342041015625,11.109130859375,26.443618774414062
316,7,person,0,0.7069129347801208,358.1039733886719,240.71131896972656,8.8311767578125,27.475982666015625
317,1,car,2,0.9175010323524475,508.739990234375,313.0552978515625,116.29190063476562,85.24114990234375
317,2,person,0,0.6639456748962402,365.31024169921875,239.3109893798828,11.354705810546875,31.122589111328125
317,6,person,0,0.44292765855789185,344.986083984375,240.85963439941406,10.709869384765625,31.583221435546875
317,9,person,0,0.6045897603034973,331.52587890625,239.8260498046875,11.515106201171875,26.671554565429688
317,7,person,0,0.6481906771659851,358.33526611328125,240.6312255859375,8.446441650390625,28.067535400390625
318,1,car,2,0.9168093204498291,508.75286865234375,313.00811767578125,116.298095703125,85.33193969726562
318,2,person,0,0.6396927237510681,365.06292724609375,239.0712890625,11.750701904296875,31.150039672851562
318,6,person,0,0.4884132444858551,345.258544921875,240.78054809570312,9.223175048828125,31.637451171875
318,9,person,0,0.6148882508277893,331.4105224609375,239.68890380859375,11.877655029296875,27.106887817382812
318,7,person,0,0.6037294864654541,358.44097900390625,240.16799926757812,7.980316162109375,27.950607299804688
319,1,car,2,0.9184321761131287,508.779541015625,313.01495361328125,116.3385009765625,85.22555541992188
319,2,person,0,0.5385898351669312,364.49072265625,239.307373046875,13.097625732421875,31.021011352539062
319,6,person,0,0.5196786522865295,345.9181213378906,240.09597778320312,8.37158203125,30.555923461914062
319,9,person,0,0.6086562871932983,331.6184997558594,239.83831787109375,12.1810302734375,27.118408203125
319,7,person,0,0.4258415400981903,358.408203125,239.94102478027344,7.87188720703125,28.710693359375
320,1,car,2,0.9206225872039795,508.79241943359375,313.0871887207031,116.3284912109375,85.20745849609375
320,2,person,0,0.6071640849113464,363.4041442871094,239.71392822265625,15.0458984375,31.534423828125
320,6,person,0,0.5663668513298035,346.72607421875,239.8328857421875,8.245819091796875,30.265213012695312
320,9,person,0,0.6292165517807007,332.0054626464844,239.66455078125,11.53509521484375,26.803985595703125
320,4,person,0,0.6312283277511597,340.61541748046875,239.38690185546875,9.338714599609375,28.54290771484375
321,1,car,2,0.9203343391418457,508.81060791015625,313.05810546875,116.3516845703125,85.07373046875
321,2,person,0,0.618116557598114,363.15289306640625,239.54888916015625,14.808868408203125,31.206939697265625
321,6,person,0,0.5410053133964539,347.1432189941406,239.4905548095703,7.87786865234375,29.669921875
321,9,person,0,0.5731052756309509,332.5224609375,239.48043823242188,11.04888916015625,26.385665893554688
321,4,person,0,0.5586071014404297,340.53778076171875,238.42633056640625,8.867218017578125,27.384780883789062
322,1,car,2,0.9217969179153442,508.8511962890625,313.0296630859375,116.33193969726562,85.02188110351562
322,2,person,0,0.6253702044487,362.2779541015625,239.547119140625,12.9156494140625,30.765182495117188
322,6,person,0,0.4502312242984772,347.68695068359375,239.3621063232422,8.08917236328125,29.83294677734375
322,9,person,0,0.5645524263381958,333.4498291015625,239.3709716796875,10.056060791015625,26.316665649414062
322,4,person,0,0.43253082036972046,340.7422180175781,238.35986328125,8.97137451171875,27.549591064453125
323,1,car,2,0.9224177598953247,508.7933349609375,313.0968017578125,116.35494995117188,85.09292602539062
323,2,person,0,0.5476672649383545,361.57708740234375,239.3123321533203,10.5526123046875,30.19921875
323,6,person,0,0.5080528259277344,347.88287353515625,239.82994079589844,8.355987548828125,30.382843017578125
323,9,person,0,0.4559653401374817,334.3287658691406,239.2720947265625,8.8946533203125,25.936325073242188
323,4,person,0,0.3703042268753052,340.70977783203125,238.282958984375,8.454681396484375,27.60418701171875
324,1,car,2,0.9215829968452454,508.75726318359375,313.07666015625,116.30859375,85.056396484375
324,2,person,0,0.5676801204681396,361.47039794921875,239.56649780273438,10.348907470703125,30.103225708007812
324,6,person,0,0.3285388946533203,348.5047607421875,239.27841186523438,8.025360107421875,29.357635498046875
325,1,car,2,0.9225910902023315,508.68743896484375,313.0486755371094,116.28994750976562,84.97802734375
325,2,person,0,0.618756115436554,361.1680908203125,239.52200317382812,10.220245361328125,30.403640747070312
325,6,person,0,0.5484191179275513,348.9588623046875,240.37002563476562,8.203094482421875,31.298019409179688
326,1,car,2,0.9230478405952454,508.66546630859375,313.058837890625,116.25320434570312,85.03286743164062
326,2,person,0,0.3832380473613739,360.5934143066406,239.1571807861328,10.09881591796875,28.23614501953125
326,6,person,0,0.5537204742431641,349.4268798828125,240.77589416503906,7.959259033203125,31.930267333984375
326,4,person,0,0.5508586764335632,338.85723876953125,240.2605438232422,10.639251708984375,28.990081787109375
327,1,car,2,0.9181360602378845,508.6551513671875,312.9227294921875,116.20162963867188,85.14895629882812
327,2,person,0,0.2124812752008438,361.4972229003906,239.3970184326172,9.33013916015625,26.933380126953125
327,6,person,0,0.5755581855773926,349.8168029785156,240.51556396484375,7.5484619140625,31.59503173828125
327,4,person,0,0.6360471844673157,338.560302734375,240.41024780273438,10.855987548828125,29.307296752929688
328,1,car,2,0.9195995330810547,508.65972900390625,312.89215087890625,116.17776489257812,85.16525268554688
328,6,person,0,0.4104338586330414,350.7963562011719,239.61863708496094,8.87469482421875,30.83148193359375
328,4,person,0,0.6049515008926392,338.6790771484375,240.1742706298828,11.477203369140625,29.08203125
329,1,car,2,0.9136006236076355,508.65643310546875,312.703125,116.15750122070312,85.26373291015625
329,6,person,0,0.46629053354263306,351.21295166015625,240.04495239257812,8.91876220703125,32.56605529785156
329,4,person,0,0.6631037592887878,338.69708251953125,240.38226318359375,11.285736083984375,29.201065063476562
330,1,car,2,0.9178522825241089,508.6650390625,312.74603271484375,116.14501953125,85.30462646484375
330,6,person,0,0.5978521108627319,352.77032470703125,240.24310302734375,12.019287109375,34.40113830566406
330,4,person,0,0.6370788812637329,338.86334228515625,240.55291748046875,11.691802978515625,29.218307495117188
331,1,car,2,0.91510409116745,508.6647644042969,312.75970458984375,116.11114501953125,85.34603881835938
331,6,person,0,0.5278769731521606,354.09063720703125,240.51390075683594,12.727935791015625,35.705474853515625
331,4,person,0,0.5744001269340515,338.15850830078125,240.5371551513672,10.780181884765625,28.299285888671875
332,1,car,2,0.9142302870750427,508.68231201171875,312.6789245605469,116.13827514648438,85.37200927734375
332,6,person,0,0.6689919829368591,354.7935485839844,240.35877990722656,14.1373291015625,36.230010986328125
332,4,person,0,0.5644806623458862,337.46270751953125,240.70774841308594,11.453948974609375,27.410675048828125
333,1,car,2,0.9181094169616699,508.7308349609375,312.7275390625,116.15884399414062,85.26385498046875
333,6,person,0,0.7184051871299744,355.3716735839844,240.4007110595703,14.689453125,36.141876220703125
333,4,person,0,0.2584518790245056,337.3846740722656,240.60354614257812,12.08953857421875,27.569961547851562
334,1,car,2,0.9122349619865417,508.69635009765625,312.6994934082031,116.11447143554688,85.1602783203125
334,6,person,0,0.6822057962417603,355.708251953125,240.7582244873047,15.2236328125,36.262603759765625
334,4,person,0,0.2595926821231842,337.80841064453125,240.862548828125,13.503265380859375,28.135238647460938
335,1,car,2,0.9157292246818542,508.73736572265625,312.74761962890625,116.09927368164062,85.20077514648438
335,6,person,0,0.5190330743789673,356.9473876953125,241.9639434814453,13.58807373046875,33.503509521484375
335,4,person,0,0.24161678552627563,338.104248046875,241.02975463867188,12.98193359375,27.16204833984375
336,1,car,2,0.916212797164917,508.7543029785156,312.7626037597656,116.12701416015625,85.14080810546875
336,6,person,0,0.4231351315975189,357.4339294433594,243.1849365234375,13.03094482421875,30.638290405273438
336,4,person,0,0.45774972438812256,339.8224182128906,240.40066528320312,10.32012939453125,27.255767822265625
337,1,car,2,0.9183623194694519,508.7339782714844,312.7798156738281,116.14324951171875,84.979248046875
337,6,person,0,0.48710763454437256,356.88568115234375,242.24710083007812,13.086822509765625,31.893692016601562
337,4,person,0,0.5356169939041138,336.16680908203125,240.15797424316406,9.1343994140625,27.84124755859375
338,1,car,2,0.918282687664032,508.73651123046875,312.7601318359375,116.1044921875,84.91525268554688
338,6,person,0,0.3465897738933563,356.766357421875,241.5947265625,12.61566162109375,32.59434509277344
338,4,person,0,0.6423433423042297,334.8999328613281,240.1443634033203,8.64447021484375,28.577117919921875
339,1,car,2,0.9183387756347656,508.7607116699219,312.76507568359375,116.06695556640625,84.99136352539062
339,6,person,0,0.45687949657440186,357.1239013671875,240.86276245117188,9.726043701171875,31.628463745117188
339,4,person,0,0.6299000382423401,334.0512390136719,240.0541229248047,8.3193359375,29.163177490234375
340,1,car,2,0.9154391288757324,508.7536315917969,312.714599609375,116.04962158203125,85.14596557617188
340,6,person,0,0.5040213465690613,357.24847412109375,240.993408203125,8.702911376953125,31.64703369140625
340,4,person,0,0.5383118391036987,333.49462890625,240.3690185546875,8.328948974609375,29.637008666992188
340,9,person,0,0.6362359523773193,346.3598327636719,239.8057861328125,13.9820556640625,30.316177368164062
341,1,car,2,0.9179423451423645,508.7238464355469,312.8004150390625,116.02581787109375,85.01431274414062
341,6,person,0,0.6712599396705627,357.79522705078125,241.328125,9.4991455078125,32.59507751464844
341,4,person,0,0.6266718506813049,333.27764892578125,240.61773681640625,8.34490966796875,29.888809204101562
341,9,person,0,0.644557535648346,346.1107177734375,239.63108825683594,12.81451416015625,30.5831298828125
342,1,car,2,0.9194348454475403,508.77154541015625,312.8360595703125,116.11734008789062,85.02719116210938
342,6,person,0,0.5928107500076294,358.5624694824219,241.59642028808594,9.6612548828125,33.276702880859375
342,4,person,0,0.6599695086479187,333.05914306640625,240.55062866210938,8.3138427734375,30.224777221679688
342,9,person,0,0.5700749158859253,346.3646240234375,240.22076416015625,12.782806396484375,32.38825988769531
343,1,car,2,0.9189633131027222,508.7467041015625,312.8762512207031,116.068603515625,84.93829345703125
343,6,person,0,0.6013544201850891,358.9399719238281,241.62167358398438,9.84844970703125,33.40205383300781
343,4,person,0,0.6532070636749268,332.8217468261719,240.50192260742188,7.939208984375,29.998397827148438
343,9,person,0,0.6044935584068298,346.12884521484375,240.16229248046875,11.24835205078125,32.63067626953125
344,1,car,2,0.9161097407341003,508.73699951171875,312.85540771484375,116.12564086914062,85.04385375976562
344,6,person,0,0.575717031955719,359.58154296875,241.8118438720703,9.160491943359375,33.516693115234375
344,4,person,0,0.687829852104187,332.53521728515625,240.2842254638672,7.7772216796875,29.667510986328125
344,9,person,0,0.5858783721923828,347.29486083984375,240.1573486328125,12.901275634765625,32.52812194824219
345,1,car,2,0.9153849482536316,508.72149658203125,312.82550048828125,116.05746459960938,85.12515258789062
345,6,person,0,0.5918833613395691,360.23516845703125,241.87005615234375,8.785552978515625,33.58433532714844
345,4,person,0,0.5992339253425598,332.0708923339844,239.78585815429688,8.00213623046875,29.999847412109375
345,9,person,0,0.6101645231246948,347.88525390625,240.17835998535156,14.110076904296875,32.952728271484375
346,1,car,2,0.9152355790138245,508.6900939941406,312.8758850097656,116.04229736328125,85.2109375
346,6,person,0,0.5574185848236084,360.92425537109375,241.85543823242188,8.513946533203125,33.24908447265625
346,4,person,0,0.5930496454238892,331.85125732421875,239.93035888671875,8.132659912109375,30.2073974609375
346,9,person,0,0.6896292567253113,348.13043212890625,240.23648071289062,13.743804931640625,33.36277770996094
347,1,car,2,0.9151167273521423,508.70281982421875,312.9190979003906,116.08316040039062,85.2117919921875
347,6,person,0,0.698746919631958,361.4195556640625,241.59902954101562,8.784332275390625,33.49546813964844
347,4,person,0,0.6065804362297058,331.26849365234375,239.8861083984375,8.147369384765625,30.3267822265625
347,9,person,0,0.7270002365112305,348.5536804199219,240.134033203125,13.59759521484375,33.71197509765625
347,7,person,0,0.6226614117622375,371.80517578125,241.2586669921875,7.339935302734375,26.760162353515625
348,1,car,2,0.9138305187225342,508.7057189941406,312.99664306640625,116.13946533203125,85.42160034179688
348,6,person,0,0.7016018629074097,361.93035888671875,241.39419555664062,9.35137939453125,33.53901672363281
348,4,person,0,0.47638899087905884,330.8978271484375,240.10394287109375,7.199981689453125,29.991622924804688
348,9,person,0,0.6664520502090454,348.7336120605469,240.08970642089844,13.50518798828125,34.004852294921875
348,7,person,0,0.6258834600448608,372.3644104003906,241.8001251220703,7.09161376953125,25.0810546875
349,1,car,2,0.9139305949211121,508.6947021484375,313.0035400390625,116.1627197265625,85.48855590820312
349,6,person,0,0.6898984313011169,362.48907470703125,241.20535278320312,9.387054443359375,33.1278076171875
349,4,person,0,0.6536040306091309,329.94171142578125,240.43011474609375,7.802032470703125,28.8690185546875
349,9,person,0,0.6245118379592896,348.59783935546875,240.0716552734375,12.610321044921875,33.90391540527344
349,7,person,0,0.6831339001655579,372.70330810546875,241.75192260742188,7.298797607421875,26.11248779296875
350,1,car,2,0.9150804877281189,508.68536376953125,312.98663330078125,116.21768188476562,85.39324951171875
350,6,person,0,0.6745470762252808,362.9028625488281,241.08148193359375,9.587646484375,33.45549011230469
350,4,person,0,0.6455019116401672,329.52447509765625,240.42501831054688,7.642669677734375,28.333038330078125
350,9,person,0,0.6502640843391418,347.2193908691406,240.15550231933594,10.1580810546875,33.546966552734375
350,7,person,0,0.7087575793266296,372.9571533203125,241.95654296875,7.445709228515625,25.568954467773438
351,1,car,2,0.9177848696708679,508.65716552734375,313.02978515625,116.11923217773438,85.16708374023438
351,6,person,0,0.6236117482185364,363.35491943359375,241.26516723632812,9.761993408203125,33.04496765136719
351,4,person,0,0.39463159441947937,329.14630126953125,240.99139404296875,7.4747314453125,27.144454956054688
351,9,person,0,0.5798277258872986,346.510498046875,240.11346435546875,9.37469482421875,32.90570068359375
351,7,person,0,0.6693207025527954,373.0913391113281,242.06752014160156,7.54827880859375,23.90802001953125
352,1,car,2,0.9167965650558472,508.65673828125,312.983642578125,116.13955688476562,85.08480834960938
352,6,person,0,0.6254016757011414,363.89044189453125,241.20846557617188,10.043426513671875,32.49989318847656
352,4,person,0,0.503593385219574,328.83984375,241.38595581054688,7.421661376953125,26.108200073242188
352,9,person,0,0.4651830494403839,345.82122802734375,239.75718688964844,9.445587158203125,31.5179443359375
352,7,person,0,0.6520901918411255,373.5748596191406,241.1878662109375,7.77471923828125,22.784027099609375
353,1,car,2,0.9185464382171631,508.6312255859375,313.0120849609375,116.1080322265625,84.99838256835938
353,6,person,0,0.6374263167381287,364.1428527832031,241.25341796875,9.6688232421875,32.4345703125
353,4,person,0,0.45476964116096497,328.47540283203125,242.86300659179688,7.888031005859375,23.446884155273438
353,9,person,0,0.3864447772502899,345.56231689453125,240.12734985351562,10.244293212890625,31.971054077148438
353,7,person,0,0.6511616110801697,373.8241882324219,241.33831787109375,7.89154052734375,22.258377075195312
354,1,car,2,0.9181638956069946,508.645263671875,312.99346923828125,116.08706665039062,84.9268798828125
354,6,person,0,0.6311978697776794,364.5461730957031,241.8650665283203,11.66717529296875,32.579681396484375
354,4,person,0,0.2938174605369568,328.48553466796875,244.33157348632812,8.066314697265625,20.747207641601562
354,9,person,0,0.4159751832485199,344.74627685546875,240.09957885742188,9.995758056640625,32.02272033691406
354,7,person,0,0.6497448682785034,374.15435791015625,241.10348510742188,7.92767333984375,23.0625
354,2,person,0,0.5187123417854309,352.7015380859375,238.08889770507812,8.650787353515625,28.953170776367188
355,1,car,2,0.9161456823348999,508.63775634765625,312.9894714355469,116.05126953125,85.06427001953125
355,6,person,0,0.6680466532707214,364.7857666015625,242.18206787109375,12.76812744140625,32.22486877441406
355,4,person,0,0.41512587666511536,328.28472900390625,244.68670654296875,8.51513671875,19.81103515625
355,9,person,0,0.5414543151855469,344.0639953613281,240.6119384765625,9.75518798828125,30.504043579101562
355,7,person,0,0.6353090405464172,374.4986572265625,241.09573364257812,7.955108642578125,24.021926879882812
355,2,person,0,0.5145736932754517,352.41387939453125,238.3491668701172,9.358795166015625,27.6571044921875
356,1,car,2,0.9166973829269409,508.61517333984375,313.0177001953125,116.1507568359375,85.10302734375
356,6,person,0,0.604985237121582,365.1199645996094,242.00738525390625,13.62969970703125,32.43096923828125
356,4,person,0,0.48720523715019226,327.9649353027344,245.06890869140625,8.92626953125,19.116622924804688
356,9,person,0,0.5007858276367188,343.67913818359375,240.87448120117188,9.991302490234375,29.840408325195312
356,7,person,0,0.5681804418563843,374.82958984375,241.11468505859375,7.962890625,23.654541015625
356,2,person,0,0.5423336029052734,352.88397216796875,237.79832458496094,9.760406494140625,25.975189208984375
357,1,car,2,0.9150503873825073,508.621337890625,312.99920654296875,116.20675659179688,85.1756591796875
357,6,person,0,0.5958329439163208,365.7979431152344,241.35635375976562,11.5196533203125,32.38938903808594
357,4,person,0,0.429643452167511,327.90521240234375,243.91229248046875,8.794586181640625,21.793228149414062
357,9,person,0,0.2856828272342682,343.0411682128906,240.37432861328125,10.28369140625,28.938583374023438
357,7,person,0,0.5649961829185486,375.02703857421875,240.89364624023438,8.618804931640625,23.426864624023438
357,2,person,0,0.5985109210014343,352.636474609375,238.13125610351562,10.939788818359375,26.258468627929688
358,1,car,2,0.9115921854972839,508.5853271484375,312.8922119140625,116.25039672851562,85.32247924804688
358,6,person,0,0.5699868202209473,365.87255859375,241.21218872070312,13.2652587890625,32.67674255371094
358,4,person,0,0.2773028612136841,327.1617431640625,243.32626342773438,10.53228759765625,22.938674926757812
358,9,person,0,0.6282435059547424,342.27374267578125,239.94703674316406,10.094818115234375,29.890350341796875
358,7,person,0,0.60152667760849,375.36639404296875,241.0950927734375,8.49481201171875,22.608078002929688
358,2,person,0,0.6344188451766968,353.0310363769531,238.3365478515625,11.32257080078125,27.24322509765625
359,1,car,2,0.9123843908309937,508.61016845703125,312.9272155761719,116.2491455078125,85.5916748046875
359,6,person,0,0.49793148040771484,366.3807067871094,241.25575256347656,14.25421142578125,32.092742919921875
359,4,person,0,0.4490078091621399,326.701416015625,240.84030151367188,11.120025634765625,27.624801635742188
359,9,person,0,0.6600185036659241,341.6377258300781,239.82528686523438,10.22552490234375,30.478790283203125
359,7,person,0,0.5768234133720398,375.8875732421875,241.16644287109375,7.914825439453125,21.684677124023438
359,2,person,0,0.6747034192085266,353.18414306640625,238.84042358398438,12.22021484375,27.821212768554688
360,1,car,2,0.9122053980827332,508.65972900390625,312.88592529296875,116.2833251953125,85.53970336914062
360,6,person,0,0.4127758741378784,366.9023132324219,242.04391479492188,14.3382568359375,30.366378784179688
360,4,person,0,0.4387243688106537,326.33526611328125,239.75247192382812,11.457489013671875,29.90618896484375
360,9,person,0,0.6448198556900024,341.1832275390625,239.6966552734375,12.483123779296875,31.372787475585938
360,7,person,0,0.6276721358299255,376.27374267578125,241.09054565429688,7.614776611328125,21.332565307617188
360,2,person,0,0.6808695197105408,353.6162109375,238.67556762695312,12.34185791015625,27.4576416015625
361,1,car,2,0.9142175316810608,508.69000244140625,312.85528564453125,116.297119140625,85.40414428710938
361,6,person,0,0.50836580991745,367.4385681152344,242.03646850585938,13.83941650390625,29.74652099609375
361,4,person,0,0.39866581559181213,326.22784423828125,239.39187622070312,11.353424072265625,30.77960205078125
361,9,person,0,0.6704624891281128,340.98846435546875,239.4563446044922,13.19281005859375,31.530426025390625
361,7,person,0,0.6037442088127136,376.6465148925781,240.84292602539062,7.385009765625,21.316116333007812
361,2,person,0,0.6989543437957764,354.33416748046875,238.67324829101562,12.148162841796875,27.820892333984375
362,1,car,2,0.9173235893249512,508.71331787109375,312.8841247558594,116.30819702148438,85.49310302734375
362,6,person,0,0.20070573687553406,367.49700927734375,243.91259765625,13.042388916015625,25.61517333984375
362,4,person,0,0.302969366312027,325.47149658203125,239.46359252929688,9.742401123046875,30.753250122070312
362,9,person,0,0.6542154550552368,340.947509765625,239.49534606933594,13.971893310546875,32.091278076171875
362,7,person,0,0.6133584380149841,376.9774169921875,240.74020385742188,7.7659912109375,21.533584594726562
362,2,person,0,0.691347599029541,354.87701416015625,238.89694213867188,12.073486328125,27.942108154296875
363,1,car,2,0.9167622327804565,508.73040771484375,312.86505126953125,116.283935546875,85.30752563476562
363,9,person,0,0.5194627642631531,340.3948059082031,239.2694091796875,14.011474609375,31.867156982421875
363,7,person,0,0.6270278692245483,377.42010498046875,240.98208618164062,8.235107421875,21.157821655273438
363,2,person,0,0.6803298592567444,355.41168212890625,238.91461181640625,12.036041259765625,28.607742309570312
364,1,car,2,0.9176821708679199,508.73956298828125,312.84033203125,116.27407836914062,85.1961669921875
364,9,person,0,0.4127141237258911,339.70556640625,239.3991241455078,14.712188720703125,32.512603759765625
364,7,person,0,0.6508756875991821,377.7186279296875,241.09805297851562,8.4337158203125,21.133590698242188
364,2,person,0,0.6245784163475037,355.981201171875,238.82301330566406,11.90264892578125,27.66595458984375
365,1,car,2,0.9116005301475525,508.7540283203125,312.70703125,116.26455688476562,85.53018188476562
365,9,person,0,0.4596688449382782,337.8621826171875,238.8397216796875,13.922332763671875,31.660842895507812
365,7,person,0,0.6281504034996033,378.10968017578125,241.31393432617188,8.71832275390625,21.565155029296875
365,2,person,0,0.6042447686195374,356.60748291015625,238.59808349609375,12.103424072265625,27.3447265625
366,1,car,2,0.9098487496376038,508.76202392578125,312.6693115234375,116.30850219726562,85.71435546875
366,9,person,0,0.5483222603797913,337.16217041015625,238.54132080078125,13.711761474609375,30.96612548828125
366,7,person,0,0.6181052923202515,378.2645263671875,241.76736450195312,9.01849365234375,23.159591674804688
366,2,person,0,0.6204565763473511,356.6905517578125,238.47665405273438,12.545379638671875,26.895034790039062
367,1,car,2,0.9145820736885071,508.7122802734375,312.8550720214844,116.1990966796875,85.54510498046875
367,9,person,0,0.5602899789810181,336.636474609375,238.51902770996094,13.099609375,31.0692138671875
367,7,person,0,0.6623491048812866,378.33441162109375,241.11697387695312,9.382232666015625,22.541534423828125
367,2,person,0,0.6341285705566406,357.15325927734375,238.81185913085938,12.1358642578125,26.902450561523438
368,1,car,2,0.9118602275848389,508.67681884765625,312.878662109375,116.15011596679688,85.55584716796875
368,9,person,0,0.6204733848571777,335.63885498046875,238.0692138671875,11.456268310546875,30.674636840820312
368,7,person,0,0.6117258667945862,378.4718017578125,240.84524536132812,9.320526123046875,22.940093994140625
368,2,person,0,0.6790801882743835,357.802734375,238.80392456054688,11.420166015625,27.169998168945312
368,4,person,0,0.5858420729637146,322.2827453613281,240.486328125,7.993408203125,27.984695434570312
369,1,car,2,0.912713348865509,508.6638488769531,312.8852844238281,116.11590576171875,85.6226806640625
369,9,person,0,0.6168566942214966,335.2796630859375,238.26895141601562,10.157440185546875,31.480377197265625
369,7,person,0,0.7010341286659241,378.81109619140625,240.79368591308594,9.58355712890625,22.648712158203125
369,2,person,0,0.6751284003257751,358.46197509765625,238.80648803710938,10.9332275390625,26.977020263671875
369,4,person,0,0.3795184791088104,321.77911376953125,240.226318359375,7.484100341796875,27.1962890625
370,1,car,2,0.9123795032501221,508.63568115234375,312.846923828125,116.12002563476562,85.5911865234375
370,9,person,0,0.667492151260376,334.7418212890625,238.29632568359375,8.9205322265625,31.740554809570312
370,7,person,0,0.6602739691734314,379.2628173828125,240.55735778808594,9.416046142578125,22.697265625
370,2,person,0,0.6939116716384888,358.93768310546875,239.04888916015625,10.94635009765625,27.246231079101562
370,4,person,0,0.32294216752052307,321.39776611328125,240.02120971679688,7.196624755859375,27.165802001953125
371,1,car,2,0.9133503437042236,508.65325927734375,312.85003662109375,116.1478271484375,85.39865112304688
371,9,person,0,0.6431800127029419,334.128662109375,238.17893981933594,8.50567626953125,31.702484130859375
371,7,person,0,0.5830100178718567,379.41168212890625,240.8504638671875,8.960662841796875,23.449081420898438
371,2,person,0,0.70320063829422,359.3740234375,239.15902709960938,10.9320068359375,27.103988647460938
372,1,car,2,0.9131837487220764,508.6608581542969,312.8482666015625,116.13238525390625,85.44381713867188
372,9,person,0,0.59190434217453,333.68609619140625,238.37802124023438,8.717041015625,32.15568542480469
372,7,person,0,0.6268280744552612,379.69207763671875,240.71397399902344,9.04632568359375,23.164794921875
372,2,person,0,0.60488361120224,359.80133056640625,238.96884155273438,10.97027587890625,26.945358276367188
373,1,car,2,0.9106847643852234,508.70196533203125,312.8275146484375,116.0604248046875,85.55471801757812
373,9,person,0,0.5548205375671387,333.27935791015625,237.91522216796875,9.1719970703125,30.952590942382812
373,7,person,0,0.6585254073143005,380.05999755859375,241.2548370361328,9.024993896484375,24.2274169921875
373,2,person,0,0.6363584399223328,360.40850830078125,238.81532287597656,11.310089111328125,26.93072509765625
374,1,car,2,0.9140813946723938,508.693603515625,312.85784912109375,116.09481811523438,85.48638916015625
374,9,person,0,0.609188437461853,333.35455322265625,238.36859130859375,10.550628662109375,31.43841552734375
374,7,person,0,0.5455524325370789,380.1459655761719,242.0606231689453,9.1650390625,25.85577392578125
374,2,person,0,0.6063641905784607,360.9950256347656,238.77996826171875,11.573974609375,26.970703125
375,1,car,2,0.9115117788314819,508.67462158203125,312.8587646484375,116.07711791992188,85.56527709960938
375,9,person,0,0.6245588064193726,333.0325927734375,238.67547607421875,11.430145263671875,31.281600952148438
375,7,person,0,0.5519847869873047,378.1446533203125,242.67446899414062,12.951141357421875,29.484878540039062
375,2,person,0,0.6429418921470642,361.3856506347656,238.71444702148438,12.06365966796875,27.405807495117188
376,1,car,2,0.9153318405151367,508.6811828613281,312.9370422363281,116.10736083984375,85.48907470703125
376,9,person,0,0.5969421863555908,333.0408935546875,238.30421447753906,12.5556640625,30.99224853515625
376,7,person,0,0.555457353591919,377.22406005859375,243.46548461914062,14.576141357421875,30.100173950195312
376,2,person,0,0.6475710272789001,361.85546875,238.63223266601562,12.27545166015625,27.841567993164062
377,1,car,2,0.9150426983833313,508.67303466796875,313.01373291015625,116.15243530273438,85.54281616210938
377,9,person,0,0.44892483949661255,332.13568115234375,238.18153381347656,11.781646728515625,30.545196533203125
377,7,person,0,0.5874924063682556,376.82568359375,242.5476837158203,15.474822998046875,32.862213134765625
377,2,person,0,0.6376214027404785,362.2626953125,238.50491333007812,12.203643798828125,27.849777221679688
378,1,car,2,0.9156271815299988,508.6348876953125,313.07684326171875,116.13455200195312,85.52676391601562
378,9,person,0,0.5935416221618652,330.9214172363281,238.54429626464844,12.0347900390625,30.531524658203125
378,7,person,0,0.5463711023330688,377.1390380859375,242.7783203125,16.027496337890625,32.90119934082031
378,2,person,0,0.690582811832428,362.49859619140625,238.84683227539062,12.260528564453125,28.096664428710938
379,1,car,2,0.9143216013908386,508.72015380859375,312.917724609375,116.19223022460938,85.57302856445312
379,9,person,0,0.5196765065193176,330.60736083984375,238.50698852539062,12.628326416015625,30.756576538085938
379,7,person,0,0.6620692610740662,377.7446594238281,243.38645935058594,15.8095703125,31.389556884765625
379,2,person,0,0.6902270913124084,362.95550537109375,238.62286376953125,13.000091552734375,28.922378540039062
380,1,car,2,0.9150158166885376,508.7592468261719,312.880615234375,116.15277099609375,85.62588500976562
380,9,person,0,0.6067308187484741,330.3675842285156,238.22866821289062,13.18560791015625,31.367782592773438
380,7,person,0,0.6815626621246338,378.40228271484375,243.801513671875,14.974945068359375,30.50579833984375
380,2,person,0,0.730127215385437,363.2926330566406,238.39596557617188,13.39678955078125,29.329269409179688
380,4,person,0,0.6195294857025146,317.9989013671875,239.91677856445312,12.894683837890625,28.025436401367188
381,1,car,2,0.9142937064170837,508.7825927734375,312.76568603515625,116.16378784179688,85.80447387695312
381,9,person,0,0.3216659724712372,330.05096435546875,239.00045776367188,13.327911376953125,29.756607055664062
381,7,person,0,0.6548581123352051,379.2627258300781,243.98187255859375,13.28936767578125,30.092422485351562
381,2,person,0,0.6762057542800903,363.81781005859375,238.2506561279297,13.336151123046875,29.617095947265625
381,4,person,0,0.6163634657859802,318.00372314453125,240.15945434570312,13.3740234375,27.844512939453125
382,1,car,2,0.9164246916770935,508.77288818359375,312.7090759277344,116.19992065429688,85.8436279296875
382,9,person,0,0.6237258911132812,330.03472900390625,239.10781860351562,13.086822509765625,30.026351928710938
382,7,person,0,0.5471212267875671,379.6573486328125,243.73291015625,12.505096435546875,30.504684448242188
382,2,person,0,0.6899535059928894,364.21112060546875,238.51719665527344,12.875244140625,29.952056884765625
382,4,person,0,0.6417295932769775,317.7525939941406,241.30706787109375,13.22857666015625,26.268600463867188
382,10,person,0,0.702045738697052,339.44036865234375,236.11642456054688,8.795562744140625,26.6451416015625
383,1,car,2,0.9185572266578674,508.7716064453125,312.8076171875,116.19174194335938,85.66879272460938
383,9,person,0,0.5102150440216064,330.0744934082031,241.0099334716797,12.95703125,27.128387451171875
383,7,person,0,0.6559621691703796,380.26861572265625,244.0800323486328,11.937652587890625,29.751861572265625
383,2,person,0,0.5961909294128418,364.84271240234375,238.62339782714844,11.754791259765625,29.0587158203125
383,4,person,0,0.6066440939903259,317.03973388671875,241.28933715820312,12.417999267578125,26.157852172851562
383,10,person,0,0.6735430359840393,340.1081237792969,236.05718994140625,8.51837158203125,26.331985473632812
384,1,car,2,0.9202286005020142,508.7331237792969,312.8985290527344,116.12738037109375,85.671142578125
384,9,person,0,0.6020398736000061,329.93212890625,242.287841796875,12.593414306640625,24.872390747070312
384,7,person,0,0.667833685874939,380.9229736328125,243.93099975585938,10.8349609375,29.843582153320312
384,2,person,0,0.662243127822876,365.600830078125,239.7301025390625,10.859161376953125,27.417373657226562
384,4,person,0,0.6883012652397156,316.4131774902344,241.3665771484375,11.73065185546875,26.245223999023438
384,10,person,0,0.6908917427062988,340.42193603515625,236.07711791992188,8.402801513671875,26.232681274414062
385,1,car,2,0.9227418303489685,508.6955871582031,312.9895324707031,116.13458251953125,85.49371337890625
385,9,person,0,0.6250913143157959,329.03326416015625,241.64845275878906,12.63433837890625,25.37493896484375
385,7,person,0,0.6232008934020996,381.3968200683594,243.65277099609375,10.017578125,30.34637451171875
385,2,person,0,0.673031747341156,366.4626159667969,239.42428588867188,10.67401123046875,27.821853637695312
385,4,person,0,0.662051796913147,316.08428955078125,240.9033203125,11.98126220703125,27.733352661132812
385,10,person,0,0.6598982214927673,340.5355224609375,236.25335693359375,8.455169677734375,26.486251831054688
386,1,car,2,0.9240473508834839,508.67584228515625,313.05859375,116.1510009765625,85.40045166015625
386,9,person,0,0.6062111854553223,328.1763916015625,240.83761596679688,12.249542236328125,26.343673706054688
386,7,person,0,0.6172735691070557,381.5994567871094,243.3788604736328,9.60003662109375,30.555999755859375
386,2,person,0,0.6403586864471436,367.2020568847656,239.4971466064453,10.07501220703125,28.15887451171875
386,4,person,0,0.6776329874992371,315.43658447265625,240.7969970703125,12.421661376953125,28.474884033203125
386,10,person,0,0.5980644226074219,340.63787841796875,236.000244140625,8.0623779296875,26.192367553710938
387,1,car,2,0.9251089096069336,508.6874694824219,313.0566101074219,116.20111083984375,85.21014404296875
387,9,person,0,0.6042888164520264,327.6080322265625,240.31735229492188,12.412200927734375,27.450439453125
387,7,person,0,0.6164829730987549,381.5880126953125,243.17599487304688,9.084136962890625,30.441482543945312
387,2,person,0,0.6453143954277039,367.68017578125,239.62078857421875,9.924468994140625,27.446060180664062
387,4,person,0,0.6342668533325195,315.36590576171875,240.7897491455078,12.68267822265625,28.231475830078125
388,1,car,2,0.9240924119949341,508.73724365234375,313.012451171875,116.29104614257812,85.14205932617188
388,9,person,0,0.596274733543396,326.96453857421875,239.6685791015625,12.596832275390625,28.125717163085938
388,7,person,0,0.6143088340759277,381.66143798828125,242.8857421875,9.27587890625,30.68524169921875
388,2,person,0,0.6193521022796631,368.29180908203125,238.92486572265625,10.022857666015625,28.513717651367188
388,4,person,0,0.6253054738044739,315.2642822265625,240.832275390625,12.348052978515625,28.125473022460938
389,1,car,2,0.9242292642593384,508.71429443359375,313.0938720703125,116.3076171875,85.13058471679688
389,9,person,0,0.5565794110298157,325.92999267578125,238.69943237304688,12.03631591796875,28.396957397460938
389,7,person,0,0.648949921131134,381.59185791015625,242.7899627685547,9.37939453125,30.740997314453125
389,2,person,0,0.6376146674156189,368.80242919921875,238.9105987548828,9.585662841796875,27.939605712890625
389,4,person,0,0.5590018033981323,314.61834716796875,240.28375244140625,11.304901123046875,28.296859741210938
390,1,car,2,0.9241654276847839,508.72369384765625,313.0947265625,116.34201049804688,84.99160766601562
390,9,person,0,0.5466787815093994,324.6210021972656,238.53897094726562,9.93951416015625,28.509933471679688
390,7,person,0,0.6356673836708069,381.73968505859375,242.52041625976562,9.504486083984375,29.50146484375
390,2,person,0,0.6674440503120422,369.2242431640625,239.22702026367188,9.791534423828125,27.88763427734375
390,4,person,0,0.462151437997818,314.17205810546875,240.01451110839844,10.105316162109375,27.832183837890625
391,1,car,2,0.921842098236084,508.736572265625,313.06103515625,116.29922485351562,84.87313842773438
391,9,person,0,0.6076163649559021,324.119384765625,238.48292541503906,9.286102294921875,28.361724853515625
391,7,person,0,0.6171994805335999,382.16217041015625,242.43092346191406,9.687652587890625,30.679351806640625
391,2,person,0,0.6722524762153625,369.73468017578125,239.43951416015625,9.56640625,27.579620361328125
391,4,person,0,0.5002716779708862,313.96929931640625,239.77902221679688,9.814300537109375,27.982986450195312
392,1,car,2,0.9208357930183411,508.7393493652344,313.05657958984375,116.29925537109375,84.9530029296875
392,9,person,0,0.6493284702301025,323.79022216796875,238.77685546875,8.955718994140625,29.0421142578125
392,7,person,0,0.5043596029281616,382.65191650390625,241.06463623046875,9.80712890625,30.204330444335938
392,2,person,0,0.6909237504005432,370.060546875,239.30569458007812,9.745086669921875,28.210128784179688
392,4,person,0,0.5263325572013855,313.78369140625,239.61663818359375,9.894622802734375,27.864517211914062
393,1,car,2,0.9208552241325378,508.8067932128906,312.9615173339844,116.32330322265625,84.94476318359375
393,9,person,0,0.5998423099517822,323.32763671875,239.1564483642578,8.63507080078125,29.363250732421875
393,7,person,0,0.4813617169857025,383.1299743652344,240.3360595703125,9.20233154296875,28.270034790039062
393,2,person,0,0.7236946225166321,370.50714111328125,239.12649536132812,10.288726806640625,28.274490356445312
393,4,person,0,0.4482118785381317,313.3937683105469,239.573486328125,9.3299560546875,27.15423583984375
394,1,car,2,0.9213206768035889,508.8232116699219,312.90771484375,116.32928466796875,84.96340942382812
394,9,person,0,0.6872019171714783,322.7216796875,239.1066436767578,8.1949462890625,29.39862060546875
394,7,person,0,0.486455500125885,383.448974609375,239.8426513671875,8.903228759765625,27.124359130859375
394,2,person,0,0.6906800866127014,370.871826171875,239.31951904296875,10.37713623046875,27.758773803710938
394,4,person,0,0.6146693825721741,313.08135986328125,240.05606079101562,9.252197265625,27.14959716796875
395,1,car,2,0.9205434918403625,508.88916015625,312.8509216308594,116.42678833007812,84.96099853515625
395,9,person,0,0.6780139207839966,322.1011962890625,238.8362579345703,8.397674560546875,30.048675537109375
395,7,person,0,0.38882866501808167,384.19207763671875,239.87298583984375,9.34344482421875,26.698776245117188
395,2,person,0,0.7503503561019897,371.05218505859375,239.47930908203125,10.679931640625,27.315170288085938
395,4,person,0,0.6304571032524109,312.88787841796875,239.87457275390625,9.847259521484375,27.709136962890625
395,10,person,0,0.589992880821228,344.82672119140625,236.55465698242188,8.152496337890625,27.378921508789062
396,1,car,2,0.9223936200141907,508.84124755859375,312.896484375,116.420654296875,84.90399169921875
396,9,person,0,0.6599615812301636,321.7427062988281,238.7010498046875,8.614990234375,30.614334106445312
396,7,person,0,0.2721332609653473,384.63677978515625,240.59454345703125,9.428070068359375,25.981399536132812
396,2,person,0,0.7382363677024841,371.12689208984375,239.69134521484375,11.353302001953125,27.304306030273438
396,4,person,0,0.6375001072883606,312.8873291015625,239.81988525390625,10.121551513671875,28.525344848632812
396,10,person,0,0.6180040240287781,345.0479431152344,236.65811157226562,8.35723876953125,27.211654663085938
397,1,car,2,0.9212573170661926,508.67498779296875,313.0618896484375,116.35922241210938,84.93771362304688
397,9,person,0,0.6682338118553162,321.4482421875,238.4398193359375,8.666168212890625,30.936203002929688
397,7,person,0,0.4119860529899597,384.8642578125,240.51992797851562,9.5230712890625,27.041702270507812
397,2,person,0,0.6906126737594604,371.16326904296875,239.53814697265625,11.397491455078125,27.512680053710938
397,4,person,0,0.6169034838676453,312.79632568359375,240.09347534179688,10.158905029296875,28.301223754882812
397,10,person,0,0.6878811120986938,345.3767395019531,236.3959197998047,8.75006103515625,26.683990478515625
398,1,car,2,0.9208035469055176,508.8004150390625,312.9239501953125,116.35720825195312,84.87649536132812
398,9,person,0,0.6679197549819946,320.8898010253906,238.21592712402344,8.6748046875,31.188995361328125
398,7,person,0,0.2662758529186249,385.1459655761719,240.26123046875,8.8963623046875,26.855728149414062
398,2,person,0,0.5848416090011597,371.72637939453125,238.75497436523438,11.188201904296875,28.772048950195312
398,4,person,0,0.6392505168914795,312.3441162109375,240.18331909179688,9.692901611328125,27.44073486328125
398,10,person,0,0.7474944591522217,345.8240966796875,236.17144775390625,9.022918701171875,26.5291748046875
399,1,car,2,0.9161838889122009,508.740966796875,312.85052490234375,116.45407104492188,84.96771240234375
399,9,person,0,0.5035373568534851,320.5220947265625,238.16928100585938,8.782562255859375,31.177536010742188
399,7,person,0,0.19475668668746948,385.2933654785156,240.0120849609375,8.7449951171875,27.394256591796875
399,2,person,0,0.5897367000579834,372.05645751953125,238.76007080078125,11.770294189453125,29.176925659179688
399,4,person,0,0.6536890864372253,312.154052734375,240.154052734375,9.732025146484375,26.61236572265625
399,10,person,0,0.7451391220092773,346.34783935546875,236.04849243164062,9.399871826171875,26.17303466796875
400,1,car,2,0.9183501601219177,508.75372314453125,312.86846923828125,116.38796997070312,84.98126220703125
400,9,person,0,0.5365766286849976,319.50909423828125,238.37371826171875,9.99420166015625,30.689620971679688
400,2,person,0,0.4806444048881531,373.04302978515625,239.31480407714844,12.059722900390625,28.3131103515625
400,4,person,0,0.5565907955169678,311.90399169921875,240.05059814453125,9.6053466796875,26.082290649414062
400,10,person,0,0.6850315928459167,346.8018798828125,235.90655517578125,9.134429931640625,26.079605102539062
401,1,car,2,0.9177541732788086,508.6588134765625,312.92108154296875,116.48611450195312,84.8175048828125
401,9,person,0,0.639951229095459,318.92779541015625,238.73135375976562,10.5714111328125,30.223007202148438
401,2,person,0,0.6004002690315247,373.2005615234375,239.2124481201172,11.808319091796875,27.665130615234375
401,4,person,0,0.5554825663566589,311.69873046875,240.22891235351562,9.499237060546875,26.364166259765625
401,10,person,0,0.6108999252319336,347.3264465332031,236.36773681640625,9.51165771484375,26.966690063476562
402,1,car,2,0.9137066006660461,508.81134033203125,312.7762451171875,116.4461669921875,85.06436157226562
402,9,person,0,0.6335524320602417,318.6200256347656,239.01535034179688,11.30963134765625,30.001937866210938
402,2,person,0,0.5231186747550964,373.5904235839844,239.00311279296875,10.8638916015625,27.243331909179688
402,4,person,0,0.5639390349388123,311.736083984375,240.30728149414062,9.503204345703125,26.334182739257812
402,10,person,0,0.5058273673057556,347.85430908203125,236.44342041015625,9.018707275390625,27.296707153320312
403,1,car,2,0.9155018329620361,508.79998779296875,312.8372802734375,116.38223266601562,85.03131103515625
403,9,person,0,0.6888538599014282,318.32916259765625,239.00479125976562,11.738067626953125,30.226608276367188
403,2,person,0,0.4360958933830261,374.08740234375,239.57278442382812,9.717193603515625,25.0997314453125
403,4,person,0,0.4080924391746521,311.6404113769531,240.2083740234375,9.26806640625,26.867416381835938
403,10,person,0,0.5758724212646484,348.17718505859375,236.53482055664062,8.625335693359375,27.385269165039062
404,1,car,2,0.9151674509048462,508.78369140625,312.79669189453125,116.39724731445312,84.95510864257812
404,9,person,0,0.6863768100738525,318.099365234375,238.4461669921875,11.84930419921875,30.77337646484375
404,2,person,0,0.5320523977279663,375.6578369140625,239.6209259033203,10.993682861328125,24.417816162109375
404,4,person,0,0.4568346440792084,310.9136657714844,239.8560028076172,9.40814208984375,26.7857666015625
404,10,person,0,0.6654515862464905,348.4848937988281,236.7149658203125,8.77606201171875,27.72576904296875
405,1,car,2,0.9165245294570923,508.74224853515625,312.83642578125,116.36038208007812,84.80374145507812
405,9,person,0,0.6737077832221985,317.7202453613281,238.29641723632812,12.2183837890625,31.045745849609375
405,2,person,0,0.43131303787231445,376.4413146972656,239.806640625,11.21575927734375,25.023788452148438
405,4,person,0,0.5486944913864136,310.4903869628906,240.02804565429688,9.43170166015625,27.419448852539062
405,10,person,0,0.6300840973854065,348.6940002441406,236.82284545898438,8.3951416015625,27.637039184570312
406,1,car,2,0.9142946600914001,508.72021484375,312.79803466796875,116.39248657226562,84.80532836914062
406,9,person,0,0.6310040354728699,317.505126953125,238.23855590820312,12.47869873046875,31.112686157226562
406,2,person,0,0.6794101595878601,377.704833984375,240.36697387695312,12.261444091796875,25.298675537109375
406,4,person,0,0.5336431264877319,310.2437744140625,240.03805541992188,9.3189697265625,27.670883178710938
406,10,person,0,0.6521639823913574,349.02349853515625,236.54946899414062,8.526702880859375,27.638595581054688
407,1,car,2,0.918718159198761,508.7518005371094,312.89068603515625,116.43426513671875,84.6646728515625
407,9,person,0,0.5787555575370789,317.6300048828125,238.4183349609375,12.013763427734375,30.814651489257812
407,2,person,0,0.6996435523033142,378.1462707519531,240.70010375976562,12.26116943359375,25.30206298828125
407,4,person,0,0.4871436059474945,310.2604064941406,240.21307373046875,9.27801513671875,27.971908569335938
407,10,person,0,0.4523588716983795,349.41107177734375,236.58358764648438,7.501800537109375,27.214828491210938
408,1,car,2,0.9198276996612549,508.8907470703125,312.86083984375,116.59750366210938,84.58358764648438
408,9,person,0,0.5924941301345825,316.64617919921875,238.26856994628906,13.114776611328125,30.79205322265625
408,2,person,0,0.6612702012062073,378.52093505859375,240.82958984375,12.287200927734375,25.249099731445312
408,10,person,0,0.5054280757904053,350.263916015625,236.11810302734375,7.330078125,26.906524658203125
409,1,car,2,0.920778214931488,508.7911376953125,312.967529296875,116.50601196289062,84.52249145507812
409,9,person,0,0.655185341835022,314.9784240722656,238.8017578125,15.61053466796875,31.795730590820312
409,2,person,0,0.680113673210144,378.2953796386719,241.08834838867188,11.52520751953125,24.367050170898438
409,10,person,0,0.3128778338432312,350.76666259765625,236.16680908203125,7.046112060546875,27.311141967773438
410,1,car,2,0.9199383854866028,508.7191162109375,313.0021057128906,116.45370483398438,84.44696044921875
410,9,person,0,0.6190850138664246,314.56292724609375,238.93154907226562,15.352752685546875,31.254562377929688
410,2,person,0,0.7129218578338623,378.427978515625,241.05982971191406,10.904144287109375,24.982025146484375
411,1,car,2,0.9214664697647095,508.77154541015625,312.95379638671875,116.51425170898438,84.43475341796875
411,9,person,0,0.5588744282722473,314.9652404785156,238.04629516601562,13.086181640625,29.728256225585938
411,2,person,0,0.699096143245697,378.8443603515625,240.50137329101562,10.832550048828125,26.00408935546875
412,1,car,2,0.9221605658531189,508.800537109375,312.90399169921875,116.50125122070312,84.42764282226562
412,9,person,0,0.5696176886558533,314.3843994140625,238.45962524414062,13.43878173828125,30.161285400390625
412,2,person,0,0.6906843781471252,379.401123046875,240.18679809570312,11.3333740234375,26.650833129882812
413,1,car,2,0.9207369685173035,508.6583557128906,313.0198974609375,116.45013427734375,84.44793701171875
413,9,person,0,0.6857428550720215,313.25579833984375,239.2855682373047,13.95025634765625,31.390350341796875
413,2,person,0,0.6981863975524902,379.74578857421875,240.3466796875,12.305938720703125,26.959671020507812
414,1,car,2,0.9216751456260681,508.7120361328125,312.9732666015625,116.486083984375,84.49923706054688
414,9,person,0,0.6853901743888855,312.0996398925781,239.3114013671875,12.976806640625,31.736083984375
414,2,person,0,0.7305322885513306,380.62677001953125,240.1910400390625,13.6044921875,27.62286376953125
415,1,car,2,0.9216688871383667,508.706787109375,312.94512939453125,116.435546875,84.43563842773438
415,9,person,0,0.6937544941902161,311.5893249511719,239.32974243164062,12.69000244140625,31.817764282226562
415,2,person,0,0.6728367805480957,381.17840576171875,240.20468139648438,13.81219482421875,27.733673095703125
415,10,person,0,0.7084375619888306,353.4149475097656,237.00387573242188,7.95635986328125,29.222000122070312
416,1,car,2,0.9208629131317139,508.73138427734375,312.8905334472656,116.4840087890625,84.5001220703125
416,9,person,0,0.6987355351448059,311.191650390625,239.30039978027344,12.086883544921875,31.73748779296875
416,2,person,0,0.6509034037590027,381.68536376953125,239.9514923095703,13.3773193359375,28.128387451171875
416,10,person,0,0.6834646463394165,354.3014831542969,236.62733459472656,8.747314453125,28.941650390625
417,1,car,2,0.9204800128936768,508.6898498535156,312.9871826171875,116.45257568359375,84.57632446289062
417,9,person,0,0.6933113932609558,310.9649658203125,239.1922607421875,11.374420166015625,31.022048950195312
417,2,person,0,0.6361416578292847,381.79840087890625,240.16134643554688,13.100494384765625,28.348251342773438
417,10,person,0,0.6776860952377319,354.6430969238281,236.08660888671875,8.8734130859375,27.898696899414062
418,1,car,2,0.9212073683738708,508.7340087890625,312.985595703125,116.475341796875,84.52816772460938
418,9,person,0,0.6723718643188477,310.7923889160156,239.24945068359375,10.943359375,31.009674072265625
418,2,person,0,0.6780996322631836,381.7686767578125,240.01571655273438,13.377777099609375,28.764328002929688
418,10,person,0,0.6721547842025757,355.1949462890625,235.90487670898438,9.36700439453125,27.845230102539062
419,1,car,2,0.9193867444992065,508.751953125,312.9676513671875,116.4495849609375,84.58547973632812
419,9,person,0,0.7080566883087158,310.64447021484375,238.99038696289062,10.724365234375,30.673202514648438
419,2,person,0,0.6511157155036926,382.22589111328125,240.0133819580078,12.527191162109375,28.756103515625
419,10,person,0,0.6624657511711121,355.503662109375,235.85134887695312,9.184417724609375,27.468475341796875
420,1,car,2,0.9186992645263672,508.7383728027344,312.918212890625,116.42449951171875,84.67410278320312
420,9,person,0,0.731516420841217,310.53277587890625,238.93780517578125,10.39141845703125,30.923751831054688
420,2,person,0,0.6447345018386841,383.08087158203125,239.90243530273438,10.451873779296875,28.341812133789062
420,10,person,0,0.4452863931655884,355.705078125,235.77113342285156,9.189605712890625,27.607391357421875
421,1,car,2,0.9184697270393372,508.6881103515625,312.9390869140625,116.37045288085938,84.71517944335938
421,9,person,0,0.7157332301139832,310.42279052734375,239.30718994140625,10.87652587890625,31.577682495117188
421,2,person,0,0.5849884152412415,383.4253845214844,239.6959686279297,9.8468017578125,28.11572265625
421,10,person,0,0.22894452512264252,355.62127685546875,235.93521118164062,8.739654541015625,27.428909301757812
422,1,car,2,0.9182702302932739,508.7049865722656,312.91522216796875,116.34234619140625,84.67779541015625
422,9,person,0,0.7244614958763123,309.9755554199219,239.31741333007812,10.63702392578125,31.547927856445312
422,2,person,0,0.44154176115989685,383.4762268066406,239.71243286132812,10.21502685546875,28.278457641601562
422,10,person,0,0.21975313127040863,355.8924560546875,236.23672485351562,8.347991943359375,27.511886596679688
423,1,car,2,0.918148398399353,508.72119140625,312.86920166015625,116.36380004882812,84.66058349609375
423,9,person,0,0.6970576047897339,309.6756591796875,239.17108154296875,10.52166748046875,31.8292236328125
423,2,person,0,0.3647814393043518,383.3223876953125,239.90313720703125,10.026702880859375,27.56060791015625
423,10,person,0,0.5607643127441406,356.36358642578125,236.295654296875,8.491485595703125,27.729843139648438
423,7,person,0,0.5674828886985779,391.7950439453125,238.26014709472656,10.256256103515625,30.90911865234375
424,1,car,2,0.9168093800544739,508.67388916015625,312.8257141113281,116.341796875,84.80401611328125
424,9,person,0,0.6962726712226868,309.2124328613281,239.12039184570312,10.76422119140625,32.06742858886719
424,2,person,0,0.30591559410095215,383.53094482421875,239.97686767578125,9.7470703125,27.2017822265625
424,10,person,0,0.359453409910202,356.7999267578125,236.2271728515625,7.894439697265625,27.593338012695312
424,11,person,0,0.6284321546554565,374.35009765625,241.41146850585938,8.8262939453125,24.03277587890625
424,7,person,0,0.5775560736656189,392.1007995605469,238.21327209472656,10.9248046875,31.687774658203125
425,1,car,2,0.9173346757888794,508.7442626953125,312.783203125,116.38870239257812,84.83724975585938
425,9,person,0,0.5935232043266296,308.8736572265625,239.1295166015625,10.592803955078125,32.33900451660156
425,2,person,0,0.2086225152015686,384.358154296875,239.72012329101562,8.891815185546875,28.167343139648438
425,10,person,0,0.3410314917564392,357.2648620605469,236.22802734375,7.4295654296875,27.024932861328125
425,11,person,0,0.6236336827278137,374.0235595703125,241.5797119140625,8.935577392578125,23.964187622070312
425,7,person,0,0.5513706207275391,392.3517761230469,238.21633911132812,10.937255859375,31.845291137695312
426,1,car,2,0.9172322154045105,508.7008056640625,312.83587646484375,116.2911376953125,84.7589111328125
426,9,person,0,0.6104414463043213,308.4229736328125,239.2972412109375,10.994140625,32.2493896484375
426,2,person,0,0.35172444581985474,384.65594482421875,239.64468383789062,8.675140380859375,28.186599731445312
426,11,person,0,0.6380265355110168,373.8243408203125,241.60464477539062,8.82269287109375,23.713516235351562
426,7,person,0,0.5840054154396057,392.476318359375,238.3437042236328,10.779571533203125,31.787628173828125
427,1,car,2,0.9147452116012573,508.6920166015625,312.80792236328125,116.25717163085938,84.61602783203125
427,9,person,0,0.6314593553543091,308.0693054199219,239.7679901123047,10.86962890625,32.494659423828125
427,2,person,0,0.22317247092723846,384.9895935058594,239.24005126953125,8.3582763671875,29.400466918945312
427,11,person,0,0.6901666522026062,373.56732177734375,241.629638671875,9.004058837890625,23.630783081054688
427,7,person,0,0.5859898924827576,392.42352294921875,238.15496826171875,11.445831298828125,32.91925048828125
428,1,car,2,0.9154162406921387,508.74359130859375,312.8424377441406,116.2777099609375,84.65045166015625
428,9,person,0,0.6929357051849365,307.4031982421875,239.9356689453125,11.539276123046875,32.751708984375
428,2,person,0,0.3324853181838989,385.4105529785156,239.2152099609375,7.95660400390625,29.122528076171875
428,11,person,0,0.5947482585906982,373.03753662109375,241.58346557617188,8.339752197265625,23.596755981445312
428,7,person,0,0.5550216436386108,392.3878173828125,237.98153686523438,11.47552490234375,33.43464660644531
429,1,car,2,0.9165539741516113,508.70257568359375,312.96527099609375,116.24520874023438,84.63290405273438
429,9,person,0,0.7150607705116272,307.434326171875,240.03350830078125,11.136138916015625,32.92918395996094
429,2,person,0,0.2947869300842285,385.6644287109375,238.8421630859375,7.714263916015625,29.373245239257812
429,11,person,0,0.6491681933403015,372.6504211425781,241.40333557128906,7.7415771484375,24.262176513671875
429,7,person,0,0.5773320198059082,392.4010009765625,237.78982543945312,11.93389892578125,33.75929260253906
430,1,car,2,0.9168668389320374,508.7599792480469,312.96197509765625,116.30474853515625,84.67373657226562
430,9,person,0,0.6882314682006836,307.1983642578125,240.003662109375,11.254241943359375,33.06854248046875
430,2,person,0,0.307185560464859,385.75848388671875,238.2109375,7.6768798828125,29.500564575195312
430,11,person,0,0.645160973072052,372.496826171875,241.03729248046875,7.723724365234375,24.827041625976562
430,7,person,0,0.5849798321723938,392.2382507324219,237.58265686035156,12.45831298828125,34.043701171875
431,1,car,2,0.9174473285675049,508.742431640625,312.9460754394531,116.28646850585938,84.6754150390625
431,9,person,0,0.6952202320098877,307.1456298828125,239.90097045898438,11.15338134765625,33.38874816894531
431,2,person,0,0.3838946521282196,386.131103515625,238.05545043945312,7.969940185546875,29.013565063476562
431,11,person,0,0.6349455118179321,372.0701904296875,240.8215789794922,7.360321044921875,24.8021240234375
431,7,person,0,0.4603213965892792,392.2781982421875,237.59698486328125,12.217498779296875,34.20555114746094
432,1,car,2,0.9166735410690308,508.7594909667969,312.89642333984375,116.34625244140625,84.69149780273438
432,9,person,0,0.7148930430412292,307.1168212890625,239.90139770507812,11.0997314453125,33.44606018066406
432,2,person,0,0.49936196208000183,386.5721435546875,237.52621459960938,8.120635986328125,27.430923461914062
432,11,person,0,0.5486205816268921,371.72723388671875,240.9021759033203,7.098114013671875,25.30218505859375
432,7,person,0,0.4188399314880371,392.3603515625,237.50408935546875,11.889129638671875,34.338134765625
433,1,car,2,0.9158982634544373,508.7672119140625,312.9087829589844,116.28750610351562,84.4552001953125
433,9,person,0,0.7508155107498169,307.0372314453125,239.8607177734375,11.058074951171875,33.56340026855469
433,2,person,0,0.4820895493030548,387.09619140625,238.06005859375,8.486083984375,29.503311157226562
433,11,person,0,0.5485363006591797,371.2625427246094,241.1416015625,7.15673828125,24.84588623046875
433,7,person,0,0.4150003492832184,391.8047180175781,237.45960998535156,13.35296630859375,34.41400146484375
434,1,car,2,0.9162441492080688,508.7222900390625,312.8555603027344,116.28726196289062,84.2816162109375
434,9,person,0,0.7405695915222168,307.0511474609375,239.83322143554688,10.880767822265625,33.55195617675781
434,2,person,0,0.48957687616348267,387.5407409667969,238.27203369140625,8.5992431640625,30.261520385742188
434,11,person,0,0.5279204845428467,370.6707763671875,241.58651733398438,7.7010498046875,24.468246459960938
434,7,person,0,0.41004639863967896,392.0144958496094,237.82736206054688,13.48040771484375,33.9991455078125
435,1,car,2,0.9114178419113159,508.73968505859375,312.73162841796875,116.19613647460938,84.28225708007812
435,9,person,0,0.7444776892662048,306.8643798828125,239.88363647460938,10.525115966796875,33.34672546386719
435,2,person,0,0.5110934972763062,387.8653564453125,238.34426879882812,8.998748779296875,31.135330200195312
435,11,person,0,0.4911515414714813,370.085205078125,242.23780822753906,8.729461669921875,23.496612548828125
435,7,person,0,0.3134410083293915,392.32476806640625,237.6671600341797,12.68768310546875,34.196990966796875
436,1,car,2,0.914912760257721,508.7152099609375,312.8171081542969,116.1295166015625,84.44171142578125
436,9,person,0,0.7578182220458984,306.53765869140625,239.98899841308594,10.474578857421875,33.226715087890625
436,2,person,0,0.5318785905838013,388.2079162597656,238.0142822265625,9.3218994140625,31.562271118164062
436,11,person,0,0.2529635429382324,369.38690185546875,243.56637573242188,9.340545654296875,21.031265258789062
436,10,person,0,0.5957105755805969,363.1703186035156,235.99359130859375,9.74755859375,25.461685180664062
437,1,car,2,0.91545170545578,508.736572265625,312.8944091796875,116.16775512695312,84.53182983398438
437,9,person,0,0.7698565721511841,306.34967041015625,240.0048370361328,10.437103271484375,33.145172119140625
437,2,person,0,0.61208575963974,388.3453369140625,237.86544799804688,9.710479736328125,31.896942138671875
437,11,bicycle,1,0.22541478276252747,369.11346435546875,244.58148193359375,9.6055908203125,19.173690795898438
437,10,person,0,0.5528822541236877,363.4688720703125,236.24691772460938,9.079010009765625,25.721511840820312
438,1,car,2,0.9143432378768921,508.767333984375,312.90386962890625,116.27279663085938,84.68374633789062
438,9,person,0,0.7819636464118958,306.14141845703125,239.84864807128906,10.649749755859375,32.910003662109375
438,2,person,0,0.5922170877456665,389.68475341796875,237.2322998046875,12.000091552734375,31.726364135742188
438,11,bicycle,1,0.3096773624420166,369.2950439453125,244.87620544433594,9.076416015625,18.29736328125
438,10,person,0,0.5644243955612183,363.6585693359375,236.402587890625,8.556854248046875,26.90582275390625
439,1,car,2,0.9140977263450623,508.7418212890625,312.9606628417969,116.31100463867188,84.6888427734375
439,9,person,0,0.7803202271461487,305.8728942871094,239.72830200195312,10.9508056640625,32.75752258300781
439,2,person,0,0.6171008348464966,390.708740234375,237.2538299560547,13.798370361328125,32.386444091796875
439,11,bicycle,1,0.16140837967395782,368.5692138671875,246.7311553955078,10.074676513671875,14.58465576171875
439,10,person,0,0.5690730810165405,363.63140869140625,236.74468994140625,7.834442138671875,27.26416015625
440,1,car,2,0.9115036129951477,508.72369384765625,312.9416809082031,116.330322265625,85.0186767578125
440,9,person,0,0.7631605267524719,305.6615295410156,239.64144897460938,11.43963623046875,32.69549560546875
440,2,person,0,0.6066133975982666,390.9576110839844,237.18875122070312,13.7830810546875,32.00706481933594
441,1,car,2,0.9097704887390137,508.7127685546875,312.8000793457031,116.3251953125,84.85748291015625
441,9,person,0,0.7345449924468994,305.4228515625,239.31832885742188,11.56591796875,31.945724487304688
441,2,person,0,0.6062407493591309,391.01751708984375,237.21775817871094,13.451507568359375,31.98834228515625
441,10,person,0,0.5643772482872009,366.0539855957031,237.48794555664062,10.7415771484375,28.793014526367188
442,1,car,2,0.9068681001663208,508.6793212890625,312.9986572265625,116.33822631835938,85.50042724609375
442,9,person,0,0.7233958840370178,305.225830078125,239.40725708007812,11.800811767578125,31.970413208007812
442,2,person,0,0.6588084697723389,391.6007080078125,237.32901000976562,13.826690673828125,32.797393798828125
442,10,person,0,0.6128668785095215,366.7501220703125,237.28810119628906,11.274078369140625,29.8583984375
443,1,car,2,0.9150881767272949,508.6859130859375,312.84197998046875,116.44241333007812,84.885009765625
443,9,person,0,0.7236147522926331,305.14288330078125,239.34158325195312,11.917572021484375,31.956466674804688
443,2,person,0,0.6527677178382874,391.82550048828125,237.52716064453125,13.8934326171875,33.128631591796875
443,10,person,0,0.5986655950546265,367.1829833984375,237.30691528320312,11.7310791015625,30.8623046875
444,1,car,2,0.9155051708221436,508.700439453125,312.70166015625,116.49612426757812,84.4410400390625
444,9,person,0,0.7195129990577698,305.12646484375,239.33172607421875,11.92657470703125,31.987716674804688
444,2,person,0,0.6400092244148254,391.8388671875,237.41461181640625,13.719146728515625,34.01792907714844
444,10,person,0,0.6196938157081604,367.385009765625,237.78567504882812,11.65533447265625,30.455337524414062
445,1,car,2,0.9153337478637695,508.68988037109375,312.6544494628906,116.54464721679688,84.26068115234375
445,9,person,0,0.7107871174812317,305.13958740234375,239.35076904296875,12.01971435546875,31.95794677734375
445,2,person,0,0.6080836653709412,392.0772705078125,237.6116943359375,13.571075439453125,33.86018371582031
445,10,person,0,0.5435802936553955,367.48565673828125,237.59100341796875,10.992156982421875,30.86505126953125
446,1,car,2,0.9159857034683228,508.6842041015625,312.7701416015625,116.4862060546875,84.52590942382812
446,9,person,0,0.661825954914093,305.01983642578125,239.29190063476562,12.097625732421875,32.06230163574219
446,2,person,0,0.5841931104660034,392.2296142578125,237.70831298828125,13.382659912109375,33.95735168457031
446,10,person,0,0.5357666611671448,367.466796875,237.56430053710938,10.524078369140625,31.074508666992188
447,1,car,2,0.9137560725212097,508.64874267578125,312.86602783203125,116.4388427734375,84.85162353515625
447,9,person,0,0.6198160648345947,304.61578369140625,239.13246154785156,12.30609130859375,31.920745849609375
447,2,person,0,0.5586534142494202,392.30780029296875,237.81094360351562,12.839569091796875,33.95140075683594
447,10,person,0,0.4733947515487671,367.32568359375,238.03607177734375,9.904876708984375,29.961196899414062
448,1,car,2,0.9161711931228638,508.6168212890625,312.88201904296875,116.4361572265625,84.79898071289062
448,9,person,0,0.5740228295326233,304.57861328125,238.90133666992188,12.493560791015625,31.057754516601562
448,2,person,0,0.582947850227356,392.3309020996094,237.92947387695312,12.34393310546875,33.34645080566406
448,10,person,0,0.519224226474762,366.81292724609375,238.58004760742188,9.353179931640625,28.691604614257812
449,1,car,2,0.9142317175865173,508.57177734375,312.8280944824219,116.40164184570312,84.67877197265625
449,9,person,0,0.5571072697639465,304.0025634765625,239.05593872070312,12.05499267578125,32.01625061035156
449,2,person,0,0.5183194875717163,392.4487609863281,238.11270141601562,12.0548095703125,33.14759826660156
449,10,person,0,0.5981020331382751,366.40594482421875,238.6975555419922,9.16796875,28.040130615234375
450,1,car,2,0.9159203171730042,508.57952880859375,312.6897888183594,116.42477416992188,84.38690185546875
450,9,person,0,0.5731660723686218,303.6739501953125,239.33204650878906,12.037628173828125,32.615753173828125
450,2,person,0,0.2666966915130615,392.8299560546875,237.96240234375,11.400360107421875,33.6717529296875
450,10,person,0,0.6795860528945923,365.8012390136719,238.87217712402344,8.8568115234375,28.096649169921875
451,1,car,2,0.9159625768661499,508.68359375,312.6229248046875,116.5103759765625,84.4571533203125
451,9,person,0,0.6065146327018738,303.5487976074219,239.48947143554688,12.56622314453125,33.330810546875
451,2,person,0,0.4192470908164978,392.85479736328125,237.84381103515625,11.36614990234375,33.72474670410156
451,10,person,0,0.6354882121086121,365.03460693359375,239.18228149414062,8.57586669921875,27.523269653320312
452,1,car,2,0.9182876348495483,508.6923828125,312.68841552734375,116.51016235351562,84.49685668945312
452,9,person,0,0.6362484693527222,303.3009033203125,239.56338500976562,12.509185791015625,33.58924865722656
452,2,person,0,0.5494680404663086,392.7467041015625,238.11680603027344,11.2384033203125,32.598785400390625
452,10,person,0,0.5206682085990906,364.4336242675781,239.88839721679688,8.05645751953125,26.301925659179688
453,1,car,2,0.9192241430282593,508.66400146484375,312.8730163574219,116.43685913085938,84.7728271484375
453,9,person,0,0.6924248933792114,302.8414306640625,239.7455291748047,11.911041259765625,33.694488525390625
453,2,person,0,0.5784674882888794,392.71966552734375,238.20556640625,11.445831298828125,31.659103393554688
453,10,person,0,0.531136691570282,363.9208984375,239.998779296875,7.57501220703125,25.576004028320312
454,1,car,2,0.9184718132019043,508.6625671386719,312.84234619140625,116.37811279296875,84.77957153320312
454,9,person,0,0.7181006073951721,302.625244140625,239.85891723632812,11.50531005859375,33.72019958496094
454,2,person,0,0.3560284972190857,392.16412353515625,238.90933227539062,10.430816650390625,29.633224487304688
454,10,person,0,0.5774190425872803,363.4331359863281,239.8145751953125,7.47857666015625,24.855880737304688
455,1,car,2,0.9162534475326538,508.687255859375,312.774658203125,116.34164428710938,84.81698608398438
455,9,person,0,0.7410564422607422,302.5810241699219,239.84518432617188,11.53887939453125,33.96000671386719
455,2,person,0,0.34094932675361633,392.01348876953125,238.76824951171875,10.482635498046875,30.268096923828125
455,10,person,0,0.6681598424911499,363.2972412109375,239.80560302734375,7.802337646484375,25.371688842773438
456,1,car,2,0.9183486700057983,508.71710205078125,312.70660400390625,116.354736328125,84.72366333007812
456,9,person,0,0.7382281422615051,302.57745361328125,239.90249633789062,11.65447998046875,33.67558288574219
456,2,person,0,0.46020108461380005,392.57879638671875,238.17510986328125,12.05615234375,31.893386840820312
456,10,person,0,0.6899014711380005,363.0360107421875,239.7382049560547,8.770050048828125,25.6204833984375
457,1,car,2,0.9156544208526611,508.7685546875,312.62451171875,116.41162109375,84.78628540039062
457,9,person,0,0.7212505340576172,302.55902099609375,239.8447265625,11.591094970703125,33.77397155761719
457,2,person,0,0.5250406265258789,393.0091552734375,237.87103271484375,12.25811767578125,31.961410522460938
457,10,person,0,0.6638658046722412,362.83087158203125,239.998046875,9.136627197265625,25.369216918945312
458,1,car,2,0.9188508987426758,508.6721496582031,312.94354248046875,116.40350341796875,85.16793823242188
458,9,person,0,0.7356343865394592,302.4815673828125,239.7759246826172,11.465911865234375,33.999603271484375
458,2,person,0,0.46158239245414734,393.6776123046875,237.87646484375,11.667449951171875,30.700607299804688
458,10,person,0,0.61960768699646,362.4833984375,240.31332397460938,10.312164306640625,25.877273559570312
459,1,car,2,0.9168311357498169,508.6828918457031,313.00823974609375,116.56390380859375,85.34506225585938
459,9,person,0,0.757104218006134,302.4217529296875,239.7209930419922,11.350738525390625,34.029144287109375
459,2,person,0,0.5313575863838196,395.0323486328125,237.41915893554688,9.93304443359375,29.00634765625
459,10,person,0,0.6610592603683472,362.2576599121094,240.27886962890625,10.67742919921875,25.674667358398438
460,1,car,2,0.9175982475280762,508.7366027832031,313.02056884765625,116.61334228515625,85.43649291992188
460,9,person,0,0.750135600566864,302.40521240234375,239.652587890625,11.305633544921875,34.07804870605469
460,2,person,0,0.5356900691986084,395.52783203125,237.1136932373047,9.80133056640625,28.754974365234375
460,10,person,0,0.6749535202980042,361.5548095703125,239.971435546875,10.122222900390625,25.55010986328125
461,1,car,2,0.9186391830444336,508.6766662597656,313.1204528808594,116.53643798828125,85.4735107421875
461,9,person,0,0.7251130938529968,302.4951171875,239.59832763671875,11.230255126953125,34.19142150878906
461,2,person,0,0.5942797660827637,395.58892822265625,237.10003662109375,10.499725341796875,28.84454345703125
461,10,person,0,0.6663699746131897,361.2510986328125,240.08778381347656,10.63250732421875,25.9207763671875
462,1,car,2,0.9161545634269714,508.7809753417969,312.972412109375,116.62237548828125,85.59011840820312
462,9,person,0,0.6141870021820068,302.1585388183594,239.249755859375,10.384521484375,34.18052673339844
462,2,person,0,0.6355916261672974,395.4768371582031,236.7574920654297,10.63116455078125,29.1439208984375
462,10,person,0,0.6132815480232239,360.565673828125,239.92015075683594,9.900299072265625,25.47113037109375
463,1,car,2,0.9165725111961365,508.73236083984375,312.97930908203125,116.56118774414062,85.54458618164062
463,9,person,0,0.6084491610527039,301.8984375,239.06202697753906,9.712249755859375,33.6070556640625
463,2,person,0,0.643850564956665,395.2706298828125,236.75555419921875,10.606201171875,28.89739990234375
463,10,person,0,0.5483709573745728,360.05950927734375,240.2009735107422,9.535247802734375,25.81939697265625
464,1,car,2,0.9169819951057434,508.7657470703125,312.956298828125,116.57156372070312,85.42523193359375
464,9,person,0,0.5500204563140869,301.75079345703125,238.9339599609375,9.28131103515625,32.9522705078125
464,2,person,0,0.6632015109062195,395.2028503417969,236.70339965820312,10.96697998046875,29.116958618164062
464,10,person,0,0.6889030337333679,359.45794677734375,239.88265991210938,9.805755615234375,26.35516357421875
465,1,car,2,0.9166558980941772,508.8248596191406,312.9144287109375,116.61212158203125,85.31243896484375
465,9,person,0,0.5359469056129456,301.5596923828125,238.60861206054688,8.45294189453125,32.053192138671875
465,2,person,0,0.6527100205421448,395.17559814453125,237.19778442382812,11.001220703125,29.618362426757812
465,10,person,0,0.6436724066734314,358.97418212890625,239.68919372558594,9.455352783203125,26.045989990234375
466,1,car,2,0.9177554845809937,508.8271789550781,312.876953125,116.62091064453125,85.28152465820312
466,9,person,0,0.5215630531311035,301.52886962890625,238.5540008544922,8.0611572265625,32.04339599609375
466,2,person,0,0.6623241901397705,395.1529541015625,237.37152099609375,10.88775634765625,29.275802612304688
466,10,person,0,0.6311017870903015,358.3758544921875,239.5413818359375,8.651580810546875,25.686904907226562
467,1,car,2,0.9202970862388611,508.69793701171875,313.0857849121094,116.59521484375,85.25469970703125
467,9,person,0,0.5374791026115417,301.56243896484375,238.52296447753906,8.22845458984375,32.444915771484375
467,2,person,0,0.6789975166320801,395.5863342285156,237.44338989257812,11.60638427734375,28.244964599609375
467,10,person,0,0.6888262629508972,357.70587158203125,239.58729553222656,8.1702880859375,25.432708740234375
468,1,car,2,0.9190719723701477,508.794921875,313.0088195800781,116.66183471679688,85.24444580078125
468,9,person,0,0.6054999828338623,301.65374755859375,238.51380920410156,8.469085693359375,32.50714111328125
468,2,person,0,0.6761924028396606,395.6126708984375,237.39230346679688,11.418670654296875,28.077239990234375
468,10,person,0,0.7226967811584473,357.31024169921875,239.68084716796875,7.63433837890625,25.706619262695312
469,1,car,2,0.9192786812782288,508.78033447265625,313.0209655761719,116.65292358398438,85.21942138671875
469,9,person,0,0.6142382621765137,301.56512451171875,238.69525146484375,8.18798828125,32.47019958496094
469,2,person,0,0.6858853101730347,395.6773681640625,237.5892333984375,10.891326904296875,27.835891723632812
469,10,person,0,0.7303980588912964,356.751220703125,239.68862915039062,7.861968994140625,25.853729248046875
470,1,car,2,0.918899416923523,508.7786865234375,312.92401123046875,116.7335205078125,84.94015502929688
470,9,person,0,0.6476665139198303,301.56231689453125,238.76153564453125,8.30535888671875,32.40971374511719
470,2,person,0,0.7092722654342651,395.72119140625,237.89834594726562,10.919677734375,27.44720458984375
470,10,person,0,0.6878153085708618,356.07647705078125,239.94000244140625,7.820770263671875,26.241989135742188
471,1,car,2,0.9190080165863037,508.7890930175781,312.99267578125,116.61175537109375,85.13662719726562
471,9,person,0,0.6975528001785278,301.79754638671875,238.9356231689453,8.962493896484375,32.585906982421875
471,2,person,0,0.7139160633087158,395.9842834472656,237.83969116210938,11.2547607421875,27.546096801757812
471,10,person,0,0.6704506874084473,355.78680419921875,239.99380493164062,8.125946044921875,26.7432861328125
472,1,car,2,0.9186416268348694,508.76824951171875,313.040771484375,116.541748046875,85.17922973632812
472,9,person,0,0.6867061853408813,301.9871826171875,238.9111785888672,9.250701904296875,32.866943359375
472,2,person,0,0.7231313586235046,396.12603759765625,237.56858825683594,10.778289794921875,27.99615478515625
472,10,person,0,0.6834198832511902,355.50421142578125,239.94692993164062,8.212310791015625,26.740341186523438
473,1,car,2,0.9177654981613159,508.8077392578125,312.92071533203125,116.6612548828125,84.9605712890625
473,9,person,0,0.6613733172416687,302.12646484375,239.11695861816406,9.408966064453125,33.0076904296875
473,2,person,0,0.723895251750946,396.17315673828125,237.32080078125,10.514068603515625,28.353988647460938
473,10,person,0,0.6803462505340576,355.153076171875,239.6559600830078,8.527313232421875,26.52587890625
474,1,car,2,0.9179606437683105,508.8666076660156,312.8785095214844,116.62298583984375,85.14886474609375
474,9,person,0,0.6949561238288879,302.24468994140625,239.2679443359375,9.6016845703125,32.9736328125
474,2,person,0,0.7327831387519836,396.2821350097656,237.23294067382812,10.480224609375,28.295822143554688
474,10,person,0,0.6871362924575806,354.79852294921875,239.61024475097656,8.6402587890625,26.761138916015625
475,1,car,2,0.9170595407485962,508.7786865234375,312.83087158203125,116.5064697265625,84.96142578125
475,9,person,0,0.700110673904419,302.44024658203125,239.52078247070312,9.822509765625,33.33045959472656
475,2,person,0,0.7312831282615662,396.39739990234375,237.39630126953125,10.55499267578125,27.595199584960938
475,10,person,0,0.7002050280570984,354.20257568359375,239.5312042236328,9.146331787109375,26.2579345703125
476,1,car,2,0.9176018834114075,508.6857604980469,312.8467712402344,116.58111572265625,84.89556884765625
476,9,person,0,0.706071138381958,302.4626159667969,239.75735473632812,9.6510009765625,33.47859191894531
476,2,person,0,0.7339805960655212,396.2760009765625,237.33981323242188,10.527984619140625,27.496734619140625
476,10,person,0,0.6835891008377075,353.8651123046875,239.32408142089844,9.552978515625,25.43603515625
477,1,car,2,0.9171891212463379,508.659423828125,312.8406066894531,116.586181640625,84.86810302734375
477,9,person,0,0.691702127456665,302.61859130859375,239.73397827148438,9.765594482421875,33.92723083496094
477,2,person,0,0.7351231575012207,396.0705261230469,237.32412719726562,10.84466552734375,27.589141845703125
477,10,person,0,0.6881803274154663,353.6319580078125,239.33914184570312,10.094085693359375,25.61505126953125
478,1,car,2,0.9194255471229553,508.67889404296875,312.866455078125,116.58401489257812,84.91946411132812
478,9,person,0,0.503551185131073,302.5357666015625,241.18966674804688,9.52587890625,31.074081420898438
478,2,person,0,0.740774393081665,396.06878662109375,237.04815673828125,10.919036865234375,28.185638427734375
478,10,person,0,0.7009168267250061,353.3077392578125,239.435302734375,10.569183349609375,25.856170654296875
479,1,car,2,0.9175608158111572,508.58746337890625,312.94818115234375,116.5081787109375,84.8756103515625
479,9,person,0,0.5854002237319946,302.63690185546875,240.22523498535156,9.73724365234375,33.262542724609375
479,2,person,0,0.7387263178825378,395.9732360839844,237.04981994628906,10.69268798828125,28.213653564453125
479,10,person,0,0.7039051651954651,352.91217041015625,239.6953125,10.984283447265625,26.410324096679688
480,1,car,2,0.919096827507019,508.7569274902344,312.75201416015625,116.60638427734375,84.61236572265625
480,9,person,0,0.6191502213478088,302.8775634765625,239.81558227539062,10.136138916015625,33.88301086425781
480,2,person,0,0.7255252003669739,395.9495849609375,236.90768432617188,10.6751708984375,28.235214233398438
480,10,person,0,0.7031099200248718,352.5902099609375,239.83294677734375,11.33502197265625,26.723190307617188
481,1,car,2,0.9186527729034424,508.80657958984375,312.6959228515625,116.69039916992188,84.45596313476562
481,9,person,0,0.6307284832000732,303.18707275390625,239.76123046875,10.170989990234375,33.95268249511719
481,2,person,0,0.7243271470069885,395.89544677734375,237.10772705078125,10.9349365234375,28.057083129882812
481,10,person,0,0.7028288841247559,352.0809631347656,239.84506225585938,11.52069091796875,27.010971069335938
482,1,car,2,0.919224739074707,508.8851318359375,312.6729431152344,116.66128540039062,84.41009521484375
482,9,person,0,0.6291377544403076,303.34429931640625,239.5169677734375,9.975738525390625,34.31782531738281
482,2,person,0,0.7159426808357239,395.81231689453125,237.444580078125,11.191375732421875,27.529373168945312
482,10,person,0,0.7067540287971497,351.690185546875,239.86993408203125,10.89599609375,26.771957397460938
483,1,car,2,0.9171679615974426,508.80657958984375,312.6759033203125,116.59213256835938,84.49822998046875
483,9,person,0,0.6161852478981018,303.52484130859375,239.56405639648438,10.1734619140625,34.14085388183594
483,2,person,0,0.7084440588951111,395.80712890625,237.52481079101562,11.243011474609375,27.561141967773438
483,10,person,0,0.7165338397026062,351.1556701660156,239.70556640625,10.726318359375,26.765167236328125
484,1,car,2,0.9175323247909546,508.8411865234375,312.51129150390625,116.67507934570312,84.19296264648438
484,9,person,0,0.5359230041503906,303.66558837890625,239.29336547851562,10.3253173828125,34.228515625
484,2,person,0,0.69766765832901,395.9105529785156,237.52867126464844,11.09783935546875,26.99615478515625
484,10,person,0,0.715518593788147,350.31243896484375,239.59933471679688,9.802581787109375,26.645401000976562
485,1,car,2,0.919548511505127,508.63232421875,312.60662841796875,116.65371704101562,84.0958251953125
485,9,person,0,0.4100540280342102,303.8865661621094,239.31007385253906,10.17974853515625,33.425872802734375
485,2,person,0,0.68538498878479,395.89337158203125,237.76971435546875,10.77001953125,26.135726928710938
485,10,person,0,0.7084229588508606,349.4033203125,239.7657470703125,8.469696044921875,26.627471923828125
486,1,car,2,0.9190842509269714,508.581787109375,312.7529296875,116.54122924804688,84.34854125976562
486,9,person,0,0.6080480217933655,304.59246826171875,239.34146118164062,9.216094970703125,32.786163330078125
486,2,person,0,0.6900181770324707,395.98651123046875,237.631103515625,10.344757080078125,25.901458740234375
486,10,person,0,0.7133567333221436,348.7506103515625,239.71246337890625,8.097869873046875,26.570449829101562
487,1,car,2,0.9180904626846313,508.59637451171875,312.7841796875,116.536865234375,84.48358154296875
487,9,person,0,0.5692309737205505,305.0152587890625,239.36904907226562,8.923004150390625,32.57954406738281
487,2,person,0,0.6999983191490173,396.04254150390625,237.7880859375,10.588714599609375,26.207901000976562
487,10,person,0,0.6896566152572632,348.1607666015625,239.7513427734375,7.389068603515625,26.6807861328125
488,1,car,2,0.9168034195899963,508.6260986328125,312.760009765625,116.57711791992188,84.57260131835938
488,9,person,0,0.6207172870635986,305.3836669921875,239.42373657226562,8.8824462890625,32.91529846191406
488,2,person,0,0.6856035590171814,396.0240478515625,237.70875549316406,10.381683349609375,25.80181884765625
488,10,person,0,0.708346962928772,347.6043701171875,239.94949340820312,7.325408935546875,26.9573974609375
489,1,car,2,0.9176496267318726,508.688232421875,312.7369384765625,116.51846313476562,84.59579467773438
489,9,person,0,0.47289469838142395,305.681396484375,239.24588012695312,8.844512939453125,32.76118469238281
489,2,person,0,0.643027663230896,395.7948303222656,237.75546264648438,10.38214111328125,25.802947998046875
489,10,person,0,0.6876922845840454,347.2779235839844,239.99468994140625,7.17047119140625,27.207351684570312
490,1,car,2,0.9170448184013367,508.6505432128906,312.83502197265625,116.36932373046875,84.64877319335938
490,9,person,0,0.5931702852249146,306.126220703125,239.1429901123047,8.822265625,32.79815673828125
490,2,person,0,0.6646770238876343,395.5364685058594,238.11978149414062,10.05401611328125,25.48291015625
490,10,person,0,0.686065137386322,346.8122863769531,239.9727325439453,7.38653564453125,27.156494140625
491,1,car,2,0.916893482208252,508.6446533203125,312.78302001953125,116.323486328125,84.51895141601562
491,9,person,0,0.4110357463359833,306.2848815917969,238.4874725341797,8.4090576171875,31.202239990234375
491,2,person,0,0.6165792346000671,395.435546875,237.74322509765625,9.86053466796875,25.987869262695312
491,10,person,0,0.6392459869384766,346.174560546875,239.3375244140625,7.830902099609375,25.913955688476562
492,1,car,2,0.920920729637146,508.75396728515625,312.7698974609375,116.3546142578125,84.48690795898438
492,9,person,0,0.5252337455749512,306.3384704589844,238.08999633789062,8.5799560546875,30.507431030273438
492,2,person,0,0.5607340335845947,395.5965576171875,237.66580200195312,9.552734375,26.134689331054688
492,10,person,0,0.6735931038856506,345.6969299316406,239.4257049560547,8.41326904296875,26.0380859375
493,1,car,2,0.9207281470298767,508.708251953125,312.783203125,116.29751586914062,84.46023559570312
493,9,person,0,0.30690059065818787,306.34149169921875,238.39889526367188,8.412261962890625,30.134521484375
493,2,person,0,0.5351734161376953,395.78167724609375,237.95611572265625,8.744537353515625,25.744781494140625
493,10,person,0,0.6822502613067627,345.4339599609375,239.4984130859375,8.755096435546875,25.745162963867188
494,1,car,2,0.9198191165924072,508.7720947265625,312.67156982421875,116.33566284179688,84.37750244140625
494,9,person,0,0.4978764057159424,306.57098388671875,238.6342315673828,8.330108642578125,30.54638671875
494,2,person,0,0.5491974949836731,395.71575927734375,237.61575317382812,8.737640380859375,26.206710815429688
494,10,person,0,0.7170257568359375,345.35552978515625,239.83584594726562,9.29754638671875,26.007003784179688
495,1,car,2,0.9200356602668762,508.7733154296875,312.69195556640625,116.37246704101562,84.39007568359375
495,9,person,0,0.5284295678138733,306.7896728515625,238.95993041992188,8.49853515625,31.377304077148438
495,2,person,0,0.5337086319923401,395.397216796875,237.4569549560547,8.865203857421875,26.410430908203125
495,10,person,0,0.665357232093811,345.003173828125,239.857666015625,9.403594970703125,25.712493896484375
496,1,car,2,0.9196956157684326,508.7310791015625,312.8888244628906,116.31674194335938,84.681884765625
496,9,person,0,0.44592902064323425,306.95263671875,238.81768798828125,8.9017333984375,31.091384887695312
496,2,person,0,0.5475096702575684,395.0670166015625,237.63832092285156,8.616729736328125,26.028594970703125
496,10,person,0,0.6567098498344421,344.6938171386719,240.09170532226562,10.1400146484375,25.487091064453125
497,1,car,2,0.9204750657081604,508.74755859375,312.7486267089844,116.26864624023438,84.5308837890625
497,9,person,0,0.5908631086349487,307.3225402832031,238.69805908203125,9.01806640625,30.840591430664062
497,2,person,0,0.5203242301940918,395.150390625,238.0283966064453,8.124908447265625,25.024017333984375
497,10,person,0,0.6966233253479004,344.48284912109375,239.86801147460938,10.662261962890625,25.460540771484375
498,1,car,2,0.918343722820282,508.75653076171875,312.68414306640625,116.25357055664062,84.40444946289062
498,9,person,0,0.6491944789886475,307.8609313964844,239.04281616210938,9.67120361328125,31.248931884765625
498,2,person,0,0.5602009296417236,395.156982421875,238.35818481445312,7.943450927734375,24.3697509765625
498,10,person,0,0.6471261382102966,343.967529296875,239.77403259277344,10.669525146484375,25.492340087890625
499,1,car,2,0.9202953577041626,508.6073913574219,312.8218078613281,116.21844482421875,84.414794921875
499,9,person,0,0.5366424918174744,308.0950927734375,239.32901000976562,9.581146240234375,31.291961669921875
499,2,person,0,0.5582371354103088,394.990966796875,238.74258422851562,7.855010986328125,23.820877075195312
499,10,person,0,0.6784417033195496,343.378662109375,239.662353515625,10.552520751953125,25.261917114257812
500,1,car,2,0.9240909814834595,508.6319580078125,312.9674072265625,116.34536743164062,84.65206909179688
500,9,person,0,0.22619371116161346,308.6507568359375,239.47671508789062,9.116729736328125,30.111907958984375
500,2,person,0,0.5828249454498291,394.87005615234375,239.13177490234375,8.334197998046875,23.426895141601562
500,10,person,0,0.6370795965194702,342.7593994140625,239.92611694335938,10.188873291015625,24.827011108398438
501,1,car,2,0.9243440628051758,508.7420349121094,313.0031433105469,116.47393798828125,84.9644775390625
501,9,person,0,0.3796226978302002,308.9359436035156,239.74708557128906,10.3800048828125,29.645599365234375
501,2,person,0,0.5287696123123169,394.71673583984375,239.13983154296875,8.755767822265625,23.583847045898438
501,10,person,0,0.6646323204040527,342.2067565917969,239.76641845703125,9.71185302734375,24.690414428710938
502,1,car,2,0.924308717250824,508.60791015625,313.1328125,116.45556640625,84.96450805664062
502,9,person,0,0.4529898464679718,309.11602783203125,240.04486083984375,11.066131591796875,28.7518310546875
502,2,person,0,0.48218825459480286,394.82275390625,239.94036865234375,8.717742919921875,21.991531372070312
502,10,person,0,0.6785531044006348,341.3922119140625,239.72030639648438,9.042144775390625,24.504745483398438
503,1,car,2,0.9245608448982239,508.6968688964844,313.0809631347656,116.48028564453125,84.9833984375
503,9,person,0,0.47040003538131714,309.3689270019531,240.0663299560547,11.13360595703125,28.864501953125
503,2,person,0,0.46364691853523254,394.71929931640625,240.1507568359375,8.413116455078125,21.50518798828125
503,10,person,0,0.7199196815490723,340.66595458984375,239.58392333984375,8.081207275390625,24.410507202148438
504,1,car,2,0.9247835278511047,508.59039306640625,313.05316162109375,116.65487670898438,84.91775512695312
504,9,person,0,0.5574166774749756,309.71087646484375,239.54501342773438,11.182220458984375,29.854049682617188
504,2,person,0,0.5084806680679321,394.4913024902344,240.0259246826172,9.252197265625,22.566650390625
504,10,person,0,0.6937959790229797,340.02935791015625,239.43356323242188,7.44873046875,24.40179443359375
505,1,car,2,0.9229612946510315,508.6553039550781,313.02288818359375,116.54815673828125,84.78359985351562
505,9,person,0,0.4962063133716583,310.08026123046875,239.52960205078125,10.7752685546875,29.495880126953125
505,2,person,0,0.4897930920124054,394.1357421875,239.91574096679688,9.2869873046875,22.944595336914062
505,10,person,0,0.7168882489204407,339.550048828125,239.31826782226562,7.391021728515625,24.851226806640625
506,1,car,2,0.9223541617393494,508.57916259765625,313.05828857421875,116.48251342773438,84.5574951171875
506,9,person,0,0.6172179579734802,310.40740966796875,239.18881225585938,10.387298583984375,29.81207275390625
506,2,person,0,0.49664098024368286,394.010986328125,240.23934936523438,8.717498779296875,22.112228393554688
506,10,person,0,0.7063629627227783,339.0682373046875,239.62991333007812,7.347808837890625,25.706283569335938
507,1,car,2,0.9226976633071899,508.69659423828125,313.00152587890625,116.54397583007812,84.69412231445312
507,9,person,0,0.6658504605293274,310.774658203125,239.02093505859375,10.4532470703125,30.050827026367188
507,2,person,0,0.4416561722755432,393.806640625,240.00958251953125,8.366607666015625,22.189895629882812
507,10,person,0,0.6434640884399414,338.6583557128906,239.75559997558594,7.66607666015625,26.051910400390625
508,1,car,2,0.9221567511558533,508.78448486328125,312.83209228515625,116.4505615234375,84.51730346679688
508,9,person,0,0.6912976503372192,311.2489929199219,238.83604431152344,9.97509765625,30.2489013671875
508,2,person,0,0.4870077967643738,393.4449462890625,239.6485137939453,9.054901123046875,22.979034423828125
508,10,person,0,0.6186517477035522,338.23675537109375,239.33209228515625,7.49591064453125,25.299179077148438
509,1,car,2,0.9227502346038818,508.72216796875,312.8772277832031,116.40005493164062,84.42608642578125
509,9,person,0,0.6079027652740479,311.94183349609375,238.86328125,9.997467041015625,30.079208374023438
509,2,person,0,0.5023055076599121,392.6818542480469,239.56121826171875,9.35009765625,23.211654663085938
509,10,person,0,0.5985040068626404,337.9515380859375,239.36749267578125,7.326568603515625,25.011627197265625
510,1,car,2,0.9219627380371094,508.8130187988281,312.8231201171875,116.50933837890625,84.53598022460938
510,9,person,0,0.6243788599967957,312.4800109863281,238.70391845703125,9.3609619140625,29.905746459960938
510,2,person,0,0.4911993443965912,392.4295654296875,239.22755432128906,9.601165771484375,23.0926513671875
510,10,person,0,0.5822024941444397,337.60546875,239.47059631347656,7.835357666015625,25.247314453125
511,1,car,2,0.9221022725105286,508.8050231933594,312.7919006347656,116.57830810546875,84.5732421875
511,9,person,0,0.6465082168579102,313.2929992675781,238.7294921875,9.43804931640625,30.169906616210938
511,2,person,0,0.5893411040306091,391.98016357421875,239.1676788330078,10.254119873046875,24.265899658203125
511,10,person,0,0.6537311673164368,337.19488525390625,239.4034423828125,8.588348388671875,25.042678833007812
512,1,car,2,0.9201595783233643,508.68072509765625,312.88836669921875,116.51327514648438,84.6656494140625
512,9,person,0,0.71979159116745,314.13360595703125,238.5179443359375,10.433563232421875,30.208328247070312
512,2,person,0,0.6217840313911438,391.7004089355469,239.049560546875,10.3702392578125,24.714202880859375
512,10,person,0,0.6618673801422119,336.56036376953125,239.36767578125,9.697174072265625,25.598846435546875
513,1,car,2,0.9199870824813843,508.6895751953125,312.8719482421875,116.51406860351562,84.74429321289062
513,9,person,0,0.7265473008155823,314.2736511230469,238.32098388671875,9.98394775390625,29.828704833984375
513,2,person,0,0.6296586394309998,391.61517333984375,239.09584045410156,10.7303466796875,25.17071533203125
513,10,person,0,0.6393009424209595,335.88238525390625,239.4761962890625,10.260101318359375,25.917831420898438
514,1,car,2,0.9221330881118774,508.74658203125,312.79437255859375,116.55862426757812,84.57589721679688
514,9,person,0,0.7439212799072266,314.9917297363281,238.20362854003906,10.84649658203125,29.86962890625
514,2,person,0,0.6237552165985107,391.36859130859375,239.09698486328125,10.70208740234375,25.163284301757812
514,10,person,0,0.5797789096832275,335.77606201171875,239.52374267578125,10.302581787109375,26.018569946289062
514,12,person,0,0.6139348149299622,365.939453125,240.13714599609375,12.425201416015625,34.2945556640625
515,1,car,2,0.9219806790351868,508.74072265625,312.8182678222656,116.50527954101562,84.5057373046875
515,9,person,0,0.759458065032959,315.429443359375,238.27117919921875,11.069122314453125,30.019088745117188
515,2,person,0,0.6569792032241821,391.2118225097656,239.12718200683594,10.634765625,25.06414794921875
515,10,person,0,0.40096327662467957,335.8295593261719,239.61550903320312,9.98126220703125,26.386566162109375
515,12,person,0,0.5931159257888794,365.7442932128906,239.9991455078125,11.716064453125,34.83782958984375
516,1,car,2,0.9195109009742737,508.73602294921875,312.841064453125,116.42904663085938,84.6793212890625
516,9,person,0,0.7589254379272461,315.74462890625,238.30682373046875,10.862274169921875,30.282363891601562
516,2,person,0,0.6416969895362854,390.975341796875,238.96798706054688,10.591156005859375,25.129562377929688
516,10,person,0,0.5939069390296936,333.931396484375,239.75888061523438,11.68634033203125,27.681060791015625
516,12,person,0,0.6248975396156311,365.3997497558594,239.90945434570312,11.16168212890625,34.88969421386719
517,1,car,2,0.9194732308387756,508.713623046875,312.802001953125,116.3709716796875,84.45761108398438
517,9,person,0,0.784986674785614,316.049072265625,238.94102478027344,11.0023193359375,31.2852783203125
517,2,person,0,0.6290013790130615,390.16583251953125,238.99807739257812,9.695159912109375,24.97467041015625
517,10,person,0,0.6296041011810303,333.1026611328125,239.95201110839844,11.487335205078125,28.042083740234375
517,12,person,0,0.6629505753517151,365.04339599609375,239.98922729492188,11.415863037109375,34.36505126953125
518,1,car,2,0.9191725850105286,508.7516174316406,312.73492431640625,116.38446044921875,84.39749145507812
518,9,person,0,0.7981136441230774,315.9881591796875,239.08392333984375,10.874847412109375,31.321243286132812
518,2,person,0,0.6370047926902771,389.5526428222656,238.43223571777344,9.72515869140625,25.162384033203125
518,10,person,0,0.6833199858665466,332.63580322265625,240.20831298828125,11.356170654296875,28.7030029296875
518,12,person,0,0.6839790344238281,364.87115478515625,240.00735473632812,11.645294189453125,34.0494384765625
519,1,car,2,0.9205107688903809,508.72430419921875,312.82794189453125,116.34963989257812,84.45126342773438
519,9,person,0,0.7724999785423279,316.35498046875,239.1127471923828,11.256256103515625,31.30621337890625
519,2,person,0,0.5596230626106262,389.40673828125,238.21585083007812,10.461822509765625,25.352951049804688
519,10,person,0,0.6996294856071472,332.44781494140625,240.17648315429688,10.415771484375,28.875457763671875
519,12,person,0,0.59925776720047,364.19769287109375,240.02392578125,10.982147216796875,34.35223388671875
520,1,car,2,0.9215248227119446,508.7151794433594,312.90850830078125,116.44097900390625,84.6722412109375
520,9,person,0,0.7592498064041138,316.48699951171875,238.95578002929688,11.273590087890625,30.923553466796875
520,2,person,0,0.6210651993751526,387.96136474609375,238.00735473632812,8.78143310546875,24.566940307617188
520,10,person,0,0.708148717880249,332.1504211425781,239.753173828125,9.53765869140625,29.058364868164062
520,12,person,0,0.4306606650352478,364.1734619140625,239.6229705810547,12.0599365234375,34.591094970703125
521,1,car,2,0.9209802746772766,508.7007141113281,312.952880859375,116.48712158203125,84.732421875
521,9,person,0,0.7410186529159546,316.7037353515625,238.83615112304688,11.565887451171875,30.7823486328125
521,2,person,0,0.5526556968688965,388.6182861328125,238.0382080078125,10.332489013671875,25.416793823242188
521,10,person,0,0.7120806574821472,331.9229736328125,239.92152404785156,8.709320068359375,29.2325439453125
521,12,person,0,0.47285157442092896,362.87677001953125,239.80064392089844,9.90557861328125,34.702545166015625
522,1,car,2,0.921305775642395,508.72381591796875,312.9935302734375,116.51913452148438,84.91845703125
522,9,person,0,0.7001973986625671,317.2027587890625,238.9386444091797,11.08746337890625,30.351043701171875
522,2,person,0,0.5565522909164429,387.5363464355469,238.22146606445312,8.973388671875,24.957809448242188
522,10,person,0,0.7037731409072876,331.71514892578125,240.06570434570312,8.604278564453125,29.058502197265625
522,12,person,0,0.2430475652217865,362.0791320800781,239.68492126464844,9.75262451171875,34.222747802734375
523,1,car,2,0.9215947389602661,508.6837158203125,313.0789489746094,116.49966430664062,85.06781005859375
523,9,person,0,0.7167747616767883,317.546142578125,238.924072265625,10.6640625,30.377822875976562
523,2,person,0,0.5180918574333191,386.69769287109375,238.06591796875,7.67144775390625,24.5823974609375
523,10,person,0,0.7130481600761414,331.6709289550781,240.20587158203125,8.8974609375,28.791534423828125
523,12,person,0,0.529495894908905,361.0362548828125,234.65525817871094,7.672393798828125,22.79058837890625
524,1,car,2,0.9223086833953857,508.6619873046875,312.95654296875,116.5057373046875,84.87753295898438
524,9,person,0,0.6159854531288147,317.91754150390625,238.971435546875,10.057464599609375,30.595169067382812
524,2,person,0,0.40168845653533936,386.70556640625,238.34207153320312,7.224609375,25.139495849609375
524,10,person,0,0.7146970629692078,332.06866455078125,240.18984985351562,9.110382080078125,28.867294311523438
524,12,person,0,0.4256923198699951,360.58355712890625,237.942138671875,7.755218505859375,29.483078002929688
525,1,car,2,0.9220974445343018,508.73779296875,312.9761962890625,116.47256469726562,85.01702880859375
525,9,person,0,0.6944392323493958,318.08416748046875,238.79153442382812,9.867828369140625,30.026779174804688
525,2,person,0,0.51587975025177,386.6874084472656,238.4154052734375,7.55169677734375,25.374954223632812
525,10,person,0,0.7377457022666931,332.29290771484375,240.29354858398438,9.831695556640625,29.046279907226562
525,12,person,0,0.4279933571815491,360.25799560546875,237.05068969726562,7.743438720703125,27.454055786132812
526,1,car,2,0.9238472580909729,508.7064208984375,312.849853515625,116.4654541015625,84.73684692382812
526,9,person,0,0.6678366661071777,318.26422119140625,238.37225341796875,9.958221435546875,30.692428588867188
526,2,person,0,0.5060397982597351,386.3731384277344,238.3581085205078,8.16375732421875,25.22857666015625
526,10,person,0,0.6065271496772766,332.18731689453125,240.45022583007812,10.258087158203125,29.466262817382812
526,12,person,0,0.3664933145046234,359.91180419921875,238.57345581054688,8.129486083984375,30.476715087890625
527,1,car,2,0.9224207997322083,508.66168212890625,312.91839599609375,116.38461303710938,84.6297607421875
527,9,person,0,0.6196180582046509,318.4697265625,237.9716796875,9.852691650390625,30.858810424804688
527,2,person,0,0.47539839148521423,386.156005859375,238.52268981933594,8.1204833984375,25.261749267578125
527,10,person,0,0.4701696038246155,332.40203857421875,240.5779266357422,11.23712158203125,29.429962158203125
527,12,person,0,0.36777594685554504,359.1005859375,237.44960021972656,7.82525634765625,28.667510986328125
528,1,car,2,0.9226545095443726,508.6815185546875,312.9346008300781,116.36865234375,84.776123046875
528,9,person,0,0.5315473079681396,318.6780090332031,238.404541015625,9.891845703125,30.982254028320312
528,10,person,0,0.32468920946121216,332.33087158203125,240.440185546875,11.782745361328125,29.419845581054688
528,12,person,0,0.2713167369365692,358.6658935546875,239.06077575683594,7.725372314453125,32.131622314453125
529,1,car,2,0.9222723841667175,508.70196533203125,312.9455261230469,116.396484375,84.85882568359375
529,9,person,0,0.5701974630355835,318.9720458984375,237.9575653076172,9.631866455078125,29.962188720703125
529,10,person,0,0.3875400424003601,332.969970703125,240.3418426513672,12.246551513671875,29.27069091796875
529,12,person,0,0.3454209864139557,357.89935302734375,237.67080688476562,7.729949951171875,29.859390258789062
530,1,car,2,0.9226518869400024,508.64630126953125,312.97149658203125,116.3406982421875,84.89810180664062
530,9,person,0,0.5995529294013977,319.1963806152344,237.98291015625,9.1068115234375,29.954483032226562
530,10,person,0,0.568243145942688,330.13427734375,240.09600830078125,9.32366943359375,28.231536865234375
530,12,person,0,0.537624180316925,357.35455322265625,239.36676025390625,8.875823974609375,32.82737731933594
531,1,car,2,0.9221770167350769,508.7014465332031,312.9261779785156,116.36651611328125,84.82232666015625
531,9,person,0,0.3948006331920624,319.23077392578125,238.1851806640625,9.008148193359375,30.085205078125
531,10,person,0,0.5562822222709656,328.71380615234375,239.8854217529297,8.317413330078125,27.54388427734375
531,12,person,0,0.4779197573661804,356.5569763183594,239.66793823242188,8.7962646484375,33.43052673339844
532,1,car,2,0.9223045706748962,508.72821044921875,312.9346923828125,116.42074584960938,84.7877197265625
532,9,person,0,0.3580420911312103,319.3372802734375,238.42276000976562,9.025543212890625,30.429763793945312
532,10,person,0,0.3998683989048004,327.8824462890625,239.471435546875,7.9046630859375,26.954757690429688
532,12,person,0,0.5529636144638062,356.09686279296875,239.71456909179688,9.028106689453125,33.85273742675781
533,1,car,2,0.9222651124000549,508.710693359375,312.9328308105469,116.38681030273438,84.803466796875
533,9,person,0,0.2781335711479187,319.1695556640625,238.04104614257812,9.171783447265625,29.454605102539062
533,10,person,0,0.3576171398162842,327.00567626953125,239.1252899169922,8.116058349609375,26.983154296875
533,12,person,0,0.5723775625228882,355.79486083984375,239.63558959960938,9.402252197265625,34.0360107421875
533,2,person,0,0.5311493277549744,384.83770751953125,238.83152770996094,8.584014892578125,25.640380859375
534,1,car,2,0.9229096174240112,508.6925048828125,312.92950439453125,116.3746337890625,84.771728515625
534,9,person,0,0.20567815005779266,319.4744873046875,238.0771484375,9.3544921875,28.943710327148438
534,10,person,0,0.417741060256958,326.919921875,239.13243103027344,8.470123291015625,27.0975341796875
534,12,person,0,0.5803638696670532,355.4593505859375,239.72943115234375,9.149444580078125,33.80804443359375
534,2,person,0,0.5501566529273987,384.6343078613281,238.99407958984375,9.22332763671875,25.038742065429688
535,1,car,2,0.9229739904403687,508.67645263671875,312.94818115234375,116.4468994140625,84.8502197265625
535,10,person,0,0.3987630605697632,326.04632568359375,238.692626953125,8.681732177734375,26.932052612304688
535,12,person,0,0.4437904953956604,355.05511474609375,239.08303833007812,9.18829345703125,32.47019958496094
535,2,person,0,0.40861526131629944,384.5316467285156,239.85159301757812,9.257568359375,23.817047119140625
536,1,car,2,0.9224727153778076,508.67083740234375,312.9725036621094,116.42813110351562,84.84967041015625
536,10,person,0,0.484874427318573,325.81292724609375,238.21932983398438,9.280792236328125,26.518844604492188
536,12,person,0,0.3742769658565521,354.4523010253906,239.66259765625,9.6934814453125,33.08726501464844
536,2,person,0,0.5059847235679626,383.9432373046875,240.22186279296875,9.553436279296875,25.044631958007812
537,1,car,2,0.9232751131057739,508.671875,312.974853515625,116.43038940429688,84.8140869140625
537,10,person,0,0.5244826674461365,325.23895263671875,237.7866668701172,9.99658203125,26.804046630859375
537,12,person,0,0.427317351102829,354.0502014160156,239.7501220703125,10.443603515625,33.56109619140625
537,2,person,0,0.560854971408844,383.2073974609375,240.53221130371094,9.725677490234375,25.65264892578125
538,1,car,2,0.9231072664260864,508.6445007324219,313.00146484375,116.40289306640625,84.78302001953125
538,10,person,0,0.6208512783050537,324.01568603515625,237.76034545898438,10.645538330078125,28.198822021484375
538,12,person,0,0.5735328793525696,353.6746520996094,239.142822265625,9.75830078125,31.845565795898438
538,2,person,0,0.6235273480415344,382.29266357421875,240.7794189453125,9.368377685546875,25.048171997070312
539,1,car,2,0.9231048226356506,508.67791748046875,312.97698974609375,116.37130737304688,84.79568481445312
539,10,person,0,0.6493276357650757,323.4761962890625,237.68031311035156,10.358673095703125,28.277801513671875
539,12,person,0,0.30317312479019165,353.15838623046875,239.2317657470703,9.344970703125,32.369415283203125
539,2,person,0,0.5308930277824402,382.03515625,240.97955322265625,10.3790283203125,24.855270385742188
540,1,car,2,0.9234035611152649,508.6589050292969,312.9659423828125,116.37298583984375,84.76150512695312
540,10,person,0,0.6438582539558411,323.14117431640625,237.75448608398438,9.987457275390625,28.29766845703125
540,12,person,0,0.3853720724582672,352.636962890625,238.47830200195312,9.056243896484375,29.962997436523438
540,2,person,0,0.5748292803764343,381.84295654296875,241.0476531982422,10.5543212890625,24.660491943359375
541,1,car,2,0.92399662733078,508.61175537109375,312.94677734375,116.40933227539062,84.75039672851562
541,10,person,0,0.6077220439910889,322.7356872558594,237.8126220703125,9.763916015625,29.168228149414062
541,12,person,0,0.3071153461933136,352.3461608886719,239.84613037109375,9.8634033203125,31.906524658203125
541,2,person,0,0.6156810522079468,381.418212890625,240.853759765625,10.154998779296875,25.068984985351562
541,13,person,0,0.623452365398407,338.9835205078125,239.90731811523438,6.940338134765625,27.467514038085938
542,1,car,2,0.9235679507255554,508.53924560546875,312.96099853515625,116.5572509765625,84.76608276367188
542,10,person,0,0.18789729475975037,322.721923828125,237.81411743164062,9.290435791015625,29.583724975585938
542,2,person,0,0.6008278131484985,380.91888427734375,240.75900268554688,9.208221435546875,24.641860961914062
542,13,person,0,0.3002573549747467,339.313232421875,239.88043212890625,7.255615234375,27.386062622070312
543,1,car,2,0.9235385656356812,508.62481689453125,312.92120361328125,116.550048828125,84.771484375
543,10,person,0,0.3508901000022888,322.9454345703125,237.290771484375,9.0286865234375,29.140121459960938
543,2,person,0,0.6464046835899353,380.15008544921875,240.6807861328125,8.7879638671875,24.361724853515625
543,13,person,0,0.3556392788887024,339.74371337890625,239.87474060058594,7.75390625,27.7269287109375
544,1,car,2,0.923677921295166,508.672119140625,312.8861389160156,116.56051635742188,84.79638671875
544,10,person,0,0.6506112217903137,323.14117431640625,237.47422790527344,9.467803955078125,30.03082275390625
544,2,person,0,0.6425172686576843,380.1612548828125,240.6130828857422,9.259552001953125,24.24639892578125
544,13,person,0,0.46741676330566406,340.18365478515625,239.81680297851562,7.97186279296875,27.594375610351562
544,12,person,0,0.5290112495422363,350.858154296875,239.36373901367188,10.056732177734375,33.90782165527344
545,1,car,2,0.9249206781387329,508.68365478515625,312.90106201171875,116.509033203125,84.84027099609375
545,10,person,0,0.661948025226593,323.35076904296875,237.9661865234375,9.931640625,29.052276611328125
545,2,person,0,0.6137643456459045,379.4918212890625,240.9476318359375,8.419586181640625,23.956619262695312
545,13,person,0,0.5502942204475403,340.516845703125,239.7811737060547,8.486114501953125,27.9652099609375
545,12,person,0,0.5294466018676758,350.3013916015625,238.69564819335938,9.830535888671875,33.00518798828125
546,1,car,2,0.9251323342323303,508.64154052734375,312.9429931640625,116.46463012695312,84.86880493164062
546,10,person,0,0.6707441210746765,323.35382080078125,237.969482421875,10.0108642578125,28.06903076171875
546,2,person,0,0.5755916833877563,379.0090026855469,241.04356384277344,8.1484375,23.84814453125
546,13,person,0,0.6350424885749817,340.705810546875,239.84219360351562,8.177032470703125,27.937362670898438
546,12,person,0,0.529003918170929,349.5361022949219,238.86773681640625,9.1422119140625,33.32868957519531
547,1,car,2,0.9254496693611145,508.6827392578125,312.9763488769531,116.47915649414062,84.9501953125
547,10,person,0,0.5417256355285645,323.5677490234375,237.916259765625,10.286468505859375,26.737167358398438
547,2,person,0,0.6167656779289246,378.25567626953125,240.88198852539062,8.259918212890625,23.490463256835938
547,13,person,0,0.6282390356063843,340.86334228515625,239.8557586669922,8.1044921875,27.60467529296875
547,12,person,0,0.5637676119804382,349.0089416503906,235.88778686523438,7.7716064453125,27.301223754882812
548,1,car,2,0.9249850511550903,508.7325439453125,312.9678649902344,116.47177124023438,84.984619140625
548,10,person,0,0.6305825114250183,323.4908447265625,238.07376098632812,10.784637451171875,26.527542114257812
548,2,person,0,0.6570254564285278,377.8624267578125,240.5699920654297,8.527679443359375,23.9542236328125
548,13,person,0,0.5754645466804504,341.2921142578125,239.8255157470703,8.489776611328125,28.110260009765625
548,12,person,0,0.5411469340324402,348.37646484375,237.52188110351562,7.727783203125,30.434173583984375
549,1,car,2,0.9231579303741455,508.6985168457031,312.9613037109375,116.40496826171875,84.92453002929688
549,10,person,0,0.6399534344673157,323.5520324707031,238.44964599609375,11.40576171875,26.9697265625
549,2,person,0,0.4983384609222412,377.24835205078125,240.81427001953125,8.012939453125,23.457427978515625
549,13,person,0,0.5083953738212585,341.5075378417969,239.68768310546875,8.80877685546875,28.746566772460938
549,12,person,0,0.5430247187614441,347.8453369140625,238.9803466796875,7.837432861328125,32.9034423828125
550,1,car,2,0.9242490530014038,508.6961669921875,312.9844970703125,116.41714477539062,84.956298828125
550,10,person,0,0.6106274127960205,323.85516357421875,238.61959838867188,11.1461181640625,27.234725952148438
550,2,person,0,0.6109300851821899,376.8480529785156,241.00198364257812,8.437744140625,23.45501708984375
550,13,person,0,0.5113946795463562,341.74530029296875,239.61129760742188,8.76373291015625,29.101654052734375
550,12,person,0,0.4801666736602783,347.4654541015625,239.5587921142578,8.13360595703125,33.813507080078125
551,1,car,2,0.9229599833488464,508.673828125,312.97723388671875,116.4962158203125,84.9232177734375
551,10,person,0,0.5983866453170776,324.13861083984375,238.63796997070312,11.225128173828125,26.647109985351562
551,2,person,0,0.6562995314598083,376.17498779296875,240.92172241210938,8.507293701171875,22.734939575195312
551,13,person,0,0.48973900079727173,341.7361145019531,239.47390747070312,8.39337158203125,29.2816162109375
551,12,person,0,0.45075953006744385,347.05572509765625,239.8390655517578,8.096343994140625,34.240753173828125
552,1,car,2,0.923806369304657,508.6645812988281,312.9754333496094,116.59429931640625,84.91961669921875
552,10,person,0,0.6120078563690186,325.01580810546875,238.11935424804688,10.2607421875,28.047622680664062
552,2,person,0,0.5240232348442078,375.5111083984375,240.72518920898438,8.607421875,24.089553833007812
552,13,person,0,0.32387423515319824,341.90325927734375,239.14468383789062,8.406982421875,29.905288696289062
552,12,person,0,0.5748412013053894,346.26904296875,240.09075927734375,9.085113525390625,33.98942565917969
553,1,car,2,0.9240803122520447,508.62542724609375,313.0208740234375,116.50180053710938,84.96630859375
553,10,person,0,0.4977620244026184,326.25653076171875,237.91329956054688,9.404815673828125,28.515121459960938
553,2,person,0,0.594785749912262,374.56494140625,240.63458251953125,8.7613525390625,24.331741333007812
553,12,person,0,0.6193402409553528,345.585693359375,240.01986694335938,9.761932373046875,34.01153564453125
554,1,car,2,0.9245407581329346,508.6116027832031,313.03607177734375,116.50811767578125,84.95956420898438
554,10,person,0,0.59911048412323,326.7869873046875,238.31649780273438,9.210968017578125,28.934402465820312
554,2,person,0,0.5721754431724548,373.70916748046875,240.6581268310547,8.904510498046875,24.860443115234375
554,12,person,0,0.6466866135597229,344.99017333984375,239.95924377441406,10.421875,33.717132568359375
555,1,car,2,0.9235638976097107,508.65704345703125,312.96185302734375,116.47265625,84.93716430664062
555,10,person,0,0.5483525395393372,327.24359130859375,238.64410400390625,9.258636474609375,28.686172485351562
555,2,person,0,0.44585326313972473,373.25225830078125,240.33180236816406,8.579833984375,24.54327392578125
555,12,person,0,0.6384637355804443,344.935546875,239.98464965820312,10.737548828125,33.86949157714844
556,1,car,2,0.9228413701057434,508.69488525390625,312.96661376953125,116.42544555664062,85.0426025390625
556,10,person,0,0.5869219899177551,327.5008544921875,238.64846801757812,9.442840576171875,28.936294555664062
556,2,person,0,0.5432509183883667,372.31927490234375,240.3345947265625,9.6820068359375,25.152572631835938
556,12,person,0,0.6698305010795593,345.1524658203125,239.94888305664062,10.551605224609375,34.0416259765625
557,1,car,2,0.9232396483421326,508.77374267578125,312.916748046875,116.45535278320312,84.99957275390625
557,10,person,0,0.649957001209259,328.116943359375,238.2626953125,8.971038818359375,29.08544921875
557,2,person,0,0.5259561538696289,371.64739990234375,240.23162841796875,9.935760498046875,25.16998291015625
557,12,person,0,0.6123524904251099,345.1151123046875,240.0821533203125,10.965179443359375,34.12025451660156
558,1,car,2,0.9233017563819885,508.6553955078125,313.00653076171875,116.37570190429688,84.97012329101562
558,10,person,0,0.6967250108718872,328.6191101074219,237.9052276611328,8.66693115234375,28.76348876953125
558,2,person,0,0.46452948451042175,370.70245361328125,239.88900756835938,9.583099365234375,25.2347412109375
558,12,person,0,0.5383371710777283,344.6676330566406,239.86143493652344,11.55291748046875,34.394073486328125
559,1,car,2,0.9232345819473267,508.5965881347656,313.047119140625,116.36798095703125,84.9921875
559,10,person,0,0.6918086409568787,329.0478210449219,238.25482177734375,8.77899169921875,28.955535888671875
559,2,person,0,0.33560746908187866,370.3323059082031,240.312744140625,9.34356689453125,23.28887939453125
559,13,person,0,0.5128502249717712,343.7774658203125,239.1734619140625,9.520599365234375,30.642532348632812
560,1,car,2,0.9234538078308105,508.71490478515625,312.9655456542969,116.4178466796875,85.0067138671875
560,10,person,0,0.680767297744751,329.6129150390625,238.23648071289062,8.547393798828125,28.659103393554688
560,2,person,0,0.32603248953819275,369.5693664550781,239.90914916992188,9.26129150390625,23.768295288085938
560,13,person,0,0.5880544781684875,343.9332580566406,238.58984375,9.36749267578125,29.035934448242188
561,1,car,2,0.9225510358810425,508.6453857421875,313.052734375,116.37112426757812,85.04806518554688
561,10,person,0,0.6167246103286743,329.64849853515625,238.17578125,7.992919921875,28.481704711914062
561,2,person,0,0.24437163770198822,369.289306640625,239.21487426757812,8.683746337890625,24.057540893554688
561,13,person,0,0.4805606007575989,343.92010498046875,239.07699584960938,9.870086669921875,29.263397216796875
562,1,car,2,0.923442006111145,508.6328125,313.1269226074219,116.3924560546875,85.06524658203125
562,10,person,0,0.6630982160568237,329.935546875,238.28134155273438,7.90399169921875,27.761886596679688
562,2,person,0,0.4452061057090759,369.20672607421875,239.01980590820312,8.521514892578125,24.039047241210938
562,13,person,0,0.26438644528388977,342.99212646484375,239.4903564453125,8.589874267578125,31.078262329101562
563,1,car,2,0.924332857131958,508.73370361328125,313.08001708984375,116.45492553710938,85.12173461914062
563,10,person,0,0.6310993432998657,330.4855651855469,238.4159393310547,8.54681396484375,28.432281494140625
563,2,person,0,0.3088870048522949,369.5354919433594,238.78872680664062,7.6380615234375,23.207763671875
563,13,person,0,0.28134292364120483,342.6112060546875,239.7924346923828,9.0994873046875,31.60614013671875
564,1,car,2,0.9237286448478699,508.80694580078125,313.03643798828125,116.50057983398438,85.18060302734375
564,10,person,0,0.7191835641860962,330.90118408203125,238.03594970703125,8.745697021484375,29.309616088867188
564,2,person,0,0.3513815104961395,368.6573486328125,239.69424438476562,8.82000732421875,24.502593994140625
564,13,person,0,0.19899852573871613,341.87481689453125,239.37527465820312,8.505157470703125,31.55975341796875
565,1,car,2,0.9233397245407104,508.7463073730469,313.0274658203125,116.50421142578125,85.04058837890625
565,10,person,0,0.7009406089782715,330.8253173828125,237.9724578857422,8.6524658203125,29.50750732421875
565,2,person,0,0.37406760454177856,368.4043273925781,240.4107666015625,8.81195068359375,24.623733520507812
566,1,car,2,0.9238964319229126,508.6776123046875,313.0494384765625,116.43814086914062,84.94686889648438
566,10,person,0,0.670998752117157,331.21759033203125,237.90106201171875,8.7213134765625,29.167221069335938
566,2,person,0,0.24847657978534698,367.2768859863281,239.95440673828125,8.97943115234375,25.936981201171875
567,1,car,2,0.9238633513450623,508.665283203125,313.05633544921875,116.44888305664062,84.94549560546875
567,10,person,0,0.6968368291854858,331.83685302734375,237.6815643310547,9.293548583984375,29.245025634765625
568,1,car,2,0.924374520778656,508.6536865234375,313.03131103515625,116.42379760742188,84.86770629882812
568,10,person,0,0.6615242958068848,332.3226318359375,237.802734375,9.076416015625,29.294143676757812
569,1,car,2,0.9251662492752075,508.75909423828125,312.93719482421875,116.4735107421875,84.90371704101562
569,10,person,0,0.5255184173583984,332.6584777832031,237.47885131835938,8.3062744140625,28.745162963867188
570,1,car,2,0.9243972897529602,508.6827697753906,313.01953125,116.42193603515625,84.93154907226562
570,10,person,0,0.548349916934967,332.85467529296875,237.38392639160156,7.66400146484375,28.041900634765625
571,1,car,2,0.9241850972175598,508.6029052734375,313.0718994140625,116.37698364257812,84.92709350585938
571,10,person,0,0.6262013912200928,333.2596130371094,236.98056030273438,7.9786376953125,28.282150268554688
572,1,car,2,0.9242456555366516,508.72607421875,312.9808349609375,116.42147827148438,84.94464111328125
572,10,person,0,0.5059534907341003,333.6881103515625,237.173583984375,8.670440673828125,28.211624145507812
572,14,person,0,0.5913833379745483,313.03912353515625,239.4375,8.975738525390625,22.090652465820312
572,2,person,0,0.5459772944450378,364.42742919921875,239.96478271484375,9.782012939453125,25.249465942382812
573,1,car,2,0.9240603446960449,508.736083984375,312.94879150390625,116.48672485351562,84.86566162109375
573,14,person,0,0.5907602906227112,312.6855773925781,239.64422607421875,9.6041259765625,22.059188842773438
573,2,person,0,0.6110447645187378,363.8948974609375,239.66893005371094,10.460601806640625,25.768157958984375
573,12,person,0,0.5307723879814148,336.44073486328125,239.02774047851562,9.471527099609375,32.73225402832031
574,1,car,2,0.9235184192657471,508.7851257324219,312.92303466796875,116.54730224609375,84.86822509765625
574,14,person,0,0.6512173414230347,312.18853759765625,239.98387145996094,9.187957763671875,21.519744873046875
574,2,person,0,0.5861430168151855,363.5937805175781,239.6630859375,10.937255859375,26.3441162109375
574,12,person,0,0.5415890216827393,336.11773681640625,238.87274169921875,9.554290771484375,31.938369750976562
575,1,car,2,0.9235531091690063,508.77374267578125,312.9678039550781,116.56393432617188,84.8785400390625
575,14,person,0,0.6453933119773865,312.0894775390625,239.95086669921875,8.817840576171875,22.234420776367188
575,2,person,0,0.6520363688468933,363.27288818359375,239.70130920410156,11.468475341796875,26.233154296875
575,12,person,0,0.4260217547416687,336.0939636230469,239.33790588378906,8.833251953125,32.29791259765625
575,15,person,0,0.6239038109779358,350.897216796875,239.91305541992188,9.936859130859375,30.741958618164062
576,1,car,2,0.9229286313056946,508.69281005859375,313.028564453125,116.43984985351562,84.85906982421875
576,14,person,0,0.6152278184890747,312.0536193847656,239.84405517578125,9.0048828125,22.836929321289062
576,2,person,0,0.6634272933006287,362.8327941894531,239.74526977539062,11.94720458984375,26.188461303710938
576,12,person,0,0.43345022201538086,335.3728942871094,239.22598266601562,8.6304931640625,32.31980895996094
576,15,person,0,0.5544782280921936,351.18988037109375,239.60452270507812,10.291961669921875,31.03643798828125
577,1,car,2,0.9230381846427917,508.6827392578125,313.0653381347656,116.44357299804688,84.92901611328125
577,14,person,0,0.6479746699333191,311.90283203125,239.49925231933594,9.21295166015625,23.165435791015625
577,2,person,0,0.4785938858985901,362.5146484375,240.28846740722656,12.257781982421875,25.54058837890625
577,12,person,0,0.3942059576511383,335.09588623046875,238.93426513671875,8.432281494140625,31.893569946289062
577,15,person,0,0.5606234073638916,352.40838623046875,239.6597900390625,11.144989013671875,29.953414916992188
578,1,car,2,0.9235398173332214,508.6724548339844,313.0609130859375,116.43450927734375,85.02182006835938
578,14,person,0,0.7028258442878723,311.67236328125,239.4917755126953,9.326019287109375,23.2567138671875
578,2,person,0,0.6258930563926697,362.095458984375,240.1470947265625,12.293426513671875,25.596176147460938
578,12,person,0,0.4816352128982544,334.9085693359375,239.39102172851562,8.6630859375,31.159072875976562
578,15,person,0,0.60430908203125,352.89776611328125,239.30987548828125,10.55609130859375,28.620407104492188
579,1,car,2,0.9229732155799866,508.68280029296875,313.05609130859375,116.41342163085938,85.05386352539062
579,14,person,0,0.6879544854164124,311.59857177734375,239.40586853027344,9.46075439453125,23.376708984375
579,2,person,0,0.6157810091972351,361.6266784667969,240.02125549316406,12.8421630859375,26.38299560546875
579,12,person,0,0.3977101743221283,334.50177001953125,238.737548828125,8.179473876953125,29.1046142578125
579,15,person,0,0.5702998042106628,352.95489501953125,238.73338317871094,9.17108154296875,29.0858154296875
580,1,car,2,0.9235334992408752,508.6591491699219,313.1078796386719,116.38006591796875,85.07012939453125
580,14,person,0,0.6644884943962097,311.3494873046875,239.253173828125,9.459381103515625,23.515777587890625
580,2,person,0,0.5767815113067627,361.2091064453125,240.10260009765625,12.510223388671875,26.761978149414062
580,12,person,0,0.5431745052337646,333.7160949707031,238.12188720703125,8.2225341796875,28.460372924804688
580,15,person,0,0.5651557445526123,353.1546630859375,238.87173461914062,8.111541748046875,29.375076293945312
581,1,car,2,0.9222322702407837,508.5889892578125,313.13311767578125,116.42483520507812,85.07772827148438
581,14,person,0,0.642044723033905,310.8485107421875,239.18734741210938,9.01055908203125,23.31640625
581,2,person,0,0.32108816504478455,359.28448486328125,240.1427459716797,9.99615478515625,26.751007080078125
581,12,person,0,0.598372220993042,334.01019287109375,239.07008361816406,9.57550048828125,29.35137939453125
581,15,person,0,0.5399032235145569,353.35113525390625,239.11380004882812,8.062255859375,28.63385009765625
582,1,car,2,0.9230020642280579,508.5213928222656,313.13055419921875,116.48907470703125,84.96554565429688
582,14,person,0,0.6263686418533325,310.655517578125,239.01168823242188,8.392059326171875,23.126144409179688
582,2,person,0,0.19579920172691345,358.691162109375,240.01629638671875,9.46783447265625,27.33966064453125
582,12,person,0,0.38066238164901733,334.049072265625,239.1881103515625,10.554229736328125,30.806594848632812
582,15,person,0,0.5980781316757202,353.557373046875,239.4168243408203,9.118560791015625,28.795196533203125
583,1,car,2,0.921754777431488,508.64532470703125,313.07794189453125,116.62149047851562,85.00967407226562
583,14,person,0,0.6315104961395264,310.431884765625,238.92367553710938,8.111236572265625,22.955612182617188
583,12,person,0,0.24784961342811584,334.0521240234375,238.88131713867188,10.708709716796875,28.159042358398438
583,15,person,0,0.6067445278167725,354.6727294921875,239.43051147460938,10.972564697265625,29.238784790039062
584,1,car,2,0.9215825796127319,508.700927734375,312.96728515625,116.70333862304688,84.95147705078125
584,14,person,0,0.6513082981109619,310.0914306640625,239.09866333007812,8.601898193359375,23.167572021484375
584,12,person,0,0.27605703473091125,333.771728515625,239.71749877929688,10.30462646484375,28.5101318359375
584,15,person,0,0.502734899520874,355.0670166015625,239.01083374023438,11.791107177734375,29.164230346679688
585,1,car,2,0.9197829365730286,508.75531005859375,312.95159912109375,116.67489624023438,85.05722045898438
585,14,person,0,0.6566109657287598,309.82720947265625,239.2984619140625,8.629425048828125,23.436447143554688
585,12,person,0,0.23970535397529602,332.0340270996094,240.9021759033203,9.98785400390625,29.78515625
585,15,person,0,0.43870416283607483,355.2213439941406,239.37158203125,11.7181396484375,28.735153198242188
585,10,person,0,0.5042120218276978,337.56060791015625,236.30117797851562,7.601898193359375,28.298675537109375
586,1,car,2,0.921212911605835,508.71563720703125,312.97601318359375,116.5621337890625,84.99282836914062
586,14,person,0,0.6865155696868896,309.61566162109375,239.45108032226562,8.617401123046875,23.705123901367188
586,12,person,0,0.2167799323797226,330.79541015625,240.28892517089844,9.009490966796875,28.914276123046875
586,15,person,0,0.3750506639480591,355.73321533203125,239.6744384765625,10.405487060546875,28.165069580078125
586,10,person,0,0.6101581454277039,337.40020751953125,236.32015991210938,8.442657470703125,28.542205810546875
587,1,car,2,0.920291006565094,508.69293212890625,313.0379638671875,116.46786499023438,85.17007446289062
587,14,person,0,0.6770983934402466,309.3335876464844,239.75741577148438,8.50091552734375,23.719772338867188
587,12,person,0,0.2730507552623749,329.9561767578125,237.5504913330078,7.978607177734375,23.736419677734375
587,10,person,0,0.6230181455612183,337.68585205078125,236.7925567626953,10.175079345703125,29.14324951171875
588,1,car,2,0.9202579855918884,508.68408203125,313.08099365234375,116.43148803710938,85.29248046875
588,14,person,0,0.6989763379096985,309.09490966796875,240.152099609375,8.35772705078125,23.971145629882812
588,10,person,0,0.6088704466819763,337.7786865234375,237.45896911621094,10.559906005859375,29.343414306640625
588,9,person,0,0.5266632437705994,330.0698547363281,240.61294555664062,8.82861328125,30.25726318359375
588,2,person,0,0.5214259624481201,350.15118408203125,238.77008056640625,7.88238525390625,28.127761840820312
589,1,car,2,0.9186078310012817,508.727294921875,313.0336608886719,116.43399047851562,85.3619384765625
589,14,person,0,0.6588006615638733,309.03021240234375,240.35064697265625,8.038818359375,23.818862915039062
589,10,person,0,0.4584871828556061,337.910400390625,237.7257080078125,10.066375732421875,28.427505493164062
589,9,person,0,0.5735191106796265,329.8570251464844,240.72137451171875,8.7132568359375,30.299789428710938
589,2,person,0,0.5716783404350281,349.6871032714844,238.5050048828125,7.965087890625,27.473861694335938
590,1,car,2,0.92010897397995,508.7003479003906,313.05023193359375,116.42767333984375,85.26126098632812
590,14,person,0,0.3650795817375183,309.0172119140625,240.548583984375,7.721435546875,23.565338134765625
590,10,person,0,0.3104599714279175,338.1536865234375,238.29244995117188,10.759979248046875,28.006942749023438
590,9,person,0,0.47529980540275574,329.3182373046875,240.53013610839844,8.388519287109375,30.36602783203125
591,1,car,2,0.9212660193443298,508.6859130859375,313.076416015625,116.43093872070312,85.18869018554688
591,14,person,0,0.1612260788679123,308.7702331542969,240.7109832763672,7.2322998046875,22.875823974609375
591,10,person,0,0.5943560600280762,338.67889404296875,238.12747192382812,10.717926025390625,28.542495727539062
591,9,person,0,0.5616675615310669,328.8101806640625,240.24609375,8.237640380859375,28.556228637695312
592,1,car,2,0.9231647849082947,508.667724609375,313.1083984375,116.470458984375,85.14523315429688
592,10,person,0,0.6892868280410767,339.0091552734375,237.79074096679688,11.214691162109375,28.470840454101562
592,9,person,0,0.5030943751335144,327.6109619140625,240.59671020507812,9.831817626953125,30.576248168945312
593,1,car,2,0.9214239716529846,508.67242431640625,313.0904235839844,116.50497436523438,85.1297607421875
593,10,person,0,0.6456367373466492,339.38702392578125,237.79107666015625,11.44195556640625,28.977218627929688
593,9,person,0,0.5968407392501831,327.7676696777344,241.07537841796875,9.80078125,31.339462280273438
594,1,car,2,0.9236088395118713,508.5834045410156,313.16961669921875,116.44317626953125,85.01358032226562
594,10,person,0,0.6294341087341309,339.6524658203125,237.76165771484375,10.786529541015625,29.292205810546875
594,9,person,0,0.5872482061386108,327.59576416015625,241.08358764648438,9.875579833984375,31.941970825195312
595,1,car,2,0.9217549562454224,508.62603759765625,313.10516357421875,116.44100952148438,85.08074951171875
595,10,person,0,0.589107096195221,339.82696533203125,237.72708129882812,10.648101806640625,29.585983276367188
595,9,person,0,0.6829628944396973,327.11590576171875,241.0064697265625,10.126556396484375,31.2225341796875
595,16,person,0,0.5189842581748962,359.63470458984375,240.96669006347656,9.474945068359375,26.584991455078125
595,14,person,0,0.5047775506973267,308.4978942871094,240.27462768554688,6.87481689453125,24.2943115234375
596,1,car,2,0.9225358963012695,508.65045166015625,313.1103515625,116.47933959960938,85.03182983398438
596,10,person,0,0.5095713138580322,340.0313720703125,237.70681762695312,10.531402587890625,28.658355712890625
596,9,person,0,0.6552500128746033,326.8792724609375,240.95555114746094,10.2862548828125,31.023651123046875
596,16,person,0,0.46176084876060486,359.99755859375,241.4633026123047,9.292572021484375,26.141326904296875
596,14,person,0,0.46356627345085144,308.42706298828125,239.95925903320312,6.7509765625,24.027450561523438
596,2,person,0,0.5160467624664307,348.04736328125,239.87451171875,11.771728515625,26.6998291015625
597,1,car,2,0.9201933741569519,508.74725341796875,312.87255859375,116.50341796875,84.710693359375
597,10,person,0,0.5334484577178955,340.7672119140625,237.26419067382812,9.468109130859375,28.15740966796875
597,9,person,0,0.6096818447113037,326.56494140625,241.31793212890625,10.451690673828125,31.218994140625
597,16,person,0,0.37918204069137573,360.18359375,241.15194702148438,9.311676025390625,26.502304077148438
597,14,person,0,0.3750497102737427,308.41546630859375,239.87503051757812,6.555267333984375,23.550735473632812
597,2,person,0,0.5459945797920227,348.25714111328125,239.25982666015625,11.0965576171875,27.500518798828125
598,1,car,2,0.9210461378097534,508.6519775390625,312.8320007324219,116.40756225585938,84.44830322265625
598,10,person,0,0.47712090611457825,342.0091857910156,237.765869140625,10.85223388671875,29.956130981445312
598,9,person,0,0.6715525984764099,326.15789794921875,241.83413696289062,10.034088134765625,30.925460815429688
598,16,person,0,0.4154192805290222,360.39044189453125,240.8896484375,8.869903564453125,26.6856689453125
598,14,person,0,0.3855991065502167,308.2991638183594,239.92823791503906,6.49456787109375,23.6156005859375
598,2,person,0,0.32030731439590454,348.90850830078125,238.91439819335938,10.46514892578125,28.077804565429688
599,1,car,2,0.9207028150558472,508.697021484375,312.83648681640625,116.3612060546875,84.51046752929688
599,9,person,0,0.7047039270401001,325.61578369140625,241.72860717773438,10.214691162109375,31.0150146484375
599,16,person,0,0.16763049364089966,360.57208251953125,243.1885986328125,8.54486083984375,21.881393432617188
599,14,person,0,0.4596017003059387,308.35992431640625,239.57443237304688,6.53228759765625,23.782730102539062
599,2,person,0,0.5382159948348999,347.1436767578125,237.91172790527344,12.63104248046875,29.50396728515625
600,1,car,2,0.9207345247268677,508.8289794921875,312.82342529296875,116.41952514648438,84.67233276367188
600,9,person,0,0.7190333008766174,325.2174072265625,241.3096466064453,10.626373291015625,30.991790771484375
600,16,person,0,0.41952455043792725,361.21826171875,240.91290283203125,8.55108642578125,25.798995971679688
600,14,person,0,0.487352579832077,308.3831787109375,239.5232696533203,6.884979248046875,24.533203125
600,2,person,0,0.45410770177841187,346.84649658203125,237.56680297851562,13.781982421875,29.749008178710938
601,1,car,2,0.919853925704956,508.85809326171875,312.81317138671875,116.38143920898438,84.76202392578125
601,9,person,0,0.7122724652290344,324.993408203125,241.00901794433594,10.45831298828125,31.356109619140625
601,16,person,0,0.15235371887683868,361.2428283691406,240.53427124023438,8.329833984375,26.485183715820312
601,14,person,0,0.5024256110191345,308.2830810546875,239.5966796875,7.084381103515625,24.857864379882812
601,2,person,0,0.55096036195755,346.1287841796875,237.92697143554688,13.10894775390625,30.589263916015625
602,1,car,2,0.921052873134613,508.763427734375,312.90423583984375,116.36849975585938,84.77020263671875
602,9,person,0,0.7099457383155823,324.4900207519531,240.7991943359375,10.2060546875,31.560379028320312
602,14,person,0,0.4929463565349579,308.2116394042969,239.87289428710938,7.1346435546875,25.031417846679688
602,2,person,0,0.6331267356872559,346.1100158691406,238.07582092285156,12.544921875,30.992889404296875
603,1,car,2,0.9195594787597656,508.7328796386719,312.935302734375,116.44708251953125,84.7772216796875
603,9,person,0,0.678787887096405,324.26043701171875,240.54562377929688,10.342681884765625,31.999313354492188
603,14,person,0,0.4333116114139557,307.90069580078125,239.88893127441406,7.113494873046875,25.44476318359375
603,2,person,0,0.5549809336662292,346.01251220703125,237.9768829345703,12.052093505859375,31.17974853515625
604,1,car,2,0.9220248460769653,508.6799011230469,312.96734619140625,116.47894287109375,84.78286743164062
604,9,person,0,0.6509523391723633,324.14801025390625,240.68948364257812,10.0181884765625,31.694046020507812
604,14,person,0,0.3850610852241516,307.6983642578125,240.02381896972656,7.002044677734375,25.34954833984375
604,2,person,0,0.4926643669605255,346.16925048828125,237.88217163085938,10.51397705078125,30.766403198242188
605,1,car,2,0.9197778701782227,508.81793212890625,312.87847900390625,116.48391723632812,84.89801025390625
605,9,person,0,0.6914507746696472,323.67486572265625,240.5070037841797,10.09222412109375,31.135589599609375
605,14,person,0,0.3804890215396881,307.61614990234375,239.9060516357422,7.04925537109375,25.122955322265625
605,2,person,0,0.6109744906425476,346.5068664550781,238.17227172851562,9.59344482421875,30.932037353515625
606,1,car,2,0.9219790697097778,508.8176574707031,312.91827392578125,116.46527099609375,84.90362548828125
606,9,person,0,0.7045599222183228,322.7786865234375,240.42459106445312,10.907012939453125,31.301864624023438
606,14,person,0,0.31276261806488037,307.50970458984375,239.77481079101562,7.024322509765625,24.860336303710938
606,2,person,0,0.6429847478866577,346.7533264160156,238.17645263671875,9.14825439453125,31.071212768554688
606,16,person,0,0.5748525857925415,363.4818115234375,239.7219696044922,7.176483154296875,27.6490478515625
607,1,car,2,0.9215162992477417,508.77117919921875,312.89788818359375,116.52114868164062,84.91952514648438
607,9,person,0,0.6843641400337219,322.53045654296875,240.19436645507812,10.279296875,31.388565063476562
607,14,person,0,0.2812197208404541,307.51055908203125,239.73707580566406,7.009429931640625,25.11566162109375
607,2,person,0,0.6165674924850464,347.0174865722656,237.90203857421875,9.32025146484375,30.902664184570312
607,16,person,0,0.5746687054634094,363.919677734375,239.61199951171875,6.989776611328125,27.67572021484375
608,1,car,2,0.921802282333374,508.7843017578125,312.8934326171875,116.37881469726562,84.90414428710938
608,9,person,0,0.6871352791786194,322.3005676269531,239.98486328125,9.5755615234375,31.107376098632812
608,14,person,0,0.28560870885849,307.5196228027344,239.81832885742188,7.0438232421875,25.036392211914062
608,2,person,0,0.4477497637271881,347.58001708984375,236.87765502929688,9.616180419921875,29.006805419921875
608,16,person,0,0.5309745073318481,364.364013671875,239.66018676757812,7.288177490234375,27.552291870117188
609,1,car,2,0.9206114411354065,508.76690673828125,312.8810729980469,116.30615234375,84.9306640625
609,9,person,0,0.672481894493103,321.9642028808594,239.54315185546875,9.506591796875,30.27056884765625
609,14,person,0,0.3223615884780884,307.52117919921875,239.93807983398438,6.6282958984375,24.425430297851562
609,16,person,0,0.5386151671409607,364.80865478515625,239.6238250732422,7.552093505859375,27.907196044921875
609,10,person,0,0.6787952184677124,347.16650390625,238.07296752929688,11.531524658203125,31.158859252929688
610,1,car,2,0.9214298725128174,508.81378173828125,312.88189697265625,116.367431640625,84.95382690429688
610,9,person,0,0.6537421941757202,321.9940185546875,238.61553955078125,8.9437255859375,28.866241455078125
610,14,person,0,0.35723406076431274,307.35943603515625,239.85162353515625,6.3341064453125,24.220565795898438
610,16,person,0,0.5878536701202393,365.65386962890625,239.6910858154297,8.526580810546875,28.746063232421875
610,10,person,0,0.6687636375427246,347.4910888671875,238.09266662597656,11.950042724609375,31.124603271484375
611,1,car,2,0.920656144618988,508.7974548339844,312.91143798828125,116.36627197265625,84.97201538085938
611,9,person,0,0.691068708896637,321.86016845703125,238.22427368164062,8.8924560546875,28.216888427734375
611,14,person,0,0.5444990992546082,307.34857177734375,239.61216735839844,6.56982421875,24.19927978515625
611,16,person,0,0.4551885426044464,365.76983642578125,239.6334686279297,7.89447021484375,28.351043701171875
611,10,person,0,0.6493078470230103,348.68524169921875,238.099853515625,10.65252685546875,30.618240356445312
612,1,car,2,0.9228236079216003,508.7506103515625,312.9272155761719,116.324951171875,84.97821044921875
612,9,person,0,0.7136135101318359,321.53619384765625,238.13670349121094,9.236907958984375,28.660797119140625
612,14,person,0,0.5376004576683044,307.16693115234375,239.4266815185547,6.430023193359375,23.993621826171875
612,16,person,0,0.5839354991912842,366.03497314453125,239.625244140625,7.8758544921875,27.861953735351562
612,10,person,0,0.6133449077606201,349.65130615234375,237.67977905273438,9.739288330078125,30.03369140625
613,1,car,2,0.9220114946365356,508.7208251953125,312.891357421875,116.28128051757812,84.92324829101562
613,9,person,0,0.7017493844032288,321.17608642578125,238.40736389160156,9.56561279296875,29.1048583984375
613,14,person,0,0.5466324687004089,307.0826110839844,239.36444091796875,6.39508056640625,24.247970581054688
613,16,person,0,0.5122227072715759,366.54742431640625,239.8590087890625,8.673095703125,28.250747680664062
613,10,person,0,0.6603542566299438,350.0770568847656,237.6075439453125,10.06512451171875,29.51593017578125
614,1,car,2,0.9223023056983948,508.75433349609375,312.8482360839844,116.28817749023438,84.88299560546875
614,9,person,0,0.6248065233230591,320.6664123535156,238.60589599609375,10.21392822265625,28.7496337890625
614,14,person,0,0.4898328483104706,307.11309814453125,239.09829711914062,6.1951904296875,23.544998168945312
614,16,person,0,0.42501500248908997,367.058349609375,240.0247039794922,9.047149658203125,28.45928955078125
614,10,person,0,0.638985812664032,350.37005615234375,237.73013305664062,10.3414306640625,29.817596435546875
615,1,car,2,0.9237222671508789,508.7801208496094,312.865234375,116.40960693359375,84.788330078125
615,9,person,0,0.6431474089622498,320.3558349609375,238.23147583007812,10.538543701171875,28.189682006835938
615,14,person,0,0.45553550124168396,307.1787109375,238.97103881835938,6.01837158203125,22.746200561523438
615,16,person,0,0.43404239416122437,367.34173583984375,240.21798706054688,9.44708251953125,28.067642211914062
615,10,person,0,0.5931166410446167,350.7162780761719,237.801025390625,10.59527587890625,29.6103515625
615,13,person,0,0.5482538342475891,341.39874267578125,239.16647338867188,10.273651123046875,26.839035034179688
616,1,car,2,0.9221583604812622,508.79180908203125,312.87298583984375,116.3856201171875,84.71310424804688
616,9,person,0,0.5606541633605957,320.37554931640625,237.5817108154297,10.302001953125,26.120086669921875
616,14,person,0,0.36470210552215576,307.2342529296875,238.84323120117188,5.854766845703125,21.936660766601562
616,16,person,0,0.3456307053565979,367.6051025390625,240.8651885986328,9.986785888671875,27.0079345703125
616,10,person,0,0.5895320177078247,351.19891357421875,237.70623779296875,11.047027587890625,29.893829345703125
616,13,person,0,0.4797770380973816,341.26690673828125,239.0490264892578,9.422119140625,26.668304443359375
617,1,car,2,0.9213541746139526,508.8116760253906,312.85028076171875,116.40081787109375,84.73580932617188
617,9,person,0,0.28828999400138855,320.06170654296875,237.06100463867188,10.68255615234375,24.884841918945312
617,14,person,0,0.19805479049682617,307.11602783203125,238.88107299804688,6.227386474609375,21.921615600585938
617,16,person,0,0.3059718608856201,367.93505859375,241.5147247314453,10.108673095703125,25.590484619140625
617,10,person,0,0.6163864731788635,351.88995361328125,237.63470458984375,10.717132568359375,29.829147338867188
617,13,person,0,0.42121651768684387,341.37091064453125,238.93292236328125,10.394805908203125,27.075286865234375
618,1,car,2,0.9237277507781982,508.7758483886719,312.904296875,116.32818603515625,84.75234985351562
618,9,person,0,0.272184818983078,320.12646484375,236.90834045410156,10.90008544921875,24.373809814453125
618,14,person,0,0.16386373341083527,307.2754211425781,239.06263732910156,5.8583984375,21.3245849609375
618,16,person,0,0.23226594924926758,368.0326843261719,242.79888916015625,10.3023681640625,23.055267333984375
618,10,person,0,0.455828994512558,353.05950927734375,236.86993408203125,8.858978271484375,28.957412719726562
618,13,person,0,0.21394678950309753,340.16815185546875,238.6676025390625,9.80511474609375,26.29400634765625
619,1,car,2,0.9225323796272278,508.7442321777344,312.9311218261719,116.31146240234375,84.77374267578125
619,9,person,0,0.45930787920951843,319.8600769042969,237.5782928466797,11.3035888671875,25.92657470703125
619,14,person,0,0.15531222522258759,307.3603515625,239.00364685058594,5.59320068359375,21.152374267578125
619,16,person,0,0.43148767948150635,368.4905090332031,242.8506317138672,9.34173583984375,23.0753173828125
619,10,person,0,0.617747962474823,353.56689453125,237.01950073242188,8.925628662109375,29.371597290039062
619,13,person,0,0.3376190960407257,340.0289306640625,238.94137573242188,9.636749267578125,25.3238525390625
620,1,car,2,0.9221466779708862,508.71588134765625,312.9055480957031,116.30691528320312,84.7484130859375
620,9,person,0,0.3511846959590912,319.62725830078125,238.113525390625,11.520538330078125,26.775772094726562
620,16,person,0,0.45866596698760986,368.88677978515625,243.15167236328125,9.243560791015625,22.964614868164062
620,10,person,0,0.49083834886550903,354.2603454589844,236.95712280273438,8.34515380859375,29.5965576171875
620,13,person,0,0.49933794140815735,339.0572204589844,239.2445526123047,8.40863037109375,25.0318603515625
621,1,car,2,0.9217545390129089,508.7067565917969,312.8907165527344,116.29388427734375,84.7667236328125
621,9,person,0,0.29859110713005066,319.31500244140625,238.5384063720703,11.634429931640625,27.23565673828125
621,16,person,0,0.5261207222938538,369.34161376953125,243.33921813964844,8.852081298828125,22.282562255859375
621,10,person,0,0.5642639994621277,354.557373046875,237.002197265625,8.362060546875,29.749481201171875
621,13,person,0,0.5075141787528992,338.23388671875,239.38607788085938,8.694549560546875,24.847610473632812
622,1,car,2,0.9225537776947021,508.69403076171875,312.94256591796875,116.30184936523438,84.78109741210938
622,9,person,0,0.3584999144077301,319.08782958984375,238.0821533203125,11.50250244140625,27.634490966796875
622,16,person,0,0.4706473648548126,369.8924560546875,243.636962890625,8.076416015625,20.994827270507812
622,10,person,0,0.5795816779136658,354.94903564453125,237.06875610351562,8.1800537109375,30.479080200195312
622,13,person,0,0.47302839159965515,337.87701416015625,239.3760223388672,7.94366455078125,24.0599365234375
623,1,car,2,0.9209622740745544,508.7295227050781,312.8990783691406,116.37213134765625,84.73553466796875
623,9,person,0,0.20396126806735992,318.9131774902344,237.90670776367188,11.11114501953125,27.09881591796875
623,16,person,0,0.27178627252578735,370.3385009765625,243.7802734375,7.480560302734375,20.630462646484375
623,10,person,0,0.5317479372024536,355.47674560546875,237.1863250732422,8.285858154296875,30.875091552734375
623,13,person,0,0.4882965087890625,337.5703125,239.57476806640625,8.345062255859375,24.118148803710938
624,1,car,2,0.921080470085144,508.7879333496094,312.835693359375,116.41827392578125,84.63998413085938
624,9,person,0,0.2898377776145935,318.68798828125,237.93170166015625,11.226898193359375,26.803817749023438
624,16,person,0,0.40275678038597107,370.79254150390625,243.5900115966797,7.213287353515625,20.56402587890625
624,10,person,0,0.5716776251792908,355.992919921875,237.12144470214844,7.81201171875,30.52728271484375
624,13,person,0,0.4936157166957855,337.453125,239.91015625,7.779815673828125,23.757858276367188
625,1,car,2,0.9214478731155396,508.83990478515625,312.82220458984375,116.48196411132812,84.77682495117188
625,9,person,0,0.43696656823158264,318.61224365234375,238.23675537109375,11.153472900390625,26.683242797851562
625,16,person,0,0.4768989086151123,371.4072570800781,242.67050170898438,6.9161376953125,21.62969970703125
625,10,person,0,0.7025921940803528,356.48553466796875,237.03314208984375,8.2828369140625,30.4619140625
625,13,person,0,0.26341432332992554,337.029541015625,240.3118438720703,7.654296875,23.692108154296875
626,1,car,2,0.9226111769676208,508.83203125,312.84942626953125,116.48831176757812,84.78494262695312
626,9,person,0,0.5731772780418396,318.33056640625,238.310791015625,10.755859375,26.548782348632812
626,16,person,0,0.4337390959262848,371.8597412109375,242.06060791015625,6.914276123046875,23.01043701171875
626,10,person,0,0.6511439085006714,356.96685791015625,236.67437744140625,8.181915283203125,29.6248779296875
627,1,car,2,0.919359028339386,508.8106689453125,312.8096923828125,116.46499633789062,84.91256713867188
627,9,person,0,0.6022655963897705,318.4117431640625,238.4062042236328,10.365081787109375,26.716064453125
627,16,person,0,0.43514353036880493,372.24432373046875,241.57223510742188,7.1085205078125,23.225357055664062
627,10,person,0,0.6527400612831116,357.32037353515625,236.77565002441406,8.282012939453125,29.978363037109375
628,1,car,2,0.9225937724113464,508.7294921875,312.970947265625,116.356201171875,85.05645751953125
628,9,person,0,0.5975301265716553,318.3567810058594,238.6387176513672,10.497802734375,27.305877685546875
628,10,person,0,0.4712703227996826,357.6741027832031,237.18789672851562,8.31689453125,28.710891723632812
628,13,person,0,0.5095611214637756,334.428955078125,240.31027221679688,8.875091552734375,24.129608154296875
629,1,car,2,0.9219475388526917,508.7314453125,312.9490051269531,116.32998657226562,85.107666015625
629,9,person,0,0.5512458682060242,318.14605712890625,238.6538543701172,10.400115966796875,27.50201416015625
629,10,person,0,0.5858970880508423,358.1162109375,237.19097900390625,8.7564697265625,28.920745849609375
629,13,person,0,0.5214480757713318,333.9607849121094,240.42120361328125,8.67633056640625,24.204345703125
630,1,car,2,0.9211224913597107,508.716064453125,312.8701171875,116.30374145507812,84.98931884765625
630,9,person,0,0.5111454129219055,317.90191650390625,238.67095947265625,10.41290283203125,27.651519775390625
630,10,person,0,0.5398158431053162,358.29791259765625,237.4407958984375,9.074676513671875,29.274169921875
630,13,person,0,0.5096216201782227,333.45172119140625,239.795654296875,9.378082275390625,25.067459106445312
631,1,car,2,0.9218218326568604,508.7327880859375,312.88836669921875,116.32656860351562,85.13296508789062
631,9,person,0,0.6034923791885376,317.7462158203125,238.3759765625,10.157806396484375,27.304397583007812
631,10,person,0,0.6282336711883545,358.7278747558594,237.51168823242188,9.590087890625,29.391738891601562
631,13,person,0,0.4385564625263214,333.3580017089844,239.39962768554688,9.5673828125,25.987106323242188
631,16,person,0,0.5045334100723267,373.66241455078125,241.05191040039062,9.039093017578125,25.553634643554688
632,1,car,2,0.9225907921791077,508.72991943359375,312.95245361328125,116.29855346679688,85.1607666015625
632,9,person,0,0.5852859020233154,317.553955078125,238.48519897460938,9.86138916015625,27.93048095703125
632,10,person,0,0.6437005996704102,359.4919128417969,237.75949096679688,10.8599853515625,29.465164184570312
632,13,person,0,0.5132596492767334,333.436279296875,239.3251953125,10.0093994140625,26.571578979492188
632,16,person,0,0.5161063075065613,373.94720458984375,241.18624877929688,9.73529052734375,25.81329345703125
633,1,car,2,0.9217529296875,508.6610107421875,313.0203857421875,116.307373046875,85.23483276367188
633,9,person,0,0.6417351365089417,317.63006591796875,238.8492431640625,9.684478759765625,28.451705932617188
633,10,person,0,0.6198681592941284,359.94305419921875,238.48944091796875,11.8450927734375,28.864761352539062
633,13,person,0,0.6542184948921204,333.13916015625,239.4776611328125,10.703857421875,26.537261962890625
633,16,person,0,0.4145321547985077,374.13568115234375,241.55941772460938,10.196014404296875,24.953125
634,1,car,2,0.9230840802192688,508.6746826171875,313.058837890625,116.2747802734375,85.21524047851562
634,9,person,0,0.663175106048584,317.6592102050781,239.24974060058594,9.369384765625,28.789215087890625
634,10,person,0,0.6289106011390686,360.1981506347656,238.6011199951172,12.18634033203125,28.60919189453125
634,13,person,0,0.5415947437286377,333.1932373046875,239.5552978515625,10.564971923828125,26.032119750976562
634,16,person,0,0.5163065791130066,374.55908203125,241.44223022460938,10.830535888671875,25.141891479492188
635,1,car,2,0.9231655597686768,508.6907043457031,313.06072998046875,116.32342529296875,85.14010620117188
635,9,person,0,0.6463568806648254,317.759033203125,239.43572998046875,9.409149169921875,28.964126586914062
635,10,person,0,0.6300992369651794,360.37640380859375,238.65011596679688,12.296844482421875,28.595748901367188
635,13,person,0,0.5837051868438721,332.4685363769531,239.69174194335938,11.84625244140625,25.8314208984375
635,16,person,0,0.4814760982990265,374.974365234375,241.19882202148438,11.31219482421875,25.570785522460938
636,1,car,2,0.9232345819473267,508.7127685546875,313.07452392578125,116.30349731445312,85.10794067382812
636,9,person,0,0.6457977294921875,317.7672119140625,239.615966796875,9.639923095703125,29.637680053710938
636,10,person,0,0.5925731062889099,360.41131591796875,238.56448364257812,12.6026611328125,29.092453002929688
636,13,person,0,0.5578330755233765,332.27978515625,239.68963623046875,12.17376708984375,25.99212646484375
636,16,person,0,0.5304884314537048,375.48114013671875,240.97811889648438,11.592681884765625,25.805496215820312
637,1,car,2,0.9213300943374634,508.70684814453125,312.9923095703125,116.24459838867188,84.97750854492188
637,9,person,0,0.5863140225410461,317.89581298828125,239.84078979492188,9.68341064453125,29.987045288085938
637,10,person,0,0.668122410774231,360.5713195800781,238.7291259765625,12.65179443359375,28.718719482421875
637,13,person,0,0.6086450815200806,330.96099853515625,239.640869140625,13.642425537109375,26.250534057617188
637,16,person,0,0.6141605973243713,375.95062255859375,240.92141723632812,11.8519287109375,25.73101806640625
638,1,car,2,0.9213215708732605,508.7216796875,312.974365234375,116.280517578125,84.95404052734375
638,9,person,0,0.5595114231109619,317.84039306640625,239.71421813964844,9.260986328125,29.510589599609375
638,10,person,0,0.6535319089889526,361.0546875,238.30397033691406,12.198577880859375,28.970184326171875
638,13,person,0,0.6216462254524231,329.9869384765625,239.34014892578125,14.335693359375,26.403030395507812
638,16,person,0,0.5519198775291443,376.334228515625,240.8123779296875,11.974639892578125,26.24951171875
639,1,car,2,0.9213736653327942,508.7265625,312.88775634765625,116.2984619140625,84.86843872070312
639,9,person,0,0.5128193497657776,317.9352722167969,239.24143981933594,9.12579345703125,28.800933837890625
639,10,person,0,0.649135172367096,361.216552734375,238.32827758789062,12.365386962890625,28.740402221679688
639,13,person,0,0.5781887173652649,329.43280029296875,239.22850036621094,13.929168701171875,26.6014404296875
639,16,person,0,0.5544639825820923,376.69512939453125,240.84007263183594,11.92401123046875,26.0767822265625
640,1,car,2,0.9218623638153076,508.71929931640625,312.8649597167969,116.37454223632812,84.744140625
640,9,person,0,0.5034684538841248,318.1930236816406,239.7110137939453,9.04803466796875,29.084014892578125
640,10,person,0,0.6509027481079102,361.63726806640625,238.39730834960938,11.524322509765625,28.34808349609375
640,13,person,0,0.5883917212486267,329.9005126953125,239.28176879882812,12.337890625,26.799209594726562
640,16,person,0,0.6485614776611328,377.0394287109375,240.82208251953125,12.05828857421875,26.223190307617188
641,1,car,2,0.9215690493583679,508.73333740234375,312.86151123046875,116.37991333007812,84.70669555664062
641,9,person,0,0.5211113095283508,318.2762451171875,239.88754272460938,9.010223388671875,28.819656372070312
641,10,person,0,0.6736080646514893,362.30389404296875,238.72976684570312,11.301239013671875,27.454360961914062
641,13,person,0,0.6352167129516602,329.5915832519531,239.30075073242188,10.9921875,27.0179443359375
641,16,person,0,0.6483786106109619,377.43994140625,241.01239013671875,12.218231201171875,25.883590698242188
642,1,car,2,0.9221991896629333,508.737060546875,312.89593505859375,116.38937377929688,84.71609497070312
642,9,person,0,0.5416233539581299,318.55401611328125,239.72317504882812,9.441436767578125,29.47802734375
642,10,person,0,0.49215570092201233,362.7139892578125,238.8159637451172,10.275177001953125,26.16082763671875
642,13,person,0,0.5071538686752319,329.03948974609375,239.48828125,9.902252197265625,26.933181762695312
642,16,person,0,0.6083822250366211,377.69482421875,241.10736083984375,11.968841552734375,25.661178588867188
643,1,car,2,0.9216380715370178,508.7314453125,312.9320068359375,116.38204956054688,84.79263305664062
643,9,person,0,0.5282717347145081,318.53118896484375,239.2581787109375,9.454559326171875,28.600601196289062
643,10,person,0,0.5388135313987732,363.6055908203125,238.581298828125,9.938201904296875,26.245254516601562
643,13,person,0,0.5382275581359863,328.1314392089844,239.61175537109375,9.23681640625,27.147674560546875
643,16,person,0,0.6328709125518799,377.9781799316406,241.20562744140625,11.20654296875,25.29534912109375
644,1,car,2,0.9222602248191833,508.7367248535156,312.909423828125,116.38873291015625,84.74240112304688
644,9,person,0,0.482777863740921,318.4437255859375,238.68580627441406,9.072784423828125,27.67724609375
644,10,person,0,0.7148230671882629,364.707275390625,238.04705810546875,9.875701904296875,28.782333374023438
644,13,person,0,0.6173725128173828,327.11944580078125,239.49688720703125,8.834197998046875,26.986190795898438
644,16,person,0,0.6949657797813416,378.1666259765625,241.095703125,10.915802001953125,25.619949340820312
645,1,car,2,0.921245813369751,508.77685546875,312.83709716796875,116.3624267578125,84.75552368164062
645,9,person,0,0.48040086030960083,318.6448974609375,238.5152587890625,9.147369384765625,27.976058959960938
645,10,person,0,0.7381361722946167,365.401611328125,237.71429443359375,9.787567138671875,29.899520874023438
645,13,person,0,0.5970097780227661,326.28662109375,239.1937713623047,8.749969482421875,27.525634765625
645,16,person,0,0.702811598777771,378.1981201171875,241.11526489257812,10.779571533203125,25.548934936523438
646,1,car,2,0.9223047494888306,508.78741455078125,312.81842041015625,116.35134887695312,84.70571899414062
646,9,person,0,0.3901790976524353,318.88482666015625,238.89956665039062,9.262054443359375,29.200424194335938
646,10,person,0,0.7449224591255188,365.60736083984375,237.42636108398438,9.683135986328125,29.78839111328125
646,13,person,0,0.5810732245445251,326.0006103515625,239.37982177734375,8.827728271484375,27.974227905273438
646,16,person,0,0.711188018321991,378.396240234375,241.23098754882812,10.585205078125,25.342391967773438
647,1,car,2,0.9219957590103149,508.755859375,312.85797119140625,116.3323974609375,84.76559448242188
647,9,person,0,0.39490601420402527,319.11956787109375,239.07186889648438,9.3175048828125,29.582351684570312
647,10,person,0,0.7289220690727234,365.98577880859375,237.5318603515625,9.341217041015625,30.103530883789062
647,13,person,0,0.46168699860572815,325.8656005859375,239.81866455078125,8.410186767578125,28.089187622070312
647,16,person,0,0.649638295173645,378.5074157714844,241.57559204101562,10.00006103515625,25.18353271484375
648,1,car,2,0.9225072860717773,508.78424072265625,312.8316955566406,116.39279174804688,84.729248046875
648,9,person,0,0.4475581645965576,321.138916015625,238.89913940429688,10.516754150390625,29.551467895507812
648,10,person,0,0.7203056216239929,366.23504638671875,238.0445556640625,8.806854248046875,30.062713623046875
648,13,person,0,0.4470461308956146,325.7231140136719,239.6464080810547,8.247314453125,28.928924560546875
648,16,person,0,0.5699352025985718,378.5168151855469,241.94180297851562,9.34527587890625,24.850906372070312
649,1,car,2,0.9227191805839539,508.770263671875,312.8609924316406,116.37570190429688,84.70416259765625
649,9,person,0,0.4492887854576111,321.7752685546875,238.63714599609375,10.52520751953125,28.937637329101562
649,10,person,0,0.7227885127067566,366.4393615722656,238.0260467529297,8.86920166015625,30.454345703125
649,13,person,0,0.4830651581287384,325.8463134765625,239.51339721679688,7.909912109375,28.796981811523438
649,16,person,0,0.5613300800323486,378.43792724609375,242.27078247070312,8.99853515625,24.897796630859375
650,1,car,2,0.9234574437141418,508.75927734375,312.89508056640625,116.32400512695312,84.68243408203125
650,9,person,0,0.6330766677856445,322.3623046875,238.62826538085938,12.153472900390625,29.441146850585938
650,10,person,0,0.7204738855361938,366.69671630859375,238.06544494628906,8.79986572265625,30.4490966796875
650,16,person,0,0.5609803795814514,378.38983154296875,242.40049743652344,8.819732666015625,25.027099609375
651,1,car,2,0.9239256381988525,508.7568359375,312.90576171875,116.28762817382812,84.70037841796875
651,9,person,0,0.6762884259223938,322.6219482421875,238.69583129882812,12.964508056640625,29.379638671875
651,10,person,0,0.7201782464981079,367.0162658691406,238.39877319335938,8.92315673828125,29.010513305664062
651,16,person,0,0.5297545194625854,378.29266357421875,242.32630920410156,8.8011474609375,25.28582763671875
652,1,car,2,0.9244048595428467,508.75897216796875,312.88525390625,116.27474975585938,84.66970825195312
652,9,person,0,0.6953693628311157,322.6927490234375,238.52716064453125,13.323638916015625,30.221939086914062
652,10,person,0,0.7019808292388916,367.3521423339844,238.95526123046875,8.939697265625,27.634140014648438
652,16,person,0,0.573515772819519,378.1773681640625,242.1059112548828,8.712493896484375,25.308349609375
653,1,car,2,0.9231250286102295,508.724853515625,312.9640197753906,116.27603149414062,84.8077392578125
653,9,person,0,0.7282788157463074,322.6439514160156,238.43023681640625,13.675048828125,30.575897216796875
653,10,person,0,0.6311978697776794,367.66558837890625,238.88555908203125,8.817596435546875,27.791061401367188
653,16,person,0,0.5263582468032837,377.9821472167969,242.14627075195312,8.64178466796875,25.339614868164062
654,1,car,2,0.9229438304901123,508.75140380859375,312.938720703125,116.28097534179688,84.79586791992188
654,9,person,0,0.7158259153366089,322.93756103515625,238.452880859375,13.618927001953125,30.633926391601562
654,10,person,0,0.6171827912330627,367.97943115234375,238.77078247070312,9.122955322265625,28.464950561523438
654,16,person,0,0.5052288174629211,377.8145751953125,242.5283660888672,8.716949462890625,24.859283447265625
655,1,car,2,0.9226232767105103,508.7523193359375,312.9544372558594,116.307861328125,84.86151123046875
655,9,person,0,0.728765606880188,323.45379638671875,238.36593627929688,12.900390625,30.641891479492188
655,10,person,0,0.6393049359321594,368.3865966796875,238.25836181640625,9.01678466796875,29.015243530273438
655,16,person,0,0.48542866110801697,377.69049072265625,242.62660217285156,8.890472412109375,24.871246337890625
656,1,car,2,0.923039436340332,508.75396728515625,312.8597412109375,116.30972290039062,84.6932373046875
656,9,person,0,0.7098730802536011,323.6531677246094,238.23391723632812,11.6866455078125,30.720504760742188
656,10,person,0,0.6538006663322449,368.6202697753906,238.14244079589844,9.09014892578125,29.160858154296875
656,16,person,0,0.4611184597015381,377.60540771484375,242.26910400390625,8.772979736328125,25.959197998046875
657,1,car,2,0.920529305934906,508.768798828125,312.7960205078125,116.2960205078125,84.68511962890625
657,9,person,0,0.7158138751983643,323.5611572265625,238.14443969726562,10.72357177734375,30.728683471679688
657,10,person,0,0.6541783809661865,368.9794921875,238.0954132080078,9.643585205078125,29.507568359375
657,16,person,0,0.2686975598335266,377.45245361328125,242.2013702392578,8.6209716796875,25.656646728515625
658,1,car,2,0.9225991368293762,508.7557373046875,312.820068359375,116.2843017578125,84.62863159179688
658,9,person,0,0.6398523449897766,323.45220947265625,238.23220825195312,10.281951904296875,30.611221313476562
658,10,person,0,0.6266832947731018,369.19512939453125,237.97586059570312,10.262481689453125,29.907379150390625
658,16,person,0,0.29970332980155945,377.2429504394531,242.26577758789062,8.65924072265625,25.236709594726562
659,1,car,2,0.9219340682029724,508.7447509765625,312.9178466796875,116.27392578125,84.8656005859375
659,9,person,0,0.6426405906677246,323.3758544921875,238.52352905273438,9.959503173828125,30.813064575195312
659,10,person,0,0.6823790669441223,369.45172119140625,237.91067504882812,10.137115478515625,29.8546142578125
659,16,person,0,0.1552141159772873,376.53173828125,241.14242553710938,8.0560302734375,26.55615234375
660,1,car,2,0.9221251010894775,508.7445068359375,312.92279052734375,116.271484375,84.86160278320312
660,9,person,0,0.6917133927345276,323.72625732421875,239.09536743164062,9.408355712890625,30.051605224609375
660,10,person,0,0.7346651554107666,369.59613037109375,237.654296875,9.816741943359375,29.880447387695312
660,16,person,0,0.2936602830886841,376.4334716796875,240.65121459960938,8.025482177734375,27.806076049804688
661,1,car,2,0.9218490719795227,508.7416076660156,312.91729736328125,116.28765869140625,84.88815307617188
661,9,person,0,0.6411380767822266,324.14288330078125,239.0975341796875,9.084197998046875,29.05084228515625
661,10,person,0,0.6744095087051392,370.26593017578125,237.64105224609375,8.9700927734375,29.47357177734375
661,16,person,0,0.3138165771961212,376.1475524902344,239.90750122070312,8.32965087890625,29.103912353515625
662,1,car,2,0.9222431778907776,508.7352294921875,312.93756103515625,116.27450561523438,84.86459350585938
662,9,person,0,0.7106504440307617,324.6539306640625,237.94769287109375,8.455230712890625,25.64013671875
662,16,person,0,0.5443160533905029,374.5910949707031,239.1826629638672,11.2520751953125,30.99798583984375
663,1,car,2,0.92292320728302,508.7510986328125,312.9382629394531,116.27462768554688,84.87200927734375
663,9,person,0,0.6702942848205566,324.86700439453125,238.06234741210938,8.232330322265625,24.694503784179688
663,16,person,0,0.5723714828491211,374.3048095703125,239.08505249023438,12.076751708984375,30.148345947265625
664,1,car,2,0.9218376278877258,508.7161560058594,312.8902893066406,116.24505615234375,84.68365478515625
664,9,person,0,0.5917354226112366,325.30084228515625,239.10389709472656,8.604339599609375,26.3111572265625
664,16,person,0,0.5778821110725403,374.13568115234375,239.217529296875,12.405120849609375,29.925430297851562
664,17,person,0,0.5539618134498596,312.03326416015625,239.1043243408203,7.18896484375,21.950714111328125
665,1,car,2,0.9207029938697815,508.7245178222656,312.89422607421875,116.32086181640625,84.6685791015625
665,9,person,0,0.5923557281494141,326.0954895019531,238.99305725097656,9.4481201171875,26.4996337890625
665,16,person,0,0.44777897000312805,374.046875,239.2823486328125,11.799285888671875,29.720016479492188
665,17,person,0,0.3857848346233368,312.58782958984375,238.91038513183594,7.39501953125,23.46722412109375
666,1,car,2,0.9210578203201294,508.741943359375,312.8312683105469,116.3624267578125,84.4722900390625
666,9,person,0,0.6150160431861877,326.65740966796875,239.27169799804688,10.09661865234375,28.175216674804688
667,1,car,2,0.9207314848899841,508.75347900390625,312.7856140136719,116.393310546875,84.4114990234375
667,9,person,0,0.5563875436782837,326.8953857421875,239.04135131835938,9.750885009765625,26.539718627929688
667,13,person,0,0.5879257917404175,316.3993835449219,238.7314453125,9.81329345703125,25.400283813476562
668,1,car,2,0.9226569533348083,508.7295837402344,312.8078918457031,116.37127685546875,84.43670654296875
668,9,person,0,0.5629448890686035,327.4084167480469,239.105224609375,9.7457275390625,26.505386352539062
668,13,person,0,0.6972977519035339,316.2235107421875,238.74166870117188,10.396759033203125,25.827972412109375
669,1,car,2,0.9220883250236511,508.7510986328125,312.8338623046875,116.39932250976562,84.54913330078125
669,9,person,0,0.47050610184669495,327.42236328125,239.153076171875,9.38311767578125,25.738449096679688
669,13,person,0,0.7168304920196533,316.0517578125,238.670166015625,10.649383544921875,26.50048828125
670,1,car,2,0.9221057295799255,508.70977783203125,312.8802795410156,116.361328125,84.56500244140625
670,9,person,0,0.41981714963912964,327.7800598144531,239.01300048828125,9.24041748046875,25.673065185546875
670,13,person,0,0.7104185819625854,315.87213134765625,238.56790161132812,10.588775634765625,26.248550415039062
671,1,car,2,0.9214518070220947,508.7208251953125,312.904052734375,116.35647583007812,84.5794677734375
671,9,person,0,0.5058960914611816,328.67608642578125,238.6186981201172,10.22833251953125,25.157684326171875
671,13,person,0,0.7268264889717102,316.0054931640625,238.30462646484375,10.09814453125,26.600326538085938
671,10,person,0,0.6622751355171204,374.34991455078125,239.75730895996094,10.417755126953125,30.809295654296875
672,1,car,2,0.9208419919013977,508.73101806640625,312.9219665527344,116.30752563476562,84.61962890625
672,9,person,0,0.6263973712921143,329.2213134765625,238.0223388671875,10.374755859375,25.32635498046875
672,13,person,0,0.7303287386894226,316.1801452636719,238.25527954101562,9.74249267578125,27.170562744140625
672,10,person,0,0.7006694674491882,374.55078125,239.83059692382812,10.69122314453125,30.749465942382812
673,1,car,2,0.9197794198989868,508.72991943359375,312.86920166015625,116.2589111328125,84.535400390625
673,9,person,0,0.6864242553710938,329.7759704589844,237.424072265625,10.5447998046875,25.778091430664062
673,13,person,0,0.7323371171951294,315.9140625,238.23626708984375,10.109405517578125,27.268142700195312
673,10,person,0,0.6912895441055298,374.53863525390625,239.85792541503906,11.348419189453125,30.9759521484375
674,1,car,2,0.9197586178779602,508.72857666015625,312.82623291015625,116.25082397460938,84.49813842773438
674,9,person,0,0.6688884496688843,330.2951965332031,236.97659301757812,10.73858642578125,26.430282592773438
674,13,person,0,0.6887759566307068,315.5360107421875,238.4439697265625,10.455352783203125,27.417556762695312
674,10,person,0,0.64698725938797,374.50518798828125,239.84039306640625,11.899017333984375,30.894607543945312
675,1,car,2,0.9223905801773071,508.7626953125,312.7789611816406,116.287841796875,84.4002685546875
675,9,person,0,0.7008828520774841,330.6807861328125,237.0206298828125,10.589935302734375,27.523300170898438
675,13,person,0,0.7365075945854187,315.2509460449219,238.548583984375,10.514404296875,27.42578125
675,10,person,0,0.6060035824775696,374.4613037109375,239.83917236328125,13.125335693359375,30.773117065429688
676,1,car,2,0.9217521548271179,508.7611083984375,312.7713623046875,116.28695678710938,84.31793212890625
676,9,person,0,0.7011324167251587,331.1330261230469,237.70506286621094,11.1243896484375,29.0712890625
676,13,person,0,0.7394540309906006,315.03082275390625,238.87490844726562,10.837860107421875,26.707901000976562
676,10,person,0,0.5429771542549133,374.39691162109375,239.72027587890625,14.126495361328125,30.66595458984375
677,1,car,2,0.9212276935577393,508.77880859375,312.8408203125,116.31246948242188,84.450927734375
677,9,person,0,0.6809071898460388,331.48297119140625,237.71490478515625,11.131744384765625,29.341110229492188
677,13,person,0,0.6863991618156433,315.15606689453125,239.09405517578125,11.46160888671875,26.6171875
677,10,person,0,0.5209147334098816,375.69921875,238.96017456054688,12.881500244140625,29.807510375976562
678,1,car,2,0.9203944802284241,508.74761962890625,312.8782653808594,116.322021484375,84.366943359375
678,9,person,0,0.7283163666725159,331.7680358886719,238.0194854736328,11.1187744140625,30.193328857421875
678,13,person,0,0.6542730927467346,315.1392822265625,239.35772705078125,11.918670654296875,26.282470703125
678,10,person,0,0.5925646424293518,376.95819091796875,238.04603576660156,11.244842529296875,28.49462890625
679,1,car,2,0.9196006059646606,508.7429504394531,312.8717041015625,116.29241943359375,84.38699340820312
679,9,person,0,0.7333213686943054,331.9210205078125,238.61643981933594,11.2607421875,31.802978515625
679,13,person,0,0.6303594708442688,315.07916259765625,238.62857055664062,12.285186767578125,26.591766357421875
679,10,person,0,0.6789562702178955,377.467041015625,237.66909790039062,11.004486083984375,27.655960083007812
680,1,car,2,0.91986483335495,508.7372741699219,312.88873291015625,116.25347900390625,84.50076293945312
680,9,person,0,0.7244811654090881,332.57281494140625,238.79544067382812,11.3699951171875,31.585586547851562
680,13,person,0,0.5236964225769043,314.083251953125,238.61988830566406,11.129302978515625,26.26593017578125
680,10,person,0,0.6947445273399353,377.74957275390625,237.6750946044922,11.110260009765625,27.187835693359375
681,1,car,2,0.9212772250175476,508.7464599609375,312.95745849609375,116.26095581054688,84.61260986328125
681,9,person,0,0.6716316938400269,332.88189697265625,238.17007446289062,10.844573974609375,30.587844848632812
681,13,person,0,0.6218448281288147,313.644775390625,239.07955932617188,10.467315673828125,25.720794677734375
681,10,person,0,0.7220309972763062,377.9292907714844,237.46044921875,10.8668212890625,27.173324584960938
682,1,car,2,0.9209142327308655,508.747802734375,312.9819641113281,116.26174926757812,84.652099609375
682,9,person,0,0.7023670077323914,333.24346923828125,237.08309936523438,10.796234130859375,27.84454345703125
682,13,person,0,0.6322637796401978,313.5989990234375,239.22427368164062,11.349273681640625,25.327072143554688
682,10,person,0,0.7311486005783081,378.2008056640625,237.88217163085938,10.820953369140625,27.79534912109375
683,1,car,2,0.9208514094352722,508.73223876953125,312.9951477050781,116.24258422851562,84.72845458984375
683,9,person,0,0.6874513626098633,333.92816162109375,236.81951904296875,11.072235107421875,27.684341430664062
683,13,person,0,0.6371553540229797,313.68255615234375,239.08111572265625,11.720062255859375,24.467666625976562
683,10,person,0,0.7407242059707642,378.32012939453125,237.80587768554688,10.815277099609375,28.10015869140625
684,1,car,2,0.9216400384902954,508.70672607421875,313.03875732421875,116.2042236328125,84.68865966796875
684,9,person,0,0.7022619247436523,334.00323486328125,236.9237060546875,10.401336669921875,27.553573608398438
684,13,person,0,0.67151939868927,313.1343688964844,239.1459503173828,11.2127685546875,24.046600341796875
684,10,person,0,0.7435528039932251,378.48272705078125,237.42874145507812,10.979461669921875,28.747283935546875
685,1,car,2,0.9204687476158142,508.6949768066406,312.9892578125,116.18585205078125,84.526123046875
685,9,person,0,0.6879981756210327,334.1840515136719,237.3280029296875,10.4151611328125,28.50714111328125
685,13,person,0,0.645778238773346,312.53570556640625,239.19679260253906,11.085357666015625,23.883087158203125
685,10,person,0,0.7594327926635742,378.73126220703125,237.02499389648438,11.183624267578125,28.77886962890625
686,1,car,2,0.9209222197532654,508.7110290527344,312.94219970703125,116.25469970703125,84.40420532226562
686,9,person,0,0.6436786651611328,334.5084533691406,237.174072265625,10.407958984375,28.219985961914062
686,13,person,0,0.6674562096595764,312.08160400390625,238.96307373046875,10.32470703125,23.538803100585938
686,10,person,0,0.7791453003883362,378.8891296386719,236.81793212890625,11.1898193359375,28.60101318359375
687,1,car,2,0.9217407703399658,508.74267578125,312.99566650390625,116.27816772460938,84.47537231445312
687,9,person,0,0.6202746629714966,334.88482666015625,236.7286376953125,10.839630126953125,27.458938598632812
687,13,person,0,0.6600926518440247,311.8580322265625,238.96324157714844,9.778656005859375,23.723968505859375
687,10,person,0,0.7811302542686462,379.15509033203125,236.5418701171875,11.173187255859375,28.651473999023438
687,17,person,0,0.5705664157867432,321.5939636230469,239.7853240966797,7.4818115234375,21.424072265625
688,1,car,2,0.9212512373924255,508.73870849609375,313.043212890625,116.3720703125,84.57101440429688
688,9,person,0,0.5736984610557556,334.76763916015625,236.310791015625,9.881011962890625,27.030380249023438
688,13,person,0,0.6432843208312988,311.77838134765625,238.9307098388672,9.558929443359375,23.849609375
688,10,person,0,0.7671911716461182,379.46612548828125,236.41070556640625,11.330413818359375,28.65911865234375
688,17,person,0,0.4149418771266937,322.0068359375,239.97897338867188,7.279083251953125,20.260665893554688
689,1,car,2,0.9213807582855225,508.7249450683594,313.04351806640625,116.31915283203125,84.62646484375
689,9,person,0,0.6254562139511108,335.6849365234375,237.2117919921875,11.231842041015625,28.982589721679688
689,13,person,0,0.6825250387191772,311.64569091796875,238.85035705566406,9.478363037109375,23.83538818359375
689,10,person,0,0.7633249163627625,379.71710205078125,236.35679626464844,11.506591796875,28.5474853515625
689,17,person,0,0.5363681316375732,322.8306884765625,239.45059204101562,7.903076171875,21.919784545898438
689,16,person,0,0.6038681864738464,366.73974609375,239.92819213867188,7.71142578125,28.989700317382812
690,1,car,2,0.9229984879493713,508.71966552734375,313.01190185546875,116.34130859375,84.53781127929688
690,9,person,0,0.6848750114440918,336.54345703125,236.7408905029297,11.20806884765625,27.852264404296875
690,13,person,0,0.6896342039108276,311.6089782714844,238.71575927734375,9.46514892578125,23.169021606445312
690,10,person,0,0.7690384387969971,379.7945556640625,236.66448974609375,11.473785400390625,28.40252685546875
690,17,person,0,0.6422473192214966,323.35498046875,238.90713500976562,8.53375244140625,23.153076171875
690,16,person,0,0.6303312182426453,366.39166259765625,239.80288696289062,7.19818115234375,28.396316528320312
691,1,car,2,0.9213923215866089,508.70574951171875,312.9974365234375,116.3614501953125,84.52249145507812
691,9,person,0,0.6008840799331665,337.19879150390625,236.95799255371094,11.081207275390625,28.026153564453125
691,13,person,0,0.6926819682121277,311.63677978515625,238.62033081054688,9.552947998046875,22.800994873046875
691,10,person,0,0.7674219012260437,380.0053405761719,236.57325744628906,11.4384765625,28.616943359375
691,17,person,0,0.6702706813812256,323.6400146484375,238.88992309570312,8.323638916015625,23.670425415039062
691,16,person,0,0.4050871431827545,365.85662841796875,240.02561950683594,7.7890625,28.4580078125
692,1,car,2,0.9225212931632996,508.6926574707031,313.0388488769531,116.40728759765625,84.54150390625
692,9,person,0,0.6708707213401794,337.6439208984375,237.56333923339844,10.938140869140625,29.18560791015625
692,13,person,0,0.7079450488090515,311.27587890625,238.77752685546875,9.87921142578125,23.357955932617188
692,10,person,0,0.7798867225646973,380.22467041015625,236.47885131835938,11.187286376953125,28.70196533203125
692,17,person,0,0.7062923312187195,323.97381591796875,238.87921142578125,8.697845458984375,23.558883666992188
692,16,person,0,0.3928340673446655,365.47833251953125,242.05809020996094,7.310394287109375,25.7430419921875
693,1,car,2,0.921601414680481,508.6905517578125,313.0011291503906,116.36166381835938,84.61114501953125
693,9,person,0,0.6748296022415161,338.40692138671875,238.22186279296875,12.416961669921875,30.375289916992188
693,13,person,0,0.7194523811340332,311.203369140625,238.82452392578125,10.027496337890625,23.615005493164062
693,10,person,0,0.7687087655067444,380.47906494140625,236.41275024414062,10.772430419921875,28.671737670898438
693,17,person,0,0.6496294736862183,324.177734375,238.99636840820312,9.035064697265625,23.543807983398438
693,16,person,0,0.2490294873714447,365.108642578125,243.9962921142578,7.464935302734375,21.70538330078125
694,1,car,2,0.9228777289390564,508.6730041503906,313.0145263671875,116.31414794921875,84.56015014648438
694,9,person,0,0.6267363429069519,338.7671203613281,237.3816680908203,11.60162353515625,28.6448974609375
694,13,person,0,0.720633864402771,311.2951354980469,239.00027465820312,9.9808349609375,23.910140991210938
694,10,person,0,0.7655714154243469,380.711181640625,236.42709350585938,10.449432373046875,28.747238159179688
694,17,person,0,0.6877281069755554,324.5713806152344,238.89012145996094,8.817626953125,23.62664794921875
694,16,person,0,0.3512509763240814,364.76031494140625,244.59310913085938,7.819854736328125,20.023605346679688
695,1,car,2,0.9233816266059875,508.6859130859375,313.0819091796875,116.3150634765625,84.61563110351562
695,9,person,0,0.6533493995666504,339.1129150390625,236.8173828125,11.302093505859375,27.360916137695312
695,13,person,0,0.7020026445388794,311.3582763671875,239.06788635253906,9.9503173828125,24.1392822265625
695,10,person,0,0.7550286054611206,380.82623291015625,236.60812377929688,10.313446044921875,28.402999877929688
695,17,person,0,0.6336047053337097,324.82421875,238.79629516601562,8.6246337890625,23.909225463867188
695,16,person,0,0.3999043405056,364.2940673828125,244.51382446289062,8.3031005859375,19.632064819335938
696,1,car,2,0.9235626459121704,508.71551513671875,313.1314392089844,116.31130981445312,84.64764404296875
696,9,person,0,0.6377050280570984,339.3116149902344,237.79019165039062,10.7960205078125,29.510833740234375
696,13,person,0,0.7150951623916626,311.3667907714844,239.07635498046875,9.96826171875,24.231109619140625
696,10,person,0,0.7486215829849243,380.88226318359375,236.63150024414062,10.363189697265625,28.082412719726562
696,17,person,0,0.7009353637695312,325.2354736328125,238.91604614257812,8.32562255859375,24.077728271484375
696,16,person,0,0.39924558997154236,363.5452880859375,244.9589385986328,9.976409912109375,19.707763671875
697,1,car,2,0.9224650859832764,508.7301025390625,313.1378173828125,116.31124877929688,84.68411254882812
697,9,person,0,0.6959516406059265,339.69097900390625,237.7974853515625,10.891998291015625,29.599807739257812
697,13,person,0,0.7111188173294067,311.7210693359375,238.88253784179688,9.525482177734375,24.3021240234375
697,10,person,0,0.7430446147918701,380.9740905761719,236.5858917236328,10.38751220703125,27.76007080078125
697,17,person,0,0.7237268686294556,325.7161865234375,238.8302001953125,8.260589599609375,24.093154907226562
697,16,person,0,0.3492812514305115,363.02838134765625,244.67926025390625,10.7274169921875,19.09893798828125
698,1,car,2,0.9220938086509705,508.74969482421875,313.1517333984375,116.38009643554688,84.71615600585938
698,9,person,0,0.7177369594573975,340.0525207519531,237.29974365234375,10.3582763671875,28.625320434570312
698,13,person,0,0.7125752568244934,312.18408203125,238.750244140625,9.253143310546875,24.145416259765625
698,10,person,0,0.7446173429489136,381.0630187988281,236.38609313964844,10.188720703125,27.145904541015625
698,17,person,0,0.6903883218765259,326.07012939453125,238.60459899902344,8.206573486328125,23.76611328125
698,16,person,0,0.4907393455505371,362.720458984375,243.78488159179688,10.9638671875,20.680313110351562
699,1,car,2,0.9223553538322449,508.74896240234375,313.14971923828125,116.37619018554688,84.77761840820312
699,9,person,0,0.7172859907150269,340.33526611328125,236.75637817382812,9.676849365234375,27.784332275390625
699,13,person,0,0.6954329609870911,312.74176025390625,238.7141571044922,9.3272705078125,24.179779052734375
699,10,person,0,0.7339407205581665,381.0423583984375,236.06434631347656,10.006927490234375,26.00299072265625
699,17,person,0,0.5488710403442383,327.06536865234375,239.11312866210938,7.68280029296875,21.531570434570312
699,16,person,0,0.36518868803977966,362.37176513671875,242.5223388671875,11.32904052734375,22.892196655273438
700,1,car,2,0.9225773215293884,508.7231750488281,313.1343994140625,116.36383056640625,84.73269653320312
700,9,person,0,0.7328143119812012,340.31024169921875,236.69725036621094,9.17156982421875,27.28399658203125
700,13,person,0,0.6850867867469788,313.0980224609375,238.63604736328125,9.11578369140625,23.994125366210938
700,10,person,0,0.7226115465164185,381.0396728515625,236.04701232910156,10.0262451171875,25.91455078125
700,17,person,0,0.2578456401824951,327.7108154296875,240.07875061035156,7.506927490234375,19.456298828125
700,16,person,0,0.6041282415390015,362.1111755371094,241.16024780273438,11.82733154296875,25.574905395507812
701,1,car,2,0.9219759106636047,508.74664306640625,313.09710693359375,116.3177490234375,84.72366333007812
701,9,person,0,0.7449971437454224,340.86090087890625,237.1785888671875,9.456878662109375,27.992538452148438
701,13,person,0,0.704184353351593,313.4559631347656,238.47021484375,9.30255126953125,23.8798828125
701,10,person,0,0.6893911361694336,381.0330810546875,236.5102996826172,10.070159912109375,26.53955078125
701,17,person,0,0.15193095803260803,328.05419921875,241.17919921875,6.838165283203125,16.84210205078125
701,16,person,0,0.5057064294815063,361.85076904296875,240.63461303710938,11.90032958984375,26.730224609375
702,1,car,2,0.9225571155548096,508.75140380859375,313.1075134277344,116.32772827148438,84.72796630859375
702,9,person,0,0.6984961628913879,341.3761291503906,237.74606323242188,9.49066162109375,29.030563354492188
702,13,person,0,0.7289192080497742,313.546142578125,238.49449157714844,9.630828857421875,23.70068359375
702,10,person,0,0.7038769721984863,381.0775146484375,236.82015991210938,10.149688720703125,27.03564453125
702,17,person,0,0.5735969543457031,328.18585205078125,239.39300537109375,6.85205078125,21.102508544921875
702,16,person,0,0.589830219745636,361.5028076171875,240.28854370117188,11.793609619140625,27.306442260742188
703,1,car,2,0.9232151508331299,508.7550964355469,313.1041259765625,116.32305908203125,84.72720336914062
703,9,person,0,0.6600856781005859,341.2747497558594,238.4337158203125,8.8504638671875,30.2081298828125
703,13,person,0,0.7246526479721069,313.8424072265625,238.48561096191406,9.466522216796875,23.774078369140625
703,10,person,0,0.681946873664856,381.20257568359375,237.09817504882812,10.117889404296875,27.585433959960938
703,17,person,0,0.6080750226974487,328.8836669921875,240.34877014160156,6.3466796875,20.0010986328125
703,16,person,0,0.478076696395874,361.18035888671875,242.72900390625,11.182586669921875,22.540267944335938
704,1,car,2,0.9248206615447998,508.74462890625,313.1611328125,116.32742309570312,84.7532958984375
704,9,person,0,0.6857150197029114,341.60888671875,238.58815002441406,8.6600341796875,30.027679443359375
704,13,person,0,0.7270370125770569,313.99420166015625,238.434326171875,9.341064453125,23.839614868164062
704,10,person,0,0.663991391658783,381.2373046875,237.44296264648438,10.087738037109375,27.402633666992188
704,17,person,0,0.6178615689277649,329.23394775390625,240.16590881347656,6.458221435546875,20.719329833984375
704,16,person,0,0.43269068002700806,360.68963623046875,244.05624389648438,10.594512939453125,20.731918334960938
705,1,car,2,0.9233825206756592,508.76116943359375,313.16497802734375,116.29324340820312,84.83560180664062
705,9,person,0,0.6775630116462708,341.82464599609375,237.73233032226562,8.443695068359375,26.8211669921875
705,13,person,0,0.7480285167694092,314.3468017578125,238.05535888671875,9.66162109375,24.398208618164062
705,10,person,0,0.6805593967437744,381.28564453125,237.51788330078125,10.09100341796875,27.23834228515625
705,17,person,0,0.6530234217643738,329.67608642578125,239.32455444335938,7.197845458984375,22.015823364257812
705,16,person,0,0.4438546597957611,360.31903076171875,244.97186279296875,10.283203125,19.12799072265625
706,1,car,2,0.9224531054496765,508.75836181640625,313.1404113769531,116.26742553710938,84.8861083984375
706,9,person,0,0.6909551024436951,341.901123046875,237.88232421875,8.032928466796875,25.785446166992188
706,13,person,0,0.7617789506912231,314.83209228515625,237.52423095703125,10.165679931640625,25.19451904296875
706,10,person,0,0.6960880756378174,381.3978271484375,237.42404174804688,10.013153076171875,27.252182006835938
706,17,person,0,0.6448705196380615,330.0988464355469,238.9224853515625,7.47027587890625,22.969573974609375
706,16,person,0,0.5274596214294434,359.9881286621094,245.04824829101562,9.99072265625,19.300125122070312
707,1,car,2,0.9245347380638123,508.7237243652344,313.15557861328125,116.34246826171875,84.86453247070312
707,9,person,0,0.6439288258552551,342.16632080078125,237.90390014648438,7.879669189453125,24.837417602539062
707,13,person,0,0.7663445472717285,315.2177734375,237.25048828125,10.91009521484375,25.883163452148438
707,10,person,0,0.7000173926353455,381.51788330078125,237.08718872070312,9.945037841796875,26.920257568359375
707,17,person,0,0.6402766108512878,330.5980224609375,238.86367797851562,8.11614990234375,23.264511108398438
707,16,person,0,0.5263687968254089,359.8663330078125,245.40933227539062,9.8148193359375,18.298828125
708,1,car,2,0.9247517585754395,508.7541809082031,313.19537353515625,116.31842041015625,84.83145141601562
708,9,person,0,0.6000592708587646,342.3907470703125,237.94432067871094,7.761199951171875,26.00439453125
708,13,person,0,0.7779860496520996,315.44720458984375,237.01568603515625,10.687469482421875,26.041091918945312
708,10,person,0,0.7031039595603943,381.6236572265625,237.03329467773438,9.830230712890625,26.953353881835938
708,17,person,0,0.6334955096244812,330.91741943359375,238.7933349609375,8.2969970703125,23.570022583007812
708,16,person,0,0.47653064131736755,359.5673828125,245.38352966308594,9.328460693359375,17.94146728515625
709,1,car,2,0.9239240884780884,508.7514343261719,313.2169494628906,116.30157470703125,84.9669189453125
709,9,person,0,0.5368284583091736,342.89141845703125,237.47662353515625,7.833587646484375,26.211166381835938
709,13,person,0,0.7853286862373352,315.43182373046875,236.90521240234375,10.7989501953125,26.2645263671875
709,10,person,0,0.7201036810874939,381.83111572265625,236.843505859375,9.662933349609375,27.285507202148438
709,17,person,0,0.6222243905067444,331.16497802734375,238.58651733398438,8.097137451171875,23.747451782226562
709,16,person,0,0.5608733296394348,358.8099670410156,245.12152099609375,9.01910400390625,18.727523803710938
710,1,car,2,0.9247677326202393,508.7168273925781,313.2550354003906,116.34185791015625,85.01885986328125
710,9,person,0,0.4903414249420166,343.8284912109375,238.07046508789062,8.8880615234375,27.821945190429688
710,13,person,0,0.7498359084129333,315.46636962890625,237.03521728515625,10.889984130859375,26.577789306640625
710,10,person,0,0.7138529419898987,382.0194396972656,236.92105102539062,9.5550537109375,27.438522338867188
710,17,person,0,0.6366620063781738,331.54437255859375,238.38754272460938,8.10760498046875,23.835891723632812
710,16,person,0,0.5467116832733154,356.8788757324219,241.1930694580078,10.32708740234375,25.673309326171875
711,1,car,2,0.9246014952659607,508.7052001953125,313.2470397949219,116.36209106445312,84.99481201171875
711,9,person,0,0.5604072213172913,345.24420166015625,238.1114501953125,10.39190673828125,29.072128295898438
711,13,person,0,0.7224141955375671,315.9744567871094,237.18692016601562,10.87750244140625,26.408493041992188
711,10,person,0,0.7013891935348511,382.0966796875,236.948974609375,9.45758056640625,27.507431030273438
711,17,person,0,0.6279764175415039,331.9646911621094,238.2718505859375,8.36981201171875,23.990310668945312
711,16,person,0,0.6286057829856873,355.87646484375,239.60549926757812,9.956268310546875,27.581939697265625
712,1,car,2,0.9246833324432373,508.71539306640625,313.2519226074219,116.24496459960938,84.9749755859375
712,9,person,0,0.5988529920578003,345.64373779296875,238.0740203857422,10.097076416015625,29.157440185546875
712,13,person,0,0.7324720621109009,316.11199951171875,237.15725708007812,10.329498291015625,26.08587646484375
712,10,person,0,0.707240879535675,382.2295227050781,236.9427490234375,9.15252685546875,27.165237426757812
712,17,person,0,0.659644603729248,332.3147888183594,238.36587524414062,8.21649169921875,24.352310180664062
712,16,person,0,0.6307624578475952,355.5484619140625,239.52383422851562,9.1956787109375,28.454208374023438
713,1,car,2,0.9258012175559998,508.73443603515625,313.2335205078125,116.24362182617188,85.02481079101562
713,9,person,0,0.5294912457466125,345.88189697265625,237.66650390625,9.424163818359375,28.731033325195312
713,13,person,0,0.7033246755599976,316.63763427734375,237.23434448242188,9.41961669921875,25.882431030273438
713,10,person,0,0.6960386037826538,382.40924072265625,237.0786895751953,9.105621337890625,26.8873291015625
713,17,person,0,0.6865703463554382,332.83123779296875,238.44204711914062,8.1080322265625,24.625228881835938
713,16,person,0,0.6007550954818726,355.1628112792969,239.13845825195312,8.67340087890625,29.88494873046875
714,1,car,2,0.9253628849983215,508.7408447265625,313.1859130859375,116.22537231445312,85.08126831054688
714,9,person,0,0.6092279553413391,346.2501525878906,238.14051818847656,10.22357177734375,29.445709228515625
714,13,person,0,0.7094860076904297,316.6920166015625,237.21829223632812,9.380462646484375,25.657363891601562
714,10,person,0,0.6908410787582397,382.4549560546875,237.3096923828125,9.143890380859375,26.501327514648438
714,17,person,0,0.6924127340316772,332.9083251953125,238.54574584960938,8.452484130859375,25.10638427734375
714,16,person,0,0.5797706246376038,355.0574951171875,238.98629760742188,8.042388916015625,30.458221435546875
715,1,car,2,0.9254968166351318,508.7423095703125,313.15753173828125,116.2344970703125,85.04293823242188
715,9,person,0,0.5447654724121094,346.83416748046875,238.13250732421875,9.981353759765625,29.498336791992188
715,13,person,0,0.5955100059509277,316.97991943359375,237.662109375,8.998931884765625,25.066268920898438
715,10,person,0,0.6816365718841553,382.67529296875,237.43994140625,9.22918701171875,26.506240844726562
715,17,person,0,0.5344386100769043,333.35638427734375,238.41371154785156,8.502532958984375,25.349395751953125
715,16,person,0,0.4110524654388428,354.8622131347656,238.97653198242188,7.837890625,30.046249389648438
716,1,car,2,0.9257088899612427,508.7195129394531,313.20361328125,116.23675537109375,84.96063232421875
716,9,person,0,0.5743537545204163,347.4056396484375,238.340087890625,9.898162841796875,29.843185424804688
716,13,person,0,0.6709437966346741,317.4597473144531,238.28118896484375,9.06732177734375,24.092147827148438
716,10,person,0,0.6552414298057556,382.8522033691406,237.510009765625,8.8883056640625,26.258560180664062
716,17,person,0,0.6503126621246338,333.54730224609375,238.57125854492188,8.863983154296875,25.495574951171875
716,16,person,0,0.5594573616981506,354.6143798828125,239.11309814453125,7.580780029296875,29.896194458007812
717,1,car,2,0.9255879521369934,508.70477294921875,313.22479248046875,116.27645874023438,84.96011352539062
717,9,person,0,0.64075767993927,347.75537109375,238.29347229003906,9.01922607421875,29.890533447265625
717,13,person,0,0.6769515872001648,318.0090637207031,238.42626953125,9.17156982421875,23.554519653320312
717,10,person,0,0.655709445476532,382.99639892578125,237.3824462890625,8.71099853515625,26.229843139648438
717,17,person,0,0.5810716152191162,334.24200439453125,238.68402099609375,8.299102783203125,25.387176513671875
717,16,person,0,0.5539064407348633,354.243896484375,238.66709899902344,7.753082275390625,30.555145263671875
718,1,car,2,0.9263409972190857,508.73199462890625,313.22869873046875,116.26925659179688,84.9576416015625
718,9,person,0,0.5870829224586487,348.2226257324219,238.3899688720703,8.12384033203125,29.518585205078125
718,13,person,0,0.6425917148590088,318.3741455078125,238.68995666503906,9.066986083984375,23.555908203125
718,10,person,0,0.6537646651268005,383.1031494140625,237.3265838623047,8.632110595703125,26.078399658203125
718,17,person,0,0.4667610824108124,334.73956298828125,238.74844360351562,7.97265625,25.055923461914062
718,16,person,0,0.4931318163871765,354.2880859375,238.44805908203125,7.956329345703125,31.180709838867188
719,1,car,2,0.9258020520210266,508.72760009765625,313.21636962890625,116.29385375976562,84.95693969726562
719,9,person,0,0.5306355357170105,348.477783203125,238.3751220703125,7.409820556640625,29.710922241210938
719,13,person,0,0.6389849185943604,318.62298583984375,238.5000457763672,9.17120361328125,23.829803466796875
719,10,person,0,0.6448200941085815,383.1805725097656,237.16180419921875,8.387451171875,26.03106689453125
719,17,person,0,0.3165283203125,335.0773010253906,238.89016723632812,7.9600830078125,24.958221435546875
719,16,person,0,0.4517950117588043,354.20428466796875,238.95297241210938,8.191070556640625,30.241317749023438
720,1,car,2,0.9256803393363953,508.7139892578125,313.21575927734375,116.3017578125,84.96621704101562
720,13,person,0,0.6434942483901978,318.9462890625,238.14585876464844,9.613616943359375,24.910614013671875
720,10,person,0,0.6332018375396729,383.34637451171875,237.2969970703125,8.4945068359375,26.227462768554688
720,16,person,0,0.6061442494392395,352.168701171875,238.5948486328125,10.439056396484375,31.005172729492188
721,1,car,2,0.926277220249176,508.7113037109375,313.2427978515625,116.28445434570312,84.93670654296875
721,13,person,0,0.5726259350776672,319.33447265625,238.30563354492188,9.513397216796875,25.263702392578125
721,10,person,0,0.6267387866973877,383.4580993652344,237.17892456054688,8.424560546875,26.449905395507812
721,16,person,0,0.5976635813713074,351.4189453125,238.426513671875,11.08331298828125,31.36181640625
722,1,car,2,0.9257913827896118,508.7112731933594,313.2376403808594,116.30413818359375,84.9521484375
722,13,person,0,0.4992249011993408,319.635009765625,238.6403350830078,9.62823486328125,25.546630859375
722,10,person,0,0.5577375292778015,383.4840087890625,237.13882446289062,8.196319580078125,26.2650146484375
722,16,person,0,0.5718258619308472,351.13409423828125,238.30813598632812,11.023193359375,31.385025024414062
722,17,person,0,0.6401727199554443,336.95855712890625,239.51475524902344,7.5599365234375,25.32073974609375
723,1,car,2,0.9256355166435242,508.73626708984375,313.2083740234375,116.28036499023438,84.9434814453125
723,13,person,0,0.5615097880363464,320.48870849609375,238.9478759765625,8.912872314453125,25.155227661132812
723,10,person,0,0.5527980923652649,383.4879150390625,237.116943359375,8.141326904296875,26.181716918945312
723,16,person,0,0.57151859998703,351.0596923828125,238.49111938476562,11.055694580078125,31.043228149414062
723,17,person,0,0.6414192914962769,337.4280700683594,239.31117248535156,7.41693115234375,24.7623291015625
724,1,car,2,0.9254938960075378,508.75115966796875,313.2192077636719,116.236572265625,84.982421875
724,13,person,0,0.6021602749824524,321.193603515625,238.997314453125,8.551239013671875,24.76959228515625
724,10,person,0,0.5759586095809937,383.5271911621094,237.17335510253906,8.3179931640625,26.33721923828125
724,16,person,0,0.6025342345237732,351.11572265625,238.88153076171875,10.549652099609375,30.489837646484375
724,17,person,0,0.6628962159156799,337.81060791015625,239.08277893066406,7.79541015625,24.3355712890625
725,1,car,2,0.925599992275238,508.7552795410156,313.1993713378906,116.19183349609375,85.053466796875
725,13,person,0,0.6779606342315674,321.7756042480469,239.0176544189453,8.734375,25.125244140625
725,10,person,0,0.5951718688011169,383.50543212890625,237.07762145996094,8.377716064453125,26.739349365234375
725,16,person,0,0.5856455564498901,351.2525939941406,238.99136352539062,10.1414794921875,30.120285034179688
725,17,person,0,0.6498368978500366,338.2947082519531,239.08367919921875,7.935302734375,24.442169189453125
726,1,car,2,0.9255765080451965,508.7408447265625,313.206787109375,116.2757568359375,85.09869384765625
726,13,person,0,0.6589809656143188,322.0885009765625,238.83604431152344,8.7747802734375,25.523895263671875
726,10,person,0,0.6186760663986206,383.3843688964844,237.107666015625,8.4156494140625,26.766799926757812
726,16,person,0,0.615844190120697,351.4090576171875,238.87716674804688,10.6751708984375,30.554153442382812
726,17,person,0,0.6731685400009155,338.812744140625,239.08547973632812,7.931610107421875,24.401992797851562
727,1,car,2,0.9252952337265015,508.733154296875,313.20574951171875,116.2435302734375,85.13565063476562
727,13,person,0,0.5904273390769958,322.34130859375,238.63369750976562,8.54095458984375,25.511199951171875
727,10,person,0,0.6217273473739624,383.2472839355469,237.0404815673828,8.36785888671875,26.621307373046875
727,16,person,0,0.5042599439620972,351.37451171875,240.47415161132812,10.383148193359375,27.594070434570312
727,17,person,0,0.6536428332328796,339.2443542480469,239.0878143310547,8.20819091796875,24.634429931640625
728,1,car,2,0.9270899891853333,508.74609375,313.24163818359375,116.2259521484375,85.07623291015625
728,13,person,0,0.6114035248756409,322.5624084472656,238.43887329101562,8.17315673828125,25.944656372070312
728,10,person,0,0.6154822111129761,383.010498046875,237.019775390625,8.241973876953125,26.351272583007812
728,16,person,0,0.5284188389778137,351.19427490234375,239.57974243164062,9.889801025390625,28.5150146484375
728,17,person,0,0.6232584118843079,339.5927734375,238.98822021484375,8.146148681640625,24.734237670898438
729,1,car,2,0.9265373349189758,508.7662353515625,313.25225830078125,116.2596435546875,85.05978393554688
729,13,person,0,0.505315363407135,322.86480712890625,238.3452606201172,8.4630126953125,26.129974365234375
729,10,person,0,0.5971043705940247,382.8607177734375,237.0606689453125,8.217803955078125,26.113265991210938
729,16,person,0,0.43782901763916016,350.62762451171875,239.38861083984375,9.03656005859375,28.465972900390625
729,17,person,0,0.6040855646133423,339.6634216308594,239.8800048828125,8.341064453125,23.353439331054688
730,1,car,2,0.9262800812721252,508.784912109375,313.26220703125,116.29776000976562,85.03018188476562
730,13,person,0,0.6098620891571045,323.24163818359375,238.33518981933594,8.305755615234375,26.632843017578125
730,10,person,0,0.6224765777587891,382.7684326171875,237.1132049560547,8.113433837890625,25.876708984375
730,16,person,0,0.5381454229354858,350.4324951171875,239.24935913085938,9.676422119140625,28.520477294921875
730,17,person,0,0.5964081287384033,339.7925109863281,239.42758178710938,8.71514892578125,24.551681518554688
731,1,car,2,0.9262161254882812,508.7786560058594,313.26171875,116.30816650390625,85.02734375
731,13,person,0,0.6967092752456665,323.835693359375,238.01686096191406,8.503753662109375,25.93377685546875
731,10,person,0,0.6168422698974609,382.6573791503906,237.13954162597656,7.98736572265625,25.601837158203125
731,16,person,0,0.4304368793964386,349.895263671875,239.07647705078125,8.532684326171875,28.781509399414062
731,17,person,0,0.6819406747817993,340.5220947265625,239.53689575195312,9.566802978515625,25.626205444335938
732,1,car,2,0.9261893630027771,508.7999267578125,313.25860595703125,116.2720947265625,85.05245971679688
732,13,person,0,0.7280738353729248,324.26019287109375,237.8277587890625,8.79547119140625,26.467529296875
732,10,person,0,0.6271153092384338,382.453857421875,237.28384399414062,8.403228759765625,25.958786010742188
732,16,person,0,0.48540228605270386,348.964111328125,239.31236267089844,7.824432373046875,28.475250244140625
732,17,person,0,0.6812692880630493,341.15826416015625,239.65164184570312,9.61529541015625,26.506912231445312
732,9,person,0,0.5701380968093872,353.95086669921875,237.90676879882812,7.636688232421875,28.611495971679688
733,1,car,2,0.9259485006332397,508.77996826171875,313.2566223144531,116.27462768554688,85.142333984375
733,13,person,0,0.6256588101387024,324.69219970703125,237.67233276367188,8.70068359375,26.381301879882812
733,10,person,0,0.5838163495063782,382.1352844238281,237.58950805664062,8.58404541015625,26.139968872070312
733,16,person,0,0.39794689416885376,348.4524841308594,239.26925659179688,7.64276123046875,27.901870727539062
733,17,person,0,0.5979170203208923,341.8271484375,239.51947021484375,9.807586669921875,26.662948608398438
733,9,person,0,0.5612281560897827,354.62091064453125,236.779052734375,7.024017333984375,26.341873168945312
734,1,car,2,0.9257537126541138,508.7965087890625,313.28057861328125,116.31777954101562,85.1739501953125
734,13,person,0,0.6158886551856995,325.1096496582031,238.20668029785156,8.7696533203125,26.3956298828125
734,10,person,0,0.5579798817634583,381.94146728515625,237.93748474121094,8.289581298828125,25.45477294921875
734,16,person,0,0.2833276391029358,347.052490234375,239.30795288085938,8.52056884765625,28.260787963867188
734,17,person,0,0.5130066275596619,342.48284912109375,239.476318359375,9.569061279296875,26.985610961914062
734,9,person,0,0.5993725061416626,354.95452880859375,237.23040771484375,7.383514404296875,27.145172119140625
735,1,car,2,0.9253749251365662,508.80609130859375,313.2672424316406,116.30416870117188,85.11151123046875
735,13,person,0,0.6313641667366028,325.47705078125,238.57940673828125,8.666748046875,25.486236572265625
735,10,person,0,0.5256822109222412,381.840576171875,238.13739013671875,8.380035400390625,25.747100830078125
735,17,person,0,0.19158875942230225,343.78765869140625,239.43582153320312,10.6732177734375,27.211105346679688
735,9,person,0,0.5534480214118958,355.64215087890625,237.09754943847656,7.251373291015625,26.306121826171875
736,1,car,2,0.9262988567352295,508.79718017578125,313.2810363769531,116.349365234375,85.1212158203125
736,13,person,0,0.6901947855949402,325.82305908203125,238.673583984375,8.92681884765625,25.17828369140625
736,10,person,0,0.6178040504455566,381.5755615234375,238.17422485351562,8.571014404296875,26.602584838867188
736,17,person,0,0.5678790211677551,344.859619140625,239.84417724609375,10.55657958984375,27.79791259765625
736,9,person,0,0.671286940574646,355.94659423828125,237.75595092773438,7.430755615234375,28.074783325195312
737,1,car,2,0.9261122345924377,508.79388427734375,313.27020263671875,116.32522583007812,85.18109130859375
737,13,person,0,0.6991890072822571,326.2271728515625,238.99180603027344,9.388031005859375,25.112335205078125
737,10,person,0,0.6171059608459473,381.0305480957031,238.52972412109375,8.12420654296875,26.371368408203125
737,17,person,0,0.7018128633499146,345.2457275390625,239.74517822265625,10.284698486328125,27.738388061523438
737,9,person,0,0.6605689525604248,356.3583984375,237.60606384277344,7.535430908203125,27.390045166015625
738,1,car,2,0.9229986667633057,508.77166748046875,313.2069091796875,116.3624267578125,85.28250122070312
738,13,person,0,0.69411700963974,326.7563781738281,239.0647735595703,9.32818603515625,25.037567138671875
738,10,person,0,0.6544762253761292,380.5576477050781,238.61253356933594,8.07513427734375,26.685546875
738,9,person,0,0.7219995856285095,356.7478332519531,237.3953857421875,7.3978271484375,26.585525512695312
738,16,person,0,0.7183160185813904,345.10443115234375,239.86251831054688,9.05987548828125,27.751113891601562
739,1,car,2,0.9237087368965149,508.767822265625,313.22357177734375,116.34439086914062,85.22882080078125
739,13,person,0,0.6682458519935608,327.2586975097656,239.19723510742188,9.68890380859375,25.040115356445312
739,10,person,0,0.6376698613166809,380.37835693359375,238.65249633789062,8.18426513671875,27.062454223632812
739,9,person,0,0.6646638512611389,357.2495422363281,238.062744140625,8.0198974609375,26.77801513671875
739,16,person,0,0.7469205856323242,344.9972229003906,239.77780151367188,9.020263671875,27.984542846679688
740,1,car,2,0.9260058403015137,508.74755859375,313.24365234375,116.38967895507812,85.20257568359375
740,13,person,0,0.6465216279029846,327.62762451171875,239.16729736328125,9.947662353515625,25.000442504882812
740,10,person,0,0.65982586145401,380.303955078125,238.70526123046875,8.613555908203125,27.464736938476562
740,9,person,0,0.6442644596099854,357.5231628417969,238.18641662597656,7.67645263671875,27.259735107421875
740,16,person,0,0.7441533803939819,345.0484619140625,239.73709106445312,9.026458740234375,27.63189697265625
741,1,car,2,0.9253543019294739,508.76751708984375,313.236083984375,116.34432983398438,85.22628784179688
741,13,person,0,0.5195491909980774,328.19970703125,239.3016357421875,9.623016357421875,23.634414672851562
741,10,person,0,0.6804327368736267,379.328125,238.781005859375,8.285125732421875,27.308822631835938
741,9,person,0,0.6260574460029602,358.16046142578125,238.3415985107422,8.0821533203125,26.947784423828125
741,16,person,0,0.7153601050376892,345.1148681640625,239.79464721679688,9.287200927734375,27.384658813476562
742,1,car,2,0.9262632727622986,508.7606201171875,313.24908447265625,116.29244995117188,85.14462280273438
742,13,person,0,0.6157130599021912,328.8480529785156,239.36065673828125,10.02728271484375,23.285598754882812
742,10,person,0,0.6859858632087708,378.98187255859375,238.9413604736328,8.5057373046875,27.012908935546875
742,9,person,0,0.6002377867698669,358.8223876953125,239.27252197265625,8.655303955078125,28.057785034179688
742,16,person,0,0.6581476330757141,344.95849609375,239.9710235595703,10.059295654296875,27.081024169921875
743,1,car,2,0.9265057444572449,508.746826171875,313.2357177734375,116.24307250976562,85.14004516601562
743,13,person,0,0.5505914688110352,329.0155029296875,239.57305908203125,10.532501220703125,22.973876953125
743,10,person,0,0.6999030113220215,378.51116943359375,238.85089111328125,8.09112548828125,26.937164306640625
743,9,person,0,0.6258506774902344,359.59979248046875,239.9055633544922,9.93841552734375,28.131378173828125
743,16,person,0,0.6655561923980713,344.9642333984375,240.019775390625,10.602935791015625,26.99957275390625
744,1,car,2,0.9271519184112549,508.7525634765625,313.24346923828125,116.21597290039062,85.09762573242188
744,13,person,0,0.6444316506385803,329.591552734375,239.1190948486328,10.049285888671875,23.59466552734375
744,10,person,0,0.7070865631103516,378.165283203125,238.57003784179688,8.0712890625,27.010299682617188
744,9,person,0,0.5852716565132141,359.5009765625,239.13247680664062,8.975494384765625,27.056442260742188
744,16,person,0,0.5917595624923706,345.42486572265625,240.26455688476562,11.96612548828125,26.8363037109375
745,1,car,2,0.9262005686759949,508.7583312988281,313.23956298828125,116.20159912109375,85.0548095703125
745,13,person,0,0.6876125931739807,329.87054443359375,238.4267578125,10.60198974609375,25.153823852539062
745,10,person,0,0.6883761286735535,377.92498779296875,238.4464569091797,7.7176513671875,26.99542236328125
745,9,person,0,0.6124126315116882,360.26800537109375,237.53749084472656,8.986053466796875,26.07818603515625
745,16,person,0,0.46060600876808167,345.497802734375,240.37335205078125,12.978271484375,26.619232177734375
746,1,car,2,0.9253588914871216,508.7564697265625,313.2220153808594,116.20663452148438,85.03436279296875
746,13,person,0,0.6836276054382324,330.5928039550781,237.6773681640625,9.32098388671875,25.95208740234375
746,10,person,0,0.6307297348976135,377.40570068359375,238.24673461914062,7.16363525390625,26.633346557617188
746,9,person,0,0.5696727633476257,360.7803955078125,237.2248992919922,8.959503173828125,24.747467041015625
746,16,person,0,0.5418314933776855,345.9307861328125,240.115234375,12.0848388671875,26.288604736328125
747,1,car,2,0.9253196120262146,508.76141357421875,313.22967529296875,116.25344848632812,85.02828979492188
747,13,person,0,0.7447018623352051,331.3359375,237.64988708496094,8.354583740234375,26.35845947265625
747,10,person,0,0.6035085916519165,376.91943359375,238.09986877441406,7.4228515625,26.305328369140625
747,9,person,0,0.5392199158668518,361.2454833984375,237.34451293945312,9.391510009765625,24.973190307617188
747,16,person,0,0.539616584777832,347.2261047363281,239.87652587890625,10.3466796875,26.593246459960938
748,1,car,2,0.9270742535591125,508.7356262207031,313.2786865234375,116.29168701171875,85.07339477539062
748,13,person,0,0.7222445011138916,331.89697265625,237.62461853027344,8.093841552734375,26.556121826171875
748,10,person,0,0.6192988157272339,376.5819091796875,237.9690399169922,7.890228271484375,26.1334228515625
748,9,person,0,0.5958889722824097,361.5970458984375,237.78466796875,9.487518310546875,25.069107055664062
748,16,person,0,0.6180400252342224,348.019775390625,239.75982666015625,8.924041748046875,26.626663208007812
749,1,car,2,0.9275344014167786,508.7123718261719,313.2894287109375,116.26947021484375,85.07354736328125
749,13,person,0,0.7240654230117798,332.4058532714844,237.6320343017578,7.6151123046875,26.692230224609375
749,10,person,0,0.6444079279899597,376.205810546875,238.03660583496094,8.080718994140625,26.092926025390625
749,9,person,0,0.5901882648468018,362.445068359375,237.69094848632812,10.11798095703125,26.169662475585938
749,16,person,0,0.6820325255393982,348.4277648925781,239.874755859375,8.91729736328125,26.496841430664062
750,1,car,2,0.9242671728134155,508.68109130859375,313.0522155761719,116.033203125,84.57684326171875
750,13,person,0,0.7135127186775208,332.752685546875,237.46514892578125,7.715240478515625,26.965164184570312
750,10,person,0,0.6975622177124023,375.69720458984375,238.43447875976562,8.585235595703125,27.918411254882812
750,9,person,0,0.6060634255409241,362.37725830078125,238.09194946289062,8.94940185546875,26.350906372070312
750,16,person,0,0.6996120810508728,348.7695617675781,239.90084838867188,8.42596435546875,26.214340209960938
751,1,car,2,0.9230227470397949,508.7025146484375,313.05181884765625,116.06704711914062,84.71951293945312
751,13,person,0,0.7108327746391296,333.0542297363281,236.96847534179688,7.568359375,26.586624145507812
751,10,person,0,0.669959545135498,375.2392578125,238.68460083007812,9.082489013671875,28.579025268554688
751,9,person,0,0.6695106029510498,363.169189453125,237.7320556640625,9.256622314453125,26.4422607421875
751,16,person,0,0.6873980760574341,349.2130126953125,239.76731872558594,8.592437744140625,26.05322265625
751,18,person,0,0.671309769153595,340.86346435546875,240.00857543945312,8.66986083984375,28.164535522460938
752,1,car,2,0.9218991994857788,508.6182556152344,313.02410888671875,116.26385498046875,84.82205200195312
752,13,person,0,0.711114227771759,333.6376037597656,236.9595947265625,7.84375,25.657760620117188
752,10,person,0,0.6560698747634888,375.02093505859375,238.837890625,9.456085205078125,28.919464111328125
752,9,person,0,0.6428271532058716,363.47998046875,238.14926147460938,9.255218505859375,26.561187744140625
752,16,person,0,0.7110836505889893,349.657958984375,239.49185180664062,8.259429931640625,25.709732055664062
752,18,person,0,0.6729534864425659,340.7119140625,240.22982788085938,8.091217041015625,27.904403686523438
753,1,car,2,0.9232638478279114,508.60498046875,313.06341552734375,116.3145751953125,84.91030883789062
753,13,person,0,0.6531089544296265,333.96661376953125,237.34561157226562,7.96282958984375,25.780410766601562
753,10,person,0,0.6632208228111267,374.675048828125,238.8790283203125,9.69952392578125,28.788772583007812
753,9,person,0,0.666252076625824,363.8863830566406,238.60552978515625,9.52447509765625,26.766738891601562
753,16,person,0,0.6971731781959534,350.1107177734375,239.48663330078125,8.593994140625,25.376235961914062
753,18,person,0,0.5923336744308472,340.5142517089844,240.19772338867188,7.368896484375,27.006820678710938
754,1,car,2,0.9231502413749695,508.59368896484375,312.9732666015625,116.34689331054688,84.6494140625
754,13,person,0,0.6195818781852722,334.17584228515625,237.59759521484375,8.2137451171875,26.405014038085938
754,10,person,0,0.6537854075431824,374.36968994140625,239.34970092773438,9.4942626953125,29.009048461914062
754,9,person,0,0.6469258666038513,364.01513671875,238.86117553710938,9.656768798828125,27.464889526367188
754,16,person,0,0.6368096470832825,350.5792236328125,239.2235565185547,8.497894287109375,25.25933837890625
754,18,person,0,0.43964478373527527,340.01788330078125,239.57321166992188,7.243743896484375,26.40118408203125
755,1,car,2,0.9239741563796997,508.653076171875,313.10247802734375,116.240234375,84.84640502929688
755,13,person,0,0.38905078172683716,335.2681884765625,238.155029296875,9.103363037109375,28.191207885742188
755,10,person,0,0.6079384684562683,374.1058349609375,239.77597045898438,9.041168212890625,28.108261108398438
755,9,person,0,0.63897305727005,364.3771057128906,239.188232421875,9.46368408203125,27.757614135742188
755,16,person,0,0.48283082246780396,351.0661315917969,239.2513885498047,8.27056884765625,25.11572265625
755,18,person,0,0.2991691827774048,340.1039733886719,239.5360565185547,6.8956298828125,27.164794921875
756,1,car,2,0.9237646460533142,508.68548583984375,313.0827941894531,116.17941284179688,84.84808349609375
756,13,person,0,0.5074464678764343,336.736572265625,238.73721313476562,10.32330322265625,28.468765258789062
756,10,person,0,0.6131591796875,373.8226318359375,239.771240234375,9.177032470703125,27.413253784179688
756,9,person,0,0.5226932764053345,364.9000244140625,239.25259399414062,9.496490478515625,28.150741577148438
756,16,person,0,0.27939385175704956,351.593994140625,238.9906005859375,8.505340576171875,24.853683471679688
757,1,car,2,0.9242827296257019,508.703857421875,313.1083984375,116.2108154296875,84.89682006835938
757,13,person,0,0.6236506700515747,337.56231689453125,239.01966857910156,10.238006591796875,28.99615478515625
757,10,person,0,0.605373740196228,373.32049560546875,239.94017028808594,9.29638671875,27.796356201171875
757,9,person,0,0.4467621445655823,365.7684326171875,238.64669799804688,9.0059814453125,27.340194702148438
757,16,person,0,0.5050273537635803,352.51837158203125,239.17564392089844,8.358428955078125,24.932342529296875
758,1,car,2,0.9241970181465149,508.68994140625,313.14715576171875,116.18826293945312,84.94253540039062
758,13,person,0,0.7137943506240845,337.673583984375,238.90618896484375,9.835540771484375,29.698135375976562
758,10,person,0,0.5866236686706543,372.99163818359375,239.56768798828125,9.066558837890625,28.589874267578125
758,9,person,0,0.5135779976844788,366.1710205078125,238.88311767578125,8.865081787109375,28.541061401367188
758,16,person,0,0.530396580696106,352.95330810546875,239.16543579101562,7.82220458984375,24.794418334960938
759,1,car,2,0.92600017786026,508.70391845703125,313.14105224609375,116.18789672851562,84.99465942382812
759,13,person,0,0.6930793523788452,337.815185546875,238.80047607421875,9.767364501953125,30.225601196289062
759,10,person,0,0.4822550117969513,372.60064697265625,239.11318969726562,8.482086181640625,29.234283447265625
759,9,person,0,0.18963433802127838,366.5464172363281,237.60971069335938,7.7979736328125,25.761276245117188
759,16,person,0,0.6944852471351624,353.231201171875,239.19139099121094,7.347198486328125,24.85009765625
760,1,car,2,0.9253658652305603,508.7152404785156,313.1371765136719,116.18023681640625,84.97003173828125
760,13,person,0,0.6446022987365723,337.9914245605469,238.8387908935547,9.6827392578125,30.3665771484375
760,10,person,0,0.5373474955558777,372.11383056640625,238.62240600585938,8.85772705078125,30.829879760742188
760,9,person,0,0.19145652651786804,367.0496826171875,237.44342041015625,7.522552490234375,27.626266479492188
760,16,person,0,0.7071605920791626,353.4881591796875,239.23675537109375,7.215789794921875,24.915725708007812
761,1,car,2,0.924443781375885,508.67877197265625,313.1261901855469,116.13796997070312,84.946044921875
761,13,person,0,0.7340744733810425,338.27130126953125,238.86404418945312,9.899749755859375,30.256210327148438
761,10,person,0,0.5389519333839417,370.9185485839844,238.68894958496094,10.41485595703125,31.17913818359375
761,16,person,0,0.6930156350135803,353.9802551269531,239.23641967773438,7.743896484375,24.896713256835938
762,1,car,2,0.9243969917297363,508.68902587890625,313.1431884765625,116.12960815429688,85.02511596679688
762,13,person,0,0.7450293302536011,338.6002197265625,238.7068634033203,10.209747314453125,29.972808837890625
762,10,person,0,0.6219080686569214,370.2382507324219,238.2057647705078,10.8641357421875,32.12371826171875
762,16,person,0,0.6640960574150085,354.377197265625,239.08627319335938,8.084320068359375,24.73486328125
763,1,car,2,0.9246471524238586,508.675048828125,313.10345458984375,116.11691284179688,84.94021606445312
763,13,person,0,0.6934820413589478,338.90093994140625,238.56039428710938,10.578521728515625,30.008560180664062
763,10,person,0,0.6324366927146912,370.29925537109375,238.51168823242188,11.2261962890625,31.34375
763,16,person,0,0.6800491809844971,354.728759765625,239.23861694335938,8.342376708984375,24.841110229492188
764,1,car,2,0.9242076873779297,508.6767272949219,313.08270263671875,116.09344482421875,84.97467041015625
764,13,person,0,0.6776973605155945,339.14715576171875,238.921630859375,10.937042236328125,29.389785766601562
764,10,person,0,0.6737145185470581,369.950439453125,238.72601318359375,9.866363525390625,29.541061401367188
764,16,person,0,0.6724491119384766,355.13690185546875,239.055908203125,8.410186767578125,24.665008544921875
765,1,car,2,0.9252012372016907,508.706298828125,313.097412109375,116.1048583984375,85.00820922851562
765,13,person,0,0.6786706447601318,340.29449462890625,238.50714111328125,9.541534423828125,28.054351806640625
765,10,person,0,0.6861380338668823,369.85528564453125,238.43624877929688,9.068145751953125,28.158584594726562
765,16,person,0,0.6579475998878479,355.36322021484375,239.06890869140625,8.508087158203125,24.424667358398438
766,1,car,2,0.923877477645874,508.7181701660156,313.10284423828125,116.08953857421875,85.00701904296875
766,13,person,0,0.6982386112213135,340.927978515625,238.70233154296875,8.602935791015625,28.226760864257812
766,10,person,0,0.6532148122787476,369.6644592285156,238.88357543945312,8.327880859375,28.192794799804688
766,16,person,0,0.6922395825386047,355.588623046875,239.35462951660156,8.901519775390625,24.569091796875
767,1,car,2,0.9232589602470398,508.7276611328125,313.10479736328125,116.09152221679688,85.02902221679688
767,13,person,0,0.7194606065750122,341.26715087890625,238.31561279296875,8.484588623046875,28.015167236328125
767,10,person,0,0.320448637008667,369.3220520019531,239.34312438964844,7.9288330078125,27.506500244140625
767,16,person,0,0.6738623380661011,355.8663024902344,239.56581115722656,9.20452880859375,24.834625244140625
768,1,car,2,0.9234581589698792,508.7455749511719,313.13037109375,116.09954833984375,85.05404663085938
768,13,person,0,0.667535126209259,341.75146484375,238.21951293945312,8.593475341796875,27.403167724609375
768,10,person,0,0.25188252329826355,368.9981689453125,239.78549194335938,7.822662353515625,27.508132934570312
768,16,person,0,0.717997133731842,356.1285705566406,239.6017608642578,8.99029541015625,24.853607177734375
768,18,person,0,0.6178259253501892,334.87860107421875,239.445556640625,8.25146484375,28.502426147460938
769,1,car,2,0.9221136569976807,508.73388671875,313.1109619140625,116.1060791015625,85.07122802734375
769,13,person,0,0.6942595839500427,341.9757080078125,238.2728271484375,8.767547607421875,27.661849975585938
769,10,person,0,0.20625832676887512,368.7689514160156,239.90625,8.09722900390625,27.606521606445312
769,16,person,0,0.7226919531822205,356.5343017578125,239.72052001953125,8.672271728515625,25.159423828125
769,18,person,0,0.6058174967765808,334.47955322265625,239.19883728027344,8.0616455078125,28.193450927734375
770,1,car,2,0.9225822687149048,508.7613525390625,313.09844970703125,116.05264282226562,85.05218505859375
770,13,person,0,0.7120916247367859,342.1715087890625,238.38790893554688,8.6248779296875,27.333038330078125
770,10,person,0,0.3928530514240265,368.787841796875,239.98553466796875,8.302886962890625,27.637664794921875
770,16,person,0,0.732856273651123,357.10589599609375,239.5524444580078,8.44146728515625,25.190460205078125
770,18,person,0,0.6172415614128113,334.13812255859375,239.4806671142578,8.15545654296875,28.279449462890625
771,1,car,2,0.9238414764404297,508.77020263671875,313.107666015625,116.0623779296875,84.96841430664062
771,13,person,0,0.6594878435134888,342.56695556640625,238.18466186523438,8.506988525390625,27.127700805664062
771,10,person,0,0.46258047223091125,368.707275390625,239.89976501464844,8.555877685546875,27.61334228515625
771,16,person,0,0.6905652284622192,357.5124816894531,239.2591094970703,7.9661865234375,25.272125244140625
771,18,person,0,0.5845667123794556,333.75848388671875,239.24411010742188,7.605926513671875,28.10888671875
772,1,car,2,0.9226197004318237,508.75634765625,313.10992431640625,116.0970458984375,84.9879150390625
772,13,person,0,0.6714630126953125,343.1832275390625,237.99575805664062,8.49029541015625,26.99810791015625
772,10,person,0,0.2851178050041199,368.5776062011719,239.97738647460938,8.72015380859375,27.121063232421875
772,16,person,0,0.6025888323783875,357.73406982421875,239.00991821289062,7.4453125,24.816253662109375
772,18,person,0,0.3899676501750946,333.42926025390625,238.9542694091797,7.3114013671875,27.4403076171875
773,1,car,2,0.9225536584854126,508.74029541015625,313.0856018066406,116.15737915039062,84.87628173828125
773,13,person,0,0.655319094657898,343.97991943359375,238.1591033935547,8.230133056640625,26.752227783203125
773,10,person,0,0.33572623133659363,367.2437744140625,240.44842529296875,8.06121826171875,24.528793334960938
773,16,person,0,0.6351815462112427,358.1125793457031,239.04010009765625,7.317138671875,24.134307861328125
773,18,person,0,0.4547688066959381,333.14910888671875,239.01622009277344,7.178863525390625,27.1357421875
774,1,car,2,0.9240620732307434,508.7119140625,313.09991455078125,116.208984375,84.92056274414062
774,13,person,0,0.6556890606880188,344.4553527832031,237.83782958984375,7.7373046875,26.231689453125
774,10,person,0,0.2810833752155304,366.702880859375,240.7491912841797,7.90045166015625,22.621978759765625
774,16,person,0,0.495916485786438,358.56365966796875,239.331298828125,6.989410400390625,23.07928466796875
774,18,person,0,0.5503987669944763,332.8913879394531,239.10269165039062,6.934814453125,27.750106811523438
775,1,car,2,0.9224338531494141,508.7430419921875,313.0689392089844,116.13906860351562,84.93072509765625
775,13,person,0,0.6835212707519531,344.6605224609375,237.91754150390625,7.7236328125,26.771255493164062
775,10,person,0,0.21900993585586548,366.3101806640625,240.81964111328125,8.716522216796875,22.74945068359375
775,16,person,0,0.5360583066940308,359.449951171875,239.98956298828125,7.69000244140625,23.217697143554688
775,18,person,0,0.637393057346344,332.55059814453125,239.09375,6.574127197265625,27.685134887695312
776,1,car,2,0.9220686554908752,508.7469177246094,313.03973388671875,116.12261962890625,84.87823486328125
776,13,person,0,0.707858681678772,345.01727294921875,237.873291015625,7.84149169921875,27.430038452148438
776,10,person,0,0.2819458842277527,365.3863525390625,239.88330078125,9.745330810546875,24.201644897460938
776,16,person,0,0.5862038731575012,360.13818359375,239.6552734375,7.66387939453125,24.101226806640625
776,18,person,0,0.6105287671089172,332.45233154296875,239.10098266601562,6.668975830078125,27.64654541015625
777,1,car,2,0.9234489798545837,508.7777099609375,313.00830078125,116.09085083007812,84.87115478515625
777,13,person,0,0.7398440837860107,345.6180725097656,237.73928833007812,8.49102783203125,27.597824096679688
777,10,person,0,0.3895933926105499,365.7626953125,239.7393035888672,10.90936279296875,27.0604248046875
777,16,person,0,0.5449777841567993,360.3437194824219,239.96981811523438,7.6387939453125,25.88690185546875
777,18,person,0,0.6895524859428406,331.9998779296875,239.284423828125,6.59783935546875,27.672103881835938
778,1,car,2,0.9227743148803711,508.7054443359375,313.031494140625,116.1746826171875,84.96920776367188
778,13,person,0,0.7406705617904663,345.83441162109375,237.76226806640625,8.990814208984375,27.886322021484375
778,10,person,0,0.38209137320518494,365.44744873046875,239.43817138671875,10.127593994140625,27.929367065429688
778,16,person,0,0.5822846293449402,360.4000549316406,239.720458984375,7.50799560546875,26.808135986328125
778,18,person,0,0.6566524505615234,331.6798400878906,239.4294891357422,6.46771240234375,28.24261474609375
779,1,car,2,0.9232867956161499,508.6900634765625,313.02203369140625,116.20462036132812,84.97824096679688
779,13,person,0,0.7435398697853088,346.32257080078125,237.73886108398438,9.117828369140625,27.907546997070312
779,10,person,0,0.6077036261558533,364.8363037109375,238.6478271484375,11.423065185546875,28.700942993164062
779,18,person,0,0.6815388798713684,331.1527404785156,239.08489990234375,6.801513671875,27.724105834960938
780,1,car,2,0.9236469864845276,508.6968994140625,313.02728271484375,116.198486328125,85.05752563476562
780,13,person,0,0.7577767372131348,346.8785400390625,237.6038360595703,9.443939208984375,28.1075439453125
780,10,person,0,0.6871621608734131,364.3258056640625,238.774658203125,12.70587158203125,29.635818481445312
780,18,person,0,0.6277598142623901,330.7481384277344,239.10418701171875,6.7425537109375,27.821533203125
781,1,car,2,0.9238341450691223,508.6865234375,313.0563049316406,116.24368286132812,85.10980224609375
781,13,person,0,0.7473344802856445,347.30010986328125,237.5252685546875,9.939056396484375,28.110885620117188
781,10,person,0,0.7180615663528442,364.0,238.63037109375,13.015380859375,29.89715576171875
781,18,person,0,0.6489325165748596,330.4332580566406,239.22509765625,6.94921875,28.085861206054688
782,1,car,2,0.9228290915489197,508.66827392578125,313.0452575683594,116.23623657226562,85.029296875
782,13,person,0,0.7611799240112305,347.5888671875,237.46986389160156,10.315673828125,28.194244384765625
782,10,person,0,0.6976950168609619,363.84912109375,238.70013427734375,13.121795654296875,30.500930786132812
782,18,person,0,0.5496625304222107,330.14715576171875,239.5788116455078,7.022186279296875,28.297515869140625
782,9,person,0,0.5790377855300903,377.68804931640625,240.8899383544922,8.719940185546875,23.969329833984375
783,1,car,2,0.9236853122711182,508.6562805175781,313.01513671875,116.25042724609375,84.94235229492188
783,13,person,0,0.7411015033721924,347.9281005859375,237.47605895996094,10.384246826171875,28.1663818359375
783,10,person,0,0.6850106120109558,363.7569885253906,238.98825073242188,12.82977294921875,30.10467529296875
783,18,person,0,0.5849484801292419,329.73907470703125,239.861328125,7.635833740234375,27.19903564453125
783,9,person,0,0.4169970452785492,378.0755310058594,241.19577026367188,8.6016845703125,22.233047485351562
784,1,car,2,0.9236928224563599,508.63690185546875,313.0064392089844,116.2711181640625,84.87554931640625
784,13,person,0,0.6795949935913086,348.07696533203125,237.38674926757812,10.155426025390625,28.271591186523438
784,10,person,0,0.5390500426292419,363.530517578125,239.24163818359375,11.9366455078125,28.832321166992188
784,18,person,0,0.6471508741378784,329.3549499511719,240.09689331054688,8.14349365234375,26.469039916992188
784,9,person,0,0.45672231912612915,378.4920959472656,241.09835815429688,8.72296142578125,21.633209228515625
785,1,car,2,0.9247413277626038,508.630859375,313.08837890625,116.27133178710938,84.94131469726562
785,13,person,0,0.7450702786445618,348.20355224609375,237.43406677246094,10.018768310546875,28.392791748046875
785,18,person,0,0.6200619339942932,328.97430419921875,240.02833557128906,8.544769287109375,26.329345703125
785,9,person,0,0.4894629418849945,378.6427001953125,240.87234497070312,8.620086669921875,21.537612915039062
785,16,person,0,0.5955456495285034,362.62139892578125,238.5679168701172,9.247161865234375,27.00933837890625
786,1,car,2,0.9239587783813477,508.626953125,313.10723876953125,116.32516479492188,84.95419311523438
786,13,person,0,0.7135888934135437,348.3524169921875,237.34332275390625,10.11334228515625,28.053268432617188
786,18,person,0,0.6800302863121033,328.4739990234375,239.85765075683594,9.026702880859375,27.131561279296875
786,9,person,0,0.5434234142303467,378.75396728515625,240.3134765625,9.106231689453125,22.944198608398438
786,16,person,0,0.6105334758758545,362.734619140625,238.63998413085938,9.284698486328125,27.968124389648438
787,1,car,2,0.9251247048377991,508.61871337890625,313.1280822753906,116.26754760742188,84.991455078125
787,13,person,0,0.7194904088973999,348.97174072265625,237.4440460205078,10.54296875,28.145477294921875
787,18,person,0,0.6948603391647339,328.33380126953125,239.68365478515625,9.213775634765625,27.619216918945312
787,9,person,0,0.5175735354423523,378.787109375,240.33358764648438,9.301361083984375,23.76947021484375
787,16,person,0,0.6992146968841553,362.7562255859375,239.30563354492188,9.537078857421875,28.331192016601562
788,1,car,2,0.9244672060012817,508.6509704589844,313.1180419921875,116.20477294921875,85.00466918945312
788,13,person,0,0.7014626860618591,349.35650634765625,237.56570434570312,10.0931396484375,27.819564819335938
788,18,person,0,0.6888852715492249,328.089599609375,239.58834838867188,9.73553466796875,27.510238647460938
788,9,person,0,0.5294384956359863,379.1583251953125,240.5238037109375,9.8204345703125,24.33782958984375
788,16,person,0,0.6990281343460083,362.7541198730469,239.577392578125,10.177001953125,28.926864624023438
789,1,car,2,0.9257248044013977,508.64361572265625,313.13641357421875,116.234375,85.00247192382812
789,13,person,0,0.7035812735557556,349.85504150390625,237.7694091796875,9.525421142578125,27.58929443359375
789,18,person,0,0.6342413425445557,327.4322204589844,239.58279418945312,10.925048828125,27.396636962890625
789,9,person,0,0.5553337335586548,379.53076171875,240.32049560546875,10.108062744140625,24.684982299804688
789,16,person,0,0.6887634992599487,362.705322265625,239.39886474609375,10.844451904296875,29.259780883789062
790,1,car,2,0.9239799380302429,508.6287841796875,313.11090087890625,116.22982788085938,85.06219482421875
790,13,person,0,0.6726340055465698,350.14190673828125,237.7540283203125,9.63818359375,27.842636108398438
790,18,person,0,0.7221576571464539,326.8951721191406,239.35525512695312,11.83428955078125,27.396499633789062
790,9,person,0,0.6113269329071045,379.7937927246094,240.12301635742188,10.45050048828125,24.908340454101562
790,16,person,0,0.6976701021194458,362.79498291015625,239.15414428710938,11.588409423828125,29.235305786132812
791,1,car,2,0.925255537033081,508.6640930175781,313.0966796875,116.14361572265625,85.01187133789062
791,13,person,0,0.6159676313400269,350.63568115234375,237.7372589111328,10.014190673828125,28.110870361328125
791,18,person,0,0.7319797277450562,326.6156311035156,239.36932373046875,12.252685546875,27.403915405273438
791,9,person,0,0.6408196091651917,380.0691223144531,239.67706298828125,11.055419921875,25.673355102539062
791,16,person,0,0.5411668419837952,363.57904052734375,239.21490478515625,10.830108642578125,29.192733764648438
792,1,car,2,0.9246979355812073,508.6602783203125,313.11175537109375,116.1719970703125,85.00405883789062
792,13,person,0,0.4401569366455078,351.21124267578125,237.54397583007812,10.1187744140625,28.278106689453125
792,18,person,0,0.6900504231452942,326.341796875,239.51141357421875,12.519317626953125,27.048751831054688
792,9,person,0,0.6207872629165649,380.3944091796875,239.6343994140625,11.663726806640625,25.991073608398438
792,16,person,0,0.4664562940597534,364.2938537597656,239.18264770507812,9.572509765625,27.939010620117188
793,1,car,2,0.92496657371521,508.666259765625,313.104248046875,116.2054443359375,85.05020141601562
793,13,person,0,0.38933777809143066,353.26507568359375,237.8270721435547,9.824676513671875,28.612823486328125
793,18,person,0,0.7212520837783813,326.0137939453125,239.71920776367188,12.470367431640625,26.468612670898438
793,9,person,0,0.5640349388122559,380.70111083984375,239.11788940429688,11.803680419921875,25.525833129882812
793,16,person,0,0.5142130851745605,364.80755615234375,239.1945343017578,9.514495849609375,26.81658935546875
794,1,car,2,0.9237752556800842,508.67230224609375,313.1266174316406,116.21212768554688,85.02716064453125
794,13,person,0,0.6262983083724976,353.82623291015625,237.68972778320312,9.799041748046875,28.809982299804688
794,18,person,0,0.7050349116325378,325.59063720703125,240.0072021484375,12.454071044921875,25.794921875
794,9,person,0,0.3560820519924164,381.17138671875,238.67132568359375,10.91632080078125,24.801528930664062
794,16,person,0,0.5612594485282898,364.59100341796875,238.8892822265625,10.307098388671875,26.290191650390625
795,1,car,2,0.9240217804908752,508.68450927734375,313.13177490234375,116.26705932617188,85.00155639648438
795,13,person,0,0.5788195133209229,353.75726318359375,237.70025634765625,9.260467529296875,29.007797241210938
795,18,person,0,0.704058825969696,325.51202392578125,240.8419189453125,12.41131591796875,24.427841186523438
795,9,person,0,0.45138970017433167,381.22247314453125,238.7421875,11.245452880859375,25.169723510742188
795,16,person,0,0.497484415769577,365.28717041015625,239.35205078125,10.5247802734375,25.606185913085938
796,1,car,2,0.9242289662361145,508.67193603515625,313.1156311035156,116.24264526367188,84.97906494140625
796,13,person,0,0.6509913206100464,354.74127197265625,237.93338012695312,10.280609130859375,29.555374145507812
796,18,person,0,0.6967276334762573,325.1618957519531,240.83090209960938,12.5164794921875,24.665756225585938
796,9,person,0,0.360832542181015,381.7994384765625,238.9531707763672,10.4786376953125,24.241668701171875
796,16,person,0,0.41302162408828735,365.7120361328125,239.59530639648438,10.861602783203125,24.331008911132812
797,1,car,2,0.9238439798355103,508.66937255859375,313.1309814453125,116.265869140625,85.01333618164062
797,13,person,0,0.6709932684898376,355.62994384765625,237.78207397460938,10.996551513671875,29.897369384765625
797,18,person,0,0.6242261528968811,324.76324462890625,240.3140869140625,12.231536865234375,25.42462158203125
797,9,person,0,0.18604776263237,382.00323486328125,239.14389038085938,10.498260498046875,24.315628051757812
798,1,car,2,0.9232476949691772,508.69537353515625,313.125732421875,116.3233642578125,85.048095703125
798,13,person,0,0.7049369215965271,356.0448303222656,237.7079315185547,11.42034912109375,30.17236328125
798,18,person,0,0.689552903175354,324.20416259765625,238.90167236328125,11.105682373046875,27.671371459960938
798,9,person,0,0.15613535046577454,381.97808837890625,239.1323699951172,10.681182861328125,23.27740478515625
799,1,car,2,0.923349916934967,508.7191162109375,313.1233215332031,116.30075073242188,85.03656005859375
799,13,person,0,0.7424435615539551,356.39166259765625,237.60525512695312,11.54937744140625,30.188858032226562
799,18,person,0,0.5473858714103699,323.7626953125,238.2178497314453,10.35675048828125,28.948516845703125
799,9,person,0,0.24606771767139435,381.93939208984375,238.81199645996094,11.193572998046875,23.62725830078125
800,1,car,2,0.9241562485694885,508.72308349609375,313.122314453125,116.31838989257812,84.99508666992188
800,13,person,0,0.7097620964050293,356.4869384765625,237.89132690429688,11.488677978515625,30.636001586914062
800,18,person,0,0.6648910045623779,323.49017333984375,237.9278106689453,9.872955322265625,29.325531005859375
800,9,person,0,0.17118585109710693,381.9927978515625,238.9292755126953,11.872344970703125,23.7445068359375
800,16,person,0,0.5530717968940735,368.7935791015625,239.720947265625,9.862457275390625,23.905441284179688
801,1,car,2,0.9232149720191956,508.718994140625,313.11590576171875,116.3031005859375,84.95187377929688
801,13,person,0,0.731898307800293,356.45245361328125,237.85891723632812,11.714691162109375,31.083053588867188
801,18,person,0,0.6044247150421143,323.00799560546875,238.25108337402344,9.034210205078125,28.41595458984375
801,16,person,0,0.5643289685249329,369.1852722167969,239.36151123046875,9.7196044921875,25.011856079101562
802,1,car,2,0.9238960146903992,508.6790466308594,313.12017822265625,116.32171630859375,84.90567016601562
802,13,person,0,0.7054198980331421,356.4786071777344,237.9754180908203,11.885009765625,31.289581298828125
802,18,person,0,0.3313344717025757,322.5867614746094,238.57769775390625,8.36114501953125,27.982833862304688
802,16,person,0,0.5819966793060303,369.2335510253906,239.79043579101562,9.117919921875,24.874221801757812
803,1,car,2,0.9215967059135437,508.6690673828125,312.9855041503906,116.28457641601562,84.56365966796875
803,18,person,0,0.15463002026081085,322.22088623046875,239.00979614257812,7.930511474609375,27.159469604492188
803,16,person,0,0.6074061989784241,369.7095642089844,240.455810546875,8.7611083984375,23.555892944335938
804,1,car,2,0.9229578375816345,508.6789855957031,313.0113830566406,116.30816650390625,84.62042236328125
804,18,person,0,0.367270290851593,321.6702575683594,239.85189819335938,7.2474365234375,26.046173095703125
804,16,person,0,0.5010733604431152,370.132080078125,240.72909545898438,8.3873291015625,22.081832885742188
804,10,person,0,0.580208957195282,356.4756164550781,237.83853149414062,13.39996337890625,29.848663330078125
805,1,car,2,0.9229585528373718,508.67791748046875,313.0106201171875,116.3099365234375,84.6781005859375
805,18,person,0,0.3973090946674347,321.35791015625,239.64964294433594,6.9681396484375,26.70318603515625
805,16,person,0,0.558781087398529,370.352294921875,240.3446044921875,8.24371337890625,23.03582763671875
805,10,person,0,0.5122362971305847,354.49139404296875,238.01416015625,11.003082275390625,29.55224609375
806,1,car,2,0.9217191338539124,508.671142578125,312.8453369140625,116.31796264648438,84.38421630859375
806,18,person,0,0.2567823827266693,321.24658203125,239.5055389404297,6.863800048828125,27.500213623046875
806,16,person,0,0.677227258682251,370.7606506347656,239.84329223632812,9.06927490234375,24.484466552734375
806,10,person,0,0.5668212175369263,358.1390380859375,238.76272583007812,9.310821533203125,28.7237548828125
807,1,car,2,0.923021137714386,508.69610595703125,312.9940490722656,116.26235961914062,84.69232177734375
807,16,person,0,0.6025198698043823,371.1001281738281,239.9398193359375,8.64202880859375,24.414077758789062
807,10,person,0,0.6038228869438171,359.4062805175781,239.03060913085938,8.4312744140625,28.462493896484375
808,1,car,2,0.9233279228210449,508.7271728515625,313.0525207519531,116.17648315429688,84.81622314453125
808,16,person,0,0.586952269077301,371.30828857421875,240.10433959960938,8.246551513671875,24.120376586914062
808,10,person,0,0.642278254032135,359.8517150878906,239.0570068359375,8.72857666015625,28.390304565429688
809,1,car,2,0.9237267971038818,508.74566650390625,313.0803527832031,116.16653442382812,84.9427490234375
809,16,person,0,0.586381733417511,371.73504638671875,240.29905700683594,7.98492431640625,24.551849365234375
809,10,person,0,0.6020950675010681,360.26275634765625,238.81195068359375,8.937652587890625,28.191024780273438
810,1,car,2,0.9228529930114746,508.71722412109375,313.0680236816406,116.20755004882812,84.884521484375
810,16,person,0,0.6403552293777466,372.11541748046875,240.17398071289062,7.956024169921875,25.34429931640625
810,10,person,0,0.606663167476654,360.7421875,238.69540405273438,8.8580322265625,27.802703857421875
810,19,person,0,0.6729012131690979,351.35736083984375,238.42803955078125,10.151397705078125,31.586959838867188
811,1,car,2,0.9236531853675842,508.73321533203125,313.05426025390625,116.30545043945312,84.8433837890625
811,16,person,0,0.47331684827804565,372.43621826171875,240.47483825683594,7.570281982421875,25.013916015625
811,10,person,0,0.6132791042327881,361.10479736328125,238.54483032226562,8.453826904296875,27.771896362304688
811,19,person,0,0.7104447484016418,351.0479736328125,238.25650024414062,10.272491455078125,31.799240112304688
812,1,car,2,0.923894464969635,508.75848388671875,313.11444091796875,116.27688598632812,85.00729370117188
812,16,person,0,0.5302457809448242,372.5595703125,240.56967163085938,7.666168212890625,24.6007080078125
812,10,person,0,0.5937204360961914,361.6176452636719,238.29632568359375,8.6368408203125,28.285507202148438
812,19,person,0,0.7236408591270447,350.4608154296875,238.21343994140625,9.6014404296875,31.533203125
813,1,car,2,0.9241670370101929,508.7592468261719,313.1441650390625,116.25372314453125,85.12997436523438
813,16,person,0,0.5860963463783264,372.718017578125,240.3257293701172,8.161834716796875,24.793670654296875
813,10,person,0,0.5759159922599792,362.726806640625,237.86532592773438,8.73394775390625,27.776565551757812
813,19,person,0,0.7516940832138062,350.1207275390625,237.92486572265625,9.526702880859375,31.465927124023438
814,1,car,2,0.9237942695617676,508.72760009765625,313.0611572265625,116.21435546875,84.98025512695312
814,16,person,0,0.6636708974838257,372.89483642578125,240.38525390625,8.173797607421875,25.899581909179688
814,10,person,0,0.670299768447876,363.5654296875,237.50770568847656,9.0272216796875,27.7271728515625
814,19,person,0,0.7527598142623901,349.6990966796875,237.51605224609375,9.75213623046875,31.176925659179688
815,1,car,2,0.9238459467887878,508.7094421386719,313.0487976074219,116.20062255859375,84.982666015625
815,16,person,0,0.675230085849762,372.99835205078125,240.90328979492188,7.99615478515625,26.006179809570312
815,10,person,0,0.6975706815719604,363.73223876953125,237.06808471679688,9.101959228515625,27.747222900390625
815,19,person,0,0.7537551522254944,349.49005126953125,237.40049743652344,9.785308837890625,31.15350341796875
816,1,car,2,0.924124002456665,508.69012451171875,313.05657958984375,116.22488403320312,84.9635009765625
816,16,person,0,0.5972464084625244,373.2462158203125,241.12631225585938,7.752044677734375,24.366134643554688
816,10,person,0,0.6923901438713074,364.168701171875,237.0836944580078,9.395843505859375,28.47760009765625
816,19,person,0,0.7531026005744934,349.20294189453125,237.32850646972656,9.61541748046875,31.391510009765625
817,1,car,2,0.9249184727668762,508.68951416015625,313.14361572265625,116.19393920898438,85.134765625
817,16,person,0,0.6115953922271729,373.576416015625,241.81039428710938,7.626434326171875,23.742752075195312
817,10,person,0,0.6776244640350342,365.116455078125,237.0659942626953,10.332061767578125,29.178466796875
817,19,person,0,0.753725528717041,348.834716796875,237.31320190429688,9.172760009765625,31.875701904296875
818,1,car,2,0.9245595335960388,508.6706237792969,313.1512451171875,116.19488525390625,85.15548706054688
818,16,person,0,0.6075661182403564,373.8250732421875,242.05636596679688,7.944976806640625,23.656005859375
818,10,person,0,0.6770345568656921,365.45513916015625,236.9305419921875,10.587188720703125,29.759658813476562
818,19,person,0,0.7479034066200256,348.4422302246094,237.36773681640625,8.9468994140625,32.3992919921875
819,1,car,2,0.9266194701194763,508.6422119140625,313.21820068359375,116.22317504882812,85.09063720703125
819,16,person,0,0.471977174282074,374.426025390625,242.5924072265625,8.42974853515625,22.7213134765625
819,10,person,0,0.6889650225639343,365.85205078125,237.07366943359375,11.128875732421875,29.979782104492188
819,19,person,0,0.7601276636123657,347.8536071777344,237.43260192871094,9.34771728515625,32.09393310546875
820,1,car,2,0.9250355362892151,508.6507568359375,313.21185302734375,116.1944580078125,85.19094848632812
820,16,person,0,0.49395427107810974,374.65008544921875,242.8709259033203,8.501190185546875,22.2578125
820,10,person,0,0.6908807754516602,366.0660705566406,237.38668823242188,11.2906494140625,29.441055297851562
820,19,person,0,0.765925407409668,347.5689697265625,237.41668701171875,9.488739013671875,31.317581176757812
821,1,car,2,0.9247972965240479,508.66180419921875,313.20037841796875,116.15713500976562,85.17477416992188
821,16,person,0,0.5036491751670837,374.70770263671875,242.6416778564453,9.262725830078125,23.15594482421875
821,10,person,0,0.7004777789115906,365.921142578125,237.46041870117188,11.072906494140625,29.413330078125
821,19,person,0,0.7552613615989685,347.1966552734375,237.05775451660156,9.35723876953125,30.051422119140625
821,18,person,0,0.5539931058883667,317.13238525390625,240.3553924560547,7.441558837890625,24.508697509765625
822,1,car,2,0.9254359006881714,508.67071533203125,313.18353271484375,116.197021484375,85.171142578125
822,16,person,0,0.5119272470474243,374.84906005859375,242.326171875,9.62957763671875,23.4158935546875
822,10,person,0,0.6838358640670776,366.0015869140625,237.59429931640625,11.450164794921875,29.049560546875
822,19,person,0,0.7738640904426575,346.9925537109375,237.46681213378906,9.6328125,30.391143798828125
822,18,person,0,0.5334568023681641,316.82708740234375,241.15130615234375,7.12298583984375,22.988845825195312
823,1,car,2,0.9244867563247681,508.6911926269531,313.16778564453125,116.25994873046875,85.16250610351562
823,16,person,0,0.4724750220775604,375.3106689453125,242.33209228515625,9.128631591796875,22.635147094726562
823,10,person,0,0.6488008499145508,366.43890380859375,237.91539001464844,12.178375244140625,29.389556884765625
823,19,person,0,0.7750326991081238,346.7859802246094,237.587646484375,9.57391357421875,30.284744262695312
823,18,person,0,0.3928150534629822,316.40936279296875,241.0811004638672,6.852081298828125,23.23236083984375
824,1,car,2,0.9252288937568665,508.70806884765625,313.17474365234375,116.28317260742188,85.19082641601562
824,16,person,0,0.38553586602211,375.56201171875,241.99891662597656,8.568023681640625,22.64385986328125
824,10,person,0,0.6211484670639038,367.21612548828125,238.27679443359375,13.454925537109375,29.410430908203125
824,19,person,0,0.7397316098213196,346.5894775390625,237.70361328125,9.460296630859375,29.936813354492188
824,18,person,0,0.2323894053697586,315.8165588378906,240.48385620117188,7.741943359375,24.669784545898438
825,1,car,2,0.9252728819847107,508.7142028808594,313.15704345703125,116.29949951171875,85.15090942382812
825,16,person,0,0.2931855618953705,375.9089660644531,241.82901000976562,8.3453369140625,22.65924072265625
825,10,person,0,0.5269597172737122,367.56842041015625,238.48001098632812,13.807403564453125,29.042007446289062
825,19,person,0,0.7384554743766785,346.3974609375,237.6363525390625,9.629730224609375,29.694107055664062
826,1,car,2,0.9247614145278931,508.7200927734375,313.1417236328125,116.27627563476562,85.14822387695312
826,16,person,0,0.30716729164123535,376.2644958496094,240.88433837890625,8.20526123046875,24.604202270507812
826,10,person,0,0.6558775901794434,367.6541748046875,237.9469451904297,14.521697998046875,30.238800048828125
826,19,person,0,0.7264041900634766,346.1502380371094,237.46987915039062,9.660400390625,29.817520141601562
827,1,car,2,0.9242871999740601,508.6982421875,313.1501159667969,116.26480102539062,85.111328125
827,16,person,0,0.43134668469429016,376.89312744140625,241.70669555664062,8.16748046875,23.345977783203125
827,10,person,0,0.4957779049873352,368.93682861328125,238.76596069335938,11.797454833984375,28.674301147460938
827,19,person,0,0.7314786911010742,345.7438049316406,237.20945739746094,9.62945556640625,29.562042236328125
828,1,car,2,0.9241862893104553,508.70587158203125,313.1535949707031,116.27896118164062,85.1947021484375
828,16,person,0,0.4697929620742798,377.0486755371094,241.69802856445312,8.297119140625,23.419479370117188
828,10,person,0,0.395449697971344,369.51898193359375,238.78761291503906,10.57525634765625,28.670684814453125
828,19,person,0,0.7385971546173096,345.42791748046875,237.13674926757812,9.645660400390625,29.731826782226562
828,9,person,0,0.5046576261520386,389.8474426269531,237.7558135986328,7.05938720703125,23.129547119140625
828,18,person,0,0.5379242300987244,315.0804443359375,239.16995239257812,9.536163330078125,26.531814575195312
829,1,car,2,0.9236763715744019,508.683837890625,313.17071533203125,116.30661010742188,85.21719360351562
829,16,person,0,0.38499727845191956,377.682373046875,241.8214111328125,8.510406494140625,23.509170532226562
829,10,person,0,0.5027162432670593,370.1986083984375,238.55181884765625,9.186065673828125,27.544052124023438
829,19,person,0,0.7432326078414917,345.08203125,237.2201690673828,9.58502197265625,30.18841552734375
829,9,person,0,0.4460594356060028,389.97955322265625,237.96237182617188,6.72747802734375,22.851516723632812
829,18,person,0,0.4146093726158142,314.84527587890625,239.24868774414062,9.731048583984375,26.134353637695312
830,1,car,2,0.9237562417984009,508.69140625,313.1337890625,116.2669677734375,85.12692260742188
830,16,person,0,0.3690849840641022,378.1236572265625,242.47274780273438,7.829376220703125,23.359786987304688
830,10,person,0,0.6422834992408752,370.77825927734375,239.0250244140625,8.21484375,25.4012451171875
830,19,person,0,0.7332291603088379,344.761962890625,237.21237182617188,9.296417236328125,30.408065795898438
830,9,person,0,0.34464147686958313,389.93585205078125,238.26820373535156,6.27313232421875,22.453338623046875
830,18,person,0,0.5725493431091309,314.7659912109375,239.15179443359375,9.49298095703125,26.099075317382812
831,1,car,2,0.923956573009491,508.7195739746094,313.12835693359375,116.26385498046875,85.13946533203125
831,10,person,0,0.3284219205379486,371.09124755859375,238.85855102539062,8.207855224609375,23.797698974609375
831,19,person,0,0.707412838935852,344.4967346191406,237.02627563476562,9.50445556640625,29.965621948242188
831,9,person,0,0.45841071009635925,389.9205322265625,238.25033569335938,6.371673583984375,22.708023071289062
831,18,person,0,0.5422045588493347,314.88494873046875,238.88526916503906,10.039093017578125,26.50927734375
832,1,car,2,0.923041820526123,508.72271728515625,313.08837890625,116.25094604492188,85.18350219726562
832,10,person,0,0.5202523469924927,371.90447998046875,238.23565673828125,8.256866455078125,23.494384765625
832,19,person,0,0.7049601078033447,344.0867614746094,236.70755004882812,9.43621826171875,29.092041015625
832,9,person,0,0.47041183710098267,389.86932373046875,238.27615356445312,6.4385986328125,22.668991088867188
832,18,person,0,0.6714383959770203,314.4701843261719,238.97509765625,10.58978271484375,26.16839599609375
833,1,car,2,0.9219902157783508,508.7086486816406,313.0672912597656,116.23406982421875,85.20086669921875
833,10,person,0,0.5265041589736938,372.47259521484375,238.19847106933594,8.271026611328125,22.941009521484375
833,19,person,0,0.6799541711807251,343.61962890625,236.56597900390625,9.2391357421875,29.2601318359375
833,9,person,0,0.4021070599555969,389.7869873046875,238.25076293945312,6.5137939453125,22.677261352539062
833,18,person,0,0.7038131356239319,314.201171875,239.03285217285156,11.224456787109375,26.18780517578125
834,1,car,2,0.9222146272659302,508.71466064453125,313.0416259765625,116.23629760742188,85.19308471679688
834,19,person,0,0.6982629299163818,343.19525146484375,236.42385864257812,8.9951171875,29.202911376953125
834,9,person,0,0.42504069209098816,389.7269287109375,238.23046875,6.71124267578125,22.565719604492188
834,18,person,0,0.7211062908172607,314.2200927734375,238.96737670898438,11.947662353515625,26.507675170898438
834,16,person,0,0.5663043260574341,377.9177551269531,240.08297729492188,10.40277099609375,24.742156982421875
835,1,car,2,0.9213414192199707,508.73382568359375,313.0307312011719,116.26382446289062,85.18768310546875
835,19,person,0,0.6867804527282715,342.7398681640625,236.61920166015625,9.163238525390625,29.476104736328125
835,9,person,0,0.4674624502658844,389.73651123046875,238.31727600097656,6.714630126953125,22.19964599609375
835,18,person,0,0.6830399036407471,313.87701416015625,239.31417846679688,11.786102294921875,25.981887817382812
835,16,person,0,0.5346872806549072,378.675537109375,239.97747802734375,9.623565673828125,23.760787963867188
836,1,car,2,0.9219309091567993,508.7314453125,313.07208251953125,116.25735473632812,85.23666381835938
836,19,person,0,0.6697902083396912,342.216552734375,236.6286163330078,8.738433837890625,29.41217041015625
836,9,person,0,0.37465840578079224,389.72607421875,238.259765625,6.744659423828125,22.054916381835938
836,18,person,0,0.7300444841384888,313.403076171875,239.4290008544922,11.588348388671875,25.97955322265625
836,16,person,0,0.4722030460834503,379.4210205078125,240.29067993164062,8.8558349609375,23.053970336914062
837,1,car,2,0.922829806804657,508.73260498046875,313.10711669921875,116.241943359375,85.22674560546875
837,19,person,0,0.7311135530471802,341.86663818359375,235.91310119628906,8.985992431640625,27.62744140625
837,9,person,0,0.3844861686229706,389.643310546875,238.19790649414062,6.947906494140625,22.08355712890625
837,18,person,0,0.7260579466819763,313.1080017089844,239.4796905517578,11.5657958984375,25.860870361328125
837,16,person,0,0.5757315158843994,379.2536315917969,240.246826171875,10.33294677734375,23.8011474609375
838,1,car,2,0.9230140447616577,508.73760986328125,313.14990234375,116.254638671875,85.28631591796875
838,19,person,0,0.7398514151573181,341.4490661621094,235.98361206054688,9.09417724609375,27.856674194335938
838,9,person,0,0.39735570549964905,389.605224609375,237.985107421875,6.952606201171875,22.3519287109375
838,18,person,0,0.6963744163513184,312.86688232421875,239.35597229003906,11.448699951171875,25.986358642578125
838,16,person,0,0.6193746328353882,379.8341369628906,239.88015747070312,10.12335205078125,23.484954833984375
839,1,car,2,0.9229550361633301,508.7428283691406,313.12353515625,116.28900146484375,85.22503662109375
839,19,person,0,0.7350791096687317,341.1707458496094,236.40155029296875,9.34600830078125,28.415435791015625
839,9,person,0,0.4054828882217407,389.4964599609375,237.87518310546875,7.017120361328125,22.379226684570312
839,18,person,0,0.6771849393844604,312.48980712890625,239.5743408203125,10.889129638671875,25.867782592773438
839,16,person,0,0.5697053670883179,380.11932373046875,239.63092041015625,10.225311279296875,22.97833251953125
840,1,car,2,0.9233900308609009,508.75726318359375,313.10906982421875,116.2314453125,85.19882202148438
840,19,person,0,0.7368159890174866,340.74554443359375,236.35153198242188,9.325469970703125,28.126419067382812
840,9,person,0,0.4206487536430359,389.3801574707031,237.8048095703125,7.29071044921875,22.355697631835938
840,18,person,0,0.691332995891571,312.16595458984375,239.48220825195312,10.289459228515625,25.850387573242188
840,16,person,0,0.554019033908844,380.0513916015625,239.84539794921875,10.71319580078125,23.544189453125
841,1,car,2,0.9221747517585754,508.761962890625,313.08038330078125,116.187255859375,85.17831420898438
841,19,person,0,0.7268577218055725,340.442626953125,236.704833984375,9.445953369140625,28.420639038085938
841,9,person,0,0.32493704557418823,389.2034912109375,237.74075317382812,7.595611572265625,22.27886962890625
841,18,person,0,0.6777829527854919,311.88714599609375,239.38589477539062,9.760986328125,25.747024536132812
841,16,person,0,0.4896157383918762,379.95489501953125,240.28785705566406,11.069427490234375,24.750335693359375
842,1,car,2,0.9218010306358337,508.7467956542969,313.0640563964844,116.22918701171875,85.18359375
842,19,person,0,0.7319636344909668,340.0434265136719,236.7117919921875,9.94482421875,28.2274169921875
842,9,person,0,0.3114393353462219,389.12481689453125,237.822509765625,7.603179931640625,22.17431640625
842,18,person,0,0.6221479773521423,311.7467346191406,239.21408081054688,9.55865478515625,25.694381713867188
842,16,person,0,0.5211710929870605,379.894775390625,240.45399475097656,11.7288818359375,25.357452392578125
843,1,car,2,0.9225861430168152,508.769775390625,313.0394592285156,116.22341918945312,85.12103271484375
843,19,person,0,0.7034666538238525,339.60479736328125,237.08450317382812,10.800262451171875,28.718124389648438
843,9,person,0,0.2291449010372162,388.961669921875,237.841796875,8.126922607421875,22.340164184570312
843,18,person,0,0.6485857963562012,311.51824951171875,239.03170776367188,10.030426025390625,26.062728881835938
843,16,person,0,0.5006766319274902,380.15460205078125,240.6578369140625,12.1331787109375,25.435501098632812
843,20,person,0,0.6209004521369934,354.67236328125,234.97439575195312,10.293182373046875,24.530609130859375
844,1,car,2,0.9240682125091553,508.7731628417969,313.0528564453125,116.22003173828125,85.03094482421875
844,19,person,0,0.6814463138580322,339.3182373046875,237.09237670898438,11.49835205078125,28.422256469726562
844,9,person,0,0.24702118337154388,388.6578063964844,237.78585815429688,8.03948974609375,22.243148803710938
844,18,person,0,0.636542022228241,311.47735595703125,239.2100830078125,10.233489990234375,26.032577514648438
844,16,person,0,0.5461914539337158,379.8978271484375,240.7648468017578,12.894622802734375,26.554443359375
844,20,person,0,0.5501507520675659,354.0989990234375,235.14981079101562,10.76727294921875,24.710769653320312
845,1,car,2,0.9210328459739685,508.75823974609375,312.73089599609375,116.22476196289062,84.43295288085938
845,19,person,0,0.6506350636482239,339.06451416015625,237.14935302734375,11.814483642578125,28.123504638671875
845,9,person,0,0.19688476622104645,388.3062744140625,237.92628479003906,7.701141357421875,21.564697265625
845,18,person,0,0.643566370010376,311.4678955078125,238.97698974609375,10.105621337890625,26.291519165039062
845,16,person,0,0.43058934807777405,380.05828857421875,240.8236083984375,12.829315185546875,26.5689697265625
845,20,person,0,0.6344380378723145,353.70465087890625,235.3304443359375,10.890228271484375,24.800643920898438
846,1,car,2,0.9237580299377441,508.76922607421875,312.91851806640625,116.24453735351562,84.82037353515625
846,19,person,0,0.6901970505714417,338.7980041503906,236.97096252441406,12.28173828125,27.47821044921875
846,9,person,0,0.1751547008752823,388.0171813964844,238.07693481445312,7.14093017578125,20.4632568359375
846,18,person,0,0.6984046101570129,311.2309875488281,238.89303588867188,9.6929931640625,25.90673828125
846,16,person,0,0.252069890499115,380.4620361328125,240.48486328125,12.864898681640625,25.43548583984375
846,20,person,0,0.6364151239395142,353.3138427734375,235.47488403320312,10.622894287109375,25.457778930664062
847,1,car,2,0.9234390258789062,508.7538757324219,312.97430419921875,116.16351318359375,84.99520874023438
847,19,person,0,0.6871612668037415,338.4124755859375,237.04568481445312,12.8555908203125,27.874557495117188
847,18,person,0,0.527237594127655,311.305419921875,238.9581756591797,9.82342529296875,26.157989501953125
847,16,person,0,0.23827357590198517,381.1162414550781,240.23500061035156,12.63726806640625,25.0086669921875
847,20,person,0,0.6460590958595276,352.9250793457031,235.59713745117188,10.83843994140625,25.498580932617188
848,1,car,2,0.9236778020858765,508.7628173828125,313.0302429199219,116.16635131835938,85.07537841796875
848,19,person,0,0.6466777324676514,338.26043701171875,237.20343017578125,12.828765869140625,28.027587890625
848,18,person,0,0.4982168674468994,311.38568115234375,238.9373321533203,9.862335205078125,26.34881591796875
848,16,person,0,0.22082826495170593,381.4620361328125,240.1013641357422,13.64605712890625,25.8785400390625
848,20,person,0,0.6076681613922119,352.513671875,235.61294555664062,10.617095947265625,25.487030029296875
849,1,car,2,0.9219000339508057,508.75738525390625,313.03228759765625,116.149658203125,85.16458129882812
849,19,person,0,0.608703076839447,338.0687561035156,237.1676483154297,13.13818359375,28.205352783203125
849,16,person,0,0.32186266779899597,381.53564453125,240.02401733398438,13.744842529296875,26.477920532226562
849,20,person,0,0.5142645239830017,351.6243896484375,235.59503173828125,9.555389404296875,25.5272216796875
850,1,car,2,0.9219550490379333,508.7477111816406,313.00738525390625,116.13641357421875,85.15402221679688
850,19,person,0,0.5298188328742981,337.8271484375,237.32583618164062,13.272369384765625,27.786575317382812
850,16,person,0,0.22534577548503876,381.86309814453125,240.3838653564453,13.093994140625,26.572235107421875
850,20,person,0,0.29971203207969666,350.6952819824219,235.47964477539062,8.1070556640625,25.029769897460938
851,1,car,2,0.9235433340072632,508.7690734863281,313.01812744140625,116.13543701171875,85.12579345703125
851,19,person,0,0.6618285179138184,337.5248718261719,237.4796142578125,13.439453125,27.97802734375
851,16,person,0,0.30689573287963867,382.2152099609375,239.49542236328125,11.955902099609375,26.299545288085938
851,20,person,0,0.3267861008644104,350.2070617675781,235.40603637695312,8.0072021484375,25.027725219726562
852,1,car,2,0.9240875244140625,508.75518798828125,313.0382995605469,116.10562133789062,85.05902099609375
852,19,person,0,0.6338284611701965,337.1322021484375,237.53729248046875,13.090362548828125,27.731063842773438
852,16,person,0,0.25696152448654175,382.53057861328125,239.0986328125,11.134185791015625,25.858642578125
852,20,person,0,0.2563822865486145,349.29229736328125,235.32339477539062,7.4735107421875,25.250503540039062
853,1,car,2,0.9236904978752136,508.765625,313.02471923828125,116.1170654296875,85.05142211914062
853,19,person,0,0.6201584935188293,336.66973876953125,237.64895629882812,12.43438720703125,27.881561279296875
853,16,person,0,0.4270218312740326,382.9327087402344,238.83023071289062,10.214599609375,25.078170776367188
853,20,person,0,0.4485948085784912,348.770263671875,235.43560791015625,7.25360107421875,25.218185424804688
854,1,car,2,0.9245662689208984,508.76885986328125,313.03985595703125,116.123779296875,85.044677734375
854,19,person,0,0.5232540369033813,336.1141357421875,237.78741455078125,11.540679931640625,26.888748168945312
854,16,person,0,0.2879510819911957,383.26605224609375,238.74127197265625,9.674102783203125,24.402923583984375
854,20,person,0,0.44590404629707336,348.09234619140625,235.14093017578125,7.39276123046875,24.680938720703125
855,1,car,2,0.9256362318992615,508.73199462890625,313.0484924316406,116.08438110351562,85.010009765625
855,19,person,0,0.4285227060317993,335.5841064453125,237.7900848388672,10.354400634765625,25.972259521484375
855,16,person,0,0.34982559084892273,384.139892578125,238.71176147460938,8.84503173828125,23.551589965820312
855,20,person,0,0.3785551190376282,347.522705078125,235.34378051757812,7.751373291015625,25.0152587890625
856,1,car,2,0.9255663752555847,508.750732421875,313.02642822265625,116.1077880859375,85.00015258789062
856,19,person,0,0.23359115421772003,334.93798828125,238.85891723632812,8.363861083984375,24.213119506835938
856,16,person,0,0.4428431987762451,384.37890625,238.9999237060547,8.685089111328125,23.520721435546875
856,20,person,0,0.37523943185806274,346.65728759765625,235.41111755371094,7.782501220703125,25.22027587890625
857,1,car,2,0.9255245923995972,508.732666015625,313.04541015625,116.08505249023438,84.97991943359375
857,19,person,0,0.5212193727493286,334.34844970703125,238.47840881347656,7.686614990234375,24.986358642578125
857,16,person,0,0.4827062785625458,384.529541015625,238.92193603515625,8.556121826171875,23.6729736328125
857,20,person,0,0.5680800676345825,346.0137023925781,235.6502685546875,8.59417724609375,25.497665405273438
858,1,car,2,0.9258947372436523,508.69549560546875,313.0673522949219,116.11190795898438,84.91314697265625
858,19,person,0,0.6048425436019897,333.6490478515625,237.87437438964844,7.459320068359375,26.742523193359375
858,16,person,0,0.525826096534729,384.6630554199219,238.9483184814453,8.4486083984375,23.71441650390625
858,20,person,0,0.649155855178833,345.56329345703125,235.61056518554688,8.688140869140625,25.551986694335938
859,1,car,2,0.9259475469589233,508.71856689453125,313.06781005859375,116.0439453125,84.90145874023438
859,19,person,0,0.628038763999939,333.1115417480469,237.54031372070312,7.25341796875,27.439376831054688
859,16,person,0,0.5316771864891052,384.819580078125,239.20928955078125,8.382049560546875,22.4285888671875
859,20,person,0,0.5546961426734924,345.2534484863281,235.4344024658203,9.11083984375,25.4398193359375
860,1,car,2,0.9257102012634277,508.73028564453125,313.0555114746094,116.04367065429688,84.9232177734375
860,19,person,0,0.6416739225387573,332.6925964355469,237.62904357910156,7.1884765625,27.993011474609375
860,16,person,0,0.6041560769081116,385.05450439453125,239.63172912597656,8.898345947265625,22.167724609375
860,20,person,0,0.6082282662391663,344.77789306640625,235.564208984375,9.431854248046875,25.570663452148438
861,1,car,2,0.9242148399353027,508.7505798339844,313.049560546875,115.98992919921875,84.94754028320312
861,19,person,0,0.6332738399505615,332.0670166015625,237.38238525390625,6.633636474609375,28.196640014648438
861,16,person,0,0.43587958812713623,385.22271728515625,239.92172241210938,9.260406494140625,21.950088500976562
861,20,person,0,0.5959985256195068,344.43743896484375,235.51284790039062,9.461212158203125,26.010696411132812
862,1,car,2,0.9254574179649353,508.7461242675781,313.0516052246094,115.98077392578125,84.9835205078125
862,19,person,0,0.652847945690155,331.7264404296875,237.26065063476562,6.143768310546875,28.398956298828125
862,16,person,0,0.39209744334220886,385.1786193847656,239.26416015625,9.23590087890625,22.513671875
862,20,person,0,0.6335475444793701,344.187744140625,235.54052734375,9.462249755859375,25.730148315429688
863,1,car,2,0.9239580631256104,508.7513122558594,313.0303955078125,116.03131103515625,84.97744750976562
863,19,person,0,0.6872084736824036,331.52142333984375,236.9697723388672,6.68505859375,28.635528564453125
863,16,person,0,0.39844486117362976,385.33050537109375,238.2887420654297,9.98590087890625,23.8856201171875
863,20,person,0,0.5077084302902222,343.8564453125,235.2606201171875,9.044647216796875,25.40057373046875
864,1,car,2,0.9242291450500488,508.7013244628906,313.03631591796875,116.12811279296875,85.01614379882812
864,19,person,0,0.6677342653274536,331.07574462890625,236.86978149414062,7.373046875,28.036453247070312
864,16,person,0,0.4730444550514221,385.369384765625,237.64300537109375,10.518768310546875,24.097763061523438
864,20,person,0,0.28481507301330566,343.34906005859375,234.06594848632812,8.351776123046875,22.624542236328125
865,1,car,2,0.9254029989242554,508.7281799316406,313.0267333984375,116.08819580078125,85.0035400390625
865,19,person,0,0.6692356467247009,330.87713623046875,237.16229248046875,7.881805419921875,28.160415649414062
865,16,person,0,0.4975352883338928,385.271240234375,237.43716430664062,10.57684326171875,24.80352783203125
865,20,person,0,0.4113120138645172,342.7620849609375,233.90313720703125,8.055755615234375,21.072189331054688
866,1,car,2,0.9255388975143433,508.70257568359375,313.0404052734375,116.157958984375,84.99560546875
866,19,person,0,0.6664880514144897,330.71112060546875,237.33236694335938,8.005889892578125,28.180374145507812
866,16,person,0,0.5395094752311707,385.37615966796875,237.36892700195312,11.239990234375,25.115753173828125
866,20,person,0,0.15401504933834076,341.900146484375,231.1584014892578,7.389495849609375,15.82684326171875
867,1,car,2,0.9257684946060181,508.6717529296875,313.068359375,116.13272094726562,85.00894165039062
867,19,person,0,0.6681414246559143,330.41314697265625,237.19613647460938,8.721954345703125,27.9852294921875
867,16,person,0,0.572875440120697,385.91259765625,237.6680908203125,11.772979736328125,25.249526977539062
867,20,person,0,0.2777174115180969,341.62017822265625,233.9917755126953,7.936065673828125,21.466156005859375
868,1,car,2,0.9253897666931152,508.6654357910156,313.07635498046875,116.13385009765625,85.018310546875
868,19,person,0,0.6164317727088928,330.2112731933594,237.26144409179688,9.2806396484375,27.944046020507812
868,16,person,0,0.6010240316390991,386.19293212890625,237.8101806640625,11.920654296875,24.931396484375
868,20,person,0,0.4075499475002289,340.86407470703125,234.8407440185547,8.261199951171875,23.597503662109375
869,1,car,2,0.9252775311470032,508.5755615234375,313.086181640625,116.30935668945312,85.02825927734375
869,19,person,0,0.6435819864273071,330.2030334472656,237.43711853027344,9.25103759765625,28.252197265625
869,16,person,0,0.5741220116615295,386.61029052734375,237.9620819091797,12.241241455078125,24.8638916015625
869,20,person,0,0.3353551924228668,340.10650634765625,235.21218872070312,8.8087158203125,24.560958862304688
870,1,car,2,0.9257238507270813,508.54547119140625,313.091552734375,116.36233520507812,85.02761840820312
870,19,person,0,0.6211098432540894,330.1458740234375,238.0009307861328,9.03216552734375,27.922393798828125
870,16,person,0,0.6304543018341064,386.867919921875,237.73416137695312,12.458648681640625,24.827041625976562
870,18,person,0,0.5715767741203308,311.4696044921875,240.01577758789062,8.065277099609375,25.53759765625
871,1,car,2,0.924990177154541,508.6407775878906,313.03857421875,116.29803466796875,85.04690551757812
871,19,person,0,0.5665748119354248,329.863037109375,238.45477294921875,9.441925048828125,27.062362670898438
871,16,person,0,0.6095679402351379,387.358154296875,237.86636352539062,12.1767578125,24.579849243164062
871,18,person,0,0.44609588384628296,311.685302734375,240.01925659179688,8.023284912109375,25.66265869140625
872,1,car,2,0.9245014190673828,508.633544921875,313.02197265625,116.33956909179688,85.03277587890625
872,19,person,0,0.6149512529373169,329.7156677246094,238.54696655273438,9.78045654296875,25.700576782226562
872,16,person,0,0.6424885392189026,387.73443603515625,238.02560424804688,11.914581298828125,24.24090576171875
872,18,person,0,0.45371001958847046,311.89801025390625,240.02090454101562,8.046661376953125,25.678298950195312
873,1,car,2,0.9245278239250183,508.661376953125,313.02227783203125,116.27792358398438,84.99368286132812
873,19,person,0,0.5271703600883484,329.49420166015625,239.34933471679688,10.327545166015625,24.910202026367188
873,16,person,0,0.6264032125473022,388.4090576171875,238.1145477294922,11.4580078125,23.98065185546875
873,18,person,0,0.25974512100219727,312.326904296875,239.9530487060547,8.1767578125,25.752655029296875
874,1,car,2,0.9238763451576233,508.6827392578125,312.9931640625,116.244873046875,84.9837646484375
874,19,person,0,0.6021502614021301,329.18096923828125,238.37100219726562,10.274810791015625,25.131301879882812
874,16,person,0,0.6138880252838135,388.81488037109375,238.57135009765625,11.099517822265625,24.542770385742188
874,18,person,0,0.2767094373703003,312.5311279296875,239.72836303710938,8.4365234375,25.837005615234375
875,1,car,2,0.92432701587677,508.701416015625,312.9916687011719,116.21231079101562,84.98529052734375
875,19,person,0,0.5710090398788452,328.79632568359375,237.51345825195312,9.764556884765625,25.214950561523438
875,16,person,0,0.5747933983802795,389.314208984375,238.71401977539062,10.5347900390625,24.616958618164062
875,18,person,0,0.27207496762275696,312.703125,239.86328125,8.101531982421875,25.743453979492188
876,1,car,2,0.924232006072998,508.68780517578125,312.9823303222656,116.2039794921875,84.9930419921875
876,19,person,0,0.5564188957214355,328.5035400390625,236.80325317382812,9.790802001953125,26.736587524414062
876,16,person,0,0.5070222020149231,389.75128173828125,238.54287719726562,10.021759033203125,24.725677490234375
876,18,person,0,0.3414995074272156,312.9483642578125,239.6861572265625,8.118133544921875,26.208847045898438
877,1,car,2,0.924137532711029,508.68292236328125,312.9703063964844,116.19546508789062,84.954345703125
877,19,person,0,0.5774720907211304,328.3170166015625,236.35659790039062,9.69268798828125,27.0491943359375
877,16,person,0,0.5831813216209412,390.4434509277344,237.69686889648438,9.55780029296875,24.438796997070312
877,18,person,0,0.2315271943807602,313.0037536621094,239.7479248046875,8.04608154296875,26.028793334960938
878,1,car,2,0.9240532517433167,508.59661865234375,312.992431640625,116.3154296875,85.0078125
878,19,person,0,0.6012081503868103,328.133056640625,236.4671173095703,9.54681396484375,27.039306640625
878,16,person,0,0.6523177623748779,390.95733642578125,237.26719665527344,9.593780517578125,24.428955078125
878,18,person,0,0.48263081908226013,313.9036560058594,239.56455993652344,8.49908447265625,25.88067626953125
879,1,car,2,0.9231868982315063,508.6630859375,313.0050048828125,116.27783203125,84.98825073242188
879,19,person,0,0.6182889938354492,327.8974304199219,236.51712036132812,9.8492431640625,27.840484619140625
879,16,person,0,0.6224015951156616,391.13592529296875,237.01556396484375,9.911224365234375,24.565521240234375
879,18,person,0,0.5345463156700134,314.1131591796875,239.27349853515625,8.843963623046875,26.638320922851562
880,1,car,2,0.9239826798439026,508.68890380859375,313.02423095703125,116.27978515625,85.01925659179688
880,19,person,0,0.6357505321502686,327.725830078125,236.56805419921875,9.945159912109375,28.078765869140625
880,16,person,0,0.6013982892036438,391.09893798828125,237.13656616210938,9.956787109375,24.15594482421875
880,18,person,0,0.48733532428741455,314.40045166015625,239.75357055664062,8.889495849609375,25.619552612304688
881,1,car,2,0.9232860803604126,508.6983642578125,313.0269775390625,116.31106567382812,85.02578735351562
881,19,person,0,0.6617750525474548,327.50396728515625,236.6534423828125,9.851470947265625,28.161102294921875
881,16,person,0,0.6099809408187866,391.2662048339844,237.07760620117188,9.94000244140625,24.132766723632812
881,18,person,0,0.6014218926429749,314.3595275878906,239.386962890625,9.04541015625,26.559005737304688
882,1,car,2,0.9237634539604187,508.68988037109375,313.06365966796875,116.3248291015625,85.00863647460938
882,19,person,0,0.6794299483299255,327.3582763671875,236.490478515625,9.920928955078125,28.295944213867188
882,16,person,0,0.5935246348381042,391.5821533203125,236.95736694335938,10.703033447265625,24.05908203125
882,18,person,0,0.5497094988822937,314.7164306640625,239.5257568359375,9.3656005859375,26.719070434570312
882,21,person,0,0.5362567901611328,374.9906005859375,239.5466766357422,9.13140869140625,27.567413330078125
883,1,car,2,0.9244146347045898,508.71240234375,313.05596923828125,116.317626953125,84.9976806640625
883,19,person,0,0.620423436164856,326.9599609375,237.21139526367188,9.7630615234375,28.087188720703125
883,16,person,0,0.5973920822143555,391.6572265625,236.627685546875,11.034393310546875,24.696090698242188
883,18,person,0,0.5180985331535339,314.87982177734375,239.60618591308594,9.671966552734375,26.500244140625
883,21,person,0,0.58580082654953,374.67144775390625,239.59820556640625,10.089752197265625,27.848861694335938
884,1,car,2,0.9234336614608765,508.70281982421875,313.0284118652344,116.3106689453125,85.0426025390625
884,19,person,0,0.6497405767440796,326.8508605957031,237.59158325195312,9.76861572265625,28.981353759765625
884,16,person,0,0.6402535438537598,391.22930908203125,236.55572509765625,11.323974609375,25.025650024414062
884,18,person,0,0.5117819309234619,314.89715576171875,239.65988159179688,9.537078857421875,26.173690795898438
884,21,person,0,0.6479817032814026,374.2537536621094,239.35650634765625,11.75555419921875,27.315750122070312
885,1,car,2,0.9237480759620667,508.71728515625,313.01904296875,116.28585815429688,85.04696655273438
885,19,person,0,0.6277180314064026,326.732421875,237.3638458251953,9.65667724609375,28.99822998046875
885,16,person,0,0.6276858448982239,391.10552978515625,236.3775634765625,11.190948486328125,25.111236572265625
885,18,person,0,0.5417848229408264,314.6281433105469,239.72830200195312,10.0521240234375,25.941177368164062
885,21,person,0,0.5562225580215454,373.35943603515625,238.47109985351562,12.831207275390625,27.467620849609375
886,1,car,2,0.9244188070297241,508.7107238769531,313.0436096191406,116.25921630859375,85.044189453125
886,19,person,0,0.518681526184082,326.4018249511719,237.13131713867188,8.96380615234375,28.215850830078125
886,16,person,0,0.5903307199478149,391.11322021484375,236.45277404785156,11.06396484375,24.799163818359375
886,18,person,0,0.5220944881439209,314.68463134765625,239.94674682617188,10.484161376953125,25.781219482421875
886,21,person,0,0.5377713441848755,372.6614074707031,238.13259887695312,13.9775390625,28.0322265625
887,1,car,2,0.9264316558837891,508.695556640625,313.0448303222656,116.27108764648438,84.97088623046875
887,19,person,0,0.6143615245819092,326.379150390625,237.416748046875,9.046539306640625,27.63165283203125
887,16,person,0,0.6332815885543823,391.5594787597656,236.49752807617188,11.0711669921875,24.596710205078125
887,18,person,0,0.3700408339500427,315.1647644042969,240.57223510742188,9.39306640625,24.236297607421875
887,21,person,0,0.4501326382160187,371.92901611328125,237.63771057128906,13.9644775390625,27.903839111328125
888,1,car,2,0.9250174760818481,508.6741638183594,313.06414794921875,116.29510498046875,84.99563598632812
888,19,person,0,0.6386668682098389,326.6470947265625,237.3424072265625,9.253387451171875,28.242691040039062
888,16,person,0,0.6334226727485657,391.7313232421875,236.49850463867188,11.39794921875,24.583694458007812
888,18,person,0,0.4060133695602417,315.46295166015625,241.26951599121094,9.120635986328125,22.9927978515625
888,21,person,0,0.28774669766426086,370.915771484375,237.4468994140625,12.747222900390625,29.129928588867188
888,9,person,0,0.5250677466392517,381.4479675292969,242.59197998046875,8.62554931640625,24.43682861328125
889,1,car,2,0.9242361783981323,508.6728515625,313.0465087890625,116.26260375976562,85.01913452148438
889,19,person,0,0.6176488995552063,326.83026123046875,237.47073364257812,9.16357421875,28.123214721679688
889,16,person,0,0.6702536940574646,391.8361511230469,236.55368041992188,11.4122314453125,24.59686279296875
889,18,person,0,0.4475085139274597,315.60205078125,242.25088500976562,8.786834716796875,21.059677124023438
889,21,person,0,0.1624259501695633,370.42822265625,238.1961212158203,11.625091552734375,29.298553466796875
889,9,person,0,0.5635492205619812,381.3001708984375,242.40304565429688,8.480560302734375,24.335662841796875
890,1,car,2,0.9233478903770447,508.67791748046875,313.04852294921875,116.2265625,85.06704711914062
890,19,person,0,0.65900057554245,327.0027160644531,237.57150268554688,9.60223388671875,28.55035400390625
890,16,person,0,0.6966676115989685,391.61444091796875,236.12892150878906,11.697784423828125,25.32684326171875
890,18,person,0,0.24315690994262695,315.63916015625,242.67416381835938,8.901947021484375,20.094741821289062
890,21,person,0,0.23876115679740906,369.710693359375,237.88272094726562,9.933197021484375,29.656143188476562
890,9,person,0,0.5615708231925964,380.94696044921875,242.11590576171875,8.255889892578125,24.290054321289062
891,1,car,2,0.9246972799301147,508.680908203125,313.0558776855469,116.1983642578125,85.054443359375
891,19,person,0,0.6308452486991882,327.0244445800781,237.64295959472656,9.586181640625,28.170654296875
891,16,person,0,0.7137681841850281,391.8433837890625,236.07501220703125,12.2010498046875,25.773895263671875
891,21,person,0,0.26847657561302185,369.2216796875,236.9990692138672,9.351104736328125,29.803436279296875
891,9,person,0,0.6453827619552612,380.75653076171875,241.97909545898438,7.988616943359375,24.820419311523438
892,1,car,2,0.9234346747398376,508.7060546875,313.04583740234375,116.23336791992188,85.05322265625
892,19,person,0,0.6134896874427795,326.9836730957031,237.91815185546875,9.40283203125,28.077621459960938
892,16,person,0,0.7141520380973816,392.00439453125,236.25015258789062,12.582183837890625,25.650497436523438
892,21,person,0,0.3005748391151428,368.87530517578125,236.73306274414062,8.699127197265625,29.316360473632812
892,9,person,0,0.6359061002731323,380.56451416015625,242.25784301757812,8.264068603515625,25.099334716796875
893,1,car,2,0.9236313104629517,508.71124267578125,313.0480651855469,116.23715209960938,85.058349609375
893,19,person,0,0.48526719212532043,326.82855224609375,236.9973602294922,9.89556884765625,29.48468017578125
893,16,person,0,0.699237585067749,392.0821533203125,236.3223876953125,12.649322509765625,25.681060791015625
893,21,person,0,0.23345042765140533,368.5992431640625,236.7962646484375,8.36053466796875,30.493789672851562
893,9,person,0,0.6065105199813843,380.4716491699219,242.1383514404297,8.68731689453125,25.19189453125
894,1,car,2,0.9246296286582947,508.70562744140625,313.07611083984375,116.25033569335938,85.05825805664062
894,19,person,0,0.5357517600059509,326.7262878417969,236.96627807617188,9.564697265625,28.989227294921875
894,16,person,0,0.6927487254142761,392.1130676269531,236.59408569335938,12.53741455078125,25.313064575195312
894,9,person,0,0.6674076318740845,380.0457763671875,242.317626953125,8.77886962890625,25.422561645507812
895,1,car,2,0.9223514795303345,508.7063903808594,313.0491027832031,116.23272705078125,85.041748046875
895,19,person,0,0.4783214330673218,326.63446044921875,236.61312866210938,10.34271240234375,29.988449096679688
895,16,person,0,0.6940591335296631,392.1308288574219,236.724853515625,12.608154296875,25.109939575195312
895,9,person,0,0.5965372920036316,379.6370849609375,242.010009765625,8.872833251953125,24.892440795898438
896,1,car,2,0.9216736555099487,508.7017822265625,313.02960205078125,116.227783203125,85.04595947265625
896,19,person,0,0.6076333522796631,326.31439208984375,237.509033203125,10.803314208984375,29.101058959960938
896,16,person,0,0.7001581192016602,392.05023193359375,236.8734130859375,12.67236328125,24.851150512695312
896,9,person,0,0.6559094190597534,379.15509033203125,242.01283264160156,9.746002197265625,25.839599609375
896,21,person,0,0.5149403810501099,366.74554443359375,238.17593383789062,7.902191162109375,30.682708740234375
897,1,car,2,0.922940194606781,508.7200012207031,313.04669189453125,116.26751708984375,85.00323486328125
897,19,person,0,0.5552393198013306,326.21136474609375,237.75634765625,10.827789306640625,29.223800659179688
897,16,person,0,0.6861329078674316,392.0151672363281,237.0158233642578,12.71923828125,24.71002197265625
897,9,person,0,0.6353431344032288,378.76666259765625,241.97055053710938,10.353546142578125,25.908706665039062
897,21,person,0,0.5790124535560608,365.98193359375,238.215576171875,7.346282958984375,30.735427856445312
898,1,car,2,0.9224770665168762,508.7169189453125,313.05389404296875,116.239013671875,85.03436279296875
898,19,person,0,0.508817732334137,326.03289794921875,237.8432159423828,10.6353759765625,29.421905517578125
898,16,person,0,0.6884626746177673,391.9635009765625,237.03143310546875,12.773895263671875,24.799575805664062
898,9,person,0,0.6442952156066895,378.4592590332031,241.72642517089844,10.3563232421875,25.173614501953125
898,21,person,0,0.6189711689949036,365.65875244140625,238.55691528320312,7.402618408203125,30.3267822265625
899,1,car,2,0.9227336645126343,508.7010498046875,313.070068359375,116.185546875,84.99874877929688
899,19,person,0,0.42234277725219727,325.9322509765625,237.78982543945312,10.870361328125,30.492385864257812
899,16,person,0,0.6679134368896484,391.98309326171875,237.14804077148438,12.331634521484375,24.739761352539062
899,9,person,0,0.6530383229255676,378.2041320800781,241.7613525390625,10.92254638671875,25.017608642578125
899,21,person,0,0.6483306884765625,364.84576416015625,238.4248504638672,7.911041259765625,30.28875732421875
900,1,car,2,0.9219476580619812,508.6756591796875,313.046875,116.23037719726562,85.046630859375
900,19,person,0,0.42311474680900574,325.79681396484375,237.53350830078125,10.862579345703125,30.448043823242188
900,16,person,0,0.6711761355400085,392.1400146484375,237.21661376953125,12.061187744140625,24.66375732421875
900,9,person,0,0.5589157938957214,377.89959716796875,242.0927734375,11.087005615234375,24.338821411132812
900,21,person,0,0.6187109351158142,364.3209533691406,238.6451416015625,8.13250732421875,29.619903564453125
901,1,car,2,0.9225608706474304,508.67999267578125,313.047119140625,116.24795532226562,85.03237915039062
901,19,person,0,0.3703448176383972,325.97100830078125,237.39254760742188,10.613555908203125,29.98980712890625
901,16,person,0,0.6693567633628845,392.3741149902344,237.2989501953125,11.76153564453125,24.540390014648438
901,9,person,0,0.5468816161155701,377.59039306640625,241.9827880859375,11.358062744140625,24.62164306640625
901,21,person,0,0.6513611674308777,363.82611083984375,237.3359375,8.30731201171875,28.243316650390625
902,1,car,2,0.9225159287452698,508.660888671875,313.041015625,116.27676391601562,85.04345703125
902,19,person,0,0.448916494846344,325.9547119140625,237.57142639160156,10.413543701171875,30.42779541015625
902,16,person,0,0.6545251607894897,392.59088134765625,237.40875244140625,11.1065673828125,24.340713500976562
902,9,person,0,0.6057213544845581,377.2347412109375,242.168701171875,11.446441650390625,24.656875610351562
902,21,person,0,0.593551516532898,363.37322998046875,237.29734802246094,8.762115478515625,28.26397705078125
903,1,car,2,0.9210935235023499,508.67742919921875,313.011474609375,116.27609252929688,85.02584838867188
903,19,person,0,0.5182393789291382,325.6321105957031,237.68524169921875,10.86505126953125,29.994857788085938
903,16,person,0,0.6728951334953308,392.8553466796875,237.45042419433594,10.686370849609375,24.09356689453125
903,9,person,0,0.6158062815666199,376.60986328125,241.55056762695312,11.056549072265625,25.505874633789062
903,21,person,0,0.6888726949691772,362.91546630859375,237.70675659179688,9.733856201171875,29.277206420898438
904,1,car,2,0.9208126664161682,508.624755859375,312.99383544921875,116.3714599609375,85.0601806640625
904,19,person,0,0.6411949992179871,324.70367431640625,238.02593994140625,12.266510009765625,29.720733642578125
904,16,person,0,0.6644235849380493,392.6053771972656,237.32550048828125,10.64056396484375,24.078933715820312
904,9,person,0,0.5737201571464539,376.1693115234375,241.8098602294922,11.013458251953125,25.41015625
904,21,person,0,0.6879928708076477,362.46575927734375,237.3680419921875,9.8797607421875,28.3402099609375
905,1,car,2,0.9205164313316345,508.66143798828125,312.97247314453125,116.33145141601562,85.09030151367188
905,19,person,0,0.6968380212783813,324.25189208984375,238.21507263183594,13.217498779296875,29.390594482421875
905,16,person,0,0.6492307782173157,392.37652587890625,237.29901123046875,10.804840087890625,24.0184326171875
905,9,person,0,0.6043802499771118,375.65618896484375,241.83224487304688,10.264068603515625,25.703445434570312
905,21,person,0,0.699779748916626,362.23626708984375,237.37155151367188,10.615814208984375,28.267654418945312
906,1,car,2,0.9204988479614258,508.69158935546875,312.9588623046875,116.27560424804688,85.11444091796875
906,19,person,0,0.7021529674530029,323.94830322265625,238.4482421875,13.27252197265625,29.117080688476562
906,16,person,0,0.636974573135376,392.58697509765625,237.40945434570312,10.453399658203125,23.914840698242188
906,9,person,0,0.627842903137207,375.1934814453125,241.904541015625,9.323394775390625,26.094024658203125
906,21,person,0,0.6879612803459167,361.81048583984375,237.75570678710938,10.546875,28.67633056640625
907,1,car,2,0.9225361347198486,508.69012451171875,312.97503662109375,116.260498046875,85.04916381835938
907,19,person,0,0.6891421675682068,323.80023193359375,238.41159057617188,13.428985595703125,29.701065063476562
907,16,person,0,0.6085245013237,392.447021484375,237.4990234375,10.043792724609375,23.598007202148438
907,9,person,0,0.5816731452941895,374.7972412109375,242.49496459960938,8.920135498046875,25.610305786132812
907,21,person,0,0.6635532379150391,361.3180847167969,237.748046875,10.36138916015625,28.565765380859375
908,1,car,2,0.9231643676757812,508.685546875,312.99053955078125,116.25619506835938,85.01626586914062
908,19,person,0,0.699251115322113,323.6216125488281,238.57672119140625,13.4730224609375,30.024078369140625
908,16,person,0,0.6253872513771057,392.5712890625,237.52499389648438,9.587493896484375,23.294479370117188
908,9,person,0,0.6503814458847046,373.9213562011719,242.24282836914062,8.3282470703125,25.262969970703125
908,21,person,0,0.6818579435348511,360.8653564453125,237.29611206054688,9.964569091796875,27.598159790039062
909,1,car,2,0.9241927266120911,508.6893310546875,313.011962890625,116.24716186523438,84.97323608398438
909,19,person,0,0.7245795130729675,323.51605224609375,238.5628662109375,13.373321533203125,30.335205078125
909,16,person,0,0.605400562286377,392.5738525390625,237.55392456054688,9.540191650390625,23.345138549804688
909,9,person,0,0.6311854720115662,373.2703857421875,242.277099609375,7.681182861328125,24.897186279296875
909,21,person,0,0.6567381024360657,360.2409362792969,237.09197998046875,9.822021484375,27.709518432617188
910,1,car,2,0.9230802655220032,508.6868591308594,313.0234375,116.20245361328125,84.95455932617188
910,19,person,0,0.7118828296661377,323.45220947265625,238.48553466796875,13.287322998046875,30.497406005859375
910,16,person,0,0.5973841547966003,392.518798828125,237.54605102539062,9.35723876953125,23.340988159179688
910,9,person,0,0.6298660039901733,372.87030029296875,242.92520141601562,7.385040283203125,24.437149047851562
910,21,person,0,0.644197940826416,359.39007568359375,236.96243286132812,9.471649169921875,27.858291625976562
911,1,car,2,0.923836350440979,508.67254638671875,313.0311584472656,116.186279296875,84.94927978515625
911,19,person,0,0.6846327185630798,323.40130615234375,238.54013061523438,13.1170654296875,30.1474609375
911,16,person,0,0.5963708162307739,392.4975280761719,237.58529663085938,9.26708984375,23.354293823242188
911,9,person,0,0.6659992933273315,372.4710693359375,242.89242553710938,7.244232177734375,24.566360473632812
911,21,person,0,0.6612351536750793,358.72515869140625,236.6485595703125,9.24066162109375,27.819091796875
912,1,car,2,0.9240731000900269,508.6662292480469,313.03985595703125,116.19256591796875,84.9202880859375
912,19,person,0,0.6525653600692749,323.386474609375,238.32017517089844,12.802642822265625,30.546661376953125
912,16,person,0,0.5868202447891235,392.5997314453125,237.58648681640625,9.309722900390625,23.526351928710938
912,9,person,0,0.6342597603797913,372.2340087890625,243.42996215820312,7.622039794921875,23.020034790039062
912,21,person,0,0.636425256729126,357.94598388671875,236.83995056152344,8.980743408203125,28.804962158203125
913,1,car,2,0.9241217374801636,508.6785888671875,313.0436096191406,116.16775512695312,84.92144775390625
913,19,person,0,0.4953082501888275,323.1949157714844,238.76513671875,12.24761962890625,28.9613037109375
913,16,person,0,0.6064735651016235,392.6381530761719,237.59103393554688,9.10906982421875,23.405685424804688
913,9,person,0,0.5024752616882324,371.60565185546875,243.87303161621094,7.980499267578125,22.1298828125
913,21,person,0,0.5427319407463074,357.293701171875,237.1230926513672,7.763275146484375,29.49578857421875
914,1,car,2,0.9234724044799805,508.6758117675781,313.06671142578125,116.17498779296875,84.92178344726562
914,19,person,0,0.5956225991249084,322.88885498046875,238.84091186523438,11.4974365234375,28.54217529296875
914,16,person,0,0.6073693037033081,392.64892578125,237.64161682128906,8.9117431640625,23.464019775390625
914,9,person,0,0.6730611324310303,370.83575439453125,243.8160400390625,9.63653564453125,22.817062377929688
914,21,person,0,0.5553227066993713,357.11346435546875,237.02352905273438,7.3720703125,28.942245483398438
915,1,car,2,0.9232677817344666,508.7004699707031,313.0690612792969,116.17340087890625,84.8701171875
915,19,person,0,0.46786975860595703,322.59429931640625,238.96902465820312,10.826812744140625,28.701248168945312
915,16,person,0,0.6244190335273743,392.57257080078125,237.5958251953125,8.53961181640625,23.607986450195312
915,9,person,0,0.6825737357139587,370.13763427734375,243.19863891601562,11.120452880859375,24.120468139648438
915,21,person,0,0.6369648575782776,356.80780029296875,236.91371154785156,7.10321044921875,28.663238525390625
916,1,car,2,0.9235670566558838,508.6966552734375,313.0744323730469,116.17996215820312,84.870361328125
916,19,person,0,0.4697822630405426,322.30419921875,238.9523468017578,10.132598876953125,28.923370361328125
916,16,person,0,0.6202831864356995,392.40557861328125,237.54495239257812,8.3572998046875,23.666717529296875
916,9,person,0,0.7128617763519287,369.61676025390625,242.83929443359375,12.270904541015625,24.896011352539062
916,21,person,0,0.6314287781715393,356.20684814453125,237.0532989501953,6.87261962890625,28.8802490234375
917,1,car,2,0.9228473901748657,508.66729736328125,313.08148193359375,116.18264770507812,84.898193359375
917,19,person,0,0.5641038417816162,322.00201416015625,238.6682891845703,9.80023193359375,29.489898681640625
917,16,person,0,0.6068710684776306,392.2157287597656,237.51239013671875,8.262451171875,23.5806884765625
917,9,person,0,0.7043466567993164,369.3208923339844,243.19940185546875,12.53350830078125,24.044906616210938
917,21,person,0,0.5536876916885376,355.53985595703125,236.56005859375,6.94342041015625,27.927078247070312
918,1,car,2,0.9233294725418091,508.6558837890625,313.0939025878906,116.20498657226562,84.9140625
918,19,person,0,0.5400669574737549,321.97882080078125,238.56961059570312,9.875244140625,29.50128173828125
918,16,person,0,0.5503539443016052,392.16802978515625,237.93850708007812,8.140838623046875,22.307388305664062
918,9,person,0,0.5286489129066467,369.209716796875,242.98696899414062,12.68963623046875,24.887863159179688
918,21,person,0,0.5814831852912903,355.00909423828125,236.32421875,6.94293212890625,27.585479736328125
919,1,car,2,0.9234882593154907,508.6728210449219,313.10546875,116.24163818359375,84.94866943359375
919,19,person,0,0.5011274814605713,322.1412048339844,238.18077087402344,10.08599853515625,30.45245361328125
919,16,person,0,0.5414778590202332,391.9700012207031,238.25308227539062,7.91546630859375,21.500320434570312
919,9,person,0,0.5455547571182251,368.7409973144531,242.31539916992188,11.82745361328125,26.038238525390625
919,21,person,0,0.6575974822044373,354.50146484375,237.1048583984375,7.371368408203125,28.860000610351562
920,1,car,2,0.923724889755249,508.68902587890625,313.1102294921875,116.26260375976562,84.94448852539062
920,19,person,0,0.5399280786514282,321.8665771484375,237.79135131835938,11.445098876953125,29.843215942382812
920,16,person,0,0.5463263988494873,391.7668762207031,238.1707000732422,7.97650146484375,21.663482666015625
920,9,person,0,0.46549978852272034,368.48992919921875,242.77236938476562,11.404937744140625,24.595230102539062
920,21,person,0,0.672781765460968,354.03466796875,237.08425903320312,7.877471923828125,28.727767944335938
921,1,car,2,0.9237328171730042,508.71307373046875,313.1015625,116.29452514648438,84.93173217773438
921,19,person,0,0.5910579562187195,321.88153076171875,238.14376831054688,11.161773681640625,30.20623779296875
921,16,person,0,0.562169075012207,391.642578125,238.354248046875,7.9437255859375,21.278701782226562
921,9,person,0,0.5135467052459717,368.3511962890625,242.4410858154297,11.382354736328125,25.4931640625
921,21,person,0,0.6993398666381836,353.3818664550781,237.28921508789062,8.13336181640625,28.965438842773438
922,1,car,2,0.9235838055610657,508.70721435546875,313.0899658203125,116.29385375976562,84.92901611328125
922,19,person,0,0.5565229058265686,322.06561279296875,237.78903198242188,11.5556640625,30.337203979492188
922,16,person,0,0.540518581867218,391.69610595703125,238.7271270751953,8.101104736328125,20.574127197265625
922,9,person,0,0.5340577363967896,368.05572509765625,243.37437438964844,11.211639404296875,24.06158447265625
922,21,person,0,0.6896808743476868,353.14990234375,237.467041015625,8.819793701171875,29.154754638671875
923,1,car,2,0.9236319065093994,508.7001037597656,313.0806884765625,116.26641845703125,84.95590209960938
923,19,person,0,0.3080340027809143,321.81756591796875,237.79351806640625,12.47601318359375,30.461715698242188
923,16,person,0,0.5343645811080933,391.4775390625,238.10922241210938,8.596954345703125,21.941787719726562
923,9,person,0,0.612289547920227,367.72369384765625,242.24905395507812,10.747589111328125,25.8868408203125
923,21,person,0,0.6817865967750549,353.0064697265625,237.43154907226562,9.59259033203125,28.933486938476562
924,1,car,2,0.923864483833313,508.69219970703125,313.0706787109375,116.258056640625,84.94583129882812
924,16,person,0,0.5789488554000854,391.12799072265625,237.6350860595703,8.581787109375,23.13311767578125
924,9,person,0,0.6438313722610474,367.3480224609375,242.21038818359375,10.232025146484375,26.199630737304688
924,21,person,0,0.6568816304206848,352.5697021484375,237.443359375,10.643463134765625,28.719070434570312
925,1,car,2,0.9242702126502991,508.6832275390625,313.05743408203125,116.2305908203125,84.92062377929688
925,16,person,0,0.6110442876815796,390.635498046875,237.75201416015625,7.740142822265625,23.196029663085938
925,9,person,0,0.6031071543693542,366.9099426269531,241.95938110351562,9.76129150390625,26.213211059570312
925,21,person,0,0.6489232182502747,351.7414245605469,237.69635009765625,12.029052734375,29.299240112304688
926,1,car,2,0.9239292740821838,508.70721435546875,313.0403137207031,116.24075317382812,84.91107177734375
926,16,person,0,0.6458616852760315,390.326904296875,237.76695251464844,8.005828857421875,23.06878662109375
926,9,person,0,0.6462319493293762,366.18658447265625,241.542724609375,9.105926513671875,26.869186401367188
926,21,person,0,0.6934638619422913,351.26568603515625,237.49440002441406,11.849945068359375,28.208648681640625
926,19,person,0,0.5402317643165588,317.992919921875,237.20298767089844,8.8408203125,28.26507568359375
927,1,car,2,0.9226687550544739,508.7074890136719,313.01885986328125,116.17535400390625,84.9110107421875
927,16,person,0,0.6393370032310486,390.12908935546875,237.7617950439453,7.885955810546875,23.09686279296875
927,9,person,0,0.6742870211601257,365.76483154296875,241.69790649414062,8.583740234375,26.737014770507812
927,21,person,0,0.6895567178726196,350.6292419433594,237.4033203125,11.44061279296875,28.04364013671875
927,19,person,0,0.5735071897506714,317.1596984863281,236.49952697753906,7.83050537109375,27.305023193359375
928,1,car,2,0.9231866002082825,508.7017822265625,313.0211486816406,116.1922607421875,84.93048095703125
928,16,person,0,0.6339530944824219,389.8124084472656,237.81825256347656,7.841552734375,22.86114501953125
928,9,person,0,0.70361328125,365.2765197753906,241.2716827392578,7.97113037109375,26.569580078125
928,21,person,0,0.7175412178039551,350.3290100097656,237.61614990234375,11.36126708984375,27.840988159179688
928,19,person,0,0.5487396121025085,316.57733154296875,236.36627197265625,7.85955810546875,26.513046264648438
929,1,car,2,0.9226524829864502,508.71539306640625,313.01922607421875,116.1964111328125,84.91162109375
929,16,person,0,0.6448255777359009,389.72930908203125,237.7322998046875,7.833160400390625,23.064315795898438
929,9,person,0,0.7228288650512695,364.8450622558594,241.3909912109375,8.03118896484375,26.816604614257812
929,21,person,0,0.708288848400116,349.6044921875,237.76345825195312,10.450408935546875,28.117721557617188
929,19,person,0,0.6114819049835205,316.27239990234375,236.23751831054688,8.070068359375,26.2325439453125
930,1,car,2,0.9222134947776794,508.70361328125,313.02960205078125,116.1873779296875,84.89321899414062
930,16,person,0,0.63127601146698,389.6727600097656,237.68594360351562,7.75201416015625,23.016860961914062
930,9,person,0,0.7165505290031433,364.53515625,241.4658966064453,8.145111083984375,26.66290283203125
930,21,person,0,0.6839509606361389,349.14678955078125,237.89378356933594,9.967132568359375,28.896026611328125
930,19,person,0,0.7105376720428467,316.09130859375,236.11187744140625,8.82489013671875,26.249755859375
931,1,car,2,0.9222457408905029,508.7112731933594,313.0567321777344,116.07745361328125,84.8753662109375
931,16,person,0,0.6446540355682373,389.41156005859375,237.70828247070312,7.920745849609375,22.876602172851562
931,9,person,0,0.6858763694763184,364.05352783203125,241.4393310546875,8.044342041015625,26.220901489257812
931,21,person,0,0.6702060103416443,348.65032958984375,237.743408203125,9.49884033203125,29.101104736328125
931,19,person,0,0.6493132710456848,315.6344909667969,236.5401611328125,9.9451904296875,26.074249267578125
932,1,car,2,0.9222924709320068,508.72747802734375,313.06256103515625,116.22518920898438,84.91827392578125
932,16,person,0,0.6958531737327576,389.1695556640625,237.469970703125,8.185821533203125,23.117691040039062
932,9,person,0,0.643893837928772,363.72003173828125,241.28189086914062,8.376739501953125,26.1104736328125
932,21,person,0,0.5868202447891235,348.068603515625,237.52911376953125,8.670440673828125,28.909591674804688
932,19,person,0,0.7181658744812012,315.626708984375,236.5719451904297,9.908355712890625,25.499755859375
933,1,car,2,0.922770619392395,508.73712158203125,313.07574462890625,116.29312133789062,84.93621826171875
933,16,person,0,0.6962569355964661,389.07086181640625,237.3358154296875,8.5567626953125,23.435775756835938
933,9,person,0,0.5979942083358765,363.3596496582031,241.2283172607422,8.04864501953125,25.852203369140625
933,21,person,0,0.6205982565879822,347.74200439453125,237.28004455566406,8.7401123046875,28.454132080078125
933,19,person,0,0.7456958293914795,315.59674072265625,236.525634765625,9.8765869140625,25.624038696289062
934,1,car,2,0.9231375455856323,508.67626953125,312.9671630859375,116.26602172851562,84.69851684570312
934,16,person,0,0.6105886101722717,388.86529541015625,237.50289916992188,8.752166748046875,23.210586547851562
934,9,person,0,0.5476308465003967,362.96337890625,241.01947021484375,7.65740966796875,26.012161254882812
934,21,person,0,0.5704703330993652,346.77899169921875,236.91021728515625,7.800567626953125,27.593231201171875
934,19,person,0,0.7315287590026855,315.4131774902344,236.81585693359375,9.8548583984375,26.423965454101562
935,1,car,2,0.9229980707168579,508.6269836425781,312.91192626953125,116.20306396484375,84.64505004882812
935,16,person,0,0.6313464045524597,388.63092041015625,237.77273559570312,9.509796142578125,22.768051147460938
935,9,person,0,0.6558926105499268,362.60565185546875,240.8804931640625,7.667999267578125,25.836929321289062
935,21,person,0,0.5391284823417664,346.319091796875,237.21702575683594,7.56268310546875,28.32720947265625
935,19,person,0,0.691697895526886,315.27703857421875,237.32501220703125,9.721710205078125,27.314483642578125
936,1,car,2,0.9232770204544067,508.64202880859375,313.0121765136719,116.19094848632812,84.80938720703125
936,16,person,0,0.6762203574180603,388.57318115234375,237.7249755859375,9.654876708984375,22.987197875976562
936,9,person,0,0.6624959111213684,362.2252197265625,240.76419067382812,7.403533935546875,25.622650146484375
936,21,person,0,0.6089386343955994,345.684326171875,237.11199951171875,7.2952880859375,28.370742797851562
936,19,person,0,0.7235307693481445,315.4301452636719,237.3076934814453,9.9925537109375,27.646026611328125
937,1,car,2,0.9236820340156555,508.65875244140625,313.060302734375,116.23007202148438,84.86941528320312
937,16,person,0,0.6732994914054871,388.32513427734375,237.89622497558594,9.827789306640625,23.074371337890625
937,9,person,0,0.6770495772361755,361.7239990234375,240.69155883789062,7.48370361328125,25.609603881835938
937,21,person,0,0.5387774109840393,345.10589599609375,237.23703002929688,7.09173583984375,28.904006958007812
937,19,person,0,0.716987133026123,315.30816650390625,237.3389892578125,9.756683349609375,27.746109008789062
938,1,car,2,0.9240820407867432,508.66845703125,313.07159423828125,116.24899291992188,84.87344360351562
938,16,person,0,0.7308427095413208,388.0891418457031,237.90875244140625,10.164306640625,23.252944946289062
938,9,person,0,0.6732770800590515,361.2113952636719,240.71141052246094,7.462646484375,26.067108154296875
938,21,person,0,0.6959489583969116,344.61126708984375,237.31491088867188,7.20941162109375,29.1817626953125
938,19,person,0,0.729826033115387,315.31396484375,237.23133850097656,9.744964599609375,27.8302001953125
939,1,car,2,0.9231439232826233,508.67010498046875,313.0994873046875,116.22982788085938,84.90530395507812
939,16,person,0,0.6662524938583374,388.03570556640625,238.01870727539062,10.2633056640625,23.146224975585938
939,9,person,0,0.6801261305809021,360.9750061035156,240.77391052246094,7.8905029296875,26.3477783203125
939,21,person,0,0.6981900334358215,344.247802734375,237.45223999023438,7.186492919921875,29.421249389648438
939,19,person,0,0.7352484464645386,315.267333984375,237.15032958984375,10.266387939453125,27.746414184570312
940,1,car,2,0.9230054020881653,508.6792297363281,313.08984375,116.20782470703125,84.90264892578125
940,16,person,0,0.6843579411506653,387.9364013671875,238.02896118164062,10.279449462890625,23.052825927734375
940,9,person,0,0.63072270154953,360.4923095703125,240.91943359375,7.96014404296875,25.973403930664062
940,21,person,0,0.6475292444229126,343.7216491699219,237.22279357910156,7.0445556640625,29.139801025390625
940,19,person,0,0.7032665014266968,314.8250427246094,236.98663330078125,9.9183349609375,27.82977294921875
941,1,car,2,0.9224715828895569,508.68280029296875,313.1112060546875,115.97720336914062,84.88351440429688
941,16,person,0,0.6739955544471741,387.6435546875,238.03433227539062,10.390899658203125,22.932296752929688
941,9,person,0,0.6381180882453918,360.20965576171875,241.3229217529297,7.949188232421875,26.39813232421875
941,21,person,0,0.6807231903076172,343.3104248046875,236.9628143310547,7.26873779296875,27.9781494140625
941,19,person,0,0.666582465171814,314.09088134765625,237.03567504882812,8.948699951171875,27.7916259765625
942,1,car,2,0.9225718379020691,508.6916809082031,313.08197021484375,116.11163330078125,84.92120361328125
942,16,person,0,0.6644645929336548,387.4080505371094,237.99069213867188,10.31121826171875,22.825714111328125
942,9,person,0,0.6235054135322571,359.89190673828125,241.150146484375,7.963531494140625,26.406204223632812
942,21,person,0,0.6088429093360901,342.67926025390625,236.52230834960938,7.478118896484375,26.900741577148438
942,19,person,0,0.6922975182533264,313.72589111328125,236.96194458007812,8.843902587890625,28.034393310546875
943,1,car,2,0.9233599901199341,508.731201171875,313.05706787109375,116.16683959960938,84.89071655273438
943,16,person,0,0.642623245716095,386.9708557128906,237.94216918945312,9.51397705078125,22.81683349609375
943,9,person,0,0.513482391834259,359.38323974609375,241.0888671875,8.3592529296875,26.704742431640625
943,21,person,0,0.67830491065979,342.3460693359375,236.788818359375,7.724212646484375,25.787261962890625
943,19,person,0,0.709684431552887,313.3686218261719,236.65231323242188,8.496826171875,26.92547607421875
944,1,car,2,0.9235730171203613,508.73468017578125,313.0703430175781,116.12551879882812,84.8428955078125
944,16,person,0,0.6483169198036194,386.80633544921875,237.7628936767578,9.669952392578125,22.94482421875
944,9,person,0,0.5151984095573425,358.99981689453125,240.54815673828125,8.53619384765625,26.246185302734375
944,21,person,0,0.5727176666259766,341.56103515625,236.3375244140625,7.520477294921875,25.728652954101562
944,19,person,0,0.6618475317955017,313.2267761230469,236.58889770507812,8.17584228515625,26.397674560546875
944,22,person,0,0.6374132633209229,333.21063232421875,239.06271362304688,7.188751220703125,27.344528198242188
945,1,car,2,0.9236748218536377,508.736572265625,313.0758972167969,116.099365234375,84.80670166015625
945,16,person,0,0.631323516368866,385.84356689453125,237.5959930419922,8.752471923828125,23.39495849609375
945,9,person,0,0.531747043132782,358.55999755859375,240.86032104492188,9.615814208984375,26.744705200195312
945,21,person,0,0.5404312014579773,341.1136474609375,236.3243408203125,7.470306396484375,25.728256225585938
945,19,person,0,0.5895423889160156,313.196533203125,236.5941162109375,8.166412353515625,26.063522338867188
945,22,person,0,0.5636348128318787,333.5526123046875,239.07437133789062,7.629547119140625,27.4078369140625
946,1,car,2,0.923564612865448,508.7113952636719,313.08306884765625,116.15179443359375,84.79782104492188
946,16,person,0,0.6458823680877686,385.3498229980469,237.49758911132812,8.40289306640625,24.011199951171875
946,9,person,0,0.6286803483963013,358.3160400390625,240.93142700195312,10.274993896484375,27.007400512695312
946,21,person,0,0.545676052570343,340.68353271484375,236.5072021484375,7.829193115234375,26.307708740234375
946,19,person,0,0.49670475721359253,313.0380859375,236.71803283691406,8.695068359375,26.380706787109375
946,22,person,0,0.4889760911464691,333.666259765625,239.22891235351562,7.885040283203125,28.15899658203125
947,1,car,2,0.9234574437141418,508.7348327636719,313.0896301269531,116.10711669921875,84.815185546875
947,16,person,0,0.6287525296211243,385.0455322265625,237.41647338867188,7.8914794921875,24.221084594726562
947,9,person,0,0.616335928440094,358.0820617675781,241.0073699951172,10.65423583984375,26.843780517578125
947,21,person,0,0.4551326334476471,340.0594787597656,236.533203125,7.9146728515625,26.043502807617188
947,19,person,0,0.5126529932022095,312.81353759765625,236.9698944091797,9.003814697265625,27.17279052734375
947,22,person,0,0.3991027772426605,333.89141845703125,238.85693359375,8.73248291015625,28.660598754882812
948,1,car,2,0.923178493976593,508.7181396484375,313.07635498046875,116.0989990234375,84.81875610351562
948,16,person,0,0.5978642106056213,384.84503173828125,237.43606567382812,7.574188232421875,24.00469970703125
948,9,person,0,0.6657429933547974,357.602294921875,241.13302612304688,11.52392578125,26.851730346679688
948,21,person,0,0.5671464204788208,339.50457763671875,236.7223663330078,9.642669677734375,25.848663330078125
948,19,person,0,0.5722702741622925,312.7371826171875,236.93820190429688,9.120513916015625,26.969284057617188
948,22,person,0,0.2251569628715515,334.0350036621094,240.10227966308594,8.50604248046875,25.7569580078125
949,1,car,2,0.9240134358406067,508.7289733886719,313.08599853515625,116.08648681640625,84.82015991210938
949,16,person,0,0.6023030281066895,384.77154541015625,237.41531372070312,7.543121337890625,24.118194580078125
949,9,person,0,0.6756910085678101,357.2926940917969,241.1562042236328,11.7176513671875,26.775115966796875
949,21,person,0,0.487557590007782,339.045166015625,237.185302734375,8.606475830078125,27.148208618164062
949,19,person,0,0.5907944440841675,312.686279296875,237.16290283203125,9.261932373046875,27.119705200195312
949,22,person,0,0.21728917956352234,334.20465087890625,241.71316528320312,8.68353271484375,22.62628173828125
950,1,car,2,0.9248453378677368,508.7355651855469,313.06549072265625,116.12030029296875,84.81658935546875
950,16,person,0,0.4268770217895508,384.6255187988281,237.5212860107422,7.63153076171875,24.243560791015625
950,9,person,0,0.6712003946304321,357.08489990234375,241.18643188476562,11.896209716796875,26.795639038085938
950,21,person,0,0.536173403263092,338.69635009765625,237.58047485351562,8.903839111328125,28.391036987304688
950,19,person,0,0.6374666094779968,312.2462158203125,236.9171600341797,9.219146728515625,26.61798095703125
951,1,car,2,0.9245090484619141,508.6964416503906,313.0648193359375,116.21014404296875,84.90875244140625
951,16,person,0,0.3484439551830292,384.392333984375,237.5546875,8.01263427734375,24.50885009765625
951,9,person,0,0.6623090505599976,356.87530517578125,241.19216918945312,11.721649169921875,26.796005249023438
951,21,person,0,0.5057475566864014,337.50592041015625,237.89212036132812,9.944122314453125,29.106491088867188
951,19,person,0,0.6599246859550476,311.8021240234375,236.79376220703125,9.486785888671875,26.856460571289062
952,1,car,2,0.9246569275856018,508.72467041015625,313.0785217285156,116.15756225585938,84.92083740234375
952,16,person,0,0.3864248991012573,383.8291931152344,237.49591064453125,8.058837890625,24.435073852539062
952,9,person,0,0.6753805875778198,356.9234313964844,241.29603576660156,11.6966552734375,27.063812255859375
952,21,person,0,0.619746208190918,336.7003479003906,238.0198974609375,11.10882568359375,29.452606201171875
952,19,person,0,0.6179904341697693,311.49725341796875,236.78131103515625,9.794219970703125,26.797103881835938
953,1,car,2,0.924445629119873,508.73419189453125,313.07403564453125,116.15194702148438,84.93527221679688
953,16,person,0,0.4573814570903778,383.4854431152344,237.27935791015625,8.06414794921875,24.485061645507812
953,9,person,0,0.693674623966217,356.7655029296875,241.43789672851562,11.989471435546875,27.647293090820312
953,21,person,0,0.5997539162635803,336.23291015625,237.9703369140625,10.888336181640625,29.612380981445312
953,19,person,0,0.628882110118866,311.2335205078125,237.0143585205078,10.34381103515625,27.6326904296875
954,1,car,2,0.9248799085617065,508.74725341796875,313.05645751953125,116.11965942382812,84.93869018554688
954,16,person,0,0.473283976316452,383.24176025390625,237.21803283691406,7.86968994140625,24.105499267578125
954,9,person,0,0.6714135408401489,356.2300720214844,241.49069213867188,11.42315673828125,27.908035278320312
954,21,person,0,0.5443463325500488,336.0997314453125,238.20611572265625,10.61004638671875,29.408599853515625
954,19,person,0,0.6364901661872864,311.1805419921875,237.40660095214844,10.695037841796875,28.321685791015625
955,1,car,2,0.9240478277206421,508.7376708984375,313.05474853515625,116.11865234375,84.93930053710938
955,16,person,0,0.6197071075439453,383.0398254394531,237.37091064453125,7.84881591796875,23.691146850585938
955,9,person,0,0.689933717250824,355.6768798828125,241.3740692138672,10.664031982421875,27.85479736328125
955,21,person,0,0.43108463287353516,336.18560791015625,238.73477172851562,10.144134521484375,28.671249389648438
955,19,person,0,0.6167068481445312,311.07275390625,237.7259521484375,11.050811767578125,28.593902587890625
956,1,car,2,0.9232673048973083,508.7324523925781,313.0543212890625,116.08258056640625,84.93728637695312
956,16,person,0,0.6593154072761536,382.8115234375,237.26718139648438,8.010101318359375,24.059005737304688
956,9,person,0,0.6615305542945862,355.2164306640625,241.20468139648438,10.142852783203125,27.344818115234375
956,21,person,0,0.5732979774475098,336.64312744140625,239.14051818847656,9.847564697265625,27.52789306640625
956,19,person,0,0.599234402179718,310.4161376953125,237.97195434570312,10.4681396484375,28.23486328125
957,1,car,2,0.9237843155860901,508.75445556640625,313.0540771484375,116.10812377929688,84.9027099609375
957,16,person,0,0.5874980092048645,382.383056640625,237.53738403320312,8.159393310546875,23.408523559570312
957,9,person,0,0.628997802734375,354.5301818847656,241.02601623535156,9.6021728515625,26.960418701171875
957,21,person,0,0.6364588141441345,336.8410949707031,239.03651428222656,9.67047119140625,27.236572265625
957,19,person,0,0.6070852875709534,310.14044189453125,238.02813720703125,10.048187255859375,28.552505493164062
958,1,car,2,0.9233394265174866,508.74267578125,313.0479431152344,116.14559936523438,84.8995361328125
958,16,person,0,0.6170420050621033,382.0538330078125,237.9858856201172,8.582061767578125,22.96405029296875
958,9,person,0,0.6762498617172241,353.9066162109375,240.73074340820312,9.0592041015625,26.381866455078125
958,21,person,0,0.35393285751342773,337.00732421875,240.4130859375,9.93231201171875,24.669326782226562
958,19,person,0,0.6077402234077454,309.95452880859375,237.93295288085938,9.795013427734375,28.706558227539062
959,1,car,2,0.9246063828468323,508.7593994140625,313.0565490722656,116.1436767578125,84.97064208984375
959,16,person,0,0.6292189955711365,381.68548583984375,238.83432006835938,8.78643798828125,22.695571899414062
959,9,person,0,0.6629456281661987,353.35626220703125,240.90240478515625,8.356842041015625,26.604156494140625
959,19,person,0,0.6149821877479553,310.000732421875,237.88177490234375,9.756866455078125,28.20538330078125
960,1,car,2,0.9242963790893555,508.76153564453125,313.07183837890625,116.2005615234375,84.976318359375
960,16,person,0,0.6603822112083435,381.2056579589844,239.4356689453125,8.46771240234375,22.91094970703125
960,9,person,0,0.605560302734375,352.8118591308594,241.08949279785156,8.2591552734375,26.733154296875
960,19,person,0,0.6396918892860413,310.04766845703125,237.8814697265625,9.940216064453125,27.732833862304688
961,1,car,2,0.9244588613510132,508.7828369140625,313.06182861328125,116.2042236328125,84.96133422851562
961,16,person,0,0.6941362619400024,380.9466552734375,239.59400939941406,8.293792724609375,23.04132080078125
961,9,person,0,0.46558207273483276,352.43707275390625,241.23974609375,8.2706298828125,27.015090942382812
961,19,person,0,0.5971536040306091,310.1513671875,237.48387145996094,10.14044189453125,26.875274658203125
961,21,person,0,0.5189023613929749,333.6123046875,238.00494384765625,7.953704833984375,26.294113159179688
962,1,car,2,0.9232316017150879,508.76458740234375,313.0526123046875,116.23831176757812,84.990234375
962,16,person,0,0.7171154022216797,380.7799072265625,239.61337280273438,8.342437744140625,23.223800659179688
962,9,person,0,0.40518930554389954,351.79254150390625,241.29745483398438,8.459197998046875,27.7130126953125
962,19,person,0,0.626916766166687,309.807861328125,238.16943359375,10.020233154296875,27.782516479492188
962,21,person,0,0.3840486407279968,333.13348388671875,237.33749389648438,7.82421875,27.08856201171875
963,1,car,2,0.924363374710083,508.7797546386719,313.05474853515625,116.19378662109375,85.01495361328125
963,16,person,0,0.7243126630783081,380.61920166015625,239.36376953125,8.168548583984375,23.388565063476562
963,9,person,0,0.5870786905288696,351.32879638671875,241.45228576660156,8.895355224609375,27.816864013671875
963,19,person,0,0.6387584805488586,309.6221923828125,238.4254150390625,10.007415771484375,28.216888427734375
963,21,person,0,0.5349909663200378,332.6072692871094,236.92611694335938,8.2357177734375,26.743209838867188
964,1,car,2,0.9248338341712952,508.791748046875,313.0588684082031,116.16183471679688,85.004150390625
964,16,person,0,0.6877649426460266,380.49737548828125,239.36761474609375,8.229156494140625,23.303451538085938
964,9,person,0,0.4340783357620239,350.9578857421875,241.72952270507812,8.75946044921875,27.337600708007812
964,19,person,0,0.6636672616004944,309.44549560546875,238.40054321289062,10.238311767578125,28.631210327148438
964,21,person,0,0.47455698251724243,331.90673828125,236.52700805664062,8.207733154296875,26.4283447265625
965,1,car,2,0.9242978096008301,508.79095458984375,313.0638427734375,116.1920166015625,84.99160766601562
965,16,person,0,0.6473796963691711,379.98358154296875,239.4896240234375,8.30718994140625,23.383010864257812
965,9,person,0,0.5421884655952454,350.41522216796875,240.97470092773438,8.454803466796875,27.09173583984375
965,19,person,0,0.669062077999115,309.30694580078125,238.35568237304688,10.1337890625,28.832855224609375
965,21,person,0,0.47690320014953613,331.2312316894531,236.7137451171875,8.38525390625,25.784683227539062
966,1,car,2,0.9232236742973328,508.79034423828125,313.0469970703125,116.20321655273438,84.9993896484375
966,16,person,0,0.5970534682273865,379.53631591796875,239.31338500976562,8.344451904296875,23.046600341796875
966,9,person,0,0.6019541621208191,350.09588623046875,240.72901916503906,8.59930419921875,27.317169189453125
966,19,person,0,0.6858839392662048,309.2824401855469,238.1162567138672,10.22198486328125,28.36199951171875
966,21,person,0,0.5471833944320679,331.04229736328125,236.62933349609375,8.100372314453125,25.280380249023438
967,1,car,2,0.9234684109687805,508.7868957519531,313.0633544921875,116.21099853515625,84.99594116210938
967,16,person,0,0.618043839931488,379.0657958984375,239.31475830078125,8.232269287109375,23.500656127929688
967,9,person,0,0.6131623387336731,349.78857421875,240.55548095703125,8.616180419921875,27.354537963867188
967,19,person,0,0.6991463303565979,309.3374938964844,238.26173400878906,10.37939453125,28.345611572265625
967,21,person,0,0.6401392817497253,330.67840576171875,236.72369384765625,8.410369873046875,25.132049560546875
968,1,car,2,0.9236583709716797,508.78436279296875,313.08489990234375,116.26370239257812,84.96975708007812
968,16,person,0,0.65790194272995,378.6677551269531,239.17117309570312,8.32159423828125,23.430984497070312
968,9,person,0,0.5979653596878052,349.2784423828125,240.5641326904297,9.9998779296875,27.674072265625
968,19,person,0,0.7124897241592407,309.39788818359375,238.50717163085938,10.6143798828125,28.635772705078125
968,21,person,0,0.6082639098167419,330.34649658203125,237.05810546875,8.826934814453125,24.954513549804688
969,1,car,2,0.923456609249115,508.792724609375,313.0806579589844,116.27297973632812,84.98663330078125
969,16,person,0,0.6616596579551697,378.42840576171875,239.3109893798828,7.94891357421875,23.806396484375
969,9,person,0,0.6277439594268799,348.7875671386719,240.41868591308594,10.67413330078125,27.880859375
969,19,person,0,0.7336179614067078,309.2734680175781,238.846923828125,10.51983642578125,29.700424194335938
969,21,person,0,0.7000343799591064,330.0765380859375,237.17181396484375,8.735443115234375,24.14544677734375
970,1,car,2,0.9227654933929443,508.8001708984375,313.0870666503906,116.28585815429688,84.95806884765625
970,16,person,0,0.6552464365959167,377.9863586425781,239.03363037109375,7.805908203125,23.288772583007812
970,9,person,0,0.612312376499176,348.61981201171875,240.51559448242188,11.152618408203125,27.888885498046875
970,19,person,0,0.7389252781867981,309.2728271484375,238.69952392578125,10.666900634765625,29.698562622070312
970,21,person,0,0.6456195116043091,329.0563659667969,237.3393096923828,8.00946044921875,24.34063720703125
971,1,car,2,0.9229201078414917,508.78973388671875,313.09039306640625,116.25778198242188,84.99301147460938
971,16,person,0,0.6403949856758118,377.68170166015625,239.426513671875,7.831298828125,23.177627563476562
971,9,person,0,0.5479238033294678,348.3687744140625,240.48764038085938,11.124481201171875,28.297256469726562
971,19,person,0,0.7344204187393188,309.35076904296875,238.20849609375,10.574981689453125,29.08551025390625
971,21,person,0,0.6621015071868896,328.49346923828125,237.09463500976562,7.735748291015625,24.294601440429688
972,1,car,2,0.9230464100837708,508.7469177246094,313.088623046875,116.23651123046875,85.00607299804688
972,16,person,0,0.6523030400276184,377.37835693359375,239.5548095703125,7.906036376953125,22.834426879882812
972,9,person,0,0.489937961101532,347.0601501464844,239.93331909179688,11.47564697265625,28.1539306640625
972,19,person,0,0.7233442068099976,309.3856201171875,238.07540893554688,10.397979736328125,28.960952758789062
972,21,person,0,0.5946900248527527,328.02593994140625,237.00010681152344,7.487579345703125,24.075439453125
973,1,car,2,0.9213348031044006,508.7543029785156,313.0769348144531,116.18780517578125,85.04913330078125
973,16,person,0,0.6563984751701355,377.0509338378906,239.49806213378906,7.94146728515625,23.5736083984375
973,9,person,0,0.5325170159339905,346.548583984375,239.93765258789062,12.10498046875,27.8111572265625
973,19,person,0,0.725502610206604,309.3263244628906,238.48695373535156,10.25860595703125,29.745697021484375
973,21,person,0,0.3815292716026306,327.3240051269531,237.10845947265625,7.42449951171875,24.380706787109375
974,1,car,2,0.9223002195358276,508.76434326171875,313.07818603515625,116.17214965820312,85.01632690429688
974,16,person,0,0.6496984362602234,376.5711669921875,239.63320922851562,7.80322265625,23.714950561523438
974,9,person,0,0.5232248306274414,346.02508544921875,239.8750762939453,11.667449951171875,27.370452880859375
974,19,person,0,0.7360690236091614,309.16278076171875,238.28919982910156,9.939697265625,29.277008056640625
974,21,person,0,0.4669375717639923,326.46942138671875,237.1230010986328,7.618133544921875,25.08306884765625
975,1,car,2,0.9222409725189209,508.756103515625,313.0799255371094,116.1756591796875,84.9835205078125
975,16,person,0,0.6859128475189209,376.24456787109375,239.58120727539062,8.05877685546875,24.44268798828125
975,9,person,0,0.626762866973877,345.5775146484375,239.8711395263672,10.907257080078125,27.430755615234375
975,19,person,0,0.7258021831512451,309.17987060546875,238.6090087890625,9.779083251953125,29.44915771484375
975,21,person,0,0.4020243287086487,325.9278564453125,237.14373779296875,7.155609130859375,25.239212036132812
976,1,car,2,0.9219430685043335,508.7252197265625,313.07763671875,116.1522216796875,84.9927978515625
976,16,person,0,0.6924704909324646,376.0778503417969,239.84033203125,8.2613525390625,24.296707153320312
976,9,person,0,0.6315515041351318,345.19927978515625,239.9815673828125,10.48126220703125,27.496688842773438
976,19,person,0,0.7373533844947815,309.36041259765625,238.68394470214844,9.63946533203125,29.35137939453125
976,21,person,0,0.5353264212608337,324.0277099609375,237.24105834960938,9.083465576171875,25.962677001953125
977,1,car,2,0.9225157499313354,508.75439453125,313.05645751953125,116.16226196289062,85.009765625
977,16,person,0,0.642541766166687,375.7594909667969,239.7423095703125,8.370361328125,24.170120239257812
977,9,person,0,0.5342181324958801,345.13348388671875,240.21006774902344,9.984344482421875,28.074127197265625
977,19,person,0,0.7415629029273987,309.2615966796875,238.8101806640625,9.599945068359375,29.637039184570312
977,21,person,0,0.5749365091323853,323.51123046875,236.9658203125,9.22979736328125,25.690765380859375
978,1,car,2,0.9220433235168457,508.74444580078125,313.0421142578125,116.10867309570312,85.04544067382812
978,16,person,0,0.6082165837287903,375.41937255859375,240.00146484375,8.447845458984375,24.057846069335938
978,9,person,0,0.624022364616394,345.07257080078125,240.37155151367188,9.580108642578125,28.279159545898438
978,19,person,0,0.7351790070533752,309.09478759765625,239.07049560546875,9.646392822265625,29.131881713867188
978,21,person,0,0.6260996460914612,322.6253662109375,237.22061157226562,10.12908935546875,25.920761108398438
979,1,car,2,0.921589195728302,508.73345947265625,312.99822998046875,116.08544921875,85.048583984375
979,16,person,0,0.5394144654273987,374.93829345703125,240.22207641601562,8.6099853515625,23.671829223632812
979,9,person,0,0.5578705072402954,344.9999694824219,240.53504943847656,9.62353515625,28.13250732421875
979,19,person,0,0.7486657500267029,309.0797119140625,239.25851440429688,9.470428466796875,29.685455322265625
979,21,person,0,0.6741449236869812,322.40869140625,237.57400512695312,10.225860595703125,26.476165771484375
980,1,car,2,0.9218987822532654,508.735107421875,313.00244140625,116.08218383789062,85.015625
980,16,person,0,0.3098127543926239,374.48736572265625,240.1876983642578,8.142181396484375,22.38629150390625
980,9,person,0,0.3789947032928467,344.5326843261719,240.6739501953125,9.83697509765625,27.393539428710938
980,19,person,0,0.7398112416267395,309.10968017578125,239.31173706054688,9.464080810546875,29.669784545898438
980,21,person,0,0.6909493803977966,322.41278076171875,237.87057495117188,9.7083740234375,26.584548950195312
980,23,person,0,0.650952160358429,355.3970947265625,238.0745849609375,7.711273193359375,29.466018676757812
981,1,car,2,0.9220899343490601,508.7259521484375,313.00469970703125,116.07522583007812,85.06497192382812
981,16,person,0,0.5136513113975525,374.0290832519531,240.39837646484375,8.466552734375,22.288467407226562
981,9,person,0,0.1838514804840088,343.39495849609375,240.11659240722656,8.676605224609375,26.677490234375
981,19,person,0,0.7579783201217651,309.20916748046875,239.2666778564453,9.94427490234375,29.44671630859375
981,21,person,0,0.6820529699325562,322.52294921875,238.17080688476562,9.216033935546875,26.898391723632812
981,23,person,0,0.6366993188858032,355.07928466796875,237.6860809326172,8.109130859375,28.851226806640625
982,1,car,2,0.9225099682807922,508.7273254394531,312.9876708984375,116.09527587890625,85.08602905273438
982,16,person,0,0.5736697912216187,373.6072998046875,240.72320556640625,8.677154541015625,22.766769409179688
982,9,person,0,0.4184405505657196,342.6000061035156,240.18382263183594,8.57659912109375,26.7701416015625
982,19,person,0,0.7637452483177185,309.36810302734375,239.42303466796875,10.401947021484375,29.182479858398438
982,21,person,0,0.6797623038291931,322.4956359863281,237.88436889648438,8.49200439453125,26.558929443359375
982,23,person,0,0.6465491652488708,354.013671875,237.4808349609375,9.420166015625,28.717254638671875
983,1,car,2,0.9227668642997742,508.7351989746094,313.02020263671875,116.08746337890625,85.08297729492188
983,16,person,0,0.6798625588417053,373.2601318359375,240.65863037109375,9.19451904296875,23.201431274414062
983,9,person,0,0.48461028933525085,341.5272521972656,240.45843505859375,8.080322265625,26.500503540039062
983,19,person,0,0.7411026358604431,309.4869384765625,239.43385314941406,10.765289306640625,29.01788330078125
983,21,person,0,0.6929157972335815,322.55218505859375,237.59890747070312,8.29840087890625,24.980453491210938
983,23,person,0,0.5485126376152039,353.65447998046875,237.60498046875,9.722198486328125,28.855758666992188
984,1,car,2,0.9231287837028503,508.714599609375,313.0299377441406,116.07431030273438,85.0562744140625
984,16,person,0,0.6982890367507935,372.8663330078125,240.1876220703125,9.237213134765625,23.824386596679688
984,9,person,0,0.6843860149383545,340.866455078125,240.7320556640625,8.850982666015625,26.430404663085938
984,19,person,0,0.7238130569458008,309.5618591308594,239.2760772705078,11.06610107421875,29.044708251953125
984,21,person,0,0.7040619850158691,322.3680114746094,237.48922729492188,8.30145263671875,24.001266479492188
984,23,person,0,0.5188406705856323,349.97357177734375,238.578857421875,8.25079345703125,28.606491088867188
985,1,car,2,0.9218508005142212,508.713623046875,313.02349853515625,116.06900024414062,85.085693359375
985,16,person,0,0.6880432367324829,372.45440673828125,239.91995239257812,8.612060546875,24.075302124023438
985,9,person,0,0.6766341328620911,340.0867614746094,241.14576721191406,9.6932373046875,26.860382080078125
985,19,person,0,0.741727352142334,309.84075927734375,239.15997314453125,10.991485595703125,28.611831665039062
985,21,person,0,0.6185522675514221,322.10125732421875,237.56942749023438,8.422271728515625,23.467086791992188
985,23,person,0,0.5366828441619873,349.28387451171875,238.83612060546875,9.10137939453125,28.538589477539062
986,1,car,2,0.9224963188171387,508.7156066894531,312.98822021484375,116.07037353515625,85.06668090820312
986,16,person,0,0.7146097421646118,372.1495361328125,239.59634399414062,8.221527099609375,24.549362182617188
986,9,person,0,0.6914971470832825,339.54620361328125,241.11416625976562,10.141387939453125,26.771316528320312
986,19,person,0,0.6883900761604309,310.0528564453125,239.60858154296875,10.82635498046875,28.695877075195312
986,21,person,0,0.6386687159538269,322.12481689453125,237.65411376953125,8.415740966796875,23.293380737304688
986,23,person,0,0.640173077583313,349.8289489746094,238.71974182128906,10.46380615234375,28.2200927734375
987,1,car,2,0.9228430986404419,508.6578063964844,312.9825439453125,116.09442138671875,85.06097412109375
987,16,person,0,0.7245896458625793,371.9818115234375,239.383056640625,8.20745849609375,24.739776611328125
987,9,person,0,0.6236947774887085,339.14599609375,241.12400817871094,9.672332763671875,26.46734619140625
987,19,person,0,0.7051296830177307,310.3446044921875,239.51980590820312,10.637451171875,28.985763549804688
987,21,person,0,0.6035763621330261,321.76605224609375,237.12628173828125,8.984954833984375,25.087600708007812
987,23,person,0,0.6506114602088928,349.65118408203125,239.0843505859375,10.088043212890625,28.792739868164062
988,1,car,2,0.9234241247177124,508.67584228515625,312.989990234375,116.07254028320312,85.06411743164062
988,16,person,0,0.6959086656570435,371.8299560546875,239.34332275390625,8.301300048828125,24.831069946289062
988,9,person,0,0.6288533210754395,339.0636901855469,240.68572998046875,9.52734375,25.885208129882812
988,19,person,0,0.7092363238334656,310.3841247558594,239.43797302246094,10.4398193359375,29.5284423828125
988,21,person,0,0.669590413570404,321.4703369140625,237.01809692382812,9.468475341796875,26.365951538085938
988,23,person,0,0.6948478817939758,349.7357177734375,239.19302368164062,9.411285400390625,29.075271606445312
989,1,car,2,0.9233700037002563,508.6822509765625,313.012939453125,116.0145263671875,85.04052734375
989,16,person,0,0.707366406917572,371.37969970703125,239.1802978515625,7.91534423828125,24.44720458984375
989,9,person,0,0.4526076316833496,338.76806640625,240.66165161132812,9.250335693359375,25.798934936523438
989,19,person,0,0.6794145107269287,310.766357421875,238.88226318359375,10.838409423828125,28.7484130859375
989,21,person,0,0.5988733768463135,321.36517333984375,236.716796875,10.202239990234375,26.586074829101562
989,23,person,0,0.67373126745224,349.80718994140625,239.26220703125,9.010101318359375,28.788314819335938
990,1,car,2,0.9238230586051941,508.682861328125,313.0010986328125,116.03305053710938,85.04541015625
990,16,person,0,0.7200121283531189,371.05084228515625,239.0102996826172,7.683074951171875,24.674468994140625
990,9,person,0,0.6862583756446838,338.43072509765625,240.82420349121094,9.18353271484375,26.23822021484375
990,19,person,0,0.6348184943199158,311.26910400390625,238.62606811523438,11.140777587890625,28.493576049804688
990,21,person,0,0.5964184999465942,321.4438781738281,236.863525390625,10.257080078125,25.991348266601562
990,23,person,0,0.7074732184410095,350.2398681640625,239.49952697753906,9.56591796875,28.683074951171875
991,1,car,2,0.923262894153595,508.68798828125,313.00189208984375,116.094970703125,85.07781982421875
991,16,person,0,0.7106171250343323,370.5439147949219,239.29598999023438,7.62359619140625,24.482467651367188
991,9,person,0,0.6618221998214722,337.68994140625,241.07052612304688,10.164520263671875,26.565093994140625
991,19,person,0,0.5880576968193054,311.61676025390625,238.29629516601562,10.974456787109375,28.495956420898438
991,23,person,0,0.6655504703521729,350.5850524902344,239.29830932617188,10.19927978515625,29.401565551757812
992,1,car,2,0.9227763414382935,508.6849365234375,313.00347900390625,116.12081909179688,85.09896850585938
992,16,person,0,0.7079320549964905,370.13104248046875,239.59146118164062,7.539947509765625,24.362319946289062
992,9,person,0,0.6698806881904602,337.4468994140625,241.2537841796875,9.896820068359375,26.609725952148438
992,19,person,0,0.5675540566444397,312.0155944824219,237.91513061523438,10.29718017578125,27.353408813476562
992,23,person,0,0.6967850923538208,350.722900390625,239.168701171875,10.798919677734375,29.4775390625
993,1,car,2,0.9197938442230225,508.67742919921875,312.9447937011719,116.1236572265625,85.21893310546875
993,16,person,0,0.6873990893363953,369.51641845703125,239.69520568847656,7.453826904296875,23.9515380859375
993,9,person,0,0.5828695297241211,337.2416687011719,241.1072998046875,10.08392333984375,26.682281494140625
993,19,person,0,0.5406392812728882,312.4259948730469,237.83250427246094,9.94952392578125,26.317230224609375
993,23,person,0,0.7123324871063232,350.8411865234375,239.25306701660156,11.277374267578125,29.164764404296875
994,1,car,2,0.92256098985672,508.6396789550781,312.9909362792969,116.13348388671875,85.17083740234375
994,16,person,0,0.5621933937072754,369.12896728515625,239.70458984375,7.216461181640625,23.79132080078125
994,9,person,0,0.515207827091217,337.03790283203125,242.2237548828125,10.015838623046875,24.755233764648438
994,19,person,0,0.5659968852996826,312.61199951171875,237.755615234375,10.137603759765625,25.987350463867188
994,23,person,0,0.5933826565742493,350.9493713378906,239.16549682617188,11.90826416015625,29.294570922851562
995,1,car,2,0.921718418598175,508.660400390625,312.94049072265625,116.13552856445312,85.08358764648438
995,16,person,0,0.6034454107284546,368.7352294921875,239.3482666015625,7.595855712890625,24.182693481445312
995,9,person,0,0.38347184658050537,335.82470703125,240.98318481445312,9.852081298828125,26.614501953125
995,19,person,0,0.6362730264663696,312.94427490234375,237.77203369140625,11.0955810546875,26.583145141601562
995,23,person,0,0.5849212408065796,351.2254638671875,238.8978271484375,12.344512939453125,29.090072631835938
996,1,car,2,0.9211843609809875,508.6738586425781,312.93243408203125,116.10369873046875,85.05169677734375
996,16,person,0,0.5947787761688232,368.5495910644531,239.02001953125,7.96246337890625,24.285659790039062
996,9,person,0,0.31827208399772644,335.23565673828125,240.995849609375,9.7342529296875,26.758010864257812
996,19,person,0,0.6335649490356445,312.97869873046875,237.7891082763672,11.285797119140625,26.9925537109375
996,23,person,0,0.5780742168426514,352.06060791015625,239.04457092285156,11.709442138671875,28.16375732421875
997,1,car,2,0.9219715595245361,508.6606750488281,312.9586181640625,116.16351318359375,85.03982543945312
997,16,person,0,0.5782777070999146,368.35662841796875,238.9185791015625,8.32098388671875,24.933120727539062
997,9,person,0,0.6192777156829834,334.062744140625,240.248291015625,10.47027587890625,27.1689453125
997,19,person,0,0.7230891585350037,313.26861572265625,238.01470947265625,11.513763427734375,28.019790649414062
997,23,person,0,0.6328670978546143,352.63861083984375,238.8538818359375,11.67108154296875,28.123611450195312
998,1,car,2,0.9225177764892578,508.6629638671875,312.9664611816406,116.20895385742188,85.08819580078125
998,16,person,0,0.578084409236908,368.01092529296875,238.91123962402344,9.136749267578125,25.635284423828125
998,9,person,0,0.6940121650695801,333.2494812011719,239.75729370117188,9.75140380859375,28.218490600585938
998,19,person,0,0.743532657623291,313.4427795410156,237.9571533203125,11.466796875,27.066757202148438
998,23,person,0,0.6447403430938721,353.470703125,239.168701171875,10.49383544921875,28.016708374023438
999,1,car,2,0.9221404790878296,508.65679931640625,312.9988098144531,116.21420288085938,85.10968017578125
999,16,person,0,0.595548152923584,367.80328369140625,239.14837646484375,9.655792236328125,25.667343139648438
999,9,person,0,0.7228773236274719,332.86810302734375,239.492431640625,8.8372802734375,28.010589599609375
999,19,person,0,0.7479540705680847,313.5809631347656,238.1715850830078,11.26483154296875,27.93212890625
999,23,person,0,0.6340115070343018,353.9387512207031,239.38796997070312,10.0452880859375,28.058151245117188
1000,1,car,2,0.9204152822494507,508.6707763671875,312.79052734375,116.09628295898438,84.36495971679688
1000,16,person,0,0.5226592421531677,367.44110107421875,238.9703369140625,9.7108154296875,26.356369018554688
1000,9,person,0,0.7025563716888428,332.74273681640625,239.6229248046875,8.6890869140625,28.751541137695312
1000,19,person,0,0.746017575263977,313.73480224609375,238.53439331054688,11.206085205078125,28.392776489257812
1000,23,person,0,0.4633055329322815,354.452880859375,239.46751403808594,9.535430908203125,28.12359619140625
1001,1,car,2,0.9204972386360168,508.69244384765625,312.7076721191406,116.04891967773438,84.1595458984375
1001,16,person,0,0.5845065116882324,367.118896484375,239.17013549804688,10.121734619140625,26.183120727539062
1001,9,person,0,0.6788924932479858,332.6676025390625,239.69012451171875,8.079986572265625,28.588714599609375
1001,19,person,0,0.7765087485313416,313.759521484375,239.12481689453125,10.687713623046875,29.521514892578125
1001,23,person,0,0.49558916687965393,355.0168762207031,239.3367462158203,8.2598876953125,27.72625732421875
1002,1,car,2,0.9213865399360657,508.71563720703125,312.6923828125,116.02426147460938,84.03094482421875
1002,16,person,0,0.60460364818573,366.98046875,239.56060791015625,10.366729736328125,25.729232788085938
1002,9,person,0,0.6802576184272766,332.4345703125,239.69198608398438,8.063507080078125,28.940658569335938
1002,19,person,0,0.7646698951721191,314.0098876953125,239.31930541992188,10.195343017578125,30.082290649414062
1002,23,person,0,0.5025281310081482,355.6070251464844,239.2144775390625,7.48126220703125,26.796859741210938
1003,1,car,2,0.9213886857032776,508.72064208984375,312.663330078125,115.96142578125,83.95199584960938
1003,16,person,0,0.5974448323249817,366.8902893066406,239.34437561035156,10.6881103515625,26.3619384765625
1003,9,person,0,0.6174238920211792,332.35546875,239.5994873046875,7.5849609375,28.14263916015625
1003,19,person,0,0.7102165222167969,314.11468505859375,238.8394775390625,10.048553466796875,29.128524780273438
1003,23,person,0,0.5567996501922607,355.85150146484375,239.427001953125,7.67041015625,27.022140502929688
1004,1,car,2,0.9207164645195007,508.7029113769531,312.52288818359375,116.12786865234375,83.77456665039062
1004,16,person,0,0.4968763291835785,366.85205078125,240.14788818359375,10.423736572265625,24.7449951171875
1004,9,person,0,0.6108767986297607,331.9422912597656,239.2885284423828,7.6329345703125,28.270660400390625
1004,19,person,0,0.7196934819221497,314.284423828125,238.9075469970703,9.609832763671875,29.460357666015625
1004,23,person,0,0.541814386844635,356.3238525390625,239.40957641601562,7.189788818359375,27.28753662109375
1005,1,car,2,0.920240044593811,508.70928955078125,312.62890625,116.01992797851562,83.9268798828125
1005,16,person,0,0.5480466485023499,366.61920166015625,241.05047607421875,10.58428955078125,22.116317749023438
1005,9,person,0,0.6690419912338257,331.565673828125,239.33648681640625,7.866485595703125,28.117965698242188
1005,19,person,0,0.7324987649917603,314.42852783203125,238.8274688720703,9.81536865234375,29.4732666015625
1005,23,person,0,0.5669902563095093,356.72137451171875,239.541015625,6.718719482421875,26.707748413085938
1006,1,car,2,0.9202097058296204,508.68682861328125,312.71868896484375,115.98843383789062,84.118896484375
1006,16,person,0,0.5762192606925964,366.3311767578125,239.97177124023438,11.094329833984375,22.921615600585938
1006,9,person,0,0.6599171161651611,331.36212158203125,239.35470581054688,8.204010009765625,28.206024169921875
1006,19,person,0,0.7625355124473572,314.677001953125,238.69952392578125,10.377899169921875,29.213516235351562
1006,23,person,0,0.6392320990562439,357.0084533691406,239.24191284179688,6.89263916015625,26.733932495117188
1007,1,car,2,0.9205211400985718,508.69525146484375,312.74981689453125,116.02682495117188,84.15365600585938
1007,16,person,0,0.5384137034416199,366.199951171875,240.5555419921875,11.198272705078125,20.8720703125
1007,9,person,0,0.5971229672431946,331.2890319824219,239.58865356445312,8.72021484375,27.197372436523438
1007,19,person,0,0.7319884896278381,314.88360595703125,238.24993896484375,9.807891845703125,28.979141235351562
1007,23,person,0,0.6165638566017151,357.55670166015625,239.3529815673828,7.37554931640625,27.1485595703125
1008,1,car,2,0.9195492267608643,508.6666259765625,312.60400390625,116.01278686523438,83.82696533203125
1008,16,person,0,0.4252091646194458,366.2332763671875,240.22940063476562,11.02508544921875,21.137374877929688
1008,9,person,0,0.6435408592224121,331.0863037109375,239.81993103027344,9.232208251953125,27.808441162109375
1008,19,person,0,0.7326723337173462,314.7882080078125,237.9578857421875,9.65374755859375,28.660675048828125
1008,23,person,0,0.5929543375968933,357.9468994140625,239.09390258789062,7.692596435546875,26.974838256835938
1009,1,car,2,0.9198874235153198,508.6866455078125,312.6686706542969,116.18850708007812,84.0228271484375
1009,16,person,0,0.27853861451148987,364.52081298828125,239.0301971435547,9.989105224609375,22.139007568359375
1009,9,person,0,0.4622829258441925,330.2630310058594,239.8709259033203,9.99884033203125,27.43792724609375
1009,19,person,0,0.6517452597618103,314.767333984375,238.09152221679688,10.187713623046875,28.485885620117188
1009,23,person,0,0.4249081313610077,358.3785400390625,239.07456970214844,7.633941650390625,26.527923583984375
1010,1,car,2,0.9204283356666565,508.67669677734375,312.7110290527344,116.27883911132812,84.12396240234375
1010,9,person,0,0.46331697702407837,329.7635498046875,240.06045532226562,10.015167236328125,27.070770263671875
1010,19,person,0,0.709024965763092,314.9669189453125,237.9634552001953,10.937652587890625,28.619598388671875
1010,23,person,0,0.4849244952201843,359.26861572265625,239.17977905273438,8.138427734375,26.274948120117188
1011,1,car,2,0.9214751124382019,508.751220703125,312.7383728027344,116.2501220703125,84.159423828125
1011,9,person,0,0.47636744379997253,329.68255615234375,239.71861267089844,9.958709716796875,26.853240966796875
1011,19,person,0,0.7003597617149353,315.02569580078125,238.1282958984375,10.867828369140625,28.268447875976562
1011,23,person,0,0.588244616985321,360.26416015625,239.15109252929688,8.56121826171875,25.930526733398438
1012,1,car,2,0.9206163883209229,508.7442626953125,312.78057861328125,116.23876953125,84.163818359375
1012,9,person,0,0.483469694852829,328.8753967285156,239.9505615234375,9.0640869140625,25.9429931640625
1012,19,person,0,0.6817720532417297,314.99853515625,238.3701934814453,10.512847900390625,28.526763916015625
1012,23,person,0,0.5399525165557861,361.0301513671875,239.2242431640625,8.952911376953125,26.139083862304688
1013,1,car,2,0.9216028451919556,508.748046875,312.8141174316406,116.08566284179688,84.24786376953125
1013,9,person,0,0.540862500667572,328.2483825683594,240.21861267089844,9.309814453125,24.977508544921875
1013,19,person,0,0.5794310569763184,315.5493469238281,238.67327880859375,9.3353271484375,27.873580932617188
1013,23,person,0,0.5633823871612549,361.2879638671875,239.1785888671875,9.210296630859375,26.176071166992188
1014,1,car,2,0.9217607378959656,508.7531433105469,312.825439453125,116.01910400390625,84.3056640625
1014,9,person,0,0.49941226840019226,327.7462158203125,240.45654296875,9.016937255859375,24.461318969726562
1014,19,person,0,0.5662032961845398,315.947265625,238.45095825195312,8.841552734375,27.199127197265625
1014,23,person,0,0.6393871307373047,361.3424072265625,239.20335388183594,9.209747314453125,26.06842041015625
1015,1,car,2,0.9212920069694519,508.7424621582031,312.8311767578125,115.98675537109375,84.31484985351562
1015,9,person,0,0.6184065937995911,326.8499755859375,240.30804443359375,8.886077880859375,24.65863037109375
1015,19,person,0,0.6394311785697937,316.375244140625,238.02194213867188,8.566497802734375,27.744461059570312
1015,23,person,0,0.6879211664199829,361.368408203125,239.22320556640625,9.316162109375,26.075973510742188
1016,1,car,2,0.9213277697563171,508.72900390625,312.8031311035156,116.11996459960938,84.32550048828125
1016,9,person,0,0.646310031414032,326.05889892578125,240.08216857910156,8.9375,25.102813720703125
1016,19,person,0,0.5953577160835266,316.6679992675781,237.8182830810547,8.0076904296875,27.531097412109375
1016,23,person,0,0.5990396738052368,361.64495849609375,239.32009887695312,9.833038330078125,26.005935668945312
1016,24,person,0,0.5768660306930542,335.95111083984375,236.14273071289062,10.157440185546875,27.245803833007812
1017,1,car,2,0.9206051230430603,508.7802734375,312.8110046386719,116.14053344726562,84.43780517578125
1017,9,person,0,0.5069535374641418,325.83587646484375,241.245849609375,8.219329833984375,22.34930419921875
1017,19,person,0,0.5332440733909607,316.6143798828125,238.10520935058594,8.599853515625,27.37835693359375
1017,23,person,0,0.3831624388694763,361.93414306640625,239.4506072998047,10.34735107421875,26.31317138671875
1017,24,person,0,0.560359537601471,335.98358154296875,236.46585083007812,9.809478759765625,28.106826782226562
1018,1,car,2,0.9207515120506287,508.79052734375,312.79669189453125,116.16738891601562,84.42068481445312
1018,9,person,0,0.5371509194374084,325.6573791503906,241.28738403320312,8.7247314453125,23.041656494140625
1018,19,person,0,0.49704915285110474,316.99017333984375,237.6729736328125,8.22412109375,26.807510375976562
1018,23,person,0,0.5149150490760803,361.86669921875,239.35166931152344,10.593719482421875,26.510955810546875
1018,24,person,0,0.56004399061203,335.45819091796875,236.62498474121094,9.742645263671875,28.362060546875
1019,1,car,2,0.9216595888137817,508.78594970703125,312.80328369140625,116.23898315429688,84.41970825195312
1019,9,person,0,0.5382189154624939,325.14068603515625,240.6432647705078,8.451324462890625,24.227203369140625
1019,19,person,0,0.5330876708030701,317.509521484375,237.35293579101562,8.511077880859375,26.610733032226562
1019,23,person,0,0.42122790217399597,361.82958984375,239.418701171875,10.88458251953125,27.078903198242188
1019,24,person,0,0.6597334146499634,335.35986328125,236.6099853515625,9.780303955078125,28.24139404296875
1020,1,car,2,0.921442985534668,508.77215576171875,312.8119201660156,116.26724243164062,84.367431640625
1020,19,person,0,0.4068097472190857,319.86077880859375,237.51016235351562,12.643402099609375,28.083282470703125
1020,23,person,0,0.4763808846473694,361.8312072753906,239.25851440429688,11.5355224609375,26.772476196289062
1020,24,person,0,0.4416443109512329,335.3587646484375,236.4324188232422,9.769866943359375,27.89813232421875
1021,1,car,2,0.9201641082763672,508.79364013671875,312.82171630859375,116.3182373046875,84.4683837890625
1021,19,person,0,0.5919718146324158,320.98052978515625,237.87619018554688,12.68304443359375,28.493011474609375
1021,23,person,0,0.24529531598091125,362.6439208984375,239.54168701171875,10.699188232421875,25.90814208984375
1021,24,person,0,0.6045022010803223,335.36676025390625,236.3401336669922,9.70281982421875,28.08551025390625
1022,1,car,2,0.9211578965187073,508.82568359375,312.8317565917969,116.31753540039062,84.42034912109375
1022,19,person,0,0.6269623041152954,321.76544189453125,238.53512573242188,11.999603271484375,28.958175659179688
1022,23,person,0,0.3354310095310211,363.43963623046875,239.06375122070312,8.912750244140625,25.456512451171875
1022,24,person,0,0.49435022473335266,335.56219482421875,236.50706481933594,9.494476318359375,28.57232666015625
1022,16,person,0,0.5222302675247192,357.7952880859375,238.6794891357422,8.519317626953125,26.26495361328125
1023,1,car,2,0.9209820032119751,508.8386535644531,312.7904357910156,116.38360595703125,84.37982177734375
1023,19,person,0,0.6324588656425476,321.95391845703125,238.4769744873047,11.736297607421875,29.500518798828125
1023,23,person,0,0.365572452545166,363.9149169921875,239.11312866210938,8.261688232421875,25.255691528320312
1023,24,person,0,0.21210411190986633,335.2403259277344,236.46466064453125,9.46221923828125,28.537246704101562
1023,16,person,0,0.5997271537780762,357.53643798828125,238.819580078125,9.367950439453125,26.309127807617188
1024,1,car,2,0.922481119632721,508.8136291503906,312.7940979003906,116.46417236328125,84.30670166015625
1024,19,person,0,0.6376510858535767,322.2838439941406,238.1171417236328,10.93951416015625,29.61285400390625
1024,23,person,0,0.34790754318237305,364.0418395996094,239.57574462890625,8.3623046875,25.403961181640625
1024,24,person,0,0.3308579921722412,335.2496337890625,236.37745666503906,9.590240478515625,28.2354736328125
1024,16,person,0,0.6188924312591553,357.175048828125,238.99005126953125,9.274078369140625,26.349777221679688
1025,1,car,2,0.9210414886474609,508.8310546875,312.77789306640625,116.46533203125,84.42825317382812
1025,19,person,0,0.6824191212654114,322.21240234375,237.90206909179688,10.43310546875,30.09307861328125
1025,23,person,0,0.4139106571674347,364.194580078125,240.1783447265625,8.195159912109375,24.48114013671875
1025,24,person,0,0.2936058044433594,334.778564453125,236.52320861816406,10.24908447265625,28.255828857421875
1025,16,person,0,0.6808676719665527,356.79827880859375,239.12432861328125,9.022186279296875,25.724868774414062
1026,1,car,2,0.9210240840911865,508.85687255859375,312.7375793457031,116.41171264648438,84.29888916015625
1026,19,person,0,0.5832123756408691,322.2452392578125,237.5816650390625,9.950714111328125,29.996353149414062
1026,23,person,0,0.2964664399623871,364.49365234375,240.87408447265625,7.79473876953125,22.83416748046875
1026,24,person,0,0.2323574274778366,334.8614196777344,236.43539428710938,10.7723388671875,27.977508544921875
1026,16,person,0,0.7011831998825073,356.37005615234375,239.22967529296875,8.932159423828125,25.708938598632812
1027,1,car,2,0.9216247200965881,508.8742980957031,312.75396728515625,116.35516357421875,84.35299682617188
1027,19,person,0,0.6762134432792664,322.2175598144531,237.60595703125,9.6749267578125,29.835861206054688
1027,23,person,0,0.44167399406433105,365.0597229003906,241.177001953125,7.754150390625,22.224502563476562
1027,24,person,0,0.5302369594573975,336.1888427734375,236.59762573242188,10.165679931640625,27.614974975585938
1027,16,person,0,0.7190043330192566,355.990234375,239.3955841064453,9.3072509765625,25.503509521484375
1028,1,car,2,0.920869767665863,508.8605651855469,312.79278564453125,116.36444091796875,84.31332397460938
1028,19,person,0,0.6569499969482422,322.3898010253906,238.42227172851562,9.40966796875,30.406692504882812
1028,23,person,0,0.4858376979827881,365.705078125,241.83822631835938,7.257476806640625,21.378463745117188
1028,24,person,0,0.42462027072906494,337.31219482421875,236.2532958984375,9.152130126953125,27.125625610351562
1028,16,person,0,0.700229823589325,356.08343505859375,239.48109436035156,9.98260498046875,25.81805419921875
1029,1,car,2,0.9207640290260315,508.86785888671875,312.81756591796875,116.35232543945312,84.39553833007812
1029,19,person,0,0.5930202007293701,322.28753662109375,239.42779541015625,9.673553466796875,28.747848510742188
1029,23,person,0,0.5160567164421082,366.2919006347656,241.75485229492188,6.893310546875,21.4573974609375
1029,24,person,0,0.3180977702140808,337.72900390625,236.25973510742188,8.691497802734375,27.175186157226562
1029,16,person,0,0.69358891248703,355.5083312988281,239.39315795898438,9.5001220703125,25.945968627929688
1030,1,car,2,0.9206904768943787,508.8534240722656,312.828369140625,116.36175537109375,84.45010375976562
1030,19,person,0,0.5664764642715454,322.7357177734375,238.98141479492188,10.829742431640625,28.540542602539062
1030,23,person,0,0.44553741812705994,366.66253662109375,241.41336059570312,6.876983642578125,22.807388305664062
1030,24,person,0,0.15516521036624908,338.35308837890625,235.22535705566406,8.550018310546875,25.23028564453125
1030,16,person,0,0.7327037453651428,355.0472717285156,239.48959350585938,9.2818603515625,25.860137939453125
1031,1,car,2,0.9206449389457703,508.87664794921875,312.80535888671875,116.36074829101562,84.46511840820312
1031,19,person,0,0.5683407187461853,323.228271484375,239.21542358398438,10.9464111328125,26.505142211914062
1031,23,person,0,0.2768417298793793,367.0053405761719,241.0656280517578,7.1839599609375,23.313232421875
1031,24,person,0,0.1657862514257431,338.74560546875,234.27560424804688,8.81195068359375,22.69354248046875
1031,16,person,0,0.7056978940963745,355.08062744140625,239.31491088867188,9.519561767578125,26.00494384765625
1032,1,car,2,0.9206826090812683,508.8639221191406,312.77984619140625,116.35015869140625,84.38461303710938
1032,19,person,0,0.6292387843132019,323.10540771484375,238.83438110351562,10.85955810546875,26.301254272460938
1032,23,person,0,0.28446370363235474,367.2484130859375,241.5556640625,7.351959228515625,23.052749633789062
1032,24,person,0,0.5261513590812683,339.0611572265625,235.16323852539062,9.600006103515625,24.167770385742188
1032,16,person,0,0.7027968764305115,354.89434814453125,239.33787536621094,10.276336669921875,25.816741943359375
1033,1,car,2,0.919126570224762,508.8436279296875,312.7599182128906,116.22390747070312,84.4112548828125
1033,19,person,0,0.4485715925693512,322.99505615234375,238.1090087890625,11.173675537109375,26.584747314453125
1033,23,person,0,0.15646064281463623,367.52935791015625,241.92471313476562,7.695770263671875,22.11602783203125
1033,24,person,0,0.3030100464820862,339.76007080078125,235.17037963867188,9.2437744140625,24.66485595703125
1033,16,person,0,0.6961820721626282,354.67803955078125,239.19949340820312,10.717926025390625,26.04266357421875
1034,1,car,2,0.9199008345603943,508.8479919433594,312.78399658203125,116.19305419921875,84.40579223632812
1034,19,person,0,0.43258237838745117,323.46600341796875,237.87078857421875,10.613861083984375,26.79559326171875
1034,23,person,0,0.29757997393608093,368.4224853515625,241.7875518798828,7.809051513671875,22.804443359375
1034,24,person,0,0.4727424085140228,339.9797668457031,234.68780517578125,9.09765625,24.001174926757812
1034,16,person,0,0.6925743222236633,354.3760070800781,239.10958862304688,10.6044921875,26.231170654296875
1035,1,car,2,0.9182230830192566,508.8491516113281,312.799560546875,116.20037841796875,84.49102783203125
1035,19,person,0,0.5503301024436951,324.484375,237.61758422851562,10.567535400390625,26.765060424804688
1035,23,person,0,0.47545325756073,368.78564453125,242.3714599609375,7.87127685546875,21.318222045898438
1035,24,person,0,0.5058207511901855,340.2262878417969,234.43690490722656,8.74273681640625,23.66668701171875
1035,16,person,0,0.6948786377906799,353.8155517578125,238.9164581298828,9.11865234375,25.899810791015625
1036,1,car,2,0.918873131275177,508.87127685546875,312.76055908203125,116.1939697265625,84.43240356445312
1036,19,person,0,0.6632097363471985,325.82489013671875,238.10403442382812,12.098876953125,28.977264404296875
1036,23,person,0,0.5833637714385986,369.1399841308594,241.78646850585938,8.0421142578125,22.571441650390625
1036,24,person,0,0.577508807182312,340.45172119140625,234.7781982421875,8.753265380859375,23.997665405273438
1036,16,person,0,0.6817981600761414,353.24969482421875,238.97589111328125,8.707550048828125,26.100860595703125
1037,1,car,2,0.9187225699424744,508.88037109375,312.76751708984375,116.3236083984375,84.43914794921875
1037,19,person,0,0.47651639580726624,326.84173583984375,238.0770263671875,11.151763916015625,28.821365356445312
1037,23,person,0,0.5917354226112366,369.52789306640625,242.1585693359375,8.764739990234375,21.400253295898438
1037,24,person,0,0.5169336199760437,340.69293212890625,234.79989624023438,8.2216796875,24.102554321289062
1037,16,person,0,0.5161749124526978,352.73785400390625,238.96627807617188,8.0751953125,26.588409423828125
1038,1,car,2,0.9181873202323914,508.864501953125,312.79266357421875,116.38671875,84.45626831054688
1038,19,person,0,0.6527334451675415,326.4206848144531,238.34976196289062,11.33367919921875,28.250106811523438
1038,23,person,0,0.6304978728294373,369.79656982421875,242.38900756835938,9.47235107421875,21.123794555664062
1038,24,person,0,0.6026397347450256,340.89208984375,234.71209716796875,8.25408935546875,24.099716186523438
1038,16,person,0,0.37855103611946106,352.5254821777344,238.8055419921875,7.820068359375,26.5224609375
1039,1,car,2,0.918979823589325,508.869140625,312.8171691894531,116.50900268554688,84.5498046875
1039,19,person,0,0.5632663369178772,326.2646484375,238.82366943359375,11.165740966796875,27.606063842773438
1039,23,person,0,0.5775268077850342,370.0519714355469,242.8257293701172,9.9034423828125,20.15887451171875
1039,24,person,0,0.6145286560058594,341.0030822753906,234.59439086914062,8.0540771484375,23.996078491210938
1039,16,person,0,0.36182335019111633,351.704833984375,238.8743438720703,8.2384033203125,26.78448486328125
1040,1,car,2,0.9191679358482361,508.83758544921875,312.8133544921875,116.58963012695312,84.48486328125
1040,19,person,0,0.6066364049911499,326.8821105957031,239.30929565429688,9.83453369140625,26.215576171875
1040,23,person,0,0.6253020167350769,370.35546875,243.0406951904297,10.071258544921875,20.0858154296875
1040,24,person,0,0.5129727721214294,341.2821960449219,234.43251037597656,8.025634765625,24.209808349609375
1040,16,person,0,0.4571446478366852,351.25189208984375,239.08216857910156,7.941314697265625,26.4683837890625
1040,9,person,0,0.6137017607688904,316.4548645019531,239.36767578125,9.26220703125,24.349441528320312
1041,1,car,2,0.9191175699234009,508.8477783203125,312.7803955078125,116.49093627929688,84.49917602539062
1041,19,person,0,0.4446793496608734,327.1282043457031,241.43353271484375,8.5113525390625,22.014205932617188
1041,23,person,0,0.5456023216247559,370.4735107421875,242.794677734375,10.651824951171875,20.242782592773438
1041,24,person,0,0.30315378308296204,341.63909912109375,231.1072998046875,7.894866943359375,18.112197875976562
1041,16,person,0,0.4174860715866089,351.0482177734375,239.1580047607422,7.58770751953125,26.1962890625
1041,9,person,0,0.3395020663738251,316.1702880859375,239.539306640625,9.051849365234375,24.195449829101562
1042,1,car,2,0.9184544086456299,508.8505859375,312.76641845703125,116.26211547851562,84.42202758789062
1042,19,person,0,0.21260225772857666,327.640380859375,241.57113647460938,7.727264404296875,21.7381591796875
1042,23,person,0,0.563182532787323,370.63751220703125,243.287353515625,10.96966552734375,19.050338745117188
1042,24,person,0,0.32181331515312195,342.2458190917969,229.44822692871094,7.3787841796875,14.298004150390625
1042,16,person,0,0.30597540736198425,350.7847900390625,238.91845703125,7.262939453125,26.115829467773438
1043,1,car,2,0.9174726009368896,508.8779602050781,312.71954345703125,116.36273193359375,84.3919677734375
1043,19,person,0,0.4761689305305481,327.1558532714844,239.54867553710938,9.4814453125,27.083694458007812
1043,23,person,0,0.4772454500198364,370.9166259765625,243.3961944580078,10.982208251953125,18.741546630859375
1043,24,person,0,0.4190163314342499,342.72509765625,229.1904296875,7.922393798828125,13.504226684570312
1043,16,person,0,0.561204731464386,350.45794677734375,238.87286376953125,7.26531982421875,26.088638305664062
1044,1,car,2,0.9182201027870178,508.88800048828125,312.7586669921875,116.25051879882812,84.52316284179688
1044,19,person,0,0.5404404997825623,326.8414611816406,238.94122314453125,10.95501708984375,29.630279541015625
1044,23,person,0,0.5578600764274597,371.1566162109375,242.31808471679688,10.867462158203125,20.919021606445312
1044,24,person,0,0.31551769375801086,342.9927978515625,229.15380859375,7.821197509765625,13.556137084960938
1044,16,person,0,0.5989102721214294,350.06298828125,238.48751831054688,7.781280517578125,26.93084716796875
1044,9,person,0,0.5479264259338379,315.40948486328125,238.6507568359375,10.416656494140625,25.208770751953125
1045,1,car,2,0.9171640276908875,508.8806457519531,312.7803039550781,116.24627685546875,84.55828857421875
1045,19,person,0,0.469620943069458,327.96624755859375,238.356201171875,9.703216552734375,30.362014770507812
1045,23,person,0,0.657655656337738,371.52484130859375,241.26486206054688,10.606475830078125,22.914749145507812
1045,24,person,0,0.2636367082595825,343.3829345703125,229.84628295898438,7.35015869140625,14.097183227539062
1045,16,person,0,0.64671391248703,349.927734375,238.5430908203125,8.11956787109375,26.223388671875
1045,9,person,0,0.5072386264801025,315.4245910644531,238.70346069335938,10.70086669921875,24.858657836914062
1046,1,car,2,0.9173831343650818,508.90423583984375,312.7628173828125,116.24960327148438,84.59982299804688
1046,19,person,0,0.40244266390800476,329.1248779296875,237.87887573242188,8.145782470703125,29.696517944335938
1046,23,person,0,0.6452404260635376,371.86279296875,240.9927978515625,10.331512451171875,23.507766723632812
1046,24,person,0,0.1708279699087143,343.75311279296875,232.38284301757812,6.985870361328125,18.066162109375
1046,16,person,0,0.6491336822509766,349.5538024902344,238.57736206054688,8.87506103515625,26.452056884765625
1046,9,person,0,0.5100701451301575,315.55828857421875,238.8392333984375,11.14923095703125,24.579666137695312
1047,1,car,2,0.917161226272583,508.89556884765625,312.787109375,116.2581787109375,84.604736328125
1047,19,person,0,0.6007212400436401,329.5644836425781,237.75445556640625,8.322265625,29.977951049804688
1047,23,person,0,0.635668933391571,372.6083984375,240.59701538085938,9.179229736328125,24.133743286132812
1047,16,person,0,0.6391168236732483,349.479248046875,238.38153076171875,9.042266845703125,26.884231567382812
1047,9,person,0,0.5682782530784607,315.46954345703125,238.8003387451172,11.241851806640625,24.683013916015625
1048,1,car,2,0.918228805065155,508.9149169921875,312.802978515625,116.329345703125,84.54147338867188
1048,19,person,0,0.5521715879440308,329.81011962890625,237.46266174316406,8.804107666015625,29.81292724609375
1048,23,person,0,0.6365276575088501,373.1761169433594,240.41104125976562,8.33514404296875,24.539581298828125
1048,16,person,0,0.6096776127815247,349.00311279296875,237.9341278076172,10.3612060546875,28.000946044921875
1048,9,person,0,0.577750563621521,315.5184326171875,238.65310668945312,11.148162841796875,24.842193603515625
1049,1,car,2,0.917124330997467,508.90850830078125,312.8179931640625,116.4317626953125,84.64511108398438
1049,19,person,0,0.3155263662338257,330.1531677246094,237.13671875,8.9200439453125,30.322769165039062
1049,23,person,0,0.5973705053329468,373.6950378417969,240.29946899414062,7.54150390625,24.889862060546875
1049,16,person,0,0.6741700768470764,347.94049072265625,237.4390869140625,12.68231201171875,28.891189575195312
1049,9,person,0,0.5283223986625671,314.94476318359375,238.4114227294922,10.360198974609375,25.53936767578125
1050,1,car,2,0.9169132113456726,508.9096984863281,312.818359375,116.49310302734375,84.68841552734375
1050,19,person,0,0.376753032207489,330.35308837890625,237.326171875,9.37908935546875,29.91473388671875
1050,23,person,0,0.6426941752433777,373.8288879394531,240.3515625,7.557373046875,24.72430419921875
1050,16,person,0,0.725913405418396,347.6610412597656,237.35406494140625,13.2525634765625,29.2183837890625
1050,9,person,0,0.5744761228561401,314.59100341796875,238.44984436035156,9.656402587890625,25.9217529296875
1051,1,car,2,0.9169647097587585,508.9139404296875,312.8106689453125,116.4742431640625,84.75515747070312
1051,19,person,0,0.5484082698822021,331.14013671875,237.72750854492188,9.027801513671875,29.214584350585938
1051,23,person,0,0.6633769869804382,374.119873046875,240.11898803710938,7.066192626953125,24.850875854492188
1051,16,person,0,0.7219530344009399,347.54315185546875,237.2833251953125,13.657379150390625,29.378738403320312
1051,9,person,0,0.5877806544303894,314.31787109375,238.67050170898438,8.986053466796875,25.64202880859375
1052,1,car,2,0.9180751442909241,508.9115905761719,312.80328369140625,116.49786376953125,84.78079223632812
1052,19,person,0,0.5004494190216064,331.7110595703125,238.0309295654297,8.781951904296875,28.892181396484375
1052,23,person,0,0.6454783082008362,374.4840087890625,240.08267211914062,6.674102783203125,24.749893188476562
1052,16,person,0,0.7346929907798767,347.4671630859375,237.28927612304688,13.3671875,29.485153198242188
1052,9,person,0,0.5594308376312256,314.17333984375,238.53131103515625,8.325897216796875,26.027511596679688
1053,1,car,2,0.9159827828407288,508.9242858886719,312.67120361328125,116.59600830078125,84.435302734375
1053,19,person,0,0.4187150299549103,332.36566162109375,238.492919921875,9.052032470703125,29.371627807617188
1053,23,person,0,0.6705467104911804,374.87646484375,240.19573974609375,6.820281982421875,24.700027465820312
1053,16,person,0,0.7207657694816589,347.6092529296875,237.2520294189453,12.7757568359375,29.81915283203125
1053,9,person,0,0.5079531073570251,314.03924560546875,238.98348999023438,7.835205078125,24.757736206054688
1054,1,car,2,0.9159622192382812,508.9002380371094,312.7791442871094,116.50238037109375,84.6041259765625
1054,19,person,0,0.5868362188339233,332.6856689453125,238.81744384765625,9.347015380859375,30.66534423828125
1054,23,person,0,0.7087617516517639,375.14019775390625,240.2930145263672,7.057952880859375,24.34197998046875
1054,16,person,0,0.7253823280334473,347.49444580078125,237.23538208007812,12.67059326171875,29.932113647460938
1054,9,person,0,0.4628686308860779,313.80499267578125,239.11900329589844,7.949920654296875,24.285980224609375
1055,1,car,2,0.9171050786972046,508.924072265625,312.70477294921875,116.58303833007812,84.39581298828125
1055,19,person,0,0.6792859435081482,333.33453369140625,238.57586669921875,10.07452392578125,31.3739013671875
1055,23,person,0,0.7143194675445557,375.2701110839844,240.39259338378906,7.21575927734375,24.05035400390625
1055,16,person,0,0.7367778420448303,347.6390686035156,237.1052703857422,12.88232421875,29.7525634765625
1055,9,person,0,0.5208029747009277,313.4117431640625,239.42495727539062,8.350555419921875,24.405120849609375
1056,1,car,2,0.9163956642150879,508.8997802734375,312.7607421875,116.47817993164062,84.56280517578125
1056,19,person,0,0.6979021430015564,333.77606201171875,238.96603393554688,10.934844970703125,31.484832763671875
1056,23,person,0,0.7080196142196655,375.504150390625,240.455322265625,7.317626953125,23.977508544921875
1056,16,person,0,0.7419706583023071,347.48211669921875,237.43313598632812,12.498321533203125,30.217208862304688
1056,9,person,0,0.6342544555664062,313.0594177246094,239.54037475585938,8.46038818359375,23.532974243164062
1057,1,car,2,0.918280303478241,508.8870849609375,312.8382568359375,116.44265747070312,84.86605834960938
1057,19,person,0,0.687470018863678,334.3324279785156,238.7598876953125,12.22662353515625,31.318344116210938
1057,23,person,0,0.6291791796684265,375.7195129394531,240.3989715576172,7.163330078125,24.186004638671875
1057,16,person,0,0.7004087567329407,347.510986328125,237.20704650878906,12.262176513671875,29.191802978515625
1057,9,person,0,0.5607402324676514,312.88092041015625,239.18650817871094,7.9979248046875,22.770843505859375
1058,1,car,2,0.9189270734786987,508.8809814453125,312.8834228515625,116.40518188476562,84.92526245117188
1058,19,person,0,0.6268594861030579,334.43878173828125,238.54425048828125,12.025177001953125,31.532760620117188
1058,23,person,0,0.4539254605770111,375.9814453125,240.5050506591797,6.904388427734375,24.2392578125
1058,16,person,0,0.6158872842788696,347.1710510253906,237.3336944580078,11.90386962890625,28.63671875
1058,9,person,0,0.4419625401496887,313.0810546875,238.82078552246094,7.922637939453125,22.36883544921875
1059,1,car,2,0.9184384346008301,508.8906555175781,312.89874267578125,116.39764404296875,84.98324584960938
1059,19,person,0,0.6576240658760071,334.5259704589844,238.724853515625,11.8983154296875,31.447906494140625
1059,23,person,0,0.4928416311740875,376.13885498046875,240.47506713867188,6.8587646484375,24.40521240234375
1059,16,person,0,0.6998000144958496,347.38299560546875,237.08160400390625,12.1456298828125,28.530319213867188
1059,9,person,0,0.5852507948875427,313.10711669921875,239.44403076171875,8.448577880859375,24.063400268554688
1060,1,car,2,0.9188959002494812,508.902587890625,312.89886474609375,116.435546875,84.97061157226562
1060,19,person,0,0.5979809165000916,334.7994079589844,239.05133056640625,11.35302734375,31.273590087890625
1060,23,person,0,0.5525768399238586,376.3448486328125,240.43943786621094,6.94012451171875,24.318695068359375
1060,16,person,0,0.6243528127670288,347.84210205078125,236.76174926757812,11.542755126953125,27.667922973632812
1060,9,person,0,0.5168250203132629,313.0584716796875,239.75521850585938,9.1400146484375,24.207275390625
1061,1,car,2,0.9155339002609253,508.88983154296875,312.86029052734375,116.34298706054688,85.04620361328125
1061,19,person,0,0.5510209798812866,335.05621337890625,239.00360107421875,12.076080322265625,32.010528564453125
1061,23,person,0,0.5400967597961426,376.55755615234375,240.45684814453125,7.25445556640625,24.362503051757812
1061,16,person,0,0.5521074533462524,348.4272766113281,236.671875,10.08172607421875,27.58990478515625
1061,9,person,0,0.543499231338501,313.12506103515625,239.7955322265625,9.49365234375,24.238983154296875
1062,1,car,2,0.9167880415916443,508.8941345214844,312.86114501953125,116.40716552734375,85.01864624023438
1062,19,person,0,0.5220346450805664,335.5743103027344,239.054443359375,13.39166259765625,31.637847900390625
1062,23,person,0,0.4900061786174774,376.667724609375,240.40176391601562,7.425567626953125,24.593185424804688
1062,16,person,0,0.5085641145706177,348.85003662109375,236.42742919921875,8.828338623046875,27.27435302734375
1062,9,person,0,0.5664842128753662,312.9001770019531,239.9050750732422,10.00592041015625,23.945281982421875
1063,1,car,2,0.915753185749054,508.8861389160156,312.8137512207031,116.40570068359375,85.02728271484375
1063,19,person,0,0.41612812876701355,335.47491455078125,238.55343627929688,12.38037109375,30.433944702148438
1063,23,person,0,0.46362271904945374,376.8143005371094,240.28570556640625,7.41424560546875,24.946762084960938
1063,16,person,0,0.5064646005630493,349.3782958984375,235.51416015625,8.111236572265625,25.529937744140625
1063,9,person,0,0.5511298775672913,312.791259765625,239.95166015625,10.269317626953125,23.773300170898438
1064,1,car,2,0.9179190397262573,508.86016845703125,312.8402099609375,116.2484130859375,85.04635620117188
1064,19,person,0,0.6141381859779358,337.2584533691406,238.8781280517578,13.6640625,30.634002685546875
1064,23,person,0,0.622076690196991,377.05157470703125,240.14828491210938,7.420623779296875,24.891311645507812
1064,16,person,0,0.4936882257461548,349.58624267578125,235.682861328125,7.776519775390625,26.109573364257812
1064,9,person,0,0.6001415252685547,312.48779296875,239.703369140625,10.011688232421875,23.530807495117188
1065,1,car,2,0.9177632927894592,508.84844970703125,312.87249755859375,116.17404174804688,85.06210327148438
1065,19,person,0,0.6651431918144226,338.1700439453125,238.93515014648438,13.695831298828125,32.13055419921875
1065,23,person,0,0.5936611890792847,377.28143310546875,240.22479248046875,7.507049560546875,24.853500366210938
1065,16,person,0,0.48304155468940735,349.96478271484375,235.55181884765625,7.734527587890625,26.2354736328125
1065,9,person,0,0.6074828505516052,312.4514465332031,239.38206481933594,9.9815673828125,23.100433349609375
1066,1,car,2,0.918578028678894,508.8516845703125,312.86181640625,116.32058715820312,84.94235229492188
1066,19,person,0,0.6862078309059143,338.5692138671875,238.7083740234375,13.256866455078125,32.488250732421875
1066,23,person,0,0.6009276509284973,377.611083984375,240.40286254882812,7.5931396484375,24.783050537109375
1066,16,person,0,0.37985408306121826,350.395751953125,235.41046142578125,7.744293212890625,26.297775268554688
1066,9,person,0,0.595920741558075,312.2623291015625,239.5965576171875,9.4530029296875,23.043746948242188
1067,1,car,2,0.919991672039032,508.82757568359375,312.86016845703125,116.17446899414062,84.91567993164062
1067,19,person,0,0.7358018755912781,339.24285888671875,238.5057373046875,12.16143798828125,32.32307434082031
1067,23,person,0,0.5642290711402893,377.77276611328125,240.5059051513672,7.488800048828125,24.90966796875
1067,9,person,0,0.6416712999343872,312.09814453125,239.65573120117188,9.509918212890625,23.516799926757812
1068,1,car,2,0.9201440215110779,508.82440185546875,312.86419677734375,116.15243530273438,84.819091796875
1068,19,person,0,0.6809177994728088,339.48443603515625,238.52883911132812,11.787261962890625,32.63043212890625
1068,23,person,0,0.4506703317165375,377.83624267578125,240.6796875,7.37420654296875,24.957229614257812
1068,9,person,0,0.6187100410461426,312.0379638671875,240.0540313720703,8.748260498046875,23.030731201171875
1069,1,car,2,0.9168933629989624,508.85797119140625,312.7872009277344,116.29562377929688,84.82366943359375
1069,19,person,0,0.6908221244812012,339.85894775390625,238.55960083007812,10.9053955078125,32.08216857910156
1069,23,person,0,0.6432783007621765,378.16131591796875,240.59457397460938,7.617523193359375,24.60736083984375
1069,9,person,0,0.5952764749526978,311.859130859375,240.52569580078125,8.150390625,22.244186401367188
1070,1,car,2,0.9183920621871948,508.80194091796875,312.8569030761719,116.22439575195312,84.86920166015625
1070,19,person,0,0.6575034260749817,340.08111572265625,238.7254638671875,10.29705810546875,31.665206909179688
1070,23,person,0,0.6706748604774475,378.39697265625,240.54891967773438,7.699737548828125,24.361679077148438
1070,9,person,0,0.6224819421768188,311.79473876953125,240.4622802734375,8.130645751953125,22.124954223632812
1071,1,car,2,0.9181439280509949,508.79400634765625,312.8675537109375,116.23226928710938,84.85818481445312
1071,19,person,0,0.48862627148628235,340.11956787109375,242.59786987304688,9.532806396484375,24.488616943359375
1071,23,person,0,0.6759079098701477,378.65045166015625,240.519775390625,7.542724609375,24.199188232421875
1071,9,person,0,0.598305344581604,311.3450927734375,240.381103515625,7.967742919921875,21.81719970703125
1072,1,car,2,0.917700469493866,508.8126525878906,312.833984375,116.36688232421875,84.83584594726562
1072,19,person,0,0.697238028049469,340.2508239746094,239.46820068359375,10.51812744140625,29.243545532226562
1072,23,person,0,0.6774787902832031,378.93487548828125,240.4346923828125,7.679931640625,24.107681274414062
1072,9,person,0,0.6042778491973877,310.6053466796875,240.14443969726562,8.421051025390625,22.301177978515625
1073,1,car,2,0.9174166917800903,508.7670593261719,312.86651611328125,116.19976806640625,84.83926391601562
1073,19,person,0,0.6467380523681641,340.70550537109375,238.49046325683594,10.6363525390625,29.811187744140625
1073,23,person,0,0.674100935459137,379.076171875,240.36251831054688,7.766998291015625,24.108352661132812
1073,9,person,0,0.63198322057724,310.23297119140625,240.03933715820312,8.528076171875,22.46124267578125
1074,1,car,2,0.9195755124092102,508.7976989746094,312.98199462890625,116.23492431640625,84.98739624023438
1074,19,person,0,0.23299986124038696,341.5016174316406,235.52099609375,9.08489990234375,24.550552368164062
1074,23,person,0,0.6728804111480713,379.18084716796875,240.42733764648438,7.729034423828125,24.233001708984375
1074,9,person,0,0.6182996034622192,309.9919128417969,239.63943481445312,8.49029541015625,21.625228881835938
1075,1,car,2,0.9188469648361206,508.8062438964844,312.9853820800781,116.23175048828125,85.0247802734375
1075,23,person,0,0.6515461206436157,379.2919616699219,240.47433471679688,7.578125,24.232376098632812
1075,9,person,0,0.6068454384803772,309.9979248046875,239.60951232910156,8.689178466796875,21.233856201171875
1076,1,car,2,0.9181180596351624,508.8051452636719,312.91876220703125,116.35479736328125,84.84738159179688
1076,23,person,0,0.6292765736579895,379.47662353515625,240.47454833984375,7.669036865234375,24.190933227539062
1076,9,person,0,0.627973735332489,309.96722412109375,239.46981811523438,8.8359375,21.60736083984375
1076,16,person,0,0.5560257434844971,354.0765075683594,235.29495239257812,9.11663818359375,26.591903686523438
1077,1,car,2,0.9181336760520935,508.77703857421875,312.9124450683594,116.18569946289062,84.8087158203125
1077,23,person,0,0.5829828381538391,379.5779113769531,240.47268676757812,7.53607177734375,24.210617065429688
1077,9,person,0,0.5969089269638062,309.975830078125,239.46441650390625,9.028900146484375,21.294937133789062
1077,16,person,0,0.507820188999176,354.6157531738281,235.19046020507812,9.621826171875,26.782546997070312
1078,1,car,2,0.9173598289489746,508.794921875,312.9033203125,116.3101806640625,84.81460571289062
1078,23,person,0,0.6168997883796692,379.6546630859375,240.44595336914062,7.596038818359375,24.091537475585938
1078,9,person,0,0.5518164038658142,309.9572448730469,239.40179443359375,9.11578369140625,21.320785522460938
1078,16,person,0,0.5160648226737976,355.02178955078125,235.26467895507812,9.754638671875,26.318161010742188
1079,1,car,2,0.918292224407196,508.8408203125,312.9512939453125,116.4598388671875,84.93136596679688
1079,23,person,0,0.4504300653934479,379.73297119140625,240.43856811523438,7.618804931640625,24.038803100585938
1079,9,person,0,0.5992749333381653,309.9596862792969,239.37777709960938,9.1585693359375,21.684432983398438
1079,16,person,0,0.5142507553100586,355.36322021484375,235.07937622070312,9.352813720703125,25.219406127929688
1079,19,person,0,0.6069773435592651,343.9119567871094,242.6314239501953,7.9862060546875,19.8887939453125
1080,1,car,2,0.918122410774231,508.81219482421875,312.90887451171875,116.4349365234375,84.78945922851562
1080,23,person,0,0.5230575203895569,379.8581848144531,240.902099609375,7.51531982421875,23.265335083007812
1080,9,person,0,0.6190215945243835,309.83648681640625,239.53024291992188,8.942291259765625,21.837448120117188
1080,16,person,0,0.507583737373352,355.7416076660156,235.1011505126953,9.34722900390625,25.48468017578125
1080,19,person,0,0.5141485929489136,344.459716796875,240.11297607421875,9.615264892578125,26.563583374023438
1081,1,car,2,0.9179433584213257,508.7947998046875,312.88677978515625,116.37841796875,84.75177001953125
1081,23,person,0,0.6404790878295898,379.97174072265625,240.7212677001953,7.812469482421875,23.759857177734375
1081,9,person,0,0.6297696828842163,309.8749084472656,239.44342041015625,9.04010009765625,21.693603515625
1081,16,person,0,0.3565722405910492,355.9201354980469,235.3751220703125,8.97454833984375,25.212356567382812
1081,19,person,0,0.38345909118652344,344.77789306640625,241.2724151611328,9.959320068359375,23.34332275390625
1082,1,car,2,0.9179530143737793,508.8216552734375,312.90777587890625,116.4776611328125,84.78427124023438
1082,23,person,0,0.6845775842666626,380.14605712890625,240.7285614013672,8.178009033203125,24.166412353515625
1082,9,person,0,0.5916168093681335,309.8397521972656,239.4568328857422,8.9508056640625,21.639190673828125
1082,16,person,0,0.4764750897884369,356.05377197265625,235.39132690429688,9.067047119140625,25.641128540039062
1082,19,person,0,0.5982761979103088,345.21832275390625,239.4727325439453,11.474273681640625,28.6158447265625
1083,1,car,2,0.9189053773880005,508.811767578125,312.92474365234375,116.487548828125,84.78579711914062
1083,23,person,0,0.652660071849823,380.27545166015625,240.7432098388672,8.3720703125,24.373870849609375
1083,9,person,0,0.5829859972000122,310.08270263671875,239.23233032226562,8.799102783203125,22.270965576171875
1083,16,person,0,0.2655884027481079,356.5003662109375,235.3956298828125,9.240692138671875,25.499649047851562
1083,19,person,0,0.6585957407951355,345.46502685546875,238.84307861328125,11.6279296875,30.5596923828125
1083,26,person,0,0.6405478119850159,333.28179931640625,237.6695098876953,9.9571533203125,28.78057861328125
1084,1,car,2,0.9198814034461975,508.8399963378906,312.9479675292969,116.49444580078125,84.83087158203125
1084,23,person,0,0.5961505174636841,380.4361572265625,240.756103515625,8.2674560546875,24.317611694335938
1084,9,person,0,0.6365604996681213,310.01654052734375,239.61663818359375,8.712066650390625,22.314102172851562
1084,16,person,0,0.451375275850296,357.0107727050781,235.52105712890625,8.3250732421875,25.585556030273438
1084,19,person,0,0.7067480683326721,345.81585693359375,238.7303924560547,11.98614501953125,31.964691162109375
1084,26,person,0,0.6478490829467773,333.183837890625,237.51437377929688,8.803009033203125,28.535858154296875
1085,1,car,2,0.9192728996276855,508.82470703125,312.946044921875,116.42196655273438,84.83328247070312
1085,23,person,0,0.4428958296775818,380.58538818359375,240.7255401611328,8.1033935546875,24.49530029296875
1085,9,person,0,0.6089697480201721,310.09912109375,239.59063720703125,8.745086669921875,22.262069702148438
1085,16,person,0,0.3222334682941437,357.40496826171875,235.563720703125,8.130218505859375,25.265472412109375
1085,19,person,0,0.7023360729217529,346.06085205078125,238.5758819580078,12.343231201171875,32.251922607421875
1085,26,person,0,0.5595206022262573,332.92230224609375,237.5372314453125,7.642486572265625,27.9844970703125
1086,1,car,2,0.9194465279579163,508.8460388183594,312.9610595703125,116.44329833984375,84.91622924804688
1086,23,person,0,0.36467480659484863,380.759033203125,240.55783081054688,7.952789306640625,24.833908081054688
1086,9,person,0,0.6674718260765076,310.13494873046875,239.6033935546875,8.782806396484375,22.939605712890625
1086,16,person,0,0.3731429874897003,357.6733703613281,234.65733337402344,7.55010986328125,23.587554931640625
1086,19,person,0,0.6459892988204956,346.29034423828125,238.4539794921875,12.031158447265625,31.996170043945312
1086,26,person,0,0.5279905796051025,333.067138671875,236.860595703125,7.102142333984375,28.077804565429688
1087,1,car,2,0.9196022152900696,508.84503173828125,312.970458984375,116.43081665039062,85.00515747070312
1087,23,person,0,0.22906045615673065,380.91998291015625,240.606201171875,7.928619384765625,24.823013305664062
1087,9,person,0,0.7060784101486206,310.0970458984375,239.25299072265625,8.697357177734375,23.532516479492188
1087,16,person,0,0.33740177750587463,358.09954833984375,231.1525115966797,6.946197509765625,16.2498779296875
1087,19,person,0,0.6734651923179626,346.54473876953125,238.51211547851562,12.165618896484375,31.845657348632812
1087,26,person,0,0.46397918462753296,332.9730224609375,236.91348266601562,6.800537109375,28.674942016601562
1088,1,car,2,0.9189900159835815,508.8385925292969,312.9458923339844,116.40789794921875,84.9202880859375
1088,9,person,0,0.7238809466362,310.08026123046875,239.0679931640625,8.6337890625,23.513656616210938
1088,16,person,0,0.36629679799079895,358.81048583984375,230.11846923828125,7.006195068359375,14.068832397460938
1088,19,person,0,0.6648886799812317,347.1268310546875,238.4946746826172,11.404815673828125,31.458038330078125
1088,26,person,0,0.6688003540039062,333.188232421875,237.18801879882812,6.851287841796875,29.123580932617188
1089,1,car,2,0.918235182762146,508.8170166015625,312.88128662109375,116.4395751953125,84.74557495117188
1089,9,person,0,0.7061443328857422,310.2357177734375,238.8282928466797,8.981414794921875,24.372222900390625
1089,16,person,0,0.30794793367385864,359.1202392578125,229.83621215820312,6.3497314453125,12.861923217773438
1089,19,person,0,0.597017228603363,347.89337158203125,238.34756469726562,9.969482421875,30.504653930664062
1089,26,person,0,0.6745166778564453,333.182861328125,237.56964111328125,7.466217041015625,28.579681396484375
1090,1,car,2,0.9175884127616882,508.77960205078125,312.91357421875,116.42019653320312,84.71551513671875
1090,9,person,0,0.7093454003334045,310.45709228515625,238.31153869628906,9.294769287109375,25.44366455078125
1090,19,person,0,0.5693719387054443,348.7156982421875,238.1995849609375,9.35003662109375,30.517120361328125
1090,26,person,0,0.7178955674171448,333.2210693359375,237.87783813476562,7.782196044921875,27.585769653320312
1091,1,car,2,0.9168649315834045,508.79254150390625,312.92547607421875,116.45654296875,84.75845336914062
1091,9,person,0,0.7398892045021057,310.6418151855469,238.4638671875,9.36029052734375,25.778060913085938
1091,19,person,0,0.5267985463142395,349.74560546875,237.75152587890625,8.863372802734375,29.567794799804688
1091,26,person,0,0.7267245650291443,333.1961669921875,237.8348846435547,8.229644775390625,26.8260498046875
1092,1,car,2,0.9172690510749817,508.79791259765625,312.98309326171875,116.43124389648438,84.8360595703125
1092,9,person,0,0.7075470089912415,310.77008056640625,238.1700439453125,9.2139892578125,26.816238403320312
1092,19,person,0,0.6517024040222168,350.50567626953125,237.80206298828125,9.655731201171875,30.076553344726562
1092,26,person,0,0.6643704175949097,333.2673645019531,237.7550048828125,9.11572265625,26.80377197265625
1093,1,car,2,0.9167313575744629,508.840087890625,312.90667724609375,116.55972290039062,84.764404296875
1093,9,person,0,0.646456778049469,310.8526611328125,237.88758850097656,9.319061279296875,27.3280029296875
1093,19,person,0,0.5785089135169983,351.175537109375,237.65777587890625,9.912689208984375,30.206924438476562
1093,26,person,0,0.37002038955688477,334.1408996582031,237.53726196289062,8.83197021484375,27.13671875
1094,1,car,2,0.9177179932594299,508.8306884765625,312.82781982421875,116.56857299804688,84.55484008789062
1094,9,person,0,0.6144627332687378,311.03131103515625,237.84793090820312,9.275543212890625,26.90936279296875
1094,19,person,0,0.6207230687141418,351.6182556152344,237.72305297851562,9.8731689453125,30.257247924804688
1094,26,person,0,0.3179470896720886,335.3952941894531,236.71600341796875,8.41839599609375,26.958114624023438
1095,1,car,2,0.917630672454834,508.8443603515625,312.7220458984375,116.57473754882812,84.31222534179688
1095,9,person,0,0.5661003589630127,311.2139587402344,238.60145568847656,8.88555908203125,25.117919921875
1095,19,person,0,0.5441019535064697,352.12982177734375,238.26132202148438,9.766448974609375,30.474029541015625
1095,26,person,0,0.4981341063976288,336.42706298828125,236.50509643554688,8.835845947265625,26.598800659179688
1095,23,person,0,0.5368531346321106,381.71051025390625,240.65924072265625,7.205718994140625,24.479385375976562
1096,1,car,2,0.9186767339706421,508.83929443359375,312.6174011230469,116.61764526367188,84.14312744140625
1096,9,person,0,0.5234402418136597,311.1956787109375,239.1439208984375,8.791412353515625,24.631195068359375
1096,19,person,0,0.5070462226867676,352.7008361816406,238.1119842529297,9.66656494140625,29.796783447265625
1096,26,person,0,0.5953025221824646,336.94140625,236.56307983398438,8.906890869140625,26.912612915039062
1096,23,person,0,0.5718657970428467,381.74749755859375,240.75161743164062,7.077362060546875,24.639083862304688
1097,1,car,2,0.9183540940284729,508.86566162109375,312.6050720214844,116.57815551757812,84.11041259765625
1097,9,person,0,0.4559706449508667,311.2232360839844,238.53143310546875,8.556884765625,24.483535766601562
1097,19,person,0,0.66621333360672,353.1278381347656,238.92703247070312,9.86480712890625,31.0321044921875
1097,26,person,0,0.567773699760437,337.1885986328125,236.60186767578125,9.76348876953125,27.231903076171875
1097,23,person,0,0.5513274669647217,381.8211364746094,240.65472412109375,6.8602294921875,24.2342529296875
1098,1,car,2,0.9175125360488892,508.8819580078125,312.60089111328125,116.61276245117188,84.15676879882812
1098,9,person,0,0.5631107687950134,311.19586181640625,238.35987854003906,8.420623779296875,24.83563232421875
1098,19,person,0,0.667175829410553,353.2818908691406,239.08822631835938,9.8336181640625,31.760940551757812
1098,26,person,0,0.6522119641304016,337.732666015625,236.88951110839844,9.947540283203125,27.71014404296875
1098,23,person,0,0.5323923826217651,381.89215087890625,240.35699462890625,6.5673828125,23.501388549804688
1099,1,car,2,0.9168496131896973,508.8873291015625,312.7110595703125,116.55224609375,84.49755859375
1099,9,person,0,0.5856661796569824,311.3558349609375,238.6207275390625,8.366241455078125,24.86773681640625
1099,19,person,0,0.7146056890487671,353.77337646484375,238.27056884765625,10.475067138671875,30.633651733398438
1099,26,person,0,0.5505254864692688,338.06512451171875,236.69970703125,9.636962890625,27.251251220703125
1099,23,person,0,0.47216925024986267,381.91217041015625,240.30322265625,6.463226318359375,23.52935791015625
1100,1,car,2,0.9170499444007874,508.87774658203125,312.64306640625,116.6539306640625,84.33349609375
1100,9,person,0,0.5811927318572998,311.534423828125,238.11993408203125,8.444854736328125,25.014877319335938
1100,19,person,0,0.7333177328109741,354.293701171875,238.39968872070312,10.9012451171875,31.4351806640625
1100,26,person,0,0.6517829298973083,338.65130615234375,236.4917755126953,8.78924560546875,26.562530517578125
1100,23,person,0,0.5099805593490601,381.9270935058594,240.44122314453125,6.438720703125,24.198867797851562
1101,1,car,2,0.9160778522491455,508.91033935546875,312.5816955566406,116.6964111328125,84.2437744140625
1101,9,person,0,0.5902671813964844,312.03253173828125,238.3968505859375,8.23028564453125,24.276702880859375
1101,19,person,0,0.7284614443778992,354.89508056640625,238.52029418945312,11.703338623046875,31.943130493164062
1101,26,person,0,0.6599369645118713,339.24957275390625,236.47369384765625,8.630523681640625,26.081695556640625
1101,23,person,0,0.5642724633216858,381.91656494140625,240.453857421875,6.459991455078125,24.361251831054688
1102,1,car,2,0.9155759215354919,508.8880615234375,312.6551818847656,116.59530639648438,84.4959716796875
1102,9,person,0,0.5725160837173462,312.220947265625,238.32901000976562,8.14593505859375,24.170516967773438
1102,19,person,0,0.7484370470046997,355.27642822265625,238.72055053710938,12.166778564453125,32.09721374511719
1102,26,person,0,0.6974624395370483,339.70391845703125,236.38267517089844,8.427642822265625,26.3560791015625
1102,23,person,0,0.5860886573791504,381.8381042480469,240.46908569335938,6.52716064453125,24.587265014648438
1103,1,car,2,0.9164034724235535,508.86676025390625,312.7304382324219,116.51852416992188,84.58477783203125
1103,9,person,0,0.45590752363204956,312.27374267578125,238.32659912109375,8.345672607421875,24.439956665039062
1103,19,person,0,0.7451891303062439,355.4437561035156,238.60272216796875,12.39031982421875,31.586471557617188
1103,26,person,0,0.6582823395729065,340.15802001953125,236.18544006347656,8.14727783203125,26.449920654296875
1103,23,person,0,0.5726147294044495,381.80267333984375,240.55435180664062,6.553619384765625,24.610610961914062
1104,1,car,2,0.9167624115943909,508.8875427246094,312.7537841796875,116.50213623046875,84.6781005859375
1104,9,person,0,0.4330262541770935,312.5218505859375,238.16043090820312,8.23980712890625,24.665359497070312
1104,19,person,0,0.7475194334983826,355.66839599609375,238.83407592773438,12.297760009765625,31.436813354492188
1104,26,person,0,0.7215506434440613,340.4304504394531,236.06475830078125,8.12530517578125,26.457229614257812
1104,23,person,0,0.5964813232421875,381.7913818359375,240.7213592529297,6.63470458984375,24.630340576171875
1105,1,car,2,0.9166768789291382,508.87982177734375,312.82623291015625,116.42440795898438,84.793212890625
1105,9,person,0,0.42403310537338257,312.70989990234375,238.4744873046875,8.245849609375,24.031906127929688
1105,19,person,0,0.7263243794441223,356.0729064941406,239.0682373046875,12.80584716796875,31.799636840820312
1105,26,person,0,0.5884811282157898,340.92431640625,236.08299255371094,7.622772216796875,26.573150634765625
1105,23,person,0,0.5617276430130005,381.61541748046875,240.7605743408203,6.7259521484375,24.571380615234375
1105,27,person,0,0.5104469656944275,325.8366394042969,238.98077392578125,9.58941650390625,26.0335693359375
1106,1,car,2,0.9168602824211121,508.88983154296875,312.7926025390625,116.5115966796875,84.74920654296875
1106,9,person,0,0.3255693316459656,312.937744140625,239.01385498046875,8.014251708984375,22.849594116210938
1106,19,person,0,0.6836613416671753,356.54559326171875,239.28317260742188,13.47174072265625,32.12825012207031
1106,26,person,0,0.5986419320106506,341.3717041015625,235.950439453125,7.662811279296875,26.611282348632812
1106,23,person,0,0.5636610388755798,381.5600280761719,240.7044677734375,6.8753662109375,24.347335815429688
1106,27,person,0,0.6066238284111023,325.05804443359375,238.9738311767578,8.256744384765625,25.34625244140625
1107,1,car,2,0.9159952998161316,509.03021240234375,312.68743896484375,116.6507568359375,84.82098388671875
1107,9,person,0,0.32560986280441284,313.04052734375,239.06869506835938,8.076507568359375,22.653793334960938
1107,19,person,0,0.7207415103912354,356.7915344238281,239.247314453125,13.7625732421875,32.05378723144531
1107,26,person,0,0.41939064860343933,342.0314025878906,234.67437744140625,6.83074951171875,24.58123779296875
1107,23,person,0,0.5824066400527954,381.5443115234375,240.594970703125,6.893096923828125,24.004623413085938
1107,27,person,0,0.7050190567970276,324.4574890136719,239.07162475585938,8.14093017578125,24.816848754882812
1108,1,car,2,0.9166776537895203,508.9312744140625,312.77447509765625,116.685302734375,84.84103393554688
1108,9,person,0,0.44146043062210083,313.021728515625,239.03213500976562,8.336669921875,22.694839477539062
1108,19,person,0,0.7035672664642334,356.96832275390625,239.56716918945312,14.032623291015625,32.000335693359375
1108,26,person,0,0.5846132636070251,342.4538879394531,235.62269592285156,6.82891845703125,25.79083251953125
1108,23,person,0,0.565213680267334,381.46173095703125,240.53167724609375,6.845916748046875,23.757247924804688
1108,27,person,0,0.7200538516044617,324.00946044921875,239.07638549804688,7.889129638671875,24.686004638671875
1109,1,car,2,0.9165121912956238,508.9564208984375,312.7168884277344,116.75106811523438,84.79034423828125
1109,9,person,0,0.4130915403366089,313.4132080078125,238.20619201660156,8.116119384765625,24.268646240234375
1109,19,person,0,0.6589676141738892,357.22686767578125,239.52911376953125,14.34014892578125,31.220321655273438
1109,23,person,0,0.540175199508667,381.4384765625,240.45147705078125,6.76422119140625,23.2366943359375
1109,27,person,0,0.6679819226264954,323.710205078125,239.44659423828125,7.837615966796875,25.992874145507812
1110,1,car,2,0.9176114797592163,508.86566162109375,312.7850341796875,116.69287109375,84.83468627929688
1110,9,person,0,0.31914976239204407,312.9537353515625,237.83428955078125,8.826873779296875,24.212875366210938
1110,19,person,0,0.5662349462509155,357.8005065917969,239.47836303710938,13.12030029296875,29.944717407226562
1110,23,person,0,0.547357976436615,381.38848876953125,240.61618041992188,6.61932373046875,22.895889282226562
1110,27,person,0,0.6679720282554626,323.6043395996094,239.2652587890625,7.607421875,25.610427856445312
1110,26,person,0,0.5026525259017944,343.77313232421875,231.28518676757812,6.7889404296875,17.292282104492188
1111,1,car,2,0.9172722697257996,508.85296630859375,312.8104248046875,116.67745971679688,84.87332153320312
1111,9,person,0,0.23993757367134094,314.7265930175781,237.54827880859375,8.97711181640625,25.090744018554688
1111,19,person,0,0.5204546451568604,358.0940856933594,239.78012084960938,12.4927978515625,29.996414184570312
1111,23,person,0,0.5982182025909424,381.38555908203125,240.6865234375,6.678436279296875,23.143814086914062
1111,27,person,0,0.6364468932151794,323.4638671875,238.98562622070312,7.330902099609375,25.915771484375
1111,26,person,0,0.5735473036766052,344.2762756347656,235.19259643554688,6.88397216796875,24.559036254882812
1112,1,car,2,0.9170553684234619,508.84112548828125,312.7855224609375,116.66702270507812,84.80389404296875
1112,9,person,0,0.16806308925151825,315.72210693359375,237.5924835205078,9.06317138671875,24.421142578125
1112,19,person,0,0.44243863224983215,359.0555114746094,239.75241088867188,11.4859619140625,30.359542846679688
1112,23,person,0,0.6038328409194946,381.3671875,240.9034881591797,6.769744873046875,23.37335205078125
1112,27,person,0,0.6365770697593689,323.1438293457031,239.10964965820312,7.5811767578125,26.071914672851562
1112,26,person,0,0.696474552154541,344.7073059082031,236.0621795654297,7.46185302734375,25.881988525390625
1113,1,car,2,0.9160370230674744,508.87017822265625,312.6276550292969,116.6773681640625,84.58624267578125
1113,9,person,0,0.24856990575790405,316.58941650390625,237.95013427734375,8.994781494140625,24.353378295898438
1113,19,person,0,0.4804632067680359,359.6055603027344,239.71888732910156,10.00445556640625,29.33087158203125
1113,23,person,0,0.585536777973175,381.37188720703125,241.17889404296875,6.803558349609375,22.946060180664062
1113,27,person,0,0.5493112802505493,323.06134033203125,238.92462158203125,7.865081787109375,25.909866333007812
1113,26,person,0,0.6932430267333984,345.03155517578125,236.4595489501953,7.634429931640625,26.1112060546875
1114,1,car,2,0.9165067076683044,508.855224609375,312.66912841796875,116.6519775390625,84.59213256835938
1114,9,person,0,0.2790137529373169,317.6241455078125,237.79815673828125,9.101654052734375,26.454635620117188
1114,19,person,0,0.49470385909080505,359.7000732421875,240.15403747558594,8.64691162109375,27.785888671875
1114,23,person,0,0.5440638661384583,381.24359130859375,241.50271606445312,6.923126220703125,22.45599365234375
1114,27,person,0,0.4624060392379761,322.66455078125,238.3729248046875,8.473907470703125,27.048355102539062
1114,26,person,0,0.6769459843635559,345.59564208984375,236.76727294921875,8.453369140625,26.835662841796875
1115,1,car,2,0.9164429903030396,508.82763671875,312.7071838378906,116.63571166992188,84.59698486328125
1115,19,person,0,0.5312172174453735,359.9950866699219,240.3453369140625,8.28912353515625,27.897750854492188
1115,23,person,0,0.5064326524734497,381.0500183105469,241.99354553222656,6.8935546875,21.5897216796875
1115,27,person,0,0.5520235300064087,321.6719665527344,238.69821166992188,10.013671875,26.646987915039062
1115,26,person,0,0.6993618607521057,345.96978759765625,236.8939208984375,9.41717529296875,26.822677612304688
1116,1,car,2,0.9166997671127319,508.7958679199219,312.69097900390625,116.62738037109375,84.4547119140625
1116,19,person,0,0.5649440288543701,360.60595703125,239.87783813476562,8.328826904296875,29.119842529296875
1116,23,person,0,0.6119213104248047,380.7640686035156,242.0914306640625,6.8380126953125,21.304428100585938
1116,27,person,0,0.5336740016937256,321.61236572265625,239.19931030273438,9.7877197265625,25.561904907226562
1116,26,person,0,0.6875122785568237,346.5570373535156,237.0562286376953,10.3624267578125,26.534332275390625
1117,1,car,2,0.9181903600692749,508.79095458984375,312.6701965332031,116.56442260742188,84.44805908203125
1117,19,person,0,0.5569625496864319,361.54754638671875,239.51348876953125,8.295562744140625,29.810882568359375
1117,23,person,0,0.5909218788146973,380.54443359375,242.04339599609375,6.6368408203125,21.508834838867188
1117,27,person,0,0.4850671589374542,321.2637634277344,239.22128295898438,10.50018310546875,25.625076293945312
1117,26,person,0,0.6296421885490417,346.8547058105469,237.04791259765625,10.44183349609375,26.303298950195312
1118,1,car,2,0.9174899458885193,508.7930603027344,312.7249755859375,116.41851806640625,84.45889282226562
1118,19,person,0,0.66051185131073,362.346923828125,239.43096923828125,8.722991943359375,30.464523315429688
1118,23,person,0,0.5788155794143677,380.44439697265625,241.97726440429688,6.562530517578125,21.659942626953125
1118,27,person,0,0.5659721493721008,320.86151123046875,239.21408081054688,11.3216552734375,25.85980224609375
1118,26,person,0,0.6573335528373718,347.2996520996094,236.81320190429688,10.6915283203125,26.402938842773438
1119,1,car,2,0.9183182120323181,508.77947998046875,312.79058837890625,116.37466430664062,84.52044677734375
1119,19,person,0,0.6377806663513184,362.9274597167969,238.92562866210938,9.267822265625,29.899520874023438
1119,23,person,0,0.5803801417350769,380.2293395996094,241.57156372070312,6.92108154296875,22.554534912109375
1119,27,person,0,0.3523942530155182,320.60174560546875,238.36990356445312,11.1875,27.046493530273438
1119,26,person,0,0.6695296764373779,347.6331787109375,236.71768188476562,10.4324951171875,26.40045166015625
1120,1,car,2,0.918057382106781,508.75079345703125,312.8304443359375,116.4342041015625,84.49978637695312
1120,19,person,0,0.7305499315261841,363.5347900390625,238.611572265625,9.872283935546875,29.768905639648438
1120,23,person,0,0.6128390431404114,379.8998107910156,242.0553436279297,7.1708984375,21.526885986328125
1120,27,person,0,0.3550914525985718,320.01422119140625,238.25396728515625,11.604095458984375,27.61395263671875
1120,26,person,0,0.6981911659240723,348.11993408203125,236.85836791992188,9.77203369140625,26.435104370117188
1121,1,car,2,0.9173777103424072,508.82525634765625,312.72509765625,116.51553344726562,84.47933959960938
1121,19,person,0,0.7389788031578064,364.1836242675781,238.44815063476562,10.75372314453125,29.745864868164062
1121,23,person,0,0.5498459935188293,379.71051025390625,241.6666259765625,7.189849853515625,21.796707153320312
1121,27,person,0,0.5184621214866638,319.904052734375,238.00157165527344,11.8563232421875,27.484832763671875
1121,26,person,0,0.6415809392929077,348.4461669921875,236.654541015625,9.594512939453125,26.606903076171875
1122,1,car,2,0.9164392352104187,508.8072814941406,312.72601318359375,116.54803466796875,84.47979736328125
1122,19,person,0,0.7514827251434326,364.40374755859375,238.44219970703125,11.357147216796875,30.14422607421875
1122,23,person,0,0.4770191013813019,379.51898193359375,241.72496032714844,7.05841064453125,21.06103515625
1122,27,person,0,0.6036680936813354,319.7135925292969,237.6930389404297,11.4810791015625,27.673187255859375
1122,26,person,0,0.6881447434425354,349.07830810546875,236.6696319580078,8.835601806640625,26.42230224609375
1123,1,car,2,0.9176024794578552,508.67083740234375,312.85382080078125,116.42575073242188,84.56619262695312
1123,19,person,0,0.7351421117782593,364.7190856933594,238.74725341796875,11.9393310546875,31.100631713867188
1123,23,person,0,0.39252257347106934,379.06048583984375,240.66595458984375,7.229248046875,23.347030639648438
1123,27,person,0,0.6034467220306396,319.3218078613281,237.85247802734375,10.7716064453125,27.593246459960938
1123,26,person,0,0.6283348202705383,349.6561584472656,236.46731567382812,8.3883056640625,26.207901000976562
1124,1,car,2,0.9184449911117554,508.720458984375,312.757568359375,116.43374633789062,84.39602661132812
1124,19,person,0,0.72996985912323,365.2517395019531,239.0269317626953,12.81317138671875,32.269683837890625
1124,23,person,0,0.45453599095344543,378.68212890625,240.0390625,7.45587158203125,24.273849487304688
1124,27,person,0,0.6532832980155945,319.1451416015625,238.17529296875,10.656524658203125,26.738296508789062
1124,26,person,0,0.4326254725456238,350.46051025390625,236.47232055664062,7.71978759765625,26.18328857421875
1125,1,car,2,0.9172530770301819,508.762451171875,312.6907958984375,116.4332275390625,84.43698120117188
1125,19,person,0,0.6974599957466125,365.55889892578125,238.92831420898438,13.569244384765625,33.10560607910156
1125,23,person,0,0.4857012927532196,378.451171875,239.69252014160156,7.60076904296875,24.8515625
1125,27,person,0,0.47578665614128113,319.8038330078125,237.90420532226562,10.391815185546875,26.428756713867188
1125,26,person,0,0.35103315114974976,351.1152038574219,236.088623046875,7.6077880859375,26.380142211914062
1125,28,person,0,0.5658575892448425,309.9598388671875,236.25804138183594,8.89910888671875,26.410125732421875
1126,1,car,2,0.9155224561691284,508.78961181640625,312.644287109375,116.44570922851562,84.4464111328125
1126,19,person,0,0.7148189544677734,365.59356689453125,238.94955444335938,13.673492431640625,33.09765625
1126,23,person,0,0.5120390057563782,378.19036865234375,239.70944213867188,7.378692626953125,24.806228637695312
1126,27,person,0,0.374894380569458,320.5571594238281,238.1422119140625,9.33245849609375,25.397384643554688
1126,26,person,0,0.1530216932296753,351.57525634765625,236.16473388671875,7.922210693359375,27.157638549804688
1126,28,person,0,0.45123663544654846,309.99908447265625,236.31005859375,8.86279296875,26.571304321289062
1127,1,car,2,0.9161194562911987,508.8056640625,312.63275146484375,116.45419311523438,84.51638793945312
1127,19,person,0,0.6558728218078613,365.71075439453125,238.86439514160156,13.963714599609375,33.151275634765625
1127,23,person,0,0.44194233417510986,377.787353515625,239.552734375,7.027008056640625,25.317428588867188
1127,27,person,0,0.3905787765979767,321.4109191894531,238.20870971679688,8.477783203125,24.674285888671875
1127,26,person,0,0.25953879952430725,352.5228271484375,235.911865234375,7.81805419921875,26.943801879882812
1127,28,person,0,0.5063842535018921,310.0403747558594,236.54995727539062,9.08795166015625,26.176193237304688
1128,1,car,2,0.9165514707565308,508.76849365234375,312.666259765625,116.43685913085938,84.46075439453125
1128,19,person,0,0.5933297276496887,365.912109375,239.1886749267578,13.996429443359375,32.883087158203125
1128,23,person,0,0.3410288989543915,377.4862060546875,239.38055419921875,7.129608154296875,26.172195434570312
1128,27,person,0,0.45372915267944336,322.5126953125,238.02862548828125,7.88104248046875,24.193496704101562
1128,26,person,0,0.5837218165397644,353.068603515625,235.8101348876953,7.526336669921875,26.92840576171875
1128,28,person,0,0.44463303685188293,310.24285888671875,236.807861328125,9.314910888671875,25.819747924804688
1129,1,car,2,0.9151611924171448,508.8923034667969,312.52093505859375,116.57501220703125,84.37490844726562
1129,19,person,0,0.6404507160186768,366.33807373046875,239.22813415527344,14.279632568359375,32.800323486328125
1129,23,person,0,0.4372935891151428,376.955322265625,238.73593139648438,7.315887451171875,27.83099365234375
1129,27,person,0,0.4632117450237274,323.0963134765625,237.8724365234375,7.620361328125,24.313232421875
1129,26,person,0,0.6896969676017761,353.5811767578125,235.79345703125,7.233978271484375,26.959564208984375
1129,28,person,0,0.374420166015625,310.75079345703125,237.2193603515625,9.690155029296875,25.699295043945312
1130,1,car,2,0.9146462082862854,508.7372131347656,312.66650390625,116.44232177734375,84.4031982421875
1130,19,person,0,0.5384219884872437,366.6641845703125,239.4679412841797,14.805938720703125,32.677459716796875
1130,23,person,0,0.29464370012283325,376.30340576171875,238.74041748046875,7.72442626953125,29.839004516601562
1130,27,person,0,0.44680696725845337,323.2292785644531,238.11929321289062,8.00677490234375,24.685440063476562
1130,26,person,0,0.7131602764129639,354.141845703125,235.999755859375,7.6566162109375,27.155654907226562
1130,28,person,0,0.24540814757347107,310.226806640625,237.7255859375,8.595306396484375,24.45123291015625
1131,1,car,2,0.9166859984397888,508.87957763671875,312.5846862792969,116.54391479492188,84.4520263671875
1131,19,person,0,0.6805061101913452,366.9196472167969,238.9326934814453,14.75384521484375,33.434722900390625
1131,23,person,0,0.38687947392463684,376.23577880859375,238.287109375,7.395782470703125,29.694869995117188
1131,27,person,0,0.529435396194458,323.60443115234375,238.16812133789062,7.522186279296875,24.039810180664062
1131,26,person,0,0.7037519216537476,354.68255615234375,235.80450439453125,8.0037841796875,27.120864868164062
1131,28,person,0,0.2988385558128357,311.04132080078125,237.71871948242188,8.666046142578125,24.495086669921875
1132,1,car,2,0.9146044254302979,508.7716064453125,312.58538818359375,116.49465942382812,84.355224609375
1132,19,person,0,0.6073793768882751,366.76629638671875,239.5274658203125,13.95391845703125,32.44490051269531
1132,23,person,0,0.39323028922080994,376.05340576171875,238.74339294433594,7.583465576171875,29.65252685546875
1132,27,person,0,0.4688982367515564,323.9524841308594,238.63372802734375,7.18359375,23.286697387695312
1132,26,person,0,0.711257815361023,354.9935607910156,235.85023498535156,8.050537109375,26.630584716796875
1132,28,person,0,0.28855058550834656,311.27288818359375,237.89276123046875,8.772674560546875,24.321365356445312
1133,1,car,2,0.9151720404624939,508.7975158691406,312.62213134765625,116.47637939453125,84.40557861328125
1133,19,person,0,0.5001621246337891,366.85400390625,239.7242889404297,12.899383544921875,32.000152587890625
1133,23,person,0,0.4618818759918213,375.9639892578125,238.8120574951172,7.794952392578125,28.98382568359375
1133,27,person,0,0.4784739911556244,324.31011962890625,238.44415283203125,7.164276123046875,22.8636474609375
1133,26,person,0,0.694674551486969,355.42376708984375,235.96107482910156,8.194549560546875,26.2215576171875
1133,28,person,0,0.3402702212333679,311.5002136230469,237.7684326171875,8.60443115234375,24.532394409179688
1134,1,car,2,0.915398359298706,508.80914306640625,312.63702392578125,116.4705810546875,84.40798950195312
1134,19,person,0,0.5702925324440002,368.00531005859375,239.5948486328125,11.584747314453125,30.492904663085938
1134,23,person,0,0.4603920876979828,375.9058837890625,238.89283752441406,7.878936767578125,29.303558349609375
1134,27,person,0,0.40293094515800476,324.8360900878906,239.36944580078125,7.177734375,21.155792236328125
1134,26,person,0,0.6945269107818604,355.983154296875,236.08920288085938,9.450653076171875,26.068679809570312
1134,28,person,0,0.3886234760284424,312.2006530761719,238.18417358398438,8.7218017578125,25.26666259765625
1135,1,car,2,0.915614664554596,508.8184814453125,312.5797119140625,116.532470703125,84.33425903320312
1135,19,person,0,0.21311397850513458,369.2374267578125,237.9277801513672,9.541778564453125,25.854248046875
1135,27,person,0,0.489079087972641,325.23321533203125,239.48568725585938,7.151458740234375,21.32354736328125
1135,26,person,0,0.6683964133262634,356.54302978515625,236.51907348632812,10.308013916015625,25.358413696289062
1135,28,person,0,0.5154615044593811,313.28802490234375,237.98739624023438,9.053802490234375,25.700363159179688
1136,1,car,2,0.9146431088447571,508.77178955078125,312.62353515625,116.53231811523438,84.38876342773438
1136,19,person,0,0.3417355418205261,370.05120849609375,238.73292541503906,8.838409423828125,28.64190673828125
1136,27,person,0,0.543164074420929,325.5084228515625,238.58612060546875,7.522186279296875,22.708984375
1136,26,person,0,0.6956912875175476,357.16455078125,236.6126251220703,11.135955810546875,25.51678466796875
1136,28,person,0,0.48973509669303894,313.52093505859375,237.87130737304688,9.137847900390625,25.502151489257812
1137,1,car,2,0.9153578877449036,508.8799743652344,312.5881652832031,116.57159423828125,84.47479248046875
1137,19,person,0,0.6023476123809814,371.710205078125,239.36483764648438,12.3873291015625,30.9974365234375
1137,27,person,0,0.32917729020118713,326.3125305175781,240.15304565429688,7.835693359375,19.498260498046875
1137,26,person,0,0.6983636021614075,357.68212890625,237.06234741210938,12.22564697265625,24.756149291992188
1137,28,person,0,0.5922445058822632,313.47576904296875,237.86624145507812,9.826568603515625,25.731430053710938
1138,1,car,2,0.91661137342453,508.77386474609375,312.65753173828125,116.50717163085938,84.43759155273438
1138,19,person,0,0.6634176969528198,372.81793212890625,239.40179443359375,12.3817138671875,32.072601318359375
1138,27,person,0,0.4339553117752075,326.712890625,239.80393981933594,8.198150634765625,20.15289306640625
1138,26,person,0,0.7042906284332275,358.2764892578125,237.01846313476562,12.004638671875,25.782119750976562
1138,28,person,0,0.5957489013671875,313.2113037109375,237.89028930664062,9.7205810546875,25.746780395507812
1139,1,car,2,0.917158842086792,508.8333740234375,312.5771484375,116.508056640625,84.38046264648438
1139,19,person,0,0.5486545562744141,373.3313903808594,239.31765747070312,11.83050537109375,31.0987548828125
1139,27,person,0,0.4404355585575104,326.9747314453125,239.85946655273438,8.7532958984375,19.867630004882812
1139,26,person,0,0.6894657015800476,358.620849609375,236.94052124023438,11.568572998046875,25.525848388671875
1139,28,person,0,0.5984048843383789,312.8177185058594,238.12326049804688,9.8021240234375,25.328109741210938
1140,1,car,2,0.9176635146141052,508.80108642578125,312.58355712890625,116.46066284179688,84.33856201171875
1140,19,person,0,0.15188808739185333,373.6965637207031,243.03701782226562,11.44818115234375,24.401046752929688
1140,27,person,0,0.5991235375404358,327.50909423828125,238.83404541015625,8.78533935546875,21.973037719726562
1140,26,person,0,0.6628592014312744,359.15142822265625,236.9039306640625,10.606048583984375,25.551864624023438
1140,28,person,0,0.56898432970047,312.8709716796875,238.40756225585938,9.779296875,24.919113159179688
1141,1,car,2,0.9151983261108398,508.80859375,312.5518798828125,116.43624877929688,84.2620849609375
1141,19,person,0,0.2553456723690033,373.04742431640625,241.49969482421875,10.440155029296875,28.000961303710938
1141,27,person,0,0.5180073380470276,328.011474609375,239.55233764648438,8.555328369140625,20.365524291992188
1141,26,person,0,0.6070190072059631,359.58673095703125,237.0689697265625,9.742431640625,25.412734985351562
1141,28,person,0,0.6126514673233032,312.67364501953125,238.7253875732422,9.323760986328125,24.670196533203125
1142,1,car,2,0.9150741100311279,508.81427001953125,312.4938049316406,116.48507690429688,84.19061279296875
1142,19,person,0,0.26012930274009705,373.37396240234375,240.6128387451172,10.4337158203125,30.75018310546875
1142,27,person,0,0.5613390207290649,328.371337890625,240.36764526367188,8.422607421875,18.691116333007812
1142,26,person,0,0.6347290873527527,360.29852294921875,237.396484375,8.920684814453125,25.163116455078125
1142,28,person,0,0.6203900575637817,312.51300048828125,238.81204223632812,9.2340087890625,24.031753540039062
1143,1,car,2,0.9126958847045898,508.688720703125,312.52618408203125,116.34915161132812,84.19015502929688
1143,19,person,0,0.4429486095905304,373.71112060546875,240.21243286132812,10.748870849609375,31.342391967773438
1143,27,person,0,0.5810534954071045,328.90777587890625,239.31285095214844,8.447052001953125,20.93511962890625
1143,26,person,0,0.5984953045845032,360.76568603515625,237.44320678710938,8.088531494140625,24.927780151367188
1143,28,person,0,0.5873446464538574,312.408447265625,239.03045654296875,8.990020751953125,23.25213623046875
1144,1,car,2,0.9133337736129761,508.83953857421875,312.30291748046875,116.43661499023438,83.97854614257812
1144,19,person,0,0.539813220500946,373.82098388671875,240.1704864501953,10.469635009765625,31.973052978515625
1144,27,person,0,0.6192806363105774,329.59423828125,238.84669494628906,8.918548583984375,22.09515380859375
1144,26,person,0,0.6211773157119751,361.34649658203125,237.23294067382812,7.735626220703125,25.087066650390625
1144,28,person,0,0.5882537364959717,312.5097961425781,239.12152099609375,8.831787109375,22.830902099609375
1145,1,car,2,0.9142744541168213,508.71563720703125,312.46697998046875,116.37265014648438,84.21694946289062
1145,19,person,0,0.4099438786506653,373.89959716796875,240.14175415039062,10.227569580078125,32.00639343261719
1145,27,person,0,0.6544491052627563,329.90887451171875,238.73187255859375,8.68359375,22.941986083984375
1145,26,person,0,0.5400790572166443,361.90606689453125,236.86807250976562,7.21820068359375,25.710739135742188
1145,28,person,0,0.6306542754173279,312.6817321777344,239.0677947998047,8.65594482421875,23.00030517578125
1146,1,car,2,0.9129799604415894,508.767578125,312.4006042480469,116.439453125,84.353271484375
1146,19,person,0,0.6182950735092163,374.4686279296875,238.7021026611328,9.829559326171875,29.820770263671875
1146,27,person,0,0.6366123557090759,330.1755676269531,238.431396484375,8.27923583984375,23.264923095703125
1146,26,person,0,0.5573886632919312,362.674072265625,236.971923828125,7.390411376953125,25.136566162109375
1146,28,person,0,0.588093638420105,312.67364501953125,238.98782348632812,8.288177490234375,22.767257690429688
1147,1,car,2,0.9129673838615417,508.8502197265625,312.34332275390625,116.451171875,84.435791015625
1147,19,person,0,0.34059011936187744,375.4061279296875,238.00155639648438,9.47064208984375,27.797821044921875
1147,27,person,0,0.6083888411521912,330.59375,238.17953491210938,8.002471923828125,24.053390502929688
1147,26,person,0,0.4900952875614166,363.7447204589844,236.92910766601562,8.0528564453125,25.594558715820312
1147,28,person,0,0.637894332408905,312.5396728515625,238.81211853027344,8.610687255859375,23.329864501953125
1148,1,car,2,0.914220929145813,508.73724365234375,312.44537353515625,116.38687133789062,84.44619750976562
1148,19,person,0,0.5692257285118103,375.7337646484375,237.68130493164062,9.58770751953125,26.956405639648438
1148,27,person,0,0.6798251867294312,330.92181396484375,237.92938232421875,7.761810302734375,24.288360595703125
1148,26,person,0,0.6028356552124023,364.38421630859375,237.67164611816406,7.9464111328125,25.836639404296875
1148,28,person,0,0.6454174518585205,312.415283203125,238.8724365234375,9.13592529296875,23.753372192382812
1149,1,car,2,0.91593998670578,508.73187255859375,312.4420471191406,116.34841918945312,84.44488525390625
1149,19,person,0,0.3877134323120117,376.05535888671875,236.71832275390625,8.58270263671875,25.933731079101562
1149,27,person,0,0.6803093552589417,331.486328125,237.45901489257812,6.7655029296875,24.070632934570312
1149,26,person,0,0.5632221698760986,364.7328796386719,237.86354064941406,7.664794921875,25.9012451171875
1149,28,person,0,0.6456762552261353,312.56134033203125,238.68988037109375,9.285491943359375,23.8565673828125
1150,1,car,2,0.9144977331161499,508.7683410644531,312.37164306640625,116.34539794921875,84.45846557617188
1150,19,person,0,0.44938918948173523,375.83056640625,235.81893920898438,8.1241455078125,24.472213745117188
1150,27,person,0,0.7116812467575073,331.9993591308594,237.20794677734375,6.35418701171875,23.942794799804688
1150,26,person,0,0.47208333015441895,365.17401123046875,237.26821899414062,8.008697509765625,25.30078125
1150,28,person,0,0.5908485651016235,312.72857666015625,238.40985107421875,9.438079833984375,23.748275756835938
1151,1,car,2,0.9166947603225708,508.7755126953125,312.43121337890625,116.35574340820312,84.48526000976562
1151,19,person,0,0.45756077766418457,376.2361145019531,235.29910278320312,7.36981201171875,22.677841186523438
1151,27,person,0,0.7191227078437805,332.5010681152344,237.30862426757812,6.41046142578125,24.208175659179688
1151,26,person,0,0.46243035793304443,365.606689453125,237.4678497314453,7.636383056640625,25.769744873046875
1151,28,person,0,0.5351987481117249,312.83538818359375,238.20208740234375,9.46099853515625,23.06878662109375
1152,1,car,2,0.912871778011322,508.89459228515625,312.3478088378906,116.42529296875,84.64801025390625
1152,19,person,0,0.4977967441082001,377.2615966796875,235.88389587402344,7.31695556640625,22.70367431640625
1152,27,person,0,0.7309726476669312,333.12841796875,237.24237060546875,6.473052978515625,24.354995727539062
1152,26,person,0,0.5719561576843262,365.98394775390625,237.54562377929688,7.888763427734375,25.51910400390625
1152,28,person,0,0.43284568190574646,313.0333251953125,238.418212890625,8.991912841796875,22.1668701171875
1153,1,car,2,0.9197039008140564,508.7304382324219,312.57244873046875,116.32794189453125,84.7244873046875
1153,19,person,0,0.3859882354736328,378.20477294921875,236.57144165039062,7.79388427734375,21.955276489257812
1153,27,person,0,0.7266169786453247,333.439453125,237.25341796875,6.61419677734375,24.004135131835938
1153,26,person,0,0.4353140592575073,366.5408935546875,237.33656311035156,8.083160400390625,26.484222412109375
1153,28,person,0,0.47567620873451233,313.7261657714844,238.57022094726562,9.0213623046875,21.709335327148438
1154,1,car,2,0.9185841679573059,508.68109130859375,312.5931091308594,116.2703857421875,84.78192138671875
1154,19,person,0,0.4154145121574402,379.9114990234375,237.87286376953125,10.9805908203125,24.300430297851562
1154,27,person,0,0.6705926656723022,333.89874267578125,237.28616333007812,6.636138916015625,24.008636474609375
1154,26,person,0,0.2717376947402954,368.23004150390625,237.39285278320312,9.712554931640625,29.750778198242188
1154,28,person,0,0.4437355399131775,314.2781066894531,238.45513916015625,9.44683837890625,21.74468994140625
1155,1,car,2,0.9183058142662048,508.7868347167969,312.5062561035156,116.37237548828125,84.79052734375
1155,19,person,0,0.40454578399658203,380.30419921875,238.05615234375,10.840667724609375,24.691802978515625
1155,27,person,0,0.6244272589683533,334.3250732421875,237.47225952148438,6.78106689453125,24.195236206054688
1155,26,person,0,0.3331005573272705,368.8086242675781,238.04888916015625,9.55450439453125,29.400344848632812
1155,28,person,0,0.4042249023914337,314.4704895019531,238.50096130371094,10.2237548828125,21.233154296875
1156,1,car,2,0.9188593626022339,508.8029479980469,312.5010986328125,116.38494873046875,84.7283935546875
1156,19,person,0,0.3407438397407532,381.16082763671875,238.7496337890625,10.975677490234375,25.565048217773438
1156,27,person,0,0.6056045293807983,334.8135681152344,237.5435028076172,7.1868896484375,24.22216796875
1156,26,person,0,0.1529146134853363,369.12060546875,239.13717651367188,10.215576171875,29.530899047851562
1156,28,person,0,0.38824036717414856,314.6436767578125,238.4427490234375,10.46484375,21.019439697265625
1157,1,car,2,0.9187823534011841,508.8079833984375,312.527099609375,116.340087890625,84.90554809570312
1157,19,person,0,0.3244766891002655,381.50799560546875,238.86944580078125,10.085968017578125,26.080078125
1157,27,person,0,0.5291973352432251,335.50823974609375,237.65631103515625,8.229034423828125,24.110244750976562
1157,26,person,0,0.385033518075943,369.07037353515625,240.09036254882812,10.179595947265625,27.580718994140625
1157,28,person,0,0.36545369029045105,315.51763916015625,238.1903839111328,9.8419189453125,21.16204833984375
1158,1,car,2,0.9195696115493774,508.8172607421875,312.55999755859375,116.33004760742188,84.93084716796875
1158,19,person,0,0.3223658800125122,381.8324890136719,239.10360717773438,9.2117919921875,26.45330810546875
1158,27,person,0,0.5867025256156921,336.17596435546875,237.81814575195312,9.065216064453125,23.782302856445312
1158,26,person,0,0.5641427636146545,367.9026794433594,239.775634765625,9.66802978515625,26.925323486328125
1158,28,person,0,0.3638831675052643,316.2938537597656,238.32034301757812,8.7901611328125,21.178573608398438
1159,1,car,2,0.9191192984580994,508.8732604980469,312.57958984375,116.36505126953125,84.95919799804688
1159,19,person,0,0.27848848700523376,380.4727783203125,239.027587890625,10.463592529296875,26.320632934570312
1159,27,person,0,0.678968608379364,336.7364501953125,238.14431762695312,9.58648681640625,23.811614990234375
1159,26,person,0,0.48793649673461914,367.02392578125,239.24935913085938,9.15081787109375,27.2642822265625
1159,28,person,0,0.39740946888923645,316.59747314453125,238.38681030273438,8.365020751953125,21.205307006835938
1160,1,car,2,0.9173160791397095,508.81927490234375,312.598876953125,116.3704833984375,84.92172241210938
1160,19,person,0,0.29650405049324036,381.85260009765625,238.6057891845703,8.317352294921875,25.804534912109375
1160,27,person,0,0.6970612406730652,336.91845703125,238.11976623535156,9.644378662109375,23.57293701171875
1160,26,person,0,0.528069257736206,366.3689270019531,238.90499877929688,9.25531005859375,27.76385498046875
1160,28,person,0,0.4553753733634949,316.8568115234375,238.55520629882812,8.379913330078125,21.470489501953125
1161,1,car,2,0.9177210330963135,508.8130187988281,312.6268615722656,116.37762451171875,85.02569580078125
1161,19,person,0,0.3726174533367157,383.615966796875,238.56541442871094,9.24365234375,27.095458984375
1161,27,person,0,0.6972589492797852,337.10198974609375,238.256591796875,9.3096923828125,23.386093139648438
1161,26,person,0,0.6127804517745972,365.9079895019531,239.06240844726562,8.790283203125,27.281753540039062
1161,28,person,0,0.46771469712257385,317.2621154785156,238.16827392578125,8.34454345703125,22.031112670898438
1162,1,car,2,0.9178826808929443,508.7847595214844,312.6500244140625,116.43524169921875,84.97311401367188
1162,19,person,0,0.5148969888687134,383.7626953125,238.47853088378906,9.97705078125,27.52142333984375
1162,27,person,0,0.6984559893608093,337.35302734375,238.33340454101562,9.1673583984375,23.540420532226562
1162,26,person,0,0.6335300207138062,365.5533447265625,239.06362915039062,8.71929931640625,27.302474975585938
1162,28,person,0,0.4582374393939972,317.6488037109375,237.72662353515625,8.168609619140625,21.530563354492188
1163,1,car,2,0.919824481010437,508.802734375,312.649169921875,116.421630859375,84.92404174804688
1163,19,person,0,0.6181568503379822,384.10540771484375,238.59262084960938,10.896270751953125,28.06671142578125
1163,27,person,0,0.6813819408416748,337.58575439453125,238.47666931152344,9.035736083984375,23.683563232421875
1163,26,person,0,0.5965384840965271,365.41131591796875,239.04481506347656,9.128692626953125,27.11614990234375
1163,28,person,0,0.4343150854110718,317.8052062988281,237.74429321289062,8.1409912109375,21.105697631835938
1164,1,car,2,0.9182341694831848,508.8140869140625,312.6242370605469,116.39450073242188,84.90277099609375
1164,19,person,0,0.691322386264801,384.7249755859375,238.4632568359375,12.141510009765625,28.667800903320312
1164,27,person,0,0.6793442964553833,338.15899658203125,238.37396240234375,8.123443603515625,23.999557495117188
1164,26,person,0,0.37443655729293823,365.31854248046875,241.0565185546875,9.208282470703125,22.854751586914062
1164,28,person,0,0.2982623875141144,318.1285095214844,238.37127685546875,8.21600341796875,21.520614624023438
1165,1,car,2,0.9196349382400513,508.83367919921875,312.6504211425781,116.41128540039062,84.93731689453125
1165,19,person,0,0.7249472737312317,385.2137756347656,238.09967041015625,11.7333984375,28.967880249023438
1165,27,person,0,0.6964801549911499,338.70892333984375,238.43777465820312,7.833740234375,24.198440551757812
1165,26,person,0,0.5514715909957886,365.1083984375,242.76788330078125,9.138153076171875,19.664306640625
1165,28,person,0,0.5652036070823669,318.52984619140625,238.1417694091797,8.66290283203125,22.466583251953125
1166,1,car,2,0.9201741218566895,508.85723876953125,312.66644287109375,116.43460083007812,84.86056518554688
1166,19,person,0,0.7360572218894958,385.8305969238281,238.0389862060547,11.799560546875,29.0467529296875
1166,27,person,0,0.7033443450927734,339.17596435546875,238.34364318847656,7.343475341796875,24.4774169921875
1166,26,person,0,0.5243637561798096,364.79705810546875,242.1129150390625,9.097198486328125,21.306747436523438
1166,28,person,0,0.6073352694511414,318.88525390625,237.53480529785156,9.56158447265625,25.907989501953125
1167,1,car,2,0.9211279153823853,508.855712890625,312.68402099609375,116.46731567382812,84.83688354492188
1167,19,person,0,0.7019914388656616,386.26837158203125,238.1035919189453,11.9539794921875,28.876800537109375
1167,27,person,0,0.7117927670478821,339.6095886230469,238.2761993408203,7.2064208984375,24.440826416015625
1167,26,person,0,0.4440034031867981,364.369140625,240.38323974609375,9.38226318359375,24.918121337890625
1167,28,person,0,0.6007699370384216,319.0760498046875,237.2626190185547,9.765716552734375,27.040924072265625
1168,1,car,2,0.9208075404167175,508.84686279296875,312.66619873046875,116.45901489257812,84.76193237304688
1168,19,person,0,0.6621021032333374,386.604248046875,237.9100341796875,12.07025146484375,29.00457763671875
1168,27,person,0,0.7070319056510925,340.041015625,238.40826416015625,6.958099365234375,24.628799438476562
1168,26,person,0,0.4437238872051239,364.09490966796875,239.69972229003906,9.257476806640625,26.419036865234375
1168,28,person,0,0.5166357159614563,319.32476806640625,237.314697265625,9.73748779296875,27.882919311523438
1169,1,car,2,0.9198119044303894,508.8138427734375,312.63995361328125,116.40933227539062,84.72369384765625
1169,19,person,0,0.7056699395179749,386.73846435546875,238.07081604003906,12.257598876953125,28.7568359375
1169,27,person,0,0.7292381525039673,340.64886474609375,238.4649658203125,7.465850830078125,24.91375732421875
1169,26,person,0,0.5388919711112976,363.678955078125,239.37208557128906,8.920196533203125,26.74267578125
1169,28,person,0,0.4259612262248993,319.8511657714844,237.6983642578125,9.83282470703125,27.360504150390625
1170,1,car,2,0.9189653396606445,508.78070068359375,312.6513977050781,116.48526000976562,84.70166015625
1170,19,person,0,0.7131929397583008,386.946533203125,238.10023498535156,12.577484130859375,28.75921630859375
1170,27,person,0,0.7097935080528259,341.152587890625,238.58065795898438,7.4549560546875,24.922836303710938
1170,26,person,0,0.6342665553092957,363.315673828125,239.26473999023438,8.768341064453125,26.67767333984375
1170,28,person,0,0.5401446223258972,320.205078125,237.91629028320312,9.553466796875,26.693649291992188
1171,1,car,2,0.9204882383346558,508.83575439453125,312.6214294433594,116.466064453125,84.70458984375
1171,19,person,0,0.6983920931816101,387.22711181640625,238.04098510742188,12.8333740234375,28.878036499023438
1171,27,person,0,0.6861554384231567,341.64208984375,238.29611206054688,7.582550048828125,24.921401977539062
1171,26,person,0,0.5344186425209045,362.9830322265625,239.29710388183594,7.93609619140625,26.447540283203125
1171,28,person,0,0.5885058045387268,320.501953125,238.02642822265625,9.307037353515625,26.168533325195312
1172,1,car,2,0.9201435446739197,508.83685302734375,312.5692138671875,116.43862915039062,84.69302368164062
1172,19,person,0,0.6514602899551392,387.1712646484375,238.00860595703125,12.4359130859375,28.843673706054688
1172,27,person,0,0.6796789169311523,342.1428527832031,238.40516662597656,7.8543701171875,24.71343994140625
1172,26,person,0,0.6197848320007324,362.3988037109375,239.23101806640625,7.807464599609375,26.569503784179688
1172,28,person,0,0.5245469212532043,320.7957763671875,238.20498657226562,8.899200439453125,25.650177001953125
1173,1,car,2,0.9220222234725952,508.80963134765625,312.62200927734375,116.36080932617188,84.64910888671875
1173,19,person,0,0.7281408905982971,387.21038818359375,237.85464477539062,12.26678466796875,28.349212646484375
1173,27,person,0,0.6758736371994019,342.62982177734375,238.25845336914062,8.3177490234375,24.631454467773438
1173,26,person,0,0.639952540397644,361.790771484375,239.77674865722656,7.879913330078125,25.50408935546875
1173,28,person,0,0.4580508768558502,321.1112060546875,237.95721435546875,8.45892333984375,25.481033325195312
1174,1,car,2,0.9228816032409668,508.86236572265625,312.62408447265625,116.39279174804688,84.67373657226562
1174,19,person,0,0.7321708798408508,387.305419921875,237.90060424804688,12.087615966796875,28.312667846679688
1174,27,person,0,0.6751312017440796,343.09130859375,237.9439239501953,8.522247314453125,24.539306640625
1174,26,person,0,0.6644846200942993,361.20904541015625,239.57821655273438,7.354705810546875,25.831954956054688
1174,28,person,0,0.5276861190795898,321.4472961425781,238.2779998779297,8.45306396484375,25.214813232421875
1175,1,car,2,0.9221686720848083,508.85748291015625,312.6663513183594,116.39730834960938,84.76702880859375
1175,19,person,0,0.7434895038604736,387.460693359375,237.9375,11.801300048828125,28.629348754882812
1175,27,person,0,0.7049403190612793,343.61602783203125,237.85223388671875,9.008026123046875,24.603836059570312
1175,26,person,0,0.651210606098175,360.6124267578125,240.2815399169922,7.1397705078125,25.00457763671875
1175,28,person,0,0.44973352551460266,321.7325439453125,238.79953002929688,8.53167724609375,24.890243530273438
1176,1,car,2,0.921515703201294,508.8412780761719,312.6723327636719,116.37811279296875,84.7408447265625
1176,19,person,0,0.7542919516563416,387.48651123046875,237.92340087890625,11.536224365234375,28.774795532226562
1176,27,person,0,0.6927492022514343,344.03021240234375,238.00408935546875,9.24468994140625,24.146530151367188
1176,26,person,0,0.6585955023765564,360.2669677734375,241.09793090820312,6.947052001953125,23.760818481445312
1176,28,person,0,0.5975852012634277,321.9357604980469,238.43800354003906,8.605712890625,26.258941650390625
1177,1,car,2,0.9226429462432861,508.8596496582031,312.8026123046875,116.43695068359375,85.03073120117188
1177,19,person,0,0.7622563242912292,387.51397705078125,237.89825439453125,11.380035400390625,28.905044555664062
1177,27,person,0,0.6840799450874329,344.32781982421875,238.12527465820312,9.131256103515625,23.650863647460938
1177,26,person,0,0.6278262138366699,359.90606689453125,241.69866943359375,6.862579345703125,22.816513061523438
1177,28,person,0,0.3177710175514221,322.20111083984375,237.60986328125,8.712860107421875,25.140335083007812
1177,29,person,0,0.6662788391113281,309.9192199707031,239.10641479492188,9.96832275390625,24.430099487304688
1178,1,car,2,0.9233130812644958,508.85772705078125,312.88201904296875,116.46630859375,85.17282104492188
1178,19,person,0,0.7604093551635742,387.5091247558594,237.6414794921875,11.68475341796875,28.936874389648438
1178,27,person,0,0.6812125444412231,344.63134765625,238.20697021484375,8.727081298828125,23.178939819335938
1178,26,person,0,0.5283079743385315,359.53173828125,241.43112182617188,6.86749267578125,23.03717041015625
1178,28,person,0,0.3481747508049011,322.5768737792969,236.91009521484375,8.89154052734375,25.281997680664062
1178,29,person,0,0.6689106822013855,310.197021484375,238.9939422607422,10.577667236328125,24.8826904296875
1179,1,car,2,0.9232535362243652,508.854248046875,312.89093017578125,116.48147583007812,85.06558227539062
1179,19,person,0,0.774386465549469,387.50860595703125,237.61093139648438,11.766693115234375,29.498977661132812
1179,27,person,0,0.6866248846054077,344.987060546875,238.29205322265625,8.4488525390625,22.900283813476562
1179,26,person,0,0.5866715908050537,359.1313171386719,241.43309020996094,7.2216796875,22.999786376953125
1179,28,person,0,0.29405510425567627,322.82489013671875,237.47048950195312,9.04888916015625,26.696487426757812
1179,29,person,0,0.6665604114532471,310.4234619140625,239.07830810546875,10.973907470703125,25.189422607421875
1180,1,car,2,0.9215149879455566,508.8658447265625,312.74285888671875,116.52481079101562,85.01507568359375
1180,19,person,0,0.7674630880355835,387.722412109375,237.60256958007812,11.332244873046875,28.987701416015625
1180,27,person,0,0.6964462399482727,345.3515625,238.46759033203125,8.679046630859375,23.363906860351562
1180,26,person,0,0.5806241035461426,358.8940124511719,242.6419677734375,7.4718017578125,20.72259521484375
1180,28,person,0,0.4987831115722656,323.0390319824219,237.2113037109375,9.2188720703125,27.400680541992188
1180,29,person,0,0.6831676959991455,310.184814453125,239.23658752441406,10.713531494140625,25.132293701171875
1181,1,car,2,0.921116828918457,508.859619140625,312.7406005859375,116.4920654296875,85.04800415039062
1181,19,person,0,0.770855188369751,387.930419921875,237.50735473632812,10.92633056640625,29.153549194335938
1181,27,person,0,0.6803887486457825,345.71795654296875,238.49356079101562,8.954132080078125,23.5628662109375
1181,26,person,0,0.3941357135772705,358.24334716796875,241.89022827148438,7.991302490234375,21.833389282226562
1181,28,person,0,0.4560157060623169,323.0947265625,237.76290893554688,9.673492431640625,28.091796875
1181,29,person,0,0.7048413157463074,310.01513671875,239.36065673828125,10.506011962890625,25.5067138671875
1182,1,car,2,0.9205123782157898,508.8817443847656,312.7197265625,116.44158935546875,85.08056640625
1182,19,person,0,0.7708432078361511,387.942138671875,237.34739685058594,10.9251708984375,29.221954345703125
1182,27,person,0,0.6883606314659119,346.1557922363281,238.36587524414062,8.3785400390625,23.595077514648438
1182,26,person,0,0.6062831282615662,357.9451904296875,242.22271728515625,8.799896240234375,20.765457153320312
1182,28,person,0,0.4091930389404297,323.32843017578125,238.03436279296875,9.793975830078125,28.842422485351562
1182,29,person,0,0.7097707390785217,309.9249572753906,239.58755493164062,10.2120361328125,25.6593017578125
1183,1,car,2,0.9183117747306824,508.8988342285156,312.64300537109375,116.42242431640625,85.085205078125
1183,19,person,0,0.7663228511810303,387.95477294921875,237.12423706054688,11.10675048828125,29.266860961914062
1183,27,person,0,0.6687583923339844,346.53680419921875,237.87042236328125,7.97723388671875,23.921707153320312
1183,26,person,0,0.6268984079360962,357.7762451171875,242.94664001464844,9.423553466796875,19.34442138671875
1183,28,person,0,0.26888471841812134,323.6109619140625,238.46182250976562,9.261199951171875,28.574111938476562
1183,29,person,0,0.6803008317947388,309.8629150390625,239.42471313476562,9.97845458984375,25.432159423828125
1184,1,car,2,0.9205182194709778,508.88726806640625,312.6526184082031,116.41458129882812,85.0570068359375
1184,19,person,0,0.7530132532119751,387.98895263671875,237.05776977539062,11.15020751953125,28.989547729492188
1184,27,person,0,0.5805448293685913,347.22540283203125,237.33856201171875,7.136383056640625,23.655593872070312
1184,26,person,0,0.5763979554176331,357.434814453125,243.2720489501953,9.8868408203125,18.328582763671875
1184,28,person,0,0.22981329262256622,323.9239501953125,239.10853576660156,8.845550537109375,27.4613037109375
1184,29,person,0,0.6594430804252625,309.8488464355469,239.34413146972656,9.63525390625,25.065948486328125
1185,1,car,2,0.9187443256378174,508.8963623046875,312.62774658203125,116.44644165039062,85.14947509765625
1185,19,person,0,0.7587023973464966,388.0797119140625,237.0661163330078,11.199554443359375,29.010009765625
1185,27,person,0,0.6634994745254517,347.76116943359375,237.2978515625,7.187713623046875,23.678070068359375
1185,26,person,0,0.533638596534729,357.1444091796875,242.45387268066406,9.796356201171875,19.787506103515625
1185,28,person,0,0.48595061898231506,324.170166015625,239.12887573242188,8.66888427734375,27.788360595703125
1185,29,person,0,0.6262985467910767,309.7707214355469,239.41336059570312,9.36279296875,24.996902465820312
1186,1,car,2,0.9164229035377502,508.89251708984375,312.5697021484375,116.47329711914062,85.33633422851562
1186,19,person,0,0.7188934683799744,388.1650390625,236.796875,11.27386474609375,28.625381469726562
1186,27,person,0,0.6467234492301941,348.88916015625,237.63890075683594,8.218780517578125,24.22467041015625
1186,26,person,0,0.5123671293258667,356.87738037109375,239.95355224609375,9.22808837890625,23.45416259765625
1186,28,person,0,0.5185433030128479,324.2979736328125,238.77426147460938,8.720123291015625,27.958084106445312
1186,29,person,0,0.5540880560874939,309.71795654296875,239.51280212402344,9.093353271484375,24.708343505859375
1187,1,car,2,0.9149884581565857,508.8876037597656,312.54132080078125,116.45855712890625,85.39254760742188
1187,19,person,0,0.7007918357849121,388.2283630371094,235.8911895751953,11.33819580078125,27.179168701171875
1187,27,person,0,0.6388487219810486,349.56158447265625,237.65538024902344,8.565399169921875,24.77252197265625
1187,26,person,0,0.36998263001441956,356.33209228515625,238.76670837402344,9.26458740234375,24.7440185546875
1187,28,person,0,0.4900875985622406,324.455078125,238.42202758789062,8.577667236328125,26.807632446289062
1187,29,person,0,0.5868799090385437,309.75860595703125,239.54708862304688,8.8427734375,24.902725219726562
1188,1,car,2,0.9171697497367859,508.9177551269531,312.5494079589844,116.52630615234375,85.29852294921875
1188,19,person,0,0.703788697719574,388.60345458984375,235.28176879882812,11.214935302734375,25.871017456054688
1188,27,person,0,0.5577712059020996,349.72161865234375,237.713623046875,8.178863525390625,24.607589721679688
1188,26,person,0,0.4102509617805481,355.9317626953125,238.3142852783203,9.096710205078125,25.3499755859375
1188,28,person,0,0.39617812633514404,324.5951843261719,238.18862915039062,8.35357666015625,25.279571533203125
1188,29,person,0,0.6003603935241699,309.7210693359375,239.75137329101562,8.621917724609375,24.571945190429688
1189,1,car,2,0.9201333522796631,508.9013977050781,312.6123352050781,116.41729736328125,85.12774658203125
1189,19,person,0,0.7085228562355042,388.66339111328125,235.354248046875,11.244049072265625,26.056076049804688
1189,27,person,0,0.344965398311615,349.69085693359375,237.93093872070312,7.031402587890625,25.123458862304688
1189,26,person,0,0.4082820415496826,354.40167236328125,238.50550842285156,11.156463623046875,25.746551513671875
1189,29,person,0,0.5518164038658142,309.68890380859375,239.81866455078125,8.588714599609375,23.80322265625
1190,1,car,2,0.9190731644630432,508.8435363769531,312.66778564453125,116.37835693359375,85.15521240234375
1190,19,person,0,0.7167631387710571,388.68212890625,235.29779052734375,11.435546875,25.892196655273438
1190,26,person,0,0.5354839563369751,353.453857421875,238.64031982421875,11.89251708984375,26.28594970703125
1190,29,person,0,0.5554707646369934,309.67169189453125,239.82232666015625,8.800384521484375,23.386016845703125
1191,1,car,2,0.9187315702438354,508.8397216796875,312.68817138671875,116.36233520507812,85.11434936523438
1191,19,person,0,0.7330070734024048,388.70428466796875,235.45535278320312,11.49847412109375,26.174484252929688
1191,26,person,0,0.6133043766021729,352.81292724609375,238.5911102294922,11.626373291015625,26.856719970703125
1191,29,person,0,0.6359992623329163,309.68316650390625,239.94735717773438,8.9766845703125,23.708282470703125
1192,1,car,2,0.9204714298248291,508.7630615234375,312.7454833984375,116.480712890625,84.99099731445312
1192,19,person,0,0.7394155859947205,388.7420349121094,235.70779418945312,11.572265625,26.872634887695312
1192,26,person,0,0.7091898918151855,352.56365966796875,238.49851989746094,11.330291748046875,26.89825439453125
1192,29,person,0,0.6900432705879211,309.79937744140625,239.97799682617188,9.319122314453125,24.149642944335938
1193,1,car,2,0.920046865940094,508.8010559082031,312.74908447265625,116.47357177734375,84.98739624023438
1193,19,person,0,0.7631741762161255,388.8639831542969,235.97991943359375,11.666748046875,27.531829833984375
1193,26,person,0,0.6665059328079224,352.4910583496094,238.2669219970703,11.057373046875,26.85992431640625
1193,29,person,0,0.699192225933075,309.8009338378906,239.87353515625,9.36456298828125,24.162826538085938
1194,1,car,2,0.9185833930969238,508.810546875,312.70977783203125,116.47982788085938,84.9434814453125
1194,19,person,0,0.7721415758132935,388.9383544921875,236.2139892578125,11.682952880859375,28.079879760742188
1194,26,person,0,0.6450306177139282,352.43829345703125,238.24429321289062,10.660919189453125,27.016830444335938
1194,29,person,0,0.6935007572174072,309.9049072265625,239.81063842773438,9.306304931640625,23.875747680664062
1194,28,person,0,0.5007846355438232,325.8111572265625,238.65179443359375,8.312225341796875,25.672561645507812
1195,1,car,2,0.9200655817985535,508.8259582519531,312.69122314453125,116.51116943359375,84.89010620117188
1195,19,person,0,0.7862940430641174,388.99029541015625,236.3836669921875,11.504486083984375,28.407272338867188
1195,26,person,0,0.5287370681762695,352.4786682128906,238.19143676757812,10.32904052734375,26.823623657226562
1195,29,person,0,0.696916401386261,310.09478759765625,239.79647827148438,9.361053466796875,23.820907592773438
1195,28,person,0,0.5359848737716675,326.0948486328125,238.470703125,8.179534912109375,25.013473510742188
1196,1,car,2,0.9197599291801453,508.79315185546875,312.6726989746094,116.52798461914062,84.80517578125
1196,19,person,0,0.7758954763412476,388.9822082519531,236.41159057617188,11.3082275390625,28.33062744140625
1196,26,person,0,0.5568342804908752,352.484375,238.27972412109375,9.412200927734375,26.757827758789062
1196,29,person,0,0.6678726077079773,310.208984375,239.7593231201172,9.4237060546875,23.767059326171875
1196,28,person,0,0.5620924234390259,326.3258056640625,238.57022094726562,8.131561279296875,25.187850952148438
1197,1,car,2,0.9194716215133667,508.80010986328125,312.670654296875,116.57400512695312,84.87326049804688
1197,19,person,0,0.7939034104347229,389.0484619140625,236.53170776367188,11.314483642578125,28.926284790039062
1197,26,person,0,0.6213511228561401,352.552978515625,238.2169189453125,9.085693359375,26.830459594726562
1197,29,person,0,0.648270845413208,310.2811279296875,239.72320556640625,9.387542724609375,23.809158325195312
1197,28,person,0,0.38997843861579895,326.8066711425781,240.427001953125,7.937744140625,21.414321899414062
1198,1,car,2,0.9214487671852112,508.7294616699219,312.7552795410156,116.67547607421875,84.89056396484375
1198,19,person,0,0.7985584139823914,389.17156982421875,236.51632690429688,11.324859619140625,29.249465942382812
1198,26,person,0,0.6696935892105103,352.8680114746094,238.57034301757812,9.3223876953125,26.581863403320312
1198,29,person,0,0.6447471380233765,310.3507080078125,239.81466674804688,9.329986572265625,23.98577880859375
1198,28,person,0,0.4133380353450775,327.0081481933594,240.2082977294922,8.2896728515625,22.613311767578125
1199,1,car,2,0.9221868515014648,508.78924560546875,312.80047607421875,116.51791381835938,84.81387329101562
1199,19,person,0,0.7935690879821777,389.2110595703125,236.3851776123047,11.421234130859375,29.4854736328125
1199,26,person,0,0.5488545894622803,353.4074401855469,238.53140258789062,9.573486328125,26.011459350585938
1199,29,person,0,0.6392167210578918,310.3959655761719,239.86830139160156,9.22662353515625,23.969512939453125
1199,28,person,0,0.46548542380332947,327.02728271484375,239.39706420898438,8.600677490234375,23.474197387695312
1200,1,car,2,0.9225184917449951,508.84716796875,312.8115234375,116.51712036132812,84.72198486328125
1200,19,person,0,0.7911360859870911,389.1629638671875,236.4227294921875,11.619293212890625,29.292327880859375
1200,26,person,0,0.4702182114124298,352.23974609375,238.1822052001953,9.5240478515625,26.863739013671875
1200,29,person,0,0.6528273820877075,310.55377197265625,239.90927124023438,9.007598876953125,24.448043823242188
1200,28,person,0,0.359060674905777,327.10064697265625,238.96463012695312,8.73114013671875,23.228652954101562
1201,1,car,2,0.9209082126617432,508.88116455078125,312.75079345703125,116.4627685546875,84.68502807617188
1201,19,person,0,0.7830322980880737,389.1821594238281,236.26840209960938,12.088134765625,29.824234008789062
1201,26,person,0,0.43220722675323486,351.6010437011719,237.87890625,9.61273193359375,27.334243774414062
1201,29,person,0,0.6212939023971558,310.6666564941406,239.82717895507812,8.746337890625,24.818313598632812
1201,28,person,0,0.20317503809928894,327.465087890625,239.0848846435547,8.5458984375,23.72772216796875
1202,1,car,2,0.9194834232330322,508.847412109375,312.7256774902344,116.46731567382812,84.7310791015625
1202,19,person,0,0.7814414501190186,389.13726806640625,236.19468688964844,12.32421875,30.0731201171875
1202,26,person,0,0.5909318327903748,350.3421325683594,238.14401245117188,8.57891845703125,27.214218139648438
1202,29,person,0,0.5709165334701538,310.67059326171875,239.81813049316406,8.700927734375,25.01666259765625
1202,28,person,0,0.16717451810836792,327.86431884765625,239.20289611816406,8.4197998046875,23.012420654296875
1202,27,person,0,0.6016345024108887,355.7832946777344,237.4868621826172,7.912353515625,23.5992431640625
1203,1,car,2,0.9161288738250732,508.84027099609375,312.6181640625,116.427978515625,84.89620971679688
1203,19,person,0,0.7914232015609741,389.2788391113281,236.19284057617188,12.75408935546875,30.078384399414062
1203,26,person,0,0.6624903678894043,349.52947998046875,238.19854736328125,8.835235595703125,27.071929931640625
1203,29,person,0,0.5695600509643555,310.69659423828125,239.8751220703125,8.768646240234375,25.351821899414062
1203,28,person,0,0.2392793893814087,328.07879638671875,239.05337524414062,8.6888427734375,22.848861694335938
1203,27,person,0,0.5947726368904114,356.5268249511719,237.7322998046875,8.68939208984375,23.941024780273438
1204,1,car,2,0.9176570773124695,508.912353515625,312.4697265625,116.46920776367188,84.70382690429688
1204,19,person,0,0.7906460762023926,389.430908203125,236.15147399902344,13.09075927734375,29.99078369140625
1204,26,person,0,0.6921435594558716,349.03411865234375,238.3470458984375,10.04058837890625,27.220947265625
1204,29,person,0,0.5731133818626404,310.7674560546875,240.15496826171875,8.820220947265625,25.386703491210938
1204,28,person,0,0.5075057744979858,328.1236267089844,239.2083740234375,8.86627197265625,24.360946655273438
1204,27,person,0,0.602372944355011,357.3399963378906,236.84768676757812,9.37786865234375,25.78936767578125
1205,1,car,2,0.9208616018295288,508.87518310546875,312.6461181640625,116.43954467773438,84.80313110351562
1205,19,person,0,0.7963367104530334,389.47235107421875,236.14468383789062,13.39056396484375,30.270965576171875
1205,26,person,0,0.6842572689056396,348.5566101074219,238.37692260742188,10.83111572265625,27.018936157226562
1205,29,person,0,0.5368054509162903,310.9306640625,240.414794921875,8.9541015625,25.282119750976562
1205,27,person,0,0.6539159417152405,357.5748596191406,236.58523559570312,9.4481201171875,26.728103637695312
1206,1,car,2,0.9193703532218933,508.877685546875,312.6785888671875,116.45095825195312,84.88552856445312
1206,19,person,0,0.7955577969551086,389.5203857421875,236.18429565429688,13.391204833984375,30.160812377929688
1206,26,person,0,0.6843146681785583,348.185791015625,238.29214477539062,11.3458251953125,27.141021728515625
1206,29,person,0,0.4670245051383972,311.2257995605469,240.40530395507812,9.25872802734375,24.857254028320312
1206,27,person,0,0.6264087557792664,357.87591552734375,236.7018280029297,9.210723876953125,26.96026611328125
1207,1,car,2,0.9210290312767029,508.835205078125,312.72808837890625,116.3896484375,84.88455200195312
1207,19,person,0,0.7944167852401733,389.51861572265625,236.21490478515625,13.273895263671875,30.123428344726562
1207,26,person,0,0.6961473822593689,347.9092102050781,238.34213256835938,11.38525390625,27.203399658203125
1207,29,person,0,0.46474334597587585,311.48486328125,240.5825958251953,9.433929443359375,24.916534423828125
1207,27,person,0,0.6529555320739746,357.98138427734375,236.55807495117188,9.0263671875,26.671249389648438
1208,1,car,2,0.9222258925437927,508.822998046875,312.7799377441406,116.382568359375,84.94757080078125
1208,19,person,0,0.7932496070861816,389.55059814453125,236.26199340820312,13.209625244140625,29.620590209960938
1208,26,person,0,0.671640932559967,347.1771240234375,238.47457885742188,11.0411376953125,26.704818725585938
1208,29,person,0,0.3251492977142334,311.8271484375,240.69107055664062,9.532745361328125,24.33367919921875
1208,27,person,0,0.6667340397834778,358.40655517578125,236.64894104003906,8.847198486328125,26.241790771484375
1209,1,car,2,0.9213643670082092,508.837158203125,312.7397155761719,116.384521484375,84.82977294921875
1209,19,person,0,0.7918310761451721,389.7462158203125,236.365966796875,12.931610107421875,29.514175415039062
1209,26,person,0,0.6472503542900085,346.69622802734375,238.80369567871094,11.002532958984375,26.032440185546875
1209,29,person,0,0.5034465193748474,311.665283203125,240.86386108398438,9.344757080078125,24.295379638671875
1209,27,person,0,0.6595105528831482,358.71905517578125,237.14453125,9.031402587890625,25.328231811523438
1210,1,car,2,0.9204657077789307,508.845458984375,312.7113037109375,116.4013671875,84.81106567382812
1210,19,person,0,0.7783107161521912,389.8001708984375,236.3016357421875,12.462554931640625,29.554351806640625
1210,26,person,0,0.6995060443878174,346.4308776855469,238.8404541015625,11.10400390625,25.94610595703125
1210,29,person,0,0.5564835071563721,311.5096435546875,240.99404907226562,9.139068603515625,23.831375122070312
1210,27,person,0,0.6509319543838501,358.92572021484375,237.63819885253906,9.675811767578125,24.634857177734375
1210,28,person,0,0.5575161576271057,329.7216796875,238.19091796875,8.6165771484375,25.134689331054688
1211,1,car,2,0.9210925102233887,508.82159423828125,312.76812744140625,116.4136962890625,84.78973388671875
1211,19,person,0,0.7680463194847107,389.7617492675781,236.29568481445312,12.3260498046875,29.706817626953125
1211,26,person,0,0.7341119050979614,346.09478759765625,238.9746856689453,11.35479736328125,25.6964111328125
1211,29,person,0,0.611454963684082,311.583984375,241.08663940429688,9.023040771484375,23.616317749023438
1211,27,person,0,0.5890828371047974,359.16632080078125,238.03219604492188,10.04278564453125,24.620269775390625
1211,28,person,0,0.5849520564079285,329.9527893066406,238.11676025390625,8.64300537109375,25.991241455078125
1212,1,car,2,0.919202983379364,508.8630065917969,312.69268798828125,116.44586181640625,84.72604370117188
1212,19,person,0,0.7542572617530823,390.1518859863281,236.05300903320312,11.541259765625,30.043624877929688
1212,26,person,0,0.7185371518135071,345.76904296875,239.10614013671875,11.294464111328125,25.749618530273438
1212,29,person,0,0.6062785983085632,311.72088623046875,241.1078338623047,8.912506103515625,23.56353759765625
1212,27,person,0,0.585589587688446,359.7767333984375,238.60342407226562,9.55194091796875,23.164413452148438
1212,28,person,0,0.5249444246292114,330.16986083984375,238.11672973632812,9.007965087890625,26.908645629882812
1213,1,car,2,0.9234462380409241,508.86602783203125,312.7189636230469,116.43728637695312,84.76324462890625
1213,19,person,0,0.7613158822059631,390.2972717285156,236.07257080078125,10.98321533203125,29.7794189453125
1213,26,person,0,0.7464537024497986,345.6585693359375,238.90589904785156,11.214599609375,26.074951171875
1213,29,person,0,0.5760425925254822,311.77789306640625,240.91168212890625,9.207244873046875,24.028427124023438
1213,27,person,0,0.5319600105285645,360.39825439453125,239.54302978515625,8.65106201171875,21.235488891601562
1213,28,person,0,0.3248138427734375,330.21270751953125,237.72329711914062,9.294036865234375,27.0364990234375
1214,1,car,2,0.9235131740570068,508.8222961425781,312.7590026855469,116.39691162109375,84.74053955078125
1214,19,person,0,0.728704571723938,390.34149169921875,235.92886352539062,10.55914306640625,29.799530029296875
1214,26,person,0,0.68861323595047,345.5978088378906,238.65298461914062,11.0792236328125,26.218093872070312
1214,29,person,0,0.6367208957672119,311.9716796875,240.61416625976562,9.660186767578125,24.889923095703125
1214,27,person,0,0.5786125659942627,360.37359619140625,239.88555908203125,8.880584716796875,20.426193237304688
1214,28,person,0,0.5171027183532715,330.469970703125,237.4951629638672,9.282318115234375,27.013824462890625
1215,1,car,2,0.9231297969818115,508.8111572265625,312.774169921875,116.38815307617188,84.76889038085938
1215,19,person,0,0.7155064940452576,390.4296875,235.981689453125,10.1982421875,29.60870361328125
1215,26,person,0,0.6740536093711853,345.1455078125,238.428955078125,10.34063720703125,26.626174926757812
1215,29,person,0,0.6401736736297607,312.1055603027344,240.48056030273438,9.6402587890625,25.351608276367188
1215,27,person,0,0.5628740191459656,360.8941955566406,239.386474609375,8.620361328125,20.958648681640625
1215,28,person,0,0.48090660572052,330.85211181640625,236.77796936035156,9.16839599609375,25.860748291015625
1216,1,car,2,0.9233728647232056,508.80523681640625,312.71136474609375,116.36874389648438,84.64291381835938
1216,19,person,0,0.6980330348014832,390.6834411621094,235.8765869140625,9.62677001953125,29.460067749023438
1216,26,person,0,0.6226680874824524,344.90509033203125,238.50343322753906,10.0404052734375,26.4345703125
1216,29,person,0,0.6350721120834351,312.4190673828125,240.316162109375,9.619659423828125,25.763412475585938
1216,27,person,0,0.5921303033828735,361.3568115234375,239.64576721191406,8.995391845703125,20.591217041015625
1216,28,person,0,0.45420584082603455,330.98980712890625,237.03794860839844,9.376190185546875,27.403106689453125
1217,1,car,2,0.9239984750747681,508.78302001953125,312.751953125,116.348388671875,84.689697265625
1217,19,person,0,0.6699057221412659,390.8313903808594,235.812744140625,9.428955078125,29.687515258789062
1217,26,person,0,0.6627678871154785,344.35589599609375,238.5782470703125,9.743927001953125,26.456741333007812
1217,29,person,0,0.6272901296615601,312.5718994140625,240.32369995117188,9.3814697265625,25.833786010742188
1217,27,person,0,0.5842387676239014,361.65216064453125,239.843994140625,9.339691162109375,20.577835083007812
1217,28,person,0,0.48245126008987427,331.3547058105469,236.9830322265625,8.84930419921875,26.39990234375
1218,1,car,2,0.9248679876327515,508.77532958984375,312.7735595703125,116.30636596679688,84.79208374023438
1218,19,person,0,0.6560915112495422,390.9005432128906,235.66909790039062,9.4888916015625,30.12969970703125
1218,26,person,0,0.6520655155181885,343.857666015625,238.57998657226562,9.4544677734375,26.613449096679688
1218,29,person,0,0.5605508089065552,312.57489013671875,240.34463500976562,9.371490478515625,25.691726684570312
1218,27,person,0,0.5753182172775269,361.8232421875,240.48330688476562,9.594573974609375,19.759902954101562
1218,28,person,0,0.6278159618377686,331.600341796875,237.78390502929688,8.993499755859375,27.804092407226562
1219,1,car,2,0.9251616597175598,508.7795715332031,312.7847900390625,116.29888916015625,84.8206787109375
1219,19,person,0,0.6360943913459778,391.0880126953125,235.5078125,9.371246337890625,29.6031494140625
1219,26,person,0,0.6275501847267151,342.9117431640625,238.39453125,8.904022216796875,26.860076904296875
1219,29,person,0,0.55901700258255,312.6716003417969,240.23800659179688,9.7452392578125,25.392532348632812
1219,27,person,0,0.576533317565918,362.28790283203125,238.932373046875,9.353790283203125,22.459365844726562
1219,28,person,0,0.6766802072525024,331.84344482421875,238.14303588867188,8.797637939453125,28.154800415039062
1220,1,car,2,0.9238523244857788,508.80157470703125,312.7955322265625,116.31893920898438,84.94503784179688
1220,19,person,0,0.6311996579170227,391.2583312988281,235.35324096679688,9.54266357421875,29.44598388671875
1220,26,person,0,0.6839152574539185,341.81842041015625,238.4412841796875,9.58441162109375,27.186431884765625
1220,29,person,0,0.589270293712616,312.9278259277344,240.1019287109375,9.74560546875,25.051467895507812
1220,27,person,0,0.5509462356567383,363.17840576171875,238.61509704589844,8.42266845703125,22.814544677734375
1220,28,person,0,0.6908491849899292,332.2440490722656,238.29092407226562,8.15814208984375,27.515579223632812
1221,1,car,2,0.9261163473129272,508.8203125,312.8817443847656,116.33731079101562,84.9683837890625
1221,19,person,0,0.6182748079299927,391.3804016113281,235.34698486328125,9.57965087890625,29.352615356445312
1221,26,person,0,0.6621577739715576,341.404541015625,238.50762939453125,8.441192626953125,27.016647338867188
1221,29,person,0,0.5858473777770996,313.15948486328125,240.20846557617188,9.920257568359375,25.6661376953125
1221,27,person,0,0.6466376185417175,363.81231689453125,238.38031005859375,8.01611328125,23.665863037109375
1221,28,person,0,0.6500996947288513,332.5394287109375,238.58917236328125,7.535308837890625,27.242172241210938
1222,1,car,2,0.9257506728172302,508.83984375,312.8895568847656,116.3682861328125,84.93304443359375
1222,19,person,0,0.5983020663261414,391.4376220703125,235.31964111328125,9.593963623046875,29.376754760742188
1222,26,person,0,0.6186686158180237,340.82275390625,238.56265258789062,8.115264892578125,27.005325317382812
1222,29,person,0,0.6079250574111938,313.4276123046875,240.28355407714844,9.83441162109375,24.7760009765625
1222,27,person,0,0.7038576602935791,364.27313232421875,237.85513305664062,7.725494384765625,23.677474975585938
1222,28,person,0,0.31006067991256714,332.7943115234375,238.18850708007812,7.224212646484375,26.446319580078125
1223,1,car,2,0.9257352948188782,508.8531188964844,312.9439392089844,116.38970947265625,84.94342041015625
1223,19,person,0,0.5966059565544128,391.51025390625,235.41094970703125,9.646209716796875,29.386672973632812
1223,26,person,0,0.7260733246803284,340.26580810546875,238.52938842773438,8.639862060546875,27.109573364257812
1223,29,person,0,0.6476948261260986,313.7138671875,240.4087371826172,9.651641845703125,24.782806396484375
1223,27,person,0,0.6954517364501953,364.8337707519531,238.21871948242188,7.76068115234375,24.483016967773438
1223,28,person,0,0.2516769766807556,333.274658203125,238.3327178955078,7.72003173828125,26.872314453125
1224,1,car,2,0.9265456795692444,508.836669921875,312.9564208984375,116.37155151367188,84.94412231445312
1224,19,person,0,0.594403862953186,391.4891357421875,235.46200561523438,10.04388427734375,29.943878173828125
1224,26,person,0,0.7379826903343201,340.0860290527344,238.7756805419922,8.47711181640625,26.959136962890625
1224,29,person,0,0.6319808959960938,313.90887451171875,240.6162109375,9.69451904296875,25.013168334960938
1224,27,person,0,0.6614086031913757,365.4354248046875,238.24696350097656,7.238983154296875,24.915557861328125
1224,28,person,0,0.27973711490631104,333.55499267578125,238.18360900878906,8.172149658203125,26.53082275390625
1225,1,car,2,0.9272969365119934,508.8540954589844,312.99871826171875,116.32586669921875,84.9722900390625
1225,19,person,0,0.6511411070823669,391.3466796875,235.61181640625,10.227752685546875,29.9119873046875
1225,26,person,0,0.7093434929847717,339.9580078125,238.8482666015625,8.587371826171875,27.021453857421875
1225,29,person,0,0.6344995498657227,314.0950012207031,240.78457641601562,9.44500732421875,24.822677612304688
1225,27,person,0,0.6928711533546448,366.04168701171875,238.1641387939453,7.66552734375,24.910186767578125
1226,1,car,2,0.9268856644630432,508.88067626953125,312.9766845703125,116.35488891601562,84.93310546875
1226,19,person,0,0.690794825553894,391.19598388671875,235.836669921875,10.377960205078125,29.778839111328125
1226,26,person,0,0.61817467212677,339.86090087890625,238.84750366210938,8.175140380859375,26.559600830078125
1226,29,person,0,0.627545177936554,314.1075134277344,241.02676391601562,9.00396728515625,24.585357666015625
1226,27,person,0,0.6543889045715332,366.4907531738281,238.09579467773438,7.7353515625,25.993194580078125
1227,1,car,2,0.9270299673080444,508.8204345703125,313.0533447265625,116.3336181640625,84.96014404296875
1227,19,person,0,0.7152742743492126,390.99359130859375,235.99627685546875,10.62908935546875,29.8133544921875
1227,26,person,0,0.5633521676063538,339.19775390625,239.00360107421875,8.291717529296875,26.577301025390625
1227,29,person,0,0.5831355452537537,314.37408447265625,241.13153076171875,9.52813720703125,24.471771240234375
1227,27,person,0,0.6377262473106384,366.9814758300781,238.0562286376953,8.1546630859375,25.45404052734375
1228,1,car,2,0.9260672330856323,508.889892578125,313.0250244140625,116.38900756835938,84.97647094726562
1228,19,person,0,0.7076509594917297,390.74468994140625,236.1229248046875,10.973297119140625,30.088043212890625
1228,26,person,0,0.5727750658988953,338.030517578125,239.0376739501953,9.80126953125,26.81304931640625
1228,29,person,0,0.635057806968689,314.7423095703125,241.2510528564453,10.189239501953125,25.274688720703125
1228,27,person,0,0.6342851519584656,367.50311279296875,238.05807495117188,8.872772216796875,25.452362060546875
1229,1,car,2,0.9266918897628784,508.89495849609375,313.03570556640625,116.40390014648438,84.96041870117188
1229,19,person,0,0.7208800911903381,390.56536865234375,236.1754913330078,11.259124755859375,30.4593505859375
1229,26,person,0,0.5653460621833801,337.54632568359375,239.0690155029297,10.253875732421875,27.0023193359375
1229,29,person,0,0.6436312198638916,314.87158203125,241.38540649414062,10.226348876953125,25.063751220703125
1229,27,person,0,0.5624035000801086,367.895751953125,238.601806640625,9.4951171875,24.1025390625
1230,1,car,2,0.9262146949768066,508.89105224609375,313.064453125,116.42050170898438,84.99520874023438
1230,19,person,0,0.7319912910461426,390.447509765625,236.38197326660156,11.682891845703125,30.560333251953125
1230,26,person,0,0.6377379298210144,337.1493225097656,238.9949493408203,11.02728271484375,27.637603759765625
1230,29,person,0,0.6812448501586914,315.1878662109375,241.03872680664062,10.6805419921875,25.401809692382812
1230,27,person,0,0.4526313543319702,368.184326171875,238.60824584960938,9.801605224609375,23.31591796875
1231,1,car,2,0.9257712960243225,508.8867492675781,313.0271301269531,116.38555908203125,84.92071533203125
1231,19,person,0,0.7368167042732239,390.21173095703125,236.46311950683594,11.915252685546875,30.78607177734375
1231,26,person,0,0.6899684071540833,337.03515625,238.78546142578125,11.62982177734375,27.918319702148438
1231,29,person,0,0.6717404127120972,315.19873046875,240.8585205078125,10.321441650390625,25.838043212890625
1231,27,person,0,0.501166582107544,368.4737548828125,238.28231811523438,9.727569580078125,23.73626708984375
1232,1,car,2,0.925560474395752,508.94915771484375,312.948486328125,116.42276000976562,84.88916015625
1232,19,person,0,0.7286133170127869,389.9609680175781,236.56712341308594,12.1783447265625,30.8267822265625
1232,26,person,0,0.6000393629074097,337.0670471191406,238.6640625,11.70306396484375,27.934005737304688
1232,29,person,0,0.6200351715087891,315.4449768066406,241.06988525390625,10.26214599609375,26.487899780273438
1232,27,person,0,0.5093265771865845,368.6003723144531,239.4950408935547,9.44061279296875,21.52978515625
1233,1,car,2,0.9253286719322205,508.9140625,312.94476318359375,116.37991333007812,84.81478881835938
1233,19,person,0,0.7340097427368164,389.6986083984375,236.72894287109375,12.521148681640625,30.458206176757812
1233,26,person,0,0.41015714406967163,336.59393310546875,238.70111083984375,10.598876953125,28.084609985351562
1233,29,person,0,0.6508182287216187,315.65673828125,241.19049072265625,9.873687744140625,25.763656616210938
1233,27,person,0,0.5353076457977295,368.7274169921875,239.75106811523438,9.5186767578125,21.694183349609375
1234,1,car,2,0.9247959852218628,508.91546630859375,312.87811279296875,116.34970092773438,84.78411865234375
1234,19,person,0,0.7241389155387878,389.21307373046875,236.75497436523438,12.342742919921875,30.510177612304688
1234,26,person,0,0.21076883375644684,336.7296142578125,239.32012939453125,9.625946044921875,26.397476196289062
1234,29,person,0,0.46564140915870667,315.89447021484375,241.44720458984375,8.83709716796875,24.69451904296875
1234,27,person,0,0.5772689580917358,369.059326171875,239.84628295898438,10.072601318359375,21.727676391601562
1235,1,car,2,0.923973023891449,508.91229248046875,312.87091064453125,116.32614135742188,84.8004150390625
1235,19,person,0,0.7118080258369446,388.802978515625,236.98895263671875,12.457550048828125,30.001144409179688
1235,26,person,0,0.31795093417167664,336.4612121582031,238.83261108398438,9.52252197265625,27.418228149414062
1235,29,person,0,0.5643789172172546,315.9691467285156,240.9991455078125,8.5740966796875,24.357406616210938
1235,27,person,0,0.5494142174720764,369.58514404296875,239.8359375,10.613983154296875,21.990707397460938
1236,1,car,2,0.9234603047370911,508.8829040527344,312.8850402832031,116.29119873046875,84.78094482421875
1236,19,person,0,0.6719288229942322,388.3480224609375,236.75155639648438,11.926116943359375,30.769546508789062
1236,26,person,0,0.4972703754901886,336.397216796875,239.0292510986328,9.411468505859375,27.481964111328125
1236,29,person,0,0.5109590291976929,316.1358642578125,240.67529296875,8.573028564453125,24.23468017578125
1236,27,person,0,0.49225130677223206,369.87481689453125,240.0878448486328,10.540283203125,21.9051513671875
1237,1,car,2,0.9227743148803711,508.9183349609375,312.8362121582031,116.34829711914062,84.8126220703125
1237,19,person,0,0.6862751841545105,387.7693176269531,236.94146728515625,11.40704345703125,30.005935668945312
1237,29,person,0,0.6636373996734619,316.62158203125,240.45352172851562,9.4898681640625,26.018478393554688
1237,27,person,0,0.5266002416610718,370.39117431640625,240.52447509765625,10.076324462890625,20.640274047851562
1237,28,person,0,0.5895012617111206,337.27264404296875,238.61639404296875,10.0631103515625,27.9339599609375
1238,1,car,2,0.9217255711555481,508.90789794921875,312.86602783203125,116.33602905273438,84.91387939453125
1238,19,person,0,0.7156087756156921,387.3432312011719,237.139892578125,11.23431396484375,29.045700073242188
1238,29,person,0,0.6597886681556702,317.01934814453125,240.49240112304688,9.779693603515625,25.961959838867188
1238,27,person,0,0.46866241097450256,371.2441101074219,241.38995361328125,9.02764892578125,18.798843383789062
1238,28,person,0,0.45058655738830566,337.37200927734375,238.45513916015625,9.772491455078125,27.861282348632812
1239,1,car,2,0.9209988117218018,508.842529296875,312.8755187988281,116.24755859375,84.958740234375
1239,19,person,0,0.7019038200378418,386.8219909667969,237.09536743164062,10.63690185546875,28.0899658203125
1239,29,person,0,0.5816090106964111,317.1385803222656,240.59686279296875,9.4361572265625,25.954940795898438
1239,27,person,0,0.4878670275211334,372.09527587890625,240.1985626220703,7.9459228515625,20.42242431640625
1239,28,person,0,0.484637051820755,337.82171630859375,237.81146240234375,9.664642333984375,27.9005126953125
1240,1,car,2,0.920343816280365,508.84454345703125,312.85791015625,116.26284790039062,84.96969604492188
1240,19,person,0,0.6912677884101868,386.43878173828125,236.752685546875,10.07318115234375,27.556167602539062
1240,29,person,0,0.6654184460639954,317.2083740234375,240.4892120361328,9.802703857421875,27.62176513671875
1240,27,person,0,0.5520921349525452,372.64886474609375,239.70652770996094,7.375701904296875,21.298065185546875
1240,28,person,0,0.43014946579933167,339.88751220703125,237.75106811523438,10.548065185546875,29.706939697265625
1240,26,person,0,0.5255445241928101,333.46002197265625,238.38742065429688,6.736602783203125,28.4012451171875
1241,1,car,2,0.922201931476593,508.90728759765625,312.86602783203125,116.31625366210938,84.91397094726562
1241,19,person,0,0.6994864344596863,386.301513671875,236.74270629882812,10.211456298828125,27.641677856445312
1241,29,person,0,0.6113359928131104,317.3556823730469,241.0950927734375,10.0684814453125,26.658340454101562
1241,27,person,0,0.6233506798744202,373.060791015625,239.41738891601562,7.00701904296875,21.543106079101562
1241,28,person,0,0.5351256728172302,340.4859924316406,237.65185546875,10.69952392578125,30.188796997070312
1241,26,person,0,0.5391701459884644,332.9697570800781,238.51712036132812,6.7777099609375,28.21759033203125
1242,1,car,2,0.920791745185852,508.94195556640625,312.8641357421875,116.32736206054688,84.97207641601562
1242,19,person,0,0.6977645754814148,386.54437255859375,236.83883666992188,11.170623779296875,27.934616088867188
1242,29,person,0,0.6194717288017273,317.3453369140625,241.28024291992188,10.094024658203125,26.819381713867188
1242,27,person,0,0.6586909294128418,373.4656982421875,239.60250854492188,6.94549560546875,22.02398681640625
1242,28,person,0,0.541887104511261,340.7846984863281,237.79449462890625,10.52618408203125,30.676101684570312
1242,26,person,0,0.5050695538520813,332.7186279296875,238.37249755859375,6.73004150390625,26.696746826171875
1243,1,car,2,0.9205361008644104,508.9598388671875,312.87530517578125,116.33883666992188,85.01162719726562
1243,19,person,0,0.7067283391952515,386.576904296875,236.70611572265625,11.313232421875,28.048095703125
1243,29,person,0,0.38194119930267334,317.3353271484375,241.92510986328125,9.80438232421875,25.866653442382812
1243,27,person,0,0.6571770906448364,373.9137268066406,239.79885864257812,7.4197998046875,22.099563598632812
1243,28,person,0,0.5377019047737122,340.70477294921875,236.440673828125,9.953948974609375,28.11798095703125
1243,26,person,0,0.3348580002784729,332.5632629394531,239.32589721679688,6.96917724609375,23.850936889648438
1244,1,car,2,0.9203260540962219,508.94573974609375,312.8964538574219,116.32296752929688,85.017578125
1244,19,person,0,0.7142889499664307,386.486083984375,236.42294311523438,11.37078857421875,28.235015869140625
1244,29,person,0,0.6023229360580444,317.5928955078125,241.6716766357422,10.60443115234375,26.78656005859375
1244,27,person,0,0.6399718523025513,374.2623291015625,239.8756866455078,7.921356201171875,22.237030029296875
1244,28,person,0,0.39765089750289917,340.6611022949219,235.4710693359375,9.4410400390625,26.77093505859375
1244,26,person,0,0.48423856496810913,332.5142822265625,238.84466552734375,7.745391845703125,25.793609619140625
1245,1,car,2,0.9223456978797913,508.91180419921875,312.8890380859375,116.27249145507812,84.98110961914062
1245,19,person,0,0.6520949602127075,386.6012878417969,236.54092407226562,11.9605712890625,28.203323364257812
1245,29,person,0,0.4119222164154053,317.65008544921875,242.22406005859375,11.042938232421875,25.680465698242188
1245,27,person,0,0.553764283657074,374.6202392578125,240.20504760742188,8.085357666015625,21.772705078125
1245,28,person,0,0.4608810245990753,340.8529052734375,235.65206909179688,9.179962158203125,26.823410034179688
1245,26,person,0,0.45025697350502014,332.5232238769531,238.50010681152344,8.08319091796875,26.86761474609375
1246,1,car,2,0.9244489669799805,508.91168212890625,312.9126892089844,116.29678344726562,84.99127197265625
1246,19,person,0,0.5711768865585327,387.0189208984375,236.6654815673828,12.808746337890625,28.314178466796875
1246,29,person,0,0.19981549680233002,317.85992431640625,243.23193359375,11.1553955078125,24.195404052734375
1246,27,person,0,0.46227747201919556,375.2539978027344,240.37615966796875,8.70733642578125,21.216323852539062
1246,28,person,0,0.25922250747680664,340.93072509765625,236.02337646484375,8.442138671875,25.924880981445312
1246,26,person,0,0.18758119642734528,332.14215087890625,238.69131469726562,8.43975830078125,26.645431518554688
1247,1,car,2,0.9246590733528137,508.8717346191406,312.93212890625,116.33856201171875,84.97158813476562
1247,19,person,0,0.58395916223526,386.1766357421875,236.8045196533203,11.687042236328125,27.94171142578125
1247,29,person,0,0.5199598073959351,317.84625244140625,242.51296997070312,10.919830322265625,25.87664794921875
1247,27,person,0,0.5569698214530945,375.5470275878906,240.42593383789062,8.98138427734375,21.042343139648438
1247,28,person,0,0.2675397992134094,340.7036437988281,236.9119110107422,8.73004150390625,26.5810546875
1247,26,person,0,0.18756985664367676,331.35223388671875,240.4434814453125,7.936248779296875,22.893356323242188
1248,1,car,2,0.9252343773841858,508.8688659667969,312.9091796875,116.27020263671875,84.94577026367188
1248,19,person,0,0.6836127638816833,385.51776123046875,236.84857177734375,10.8160400390625,27.582839965820312
1248,29,person,0,0.5485379099845886,317.8726501464844,242.16409301757812,10.77825927734375,26.5074462890625
1248,27,person,0,0.5597718954086304,375.90264892578125,240.20819091796875,9.42779541015625,21.010116577148438
1248,28,person,0,0.346543550491333,340.7301025390625,237.24227905273438,8.934844970703125,26.728134155273438
1248,26,person,0,0.22954829037189484,330.72027587890625,239.29153442382812,8.082794189453125,24.77008056640625
1249,1,car,2,0.9261419773101807,508.86712646484375,312.88330078125,116.252197265625,84.7978515625
1249,19,person,0,0.6819891333580017,385.1358337402344,236.87973022460938,10.03497314453125,28.229019165039062
1249,29,person,0,0.5583057999610901,318.03521728515625,241.68197631835938,11.1009521484375,27.764678955078125
1249,27,person,0,0.5525427460670471,376.2515869140625,240.30813598632812,10.08544921875,21.100128173828125
1249,28,person,0,0.30903297662734985,341.10723876953125,236.65753173828125,8.48052978515625,24.867019653320312
1249,26,person,0,0.47945013642311096,330.24688720703125,238.8583221435547,8.484954833984375,25.722320556640625
1250,1,car,2,0.9275524616241455,508.71661376953125,313.027587890625,116.2542724609375,84.894775390625
1250,19,person,0,0.6552157998085022,385.1309814453125,236.65008544921875,10.414642333984375,28.440048217773438
1250,29,person,0,0.45776891708374023,318.3675537109375,241.55923461914062,11.979827880859375,27.90838623046875
1250,27,person,0,0.4626689851284027,376.562744140625,239.46539306640625,10.095458984375,22.936630249023438
1250,28,person,0,0.37031322717666626,340.94049072265625,236.80886840820312,9.33795166015625,25.768951416015625
1250,26,person,0,0.510691225528717,330.277587890625,238.8341064453125,8.460723876953125,25.867446899414062
1251,1,car,2,0.9275409579277039,508.7470703125,313.10589599609375,116.3013916015625,85.1009521484375
1251,19,person,0,0.6209177374839783,384.9736328125,236.5996856689453,10.700714111328125,28.4832763671875
1251,29,person,0,0.548815906047821,319.81158447265625,240.68235778808594,13.16387939453125,27.940887451171875
1251,27,person,0,0.4757085144519806,376.8928527832031,239.57608032226562,10.1861572265625,22.957138061523438
1251,28,person,0,0.5775230526924133,341.579833984375,237.1817626953125,9.048492431640625,26.259567260742188
1251,26,person,0,0.5806980729103088,330.034912109375,238.66514587402344,8.64910888671875,25.763153076171875
1252,1,car,2,0.9275543093681335,508.78704833984375,313.0826721191406,116.36709594726562,85.11212158203125
1252,19,person,0,0.605607271194458,384.9261169433594,236.438232421875,10.99359130859375,27.958816528320312
1252,29,person,0,0.5533249974250793,320.7430419921875,240.17996215820312,13.09747314453125,27.855712890625
1252,27,person,0,0.4341370165348053,377.28662109375,239.09097290039062,10.95477294921875,24.27923583984375
1252,28,person,0,0.583131730556488,342.1258850097656,236.91580200195312,8.67626953125,24.95782470703125
1252,26,person,0,0.5384424328804016,329.736572265625,238.46951293945312,9.333099365234375,25.943939208984375
1253,1,car,2,0.9281793236732483,508.80926513671875,313.13623046875,116.34671020507812,85.19039916992188
1253,19,person,0,0.5784253478050232,384.8448486328125,236.3485107421875,11.034637451171875,27.893341064453125
1253,29,person,0,0.5799576044082642,321.3013916015625,239.83047485351562,11.991912841796875,27.896270751953125
1253,27,person,0,0.40298521518707275,377.212890625,238.58163452148438,10.253021240234375,25.049301147460938
1253,28,person,0,0.5579031705856323,342.4070129394531,236.7351837158203,9.00335693359375,24.414215087890625
1253,26,person,0,0.5185961723327637,329.7310791015625,238.10377502441406,9.37652587890625,25.853759765625
1254,1,car,2,0.9249192476272583,508.83172607421875,313.0684509277344,116.417724609375,85.22174072265625
1254,19,person,0,0.5847740173339844,384.7049560546875,236.2606201171875,10.947967529296875,27.941818237304688
1254,29,person,0,0.5665389895439148,321.88812255859375,239.37832641601562,10.715911865234375,27.017181396484375
1254,27,person,0,0.34907266497612,377.14495849609375,237.9981689453125,9.527862548828125,25.893951416015625
1254,28,person,0,0.6680741906166077,342.94732666015625,236.79432678222656,9.041961669921875,24.29766845703125
1254,26,person,0,0.4052458703517914,329.76171875,237.85772705078125,9.594268798828125,26.041275024414062
1255,1,car,2,0.9270833730697632,508.818603515625,313.093505859375,116.43270874023438,85.35855102539062
1255,19,person,0,0.5572896599769592,384.2193908691406,236.6526641845703,11.26995849609375,28.801513671875
1255,29,person,0,0.5934627056121826,321.907470703125,239.51206970214844,10.2938232421875,27.675323486328125
1255,27,person,0,0.26098230481147766,377.54071044921875,238.25765991210938,8.9664306640625,25.9556884765625
1255,28,person,0,0.7042943239212036,343.4876708984375,236.96051025390625,8.709136962890625,24.049575805664062
1255,26,person,0,0.4363136887550354,329.85552978515625,237.47439575195312,9.887969970703125,26.444869995117188
1256,1,car,2,0.9275253415107727,508.80279541015625,313.08013916015625,116.45700073242188,85.44476318359375
1256,19,person,0,0.4591955840587616,383.29595947265625,237.121826171875,12.18621826171875,28.275955200195312
1256,29,person,0,0.6086081266403198,322.5189208984375,239.7078857421875,10.774078369140625,28.50103759765625
1256,27,person,0,0.4911467730998993,378.03753662109375,237.56756591796875,8.150726318359375,25.494781494140625
1256,28,person,0,0.6455166935920715,343.9359130859375,237.97817993164062,8.790252685546875,25.31719970703125
1256,26,person,0,0.2311805933713913,330.37750244140625,237.50462341308594,8.869781494140625,26.34075927734375
1257,1,car,2,0.9240164160728455,508.82330322265625,313.0179443359375,116.48898315429688,85.66064453125
1257,19,person,0,0.5991830825805664,381.943115234375,237.16024780273438,11.891510009765625,26.988998413085938
1257,29,person,0,0.6849939823150635,323.50958251953125,239.78610229492188,11.873046875,29.356231689453125
1257,28,person,0,0.6372554898262024,344.4574279785156,239.36703491210938,8.73468017578125,27.793716430664062
1258,1,car,2,0.9263843894004822,508.8269958496094,312.972900390625,116.49102783203125,85.61724853515625
1258,19,person,0,0.53462815284729,381.067138671875,236.9484405517578,11.045501708984375,25.98883056640625
1258,29,person,0,0.698051929473877,324.0667724609375,239.78024291992188,12.1968994140625,29.372406005859375
1258,28,person,0,0.674465000629425,344.7457275390625,239.01950073242188,8.840240478515625,26.800506591796875
1259,1,car,2,0.9308228492736816,508.853271484375,313.03997802734375,116.45556640625,85.49813842773438
1259,19,person,0,0.6286574602127075,381.224365234375,238.09896850585938,11.493316650390625,27.7454833984375
1259,29,person,0,0.6664137244224548,323.810302734375,239.8795166015625,10.992218017578125,28.668899536132812
1259,28,person,0,0.6708035469055176,344.9873352050781,239.5013427734375,8.98724365234375,27.663101196289062
1260,1,car,2,0.9289166927337646,508.8504638671875,313.04327392578125,116.44595336914062,85.5025634765625
1260,19,person,0,0.6339227557182312,381.197265625,238.69442749023438,11.142059326171875,28.553909301757812
1260,29,person,0,0.6613146066665649,323.84832763671875,239.71063232421875,10.122222900390625,27.40484619140625
1260,28,person,0,0.6951581835746765,345.2897033691406,239.89727783203125,8.54998779296875,28.182693481445312
1261,1,car,2,0.9298785924911499,508.840576171875,313.0734558105469,116.40444946289062,85.423583984375
1261,19,person,0,0.6147895455360413,381.0528259277344,238.60768127441406,10.92730712890625,29.200531005859375
1261,29,person,0,0.672951340675354,323.84417724609375,240.05699157714844,9.923797607421875,27.87042236328125
1261,28,person,0,0.6606177091598511,345.6409606933594,240.04249572753906,8.17919921875,28.70001220703125
1262,1,car,2,0.9308739900588989,508.844482421875,313.1087341308594,116.41323852539062,85.28448486328125
1262,19,person,0,0.5762150883674622,380.7635192871094,238.87625122070312,10.28167724609375,29.075637817382812
1262,29,person,0,0.6893356442451477,324.00152587890625,240.572021484375,9.817474365234375,28.067428588867188
1262,28,person,0,0.6934853196144104,346.02313232421875,240.02484130859375,7.89263916015625,28.959503173828125
1263,1,car,2,0.9325892925262451,508.80841064453125,313.16583251953125,116.47860717773438,85.17013549804688
1263,19,person,0,0.6647475957870483,380.5396728515625,238.7244873046875,11.224609375,29.139083862304688
1263,29,person,0,0.6056423187255859,324.2457275390625,240.48423767089844,9.509002685546875,28.348052978515625
1263,28,person,0,0.6948652863502502,346.36602783203125,240.43841552734375,7.943206787109375,29.951339721679688
1264,1,car,2,0.9324324727058411,508.82904052734375,313.20623779296875,116.48046875,85.19131469726562
1264,19,person,0,0.6329441666603088,380.010498046875,238.96719360351562,11.015960693359375,28.883743286132812
1264,29,person,0,0.5988364815711975,324.46002197265625,239.57968139648438,9.658843994140625,27.461944580078125
1264,28,person,0,0.6595867872238159,346.7218933105469,239.92535400390625,7.85638427734375,29.107070922851562
1265,1,car,2,0.9313225150108337,508.8338928222656,313.28179931640625,116.47564697265625,85.29360961914062
1265,19,person,0,0.508256196975708,378.93408203125,238.1624755859375,9.906341552734375,26.341903686523438
1265,29,person,0,0.6989733576774597,324.4225158691406,240.34033203125,9.62591552734375,27.97332763671875
1265,28,person,0,0.6797893643379211,347.1475830078125,240.08914184570312,8.038421630859375,29.58355712890625
1266,1,car,2,0.9311507940292358,508.8221130371094,313.28411865234375,116.43255615234375,85.31283569335938
1266,19,person,0,0.6018468141555786,377.876220703125,238.40911865234375,8.638092041015625,26.904800415039062
1266,29,person,0,0.6978548765182495,324.502197265625,240.66970825195312,9.727813720703125,28.663986206054688
1266,28,person,0,0.6755227446556091,347.4447021484375,240.22015380859375,8.32415771484375,29.699234008789062
1267,1,car,2,0.9295690655708313,508.8116455078125,313.1958312988281,116.42333984375,85.36260986328125
1267,19,person,0,0.470558762550354,377.43359375,238.54843139648438,9.018646240234375,26.973495483398438
1267,29,person,0,0.6445809006690979,324.3807067871094,241.01414489746094,9.62774658203125,28.807586669921875
1267,28,person,0,0.7007726430892944,347.694091796875,240.5568084716797,8.65142822265625,30.487762451171875
1268,1,car,2,0.9290890097618103,508.7874755859375,313.10943603515625,116.40994262695312,85.24374389648438
1268,19,person,0,0.48910531401634216,377.55816650390625,237.89669799804688,9.756927490234375,26.695388793945312
1268,29,person,0,0.6467726826667786,324.57562255859375,241.21102905273438,10.382049560546875,29.372528076171875
1268,28,person,0,0.6706289052963257,348.1043395996094,240.50668334960938,8.8367919921875,30.516159057617188
1269,1,car,2,0.929686963558197,508.7785949707031,313.10003662109375,116.39556884765625,85.27798461914062
1269,19,person,0,0.4988352954387665,376.806640625,237.56607055664062,9.317108154296875,26.144500732421875
1269,29,person,0,0.5270704627037048,324.56011962890625,241.1998748779297,11.319244384765625,29.912628173828125
1269,28,person,0,0.6237737536430359,348.7507019042969,240.40374755859375,8.60009765625,30.863372802734375
1270,1,car,2,0.9281425476074219,508.74053955078125,313.0332336425781,116.3453369140625,85.15399169921875
1270,19,person,0,0.5276550054550171,375.86151123046875,237.90200805664062,8.982940673828125,27.415969848632812
1270,29,person,0,0.4934815466403961,325.51922607421875,241.21401977539062,11.287200927734375,29.392349243164062
1270,28,person,0,0.6859798431396484,349.20184326171875,240.41529846191406,8.507659912109375,30.618133544921875
1271,1,car,2,0.9284219741821289,508.736083984375,313.073974609375,116.36990356445312,85.35409545898438
1271,19,person,0,0.5631707906723022,375.65911865234375,238.68191528320312,9.660919189453125,28.891937255859375
1271,29,person,0,0.4499736726284027,326.027099609375,241.09323120117188,11.966339111328125,29.782958984375
1271,28,person,0,0.6806508302688599,349.7996826171875,240.2645263671875,8.7513427734375,30.276657104492188
1272,1,car,2,0.9269156455993652,508.7523193359375,313.03924560546875,116.3397216796875,85.54129028320312
1272,19,person,0,0.5665823221206665,375.26715087890625,239.6046142578125,10.459930419921875,30.041976928710938
1272,29,person,0,0.5121012330055237,326.64727783203125,241.23361206054688,10.762237548828125,29.313308715820312
1272,28,person,0,0.6408374309539795,350.2254638671875,240.50567626953125,8.932342529296875,30.848342895507812
1273,1,car,2,0.9280409812927246,508.76446533203125,313.0364990234375,116.29910278320312,85.47406005859375
1273,19,person,0,0.6306486129760742,374.982666015625,239.9309539794922,12.705291748046875,29.919342041015625
1273,29,person,0,0.5933172106742859,327.23065185546875,241.1895751953125,9.733123779296875,29.188400268554688
1273,28,person,0,0.6646376848220825,350.97113037109375,240.26589965820312,9.896636962890625,31.034469604492188
1274,1,car,2,0.9275298714637756,508.7513122558594,313.00213623046875,116.26043701171875,85.41604614257812
1274,19,person,0,0.7018941044807434,374.47369384765625,240.20675659179688,14.57696533203125,30.707260131835938
1274,29,person,0,0.6058461666107178,327.5020751953125,241.01409912109375,9.693511962890625,29.0318603515625
1274,28,person,0,0.660826563835144,351.5097351074219,240.26751708984375,10.298095703125,31.120452880859375
1274,27,person,0,0.5320015549659729,384.9296875,237.3340301513672,9.865142822265625,20.92218017578125
1275,1,car,2,0.92823725938797,508.74859619140625,313.0436096191406,116.27880859375,85.36016845703125
1275,19,person,0,0.7087701559066772,373.83599853515625,239.85968017578125,15.662078857421875,31.609817504882812
1275,29,person,0,0.5906451940536499,327.91845703125,241.0777587890625,9.35626220703125,28.552276611328125
1275,28,person,0,0.4977283477783203,351.8487548828125,239.7576904296875,10.09881591796875,30.190658569335938
1275,27,person,0,0.6475971341133118,385.0008850097656,237.13442993164062,9.7314453125,20.942474365234375
1276,1,car,2,0.9277610182762146,508.74981689453125,313.05078125,116.3135986328125,85.38876342773438
1276,19,person,0,0.7179785966873169,373.5996398925781,239.34158325195312,16.14385986328125,32.73844909667969
1276,29,person,0,0.6069678664207458,328.54156494140625,241.15806579589844,9.3031005859375,28.621917724609375
1276,28,person,0,0.5755742788314819,352.44622802734375,240.00213623046875,10.4820556640625,31.754806518554688
1276,27,person,0,0.6885745525360107,384.9701843261719,236.43075561523438,9.6142578125,21.743942260742188
1277,1,car,2,0.9294474720954895,508.7718200683594,313.0926513671875,116.35003662109375,85.37655639648438
1277,19,person,0,0.7120798826217651,373.1480712890625,238.81512451171875,16.079559326171875,32.60990905761719
1277,29,person,0,0.6298602223396301,329.193359375,241.25408935546875,9.354278564453125,28.926223754882812
1277,28,person,0,0.6472913026809692,352.81219482421875,240.46829223632812,10.60345458984375,30.902572631835938
1277,27,person,0,0.6965676546096802,384.99945068359375,236.48822021484375,9.483673095703125,21.788528442382812
1278,1,car,2,0.9312644004821777,508.79278564453125,313.12359619140625,116.38369750976562,85.24444580078125
1278,19,person,0,0.7151128053665161,373.0002136230469,238.760009765625,16.66790771484375,33.536834716796875
1278,29,person,0,0.6159534454345703,329.7456359863281,241.20364379882812,9.4176025390625,28.920028686523438
1278,28,person,0,0.6596208214759827,353.3113708496094,240.51390075683594,11.01446533203125,31.062652587890625
1278,27,person,0,0.6908671259880066,385.01129150390625,236.78585815429688,9.380615234375,21.9212646484375
1279,1,car,2,0.9319948554039001,508.79931640625,313.15655517578125,116.41415405273438,85.12570190429688
1279,19,person,0,0.7011032700538635,372.81268310546875,238.85086059570312,16.206329345703125,33.02897644042969
1279,29,person,0,0.6940398812294006,330.25872802734375,241.21795654296875,9.452362060546875,28.914825439453125
1279,28,person,0,0.6760637760162354,353.8389587402344,241.00543212890625,10.941650390625,31.036392211914062
1279,27,person,0,0.7235766053199768,385.0321960449219,236.62164306640625,9.5716552734375,22.129470825195312
1280,1,car,2,0.9316168427467346,508.82977294921875,313.1642761230469,116.46438598632812,85.029052734375
1280,19,person,0,0.7129405736923218,372.07952880859375,238.8202362060547,14.71075439453125,31.9151611328125
1280,29,person,0,0.6690278649330139,330.9171447753906,241.439453125,9.75604248046875,29.026168823242188
1280,28,person,0,0.6315590143203735,354.42120361328125,241.4199981689453,10.556854248046875,31.014434814453125
1280,27,person,0,0.7374528050422668,385.0473937988281,236.61654663085938,9.58526611328125,22.2396240234375
1281,1,car,2,0.9321854114532471,508.8464050292969,313.1756896972656,116.48785400390625,84.9571533203125
1281,19,person,0,0.676205575466156,371.5960388183594,238.46926879882812,13.9339599609375,31.554031372070312
1281,29,person,0,0.622169017791748,331.343017578125,241.5974884033203,9.962860107421875,28.825286865234375
1281,28,person,0,0.5834515690803528,354.6597900390625,239.57467651367188,9.476348876953125,27.085311889648438
1281,27,person,0,0.7132689952850342,385.1601257324219,236.62713623046875,9.58441162109375,22.314605712890625
1282,1,car,2,0.9317853450775146,508.8399658203125,313.197265625,116.47140502929688,84.89035034179688
1282,19,person,0,0.6628341674804688,370.85577392578125,238.4375762939453,12.743896484375,31.3690185546875
1282,29,person,0,0.6668108701705933,331.9630126953125,241.6905975341797,10.223236083984375,28.900726318359375
1282,28,person,0,0.6236560344696045,355.25518798828125,240.67835998535156,9.6209716796875,29.728118896484375
1282,27,person,0,0.7054744362831116,385.24749755859375,236.75204467773438,9.379486083984375,22.377899169921875
1283,1,car,2,0.9301226735115051,508.83966064453125,313.244384765625,116.45297241210938,85.09481811523438
1283,19,person,0,0.6574376821517944,369.9260559082031,238.34310913085938,11.77886962890625,31.024581909179688
1283,29,person,0,0.7105255126953125,332.52093505859375,241.83139038085938,11.023651123046875,28.897293090820312
1283,28,person,0,0.5599575042724609,355.78564453125,239.7161865234375,9.2547607421875,28.376708984375
1283,27,person,0,0.6965520977973938,385.4007568359375,236.63906860351562,9.150421142578125,22.46600341796875
1284,1,car,2,0.9302914142608643,508.82501220703125,313.19183349609375,116.46878051757812,84.92889404296875
1284,19,person,0,0.6993763446807861,369.3065490722656,238.35818481445312,10.6583251953125,29.772994995117188
1284,29,person,0,0.6502007842063904,333.24884033203125,241.94102478027344,11.051910400390625,28.304656982421875
1284,28,person,0,0.6311912536621094,356.12872314453125,240.20175170898438,8.8829345703125,29.545684814453125
1284,27,person,0,0.6947176456451416,385.6943359375,236.64271545410156,8.584869384765625,22.535369873046875
1285,1,car,2,0.9303988218307495,508.8133544921875,313.267822265625,116.43453979492188,85.15499877929688
1285,19,person,0,0.6757234334945679,369.0270690917969,238.198486328125,10.454345703125,29.500274658203125
1285,29,person,0,0.6970753073692322,333.87335205078125,241.9580078125,11.275848388671875,27.681396484375
1285,28,person,0,0.5991684198379517,356.43341064453125,238.7942352294922,9.176483154296875,26.291259765625
1285,27,person,0,0.686557412147522,385.88507080078125,236.80844116210938,8.261138916015625,22.492095947265625
1286,1,car,2,0.9303883910179138,508.783935546875,313.28216552734375,116.42269897460938,85.24642944335938
1286,19,person,0,0.6781229972839355,368.5404968261719,237.88821411132812,9.982666015625,29.096771240234375
1286,29,person,0,0.6879348754882812,334.0598449707031,242.11285400390625,12.1380615234375,27.817611694335938
1286,28,person,0,0.7102227807044983,356.87152099609375,240.20513916015625,9.136016845703125,29.248809814453125
1286,27,person,0,0.6891679167747498,386.0049743652344,237.0414276123047,8.10382080078125,22.668487548828125
1287,1,car,2,0.9294456839561462,508.7844543457031,313.30950927734375,116.44744873046875,85.33242797851562
1287,19,person,0,0.6505882143974304,368.226806640625,237.86338806152344,9.707733154296875,29.0194091796875
1287,29,person,0,0.6295393705368042,334.5177917480469,242.216064453125,12.5506591796875,28.216552734375
1287,28,person,0,0.4730406701564789,357.024658203125,237.89524841308594,8.617156982421875,24.815399169921875
1287,27,person,0,0.7163381576538086,386.0916748046875,237.0347900390625,7.891265869140625,22.780044555664062
1288,1,car,2,0.9297712445259094,508.7750244140625,313.32159423828125,116.4559326171875,85.37228393554688
1288,19,person,0,0.6908724308013916,367.362060546875,237.91796875,10.65008544921875,29.530532836914062
1288,29,person,0,0.5648754239082336,335.3187255859375,242.2186279296875,11.562469482421875,28.055221557617188
1288,28,person,0,0.4381328821182251,357.56707763671875,236.9514923095703,8.407958984375,22.9697265625
1288,27,person,0,0.7245306372642517,386.1457214355469,237.009521484375,7.81866455078125,22.704299926757812
1289,1,car,2,0.9291931390762329,508.76629638671875,313.32916259765625,116.46810913085938,85.36276245117188
1289,19,person,0,0.7110005617141724,366.8433837890625,238.3344268798828,10.966461181640625,30.118621826171875
1289,29,person,0,0.6118388772010803,334.9481201171875,242.26036071777344,12.795440673828125,28.311126708984375
1289,28,person,0,0.5075487494468689,357.7055969238281,236.8876953125,8.4908447265625,22.937240600585938
1289,27,person,0,0.7214329838752747,386.1134033203125,236.88284301757812,7.7913818359375,22.836715698242188
1290,1,car,2,0.9286572933197021,508.7523193359375,313.3353271484375,116.46054077148438,85.33724975585938
1290,19,person,0,0.7340975999832153,366.6097412109375,238.45681762695312,10.9024658203125,29.341827392578125
1290,29,person,0,0.6001014113426208,335.5397644042969,242.01528930664062,11.795166015625,28.409225463867188
1290,28,person,0,0.47159215807914734,358.1584777832031,239.29537963867188,8.4854736328125,28.127944946289062
1290,27,person,0,0.716960608959198,386.15863037109375,236.84324645996094,7.701629638671875,22.76031494140625
1291,1,car,2,0.9275748133659363,508.77783203125,313.3314208984375,116.48580932617188,85.41827392578125
1291,19,person,0,0.7260168194770813,366.1348876953125,238.73849487304688,10.255706787109375,29.998031616210938
1291,29,person,0,0.6239610910415649,336.43231201171875,241.89089965820312,10.149932861328125,28.40899658203125
1291,28,person,0,0.46165889501571655,358.4940490722656,239.1585693359375,9.23614501953125,27.714950561523438
1291,27,person,0,0.7025834918022156,386.1428527832031,236.8740997314453,7.70794677734375,22.685577392578125
1292,1,car,2,0.9249092936515808,508.78350830078125,313.3155517578125,116.49838256835938,85.51620483398438
1292,19,person,0,0.7068781852722168,365.93060302734375,238.11709594726562,9.58929443359375,29.737747192382812
1292,29,person,0,0.6751928329467773,337.3504638671875,241.7645263671875,9.092498779296875,28.305770874023438
1292,28,person,0,0.34870100021362305,359.0572814941406,239.5147705078125,9.40594482421875,30.754608154296875
1292,27,person,0,0.6392251253128052,386.060546875,236.95523071289062,7.85797119140625,22.666305541992188
1293,1,car,2,0.9245755076408386,508.786865234375,313.3011169433594,116.49972534179688,85.55828857421875
1293,19,person,0,0.6921567320823669,365.77984619140625,237.74456787109375,9.216766357421875,29.558486938476562
1293,29,person,0,0.7132389545440674,337.55615234375,241.78053283691406,9.750701904296875,28.570953369140625
1293,28,person,0,0.3551270365715027,359.736083984375,239.016845703125,9.489532470703125,31.229965209960938
1293,27,person,0,0.6269165873527527,385.95794677734375,236.988037109375,7.995574951171875,22.751327514648438
1294,1,car,2,0.9267503619194031,508.75689697265625,313.29986572265625,116.5028076171875,85.4595947265625
1294,19,person,0,0.5689664483070374,365.69512939453125,237.94021606445312,8.797149658203125,29.19061279296875
1294,29,person,0,0.7179110050201416,338.01495361328125,241.7633056640625,9.410369873046875,28.80242919921875
1294,28,person,0,0.38162049651145935,360.3517150878906,238.954345703125,9.55169677734375,30.660812377929688
1294,27,person,0,0.6612015962600708,385.9002990722656,236.8992919921875,8.1170654296875,22.959091186523438
1295,1,car,2,0.9242146015167236,508.81549072265625,313.2212219238281,116.561279296875,85.46923828125
1295,19,person,0,0.5509220957756042,365.8604736328125,238.05593872070312,9.273406982421875,29.615875244140625
1295,29,person,0,0.7105239629745483,338.460205078125,241.7466583251953,9.142669677734375,28.772247314453125
1295,28,person,0,0.43783944845199585,360.63800048828125,238.910400390625,9.212860107421875,31.135116577148438
1295,27,person,0,0.6604953408241272,385.85003662109375,236.9102020263672,8.014801025390625,22.930389404296875
1296,1,car,2,0.9236319065093994,508.8433837890625,313.172607421875,116.60220336914062,85.46054077148438
1296,19,person,0,0.6884634494781494,364.4044494628906,238.07034301757812,11.02386474609375,29.709304809570312
1296,29,person,0,0.7291489243507385,339.2609558105469,241.61505126953125,8.4205322265625,28.371566772460938
1296,27,person,0,0.6563877463340759,385.68804931640625,236.91676330566406,7.962310791015625,22.733062744140625
1297,1,car,2,0.925426185131073,508.83740234375,313.0845947265625,116.59609985351562,85.2669677734375
1297,19,person,0,0.6703575849533081,363.75482177734375,238.05503845214844,11.749420166015625,30.3936767578125
1297,29,person,0,0.722744882106781,339.8443603515625,241.55418395996094,8.026458740234375,28.144866943359375
1297,27,person,0,0.670686662197113,385.48516845703125,237.00961303710938,7.96405029296875,22.558258056640625
1298,1,car,2,0.9279341101646423,508.86651611328125,313.085693359375,116.6607666015625,85.15072631835938
1298,19,person,0,0.6772431135177612,363.7980651855469,238.29464721679688,12.102783203125,31.644149780273438
1298,29,person,0,0.7113566398620605,340.35882568359375,241.12628173828125,7.860321044921875,27.332931518554688
1298,27,person,0,0.6710581183433533,385.2940979003906,236.96902465820312,8.05426025390625,22.525161743164062
1299,1,car,2,0.9295056462287903,508.83447265625,313.0877685546875,116.63369750976562,85.01565551757812
1299,19,person,0,0.6971055269241333,363.1697692871094,238.92059326171875,12.72259521484375,32.49061584472656
1299,29,person,0,0.7322604656219482,340.5887451171875,241.46829223632812,7.821319580078125,27.793960571289062
1299,27,person,0,0.6318829655647278,385.1200256347656,237.1690673828125,7.7030029296875,22.264511108398438
1300,1,car,2,0.929592490196228,508.8133544921875,313.12164306640625,116.61813354492188,85.01055908203125
1300,19,person,0,0.6753432154655457,362.8782043457031,239.2386474609375,12.75732421875,32.78094482421875
1300,29,person,0,0.6789097189903259,341.0764465332031,241.22698974609375,8.021728515625,28.178848266601562
1300,27,person,0,0.558700442314148,384.90936279296875,237.44454956054688,7.634429931640625,21.906967163085938
1301,1,car,2,0.9290269613265991,508.8079528808594,313.107421875,116.60504150390625,85.00439453125
1301,19,person,0,0.5213928818702698,362.62603759765625,239.30384826660156,12.066070556640625,32.51165771484375
1301,29,person,0,0.6993833184242249,341.61083984375,241.23721313476562,8.63330078125,28.302719116210938
1301,27,person,0,0.5088894367218018,384.8203125,237.48414611816406,7.566986083984375,21.981475830078125
1301,30,person,0,0.5495785474777222,314.758056640625,237.49929809570312,11.258056640625,26.57928466796875
1302,1,car,2,0.92999666929245,508.816650390625,313.13055419921875,116.5916748046875,85.05050659179688
1302,19,person,0,0.46430733799934387,362.1590576171875,239.3340301513672,12.153411865234375,32.38885498046875
1302,29,person,0,0.7053778767585754,342.09307861328125,241.21432495117188,9.25079345703125,27.96746826171875
1302,27,person,0,0.4970567524433136,384.7154541015625,237.4806365966797,7.68896484375,22.030853271484375
1302,30,person,0,0.555802583694458,315.48260498046875,237.08551025390625,10.182525634765625,26.764968872070312
1303,1,car,2,0.9311605095863342,508.8661193847656,313.1494140625,116.62811279296875,85.05694580078125
1303,19,person,0,0.23091080784797668,360.7998352050781,239.27920532226562,10.9246826171875,31.92706298828125
1303,29,person,0,0.7055290937423706,342.6454162597656,241.3798828125,9.71331787109375,27.82379150390625
1303,27,person,0,0.2912594676017761,384.4924621582031,237.4722137451172,7.9593505859375,22.00714111328125
1303,30,person,0,0.4339771270751953,315.95635986328125,236.81692504882812,8.5064697265625,26.540695190429688
1304,1,car,2,0.9328152537345886,508.867919921875,313.1687316894531,116.66433715820312,85.044677734375
1304,19,person,0,0.43690165877342224,359.6356506347656,239.54461669921875,9.32757568359375,31.324295043945312
1304,29,person,0,0.6759783625602722,343.109375,241.51329040527344,10.01641845703125,27.63177490234375
1304,27,person,0,0.23140154778957367,383.91033935546875,237.46914672851562,7.913055419921875,21.629898071289062
1304,30,person,0,0.3746461272239685,316.23162841796875,236.83270263671875,8.077789306640625,26.016677856445312
1305,1,car,2,0.9308599233627319,508.8896484375,313.1295166015625,116.7010498046875,85.12826538085938
1305,19,person,0,0.5989004373550415,358.8743896484375,239.4477996826172,9.53448486328125,31.797119140625
1305,29,person,0,0.6874800324440002,343.1750793457031,241.6190185546875,11.0938720703125,27.749969482421875
1305,27,person,0,0.27155551314353943,383.4007873535156,237.5496826171875,7.6483154296875,21.439437866210938
1305,30,person,0,0.2700720429420471,316.4549560546875,236.76300048828125,7.35369873046875,25.8218994140625
1306,1,car,2,0.9297933578491211,508.89703369140625,313.1083068847656,116.68856811523438,85.173095703125
1306,19,person,0,0.6831350922584534,358.541015625,238.86279296875,9.56304931640625,31.797866821289062
1306,29,person,0,0.6963858008384705,343.4163818359375,241.79757690429688,11.801239013671875,27.61212158203125
1306,27,person,0,0.3616480827331543,383.1253662109375,237.49032592773438,7.469512939453125,21.216262817382812
1306,30,person,0,0.16653624176979065,315.8880615234375,236.68829345703125,8.1396484375,25.698150634765625
1307,1,car,2,0.9301657676696777,508.91455078125,313.128662109375,116.7606201171875,85.17202758789062
1307,19,person,0,0.7079188823699951,358.7288818359375,238.50762939453125,10.810821533203125,31.75262451171875
1307,29,person,0,0.6964736580848694,343.871337890625,241.81289672851562,12.493499755859375,27.72796630859375
1307,27,person,0,0.5231260657310486,382.8930969238281,237.54498291015625,7.5806884765625,21.346145629882812
1308,1,car,2,0.9291620850563049,508.89300537109375,313.14044189453125,116.7772216796875,85.15933227539062
1308,19,person,0,0.5296131372451782,358.1038818359375,238.35113525390625,10.134857177734375,31.57476806640625
1308,29,person,0,0.606050431728363,344.83233642578125,242.08843994140625,11.98150634765625,27.36114501953125
1308,27,person,0,0.594758152961731,382.5967712402344,237.51129150390625,7.65960693359375,21.153305053710938
1309,1,car,2,0.9294599294662476,508.8970947265625,313.13092041015625,116.75454711914062,85.134521484375
1309,19,person,0,0.6039464473724365,358.1985778808594,238.04525756835938,11.63201904296875,31.608016967773438
1309,29,person,0,0.5738027095794678,344.68194580078125,242.26446533203125,12.930694580078125,26.951187133789062
1309,27,person,0,0.5710057020187378,382.4230651855469,237.3524169921875,7.70831298828125,21.070449829101562
1310,1,car,2,0.9306151866912842,508.8721618652344,313.155517578125,116.78741455078125,85.1466064453125
1310,19,person,0,0.6987925171852112,357.61138916015625,237.78070068359375,11.262176513671875,31.267120361328125
1310,29,person,0,0.5552513003349304,345.1795959472656,241.90597534179688,13.40386962890625,27.733901977539062
1310,27,person,0,0.5978475213050842,382.27264404296875,237.30233764648438,7.867584228515625,21.393768310546875
1311,1,car,2,0.9303221702575684,508.89697265625,313.13800048828125,116.791748046875,85.15139770507812
1311,19,person,0,0.707427442073822,356.6589050292969,237.74986267089844,10.15264892578125,30.879638671875
1311,29,person,0,0.582606315612793,346.5344543457031,241.83087158203125,11.7392578125,26.964996337890625
1311,27,person,0,0.599639892578125,382.0699768066406,237.65826416015625,7.876220703125,21.068862915039062
1312,1,car,2,0.9291586875915527,508.90545654296875,313.1290283203125,116.77713012695312,85.18942260742188
1312,19,person,0,0.6515997648239136,355.8832092285156,237.93194580078125,9.8082275390625,30.944351196289062
1312,29,person,0,0.6098729372024536,347.781982421875,241.3788299560547,10.030792236328125,26.113311767578125
1312,27,person,0,0.6261710524559021,381.67730712890625,238.0079345703125,8.198272705078125,20.870330810546875
1312,30,person,0,0.6204010844230652,315.36334228515625,236.44198608398438,9.516021728515625,25.733810424804688
1313,1,car,2,0.9301614761352539,508.9150390625,313.14697265625,116.77316284179688,85.17266845703125
1313,19,person,0,0.6009769439697266,355.27630615234375,238.24261474609375,9.297515869140625,30.601547241210938
1313,29,person,0,0.6091434359550476,347.9735412597656,241.0515899658203,9.98065185546875,27.138214111328125
1313,27,person,0,0.6543511748313904,381.3863525390625,238.03302001953125,7.9132080078125,21.151412963867188
1313,30,person,0,0.6236847043037415,315.3885498046875,236.49185180664062,9.304656982421875,25.796005249023438
1314,1,car,2,0.929710865020752,508.889892578125,313.1174621582031,116.73068237304688,85.1490478515625
1314,19,person,0,0.5509389042854309,354.927001953125,238.0802764892578,9.330169677734375,30.196075439453125
1314,29,person,0,0.5038804411888123,348.6583251953125,241.55984497070312,9.381378173828125,27.264892578125
1314,27,person,0,0.6520605683326721,381.18389892578125,237.9224853515625,7.84771728515625,21.206298828125
1314,30,person,0,0.6430447697639465,315.265625,236.32098388671875,9.675201416015625,25.513473510742188
1315,1,car,2,0.9292458295822144,508.84393310546875,313.2071838378906,116.88192749023438,85.269775390625
1315,19,person,0,0.3836376965045929,353.65008544921875,238.454345703125,11.181549072265625,30.991485595703125
1315,27,person,0,0.7225063443183899,380.9811096191406,238.04095458984375,8.11358642578125,20.979873657226562
1315,30,person,0,0.6479983329772949,315.29498291015625,236.14048767089844,10.155303955078125,25.45648193359375
1316,1,car,2,0.9291027784347534,508.79833984375,313.2626953125,116.90951538085938,85.29238891601562
1316,19,person,0,0.41249024868011475,354.10986328125,238.2869873046875,9.6861572265625,29.453720092773438
1316,27,person,0,0.72593754529953,380.8846435546875,237.8549346923828,7.86907958984375,21.151763916015625
1316,30,person,0,0.6505650281906128,315.7965087890625,236.04588317871094,11.189453125,25.386322021484375
1317,1,car,2,0.9289487600326538,508.8014831542969,313.2288818359375,116.92779541015625,85.08074951171875
1317,19,person,0,0.393125057220459,354.485107421875,238.50311279296875,8.581695556640625,29.612686157226562
1317,27,person,0,0.6422834992408752,380.6478271484375,238.10488891601562,7.91473388671875,20.865188598632812
1317,30,person,0,0.6671929955482483,316.059814453125,236.02047729492188,11.425140380859375,25.6351318359375
1317,29,person,0,0.5011091232299805,349.91876220703125,241.05645751953125,8.9520263671875,28.145401000976562
1318,1,car,2,0.9276387095451355,508.85784912109375,313.3258056640625,116.81149291992188,85.18338012695312
1318,19,person,0,0.592616856098175,352.94036865234375,238.92556762695312,10.894134521484375,31.333816528320312
1318,27,person,0,0.6889975070953369,380.3106689453125,238.29690551757812,7.99664306640625,21.0897216796875
1318,30,person,0,0.6537063121795654,316.24053955078125,235.92044067382812,11.342193603515625,25.67864990234375
1319,1,car,2,0.9246608018875122,508.882568359375,313.236572265625,116.72048950195312,85.27777099609375
1319,19,person,0,0.49425649642944336,352.4188537597656,239.25230407714844,11.54205322265625,31.407012939453125
1319,27,person,0,0.5801502466201782,379.743896484375,238.57470703125,7.934600830078125,20.993026733398438
1319,30,person,0,0.6727746725082397,315.6859436035156,235.93978881835938,10.80352783203125,25.804946899414062
1320,1,car,2,0.926019012928009,508.90032958984375,313.25885009765625,116.69027709960938,85.19558715820312
1320,19,person,0,0.598295271396637,351.9200439453125,239.24917602539062,11.707794189453125,31.959457397460938
1320,27,person,0,0.6262221932411194,379.2076416015625,238.90512084960938,7.977325439453125,20.762222290039062
1320,30,person,0,0.6234626173973083,315.675048828125,236.06979370117188,10.651641845703125,25.958633422851562
1321,1,car,2,0.9275370240211487,508.88372802734375,313.1978454589844,116.664794921875,85.02142333984375
1321,19,person,0,0.6643506288528442,351.774658203125,239.54327392578125,12.356536865234375,32.39015197753906
1321,27,person,0,0.5719743967056274,378.68597412109375,239.27447509765625,8.641510009765625,20.3978271484375
1321,30,person,0,0.6137388348579407,315.53839111328125,236.16827392578125,10.78851318359375,25.946304321289062
1322,1,car,2,0.9257641434669495,508.90234375,313.18017578125,116.66891479492188,85.05194091796875
1322,19,person,0,0.6416653394699097,351.692626953125,239.7437286376953,12.90545654296875,32.117218017578125
1322,27,person,0,0.593622624874115,378.17340087890625,239.75277709960938,9.443267822265625,20.432815551757812
1322,30,person,0,0.621546745300293,315.22857666015625,236.31529235839844,10.665863037109375,25.7562255859375
1323,1,car,2,0.9231313467025757,508.9488830566406,313.08282470703125,116.63885498046875,85.25897216796875
1323,19,person,0,0.5642187595367432,351.64654541015625,239.9791259765625,13.757354736328125,31.639083862304688
1323,27,person,0,0.4836682081222534,377.6318054199219,240.55572509765625,10.4554443359375,21.750015258789062
1323,30,person,0,0.6211333870887756,314.88677978515625,236.53421020507812,10.403564453125,25.480926513671875
1324,1,car,2,0.9235798716545105,508.9906005859375,313.06402587890625,116.63577270507812,85.27105712890625
1324,19,person,0,0.5069654583930969,349.29998779296875,239.48809814453125,11.552032470703125,32.00245666503906
1324,27,person,0,0.34966838359832764,376.64727783203125,242.48287963867188,10.556427001953125,25.630615234375
1324,30,person,0,0.5840423107147217,314.8983154296875,237.01461791992188,10.101531982421875,24.334823608398438
1324,29,person,0,0.5453758239746094,354.69866943359375,241.33294677734375,10.277923583984375,29.1766357421875
1325,1,car,2,0.9237295389175415,508.96173095703125,313.0738220214844,116.6446533203125,85.27069091796875
1325,19,person,0,0.6201494932174683,348.27947998046875,239.09547424316406,10.223876953125,32.012176513671875
1325,27,person,0,0.5095634460449219,376.02728271484375,243.42822265625,8.998199462890625,27.036575317382812
1325,30,person,0,0.4402795732021332,314.931640625,237.42767333984375,9.44622802734375,23.254135131835938
1325,29,person,0,0.6718888878822327,354.8524169921875,241.7687530517578,10.418121337890625,29.029205322265625
1326,1,car,2,0.923477053642273,508.9311828613281,313.1048278808594,116.70953369140625,85.22967529296875
1326,19,person,0,0.6858606934547424,348.1068420410156,238.75613403320312,9.7269287109375,31.842056274414062
1326,27,person,0,0.4456269443035126,376.15704345703125,243.45169067382812,8.527313232421875,27.054275512695312
1326,30,person,0,0.30112987756729126,314.9534912109375,237.68247985839844,8.71148681640625,22.136474609375
1326,29,person,0,0.6844549775123596,355.0634765625,242.22012329101562,11.192718505859375,28.253555297851562
1327,1,car,2,0.9238574504852295,508.94384765625,313.0755615234375,116.73892211914062,85.1834716796875
1327,19,person,0,0.5472019910812378,347.7847900390625,238.541015625,8.962371826171875,31.557815551757812
1327,27,person,0,0.37144985795021057,376.37109375,243.60052490234375,8.765594482421875,27.302978515625
1327,30,person,0,0.20815503597259521,315.0340576171875,237.50550842285156,7.845062255859375,21.31427001953125
1327,29,person,0,0.4341094493865967,355.685302734375,242.1783447265625,10.727386474609375,27.4638671875
1328,1,car,2,0.9247114658355713,508.95989990234375,313.05560302734375,116.70486450195312,85.09207153320312
1328,19,person,0,0.5707888603210449,347.642578125,238.47625732421875,9.305908203125,31.441497802734375
1328,27,person,0,0.3701738119125366,376.5650939941406,243.65208435058594,9.3759765625,27.682464599609375
1328,30,person,0,0.4277035593986511,315.17572021484375,237.3443603515625,7.695404052734375,21.728042602539062
1328,29,person,0,0.5087593197822571,355.9811096191406,242.36598205566406,10.40478515625,27.246307373046875
1329,1,car,2,0.9232155680656433,508.9888610839844,313.09613037109375,116.71112060546875,85.24368286132812
1329,19,person,0,0.43678590655326843,347.3009033203125,238.3351593017578,9.044219970703125,30.89971923828125
1329,30,person,0,0.26070716977119446,315.60467529296875,237.3748016357422,8.297760009765625,21.670013427734375
1329,29,person,0,0.43786293268203735,356.45074462890625,242.30953979492188,10.583038330078125,27.224212646484375
1330,1,car,2,0.9245599508285522,508.9826354980469,313.1761474609375,116.70343017578125,85.3477783203125
1330,19,person,0,0.5420987010002136,346.67999267578125,238.3673553466797,8.53289794921875,30.993255615234375
1330,30,person,0,0.2826678454875946,315.8133544921875,237.36941528320312,8.836181640625,21.385086059570312
1330,29,person,0,0.3951820433139801,356.58648681640625,241.84329223632812,10.373779296875,27.53533935546875
1331,1,car,2,0.9231125712394714,508.9803466796875,313.2319030761719,116.64193725585938,85.41107177734375
1331,19,person,0,0.5872100591659546,346.2275695800781,238.2771453857422,8.46295166015625,30.448760986328125
1331,30,person,0,0.3688126504421234,316.0899658203125,237.13601684570312,8.714599609375,20.973159790039062
1331,29,person,0,0.32478079199790955,357.2236328125,241.82049560546875,9.26812744140625,28.108505249023438
1332,1,car,2,0.9232717752456665,508.9154052734375,313.2557067871094,116.52340698242188,85.3519287109375
1332,19,person,0,0.7240990996360779,345.90447998046875,238.59393310546875,8.61505126953125,31.267562866210938
1332,30,person,0,0.18959376215934753,316.73297119140625,236.8094482421875,8.36236572265625,20.39227294921875
1332,29,person,0,0.7005948424339294,357.81768798828125,242.07528686523438,9.33966064453125,28.651992797851562
1332,27,person,0,0.5490763187408447,373.1531677246094,241.85348510742188,7.42059326171875,25.02545166015625
1333,1,car,2,0.9203954339027405,508.8977966308594,313.06976318359375,116.44854736328125,85.17730712890625
1333,19,person,0,0.728100061416626,345.46063232421875,238.73477172851562,8.949462890625,31.723281860351562
1333,29,person,0,0.688137948513031,358.4272155761719,241.95346069335938,9.409423828125,28.636306762695312
1333,27,person,0,0.640485942363739,372.8594055175781,241.29257202148438,7.8411865234375,24.7171630859375
1334,1,car,2,0.9208755493164062,508.8654479980469,312.99237060546875,116.42340087890625,85.09445190429688
1334,19,person,0,0.6572740077972412,344.73565673828125,238.92555236816406,9.025909423828125,32.35467529296875
1334,29,person,0,0.6618424654006958,358.99774169921875,241.83792114257812,8.957000732421875,28.596603393554688
1334,27,person,0,0.5643100142478943,372.7128601074219,241.4207305908203,8.94415283203125,25.470855712890625
1335,1,car,2,0.9230436682701111,508.8643798828125,313.09716796875,116.392333984375,85.0933837890625
1335,19,person,0,0.6898127794265747,344.0489501953125,238.9879150390625,9.037689208984375,32.41490173339844
1335,29,person,0,0.6321027874946594,359.6607666015625,241.627685546875,8.894378662109375,27.88525390625
1335,27,person,0,0.5624013543128967,371.9779052734375,240.32675170898438,8.510101318359375,23.009002685546875
1336,1,car,2,0.9240275621414185,508.8861083984375,313.16845703125,116.382080078125,85.02938842773438
1336,19,person,0,0.674035906791687,343.62774658203125,238.99549865722656,9.152862548828125,32.4024658203125
1336,29,person,0,0.6277208924293518,360.3585205078125,242.07199096679688,9.386688232421875,28.891433715820312
1336,27,person,0,0.5458540916442871,371.26153564453125,240.08892822265625,7.9952392578125,22.296096801757812
1337,1,car,2,0.9225358366966248,508.8570861816406,313.15692138671875,116.41351318359375,85.01651000976562
1337,19,person,0,0.7321333289146423,343.02313232421875,238.71771240234375,9.466278076171875,32.017730712890625
1337,29,person,0,0.6664032936096191,360.95361328125,242.10504150390625,10.003509521484375,29.125747680664062
1337,27,person,0,0.3756507933139801,370.77728271484375,239.19677734375,7.275115966796875,21.515640258789062
1338,1,car,2,0.9250580668449402,508.84130859375,313.219482421875,116.36300659179688,84.96444702148438
1338,19,person,0,0.7090169787406921,342.6705322265625,238.54080200195312,9.755645751953125,31.79791259765625
1338,29,person,0,0.6705273985862732,361.2843017578125,241.711181640625,10.376617431640625,28.380340576171875
1338,27,person,0,0.4895523488521576,370.3710021972656,238.91897583007812,6.66015625,20.910049438476562
1339,1,car,2,0.9255936741828918,508.7984619140625,313.2566833496094,116.34811401367188,84.93731689453125
1339,19,person,0,0.7230144739151001,342.209716796875,238.3951873779297,9.664947509765625,31.276214599609375
1339,29,person,0,0.683288037776947,361.95672607421875,241.56529235839844,11.173858642578125,28.096099853515625
1339,27,person,0,0.3247699439525604,369.9656982421875,238.37936401367188,6.310516357421875,20.957656860351562
1340,1,car,2,0.9259562492370605,508.85382080078125,313.1725769042969,116.3388671875,84.83502197265625
1340,19,person,0,0.7428123354911804,341.76519775390625,238.0630645751953,9.687652587890625,31.007232666015625
1340,29,person,0,0.6766555905342102,362.4752502441406,241.14163208007812,11.57403564453125,27.394424438476562
1340,27,person,0,0.2730043828487396,369.63177490234375,238.24481201171875,6.25811767578125,21.471405029296875
1341,1,car,2,0.9242351651191711,508.82049560546875,313.2443542480469,116.34292602539062,85.1373291015625
1341,19,person,0,0.7414548993110657,341.3140563964844,237.92718505859375,10.10498046875,30.882217407226562
1341,29,person,0,0.6500391364097595,363.04815673828125,240.8912353515625,11.587066650390625,27.072158813476562
1341,27,person,0,0.1916794627904892,369.43218994140625,238.5433349609375,6.349945068359375,22.580459594726562
1342,1,car,2,0.9270179867744446,508.8333740234375,313.28216552734375,116.3397216796875,85.13568115234375
1342,19,person,0,0.7238006591796875,340.7892150878906,238.07666015625,11.6900634765625,31.249221801757812
1342,29,person,0,0.6525099873542786,363.1443176269531,241.1628875732422,11.45611572265625,27.64703369140625
1343,1,car,2,0.9249041676521301,508.84356689453125,313.2652587890625,116.319091796875,85.2855224609375
1343,19,person,0,0.7278003692626953,340.51226806640625,238.2386474609375,12.92352294921875,31.249114990234375
1343,29,person,0,0.6147366762161255,363.4484558105469,240.81997680664062,11.25018310546875,27.293243408203125
1344,1,car,2,0.9261462092399597,508.8416442871094,313.29583740234375,116.30999755859375,85.2703857421875
1344,19,person,0,0.7169263362884521,340.174560546875,238.29849243164062,13.755584716796875,31.104507446289062
1344,29,person,0,0.6115863919258118,363.6612854003906,240.6588134765625,11.072998046875,27.49298095703125
1344,28,person,0,0.5446140766143799,385.6767272949219,241.2025909423828,8.67181396484375,25.23248291015625
1345,1,car,2,0.9279202818870544,508.8492431640625,313.2734375,116.30130004882812,85.2044677734375
1345,19,person,0,0.7201843857765198,339.91143798828125,238.49755859375,14.240936279296875,31.544570922851562
1345,29,person,0,0.5967317819595337,363.95184326171875,240.7137451171875,11.22760009765625,28.028823852539062
1345,28,person,0,0.6178765892982483,386.1978759765625,241.13522338867188,9.491943359375,27.602920532226562
1346,1,car,2,0.9282347559928894,508.84375,313.24017333984375,116.31887817382812,85.239013671875
1346,19,person,0,0.7262360453605652,339.7510681152344,238.65365600585938,14.44091796875,31.932174682617188
1346,29,person,0,0.6871193051338196,364.7434997558594,240.8515167236328,11.94903564453125,28.170501708984375
1346,28,person,0,0.6073575615882874,386.432861328125,241.58645629882812,9.59368896484375,27.316024780273438
1347,1,car,2,0.9276263117790222,508.8826599121094,313.27056884765625,116.27838134765625,85.3052978515625
1347,19,person,0,0.7278424501419067,339.5230712890625,238.60513305664062,14.64129638671875,31.782470703125
1347,29,person,0,0.7247458696365356,364.989501953125,240.96664428710938,12.277435302734375,28.62152099609375
1347,28,person,0,0.6517000198364258,386.78338623046875,241.05950927734375,9.766571044921875,27.54071044921875
1348,1,car,2,0.9300660490989685,508.89312744140625,313.2703552246094,116.2596435546875,85.29205322265625
1348,19,person,0,0.7289682626724243,339.22015380859375,238.5799560546875,14.382293701171875,31.414718627929688
1348,29,person,0,0.7292435765266418,365.35430908203125,240.3663330078125,12.63494873046875,27.921127319335938
1348,28,person,0,0.6695870757102966,387.0689697265625,239.884521484375,9.842742919921875,29.547225952148438
1349,1,car,2,0.9282398819923401,508.89630126953125,313.245849609375,116.2911376953125,85.341796875
1349,19,person,0,0.7157042622566223,339.2161865234375,238.62191772460938,13.995025634765625,31.355560302734375
1349,29,person,0,0.7090606689453125,365.79644775390625,240.2347412109375,12.39996337890625,27.849334716796875
1349,28,person,0,0.6777704954147339,387.4211730957031,239.38076782226562,10.0076904296875,30.645980834960938
1350,1,car,2,0.9286147356033325,508.8551940917969,313.2769775390625,116.29302978515625,85.32421875
1350,19,person,0,0.6527165174484253,339.04034423828125,238.45057678222656,13.52801513671875,31.097503662109375
1350,29,person,0,0.6756523847579956,366.13525390625,240.28826904296875,11.75787353515625,27.949234008789062
1350,28,person,0,0.70009845495224,387.6384582519531,239.62705993652344,10.129150390625,30.08282470703125
1350,30,person,0,0.5008103847503662,320.86968994140625,236.2847900390625,7.880889892578125,24.158340454101562
1351,1,car,2,0.9286656379699707,508.8860778808594,313.2044677734375,116.28717041015625,85.22329711914062
1351,19,person,0,0.6506441235542297,338.23895263671875,238.14199829101562,12.562835693359375,30.74871826171875
1351,29,person,0,0.6595572233200073,366.174072265625,239.4771728515625,11.916168212890625,26.610137939453125
1351,28,person,0,0.7155684232711792,387.79302978515625,239.6961669921875,10.08111572265625,29.255584716796875
1351,30,person,0,0.3280653953552246,321.07818603515625,236.56015014648438,7.95684814453125,23.56243896484375
1352,1,car,2,0.9281511902809143,508.9215087890625,313.15570068359375,116.30154418945312,85.21450805664062
1352,19,person,0,0.5609562397003174,337.2635498046875,238.08203125,12.00494384765625,30.88372802734375
1352,29,person,0,0.6121885776519775,366.5418701171875,239.6015625,11.787933349609375,26.540542602539062
1352,28,person,0,0.6901177167892456,387.938720703125,239.77761840820312,9.803497314453125,29.459487915039062
1353,1,car,2,0.9277217984199524,508.8474426269531,313.188232421875,116.34039306640625,85.1734619140625
1353,19,person,0,0.5161905884742737,336.3886413574219,238.08502197265625,11.30413818359375,30.920318603515625
1353,29,person,0,0.5153771638870239,366.82403564453125,239.49398803710938,11.65423583984375,26.632736206054688
1353,28,person,0,0.686706006526947,388.16131591796875,239.66622924804688,9.476715087890625,29.78045654296875
1354,1,car,2,0.9269915819168091,508.8287048339844,313.1260986328125,116.38482666015625,85.20437622070312
1354,19,person,0,0.5592696070671082,335.49993896484375,238.22412109375,10.919342041015625,31.309066772460938
1354,29,person,0,0.5643580555915833,367.720703125,240.28451538085938,10.66314697265625,27.31573486328125
1354,28,person,0,0.6685861945152283,388.3983154296875,239.81265258789062,9.506439208984375,29.211685180664062
1355,1,car,2,0.9284752607345581,508.832275390625,313.172607421875,116.29837036132812,85.296875
1355,19,person,0,0.5807329416275024,335.37322998046875,238.19439697265625,10.167755126953125,31.498153686523438
1355,29,person,0,0.7037314176559448,368.4623107910156,240.49569702148438,10.71075439453125,26.886398315429688
1355,28,person,0,0.6990461945533752,388.90277099609375,239.8577117919922,10.604583740234375,29.622161865234375
1355,27,person,0,0.5687685608863831,361.4353332519531,238.4699249267578,7.67633056640625,23.78497314453125
1356,1,car,2,0.9261825084686279,508.88677978515625,313.0992126464844,116.3189697265625,85.4248046875
1356,19,person,0,0.6452797055244446,334.6915283203125,238.26722717285156,9.094390869140625,31.492584228515625
1356,29,person,0,0.6984891295433044,368.678466796875,240.9027862548828,10.7076416015625,27.51959228515625
1356,28,person,0,0.6924636960029602,388.95819091796875,239.63604736328125,10.749786376953125,30.000503540039062
1356,27,person,0,0.5996113419532776,361.1500244140625,238.40980529785156,7.83477783203125,23.425567626953125
1357,1,car,2,0.9273985028266907,508.8376159667969,313.1185302734375,116.32769775390625,85.36764526367188
1357,19,person,0,0.48601657152175903,333.9150390625,238.81591796875,8.329864501953125,31.279098510742188
1357,29,person,0,0.7059317231178284,368.9835205078125,241.0890655517578,10.500091552734375,27.670196533203125
1357,28,person,0,0.671597421169281,388.98663330078125,239.73562622070312,10.5931396484375,30.0390625
1357,27,person,0,0.607521653175354,360.8896484375,238.54672241210938,7.4901123046875,23.442596435546875
1358,1,car,2,0.9255672097206116,508.81842041015625,313.12249755859375,116.34024047851562,85.39590454101562
1358,19,person,0,0.5325440764427185,333.2102355957031,238.802734375,7.97137451171875,30.827590942382812
1358,29,person,0,0.706729531288147,369.3758850097656,241.13104248046875,10.309326171875,27.573898315429688
1358,28,person,0,0.6279619336128235,389.1109313964844,239.88925170898438,10.0079345703125,29.481643676757812
1358,27,person,0,0.5540819764137268,360.29986572265625,238.55709838867188,7.416473388671875,23.481765747070312
1359,1,car,2,0.9266062378883362,508.84063720703125,313.01495361328125,116.39285278320312,85.26116943359375
1359,19,person,0,0.48826315999031067,332.1033935546875,238.58314514160156,9.171844482421875,30.6356201171875
1359,29,person,0,0.6920291185379028,369.8537902832031,241.13473510742188,10.00274658203125,26.685531616210938
1359,28,person,0,0.6417599320411682,389.3306579589844,239.33799743652344,9.68701171875,29.798370361328125
1359,27,person,0,0.616896390914917,359.9317626953125,238.4988555908203,7.4561767578125,24.162811279296875
1360,1,car,2,0.9244860410690308,508.8394775390625,313.0421447753906,116.39697265625,85.44024658203125
1360,19,person,0,0.5412525534629822,331.9490051269531,237.9860382080078,8.61749267578125,30.2191162109375
1360,29,person,0,0.7188313603401184,370.6458740234375,240.89971923828125,10.145294189453125,26.498855590820312
1360,28,person,0,0.6170755624771118,389.51812744140625,238.97900390625,9.51971435546875,29.728103637695312
1360,27,person,0,0.5873178839683533,359.38507080078125,238.28587341308594,7.563507080078125,24.322113037109375
1361,1,car,2,0.9249899387359619,508.84075927734375,313.0692138671875,116.3724365234375,85.47515869140625
1361,19,person,0,0.47499698400497437,331.623291015625,238.36782836914062,8.70098876953125,30.932373046875
1361,29,person,0,0.7126016616821289,371.39166259765625,241.03115844726562,10.4144287109375,25.926986694335938
1361,28,person,0,0.6341845393180847,389.6033630371094,238.69070434570312,9.379150390625,29.872650146484375
1361,27,person,0,0.6869507431983948,358.732666015625,238.51797485351562,7.921722412109375,24.939956665039062
1362,1,car,2,0.923112154006958,508.8243408203125,313.04449462890625,116.32992553710938,85.5869140625
1362,19,person,0,0.5932143926620483,331.03192138671875,237.66403198242188,8.60546875,29.866622924804688
1362,29,person,0,0.7402207851409912,371.88995361328125,241.55978393554688,10.019683837890625,25.859939575195312
1362,28,person,0,0.603442907333374,389.7266845703125,238.5164794921875,9.526092529296875,30.197189331054688
1362,27,person,0,0.7065160274505615,358.33111572265625,238.56210327148438,8.0518798828125,25.043899536132812
1363,1,car,2,0.9245667457580566,508.805419921875,313.0106201171875,116.3712158203125,85.337646484375
1363,19,person,0,0.6559507846832275,330.90313720703125,237.63539123535156,9.074127197265625,29.909149169921875
1363,29,person,0,0.7367149591445923,372.38531494140625,241.86126708984375,10.47607421875,25.549118041992188
1363,28,person,0,0.5804684162139893,389.8753356933594,238.529296875,9.76513671875,30.157211303710938
1363,27,person,0,0.7198066115379333,357.9642333984375,238.7178192138672,8.6575927734375,24.7794189453125
1364,1,car,2,0.9230165481567383,508.5959167480469,312.9183349609375,116.90875244140625,85.14501953125
1364,19,person,0,0.6372516751289368,330.6592102050781,237.62747192382812,10.44097900390625,30.28741455078125
1364,29,person,0,0.7230550050735474,372.8152160644531,242.12771606445312,10.39129638671875,24.881301879882812
1364,28,person,0,0.6072620153427124,390.13372802734375,238.50845336914062,10.038726806640625,29.894515991210938
1364,27,person,0,0.7115642428398132,357.3218994140625,238.8911590576172,9.299468994140625,24.78143310546875
1365,1,car,2,0.9249876737594604,508.7991638183594,313.0546569824219,116.61627197265625,85.30072021484375
1365,19,person,0,0.453275591135025,329.9476318359375,237.98690795898438,11.1734619140625,30.262100219726562
1365,29,person,0,0.72100830078125,373.16796875,242.36001586914062,10.193511962890625,23.983657836914062
1365,28,person,0,0.6105600595474243,390.3115234375,238.75747680664062,10.03094482421875,29.410308837890625
1365,27,person,0,0.720520555973053,356.9183349609375,238.80999755859375,9.743316650390625,24.103500366210938
1366,1,car,2,0.9250831604003906,508.931884765625,313.0877685546875,116.58572387695312,85.43167114257812
1366,19,person,0,0.5867031216621399,329.5328369140625,237.70751953125,11.989471435546875,30.50006103515625
1366,29,person,0,0.7384816408157349,373.4098205566406,242.24520874023438,9.9873046875,24.175308227539062
1366,28,person,0,0.650614857673645,390.39794921875,238.7772216796875,10.403533935546875,29.726318359375
1366,27,person,0,0.7143235802650452,356.53570556640625,238.71014404296875,10.014190673828125,24.153396606445312
1367,1,car,2,0.9126949906349182,508.96142578125,312.72052001953125,116.475830078125,86.25503540039062
1367,19,person,0,0.5783947110176086,329.3675231933594,237.6171875,11.184814453125,30.240982055664062
1367,29,person,0,0.7124432325363159,373.8339538574219,242.1096649169922,9.7574462890625,24.267791748046875
1367,28,person,0,0.6250419020652771,390.22845458984375,238.6116943359375,10.447662353515625,29.910934448242188
1367,27,person,0,0.6886395812034607,356.310546875,238.779541015625,10.92205810546875,24.041656494140625
1368,1,car,2,0.9221362471580505,508.9933166503906,312.8330078125,116.47332763671875,85.79940795898438
1368,19,person,0,0.6483405828475952,329.159912109375,237.68678283691406,11.47149658203125,30.263275146484375
1368,29,person,0,0.7246041297912598,374.27593994140625,241.8619384765625,9.404754638671875,24.170150756835938
1368,28,person,0,0.587864100933075,390.240966796875,238.5092010498047,10.318756103515625,29.107208251953125
1368,27,person,0,0.7105289101600647,356.00341796875,238.51210021972656,11.04058837890625,24.0517578125
1369,1,car,2,0.916195273399353,508.9684753417969,312.688232421875,116.45159912109375,85.60934448242188
1369,19,person,0,0.5776191353797913,329.0250244140625,237.90057373046875,11.673004150390625,31.05548095703125
1369,29,person,0,0.7132383584976196,374.94207763671875,241.49354553222656,9.449310302734375,25.107177734375
1369,28,person,0,0.5256028175354004,389.95428466796875,237.9983673095703,9.952667236328125,26.962371826171875
1369,27,person,0,0.7070470452308655,355.7762756347656,238.5658721923828,10.9871826171875,24.02508544921875
1370,1,car,2,0.9189948439598083,508.9665222167969,312.69085693359375,116.44854736328125,85.68991088867188
1370,19,person,0,0.5424187779426575,328.69268798828125,237.967041015625,12.138458251953125,30.6876220703125
1370,29,person,0,0.7319552302360535,375.3091125488281,240.7188262939453,9.38555908203125,24.047821044921875
1370,28,person,0,0.5074524283409119,389.8620910644531,237.018798828125,9.63543701171875,24.33306884765625
1370,27,person,0,0.6737025380134583,355.2645568847656,238.6558837890625,10.46710205078125,24.110610961914062
1371,1,car,2,0.9215896129608154,508.9140625,312.9043884277344,116.48974609375,85.794189453125
1371,19,person,0,0.6708633303642273,328.7242736816406,238.17947387695312,11.939208984375,30.399978637695312
1371,29,person,0,0.7141674757003784,375.5016784667969,240.689208984375,9.33697509765625,24.032882690429688
1371,28,person,0,0.509636640548706,389.76654052734375,236.40756225585938,9.240234375,22.849868774414062
1371,27,person,0,0.7003685235977173,354.90631103515625,238.55221557617188,10.40093994140625,23.98040771484375
1372,1,car,2,0.9235067367553711,508.92388916015625,313.02618408203125,116.49710083007812,85.80520629882812
1372,19,person,0,0.6818691492080688,328.69561767578125,238.17849731445312,11.398773193359375,30.071151733398438
1372,29,person,0,0.70280522108078,375.81182861328125,240.63528442382812,9.295074462890625,24.758560180664062
1372,28,person,0,0.5280835628509521,389.72467041015625,236.35609436035156,9.17596435546875,22.28314208984375
1372,27,person,0,0.6905012130737305,354.42303466796875,238.6219482421875,10.433074951171875,24.104324340820312
1372,31,person,0,0.6530815362930298,312.65289306640625,239.33758544921875,7.527557373046875,23.882858276367188
1373,1,car,2,0.9229226112365723,508.94696044921875,313.03717041015625,116.53836059570312,85.74014282226562
1373,19,person,0,0.606098473072052,328.27203369140625,238.91824340820312,11.363250732421875,29.633438110351562
1373,29,person,0,0.666576087474823,376.2200927734375,240.939697265625,9.45391845703125,25.46087646484375
1373,28,person,0,0.5916720628738403,389.892333984375,238.44761657714844,9.243865966796875,25.918182373046875
1373,27,person,0,0.6824871301651001,353.65869140625,238.45590209960938,9.757904052734375,23.872573852539062
1373,31,person,0,0.6254856586456299,312.9993591308594,239.702392578125,7.9732666015625,24.250289916992188
1374,1,car,2,0.9246839284896851,508.9291076660156,313.0367431640625,116.59625244140625,85.60186767578125
1374,19,person,0,0.5193973183631897,328.09857177734375,239.0520782470703,11.404388427734375,29.255401611328125
1374,29,person,0,0.7155364155769348,376.6497802734375,241.100341796875,9.919525146484375,26.003982543945312
1374,28,person,0,0.517327070236206,389.9292297363281,237.6611785888672,9.0244140625,24.733001708984375
1374,27,person,0,0.5971682071685791,352.917724609375,238.29917907714844,8.932464599609375,24.329254150390625
1374,31,person,0,0.4080924391746521,313.73272705078125,239.94070434570312,8.24493408203125,24.331985473632812
1375,1,car,2,0.9259602427482605,508.9117431640625,313.10089111328125,116.6646728515625,85.63790893554688
1375,19,person,0,0.5209154486656189,327.3580017089844,238.87762451171875,10.97821044921875,28.253646850585938
1375,29,person,0,0.744391143321991,377.07623291015625,240.73497009277344,10.245758056640625,26.317535400390625
1375,28,person,0,0.5268665552139282,389.8645324707031,238.22702026367188,8.89923095703125,25.191879272460938
1375,27,person,0,0.36013349890708923,352.41357421875,237.919189453125,8.631500244140625,24.48583984375
1375,31,person,0,0.3807061016559601,314.23199462890625,239.87322998046875,8.484588623046875,24.561111450195312
1376,1,car,2,0.9278501868247986,508.913818359375,313.11614990234375,116.72811889648438,85.49209594726562
1376,19,person,0,0.6027966141700745,327.1895446777344,239.30728149414062,11.17376708984375,27.914840698242188
1376,29,person,0,0.7609982490539551,377.59088134765625,240.72158813476562,10.831146240234375,26.925918579101562
1376,28,person,0,0.5745724439620972,389.6329345703125,239.13272094726562,9.073333740234375,26.317474365234375
1376,27,person,0,0.4048042595386505,351.40606689453125,237.9456024169922,7.7625732421875,24.711181640625
1376,31,person,0,0.27168408036231995,314.51739501953125,240.10244750976562,9.23834228515625,24.789138793945312
1377,1,car,2,0.9279686212539673,508.92376708984375,313.1051025390625,116.75833129882812,85.4443359375
1377,19,person,0,0.6248311400413513,326.793212890625,238.9141845703125,11.04461669921875,28.604415893554688
1377,29,person,0,0.7343586087226868,378.2601318359375,240.69749450683594,11.388336181640625,27.389495849609375
1377,28,person,0,0.559776782989502,389.54681396484375,239.01971435546875,8.976165771484375,26.452743530273438
1377,27,person,0,0.5381961464881897,350.7852783203125,237.93798828125,7.221405029296875,24.798690795898438
1377,31,person,0,0.41835206747055054,314.96575927734375,239.8372344970703,9.25360107421875,25.3060302734375
1378,1,car,2,0.9266294836997986,508.9761962890625,313.119873046875,116.63186645507812,85.59112548828125
1378,19,person,0,0.4761348068714142,325.99810791015625,238.34454345703125,10.53570556640625,29.742904663085938
1378,29,person,0,0.7385578751564026,378.71221923828125,240.80465698242188,11.353546142578125,27.32086181640625
1378,28,person,0,0.5273383855819702,389.4708251953125,238.93948364257812,8.91387939453125,26.678436279296875
1378,27,person,0,0.6502113342285156,350.1425476074219,237.8677978515625,6.88861083984375,24.405776977539062
1378,31,person,0,0.35250258445739746,315.43304443359375,240.40341186523438,8.963592529296875,24.094757080078125
1379,1,car,2,0.9288843870162964,508.95068359375,313.2273254394531,116.51510620117188,85.5487060546875
1379,19,person,0,0.5613240003585815,325.56207275390625,238.08131408691406,10.31524658203125,29.72113037109375
1379,29,person,0,0.71802818775177,378.89117431640625,241.0732879638672,11.17108154296875,27.0467529296875
1379,28,person,0,0.5356350541114807,389.09906005859375,239.76315307617188,9.48455810546875,26.097457885742188
1379,27,person,0,0.6739568114280701,349.55316162109375,237.80416870117188,7.039947509765625,24.176895141601562
1379,31,person,0,0.2033844143152237,316.0679931640625,241.69741821289062,8.82183837890625,21.222183227539062
1380,1,car,2,0.9293386340141296,509.01123046875,313.1802978515625,116.5560302734375,85.5035400390625
1380,19,person,0,0.4792197644710541,324.73828125,237.95938110351562,8.931976318359375,29.901443481445312
1380,29,person,0,0.7086851000785828,379.341552734375,241.0656280517578,11.129119873046875,26.73095703125
1380,28,person,0,0.5121555328369141,388.81951904296875,240.255859375,9.423980712890625,26.062393188476562
1380,27,person,0,0.6945945024490356,349.0504150390625,238.03726196289062,7.336151123046875,24.0965576171875
1380,31,person,0,0.22195476293563843,316.1535339355469,242.17630004882812,8.928955078125,20.334930419921875
1381,1,car,2,0.9251085519790649,508.9722900390625,313.142578125,116.48681640625,85.649169921875
1381,19,person,0,0.3513792157173157,323.94842529296875,237.80108642578125,8.567962646484375,30.149581909179688
1381,29,person,0,0.7133734822273254,379.6178894042969,241.20953369140625,10.89019775390625,26.2103271484375
1381,28,person,0,0.5597027540206909,388.6552734375,240.4238739013672,9.338043212890625,25.5838623046875
1381,27,person,0,0.6996968388557434,348.5516357421875,238.13668823242188,7.801788330078125,24.166305541992188
1381,31,person,0,0.19670356810092926,315.96563720703125,242.22601318359375,8.70648193359375,20.131027221679688
1382,1,car,2,0.9264687895774841,508.96087646484375,313.2017822265625,116.57492065429688,85.60848999023438
1382,19,person,0,0.23237769305706024,323.0715637207031,237.33718872070312,8.56488037109375,29.280502319335938
1382,29,person,0,0.7046539783477783,380.14666748046875,241.22360229492188,11.563934326171875,26.522689819335938
1382,28,person,0,0.49862194061279297,388.529052734375,240.32870483398438,9.247100830078125,25.4395751953125
1382,27,person,0,0.7210088968276978,348.05084228515625,238.0318145751953,8.35491943359375,24.541046142578125
1382,31,person,0,0.16475458443164825,315.98931884765625,242.44659423828125,8.571319580078125,19.662628173828125
1383,1,car,2,0.9268598556518555,508.9524230957031,313.114990234375,116.62591552734375,85.29544067382812
1383,19,person,0,0.21224206686019897,322.5355529785156,237.05044555664062,8.37353515625,28.601409912109375
1383,29,person,0,0.7020856142044067,380.1163024902344,241.09463500976562,11.16217041015625,26.114669799804688
1383,28,person,0,0.522540271282196,388.3398742675781,240.09922790527344,9.269775390625,26.053558349609375
1383,27,person,0,0.7395893931388855,347.6270446777344,237.87283325195312,8.90264892578125,24.508651733398438
1384,1,car,2,0.9255845546722412,508.98028564453125,312.97412109375,116.6033935546875,85.1148681640625
1384,19,person,0,0.3535359501838684,322.2923889160156,237.48109436035156,8.42901611328125,27.784393310546875
1384,29,person,0,0.6814932823181152,380.2198486328125,240.2540283203125,10.990936279296875,26.51898193359375
1384,28,person,0,0.33707576990127563,387.75482177734375,239.78518676757812,8.528350830078125,26.413406372070312
1384,27,person,0,0.7200060486793518,347.34930419921875,237.99427795410156,9.260650634765625,24.321929931640625
1385,1,car,2,0.9262168407440186,508.97210693359375,312.9622802734375,116.5875244140625,85.06887817382812
1385,19,person,0,0.3667677044868469,320.595703125,237.7371826171875,11.124603271484375,29.127822875976562
1385,29,person,0,0.6397256851196289,381.27130126953125,239.8756103515625,11.967498779296875,26.582778930664062
1385,27,person,0,0.7177982330322266,347.07196044921875,238.24085998535156,9.854400634765625,23.92938232421875
1386,1,car,2,0.9229517579078674,509.0160827636719,312.93743896484375,116.55609130859375,85.36761474609375
1386,19,person,0,0.3950132727622986,319.9447326660156,238.0836181640625,12.174072265625,29.189422607421875
1386,29,person,0,0.6511231064796448,382.09844970703125,239.90248107910156,12.034454345703125,26.171722412109375
1386,27,person,0,0.7171440124511719,346.4847412109375,238.304931640625,10.284088134765625,23.365997314453125
1387,1,car,2,0.9268699884414673,509.0029296875,313.053955078125,116.5703125,85.36019897460938
1387,19,person,0,0.4114750325679779,320.2959899902344,237.8011474609375,11.10052490234375,28.521621704101562
1387,29,person,0,0.6343907117843628,382.7889404296875,240.30230712890625,11.2403564453125,25.27716064453125
1387,27,person,0,0.7147279977798462,346.11102294921875,238.3341064453125,11.153656005859375,23.342330932617188
1388,1,car,2,0.9265573024749756,508.96929931640625,313.0952453613281,116.48629760742188,85.3590087890625
1388,19,person,0,0.4632110297679901,320.3116455078125,237.85140991210938,10.056976318359375,28.638504028320312
1388,29,person,0,0.6288729310035706,383.60736083984375,239.99102783203125,11.523651123046875,26.644668579101562
1388,27,person,0,0.6913955807685852,345.5837097167969,238.18441772460938,10.91314697265625,23.170806884765625
1389,1,car,2,0.9263921976089478,508.9556884765625,313.13037109375,116.47146606445312,85.34957885742188
1389,19,person,0,0.31997841596603394,320.26904296875,237.72996520996094,9.40533447265625,28.059783935546875
1389,29,person,0,0.5719828009605408,383.955078125,240.59991455078125,10.167694091796875,25.999038696289062
1389,27,person,0,0.6746209263801575,345.05084228515625,237.857666015625,10.940216064453125,23.599838256835938
1390,1,car,2,0.9260426163673401,508.95257568359375,313.0974426269531,116.4068603515625,85.3385009765625
1390,19,person,0,0.3666749596595764,320.20135498046875,237.88934326171875,9.207855224609375,28.631362915039062
1390,29,person,0,0.5681149363517761,384.2398376464844,240.23971557617188,9.86297607421875,24.841888427734375
1390,27,person,0,0.6201387643814087,344.2518615722656,237.55735778808594,9.55206298828125,23.8485107421875
1391,1,car,2,0.9258725643157959,508.9830627441406,312.920654296875,116.38665771484375,85.1866455078125
1391,19,person,0,0.5333679914474487,319.6720886230469,238.18893432617188,9.58953857421875,29.067947387695312
1391,29,person,0,0.556806743144989,384.43902587890625,239.92108154296875,9.755126953125,24.7117919921875
1391,27,person,0,0.6004508137702942,343.5069274902344,237.40223693847656,8.885009765625,24.0682373046875
1392,1,car,2,0.9267935752868652,508.88751220703125,313.074951171875,116.31143188476562,85.26821899414062
1392,19,person,0,0.48104968667030334,319.92938232421875,238.24298095703125,9.08221435546875,29.190597534179688
1392,29,person,0,0.4590322971343994,384.763916015625,238.08290100097656,9.518646240234375,20.563201904296875
1392,27,person,0,0.6619781255722046,342.0296630859375,236.63433837890625,9.21368408203125,25.617660522460938
1393,1,car,2,0.9265655875205994,508.8853759765625,313.08319091796875,116.34011840820312,85.35690307617188
1393,19,person,0,0.5934086441993713,319.502685546875,238.3441162109375,9.590789794921875,29.249496459960938
1393,29,person,0,0.4741652309894562,385.050048828125,237.75965881347656,9.234710693359375,19.294708251953125
1393,27,person,0,0.6868098378181458,341.4223937988281,236.25375366210938,8.976806640625,26.338851928710938
1394,1,car,2,0.926408052444458,508.8675537109375,313.0439453125,116.35787963867188,85.2757568359375
1394,19,person,0,0.5211281776428223,319.17608642578125,238.98544311523438,10.311553955078125,29.83502197265625
1394,27,person,0,0.6803076863288879,341.0399169921875,236.1874542236328,8.49951171875,26.783935546875
1394,28,person,0,0.6213237047195435,385.464599609375,239.4244384765625,10.155487060546875,25.023284912109375
1395,1,car,2,0.9239823222160339,508.83770751953125,313.097900390625,116.30892944335938,85.34619140625
1395,19,person,0,0.34907427430152893,319.7859191894531,238.81402587890625,9.97723388671875,29.80645751953125
1395,27,person,0,0.6565804481506348,340.68707275390625,236.0998077392578,8.194488525390625,27.102294921875
1395,28,person,0,0.6535398960113525,385.855712890625,239.753662109375,10.43389892578125,25.570266723632812
1396,1,car,2,0.9261232614517212,508.86456298828125,313.12615966796875,116.33694458007812,85.38809204101562
1396,19,person,0,0.43917036056518555,319.2933349609375,239.1566162109375,11.220123291015625,30.410995483398438
1396,27,person,0,0.6187426447868347,340.79998779296875,236.14527893066406,8.069061279296875,27.37176513671875
1396,28,person,0,0.6972807049751282,386.35308837890625,239.9810791015625,10.9840087890625,26.771514892578125
1397,1,car,2,0.9261587858200073,508.89935302734375,313.10809326171875,116.3895263671875,85.36001586914062
1397,19,person,0,0.5232661962509155,318.6907958984375,239.27133178710938,11.779693603515625,31.137161254882812
1397,27,person,0,0.6282432675361633,341.0208740234375,236.18043518066406,8.46380615234375,27.388519287109375
1397,28,person,0,0.6842930912971497,386.398193359375,239.75677490234375,11.68402099609375,27.021072387695312
1398,1,car,2,0.9262374043464661,508.91839599609375,313.0169372558594,116.36117553710938,85.30426025390625
1398,19,person,0,0.409972608089447,317.1929626464844,239.5500030517578,10.8983154296875,32.16241455078125
1398,27,person,0,0.4021247327327728,340.822509765625,236.32272338867188,8.66058349609375,27.553451538085938
1398,28,person,0,0.6372578740119934,386.7005920410156,239.6063995361328,11.64227294921875,25.988677978515625
1399,1,car,2,0.9276403188705444,508.88604736328125,313.0919189453125,116.33291625976562,85.18673706054688
1399,19,person,0,0.6526481509208679,316.3435974121094,239.63104248046875,10.5408935546875,32.79205322265625
1399,27,person,0,0.6398954391479492,340.40771484375,236.5443115234375,9.399566650390625,26.751296997070312
1399,28,person,0,0.6443468332290649,386.754150390625,239.50299072265625,11.970123291015625,26.523452758789062
1400,1,car,2,0.9266024827957153,508.9071044921875,313.03558349609375,116.32516479492188,85.30838012695312
1400,19,person,0,0.6313741207122803,316.04071044921875,239.65274047851562,10.19976806640625,32.77655029296875
1400,27,person,0,0.6513799428939819,340.0027770996094,237.06503295898438,9.4207763671875,25.69427490234375
1400,28,person,0,0.5640867352485657,387.2651062011719,239.53427124023438,11.28961181640625,27.414031982421875
1401,1,car,2,0.9269936084747314,508.93719482421875,313.1085205078125,116.4124755859375,85.31640625
1401,19,person,0,0.726901650428772,315.74188232421875,239.65109252929688,10.16766357421875,32.656341552734375
1401,27,person,0,0.6628420352935791,339.40032958984375,237.11196899414062,9.582489013671875,25.153152465820312
1401,28,person,0,0.6159601807594299,388.06390380859375,240.1985321044922,10.305572509765625,27.126129150390625
1402,1,car,2,0.9265229105949402,508.876708984375,312.9787292480469,116.30227661132812,85.078857421875
1402,19,person,0,0.6808597445487976,315.375732421875,239.44676208496094,10.086700439453125,32.32916259765625
1402,27,person,0,0.5684294104576111,338.76654052734375,237.7616729736328,9.4921875,24.3848876953125
1402,28,person,0,0.6669771671295166,388.5191955566406,240.41476440429688,10.12469482421875,27.014144897460938
1403,1,car,2,0.9266207814216614,508.9010925292969,312.98760986328125,116.35626220703125,85.06472778320312
1403,19,person,0,0.7161786556243896,315.1053466796875,239.28616333007812,10.18328857421875,32.24250793457031
1403,27,person,0,0.6862552762031555,338.2217102050781,238.0765380859375,10.8662109375,24.0546875
1403,28,person,0,0.6928069591522217,389.1151428222656,239.99383544921875,10.89862060546875,26.620895385742188
1404,1,car,2,0.9274659752845764,508.9195556640625,313.0606689453125,116.36172485351562,85.149169921875
1404,19,person,0,0.7205886840820312,314.9049072265625,238.76409912109375,10.009063720703125,31.553726196289062
1404,27,person,0,0.6012479066848755,338.0938720703125,238.27455139160156,11.186614990234375,23.845184326171875
1404,28,person,0,0.6968749165534973,389.4779052734375,239.2618408203125,11.187896728515625,25.954299926757812
1404,31,person,0,0.5254995822906494,325.665771484375,238.69119262695312,10.04461669921875,27.859298706054688
1405,1,car,2,0.9278002977371216,508.9618835449219,313.1365661621094,116.40374755859375,85.22210693359375
1405,19,person,0,0.7251836061477661,314.82830810546875,238.0464630126953,10.083404541015625,30.08233642578125
1405,27,person,0,0.43907028436660767,337.5968322753906,238.13552856445312,10.23040771484375,23.050811767578125
1405,28,person,0,0.6726897954940796,389.76690673828125,238.78611755371094,11.768463134765625,25.56243896484375
1405,31,person,0,0.4267123341560364,325.7244873046875,238.51840209960938,10.533905029296875,27.710189819335938
1406,1,car,2,0.927083432674408,508.988037109375,313.25115966796875,116.42440795898438,85.45382690429688
1406,19,person,0,0.7342484593391418,314.775390625,237.77362060546875,10.110748291015625,29.573471069335938
1406,27,person,0,0.5571656227111816,337.1214599609375,238.03732299804688,10.756866455078125,24.242202758789062
1406,28,person,0,0.7040971517562866,389.77734375,238.54464721679688,11.135986328125,24.74359130859375
1406,31,person,0,0.528005838394165,326.31695556640625,238.31785583496094,9.915557861328125,28.572418212890625
1407,1,car,2,0.9264355301856995,508.9947204589844,313.3204345703125,116.52203369140625,85.64340209960938
1407,19,person,0,0.739404022693634,314.8096618652344,237.58673095703125,10.28533935546875,29.108688354492188
1407,27,person,0,0.5621874928474426,336.8280029296875,237.60208129882812,10.4737548828125,24.205245971679688
1407,28,person,0,0.7237834930419922,390.08416748046875,238.0787353515625,11.273529052734375,25.033309936523438
1407,31,person,0,0.5599969625473022,326.2847595214844,238.896484375,9.76263427734375,28.220413208007812
1408,1,car,2,0.9282807111740112,508.9893798828125,313.3409423828125,116.5772705078125,85.69973754882812
1408,19,person,0,0.712486982345581,314.74713134765625,237.49029541015625,11.032470703125,28.598556518554688
1408,27,person,0,0.4446578025817871,335.43634033203125,237.5869903564453,10.68463134765625,24.718353271484375
1408,28,person,0,0.7494702935218811,390.40069580078125,237.64804077148438,11.279266357421875,24.895065307617188
1408,31,person,0,0.3901665210723877,326.58062744140625,238.79409790039062,9.479339599609375,27.694931030273438
1409,1,car,2,0.9270946979522705,508.9767761230469,313.31854248046875,116.56109619140625,85.79568481445312
1409,19,person,0,0.7261504530906677,314.34600830078125,237.71292114257812,11.298126220703125,28.842681884765625
1409,27,person,0,0.5241187810897827,333.99725341796875,237.9447021484375,10.13421630859375,25.478012084960938
1409,28,person,0,0.7291289567947388,390.62030029296875,237.46734619140625,11.82867431640625,25.438766479492188
1409,31,person,0,0.250422865152359,327.15252685546875,238.91018676757812,8.087554931640625,27.14544677734375
1410,1,car,2,0.9258829951286316,508.90203857421875,313.2955322265625,116.43478393554688,85.95907592773438
1410,19,person,0,0.7237690687179565,314.0872497558594,237.83090209960938,11.1788330078125,28.743911743164062
1410,27,person,0,0.6543506979942322,333.2995300292969,238.10064697265625,9.13873291015625,25.621627807617188
1410,28,person,0,0.7442495822906494,390.67041015625,237.53280639648438,11.861480712890625,26.020965576171875
1411,1,car,2,0.9271202087402344,508.90911865234375,313.18780517578125,116.43630981445312,85.66275024414062
1411,19,person,0,0.7185335159301758,313.52166748046875,238.0162811279297,10.727783203125,29.370513916015625
1411,27,person,0,0.6637074947357178,332.984130859375,238.224609375,8.696258544921875,26.032577514648438
1411,28,person,0,0.7391288876533508,390.841796875,237.32012939453125,12.16107177734375,26.100357055664062
1412,1,car,2,0.9264306426048279,508.947509765625,313.1484069824219,116.51571655273438,85.514892578125
1412,19,person,0,0.6996076703071594,312.85235595703125,238.36972045898438,11.967529296875,30.335891723632812
1412,27,person,0,0.6725950837135315,332.93621826171875,238.33447265625,8.126373291015625,26.052078247070312
1412,28,person,0,0.7181434631347656,390.8824462890625,237.23440551757812,12.398284912109375,26.178176879882812
1413,1,car,2,0.9270422458648682,508.9510498046875,313.142333984375,116.56167602539062,85.47927856445312
1413,19,person,0,0.6825272440910339,312.350830078125,238.16140747070312,12.083282470703125,30.15045166015625
1413,27,person,0,0.6367599368095398,332.4559326171875,238.17453002929688,8.524078369140625,26.772598266601562
1413,28,person,0,0.7171490788459778,391.24310302734375,237.12644958496094,12.839752197265625,26.221649169921875
1414,1,car,2,0.9273757338523865,508.91552734375,313.1954040527344,116.44009399414062,85.463134765625
1414,19,person,0,0.6937087774276733,312.1710205078125,238.14837646484375,12.046295166015625,30.188308715820312
1414,27,person,0,0.671890139579773,331.4169921875,238.68389892578125,9.60174560546875,27.568939208984375
1414,28,person,0,0.7081599831581116,391.7165222167969,237.59237670898438,13.41937255859375,26.572799682617188
1415,1,car,2,0.9266835451126099,508.92645263671875,313.186767578125,116.43862915039062,85.45358276367188
1415,19,person,0,0.7066542506217957,311.92547607421875,238.191650390625,10.852935791015625,30.5233154296875
1415,27,person,0,0.6921160817146301,331.00689697265625,238.83370971679688,9.789581298828125,27.71160888671875
1415,28,person,0,0.7195858955383301,392.0885009765625,237.7360076904297,13.525970458984375,26.333465576171875
1416,1,car,2,0.9259029030799866,508.9593811035156,313.15673828125,116.47808837890625,85.430419921875
1416,19,person,0,0.7033026814460754,311.53460693359375,238.58334350585938,10.706329345703125,31.193496704101562
1416,27,person,0,0.6813701391220093,331.1288146972656,238.74716186523438,9.277099609375,27.194290161132812
1416,28,person,0,0.7274153232574463,392.3052673339844,237.75543212890625,13.6524658203125,26.396072387695312
1417,1,car,2,0.926178514957428,508.97625732421875,313.1376647949219,116.500732421875,85.47296142578125
1417,19,person,0,0.7202933430671692,311.1351013183594,238.9936981201172,10.796875,32.116912841796875
1417,27,person,0,0.5995961427688599,331.1689758300781,238.43048095703125,8.38372802734375,26.8929443359375
1417,28,person,0,0.7247814536094666,392.55810546875,237.90147399902344,13.5111083984375,26.351654052734375
1418,1,car,2,0.9247680306434631,508.9974060058594,313.1076354980469,116.44195556640625,85.53515625
1418,19,person,0,0.7662516236305237,310.85272216796875,239.1385040283203,10.987579345703125,32.10870361328125
1418,28,person,0,0.7345282435417175,392.94708251953125,238.13845825195312,13.0679931640625,25.978286743164062
1419,1,car,2,0.9251506924629211,508.9439697265625,313.041015625,116.4779052734375,85.44073486328125
1419,19,person,0,0.7618173956871033,310.4686279296875,239.03363037109375,11.07122802734375,31.712326049804688
1419,28,person,0,0.721919596195221,393.10968017578125,238.36993408203125,12.684356689453125,25.690750122070312
1420,1,car,2,0.9244798421859741,508.8710021972656,313.0819396972656,116.40484619140625,85.42926025390625
1420,19,person,0,0.7331347465515137,310.3370361328125,239.08502197265625,10.831878662109375,31.499954223632812
1420,28,person,0,0.728381335735321,393.29913330078125,238.42236328125,12.417755126953125,25.634033203125
1421,1,car,2,0.9243057370185852,508.8302917480469,313.072021484375,116.37066650390625,85.47006225585938
1421,19,person,0,0.7373054027557373,310.0626220703125,239.0255126953125,11.09979248046875,31.938613891601562
1421,28,person,0,0.7339944243431091,393.38824462890625,238.41539001464844,11.96881103515625,25.614013671875
1421,32,person,0,0.6286941766738892,354.0393371582031,235.1058349609375,8.83660888671875,25.990432739257812
1421,27,person,0,0.5224601030349731,330.57281494140625,238.82958984375,10.078704833984375,27.500381469726562
1422,1,car,2,0.9257793426513672,508.87860107421875,313.0541687011719,116.44277954101562,85.53997802734375
1422,19,person,0,0.7397618293762207,309.79949951171875,238.8799285888672,10.885589599609375,31.436370849609375
1422,28,person,0,0.7373993396759033,393.44061279296875,238.37518310546875,11.80792236328125,25.554779052734375
1422,32,person,0,0.639774739742279,354.33306884765625,234.9978485107422,9.359161376953125,26.113983154296875
1422,33,person,0,0.502608060836792,371.3433837890625,243.0330047607422,8.848846435546875,27.198455810546875
1422,27,person,0,0.6604224443435669,331.0140380859375,238.82931518554688,11.112579345703125,27.261642456054688
1423,1,car,2,0.9269417524337769,508.971923828125,313.0753173828125,116.52047729492188,85.638916015625
1423,19,person,0,0.7425147294998169,309.74310302734375,239.07440185546875,10.781524658203125,31.95770263671875
1423,28,person,0,0.742771565914154,393.64678955078125,238.27813720703125,11.86077880859375,25.723464965820312
1423,32,person,0,0.6360873579978943,354.64825439453125,235.00672912597656,9.69757080078125,25.7738037109375
1423,33,person,0,0.46553245186805725,371.22607421875,242.33047485351562,9.191986083984375,28.126052856445312
1423,27,person,0,0.6470025181770325,331.37335205078125,238.9571533203125,12.194061279296875,26.908157348632812
1424,1,car,2,0.9272475242614746,508.9744873046875,313.14276123046875,116.5555419921875,85.55731201171875
1424,19,person,0,0.7301653027534485,309.74993896484375,239.25369262695312,10.832427978515625,32.021331787109375
1424,28,person,0,0.7556065320968628,393.970703125,238.13372802734375,11.834228515625,26.076629638671875
1424,32,person,0,0.6034202575683594,355.4081726074219,235.15267944335938,9.83001708984375,25.566070556640625
1424,33,person,0,0.6143833994865417,370.4992980957031,241.41842651367188,8.8048095703125,29.76568603515625
1424,27,person,0,0.5244938731193542,332.06573486328125,239.01280212402344,12.3797607421875,27.261138916015625
1425,1,car,2,0.9264023900032043,508.91558837890625,313.18939208984375,116.50802612304688,85.66519165039062
1425,19,person,0,0.7315963506698608,309.5419616699219,239.2517547607422,11.1568603515625,32.08905029296875
1425,28,person,0,0.7657666802406311,394.21966552734375,238.32699584960938,11.579071044921875,25.87774658203125
1425,32,person,0,0.529544472694397,355.842041015625,235.3798828125,9.1929931640625,25.442535400390625
1425,33,person,0,0.5212065577507019,369.81549072265625,238.83135986328125,8.325531005859375,25.9271240234375
1425,27,person,0,0.6430125832557678,332.8797607421875,239.08062744140625,12.198944091796875,27.681747436523438
1426,1,car,2,0.9256808757781982,508.832763671875,313.19610595703125,116.38040161132812,85.67987060546875
1426,19,person,0,0.73137366771698,309.31182861328125,239.28482055664062,11.16656494140625,31.781143188476562
1426,28,person,0,0.7774897813796997,394.37347412109375,238.22216796875,11.342132568359375,26.21551513671875
1426,32,person,0,0.4394148886203766,356.25537109375,235.45623779296875,9.051910400390625,25.594802856445312
1426,33,person,0,0.5921213030815125,369.3201904296875,239.99603271484375,8.38482666015625,30.021331787109375
1426,27,person,0,0.62446129322052,333.669189453125,239.12680053710938,11.568450927734375,27.979110717773438
1427,1,car,2,0.92684406042099,508.89862060546875,313.1757507324219,116.3782958984375,85.6873779296875
1427,19,person,0,0.7214190363883972,309.25244140625,239.04061889648438,11.09539794921875,31.619674682617188
1427,28,person,0,0.7792493104934692,394.49432373046875,237.65576171875,11.2958984375,26.95208740234375
1427,32,person,0,0.5431394577026367,356.7197570800781,235.47300720214844,8.41668701171875,25.572906494140625
1427,33,person,0,0.5110707879066467,369.00628662109375,240.31298828125,8.272125244140625,31.226303100585938
1427,27,person,0,0.4450853765010834,334.45660400390625,239.21990966796875,10.634796142578125,27.688400268554688
1428,1,car,2,0.9280380010604858,508.84417724609375,313.241455078125,116.33285522460938,85.46420288085938
1428,19,person,0,0.7236770987510681,309.29742431640625,238.52798461914062,10.984375,30.644973754882812
1428,28,person,0,0.7739169597625732,394.67388916015625,237.47842407226562,11.230010986328125,27.218032836914062
1428,32,person,0,0.4385387599468231,357.1175537109375,235.72470092773438,7.863677978515625,25.48931884765625
1428,33,person,0,0.19399915635585785,368.7755126953125,240.78860473632812,8.001922607421875,30.8753662109375
1428,27,person,0,0.34769195318222046,334.7835693359375,239.10797119140625,10.57403564453125,27.705917358398438
1429,1,car,2,0.9270679950714111,508.9361267089844,313.0941162109375,116.36505126953125,85.48895263671875
1429,19,person,0,0.7023319005966187,309.2406921386719,238.7180938720703,10.76416015625,31.395111083984375
1429,28,person,0,0.7522716522216797,394.8397216796875,237.0305938720703,11.007598876953125,28.034271240234375
1429,32,person,0,0.46918871998786926,357.54840087890625,235.62258911132812,7.53839111328125,25.445053100585938
1429,33,person,0,0.19738048315048218,368.54071044921875,239.04840087890625,8.16064453125,27.999298095703125
1429,27,person,0,0.40087348222732544,334.95916748046875,238.98678588867188,10.38116455078125,27.528335571289062
1430,1,car,2,0.9281753897666931,508.844482421875,313.21044921875,116.340576171875,85.52783203125
1430,19,person,0,0.6568201780319214,309.0335693359375,238.94033813476562,10.701568603515625,31.644058227539062
1430,28,person,0,0.7569212913513184,394.9394226074219,237.03741455078125,10.91473388671875,28.570526123046875
1430,32,person,0,0.2878759205341339,357.62957763671875,235.73455810546875,6.944122314453125,24.853530883789062
1430,33,person,0,0.24906952679157257,368.3329772949219,237.88189697265625,8.572021484375,28.083877563476562
1430,27,person,0,0.5724712014198303,334.85235595703125,239.02589416503906,10.633758544921875,27.44482421875
1431,1,car,2,0.9266321659088135,508.77667236328125,313.28387451171875,116.32260131835938,85.59213256835938
1431,19,person,0,0.6204260587692261,308.8478088378906,238.95834350585938,10.68878173828125,31.780380249023438
1431,28,person,0,0.7333080768585205,394.92694091796875,236.60089111328125,10.6663818359375,28.518783569335938
1431,32,person,0,0.3031575083732605,358.1588134765625,235.92013549804688,7.135589599609375,25.2392578125
1431,33,person,0,0.19619497656822205,368.18994140625,236.369140625,8.866607666015625,25.48931884765625
1431,27,person,0,0.42493030428886414,335.20751953125,239.20416259765625,9.927276611328125,27.334915161132812
1432,1,car,2,0.9247943758964539,508.7547302246094,313.27227783203125,116.38897705078125,85.63674926757812
1432,19,person,0,0.7360932230949402,308.4966735839844,239.16062927246094,10.7349853515625,32.048675537109375
1432,28,person,0,0.7464024424552917,394.9679870605469,236.5576171875,10.72314453125,28.364227294921875
1432,32,person,0,0.21848522126674652,358.989501953125,235.85072326660156,7.283172607421875,23.709747314453125
1432,33,person,0,0.37504124641418457,367.40716552734375,236.60186767578125,8.6761474609375,23.389190673828125
1432,27,person,0,0.4243067800998688,335.57525634765625,239.33602905273438,10.332275390625,27.681564331054688
1433,1,car,2,0.9260838031768799,508.8399353027344,313.22900390625,116.45074462890625,85.68658447265625
1433,19,person,0,0.745663046836853,308.3216247558594,239.31903076171875,10.9205322265625,32.36384582519531
1433,28,person,0,0.7454776763916016,395.0050964355469,236.15728759765625,10.74969482421875,27.621871948242188
1433,32,person,0,0.30515623092651367,359.7502136230469,235.9863739013672,7.240966796875,23.723785400390625
1433,33,person,0,0.4267233908176422,366.58990478515625,237.67845153808594,8.186431884765625,23.56231689453125
1433,27,person,0,0.3980844020843506,336.2169189453125,239.52297973632812,9.045562744140625,27.333755493164062
1434,1,car,2,0.9236494898796082,508.8507385253906,313.157958984375,116.47821044921875,85.59323120117188
1434,19,person,0,0.745807409286499,308.12811279296875,239.42794799804688,11.08062744140625,32.18534851074219
1434,28,person,0,0.7510782480239868,395.04486083984375,236.12020874023438,10.758758544921875,27.396148681640625
1434,32,person,0,0.28877460956573486,360.11798095703125,235.6163330078125,6.671661376953125,24.056259155273438
1434,33,person,0,0.32628190517425537,366.30145263671875,240.11770629882812,8.173797607421875,27.791366577148438
1434,27,person,0,0.3777078688144684,336.8096008300781,239.56149291992188,7.783203125,27.079849243164062
1435,1,car,2,0.9251000881195068,508.92724609375,313.1507873535156,116.53500366210938,85.55133056640625
1435,19,person,0,0.7438645362854004,308.17822265625,239.34152221679688,11.208160400390625,31.940963745117188
1435,28,person,0,0.7370861172676086,395.16058349609375,235.67820739746094,10.711578369140625,26.64178466796875
1435,32,person,0,0.30398356914520264,360.43841552734375,236.13076782226562,6.740997314453125,25.901931762695312
1435,33,person,0,0.5371376872062683,365.849365234375,239.72727966308594,8.770843505859375,29.887237548828125
1435,27,person,0,0.47934815287590027,337.30389404296875,239.40298461914062,6.93792724609375,27.002975463867188
1436,1,car,2,0.9272408485412598,508.87640380859375,313.26934814453125,116.52090454101562,85.61080932617188
1436,19,person,0,0.7392551898956299,308.00830078125,238.85671997070312,11.225799560546875,30.728302001953125
1436,28,person,0,0.7339692711830139,395.24920654296875,235.4267578125,10.685638427734375,26.150619506835938
1436,33,person,0,0.6540669798851013,365.3175048828125,239.84176635742188,10.818878173828125,32.00654602050781
1436,27,person,0,0.5765361785888672,337.5140686035156,239.38372802734375,6.88690185546875,26.891891479492188
1436,34,person,0,0.6357808709144592,323.686767578125,237.5447998046875,8.142913818359375,24.991470336914062
1437,1,car,2,0.9278493523597717,508.8279724121094,313.32965087890625,116.46820068359375,85.55059814453125
1437,19,person,0,0.7347354292869568,307.95843505859375,238.8128662109375,11.0751953125,30.589462280273438
1437,28,person,0,0.7250864505767822,395.339599609375,235.2677459716797,10.58978271484375,25.836700439453125
1437,33,person,0,0.6760033965110779,364.505615234375,240.09222412109375,11.5640869140625,32.4791259765625
1437,27,person,0,0.6378612518310547,337.6768798828125,239.3134307861328,7.297119140625,27.251922607421875
1437,34,person,0,0.6813240051269531,323.24395751953125,237.13143920898438,8.58489990234375,25.033309936523438
1438,1,car,2,0.9268583059310913,508.7127685546875,313.3209228515625,116.38888549804688,85.30157470703125
1438,19,person,0,0.7205631732940674,307.87164306640625,238.28981018066406,11.003448486328125,29.364105224609375
1438,28,person,0,0.7237682342529297,395.3978271484375,235.33209228515625,10.38739013671875,25.92236328125
1438,33,person,0,0.6169842481613159,363.6303405761719,240.20388793945312,10.9342041015625,32.77500915527344
1438,27,person,0,0.629850447177887,338.1673278808594,239.3892822265625,6.91058349609375,27.556396484375
1438,34,person,0,0.7308558225631714,322.8476257324219,237.15988159179688,9.0277099609375,25.154373168945312
1439,1,car,2,0.9260680675506592,508.84027099609375,313.23468017578125,116.49893188476562,85.40350341796875
1439,19,person,0,0.7219553589820862,307.9625244140625,238.83917236328125,10.98614501953125,30.724853515625
1439,28,person,0,0.7092787623405457,395.5482177734375,235.18743896484375,10.332122802734375,26.26129150390625
1439,33,person,0,0.6840587854385376,363.3784484863281,240.028076171875,10.8558349609375,32.8507080078125
1439,27,person,0,0.6255455613136292,338.73114013671875,239.40423583984375,6.415374755859375,27.328125
1439,34,person,0,0.7214807868003845,322.71990966796875,237.12197875976562,9.444671630859375,24.942916870117188
1440,1,car,2,0.9271689057350159,508.9342041015625,313.17388916015625,116.54159545898438,85.52084350585938
1440,19,person,0,0.7265744209289551,307.98419189453125,238.84727478027344,11.179473876953125,30.9615478515625
1440,28,person,0,0.7103903889656067,395.6947021484375,235.02651977539062,10.337860107421875,26.593887329101562
1440,33,person,0,0.7331435680389404,363.170654296875,239.91619873046875,10.960662841796875,33.14569091796875
1440,27,person,0,0.663301408290863,339.23321533203125,239.393798828125,6.583740234375,27.410110473632812
1440,34,person,0,0.7350865602493286,322.48614501953125,237.41360473632812,9.671295166015625,24.634689331054688
1441,1,car,2,0.929313600063324,508.87835693359375,313.29833984375,116.51644897460938,85.45404052734375
1441,19,person,0,0.7194728851318359,307.9300842285156,239.05860900878906,11.2105712890625,31.03118896484375
1441,28,person,0,0.701545000076294,395.7533264160156,234.98287963867188,10.35760498046875,26.546585083007812
1441,33,person,0,0.6686986088752747,363.12615966796875,240.07493591308594,10.448211669921875,33.373504638671875
1441,27,person,0,0.6817095875740051,339.5231018066406,239.2495574951172,6.64361572265625,27.53515625
1441,34,person,0,0.749464750289917,322.41107177734375,237.81016540527344,10.238616943359375,23.967803955078125
1442,1,car,2,0.9280124306678772,508.7747802734375,313.37530517578125,116.52462768554688,85.54379272460938
1442,19,person,0,0.7366785407066345,307.83135986328125,239.109619140625,11.26898193359375,30.587142944335938
1442,28,person,0,0.6924996376037598,395.7300720214844,234.93983459472656,10.33636474609375,26.29058837890625
1442,33,person,0,0.6534202694892883,362.67877197265625,240.50062561035156,10.084869384765625,32.983734130859375
1442,27,person,0,0.672115683555603,339.77203369140625,239.13897705078125,6.73480224609375,27.699905395507812
1442,34,person,0,0.6675507426261902,322.0787658691406,237.90756225585938,10.53228759765625,23.41070556640625
1443,1,car,2,0.9261322021484375,508.8765869140625,313.2063293457031,116.55807495117188,85.6143798828125
1443,19,person,0,0.7307674288749695,307.69305419921875,239.11019897460938,11.46356201171875,30.745651245117188
1443,28,person,0,0.7010632753372192,395.8148498535156,234.69207763671875,10.48358154296875,26.439895629882812
1443,33,person,0,0.6976909637451172,362.64654541015625,240.64532470703125,10.09552001953125,32.69682312011719
1443,27,person,0,0.6417881846427917,340.2784423828125,239.08917236328125,7.072601318359375,27.518386840820312
1443,34,person,0,0.6031128168106079,321.5380859375,238.0098876953125,10.11572265625,22.343063354492188
1444,1,car,2,0.9240576028823853,508.8874816894531,313.14141845703125,116.54998779296875,85.6900634765625
1444,19,person,0,0.708561897277832,307.5997314453125,238.6474609375,11.654388427734375,29.870803833007812
1444,28,person,0,0.6926094889640808,395.8629455566406,234.71987915039062,10.53192138671875,26.596389770507812
1444,33,person,0,0.6539886593818665,362.2101135253906,240.8372802734375,9.50799560546875,32.36622619628906
1444,27,person,0,0.6294227838516235,340.6005859375,239.0863037109375,7.515411376953125,27.316024780273438
1444,34,person,0,0.6061870455741882,320.9608154296875,237.458251953125,9.447174072265625,23.024688720703125
1445,1,car,2,0.9247384667396545,508.80682373046875,313.27508544921875,116.45333862304688,85.79803466796875
1445,19,person,0,0.7175962924957275,307.73052978515625,238.88381958007812,11.8760986328125,30.541702270507812
1445,28,person,0,0.7090749740600586,395.88818359375,235.20098876953125,10.721649169921875,27.331573486328125
1445,33,person,0,0.582475483417511,361.85858154296875,241.1855926513672,9.180938720703125,32.032684326171875
1445,27,person,0,0.5661143064498901,340.9681396484375,239.24493408203125,7.8101806640625,27.280242919921875
1445,34,person,0,0.5698970556259155,320.63128662109375,236.6796112060547,9.150970458984375,24.2760009765625
1446,1,car,2,0.9250844120979309,508.83685302734375,313.2529602050781,116.47903442382812,85.6702880859375
1446,19,person,0,0.7286781668663025,308.00335693359375,238.74310302734375,11.910125732421875,30.412689208984375
1446,28,person,0,0.7204245328903198,395.9653625488281,235.51026916503906,10.94012451171875,27.681060791015625
1446,33,person,0,0.48180916905403137,361.4171447753906,241.44052124023438,8.59735107421875,31.683349609375
1446,27,person,0,0.634670078754425,341.5523681640625,239.22125244140625,8.765167236328125,27.040847778320312
1446,34,person,0,0.543986976146698,320.4663391113281,236.29872131347656,8.84478759765625,25.1221923828125
1447,1,car,2,0.9264463782310486,508.9117736816406,313.14453125,116.53656005859375,85.543701171875
1447,19,person,0,0.7191184163093567,308.3056335449219,239.3603057861328,11.7939453125,31.91766357421875
1447,28,person,0,0.7246290445327759,396.1741027832031,235.55056762695312,11.48095703125,27.867843627929688
1447,33,person,0,0.6574286222457886,361.5171203613281,241.12332153320312,9.581298828125,31.685302734375
1447,27,person,0,0.6636351346969604,341.8872375488281,239.08827209472656,9.2772216796875,27.007904052734375
1447,34,person,0,0.4968896210193634,320.282470703125,235.8935546875,9.016326904296875,25.746719360351562
1448,1,car,2,0.9268431663513184,508.8536071777344,313.13385009765625,116.44854736328125,85.42279052734375
1448,19,person,0,0.6935892701148987,308.63232421875,239.59762573242188,11.432342529296875,32.36756896972656
1448,28,person,0,0.7313183546066284,396.236572265625,235.65158081054688,11.727630615234375,28.172103881835938
1448,33,person,0,0.639096200466156,361.8244934082031,241.09381103515625,10.51580810546875,31.732955932617188
1448,27,person,0,0.6891154646873474,342.12158203125,239.0757598876953,9.701263427734375,26.95928955078125
1448,34,person,0,0.35960447788238525,320.1936950683594,235.43382263183594,8.93206787109375,26.514373779296875
1449,1,car,2,0.926541268825531,508.9129333496094,313.0363464355469,116.43780517578125,85.3897705078125
1449,19,person,0,0.7177042961120605,308.8282165527344,239.5548095703125,11.3779296875,32.6209716796875
1449,28,person,0,0.7091071009635925,396.15692138671875,235.6685791015625,11.601287841796875,27.752731323242188
1449,33,person,0,0.46550828218460083,361.34136962890625,241.18576049804688,9.723663330078125,31.606704711914062
1449,27,person,0,0.6599206328392029,342.3014221191406,238.9941864013672,9.53057861328125,26.885345458984375
1449,34,person,0,0.3665655851364136,319.4959716796875,235.90252685546875,8.938568115234375,25.056381225585938
1450,1,car,2,0.9266474843025208,508.7942199707031,313.0904541015625,116.39410400390625,85.41134643554688
1450,19,person,0,0.744485080242157,308.69610595703125,239.24514770507812,11.044525146484375,31.882003784179688
1450,28,person,0,0.714759886264801,396.1343994140625,235.75167846679688,11.636505126953125,27.443450927734375
1450,33,person,0,0.4024932384490967,361.5277099609375,241.25125122070312,10.534332275390625,31.382095336914062
1450,27,person,0,0.6429797410964966,342.4189147949219,239.01214599609375,9.324951171875,27.030166625976562
1450,34,person,0,0.3453872501850128,318.67584228515625,237.04055786132812,9.009613037109375,22.976150512695312
1451,1,car,2,0.9245171546936035,508.8199462890625,313.0649719238281,116.4423828125,85.51910400390625
1451,19,person,0,0.7306655645370483,308.6527099609375,238.38616943359375,10.557769775390625,29.887405395507812
1451,28,person,0,0.7280175685882568,396.11090087890625,235.66200256347656,11.581207275390625,27.463043212890625
1451,33,person,0,0.5330295562744141,360.28228759765625,241.37168884277344,10.028350830078125,30.686676025390625
1451,27,person,0,0.6504067182540894,342.7581481933594,239.04937744140625,9.53271484375,27.133590698242188
1451,34,person,0,0.3760603964328766,317.86944580078125,236.81475830078125,9.048492431640625,23.841262817382812
1452,1,car,2,0.9244219660758972,508.7625732421875,313.12298583984375,116.59823608398438,85.52481079101562
1452,19,person,0,0.7417839765548706,308.54888916015625,239.0242462158203,10.464874267578125,30.9991455078125
1452,28,person,0,0.7257748246192932,396.1488037109375,235.65533447265625,11.532196044921875,27.450302124023438
1452,33,person,0,0.5906966924667358,359.41107177734375,241.85562133789062,9.465118408203125,30.38677978515625
1452,27,person,0,0.5880565643310547,343.1987609863281,239.35113525390625,9.51580810546875,27.029266357421875
1452,34,person,0,0.3345167338848114,317.559326171875,237.74913024902344,9.225982666015625,22.43743896484375
1453,1,car,2,0.9203792214393616,508.8365478515625,312.9543762207031,116.7467041015625,85.69427490234375
1453,19,person,0,0.7243614196777344,308.46392822265625,238.79193115234375,10.425872802734375,30.540786743164062
1453,28,person,0,0.731759250164032,396.32513427734375,235.65834045410156,11.710052490234375,27.209686279296875
1453,33,person,0,0.5760021805763245,358.40447998046875,241.83377075195312,9.345855712890625,30.137527465820312
1453,27,person,0,0.6531317830085754,343.58062744140625,239.14218139648438,8.87200927734375,26.806182861328125
1453,34,person,0,0.3435814082622528,317.1415710449219,236.7975616455078,9.37255859375,24.3941650390625
1454,1,car,2,0.9217109084129333,508.9918212890625,312.8731689453125,116.65365600585938,85.73562622070312
1454,19,person,0,0.5835044384002686,308.5157470703125,238.69134521484375,10.158050537109375,30.224685668945312
1454,28,person,0,0.7050071358680725,396.5056457519531,235.58792114257812,11.8563232421875,27.211349487304688
1454,33,person,0,0.49457141757011414,357.79290771484375,242.10926818847656,9.685760498046875,29.253509521484375
1454,27,person,0,0.5277462601661682,343.94122314453125,239.37710571289062,8.556915283203125,26.728958129882812
1454,34,person,0,0.41115233302116394,316.4610595703125,236.72032165527344,9.971466064453125,24.778839111328125
1455,1,car,2,0.9188152551651001,508.9303283691406,312.9079284667969,116.53192138671875,85.830078125
1455,19,person,0,0.713941752910614,308.4915771484375,238.98516845703125,9.907806396484375,30.477767944335938
1455,28,person,0,0.720824122428894,396.46441650390625,235.577392578125,11.873809814453125,27.345352172851562
1455,33,person,0,0.5423200726509094,357.33062744140625,241.7850341796875,10.341552734375,29.6658935546875
1455,27,person,0,0.5989309549331665,344.1610107421875,239.4582061767578,8.396514892578125,26.944580078125
1455,34,person,0,0.4863458573818207,316.1587219238281,236.41827392578125,9.872802734375,25.244430541992188
1456,1,car,2,0.9229253530502319,508.9389343261719,313.02008056640625,116.54461669921875,85.69049072265625
1456,19,person,0,0.7009791731834412,308.55706787109375,238.70587158203125,9.760894775390625,29.831619262695312
1456,28,person,0,0.7270526885986328,396.48358154296875,235.5803680419922,11.90380859375,27.286773681640625
1456,33,person,0,0.5677730441093445,356.9488525390625,241.76129150390625,10.202667236328125,30.083236694335938
1456,27,person,0,0.6390957832336426,344.5240478515625,239.1883544921875,7.897186279296875,26.966812133789062
1456,34,person,0,0.5453107357025146,315.83319091796875,236.159423828125,9.29931640625,25.819259643554688
1457,1,car,2,0.9243619441986084,508.9222412109375,313.0628967285156,116.59982299804688,85.604736328125
1457,19,person,0,0.5650148987770081,308.645263671875,238.46771240234375,9.452178955078125,29.518661499023438
1457,28,person,0,0.7155305743217468,396.528076171875,235.4925994873047,11.9649658203125,27.23101806640625
1457,33,person,0,0.627812385559082,356.77972412109375,241.58447265625,10.116058349609375,29.760818481445312
1457,27,person,0,0.6307012438774109,344.86883544921875,239.08935546875,7.79052734375,26.800155639648438
1457,34,person,0,0.44080421328544617,315.6226806640625,236.0524139404297,8.892791748046875,26.250823974609375
1458,1,car,2,0.9232571125030518,508.82537841796875,313.1496887207031,116.52743530273438,85.6695556640625
1458,19,person,0,0.4487374424934387,308.92510986328125,238.43960571289062,8.914093017578125,29.899765014648438
1458,28,person,0,0.708048939704895,396.55535888671875,235.33743286132812,11.911163330078125,27.334213256835938
1458,33,person,0,0.713846743106842,356.62371826171875,242.03277587890625,10.708160400390625,30.354507446289062
1458,27,person,0,0.6725530624389648,345.24188232421875,238.92381286621094,7.649017333984375,26.918914794921875
1458,34,person,0,0.26431915163993835,315.58160400390625,236.3341064453125,8.525299072265625,25.931854248046875
1459,1,car,2,0.9244250059127808,508.8677978515625,313.11865234375,116.49844360351562,85.54043579101562
1459,19,person,0,0.6110853552818298,309.10150146484375,238.77175903320312,8.833526611328125,30.55316162109375
1459,28,person,0,0.7104601860046387,396.5419921875,235.310302734375,11.731048583984375,27.166458129882812
1459,33,person,0,0.6722046136856079,356.3411865234375,242.06956481933594,11.151092529296875,30.957305908203125
1459,27,person,0,0.6640737056732178,345.899169921875,238.76744079589844,6.997406005859375,26.755767822265625
1459,34,person,0,0.27501457929611206,315.4889221191406,236.46694946289062,8.9234619140625,25.615371704101562
1460,1,car,2,0.9248247146606445,508.76715087890625,313.0792236328125,116.45858764648438,85.42401123046875
1460,19,person,0,0.621131181716919,309.42572021484375,238.89273071289062,8.743499755859375,30.88677978515625
1460,28,person,0,0.708403468132019,396.6380615234375,235.24652099609375,11.4942626953125,27.231338500976562
1460,33,person,0,0.5691404938697815,356.2957763671875,242.05056762695312,10.884857177734375,30.376815795898438
1460,27,person,0,0.6005752682685852,346.35260009765625,238.65481567382812,6.596435546875,26.695663452148438
1460,34,person,0,0.17936667799949646,315.6588134765625,236.76797485351562,8.631011962890625,26.193832397460938
1461,1,car,2,0.9259036183357239,508.785400390625,313.12158203125,116.41189575195312,85.52432250976562
1461,19,person,0,0.5922260880470276,309.67071533203125,238.98147583007812,8.509368896484375,31.22802734375
1461,28,person,0,0.7068643569946289,396.7261962890625,235.19737243652344,11.20849609375,27.23175048828125
1461,33,person,0,0.4694606363773346,355.54681396484375,241.77719116210938,10.908935546875,30.748336791992188
1461,27,person,0,0.5593857169151306,347.0032958984375,238.22508239746094,6.564361572265625,26.0977783203125
1461,34,person,0,0.2586328685283661,315.8318176269531,236.6650390625,8.19207763671875,25.636398315429688
1462,1,car,2,0.9281267523765564,508.8126220703125,313.08233642578125,116.52694702148438,85.36001586914062
1462,19,person,0,0.6066398024559021,309.73785400390625,238.8515625,8.404296875,31.2296142578125
1462,28,person,0,0.7137430906295776,396.8345947265625,235.07553100585938,11.157257080078125,27.261215209960938
1462,33,person,0,0.5837535858154297,354.6272888183594,241.55816650390625,10.36529541015625,30.67999267578125
1462,27,person,0,0.5427184700965881,347.27392578125,238.15884399414062,6.298248291015625,26.047439575195312
1462,34,person,0,0.3214307725429535,316.3063659667969,236.55453491210938,8.05792236328125,25.799224853515625
1463,1,car,2,0.9270597696304321,508.81689453125,312.99139404296875,116.5230712890625,85.02035522460938
1463,19,person,0,0.5079508423805237,309.93511962890625,238.593505859375,8.095489501953125,30.4378662109375
1463,28,person,0,0.6971142292022705,396.81597900390625,235.12399291992188,10.988494873046875,27.251495361328125
1463,33,person,0,0.530689001083374,353.70330810546875,240.63650512695312,9.234283447265625,29.047439575195312
1463,27,person,0,0.4563714265823364,347.356201171875,238.74325561523438,6.292999267578125,26.726547241210938
1463,34,person,0,0.47979384660720825,316.4928283691406,236.19369506835938,8.224365234375,26.375411987304688
1464,1,car,2,0.9257265329360962,508.94366455078125,312.9962463378906,116.59060668945312,85.08062744140625
1464,19,person,0,0.6107149124145508,310.1270751953125,238.58160400390625,8.149627685546875,30.474868774414062
1464,28,person,0,0.7054779529571533,396.8280029296875,234.95477294921875,10.800079345703125,27.472198486328125
1464,33,person,0,0.48395684361457825,353.3553466796875,239.0543670654297,8.336944580078125,26.036468505859375
1464,27,person,0,0.533694863319397,347.63446044921875,238.66896057128906,6.804840087890625,26.77471923828125
1464,34,person,0,0.30345645546913147,316.761474609375,236.24496459960938,8.39837646484375,26.379791259765625
1465,1,car,2,0.9223043322563171,508.8221130371094,313.0060119628906,116.54083251953125,85.012451171875
1465,19,person,0,0.6031160354614258,310.64923095703125,238.94137573242188,8.518646240234375,30.982986450195312
1465,28,person,0,0.698461651802063,396.64276123046875,234.90371704101562,10.483428955078125,28.022018432617188
1465,33,person,0,0.6259194612503052,351.26275634765625,239.08782958984375,10.757904052734375,27.301040649414062
1465,34,person,0,0.34120669960975647,317.183349609375,236.667724609375,8.818328857421875,27.052566528320312
