Window Clock,TargetNum,AmpData,AngleData,DistanceGate,Frequency,RealXData,RealYData,DataType,Noise Floor,StaticResponse,BodySpeed,YawRate,Gear,Blinker,Hazard,Brake,Rudder,Deterioration Flag,Target Overflow Flag,Noise Floor For AutoTh,DistG0 Amp,Left Angle Err,Right Angle Err,SyncCounter,MinusDistAmp,Angle Converge first,Angle Converge current,Angle Err
0,0,245,-56.5,64,32,-8.0053,5.2986,0,0,0,0,0,0,0,0,0,0,0, 0,0,0,0,0,10,0,0,0,0
0,1,289,-56.5,68,32,-8.50564,5.62976,0,0,0,0,0,0,0,0,0,0,0, 0,0,0,0,0,10,0,0,0,0
0,2,244,-56.5,72,32,-9.00597,5.96092,0,0,0,0,0,0,0,0,0,0,0, 0,0,0,0,0,10,0,0,0,0
0,3,49,-12.6,76,30.75,-2.48683,11.1255,0,0,0,0,0,0,0,0,0,0,0, 0,0,0,0,0,10,0,0,0,0
0,4,156,-53.4,76,32,-9.15212,6.79696,0,0,0,0,0,0,0,0,0,0,0, 0,0,0,0,0,10,0,0,0,0
0,5,42,-14.4,80,32.25,-2.98428,11.623,0,0,0,0,0,0,0,0,0,0,0, 0,0,0,0,0,10,0,0,0,0
0,6,111,-51.6,80,32,-9.40432,7.45377,0,0,0,0,0,0,0,0,0,0,0, 0,0,0,0,0,10,0,0,0,0
0,7,72,5.4,88,32.25,1.24223,13.1414,0,0,0,0,0,0,0,0,0,0,0, 0,0,0,0,0,10,0,0,0,0
0,8,139,-57.4,60,32,-7.58207,4.84894,0,0,0,0,0,0,0,0,0,0,0, 0,0,0,0,0,10,0,0,0,0
0,9,65,4.8,92,32.25,1.15475,13.7516,0,0,0,0,0,0,0,0,0,0,0, 0,0,0,0,0,10,0,0,0,0
40,0,244,-57.4,64,32,-8.08754,5.1722,0,7936,0,0,0,0,0,0,0,0,0, 0,0,0,0,0,11,0,0,0,0
40,1,289,-56.5,68,32,-8.50564,5.62976,0,7936,0,0,0,0,0,0,0,0,0, 0,0,0,0,0,11,0,0,0,0
40,2,41,71.1,8,33,1.1353,0.388701,0,7936,0,0,0,0,0,0,0,0,0, 0,0,0,0,0,11,0,0,0,0
40,3,75,0.1,72,32.25,0.0188495,10.8,0,7936,0,0,0,0,0,0,0,0,0, 0,0,0,0,0,11,0,0,0,0
40,4,241,-56.5,72,32,-9.00597,5.96092,0,7936,0,0,0,0,0,0,0,0,0, 0,0,0,0,0,11,0,0,0,0
40,5,121,-0.6,76,32.25,-0.119378,11.3994,0,7936,0,0,0,0,0,0,0,0,0, 0,0,0,0,0,11,0,0,0,0
40,6,161,-49.8,76,32,-8.70727,7.35822,0,7936,0,0,0,0,0,0,0,0,0, 0,0,0,0,0,11,0,0,0,0
40,7,85,-12,80,32.25,-2.49494,11.7378,0,7936,0,0,0,0,0,0,0,0,0, 0,0,0,0,0,11,0,0,0,0
40,8,109,-55.4,80,32,-9.87764,6.81413,0,7936,0,0,0,0,0,0,0,0,0, 0,0,0,0,0,11,0,0,0,0
40,9,58,20.6,84,32.25,4.43321,11.7944,0,7936,0,0,0,0,0,0,0,0,0, 0,0,0,0,0,11,0,0,0,0
40,10,86,-45.9,84,32,-9.04839,8.7685,0,7936,0,0,0,0,0,0,0,0,0, 0,0,0,0,0,11,0,0,0,0
40,11,139,-56.5,60,32,-7.50497,4.96743,0,7936,0,0,0,0,0,0,0,0,0, 0,0,0,0,0,11,0,0,0,0
40,12,35,-9,92,30.75,-2.1588,13.6301,0,7936,0,0,0,0,0,0,0,0,0, 0,0,0,0,0,11,0,0,0,0
80,0,248,-56.5,64,32,-8.0053,5.2986,0,1141,0,0,0,0,0,0,0,0,0, 0,0,0,0,0,12,0,0,0,0
80,1,291,-56.5,68,32,-8.50564,5.62976,0,1141,0,0,0,0,0,0,0,0,0, 0,0,0,0,0,12,0,0,0,0
80,2,240,-56.5,72,32,-9.00597,5.96092,0,1141,0,0,0,0,0,0,0,0,0, 0,0,0,0,0,12,0,0,0,0
80,3,71,7.2,76,32.25,1.4288,11.3101,0,1141,0,0,0,0,0,0,0,0,0, 0,0,0,0,0,12,0,0,0,0
80,4,166,-53.4,76,32,-9.15212,6.79696,0,1141,0,0,0,0,0,0,0,0,0, 0,0,0,0,0,12,0,0,0,0
80,5,61,6.6,80,30.75,1.37925,11.9205,0,1141,0,0,0,0,0,0,0,0,0, 0,0,0,0,0,12,0,0,0,0
80,6,75,5.4,80,32.25,1.1293,11.9467,0,1141,0,0,0,0,0,0,0,0,0, 0,0,0,0,0,12,0,0,0,0
80,7,103,-48,80,32,-8.91774,8.02957,0,1141,0,0,0,0,0,0,0,0,0, 0,0,0,0,0,12,0,0,0,0
80,8,57,-0.6,84,32.25,-0.131944,12.5993,0,1141,0,0,0,0,0,0,0,0,0, 0,0,0,0,0,12,0,0,0,0
80,9,83,-53.4,84,32,-10.1155,7.51243,0,1141,0,0,0,0,0,0,0,0,0, 0,0,0,0,0,12,0,0,0,0
80,10,49,4.8,88,32.25,1.10455,13.1537,0,1141,0,0,0,0,0,0,0,0,0, 0,0,0,0,0,12,0,0,0,0
80,11,143,-56.5,60,32,-7.50497,4.96743,0,1141,0,0,0,0,0,0,0,0,0, 0,0,0,0,0,12,0,0,0,0
120,0,246,-56.5,64,32,-8.0053,5.2986,0,86,0,0,0,0,0,0,0,0,0, 0,0,0,0,0,13,0,0,0,0
120,1,289,-56.5,68,32,-8.50564,5.62976,0,86,0,0,0,0,0,0,0,0,0, 0,0,0,0,0,13,0,0,0,0
120,2,244,-56.5,72,32,-9.00597,5.96092,0,86,0,0,0,0,0,0,0,0,0, 0,0,0,0,0,13,0,0,0,0
120,3,51,-3.6,76,30.75,-0.715812,11.3775,0,86,0,0,0,0,0,0,0,0,0, 0,0,0,0,0,13,0,0,0,0
120,4,152,-51.6,76,32,-8.93411,7.08108,0,86,0,0,0,0,0,0,0,0,0, 0,0,0,0,0,13,0,0,0,0
120,5,87,-0.6,80,32.25,-0.125661,11.9993,0,86,0,0,0,0,0,0,0,0,0, 0,0,0,0,0,13,0,0,0,0
120,6,118,-46.7,80,32,-8.73327,8.22982,0,86,0,0,0,0,0,0,0,0,0, 0,0,0,0,0,13,0,0,0,0
120,7,70,1.3,84,31.25,0.28586,12.5968,0,86,0,0,0,0,0,0,0,0,0, 0,0,0,0,0,13,0,0,0,0
120,8,44,4.2,88,30.75,0.966744,13.1646,0,86,0,0,0,0,0,0,0,0,0, 0,0,0,0,0,13,0,0,0,0
120,9,139,-56.5,60,32,-7.50497,4.96743,0,86,0,0,0,0,0,0,0,0,0, 0,0,0,0,0,13,0,0,0,0
120,10,42,-0.6,92,30.75,-0.144511,13.7992,0,86,0,0,0,0,0,0,0,0,0, 0,0,0,0,0,13,0,0,0,0
160,0,244,-56.5,64,32,-8.0053,5.2986,0,0,0,0,0,0,0,0,0,0,0, 0,0,0,0,0,14,0,0,0,0
160,1,288,-56.5,68,32,-8.50564,5.62976,0,0,0,0,0,0,0,0,0,0,0, 0,0,0,0,0,14,0,0,0,0
160,2,238,-55.4,72,32,-8.88987,6.13271,0,0,0,0,0,0,0,0,0,0,0, 0,0,0,0,0,14,0,0,0,0
160,3,99,1.3,76,32.25,0.258636,11.3971,0,0,0,0,0,0,0,0,0,0,0, 0,0,0,0,0,14,0,0,0,0
160,4,167,-53.4,76,32,-9.15212,6.79696,0,0,0,0,0,0,0,0,0,0,0, 0,0,0,0,0,14,0,0,0,0
160,5,171,-4.8,80,30.75,-1.00413,11.9579,0,0,0,0,0,0,0,0,0,0,0, 0,0,0,0,0,14,0,0,0,0
160,6,181,-3,80,32.25,-0.628031,11.9836,0,0,0,0,0,0,0,0,0,0,0, 0,0,0,0,0,14,0,0,0,0
160,7,98,-42.3,80,32,-8.07615,8.87557,0,0,0,0,0,0,0,0,0,0,0, 0,0,0,0,0,14,0,0,0,0
160,8,107,7.8,84,32,1.71002,12.4834,0,0,0,0,0,0,0,0,0,0,0, 0,0,0,0,0,14,0,0,0,0
160,9,47,6.6,92,32.25,1.58613,13.7085,0,0,0,0,0,0,0,0,0,0,0, 0,0,0,0,0,14,0,0,0,0
160,10,137,-57.4,60,32,-7.58207,4.84894,0,0,0,0,0,0,0,0,0,0,0, 0,0,0,0,0,14,0,0,0,0
160,11,0,-55.4,84,32,-10.3715,7.15483,2,0,0,0,0,0,0,0,0,0,0, 0,0,0,0,0,14,0,0,0,0
200,0,244,-56.5,64,32,-8.0053,5.2986,0,0,0,0,0,0,0,0,0,0,0, 0,0,0,0,0,15,0,0,0,0
200,1,285,-56.5,68,32,-8.50564,5.62976,0,0,0,0,0,0,0,0,0,0,0, 0,0,0,0,0,15,0,0,0,0
200,2,21,6.6,100,32.25,1.72406,14.9006,0,0,0,0,0,0,0,0,0,0,0, 0,0,0,0,0,15,0,0,0,0
200,3,38,-1.8,72,32.25,-0.339236,10.7947,0,0,0,0,0,0,0,0,0,0,0, 0,0,0,0,0,15,0,0,0,0
200,4,243,-55.4,72,32,-8.88987,6.13271,0,0,0,0,0,0,0,0,0,0,0, 0,0,0,0,0,15,0,0,0,0
200,5,78,-5.4,76,30.75,-1.07283,11.3494,0,0,0,0,0,0,0,0,0,0,0, 0,0,0,0,0,15,0,0,0,0
200,6,73,-5.4,76,32.25,-1.07283,11.3494,0,0,0,0,0,0,0,0,0,0,0, 0,0,0,0,0,15,0,0,0,0
200,7,162,-53.4,76,32,-9.15212,6.79696,0,0,0,0,0,0,0,0,0,0,0, 0,0,0,0,0,15,0,0,0,0
200,8,57,-9,80,32.25,-1.87721,11.8523,0,0,0,0,0,0,0,0,0,0,0, 0,0,0,0,0,15,0,0,0,0
200,9,109,-45,80,32,-8.48528,8.48528,0,0,0,0,0,0,0,0,0,0,0, 0,0,0,0,0,15,0,0,0,0
200,10,53,-4.8,84,30.75,-1.05434,12.5558,0,0,0,0,0,0,0,0,0,0,0, 0,0,0,0,0,15,0,0,0,0
200,11,90,0.1,88,32.25,0.0230383,13.2,0,0,0,0,0,0,0,0,0,0,0, 0,0,0,0,0,15,0,0,0,0
200,12,139,-56.5,60,32,-7.50497,4.96743,0,0,0,0,0,0,0,0,0,0,0, 0,0,0,0,0,15,0,0,0,0
240,0,245,-56.5,64,32,-8.0053,5.2986,0,0,0,0,0,0,0,0,0,0,0, 0,0,0,0,0,0,0,0,0,0
240,1,290,-56.5,68,32,-8.50564,5.62976,0,0,0,0,0,0,0,0,0,0,0, 0,0,0,0,0,0,0,0,0,0
240,2,241,-55.4,72,32,-8.88987,6.13271,0,0,0,0,0,0,0,0,0,0,0, 0,0,0,0,0,0,0,0,0,0
240,3,38,2.4,76,30.75,0.477382,11.39,0,0,0,0,0,0,0,0,0,0,0, 0,0,0,0,0,0,0,0,0,0
240,4,153,-51.6,76,32,-8.93411,7.08108,0,0,0,0,0,0,0,0,0,0,0, 0,0,0,0,0,0,0,0,0,0
240,5,57,-12.6,80,32.25,-2.61772,11.711,0,0,0,0,0,0,0,0,0,0,0, 0,0,0,0,0,0,0,0,0,0
240,6,109,-45,80,32,-8.48528,8.48528,0,0,0,0,0,0,0,0,0,0,0, 0,0,0,0,0,0,0,0,0,0
240,7,69,-7.8,84,31.75,-1.71002,12.4834,0,0,0,0,0,0,0,0,0,0,0, 0,0,0,0,0,0,0,0,0,0
240,8,91,-56.5,84,32,-10.507,6.95441,0,0,0,0,0,0,0,0,0,0,0, 0,0,0,0,0,0,0,0,0,0
240,9,138,-56.5,60,32,-7.50497,4.96743,0,0,0,0,0,0,0,0,0,0,0, 0,0,0,0,0,0,0,0,0,0
240,10,66,7.2,92,30.75,1.7296,13.6912,0,0,0,0,0,0,0,0,0,0,0, 0,0,0,0,0,0,0,0,0,0
240,11,62,4.2,92,32.25,1.01069,13.7629,0,0,0,0,0,0,0,0,0,0,0, 0,0,0,0,0,0,0,0,0,0
280,0,245,-56.5,64,32,-8.0053,5.2986,0,0,0,0,0,0,0,0,0,0,0, 0,0,0,0,0,1,0,0,0,0
280,1,288,-56.5,68,32,-8.50564,5.62976,0,0,0,0,0,0,0,0,0,0,0, 0,0,0,0,0,1,0,0,0,0
280,2,239,-55.4,72,32,-8.88987,6.13271,0,0,0,0,0,0,0,0,0,0,0, 0,0,0,0,0,1,0,0,0,0
280,3,12,21.8,392,25,21.8364,54.595,0,0,0,0,0,0,0,0,0,0,0, 0,0,0,0,0,1,0,0,0,0
280,4,158,-53.4,76,32,-9.15212,6.79696,0,0,0,0,0,0,0,0,0,0,0, 0,0,0,0,0,1,0,0,0,0
280,5,118,-46.7,80,32,-8.73327,8.22982,0,0,0,0,0,0,0,0,0,0,0, 0,0,0,0,0,1,0,0,0,0
280,6,42,12.1,84,30.75,2.64119,12.3201,0,0,0,0,0,0,0,0,0,0,0, 0,0,0,0,0,1,0,0,0,0
280,7,136,-56.5,60,32,-7.50497,4.96743,0,0,0,0,0,0,0,0,0,0,0, 0,0,0,0,0,1,0,0,0,0
320,0,243,-56.5,64,32,-8.0053,5.2986,0,0,0,0,0,0,0,0,0,0,0, 0,0,0,0,0,2,0,0,0,0
320,1,43,8.3,96,32.25,2.07873,14.2492,0,0,0,0,0,0,0,0,0,0,0, 0,0,0,0,0,2,0,0,0,0
320,2,286,-56.5,68,32,-8.50564,5.62976,0,0,0,0,0,0,0,0,0,0,0, 0,0,0,0,0,2,0,0,0,0
320,3,54,-1.8,72,32.25,-0.339236,10.7947,0,0,0,0,0,0,0,0,0,0,0, 0,0,0,0,0,2,0,0,0,0
320,4,243,-56.5,72,32,-9.00597,5.96092,0,0,0,0,0,0,0,0,0,0,0, 0,0,0,0,0,2,0,0,0,0
320,5,59,-0.6,76,30.75,-0.119378,11.3994,0,0,0,0,0,0,0,0,0,0,0, 0,0,0,0,0,2,0,0,0,0
320,6,153,-49.8,76,32,-8.70727,7.35822,0,0,0,0,0,0,0,0,0,0,0, 0,0,0,0,0,2,0,0,0,0
320,7,103,-46.7,80,32,-8.73327,8.22982,0,0,0,0,0,0,0,0,0,0,0, 0,0,0,0,0,2,0,0,0,0
320,8,89,1.3,84,32.25,0.28586,12.5968,0,0,0,0,0,0,0,0,0,0,0, 0,0,0,0,0,2,0,0,0,0
320,9,92,-53.4,84,32,-10.1155,7.51243,0,0,0,0,0,0,0,0,0,0,0, 0,0,0,0,0,2,0,0,0,0
320,10,61,-7.2,88,32.25,-1.6544,13.0959,0,0,0,0,0,0,0,0,0,0,0, 0,0,0,0,0,2,0,0,0,0
320,11,137,-56.5,60,32,-7.50497,4.96743,0,0,0,0,0,0,0,0,0,0,0, 0,0,0,0,0,2,0,0,0,0
360,0,243,-57.4,64,32,-8.08754,5.1722,0,0,0,0,0,0,0,0,0,0,0, 0,0,0,0,0,3,0,0,0,0
360,1,22,6.1,96,30.75,1.5302,14.3185,0,0,0,0,0,0,0,0,0,0,0, 0,0,0,0,0,3,0,0,0,0
360,2,286,-57.4,68,32,-8.59301,5.49546,0,0,0,0,0,0,0,0,0,0,0, 0,0,0,0,0,3,0,0,0,0
360,3,239,-56.5,72,32,-9.00597,5.96092,0,0,0,0,0,0,0,0,0,0,0, 0,0,0,0,0,3,0,0,0,0
360,4,159,-54.4,76,32,-9.26935,6.6362,0,0,0,0,0,0,0,0,0,0,0, 0,0,0,0,0,3,0,0,0,0
360,5,110,-45.9,80,32,-8.61752,8.35095,0,0,0,0,0,0,0,0,0,0,0, 0,0,0,0,0,3,0,0,0,0
360,6,69,8.3,84,32.25,1.81889,12.468,0,0,0,0,0,0,0,0,0,0,0, 0,0,0,0,0,3,0,0,0,0
360,7,43,9.4,88,32.25,2.1559,13.0228,0,0,0,0,0,0,0,0,0,0,0, 0,0,0,0,0,3,0,0,0,0
360,8,137,-57.4,60,32,-7.58207,4.84894,0,0,0,0,0,0,0,0,0,0,0, 0,0,0,0,0,3,0,0,0,0
360,9,47,15.2,92,31,3.61821,13.3172,0,0,0,0,0,0,0,0,0,0,0, 0,0,0,0,0,3,0,0,0,0
400,0,243,-58.4,64,32,-8.17658,5.03026,0,0,0,0,0,0,0,0,0,0,0, 0,0,0,0,0,4,0,0,0,0
400,1,28,12.1,96,30.75,3.01851,14.0801,0,0,0,0,0,0,0,0,0,0,0, 0,0,0,0,0,4,0,0,0,0
400,2,286,-58.4,68,32,-8.68761,5.34466,0,0,0,0,0,0,0,0,0,0,0, 0,0,0,0,0,4,0,0,0,0
400,3,42,65.6,8,33,1.09282,0.495725,0,0,0,0,0,0,0,0,0,0,0, 0,0,0,0,0,4,0,0,0,0
400,4,237,-57.4,72,32,-9.09849,5.81872,0,0,0,0,0,0,0,0,0,0,0, 0,0,0,0,0,4,0,0,0,0
400,5,156,-54.4,76,32,-9.26935,6.6362,0,0,0,0,0,0,0,0,0,0,0, 0,0,0,0,0,4,0,0,0,0
400,6,42,-7.8,80,32.25,-1.62859,11.889,0,0,0,0,0,0,0,0,0,0,0, 0,0,0,0,0,4,0,0,0,0
400,7,107,-48,80,32,-8.91774,8.02957,0,0,0,0,0,0,0,0,0,0,0, 0,0,0,0,0,4,0,0,0,0
400,8,102,-0.6,84,32.25,-0.131944,12.5993,0,0,0,0,0,0,0,0,0,0,0, 0,0,0,0,0,4,0,0,0,0
400,9,82,-51.6,84,32,-9.87454,7.82646,0,0,0,0,0,0,0,0,0,0,0, 0,0,0,0,0,4,0,0,0,0
400,10,90,3.1,88,32.25,0.71384,13.1807,0,0,0,0,0,0,0,0,0,0,0, 0,0,0,0,0,4,0,0,0,0
400,11,21,13.2,120,30.75,4.11032,17.5244,0,0,0,0,0,0,0,0,0,0,0, 0,0,0,0,0,4,0,0,0,0
400,12,138,-57.4,60,32,-7.58207,4.84894,0,0,0,0,0,0,0,0,0,0,0, 0,0,0,0,0,4,0,0,0,0
400,13,52,14.7,92,30.75,3.50186,13.3483,0,0,0,0,0,0,0,0,0,0,0, 0,0,0,0,0,4,0,0,0,0
400,14,66,14.7,92,31,3.50186,13.3483,0,0,0,0,0,0,0,0,0,0,0, 0,0,0,0,0,4,0,0,0,0
400,15,35,14.2,92,32.25,3.38524,13.3783,0,0,0,0,0,0,0,0,0,0,0, 0,0,0,0,0,4,0,0,0,0
440,0,245,-57.4,64,32,-8.08754,5.1722,0,0,0,0,0,0,0,0,0,0,0, 0,0,0,0,0,5,0,0,0,0
440,1,289,-56.5,68,32,-8.50564,5.62976,0,0,0,0,0,0,0,0,0,0,0, 0,0,0,0,0,5,0,0,0,0
440,2,239,-56.5,72,32,-9.00597,5.96092,0,0,0,0,0,0,0,0,0,0,0, 0,0,0,0,0,5,0,0,0,0
440,3,48,-4.8,76,32.25,-0.953927,11.36,0,0,0,0,0,0,0,0,0,0,0, 0,0,0,0,0,5,0,0,0,0
440,4,158,-54.4,76,32,-9.26935,6.6362,0,0,0,0,0,0,0,0,0,0,0, 0,0,0,0,0,5,0,0,0,0
440,5,133,-3.6,80,32.25,-0.753486,11.9763,0,0,0,0,0,0,0,0,0,0,0, 0,0,0,0,0,5,0,0,0,0
440,6,102,-43.6,80,32,-8.27543,8.69006,0,0,0,0,0,0,0,0,0,0,0, 0,0,0,0,0,5,0,0,0,0
440,7,155,-0.6,84,30.75,-0.131944,12.5993,0,0,0,0,0,0,0,0,0,0,0, 0,0,0,0,0,5,0,0,0,0
440,8,168,-0.6,84,32.25,-0.131944,12.5993,0,0,0,0,0,0,0,0,0,0,0, 0,0,0,0,0,5,0,0,0,0
440,9,95,-57.4,84,32,-10.6149,6.78851,0,0,0,0,0,0,0,0,0,0,0, 0,0,0,0,0,5,0,0,0,0
440,10,118,1.8,88,32.25,0.414622,13.1935,0,0,0,0,0,0,0,0,0,0,0, 0,0,0,0,0,5,0,0,0,0
440,11,140,-55.4,60,32,-7.40823,5.11059,0,0,0,0,0,0,0,0,0,0,0, 0,0,0,0,0,5,0,0,0,0
440,12,55,8.8,92,30.75,2.1112,13.6376,0,0,0,0,0,0,0,0,0,0,0, 0,0,0,0,0,5,0,0,0,0
480,0,245,-56.5,64,32,-8.0053,5.2986,0,0,0,0,0,0,0,0,0,0,0, 0,0,0,0,0,6,0,0,0,0
480,1,290,-56.5,68,32,-8.50564,5.62976,0,0,0,0,0,0,0,0,0,0,0, 0,0,0,0,0,6,0,0,0,0
480,2,239,-55.4,72,32,-8.88987,6.13271,0,0,0,0,0,0,0,0,0,0,0, 0,0,0,0,0,6,0,0,0,0
480,3,156,-51.6,76,32,-8.93411,7.08108,0,0,0,0,0,0,0,0,0,0,0, 0,0,0,0,0,6,0,0,0,0
480,4,111,-46.7,80,32,-8.73327,8.22982,0,0,0,0,0,0,0,0,0,0,0, 0,0,0,0,0,6,0,0,0,0
480,5,83,-53.4,84,32,-10.1155,7.51243,0,0,0,0,0,0,0,0,0,0,0, 0,0,0,0,0,6,0,0,0,0
480,6,139,-56.5,60,32,-7.50497,4.96743,0,0,0,0,0,0,0,0,0,0,0, 0,0,0,0,0,6,0,0,0,0
520,0,247,-56.5,64,32,-8.0053,5.2986,0,0,0,0,0,0,0,0,0,0,0, 0,0,0,0,0,7,0,0,0,0
520,1,290,-56.5,68,32,-8.50564,5.62976,0,0,0,0,0,0,0,0,0,0,0, 0,0,0,0,0,7,0,0,0,0
520,2,13,1.3,388,46.75,1.3204,58.185,0,0,0,0,0,0,0,0,0,0,0, 0,0,0,0,0,7,0,0,0,0
520,3,42,71.1,8,33,1.1353,0.388701,0,0,0,0,0,0,0,0,0,0,0, 0,0,0,0,0,7,0,0,0,0
520,4,243,-55.4,72,32,-8.88987,6.13271,0,0,0,0,0,0,0,0,0,0,0, 0,0,0,0,0,7,0,0,0,0
520,5,157,-51.6,76,32,-8.93411,7.08108,0,0,0,0,0,0,0,0,0,0,0, 0,0,0,0,0,7,0,0,0,0
520,6,33,0.1,80,30.75,0.0209439,12,0,0,0,0,0,0,0,0,0,0,0, 0,0,0,0,0,7,0,0,0,0
520,7,107,-46.7,80,32,-8.73327,8.22982,0,0,0,0,0,0,0,0,0,0,0, 0,0,0,0,0,7,0,0,0,0
520,8,42,-1.2,84,30.75,-0.263875,12.5972,0,0,0,0,0,0,0,0,0,0,0, 0,0,0,0,0,7,0,0,0,0
520,9,54,-1.2,84,32.25,-0.263875,12.5972,0,0,0,0,0,0,0,0,0,0,0, 0,0,0,0,0,7,0,0,0,0
520,10,89,-54.4,84,32,-10.2451,7.33475,0,0,0,0,0,0,0,0,0,0,0, 0,0,0,0,0,7,0,0,0,0
520,11,54,-5.4,88,30.75,-1.24223,13.1414,0,0,0,0,0,0,0,0,0,0,0, 0,0,0,0,0,7,0,0,0,0
520,12,62,-4.8,88,32.25,-1.10455,13.1537,0,0,0,0,0,0,0,0,0,0,0, 0,0,0,0,0,7,0,0,0,0
520,13,140,-56.5,60,32,-7.50497,4.96743,0,0,0,0,0,0,0,0,0,0,0, 0,0,0,0,0,7,0,0,0,0
560,0,247,-56.5,64,32,-8.0053,5.2986,0,0,0,0,0,0,0,0,0,0,0, 0,0,0,0,0,8,0,0,0,0
560,1,291,-56.5,68,32,-8.50564,5.62976,0,0,0,0,0,0,0,0,0,0,0, 0,0,0,0,0,8,0,0,0,0
560,2,244,-55.4,72,32,-8.88987,6.13271,0,0,0,0,0,0,0,0,0,0,0, 0,0,0,0,0,8,0,0,0,0
560,3,56,-4.2,76,32.25,-0.834915,11.3694,0,0,0,0,0,0,0,0,0,0,0, 0,0,0,0,0,8,0,0,0,0
560,4,153,-51.6,76,32,-8.93411,7.08108,0,0,0,0,0,0,0,0,0,0,0, 0,0,0,0,0,8,0,0,0,0
560,5,72,-6.6,80,32.25,-1.37925,11.9205,0,0,0,0,0,0,0,0,0,0,0, 0,0,0,0,0,8,0,0,0,0
560,6,116,-53.4,80,32,-9.63381,7.1547,0,0,0,0,0,0,0,0,0,0,0, 0,0,0,0,0,8,0,0,0,0
560,7,85,-46.7,84,32,-9.16994,8.64131,0,0,0,0,0,0,0,0,0,0,0, 0,0,0,0,0,8,0,0,0,0
560,8,14,-41.7,404,27.75,-40.313,45.2463,0,0,0,0,0,0,0,0,0,0,0, 0,0,0,0,0,8,0,0,0,0
560,9,76,6.6,88,32.25,1.51717,13.1125,0,0,0,0,0,0,0,0,0,0,0, 0,0,0,0,0,8,0,0,0,0
560,10,138,-58.4,60,32,-7.66554,4.71587,0,0,0,0,0,0,0,0,0,0,0, 0,0,0,0,0,8,0,0,0,0
560,11,100,0.1,92,31.5,0.0240855,13.8,0,0,0,0,0,0,0,0,0,0,0, 0,0,0,0,0,8,0,0,0,0
600,0,244,-58.4,64,32,-8.17658,5.03026,0,1334,0,0,0,0,0,0,0,0,0, 0,0,0,0,0,9,0,0,0,0
600,1,287,-57.4,68,32,-8.59301,5.49546,0,1334,0,0,0,0,0,0,0,0,0, 0,0,0,0,0,9,0,0,0,0
600,2,240,-56.5,72,32,-9.00597,5.96092,0,1334,0,0,0,0,0,0,0,0,0, 0,0,0,0,0,9,0,0,0,0
600,3,157,-54.4,76,32,-9.26935,6.6362,0,1334,0,0,0,0,0,0,0,0,0, 0,0,0,0,0,9,0,0,0,0
600,4,110,-51.6,80,32,-9.40432,7.45377,0,1334,0,0,0,0,0,0,0,0,0, 0,0,0,0,0,9,0,0,0,0
600,5,50,12.1,88,32.25,2.76697,12.9067,0,1334,0,0,0,0,0,0,0,0,0, 0,0,0,0,0,9,0,0,0,0
600,6,138,-57.4,60,32,-7.58207,4.84894,0,1334,0,0,0,0,0,0,0,0,0, 0,0,0,0,0,9,0,0,0,0
640,0,245,-57.4,64,32,-8.08754,5.1722,0,0,0,0,0,0,0,0,0,0,0, 0,0,0,0,0,10,0,0,0,0
640,1,288,-56.5,68,32,-8.50564,5.62976,0,0,0,0,0,0,0,0,0,0,0, 0,0,0,0,0,10,0,0,0,0
640,2,241,-55.4,72,32,-8.88987,6.13271,0,0,0,0,0,0,0,0,0,0,0, 0,0,0,0,0,10,0,0,0,0
640,3,65,0.6,76,32.25,0.119378,11.3994,0,0,0,0,0,0,0,0,0,0,0, 0,0,0,0,0,10,0,0,0,0
640,4,155,-51.6,76,32,-8.93411,7.08108,0,0,0,0,0,0,0,0,0,0,0, 0,0,0,0,0,10,0,0,0,0
640,5,33,-3.6,108,31.25,-1.01721,16.168,0,0,0,0,0,0,0,0,0,0,0, 0,0,0,0,0,10,0,0,0,0
640,6,130,-1.8,80,32.25,-0.376929,11.9941,0,0,0,0,0,0,0,0,0,0,0, 0,0,0,0,0,10,0,0,0,0
640,7,110,-48,80,32,-8.91774,8.02957,0,0,0,0,0,0,0,0,0,0,0, 0,0,0,0,0,10,0,0,0,0
640,8,138,-2.4,84,32.25,-0.527633,12.5889,0,0,0,0,0,0,0,0,0,0,0, 0,0,0,0,0,10,0,0,0,0
640,9,94,-54.4,84,32,-10.2451,7.33475,0,0,0,0,0,0,0,0,0,0,0, 0,0,0,0,0,10,0,0,0,0
640,10,105,-2.4,88,30.75,-0.552759,13.1884,0,0,0,0,0,0,0,0,0,0,0, 0,0,0,0,0,10,0,0,0,0
640,11,125,-2.4,88,32.25,-0.552759,13.1884,0,0,0,0,0,0,0,0,0,0,0, 0,0,0,0,0,10,0,0,0,0
640,12,139,-56.5,60,32,-7.50497,4.96743,0,0,0,0,0,0,0,0,0,0,0, 0,0,0,0,0,10,0,0,0,0
680,0,245,-56.5,64,32,-8.0053,5.2986,0,7936,0,0,0,0,0,0,0,0,0, 0,0,0,0,0,11,0,0,0,0
680,1,291,-56.5,68,32,-8.50564,5.62976,0,7936,0,0,0,0,0,0,0,0,0, 0,0,0,0,0,11,0,0,0,0
680,2,36,65.6,8,33,1.09282,0.495725,0,7936,0,0,0,0,0,0,0,0,0, 0,0,0,0,0,11,0,0,0,0
680,3,242,-55.4,72,32,-8.88987,6.13271,0,7936,0,0,0,0,0,0,0,0,0, 0,0,0,0,0,11,0,0,0,0
680,4,157,-54.4,76,32,-9.26935,6.6362,0,7936,0,0,0,0,0,0,0,0,0, 0,0,0,0,0,11,0,0,0,0
680,5,104,-45,80,32,-8.48528,8.48528,0,7936,0,0,0,0,0,0,0,0,0, 0,0,0,0,0,11,0,0,0,0
680,6,94,-1.8,84,32.25,-0.395776,12.5938,0,7936,0,0,0,0,0,0,0,0,0, 0,0,0,0,0,11,0,0,0,0
680,7,92,-56.5,84,32,-10.507,6.95441,0,7936,0,0,0,0,0,0,0,0,0, 0,0,0,0,0,11,0,0,0,0
680,8,141,-56.5,60,32,-7.50497,4.96743,0,7936,0,0,0,0,0,0,0,0,0, 0,0,0,0,0,11,0,0,0,0
680,9,71,3.1,92,32.25,0.746288,13.7798,0,7936,0,0,0,0,0,0,0,0,0, 0,0,0,0,0,11,0,0,0,0
720,0,247,-56.5,64,32,-8.0053,5.2986,0,1141,0,0,0,0,0,0,0,0,0, 0,0,0,0,0,12,0,0,0,0
720,1,291,-56.5,68,32,-8.50564,5.62976,0,1141,0,0,0,0,0,0,0,0,0, 0,0,0,0,0,12,0,0,0,0
720,2,241,-55.4,72,32,-8.88987,6.13271,0,1141,0,0,0,0,0,0,0,0,0, 0,0,0,0,0,12,0,0,0,0
720,3,42,1.8,76,30.75,0.358083,11.3944,0,1141,0,0,0,0,0,0,0,0,0, 0,0,0,0,0,12,0,0,0,0
720,4,40,-3,76,32.25,-0.59663,11.3844,0,1141,0,0,0,0,0,0,0,0,0, 0,0,0,0,0,12,0,0,0,0
720,5,156,-51.6,76,32,-8.93411,7.08108,0,1141,0,0,0,0,0,0,0,0,0, 0,0,0,0,0,12,0,0,0,0
720,6,109,-49.8,80,32,-9.16555,7.74549,0,1141,0,0,0,0,0,0,0,0,0, 0,0,0,0,0,12,0,0,0,0
720,7,21,6.1,116,32.25,1.84899,17.3015,0,1141,0,0,0,0,0,0,0,0,0, 0,0,0,0,0,12,0,0,0,0
720,8,34,-3.6,88,32.25,-0.828835,13.174,0,1141,0,0,0,0,0,0,0,0,0, 0,0,0,0,0,12,0,0,0,0
720,9,139,-56.5,60,32,-7.50497,4.96743,0,1141,0,0,0,0,0,0,0,0,0, 0,0,0,0,0,12,0,0,0,0
760,0,247,-56.5,64,32,-8.0053,5.2986,0,86,0,0,0,0,0,0,0,0,0, 0,0,0,0,0,13,0,0,0,0
760,1,66,-3,96,32.25,-0.753638,14.3803,0,86,0,0,0,0,0,0,0,0,0, 0,0,0,0,0,13,0,0,0,0
760,2,291,-56.5,68,32,-8.50564,5.62976,0,86,0,0,0,0,0,0,0,0,0, 0,0,0,0,0,13,0,0,0,0
760,3,241,-55.4,72,32,-8.88987,6.13271,0,86,0,0,0,0,0,0,0,0,0, 0,0,0,0,0,13,0,0,0,0
760,4,162,-53.4,76,32,-9.15212,6.79696,0,86,0,0,0,0,0,0,0,0,0, 0,0,0,0,0,13,0,0,0,0
760,5,83,1.3,80,30.75,0.272248,11.9969,0,86,0,0,0,0,0,0,0,0,0, 0,0,0,0,0,13,0,0,0,0
760,6,112,2.4,80,32.25,0.502508,11.9895,0,86,0,0,0,0,0,0,0,0,0, 0,0,0,0,0,13,0,0,0,0
760,7,102,-45,80,32,-8.48528,8.48528,0,86,0,0,0,0,0,0,0,0,0, 0,0,0,0,0,13,0,0,0,0
760,8,129,1.8,84,32.25,0.395776,12.5938,0,86,0,0,0,0,0,0,0,0,0, 0,0,0,0,0,13,0,0,0,0
760,9,99,-54.4,84,32,-10.2451,7.33475,0,86,0,0,0,0,0,0,0,0,0, 0,0,0,0,0,13,0,0,0,0
760,10,120,2.4,88,32.25,0.552759,13.1884,0,86,0,0,0,0,0,0,0,0,0, 0,0,0,0,0,13,0,0,0,0
760,11,139,-57.4,60,32,-7.58207,4.84894,0,86,0,0,0,0,0,0,0,0,0, 0,0,0,0,0,13,0,0,0,0
760,12,62,3.6,92,32.25,0.866509,13.7728,0,86,0,0,0,0,0,0,0,0,0, 0,0,0,0,0,13,0,0,0,0
800,0,247,-56.5,64,32,-8.0053,5.2986,0,0,0,0,0,0,0,0,0,0,0, 0,0,0,0,0,14,0,0,0,0
800,1,290,-56.5,68,32,-8.50564,5.62976,0,0,0,0,0,0,0,0,0,0,0, 0,0,0,0,0,14,0,0,0,0
800,2,243,-55.4,72,32,-8.88987,6.13271,0,0,0,0,0,0,0,0,0,0,0, 0,0,0,0,0,14,0,0,0,0
800,3,154,-51.6,76,32,-8.93411,7.08108,0,0,0,0,0,0,0,0,0,0,0, 0,0,0,0,0,14,0,0,0,0
800,4,60,-9.6,80,30.75,-2.00122,11.832,0,0,0,0,0,0,0,0,0,0,0, 0,0,0,0,0,14,0,0,0,0
800,5,53,-12.6,80,32.25,-2.61772,11.711,0,0,0,0,0,0,0,0,0,0,0, 0,0,0,0,0,14,0,0,0,0
800,6,108,-49.8,80,32,-9.16555,7.74549,0,0,0,0,0,0,0,0,0,0,0, 0,0,0,0,0,14,0,0,0,0
800,7,77,-6,84,30.75,-1.31706,12.531,0,0,0,0,0,0,0,0,0,0,0, 0,0,0,0,0,14,0,0,0,0
800,8,74,-4.2,84,32.25,-0.922801,12.5662,0,0,0,0,0,0,0,0,0,0,0, 0,0,0,0,0,14,0,0,0,0
800,9,53,1.3,88,30.75,0.299473,13.1966,0,0,0,0,0,0,0,0,0,0,0, 0,0,0,0,0,14,0,0,0,0
800,10,137,-57.4,60,32,-7.58207,4.84894,0,0,0,0,0,0,0,0,0,0,0, 0,0,0,0,0,14,0,0,0,0
840,0,245,-56.5,64,32,-8.0053,5.2986,0,0,0,0,0,0,0,0,0,0,0, 0,0,0,0,0,15,0,0,0,0
840,1,291,-56.5,68,32,-8.50564,5.62976,0,0,0,0,0,0,0,0,0,0,0, 0,0,0,0,0,15,0,0,0,0
840,2,239,-54.4,72,32,-8.78149,6.28693,0,0,0,0,0,0,0,0,0,0,0, 0,0,0,0,0,15,0,0,0,0
840,3,154,-51.6,76,32,-8.93411,7.08108,0,0,0,0,0,0,0,0,0,0,0, 0,0,0,0,0,15,0,0,0,0
840,4,114,-45.9,80,32,-8.61752,8.35095,0,0,0,0,0,0,0,0,0,0,0, 0,0,0,0,0,15,0,0,0,0
840,5,56,6.6,84,32.25,1.44821,12.5165,0,0,0,0,0,0,0,0,0,0,0, 0,0,0,0,0,15,0,0,0,0
840,6,81,-57.4,84,32,-10.6149,6.78851,0,0,0,0,0,0,0,0,0,0,0, 0,0,0,0,0,15,0,0,0,0
840,7,75,1.3,88,31.25,0.299473,13.1966,0,0,0,0,0,0,0,0,0,0,0, 0,0,0,0,0,15,0,0,0,0
840,8,137,-58.4,60,32,-7.66554,4.71587,0,0,0,0,0,0,0,0,0,0,0, 0,0,0,0,0,15,0,0,0,0
880,0,243,-58.4,64,32,-8.17658,5.03026,0,0,0,0,0,0,0,0,0,0,0, 0,0,0,0,0,0,0,0,0,0
880,1,286,-57.4,68,32,-8.59301,5.49546,0,0,0,0,0,0,0,0,0,0,0, 0,0,0,0,0,0,0,0,0,0
880,2,42,67.6,8,33,1.10946,0.457284,0,0,0,0,0,0,0,0,0,0,0, 0,0,0,0,0,0,0,0,0,0
880,3,241,-56.5,72,32,-9.00597,5.96092,0,0,0,0,0,0,0,0,0,0,0, 0,0,0,0,0,0,0,0,0,0
880,4,152,-53.4,76,32,-9.15212,6.79696,0,0,0,0,0,0,0,0,0,0,0, 0,0,0,0,0,0,0,0,0,0
880,5,29,-4.8,80,30.75,-1.00413,11.9579,0,0,0,0,0,0,0,0,0,0,0, 0,0,0,0,0,0,0,0,0,0
880,6,105,-48,80,32,-8.91774,8.02957,0,0,0,0,0,0,0,0,0,0,0, 0,0,0,0,0,0,0,0,0,0
880,7,137,-58.4,60,32,-7.66554,4.71587,0,0,0,0,0,0,0,0,0,0,0, 0,0,0,0,0,0,0,0,0,0
920,0,243,-58.4,64,32,-8.17658,5.03026,0,0,0,0,0,0,0,0,0,0,0, 0,0,0,0,0,1,0,0,0,0
920,1,286,-57.4,68,32,-8.59301,5.49546,0,0,0,0,0,0,0,0,0,0,0, 0,0,0,0,0,1,0,0,0,0
920,2,239,-56.5,72,32,-9.00597,5.96092,0,0,0,0,0,0,0,0,0,0,0, 0,0,0,0,0,1,0,0,0,0
920,3,155,-54.4,76,32,-9.26935,6.6362,0,0,0,0,0,0,0,0,0,0,0, 0,0,0,0,0,1,0,0,0,0
920,4,106,-48,80,32,-8.91774,8.02957,0,0,0,0,0,0,0,0,0,0,0, 0,0,0,0,0,1,0,0,0,0
920,5,77,0.6,84,32.25,0.131944,12.5993,0,0,0,0,0,0,0,0,0,0,0, 0,0,0,0,0,1,0,0,0,0
920,6,83,-49.8,84,32,-9.62383,8.13277,0,0,0,0,0,0,0,0,0,0,0, 0,0,0,0,0,1,0,0,0,0
920,7,74,0.6,88,30.75,0.138228,13.1993,0,0,0,0,0,0,0,0,0,0,0, 0,0,0,0,0,1,0,0,0,0
920,8,88,3.1,88,32.25,0.71384,13.1807,0,0,0,0,0,0,0,0,0,0,0, 0,0,0,0,0,1,0,0,0,0
920,9,138,-60.3,60,32,-7.81768,4.45913,0,0,0,0,0,0,0,0,0,0,0, 0,0,0,0,0,1,0,0,0,0
920,10,78,4.2,92,32.25,1.01069,13.7629,0,0,0,0,0,0,0,0,0,0,0, 0,0,0,0,0,1,0,0,0,0
960,0,242,-58.4,64,32,-8.17658,5.03026,0,0,0,0,0,0,0,0,0,0,0, 0,0,0,0,0,2,0,0,0,0
960,1,42,4.2,96,31.75,1.05463,14.3613,0,0,0,0,0,0,0,0,0,0,0, 0,0,0,0,0,2,0,0,0,0
960,2,285,-57.4,68,32,-8.59301,5.49546,0,0,0,0,0,0,0,0,0,0,0, 0,0,0,0,0,2,0,0,0,0
960,3,238,-56.5,72,32,-9.00597,5.96092,0,0,0,0,0,0,0,0,0,0,0, 0,0,0,0,0,2,0,0,0,0
960,4,161,-53.4,76,32,-9.15212,6.79696,0,0,0,0,0,0,0,0,0,0,0, 0,0,0,0,0,2,0,0,0,0
960,5,114,-48,80,32,-8.91774,8.02957,0,0,0,0,0,0,0,0,0,0,0, 0,0,0,0,0,2,0,0,0,0
960,6,84,-48,84,32,-9.36363,8.43105,0,0,0,0,0,0,0,0,0,0,0, 0,0,0,0,0,2,0,0,0,0
960,7,53,-2.4,88,31.75,-0.552759,13.1884,0,0,0,0,0,0,0,0,0,0,0, 0,0,0,0,0,2,0,0,0,0
960,8,138,-59.4,60,32,-7.74668,4.58137,0,0,0,0,0,0,0,0,0,0,0, 0,0,0,0,0,2,0,0,0,0
960,9,67,-1.2,92,32.25,-0.289005,13.797,0,0,0,0,0,0,0,0,0,0,0, 0,0,0,0,0,2,0,0,0,0
1000,0,242,-58.4,64,32,-8.17658,5.03026,0,0,0,0,0,0,0,0,0,0,0, 0,0,0,0,0,3,0,0,0,0
1000,1,286,-57.4,68,32,-8.59301,5.49546,0,0,0,0,0,0,0,0,0,0,0, 0,0,0,0,0,3,0,0,0,0
1000,2,238,-55.4,72,32,-8.88987,6.13271,0,0,0,0,0,0,0,0,0,0,0, 0,0,0,0,0,3,0,0,0,0
1000,3,154,-53.4,76,32,-9.15212,6.79696,0,0,0,0,0,0,0,0,0,0,0, 0,0,0,0,0,3,0,0,0,0
1000,4,69,-3.6,80,30.75,-0.753486,11.9763,0,0,0,0,0,0,0,0,0,0,0, 0,0,0,0,0,3,0,0,0,0
1000,5,90,-3.6,80,32.25,-0.753486,11.9763,0,0,0,0,0,0,0,0,0,0,0, 0,0,0,0,0,3,0,0,0,0
1000,6,123,-49.8,80,32,-9.16555,7.74549,0,0,0,0,0,0,0,0,0,0,0, 0,0,0,0,0,3,0,0,0,0
1000,7,79,2.4,84,30.75,0.527633,12.5889,0,0,0,0,0,0,0,0,0,0,0, 0,0,0,0,0,3,0,0,0,0
1000,8,109,1.3,84,32.25,0.28586,12.5968,0,0,0,0,0,0,0,0,0,0,0, 0,0,0,0,0,3,0,0,0,0
1000,9,82,-42.9,84,32,-8.57708,9.23004,0,0,0,0,0,0,0,0,0,0,0, 0,0,0,0,0,3,0,0,0,0
1000,10,71,1.3,88,30.75,0.299473,13.1966,0,0,0,0,0,0,0,0,0,0,0, 0,0,0,0,0,3,0,0,0,0
1000,11,60,1.3,88,32.25,0.299473,13.1966,0,0,0,0,0,0,0,0,0,0,0, 0,0,0,0,0,3,0,0,0,0
1000,12,138,-59.4,60,32,-7.74668,4.58137,0,0,0,0,0,0,0,0,0,0,0, 0,0,0,0,0,3,0,0,0,0
1040,0,244,-57.4,64,32,-8.08754,5.1722,0,0,0,0,0,0,0,0,0,0,0, 0,0,0,0,0,4,0,0,0,0
1040,1,76,2.4,96,32.25,0.603009,14.3874,0,0,0,0,0,0,0,0,0,0,0, 0,0,0,0,0,4,0,0,0,0
1040,2,287,-56.5,68,32,-8.50564,5.62976,0,0,0,0,0,0,0,0,0,0,0, 0,0,0,0,0,4,0,0,0,0
1040,3,240,-55.4,72,32,-8.88987,6.13271,0,0,0,0,0,0,0,0,0,0,0, 0,0,0,0,0,4,0,0,0,0
1040,4,159,-53.4,76,32,-9.15212,6.79696,0,0,0,0,0,0,0,0,0,0,0, 0,0,0,0,0,4,0,0,0,0
1040,5,113,-45.9,80,32,-8.61752,8.35095,0,0,0,0,0,0,0,0,0,0,0, 0,0,0,0,0,4,0,0,0,0
1040,6,46,1.8,84,30.75,0.395776,12.5938,0,0,0,0,0,0,0,0,0,0,0, 0,0,0,0,0,4,0,0,0,0
1040,7,88,-48,84,32,-9.36363,8.43105,0,0,0,0,0,0,0,0,0,0,0, 0,0,0,0,0,4,0,0,0,0
1040,8,64,1.8,88,32.25,0.414622,13.1935,0,0,0,0,0,0,0,0,0,0,0, 0,0,0,0,0,4,0,0,0,0
1040,9,139,-58.4,60,32,-7.66554,4.71587,0,0,0,0,0,0,0,0,0,0,0, 0,0,0,0,0,4,0,0,0,0
1040,10,29,-7.2,92,32.5,-1.7296,13.6912,0,0,0,0,0,0,0,0,0,0,0, 0,0,0,0,0,4,0,0,0,0
1080,0,244,-57.4,64,32,-8.08754,5.1722,0,0,0,0,0,0,0,0,0,0,0, 0,0,0,0,0,5,0,0,0,0
1080,1,287,-56.5,68,32,-8.50564,5.62976,0,0,0,0,0,0,0,0,0,0,0, 0,0,0,0,0,5,0,0,0,0
1080,2,239,-55.4,72,32,-8.88987,6.13271,0,0,0,0,0,0,0,0,0,0,0, 0,0,0,0,0,5,0,0,0,0
1080,3,160,-53.4,76,32,-9.15212,6.79696,0,0,0,0,0,0,0,0,0,0,0, 0,0,0,0,0,5,0,0,0,0
1080,4,107,-45.9,80,32,-8.61752,8.35095,0,0,0,0,0,0,0,0,0,0,0, 0,0,0,0,0,5,0,0,0,0
1080,5,87,-51.6,84,32,-9.87454,7.82646,0,0,0,0,0,0,0,0,0,0,0, 0,0,0,0,0,5,0,0,0,0
1080,6,138,-58.4,60,32,-7.66554,4.71587,0,0,0,0,0,0,0,0,0,0,0, 0,0,0,0,0,5,0,0,0,0
1120,0,243,-57.4,64,32,-8.08754,5.1722,0,0,0,0,0,0,0,0,0,0,0, 0,0,0,0,0,6,0,0,0,0
1120,1,28,-4.8,96,30.75,-1.20496,14.3495,0,0,0,0,0,0,0,0,0,0,0, 0,0,0,0,0,6,0,0,0,0
1120,2,288,-56.5,68,32,-8.50564,5.62976,0,0,0,0,0,0,0,0,0,0,0, 0,0,0,0,0,6,0,0,0,0
1120,3,25,0.1,100,31.75,0.0261799,15,0,0,0,0,0,0,0,0,0,0,0, 0,0,0,0,0,6,0,0,0,0
1120,4,32,-7.2,72,31.5,-1.3536,10.7148,0,0,0,0,0,0,0,0,0,0,0, 0,0,0,0,0,6,0,0,0,0
1120,5,237,-55.4,72,32,-8.88987,6.13271,0,0,0,0,0,0,0,0,0,0,0, 0,0,0,0,0,6,0,0,0,0
1120,6,155,-53.4,76,32,-9.15212,6.79696,0,0,0,0,0,0,0,0,0,0,0, 0,0,0,0,0,6,0,0,0,0
1120,7,63,-6.6,80,32.25,-1.37925,11.9205,0,0,0,0,0,0,0,0,0,0,0, 0,0,0,0,0,6,0,0,0,0
1120,8,119,-51.6,80,32,-9.40432,7.45377,0,0,0,0,0,0,0,0,0,0,0, 0,0,0,0,0,6,0,0,0,0
1120,9,86,-48,84,32,-9.36363,8.43105,0,0,0,0,0,0,0,0,0,0,0, 0,0,0,0,0,6,0,0,0,0
1120,10,54,-12,88,32.25,-2.74443,12.9115,0,0,0,0,0,0,0,0,0,0,0, 0,0,0,0,0,6,0,0,0,0
1120,11,138,-57.4,60,32,-7.58207,4.84894,0,0,0,0,0,0,0,0,0,0,0, 0,0,0,0,0,6,0,0,0,0
1160,0,244,-56.5,64,32,-8.0053,5.2986,0,0,0,0,0,0,0,0,0,0,0, 0,0,0,0,0,7,0,0,0,0
1160,1,286,-56.5,68,32,-8.50564,5.62976,0,0,0,0,0,0,0,0,0,0,0, 0,0,0,0,0,7,0,0,0,0
1160,2,239,-55.4,72,32,-8.88987,6.13271,0,0,0,0,0,0,0,0,0,0,0, 0,0,0,0,0,7,0,0,0,0
1160,3,155,-51.6,76,32,-8.93411,7.08108,0,0,0,0,0,0,0,0,0,0,0, 0,0,0,0,0,7,0,0,0,0
1160,4,108,-46.7,80,32,-8.73327,8.22982,0,0,0,0,0,0,0,0,0,0,0, 0,0,0,0,0,7,0,0,0,0
1160,5,33,-11.4,88,30.75,-2.60908,12.9396,0,0,0,0,0,0,0,0,0,0,0, 0,0,0,0,0,7,0,0,0,0
1160,6,140,-56.5,60,32,-7.50497,4.96743,0,0,0,0,0,0,0,0,0,0,0, 0,0,0,0,0,7,0,0,0,0
1200,0,244,-57.4,64,32,-8.08754,5.1722,0,0,0,0,0,0,0,0,0,0,0, 0,0,0,0,0,8,0,0,0,0
1200,1,288,-56.5,68,32,-8.50564,5.62976,0,0,0,0,0,0,0,0,0,0,0, 0,0,0,0,0,8,0,0,0,0
1200,2,237,-55.4,72,32,-8.88987,6.13271,0,0,0,0,0,0,0,0,0,0,0, 0,0,0,0,0,8,0,0,0,0
1200,3,149,-53.4,76,32,-9.15212,6.79696,0,0,0,0,0,0,0,0,0,0,0, 0,0,0,0,0,8,0,0,0,0
1200,4,110,-54.4,80,32,-9.75721,6.98548,0,0,0,0,0,0,0,0,0,0,0, 0,0,0,0,0,8,0,0,0,0
1200,5,99,-7.2,84,32.25,-1.5792,12.5006,0,0,0,0,0,0,0,0,0,0,0, 0,0,0,0,0,8,0,0,0,0
1200,6,108,-6.6,88,32.25,-1.51717,13.1125,0,0,0,0,0,0,0,0,0,0,0, 0,0,0,0,0,8,0,0,0,0
1200,7,136,-57.4,60,32,-7.58207,4.84894,0,0,0,0,0,0,0,0,0,0,0, 0,0,0,0,0,8,0,0,0,0
1200,8,56,3.1,92,30.75,0.746288,13.7798,0,0,0,0,0,0,0,0,0,0,0, 0,0,0,0,0,8,0,0,0,0
1200,9,71,-0.6,92,32.25,-0.144511,13.7992,0,0,0,0,0,0,0,0,0,0,0, 0,0,0,0,0,8,0,0,0,0
1240,0,245,-56.5,64,32,-8.0053,5.2986,0,1334,0,0,0,0,0,0,0,0,0, 0,0,0,0,0,9,0,0,0,0
1240,1,29,-4.8,96,32.25,-1.20496,14.3495,0,1334,0,0,0,0,0,0,0,0,0, 0,0,0,0,0,9,0,0,0,0
1240,2,289,-55.4,68,32,-8.39599,5.79201,0,1334,0,0,0,0,0,0,0,0,0, 0,0,0,0,0,9,0,0,0,0
1240,3,30,7.8,100,30.75,2.03573,14.8612,0,1334,0,0,0,0,0,0,0,0,0, 0,0,0,0,0,9,0,0,0,0
1240,4,242,-54.4,72,32,-8.78149,6.28693,0,1334,0,0,0,0,0,0,0,0,0, 0,0,0,0,0,9,0,0,0,0
1240,5,154,-53.4,76,32,-9.15212,6.79696,0,1334,0,0,0,0,0,0,0,0,0, 0,0,0,0,0,9,0,0,0,0
1240,6,44,-5.4,80,30.75,-1.1293,11.9467,0,1334,0,0,0,0,0,0,0,0,0, 0,0,0,0,0,9,0,0,0,0
1240,7,53,-2.4,80,32.25,-0.502508,11.9895,0,1334,0,0,0,0,0,0,0,0,0, 0,0,0,0,0,9,0,0,0,0
1240,8,103,-46.7,80,32,-8.73327,8.22982,0,1334,0,0,0,0,0,0,0,0,0, 0,0,0,0,0,9,0,0,0,0
1240,9,84,-3.6,84,32.25,-0.79116,12.5751,0,1334,0,0,0,0,0,0,0,0,0, 0,0,0,0,0,9,0,0,0,0
1240,10,88,-54.4,84,32,-10.2451,7.33475,0,1334,0,0,0,0,0,0,0,0,0, 0,0,0,0,0,9,0,0,0,0
1240,11,137,-56.5,60,32,-7.50497,4.96743,0,1334,0,0,0,0,0,0,0,0,0, 0,0,0,0,0,9,0,0,0,0
1280,0,246,-56.5,64,32,-8.0053,5.2986,0,0,0,0,0,0,0,0,0,0,0, 0,0,0,0,0,10,0,0,0,0
1280,1,48,2.4,96,30.75,0.603009,14.3874,0,0,0,0,0,0,0,0,0,0,0, 0,0,0,0,0,10,0,0,0,0
1280,2,290,-55.4,68,32,-8.39599,5.79201,0,0,0,0,0,0,0,0,0,0,0, 0,0,0,0,0,10,0,0,0,0
1280,3,241,-54.4,72,32,-8.78149,6.28693,0,0,0,0,0,0,0,0,0,0,0, 0,0,0,0,0,10,0,0,0,0
1280,4,155,-51.6,76,32,-8.93411,7.08108,0,0,0,0,0,0,0,0,0,0,0, 0,0,0,0,0,10,0,0,0,0
1280,5,104,-46.7,80,32,-8.73327,8.22982,0,0,0,0,0,0,0,0,0,0,0, 0,0,0,0,0,10,0,0,0,0
1280,6,83,-48,84,32,-9.36363,8.43105,0,0,0,0,0,0,0,0,0,0,0, 0,0,0,0,0,10,0,0,0,0
1280,7,138,-57.4,60,32,-7.58207,4.84894,0,0,0,0,0,0,0,0,0,0,0, 0,0,0,0,0,10,0,0,0,0
1280,8,52,6.6,92,32.25,1.58613,13.7085,0,0,0,0,0,0,0,0,0,0,0, 0,0,0,0,0,10,0,0,0,0
1320,0,243,-56.5,64,32,-8.0053,5.2986,0,7936,0,0,0,0,0,0,0,0,0, 0,0,0,0,0,11,0,0,0,0
1320,1,288,-55.4,68,32,-8.39599,5.79201,0,7936,0,0,0,0,0,0,0,0,0, 0,0,0,0,0,11,0,0,0,0
1320,2,239,-54.4,72,32,-8.78149,6.28693,0,7936,0,0,0,0,0,0,0,0,0, 0,0,0,0,0,11,0,0,0,0
1320,3,153,-51.6,76,32,-8.93411,7.08108,0,7936,0,0,0,0,0,0,0,0,0, 0,0,0,0,0,11,0,0,0,0
1320,4,107,-49.8,80,32,-9.16555,7.74549,0,7936,0,0,0,0,0,0,0,0,0, 0,0,0,0,0,11,0,0,0,0
1320,5,83,-48,84,32,-9.36363,8.43105,0,7936,0,0,0,0,0,0,0,0,0, 0,0,0,0,0,11,0,0,0,0
1320,6,137,-57.4,60,32,-7.58207,4.84894,0,7936,0,0,0,0,0,0,0,0,0, 0,0,0,0,0,11,0,0,0,0
1360,0,243,-56.5,64,32,-8.0053,5.2986,0,1141,0,0,0,0,0,0,0,0,0, 0,0,0,0,0,12,0,0,0,0
1360,1,288,-56.5,68,32,-8.50564,5.62976,0,1141,0,0,0,0,0,0,0,0,0, 0,0,0,0,0,12,0,0,0,0
1360,2,46,1.3,100,32.25,0.34031,14.9961,0,1141,0,0,0,0,0,0,0,0,0, 0,0,0,0,0,12,0,0,0,0
1360,3,240,-55.4,72,32,-8.88987,6.13271,0,1141,0,0,0,0,0,0,0,0,0, 0,0,0,0,0,12,0,0,0,0
1360,4,63,-2.4,76,30.75,-0.477382,11.39,0,1141,0,0,0,0,0,0,0,0,0, 0,0,0,0,0,12,0,0,0,0
1360,5,72,-4.8,76,32.25,-0.953927,11.36,0,1141,0,0,0,0,0,0,0,0,0, 0,0,0,0,0,12,0,0,0,0
1360,6,164,-54.4,76,32,-9.26935,6.6362,0,1141,0,0,0,0,0,0,0,0,0, 0,0,0,0,0,12,0,0,0,0
1360,7,136,-4.8,80,32.25,-1.00413,11.9579,0,1141,0,0,0,0,0,0,0,0,0, 0,0,0,0,0,12,0,0,0,0
1360,8,100,-41.7,80,32,-7.98276,8.95966,0,1141,0,0,0,0,0,0,0,0,0, 0,0,0,0,0,12,0,0,0,0
1360,9,127,-4.2,84,32.25,-0.922801,12.5662,0,1141,0,0,0,0,0,0,0,0,0, 0,0,0,0,0,12,0,0,0,0
1360,10,93,-56.5,84,32,-10.507,6.95441,0,1141,0,0,0,0,0,0,0,0,0, 0,0,0,0,0,12,0,0,0,0
1360,11,72,-7.8,88,30.75,-1.79145,13.0779,0,1141,0,0,0,0,0,0,0,0,0, 0,0,0,0,0,12,0,0,0,0
1360,12,82,-3,88,32.25,-0.690835,13.1819,0,1141,0,0,0,0,0,0,0,0,0, 0,0,0,0,0,12,0,0,0,0
1360,13,136,-56.5,60,32,-7.50497,4.96743,0,1141,0,0,0,0,0,0,0,0,0, 0,0,0,0,0,12,0,0,0,0
1400,0,243,-56.5,64,32,-8.0053,5.2986,0,86,0,0,0,0,0,0,0,0,0, 0,0,0,0,0,13,0,0,0,0
1400,1,287,-55.4,68,32,-8.39599,5.79201,0,86,0,0,0,0,0,0,0,0,0, 0,0,0,0,0,13,0,0,0,0
1400,2,36,69.6,8,33,1.12474,0.418287,0,86,0,0,0,0,0,0,0,0,0, 0,0,0,0,0,13,0,0,0,0
1400,3,239,-55.4,72,32,-8.88987,6.13271,0,86,0,0,0,0,0,0,0,0,0, 0,0,0,0,0,13,0,0,0,0
1400,4,156,-51.6,76,32,-8.93411,7.08108,0,86,0,0,0,0,0,0,0,0,0, 0,0,0,0,0,13,0,0,0,0
1400,5,103,-48,80,32,-8.91774,8.02957,0,86,0,0,0,0,0,0,0,0,0, 0,0,0,0,0,13,0,0,0,0
1400,6,93,0.6,84,32.25,0.131944,12.5993,0,86,0,0,0,0,0,0,0,0,0, 0,0,0,0,0,13,0,0,0,0
1400,7,92,-54.4,84,32,-10.2451,7.33475,0,86,0,0,0,0,0,0,0,0,0, 0,0,0,0,0,13,0,0,0,0
1400,8,100,-1.2,88,32.25,-0.27644,13.1971,0,86,0,0,0,0,0,0,0,0,0, 0,0,0,0,0,13,0,0,0,0
1400,9,136,-56.5,60,32,-7.50497,4.96743,0,86,0,0,0,0,0,0,0,0,0, 0,0,0,0,0,13,0,0,0,0
1440,0,242,-56.5,64,32,-8.0053,5.2986,0,0,0,0,0,0,0,0,0,0,0, 0,0,0,0,0,14,0,0,0,0
1440,1,288,-55.4,68,32,-8.39599,5.79201,0,0,0,0,0,0,0,0,0,0,0, 0,0,0,0,0,14,0,0,0,0
1440,2,240,-54.4,72,32,-8.78149,6.28693,0,0,0,0,0,0,0,0,0,0,0, 0,0,0,0,0,14,0,0,0,0
1440,3,157,-51.6,76,32,-8.93411,7.08108,0,0,0,0,0,0,0,0,0,0,0, 0,0,0,0,0,14,0,0,0,0
1440,4,106,-51.6,80,32,-9.40432,7.45377,0,0,0,0,0,0,0,0,0,0,0, 0,0,0,0,0,14,0,0,0,0
1440,5,49,-9.6,84,30.75,-2.10129,12.4235,0,0,0,0,0,0,0,0,0,0,0, 0,0,0,0,0,14,0,0,0,0
1440,6,137,-57.4,60,32,-7.58207,4.84894,0,0,0,0,0,0,0,0,0,0,0, 0,0,0,0,0,14,0,0,0,0
1440,7,60,4.8,92,32.25,1.15475,13.7516,0,0,0,0,0,0,0,0,0,0,0, 0,0,0,0,0,14,0,0,0,0
1480,0,245,-56.5,64,32,-8.0053,5.2986,0,0,0,0,0,0,0,0,0,0,0, 0,0,0,0,0,15,0,0,0,0
1480,1,290,-55.4,68,32,-8.39599,5.79201,0,0,0,0,0,0,0,0,0,0,0, 0,0,0,0,0,15,0,0,0,0
1480,2,242,-55.4,72,32,-8.88987,6.13271,0,0,0,0,0,0,0,0,0,0,0, 0,0,0,0,0,15,0,0,0,0
1480,3,159,-51.6,76,32,-8.93411,7.08108,0,0,0,0,0,0,0,0,0,0,0, 0,0,0,0,0,15,0,0,0,0
1480,4,108,-49.8,80,32,-9.16555,7.74549,0,0,0,0,0,0,0,0,0,0,0, 0,0,0,0,0,15,0,0,0,0
1480,5,103,-4.8,88,32.25,-1.10455,13.1537,0,0,0,0,0,0,0,0,0,0,0, 0,0,0,0,0,15,0,0,0,0
1480,6,137,-57.4,60,32,-7.58207,4.84894,0,0,0,0,0,0,0,0,0,0,0, 0,0,0,0,0,15,0,0,0,0
1480,7,94,-2.4,92,30.75,-0.577884,13.7879,0,0,0,0,0,0,0,0,0,0,0, 0,0,0,0,0,15,0,0,0,0
1480,8,121,-1.8,92,32.25,-0.433468,13.7932,0,0,0,0,0,0,0,0,0,0,0, 0,0,0,0,0,15,0,0,0,0
1520,0,243,-56.5,64,32,-8.0053,5.2986,0,0,0,0,0,0,0,0,0,0,0, 0,0,0,0,0,0,0,0,0,0
1520,1,290,-56.5,68,32,-8.50564,5.62976,0,0,0,0,0,0,0,0,0,0,0, 0,0,0,0,0,0,0,0,0,0
1520,2,38,72.4,8,33,1.14383,0.362844,0,0,0,0,0,0,0,0,0,0,0, 0,0,0,0,0,0,0,0,0,0
1520,3,242,-55.4,72,32,-8.88987,6.13271,0,0,0,0,0,0,0,0,0,0,0, 0,0,0,0,0,0,0,0,0,0
1520,4,156,-54.4,76,32,-9.26935,6.6362,0,0,0,0,0,0,0,0,0,0,0, 0,0,0,0,0,0,0,0,0,0
1520,5,107,-51.6,80,32,-9.40432,7.45377,0,0,0,0,0,0,0,0,0,0,0, 0,0,0,0,0,0,0,0,0,0
1520,6,67,0.6,84,30.75,0.131944,12.5993,0,0,0,0,0,0,0,0,0,0,0, 0,0,0,0,0,0,0,0,0,0
1520,7,68,3.6,84,32.25,0.79116,12.5751,0,0,0,0,0,0,0,0,0,0,0, 0,0,0,0,0,0,0,0,0,0
1520,8,85,-54.4,84,32,-10.2451,7.33475,0,0,0,0,0,0,0,0,0,0,0, 0,0,0,0,0,0,0,0,0,0
1520,9,137,-56.5,60,32,-7.50497,4.96743,0,0,0,0,0,0,0,0,0,0,0, 0,0,0,0,0,0,0,0,0,0
1560,0,245,-56.5,64,32,-8.0053,5.2986,0,0,0,0,0,0,0,0,0,0,0, 0,0,0,0,0,1,0,0,0,0
1560,1,287,-56.5,68,32,-8.50564,5.62976,0,0,0,0,0,0,0,0,0,0,0, 0,0,0,0,0,1,0,0,0,0
1560,2,45,2.4,100,32.25,0.628135,14.9868,0,0,0,0,0,0,0,0,0,0,0, 0,0,0,0,0,1,0,0,0,0
1560,3,241,-55.4,72,32,-8.88987,6.13271,0,0,0,0,0,0,0,0,0,0,0, 0,0,0,0,0,1,0,0,0,0
1560,4,158,-54.4,76,32,-9.26935,6.6362,0,0,0,0,0,0,0,0,0,0,0, 0,0,0,0,0,1,0,0,0,0
1560,5,110,-53.4,80,32,-9.63381,7.1547,0,0,0,0,0,0,0,0,0,0,0, 0,0,0,0,0,1,0,0,0,0
1560,6,136,-57.4,60,32,-7.58207,4.84894,0,0,0,0,0,0,0,0,0,0,0, 0,0,0,0,0,1,0,0,0,0
1600,0,241,-57.4,64,32,-8.08754,5.1722,0,0,0,0,0,0,0,0,0,0,0, 0,0,0,0,0,2,0,0,0,0
1600,1,287,-57.4,68,32,-8.59301,5.49546,0,0,0,0,0,0,0,0,0,0,0, 0,0,0,0,0,2,0,0,0,0
1600,2,44,3.6,100,31.75,0.941858,14.9704,0,0,0,0,0,0,0,0,0,0,0, 0,0,0,0,0,2,0,0,0,0
1600,3,241,-56.5,72,32,-9.00597,5.96092,0,0,0,0,0,0,0,0,0,0,0, 0,0,0,0,0,2,0,0,0,0
1600,4,152,-54.4,76,32,-9.26935,6.6362,0,0,0,0,0,0,0,0,0,0,0, 0,0,0,0,0,2,0,0,0,0
1600,5,100,-48,80,32,-8.91774,8.02957,0,0,0,0,0,0,0,0,0,0,0, 0,0,0,0,0,2,0,0,0,0
1600,6,65,-2.4,84,30.75,-0.527633,12.5889,0,0,0,0,0,0,0,0,0,0,0, 0,0,0,0,0,2,0,0,0,0
1600,7,63,-4.2,84,32.25,-0.922801,12.5662,0,0,0,0,0,0,0,0,0,0,0, 0,0,0,0,0,2,0,0,0,0
1600,8,87,-56.5,84,32,-10.507,6.95441,0,0,0,0,0,0,0,0,0,0,0, 0,0,0,0,0,2,0,0,0,0
1600,9,137,-58.4,60,32,-7.66554,4.71587,0,0,0,0,0,0,0,0,0,0,0, 0,0,0,0,0,2,0,0,0,0
1640,0,243,-56.5,64,32,-8.0053,5.2986,0,0,0,0,0,0,0,0,0,0,0, 0,0,0,0,0,3,0,0,0,0
1640,1,25,-7.2,96,30.75,-1.8048,14.2865,0,0,0,0,0,0,0,0,0,0,0, 0,0,0,0,0,3,0,0,0,0
1640,2,287,-56.5,68,32,-8.50564,5.62976,0,0,0,0,0,0,0,0,0,0,0, 0,0,0,0,0,3,0,0,0,0
1640,3,240,-55.4,72,32,-8.88987,6.13271,0,0,0,0,0,0,0,0,0,0,0, 0,0,0,0,0,3,0,0,0,0
1640,4,154,-53.4,76,32,-9.15212,6.79696,0,0,0,0,0,0,0,0,0,0,0, 0,0,0,0,0,3,0,0,0,0
1640,5,38,-3,80,30.75,-0.628031,11.9836,0,0,0,0,0,0,0,0,0,0,0, 0,0,0,0,0,3,0,0,0,0
1640,6,66,-1.8,80,31.25,-0.376929,11.9941,0,0,0,0,0,0,0,0,0,0,0, 0,0,0,0,0,3,0,0,0,0
1640,7,53,-2.4,80,32.25,-0.502508,11.9895,0,0,0,0,0,0,0,0,0,0,0, 0,0,0,0,0,3,0,0,0,0
1640,8,108,-48,80,32,-8.91774,8.02957,0,0,0,0,0,0,0,0,0,0,0, 0,0,0,0,0,3,0,0,0,0
1640,9,90,-54.4,84,32,-10.2451,7.33475,0,0,0,0,0,0,0,0,0,0,0, 0,0,0,0,0,3,0,0,0,0
1640,10,49,0.1,88,30.75,0.0230383,13.2,0,0,0,0,0,0,0,0,0,0,0, 0,0,0,0,0,3,0,0,0,0
1640,11,57,2.4,88,32.25,0.552759,13.1884,0,0,0,0,0,0,0,0,0,0,0, 0,0,0,0,0,3,0,0,0,0
1640,12,136,-57.4,60,32,-7.58207,4.84894,0,0,0,0,0,0,0,0,0,0,0, 0,0,0,0,0,3,0,0,0,0
1680,0,244,-56.5,64,32,-8.0053,5.2986,0,0,0,0,0,0,0,0,0,0,0, 0,0,0,0,0,4,0,0,0,0
1680,1,289,-55.4,68,32,-8.39599,5.79201,0,0,0,0,0,0,0,0,0,0,0, 0,0,0,0,0,4,0,0,0,0
1680,2,239,-54.4,72,32,-8.78149,6.28693,0,0,0,0,0,0,0,0,0,0,0, 0,0,0,0,0,4,0,0,0,0
1680,3,159,-53.4,76,32,-9.15212,6.79696,0,0,0,0,0,0,0,0,0,0,0, 0,0,0,0,0,4,0,0,0,0
1680,4,84,0.1,80,32.25,0.0209439,12,0,0,0,0,0,0,0,0,0,0,0, 0,0,0,0,0,4,0,0,0,0
1680,5,108,-48,80,32,-8.91774,8.02957,0,0,0,0,0,0,0,0,0,0,0, 0,0,0,0,0,4,0,0,0,0
1680,6,134,-0.6,84,31.25,-0.131944,12.5993,0,0,0,0,0,0,0,0,0,0,0, 0,0,0,0,0,4,0,0,0,0
1680,7,83,-42.9,84,32,-8.57708,9.23004,0,0,0,0,0,0,0,0,0,0,0, 0,0,0,0,0,4,0,0,0,0
1680,8,139,-56.5,60,32,-7.50497,4.96743,0,0,0,0,0,0,0,0,0,0,0, 0,0,0,0,0,4,0,0,0,0
1720,0,245,-56.5,64,32,-8.0053,5.2986,0,0,0,0,0,0,0,0,0,0,0, 0,0,0,0,0,5,0,0,0,0
1720,1,49,6.1,96,32.25,1.5302,14.3185,0,0,0,0,0,0,0,0,0,0,0, 0,0,0,0,0,5,0,0,0,0
1720,2,288,-56.5,68,32,-8.50564,5.62976,0,0,0,0,0,0,0,0,0,0,0, 0,0,0,0,0,5,0,0,0,0
1720,3,52,2.4,100,32.25,0.628135,14.9868,0,0,0,0,0,0,0,0,0,0,0, 0,0,0,0,0,5,0,0,0,0
1720,4,241,-55.4,72,32,-8.88987,6.13271,0,0,0,0,0,0,0,0,0,0,0, 0,0,0,0,0,5,0,0,0,0
1720,5,153,-53.4,76,32,-9.15212,6.79696,0,0,0,0,0,0,0,0,0,0,0, 0,0,0,0,0,5,0,0,0,0
1720,6,105,-46.7,80,32,-8.73327,8.22982,0,0,0,0,0,0,0,0,0,0,0, 0,0,0,0,0,5,0,0,0,0
1720,7,45,-4.2,84,32.25,-0.922801,12.5662,0,0,0,0,0,0,0,0,0,0,0, 0,0,0,0,0,5,0,0,0,0
1720,8,88,-54.4,84,32,-10.2451,7.33475,0,0,0,0,0,0,0,0,0,0,0, 0,0,0,0,0,5,0,0,0,0
1720,9,28,-6.6,88,30.75,-1.51717,13.1125,0,0,0,0,0,0,0,0,0,0,0, 0,0,0,0,0,5,0,0,0,0
1720,10,47,-1.2,88,31.25,-0.27644,13.1971,0,0,0,0,0,0,0,0,0,0,0, 0,0,0,0,0,5,0,0,0,0
1720,11,135,-57.4,60,32,-7.58207,4.84894,0,0,0,0,0,0,0,0,0,0,0, 0,0,0,0,0,5,0,0,0,0
1760,0,242,-56.5,64,32,-8.0053,5.2986,0,0,0,0,0,0,0,0,0,0,0, 0,0,0,0,0,6,0,0,0,0
1760,1,289,-56.5,68,32,-8.50564,5.62976,0,0,0,0,0,0,0,0,0,0,0, 0,0,0,0,0,6,0,0,0,0
1760,2,240,-55.4,72,32,-8.88987,6.13271,0,0,0,0,0,0,0,0,0,0,0, 0,0,0,0,0,6,0,0,0,0
1760,3,152,-53.4,76,32,-9.15212,6.79696,0,0,0,0,0,0,0,0,0,0,0, 0,0,0,0,0,6,0,0,0,0
1760,4,106,-49.8,80,32,-9.16555,7.74549,0,0,0,0,0,0,0,0,0,0,0, 0,0,0,0,0,6,0,0,0,0
1760,5,88,-55.4,84,32,-10.3715,7.15483,0,0,0,0,0,0,0,0,0,0,0, 0,0,0,0,0,6,0,0,0,0
1760,6,71,0.6,88,30.75,0.138228,13.1993,0,0,0,0,0,0,0,0,0,0,0, 0,0,0,0,0,6,0,0,0,0
1760,7,101,1.3,88,32.25,0.299473,13.1966,0,0,0,0,0,0,0,0,0,0,0, 0,0,0,0,0,6,0,0,0,0
1760,8,136,-56.5,60,32,-7.50497,4.96743,0,0,0,0,0,0,0,0,0,0,0, 0,0,0,0,0,6,0,0,0,0
1800,0,242,-56.5,64,32,-8.0053,5.2986,0,0,0,0,0,0,0,0,0,0,0, 0,0,0,0,0,7,0,0,0,0
1800,1,65,7.8,96,32.25,1.9543,14.2668,0,0,0,0,0,0,0,0,0,0,0, 0,0,0,0,0,7,0,0,0,0
1800,2,288,-56.5,68,32,-8.50564,5.62976,0,0,0,0,0,0,0,0,0,0,0, 0,0,0,0,0,7,0,0,0,0
1800,3,242,-55.4,72,32,-8.88987,6.13271,0,0,0,0,0,0,0,0,0,0,0, 0,0,0,0,0,7,0,0,0,0
1800,4,154,-53.4,76,32,-9.15212,6.79696,0,0,0,0,0,0,0,0,0,0,0, 0,0,0,0,0,7,0,0,0,0
1800,5,61,1.8,80,32.25,0.376929,11.9941,0,0,0,0,0,0,0,0,0,0,0, 0,0,0,0,0,7,0,0,0,0
1800,6,103,-48,80,32,-8.91774,8.02957,0,0,0,0,0,0,0,0,0,0,0, 0,0,0,0,0,7,0,0,0,0
1800,7,50,0.6,84,32.25,0.131944,12.5993,0,0,0,0,0,0,0,0,0,0,0, 0,0,0,0,0,7,0,0,0,0
1800,8,90,-56.5,84,32,-10.507,6.95441,0,0,0,0,0,0,0,0,0,0,0, 0,0,0,0,0,7,0,0,0,0
1800,9,137,-57.4,60,32,-7.58207,4.84894,0,0,0,0,0,0,0,0,0,0,0, 0,0,0,0,0,7,0,0,0,0
1800,10,103,2.4,92,32.25,0.577884,13.7879,0,0,0,0,0,0,0,0,0,0,0, 0,0,0,0,0,7,0,0,0,0
1840,0,243,-56.5,64,32,-8.0053,5.2986,0,0,0,0,0,0,0,0,0,0,0, 0,0,0,0,0,8,0,0,0,0
1840,1,289,-56.5,68,32,-8.50564,5.62976,0,0,0,0,0,0,0,0,0,0,0, 0,0,0,0,0,8,0,0,0,0
1840,2,241,-55.4,72,32,-8.88987,6.13271,0,0,0,0,0,0,0,0,0,0,0, 0,0,0,0,0,8,0,0,0,0
1840,3,157,-53.4,76,32,-9.15212,6.79696,0,0,0,0,0,0,0,0,0,0,0, 0,0,0,0,0,8,0,0,0,0
1840,4,44,-1.8,80,31.5,-0.376929,11.9941,0,0,0,0,0,0,0,0,0,0,0, 0,0,0,0,0,8,0,0,0,0
1840,5,110,-53.4,80,32,-9.63381,7.1547,0,0,0,0,0,0,0,0,0,0,0, 0,0,0,0,0,8,0,0,0,0
1840,6,55,0.1,88,32.25,0.0230383,13.2,0,0,0,0,0,0,0,0,0,0,0, 0,0,0,0,0,8,0,0,0,0
1840,7,139,-56.5,60,32,-7.50497,4.96743,0,0,0,0,0,0,0,0,0,0,0, 0,0,0,0,0,8,0,0,0,0
1880,0,245,-56.5,64,32,-8.0053,5.2986,0,1334,0,0,0,0,0,0,0,0,0, 0,0,0,0,0,9,0,0,0,0
1880,1,289,-56.5,68,32,-8.50564,5.62976,0,1334,0,0,0,0,0,0,0,0,0, 0,0,0,0,0,9,0,0,0,0
1880,2,242,-55.4,72,32,-8.88987,6.13271,0,1334,0,0,0,0,0,0,0,0,0, 0,0,0,0,0,9,0,0,0,0
1880,3,156,-54.4,76,32,-9.26935,6.6362,0,1334,0,0,0,0,0,0,0,0,0, 0,0,0,0,0,9,0,0,0,0
1880,4,103,-49.8,80,32,-9.16555,7.74549,0,1334,0,0,0,0,0,0,0,0,0, 0,0,0,0,0,9,0,0,0,0
1880,5,83,-59.4,84,32,-10.8454,6.41392,0,1334,0,0,0,0,0,0,0,0,0, 0,0,0,0,0,9,0,0,0,0
1880,6,139,-56.5,60,32,-7.50497,4.96743,0,1334,0,0,0,0,0,0,0,0,0, 0,0,0,0,0,9,0,0,0,0
1880,7,73,-5.4,92,31.25,-1.29869,13.7388,0,1334,0,0,0,0,0,0,0,0,0, 0,0,0,0,0,9,0,0,0,0
1920,0,246,-56.5,64,32,-8.0053,5.2986,0,0,0,0,0,0,0,0,0,0,0, 0,0,0,0,0,10,0,0,0,0
1920,1,289,-56.5,68,32,-8.50564,5.62976,0,0,0,0,0,0,0,0,0,0,0, 0,0,0,0,0,10,0,0,0,0
1920,2,37,-3,100,32.25,-0.785039,14.9794,0,0,0,0,0,0,0,0,0,0,0, 0,0,0,0,0,10,0,0,0,0
1920,3,240,-55.4,72,32,-8.88987,6.13271,0,0,0,0,0,0,0,0,0,0,0, 0,0,0,0,0,10,0,0,0,0
1920,4,157,-53.4,76,32,-9.15212,6.79696,0,0,0,0,0,0,0,0,0,0,0, 0,0,0,0,0,10,0,0,0,0
1920,5,107,-53.4,80,32,-9.63381,7.1547,0,0,0,0,0,0,0,0,0,0,0, 0,0,0,0,0,10,0,0,0,0
1920,6,45,3.6,84,30.75,0.79116,12.5751,0,0,0,0,0,0,0,0,0,0,0, 0,0,0,0,0,10,0,0,0,0
1920,7,78,2.4,84,31.75,0.527633,12.5889,0,0,0,0,0,0,0,0,0,0,0, 0,0,0,0,0,10,0,0,0,0
1920,8,52,7.2,88,31.25,1.6544,13.0959,0,0,0,0,0,0,0,0,0,0,0, 0,0,0,0,0,10,0,0,0,0
1920,9,138,-56.5,60,32,-7.50497,4.96743,0,0,0,0,0,0,0,0,0,0,0, 0,0,0,0,0,10,0,0,0,0
1960,0,245,-56.5,64,32,-8.0053,5.2986,0,7936,0,0,0,0,0,0,0,0,0, 0,0,0,0,0,11,0,0,0,0
1960,1,59,1.3,96,32.25,0.326698,14.3963,0,7936,0,0,0,0,0,0,0,0,0, 0,0,0,0,0,11,0,0,0,0
1960,2,291,-55.4,68,32,-8.39599,5.79201,0,7936,0,0,0,0,0,0,0,0,0, 0,0,0,0,0,11,0,0,0,0
1960,3,240,-55.4,72,32,-8.88987,6.13271,0,7936,0,0,0,0,0,0,0,0,0, 0,0,0,0,0,11,0,0,0,0
1960,4,156,-53.4,76,32,-9.15212,6.79696,0,7936,0,0,0,0,0,0,0,0,0, 0,0,0,0,0,11,0,0,0,0
1960,5,104,-49.8,80,32,-9.16555,7.74549,0,7936,0,0,0,0,0,0,0,0,0, 0,0,0,0,0,11,0,0,0,0
1960,6,58,2.4,84,32.25,0.527633,12.5889,0,7936,0,0,0,0,0,0,0,0,0, 0,0,0,0,0,11,0,0,0,0
1960,7,87,-56.5,84,32,-10.507,6.95441,0,7936,0,0,0,0,0,0,0,0,0, 0,0,0,0,0,11,0,0,0,0
1960,8,42,4.8,88,31.5,1.10455,13.1537,0,7936,0,0,0,0,0,0,0,0,0, 0,0,0,0,0,11,0,0,0,0
1960,9,140,-56.5,60,32,-7.50497,4.96743,0,7936,0,0,0,0,0,0,0,0,0, 0,0,0,0,0,11,0,0,0,0
2000,0,245,-56.5,64,32,-8.0053,5.2986,0,1141,0,0,0,0,0,0,0,0,0, 0,0,0,0,0,12,0,0,0,0
2000,1,55,-3,96,32.25,-0.753638,14.3803,0,1141,0,0,0,0,0,0,0,0,0, 0,0,0,0,0,12,0,0,0,0
2000,2,290,-55.4,68,32,-8.39599,5.79201,0,1141,0,0,0,0,0,0,0,0,0, 0,0,0,0,0,12,0,0,0,0
2000,3,46,1.8,100,31.75,0.471161,14.9926,0,1141,0,0,0,0,0,0,0,0,0, 0,0,0,0,0,12,0,0,0,0
2000,4,42,-0.6,100,32.25,-0.157077,14.9992,0,1141,0,0,0,0,0,0,0,0,0, 0,0,0,0,0,12,0,0,0,0
2000,5,242,-55.4,72,32,-8.88987,6.13271,0,1141,0,0,0,0,0,0,0,0,0, 0,0,0,0,0,12,0,0,0,0
2000,6,152,-51.6,76,32,-8.93411,7.08108,0,1141,0,0,0,0,0,0,0,0,0, 0,0,0,0,0,12,0,0,0,0
2000,7,106,-49.8,80,32,-9.16555,7.74549,0,1141,0,0,0,0,0,0,0,0,0, 0,0,0,0,0,12,0,0,0,0
2000,8,87,-54.4,84,32,-10.2451,7.33475,0,1141,0,0,0,0,0,0,0,0,0, 0,0,0,0,0,12,0,0,0,0
2000,9,94,-2.4,88,32.25,-0.552759,13.1884,0,1141,0,0,0,0,0,0,0,0,0, 0,0,0,0,0,12,0,0,0,0
2000,10,136,-58.4,60,32,-7.66554,4.71587,0,1141,0,0,0,0,0,0,0,0,0, 0,0,0,0,0,12,0,0,0,0
2000,11,58,0.6,92,30.75,0.144511,13.7992,0,1141,0,0,0,0,0,0,0,0,0, 0,0,0,0,0,12,0,0,0,0
2000,12,105,0.1,92,31.25,0.0240855,13.8,0,1141,0,0,0,0,0,0,0,0,0, 0,0,0,0,0,12,0,0,0,0
2040,0,243,-58.4,64,32,-8.17658,5.03026,0,86,0,0,0,0,0,0,0,0,0, 0,0,0,0,0,13,0,0,0,0
2040,1,288,-57.4,68,32,-8.59301,5.49546,0,86,0,0,0,0,0,0,0,0,0, 0,0,0,0,0,13,0,0,0,0
2040,2,238,-56.5,72,32,-9.00597,5.96092,0,86,0,0,0,0,0,0,0,0,0, 0,0,0,0,0,13,0,0,0,0
2040,3,29,0.6,76,32.25,0.119378,11.3994,0,86,0,0,0,0,0,0,0,0,0, 0,0,0,0,0,13,0,0,0,0
2040,4,151,-54.4,76,32,-9.26935,6.6362,0,86,0,0,0,0,0,0,0,0,0, 0,0,0,0,0,13,0,0,0,0
2040,5,104,-49.8,80,32,-9.16555,7.74549,0,86,0,0,0,0,0,0,0,0,0, 0,0,0,0,0,13,0,0,0,0
2040,6,120,-0.6,84,32.25,-0.131944,12.5993,0,86,0,0,0,0,0,0,0,0,0, 0,0,0,0,0,13,0,0,0,0
2040,7,75,-2.4,88,30.75,-0.552759,13.1884,0,86,0,0,0,0,0,0,0,0,0, 0,0,0,0,0,13,0,0,0,0
2040,8,88,-1.2,88,32.25,-0.27644,13.1971,0,86,0,0,0,0,0,0,0,0,0, 0,0,0,0,0,13,0,0,0,0
2040,9,138,-58.4,60,32,-7.66554,4.71587,0,86,0,0,0,0,0,0,0,0,0, 0,0,0,0,0,13,0,0,0,0
2040,10,62,8.3,92,31.5,1.99212,13.6555,0,86,0,0,0,0,0,0,0,0,0, 0,0,0,0,0,13,0,0,0,0
2080,0,243,-57.4,64,32,-8.08754,5.1722,0,0,0,0,0,0,0,0,0,0,0, 0,0,0,0,0,14,0,0,0,0
2080,1,46,-2.4,96,30.75,-0.603009,14.3874,0,0,0,0,0,0,0,0,0,0,0, 0,0,0,0,0,14,0,0,0,0
2080,2,52,-1.8,96,32.25,-0.452315,14.3929,0,0,0,0,0,0,0,0,0,0,0, 0,0,0,0,0,14,0,0,0,0
2080,3,287,-56.5,68,32,-8.50564,5.62976,0,0,0,0,0,0,0,0,0,0,0, 0,0,0,0,0,14,0,0,0,0
2080,4,241,-55.4,72,32,-8.88987,6.13271,0,0,0,0,0,0,0,0,0,0,0, 0,0,0,0,0,14,0,0,0,0
2080,5,152,-53.4,76,32,-9.15212,6.79696,0,0,0,0,0,0,0,0,0,0,0, 0,0,0,0,0,14,0,0,0,0
2080,6,107,-49.8,80,32,-9.16555,7.74549,0,0,0,0,0,0,0,0,0,0,0, 0,0,0,0,0,14,0,0,0,0
2080,7,139,-57.4,60,32,-7.58207,4.84894,0,0,0,0,0,0,0,0,0,0,0, 0,0,0,0,0,14,0,0,0,0
2120,0,244,-57.4,64,32,-8.08754,5.1722,0,0,0,0,0,0,0,0,0,0,0, 0,0,0,0,0,15,0,0,0,0
2120,1,289,-56.5,68,32,-8.50564,5.62976,0,0,0,0,0,0,0,0,0,0,0, 0,0,0,0,0,15,0,0,0,0
2120,2,90,0.6,100,31.25,0.157077,14.9992,0,0,0,0,0,0,0,0,0,0,0, 0,0,0,0,0,15,0,0,0,0
2120,3,239,-55.4,72,32,-8.88987,6.13271,0,0,0,0,0,0,0,0,0,0,0, 0,0,0,0,0,15,0,0,0,0
2120,4,153,-53.4,76,32,-9.15212,6.79696,0,0,0,0,0,0,0,0,0,0,0, 0,0,0,0,0,15,0,0,0,0
2120,5,105,-49.8,80,32,-9.16555,7.74549,0,0,0,0,0,0,0,0,0,0,0, 0,0,0,0,0,15,0,0,0,0
2120,6,90,-59.4,84,32,-10.8454,6.41392,0,0,0,0,0,0,0,0,0,0,0, 0,0,0,0,0,15,0,0,0,0
2120,7,140,-57.4,60,32,-7.58207,4.84894,0,0,0,0,0,0,0,0,0,0,0, 0,0,0,0,0,15,0,0,0,0
2120,8,138,-3.6,92,32.25,-0.866509,13.7728,0,0,0,0,0,0,0,0,0,0,0, 0,0,0,0,0,15,0,0,0,0
2120,9,25,0.6,124,31.75,0.194775,18.599,0,0,0,0,0,0,0,0,0,0,0, 0,0,0,0,0,15,0,0,0,0
2160,0,244,-57.4,64,32,-8.08754,5.1722,0,0,0,0,0,0,0,0,0,0,0, 0,0,0,0,0,0,0,0,0,0
2160,1,58,4.2,96,31.75,1.05463,14.3613,0,0,0,0,0,0,0,0,0,0,0, 0,0,0,0,0,0,0,0,0,0
2160,2,53,2.4,96,32.25,0.603009,14.3874,0,0,0,0,0,0,0,0,0,0,0, 0,0,0,0,0,0,0,0,0,0
2160,3,287,-56.5,68,32,-8.50564,5.62976,0,0,0,0,0,0,0,0,0,0,0, 0,0,0,0,0,0,0,0,0,0
2160,4,57,4.2,100,31.5,1.09857,14.9597,0,0,0,0,0,0,0,0,0,0,0, 0,0,0,0,0,0,0,0,0,0
2160,5,240,-55.4,72,32,-8.88987,6.13271,0,0,0,0,0,0,0,0,0,0,0, 0,0,0,0,0,0,0,0,0,0
2160,6,153,-54.4,76,32,-9.26935,6.6362,0,0,0,0,0,0,0,0,0,0,0, 0,0,0,0,0,0,0,0,0,0
2160,7,106,-49.8,80,32,-9.16555,7.74549,0,0,0,0,0,0,0,0,0,0,0, 0,0,0,0,0,0,0,0,0,0
2160,8,68,-5.4,88,32.25,-1.24223,13.1414,0,0,0,0,0,0,0,0,0,0,0, 0,0,0,0,0,0,0,0,0,0
2160,9,140,-59.4,60,32,-7.74668,4.58137,0,0,0,0,0,0,0,0,0,0,0, 0,0,0,0,0,0,0,0,0,0
2160,10,39,-10.2,92,30.75,-2.44377,13.5819,0,0,0,0,0,0,0,0,0,0,0, 0,0,0,0,0,0,0,0,0,0
2200,0,245,-58.4,64,32,-8.17658,5.03026,0,0,0,0,0,0,0,0,0,0,0, 0,0,0,0,0,1,0,0,0,0
2200,1,289,-56.5,68,32,-8.50564,5.62976,0,0,0,0,0,0,0,0,0,0,0, 0,0,0,0,0,1,0,0,0,0
2200,2,240,-56.5,72,32,-9.00597,5.96092,0,0,0,0,0,0,0,0,0,0,0, 0,0,0,0,0,1,0,0,0,0
2200,3,158,-54.4,76,32,-9.26935,6.6362,0,0,0,0,0,0,0,0,0,0,0, 0,0,0,0,0,1,0,0,0,0
2200,4,104,-49.8,80,32,-9.16555,7.74549,0,0,0,0,0,0,0,0,0,0,0, 0,0,0,0,0,1,0,0,0,0
2200,5,84,-55.4,84,32,-10.3715,7.15483,0,0,0,0,0,0,0,0,0,0,0, 0,0,0,0,0,1,0,0,0,0
2200,6,139,-59.4,60,32,-7.74668,4.58137,0,0,0,0,0,0,0,0,0,0,0, 0,0,0,0,0,1,0,0,0,0
2200,7,66,9.9,92,31.75,2.37262,13.5945,0,0,0,0,0,0,0,0,0,0,0, 0,0,0,0,0,1,0,0,0,0
2240,0,246,-57.4,64,32,-8.08754,5.1722,0,0,0,0,0,0,0,0,0,0,0, 0,0,0,0,0,2,0,0,0,0
2240,1,290,-56.5,68,32,-8.50564,5.62976,0,0,0,0,0,0,0,0,0,0,0, 0,0,0,0,0,2,0,0,0,0
2240,2,241,-55.4,72,32,-8.88987,6.13271,0,0,0,0,0,0,0,0,0,0,0, 0,0,0,0,0,2,0,0,0,0
2240,3,156,-54.4,76,32,-9.26935,6.6362,0,0,0,0,0,0,0,0,0,0,0, 0,0,0,0,0,2,0,0,0,0
2240,4,52,-0.6,80,32.25,-0.125661,11.9993,0,0,0,0,0,0,0,0,0,0,0, 0,0,0,0,0,2,0,0,0,0
2240,5,104,-49.8,80,32,-9.16555,7.74549,0,0,0,0,0,0,0,0,0,0,0, 0,0,0,0,0,2,0,0,0,0
2240,6,85,-4.2,84,32.25,-0.922801,12.5662,0,0,0,0,0,0,0,0,0,0,0, 0,0,0,0,0,2,0,0,0,0
2240,7,99,-58.4,84,32,-10.7318,6.60222,0,0,0,0,0,0,0,0,0,0,0, 0,0,0,0,0,2,0,0,0,0
2240,8,55,0.1,88,30.75,0.0230383,13.2,0,0,0,0,0,0,0,0,0,0,0, 0,0,0,0,0,2,0,0,0,0
2240,9,76,-2.4,88,32.25,-0.552759,13.1884,0,0,0,0,0,0,0,0,0,0,0, 0,0,0,0,0,2,0,0,0,0
2240,10,139,-57.4,60,32,-7.58207,4.84894,0,0,0,0,0,0,0,0,0,0,0, 0,0,0,0,0,2,0,0,0,0
2280,0,247,-56.5,64,32,-8.0053,5.2986,0,0,0,0,0,0,0,0,0,0,0, 0,0,0,0,0,3,0,0,0,0
2280,1,112,3.6,96,31.25,0.904183,14.3716,0,0,0,0,0,0,0,0,0,0,0, 0,0,0,0,0,3,0,0,0,0
2280,2,291,-56.5,68,32,-8.50564,5.62976,0,0,0,0,0,0,0,0,0,0,0, 0,0,0,0,0,3,0,0,0,0
2280,3,85,1.3,100,32.25,0.34031,14.9961,0,0,0,0,0,0,0,0,0,0,0, 0,0,0,0,0,3,0,0,0,0
2280,4,47,71.1,8,33,1.1353,0.388701,0,0,0,0,0,0,0,0,0,0,0, 0,0,0,0,0,3,0,0,0,0
2280,5,242,-55.4,72,32,-8.88987,6.13271,0,0,0,0,0,0,0,0,0,0,0, 0,0,0,0,0,3,0,0,0,0
2280,6,158,-54.4,76,32,-9.26935,6.6362,0,0,0,0,0,0,0,0,0,0,0, 0,0,0,0,0,3,0,0,0,0
2280,7,108,-54.4,80,32,-9.75721,6.98548,0,0,0,0,0,0,0,0,0,0,0, 0,0,0,0,0,3,0,0,0,0
2280,8,140,-58.4,60,32,-7.66554,4.71587,0,0,0,0,0,0,0,0,0,0,0, 0,0,0,0,0,3,0,0,0,0
2320,0,247,-57.4,64,32,-8.08754,5.1722,0,0,0,0,0,0,0,0,0,0,0, 0,0,0,0,0,4,0,0,0,0
2320,1,71,-2.4,96,30.75,-0.603009,14.3874,0,0,0,0,0,0,0,0,0,0,0, 0,0,0,0,0,4,0,0,0,0
2320,2,86,-3.6,96,32.25,-0.904183,14.3716,0,0,0,0,0,0,0,0,0,0,0, 0,0,0,0,0,4,0,0,0,0
2320,3,292,-56.5,68,32,-8.50564,5.62976,0,0,0,0,0,0,0,0,0,0,0, 0,0,0,0,0,4,0,0,0,0
2320,4,242,-56.5,72,32,-9.00597,5.96092,0,0,0,0,0,0,0,0,0,0,0, 0,0,0,0,0,4,0,0,0,0
2320,5,156,-55.4,76,32,-9.38375,6.47342,0,0,0,0,0,0,0,0,0,0,0, 0,0,0,0,0,4,0,0,0,0
2320,6,115,-54.4,80,32,-9.75721,6.98548,0,0,0,0,0,0,0,0,0,0,0, 0,0,0,0,0,4,0,0,0,0
2320,7,85,-51.6,84,32,-9.87454,7.82646,0,0,0,0,0,0,0,0,0,0,0, 0,0,0,0,0,4,0,0,0,0
2320,8,62,0.6,88,30.75,0.138228,13.1993,0,0,0,0,0,0,0,0,0,0,0, 0,0,0,0,0,4,0,0,0,0
2320,9,141,-57.4,60,32,-7.58207,4.84894,0,0,0,0,0,0,0,0,0,0,0, 0,0,0,0,0,4,0,0,0,0
2360,0,247,-57.4,64,32,-8.08754,5.1722,0,0,0,0,0,0,0,0,0,0,0, 0,0,0,0,0,5,0,0,0,0
2360,1,291,-57.4,68,32,-8.59301,5.49546,0,0,0,0,0,0,0,0,0,0,0, 0,0,0,0,0,5,0,0,0,0
2360,2,242,-57.4,72,32,-9.09849,5.81872,0,0,0,0,0,0,0,0,0,0,0, 0,0,0,0,0,5,0,0,0,0
2360,3,152,-56.5,76,32,-9.5063,6.29208,0,0,0,0,0,0,0,0,0,0,0, 0,0,0,0,0,5,0,0,0,0
2360,4,101,-51.6,80,32,-9.40432,7.45377,0,0,0,0,0,0,0,0,0,0,0, 0,0,0,0,0,5,0,0,0,0
2360,5,54,-1.8,84,32.25,-0.395776,12.5938,0,0,0,0,0,0,0,0,0,0,0, 0,0,0,0,0,5,0,0,0,0
2360,6,141,-58.4,60,32,-7.66554,4.71587,0,0,0,0,0,0,0,0,0,0,0, 0,0,0,0,0,5,0,0,0,0
2400,0,248,-57.4,64,32,-8.08754,5.1722,0,0,0,0,0,0,0,0,0,0,0, 0,0,0,0,0,6,0,0,0,0
2400,1,292,-56.5,68,32,-8.50564,5.62976,0,0,0,0,0,0,0,0,0,0,0, 0,0,0,0,0,6,0,0,0,0
2400,2,241,-56.5,72,32,-9.00597,5.96092,0,0,0,0,0,0,0,0,0,0,0, 0,0,0,0,0,6,0,0,0,0
2400,3,157,-55.4,76,32,-9.38375,6.47342,0,0,0,0,0,0,0,0,0,0,0, 0,0,0,0,0,6,0,0,0,0
2400,4,107,-53.4,80,32,-9.63381,7.1547,0,0,0,0,0,0,0,0,0,0,0, 0,0,0,0,0,6,0,0,0,0
2400,5,38,1.3,84,31.75,0.28586,12.5968,0,0,0,0,0,0,0,0,0,0,0, 0,0,0,0,0,6,0,0,0,0
2400,6,34,-5.4,88,30.75,-1.24223,13.1414,0,0,0,0,0,0,0,0,0,0,0, 0,0,0,0,0,6,0,0,0,0
2400,7,141,-58.4,60,32,-7.66554,4.71587,0,0,0,0,0,0,0,0,0,0,0, 0,0,0,0,0,6,0,0,0,0
2440,0,247,-57.4,64,32,-8.08754,5.1722,0,0,0,0,0,0,0,0,0,0,0, 0,0,0,0,0,7,0,0,0,0
2440,1,291,-56.5,68,32,-8.50564,5.62976,0,0,0,0,0,0,0,0,0,0,0, 0,0,0,0,0,7,0,0,0,0
2440,2,241,-56.5,72,32,-9.00597,5.96092,0,0,0,0,0,0,0,0,0,0,0, 0,0,0,0,0,7,0,0,0,0
2440,3,155,-54.4,76,32,-9.26935,6.6362,0,0,0,0,0,0,0,0,0,0,0, 0,0,0,0,0,7,0,0,0,0
2440,4,106,-53.4,80,32,-9.63381,7.1547,0,0,0,0,0,0,0,0,0,0,0, 0,0,0,0,0,7,0,0,0,0
2440,5,82,-55.4,84,32,-10.3715,7.15483,0,0,0,0,0,0,0,0,0,0,0, 0,0,0,0,0,7,0,0,0,0
2440,6,141,-58.4,60,32,-7.66554,4.71587,0,0,0,0,0,0,0,0,0,0,0, 0,0,0,0,0,7,0,0,0,0
2480,0,248,-57.4,64,32,-8.08754,5.1722,0,0,0,0,0,0,0,0,0,0,0, 0,0,0,0,0,8,0,0,0,0
2480,1,292,-57.4,68,32,-8.59301,5.49546,0,0,0,0,0,0,0,0,0,0,0, 0,0,0,0,0,8,0,0,0,0
2480,2,241,-56.5,72,32,-9.00597,5.96092,0,0,0,0,0,0,0,0,0,0,0, 0,0,0,0,0,8,0,0,0,0
2480,3,36,8.8,104,31.75,2.38658,15.4164,0,0,0,0,0,0,0,0,0,0,0, 0,0,0,0,0,8,0,0,0,0
2480,4,156,-55.4,76,32,-9.38375,6.47342,0,0,0,0,0,0,0,0,0,0,0, 0,0,0,0,0,8,0,0,0,0
2480,5,106,-51.6,80,32,-9.40432,7.45377,0,0,0,0,0,0,0,0,0,0,0, 0,0,0,0,0,8,0,0,0,0
2480,6,85,-53.4,84,32,-10.1155,7.51243,0,0,0,0,0,0,0,0,0,0,0, 0,0,0,0,0,8,0,0,0,0
2480,7,140,-57.4,60,32,-7.58207,4.84894,0,0,0,0,0,0,0,0,0,0,0, 0,0,0,0,0,8,0,0,0,0
2480,8,119,-2.4,92,32.25,-0.577884,13.7879,0,0,0,0,0,0,0,0,0,0,0, 0,0,0,0,0,8,0,0,0,0
2520,0,249,-57.4,64,32,-8.08754,5.1722,0,1334,0,0,0,0,0,0,0,0,0, 0,0,0,0,0,9,0,0,0,0
2520,1,292,-56.5,68,32,-8.50564,5.62976,0,1334,0,0,0,0,0,0,0,0,0, 0,0,0,0,0,9,0,0,0,0
2520,2,30,1.3,100,30.75,0.34031,14.9961,0,1334,0,0,0,0,0,0,0,0,0, 0,0,0,0,0,9,0,0,0,0
2520,3,42,69.6,8,33,1.12474,0.418287,0,1334,0,0,0,0,0,0,0,0,0, 0,0,0,0,0,9,0,0,0,0
2520,4,242,-56.5,72,32,-9.00597,5.96092,0,1334,0,0,0,0,0,0,0,0,0, 0,0,0,0,0,9,0,0,0,0
2520,5,154,-54.4,76,32,-9.26935,6.6362,0,1334,0,0,0,0,0,0,0,0,0, 0,0,0,0,0,9,0,0,0,0
2520,6,107,-49.8,80,32,-9.16555,7.74549,0,1334,0,0,0,0,0,0,0,0,0, 0,0,0,0,0,9,0,0,0,0
2520,7,87,-51.6,84,32,-9.87454,7.82646,0,1334,0,0,0,0,0,0,0,0,0, 0,0,0,0,0,9,0,0,0,0
2520,8,66,-1.8,88,32.25,-0.414622,13.1935,0,1334,0,0,0,0,0,0,0,0,0, 0,0,0,0,0,9,0,0,0,0
2520,9,141,-56.5,60,32,-7.50497,4.96743,0,1334,0,0,0,0,0,0,0,0,0, 0,0,0,0,0,9,0,0,0,0
2520,10,62,-0.6,92,32.25,-0.144511,13.7992,0,1334,0,0,0,0,0,0,0,0,0, 0,0,0,0,0,9,0,0,0,0
2560,0,248,-57.4,64,32,-8.08754,5.1722,0,0,0,0,0,0,0,0,0,0,0, 0,0,0,0,0,10,0,0,0,0
2560,1,72,3.1,96,30.75,0.778735,14.3789,0,0,0,0,0,0,0,0,0,0,0, 0,0,0,0,0,10,0,0,0,0
2560,2,76,3.1,96,32.25,0.778735,14.3789,0,0,0,0,0,0,0,0,0,0,0, 0,0,0,0,0,10,0,0,0,0
2560,3,292,-56.5,68,32,-8.50564,5.62976,0,0,0,0,0,0,0,0,0,0,0, 0,0,0,0,0,10,0,0,0,0
2560,4,241,-56.5,72,32,-9.00597,5.96092,0,0,0,0,0,0,0,0,0,0,0, 0,0,0,0,0,10,0,0,0,0
2560,5,154,-54.4,76,32,-9.26935,6.6362,0,0,0,0,0,0,0,0,0,0,0, 0,0,0,0,0,10,0,0,0,0
2560,6,109,-49.8,80,32,-9.16555,7.74549,0,0,0,0,0,0,0,0,0,0,0, 0,0,0,0,0,10,0,0,0,0
2560,7,25,0.6,84,30.75,0.131944,12.5993,0,0,0,0,0,0,0,0,0,0,0, 0,0,0,0,0,10,0,0,0,0
2560,8,86,-48,84,32,-9.36363,8.43105,0,0,0,0,0,0,0,0,0,0,0, 0,0,0,0,0,10,0,0,0,0
2560,9,40,-4.2,88,32.25,-0.966744,13.1646,0,0,0,0,0,0,0,0,0,0,0, 0,0,0,0,0,10,0,0,0,0
2560,10,140,-57.4,60,32,-7.58207,4.84894,0,0,0,0,0,0,0,0,0,0,0, 0,0,0,0,0,10,0,0,0,0
2560,11,49,-3.6,92,30.75,-0.866509,13.7728,0,0,0,0,0,0,0,0,0,0,0, 0,0,0,0,0,10,0,0,0,0
2560,12,68,-3,92,32.25,-0.722236,13.7811,0,0,0,0,0,0,0,0,0,0,0, 0,0,0,0,0,10,0,0,0,0
2600,0,246,-57.4,64,32,-8.08754,5.1722,0,7936,0,0,0,0,0,0,0,0,0, 0,0,0,0,0,11,0,0,0,0
2600,1,49,-2.4,96,32.25,-0.603009,14.3874,0,7936,0,0,0,0,0,0,0,0,0, 0,0,0,0,0,11,0,0,0,0
2600,2,290,-56.5,68,32,-8.50564,5.62976,0,7936,0,0,0,0,0,0,0,0,0, 0,0,0,0,0,11,0,0,0,0
2600,3,241,-56.5,72,32,-9.00597,5.96092,0,7936,0,0,0,0,0,0,0,0,0, 0,0,0,0,0,11,0,0,0,0
2600,4,156,-54.4,76,32,-9.26935,6.6362,0,7936,0,0,0,0,0,0,0,0,0, 0,0,0,0,0,11,0,0,0,0
2600,5,27,0.1,80,31.25,0.0209439,12,0,7936,0,0,0,0,0,0,0,0,0, 0,0,0,0,0,11,0,0,0,0
2600,6,104,-49.8,80,32,-9.16555,7.74549,0,7936,0,0,0,0,0,0,0,0,0, 0,0,0,0,0,11,0,0,0,0
2600,7,85,-51.6,84,32,-9.87454,7.82646,0,7936,0,0,0,0,0,0,0,0,0, 0,0,0,0,0,11,0,0,0,0
2600,8,139,-57.4,60,32,-7.58207,4.84894,0,7936,0,0,0,0,0,0,0,0,0, 0,0,0,0,0,11,0,0,0,0
2600,9,59,-3,92,32.25,-0.722236,13.7811,0,7936,0,0,0,0,0,0,0,0,0, 0,0,0,0,0,11,0,0,0,0
2640,0,246,-57.4,64,32,-8.08754,5.1722,0,1141,0,0,0,0,0,0,0,0,0, 0,0,0,0,0,12,0,0,0,0
2640,1,63,-1.8,96,32.25,-0.452315,14.3929,0,1141,0,0,0,0,0,0,0,0,0, 0,0,0,0,0,12,0,0,0,0
2640,2,288,-56.5,68,32,-8.50564,5.62976,0,1141,0,0,0,0,0,0,0,0,0, 0,0,0,0,0,12,0,0,0,0
2640,3,241,-56.5,72,32,-9.00597,5.96092,0,1141,0,0,0,0,0,0,0,0,0, 0,0,0,0,0,12,0,0,0,0
2640,4,154,-54.4,76,32,-9.26935,6.6362,0,1141,0,0,0,0,0,0,0,0,0, 0,0,0,0,0,12,0,0,0,0
2640,5,107,-53.4,80,32,-9.63381,7.1547,0,1141,0,0,0,0,0,0,0,0,0, 0,0,0,0,0,12,0,0,0,0
2640,6,85,-53.4,84,32,-10.1155,7.51243,0,1141,0,0,0,0,0,0,0,0,0, 0,0,0,0,0,12,0,0,0,0
2640,7,34,-5.4,88,30.75,-1.24223,13.1414,0,1141,0,0,0,0,0,0,0,0,0, 0,0,0,0,0,12,0,0,0,0
2640,8,138,-56.5,60,32,-7.50497,4.96743,0,1141,0,0,0,0,0,0,0,0,0, 0,0,0,0,0,12,0,0,0,0
2640,9,77,-3.6,92,32.25,-0.866509,13.7728,0,1141,0,0,0,0,0,0,0,0,0, 0,0,0,0,0,12,0,0,0,0
2680,0,245,-56.5,64,32,-8.0053,5.2986,0,86,0,0,0,0,0,0,0,0,0, 0,0,0,0,0,13,0,0,0,0
2680,1,290,-56.5,68,32,-8.50564,5.62976,0,86,0,0,0,0,0,0,0,0,0, 0,0,0,0,0,13,0,0,0,0
2680,2,54,8.8,100,30.75,2.29479,14.8234,0,86,0,0,0,0,0,0,0,0,0, 0,0,0,0,0,13,0,0,0,0
2680,3,55,9.4,100,32.25,2.44989,14.7986,0,86,0,0,0,0,0,0,0,0,0, 0,0,0,0,0,13,0,0,0,0
2680,4,242,-55.4,72,32,-8.88987,6.13271,0,86,0,0,0,0,0,0,0,0,0, 0,0,0,0,0,13,0,0,0,0
2680,5,30,0.1,104,31,0.0272271,15.6,0,86,0,0,0,0,0,0,0,0,0, 0,0,0,0,0,13,0,0,0,0
2680,6,155,-53.4,76,32,-9.15212,6.79696,0,86,0,0,0,0,0,0,0,0,0, 0,0,0,0,0,13,0,0,0,0
2680,7,108,-49.8,80,32,-9.16555,7.74549,0,86,0,0,0,0,0,0,0,0,0, 0,0,0,0,0,13,0,0,0,0
2680,8,85,-46.7,84,32,-9.16994,8.64131,0,86,0,0,0,0,0,0,0,0,0, 0,0,0,0,0,13,0,0,0,0
2680,9,138,-57.4,60,32,-7.58207,4.84894,0,86,0,0,0,0,0,0,0,0,0, 0,0,0,0,0,13,0,0,0,0
2680,10,70,1.3,92,32.25,0.313085,13.7964,0,86,0,0,0,0,0,0,0,0,0, 0,0,0,0,0,13,0,0,0,0
2720,0,247,-57.4,64,32,-8.08754,5.1722,0,0,0,0,0,0,0,0,0,0,0, 0,0,0,0,0,14,0,0,0,0
2720,1,62,-1.2,96,30.75,-0.301571,14.3968,0,0,0,0,0,0,0,0,0,0,0, 0,0,0,0,0,14,0,0,0,0
2720,2,77,-0.6,96,32.25,-0.150794,14.3992,0,0,0,0,0,0,0,0,0,0,0, 0,0,0,0,0,14,0,0,0,0
2720,3,292,-56.5,68,32,-8.50564,5.62976,0,0,0,0,0,0,0,0,0,0,0, 0,0,0,0,0,14,0,0,0,0
2720,4,242,-56.5,72,32,-9.00597,5.96092,0,0,0,0,0,0,0,0,0,0,0, 0,0,0,0,0,14,0,0,0,0
2720,5,152,-54.4,76,32,-9.26935,6.6362,0,0,0,0,0,0,0,0,0,0,0, 0,0,0,0,0,14,0,0,0,0
2720,6,107,-51.6,80,32,-9.40432,7.45377,0,0,0,0,0,0,0,0,0,0,0, 0,0,0,0,0,14,0,0,0,0
2720,7,88,-46.7,84,32,-9.16994,8.64131,0,0,0,0,0,0,0,0,0,0,0, 0,0,0,0,0,14,0,0,0,0
2720,8,141,-57.4,60,32,-7.58207,4.84894,0,0,0,0,0,0,0,0,0,0,0, 0,0,0,0,0,14,0,0,0,0
2760,0,247,-56.5,64,32,-8.0053,5.2986,0,0,0,0,0,0,0,0,0,0,0, 0,0,0,0,0,15,0,0,0,0
2760,1,293,-56.5,68,32,-8.50564,5.62976,0,0,0,0,0,0,0,0,0,0,0, 0,0,0,0,0,15,0,0,0,0
2760,2,242,-56.5,72,32,-9.00597,5.96092,0,0,0,0,0,0,0,0,0,0,0, 0,0,0,0,0,15,0,0,0,0
2760,3,156,-55.4,76,32,-9.38375,6.47342,0,0,0,0,0,0,0,0,0,0,0, 0,0,0,0,0,15,0,0,0,0
2760,4,108,-51.6,80,32,-9.40432,7.45377,0,0,0,0,0,0,0,0,0,0,0, 0,0,0,0,0,15,0,0,0,0
2760,5,86,-53.4,84,32,-10.1155,7.51243,0,0,0,0,0,0,0,0,0,0,0, 0,0,0,0,0,15,0,0,0,0
2760,6,21,-7.8,116,31.75,-2.36145,17.239,0,0,0,0,0,0,0,0,0,0,0, 0,0,0,0,0,15,0,0,0,0
2760,7,30,-12,88,31.75,-2.74443,12.9115,0,0,0,0,0,0,0,0,0,0,0, 0,0,0,0,0,15,0,0,0,0
2760,8,140,-56.5,60,32,-7.50497,4.96743,0,0,0,0,0,0,0,0,0,0,0, 0,0,0,0,0,15,0,0,0,0
2800,0,248,-56.5,64,32,-8.0053,5.2986,0,0,0,0,0,0,0,0,0,0,0, 0,0,0,0,0,0,0,0,0,0
2800,1,63,9.4,96,31.75,2.35189,14.2066,0,0,0,0,0,0,0,0,0,0,0, 0,0,0,0,0,0,0,0,0,0
2800,2,52,10.6,96,32.25,2.6489,14.1543,0,0,0,0,0,0,0,0,0,0,0, 0,0,0,0,0,0,0,0,0,0
2800,3,290,-56.5,68,32,-8.50564,5.62976,0,0,0,0,0,0,0,0,0,0,0, 0,0,0,0,0,0,0,0,0,0
2800,4,49,16.6,100,31.25,4.28533,14.3748,0,0,0,0,0,0,0,0,0,0,0, 0,0,0,0,0,0,0,0,0,0
2800,5,43,67.6,8,33,1.10946,0.457284,0,0,0,0,0,0,0,0,0,0,0, 0,0,0,0,0,0,0,0,0,0
2800,6,243,-56.5,72,32,-9.00597,5.96092,0,0,0,0,0,0,0,0,0,0,0, 0,0,0,0,0,0,0,0,0,0
2800,7,155,-53.4,76,32,-9.15212,6.79696,0,0,0,0,0,0,0,0,0,0,0, 0,0,0,0,0,0,0,0,0,0
2800,8,104,-49.8,80,32,-9.16555,7.74549,0,0,0,0,0,0,0,0,0,0,0, 0,0,0,0,0,0,0,0,0,0
2800,9,82,-54.4,84,32,-10.2451,7.33475,0,0,0,0,0,0,0,0,0,0,0, 0,0,0,0,0,0,0,0,0,0
2800,10,141,-57.4,60,32,-7.58207,4.84894,0,0,0,0,0,0,0,0,0,0,0, 0,0,0,0,0,0,0,0,0,0
2840,0,248,-56.5,64,32,-8.0053,5.2986,0,0,0,0,0,0,0,0,0,0,0, 0,0,0,0,0,1,0,0,0,0
2840,1,292,-56.5,68,32,-8.50564,5.62976,0,0,0,0,0,0,0,0,0,0,0, 0,0,0,0,0,1,0,0,0,0
2840,2,243,-55.4,72,32,-8.88987,6.13271,0,0,0,0,0,0,0,0,0,0,0, 0,0,0,0,0,1,0,0,0,0
2840,3,156,-53.4,76,32,-9.15212,6.79696,0,0,0,0,0,0,0,0,0,0,0, 0,0,0,0,0,1,0,0,0,0
2840,4,23,1.3,108,32.25,0.367535,16.1958,0,0,0,0,0,0,0,0,0,0,0, 0,0,0,0,0,1,0,0,0,0
2840,5,108,-49.8,80,32,-9.16555,7.74549,0,0,0,0,0,0,0,0,0,0,0, 0,0,0,0,0,1,0,0,0,0
2840,6,88,-51.6,84,32,-9.87454,7.82646,0,0,0,0,0,0,0,0,0,0,0, 0,0,0,0,0,1,0,0,0,0
2840,7,139,-56.5,60,32,-7.50497,4.96743,0,0,0,0,0,0,0,0,0,0,0, 0,0,0,0,0,1,0,0,0,0
2840,8,50,-4.2,92,31.75,-1.01069,13.7629,0,0,0,0,0,0,0,0,0,0,0, 0,0,0,0,0,1,0,0,0,0
2880,0,247,-56.5,64,32,-8.0053,5.2986,0,0,0,0,0,0,0,0,0,0,0, 0,0,0,0,0,2,0,0,0,0
2880,1,99,-2.4,96,31.75,-0.603009,14.3874,0,0,0,0,0,0,0,0,0,0,0, 0,0,0,0,0,2,0,0,0,0
2880,2,292,-55.4,68,32,-8.39599,5.79201,0,0,0,0,0,0,0,0,0,0,0, 0,0,0,0,0,2,0,0,0,0
2880,3,241,-54.4,72,32,-8.78149,6.28693,0,0,0,0,0,0,0,0,0,0,0, 0,0,0,0,0,2,0,0,0,0
2880,4,156,-53.4,76,32,-9.15212,6.79696,0,0,0,0,0,0,0,0,0,0,0, 0,0,0,0,0,2,0,0,0,0
2880,5,108,-51.6,80,32,-9.40432,7.45377,0,0,0,0,0,0,0,0,0,0,0, 0,0,0,0,0,2,0,0,0,0
2880,6,89,-55.4,84,32,-10.3715,7.15483,0,0,0,0,0,0,0,0,0,0,0, 0,0,0,0,0,2,0,0,0,0
2880,7,141,-55.4,60,32,-7.40823,5.11059,0,0,0,0,0,0,0,0,0,0,0, 0,0,0,0,0,2,0,0,0,0
2920,0,247,-56.5,64,32,-8.0053,5.2986,0,0,0,0,0,0,0,0,0,0,0, 0,0,0,0,0,3,0,0,0,0
2920,1,291,-55.4,68,32,-8.39599,5.79201,0,0,0,0,0,0,0,0,0,0,0, 0,0,0,0,0,3,0,0,0,0
2920,2,59,0.1,100,30.75,0.0261799,15,0,0,0,0,0,0,0,0,0,0,0, 0,0,0,0,0,3,0,0,0,0
2920,3,242,-55.4,72,32,-8.88987,6.13271,0,0,0,0,0,0,0,0,0,0,0, 0,0,0,0,0,3,0,0,0,0
2920,4,156,-53.4,76,32,-9.15212,6.79696,0,0,0,0,0,0,0,0,0,0,0, 0,0,0,0,0,3,0,0,0,0
2920,5,108,-49.8,80,32,-9.16555,7.74549,0,0,0,0,0,0,0,0,0,0,0, 0,0,0,0,0,3,0,0,0,0
2920,6,139,-56.5,60,32,-7.50497,4.96743,0,0,0,0,0,0,0,0,0,0,0, 0,0,0,0,0,3,0,0,0,0
2960,0,244,-55.4,64,32,-7.90211,5.4513,0,0,0,0,0,0,0,0,0,0,0, 0,0,0,0,0,4,0,0,0,0
2960,1,47,-4.2,96,32.25,-1.05463,14.3613,0,0,0,0,0,0,0,0,0,0,0, 0,0,0,0,0,4,0,0,0,0
2960,2,289,-55.4,68,32,-8.39599,5.79201,0,0,0,0,0,0,0,0,0,0,0, 0,0,0,0,0,4,0,0,0,0
2960,3,46,72.4,8,33,1.14383,0.362844,0,0,0,0,0,0,0,0,0,0,0, 0,0,0,0,0,4,0,0,0,0
2960,4,240,-54.4,72,32,-8.78149,6.28693,0,0,0,0,0,0,0,0,0,0,0, 0,0,0,0,0,4,0,0,0,0
2960,5,37,1.3,104,31.75,0.353922,15.596,0,0,0,0,0,0,0,0,0,0,0, 0,0,0,0,0,4,0,0,0,0
2960,6,156,-51.6,76,32,-8.93411,7.08108,0,0,0,0,0,0,0,0,0,0,0, 0,0,0,0,0,4,0,0,0,0
2960,7,102,-46.7,80,32,-8.73327,8.22982,0,0,0,0,0,0,0,0,0,0,0, 0,0,0,0,0,4,0,0,0,0
2960,8,64,0.6,84,31.75,0.131944,12.5993,0,0,0,0,0,0,0,0,0,0,0, 0,0,0,0,0,4,0,0,0,0
2960,9,67,-1.2,88,31.75,-0.27644,13.1971,0,0,0,0,0,0,0,0,0,0,0, 0,0,0,0,0,4,0,0,0,0
2960,10,140,-56.5,60,32,-7.50497,4.96743,0,0,0,0,0,0,0,0,0,0,0, 0,0,0,0,0,4,0,0,0,0
3000,0,244,-56.5,64,32,-8.0053,5.2986,0,0,0,0,0,0,0,0,0,0,0, 0,0,0,0,0,5,0,0,0,0
3000,1,289,-56.5,68,32,-8.50564,5.62976,0,0,0,0,0,0,0,0,0,0,0, 0,0,0,0,0,5,0,0,0,0
3000,2,240,-55.4,72,32,-8.88987,6.13271,0,0,0,0,0,0,0,0,0,0,0, 0,0,0,0,0,5,0,0,0,0
3000,3,155,-51.6,76,32,-8.93411,7.08108,0,0,0,0,0,0,0,0,0,0,0, 0,0,0,0,0,5,0,0,0,0
3000,4,104,-46.7,80,32,-8.73327,8.22982,0,0,0,0,0,0,0,0,0,0,0, 0,0,0,0,0,5,0,0,0,0
3000,5,140,-56.5,60,32,-7.50497,4.96743,0,0,0,0,0,0,0,0,0,0,0, 0,0,0,0,0,5,0,0,0,0
3000,6,38,2.4,92,32.25,0.577884,13.7879,0,0,0,0,0,0,0,0,0,0,0, 0,0,0,0,0,5,0,0,0,0
3040,0,246,-56.5,64,32,-8.0053,5.2986,0,0,0,0,0,0,0,0,0,0,0, 0,0,0,0,0,6,0,0,0,0
3040,1,46,-4.2,96,32.25,-1.05463,14.3613,0,0,0,0,0,0,0,0,0,0,0, 0,0,0,0,0,6,0,0,0,0
3040,2,291,-56.5,68,32,-8.50564,5.62976,0,0,0,0,0,0,0,0,0,0,0, 0,0,0,0,0,6,0,0,0,0
3040,3,241,-55.4,72,32,-8.88987,6.13271,0,0,0,0,0,0,0,0,0,0,0, 0,0,0,0,0,6,0,0,0,0
3040,4,155,-51.6,76,32,-8.93411,7.08108,0,0,0,0,0,0,0,0,0,0,0, 0,0,0,0,0,6,0,0,0,0
3040,5,108,-48,80,32,-8.91774,8.02957,0,0,0,0,0,0,0,0,0,0,0, 0,0,0,0,0,6,0,0,0,0
3040,6,139,-56.5,60,32,-7.50497,4.96743,0,0,0,0,0,0,0,0,0,0,0, 0,0,0,0,0,6,0,0,0,0
3080,0,245,-56.5,64,32,-8.0053,5.2986,0,0,0,0,0,0,0,0,0,0,0, 0,0,0,0,0,7,0,0,0,0
3080,1,289,-56.5,68,32,-8.50564,5.62976,0,0,0,0,0,0,0,0,0,0,0, 0,0,0,0,0,7,0,0,0,0
3080,2,43,64.6,8,33,1.084,0.514722,0,0,0,0,0,0,0,0,0,0,0, 0,0,0,0,0,7,0,0,0,0
3080,3,239,-55.4,72,32,-8.88987,6.13271,0,0,0,0,0,0,0,0,0,0,0, 0,0,0,0,0,7,0,0,0,0
3080,4,153,-51.6,76,32,-8.93411,7.08108,0,0,0,0,0,0,0,0,0,0,0, 0,0,0,0,0,7,0,0,0,0
3080,5,18,6.6,108,31,1.86198,16.0926,0,0,0,0,0,0,0,0,0,0,0, 0,0,0,0,0,7,0,0,0,0
3080,6,105,-48,80,32,-8.91774,8.02957,0,0,0,0,0,0,0,0,0,0,0, 0,0,0,0,0,7,0,0,0,0
3080,7,83,-53.4,84,32,-10.1155,7.51243,0,0,0,0,0,0,0,0,0,0,0, 0,0,0,0,0,7,0,0,0,0
3080,8,139,-56.5,60,32,-7.50497,4.96743,0,0,0,0,0,0,0,0,0,0,0, 0,0,0,0,0,7,0,0,0,0
3120,0,245,-56.5,64,32,-8.0053,5.2986,0,0,0,0,0,0,0,0,0,0,0, 0,0,0,0,0,8,0,0,0,0
3120,1,288,-56.5,68,32,-8.50564,5.62976,0,0,0,0,0,0,0,0,0,0,0, 0,0,0,0,0,8,0,0,0,0
3120,2,240,-55.4,72,32,-8.88987,6.13271,0,0,0,0,0,0,0,0,0,0,0, 0,0,0,0,0,8,0,0,0,0
3120,3,38,6.1,104,30.75,1.65772,15.5117,0,0,0,0,0,0,0,0,0,0,0, 0,0,0,0,0,8,0,0,0,0
3120,4,43,3.1,104,32.25,0.84363,15.5772,0,0,0,0,0,0,0,0,0,0,0, 0,0,0,0,0,8,0,0,0,0
3120,5,153,-51.6,76,32,-8.93411,7.08108,0,0,0,0,0,0,0,0,0,0,0, 0,0,0,0,0,8,0,0,0,0
3120,6,107,-46.7,80,32,-8.73327,8.22982,0,0,0,0,0,0,0,0,0,0,0, 0,0,0,0,0,8,0,0,0,0
3120,7,84,-49.8,84,32,-9.62383,8.13277,0,0,0,0,0,0,0,0,0,0,0, 0,0,0,0,0,8,0,0,0,0
3120,8,140,-56.5,60,32,-7.50497,4.96743,0,0,0,0,0,0,0,0,0,0,0, 0,0,0,0,0,8,0,0,0,0
3160,0,245,-58.4,64,32,-8.17658,5.03026,0,1334,0,0,0,0,0,0,0,0,0, 0,0,0,0,0,9,0,0,0,0
3160,1,290,-57.4,68,32,-8.59301,5.49546,0,1334,0,0,0,0,0,0,0,0,0, 0,0,0,0,0,9,0,0,0,0
3160,2,238,-56.5,72,32,-9.00597,5.96092,0,1334,0,0,0,0,0,0,0,0,0, 0,0,0,0,0,9,0,0,0,0
3160,3,153,-54.4,76,32,-9.26935,6.6362,0,1334,0,0,0,0,0,0,0,0,0, 0,0,0,0,0,9,0,0,0,0
3160,4,102,-48,80,32,-8.91774,8.02957,0,1334,0,0,0,0,0,0,0,0,0, 0,0,0,0,0,9,0,0,0,0
3160,5,21,-1.8,112,30.75,-0.527701,16.7917,0,1334,0,0,0,0,0,0,0,0,0, 0,0,0,0,0,9,0,0,0,0
3160,6,41,0.1,112,31.25,0.0293215,16.8,0,1334,0,0,0,0,0,0,0,0,0, 0,0,0,0,0,9,0,0,0,0
3160,7,38,1.3,112,32.25,0.381147,16.7957,0,1334,0,0,0,0,0,0,0,0,0, 0,0,0,0,0,9,0,0,0,0
3160,8,137,-58.4,60,32,-7.66554,4.71587,0,1334,0,0,0,0,0,0,0,0,0, 0,0,0,0,0,9,0,0,0,0
3160,9,76,1.3,92,31.25,0.313085,13.7964,0,1334,0,0,0,0,0,0,0,0,0, 0,0,0,0,0,9,0,0,0,0
3200,0,245,-57.4,64,32,-8.08754,5.1722,0,0,0,0,0,0,0,0,0,0,0, 0,0,0,0,0,10,0,0,0,0
3200,1,288,-56.5,68,32,-8.50564,5.62976,0,0,0,0,0,0,0,0,0,0,0, 0,0,0,0,0,10,0,0,0,0
3200,2,239,-56.5,72,32,-9.00597,5.96092,0,0,0,0,0,0,0,0,0,0,0, 0,0,0,0,0,10,0,0,0,0
3200,3,154,-54.4,76,32,-9.26935,6.6362,0,0,0,0,0,0,0,0,0,0,0, 0,0,0,0,0,10,0,0,0,0
3200,4,105,-51.6,80,32,-9.40432,7.45377,0,0,0,0,0,0,0,0,0,0,0, 0,0,0,0,0,10,0,0,0,0
3200,5,84,-51.6,84,32,-9.87454,7.82646,0,0,0,0,0,0,0,0,0,0,0, 0,0,0,0,0,10,0,0,0,0
3200,6,139,-57.4,60,32,-7.58207,4.84894,0,0,0,0,0,0,0,0,0,0,0, 0,0,0,0,0,10,0,0,0,0
3240,0,244,-56.5,64,32,-8.0053,5.2986,0,7936,0,0,0,0,0,0,0,0,0, 0,0,0,0,0,11,0,0,0,0
3240,1,288,-56.5,68,32,-8.50564,5.62976,0,7936,0,0,0,0,0,0,0,0,0, 0,0,0,0,0,11,0,0,0,0
3240,2,43,65.6,8,33,1.09282,0.495725,0,7936,0,0,0,0,0,0,0,0,0, 0,0,0,0,0,11,0,0,0,0
3240,3,241,-55.4,72,32,-8.88987,6.13271,0,7936,0,0,0,0,0,0,0,0,0, 0,0,0,0,0,11,0,0,0,0
3240,4,156,-53.4,76,32,-9.15212,6.79696,0,7936,0,0,0,0,0,0,0,0,0, 0,0,0,0,0,11,0,0,0,0
3240,5,107,-49.8,80,32,-9.16555,7.74549,0,7936,0,0,0,0,0,0,0,0,0, 0,0,0,0,0,11,0,0,0,0
3240,6,83,-49.8,84,32,-9.62383,8.13277,0,7936,0,0,0,0,0,0,0,0,0, 0,0,0,0,0,11,0,0,0,0
3240,7,139,-56.5,60,32,-7.50497,4.96743,0,7936,0,0,0,0,0,0,0,0,0, 0,0,0,0,0,11,0,0,0,0
3280,0,246,-56.5,64,32,-8.0053,5.2986,0,1141,0,0,0,0,0,0,0,0,0, 0,0,0,0,0,12,0,0,0,0
3280,1,109,-5.4,96,31.75,-1.35516,14.3361,0,1141,0,0,0,0,0,0,0,0,0, 0,0,0,0,0,12,0,0,0,0
3280,2,291,-56.5,68,32,-8.50564,5.62976,0,1141,0,0,0,0,0,0,0,0,0, 0,0,0,0,0,12,0,0,0,0
3280,3,242,-55.4,72,32,-8.88987,6.13271,0,1141,0,0,0,0,0,0,0,0,0, 0,0,0,0,0,12,0,0,0,0
3280,4,156,-53.4,76,32,-9.15212,6.79696,0,1141,0,0,0,0,0,0,0,0,0, 0,0,0,0,0,12,0,0,0,0
3280,5,108,-49.8,80,32,-9.16555,7.74549,0,1141,0,0,0,0,0,0,0,0,0, 0,0,0,0,0,12,0,0,0,0
3280,6,81,-49.8,84,32,-9.62383,8.13277,0,1141,0,0,0,0,0,0,0,0,0, 0,0,0,0,0,12,0,0,0,0
3280,7,141,-56.5,60,32,-7.50497,4.96743,0,1141,0,0,0,0,0,0,0,0,0, 0,0,0,0,0,12,0,0,0,0
3320,0,247,-56.5,64,32,-8.0053,5.2986,0,86,0,0,0,0,0,0,0,0,0, 0,0,0,0,0,13,0,0,0,0
3320,1,290,-56.5,68,32,-8.50564,5.62976,0,86,0,0,0,0,0,0,0,0,0, 0,0,0,0,0,13,0,0,0,0
3320,2,57,3.1,100,31.75,0.811182,14.978,0,86,0,0,0,0,0,0,0,0,0, 0,0,0,0,0,13,0,0,0,0
3320,3,242,-55.4,72,32,-8.88987,6.13271,0,86,0,0,0,0,0,0,0,0,0, 0,0,0,0,0,13,0,0,0,0
3320,4,155,-53.4,76,32,-9.15212,6.79696,0,86,0,0,0,0,0,0,0,0,0, 0,0,0,0,0,13,0,0,0,0
3320,5,109,-46.7,80,32,-8.73327,8.22982,0,86,0,0,0,0,0,0,0,0,0, 0,0,0,0,0,13,0,0,0,0
3320,6,88,-46.7,84,32,-9.16994,8.64131,0,86,0,0,0,0,0,0,0,0,0, 0,0,0,0,0,13,0,0,0,0
3320,7,41,-4.2,88,31.75,-0.966744,13.1646,0,86,0,0,0,0,0,0,0,0,0, 0,0,0,0,0,13,0,0,0,0
3320,8,142,-56.5,60,32,-7.50497,4.96743,0,86,0,0,0,0,0,0,0,0,0, 0,0,0,0,0,13,0,0,0,0
3360,0,248,-56.5,64,32,-8.0053,5.2986,0,0,0,0,0,0,0,0,0,0,0, 0,0,0,0,0,14,0,0,0,0
3360,1,291,-56.5,68,32,-8.50564,5.62976,0,0,0,0,0,0,0,0,0,0,0, 0,0,0,0,0,14,0,0,0,0
3360,2,61,-9,100,32.25,-2.34652,14.8153,0,0,0,0,0,0,0,0,0,0,0, 0,0,0,0,0,14,0,0,0,0
3360,3,244,-55.4,72,32,-8.88987,6.13271,0,0,0,0,0,0,0,0,0,0,0, 0,0,0,0,0,14,0,0,0,0
3360,4,156,-53.4,76,32,-9.15212,6.79696,0,0,0,0,0,0,0,0,0,0,0, 0,0,0,0,0,14,0,0,0,0
3360,5,107,-51.6,80,32,-9.40432,7.45377,0,0,0,0,0,0,0,0,0,0,0, 0,0,0,0,0,14,0,0,0,0
3360,6,86,-48,84,32,-9.36363,8.43105,0,0,0,0,0,0,0,0,0,0,0, 0,0,0,0,0,14,0,0,0,0
3360,7,140,-57.4,60,32,-7.58207,4.84894,0,0,0,0,0,0,0,0,0,0,0, 0,0,0,0,0,14,0,0,0,0
3400,0,247,-56.5,64,32,-8.0053,5.2986,0,0,0,0,0,0,0,0,0,0,0, 0,0,0,0,0,15,0,0,0,0
3400,1,94,4.2,96,31.25,1.05463,14.3613,0,0,0,0,0,0,0,0,0,0,0, 0,0,0,0,0,15,0,0,0,0
3400,2,291,-56.5,68,32,-8.50564,5.62976,0,0,0,0,0,0,0,0,0,0,0, 0,0,0,0,0,15,0,0,0,0
3400,3,79,1.3,100,31.25,0.34031,14.9961,0,0,0,0,0,0,0,0,0,0,0, 0,0,0,0,0,15,0,0,0,0
3400,4,70,3.1,100,32.25,0.811182,14.978,0,0,0,0,0,0,0,0,0,0,0, 0,0,0,0,0,15,0,0,0,0
3400,5,243,-55.4,72,32,-8.88987,6.13271,0,0,0,0,0,0,0,0,0,0,0, 0,0,0,0,0,15,0,0,0,0
3400,6,31,-3.6,104,32.25,-0.979532,15.5692,0,0,0,0,0,0,0,0,0,0,0, 0,0,0,0,0,15,0,0,0,0
3400,7,159,-53.4,76,32,-9.15212,6.79696,0,0,0,0,0,0,0,0,0,0,0, 0,0,0,0,0,15,0,0,0,0
3400,8,108,-49.8,80,32,-9.16555,7.74549,0,0,0,0,0,0,0,0,0,0,0, 0,0,0,0,0,15,0,0,0,0
3400,9,83,-48,84,32,-9.36363,8.43105,0,0,0,0,0,0,0,0,0,0,0, 0,0,0,0,0,15,0,0,0,0
3400,10,139,-59.4,60,32,-7.74668,4.58137,0,0,0,0,0,0,0,0,0,0,0, 0,0,0,0,0,15,0,0,0,0
3440,0,246,-58.4,64,32,-8.17658,5.03026,0,0,0,0,0,0,0,0,0,0,0, 0,0,0,0,0,0,0,0,0,0
3440,1,59,6.6,96,31.25,1.65509,14.3046,0,0,0,0,0,0,0,0,0,0,0, 0,0,0,0,0,0,0,0,0,0
3440,2,290,-57.4,68,32,-8.59301,5.49546,0,0,0,0,0,0,0,0,0,0,0, 0,0,0,0,0,0,0,0,0,0
3440,3,38,1.3,100,32.25,0.34031,14.9961,0,0,0,0,0,0,0,0,0,0,0, 0,0,0,0,0,0,0,0,0,0
3440,4,37,72.4,8,30.75,1.14383,0.362844,0,0,0,0,0,0,0,0,0,0,0, 0,0,0,0,0,0,0,0,0,0
3440,5,43,65.6,8,33,1.09282,0.495725,0,0,0,0,0,0,0,0,0,0,0, 0,0,0,0,0,0,0,0,0,0
3440,6,241,-56.5,72,32,-9.00597,5.96092,0,0,0,0,0,0,0,0,0,0,0, 0,0,0,0,0,0,0,0,0,0
3440,7,156,-53.4,76,32,-9.15212,6.79696,0,0,0,0,0,0,0,0,0,0,0, 0,0,0,0,0,0,0,0,0,0
3440,8,107,-49.8,80,32,-9.16555,7.74549,0,0,0,0,0,0,0,0,0,0,0, 0,0,0,0,0,0,0,0,0,0
3440,9,83,-48,84,32,-9.36363,8.43105,0,0,0,0,0,0,0,0,0,0,0, 0,0,0,0,0,0,0,0,0,0
3440,10,140,-59.4,60,32,-7.74668,4.58137,0,0,0,0,0,0,0,0,0,0,0, 0,0,0,0,0,0,0,0,0,0
3440,11,13,4.8,444,55.5,5.57294,66.3664,0,0,0,0,0,0,0,0,0,0,0, 0,0,0,0,0,0,0,0,0,0
3480,0,244,-58.4,64,32,-8.17658,5.03026,0,0,0,0,0,0,0,0,0,0,0, 0,0,0,0,0,1,0,0,0,0
3480,1,289,-57.4,68,32,-8.59301,5.49546,0,0,0,0,0,0,0,0,0,0,0, 0,0,0,0,0,1,0,0,0,0
3480,2,239,-56.5,72,32,-9.00597,5.96092,0,0,0,0,0,0,0,0,0,0,0, 0,0,0,0,0,1,0,0,0,0
3480,3,19,-9,104,30.75,-2.44038,15.4079,0,0,0,0,0,0,0,0,0,0,0, 0,0,0,0,0,1,0,0,0,0
3480,4,154,-54.4,76,32,-9.26935,6.6362,0,0,0,0,0,0,0,0,0,0,0, 0,0,0,0,0,1,0,0,0,0
3480,5,107,-51.6,80,32,-9.40432,7.45377,0,0,0,0,0,0,0,0,0,0,0, 0,0,0,0,0,1,0,0,0,0
3480,6,87,-53.4,84,32,-10.1155,7.51243,0,0,0,0,0,0,0,0,0,0,0, 0,0,0,0,0,1,0,0,0,0
3480,7,139,-59.4,60,32,-7.74668,4.58137,0,0,0,0,0,0,0,0,0,0,0, 0,0,0,0,0,1,0,0,0,0
3520,0,243,-59.4,64,32,-8.26312,4.8868,0,0,0,0,0,0,0,0,0,0,0, 0,0,0,0,0,2,0,0,0,0
3520,1,288,-58.4,68,32,-8.68761,5.34466,0,0,0,0,0,0,0,0,0,0,0, 0,0,0,0,0,2,0,0,0,0
3520,2,237,-57.4,72,32,-9.09849,5.81872,0,0,0,0,0,0,0,0,0,0,0, 0,0,0,0,0,2,0,0,0,0
3520,3,151,-54.4,76,32,-9.26935,6.6362,0,0,0,0,0,0,0,0,0,0,0, 0,0,0,0,0,2,0,0,0,0
3520,4,101,-51.6,80,32,-9.40432,7.45377,0,0,0,0,0,0,0,0,0,0,0, 0,0,0,0,0,2,0,0,0,0
3520,5,138,-59.4,60,32,-7.74668,4.58137,0,0,0,0,0,0,0,0,0,0,0, 0,0,0,0,0,2,0,0,0,0
3560,0,244,-57.4,64,32,-8.08754,5.1722,0,0,0,0,0,0,0,0,0,0,0, 0,0,0,0,0,3,0,0,0,0
3560,1,41,-8.4,96,31.75,-2.1036,14.2455,0,0,0,0,0,0,0,0,0,0,0, 0,0,0,0,0,3,0,0,0,0
3560,2,288,-56.5,68,32,-8.50564,5.62976,0,0,0,0,0,0,0,0,0,0,0, 0,0,0,0,0,3,0,0,0,0
3560,3,241,-56.5,72,32,-9.00597,5.96092,0,0,0,0,0,0,0,0,0,0,0, 0,0,0,0,0,3,0,0,0,0
3560,4,157,-54.4,76,32,-9.26935,6.6362,0,0,0,0,0,0,0,0,0,0,0, 0,0,0,0,0,3,0,0,0,0
3560,5,107,-53.4,80,32,-9.63381,7.1547,0,0,0,0,0,0,0,0,0,0,0, 0,0,0,0,0,3,0,0,0,0
3560,6,81,-56.5,84,32,-10.507,6.95441,0,0,0,0,0,0,0,0,0,0,0, 0,0,0,0,0,3,0,0,0,0
3560,7,136,-58.4,60,32,-7.66554,4.71587,0,0,0,0,0,0,0,0,0,0,0, 0,0,0,0,0,3,0,0,0,0
3600,0,243,-56.5,64,32,-8.0053,5.2986,0,0,0,0,0,0,0,0,0,0,0, 0,0,0,0,0,4,0,0,0,0
3600,1,287,-55.4,68,32,-8.39599,5.79201,0,0,0,0,0,0,0,0,0,0,0, 0,0,0,0,0,4,0,0,0,0
3600,2,241,-54.4,72,32,-8.78149,6.28693,0,0,0,0,0,0,0,0,0,0,0, 0,0,0,0,0,4,0,0,0,0
3600,3,158,-51.6,76,32,-8.93411,7.08108,0,0,0,0,0,0,0,0,0,0,0, 0,0,0,0,0,4,0,0,0,0
3600,4,107,-49.8,80,32,-9.16555,7.74549,0,0,0,0,0,0,0,0,0,0,0, 0,0,0,0,0,4,0,0,0,0
3600,5,138,-57.4,60,32,-7.58207,4.84894,0,0,0,0,0,0,0,0,0,0,0, 0,0,0,0,0,4,0,0,0,0
3640,0,244,-56.5,64,32,-8.0053,5.2986,0,0,0,0,0,0,0,0,0,0,0, 0,0,0,0,0,5,0,0,0,0
3640,1,290,-55.4,68,32,-8.39599,5.79201,0,0,0,0,0,0,0,0,0,0,0, 0,0,0,0,0,5,0,0,0,0
3640,2,244,-55.4,72,32,-8.88987,6.13271,0,0,0,0,0,0,0,0,0,0,0, 0,0,0,0,0,5,0,0,0,0
3640,3,157,-53.4,76,32,-9.15212,6.79696,0,0,0,0,0,0,0,0,0,0,0, 0,0,0,0,0,5,0,0,0,0
3640,4,106,-53.4,80,32,-9.63381,7.1547,0,0,0,0,0,0,0,0,0,0,0, 0,0,0,0,0,5,0,0,0,0
3640,5,82,-55.4,84,32,-10.3715,7.15483,0,0,0,0,0,0,0,0,0,0,0, 0,0,0,0,0,5,0,0,0,0
3640,6,140,-57.4,60,32,-7.58207,4.84894,0,0,0,0,0,0,0,0,0,0,0, 0,0,0,0,0,5,0,0,0,0
3680,0,247,-57.4,64,32,-8.08754,5.1722,0,0,0,0,0,0,0,0,0,0,0, 0,0,0,0,0,6,0,0,0,0
3680,1,291,-56.5,68,32,-8.50564,5.62976,0,0,0,0,0,0,0,0,0,0,0, 0,0,0,0,0,6,0,0,0,0
3680,2,243,-56.5,72,32,-9.00597,5.96092,0,0,0,0,0,0,0,0,0,0,0, 0,0,0,0,0,6,0,0,0,0
3680,3,27,5.4,104,30.75,1.46809,15.5308,0,0,0,0,0,0,0,0,0,0,0, 0,0,0,0,0,6,0,0,0,0
3680,4,157,-55.4,76,32,-9.38375,6.47342,0,0,0,0,0,0,0,0,0,0,0, 0,0,0,0,0,6,0,0,0,0
3680,5,106,-53.4,80,32,-9.63381,7.1547,0,0,0,0,0,0,0,0,0,0,0, 0,0,0,0,0,6,0,0,0,0
3680,6,139,-58.4,60,32,-7.66554,4.71587,0,0,0,0,0,0,0,0,0,0,0, 0,0,0,0,0,6,0,0,0,0
3680,7,82,-1.8,92,32.25,-0.433468,13.7932,0,0,0,0,0,0,0,0,0,0,0, 0,0,0,0,0,6,0,0,0,0
3720,0,245,-57.4,64,32,-8.08754,5.1722,0,0,0,0,0,0,0,0,0,0,0, 0,0,0,0,0,7,0,0,0,0
3720,1,67,4.8,96,32.25,1.20496,14.3495,0,0,0,0,0,0,0,0,0,0,0, 0,0,0,0,0,7,0,0,0,0
3720,2,288,-56.5,68,32,-8.50564,5.62976,0,0,0,0,0,0,0,0,0,0,0, 0,0,0,0,0,7,0,0,0,0
3720,3,63,7.2,100,32.25,1.88,14.8817,0,0,0,0,0,0,0,0,0,0,0, 0,0,0,0,0,7,0,0,0,0
3720,4,44,75.1,8,33,1.15965,0.308559,0,0,0,0,0,0,0,0,0,0,0, 0,0,0,0,0,7,0,0,0,0
3720,5,240,-55.4,72,32,-8.88987,6.13271,0,0,0,0,0,0,0,0,0,0,0, 0,0,0,0,0,7,0,0,0,0
3720,6,156,-54.4,76,32,-9.26935,6.6362,0,0,0,0,0,0,0,0,0,0,0, 0,0,0,0,0,7,0,0,0,0
3720,7,105,-54.4,80,32,-9.75721,6.98548,0,0,0,0,0,0,0,0,0,0,0, 0,0,0,0,0,7,0,0,0,0
3720,8,82,-57.4,84,32,-10.6149,6.78851,0,0,0,0,0,0,0,0,0,0,0, 0,0,0,0,0,7,0,0,0,0
3720,9,140,-57.4,60,32,-7.58207,4.84894,0,0,0,0,0,0,0,0,0,0,0, 0,0,0,0,0,7,0,0,0,0
3720,10,47,-2.4,92,31.75,-0.577884,13.7879,0,0,0,0,0,0,0,0,0,0,0, 0,0,0,0,0,7,0,0,0,0
3760,0,250,-57.4,64,32,-8.08754,5.1722,0,0,0,0,0,0,0,0,0,0,0, 0,0,0,0,0,8,0,0,0,0
3760,1,292,-56.5,68,32,-8.50564,5.62976,0,0,0,0,0,0,0,0,0,0,0, 0,0,0,0,0,8,0,0,0,0
3760,2,242,-55.4,72,32,-8.88987,6.13271,0,0,0,0,0,0,0,0,0,0,0, 0,0,0,0,0,8,0,0,0,0
3760,3,153,-54.4,76,32,-9.26935,6.6362,0,0,0,0,0,0,0,0,0,0,0, 0,0,0,0,0,8,0,0,0,0
3760,4,102,-54.4,80,32,-9.75721,6.98548,0,0,0,0,0,0,0,0,0,0,0, 0,0,0,0,0,8,0,0,0,0
3760,5,139,-58.4,60,32,-7.66554,4.71587,0,0,0,0,0,0,0,0,0,0,0, 0,0,0,0,0,8,0,0,0,0
3800,0,245,-56.5,64,32,-8.0053,5.2986,0,1334,0,0,0,0,0,0,0,0,0, 0,0,0,0,0,9,0,0,0,0
3800,1,41,4.2,96,30.75,1.05463,14.3613,0,1334,0,0,0,0,0,0,0,0,0, 0,0,0,0,0,9,0,0,0,0
3800,2,290,-56.5,68,32,-8.50564,5.62976,0,1334,0,0,0,0,0,0,0,0,0, 0,0,0,0,0,9,0,0,0,0
3800,3,44,67.6,8,33,1.10946,0.457284,0,1334,0,0,0,0,0,0,0,0,0, 0,0,0,0,0,9,0,0,0,0
3800,4,242,-55.4,72,32,-8.88987,6.13271,0,1334,0,0,0,0,0,0,0,0,0, 0,0,0,0,0,9,0,0,0,0
3800,5,156,-53.4,76,32,-9.15212,6.79696,0,1334,0,0,0,0,0,0,0,0,0, 0,0,0,0,0,9,0,0,0,0
3800,6,104,-51.6,80,32,-9.40432,7.45377,0,1334,0,0,0,0,0,0,0,0,0, 0,0,0,0,0,9,0,0,0,0
3800,7,84,-53.4,84,32,-10.1155,7.51243,0,1334,0,0,0,0,0,0,0,0,0, 0,0,0,0,0,9,0,0,0,0
3800,8,139,-58.4,60,32,-7.66554,4.71587,0,1334,0,0,0,0,0,0,0,0,0, 0,0,0,0,0,9,0,0,0,0
3800,9,49,1.8,92,32.25,0.433468,13.7932,0,1334,0,0,0,0,0,0,0,0,0, 0,0,0,0,0,9,0,0,0,0
3840,0,244,-57.4,64,32,-8.08754,5.1722,0,0,0,0,0,0,0,0,0,0,0, 0,0,0,0,0,10,0,0,0,0
3840,1,287,-56.5,68,32,-8.50564,5.62976,0,0,0,0,0,0,0,0,0,0,0, 0,0,0,0,0,10,0,0,0,0
3840,2,241,-55.4,72,32,-8.88987,6.13271,0,0,0,0,0,0,0,0,0,0,0, 0,0,0,0,0,10,0,0,0,0
3840,3,156,-54.4,76,32,-9.26935,6.6362,0,0,0,0,0,0,0,0,0,0,0, 0,0,0,0,0,10,0,0,0,0
3840,4,107,-51.6,80,32,-9.40432,7.45377,0,0,0,0,0,0,0,0,0,0,0, 0,0,0,0,0,10,0,0,0,0
3840,5,83,-55.4,84,32,-10.3715,7.15483,0,0,0,0,0,0,0,0,0,0,0, 0,0,0,0,0,10,0,0,0,0
3840,6,140,-57.4,60,32,-7.58207,4.84894,0,0,0,0,0,0,0,0,0,0,0, 0,0,0,0,0,10,0,0,0,0
3880,0,244,-56.5,64,32,-8.0053,5.2986,0,7936,0,0,0,0,0,0,0,0,0, 0,0,0,0,0,11,0,0,0,0
3880,1,59,-3.6,96,32.25,-0.904183,14.3716,0,7936,0,0,0,0,0,0,0,0,0, 0,0,0,0,0,11,0,0,0,0
3880,2,288,-56.5,68,32,-8.50564,5.62976,0,7936,0,0,0,0,0,0,0,0,0, 0,0,0,0,0,11,0,0,0,0
3880,3,38,67.6,8,33,1.10946,0.457284,0,7936,0,0,0,0,0,0,0,0,0, 0,0,0,0,0,11,0,0,0,0
3880,4,240,-55.4,72,32,-8.88987,6.13271,0,7936,0,0,0,0,0,0,0,0,0, 0,0,0,0,0,11,0,0,0,0
3880,5,155,-54.4,76,32,-9.26935,6.6362,0,7936,0,0,0,0,0,0,0,0,0, 0,0,0,0,0,11,0,0,0,0
3880,6,107,-54.4,80,32,-9.75721,6.98548,0,7936,0,0,0,0,0,0,0,0,0, 0,0,0,0,0,11,0,0,0,0
3880,7,82,-57.4,84,32,-10.6149,6.78851,0,7936,0,0,0,0,0,0,0,0,0, 0,0,0,0,0,11,0,0,0,0
3880,8,140,-57.4,60,32,-7.58207,4.84894,0,7936,0,0,0,0,0,0,0,0,0, 0,0,0,0,0,11,0,0,0,0
3920,0,244,-56.5,64,32,-8.0053,5.2986,0,1141,0,0,0,0,0,0,0,0,0, 0,0,0,0,0,12,0,0,0,0
3920,1,38,9.9,96,30.75,2.47578,14.1856,0,1141,0,0,0,0,0,0,0,0,0, 0,0,0,0,0,12,0,0,0,0
3920,2,288,-56.5,68,32,-8.50564,5.62976,0,1141,0,0,0,0,0,0,0,0,0, 0,0,0,0,0,12,0,0,0,0
3920,3,37,6.6,100,30.75,1.72406,14.9006,0,1141,0,0,0,0,0,0,0,0,0, 0,0,0,0,0,12,0,0,0,0
3920,4,239,-55.4,72,32,-8.88987,6.13271,0,1141,0,0,0,0,0,0,0,0,0, 0,0,0,0,0,12,0,0,0,0
3920,5,157,-54.4,76,32,-9.26935,6.6362,0,1141,0,0,0,0,0,0,0,0,0, 0,0,0,0,0,12,0,0,0,0
3920,6,107,-54.4,80,32,-9.75721,6.98548,0,1141,0,0,0,0,0,0,0,0,0, 0,0,0,0,0,12,0,0,0,0
3920,7,82,-58.4,84,32,-10.7318,6.60222,0,1141,0,0,0,0,0,0,0,0,0, 0,0,0,0,0,12,0,0,0,0
3920,8,138,-57.4,60,32,-7.58207,4.84894,0,1141,0,0,0,0,0,0,0,0,0, 0,0,0,0,0,12,0,0,0,0
3960,0,245,-56.5,64,32,-8.0053,5.2986,0,86,0,0,0,0,0,0,0,0,0, 0,0,0,0,0,13,0,0,0,0
3960,1,289,-56.5,68,32,-8.50564,5.62976,0,86,0,0,0,0,0,0,0,0,0, 0,0,0,0,0,13,0,0,0,0
3960,2,240,-55.4,72,32,-8.88987,6.13271,0,86,0,0,0,0,0,0,0,0,0, 0,0,0,0,0,13,0,0,0,0
3960,3,48,3.1,104,32.25,0.84363,15.5772,0,86,0,0,0,0,0,0,0,0,0, 0,0,0,0,0,13,0,0,0,0
3960,4,156,-53.4,76,32,-9.15212,6.79696,0,86,0,0,0,0,0,0,0,0,0, 0,0,0,0,0,13,0,0,0,0
3960,5,27,6.6,108,31.75,1.86198,16.0926,0,86,0,0,0,0,0,0,0,0,0, 0,0,0,0,0,13,0,0,0,0
3960,6,106,-54.4,80,32,-9.75721,6.98548,0,86,0,0,0,0,0,0,0,0,0, 0,0,0,0,0,13,0,0,0,0
3960,7,84,-57.4,84,32,-10.6149,6.78851,0,86,0,0,0,0,0,0,0,0,0, 0,0,0,0,0,13,0,0,0,0
3960,8,138,-57.4,60,32,-7.58207,4.84894,0,86,0,0,0,0,0,0,0,0,0, 0,0,0,0,0,13,0,0,0,0
4000,0,244,-57.4,64,32,-8.08754,5.1722,0,0,0,0,0,0,0,0,0,0,0, 0,0,0,0,0,14,0,0,0,0
4000,1,64,-3,96,31.25,-0.753638,14.3803,0,0,0,0,0,0,0,0,0,0,0, 0,0,0,0,0,14,0,0,0,0
4000,2,289,-56.5,68,32,-8.50564,5.62976,0,0,0,0,0,0,0,0,0,0,0, 0,0,0,0,0,14,0,0,0,0
4000,3,240,-56.5,72,32,-9.00597,5.96092,0,0,0,0,0,0,0,0,0,0,0, 0,0,0,0,0,14,0,0,0,0
4000,4,45,6.6,104,32.25,1.79302,15.4966,0,0,0,0,0,0,0,0,0,0,0, 0,0,0,0,0,14,0,0,0,0
4000,5,155,-53.4,76,32,-9.15212,6.79696,0,0,0,0,0,0,0,0,0,0,0, 0,0,0,0,0,14,0,0,0,0
4000,6,107,-49.8,80,32,-9.16555,7.74549,0,0,0,0,0,0,0,0,0,0,0, 0,0,0,0,0,14,0,0,0,0
4000,7,84,-53.4,84,32,-10.1155,7.51243,0,0,0,0,0,0,0,0,0,0,0, 0,0,0,0,0,14,0,0,0,0
4000,8,139,-60.3,60,32,-7.81768,4.45913,0,0,0,0,0,0,0,0,0,0,0, 0,0,0,0,0,14,0,0,0,0
4040,0,243,-58.4,64,32,-8.17658,5.03026,0,0,0,0,0,0,0,0,0,0,0, 0,0,0,0,0,15,0,0,0,0
4040,1,287,-57.4,68,32,-8.59301,5.49546,0,0,0,0,0,0,0,0,0,0,0, 0,0,0,0,0,15,0,0,0,0
4040,2,241,-56.5,72,32,-9.00597,5.96092,0,0,0,0,0,0,0,0,0,0,0, 0,0,0,0,0,15,0,0,0,0
4040,3,156,-54.4,76,32,-9.26935,6.6362,0,0,0,0,0,0,0,0,0,0,0, 0,0,0,0,0,15,0,0,0,0
4040,4,107,-51.6,80,32,-9.40432,7.45377,0,0,0,0,0,0,0,0,0,0,0, 0,0,0,0,0,15,0,0,0,0
4040,5,82,-51.6,84,32,-9.87454,7.82646,0,0,0,0,0,0,0,0,0,0,0, 0,0,0,0,0,15,0,0,0,0
4040,6,139,-58.4,60,32,-7.66554,4.71587,0,0,0,0,0,0,0,0,0,0,0, 0,0,0,0,0,15,0,0,0,0
4040,7,39,1.8,92,31.75,0.433468,13.7932,0,0,0,0,0,0,0,0,0,0,0, 0,0,0,0,0,15,0,0,0,0
4080,0,244,-57.4,64,32,-8.08754,5.1722,0,0,0,0,0,0,0,0,0,0,0, 0,0,0,0,0,0,0,0,0,0
4080,1,287,-56.5,68,32,-8.50564,5.62976,0,0,0,0,0,0,0,0,0,0,0, 0,0,0,0,0,0,0,0,0,0
4080,2,39,66.6,8,33,1.10131,0.476577,0,0,0,0,0,0,0,0,0,0,0, 0,0,0,0,0,0,0,0,0,0
4080,3,239,-56.5,72,32,-9.00597,5.96092,0,0,0,0,0,0,0,0,0,0,0, 0,0,0,0,0,0,0,0,0,0
4080,4,153,-54.4,76,32,-9.26935,6.6362,0,0,0,0,0,0,0,0,0,0,0, 0,0,0,0,0,0,0,0,0,0
4080,5,105,-51.6,80,32,-9.40432,7.45377,0,0,0,0,0,0,0,0,0,0,0, 0,0,0,0,0,0,0,0,0,0
4080,6,82,-51.6,84,32,-9.87454,7.82646,0,0,0,0,0,0,0,0,0,0,0, 0,0,0,0,0,0,0,0,0,0
4080,7,138,-57.4,60,32,-7.58207,4.84894,0,0,0,0,0,0,0,0,0,0,0, 0,0,0,0,0,0,0,0,0,0
4120,0,243,-57.4,64,32,-8.08754,5.1722,0,0,0,0,0,0,0,0,0,0,0, 0,0,0,0,0,1,0,0,0,0
4120,1,287,-57.4,68,32,-8.59301,5.49546,0,0,0,0,0,0,0,0,0,0,0, 0,0,0,0,0,1,0,0,0,0
4120,2,238,-56.5,72,32,-9.00597,5.96092,0,0,0,0,0,0,0,0,0,0,0, 0,0,0,0,0,1,0,0,0,0
4120,3,150,-55.4,76,32,-9.38375,6.47342,0,0,0,0,0,0,0,0,0,0,0, 0,0,0,0,0,1,0,0,0,0
4120,4,100,-51.6,80,32,-9.40432,7.45377,0,0,0,0,0,0,0,0,0,0,0, 0,0,0,0,0,1,0,0,0,0
4120,5,138,-57.4,60,32,-7.58207,4.84894,0,0,0,0,0,0,0,0,0,0,0, 0,0,0,0,0,1,0,0,0,0
4160,0,245,-56.5,64,32,-8.0053,5.2986,0,0,0,0,0,0,0,0,0,0,0, 0,0,0,0,0,2,0,0,0,0
4160,1,289,-56.5,68,32,-8.50564,5.62976,0,0,0,0,0,0,0,0,0,0,0, 0,0,0,0,0,2,0,0,0,0
4160,2,239,-56.5,72,32,-9.00597,5.96092,0,0,0,0,0,0,0,0,0,0,0, 0,0,0,0,0,2,0,0,0,0
4160,3,154,-55.4,76,32,-9.38375,6.47342,0,0,0,0,0,0,0,0,0,0,0, 0,0,0,0,0,2,0,0,0,0
4160,4,104,-54.4,80,32,-9.75721,6.98548,0,0,0,0,0,0,0,0,0,0,0, 0,0,0,0,0,2,0,0,0,0
4160,5,139,-56.5,60,32,-7.50497,4.96743,0,0,0,0,0,0,0,0,0,0,0, 0,0,0,0,0,2,0,0,0,0
4200,0,246,-56.5,64,32,-8.0053,5.2986,0,0,0,0,0,0,0,0,0,0,0, 0,0,0,0,0,3,0,0,0,0
4200,1,289,-56.5,68,32,-8.50564,5.62976,0,0,0,0,0,0,0,0,0,0,0, 0,0,0,0,0,3,0,0,0,0
4200,2,38,1.8,100,32.25,0.471161,14.9926,0,0,0,0,0,0,0,0,0,0,0, 0,0,0,0,0,3,0,0,0,0
4200,3,242,-56.5,72,32,-9.00597,5.96092,0,0,0,0,0,0,0,0,0,0,0, 0,0,0,0,0,3,0,0,0,0
4200,4,154,-54.4,76,32,-9.26935,6.6362,0,0,0,0,0,0,0,0,0,0,0, 0,0,0,0,0,3,0,0,0,0
4200,5,104,-54.4,80,32,-9.75721,6.98548,0,0,0,0,0,0,0,0,0,0,0, 0,0,0,0,0,3,0,0,0,0
4200,6,137,-56.5,60,32,-7.50497,4.96743,0,0,0,0,0,0,0,0,0,0,0, 0,0,0,0,0,3,0,0,0,0
4240,0,244,-57.4,64,32,-8.08754,5.1722,0,0,0,0,0,0,0,0,0,0,0, 0,0,0,0,0,4,0,0,0,0
4240,1,287,-56.5,68,32,-8.50564,5.62976,0,0,0,0,0,0,0,0,0,0,0, 0,0,0,0,0,4,0,0,0,0
4240,2,37,6.6,100,30.75,1.72406,14.9006,0,0,0,0,0,0,0,0,0,0,0, 0,0,0,0,0,4,0,0,0,0
4240,3,66,6.1,100,31.25,1.59396,14.9151,0,0,0,0,0,0,0,0,0,0,0, 0,0,0,0,0,4,0,0,0,0
4240,4,238,-55.4,72,32,-8.88987,6.13271,0,0,0,0,0,0,0,0,0,0,0, 0,0,0,0,0,4,0,0,0,0
4240,5,153,-53.4,76,32,-9.15212,6.79696,0,0,0,0,0,0,0,0,0,0,0, 0,0,0,0,0,4,0,0,0,0
4240,6,35,7.2,108,31.75,2.0304,16.0723,0,0,0,0,0,0,0,0,0,0,0, 0,0,0,0,0,4,0,0,0,0
4240,7,103,-49.8,80,32,-9.16555,7.74549,0,0,0,0,0,0,0,0,0,0,0, 0,0,0,0,0,4,0,0,0,0
4240,8,137,-57.4,60,32,-7.58207,4.84894,0,0,0,0,0,0,0,0,0,0,0, 0,0,0,0,0,4,0,0,0,0
4280,0,243,-57.4,64,32,-8.08754,5.1722,0,0,0,0,0,0,0,0,0,0,0, 0,0,0,0,0,5,0,0,0,0
4280,1,288,-56.5,68,32,-8.50564,5.62976,0,0,0,0,0,0,0,0,0,0,0, 0,0,0,0,0,5,0,0,0,0
4280,2,53,1.8,100,32.25,0.471161,14.9926,0,0,0,0,0,0,0,0,0,0,0, 0,0,0,0,0,5,0,0,0,0
4280,3,43,69.6,8,33,1.12474,0.418287,0,0,0,0,0,0,0,0,0,0,0, 0,0,0,0,0,5,0,0,0,0
4280,4,241,-56.5,72,32,-9.00597,5.96092,0,0,0,0,0,0,0,0,0,0,0, 0,0,0,0,0,5,0,0,0,0
4280,5,49,0.1,104,32.25,0.0272271,15.6,0,0,0,0,0,0,0,0,0,0,0, 0,0,0,0,0,5,0,0,0,0
4280,6,155,-54.4,76,32,-9.26935,6.6362,0,0,0,0,0,0,0,0,0,0,0, 0,0,0,0,0,5,0,0,0,0
4280,7,34,0.6,108,31.25,0.169643,16.1991,0,0,0,0,0,0,0,0,0,0,0, 0,0,0,0,0,5,0,0,0,0
4280,8,35,1.8,108,32.25,0.508854,16.192,0,0,0,0,0,0,0,0,0,0,0, 0,0,0,0,0,5,0,0,0,0
4280,9,106,-48,80,32,-8.91774,8.02957,0,0,0,0,0,0,0,0,0,0,0, 0,0,0,0,0,5,0,0,0,0
4280,10,137,-57.4,60,32,-7.58207,4.84894,0,0,0,0,0,0,0,0,0,0,0, 0,0,0,0,0,5,0,0,0,0
4320,0,243,-56.5,64,32,-8.0053,5.2986,0,0,0,0,0,0,0,0,0,0,0, 0,0,0,0,0,6,0,0,0,0
4320,1,289,-55.4,68,32,-8.39599,5.79201,0,0,0,0,0,0,0,0,0,0,0, 0,0,0,0,0,6,0,0,0,0
4320,2,61,-0.6,100,32.25,-0.157077,14.9992,0,0,0,0,0,0,0,0,0,0,0, 0,0,0,0,0,6,0,0,0,0
4320,3,241,-55.4,72,32,-8.88987,6.13271,0,0,0,0,0,0,0,0,0,0,0, 0,0,0,0,0,6,0,0,0,0
4320,4,155,-53.4,76,32,-9.15212,6.79696,0,0,0,0,0,0,0,0,0,0,0, 0,0,0,0,0,6,0,0,0,0
4320,5,105,-51.6,80,32,-9.40432,7.45377,0,0,0,0,0,0,0,0,0,0,0, 0,0,0,0,0,6,0,0,0,0
4320,6,137,-56.5,60,32,-7.50497,4.96743,0,0,0,0,0,0,0,0,0,0,0, 0,0,0,0,0,6,0,0,0,0
4360,0,243,-56.5,64,32,-8.0053,5.2986,0,0,0,0,0,0,0,0,0,0,0, 0,0,0,0,0,7,0,0,0,0
4360,1,289,-55.4,68,32,-8.39599,5.79201,0,0,0,0,0,0,0,0,0,0,0, 0,0,0,0,0,7,0,0,0,0
4360,2,240,-55.4,72,32,-8.88987,6.13271,0,0,0,0,0,0,0,0,0,0,0, 0,0,0,0,0,7,0,0,0,0
4360,3,155,-54.4,76,32,-9.26935,6.6362,0,0,0,0,0,0,0,0,0,0,0, 0,0,0,0,0,7,0,0,0,0
4360,4,106,-53.4,80,32,-9.63381,7.1547,0,0,0,0,0,0,0,0,0,0,0, 0,0,0,0,0,7,0,0,0,0
4360,5,83,-49.8,84,32,-9.62383,8.13277,0,0,0,0,0,0,0,0,0,0,0, 0,0,0,0,0,7,0,0,0,0
4360,6,137,-56.5,60,32,-7.50497,4.96743,0,0,0,0,0,0,0,0,0,0,0, 0,0,0,0,0,7,0,0,0,0
4400,0,243,-56.5,64,32,-8.0053,5.2986,0,0,0,0,0,0,0,0,0,0,0, 0,0,0,0,0,8,0,0,0,0
4400,1,288,-56.5,68,32,-8.50564,5.62976,0,0,0,0,0,0,0,0,0,0,0, 0,0,0,0,0,8,0,0,0,0
4400,2,44,66.6,8,33,1.10131,0.476577,0,0,0,0,0,0,0,0,0,0,0, 0,0,0,0,0,8,0,0,0,0
4400,3,240,-55.4,72,32,-8.88987,6.13271,0,0,0,0,0,0,0,0,0,0,0, 0,0,0,0,0,8,0,0,0,0
4400,4,153,-53.4,76,32,-9.15212,6.79696,0,0,0,0,0,0,0,0,0,0,0, 0,0,0,0,0,8,0,0,0,0
4400,5,104,-53.4,80,32,-9.63381,7.1547,0,0,0,0,0,0,0,0,0,0,0, 0,0,0,0,0,8,0,0,0,0
4400,6,136,-57.4,60,32,-7.58207,4.84894,0,0,0,0,0,0,0,0,0,0,0, 0,0,0,0,0,8,0,0,0,0
4400,7,38,6.1,92,31.5,1.46644,13.7219,0,0,0,0,0,0,0,0,0,0,0, 0,0,0,0,0,8,0,0,0,0
4440,0,242,-57.4,64,32,-8.08754,5.1722,0,1334,0,0,0,0,0,0,0,0,0, 0,0,0,0,0,9,0,0,0,0
4440,1,287,-56.5,68,32,-8.50564,5.62976,0,1334,0,0,0,0,0,0,0,0,0, 0,0,0,0,0,9,0,0,0,0
4440,2,240,-55.4,72,32,-8.88987,6.13271,0,1334,0,0,0,0,0,0,0,0,0, 0,0,0,0,0,9,0,0,0,0
4440,3,154,-54.4,76,32,-9.26935,6.6362,0,1334,0,0,0,0,0,0,0,0,0, 0,0,0,0,0,9,0,0,0,0
4440,4,104,-51.6,80,32,-9.40432,7.45377,0,1334,0,0,0,0,0,0,0,0,0, 0,0,0,0,0,9,0,0,0,0
4440,5,140,-58.4,60,32,-7.66554,4.71587,0,1334,0,0,0,0,0,0,0,0,0, 0,0,0,0,0,9,0,0,0,0
4480,0,244,-57.4,64,32,-8.08754,5.1722,0,0,0,0,0,0,0,0,0,0,0, 0,0,0,0,0,10,0,0,0,0
4480,1,288,-56.5,68,32,-8.50564,5.62976,0,0,0,0,0,0,0,0,0,0,0, 0,0,0,0,0,10,0,0,0,0
4480,2,240,-55.4,72,32,-8.88987,6.13271,0,0,0,0,0,0,0,0,0,0,0, 0,0,0,0,0,10,0,0,0,0
4480,3,155,-54.4,76,32,-9.26935,6.6362,0,0,0,0,0,0,0,0,0,0,0, 0,0,0,0,0,10,0,0,0,0
4480,4,104,-53.4,80,32,-9.63381,7.1547,0,0,0,0,0,0,0,0,0,0,0, 0,0,0,0,0,10,0,0,0,0
4480,5,138,-59.4,60,32,-7.74668,4.58137,0,0,0,0,0,0,0,0,0,0,0, 0,0,0,0,0,10,0,0,0,0
4520,0,245,-57.4,64,32,-8.08754,5.1722,0,7936,0,0,0,0,0,0,0,0,0, 0,0,0,0,0,11,0,0,0,0
4520,1,290,-56.5,68,32,-8.50564,5.62976,0,7936,0,0,0,0,0,0,0,0,0, 0,0,0,0,0,11,0,0,0,0
4520,2,241,-55.4,72,32,-8.88987,6.13271,0,7936,0,0,0,0,0,0,0,0,0, 0,0,0,0,0,11,0,0,0,0
4520,3,158,-53.4,76,32,-9.15212,6.79696,0,7936,0,0,0,0,0,0,0,0,0, 0,0,0,0,0,11,0,0,0,0
4520,4,105,-49.8,80,32,-9.16555,7.74549,0,7936,0,0,0,0,0,0,0,0,0, 0,0,0,0,0,11,0,0,0,0
4520,5,139,-58.4,60,32,-7.66554,4.71587,0,7936,0,0,0,0,0,0,0,0,0, 0,0,0,0,0,11,0,0,0,0
4560,0,246,-57.4,64,32,-8.08754,5.1722,0,1140,0,0,0,0,0,0,0,0,0, 0,0,0,0,0,12,0,0,0,0
4560,1,292,-56.5,68,32,-8.50564,5.62976,0,1140,0,0,0,0,0,0,0,0,0, 0,0,0,0,0,12,0,0,0,0
4560,2,33,7.2,100,32.25,1.88,14.8817,0,1140,0,0,0,0,0,0,0,0,0, 0,0,0,0,0,12,0,0,0,0
4560,3,241,-55.4,72,32,-8.88987,6.13271,0,1140,0,0,0,0,0,0,0,0,0, 0,0,0,0,0,12,0,0,0,0
4560,4,153,-54.4,76,32,-9.26935,6.6362,0,1140,0,0,0,0,0,0,0,0,0, 0,0,0,0,0,12,0,0,0,0
4560,5,102,-49.8,80,32,-9.16555,7.74549,0,1140,0,0,0,0,0,0,0,0,0, 0,0,0,0,0,12,0,0,0,0
4560,6,139,-58.4,60,32,-7.66554,4.71587,0,1140,0,0,0,0,0,0,0,0,0, 0,0,0,0,0,12,0,0,0,0
4600,0,248,-56.5,64,32,-8.0053,5.2986,0,86,0,0,0,0,0,0,0,0,0, 0,0,0,0,0,13,0,0,0,0
4600,1,292,-55.4,68,32,-8.39599,5.79201,0,86,0,0,0,0,0,0,0,0,0, 0,0,0,0,0,13,0,0,0,0
4600,2,43,-9.6,100,31.25,-2.50153,14.7899,0,86,0,0,0,0,0,0,0,0,0, 0,0,0,0,0,13,0,0,0,0
4600,3,42,66.6,8,33,1.10131,0.476577,0,86,0,0,0,0,0,0,0,0,0, 0,0,0,0,0,13,0,0,0,0
4600,4,243,-55.4,72,32,-8.88987,6.13271,0,86,0,0,0,0,0,0,0,0,0, 0,0,0,0,0,13,0,0,0,0
4600,5,156,-53.4,76,32,-9.15212,6.79696,0,86,0,0,0,0,0,0,0,0,0, 0,0,0,0,0,13,0,0,0,0
4600,6,108,-49.8,80,32,-9.16555,7.74549,0,86,0,0,0,0,0,0,0,0,0, 0,0,0,0,0,13,0,0,0,0
4600,7,140,-56.5,60,32,-7.50497,4.96743,0,86,0,0,0,0,0,0,0,0,0, 0,0,0,0,0,13,0,0,0,0
4640,0,248,-56.5,64,32,-8.0053,5.2986,0,0,0,0,0,0,0,0,0,0,0, 0,0,0,0,0,14,0,0,0,0
4640,1,291,-56.5,68,32,-8.50564,5.62976,0,0,0,0,0,0,0,0,0,0,0, 0,0,0,0,0,14,0,0,0,0
4640,2,45,-1.2,100,30.75,-0.314136,14.9967,0,0,0,0,0,0,0,0,0,0,0, 0,0,0,0,0,14,0,0,0,0
4640,3,243,-55.4,72,32,-8.88987,6.13271,0,0,0,0,0,0,0,0,0,0,0, 0,0,0,0,0,14,0,0,0,0
4640,4,41,1.3,104,32.25,0.353922,15.596,0,0,0,0,0,0,0,0,0,0,0, 0,0,0,0,0,14,0,0,0,0
4640,5,156,-53.4,76,32,-9.15212,6.79696,0,0,0,0,0,0,0,0,0,0,0, 0,0,0,0,0,14,0,0,0,0
4640,6,106,-49.8,80,32,-9.16555,7.74549,0,0,0,0,0,0,0,0,0,0,0, 0,0,0,0,0,14,0,0,0,0
4640,7,139,-56.5,60,32,-7.50497,4.96743,0,0,0,0,0,0,0,0,0,0,0, 0,0,0,0,0,14,0,0,0,0
4640,8,17,-75,444,33,-64.3307,17.2373,0,0,0,0,0,0,0,0,0,0,0, 0,0,0,0,0,14,0,0,0,0
4680,0,247,-56.5,64,32,-8.0053,5.2986,0,0,0,0,0,0,0,0,0,0,0, 0,0,0,0,0,15,0,0,0,0
4680,1,291,-55.4,68,32,-8.39599,5.79201,0,0,0,0,0,0,0,0,0,0,0, 0,0,0,0,0,15,0,0,0,0
4680,2,242,-55.4,72,32,-8.88987,6.13271,0,0,0,0,0,0,0,0,0,0,0, 0,0,0,0,0,15,0,0,0,0
4680,3,157,-51.6,76,32,-8.93411,7.08108,0,0,0,0,0,0,0,0,0,0,0, 0,0,0,0,0,15,0,0,0,0
4680,4,46,4.8,108,32.25,1.35558,16.1432,0,0,0,0,0,0,0,0,0,0,0, 0,0,0,0,0,15,0,0,0,0
4680,5,105,-49.8,80,32,-9.16555,7.74549,0,0,0,0,0,0,0,0,0,0,0, 0,0,0,0,0,15,0,0,0,0
4680,6,139,-56.5,60,32,-7.50497,4.96743,0,0,0,0,0,0,0,0,0,0,0, 0,0,0,0,0,15,0,0,0,0
4720,0,247,-56.5,64,32,-8.0053,5.2986,0,0,0,0,0,0,0,0,0,0,0, 0,0,0,0,0,0,0,0,0,0
4720,1,290,-56.5,68,32,-8.50564,5.62976,0,0,0,0,0,0,0,0,0,0,0, 0,0,0,0,0,0,0,0,0,0
4720,2,242,-55.4,72,32,-8.88987,6.13271,0,0,0,0,0,0,0,0,0,0,0, 0,0,0,0,0,0,0,0,0,0
4720,3,155,-51.6,76,32,-8.93411,7.08108,0,0,0,0,0,0,0,0,0,0,0, 0,0,0,0,0,0,0,0,0,0
4720,4,33,7.2,108,31.75,2.0304,16.0723,0,0,0,0,0,0,0,0,0,0,0, 0,0,0,0,0,0,0,0,0,0
4720,5,105,-49.8,80,32,-9.16555,7.74549,0,0,0,0,0,0,0,0,0,0,0, 0,0,0,0,0,0,0,0,0,0
4720,6,140,-59.4,60,32,-7.74668,4.58137,0,0,0,0,0,0,0,0,0,0,0, 0,0,0,0,0,0,0,0,0,0
4760,0,245,-58.4,64,32,-8.17658,5.03026,0,0,0,0,0,0,0,0,0,0,0, 0,0,0,0,0,1,0,0,0,0
4760,1,39,7.2,96,32.25,1.8048,14.2865,0,0,0,0,0,0,0,0,0,0,0, 0,0,0,0,0,1,0,0,0,0
4760,2,289,-57.4,68,32,-8.59301,5.49546,0,0,0,0,0,0,0,0,0,0,0, 0,0,0,0,0,1,0,0,0,0
4760,3,242,-55.4,72,32,-8.88987,6.13271,0,0,0,0,0,0,0,0,0,0,0, 0,0,0,0,0,1,0,0,0,0
4760,4,156,-54.4,76,32,-9.26935,6.6362,0,0,0,0,0,0,0,0,0,0,0, 0,0,0,0,0,1,0,0,0,0
4760,5,106,-51.6,80,32,-9.40432,7.45377,0,0,0,0,0,0,0,0,0,0,0, 0,0,0,0,0,1,0,0,0,0
4760,6,139,-58.4,60,32,-7.66554,4.71587,0,0,0,0,0,0,0,0,0,0,0, 0,0,0,0,0,1,0,0,0,0
4800,0,246,-58.4,64,32,-8.17658,5.03026,0,0,0,0,0,0,0,0,0,0,0, 0,0,0,0,0,2,0,0,0,0
4800,1,291,-57.4,68,32,-8.59301,5.49546,0,0,0,0,0,0,0,0,0,0,0, 0,0,0,0,0,2,0,0,0,0
4800,2,241,-56.5,72,32,-9.00597,5.96092,0,0,0,0,0,0,0,0,0,0,0, 0,0,0,0,0,2,0,0,0,0
4800,3,28,2.4,104,32.25,0.65326,15.5863,0,0,0,0,0,0,0,0,0,0,0, 0,0,0,0,0,2,0,0,0,0
4800,4,152,-54.4,76,32,-9.26935,6.6362,0,0,0,0,0,0,0,0,0,0,0, 0,0,0,0,0,2,0,0,0,0
4800,5,105,-53.4,80,32,-9.63381,7.1547,0,0,0,0,0,0,0,0,0,0,0, 0,0,0,0,0,2,0,0,0,0
4800,6,83,-57.4,84,32,-10.6149,6.78851,0,0,0,0,0,0,0,0,0,0,0, 0,0,0,0,0,2,0,0,0,0
4800,7,137,-58.4,60,32,-7.66554,4.71587,0,0,0,0,0,0,0,0,0,0,0, 0,0,0,0,0,2,0,0,0,0
4800,8,29,0.1,92,32.25,0.0240855,13.8,0,0,0,0,0,0,0,0,0,0,0, 0,0,0,0,0,2,0,0,0,0
4840,0,245,-57.4,64,32,-8.08754,5.1722,0,0,0,0,0,0,0,0,0,0,0, 0,0,0,0,0,3,0,0,0,0
4840,1,29,6.6,96,32.25,1.65509,14.3046,0,0,0,0,0,0,0,0,0,0,0, 0,0,0,0,0,3,0,0,0,0
4840,2,290,-56.5,68,32,-8.50564,5.62976,0,0,0,0,0,0,0,0,0,0,0, 0,0,0,0,0,3,0,0,0,0
4840,3,21,9.9,100,33,2.57894,14.7766,0,0,0,0,0,0,0,0,0,0,0, 0,0,0,0,0,3,0,0,0,0
4840,4,42,69.6,8,33,1.12474,0.418287,0,0,0,0,0,0,0,0,0,0,0, 0,0,0,0,0,3,0,0,0,0
4840,5,241,-55.4,72,32,-8.88987,6.13271,0,0,0,0,0,0,0,0,0,0,0, 0,0,0,0,0,3,0,0,0,0
4840,6,156,-53.4,76,32,-9.15212,6.79696,0,0,0,0,0,0,0,0,0,0,0, 0,0,0,0,0,3,0,0,0,0
4840,7,106,-51.6,80,32,-9.40432,7.45377,0,0,0,0,0,0,0,0,0,0,0, 0,0,0,0,0,3,0,0,0,0
4840,8,140,-57.4,60,32,-7.58207,4.84894,0,0,0,0,0,0,0,0,0,0,0, 0,0,0,0,0,3,0,0,0,0
4880,0,248,-56.5,64,32,-8.0053,5.2986,0,0,0,0,0,0,0,0,0,0,0, 0,0,0,0,0,4,0,0,0,0
4880,1,292,-55.4,68,32,-8.39599,5.79201,0,0,0,0,0,0,0,0,0,0,0, 0,0,0,0,0,4,0,0,0,0
4880,2,242,-55.4,72,32,-8.88987,6.13271,0,0,0,0,0,0,0,0,0,0,0, 0,0,0,0,0,4,0,0,0,0
4880,3,50,5.4,104,31.75,1.46809,15.5308,0,0,0,0,0,0,0,0,0,0,0, 0,0,0,0,0,4,0,0,0,0
4880,4,156,-54.4,76,32,-9.26935,6.6362,0,0,0,0,0,0,0,0,0,0,0, 0,0,0,0,0,4,0,0,0,0
4880,5,105,-51.6,80,32,-9.40432,7.45377,0,0,0,0,0,0,0,0,0,0,0, 0,0,0,0,0,4,0,0,0,0
4880,6,140,-57.4,60,32,-7.58207,4.84894,0,0,0,0,0,0,0,0,0,0,0, 0,0,0,0,0,4,0,0,0,0
4880,7,39,1.8,92,31.75,0.433468,13.7932,0,0,0,0,0,0,0,0,0,0,0, 0,0,0,0,0,4,0,0,0,0
4920,0,247,-57.4,64,32,-8.08754,5.1722,0,0,0,0,0,0,0,0,0,0,0, 0,0,0,0,0,5,0,0,0,0
4920,1,45,-0.6,96,31.75,-0.150794,14.3992,0,0,0,0,0,0,0,0,0,0,0, 0,0,0,0,0,5,0,0,0,0
4920,2,290,-56.5,68,32,-8.50564,5.62976,0,0,0,0,0,0,0,0,0,0,0, 0,0,0,0,0,5,0,0,0,0
4920,3,243,-56.5,72,32,-9.00597,5.96092,0,0,0,0,0,0,0,0,0,0,0, 0,0,0,0,0,5,0,0,0,0
4920,4,71,4.8,104,31.25,1.30537,15.5453,0,0,0,0,0,0,0,0,0,0,0, 0,0,0,0,0,5,0,0,0,0
4920,5,155,-54.4,76,32,-9.26935,6.6362,0,0,0,0,0,0,0,0,0,0,0, 0,0,0,0,0,5,0,0,0,0
4920,6,104,-53.4,80,32,-9.63381,7.1547,0,0,0,0,0,0,0,0,0,0,0, 0,0,0,0,0,5,0,0,0,0
4920,7,140,-58.4,60,32,-7.66554,4.71587,0,0,0,0,0,0,0,0,0,0,0, 0,0,0,0,0,5,0,0,0,0
4960,0,245,-57.4,64,32,-8.08754,5.1722,0,0,0,0,0,0,0,0,0,0,0, 0,0,0,0,0,6,0,0,0,0
4960,1,290,-57.4,68,32,-8.59301,5.49546,0,0,0,0,0,0,0,0,0,0,0, 0,0,0,0,0,6,0,0,0,0
4960,2,51,75.1,8,33,1.15965,0.308559,0,0,0,0,0,0,0,0,0,0,0, 0,0,0,0,0,6,0,0,0,0
4960,3,243,-56.5,72,32,-9.00597,5.96092,0,0,0,0,0,0,0,0,0,0,0, 0,0,0,0,0,6,0,0,0,0
4960,4,155,-54.4,76,32,-9.26935,6.6362,0,0,0,0,0,0,0,0,0,0,0, 0,0,0,0,0,6,0,0,0,0
4960,5,105,-53.4,80,32,-9.63381,7.1547,0,0,0,0,0,0,0,0,0,0,0, 0,0,0,0,0,6,0,0,0,0
4960,6,140,-58.4,60,32,-7.66554,4.71587,0,0,0,0,0,0,0,0,0,0,0, 0,0,0,0,0,6,0,0,0,0
5000,0,246,-57.4,64,32,-8.08754,5.1722,0,0,0,0,0,0,0,0,0,0,0, 0,0,0,0,0,7,0,0,0,0
5000,1,290,-57.4,68,32,-8.59301,5.49546,0,0,0,0,0,0,0,0,0,0,0, 0,0,0,0,0,7,0,0,0,0
5000,2,47,-0.6,100,31.75,-0.157077,14.9992,0,0,0,0,0,0,0,0,0,0,0, 0,0,0,0,0,7,0,0,0,0
5000,3,241,-56.5,72,32,-9.00597,5.96092,0,0,0,0,0,0,0,0,0,0,0, 0,0,0,0,0,7,0,0,0,0
5000,4,154,-54.4,76,32,-9.26935,6.6362,0,0,0,0,0,0,0,0,0,0,0, 0,0,0,0,0,7,0,0,0,0
5000,5,104,-49.8,80,32,-9.16555,7.74549,0,0,0,0,0,0,0,0,0,0,0, 0,0,0,0,0,7,0,0,0,0
5000,6,141,-57.4,60,32,-7.58207,4.84894,0,0,0,0,0,0,0,0,0,0,0, 0,0,0,0,0,7,0,0,0,0
5040,0,247,-58.4,64,32,-8.17658,5.03026,0,0,0,0,0,0,0,0,0,0,0, 0,0,0,0,0,8,0,0,0,0
5040,1,288,-58.4,68,32,-8.68761,5.34466,0,0,0,0,0,0,0,0,0,0,0, 0,0,0,0,0,8,0,0,0,0
5040,2,240,-57.4,72,32,-9.09849,5.81872,0,0,0,0,0,0,0,0,0,0,0, 0,0,0,0,0,8,0,0,0,0
5040,3,149,-56.5,76,32,-9.5063,6.29208,0,0,0,0,0,0,0,0,0,0,0, 0,0,0,0,0,8,0,0,0,0
5040,4,99,-54.4,80,32,-9.75721,6.98548,0,0,0,0,0,0,0,0,0,0,0, 0,0,0,0,0,8,0,0,0,0
5040,5,139,-57.4,60,32,-7.58207,4.84894,0,0,0,0,0,0,0,0,0,0,0, 0,0,0,0,0,8,0,0,0,0
5080,0,246,-57.4,64,32,-8.08754,5.1722,0,1334,0,0,0,0,0,0,0,0,0, 0,0,0,0,0,9,0,0,0,0
5080,1,289,-57.4,68,32,-8.59301,5.49546,0,1334,0,0,0,0,0,0,0,0,0, 0,0,0,0,0,9,0,0,0,0
5080,2,241,-56.5,72,32,-9.00597,5.96092,0,1334,0,0,0,0,0,0,0,0,0, 0,0,0,0,0,9,0,0,0,0
5080,3,155,-55.4,76,32,-9.38375,6.47342,0,1334,0,0,0,0,0,0,0,0,0, 0,0,0,0,0,9,0,0,0,0
5080,4,104,-51.6,80,32,-9.40432,7.45377,0,1334,0,0,0,0,0,0,0,0,0, 0,0,0,0,0,9,0,0,0,0
5080,5,140,-57.4,60,32,-7.58207,4.84894,0,1334,0,0,0,0,0,0,0,0,0, 0,0,0,0,0,9,0,0,0,0
5120,0,246,-58.4,64,32,-8.17658,5.03026,0,0,0,0,0,0,0,0,0,0,0, 0,0,0,0,0,10,0,0,0,0
5120,1,289,-57.4,68,32,-8.59301,5.49546,0,0,0,0,0,0,0,0,0,0,0, 0,0,0,0,0,10,0,0,0,0
5120,2,239,-56.5,72,32,-9.00597,5.96092,0,0,0,0,0,0,0,0,0,0,0, 0,0,0,0,0,10,0,0,0,0
5120,3,12,36.4,456,36.75,40.5899,55.0547,0,0,0,0,0,0,0,0,0,0,0, 0,0,0,0,0,10,0,0,0,0
5120,4,153,-54.4,76,32,-9.26935,6.6362,0,0,0,0,0,0,0,0,0,0,0, 0,0,0,0,0,10,0,0,0,0
5120,5,48,3.6,108,31.5,1.01721,16.168,0,0,0,0,0,0,0,0,0,0,0, 0,0,0,0,0,10,0,0,0,0
5120,6,104,-51.6,80,32,-9.40432,7.45377,0,0,0,0,0,0,0,0,0,0,0, 0,0,0,0,0,10,0,0,0,0
5120,7,139,-57.4,60,32,-7.58207,4.84894,0,0,0,0,0,0,0,0,0,0,0, 0,0,0,0,0,10,0,0,0,0
5160,0,245,-57.4,64,32,-8.08754,5.1722,0,7936,0,0,0,0,0,0,0,0,0, 0,0,0,0,0,11,0,0,0,0
5160,1,289,-56.5,68,32,-8.50564,5.62976,0,7936,0,0,0,0,0,0,0,0,0, 0,0,0,0,0,11,0,0,0,0
5160,2,240,-55.4,72,32,-8.88987,6.13271,0,7936,0,0,0,0,0,0,0,0,0, 0,0,0,0,0,11,0,0,0,0
5160,3,153,-53.4,76,32,-9.15212,6.79696,0,7936,0,0,0,0,0,0,0,0,0, 0,0,0,0,0,11,0,0,0,0
5160,4,105,-48,80,32,-8.91774,8.02957,0,7936,0,0,0,0,0,0,0,0,0, 0,0,0,0,0,11,0,0,0,0
5160,5,139,-57.4,60,32,-7.58207,4.84894,0,7936,0,0,0,0,0,0,0,0,0, 0,0,0,0,0,11,0,0,0,0
5200,0,244,-56.5,64,32,-8.0053,5.2986,0,1140,0,0,0,0,0,0,0,0,0, 0,0,0,0,0,12,0,0,0,0
5200,1,288,-56.5,68,32,-8.50564,5.62976,0,1140,0,0,0,0,0,0,0,0,0, 0,0,0,0,0,12,0,0,0,0
5200,2,44,65.6,8,33,1.09282,0.495725,0,1140,0,0,0,0,0,0,0,0,0, 0,0,0,0,0,12,0,0,0,0
5200,3,240,-55.4,72,32,-8.88987,6.13271,0,1140,0,0,0,0,0,0,0,0,0, 0,0,0,0,0,12,0,0,0,0
5200,4,58,1.3,104,31.25,0.353922,15.596,0,1140,0,0,0,0,0,0,0,0,0, 0,0,0,0,0,12,0,0,0,0
5200,5,154,-53.4,76,32,-9.15212,6.79696,0,1140,0,0,0,0,0,0,0,0,0, 0,0,0,0,0,12,0,0,0,0
5200,6,105,-48,80,32,-8.91774,8.02957,0,1140,0,0,0,0,0,0,0,0,0, 0,0,0,0,0,12,0,0,0,0
5200,7,139,-57.4,60,32,-7.58207,4.84894,0,1140,0,0,0,0,0,0,0,0,0, 0,0,0,0,0,12,0,0,0,0
5240,0,244,-58.4,64,32,-8.17658,5.03026,0,86,0,0,0,0,0,0,0,0,0, 0,0,0,0,0,13,0,0,0,0
5240,1,289,-57.4,68,32,-8.59301,5.49546,0,86,0,0,0,0,0,0,0,0,0, 0,0,0,0,0,13,0,0,0,0
5240,2,43,68.6,8,33,1.11727,0.437852,0,86,0,0,0,0,0,0,0,0,0, 0,0,0,0,0,13,0,0,0,0
5240,3,238,-56.5,72,32,-9.00597,5.96092,0,86,0,0,0,0,0,0,0,0,0, 0,0,0,0,0,13,0,0,0,0
5240,4,149,-55.4,76,32,-9.38375,6.47342,0,86,0,0,0,0,0,0,0,0,0, 0,0,0,0,0,13,0,0,0,0
5240,5,100,-51.6,80,32,-9.40432,7.45377,0,86,0,0,0,0,0,0,0,0,0, 0,0,0,0,0,13,0,0,0,0
5240,6,140,-57.4,60,32,-7.58207,4.84894,0,86,0,0,0,0,0,0,0,0,0, 0,0,0,0,0,13,0,0,0,0
5280,0,245,-56.5,64,32,-8.0053,5.2986,0,0,0,0,0,0,0,0,0,0,0, 0,0,0,0,0,14,0,0,0,0
5280,1,288,-56.5,68,32,-8.50564,5.62976,0,0,0,0,0,0,0,0,0,0,0, 0,0,0,0,0,14,0,0,0,0
5280,2,239,-55.4,72,32,-8.88987,6.13271,0,0,0,0,0,0,0,0,0,0,0, 0,0,0,0,0,14,0,0,0,0
5280,3,21,-0.6,104,32.25,-0.16336,15.5991,0,0,0,0,0,0,0,0,0,0,0, 0,0,0,0,0,14,0,0,0,0
5280,4,155,-54.4,76,32,-9.26935,6.6362,0,0,0,0,0,0,0,0,0,0,0, 0,0,0,0,0,14,0,0,0,0
5280,5,104,-53.4,80,32,-9.63381,7.1547,0,0,0,0,0,0,0,0,0,0,0, 0,0,0,0,0,14,0,0,0,0
5280,6,141,-55.4,60,32,-7.40823,5.11059,0,0,0,0,0,0,0,0,0,0,0, 0,0,0,0,0,14,0,0,0,0
5320,0,246,-55.4,64,32,-7.90211,5.4513,0,0,0,0,0,0,0,0,0,0,0, 0,0,0,0,0,15,0,0,0,0
5320,1,290,-55.4,68,32,-8.39599,5.79201,0,0,0,0,0,0,0,0,0,0,0, 0,0,0,0,0,15,0,0,0,0
5320,2,240,-55.4,72,32,-8.88987,6.13271,0,0,0,0,0,0,0,0,0,0,0, 0,0,0,0,0,15,0,0,0,0
5320,3,154,-54.4,76,32,-9.26935,6.6362,0,0,0,0,0,0,0,0,0,0,0, 0,0,0,0,0,15,0,0,0,0
5320,4,32,-1.2,108,32.25,-0.339267,16.1964,0,0,0,0,0,0,0,0,0,0,0, 0,0,0,0,0,15,0,0,0,0
5320,5,103,-51.6,80,32,-9.40432,7.45377,0,0,0,0,0,0,0,0,0,0,0, 0,0,0,0,0,15,0,0,0,0
5320,6,141,-55.4,60,32,-7.40823,5.11059,0,0,0,0,0,0,0,0,0,0,0, 0,0,0,0,0,15,0,0,0,0
5360,0,247,-55.4,64,32,-7.90211,5.4513,0,0,0,0,0,0,0,0,0,0,0, 0,0,0,0,0,0,0,0,0,0
5360,1,57,-0.6,96,31.75,-0.150794,14.3992,0,0,0,0,0,0,0,0,0,0,0, 0,0,0,0,0,0,0,0,0,0
5360,2,12,33.1,416,14,34.0768,52.2737,0,0,0,0,0,0,0,0,0,0,0, 0,0,0,0,0,0,0,0,0,0
5360,3,290,-55.4,68,32,-8.39599,5.79201,0,0,0,0,0,0,0,0,0,0,0, 0,0,0,0,0,0,0,0,0,0
5360,4,241,-55.4,72,32,-8.88987,6.13271,0,0,0,0,0,0,0,0,0,0,0, 0,0,0,0,0,0,0,0,0,0
5360,5,154,-54.4,76,32,-9.26935,6.6362,0,0,0,0,0,0,0,0,0,0,0, 0,0,0,0,0,0,0,0,0,0
5360,6,105,-49.8,80,32,-9.16555,7.74549,0,0,0,0,0,0,0,0,0,0,0, 0,0,0,0,0,0,0,0,0,0
5360,7,140,-56.5,60,32,-7.50497,4.96743,0,0,0,0,0,0,0,0,0,0,0, 0,0,0,0,0,0,0,0,0,0
5400,0,246,-57.4,64,32,-8.08754,5.1722,0,0,0,0,0,0,0,0,0,0,0, 0,0,0,0,0,1,0,0,0,0
5400,1,291,-56.5,68,32,-8.50564,5.62976,0,0,0,0,0,0,0,0,0,0,0, 0,0,0,0,0,1,0,0,0,0
5400,2,41,67.6,8,33,1.10946,0.457284,0,0,0,0,0,0,0,0,0,0,0, 0,0,0,0,0,1,0,0,0,0
5400,3,241,-56.5,72,32,-9.00597,5.96092,0,0,0,0,0,0,0,0,0,0,0, 0,0,0,0,0,1,0,0,0,0
5400,4,49,-1.8,104,30.75,-0.490008,15.5923,0,0,0,0,0,0,0,0,0,0,0, 0,0,0,0,0,1,0,0,0,0
5400,5,151,-54.4,76,32,-9.26935,6.6362,0,0,0,0,0,0,0,0,0,0,0, 0,0,0,0,0,1,0,0,0,0
5400,6,104,-48,80,32,-8.91774,8.02957,0,0,0,0,0,0,0,0,0,0,0, 0,0,0,0,0,1,0,0,0,0
5400,7,138,-57.4,60,32,-7.58207,4.84894,0,0,0,0,0,0,0,0,0,0,0, 0,0,0,0,0,1,0,0,0,0
5440,0,247,-56.5,64,32,-8.0053,5.2986,0,0,0,0,0,0,0,0,0,0,0, 0,0,0,0,0,2,0,0,0,0
5440,1,291,-56.5,68,32,-8.50564,5.62976,0,0,0,0,0,0,0,0,0,0,0, 0,0,0,0,0,2,0,0,0,0
5440,2,242,-55.4,72,32,-8.88987,6.13271,0,0,0,0,0,0,0,0,0,0,0, 0,0,0,0,0,2,0,0,0,0
5440,3,155,-53.4,76,32,-9.15212,6.79696,0,0,0,0,0,0,0,0,0,0,0, 0,0,0,0,0,2,0,0,0,0
5440,4,108,-48,80,32,-8.91774,8.02957,0,0,0,0,0,0,0,0,0,0,0, 0,0,0,0,0,2,0,0,0,0
5440,5,140,-55.4,60,32,-7.40823,5.11059,0,0,0,0,0,0,0,0,0,0,0, 0,0,0,0,0,2,0,0,0,0
5480,0,248,-55.4,64,32,-7.90211,5.4513,0,0,0,0,0,0,0,0,0,0,0, 0,0,0,0,0,3,0,0,0,0
5480,1,292,-55.4,68,32,-8.39599,5.79201,0,0,0,0,0,0,0,0,0,0,0, 0,0,0,0,0,3,0,0,0,0
5480,2,241,-55.4,72,32,-8.88987,6.13271,0,0,0,0,0,0,0,0,0,0,0, 0,0,0,0,0,3,0,0,0,0
5480,3,155,-51.6,76,32,-8.93411,7.08108,0,0,0,0,0,0,0,0,0,0,0, 0,0,0,0,0,3,0,0,0,0
5480,4,108,-46.7,80,32,-8.73327,8.22982,0,0,0,0,0,0,0,0,0,0,0, 0,0,0,0,0,3,0,0,0,0
5480,5,83,-49.8,84,32,-9.62383,8.13277,0,0,0,0,0,0,0,0,0,0,0, 0,0,0,0,0,3,0,0,0,0
5480,6,138,-55.4,60,32,-7.40823,5.11059,0,0,0,0,0,0,0,0,0,0,0, 0,0,0,0,0,3,0,0,0,0
5520,0,244,-56.5,64,32,-8.0053,5.2986,0,0,0,0,0,0,0,0,0,0,0, 0,0,0,0,0,4,0,0,0,0
5520,1,289,-56.5,68,32,-8.50564,5.62976,0,0,0,0,0,0,0,0,0,0,0, 0,0,0,0,0,4,0,0,0,0
5520,2,241,-56.5,72,32,-9.00597,5.96092,0,0,0,0,0,0,0,0,0,0,0, 0,0,0,0,0,4,0,0,0,0
5520,3,154,-53.4,76,32,-9.15212,6.79696,0,0,0,0,0,0,0,0,0,0,0, 0,0,0,0,0,4,0,0,0,0
5520,4,110,-46.7,80,32,-8.73327,8.22982,0,0,0,0,0,0,0,0,0,0,0, 0,0,0,0,0,4,0,0,0,0
5520,5,87,-46.7,84,32,-9.16994,8.64131,0,0,0,0,0,0,0,0,0,0,0, 0,0,0,0,0,4,0,0,0,0
5520,6,137,-56.5,60,32,-7.50497,4.96743,0,0,0,0,0,0,0,0,0,0,0, 0,0,0,0,0,4,0,0,0,0
5560,0,244,-56.5,64,32,-8.0053,5.2986,0,0,0,0,0,0,0,0,0,0,0, 0,0,0,0,0,5,0,0,0,0
5560,1,289,-56.5,68,32,-8.50564,5.62976,0,0,0,0,0,0,0,0,0,0,0, 0,0,0,0,0,5,0,0,0,0
5560,2,43,2.4,100,31.5,0.628135,14.9868,0,0,0,0,0,0,0,0,0,0,0, 0,0,0,0,0,5,0,0,0,0
5560,3,241,-55.4,72,32,-8.88987,6.13271,0,0,0,0,0,0,0,0,0,0,0, 0,0,0,0,0,5,0,0,0,0
5560,4,154,-51.6,76,32,-8.93411,7.08108,0,0,0,0,0,0,0,0,0,0,0, 0,0,0,0,0,5,0,0,0,0
5560,5,108,-45.9,80,32,-8.61752,8.35095,0,0,0,0,0,0,0,0,0,0,0, 0,0,0,0,0,5,0,0,0,0
5560,6,86,-45.9,84,32,-9.04839,8.7685,0,0,0,0,0,0,0,0,0,0,0, 0,0,0,0,0,5,0,0,0,0
5560,7,136,-55.4,60,32,-7.40823,5.11059,0,0,0,0,0,0,0,0,0,0,0, 0,0,0,0,0,5,0,0,0,0
5600,0,245,-56.5,64,32,-8.0053,5.2986,0,0,0,0,0,0,0,0,0,0,0, 0,0,0,0,0,6,0,0,0,0
5600,1,289,-56.5,68,32,-8.50564,5.62976,0,0,0,0,0,0,0,0,0,0,0, 0,0,0,0,0,6,0,0,0,0
5600,2,241,-55.4,72,32,-8.88987,6.13271,0,0,0,0,0,0,0,0,0,0,0, 0,0,0,0,0,6,0,0,0,0
5600,3,156,-51.6,76,32,-8.93411,7.08108,0,0,0,0,0,0,0,0,0,0,0, 0,0,0,0,0,6,0,0,0,0
5600,4,110,-45.9,80,32,-8.61752,8.35095,0,0,0,0,0,0,0,0,0,0,0, 0,0,0,0,0,6,0,0,0,0
5600,5,88,-46.7,84,32,-9.16994,8.64131,0,0,0,0,0,0,0,0,0,0,0, 0,0,0,0,0,6,0,0,0,0
5600,6,137,-55.4,60,32,-7.40823,5.11059,0,0,0,0,0,0,0,0,0,0,0, 0,0,0,0,0,6,0,0,0,0
5640,0,245,-55.4,64,32,-7.90211,5.4513,0,0,0,0,0,0,0,0,0,0,0, 0,0,0,0,0,7,0,0,0,0
5640,1,290,-55.4,68,32,-8.39599,5.79201,0,0,0,0,0,0,0,0,0,0,0, 0,0,0,0,0,7,0,0,0,0
5640,2,241,-55.4,72,32,-8.88987,6.13271,0,0,0,0,0,0,0,0,0,0,0, 0,0,0,0,0,7,0,0,0,0
5640,3,155,-53.4,76,32,-9.15212,6.79696,0,0,0,0,0,0,0,0,0,0,0, 0,0,0,0,0,7,0,0,0,0
5640,4,108,-46.7,80,32,-8.73327,8.22982,0,0,0,0,0,0,0,0,0,0,0, 0,0,0,0,0,7,0,0,0,0
5640,5,86,-45.9,84,32,-9.04839,8.7685,0,0,0,0,0,0,0,0,0,0,0, 0,0,0,0,0,7,0,0,0,0
5640,6,138,-55.4,60,32,-7.40823,5.11059,0,0,0,0,0,0,0,0,0,0,0, 0,0,0,0,0,7,0,0,0,0
5680,0,247,-55.4,64,32,-7.90211,5.4513,0,0,0,0,0,0,0,0,0,0,0, 0,0,0,0,0,8,0,0,0,0
5680,1,290,-56.5,68,32,-8.50564,5.62976,0,0,0,0,0,0,0,0,0,0,0, 0,0,0,0,0,8,0,0,0,0
5680,2,44,75.1,8,33,1.15965,0.308559,0,0,0,0,0,0,0,0,0,0,0, 0,0,0,0,0,8,0,0,0,0
5680,3,242,-55.4,72,32,-8.88987,6.13271,0,0,0,0,0,0,0,0,0,0,0, 0,0,0,0,0,8,0,0,0,0
5680,4,155,-54.4,76,32,-9.26935,6.6362,0,0,0,0,0,0,0,0,0,0,0, 0,0,0,0,0,8,0,0,0,0
5680,5,107,-48,80,32,-8.91774,8.02957,0,0,0,0,0,0,0,0,0,0,0, 0,0,0,0,0,8,0,0,0,0
5680,6,87,-46.7,84,32,-9.16994,8.64131,0,0,0,0,0,0,0,0,0,0,0, 0,0,0,0,0,8,0,0,0,0
5680,7,138,-54.4,60,32,-7.31791,5.23911,0,0,0,0,0,0,0,0,0,0,0, 0,0,0,0,0,8,0,0,0,0
5720,0,245,-55.4,64,32,-7.90211,5.4513,0,1334,0,0,0,0,0,0,0,0,0, 0,0,0,0,0,9,0,0,0,0
5720,1,291,-55.4,68,32,-8.39599,5.79201,0,1334,0,0,0,0,0,0,0,0,0, 0,0,0,0,0,9,0,0,0,0
5720,2,63,0.1,100,31.75,0.0261799,15,0,1334,0,0,0,0,0,0,0,0,0, 0,0,0,0,0,9,0,0,0,0
5720,3,243,-55.4,72,32,-8.88987,6.13271,0,1334,0,0,0,0,0,0,0,0,0, 0,0,0,0,0,9,0,0,0,0
5720,4,50,1.8,104,31.75,0.490008,15.5923,0,1334,0,0,0,0,0,0,0,0,0, 0,0,0,0,0,9,0,0,0,0
5720,5,153,-53.4,76,32,-9.15212,6.79696,0,1334,0,0,0,0,0,0,0,0,0, 0,0,0,0,0,9,0,0,0,0
5720,6,106,-46.7,80,32,-8.73327,8.22982,0,1334,0,0,0,0,0,0,0,0,0, 0,0,0,0,0,9,0,0,0,0
5720,7,83,-46.7,84,32,-9.16994,8.64131,0,1334,0,0,0,0,0,0,0,0,0, 0,0,0,0,0,9,0,0,0,0
5720,8,139,-55.4,60,32,-7.40823,5.11059,0,1334,0,0,0,0,0,0,0,0,0, 0,0,0,0,0,9,0,0,0,0
5760,0,245,-56.5,64,32,-8.0053,5.2986,0,0,0,0,0,0,0,0,0,0,0, 0,0,0,0,0,10,0,0,0,0
5760,1,291,-56.5,68,32,-8.50564,5.62976,0,0,0,0,0,0,0,0,0,0,0, 0,0,0,0,0,10,0,0,0,0
5760,2,242,-55.4,72,32,-8.88987,6.13271,0,0,0,0,0,0,0,0,0,0,0, 0,0,0,0,0,10,0,0,0,0
5760,3,155,-53.4,76,32,-9.15212,6.79696,0,0,0,0,0,0,0,0,0,0,0, 0,0,0,0,0,10,0,0,0,0
5760,4,107,-46.7,80,32,-8.73327,8.22982,0,0,0,0,0,0,0,0,0,0,0, 0,0,0,0,0,10,0,0,0,0
5760,5,82,-48,84,32,-9.36363,8.43105,0,0,0,0,0,0,0,0,0,0,0, 0,0,0,0,0,10,0,0,0,0
5760,6,136,-55.4,60,32,-7.40823,5.11059,0,0,0,0,0,0,0,0,0,0,0, 0,0,0,0,0,10,0,0,0,0
5800,0,244,-56.5,64,32,-8.0053,5.2986,0,7936,0,0,0,0,0,0,0,0,0, 0,0,0,0,0,11,0,0,0,0
5800,1,290,-56.5,68,32,-8.50564,5.62976,0,7936,0,0,0,0,0,0,0,0,0, 0,0,0,0,0,11,0,0,0,0
5800,2,239,-55.4,72,32,-8.88987,6.13271,0,7936,0,0,0,0,0,0,0,0,0, 0,0,0,0,0,11,0,0,0,0
5800,3,151,-53.4,76,32,-9.15212,6.79696,0,7936,0,0,0,0,0,0,0,0,0, 0,0,0,0,0,11,0,0,0,0
5800,4,103,-45.9,80,32,-8.61752,8.35095,0,7936,0,0,0,0,0,0,0,0,0, 0,0,0,0,0,11,0,0,0,0
5800,5,137,-55.4,60,32,-7.40823,5.11059,0,7936,0,0,0,0,0,0,0,0,0, 0,0,0,0,0,11,0,0,0,0
5840,0,246,-56.5,64,32,-8.0053,5.2986,0,1140,0,0,0,0,0,0,0,0,0, 0,0,0,0,0,12,0,0,0,0
5840,1,290,-56.5,68,32,-8.50564,5.62976,0,1140,0,0,0,0,0,0,0,0,0, 0,0,0,0,0,12,0,0,0,0
5840,2,41,68.6,8,33,1.11727,0.437852,0,1140,0,0,0,0,0,0,0,0,0, 0,0,0,0,0,12,0,0,0,0
5840,3,242,-56.5,72,32,-9.00597,5.96092,0,1140,0,0,0,0,0,0,0,0,0, 0,0,0,0,0,12,0,0,0,0
5840,4,156,-53.4,76,32,-9.15212,6.79696,0,1140,0,0,0,0,0,0,0,0,0, 0,0,0,0,0,12,0,0,0,0
5840,5,108,-48,80,32,-8.91774,8.02957,0,1140,0,0,0,0,0,0,0,0,0, 0,0,0,0,0,12,0,0,0,0
5840,6,81,-49.8,84,32,-9.62383,8.13277,0,1140,0,0,0,0,0,0,0,0,0, 0,0,0,0,0,12,0,0,0,0
5840,7,138,-55.4,60,32,-7.40823,5.11059,0,1140,0,0,0,0,0,0,0,0,0, 0,0,0,0,0,12,0,0,0,0
5880,0,243,-56.5,64,32,-8.0053,5.2986,0,86,0,0,0,0,0,0,0,0,0, 0,0,0,0,0,13,0,0,0,0
5880,1,289,-56.5,68,32,-8.50564,5.62976,0,86,0,0,0,0,0,0,0,0,0, 0,0,0,0,0,13,0,0,0,0
5880,2,240,-55.4,72,32,-8.88987,6.13271,0,86,0,0,0,0,0,0,0,0,0, 0,0,0,0,0,13,0,0,0,0
5880,3,154,-54.4,76,32,-9.26935,6.6362,0,86,0,0,0,0,0,0,0,0,0, 0,0,0,0,0,13,0,0,0,0
5880,4,108,-49.8,80,32,-9.16555,7.74549,0,86,0,0,0,0,0,0,0,0,0, 0,0,0,0,0,13,0,0,0,0
5880,5,83,-53.4,84,32,-10.1155,7.51243,0,86,0,0,0,0,0,0,0,0,0, 0,0,0,0,0,13,0,0,0,0
5880,6,136,-56.5,60,32,-7.50497,4.96743,0,86,0,0,0,0,0,0,0,0,0, 0,0,0,0,0,13,0,0,0,0
5920,0,243,-57.4,64,32,-8.08754,5.1722,0,0,0,0,0,0,0,0,0,0,0, 0,0,0,0,0,14,0,0,0,0
5920,1,290,-56.5,68,32,-8.50564,5.62976,0,0,0,0,0,0,0,0,0,0,0, 0,0,0,0,0,14,0,0,0,0
5920,2,241,-56.5,72,32,-9.00597,5.96092,0,0,0,0,0,0,0,0,0,0,0, 0,0,0,0,0,14,0,0,0,0
5920,3,157,-53.4,76,32,-9.15212,6.79696,0,0,0,0,0,0,0,0,0,0,0, 0,0,0,0,0,14,0,0,0,0
5920,4,110,-46.7,80,32,-8.73327,8.22982,0,0,0,0,0,0,0,0,0,0,0, 0,0,0,0,0,14,0,0,0,0
5920,5,83,-51.6,84,32,-9.87454,7.82646,0,0,0,0,0,0,0,0,0,0,0, 0,0,0,0,0,14,0,0,0,0
5920,6,138,-56.5,60,32,-7.50497,4.96743,0,0,0,0,0,0,0,0,0,0,0, 0,0,0,0,0,14,0,0,0,0
5960,0,244,-56.5,64,32,-8.0053,5.2986,0,0,0,0,0,0,0,0,0,0,0, 0,0,0,0,0,15,0,0,0,0
5960,1,291,-56.5,68,32,-8.50564,5.62976,0,0,0,0,0,0,0,0,0,0,0, 0,0,0,0,0,15,0,0,0,0
5960,2,41,68.6,8,33,1.11727,0.437852,0,0,0,0,0,0,0,0,0,0,0, 0,0,0,0,0,15,0,0,0,0
5960,3,241,-55.4,72,32,-8.88987,6.13271,0,0,0,0,0,0,0,0,0,0,0, 0,0,0,0,0,15,0,0,0,0
5960,4,155,-53.4,76,32,-9.15212,6.79696,0,0,0,0,0,0,0,0,0,0,0, 0,0,0,0,0,15,0,0,0,0
5960,5,109,-46.7,80,32,-8.73327,8.22982,0,0,0,0,0,0,0,0,0,0,0, 0,0,0,0,0,15,0,0,0,0
5960,6,83,-51.6,84,32,-9.87454,7.82646,0,0,0,0,0,0,0,0,0,0,0, 0,0,0,0,0,15,0,0,0,0
5960,7,137,-55.4,60,32,-7.40823,5.11059,0,0,0,0,0,0,0,0,0,0,0, 0,0,0,0,0,15,0,0,0,0
6000,0,243,-56.5,64,32,-8.0053,5.2986,0,0,0,0,0,0,0,0,0,0,0, 0,0,0,0,0,0,0,0,0,0
6000,1,287,-56.5,68,32,-8.50564,5.62976,0,0,0,0,0,0,0,0,0,0,0, 0,0,0,0,0,0,0,0,0,0
6000,2,39,69.6,8,33,1.12474,0.418287,0,0,0,0,0,0,0,0,0,0,0, 0,0,0,0,0,0,0,0,0,0
6000,3,240,-55.4,72,32,-8.88987,6.13271,0,0,0,0,0,0,0,0,0,0,0, 0,0,0,0,0,0,0,0,0,0
6000,4,156,-51.6,76,32,-8.93411,7.08108,0,0,0,0,0,0,0,0,0,0,0, 0,0,0,0,0,0,0,0,0,0
6000,5,110,-48,80,32,-8.91774,8.02957,0,0,0,0,0,0,0,0,0,0,0, 0,0,0,0,0,0,0,0,0,0
6000,6,82,-55.4,84,32,-10.3715,7.15483,0,0,0,0,0,0,0,0,0,0,0, 0,0,0,0,0,0,0,0,0,0
6000,7,138,-56.5,60,32,-7.50497,4.96743,0,0,0,0,0,0,0,0,0,0,0, 0,0,0,0,0,0,0,0,0,0
6040,0,243,-56.5,64,32,-8.0053,5.2986,0,0,0,0,0,0,0,0,0,0,0, 0,0,0,0,0,1,0,0,0,0
6040,1,288,-55.4,68,32,-8.39599,5.79201,0,0,0,0,0,0,0,0,0,0,0, 0,0,0,0,0,1,0,0,0,0
6040,2,30,4.2,100,31.5,1.09857,14.9597,0,0,0,0,0,0,0,0,0,0,0, 0,0,0,0,0,1,0,0,0,0
6040,3,49,71.1,8,33,1.1353,0.388701,0,0,0,0,0,0,0,0,0,0,0, 0,0,0,0,0,1,0,0,0,0
6040,4,240,-55.4,72,32,-8.88987,6.13271,0,0,0,0,0,0,0,0,0,0,0, 0,0,0,0,0,1,0,0,0,0
6040,5,9,36.4,488,14,43.4383,58.9182,0,0,0,0,0,0,0,0,0,0,0, 0,0,0,0,0,1,0,0,0,0
6040,6,152,-53.4,76,32,-9.15212,6.79696,0,0,0,0,0,0,0,0,0,0,0, 0,0,0,0,0,1,0,0,0,0
6040,7,106,-46.7,80,32,-8.73327,8.22982,0,0,0,0,0,0,0,0,0,0,0, 0,0,0,0,0,1,0,0,0,0
6040,8,82,-49.8,84,32,-9.62383,8.13277,0,0,0,0,0,0,0,0,0,0,0, 0,0,0,0,0,1,0,0,0,0
6040,9,137,-55.4,60,32,-7.40823,5.11059,0,0,0,0,0,0,0,0,0,0,0, 0,0,0,0,0,1,0,0,0,0
6080,0,245,-55.4,64,32,-7.90211,5.4513,0,0,0,0,0,0,0,0,0,0,0, 0,0,0,0,0,2,0,0,0,0
6080,1,290,-55.4,68,32,-8.39599,5.79201,0,0,0,0,0,0,0,0,0,0,0, 0,0,0,0,0,2,0,0,0,0
6080,2,46,4.8,100,31.5,1.25517,14.9474,0,0,0,0,0,0,0,0,0,0,0, 0,0,0,0,0,2,0,0,0,0
6080,3,241,-55.4,72,32,-8.88987,6.13271,0,0,0,0,0,0,0,0,0,0,0, 0,0,0,0,0,2,0,0,0,0
6080,4,156,-51.6,76,32,-8.93411,7.08108,0,0,0,0,0,0,0,0,0,0,0, 0,0,0,0,0,2,0,0,0,0
6080,5,113,-45,80,32,-8.48528,8.48528,0,0,0,0,0,0,0,0,0,0,0, 0,0,0,0,0,2,0,0,0,0
6080,6,89,-48,84,32,-9.36363,8.43105,0,0,0,0,0,0,0,0,0,0,0, 0,0,0,0,0,2,0,0,0,0
6080,7,139,-56.5,60,32,-7.50497,4.96743,0,0,0,0,0,0,0,0,0,0,0, 0,0,0,0,0,2,0,0,0,0
6120,0,247,-56.5,64,32,-8.0053,5.2986,0,0,0,0,0,0,0,0,0,0,0, 0,0,0,0,0,3,0,0,0,0
6120,1,291,-56.5,68,32,-8.50564,5.62976,0,0,0,0,0,0,0,0,0,0,0, 0,0,0,0,0,3,0,0,0,0
6120,2,245,-55.4,72,32,-8.88987,6.13271,0,0,0,0,0,0,0,0,0,0,0, 0,0,0,0,0,3,0,0,0,0
6120,3,160,-49.8,76,32,-8.70727,7.35822,0,0,0,0,0,0,0,0,0,0,0, 0,0,0,0,0,3,0,0,0,0
6120,4,118,-45,80,32,-8.48528,8.48528,0,0,0,0,0,0,0,0,0,0,0, 0,0,0,0,0,3,0,0,0,0
6120,5,89,-45,84,32,-8.90955,8.90955,0,0,0,0,0,0,0,0,0,0,0, 0,0,0,0,0,3,0,0,0,0
6120,6,141,-54.4,60,32,-7.31791,5.23911,0,0,0,0,0,0,0,0,0,0,0, 0,0,0,0,0,3,0,0,0,0
6160,0,252,-55.4,64,32,-7.90211,5.4513,0,0,0,0,0,0,0,0,0,0,0, 0,0,0,0,0,4,0,0,0,0
6160,1,293,-55.4,68,32,-8.39599,5.79201,0,0,0,0,0,0,0,0,0,0,0, 0,0,0,0,0,4,0,0,0,0
6160,2,245,-54.4,72,32,-8.78149,6.28693,0,0,0,0,0,0,0,0,0,0,0, 0,0,0,0,0,4,0,0,0,0
6160,3,160,-49.8,76,32,-8.70727,7.35822,0,0,0,0,0,0,0,0,0,0,0, 0,0,0,0,0,4,0,0,0,0
6160,4,118,-44.2,80,32,-8.36598,8.60293,0,0,0,0,0,0,0,0,0,0,0, 0,0,0,0,0,4,0,0,0,0
6160,5,89,-45.9,84,32,-9.04839,8.7685,0,0,0,0,0,0,0,0,0,0,0, 0,0,0,0,0,4,0,0,0,0
6160,6,141,-55.4,60,32,-7.40823,5.11059,0,0,0,0,0,0,0,0,0,0,0, 0,0,0,0,0,4,0,0,0,0
6200,0,247,-56.5,64,32,-8.0053,5.2986,0,0,0,0,0,0,0,0,0,0,0, 0,0,0,0,0,5,0,0,0,0
6200,1,291,-55.4,68,32,-8.39599,5.79201,0,0,0,0,0,0,0,0,0,0,0, 0,0,0,0,0,5,0,0,0,0
6200,2,33,3.1,100,31.75,0.811182,14.978,0,0,0,0,0,0,0,0,0,0,0, 0,0,0,0,0,5,0,0,0,0
6200,3,241,-55.4,72,32,-8.88987,6.13271,0,0,0,0,0,0,0,0,0,0,0, 0,0,0,0,0,5,0,0,0,0
6200,4,159,-49.8,76,32,-8.70727,7.35822,0,0,0,0,0,0,0,0,0,0,0, 0,0,0,0,0,5,0,0,0,0
6200,5,116,-43.6,80,32,-8.27543,8.69006,0,0,0,0,0,0,0,0,0,0,0, 0,0,0,0,0,5,0,0,0,0
6200,6,87,-46.7,84,32,-9.16994,8.64131,0,0,0,0,0,0,0,0,0,0,0, 0,0,0,0,0,5,0,0,0,0
6200,7,141,-55.4,60,32,-7.40823,5.11059,0,0,0,0,0,0,0,0,0,0,0, 0,0,0,0,0,5,0,0,0,0
6240,0,248,-56.5,64,32,-8.0053,5.2986,0,0,0,0,0,0,0,0,0,0,0, 0,0,0,0,0,6,0,0,0,0
6240,1,291,-56.5,68,32,-8.50564,5.62976,0,0,0,0,0,0,0,0,0,0,0, 0,0,0,0,0,6,0,0,0,0
6240,2,241,-55.4,72,32,-8.88987,6.13271,0,0,0,0,0,0,0,0,0,0,0, 0,0,0,0,0,6,0,0,0,0
6240,3,155,-49.8,76,32,-8.70727,7.35822,0,0,0,0,0,0,0,0,0,0,0, 0,0,0,0,0,6,0,0,0,0
6240,4,22,6.1,108,33,1.72148,16.1083,0,0,0,0,0,0,0,0,0,0,0, 0,0,0,0,0,6,0,0,0,0
6240,5,111,-43.6,80,32,-8.27543,8.69006,0,0,0,0,0,0,0,0,0,0,0, 0,0,0,0,0,6,0,0,0,0
6240,6,142,-56.5,60,32,-7.50497,4.96743,0,0,0,0,0,0,0,0,0,0,0, 0,0,0,0,0,6,0,0,0,0
6280,0,250,-56.5,64,32,-8.0053,5.2986,0,0,0,0,0,0,0,0,0,0,0, 0,0,0,0,0,7,0,0,0,0
6280,1,293,-56.5,68,32,-8.50564,5.62976,0,0,0,0,0,0,0,0,0,0,0, 0,0,0,0,0,7,0,0,0,0
6280,2,244,-56.5,72,32,-9.00597,5.96092,0,0,0,0,0,0,0,0,0,0,0, 0,0,0,0,0,7,0,0,0,0
6280,3,159,-51.6,76,32,-8.93411,7.08108,0,0,0,0,0,0,0,0,0,0,0, 0,0,0,0,0,7,0,0,0,0
6280,4,114,-45,80,32,-8.48528,8.48528,0,0,0,0,0,0,0,0,0,0,0, 0,0,0,0,0,7,0,0,0,0
6280,5,142,-56.5,60,32,-7.50497,4.96743,0,0,0,0,0,0,0,0,0,0,0, 0,0,0,0,0,7,0,0,0,0
6320,0,248,-56.5,64,32,-8.0053,5.2986,0,0,0,0,0,0,0,0,0,0,0, 0,0,0,0,0,8,0,0,0,0
6320,1,292,-56.5,68,32,-8.50564,5.62976,0,0,0,0,0,0,0,0,0,0,0, 0,0,0,0,0,8,0,0,0,0
6320,2,14,-69.7,228,34.75,-32.0758,11.8652,0,0,0,0,0,0,0,0,0,0,0, 0,0,0,0,0,8,0,0,0,0
6320,3,242,-55.4,72,32,-8.88987,6.13271,0,0,0,0,0,0,0,0,0,0,0, 0,0,0,0,0,8,0,0,0,0
6320,4,161,-49.8,76,32,-8.70727,7.35822,0,0,0,0,0,0,0,0,0,0,0, 0,0,0,0,0,8,0,0,0,0
6320,5,40,6.6,108,32.25,1.86198,16.0926,0,0,0,0,0,0,0,0,0,0,0, 0,0,0,0,0,8,0,0,0,0
6320,6,114,-44.2,80,32,-8.36598,8.60293,0,0,0,0,0,0,0,0,0,0,0, 0,0,0,0,0,8,0,0,0,0
6320,7,14,4.2,152,53,1.66983,22.7388,0,0,0,0,0,0,0,0,0,0,0, 0,0,0,0,0,8,0,0,0,0
6320,8,142,-56.5,60,32,-7.50497,4.96743,0,0,0,0,0,0,0,0,0,0,0, 0,0,0,0,0,8,0,0,0,0
6360,0,247,-56.5,64,32,-8.0053,5.2986,0,1334,0,0,0,0,0,0,0,0,0, 0,0,0,0,0,9,0,0,0,0
6360,1,289,-56.5,68,32,-8.50564,5.62976,0,1334,0,0,0,0,0,0,0,0,0, 0,0,0,0,0,9,0,0,0,0
6360,2,243,-55.4,72,32,-8.88987,6.13271,0,1334,0,0,0,0,0,0,0,0,0, 0,0,0,0,0,9,0,0,0,0
6360,3,159,-49.8,76,32,-8.70727,7.35822,0,1334,0,0,0,0,0,0,0,0,0, 0,0,0,0,0,9,0,0,0,0
6360,4,114,-45,80,32,-8.48528,8.48528,0,1334,0,0,0,0,0,0,0,0,0, 0,0,0,0,0,9,0,0,0,0
6360,5,139,-58.4,60,32,-7.66554,4.71587,0,1334,0,0,0,0,0,0,0,0,0, 0,0,0,0,0,9,0,0,0,0
6400,0,244,-58.4,64,32,-8.17658,5.03026,0,0,0,0,0,0,0,0,0,0,0, 0,0,0,0,0,10,0,0,0,0
6400,1,288,-58.4,68,32,-8.68761,5.34466,0,0,0,0,0,0,0,0,0,0,0, 0,0,0,0,0,10,0,0,0,0
6400,2,241,-56.5,72,32,-9.00597,5.96092,0,0,0,0,0,0,0,0,0,0,0, 0,0,0,0,0,10,0,0,0,0
6400,3,157,-49.8,76,32,-8.70727,7.35822,0,0,0,0,0,0,0,0,0,0,0, 0,0,0,0,0,10,0,0,0,0
6400,4,111,-44.2,80,32,-8.36598,8.60293,0,0,0,0,0,0,0,0,0,0,0, 0,0,0,0,0,10,0,0,0,0
6400,5,140,-58.4,60,32,-7.66554,4.71587,0,0,0,0,0,0,0,0,0,0,0, 0,0,0,0,0,10,0,0,0,0
6440,0,247,-57.4,64,32,-8.08754,5.1722,0,7936,0,0,0,0,0,0,0,0,0, 0,0,0,0,0,11,0,0,0,0
6440,1,290,-56.5,68,32,-8.50564,5.62976,0,7936,0,0,0,0,0,0,0,0,0, 0,0,0,0,0,11,0,0,0,0
6440,2,243,-55.4,72,32,-8.88987,6.13271,0,7936,0,0,0,0,0,0,0,0,0, 0,0,0,0,0,11,0,0,0,0
6440,3,160,-49.8,76,32,-8.70727,7.35822,0,7936,0,0,0,0,0,0,0,0,0, 0,0,0,0,0,11,0,0,0,0
6440,4,111,-45,80,32,-8.48528,8.48528,0,7936,0,0,0,0,0,0,0,0,0, 0,0,0,0,0,11,0,0,0,0
6440,5,140,-57.4,60,32,-7.58207,4.84894,0,7936,0,0,0,0,0,0,0,0,0, 0,0,0,0,0,11,0,0,0,0
6480,0,245,-56.5,64,32,-8.0053,5.2986,0,1140,0,0,0,0,0,0,0,0,0, 0,0,0,0,0,12,0,0,0,0
6480,1,290,-56.5,68,32,-8.50564,5.62976,0,1140,0,0,0,0,0,0,0,0,0, 0,0,0,0,0,12,0,0,0,0
6480,2,241,-55.4,72,32,-8.88987,6.13271,0,1140,0,0,0,0,0,0,0,0,0, 0,0,0,0,0,12,0,0,0,0
6480,3,158,-51.6,76,32,-8.93411,7.08108,0,1140,0,0,0,0,0,0,0,0,0, 0,0,0,0,0,12,0,0,0,0
6480,4,111,-48,80,32,-8.91774,8.02957,0,1140,0,0,0,0,0,0,0,0,0, 0,0,0,0,0,12,0,0,0,0
6480,5,139,-56.5,60,32,-7.50497,4.96743,0,1140,0,0,0,0,0,0,0,0,0, 0,0,0,0,0,12,0,0,0,0
6520,0,247,-56.5,64,32,-8.0053,5.2986,0,86,0,0,0,0,0,0,0,0,0, 0,0,0,0,0,13,0,0,0,0
6520,1,291,-55.4,68,32,-8.39599,5.79201,0,86,0,0,0,0,0,0,0,0,0, 0,0,0,0,0,13,0,0,0,0
6520,2,41,72.4,8,33,1.14383,0.362844,0,86,0,0,0,0,0,0,0,0,0, 0,0,0,0,0,13,0,0,0,0
6520,3,243,-54.4,72,32,-8.78149,6.28693,0,86,0,0,0,0,0,0,0,0,0, 0,0,0,0,0,13,0,0,0,0
6520,4,157,-51.6,76,32,-8.93411,7.08108,0,86,0,0,0,0,0,0,0,0,0, 0,0,0,0,0,13,0,0,0,0
6520,5,109,-48,80,32,-8.91774,8.02957,0,86,0,0,0,0,0,0,0,0,0, 0,0,0,0,0,13,0,0,0,0
6520,6,81,-56.5,84,32,-10.507,6.95441,0,86,0,0,0,0,0,0,0,0,0, 0,0,0,0,0,13,0,0,0,0
6520,7,139,-56.5,60,32,-7.50497,4.96743,0,86,0,0,0,0,0,0,0,0,0, 0,0,0,0,0,13,0,0,0,0
6560,0,245,-57.4,64,32,-8.08754,5.1722,0,0,0,0,0,0,0,0,0,0,0, 0,0,0,0,0,14,0,0,0,0
6560,1,287,-56.5,68,32,-8.50564,5.62976,0,0,0,0,0,0,0,0,0,0,0, 0,0,0,0,0,14,0,0,0,0
6560,2,239,-55.4,72,32,-8.88987,6.13271,0,0,0,0,0,0,0,0,0,0,0, 0,0,0,0,0,14,0,0,0,0
6560,3,153,-53.4,76,32,-9.15212,6.79696,0,0,0,0,0,0,0,0,0,0,0, 0,0,0,0,0,14,0,0,0,0
6560,4,104,-46.7,80,32,-8.73327,8.22982,0,0,0,0,0,0,0,0,0,0,0, 0,0,0,0,0,14,0,0,0,0
6560,5,136,-56.5,60,32,-7.50497,4.96743,0,0,0,0,0,0,0,0,0,0,0, 0,0,0,0,0,14,0,0,0,0
6600,0,244,-56.5,64,32,-8.0053,5.2986,0,0,0,0,0,0,0,0,0,0,0, 0,0,0,0,0,15,0,0,0,0
6600,1,288,-56.5,68,32,-8.50564,5.62976,0,0,0,0,0,0,0,0,0,0,0, 0,0,0,0,0,15,0,0,0,0
6600,2,241,-55.4,72,32,-8.88987,6.13271,0,0,0,0,0,0,0,0,0,0,0, 0,0,0,0,0,15,0,0,0,0
6600,3,157,-51.6,76,32,-8.93411,7.08108,0,0,0,0,0,0,0,0,0,0,0, 0,0,0,0,0,15,0,0,0,0
6600,4,111,-45.9,80,32,-8.61752,8.35095,0,0,0,0,0,0,0,0,0,0,0, 0,0,0,0,0,15,0,0,0,0
6600,5,136,-56.5,60,32,-7.50497,4.96743,0,0,0,0,0,0,0,0,0,0,0, 0,0,0,0,0,15,0,0,0,0
6640,0,244,-56.5,64,32,-8.0053,5.2986,0,0,0,0,0,0,0,0,0,0,0, 0,0,0,0,0,0,0,0,0,0
6640,1,289,-55.4,68,32,-8.39599,5.79201,0,0,0,0,0,0,0,0,0,0,0, 0,0,0,0,0,0,0,0,0,0
6640,2,38,66.6,8,30.75,1.10131,0.476577,0,0,0,0,0,0,0,0,0,0,0, 0,0,0,0,0,0,0,0,0,0
6640,3,242,-55.4,72,32,-8.88987,6.13271,0,0,0,0,0,0,0,0,0,0,0, 0,0,0,0,0,0,0,0,0,0
6640,4,158,-49.8,76,32,-8.70727,7.35822,0,0,0,0,0,0,0,0,0,0,0, 0,0,0,0,0,0,0,0,0,0
6640,5,111,-46.7,80,32,-8.73327,8.22982,0,0,0,0,0,0,0,0,0,0,0, 0,0,0,0,0,0,0,0,0,0
6640,6,139,-56.5,60,32,-7.50497,4.96743,0,0,0,0,0,0,0,0,0,0,0, 0,0,0,0,0,0,0,0,0,0
6680,0,244,-56.5,64,32,-8.0053,5.2986,0,0,0,0,0,0,0,0,0,0,0, 0,0,0,0,0,1,0,0,0,0
6680,1,289,-56.5,68,32,-8.50564,5.62976,0,0,0,0,0,0,0,0,0,0,0, 0,0,0,0,0,1,0,0,0,0
6680,2,241,-55.4,72,32,-8.88987,6.13271,0,0,0,0,0,0,0,0,0,0,0, 0,0,0,0,0,1,0,0,0,0
6680,3,159,-51.6,76,32,-8.93411,7.08108,0,0,0,0,0,0,0,0,0,0,0, 0,0,0,0,0,1,0,0,0,0
6680,4,109,-45.9,80,32,-8.61752,8.35095,0,0,0,0,0,0,0,0,0,0,0, 0,0,0,0,0,1,0,0,0,0
6680,5,140,-56.5,60,32,-7.50497,4.96743,0,0,0,0,0,0,0,0,0,0,0, 0,0,0,0,0,1,0,0,0,0
6720,0,246,-56.5,64,32,-8.0053,5.2986,0,0,0,0,0,0,0,0,0,0,0, 0,0,0,0,0,2,0,0,0,0
6720,1,290,-56.5,68,32,-8.50564,5.62976,0,0,0,0,0,0,0,0,0,0,0, 0,0,0,0,0,2,0,0,0,0
6720,2,244,-55.4,72,32,-8.88987,6.13271,0,0,0,0,0,0,0,0,0,0,0, 0,0,0,0,0,2,0,0,0,0
6720,3,158,-53.4,76,32,-9.15212,6.79696,0,0,0,0,0,0,0,0,0,0,0, 0,0,0,0,0,2,0,0,0,0
6720,4,110,-48,80,32,-8.91774,8.02957,0,0,0,0,0,0,0,0,0,0,0, 0,0,0,0,0,2,0,0,0,0
6720,5,136,-56.5,60,32,-7.50497,4.96743,0,0,0,0,0,0,0,0,0,0,0, 0,0,0,0,0,2,0,0,0,0
6760,0,245,-57.4,64,32,-8.08754,5.1722,0,0,0,0,0,0,0,0,0,0,0, 0,0,0,0,0,3,0,0,0,0
6760,1,292,-56.5,68,32,-8.50564,5.62976,0,0,0,0,0,0,0,0,0,0,0, 0,0,0,0,0,3,0,0,0,0
6760,2,44,75.1,8,33,1.15965,0.308559,0,0,0,0,0,0,0,0,0,0,0, 0,0,0,0,0,3,0,0,0,0
6760,3,244,-55.4,72,32,-8.88987,6.13271,0,0,0,0,0,0,0,0,0,0,0, 0,0,0,0,0,3,0,0,0,0
6760,4,155,-53.4,76,32,-9.15212,6.79696,0,0,0,0,0,0,0,0,0,0,0, 0,0,0,0,0,3,0,0,0,0
6760,5,103,-48,80,32,-8.91774,8.02957,0,0,0,0,0,0,0,0,0,0,0, 0,0,0,0,0,3,0,0,0,0
6760,6,139,-55.4,60,32,-7.40823,5.11059,0,0,0,0,0,0,0,0,0,0,0, 0,0,0,0,0,3,0,0,0,0
6800,0,250,-55.4,64,32,-7.90211,5.4513,0,0,0,0,0,0,0,0,0,0,0, 0,0,0,0,0,4,0,0,0,0
6800,1,294,-55.4,68,32,-8.39599,5.79201,0,0,0,0,0,0,0,0,0,0,0, 0,0,0,0,0,4,0,0,0,0
6800,2,41,67.6,8,33,1.10946,0.457284,0,0,0,0,0,0,0,0,0,0,0, 0,0,0,0,0,4,0,0,0,0
6800,3,246,-54.4,72,32,-8.78149,6.28693,0,0,0,0,0,0,0,0,0,0,0, 0,0,0,0,0,4,0,0,0,0
6800,4,159,-51.6,76,32,-8.93411,7.08108,0,0,0,0,0,0,0,0,0,0,0, 0,0,0,0,0,4,0,0,0,0
6800,5,109,-49.8,80,32,-9.16555,7.74549,0,0,0,0,0,0,0,0,0,0,0, 0,0,0,0,0,4,0,0,0,0
6800,6,141,-55.4,60,32,-7.40823,5.11059,0,0,0,0,0,0,0,0,0,0,0, 0,0,0,0,0,4,0,0,0,0
6840,0,248,-55.4,64,32,-7.90211,5.4513,0,0,0,0,0,0,0,0,0,0,0, 0,0,0,0,0,5,0,0,0,0
6840,1,293,-55.4,68,32,-8.39599,5.79201,0,0,0,0,0,0,0,0,0,0,0, 0,0,0,0,0,5,0,0,0,0
6840,2,40,69.6,8,33,1.12474,0.418287,0,0,0,0,0,0,0,0,0,0,0, 0,0,0,0,0,5,0,0,0,0
6840,3,244,-54.4,72,32,-8.78149,6.28693,0,0,0,0,0,0,0,0,0,0,0, 0,0,0,0,0,5,0,0,0,0
6840,4,159,-49.8,76,32,-8.70727,7.35822,0,0,0,0,0,0,0,0,0,0,0, 0,0,0,0,0,5,0,0,0,0
6840,5,109,-48,80,32,-8.91774,8.02957,0,0,0,0,0,0,0,0,0,0,0, 0,0,0,0,0,5,0,0,0,0
6840,6,142,-54.4,60,32,-7.31791,5.23911,0,0,0,0,0,0,0,0,0,0,0, 0,0,0,0,0,5,0,0,0,0
6880,0,249,-54.4,64,32,-7.80577,5.58838,0,0,0,0,0,0,0,0,0,0,0, 0,0,0,0,0,6,0,0,0,0
6880,1,295,-54.4,68,32,-8.29363,5.93765,0,0,0,0,0,0,0,0,0,0,0, 0,0,0,0,0,6,0,0,0,0
6880,2,245,-54.4,72,32,-8.78149,6.28693,0,0,0,0,0,0,0,0,0,0,0, 0,0,0,0,0,6,0,0,0,0
6880,3,159,-49.8,76,32,-8.70727,7.35822,0,0,0,0,0,0,0,0,0,0,0, 0,0,0,0,0,6,0,0,0,0
6880,4,111,-46.7,80,32,-8.73327,8.22982,0,0,0,0,0,0,0,0,0,0,0, 0,0,0,0,0,6,0,0,0,0
6880,5,140,-54.4,60,32,-7.31791,5.23911,0,0,0,0,0,0,0,0,0,0,0, 0,0,0,0,0,6,0,0,0,0
6920,0,248,-55.4,64,32,-7.90211,5.4513,0,0,0,0,0,0,0,0,0,0,0, 0,0,0,0,0,7,0,0,0,0
6920,1,294,-55.4,68,32,-8.39599,5.79201,0,0,0,0,0,0,0,0,0,0,0, 0,0,0,0,0,7,0,0,0,0
6920,2,244,-55.4,72,32,-8.88987,6.13271,0,0,0,0,0,0,0,0,0,0,0, 0,0,0,0,0,7,0,0,0,0
6920,3,156,-51.6,76,32,-8.93411,7.08108,0,0,0,0,0,0,0,0,0,0,0, 0,0,0,0,0,7,0,0,0,0
6920,4,108,-45.9,80,32,-8.61752,8.35095,0,0,0,0,0,0,0,0,0,0,0, 0,0,0,0,0,7,0,0,0,0
6920,5,140,-55.4,60,32,-7.40823,5.11059,0,0,0,0,0,0,0,0,0,0,0, 0,0,0,0,0,7,0,0,0,0
6960,0,248,-55.4,64,32,-7.90211,5.4513,0,0,0,0,0,0,0,0,0,0,0, 0,0,0,0,0,8,0,0,0,0
6960,1,292,-55.4,68,32,-8.39599,5.79201,0,0,0,0,0,0,0,0,0,0,0, 0,0,0,0,0,8,0,0,0,0
6960,2,41,75.1,8,33,1.15965,0.308559,0,0,0,0,0,0,0,0,0,0,0, 0,0,0,0,0,8,0,0,0,0
6960,3,244,-54.4,72,32,-8.78149,6.28693,0,0,0,0,0,0,0,0,0,0,0, 0,0,0,0,0,8,0,0,0,0
6960,4,159,-53.4,76,32,-9.15212,6.79696,0,0,0,0,0,0,0,0,0,0,0, 0,0,0,0,0,8,0,0,0,0
6960,5,113,-48,80,32,-8.91774,8.02957,0,0,0,0,0,0,0,0,0,0,0, 0,0,0,0,0,8,0,0,0,0
6960,6,138,-55.4,60,32,-7.40823,5.11059,0,0,0,0,0,0,0,0,0,0,0, 0,0,0,0,0,8,0,0,0,0
7000,0,246,-56.5,64,32,-8.0053,5.2986,0,1334,0,0,0,0,0,0,0,0,0, 0,0,0,0,0,9,0,0,0,0
7000,1,290,-56.5,68,32,-8.50564,5.62976,0,1334,0,0,0,0,0,0,0,0,0, 0,0,0,0,0,9,0,0,0,0
7000,2,31,-6,100,31.75,-1.56793,14.9178,0,1334,0,0,0,0,0,0,0,0,0, 0,0,0,0,0,9,0,0,0,0
7000,3,37,68.6,8,33,1.11727,0.437852,0,1334,0,0,0,0,0,0,0,0,0, 0,0,0,0,0,9,0,0,0,0
7000,4,244,-56.5,72,32,-9.00597,5.96092,0,1334,0,0,0,0,0,0,0,0,0, 0,0,0,0,0,9,0,0,0,0
7000,5,158,-54.4,76,32,-9.26935,6.6362,0,1334,0,0,0,0,0,0,0,0,0, 0,0,0,0,0,9,0,0,0,0
7000,6,108,-51.6,80,32,-9.40432,7.45377,0,1334,0,0,0,0,0,0,0,0,0, 0,0,0,0,0,9,0,0,0,0
7000,7,137,-56.5,60,32,-7.50497,4.96743,0,1334,0,0,0,0,0,0,0,0,0, 0,0,0,0,0,9,0,0,0,0
7040,0,244,-57.4,64,32,-8.08754,5.1722,0,0,0,0,0,0,0,0,0,0,0, 0,0,0,0,0,10,0,0,0,0
7040,1,290,-56.5,68,32,-8.50564,5.62976,0,0,0,0,0,0,0,0,0,0,0, 0,0,0,0,0,10,0,0,0,0
7040,2,241,-57.4,72,32,-9.09849,5.81872,0,0,0,0,0,0,0,0,0,0,0, 0,0,0,0,0,10,0,0,0,0
7040,3,153,-54.4,76,32,-9.26935,6.6362,0,0,0,0,0,0,0,0,0,0,0, 0,0,0,0,0,10,0,0,0,0
7040,4,106,-46.7,80,32,-8.73327,8.22982,0,0,0,0,0,0,0,0,0,0,0, 0,0,0,0,0,10,0,0,0,0
7040,5,139,-56.5,60,32,-7.50497,4.96743,0,0,0,0,0,0,0,0,0,0,0, 0,0,0,0,0,10,0,0,0,0
7080,0,245,-56.5,64,32,-8.0053,5.2986,0,7936,0,0,0,0,0,0,0,0,0, 0,0,0,0,0,11,0,0,0,0
7080,1,291,-56.5,68,32,-8.50564,5.62976,0,7936,0,0,0,0,0,0,0,0,0, 0,0,0,0,0,11,0,0,0,0
7080,2,13,-21.2,420,43.75,-22.7824,58.7364,0,7936,0,0,0,0,0,0,0,0,0, 0,0,0,0,0,11,0,0,0,0
7080,3,245,-55.4,72,32,-8.88987,6.13271,0,7936,0,0,0,0,0,0,0,0,0, 0,0,0,0,0,11,0,0,0,0
7080,4,158,-51.6,76,32,-8.93411,7.08108,0,7936,0,0,0,0,0,0,0,0,0, 0,0,0,0,0,11,0,0,0,0
7080,5,110,-46.7,80,32,-8.73327,8.22982,0,7936,0,0,0,0,0,0,0,0,0, 0,0,0,0,0,11,0,0,0,0
7080,6,138,-56.5,60,32,-7.50497,4.96743,0,7936,0,0,0,0,0,0,0,0,0, 0,0,0,0,0,11,0,0,0,0
7120,0,246,-56.5,64,32,-8.0053,5.2986,0,1140,0,0,0,0,0,0,0,0,0, 0,0,0,0,0,12,0,0,0,0
7120,1,291,-55.4,68,32,-8.39599,5.79201,0,1140,0,0,0,0,0,0,0,0,0, 0,0,0,0,0,12,0,0,0,0
7120,2,23,3.1,100,31.75,0.811182,14.978,0,1140,0,0,0,0,0,0,0,0,0, 0,0,0,0,0,12,0,0,0,0
7120,3,46,66.6,8,33,1.10131,0.476577,0,1140,0,0,0,0,0,0,0,0,0, 0,0,0,0,0,12,0,0,0,0
7120,4,243,-55.4,72,32,-8.88987,6.13271,0,1140,0,0,0,0,0,0,0,0,0, 0,0,0,0,0,12,0,0,0,0
7120,5,157,-53.4,76,32,-9.15212,6.79696,0,1140,0,0,0,0,0,0,0,0,0, 0,0,0,0,0,12,0,0,0,0
7120,6,111,-46.7,80,32,-8.73327,8.22982,0,1140,0,0,0,0,0,0,0,0,0, 0,0,0,0,0,12,0,0,0,0
7120,7,83,-49.8,84,32,-9.62383,8.13277,0,1140,0,0,0,0,0,0,0,0,0, 0,0,0,0,0,12,0,0,0,0
7120,8,138,-55.4,60,32,-7.40823,5.11059,0,1140,0,0,0,0,0,0,0,0,0, 0,0,0,0,0,12,0,0,0,0
7160,0,245,-55.4,64,32,-7.90211,5.4513,0,86,0,0,0,0,0,0,0,0,0, 0,0,0,0,0,13,0,0,0,0
7160,1,291,-55.4,68,32,-8.39599,5.79201,0,86,0,0,0,0,0,0,0,0,0, 0,0,0,0,0,13,0,0,0,0
7160,2,40,69.6,8,33,1.12474,0.418287,0,86,0,0,0,0,0,0,0,0,0, 0,0,0,0,0,13,0,0,0,0
7160,3,241,-54.4,72,32,-8.78149,6.28693,0,86,0,0,0,0,0,0,0,0,0, 0,0,0,0,0,13,0,0,0,0
7160,4,157,-49.8,76,32,-8.70727,7.35822,0,86,0,0,0,0,0,0,0,0,0, 0,0,0,0,0,13,0,0,0,0
7160,5,112,-45,80,32,-8.48528,8.48528,0,86,0,0,0,0,0,0,0,0,0, 0,0,0,0,0,13,0,0,0,0
7160,6,83,-46.7,84,32,-9.16994,8.64131,0,86,0,0,0,0,0,0,0,0,0, 0,0,0,0,0,13,0,0,0,0
7160,7,139,-55.4,60,32,-7.40823,5.11059,0,86,0,0,0,0,0,0,0,0,0, 0,0,0,0,0,13,0,0,0,0
7200,0,246,-56.5,64,32,-8.0053,5.2986,0,0,0,0,0,0,0,0,0,0,0, 0,0,0,0,0,14,0,0,0,0
7200,1,288,-56.5,68,32,-8.50564,5.62976,0,0,0,0,0,0,0,0,0,0,0, 0,0,0,0,0,14,0,0,0,0
7200,2,242,-55.4,72,32,-8.88987,6.13271,0,0,0,0,0,0,0,0,0,0,0, 0,0,0,0,0,14,0,0,0,0
7200,3,159,-49.8,76,32,-8.70727,7.35822,0,0,0,0,0,0,0,0,0,0,0, 0,0,0,0,0,14,0,0,0,0
7200,4,111,-45,80,32,-8.48528,8.48528,0,0,0,0,0,0,0,0,0,0,0, 0,0,0,0,0,14,0,0,0,0
7200,5,82,-45.9,84,32,-9.04839,8.7685,0,0,0,0,0,0,0,0,0,0,0, 0,0,0,0,0,14,0,0,0,0
7200,6,139,-55.4,60,32,-7.40823,5.11059,0,0,0,0,0,0,0,0,0,0,0, 0,0,0,0,0,14,0,0,0,0
7240,0,246,-55.4,64,32,-7.90211,5.4513,0,0,0,0,0,0,0,0,0,0,0, 0,0,0,0,0,15,0,0,0,0
7240,1,293,-55.4,68,32,-8.39599,5.79201,0,0,0,0,0,0,0,0,0,0,0, 0,0,0,0,0,15,0,0,0,0
7240,2,243,-55.4,72,32,-8.88987,6.13271,0,0,0,0,0,0,0,0,0,0,0, 0,0,0,0,0,15,0,0,0,0
7240,3,155,-51.6,76,32,-8.93411,7.08108,0,0,0,0,0,0,0,0,0,0,0, 0,0,0,0,0,15,0,0,0,0
7240,4,109,-45.9,80,32,-8.61752,8.35095,0,0,0,0,0,0,0,0,0,0,0, 0,0,0,0,0,15,0,0,0,0
7240,5,83,-46.7,84,32,-9.16994,8.64131,0,0,0,0,0,0,0,0,0,0,0, 0,0,0,0,0,15,0,0,0,0
7240,6,138,-56.5,60,32,-7.50497,4.96743,0,0,0,0,0,0,0,0,0,0,0, 0,0,0,0,0,15,0,0,0,0
7280,0,246,-55.4,64,32,-7.90211,5.4513,0,0,0,0,0,0,0,0,0,0,0, 0,0,0,0,0,0,0,0,0,0
7280,1,291,-55.4,68,32,-8.39599,5.79201,0,0,0,0,0,0,0,0,0,0,0, 0,0,0,0,0,0,0,0,0,0
7280,2,244,-55.4,72,32,-8.88987,6.13271,0,0,0,0,0,0,0,0,0,0,0, 0,0,0,0,0,0,0,0,0,0
7280,3,158,-49.8,76,32,-8.70727,7.35822,0,0,0,0,0,0,0,0,0,0,0, 0,0,0,0,0,0,0,0,0,0
7280,4,112,-45.9,80,32,-8.61752,8.35095,0,0,0,0,0,0,0,0,0,0,0, 0,0,0,0,0,0,0,0,0,0
7280,5,86,-49.8,84,32,-9.62383,8.13277,0,0,0,0,0,0,0,0,0,0,0, 0,0,0,0,0,0,0,0,0,0
7280,6,138,-55.4,60,32,-7.40823,5.11059,0,0,0,0,0,0,0,0,0,0,0, 0,0,0,0,0,0,0,0,0,0
7320,0,245,-56.5,64,32,-8.0053,5.2986,0,0,0,0,0,0,0,0,0,0,0, 0,0,0,0,0,1,0,0,0,0
7320,1,289,-56.5,68,32,-8.50564,5.62976,0,0,0,0,0,0,0,0,0,0,0, 0,0,0,0,0,1,0,0,0,0
7320,2,45,63.6,8,33,1.07485,0.533562,0,0,0,0,0,0,0,0,0,0,0, 0,0,0,0,0,1,0,0,0,0
7320,3,241,-55.4,72,32,-8.88987,6.13271,0,0,0,0,0,0,0,0,0,0,0, 0,0,0,0,0,1,0,0,0,0
7320,4,156,-51.6,76,32,-8.93411,7.08108,0,0,0,0,0,0,0,0,0,0,0, 0,0,0,0,0,1,0,0,0,0
7320,5,111,-45.9,80,32,-8.61752,8.35095,0,0,0,0,0,0,0,0,0,0,0, 0,0,0,0,0,1,0,0,0,0
7320,6,82,-48,84,32,-9.36363,8.43105,0,0,0,0,0,0,0,0,0,0,0, 0,0,0,0,0,1,0,0,0,0
7320,7,140,-56.5,60,32,-7.50497,4.96743,0,0,0,0,0,0,0,0,0,0,0, 0,0,0,0,0,1,0,0,0,0
7360,0,244,-56.5,64,32,-8.0053,5.2986,0,0,0,0,0,0,0,0,0,0,0, 0,0,0,0,0,2,0,0,0,0
7360,1,290,-56.5,68,32,-8.50564,5.62976,0,0,0,0,0,0,0,0,0,0,0, 0,0,0,0,0,2,0,0,0,0
7360,2,242,-55.4,72,32,-8.88987,6.13271,0,0,0,0,0,0,0,0,0,0,0, 0,0,0,0,0,2,0,0,0,0
7360,3,158,-51.6,76,32,-8.93411,7.08108,0,0,0,0,0,0,0,0,0,0,0, 0,0,0,0,0,2,0,0,0,0
7360,4,112,-46.7,80,32,-8.73327,8.22982,0,0,0,0,0,0,0,0,0,0,0, 0,0,0,0,0,2,0,0,0,0
7360,5,87,-51.6,84,32,-9.87454,7.82646,0,0,0,0,0,0,0,0,0,0,0, 0,0,0,0,0,2,0,0,0,0
7360,6,139,-55.4,60,32,-7.40823,5.11059,0,0,0,0,0,0,0,0,0,0,0, 0,0,0,0,0,2,0,0,0,0
7400,0,247,-56.5,64,32,-8.0053,5.2986,0,0,0,0,0,0,0,0,0,0,0, 0,0,0,0,0,3,0,0,0,0
7400,1,291,-56.5,68,32,-8.50564,5.62976,0,0,0,0,0,0,0,0,0,0,0, 0,0,0,0,0,3,0,0,0,0
7400,2,241,-55.4,72,32,-8.88987,6.13271,0,0,0,0,0,0,0,0,0,0,0, 0,0,0,0,0,3,0,0,0,0
7400,3,152,-53.4,76,32,-9.15212,6.79696,0,0,0,0,0,0,0,0,0,0,0, 0,0,0,0,0,3,0,0,0,0
7400,4,106,-45.9,80,32,-8.61752,8.35095,0,0,0,0,0,0,0,0,0,0,0, 0,0,0,0,0,3,0,0,0,0
7400,5,82,-45.9,84,32,-9.04839,8.7685,0,0,0,0,0,0,0,0,0,0,0, 0,0,0,0,0,3,0,0,0,0
7400,6,137,-56.5,60,32,-7.50497,4.96743,0,0,0,0,0,0,0,0,0,0,0, 0,0,0,0,0,3,0,0,0,0
7440,0,244,-56.5,64,32,-8.0053,5.2986,0,0,0,0,0,0,0,0,0,0,0, 0,0,0,0,0,4,0,0,0,0
7440,1,13,-70.7,416,29.75,-58.8932,20.6241,0,0,0,0,0,0,0,0,0,0,0, 0,0,0,0,0,4,0,0,0,0
7440,2,286,-56.5,68,32,-8.50564,5.62976,0,0,0,0,0,0,0,0,0,0,0, 0,0,0,0,0,4,0,0,0,0
7440,3,41,69.6,8,33,1.12474,0.418287,0,0,0,0,0,0,0,0,0,0,0, 0,0,0,0,0,4,0,0,0,0
7440,4,238,-55.4,72,32,-8.88987,6.13271,0,0,0,0,0,0,0,0,0,0,0, 0,0,0,0,0,4,0,0,0,0
7440,5,152,-53.4,76,32,-9.15212,6.79696,0,0,0,0,0,0,0,0,0,0,0, 0,0,0,0,0,4,0,0,0,0
7440,6,107,-46.7,80,32,-8.73327,8.22982,0,0,0,0,0,0,0,0,0,0,0, 0,0,0,0,0,4,0,0,0,0
7440,7,137,-56.5,60,32,-7.50497,4.96743,0,0,0,0,0,0,0,0,0,0,0, 0,0,0,0,0,4,0,0,0,0
7480,0,246,-57.4,64,32,-8.08754,5.1722,0,0,0,0,0,0,0,0,0,0,0, 0,0,0,0,0,5,0,0,0,0
7480,1,290,-56.5,68,32,-8.50564,5.62976,0,0,0,0,0,0,0,0,0,0,0, 0,0,0,0,0,5,0,0,0,0
7480,2,242,-56.5,72,32,-9.00597,5.96092,0,0,0,0,0,0,0,0,0,0,0, 0,0,0,0,0,5,0,0,0,0
7480,3,152,-54.4,76,32,-9.26935,6.6362,0,0,0,0,0,0,0,0,0,0,0, 0,0,0,0,0,5,0,0,0,0
7480,4,104,-46.7,80,32,-8.73327,8.22982,0,0,0,0,0,0,0,0,0,0,0, 0,0,0,0,0,5,0,0,0,0
7480,5,138,-56.5,60,32,-7.50497,4.96743,0,0,0,0,0,0,0,0,0,0,0, 0,0,0,0,0,5,0,0,0,0
7520,0,245,-55.4,64,32,-7.90211,5.4513,0,0,0,0,0,0,0,0,0,0,0, 0,0,0,0,0,6,0,0,0,0
7520,1,290,-55.4,68,32,-8.39599,5.79201,0,0,0,0,0,0,0,0,0,0,0, 0,0,0,0,0,6,0,0,0,0
7520,2,14,13.2,484,7.25,16.5783,70.6818,0,0,0,0,0,0,0,0,0,0,0, 0,0,0,0,0,6,0,0,0,0
7520,3,241,-54.4,72,32,-8.78149,6.28693,0,0,0,0,0,0,0,0,0,0,0, 0,0,0,0,0,6,0,0,0,0
7520,4,157,-51.6,76,32,-8.93411,7.08108,0,0,0,0,0,0,0,0,0,0,0, 0,0,0,0,0,6,0,0,0,0
7520,5,108,-48,80,32,-8.91774,8.02957,0,0,0,0,0,0,0,0,0,0,0, 0,0,0,0,0,6,0,0,0,0
7520,6,137,-56.5,60,32,-7.50497,4.96743,0,0,0,0,0,0,0,0,0,0,0, 0,0,0,0,0,6,0,0,0,0
7560,0,242,-56.5,64,32,-8.0053,5.2986,0,0,0,0,0,0,0,0,0,0,0, 0,0,0,0,0,7,0,0,0,0
7560,1,287,-56.5,68,32,-8.50564,5.62976,0,0,0,0,0,0,0,0,0,0,0, 0,0,0,0,0,7,0,0,0,0
7560,2,240,-56.5,72,32,-9.00597,5.96092,0,0,0,0,0,0,0,0,0,0,0, 0,0,0,0,0,7,0,0,0,0
7560,3,154,-53.4,76,32,-9.15212,6.79696,0,0,0,0,0,0,0,0,0,0,0, 0,0,0,0,0,7,0,0,0,0
7560,4,106,-49.8,80,32,-9.16555,7.74549,0,0,0,0,0,0,0,0,0,0,0, 0,0,0,0,0,7,0,0,0,0
7560,5,83,-51.6,84,32,-9.87454,7.82646,0,0,0,0,0,0,0,0,0,0,0, 0,0,0,0,0,7,0,0,0,0
7560,6,140,-56.5,60,32,-7.50497,4.96743,0,0,0,0,0,0,0,0,0,0,0, 0,0,0,0,0,7,0,0,0,0
7600,0,243,-56.5,64,32,-8.0053,5.2986,0,0,0,0,0,0,0,0,0,0,0, 0,0,0,0,0,8,0,0,0,0
7600,1,288,-56.5,68,32,-8.50564,5.62976,0,0,0,0,0,0,0,0,0,0,0, 0,0,0,0,0,8,0,0,0,0
7600,2,240,-54.4,72,32,-8.78149,6.28693,0,0,0,0,0,0,0,0,0,0,0, 0,0,0,0,0,8,0,0,0,0
7600,3,155,-51.6,76,32,-8.93411,7.08108,0,0,0,0,0,0,0,0,0,0,0, 0,0,0,0,0,8,0,0,0,0
7600,4,109,-46.7,80,32,-8.73327,8.22982,0,0,0,0,0,0,0,0,0,0,0, 0,0,0,0,0,8,0,0,0,0
7600,5,86,-49.8,84,32,-9.62383,8.13277,0,0,0,0,0,0,0,0,0,0,0, 0,0,0,0,0,8,0,0,0,0
7600,6,13,-73.8,184,44.75,-26.5041,7.70015,0,0,0,0,0,0,0,0,0,0,0, 0,0,0,0,0,8,0,0,0,0
7600,7,138,-55.4,60,32,-7.40823,5.11059,0,0,0,0,0,0,0,0,0,0,0, 0,0,0,0,0,8,0,0,0,0
7640,0,244,-56.5,64,32,-8.0053,5.2986,0,1334,0,0,0,0,0,0,0,0,0, 0,0,0,0,0,9,0,0,0,0
7640,1,288,-56.5,68,32,-8.50564,5.62976,0,1334,0,0,0,0,0,0,0,0,0, 0,0,0,0,0,9,0,0,0,0
7640,2,241,-55.4,72,32,-8.88987,6.13271,0,1334,0,0,0,0,0,0,0,0,0, 0,0,0,0,0,9,0,0,0,0
7640,3,157,-51.6,76,32,-8.93411,7.08108,0,1334,0,0,0,0,0,0,0,0,0, 0,0,0,0,0,9,0,0,0,0
7640,4,110,-45.9,80,32,-8.61752,8.35095,0,1334,0,0,0,0,0,0,0,0,0, 0,0,0,0,0,9,0,0,0,0
7640,5,88,-48,84,32,-9.36363,8.43105,0,1334,0,0,0,0,0,0,0,0,0, 0,0,0,0,0,9,0,0,0,0
7640,6,140,-55.4,60,32,-7.40823,5.11059,0,1334,0,0,0,0,0,0,0,0,0, 0,0,0,0,0,9,0,0,0,0
7680,0,246,-56.5,64,32,-8.0053,5.2986,0,0,0,0,0,0,0,0,0,0,0, 0,0,0,0,0,10,0,0,0,0
7680,1,289,-56.5,68,32,-8.50564,5.62976,0,0,0,0,0,0,0,0,0,0,0, 0,0,0,0,0,10,0,0,0,0
7680,2,241,-56.5,72,32,-9.00597,5.96092,0,0,0,0,0,0,0,0,0,0,0, 0,0,0,0,0,10,0,0,0,0
7680,3,158,-53.4,76,32,-9.15212,6.79696,0,0,0,0,0,0,0,0,0,0,0, 0,0,0,0,0,10,0,0,0,0
7680,4,112,-46.7,80,32,-8.73327,8.22982,0,0,0,0,0,0,0,0,0,0,0, 0,0,0,0,0,10,0,0,0,0
7680,5,89,-45.9,84,32,-9.04839,8.7685,0,0,0,0,0,0,0,0,0,0,0, 0,0,0,0,0,10,0,0,0,0
7680,6,139,-57.4,60,32,-7.58207,4.84894,0,0,0,0,0,0,0,0,0,0,0, 0,0,0,0,0,10,0,0,0,0
7720,0,246,-56.5,64,32,-8.0053,5.2986,0,7936,0,0,0,0,0,0,0,0,0, 0,0,0,0,0,11,0,0,0,0
7720,1,290,-56.5,68,32,-8.50564,5.62976,0,7936,0,0,0,0,0,0,0,0,0, 0,0,0,0,0,11,0,0,0,0
7720,2,242,-55.4,72,32,-8.88987,6.13271,0,7936,0,0,0,0,0,0,0,0,0, 0,0,0,0,0,11,0,0,0,0
7720,3,154,-51.6,76,32,-8.93411,7.08108,0,7936,0,0,0,0,0,0,0,0,0, 0,0,0,0,0,11,0,0,0,0
7720,4,112,-44.2,80,32,-8.36598,8.60293,0,7936,0,0,0,0,0,0,0,0,0, 0,0,0,0,0,11,0,0,0,0
7720,5,88,-45,84,32,-8.90955,8.90955,0,7936,0,0,0,0,0,0,0,0,0, 0,0,0,0,0,11,0,0,0,0
7720,6,138,-58.4,60,32,-7.66554,4.71587,0,7936,0,0,0,0,0,0,0,0,0, 0,0,0,0,0,11,0,0,0,0
7760,0,243,-57.4,64,32,-8.08754,5.1722,0,1140,0,0,0,0,0,0,0,0,0, 0,0,0,0,0,12,0,0,0,0
7760,1,290,-56.5,68,32,-8.50564,5.62976,0,1140,0,0,0,0,0,0,0,0,0, 0,0,0,0,0,12,0,0,0,0
7760,2,243,-55.4,72,32,-8.88987,6.13271,0,1140,0,0,0,0,0,0,0,0,0, 0,0,0,0,0,12,0,0,0,0
7760,3,161,-49.8,76,32,-8.70727,7.35822,0,1140,0,0,0,0,0,0,0,0,0, 0,0,0,0,0,12,0,0,0,0
7760,4,118,-45,80,32,-8.48528,8.48528,0,1140,0,0,0,0,0,0,0,0,0, 0,0,0,0,0,12,0,0,0,0
7760,5,94,-44.2,84,32,-8.78428,9.03307,0,1140,0,0,0,0,0,0,0,0,0, 0,0,0,0,0,12,0,0,0,0
7760,6,138,-57.4,60,32,-7.58207,4.84894,0,1140,0,0,0,0,0,0,0,0,0, 0,0,0,0,0,12,0,0,0,0
7800,0,245,-56.5,64,32,-8.0053,5.2986,0,86,0,0,0,0,0,0,0,0,0, 0,0,0,0,0,13,0,0,0,0
7800,1,292,-55.4,68,32,-8.39599,5.79201,0,86,0,0,0,0,0,0,0,0,0, 0,0,0,0,0,13,0,0,0,0
7800,2,36,69.6,8,33,1.12474,0.418287,0,86,0,0,0,0,0,0,0,0,0, 0,0,0,0,0,13,0,0,0,0
7800,3,244,-55.4,72,32,-8.88987,6.13271,0,86,0,0,0,0,0,0,0,0,0, 0,0,0,0,0,13,0,0,0,0
7800,4,159,-49.8,76,32,-8.70727,7.35822,0,86,0,0,0,0,0,0,0,0,0, 0,0,0,0,0,13,0,0,0,0
7800,5,117,-45,80,32,-8.48528,8.48528,0,86,0,0,0,0,0,0,0,0,0, 0,0,0,0,0,13,0,0,0,0
7800,6,92,-45,84,32,-8.90955,8.90955,0,86,0,0,0,0,0,0,0,0,0, 0,0,0,0,0,13,0,0,0,0
7800,7,141,-54.4,60,32,-7.31791,5.23911,0,86,0,0,0,0,0,0,0,0,0, 0,0,0,0,0,13,0,0,0,0
7840,0,244,-56.5,64,32,-8.0053,5.2986,0,0,0,0,0,0,0,0,0,0,0, 0,0,0,0,0,14,0,0,0,0
7840,1,290,-55.4,68,32,-8.39599,5.79201,0,0,0,0,0,0,0,0,0,0,0, 0,0,0,0,0,14,0,0,0,0
7840,2,242,-54.4,72,32,-8.78149,6.28693,0,0,0,0,0,0,0,0,0,0,0, 0,0,0,0,0,14,0,0,0,0
7840,3,158,-49.8,76,32,-8.70727,7.35822,0,0,0,0,0,0,0,0,0,0,0, 0,0,0,0,0,14,0,0,0,0
7840,4,115,-45,80,32,-8.48528,8.48528,0,0,0,0,0,0,0,0,0,0,0, 0,0,0,0,0,14,0,0,0,0
7840,5,90,-44.2,84,32,-8.78428,9.03307,0,0,0,0,0,0,0,0,0,0,0, 0,0,0,0,0,14,0,0,0,0
7840,6,138,-56.5,60,32,-7.50497,4.96743,0,0,0,0,0,0,0,0,0,0,0, 0,0,0,0,0,14,0,0,0,0
7880,0,243,-56.5,64,32,-8.0053,5.2986,0,0,0,0,0,0,0,0,0,0,0, 0,0,0,0,0,15,0,0,0,0
7880,1,288,-56.5,68,32,-8.50564,5.62976,0,0,0,0,0,0,0,0,0,0,0, 0,0,0,0,0,15,0,0,0,0
7880,2,243,-55.4,72,32,-8.88987,6.13271,0,0,0,0,0,0,0,0,0,0,0, 0,0,0,0,0,15,0,0,0,0
7880,3,159,-51.6,76,32,-8.93411,7.08108,0,0,0,0,0,0,0,0,0,0,0, 0,0,0,0,0,15,0,0,0,0
7880,4,113,-45,80,32,-8.48528,8.48528,0,0,0,0,0,0,0,0,0,0,0, 0,0,0,0,0,15,0,0,0,0
7880,5,89,-44.2,84,32,-8.78428,9.03307,0,0,0,0,0,0,0,0,0,0,0, 0,0,0,0,0,15,0,0,0,0
7880,6,138,-56.5,60,32,-7.50497,4.96743,0,0,0,0,0,0,0,0,0,0,0, 0,0,0,0,0,15,0,0,0,0
7920,0,244,-56.5,64,32,-8.0053,5.2986,0,0,0,0,0,0,0,0,0,0,0, 0,0,0,0,0,0,0,0,0,0
7920,1,288,-56.5,68,32,-8.50564,5.62976,0,0,0,0,0,0,0,0,0,0,0, 0,0,0,0,0,0,0,0,0,0
7920,2,46,68.6,8,33,1.11727,0.437852,0,0,0,0,0,0,0,0,0,0,0, 0,0,0,0,0,0,0,0,0,0
7920,3,242,-54.4,72,32,-8.78149,6.28693,0,0,0,0,0,0,0,0,0,0,0, 0,0,0,0,0,0,0,0,0,0
7920,4,158,-51.6,76,32,-8.93411,7.08108,0,0,0,0,0,0,0,0,0,0,0, 0,0,0,0,0,0,0,0,0,0
7920,5,110,-46.7,80,32,-8.73327,8.22982,0,0,0,0,0,0,0,0,0,0,0, 0,0,0,0,0,0,0,0,0,0
7920,6,82,-46.7,84,32,-9.16994,8.64131,0,0,0,0,0,0,0,0,0,0,0, 0,0,0,0,0,0,0,0,0,0
7920,7,137,-55.4,60,32,-7.40823,5.11059,0,0,0,0,0,0,0,0,0,0,0, 0,0,0,0,0,0,0,0,0,0
7960,0,244,-56.5,64,32,-8.0053,5.2986,0,0,0,0,0,0,0,0,0,0,0, 0,0,0,0,0,1,0,0,0,0
7960,1,289,-55.4,68,32,-8.39599,5.79201,0,0,0,0,0,0,0,0,0,0,0, 0,0,0,0,0,1,0,0,0,0
7960,2,240,-55.4,72,32,-8.88987,6.13271,0,0,0,0,0,0,0,0,0,0,0, 0,0,0,0,0,1,0,0,0,0
7960,3,153,-51.6,76,32,-8.93411,7.08108,0,0,0,0,0,0,0,0,0,0,0, 0,0,0,0,0,1,0,0,0,0
7960,4,106,-45.9,80,32,-8.61752,8.35095,0,0,0,0,0,0,0,0,0,0,0, 0,0,0,0,0,1,0,0,0,0
7960,5,136,-58.4,60,32,-7.66554,4.71587,0,0,0,0,0,0,0,0,0,0,0, 0,0,0,0,0,1,0,0,0,0
8000,0,243,-57.4,64,32,-8.08754,5.1722,0,0,0,0,0,0,0,0,0,0,0, 0,0,0,0,0,2,0,0,0,0
8000,1,290,-56.5,68,32,-8.50564,5.62976,0,0,0,0,0,0,0,0,0,0,0, 0,0,0,0,0,2,0,0,0,0
8000,2,41,72.4,8,33,1.14383,0.362844,0,0,0,0,0,0,0,0,0,0,0, 0,0,0,0,0,2,0,0,0,0
8000,3,242,-55.4,72,32,-8.88987,6.13271,0,0,0,0,0,0,0,0,0,0,0, 0,0,0,0,0,2,0,0,0,0
8000,4,159,-51.6,76,32,-8.93411,7.08108,0,0,0,0,0,0,0,0,0,0,0, 0,0,0,0,0,2,0,0,0,0
8000,5,111,-46.7,80,32,-8.73327,8.22982,0,0,0,0,0,0,0,0,0,0,0, 0,0,0,0,0,2,0,0,0,0
8000,6,81,-49.8,84,32,-9.62383,8.13277,0,0,0,0,0,0,0,0,0,0,0, 0,0,0,0,0,2,0,0,0,0
8000,7,137,-56.5,60,32,-7.50497,4.96743,0,0,0,0,0,0,0,0,0,0,0, 0,0,0,0,0,2,0,0,0,0
8040,0,245,-55.4,64,32,-7.90211,5.4513,0,0,0,0,0,0,0,0,0,0,0, 0,0,0,0,0,3,0,0,0,0
8040,1,291,-55.4,68,32,-8.39599,5.79201,0,0,0,0,0,0,0,0,0,0,0, 0,0,0,0,0,3,0,0,0,0
8040,2,242,-54.4,72,32,-8.78149,6.28693,0,0,0,0,0,0,0,0,0,0,0, 0,0,0,0,0,3,0,0,0,0
8040,3,158,-49.8,76,32,-8.70727,7.35822,0,0,0,0,0,0,0,0,0,0,0, 0,0,0,0,0,3,0,0,0,0
8040,4,111,-46.7,80,32,-8.73327,8.22982,0,0,0,0,0,0,0,0,0,0,0, 0,0,0,0,0,3,0,0,0,0
8040,5,82,-51.6,84,32,-9.87454,7.82646,0,0,0,0,0,0,0,0,0,0,0, 0,0,0,0,0,3,0,0,0,0
8040,6,140,-57.4,60,32,-7.58207,4.84894,0,0,0,0,0,0,0,0,0,0,0, 0,0,0,0,0,3,0,0,0,0
8080,0,245,-56.5,64,32,-8.0053,5.2986,0,0,0,0,0,0,0,0,0,0,0, 0,0,0,0,0,4,0,0,0,0
8080,1,290,-55.4,68,32,-8.39599,5.79201,0,0,0,0,0,0,0,0,0,0,0, 0,0,0,0,0,4,0,0,0,0
8080,2,243,-55.4,72,32,-8.88987,6.13271,0,0,0,0,0,0,0,0,0,0,0, 0,0,0,0,0,4,0,0,0,0
8080,3,159,-51.6,76,32,-8.93411,7.08108,0,0,0,0,0,0,0,0,0,0,0, 0,0,0,0,0,4,0,0,0,0
8080,4,110,-46.7,80,32,-8.73327,8.22982,0,0,0,0,0,0,0,0,0,0,0, 0,0,0,0,0,4,0,0,0,0
8080,5,137,-56.5,60,32,-7.50497,4.96743,0,0,0,0,0,0,0,0,0,0,0, 0,0,0,0,0,4,0,0,0,0
8120,0,243,-57.4,64,32,-8.08754,5.1722,0,0,0,0,0,0,0,0,0,0,0, 0,0,0,0,0,5,0,0,0,0
8120,1,288,-56.5,68,32,-8.50564,5.62976,0,0,0,0,0,0,0,0,0,0,0, 0,0,0,0,0,5,0,0,0,0
8120,2,240,-56.5,72,32,-9.00597,5.96092,0,0,0,0,0,0,0,0,0,0,0, 0,0,0,0,0,5,0,0,0,0
8120,3,154,-53.4,76,32,-9.15212,6.79696,0,0,0,0,0,0,0,0,0,0,0, 0,0,0,0,0,5,0,0,0,0
8120,4,104,-46.7,80,32,-8.73327,8.22982,0,0,0,0,0,0,0,0,0,0,0, 0,0,0,0,0,5,0,0,0,0
8120,5,137,-57.4,60,32,-7.58207,4.84894,0,0,0,0,0,0,0,0,0,0,0, 0,0,0,0,0,5,0,0,0,0
8160,0,246,-56.5,64,32,-8.0053,5.2986,0,0,0,0,0,0,0,0,0,0,0, 0,0,0,0,0,6,0,0,0,0
8160,1,291,-56.5,68,32,-8.50564,5.62976,0,0,0,0,0,0,0,0,0,0,0, 0,0,0,0,0,6,0,0,0,0
8160,2,41,72.4,8,33,1.14383,0.362844,0,0,0,0,0,0,0,0,0,0,0, 0,0,0,0,0,6,0,0,0,0
8160,3,245,-55.4,72,32,-8.88987,6.13271,0,0,0,0,0,0,0,0,0,0,0, 0,0,0,0,0,6,0,0,0,0
8160,4,160,-53.4,76,32,-9.15212,6.79696,0,0,0,0,0,0,0,0,0,0,0, 0,0,0,0,0,6,0,0,0,0
8160,5,107,-49.8,80,32,-9.16555,7.74549,0,0,0,0,0,0,0,0,0,0,0, 0,0,0,0,0,6,0,0,0,0
8160,6,137,-57.4,60,32,-7.58207,4.84894,0,0,0,0,0,0,0,0,0,0,0, 0,0,0,0,0,6,0,0,0,0
8200,0,244,-56.5,64,32,-8.0053,5.2986,0,0,0,0,0,0,0,0,0,0,0, 0,0,0,0,0,7,0,0,0,0
8200,1,289,-56.5,68,32,-8.50564,5.62976,0,0,0,0,0,0,0,0,0,0,0, 0,0,0,0,0,7,0,0,0,0
8200,2,243,-56.5,72,32,-9.00597,5.96092,0,0,0,0,0,0,0,0,0,0,0, 0,0,0,0,0,7,0,0,0,0
8200,3,157,-54.4,76,32,-9.26935,6.6362,0,0,0,0,0,0,0,0,0,0,0, 0,0,0,0,0,7,0,0,0,0
8200,4,108,-51.6,80,32,-9.40432,7.45377,0,0,0,0,0,0,0,0,0,0,0, 0,0,0,0,0,7,0,0,0,0
8200,5,136,-56.5,60,32,-7.50497,4.96743,0,0,0,0,0,0,0,0,0,0,0, 0,0,0,0,0,7,0,0,0,0
8240,0,244,-56.5,64,32,-8.0053,5.2986,0,0,0,0,0,0,0,0,0,0,0, 0,0,0,0,0,8,0,0,0,0
8240,1,288,-56.5,68,32,-8.50564,5.62976,0,0,0,0,0,0,0,0,0,0,0, 0,0,0,0,0,8,0,0,0,0
8240,2,241,-55.4,72,32,-8.88987,6.13271,0,0,0,0,0,0,0,0,0,0,0, 0,0,0,0,0,8,0,0,0,0
8240,3,157,-51.6,76,32,-8.93411,7.08108,0,0,0,0,0,0,0,0,0,0,0, 0,0,0,0,0,8,0,0,0,0
8240,4,109,-46.7,80,32,-8.73327,8.22982,0,0,0,0,0,0,0,0,0,0,0, 0,0,0,0,0,8,0,0,0,0
8240,5,81,-48,84,32,-9.36363,8.43105,0,0,0,0,0,0,0,0,0,0,0, 0,0,0,0,0,8,0,0,0,0
8240,6,135,-56.5,60,32,-7.50497,4.96743,0,0,0,0,0,0,0,0,0,0,0, 0,0,0,0,0,8,0,0,0,0
8280,0,244,-56.5,64,32,-8.0053,5.2986,0,1334,0,0,0,0,0,0,0,0,0, 0,0,0,0,0,9,0,0,0,0
8280,1,289,-56.5,68,32,-8.50564,5.62976,0,1334,0,0,0,0,0,0,0,0,0, 0,0,0,0,0,9,0,0,0,0
8280,2,240,-56.5,72,32,-9.00597,5.96092,0,1334,0,0,0,0,0,0,0,0,0, 0,0,0,0,0,9,0,0,0,0
8280,3,153,-53.4,76,32,-9.15212,6.79696,0,1334,0,0,0,0,0,0,0,0,0, 0,0,0,0,0,9,0,0,0,0
8280,4,104,-45,80,32,-8.48528,8.48528,0,1334,0,0,0,0,0,0,0,0,0, 0,0,0,0,0,9,0,0,0,0
8280,5,136,-56.5,60,32,-7.50497,4.96743,0,1334,0,0,0,0,0,0,0,0,0, 0,0,0,0,0,9,0,0,0,0
8320,0,243,-56.5,64,32,-8.0053,5.2986,0,0,0,0,0,0,0,0,0,0,0, 0,0,0,0,0,10,0,0,0,0
8320,1,289,-56.5,68,32,-8.50564,5.62976,0,0,0,0,0,0,0,0,0,0,0, 0,0,0,0,0,10,0,0,0,0
8320,2,49,72.4,8,33,1.14383,0.362844,0,0,0,0,0,0,0,0,0,0,0, 0,0,0,0,0,10,0,0,0,0
8320,3,241,-55.4,72,32,-8.88987,6.13271,0,0,0,0,0,0,0,0,0,0,0, 0,0,0,0,0,10,0,0,0,0
8320,4,158,-51.6,76,32,-8.93411,7.08108,0,0,0,0,0,0,0,0,0,0,0, 0,0,0,0,0,10,0,0,0,0
8320,5,109,-46.7,80,32,-8.73327,8.22982,0,0,0,0,0,0,0,0,0,0,0, 0,0,0,0,0,10,0,0,0,0
8320,6,87,-48,84,32,-9.36363,8.43105,0,0,0,0,0,0,0,0,0,0,0, 0,0,0,0,0,10,0,0,0,0
8320,7,138,-55.4,60,32,-7.40823,5.11059,0,0,0,0,0,0,0,0,0,0,0, 0,0,0,0,0,10,0,0,0,0
8360,0,246,-55.4,64,32,-7.90211,5.4513,0,7936,0,0,0,0,0,0,0,0,0, 0,0,0,0,0,11,0,0,0,0
8360,1,290,-55.4,68,32,-8.39599,5.79201,0,7936,0,0,0,0,0,0,0,0,0, 0,0,0,0,0,11,0,0,0,0
8360,2,243,-55.4,72,32,-8.88987,6.13271,0,7936,0,0,0,0,0,0,0,0,0, 0,0,0,0,0,11,0,0,0,0
8360,3,159,-51.6,76,32,-8.93411,7.08108,0,7936,0,0,0,0,0,0,0,0,0, 0,0,0,0,0,11,0,0,0,0
8360,4,112,-46.7,80,32,-8.73327,8.22982,0,7936,0,0,0,0,0,0,0,0,0, 0,0,0,0,0,11,0,0,0,0
8360,5,88,-45.9,84,32,-9.04839,8.7685,0,7936,0,0,0,0,0,0,0,0,0, 0,0,0,0,0,11,0,0,0,0
8360,6,137,-56.5,60,32,-7.50497,4.96743,0,7936,0,0,0,0,0,0,0,0,0, 0,0,0,0,0,11,0,0,0,0
8400,0,244,-56.5,64,32,-8.0053,5.2986,0,1140,0,0,0,0,0,0,0,0,0, 0,0,0,0,0,12,0,0,0,0
8400,1,289,-56.5,68,32,-8.50564,5.62976,0,1140,0,0,0,0,0,0,0,0,0, 0,0,0,0,0,12,0,0,0,0
8400,2,39,66.6,8,33,1.10131,0.476577,0,1140,0,0,0,0,0,0,0,0,0, 0,0,0,0,0,12,0,0,0,0
8400,3,242,-55.4,72,32,-8.88987,6.13271,0,1140,0,0,0,0,0,0,0,0,0, 0,0,0,0,0,12,0,0,0,0
8400,4,160,-51.6,76,32,-8.93411,7.08108,0,1140,0,0,0,0,0,0,0,0,0, 0,0,0,0,0,12,0,0,0,0
8400,5,113,-46.7,80,32,-8.73327,8.22982,0,1140,0,0,0,0,0,0,0,0,0, 0,0,0,0,0,12,0,0,0,0
8400,6,87,-48,84,32,-9.36363,8.43105,0,1140,0,0,0,0,0,0,0,0,0, 0,0,0,0,0,12,0,0,0,0
8400,7,137,-56.5,60,32,-7.50497,4.96743,0,1140,0,0,0,0,0,0,0,0,0, 0,0,0,0,0,12,0,0,0,0
8440,0,243,-55.4,64,32,-7.90211,5.4513,0,86,0,0,0,0,0,0,0,0,0, 0,0,0,0,0,13,0,0,0,0
8440,1,290,-55.4,68,32,-8.39599,5.79201,0,86,0,0,0,0,0,0,0,0,0, 0,0,0,0,0,13,0,0,0,0
8440,2,243,-54.4,72,32,-8.78149,6.28693,0,86,0,0,0,0,0,0,0,0,0, 0,0,0,0,0,13,0,0,0,0
8440,3,160,-49.8,76,32,-8.70727,7.35822,0,86,0,0,0,0,0,0,0,0,0, 0,0,0,0,0,13,0,0,0,0
8440,4,112,-48,80,32,-8.91774,8.02957,0,86,0,0,0,0,0,0,0,0,0, 0,0,0,0,0,13,0,0,0,0
8440,5,85,-49.8,84,32,-9.62383,8.13277,0,86,0,0,0,0,0,0,0,0,0, 0,0,0,0,0,13,0,0,0,0
8440,6,138,-55.4,60,32,-7.40823,5.11059,0,86,0,0,0,0,0,0,0,0,0, 0,0,0,0,0,13,0,0,0,0
8480,0,244,-56.5,64,32,-8.0053,5.2986,0,0,0,0,0,0,0,0,0,0,0, 0,0,0,0,0,14,0,0,0,0
8480,1,290,-56.5,68,32,-8.50564,5.62976,0,0,0,0,0,0,0,0,0,0,0, 0,0,0,0,0,14,0,0,0,0
8480,2,242,-55.4,72,32,-8.88987,6.13271,0,0,0,0,0,0,0,0,0,0,0, 0,0,0,0,0,14,0,0,0,0
8480,3,157,-53.4,76,32,-9.15212,6.79696,0,0,0,0,0,0,0,0,0,0,0, 0,0,0,0,0,14,0,0,0,0
8480,4,107,-49.8,80,32,-9.16555,7.74549,0,0,0,0,0,0,0,0,0,0,0, 0,0,0,0,0,14,0,0,0,0
8480,5,85,-53.4,84,32,-10.1155,7.51243,0,0,0,0,0,0,0,0,0,0,0, 0,0,0,0,0,14,0,0,0,0
8480,6,137,-56.5,60,32,-7.50497,4.96743,0,0,0,0,0,0,0,0,0,0,0, 0,0,0,0,0,14,0,0,0,0
8520,0,244,-56.5,64,32,-8.0053,5.2986,0,0,0,0,0,0,0,0,0,0,0, 0,0,0,0,0,15,0,0,0,0
8520,1,287,-56.5,68,32,-8.50564,5.62976,0,0,0,0,0,0,0,0,0,0,0, 0,0,0,0,0,15,0,0,0,0
8520,2,243,-55.4,72,32,-8.88987,6.13271,0,0,0,0,0,0,0,0,0,0,0, 0,0,0,0,0,15,0,0,0,0
8520,3,161,-51.6,76,32,-8.93411,7.08108,0,0,0,0,0,0,0,0,0,0,0, 0,0,0,0,0,15,0,0,0,0
8520,4,110,-49.8,80,32,-9.16555,7.74549,0,0,0,0,0,0,0,0,0,0,0, 0,0,0,0,0,15,0,0,0,0
8520,5,84,-56.5,84,32,-10.507,6.95441,0,0,0,0,0,0,0,0,0,0,0, 0,0,0,0,0,15,0,0,0,0
8520,6,138,-56.5,60,32,-7.50497,4.96743,0,0,0,0,0,0,0,0,0,0,0, 0,0,0,0,0,15,0,0,0,0
8560,0,245,-56.5,64,32,-8.0053,5.2986,0,0,0,0,0,0,0,0,0,0,0, 0,0,0,0,0,0,0,0,0,0
8560,1,292,-55.4,68,32,-8.39599,5.79201,0,0,0,0,0,0,0,0,0,0,0, 0,0,0,0,0,0,0,0,0,0
8560,2,245,-54.4,72,32,-8.78149,6.28693,0,0,0,0,0,0,0,0,0,0,0, 0,0,0,0,0,0,0,0,0,0
8560,3,159,-51.6,76,32,-8.93411,7.08108,0,0,0,0,0,0,0,0,0,0,0, 0,0,0,0,0,0,0,0,0,0
8560,4,107,-49.8,80,32,-9.16555,7.74549,0,0,0,0,0,0,0,0,0,0,0, 0,0,0,0,0,0,0,0,0,0
8560,5,138,-56.5,60,32,-7.50497,4.96743,0,0,0,0,0,0,0,0,0,0,0, 0,0,0,0,0,0,0,0,0,0
8600,0,245,-56.5,64,32,-8.0053,5.2986,0,0,0,0,0,0,0,0,0,0,0, 0,0,0,0,0,1,0,0,0,0
8600,1,290,-56.5,68,32,-8.50564,5.62976,0,0,0,0,0,0,0,0,0,0,0, 0,0,0,0,0,1,0,0,0,0
8600,2,47,65.6,8,33,1.09282,0.495725,0,0,0,0,0,0,0,0,0,0,0, 0,0,0,0,0,1,0,0,0,0
8600,3,242,-55.4,72,32,-8.88987,6.13271,0,0,0,0,0,0,0,0,0,0,0, 0,0,0,0,0,1,0,0,0,0
8600,4,152,-53.4,76,32,-9.15212,6.79696,0,0,0,0,0,0,0,0,0,0,0, 0,0,0,0,0,1,0,0,0,0
8600,5,101,-53.4,80,32,-9.63381,7.1547,0,0,0,0,0,0,0,0,0,0,0, 0,0,0,0,0,1,0,0,0,0
8600,6,138,-59.4,60,32,-7.74668,4.58137,0,0,0,0,0,0,0,0,0,0,0, 0,0,0,0,0,1,0,0,0,0
8640,0,241,-58.4,64,32,-8.17658,5.03026,0,0,0,0,0,0,0,0,0,0,0, 0,0,0,0,0,2,0,0,0,0
8640,1,288,-57.4,68,32,-8.59301,5.49546,0,0,0,0,0,0,0,0,0,0,0, 0,0,0,0,0,2,0,0,0,0
8640,2,239,-56.5,72,32,-9.00597,5.96092,0,0,0,0,0,0,0,0,0,0,0, 0,0,0,0,0,2,0,0,0,0
8640,3,154,-54.4,76,32,-9.26935,6.6362,0,0,0,0,0,0,0,0,0,0,0, 0,0,0,0,0,2,0,0,0,0
8640,4,103,-54.4,80,32,-9.75721,6.98548,0,0,0,0,0,0,0,0,0,0,0, 0,0,0,0,0,2,0,0,0,0
8640,5,137,-55.4,60,32,-7.40823,5.11059,0,0,0,0,0,0,0,0,0,0,0, 0,0,0,0,0,2,0,0,0,0
8680,0,244,-55.4,64,32,-7.90211,5.4513,0,0,0,0,0,0,0,0,0,0,0, 0,0,0,0,0,3,0,0,0,0
8680,1,290,-55.4,68,32,-8.39599,5.79201,0,0,0,0,0,0,0,0,0,0,0, 0,0,0,0,0,3,0,0,0,0
8680,2,245,-54.4,72,32,-8.78149,6.28693,0,0,0,0,0,0,0,0,0,0,0, 0,0,0,0,0,3,0,0,0,0
8680,3,157,-54.4,76,32,-9.26935,6.6362,0,0,0,0,0,0,0,0,0,0,0, 0,0,0,0,0,3,0,0,0,0
8680,4,105,-55.4,80,32,-9.87764,6.81413,0,0,0,0,0,0,0,0,0,0,0, 0,0,0,0,0,3,0,0,0,0
8680,5,140,-56.5,60,32,-7.50497,4.96743,0,0,0,0,0,0,0,0,0,0,0, 0,0,0,0,0,3,0,0,0,0
8720,0,245,-57.4,64,32,-8.08754,5.1722,0,0,0,0,0,0,0,0,0,0,0, 0,0,0,0,0,4,0,0,0,0
8720,1,289,-56.5,68,32,-8.50564,5.62976,0,0,0,0,0,0,0,0,0,0,0, 0,0,0,0,0,4,0,0,0,0
8720,2,240,-56.5,72,32,-9.00597,5.96092,0,0,0,0,0,0,0,0,0,0,0, 0,0,0,0,0,4,0,0,0,0
8720,3,152,-54.4,76,32,-9.26935,6.6362,0,0,0,0,0,0,0,0,0,0,0, 0,0,0,0,0,4,0,0,0,0
8720,4,100,-53.4,80,32,-9.63381,7.1547,0,0,0,0,0,0,0,0,0,0,0, 0,0,0,0,0,4,0,0,0,0
8720,5,138,-56.5,60,32,-7.50497,4.96743,0,0,0,0,0,0,0,0,0,0,0, 0,0,0,0,0,4,0,0,0,0
8760,0,241,-56.5,64,32,-8.0053,5.2986,0,0,0,0,0,0,0,0,0,0,0, 0,0,0,0,0,5,0,0,0,0
8760,1,288,-55.4,68,32,-8.39599,5.79201,0,0,0,0,0,0,0,0,0,0,0, 0,0,0,0,0,5,0,0,0,0
8760,2,243,-54.4,72,32,-8.78149,6.28693,0,0,0,0,0,0,0,0,0,0,0, 0,0,0,0,0,5,0,0,0,0
8760,3,158,-51.6,76,32,-8.93411,7.08108,0,0,0,0,0,0,0,0,0,0,0, 0,0,0,0,0,5,0,0,0,0
8760,4,106,-51.6,80,32,-9.40432,7.45377,0,0,0,0,0,0,0,0,0,0,0, 0,0,0,0,0,5,0,0,0,0
8760,5,136,-55.4,60,32,-7.40823,5.11059,0,0,0,0,0,0,0,0,0,0,0, 0,0,0,0,0,5,0,0,0,0
8800,0,245,-56.5,64,32,-8.0053,5.2986,0,0,0,0,0,0,0,0,0,0,0, 0,0,0,0,0,6,0,0,0,0
8800,1,290,-56.5,68,32,-8.50564,5.62976,0,0,0,0,0,0,0,0,0,0,0, 0,0,0,0,0,6,0,0,0,0
8800,2,42,75.1,8,33,1.15965,0.308559,0,0,0,0,0,0,0,0,0,0,0, 0,0,0,0,0,6,0,0,0,0
8800,3,242,-55.4,72,32,-8.88987,6.13271,0,0,0,0,0,0,0,0,0,0,0, 0,0,0,0,0,6,0,0,0,0
8800,4,157,-53.4,76,32,-9.15212,6.79696,0,0,0,0,0,0,0,0,0,0,0, 0,0,0,0,0,6,0,0,0,0
8800,5,108,-51.6,80,32,-9.40432,7.45377,0,0,0,0,0,0,0,0,0,0,0, 0,0,0,0,0,6,0,0,0,0
8800,6,138,-55.4,60,32,-7.40823,5.11059,0,0,0,0,0,0,0,0,0,0,0, 0,0,0,0,0,6,0,0,0,0
8840,0,246,-55.4,64,32,-7.90211,5.4513,0,0,0,0,0,0,0,0,0,0,0, 0,0,0,0,0,7,0,0,0,0
8840,1,291,-55.4,68,32,-8.39599,5.79201,0,0,0,0,0,0,0,0,0,0,0, 0,0,0,0,0,7,0,0,0,0
8840,2,243,-54.4,72,32,-8.78149,6.28693,0,0,0,0,0,0,0,0,0,0,0, 0,0,0,0,0,7,0,0,0,0
8840,3,160,-51.6,76,32,-8.93411,7.08108,0,0,0,0,0,0,0,0,0,0,0, 0,0,0,0,0,7,0,0,0,0
8840,4,111,-51.6,80,32,-9.40432,7.45377,0,0,0,0,0,0,0,0,0,0,0, 0,0,0,0,0,7,0,0,0,0
8840,5,139,-55.4,60,32,-7.40823,5.11059,0,0,0,0,0,0,0,0,0,0,0, 0,0,0,0,0,7,0,0,0,0
8880,0,247,-55.4,64,32,-7.90211,5.4513,0,0,0,0,0,0,0,0,0,0,0, 0,0,0,0,0,8,0,0,0,0
8880,1,291,-55.4,68,32,-8.39599,5.79201,0,0,0,0,0,0,0,0,0,0,0, 0,0,0,0,0,8,0,0,0,0
8880,2,45,66.6,8,33,1.10131,0.476577,0,0,0,0,0,0,0,0,0,0,0, 0,0,0,0,0,8,0,0,0,0
8880,3,244,-54.4,72,32,-8.78149,6.28693,0,0,0,0,0,0,0,0,0,0,0, 0,0,0,0,0,8,0,0,0,0
8880,4,161,-51.6,76,32,-8.93411,7.08108,0,0,0,0,0,0,0,0,0,0,0, 0,0,0,0,0,8,0,0,0,0
8880,5,108,-54.4,80,32,-9.75721,6.98548,0,0,0,0,0,0,0,0,0,0,0, 0,0,0,0,0,8,0,0,0,0
8880,6,141,-55.4,60,32,-7.40823,5.11059,0,0,0,0,0,0,0,0,0,0,0, 0,0,0,0,0,8,0,0,0,0
8920,0,247,-56.5,64,32,-8.0053,5.2986,0,1334,0,0,0,0,0,0,0,0,0, 0,0,0,0,0,9,0,0,0,0
8920,1,292,-56.5,68,32,-8.50564,5.62976,0,1334,0,0,0,0,0,0,0,0,0, 0,0,0,0,0,9,0,0,0,0
8920,2,244,-55.4,72,32,-8.88987,6.13271,0,1334,0,0,0,0,0,0,0,0,0, 0,0,0,0,0,9,0,0,0,0
8920,3,155,-54.4,76,32,-9.26935,6.6362,0,1334,0,0,0,0,0,0,0,0,0, 0,0,0,0,0,9,0,0,0,0
8920,4,103,-53.4,80,32,-9.63381,7.1547,0,1334,0,0,0,0,0,0,0,0,0, 0,0,0,0,0,9,0,0,0,0
8920,5,140,-56.5,60,32,-7.50497,4.96743,0,1334,0,0,0,0,0,0,0,0,0, 0,0,0,0,0,9,0,0,0,0
8960,0,246,-56.5,64,32,-8.0053,5.2986,0,0,0,0,0,0,0,0,0,0,0, 0,0,0,0,0,10,0,0,0,0
8960,1,290,-55.4,68,32,-8.39599,5.79201,0,0,0,0,0,0,0,0,0,0,0, 0,0,0,0,0,10,0,0,0,0
8960,2,244,-55.4,72,32,-8.88987,6.13271,0,0,0,0,0,0,0,0,0,0,0, 0,0,0,0,0,10,0,0,0,0
8960,3,161,-53.4,76,32,-9.15212,6.79696,0,0,0,0,0,0,0,0,0,0,0, 0,0,0,0,0,10,0,0,0,0
8960,4,110,-51.6,80,32,-9.40432,7.45377,0,0,0,0,0,0,0,0,0,0,0, 0,0,0,0,0,10,0,0,0,0
8960,5,139,-57.4,60,32,-7.58207,4.84894,0,0,0,0,0,0,0,0,0,0,0, 0,0,0,0,0,10,0,0,0,0
9000,0,245,-58.4,64,32,-8.17658,5.03026,0,7936,0,0,0,0,0,0,0,0,0, 0,0,0,0,0,11,0,0,0,0
9000,1,289,-57.4,68,32,-8.59301,5.49546,0,7936,0,0,0,0,0,0,0,0,0, 0,0,0,0,0,11,0,0,0,0
9000,2,241,-55.4,72,32,-8.88987,6.13271,0,7936,0,0,0,0,0,0,0,0,0, 0,0,0,0,0,11,0,0,0,0
9000,3,154,-51.6,76,32,-8.93411,7.08108,0,7936,0,0,0,0,0,0,0,0,0, 0,0,0,0,0,11,0,0,0,0
9000,4,106,-46.7,80,32,-8.73327,8.22982,0,7936,0,0,0,0,0,0,0,0,0, 0,0,0,0,0,11,0,0,0,0
9000,5,140,-56.5,60,32,-7.50497,4.96743,0,7936,0,0,0,0,0,0,0,0,0, 0,0,0,0,0,11,0,0,0,0
9040,0,246,-56.5,64,32,-8.0053,5.2986,0,1140,0,0,0,0,0,0,0,0,0, 0,0,0,0,0,12,0,0,0,0
9040,1,292,-55.4,68,32,-8.39599,5.79201,0,1140,0,0,0,0,0,0,0,0,0, 0,0,0,0,0,12,0,0,0,0
9040,2,246,-54.4,72,32,-8.78149,6.28693,0,1140,0,0,0,0,0,0,0,0,0, 0,0,0,0,0,12,0,0,0,0
9040,3,159,-49.8,76,32,-8.70727,7.35822,0,1140,0,0,0,0,0,0,0,0,0, 0,0,0,0,0,12,0,0,0,0
9040,4,108,-48,80,32,-8.91774,8.02957,0,1140,0,0,0,0,0,0,0,0,0, 0,0,0,0,0,12,0,0,0,0
9040,5,81,-51.6,84,32,-9.87454,7.82646,0,1140,0,0,0,0,0,0,0,0,0, 0,0,0,0,0,12,0,0,0,0
9040,6,9,-75,440,11.25,-63.7511,17.0821,0,1140,0,0,0,0,0,0,0,0,0, 0,0,0,0,0,12,0,0,0,0
9040,7,140,-55.4,60,32,-7.40823,5.11059,0,1140,0,0,0,0,0,0,0,0,0, 0,0,0,0,0,12,0,0,0,0
9080,0,247,-56.5,64,32,-8.0053,5.2986,0,86,0,0,0,0,0,0,0,0,0, 0,0,0,0,0,13,0,0,0,0
9080,1,292,-55.4,68,32,-8.39599,5.79201,0,86,0,0,0,0,0,0,0,0,0, 0,0,0,0,0,13,0,0,0,0
9080,2,243,-54.4,72,32,-8.78149,6.28693,0,86,0,0,0,0,0,0,0,0,0, 0,0,0,0,0,13,0,0,0,0
9080,3,158,-51.6,76,32,-8.93411,7.08108,0,86,0,0,0,0,0,0,0,0,0, 0,0,0,0,0,13,0,0,0,0
9080,4,107,-48,80,32,-8.91774,8.02957,0,86,0,0,0,0,0,0,0,0,0, 0,0,0,0,0,13,0,0,0,0
9080,5,139,-55.4,60,32,-7.40823,5.11059,0,86,0,0,0,0,0,0,0,0,0, 0,0,0,0,0,13,0,0,0,0
9120,0,248,-55.4,64,32,-7.90211,5.4513,0,0,0,0,0,0,0,0,0,0,0, 0,0,0,0,0,14,0,0,0,0
9120,1,293,-55.4,68,32,-8.39599,5.79201,0,0,0,0,0,0,0,0,0,0,0, 0,0,0,0,0,14,0,0,0,0
9120,2,243,-54.4,72,32,-8.78149,6.28693,0,0,0,0,0,0,0,0,0,0,0, 0,0,0,0,0,14,0,0,0,0
9120,3,159,-51.6,76,32,-8.93411,7.08108,0,0,0,0,0,0,0,0,0,0,0, 0,0,0,0,0,14,0,0,0,0
9120,4,104,-49.8,80,32,-9.16555,7.74549,0,0,0,0,0,0,0,0,0,0,0, 0,0,0,0,0,14,0,0,0,0
9120,5,142,-56.5,60,32,-7.50497,4.96743,0,0,0,0,0,0,0,0,0,0,0, 0,0,0,0,0,14,0,0,0,0
9160,0,248,-57.4,64,32,-8.08754,5.1722,0,0,0,0,0,0,0,0,0,0,0, 0,0,0,0,0,15,0,0,0,0
9160,1,291,-56.5,68,32,-8.50564,5.62976,0,0,0,0,0,0,0,0,0,0,0, 0,0,0,0,0,15,0,0,0,0
9160,2,13,-18.9,452,42.75,-21.9616,64.1446,0,0,0,0,0,0,0,0,0,0,0, 0,0,0,0,0,15,0,0,0,0
9160,3,240,-55.4,72,32,-8.88987,6.13271,0,0,0,0,0,0,0,0,0,0,0, 0,0,0,0,0,15,0,0,0,0
9160,4,32,8.3,104,32.25,2.25196,15.4366,0,0,0,0,0,0,0,0,0,0,0, 0,0,0,0,0,15,0,0,0,0
9160,5,152,-53.4,76,32,-9.15212,6.79696,0,0,0,0,0,0,0,0,0,0,0, 0,0,0,0,0,15,0,0,0,0
9160,6,101,-51.6,80,32,-9.40432,7.45377,0,0,0,0,0,0,0,0,0,0,0, 0,0,0,0,0,15,0,0,0,0
9160,7,143,-56.5,60,32,-7.50497,4.96743,0,0,0,0,0,0,0,0,0,0,0, 0,0,0,0,0,15,0,0,0,0
9200,0,248,-56.5,64,32,-8.0053,5.2986,0,0,0,0,0,0,0,0,0,0,0, 0,0,0,0,0,0,0,0,0,0
9200,1,291,-55.4,68,32,-8.39599,5.79201,0,0,0,0,0,0,0,0,0,0,0, 0,0,0,0,0,0,0,0,0,0
9200,2,244,-55.4,72,32,-8.88987,6.13271,0,0,0,0,0,0,0,0,0,0,0, 0,0,0,0,0,0,0,0,0,0
9200,3,158,-53.4,76,32,-9.15212,6.79696,0,0,0,0,0,0,0,0,0,0,0, 0,0,0,0,0,0,0,0,0,0
9200,4,104,-54.4,80,32,-9.75721,6.98548,0,0,0,0,0,0,0,0,0,0,0, 0,0,0,0,0,0,0,0,0,0
9200,5,140,-57.4,60,32,-7.58207,4.84894,0,0,0,0,0,0,0,0,0,0,0, 0,0,0,0,0,0,0,0,0,0
9240,0,245,-56.5,64,32,-8.0053,5.2986,0,0,0,0,0,0,0,0,0,0,0, 0,0,0,0,0,1,0,0,0,0
9240,1,290,-55.4,68,32,-8.39599,5.79201,0,0,0,0,0,0,0,0,0,0,0, 0,0,0,0,0,1,0,0,0,0
9240,2,41,75.1,8,33,1.15965,0.308559,0,0,0,0,0,0,0,0,0,0,0, 0,0,0,0,0,1,0,0,0,0
9240,3,241,-55.4,72,32,-8.88987,6.13271,0,0,0,0,0,0,0,0,0,0,0, 0,0,0,0,0,1,0,0,0,0
9240,4,155,-54.4,76,32,-9.26935,6.6362,0,0,0,0,0,0,0,0,0,0,0, 0,0,0,0,0,1,0,0,0,0
9240,5,102,-55.4,80,32,-9.87764,6.81413,0,0,0,0,0,0,0,0,0,0,0, 0,0,0,0,0,1,0,0,0,0
9240,6,137,-58.4,60,32,-7.66554,4.71587,0,0,0,0,0,0,0,0,0,0,0, 0,0,0,0,0,1,0,0,0,0
9280,0,243,-58.4,64,32,-8.17658,5.03026,0,0,0,0,0,0,0,0,0,0,0, 0,0,0,0,0,2,0,0,0,0
9280,1,289,-57.4,68,32,-8.59301,5.49546,0,0,0,0,0,0,0,0,0,0,0, 0,0,0,0,0,2,0,0,0,0
9280,2,38,72.4,8,33,1.14383,0.362844,0,0,0,0,0,0,0,0,0,0,0, 0,0,0,0,0,2,0,0,0,0
9280,3,241,-56.5,72,32,-9.00597,5.96092,0,0,0,0,0,0,0,0,0,0,0, 0,0,0,0,0,2,0,0,0,0
9280,4,152,-56.5,76,32,-9.5063,6.29208,0,0,0,0,0,0,0,0,0,0,0, 0,0,0,0,0,2,0,0,0,0
9280,5,96,-57.4,80,32,-10.1094,6.46525,0,0,0,0,0,0,0,0,0,0,0, 0,0,0,0,0,2,0,0,0,0
9280,6,137,-59.4,60,32,-7.74668,4.58137,0,0,0,0,0,0,0,0,0,0,0, 0,0,0,0,0,2,0,0,0,0
9320,0,242,-58.4,64,32,-8.17658,5.03026,0,0,0,0,0,0,0,0,0,0,0, 0,0,0,0,0,3,0,0,0,0
9320,1,287,-57.4,68,32,-8.59301,5.49546,0,0,0,0,0,0,0,0,0,0,0, 0,0,0,0,0,3,0,0,0,0
9320,2,241,-56.5,72,32,-9.00597,5.96092,0,0,0,0,0,0,0,0,0,0,0, 0,0,0,0,0,3,0,0,0,0
9320,3,154,-55.4,76,32,-9.38375,6.47342,0,0,0,0,0,0,0,0,0,0,0, 0,0,0,0,0,3,0,0,0,0
9320,4,102,-55.4,80,32,-9.87764,6.81413,0,0,0,0,0,0,0,0,0,0,0, 0,0,0,0,0,3,0,0,0,0
9320,5,137,-58.4,60,32,-7.66554,4.71587,0,0,0,0,0,0,0,0,0,0,0, 0,0,0,0,0,3,0,0,0,0
9360,0,243,-57.4,64,32,-8.08754,5.1722,0,0,0,0,0,0,0,0,0,0,0, 0,0,0,0,0,4,0,0,0,0
9360,1,289,-56.5,68,32,-8.50564,5.62976,0,0,0,0,0,0,0,0,0,0,0, 0,0,0,0,0,4,0,0,0,0
9360,2,242,-55.4,72,32,-8.88987,6.13271,0,0,0,0,0,0,0,0,0,0,0, 0,0,0,0,0,4,0,0,0,0
9360,3,156,-54.4,76,32,-9.26935,6.6362,0,0,0,0,0,0,0,0,0,0,0, 0,0,0,0,0,4,0,0,0,0
9360,4,100,-54.4,80,32,-9.75721,6.98548,0,0,0,0,0,0,0,0,0,0,0, 0,0,0,0,0,4,0,0,0,0
9360,5,137,-56.5,60,32,-7.50497,4.96743,0,0,0,0,0,0,0,0,0,0,0, 0,0,0,0,0,4,0,0,0,0
9400,0,245,-56.5,64,32,-8.0053,5.2986,0,0,0,0,0,0,0,0,0,0,0, 0,0,0,0,0,5,0,0,0,0
9400,1,288,-55.4,68,32,-8.39599,5.79201,0,0,0,0,0,0,0,0,0,0,0, 0,0,0,0,0,5,0,0,0,0
9400,2,242,-55.4,72,32,-8.88987,6.13271,0,0,0,0,0,0,0,0,0,0,0, 0,0,0,0,0,5,0,0,0,0
9400,3,157,-53.4,76,32,-9.15212,6.79696,0,0,0,0,0,0,0,0,0,0,0, 0,0,0,0,0,5,0,0,0,0
9400,4,101,-53.4,80,32,-9.63381,7.1547,0,0,0,0,0,0,0,0,0,0,0, 0,0,0,0,0,5,0,0,0,0
9400,5,141,-56.5,60,32,-7.50497,4.96743,0,0,0,0,0,0,0,0,0,0,0, 0,0,0,0,0,5,0,0,0,0
9440,0,248,-55.4,64,32,-7.90211,5.4513,0,0,0,0,0,0,0,0,0,0,0, 0,0,0,0,0,6,0,0,0,0
9440,1,293,-54.4,68,32,-8.29363,5.93765,0,0,0,0,0,0,0,0,0,0,0, 0,0,0,0,0,6,0,0,0,0
9440,2,42,71.1,8,33,1.1353,0.388701,0,0,0,0,0,0,0,0,0,0,0, 0,0,0,0,0,6,0,0,0,0
9440,3,245,-54.4,72,32,-8.78149,6.28693,0,0,0,0,0,0,0,0,0,0,0, 0,0,0,0,0,6,0,0,0,0
9440,4,155,-51.6,76,32,-8.93411,7.08108,0,0,0,0,0,0,0,0,0,0,0, 0,0,0,0,0,6,0,0,0,0
9440,5,102,-53.4,80,32,-9.63381,7.1547,0,0,0,0,0,0,0,0,0,0,0, 0,0,0,0,0,6,0,0,0,0
9440,6,139,-57.4,60,32,-7.58207,4.84894,0,0,0,0,0,0,0,0,0,0,0, 0,0,0,0,0,6,0,0,0,0
9480,0,245,-57.4,64,32,-8.08754,5.1722,0,0,0,0,0,0,0,0,0,0,0, 0,0,0,0,0,7,0,0,0,0
9480,1,290,-56.5,68,32,-8.50564,5.62976,0,0,0,0,0,0,0,0,0,0,0, 0,0,0,0,0,7,0,0,0,0
9480,2,244,-55.4,72,32,-8.88987,6.13271,0,0,0,0,0,0,0,0,0,0,0, 0,0,0,0,0,7,0,0,0,0
9480,3,155,-51.6,76,32,-8.93411,7.08108,0,0,0,0,0,0,0,0,0,0,0, 0,0,0,0,0,7,0,0,0,0
9480,4,102,-48,80,32,-8.91774,8.02957,0,0,0,0,0,0,0,0,0,0,0, 0,0,0,0,0,7,0,0,0,0
9480,5,140,-56.5,60,32,-7.50497,4.96743,0,0,0,0,0,0,0,0,0,0,0, 0,0,0,0,0,7,0,0,0,0
9520,0,247,-56.5,64,32,-8.0053,5.2986,0,0,0,0,0,0,0,0,0,0,0, 0,0,0,0,0,8,0,0,0,0
9520,1,290,-56.5,68,32,-8.50564,5.62976,0,0,0,0,0,0,0,0,0,0,0, 0,0,0,0,0,8,0,0,0,0
9520,2,240,-55.4,72,32,-8.88987,6.13271,0,0,0,0,0,0,0,0,0,0,0, 0,0,0,0,0,8,0,0,0,0
9520,3,152,-53.4,76,32,-9.15212,6.79696,0,0,0,0,0,0,0,0,0,0,0, 0,0,0,0,0,8,0,0,0,0
9520,4,101,-48,80,32,-8.91774,8.02957,0,0,0,0,0,0,0,0,0,0,0, 0,0,0,0,0,8,0,0,0,0
9520,5,140,-56.5,60,32,-7.50497,4.96743,0,0,0,0,0,0,0,0,0,0,0, 0,0,0,0,0,8,0,0,0,0
9560,0,250,-55.4,64,32,-7.90211,5.4513,0,1334,0,0,0,0,0,0,0,0,0, 0,0,0,0,0,9,0,0,0,0
9560,1,293,-55.4,68,32,-8.39599,5.79201,0,1334,0,0,0,0,0,0,0,0,0, 0,0,0,0,0,9,0,0,0,0
9560,2,243,-54.4,72,32,-8.78149,6.28693,0,1334,0,0,0,0,0,0,0,0,0, 0,0,0,0,0,9,0,0,0,0
9560,3,157,-51.6,76,32,-8.93411,7.08108,0,1334,0,0,0,0,0,0,0,0,0, 0,0,0,0,0,9,0,0,0,0
9560,4,105,-51.6,80,32,-9.40432,7.45377,0,1334,0,0,0,0,0,0,0,0,0, 0,0,0,0,0,9,0,0,0,0
9560,5,82,-57.4,84,32,-10.6149,6.78851,0,1334,0,0,0,0,0,0,0,0,0, 0,0,0,0,0,9,0,0,0,0
9560,6,143,-55.4,60,32,-7.40823,5.11059,0,1334,0,0,0,0,0,0,0,0,0, 0,0,0,0,0,9,0,0,0,0
9600,0,248,-56.5,64,32,-8.0053,5.2986,0,0,0,0,0,0,0,0,0,0,0, 0,0,0,0,0,10,0,0,0,0
9600,1,291,-56.5,68,32,-8.50564,5.62976,0,0,0,0,0,0,0,0,0,0,0, 0,0,0,0,0,10,0,0,0,0
9600,2,242,-55.4,72,32,-8.88987,6.13271,0,0,0,0,0,0,0,0,0,0,0, 0,0,0,0,0,10,0,0,0,0
9600,3,152,-53.4,76,32,-9.15212,6.79696,0,0,0,0,0,0,0,0,0,0,0, 0,0,0,0,0,10,0,0,0,0
9600,4,100,-49.8,80,32,-9.16555,7.74549,0,0,0,0,0,0,0,0,0,0,0, 0,0,0,0,0,10,0,0,0,0
9600,5,142,-57.4,60,32,-7.58207,4.84894,0,0,0,0,0,0,0,0,0,0,0, 0,0,0,0,0,10,0,0,0,0
9640,0,247,-57.4,64,32,-8.08754,5.1722,0,7936,0,0,0,0,0,0,0,0,0, 0,0,0,0,0,11,0,0,0,0
9640,1,290,-56.5,68,32,-8.50564,5.62976,0,7936,0,0,0,0,0,0,0,0,0, 0,0,0,0,0,11,0,0,0,0
9640,2,243,-56.5,72,32,-9.00597,5.96092,0,7936,0,0,0,0,0,0,0,0,0, 0,0,0,0,0,11,0,0,0,0
9640,3,155,-51.6,76,32,-8.93411,7.08108,0,7936,0,0,0,0,0,0,0,0,0, 0,0,0,0,0,11,0,0,0,0
9640,4,105,-48,80,32,-8.91774,8.02957,0,7936,0,0,0,0,0,0,0,0,0, 0,0,0,0,0,11,0,0,0,0
9640,5,139,-57.4,60,32,-7.58207,4.84894,0,7936,0,0,0,0,0,0,0,0,0, 0,0,0,0,0,11,0,0,0,0
9680,0,245,-57.4,64,32,-8.08754,5.1722,0,1140,0,0,0,0,0,0,0,0,0, 0,0,0,0,0,12,0,0,0,0
9680,1,291,-56.5,68,32,-8.50564,5.62976,0,1140,0,0,0,0,0,0,0,0,0, 0,0,0,0,0,12,0,0,0,0
9680,2,43,69.6,8,33,1.12474,0.418287,0,1140,0,0,0,0,0,0,0,0,0, 0,0,0,0,0,12,0,0,0,0
9680,3,245,-56.5,72,32,-9.00597,5.96092,0,1140,0,0,0,0,0,0,0,0,0, 0,0,0,0,0,12,0,0,0,0
9680,4,158,-53.4,76,32,-9.15212,6.79696,0,1140,0,0,0,0,0,0,0,0,0, 0,0,0,0,0,12,0,0,0,0
9680,5,106,-49.8,80,32,-9.16555,7.74549,0,1140,0,0,0,0,0,0,0,0,0, 0,0,0,0,0,12,0,0,0,0
9680,6,140,-57.4,60,32,-7.58207,4.84894,0,1140,0,0,0,0,0,0,0,0,0, 0,0,0,0,0,12,0,0,0,0
9680,7,14,-15.7,380,3,-15.4242,54.8734,0,1140,0,0,0,0,0,0,0,0,0, 0,0,0,0,0,12,0,0,0,0
9720,0,245,-57.4,64,32,-8.08754,5.1722,0,86,0,0,0,0,0,0,0,0,0, 0,0,0,0,0,13,0,0,0,0
9720,1,290,-56.5,68,32,-8.50564,5.62976,0,86,0,0,0,0,0,0,0,0,0, 0,0,0,0,0,13,0,0,0,0
9720,2,243,-55.4,72,32,-8.88987,6.13271,0,86,0,0,0,0,0,0,0,0,0, 0,0,0,0,0,13,0,0,0,0
9720,3,157,-53.4,76,32,-9.15212,6.79696,0,86,0,0,0,0,0,0,0,0,0, 0,0,0,0,0,13,0,0,0,0
9720,4,105,-48,80,32,-8.91774,8.02957,0,86,0,0,0,0,0,0,0,0,0, 0,0,0,0,0,13,0,0,0,0
9720,5,141,-58.4,60,32,-7.66554,4.71587,0,86,0,0,0,0,0,0,0,0,0, 0,0,0,0,0,13,0,0,0,0
9760,0,246,-57.4,64,32,-8.08754,5.1722,0,0,0,0,0,0,0,0,0,0,0, 0,0,0,0,0,14,0,0,0,0
9760,1,290,-56.5,68,32,-8.50564,5.62976,0,0,0,0,0,0,0,0,0,0,0, 0,0,0,0,0,14,0,0,0,0
9760,2,37,71.1,8,33,1.1353,0.388701,0,0,0,0,0,0,0,0,0,0,0, 0,0,0,0,0,14,0,0,0,0
9760,3,243,-55.4,72,32,-8.88987,6.13271,0,0,0,0,0,0,0,0,0,0,0, 0,0,0,0,0,14,0,0,0,0
9760,4,157,-53.4,76,32,-9.15212,6.79696,0,0,0,0,0,0,0,0,0,0,0, 0,0,0,0,0,14,0,0,0,0
9760,5,105,-51.6,80,32,-9.40432,7.45377,0,0,0,0,0,0,0,0,0,0,0, 0,0,0,0,0,14,0,0,0,0
9760,6,139,-57.4,60,32,-7.58207,4.84894,0,0,0,0,0,0,0,0,0,0,0, 0,0,0,0,0,14,0,0,0,0
9800,0,246,-56.5,64,32,-8.0053,5.2986,0,0,0,0,0,0,0,0,0,0,0, 0,0,0,0,0,15,0,0,0,0
9800,1,290,-56.5,68,32,-8.50564,5.62976,0,0,0,0,0,0,0,0,0,0,0, 0,0,0,0,0,15,0,0,0,0
9800,2,243,-55.4,72,32,-8.88987,6.13271,0,0,0,0,0,0,0,0,0,0,0, 0,0,0,0,0,15,0,0,0,0
9800,3,155,-51.6,76,32,-8.93411,7.08108,0,0,0,0,0,0,0,0,0,0,0, 0,0,0,0,0,15,0,0,0,0
9800,4,104,-48,80,32,-8.91774,8.02957,0,0,0,0,0,0,0,0,0,0,0, 0,0,0,0,0,15,0,0,0,0
9800,5,138,-56.5,60,32,-7.50497,4.96743,0,0,0,0,0,0,0,0,0,0,0, 0,0,0,0,0,15,0,0,0,0
9840,0,245,-56.5,64,32,-8.0053,5.2986,0,0,0,0,0,0,0,0,0,0,0, 0,0,0,0,0,0,0,0,0,0
9840,1,291,-55.4,68,32,-8.39599,5.79201,0,0,0,0,0,0,0,0,0,0,0, 0,0,0,0,0,0,0,0,0,0
9840,2,244,-55.4,72,32,-8.88987,6.13271,0,0,0,0,0,0,0,0,0,0,0, 0,0,0,0,0,0,0,0,0,0
9840,3,158,-51.6,76,32,-8.93411,7.08108,0,0,0,0,0,0,0,0,0,0,0, 0,0,0,0,0,0,0,0,0,0
9840,4,106,-48,80,32,-8.91774,8.02957,0,0,0,0,0,0,0,0,0,0,0, 0,0,0,0,0,0,0,0,0,0
9840,5,139,-57.4,60,32,-7.58207,4.84894,0,0,0,0,0,0,0,0,0,0,0, 0,0,0,0,0,0,0,0,0,0
9880,0,248,-56.5,64,32,-8.0053,5.2986,0,0,0,0,0,0,0,0,0,0,0, 0,0,0,0,0,1,0,0,0,0
9880,1,293,-55.4,68,32,-8.39599,5.79201,0,0,0,0,0,0,0,0,0,0,0, 0,0,0,0,0,1,0,0,0,0
9880,2,244,-55.4,72,32,-8.88987,6.13271,0,0,0,0,0,0,0,0,0,0,0, 0,0,0,0,0,1,0,0,0,0
9880,3,159,-51.6,76,32,-8.93411,7.08108,0,0,0,0,0,0,0,0,0,0,0, 0,0,0,0,0,1,0,0,0,0
9880,4,106,-49.8,80,32,-9.16555,7.74549,0,0,0,0,0,0,0,0,0,0,0, 0,0,0,0,0,1,0,0,0,0
9880,5,141,-56.5,60,32,-7.50497,4.96743,0,0,0,0,0,0,0,0,0,0,0, 0,0,0,0,0,1,0,0,0,0
9920,0,248,-56.5,64,32,-8.0053,5.2986,0,0,0,0,0,0,0,0,0,0,0, 0,0,0,0,0,2,0,0,0,0
9920,1,293,-55.4,68,32,-8.39599,5.79201,0,0,0,0,0,0,0,0,0,0,0, 0,0,0,0,0,2,0,0,0,0
9920,2,245,-55.4,72,32,-8.88987,6.13271,0,0,0,0,0,0,0,0,0,0,0, 0,0,0,0,0,2,0,0,0,0
9920,3,155,-51.6,76,32,-8.93411,7.08108,0,0,0,0,0,0,0,0,0,0,0, 0,0,0,0,0,2,0,0,0,0
9920,4,103,-48,80,32,-8.91774,8.02957,0,0,0,0,0,0,0,0,0,0,0, 0,0,0,0,0,2,0,0,0,0
9920,5,138,-57.4,60,32,-7.58207,4.84894,0,0,0,0,0,0,0,0,0,0,0, 0,0,0,0,0,2,0,0,0,0
9960,0,246,-56.5,64,32,-8.0053,5.2986,0,0,0,0,0,0,0,0,0,0,0, 0,0,0,0,0,3,0,0,0,0
9960,1,291,-56.5,68,32,-8.50564,5.62976,0,0,0,0,0,0,0,0,0,0,0, 0,0,0,0,0,3,0,0,0,0
9960,2,244,-55.4,72,32,-8.88987,6.13271,0,0,0,0,0,0,0,0,0,0,0, 0,0,0,0,0,3,0,0,0,0
9960,3,157,-53.4,76,32,-9.15212,6.79696,0,0,0,0,0,0,0,0,0,0,0, 0,0,0,0,0,3,0,0,0,0
9960,4,104,-49.8,80,32,-9.16555,7.74549,0,0,0,0,0,0,0,0,0,0,0, 0,0,0,0,0,3,0,0,0,0
9960,5,139,-58.4,60,32,-7.66554,4.71587,0,0,0,0,0,0,0,0,0,0,0, 0,0,0,0,0,3,0,0,0,0
10000,0,245,-58.4,64,32,-8.17658,5.03026,0,0,0,0,0,0,0,0,0,0,0, 0,0,0,0,0,4,0,0,0,0
10000,1,289,-57.4,68,32,-8.59301,5.49546,0,0,0,0,0,0,0,0,0,0,0, 0,0,0,0,0,4,0,0,0,0
10000,2,241,-56.5,72,32,-9.00597,5.96092,0,0,0,0,0,0,0,0,0,0,0, 0,0,0,0,0,4,0,0,0,0
10000,3,153,-53.4,76,32,-9.15212,6.79696,0,0,0,0,0,0,0,0,0,0,0, 0,0,0,0,0,4,0,0,0,0
10000,4,101,-49.8,80,32,-9.16555,7.74549,0,0,0,0,0,0,0,0,0,0,0, 0,0,0,0,0,4,0,0,0,0
10000,5,137,-58.4,60,32,-7.66554,4.71587,0,0,0,0,0,0,0,0,0,0,0, 0,0,0,0,0,4,0,0,0,0
10040,0,243,-57.4,64,32,-8.08754,5.1722,0,0,0,0,0,0,0,0,0,0,0, 0,0,0,0,0,5,0,0,0,0
10040,1,289,-56.5,68,32,-8.50564,5.62976,0,0,0,0,0,0,0,0,0,0,0, 0,0,0,0,0,5,0,0,0,0
10040,2,243,-56.5,72,32,-9.00597,5.96092,0,0,0,0,0,0,0,0,0,0,0, 0,0,0,0,0,5,0,0,0,0
10040,3,156,-54.4,76,32,-9.26935,6.6362,0,0,0,0,0,0,0,0,0,0,0, 0,0,0,0,0,5,0,0,0,0
10040,4,103,-51.6,80,32,-9.40432,7.45377,0,0,0,0,0,0,0,0,0,0,0, 0,0,0,0,0,5,0,0,0,0
10040,5,138,-59.4,60,32,-7.74668,4.58137,0,0,0,0,0,0,0,0,0,0,0, 0,0,0,0,0,5,0,0,0,0
10080,0,245,-57.4,64,32,-8.08754,5.1722,0,0,0,0,0,0,0,0,0,0,0, 0,0,0,0,0,6,0,0,0,0
10080,1,289,-56.5,68,32,-8.50564,5.62976,0,0,0,0,0,0,0,0,0,0,0, 0,0,0,0,0,6,0,0,0,0
10080,2,40,65.6,8,33,1.09282,0.495725,0,0,0,0,0,0,0,0,0,0,0, 0,0,0,0,0,6,0,0,0,0
10080,3,241,-56.5,72,32,-9.00597,5.96092,0,0,0,0,0,0,0,0,0,0,0, 0,0,0,0,0,6,0,0,0,0
10080,4,25,6.1,104,31.5,1.65772,15.5117,0,0,0,0,0,0,0,0,0,0,0, 0,0,0,0,0,6,0,0,0,0
10080,5,157,-54.4,76,32,-9.26935,6.6362,0,0,0,0,0,0,0,0,0,0,0, 0,0,0,0,0,6,0,0,0,0
10080,6,105,-53.4,80,32,-9.63381,7.1547,0,0,0,0,0,0,0,0,0,0,0, 0,0,0,0,0,6,0,0,0,0
10080,7,138,-58.4,60,32,-7.66554,4.71587,0,0,0,0,0,0,0,0,0,0,0, 0,0,0,0,0,6,0,0,0,0
10120,0,246,-56.5,64,32,-8.0053,5.2986,0,0,0,0,0,0,0,0,0,0,0, 0,0,0,0,0,7,0,0,0,0
10120,1,291,-56.5,68,32,-8.50564,5.62976,0,0,0,0,0,0,0,0,0,0,0, 0,0,0,0,0,7,0,0,0,0
10120,2,45,63.6,8,33,1.07485,0.533562,0,0,0,0,0,0,0,0,0,0,0, 0,0,0,0,0,7,0,0,0,0
10120,3,244,-55.4,72,32,-8.88987,6.13271,0,0,0,0,0,0,0,0,0,0,0, 0,0,0,0,0,7,0,0,0,0
10120,4,158,-53.4,76,32,-9.15212,6.79696,0,0,0,0,0,0,0,0,0,0,0, 0,0,0,0,0,7,0,0,0,0
10120,5,106,-51.6,80,32,-9.40432,7.45377,0,0,0,0,0,0,0,0,0,0,0, 0,0,0,0,0,7,0,0,0,0
10120,6,140,-58.4,60,32,-7.66554,4.71587,0,0,0,0,0,0,0,0,0,0,0, 0,0,0,0,0,7,0,0,0,0
10160,0,245,-57.4,64,32,-8.08754,5.1722,0,0,0,0,0,0,0,0,0,0,0, 0,0,0,0,0,8,0,0,0,0
10160,1,290,-56.5,68,32,-8.50564,5.62976,0,0,0,0,0,0,0,0,0,0,0, 0,0,0,0,0,8,0,0,0,0
10160,2,245,-55.4,72,32,-8.88987,6.13271,0,0,0,0,0,0,0,0,0,0,0, 0,0,0,0,0,8,0,0,0,0
10160,3,158,-51.6,76,32,-8.93411,7.08108,0,0,0,0,0,0,0,0,0,0,0, 0,0,0,0,0,8,0,0,0,0
10160,4,104,-49.8,80,32,-9.16555,7.74549,0,0,0,0,0,0,0,0,0,0,0, 0,0,0,0,0,8,0,0,0,0
10160,5,140,-58.4,60,32,-7.66554,4.71587,0,0,0,0,0,0,0,0,0,0,0, 0,0,0,0,0,8,0,0,0,0
10200,0,246,-56.5,64,32,-8.0053,5.2986,0,1334,0,0,0,0,0,0,0,0,0, 0,0,0,0,0,9,0,0,0,0
10200,1,290,-56.5,68,32,-8.50564,5.62976,0,1334,0,0,0,0,0,0,0,0,0, 0,0,0,0,0,9,0,0,0,0
10200,2,241,-55.4,72,32,-8.88987,6.13271,0,1334,0,0,0,0,0,0,0,0,0, 0,0,0,0,0,9,0,0,0,0
10200,3,154,-53.4,76,32,-9.15212,6.79696,0,1334,0,0,0,0,0,0,0,0,0, 0,0,0,0,0,9,0,0,0,0
10200,4,103,-48,80,32,-8.91774,8.02957,0,1334,0,0,0,0,0,0,0,0,0, 0,0,0,0,0,9,0,0,0,0
10200,5,139,-58.4,60,32,-7.66554,4.71587,0,1334,0,0,0,0,0,0,0,0,0, 0,0,0,0,0,9,0,0,0,0
10240,0,244,-57.4,64,32,-8.08754,5.1722,0,0,0,0,0,0,0,0,0,0,0, 0,0,0,0,0,10,0,0,0,0
10240,1,288,-56.5,68,32,-8.50564,5.62976,0,0,0,0,0,0,0,0,0,0,0, 0,0,0,0,0,10,0,0,0,0
10240,2,42,66.6,8,33,1.10131,0.476577,0,0,0,0,0,0,0,0,0,0,0, 0,0,0,0,0,10,0,0,0,0
10240,3,241,-55.4,72,32,-8.88987,6.13271,0,0,0,0,0,0,0,0,0,0,0, 0,0,0,0,0,10,0,0,0,0
10240,4,158,-53.4,76,32,-9.15212,6.79696,0,0,0,0,0,0,0,0,0,0,0, 0,0,0,0,0,10,0,0,0,0
10240,5,109,-48,80,32,-8.91774,8.02957,0,0,0,0,0,0,0,0,0,0,0, 0,0,0,0,0,10,0,0,0,0
10240,6,81,-51.6,84,32,-9.87454,7.82646,0,0,0,0,0,0,0,0,0,0,0, 0,0,0,0,0,10,0,0,0,0
10240,7,139,-56.5,60,32,-7.50497,4.96743,0,0,0,0,0,0,0,0,0,0,0, 0,0,0,0,0,10,0,0,0,0
10280,0,244,-56.5,64,32,-8.0053,5.2986,0,7936,0,0,0,0,0,0,0,0,0, 0,0,0,0,0,11,0,0,0,0
10280,1,290,-55.4,68,32,-8.39599,5.79201,0,7936,0,0,0,0,0,0,0,0,0, 0,0,0,0,0,11,0,0,0,0
10280,2,243,-54.4,72,32,-8.78149,6.28693,0,7936,0,0,0,0,0,0,0,0,0, 0,0,0,0,0,11,0,0,0,0
10280,3,159,-49.8,76,32,-8.70727,7.35822,0,7936,0,0,0,0,0,0,0,0,0, 0,0,0,0,0,11,0,0,0,0
10280,4,111,-46.7,80,32,-8.73327,8.22982,0,7936,0,0,0,0,0,0,0,0,0, 0,0,0,0,0,11,0,0,0,0
10280,5,84,-48,84,32,-9.36363,8.43105,0,7936,0,0,0,0,0,0,0,0,0, 0,0,0,0,0,11,0,0,0,0
10280,6,141,-56.5,60,32,-7.50497,4.96743,0,7936,0,0,0,0,0,0,0,0,0, 0,0,0,0,0,11,0,0,0,0
10320,0,247,-56.5,64,32,-8.0053,5.2986,0,1140,0,0,0,0,0,0,0,0,0, 0,0,0,0,0,12,0,0,0,0
10320,1,290,-56.5,68,32,-8.50564,5.62976,0,1140,0,0,0,0,0,0,0,0,0, 0,0,0,0,0,12,0,0,0,0
10320,2,240,-55.4,72,32,-8.88987,6.13271,0,1140,0,0,0,0,0,0,0,0,0, 0,0,0,0,0,12,0,0,0,0
10320,3,156,-51.6,76,32,-8.93411,7.08108,0,1140,0,0,0,0,0,0,0,0,0, 0,0,0,0,0,12,0,0,0,0
10320,4,106,-46.7,80,32,-8.73327,8.22982,0,1140,0,0,0,0,0,0,0,0,0, 0,0,0,0,0,12,0,0,0,0
10320,5,140,-56.5,60,32,-7.50497,4.96743,0,1140,0,0,0,0,0,0,0,0,0, 0,0,0,0,0,12,0,0,0,0
10360,0,245,-56.5,64,32,-8.0053,5.2986,0,86,0,0,0,0,0,0,0,0,0, 0,0,0,0,0,13,0,0,0,0
10360,1,291,-56.5,68,32,-8.50564,5.62976,0,86,0,0,0,0,0,0,0,0,0, 0,0,0,0,0,13,0,0,0,0
10360,2,241,-55.4,72,32,-8.88987,6.13271,0,86,0,0,0,0,0,0,0,0,0, 0,0,0,0,0,13,0,0,0,0
10360,3,158,-49.8,76,32,-8.70727,7.35822,0,86,0,0,0,0,0,0,0,0,0, 0,0,0,0,0,13,0,0,0,0
10360,4,109,-46.7,80,32,-8.73327,8.22982,0,86,0,0,0,0,0,0,0,0,0, 0,0,0,0,0,13,0,0,0,0
10360,5,82,-49.8,84,32,-9.62383,8.13277,0,86,0,0,0,0,0,0,0,0,0, 0,0,0,0,0,13,0,0,0,0
10360,6,141,-58.4,60,32,-7.66554,4.71587,0,86,0,0,0,0,0,0,0,0,0, 0,0,0,0,0,13,0,0,0,0
10400,0,247,-57.4,64,32,-8.08754,5.1722,0,0,0,0,0,0,0,0,0,0,0, 0,0,0,0,0,14,0,0,0,0
10400,1,289,-56.5,68,32,-8.50564,5.62976,0,0,0,0,0,0,0,0,0,0,0, 0,0,0,0,0,14,0,0,0,0
10400,2,241,-55.4,72,32,-8.88987,6.13271,0,0,0,0,0,0,0,0,0,0,0, 0,0,0,0,0,14,0,0,0,0
10400,3,154,-49.8,76,32,-8.70727,7.35822,0,0,0,0,0,0,0,0,0,0,0, 0,0,0,0,0,14,0,0,0,0
10400,4,106,-45.9,80,32,-8.61752,8.35095,0,0,0,0,0,0,0,0,0,0,0, 0,0,0,0,0,14,0,0,0,0
10400,5,139,-58.4,60,32,-7.66554,4.71587,0,0,0,0,0,0,0,0,0,0,0, 0,0,0,0,0,14,0,0,0,0
10440,0,246,-57.4,64,32,-8.08754,5.1722,0,0,0,0,0,0,0,0,0,0,0, 0,0,0,0,0,15,0,0,0,0
10440,1,290,-57.4,68,32,-8.59301,5.49546,0,0,0,0,0,0,0,0,0,0,0, 0,0,0,0,0,15,0,0,0,0
10440,2,242,-56.5,72,32,-9.00597,5.96092,0,0,0,0,0,0,0,0,0,0,0, 0,0,0,0,0,15,0,0,0,0
10440,3,159,-53.4,76,32,-9.15212,6.79696,0,0,0,0,0,0,0,0,0,0,0, 0,0,0,0,0,15,0,0,0,0
10440,4,111,-46.7,80,32,-8.73327,8.22982,0,0,0,0,0,0,0,0,0,0,0, 0,0,0,0,0,15,0,0,0,0
10440,5,86,-46.7,84,32,-9.16994,8.64131,0,0,0,0,0,0,0,0,0,0,0, 0,0,0,0,0,15,0,0,0,0
10440,6,140,-57.4,60,32,-7.58207,4.84894,0,0,0,0,0,0,0,0,0,0,0, 0,0,0,0,0,15,0,0,0,0
10480,0,246,-57.4,64,32,-8.08754,5.1722,0,0,0,0,0,0,0,0,0,0,0, 0,0,0,0,0,0,0,0,0,0
10480,1,291,-56.5,68,32,-8.50564,5.62976,0,0,0,0,0,0,0,0,0,0,0, 0,0,0,0,0,0,0,0,0,0
10480,2,243,-55.4,72,32,-8.88987,6.13271,0,0,0,0,0,0,0,0,0,0,0, 0,0,0,0,0,0,0,0,0,0
10480,3,157,-51.6,76,32,-8.93411,7.08108,0,0,0,0,0,0,0,0,0,0,0, 0,0,0,0,0,0,0,0,0,0
10480,4,113,-45.9,80,32,-8.61752,8.35095,0,0,0,0,0,0,0,0,0,0,0, 0,0,0,0,0,0,0,0,0,0
10480,5,93,-45.9,84,32,-9.04839,8.7685,0,0,0,0,0,0,0,0,0,0,0, 0,0,0,0,0,0,0,0,0,0
10480,6,137,-57.4,60,32,-7.58207,4.84894,0,0,0,0,0,0,0,0,0,0,0, 0,0,0,0,0,0,0,0,0,0
10480,7,18,-2.4,92,32.5,-0.577884,13.7879,0,0,0,0,0,0,0,0,0,0,0, 0,0,0,0,0,0,0,0,0,0
10520,0,244,-57.4,64,32,-8.08754,5.1722,0,0,0,0,0,0,0,0,0,0,0, 0,0,0,0,0,1,0,0,0,0
10520,1,288,-57.4,68,32,-8.59301,5.49546,0,0,0,0,0,0,0,0,0,0,0, 0,0,0,0,0,1,0,0,0,0
10520,2,240,-56.5,72,32,-9.00597,5.96092,0,0,0,0,0,0,0,0,0,0,0, 0,0,0,0,0,1,0,0,0,0
10520,3,154,-53.4,76,32,-9.15212,6.79696,0,0,0,0,0,0,0,0,0,0,0, 0,0,0,0,0,1,0,0,0,0
10520,4,110,-45.9,80,32,-8.61752,8.35095,0,0,0,0,0,0,0,0,0,0,0, 0,0,0,0,0,1,0,0,0,0
10520,5,92,-43.6,84,32,-8.68921,9.12457,0,0,0,0,0,0,0,0,0,0,0, 0,0,0,0,0,1,0,0,0,0
10520,6,139,-58.4,60,32,-7.66554,4.71587,0,0,0,0,0,0,0,0,0,0,0, 0,0,0,0,0,1,0,0,0,0
10560,0,242,-56.5,64,32,-8.0053,5.2986,0,0,0,0,0,0,0,0,0,0,0, 0,0,0,0,0,2,0,0,0,0
10560,1,288,-56.5,68,32,-8.50564,5.62976,0,0,0,0,0,0,0,0,0,0,0, 0,0,0,0,0,2,0,0,0,0
10560,2,243,-55.4,72,32,-8.88987,6.13271,0,0,0,0,0,0,0,0,0,0,0, 0,0,0,0,0,2,0,0,0,0
10560,3,159,-51.6,76,32,-8.93411,7.08108,0,0,0,0,0,0,0,0,0,0,0, 0,0,0,0,0,2,0,0,0,0
10560,4,115,-45.9,80,32,-8.61752,8.35095,0,0,0,0,0,0,0,0,0,0,0, 0,0,0,0,0,2,0,0,0,0
10560,5,95,-43.6,84,32,-8.68921,9.12457,0,0,0,0,0,0,0,0,0,0,0, 0,0,0,0,0,2,0,0,0,0
10560,6,9,-13.2,472,25.5,-16.1672,68.9294,0,0,0,0,0,0,0,0,0,0,0, 0,0,0,0,0,2,0,0,0,0
10560,7,139,-56.5,60,32,-7.50497,4.96743,0,0,0,0,0,0,0,0,0,0,0, 0,0,0,0,0,2,0,0,0,0
10600,0,245,-56.5,64,32,-8.0053,5.2986,0,0,0,0,0,0,0,0,0,0,0, 0,0,0,0,0,3,0,0,0,0
10600,1,290,-55.4,68,32,-8.39599,5.79201,0,0,0,0,0,0,0,0,0,0,0, 0,0,0,0,0,3,0,0,0,0
10600,2,42,75.1,8,33,1.15965,0.308559,0,0,0,0,0,0,0,0,0,0,0, 0,0,0,0,0,3,0,0,0,0
10600,3,244,-54.4,72,32,-8.78149,6.28693,0,0,0,0,0,0,0,0,0,0,0, 0,0,0,0,0,3,0,0,0,0
10600,4,161,-51.6,76,32,-8.93411,7.08108,0,0,0,0,0,0,0,0,0,0,0, 0,0,0,0,0,3,0,0,0,0
10600,5,115,-45.9,80,32,-8.61752,8.35095,0,0,0,0,0,0,0,0,0,0,0, 0,0,0,0,0,3,0,0,0,0
10600,6,92,-43.6,84,32,-8.68921,9.12457,0,0,0,0,0,0,0,0,0,0,0, 0,0,0,0,0,3,0,0,0,0
10600,7,140,-57.4,60,32,-7.58207,4.84894,0,0,0,0,0,0,0,0,0,0,0, 0,0,0,0,0,3,0,0,0,0
10640,0,245,-56.5,64,32,-8.0053,5.2986,0,0,0,0,0,0,0,0,0,0,0, 0,0,0,0,0,4,0,0,0,0
10640,1,292,-55.4,68,32,-8.39599,5.79201,0,0,0,0,0,0,0,0,0,0,0, 0,0,0,0,0,4,0,0,0,0
10640,2,245,-55.4,72,32,-8.88987,6.13271,0,0,0,0,0,0,0,0,0,0,0, 0,0,0,0,0,4,0,0,0,0
10640,3,161,-51.6,76,32,-8.93411,7.08108,0,0,0,0,0,0,0,0,0,0,0, 0,0,0,0,0,4,0,0,0,0
10640,4,115,-45.9,80,32,-8.61752,8.35095,0,0,0,0,0,0,0,0,0,0,0, 0,0,0,0,0,4,0,0,0,0
10640,5,92,-43.6,84,32,-8.68921,9.12457,0,0,0,0,0,0,0,0,0,0,0, 0,0,0,0,0,4,0,0,0,0
10640,6,140,-56.5,60,32,-7.50497,4.96743,0,0,0,0,0,0,0,0,0,0,0, 0,0,0,0,0,4,0,0,0,0
10680,0,248,-56.5,64,32,-8.0053,5.2986,0,0,0,0,0,0,0,0,0,0,0, 0,0,0,0,0,5,0,0,0,0
10680,1,292,-55.4,68,32,-8.39599,5.79201,0,0,0,0,0,0,0,0,0,0,0, 0,0,0,0,0,5,0,0,0,0
10680,2,243,-54.4,72,32,-8.78149,6.28693,0,0,0,0,0,0,0,0,0,0,0, 0,0,0,0,0,5,0,0,0,0
10680,3,157,-49.8,76,32,-8.70727,7.35822,0,0,0,0,0,0,0,0,0,0,0, 0,0,0,0,0,5,0,0,0,0
10680,4,112,-45,80,32,-8.48528,8.48528,0,0,0,0,0,0,0,0,0,0,0, 0,0,0,0,0,5,0,0,0,0
10680,5,89,-43.6,84,32,-8.68921,9.12457,0,0,0,0,0,0,0,0,0,0,0, 0,0,0,0,0,5,0,0,0,0
10680,6,140,-56.5,60,32,-7.50497,4.96743,0,0,0,0,0,0,0,0,0,0,0, 0,0,0,0,0,5,0,0,0,0
10720,0,246,-56.5,64,32,-8.0053,5.2986,0,0,0,0,0,0,0,0,0,0,0, 0,0,0,0,0,6,0,0,0,0
10720,1,291,-55.4,68,32,-8.39599,5.79201,0,0,0,0,0,0,0,0,0,0,0, 0,0,0,0,0,6,0,0,0,0
10720,2,243,-54.4,72,32,-8.78149,6.28693,0,0,0,0,0,0,0,0,0,0,0, 0,0,0,0,0,6,0,0,0,0
10720,3,160,-49.8,76,32,-8.70727,7.35822,0,0,0,0,0,0,0,0,0,0,0, 0,0,0,0,0,6,0,0,0,0
10720,4,114,-45.9,80,32,-8.61752,8.35095,0,0,0,0,0,0,0,0,0,0,0, 0,0,0,0,0,6,0,0,0,0
10720,5,93,-45.9,84,32,-9.04839,8.7685,0,0,0,0,0,0,0,0,0,0,0, 0,0,0,0,0,6,0,0,0,0
10720,6,139,-56.5,60,32,-7.50497,4.96743,0,0,0,0,0,0,0,0,0,0,0, 0,0,0,0,0,6,0,0,0,0
10760,0,247,-57.4,64,32,-8.08754,5.1722,0,0,0,0,0,0,0,0,0,0,0, 0,0,0,0,0,7,0,0,0,0
10760,1,289,-57.4,68,32,-8.59301,5.49546,0,0,0,0,0,0,0,0,0,0,0, 0,0,0,0,0,7,0,0,0,0
10760,2,239,-56.5,72,32,-9.00597,5.96092,0,0,0,0,0,0,0,0,0,0,0, 0,0,0,0,0,7,0,0,0,0
10760,3,152,-51.6,76,32,-8.93411,7.08108,0,0,0,0,0,0,0,0,0,0,0, 0,0,0,0,0,7,0,0,0,0
10760,4,108,-45.9,80,32,-8.61752,8.35095,0,0,0,0,0,0,0,0,0,0,0, 0,0,0,0,0,7,0,0,0,0
10760,5,86,-45,84,32,-8.90955,8.90955,0,0,0,0,0,0,0,0,0,0,0, 0,0,0,0,0,7,0,0,0,0
10760,6,139,-58.4,60,32,-7.66554,4.71587,0,0,0,0,0,0,0,0,0,0,0, 0,0,0,0,0,7,0,0,0,0
10800,0,245,-56.5,64,32,-8.0053,5.2986,0,0,0,0,0,0,0,0,0,0,0, 0,0,0,0,0,8,0,0,0,0
10800,1,290,-56.5,68,32,-8.50564,5.62976,0,0,0,0,0,0,0,0,0,0,0, 0,0,0,0,0,8,0,0,0,0
10800,2,241,-55.4,72,32,-8.88987,6.13271,0,0,0,0,0,0,0,0,0,0,0, 0,0,0,0,0,8,0,0,0,0
10800,3,158,-51.6,76,32,-8.93411,7.08108,0,0,0,0,0,0,0,0,0,0,0, 0,0,0,0,0,8,0,0,0,0
10800,4,111,-46.7,80,32,-8.73327,8.22982,0,0,0,0,0,0,0,0,0,0,0, 0,0,0,0,0,8,0,0,0,0
10800,5,88,-48,84,32,-9.36363,8.43105,0,0,0,0,0,0,0,0,0,0,0, 0,0,0,0,0,8,0,0,0,0
10800,6,140,-56.5,60,32,-7.50497,4.96743,0,0,0,0,0,0,0,0,0,0,0, 0,0,0,0,0,8,0,0,0,0
10840,0,247,-56.5,64,32,-8.0053,5.2986,0,1334,0,0,0,0,0,0,0,0,0, 0,0,0,0,0,9,0,0,0,0
10840,1,290,-56.5,68,32,-8.50564,5.62976,0,1334,0,0,0,0,0,0,0,0,0, 0,0,0,0,0,9,0,0,0,0
10840,2,243,-55.4,72,32,-8.88987,6.13271,0,1334,0,0,0,0,0,0,0,0,0, 0,0,0,0,0,9,0,0,0,0
10840,3,158,-51.6,76,32,-8.93411,7.08108,0,1334,0,0,0,0,0,0,0,0,0, 0,0,0,0,0,9,0,0,0,0
10840,4,112,-48,80,32,-8.91774,8.02957,0,1334,0,0,0,0,0,0,0,0,0, 0,0,0,0,0,9,0,0,0,0
10840,5,90,-48,84,32,-9.36363,8.43105,0,1334,0,0,0,0,0,0,0,0,0, 0,0,0,0,0,9,0,0,0,0
10840,6,140,-56.5,60,32,-7.50497,4.96743,0,1334,0,0,0,0,0,0,0,0,0, 0,0,0,0,0,9,0,0,0,0
10880,0,247,-56.5,64,32,-8.0053,5.2986,0,0,0,0,0,0,0,0,0,0,0, 0,0,0,0,0,10,0,0,0,0
10880,1,291,-56.5,68,32,-8.50564,5.62976,0,0,0,0,0,0,0,0,0,0,0, 0,0,0,0,0,10,0,0,0,0
10880,2,244,-55.4,72,32,-8.88987,6.13271,0,0,0,0,0,0,0,0,0,0,0, 0,0,0,0,0,10,0,0,0,0
10880,3,159,-51.6,76,32,-8.93411,7.08108,0,0,0,0,0,0,0,0,0,0,0, 0,0,0,0,0,10,0,0,0,0
10880,4,111,-48,80,32,-8.91774,8.02957,0,0,0,0,0,0,0,0,0,0,0, 0,0,0,0,0,10,0,0,0,0
10880,5,83,-49.8,84,32,-9.62383,8.13277,0,0,0,0,0,0,0,0,0,0,0, 0,0,0,0,0,10,0,0,0,0
10880,6,141,-56.5,60,32,-7.50497,4.96743,0,0,0,0,0,0,0,0,0,0,0, 0,0,0,0,0,10,0,0,0,0
10920,0,247,-56.5,64,32,-8.0053,5.2986,0,7936,0,0,0,0,0,0,0,0,0, 0,0,0,0,0,11,0,0,0,0
10920,1,293,-55.4,68,32,-8.39599,5.79201,0,7936,0,0,0,0,0,0,0,0,0, 0,0,0,0,0,11,0,0,0,0
10920,2,244,-55.4,72,32,-8.88987,6.13271,0,7936,0,0,0,0,0,0,0,0,0, 0,0,0,0,0,11,0,0,0,0
10920,3,158,-51.6,76,32,-8.93411,7.08108,0,7936,0,0,0,0,0,0,0,0,0, 0,0,0,0,0,11,0,0,0,0
10920,4,108,-48,80,32,-8.91774,8.02957,0,7936,0,0,0,0,0,0,0,0,0, 0,0,0,0,0,11,0,0,0,0
10920,5,144,-55.4,60,32,-7.40823,5.11059,0,7936,0,0,0,0,0,0,0,0,0, 0,0,0,0,0,11,0,0,0,0
10960,0,251,-56.5,64,32,-8.0053,5.2986,0,1140,0,0,0,0,0,0,0,0,0, 0,0,0,0,0,12,0,0,0,0
10960,1,293,-55.4,68,32,-8.39599,5.79201,0,1140,0,0,0,0,0,0,0,0,0, 0,0,0,0,0,12,0,0,0,0
10960,2,242,-54.4,72,32,-8.78149,6.28693,0,1140,0,0,0,0,0,0,0,0,0, 0,0,0,0,0,12,0,0,0,0
10960,3,154,-51.6,76,32,-8.93411,7.08108,0,1140,0,0,0,0,0,0,0,0,0, 0,0,0,0,0,12,0,0,0,0
10960,4,105,-45.9,80,32,-8.61752,8.35095,0,1140,0,0,0,0,0,0,0,0,0, 0,0,0,0,0,12,0,0,0,0
10960,5,143,-55.4,60,32,-7.40823,5.11059,0,1140,0,0,0,0,0,0,0,0,0, 0,0,0,0,0,12,0,0,0,0
11000,0,246,-55.4,64,32,-7.90211,5.4513,0,86,0,0,0,0,0,0,0,0,0, 0,0,0,0,0,13,0,0,0,0
11000,1,290,-55.4,68,32,-8.39599,5.79201,0,86,0,0,0,0,0,0,0,0,0, 0,0,0,0,0,13,0,0,0,0
11000,2,242,-54.4,72,32,-8.78149,6.28693,0,86,0,0,0,0,0,0,0,0,0, 0,0,0,0,0,13,0,0,0,0
11000,3,156,-51.6,76,32,-8.93411,7.08108,0,86,0,0,0,0,0,0,0,0,0, 0,0,0,0,0,13,0,0,0,0
11000,4,111,-46.7,80,32,-8.73327,8.22982,0,86,0,0,0,0,0,0,0,0,0, 0,0,0,0,0,13,0,0,0,0
11000,5,87,-46.7,84,32,-9.16994,8.64131,0,86,0,0,0,0,0,0,0,0,0, 0,0,0,0,0,13,0,0,0,0
11000,6,140,-56.5,60,32,-7.50497,4.96743,0,86,0,0,0,0,0,0,0,0,0, 0,0,0,0,0,13,0,0,0,0
11040,0,247,-56.5,64,32,-8.0053,5.2986,0,0,0,0,0,0,0,0,0,0,0, 0,0,0,0,0,14,0,0,0,0
11040,1,289,-55.4,68,32,-8.39599,5.79201,0,0,0,0,0,0,0,0,0,0,0, 0,0,0,0,0,14,0,0,0,0
11040,2,240,-54.4,72,32,-8.78149,6.28693,0,0,0,0,0,0,0,0,0,0,0, 0,0,0,0,0,14,0,0,0,0
11040,3,155,-51.6,76,32,-8.93411,7.08108,0,0,0,0,0,0,0,0,0,0,0, 0,0,0,0,0,14,0,0,0,0
11040,4,109,-45.9,80,32,-8.61752,8.35095,0,0,0,0,0,0,0,0,0,0,0, 0,0,0,0,0,14,0,0,0,0
11040,5,89,-45.9,84,32,-9.04839,8.7685,0,0,0,0,0,0,0,0,0,0,0, 0,0,0,0,0,14,0,0,0,0
11040,6,140,-56.5,60,32,-7.50497,4.96743,0,0,0,0,0,0,0,0,0,0,0, 0,0,0,0,0,14,0,0,0,0
11080,0,246,-56.5,64,32,-8.0053,5.2986,0,0,0,0,0,0,0,0,0,0,0, 0,0,0,0,0,15,0,0,0,0
11080,1,291,-56.5,68,32,-8.50564,5.62976,0,0,0,0,0,0,0,0,0,0,0, 0,0,0,0,0,15,0,0,0,0
11080,2,46,67.6,8,33,1.10946,0.457284,0,0,0,0,0,0,0,0,0,0,0, 0,0,0,0,0,15,0,0,0,0
11080,3,241,-56.5,72,32,-9.00597,5.96092,0,0,0,0,0,0,0,0,0,0,0, 0,0,0,0,0,15,0,0,0,0
11080,4,155,-53.4,76,32,-9.15212,6.79696,0,0,0,0,0,0,0,0,0,0,0, 0,0,0,0,0,15,0,0,0,0
11080,5,111,-48,80,32,-8.91774,8.02957,0,0,0,0,0,0,0,0,0,0,0, 0,0,0,0,0,15,0,0,0,0
11080,6,86,-45,84,32,-8.90955,8.90955,0,0,0,0,0,0,0,0,0,0,0, 0,0,0,0,0,15,0,0,0,0
11080,7,141,-56.5,60,32,-7.50497,4.96743,0,0,0,0,0,0,0,0,0,0,0, 0,0,0,0,0,15,0,0,0,0
11120,0,248,-56.5,64,32,-8.0053,5.2986,0,0,0,0,0,0,0,0,0,0,0, 0,0,0,0,0,0,0,0,0,0
11120,1,291,-56.5,68,32,-8.50564,5.62976,0,0,0,0,0,0,0,0,0,0,0, 0,0,0,0,0,0,0,0,0,0
11120,2,43,63.6,8,33,1.07485,0.533562,0,0,0,0,0,0,0,0,0,0,0, 0,0,0,0,0,0,0,0,0,0
11120,3,242,-55.4,72,32,-8.88987,6.13271,0,0,0,0,0,0,0,0,0,0,0, 0,0,0,0,0,0,0,0,0,0
11120,4,153,-54.4,76,32,-9.26935,6.6362,0,0,0,0,0,0,0,0,0,0,0, 0,0,0,0,0,0,0,0,0,0
11120,5,106,-45.9,80,32,-8.61752,8.35095,0,0,0,0,0,0,0,0,0,0,0, 0,0,0,0,0,0,0,0,0,0
11120,6,88,-42.9,84,32,-8.57708,9.23004,0,0,0,0,0,0,0,0,0,0,0, 0,0,0,0,0,0,0,0,0,0
11120,7,141,-57.4,60,32,-7.58207,4.84894,0,0,0,0,0,0,0,0,0,0,0, 0,0,0,0,0,0,0,0,0,0
11160,0,248,-57.4,64,32,-8.08754,5.1722,0,0,0,0,0,0,0,0,0,0,0, 0,0,0,0,0,1,0,0,0,0
11160,1,290,-56.5,68,32,-8.50564,5.62976,0,0,0,0,0,0,0,0,0,0,0, 0,0,0,0,0,1,0,0,0,0
11160,2,243,-55.4,72,32,-8.88987,6.13271,0,0,0,0,0,0,0,0,0,0,0, 0,0,0,0,0,1,0,0,0,0
11160,3,158,-51.6,76,32,-8.93411,7.08108,0,0,0,0,0,0,0,0,0,0,0, 0,0,0,0,0,1,0,0,0,0
11160,4,112,-46.7,80,32,-8.73327,8.22982,0,0,0,0,0,0,0,0,0,0,0, 0,0,0,0,0,1,0,0,0,0
11160,5,92,-45,84,32,-8.90955,8.90955,0,0,0,0,0,0,0,0,0,0,0, 0,0,0,0,0,1,0,0,0,0
11160,6,140,-56.5,60,32,-7.50497,4.96743,0,0,0,0,0,0,0,0,0,0,0, 0,0,0,0,0,1,0,0,0,0
11160,7,12,-27.4,188,22,-12.9776,25.0364,0,0,0,0,0,0,0,0,0,0,0, 0,0,0,0,0,1,0,0,0,0
11200,0,248,-56.5,64,32,-8.0053,5.2986,0,0,0,0,0,0,0,0,0,0,0, 0,0,0,0,0,2,0,0,0,0
11200,1,293,-55.4,68,32,-8.39599,5.79201,0,0,0,0,0,0,0,0,0,0,0, 0,0,0,0,0,2,0,0,0,0
11200,2,245,-54.4,72,32,-8.78149,6.28693,0,0,0,0,0,0,0,0,0,0,0, 0,0,0,0,0,2,0,0,0,0
11200,3,159,-51.6,76,32,-8.93411,7.08108,0,0,0,0,0,0,0,0,0,0,0, 0,0,0,0,0,2,0,0,0,0
11200,4,114,-45.9,80,32,-8.61752,8.35095,0,0,0,0,0,0,0,0,0,0,0, 0,0,0,0,0,2,0,0,0,0
11200,5,90,-45,84,32,-8.90955,8.90955,0,0,0,0,0,0,0,0,0,0,0, 0,0,0,0,0,2,0,0,0,0
11200,6,142,-57.4,60,32,-7.58207,4.84894,0,0,0,0,0,0,0,0,0,0,0, 0,0,0,0,0,2,0,0,0,0
11240,0,247,-57.4,64,32,-8.08754,5.1722,0,0,0,0,0,0,0,0,0,0,0, 0,0,0,0,0,3,0,0,0,0
11240,1,292,-56.5,68,32,-8.50564,5.62976,0,0,0,0,0,0,0,0,0,0,0, 0,0,0,0,0,3,0,0,0,0
11240,2,242,-55.4,72,32,-8.88987,6.13271,0,0,0,0,0,0,0,0,0,0,0, 0,0,0,0,0,3,0,0,0,0
11240,3,154,-51.6,76,32,-8.93411,7.08108,0,0,0,0,0,0,0,0,0,0,0, 0,0,0,0,0,3,0,0,0,0
11240,4,109,-45.9,80,32,-8.61752,8.35095,0,0,0,0,0,0,0,0,0,0,0, 0,0,0,0,0,3,0,0,0,0
11240,5,89,-43.6,84,32,-8.68921,9.12457,0,0,0,0,0,0,0,0,0,0,0, 0,0,0,0,0,3,0,0,0,0
11240,6,140,-58.4,60,32,-7.66554,4.71587,0,0,0,0,0,0,0,0,0,0,0, 0,0,0,0,0,3,0,0,0,0
11280,0,246,-57.4,64,32,-8.08754,5.1722,0,0,0,0,0,0,0,0,0,0,0, 0,0,0,0,0,4,0,0,0,0
11280,1,290,-56.5,68,32,-8.50564,5.62976,0,0,0,0,0,0,0,0,0,0,0, 0,0,0,0,0,4,0,0,0,0
11280,2,244,-55.4,72,32,-8.88987,6.13271,0,0,0,0,0,0,0,0,0,0,0, 0,0,0,0,0,4,0,0,0,0
11280,3,158,-49.8,76,32,-8.70727,7.35822,0,0,0,0,0,0,0,0,0,0,0, 0,0,0,0,0,4,0,0,0,0
11280,4,113,-45,80,32,-8.48528,8.48528,0,0,0,0,0,0,0,0,0,0,0, 0,0,0,0,0,4,0,0,0,0
11280,5,92,-43.6,84,32,-8.68921,9.12457,0,0,0,0,0,0,0,0,0,0,0, 0,0,0,0,0,4,0,0,0,0
11280,6,140,-58.4,60,32,-7.66554,4.71587,0,0,0,0,0,0,0,0,0,0,0, 0,0,0,0,0,4,0,0,0,0
11320,0,244,-57.4,64,32,-8.08754,5.1722,0,0,0,0,0,0,0,0,0,0,0, 0,0,0,0,0,5,0,0,0,0
11320,1,289,-56.5,68,32,-8.50564,5.62976,0,0,0,0,0,0,0,0,0,0,0, 0,0,0,0,0,5,0,0,0,0
11320,2,241,-55.4,72,32,-8.88987,6.13271,0,0,0,0,0,0,0,0,0,0,0, 0,0,0,0,0,5,0,0,0,0
11320,3,11,55.7,296,3,36.6788,25.0206,0,0,0,0,0,0,0,0,0,0,0, 0,0,0,0,0,5,0,0,0,0
11320,4,158,-51.6,76,32,-8.93411,7.08108,0,0,0,0,0,0,0,0,0,0,0, 0,0,0,0,0,5,0,0,0,0
11320,5,112,-45.9,80,32,-8.61752,8.35095,0,0,0,0,0,0,0,0,0,0,0, 0,0,0,0,0,5,0,0,0,0
11320,6,87,-44.2,84,32,-8.78428,9.03307,0,0,0,0,0,0,0,0,0,0,0, 0,0,0,0,0,5,0,0,0,0
11320,7,141,-58.4,60,32,-7.66554,4.71587,0,0,0,0,0,0,0,0,0,0,0, 0,0,0,0,0,5,0,0,0,0
11360,0,244,-58.4,64,32,-8.17658,5.03026,0,0,0,0,0,0,0,0,0,0,0, 0,0,0,0,0,6,0,0,0,0
11360,1,287,-56.5,68,32,-8.50564,5.62976,0,0,0,0,0,0,0,0,0,0,0, 0,0,0,0,0,6,0,0,0,0
11360,2,241,-55.4,72,32,-8.88987,6.13271,0,0,0,0,0,0,0,0,0,0,0, 0,0,0,0,0,6,0,0,0,0
11360,3,158,-51.6,76,32,-8.93411,7.08108,0,0,0,0,0,0,0,0,0,0,0, 0,0,0,0,0,6,0,0,0,0
11360,4,110,-45.9,80,32,-8.61752,8.35095,0,0,0,0,0,0,0,0,0,0,0, 0,0,0,0,0,6,0,0,0,0
11360,5,88,-46.7,84,32,-9.16994,8.64131,0,0,0,0,0,0,0,0,0,0,0, 0,0,0,0,0,6,0,0,0,0
11360,6,140,-58.4,60,32,-7.66554,4.71587,0,0,0,0,0,0,0,0,0,0,0, 0,0,0,0,0,6,0,0,0,0
11400,0,246,-58.4,64,32,-8.17658,5.03026,0,0,0,0,0,0,0,0,0,0,0, 0,0,0,0,0,7,0,0,0,0
11400,1,288,-57.4,68,32,-8.59301,5.49546,0,0,0,0,0,0,0,0,0,0,0, 0,0,0,0,0,7,0,0,0,0
11400,2,238,-56.5,72,32,-9.00597,5.96092,0,0,0,0,0,0,0,0,0,0,0, 0,0,0,0,0,7,0,0,0,0
11400,3,152,-51.6,76,32,-8.93411,7.08108,0,0,0,0,0,0,0,0,0,0,0, 0,0,0,0,0,7,0,0,0,0
11400,4,106,-45.9,80,32,-8.61752,8.35095,0,0,0,0,0,0,0,0,0,0,0, 0,0,0,0,0,7,0,0,0,0
11400,5,86,-45,84,32,-8.90955,8.90955,0,0,0,0,0,0,0,0,0,0,0, 0,0,0,0,0,7,0,0,0,0
11400,6,139,-59.4,60,32,-7.74668,4.58137,0,0,0,0,0,0,0,0,0,0,0, 0,0,0,0,0,7,0,0,0,0
11440,0,245,-58.4,64,32,-8.17658,5.03026,0,0,0,0,0,0,0,0,0,0,0, 0,0,0,0,0,8,0,0,0,0
11440,1,289,-56.5,68,32,-8.50564,5.62976,0,0,0,0,0,0,0,0,0,0,0, 0,0,0,0,0,8,0,0,0,0
11440,2,241,-55.4,72,32,-8.88987,6.13271,0,0,0,0,0,0,0,0,0,0,0, 0,0,0,0,0,8,0,0,0,0
11440,3,158,-53.4,76,32,-9.15212,6.79696,0,0,0,0,0,0,0,0,0,0,0, 0,0,0,0,0,8,0,0,0,0
11440,4,113,-48,80,32,-8.91774,8.02957,0,0,0,0,0,0,0,0,0,0,0, 0,0,0,0,0,8,0,0,0,0
11440,5,87,-49.8,84,32,-9.62383,8.13277,0,0,0,0,0,0,0,0,0,0,0, 0,0,0,0,0,8,0,0,0,0
11440,6,139,-58.4,60,32,-7.66554,4.71587,0,0,0,0,0,0,0,0,0,0,0, 0,0,0,0,0,8,0,0,0,0
11480,0,245,-58.4,64,32,-8.17658,5.03026,0,1334,0,0,0,0,0,0,0,0,0, 0,0,0,0,0,9,0,0,0,0
11480,1,289,-57.4,68,32,-8.59301,5.49546,0,1334,0,0,0,0,0,0,0,0,0, 0,0,0,0,0,9,0,0,0,0
11480,2,241,-56.5,72,32,-9.00597,5.96092,0,1334,0,0,0,0,0,0,0,0,0, 0,0,0,0,0,9,0,0,0,0
11480,3,156,-53.4,76,32,-9.15212,6.79696,0,1334,0,0,0,0,0,0,0,0,0, 0,0,0,0,0,9,0,0,0,0
11480,4,108,-45.9,80,32,-8.61752,8.35095,0,1334,0,0,0,0,0,0,0,0,0, 0,0,0,0,0,9,0,0,0,0
11480,5,85,-45.9,84,32,-9.04839,8.7685,0,1334,0,0,0,0,0,0,0,0,0, 0,0,0,0,0,9,0,0,0,0
11480,6,139,-59.4,60,32,-7.74668,4.58137,0,1334,0,0,0,0,0,0,0,0,0, 0,0,0,0,0,9,0,0,0,0
11520,0,243,-57.4,64,32,-8.08754,5.1722,0,0,0,0,0,0,0,0,0,0,0, 0,0,0,0,0,10,0,0,0,0
11520,1,287,-56.5,68,32,-8.50564,5.62976,0,0,0,0,0,0,0,0,0,0,0, 0,0,0,0,0,10,0,0,0,0
11520,2,242,-55.4,72,32,-8.88987,6.13271,0,0,0,0,0,0,0,0,0,0,0, 0,0,0,0,0,10,0,0,0,0
11520,3,159,-51.6,76,32,-8.93411,7.08108,0,0,0,0,0,0,0,0,0,0,0, 0,0,0,0,0,10,0,0,0,0
11520,4,111,-46.7,80,32,-8.73327,8.22982,0,0,0,0,0,0,0,0,0,0,0, 0,0,0,0,0,10,0,0,0,0
11520,5,87,-46.7,84,32,-9.16994,8.64131,0,0,0,0,0,0,0,0,0,0,0, 0,0,0,0,0,10,0,0,0,0
11520,6,137,-58.4,60,32,-7.66554,4.71587,0,0,0,0,0,0,0,0,0,0,0, 0,0,0,0,0,10,0,0,0,0
11560,0,244,-57.4,64,32,-8.08754,5.1722,0,7936,0,0,0,0,0,0,0,0,0, 0,0,0,0,0,11,0,0,0,0
11560,1,288,-56.5,68,32,-8.50564,5.62976,0,7936,0,0,0,0,0,0,0,0,0, 0,0,0,0,0,11,0,0,0,0
11560,2,42,65.6,8,33,1.09282,0.495725,0,7936,0,0,0,0,0,0,0,0,0, 0,0,0,0,0,11,0,0,0,0
11560,3,240,-55.4,72,32,-8.88987,6.13271,0,7936,0,0,0,0,0,0,0,0,0, 0,0,0,0,0,11,0,0,0,0
11560,4,158,-51.6,76,32,-8.93411,7.08108,0,7936,0,0,0,0,0,0,0,0,0, 0,0,0,0,0,11,0,0,0,0
11560,5,109,-45.9,80,32,-8.61752,8.35095,0,7936,0,0,0,0,0,0,0,0,0, 0,0,0,0,0,11,0,0,0,0
11560,6,87,-45,84,32,-8.90955,8.90955,0,7936,0,0,0,0,0,0,0,0,0, 0,0,0,0,0,11,0,0,0,0
11560,7,138,-56.5,60,32,-7.50497,4.96743,0,7936,0,0,0,0,0,0,0,0,0, 0,0,0,0,0,11,0,0,0,0
11600,0,244,-56.5,64,32,-8.0053,5.2986,0,1140,0,0,0,0,0,0,0,0,0, 0,0,0,0,0,12,0,0,0,0
11600,1,287,-56.5,68,32,-8.50564,5.62976,0,1140,0,0,0,0,0,0,0,0,0, 0,0,0,0,0,12,0,0,0,0
11600,2,239,-55.4,72,32,-8.88987,6.13271,0,1140,0,0,0,0,0,0,0,0,0, 0,0,0,0,0,12,0,0,0,0
11600,3,153,-51.6,76,32,-8.93411,7.08108,0,1140,0,0,0,0,0,0,0,0,0, 0,0,0,0,0,12,0,0,0,0
11600,4,107,-45.9,80,32,-8.61752,8.35095,0,1140,0,0,0,0,0,0,0,0,0, 0,0,0,0,0,12,0,0,0,0
11600,5,86,-45,84,32,-8.90955,8.90955,0,1140,0,0,0,0,0,0,0,0,0, 0,0,0,0,0,12,0,0,0,0
11600,6,141,-57.4,60,32,-7.58207,4.84894,0,1140,0,0,0,0,0,0,0,0,0, 0,0,0,0,0,12,0,0,0,0
11640,0,246,-56.5,64,32,-8.0053,5.2986,0,86,0,0,0,0,0,0,0,0,0, 0,0,0,0,0,13,0,0,0,0
11640,1,290,-56.5,68,32,-8.50564,5.62976,0,86,0,0,0,0,0,0,0,0,0, 0,0,0,0,0,13,0,0,0,0
11640,2,43,69.6,8,33,1.12474,0.418287,0,86,0,0,0,0,0,0,0,0,0, 0,0,0,0,0,13,0,0,0,0
11640,3,244,-55.4,72,32,-8.88987,6.13271,0,86,0,0,0,0,0,0,0,0,0, 0,0,0,0,0,13,0,0,0,0
11640,4,157,-53.4,76,32,-9.15212,6.79696,0,86,0,0,0,0,0,0,0,0,0, 0,0,0,0,0,13,0,0,0,0
11640,5,109,-48,80,32,-8.91774,8.02957,0,86,0,0,0,0,0,0,0,0,0, 0,0,0,0,0,13,0,0,0,0
11640,6,88,-45.9,84,32,-9.04839,8.7685,0,86,0,0,0,0,0,0,0,0,0, 0,0,0,0,0,13,0,0,0,0
11640,7,139,-56.5,60,32,-7.50497,4.96743,0,86,0,0,0,0,0,0,0,0,0, 0,0,0,0,0,13,0,0,0,0
11680,0,246,-57.4,64,32,-8.08754,5.1722,0,0,0,0,0,0,0,0,0,0,0, 0,0,0,0,0,14,0,0,0,0
11680,1,292,-56.5,68,32,-8.50564,5.62976,0,0,0,0,0,0,0,0,0,0,0, 0,0,0,0,0,14,0,0,0,0
11680,2,241,-55.4,72,32,-8.88987,6.13271,0,0,0,0,0,0,0,0,0,0,0, 0,0,0,0,0,14,0,0,0,0
11680,3,156,-53.4,76,32,-9.15212,6.79696,0,0,0,0,0,0,0,0,0,0,0, 0,0,0,0,0,14,0,0,0,0
11680,4,107,-45.9,80,32,-8.61752,8.35095,0,0,0,0,0,0,0,0,0,0,0, 0,0,0,0,0,14,0,0,0,0
11680,5,89,-43.6,84,32,-8.68921,9.12457,0,0,0,0,0,0,0,0,0,0,0, 0,0,0,0,0,14,0,0,0,0
11680,6,141,-58.4,60,32,-7.66554,4.71587,0,0,0,0,0,0,0,0,0,0,0, 0,0,0,0,0,14,0,0,0,0
11720,0,246,-57.4,64,32,-8.08754,5.1722,0,0,0,0,0,0,0,0,0,0,0, 0,0,0,0,0,15,0,0,0,0
11720,1,291,-56.5,68,32,-8.50564,5.62976,0,0,0,0,0,0,0,0,0,0,0, 0,0,0,0,0,15,0,0,0,0
11720,2,243,-55.4,72,32,-8.88987,6.13271,0,0,0,0,0,0,0,0,0,0,0, 0,0,0,0,0,15,0,0,0,0
11720,3,157,-51.6,76,32,-8.93411,7.08108,0,0,0,0,0,0,0,0,0,0,0, 0,0,0,0,0,15,0,0,0,0
11720,4,110,-45.9,80,32,-8.61752,8.35095,0,0,0,0,0,0,0,0,0,0,0, 0,0,0,0,0,15,0,0,0,0
11720,5,88,-44.2,84,32,-8.78428,9.03307,0,0,0,0,0,0,0,0,0,0,0, 0,0,0,0,0,15,0,0,0,0
11720,6,140,-57.4,60,32,-7.58207,4.84894,0,0,0,0,0,0,0,0,0,0,0, 0,0,0,0,0,15,0,0,0,0
11760,0,247,-56.5,64,32,-8.0053,5.2986,0,0,0,0,0,0,0,0,0,0,0, 0,0,0,0,0,0,0,0,0,0
11760,1,291,-56.5,68,32,-8.50564,5.62976,0,0,0,0,0,0,0,0,0,0,0, 0,0,0,0,0,0,0,0,0,0
11760,2,41,69.6,8,33,1.12474,0.418287,0,0,0,0,0,0,0,0,0,0,0, 0,0,0,0,0,0,0,0,0,0
11760,3,243,-55.4,72,32,-8.88987,6.13271,0,0,0,0,0,0,0,0,0,0,0, 0,0,0,0,0,0,0,0,0,0
11760,4,157,-51.6,76,32,-8.93411,7.08108,0,0,0,0,0,0,0,0,0,0,0, 0,0,0,0,0,0,0,0,0,0
11760,5,111,-45,80,32,-8.48528,8.48528,0,0,0,0,0,0,0,0,0,0,0, 0,0,0,0,0,0,0,0,0,0
11760,6,93,-45,84,32,-8.90955,8.90955,0,0,0,0,0,0,0,0,0,0,0, 0,0,0,0,0,0,0,0,0,0
11760,7,138,-57.4,60,32,-7.58207,4.84894,0,0,0,0,0,0,0,0,0,0,0, 0,0,0,0,0,0,0,0,0,0
11800,0,244,-57.4,64,32,-8.08754,5.1722,0,0,0,0,0,0,0,0,0,0,0, 0,0,0,0,0,1,0,0,0,0
11800,1,288,-56.5,68,32,-8.50564,5.62976,0,0,0,0,0,0,0,0,0,0,0, 0,0,0,0,0,1,0,0,0,0
11800,2,38,68.6,8,30.75,1.11727,0.437852,0,0,0,0,0,0,0,0,0,0,0, 0,0,0,0,0,1,0,0,0,0
11800,3,239,-55.4,72,32,-8.88987,6.13271,0,0,0,0,0,0,0,0,0,0,0, 0,0,0,0,0,1,0,0,0,0
11800,4,157,-51.6,76,32,-8.93411,7.08108,0,0,0,0,0,0,0,0,0,0,0, 0,0,0,0,0,1,0,0,0,0
11800,5,113,-45,80,32,-8.48528,8.48528,0,0,0,0,0,0,0,0,0,0,0, 0,0,0,0,0,1,0,0,0,0
11800,6,93,-44.2,84,32,-8.78428,9.03307,0,0,0,0,0,0,0,0,0,0,0, 0,0,0,0,0,1,0,0,0,0
11800,7,138,-58.4,60,32,-7.66554,4.71587,0,0,0,0,0,0,0,0,0,0,0, 0,0,0,0,0,1,0,0,0,0
11840,0,245,-58.4,64,32,-8.17658,5.03026,0,0,0,0,0,0,0,0,0,0,0, 0,0,0,0,0,2,0,0,0,0
11840,1,289,-57.4,68,32,-8.59301,5.49546,0,0,0,0,0,0,0,0,0,0,0, 0,0,0,0,0,2,0,0,0,0
11840,2,239,-56.5,72,32,-9.00597,5.96092,0,0,0,0,0,0,0,0,0,0,0, 0,0,0,0,0,2,0,0,0,0
11840,3,151,-53.4,76,32,-9.15212,6.79696,0,0,0,0,0,0,0,0,0,0,0, 0,0,0,0,0,2,0,0,0,0
11840,4,106,-45.9,80,32,-8.61752,8.35095,0,0,0,0,0,0,0,0,0,0,0, 0,0,0,0,0,2,0,0,0,0
11840,5,87,-44.2,84,32,-8.78428,9.03307,0,0,0,0,0,0,0,0,0,0,0, 0,0,0,0,0,2,0,0,0,0
11840,6,138,-59.4,60,32,-7.74668,4.58137,0,0,0,0,0,0,0,0,0,0,0, 0,0,0,0,0,2,0,0,0,0
11880,0,241,-57.4,64,32,-8.08754,5.1722,0,0,0,0,0,0,0,0,0,0,0, 0,0,0,0,0,3,0,0,0,0
11880,1,287,-56.5,68,32,-8.50564,5.62976,0,0,0,0,0,0,0,0,0,0,0, 0,0,0,0,0,3,0,0,0,0
11880,2,47,75.1,8,33,1.15965,0.308559,0,0,0,0,0,0,0,0,0,0,0, 0,0,0,0,0,3,0,0,0,0
11880,3,239,-55.4,72,32,-8.88987,6.13271,0,0,0,0,0,0,0,0,0,0,0, 0,0,0,0,0,3,0,0,0,0
11880,4,154,-51.6,76,32,-8.93411,7.08108,0,0,0,0,0,0,0,0,0,0,0, 0,0,0,0,0,3,0,0,0,0
11880,5,107,-45.9,80,32,-8.61752,8.35095,0,0,0,0,0,0,0,0,0,0,0, 0,0,0,0,0,3,0,0,0,0
11880,6,86,-45,84,32,-8.90955,8.90955,0,0,0,0,0,0,0,0,0,0,0, 0,0,0,0,0,3,0,0,0,0
11880,7,137,-59.4,60,32,-7.74668,4.58137,0,0,0,0,0,0,0,0,0,0,0, 0,0,0,0,0,3,0,0,0,0
11920,0,242,-58.4,64,32,-8.17658,5.03026,0,0,0,0,0,0,0,0,0,0,0, 0,0,0,0,0,4,0,0,0,0
11920,1,287,-57.4,68,32,-8.59301,5.49546,0,0,0,0,0,0,0,0,0,0,0, 0,0,0,0,0,4,0,0,0,0
11920,2,241,-56.5,72,32,-9.00597,5.96092,0,0,0,0,0,0,0,0,0,0,0, 0,0,0,0,0,4,0,0,0,0
11920,3,155,-51.6,76,32,-8.93411,7.08108,0,0,0,0,0,0,0,0,0,0,0, 0,0,0,0,0,4,0,0,0,0
11920,4,108,-46.7,80,32,-8.73327,8.22982,0,0,0,0,0,0,0,0,0,0,0, 0,0,0,0,0,4,0,0,0,0
11920,5,86,-45.9,84,32,-9.04839,8.7685,0,0,0,0,0,0,0,0,0,0,0, 0,0,0,0,0,4,0,0,0,0
11920,6,135,-58.4,60,32,-7.66554,4.71587,0,0,0,0,0,0,0,0,0,0,0, 0,0,0,0,0,4,0,0,0,0
11960,0,242,-58.4,64,32,-8.17658,5.03026,0,0,0,0,0,0,0,0,0,0,0, 0,0,0,0,0,5,0,0,0,0
11960,1,287,-57.4,68,32,-8.59301,5.49546,0,0,0,0,0,0,0,0,0,0,0, 0,0,0,0,0,5,0,0,0,0
11960,2,240,-56.5,72,32,-9.00597,5.96092,0,0,0,0,0,0,0,0,0,0,0, 0,0,0,0,0,5,0,0,0,0
11960,3,152,-53.4,76,32,-9.15212,6.79696,0,0,0,0,0,0,0,0,0,0,0, 0,0,0,0,0,5,0,0,0,0
11960,4,104,-45.9,80,32,-8.61752,8.35095,0,0,0,0,0,0,0,0,0,0,0, 0,0,0,0,0,5,0,0,0,0
11960,5,83,-45,84,32,-8.90955,8.90955,0,0,0,0,0,0,0,0,0,0,0, 0,0,0,0,0,5,0,0,0,0
11960,6,138,-58.4,60,32,-7.66554,4.71587,0,0,0,0,0,0,0,0,0,0,0, 0,0,0,0,0,5,0,0,0,0
12000,0,246,-57.4,64,32,-8.08754,5.1722,0,0,0,0,0,0,0,0,0,0,0, 0,0,0,0,0,6,0,0,0,0
12000,1,289,-56.5,68,32,-8.50564,5.62976,0,0,0,0,0,0,0,0,0,0,0, 0,0,0,0,0,6,0,0,0,0
12000,2,243,-55.4,72,32,-8.88987,6.13271,0,0,0,0,0,0,0,0,0,0,0, 0,0,0,0,0,6,0,0,0,0
12000,3,158,-51.6,76,32,-8.93411,7.08108,0,0,0,0,0,0,0,0,0,0,0, 0,0,0,0,0,6,0,0,0,0
12000,4,107,-48,80,32,-8.91774,8.02957,0,0,0,0,0,0,0,0,0,0,0, 0,0,0,0,0,6,0,0,0,0
12000,5,83,-49.8,84,32,-9.62383,8.13277,0,0,0,0,0,0,0,0,0,0,0, 0,0,0,0,0,6,0,0,0,0
12000,6,139,-57.4,60,32,-7.58207,4.84894,0,0,0,0,0,0,0,0,0,0,0, 0,0,0,0,0,6,0,0,0,0
12040,0,246,-57.4,64,32,-8.08754,5.1722,0,0,0,0,0,0,0,0,0,0,0, 0,0,0,0,0,7,0,0,0,0
12040,1,291,-56.5,68,32,-8.50564,5.62976,0,0,0,0,0,0,0,0,0,0,0, 0,0,0,0,0,7,0,0,0,0
12040,2,244,-55.4,72,32,-8.88987,6.13271,0,0,0,0,0,0,0,0,0,0,0, 0,0,0,0,0,7,0,0,0,0
12040,3,156,-51.6,76,32,-8.93411,7.08108,0,0,0,0,0,0,0,0,0,0,0, 0,0,0,0,0,7,0,0,0,0
12040,4,105,-46.7,80,32,-8.73327,8.22982,0,0,0,0,0,0,0,0,0,0,0, 0,0,0,0,0,7,0,0,0,0
12040,5,81,-45.9,84,32,-9.04839,8.7685,0,0,0,0,0,0,0,0,0,0,0, 0,0,0,0,0,7,0,0,0,0
12040,6,137,-57.4,60,32,-7.58207,4.84894,0,0,0,0,0,0,0,0,0,0,0, 0,0,0,0,0,7,0,0,0,0
12080,0,244,-56.5,64,32,-8.0053,5.2986,0,0,0,0,0,0,0,0,0,0,0, 0,0,0,0,0,8,0,0,0,0
12080,1,288,-56.5,68,32,-8.50564,5.62976,0,0,0,0,0,0,0,0,0,0,0, 0,0,0,0,0,8,0,0,0,0
12080,2,243,-55.4,72,32,-8.88987,6.13271,0,0,0,0,0,0,0,0,0,0,0, 0,0,0,0,0,8,0,0,0,0
12080,3,158,-51.6,76,32,-8.93411,7.08108,0,0,0,0,0,0,0,0,0,0,0, 0,0,0,0,0,8,0,0,0,0
12080,4,111,-45.9,80,32,-8.61752,8.35095,0,0,0,0,0,0,0,0,0,0,0, 0,0,0,0,0,8,0,0,0,0
12080,5,90,-45.9,84,32,-9.04839,8.7685,0,0,0,0,0,0,0,0,0,0,0, 0,0,0,0,0,8,0,0,0,0
12080,6,137,-57.4,60,32,-7.58207,4.84894,0,0,0,0,0,0,0,0,0,0,0, 0,0,0,0,0,8,0,0,0,0
12120,0,244,-57.4,64,32,-8.08754,5.1722,0,1334,0,0,0,0,0,0,0,0,0, 0,0,0,0,0,9,0,0,0,0
12120,1,288,-56.5,68,32,-8.50564,5.62976,0,1334,0,0,0,0,0,0,0,0,0, 0,0,0,0,0,9,0,0,0,0
12120,2,241,-55.4,72,32,-8.88987,6.13271,0,1334,0,0,0,0,0,0,0,0,0, 0,0,0,0,0,9,0,0,0,0
12120,3,155,-51.6,76,32,-8.93411,7.08108,0,1334,0,0,0,0,0,0,0,0,0, 0,0,0,0,0,9,0,0,0,0
12120,4,108,-45.9,80,32,-8.61752,8.35095,0,1334,0,0,0,0,0,0,0,0,0, 0,0,0,0,0,9,0,0,0,0
12120,5,88,-43.6,84,32,-8.68921,9.12457,0,1334,0,0,0,0,0,0,0,0,0, 0,0,0,0,0,9,0,0,0,0
12120,6,139,-57.4,60,32,-7.58207,4.84894,0,1334,0,0,0,0,0,0,0,0,0, 0,0,0,0,0,9,0,0,0,0
12160,0,245,-56.5,64,32,-8.0053,5.2986,0,0,0,0,0,0,0,0,0,0,0, 0,0,0,0,0,10,0,0,0,0
12160,1,289,-56.5,68,32,-8.50564,5.62976,0,0,0,0,0,0,0,0,0,0,0, 0,0,0,0,0,10,0,0,0,0
12160,2,242,-55.4,72,32,-8.88987,6.13271,0,0,0,0,0,0,0,0,0,0,0, 0,0,0,0,0,10,0,0,0,0
12160,3,159,-51.6,76,32,-8.93411,7.08108,0,0,0,0,0,0,0,0,0,0,0, 0,0,0,0,0,10,0,0,0,0
12160,4,111,-46.7,80,32,-8.73327,8.22982,0,0,0,0,0,0,0,0,0,0,0, 0,0,0,0,0,10,0,0,0,0
12160,5,87,-46.7,84,32,-9.16994,8.64131,0,0,0,0,0,0,0,0,0,0,0, 0,0,0,0,0,10,0,0,0,0
12160,6,138,-56.5,60,32,-7.50497,4.96743,0,0,0,0,0,0,0,0,0,0,0, 0,0,0,0,0,10,0,0,0,0
12200,0,246,-57.4,64,32,-8.08754,5.1722,0,7936,0,0,0,0,0,0,0,0,0, 0,0,0,0,0,11,0,0,0,0
12200,1,288,-56.5,68,32,-8.50564,5.62976,0,7936,0,0,0,0,0,0,0,0,0, 0,0,0,0,0,11,0,0,0,0
12200,2,241,-56.5,72,32,-9.00597,5.96092,0,7936,0,0,0,0,0,0,0,0,0, 0,0,0,0,0,11,0,0,0,0
12200,3,153,-53.4,76,32,-9.15212,6.79696,0,7936,0,0,0,0,0,0,0,0,0, 0,0,0,0,0,11,0,0,0,0
12200,4,107,-45.9,80,32,-8.61752,8.35095,0,7936,0,0,0,0,0,0,0,0,0, 0,0,0,0,0,11,0,0,0,0
12200,5,86,-45,84,32,-8.90955,8.90955,0,7936,0,0,0,0,0,0,0,0,0, 0,0,0,0,0,11,0,0,0,0
12200,6,138,-56.5,60,32,-7.50497,4.96743,0,7936,0,0,0,0,0,0,0,0,0, 0,0,0,0,0,11,0,0,0,0
12240,0,246,-56.5,64,32,-8.0053,5.2986,0,1140,0,0,0,0,0,0,0,0,0, 0,0,0,0,0,12,0,0,0,0
12240,1,291,-55.4,68,32,-8.39599,5.79201,0,1140,0,0,0,0,0,0,0,0,0, 0,0,0,0,0,12,0,0,0,0
12240,2,42,64.6,8,33,1.084,0.514722,0,1140,0,0,0,0,0,0,0,0,0, 0,0,0,0,0,12,0,0,0,0
12240,3,243,-55.4,72,32,-8.88987,6.13271,0,1140,0,0,0,0,0,0,0,0,0, 0,0,0,0,0,12,0,0,0,0
12240,4,158,-51.6,76,32,-8.93411,7.08108,0,1140,0,0,0,0,0,0,0,0,0, 0,0,0,0,0,12,0,0,0,0
12240,5,112,-45.9,80,32,-8.61752,8.35095,0,1140,0,0,0,0,0,0,0,0,0, 0,0,0,0,0,12,0,0,0,0
12240,6,87,-45,84,32,-8.90955,8.90955,0,1140,0,0,0,0,0,0,0,0,0, 0,0,0,0,0,12,0,0,0,0
12240,7,137,-57.4,60,32,-7.58207,4.84894,0,1140,0,0,0,0,0,0,0,0,0, 0,0,0,0,0,12,0,0,0,0
12280,0,246,-56.5,64,32,-8.0053,5.2986,0,86,0,0,0,0,0,0,0,0,0, 0,0,0,0,0,13,0,0,0,0
12280,1,291,-56.5,68,32,-8.50564,5.62976,0,86,0,0,0,0,0,0,0,0,0, 0,0,0,0,0,13,0,0,0,0
12280,2,245,-54.4,72,32,-8.78149,6.28693,0,86,0,0,0,0,0,0,0,0,0, 0,0,0,0,0,13,0,0,0,0
12280,3,160,-49.8,76,32,-8.70727,7.35822,0,86,0,0,0,0,0,0,0,0,0, 0,0,0,0,0,13,0,0,0,0
12280,4,113,-45.9,80,32,-8.61752,8.35095,0,86,0,0,0,0,0,0,0,0,0, 0,0,0,0,0,13,0,0,0,0
12280,5,88,-45,84,32,-8.90955,8.90955,0,86,0,0,0,0,0,0,0,0,0, 0,0,0,0,0,13,0,0,0,0
12280,6,139,-56.5,60,32,-7.50497,4.96743,0,86,0,0,0,0,0,0,0,0,0, 0,0,0,0,0,13,0,0,0,0
12320,0,248,-56.5,64,32,-8.0053,5.2986,0,0,0,0,0,0,0,0,0,0,0, 0,0,0,0,0,14,0,0,0,0
12320,1,292,-56.5,68,32,-8.50564,5.62976,0,0,0,0,0,0,0,0,0,0,0, 0,0,0,0,0,14,0,0,0,0
12320,2,244,-54.4,72,32,-8.78149,6.28693,0,0,0,0,0,0,0,0,0,0,0, 0,0,0,0,0,14,0,0,0,0
12320,3,157,-49.8,76,32,-8.70727,7.35822,0,0,0,0,0,0,0,0,0,0,0, 0,0,0,0,0,14,0,0,0,0
12320,4,110,-45,80,32,-8.48528,8.48528,0,0,0,0,0,0,0,0,0,0,0, 0,0,0,0,0,14,0,0,0,0
12320,5,87,-45,84,32,-8.90955,8.90955,0,0,0,0,0,0,0,0,0,0,0, 0,0,0,0,0,14,0,0,0,0
12320,6,140,-56.5,60,32,-7.50497,4.96743,0,0,0,0,0,0,0,0,0,0,0, 0,0,0,0,0,14,0,0,0,0
12360,0,247,-56.5,64,32,-8.0053,5.2986,0,0,0,0,0,0,0,0,0,0,0, 0,0,0,0,0,15,0,0,0,0
12360,1,290,-56.5,68,32,-8.50564,5.62976,0,0,0,0,0,0,0,0,0,0,0, 0,0,0,0,0,15,0,0,0,0
12360,2,244,-55.4,72,32,-8.88987,6.13271,0,0,0,0,0,0,0,0,0,0,0, 0,0,0,0,0,15,0,0,0,0
12360,3,158,-51.6,76,32,-8.93411,7.08108,0,0,0,0,0,0,0,0,0,0,0, 0,0,0,0,0,15,0,0,0,0
12360,4,112,-46.7,80,32,-8.73327,8.22982,0,0,0,0,0,0,0,0,0,0,0, 0,0,0,0,0,15,0,0,0,0
12360,5,86,-46.7,84,32,-9.16994,8.64131,0,0,0,0,0,0,0,0,0,0,0, 0,0,0,0,0,15,0,0,0,0
12360,6,140,-56.5,60,32,-7.50497,4.96743,0,0,0,0,0,0,0,0,0,0,0, 0,0,0,0,0,15,0,0,0,0
12400,0,248,-57.4,64,32,-8.08754,5.1722,0,0,0,0,0,0,0,0,0,0,0, 0,0,0,0,0,0,0,0,0,0
12400,1,291,-56.5,68,32,-8.50564,5.62976,0,0,0,0,0,0,0,0,0,0,0, 0,0,0,0,0,0,0,0,0,0
12400,2,242,-56.5,72,32,-9.00597,5.96092,0,0,0,0,0,0,0,0,0,0,0, 0,0,0,0,0,0,0,0,0,0
12400,3,154,-54.4,76,32,-9.26935,6.6362,0,0,0,0,0,0,0,0,0,0,0, 0,0,0,0,0,0,0,0,0,0
12400,4,107,-48,80,32,-8.91774,8.02957,0,0,0,0,0,0,0,0,0,0,0, 0,0,0,0,0,0,0,0,0,0
12400,5,83,-46.7,84,32,-9.16994,8.64131,0,0,0,0,0,0,0,0,0,0,0, 0,0,0,0,0,0,0,0,0,0
12400,6,139,-56.5,60,32,-7.50497,4.96743,0,0,0,0,0,0,0,0,0,0,0, 0,0,0,0,0,0,0,0,0,0
12440,0,246,-56.5,64,32,-8.0053,5.2986,0,0,0,0,0,0,0,0,0,0,0, 0,0,0,0,0,1,0,0,0,0
12440,1,291,-56.5,68,32,-8.50564,5.62976,0,0,0,0,0,0,0,0,0,0,0, 0,0,0,0,0,1,0,0,0,0
12440,2,243,-55.4,72,32,-8.88987,6.13271,0,0,0,0,0,0,0,0,0,0,0, 0,0,0,0,0,1,0,0,0,0
12440,3,158,-53.4,76,32,-9.15212,6.79696,0,0,0,0,0,0,0,0,0,0,0, 0,0,0,0,0,1,0,0,0,0
12440,4,110,-46.7,80,32,-8.73327,8.22982,0,0,0,0,0,0,0,0,0,0,0, 0,0,0,0,0,1,0,0,0,0
12440,5,88,-48,84,32,-9.36363,8.43105,0,0,0,0,0,0,0,0,0,0,0, 0,0,0,0,0,1,0,0,0,0
12440,6,139,-57.4,60,32,-7.58207,4.84894,0,0,0,0,0,0,0,0,0,0,0, 0,0,0,0,0,1,0,0,0,0
12480,0,246,-58.4,64,32,-8.17658,5.03026,0,0,0,0,0,0,0,0,0,0,0, 0,0,0,0,0,2,0,0,0,0
12480,1,291,-57.4,68,32,-8.59301,5.49546,0,0,0,0,0,0,0,0,0,0,0, 0,0,0,0,0,2,0,0,0,0
12480,2,244,-56.5,72,32,-9.00597,5.96092,0,0,0,0,0,0,0,0,0,0,0, 0,0,0,0,0,2,0,0,0,0
12480,3,154,-54.4,76,32,-9.26935,6.6362,0,0,0,0,0,0,0,0,0,0,0, 0,0,0,0,0,2,0,0,0,0
12480,4,108,-48,80,32,-8.91774,8.02957,0,0,0,0,0,0,0,0,0,0,0, 0,0,0,0,0,2,0,0,0,0
12480,5,85,-45.9,84,32,-9.04839,8.7685,0,0,0,0,0,0,0,0,0,0,0, 0,0,0,0,0,2,0,0,0,0
12480,6,139,-58.4,60,32,-7.66554,4.71587,0,0,0,0,0,0,0,0,0,0,0, 0,0,0,0,0,2,0,0,0,0
12520,0,247,-57.4,64,32,-8.08754,5.1722,0,0,0,0,0,0,0,0,0,0,0, 0,0,0,0,0,3,0,0,0,0
12520,1,292,-56.5,68,32,-8.50564,5.62976,0,0,0,0,0,0,0,0,0,0,0, 0,0,0,0,0,3,0,0,0,0
12520,2,244,-55.4,72,32,-8.88987,6.13271,0,0,0,0,0,0,0,0,0,0,0, 0,0,0,0,0,3,0,0,0,0
12520,3,159,-53.4,76,32,-9.15212,6.79696,0,0,0,0,0,0,0,0,0,0,0, 0,0,0,0,0,3,0,0,0,0
12520,4,110,-48,80,32,-8.91774,8.02957,0,0,0,0,0,0,0,0,0,0,0, 0,0,0,0,0,3,0,0,0,0
12520,5,86,-46.7,84,32,-9.16994,8.64131,0,0,0,0,0,0,0,0,0,0,0, 0,0,0,0,0,3,0,0,0,0
12520,6,140,-57.4,60,32,-7.58207,4.84894,0,0,0,0,0,0,0,0,0,0,0, 0,0,0,0,0,3,0,0,0,0
12560,0,248,-57.4,64,32,-8.08754,5.1722,0,0,0,0,0,0,0,0,0,0,0, 0,0,0,0,0,4,0,0,0,0
12560,1,292,-56.5,68,32,-8.50564,5.62976,0,0,0,0,0,0,0,0,0,0,0, 0,0,0,0,0,4,0,0,0,0
12560,2,242,-54.4,72,32,-8.78149,6.28693,0,0,0,0,0,0,0,0,0,0,0, 0,0,0,0,0,4,0,0,0,0
12560,3,22,6.1,104,31.5,1.65772,15.5117,0,0,0,0,0,0,0,0,0,0,0, 0,0,0,0,0,4,0,0,0,0
12560,4,156,-49.8,76,32,-8.70727,7.35822,0,0,0,0,0,0,0,0,0,0,0, 0,0,0,0,0,4,0,0,0,0
12560,5,110,-46.7,80,32,-8.73327,8.22982,0,0,0,0,0,0,0,0,0,0,0, 0,0,0,0,0,4,0,0,0,0
12560,6,86,-48,84,32,-9.36363,8.43105,0,0,0,0,0,0,0,0,0,0,0, 0,0,0,0,0,4,0,0,0,0
12560,7,138,-58.4,60,32,-7.66554,4.71587,0,0,0,0,0,0,0,0,0,0,0, 0,0,0,0,0,4,0,0,0,0
12600,0,244,-59.4,64,32,-8.26312,4.8868,0,0,0,0,0,0,0,0,0,0,0, 0,0,0,0,0,5,0,0,0,0
12600,1,290,-58.4,68,32,-8.68761,5.34466,0,0,0,0,0,0,0,0,0,0,0, 0,0,0,0,0,5,0,0,0,0
12600,2,242,-56.5,72,32,-9.00597,5.96092,0,0,0,0,0,0,0,0,0,0,0, 0,0,0,0,0,5,0,0,0,0
12600,3,156,-54.4,76,32,-9.26935,6.6362,0,0,0,0,0,0,0,0,0,0,0, 0,0,0,0,0,5,0,0,0,0
12600,4,109,-49.8,80,32,-9.16555,7.74549,0,0,0,0,0,0,0,0,0,0,0, 0,0,0,0,0,5,0,0,0,0
12600,5,83,-49.8,84,32,-9.62383,8.13277,0,0,0,0,0,0,0,0,0,0,0, 0,0,0,0,0,5,0,0,0,0
12600,6,140,-57.4,60,32,-7.58207,4.84894,0,0,0,0,0,0,0,0,0,0,0, 0,0,0,0,0,5,0,0,0,0
12640,0,245,-57.4,64,32,-8.08754,5.1722,0,0,0,0,0,0,0,0,0,0,0, 0,0,0,0,0,6,0,0,0,0
12640,1,291,-56.5,68,32,-8.50564,5.62976,0,0,0,0,0,0,0,0,0,0,0, 0,0,0,0,0,6,0,0,0,0
12640,2,240,-56.5,72,32,-9.00597,5.96092,0,0,0,0,0,0,0,0,0,0,0, 0,0,0,0,0,6,0,0,0,0
12640,3,151,-53.4,76,32,-9.15212,6.79696,0,0,0,0,0,0,0,0,0,0,0, 0,0,0,0,0,6,0,0,0,0
12640,4,103,-49.8,80,32,-9.16555,7.74549,0,0,0,0,0,0,0,0,0,0,0, 0,0,0,0,0,6,0,0,0,0
12640,5,10,-25.2,208,59,-13.2843,28.2306,0,0,0,0,0,0,0,0,0,0,0, 0,0,0,0,0,6,0,0,0,0
12640,6,138,-59.4,60,32,-7.74668,4.58137,0,0,0,0,0,0,0,0,0,0,0, 0,0,0,0,0,6,0,0,0,0
12680,0,243,-58.4,64,32,-8.17658,5.03026,0,0,0,0,0,0,0,0,0,0,0, 0,0,0,0,0,7,0,0,0,0
12680,1,288,-57.4,68,32,-8.59301,5.49546,0,0,0,0,0,0,0,0,0,0,0, 0,0,0,0,0,7,0,0,0,0
12680,2,240,-56.5,72,32,-9.00597,5.96092,0,0,0,0,0,0,0,0,0,0,0, 0,0,0,0,0,7,0,0,0,0
12680,3,155,-53.4,76,32,-9.15212,6.79696,0,0,0,0,0,0,0,0,0,0,0, 0,0,0,0,0,7,0,0,0,0
12680,4,108,-48,80,32,-8.91774,8.02957,0,0,0,0,0,0,0,0,0,0,0, 0,0,0,0,0,7,0,0,0,0
12680,5,81,-49.8,84,32,-9.62383,8.13277,0,0,0,0,0,0,0,0,0,0,0, 0,0,0,0,0,7,0,0,0,0
12680,6,140,-58.4,60,32,-7.66554,4.71587,0,0,0,0,0,0,0,0,0,0,0, 0,0,0,0,0,7,0,0,0,0
12720,0,244,-57.4,64,32,-8.08754,5.1722,0,0,0,0,0,0,0,0,0,0,0, 0,0,0,0,0,8,0,0,0,0
12720,1,288,-56.5,68,32,-8.50564,5.62976,0,0,0,0,0,0,0,0,0,0,0, 0,0,0,0,0,8,0,0,0,0
12720,2,41,71.1,8,33,1.1353,0.388701,0,0,0,0,0,0,0,0,0,0,0, 0,0,0,0,0,8,0,0,0,0
12720,3,242,-55.4,72,32,-8.88987,6.13271,0,0,0,0,0,0,0,0,0,0,0, 0,0,0,0,0,8,0,0,0,0
12720,4,25,4.2,104,31.75,1.14252,15.5581,0,0,0,0,0,0,0,0,0,0,0, 0,0,0,0,0,8,0,0,0,0
12720,5,157,-53.4,76,32,-9.15212,6.79696,0,0,0,0,0,0,0,0,0,0,0, 0,0,0,0,0,8,0,0,0,0
12720,6,108,-48,80,32,-8.91774,8.02957,0,0,0,0,0,0,0,0,0,0,0, 0,0,0,0,0,8,0,0,0,0
12720,7,139,-58.4,60,32,-7.66554,4.71587,0,0,0,0,0,0,0,0,0,0,0, 0,0,0,0,0,8,0,0,0,0
12760,0,244,-59.4,64,32,-8.26312,4.8868,0,1334,0,0,0,0,0,0,0,0,0, 0,0,0,0,0,9,0,0,0,0
12760,1,287,-58.4,68,32,-8.68761,5.34466,0,1334,0,0,0,0,0,0,0,0,0, 0,0,0,0,0,9,0,0,0,0
12760,2,238,-57.4,72,32,-9.09849,5.81872,0,1334,0,0,0,0,0,0,0,0,0, 0,0,0,0,0,9,0,0,0,0
12760,3,151,-54.4,76,32,-9.26935,6.6362,0,1334,0,0,0,0,0,0,0,0,0, 0,0,0,0,0,9,0,0,0,0
12760,4,101,-49.8,80,32,-9.16555,7.74549,0,1334,0,0,0,0,0,0,0,0,0, 0,0,0,0,0,9,0,0,0,0
12760,5,141,-59.4,60,32,-7.74668,4.58137,0,1334,0,0,0,0,0,0,0,0,0, 0,0,0,0,0,9,0,0,0,0
12800,0,247,-58.4,64,32,-8.17658,5.03026,0,0,0,0,0,0,0,0,0,0,0, 0,0,0,0,0,10,0,0,0,0
12800,1,289,-57.4,68,32,-8.59301,5.49546,0,0,0,0,0,0,0,0,0,0,0, 0,0,0,0,0,10,0,0,0,0
12800,2,40,75.1,8,33,1.15965,0.308559,0,0,0,0,0,0,0,0,0,0,0, 0,0,0,0,0,10,0,0,0,0
12800,3,244,-56.5,72,32,-9.00597,5.96092,0,0,0,0,0,0,0,0,0,0,0, 0,0,0,0,0,10,0,0,0,0
12800,4,155,-55.4,76,32,-9.38375,6.47342,0,0,0,0,0,0,0,0,0,0,0, 0,0,0,0,0,10,0,0,0,0
12800,5,104,-55.4,80,32,-9.87764,6.81413,0,0,0,0,0,0,0,0,0,0,0, 0,0,0,0,0,10,0,0,0,0
12800,6,139,-58.4,60,32,-7.66554,4.71587,0,0,0,0,0,0,0,0,0,0,0, 0,0,0,0,0,10,0,0,0,0
12840,0,247,-57.4,64,32,-8.08754,5.1722,0,7936,0,0,0,0,0,0,0,0,0, 0,0,0,0,0,11,0,0,0,0
12840,1,292,-56.5,68,32,-8.50564,5.62976,0,7936,0,0,0,0,0,0,0,0,0, 0,0,0,0,0,11,0,0,0,0
12840,2,242,-56.5,72,32,-9.00597,5.96092,0,7936,0,0,0,0,0,0,0,0,0, 0,0,0,0,0,11,0,0,0,0
12840,3,155,-53.4,76,32,-9.15212,6.79696,0,7936,0,0,0,0,0,0,0,0,0, 0,0,0,0,0,11,0,0,0,0
12840,4,100,-51.6,80,32,-9.40432,7.45377,0,7936,0,0,0,0,0,0,0,0,0, 0,0,0,0,0,11,0,0,0,0
12840,5,140,-58.4,60,32,-7.66554,4.71587,0,7936,0,0,0,0,0,0,0,0,0, 0,0,0,0,0,11,0,0,0,0
12880,0,246,-58.4,64,32,-8.17658,5.03026,0,1140,0,0,0,0,0,0,0,0,0, 0,0,0,0,0,12,0,0,0,0
12880,1,289,-57.4,68,32,-8.59301,5.49546,0,1140,0,0,0,0,0,0,0,0,0, 0,0,0,0,0,12,0,0,0,0
12880,2,243,-56.5,72,32,-9.00597,5.96092,0,1140,0,0,0,0,0,0,0,0,0, 0,0,0,0,0,12,0,0,0,0
12880,3,157,-54.4,76,32,-9.26935,6.6362,0,1140,0,0,0,0,0,0,0,0,0, 0,0,0,0,0,12,0,0,0,0
12880,4,105,-54.4,80,32,-9.75721,6.98548,0,1140,0,0,0,0,0,0,0,0,0, 0,0,0,0,0,12,0,0,0,0
12880,5,139,-57.4,60,32,-7.58207,4.84894,0,1140,0,0,0,0,0,0,0,0,0, 0,0,0,0,0,12,0,0,0,0
12920,0,249,-56.5,64,32,-8.0053,5.2986,0,86,0,0,0,0,0,0,0,0,0, 0,0,0,0,0,13,0,0,0,0
12920,1,295,-55.4,68,32,-8.39599,5.79201,0,86,0,0,0,0,0,0,0,0,0, 0,0,0,0,0,13,0,0,0,0
12920,2,246,-55.4,72,32,-8.88987,6.13271,0,86,0,0,0,0,0,0,0,0,0, 0,0,0,0,0,13,0,0,0,0
12920,3,158,-53.4,76,32,-9.15212,6.79696,0,86,0,0,0,0,0,0,0,0,0, 0,0,0,0,0,13,0,0,0,0
12920,4,106,-53.4,80,32,-9.63381,7.1547,0,86,0,0,0,0,0,0,0,0,0, 0,0,0,0,0,13,0,0,0,0
12920,5,142,-56.5,60,32,-7.50497,4.96743,0,86,0,0,0,0,0,0,0,0,0, 0,0,0,0,0,13,0,0,0,0
12960,0,247,-58.4,64,32,-8.17658,5.03026,0,0,0,0,0,0,0,0,0,0,0, 0,0,0,0,0,14,0,0,0,0
12960,1,291,-57.4,68,32,-8.59301,5.49546,0,0,0,0,0,0,0,0,0,0,0, 0,0,0,0,0,14,0,0,0,0
12960,2,39,75.1,8,33,1.15965,0.308559,0,0,0,0,0,0,0,0,0,0,0, 0,0,0,0,0,14,0,0,0,0
12960,3,242,-56.5,72,32,-9.00597,5.96092,0,0,0,0,0,0,0,0,0,0,0, 0,0,0,0,0,14,0,0,0,0
12960,4,153,-54.4,76,32,-9.26935,6.6362,0,0,0,0,0,0,0,0,0,0,0, 0,0,0,0,0,14,0,0,0,0
12960,5,100,-51.6,80,32,-9.40432,7.45377,0,0,0,0,0,0,0,0,0,0,0, 0,0,0,0,0,14,0,0,0,0
12960,6,140,-56.5,60,32,-7.50497,4.96743,0,0,0,0,0,0,0,0,0,0,0, 0,0,0,0,0,14,0,0,0,0
13000,0,250,-56.5,64,32,-8.0053,5.2986,0,0,0,0,0,0,0,0,0,0,0, 0,0,0,0,0,15,0,0,0,0
13000,1,294,-55.4,68,32,-8.39599,5.79201,0,0,0,0,0,0,0,0,0,0,0, 0,0,0,0,0,15,0,0,0,0
13000,2,243,-55.4,72,32,-8.88987,6.13271,0,0,0,0,0,0,0,0,0,0,0, 0,0,0,0,0,15,0,0,0,0
13000,3,159,-54.4,76,32,-9.26935,6.6362,0,0,0,0,0,0,0,0,0,0,0, 0,0,0,0,0,15,0,0,0,0
13000,4,106,-53.4,80,32,-9.63381,7.1547,0,0,0,0,0,0,0,0,0,0,0, 0,0,0,0,0,15,0,0,0,0
13000,5,139,-59.4,60,32,-7.74668,4.58137,0,0,0,0,0,0,0,0,0,0,0, 0,0,0,0,0,15,0,0,0,0
13040,0,245,-59.4,64,32,-8.26312,4.8868,0,0,0,0,0,0,0,0,0,0,0, 0,0,0,0,0,0,0,0,0,0
13040,1,290,-57.4,68,32,-8.59301,5.49546,0,0,0,0,0,0,0,0,0,0,0, 0,0,0,0,0,0,0,0,0,0
13040,2,243,-57.4,72,32,-9.09849,5.81872,0,0,0,0,0,0,0,0,0,0,0, 0,0,0,0,0,0,0,0,0,0
13040,3,153,-54.4,76,32,-9.26935,6.6362,0,0,0,0,0,0,0,0,0,0,0, 0,0,0,0,0,0,0,0,0,0
13040,4,100,-51.6,80,32,-9.40432,7.45377,0,0,0,0,0,0,0,0,0,0,0, 0,0,0,0,0,0,0,0,0,0
13040,5,141,-56.5,60,32,-7.50497,4.96743,0,0,0,0,0,0,0,0,0,0,0, 0,0,0,0,0,0,0,0,0,0
13080,0,246,-56.5,64,32,-8.0053,5.2986,0,0,0,0,0,0,0,0,0,0,0, 0,0,0,0,0,1,0,0,0,0
13080,1,292,-55.4,68,32,-8.39599,5.79201,0,0,0,0,0,0,0,0,0,0,0, 0,0,0,0,0,1,0,0,0,0
13080,2,244,-55.4,72,32,-8.88987,6.13271,0,0,0,0,0,0,0,0,0,0,0, 0,0,0,0,0,1,0,0,0,0
13080,3,157,-53.4,76,32,-9.15212,6.79696,0,0,0,0,0,0,0,0,0,0,0, 0,0,0,0,0,1,0,0,0,0
13080,4,106,-48,80,32,-8.91774,8.02957,0,0,0,0,0,0,0,0,0,0,0, 0,0,0,0,0,1,0,0,0,0
13080,5,139,-57.4,60,32,-7.58207,4.84894,0,0,0,0,0,0,0,0,0,0,0, 0,0,0,0,0,1,0,0,0,0
13120,0,243,-58.4,64,32,-8.17658,5.03026,0,0,0,0,0,0,0,0,0,0,0, 0,0,0,0,0,2,0,0,0,0
13120,1,288,-57.4,68,32,-8.59301,5.49546,0,0,0,0,0,0,0,0,0,0,0, 0,0,0,0,0,2,0,0,0,0
13120,2,41,71.1,8,33,1.1353,0.388701,0,0,0,0,0,0,0,0,0,0,0, 0,0,0,0,0,2,0,0,0,0
13120,3,240,-56.5,72,32,-9.00597,5.96092,0,0,0,0,0,0,0,0,0,0,0, 0,0,0,0,0,2,0,0,0,0
13120,4,154,-54.4,76,32,-9.26935,6.6362,0,0,0,0,0,0,0,0,0,0,0, 0,0,0,0,0,2,0,0,0,0
13120,5,105,-49.8,80,32,-9.16555,7.74549,0,0,0,0,0,0,0,0,0,0,0, 0,0,0,0,0,2,0,0,0,0
13120,6,140,-58.4,60,32,-7.66554,4.71587,0,0,0,0,0,0,0,0,0,0,0, 0,0,0,0,0,2,0,0,0,0
13160,0,247,-56.5,64,32,-8.0053,5.2986,0,0,0,0,0,0,0,0,0,0,0, 0,0,0,0,0,3,0,0,0,0
13160,1,292,-56.5,68,32,-8.50564,5.62976,0,0,0,0,0,0,0,0,0,0,0, 0,0,0,0,0,3,0,0,0,0
13160,2,244,-55.4,72,32,-8.88987,6.13271,0,0,0,0,0,0,0,0,0,0,0, 0,0,0,0,0,3,0,0,0,0
13160,3,159,-53.4,76,32,-9.15212,6.79696,0,0,0,0,0,0,0,0,0,0,0, 0,0,0,0,0,3,0,0,0,0
13160,4,108,-53.4,80,32,-9.63381,7.1547,0,0,0,0,0,0,0,0,0,0,0, 0,0,0,0,0,3,0,0,0,0
13160,5,82,-54.4,84,32,-10.2451,7.33475,0,0,0,0,0,0,0,0,0,0,0, 0,0,0,0,0,3,0,0,0,0
13160,6,139,-56.5,60,32,-7.50497,4.96743,0,0,0,0,0,0,0,0,0,0,0, 0,0,0,0,0,3,0,0,0,0
13200,0,244,-56.5,64,32,-8.0053,5.2986,0,0,0,0,0,0,0,0,0,0,0, 0,0,0,0,0,4,0,0,0,0
13200,1,289,-56.5,68,32,-8.50564,5.62976,0,0,0,0,0,0,0,0,0,0,0, 0,0,0,0,0,4,0,0,0,0
13200,2,241,-54.4,72,32,-8.78149,6.28693,0,0,0,0,0,0,0,0,0,0,0, 0,0,0,0,0,4,0,0,0,0
13200,3,155,-49.8,76,32,-8.70727,7.35822,0,0,0,0,0,0,0,0,0,0,0, 0,0,0,0,0,4,0,0,0,0
13200,4,106,-48,80,32,-8.91774,8.02957,0,0,0,0,0,0,0,0,0,0,0, 0,0,0,0,0,4,0,0,0,0
13200,5,83,-51.6,84,32,-9.87454,7.82646,0,0,0,0,0,0,0,0,0,0,0, 0,0,0,0,0,4,0,0,0,0
13200,6,138,-56.5,60,32,-7.50497,4.96743,0,0,0,0,0,0,0,0,0,0,0, 0,0,0,0,0,4,0,0,0,0
13240,0,244,-56.5,64,32,-8.0053,5.2986,0,0,0,0,0,0,0,0,0,0,0, 0,0,0,0,0,5,0,0,0,0
13240,1,290,-55.4,68,32,-8.39599,5.79201,0,0,0,0,0,0,0,0,0,0,0, 0,0,0,0,0,5,0,0,0,0
13240,2,243,-54.4,72,32,-8.78149,6.28693,0,0,0,0,0,0,0,0,0,0,0, 0,0,0,0,0,5,0,0,0,0
13240,3,159,-51.6,76,32,-8.93411,7.08108,0,0,0,0,0,0,0,0,0,0,0, 0,0,0,0,0,5,0,0,0,0
13240,4,111,-49.8,80,32,-9.16555,7.74549,0,0,0,0,0,0,0,0,0,0,0, 0,0,0,0,0,5,0,0,0,0
13240,5,87,-54.4,84,32,-10.2451,7.33475,0,0,0,0,0,0,0,0,0,0,0, 0,0,0,0,0,5,0,0,0,0
13240,6,138,-56.5,60,32,-7.50497,4.96743,0,0,0,0,0,0,0,0,0,0,0, 0,0,0,0,0,5,0,0,0,0
13280,0,244,-55.4,64,32,-7.90211,5.4513,0,0,0,0,0,0,0,0,0,0,0, 0,0,0,0,0,6,0,0,0,0
13280,1,290,-55.4,68,32,-8.39599,5.79201,0,0,0,0,0,0,0,0,0,0,0, 0,0,0,0,0,6,0,0,0,0
13280,2,31,72.4,8,30.75,1.14383,0.362844,0,0,0,0,0,0,0,0,0,0,0, 0,0,0,0,0,6,0,0,0,0
13280,3,244,-54.4,72,32,-8.78149,6.28693,0,0,0,0,0,0,0,0,0,0,0, 0,0,0,0,0,6,0,0,0,0
13280,4,160,-49.8,76,32,-8.70727,7.35822,0,0,0,0,0,0,0,0,0,0,0, 0,0,0,0,0,6,0,0,0,0
13280,5,114,-48,80,32,-8.91774,8.02957,0,0,0,0,0,0,0,0,0,0,0, 0,0,0,0,0,6,0,0,0,0
13280,6,84,-51.6,84,32,-9.87454,7.82646,0,0,0,0,0,0,0,0,0,0,0, 0,0,0,0,0,6,0,0,0,0
13280,7,137,-56.5,60,32,-7.50497,4.96743,0,0,0,0,0,0,0,0,0,0,0, 0,0,0,0,0,6,0,0,0,0
13320,0,244,-56.5,64,32,-8.0053,5.2986,0,0,0,0,0,0,0,0,0,0,0, 0,0,0,0,0,7,0,0,0,0
13320,1,288,-56.5,68,32,-8.50564,5.62976,0,0,0,0,0,0,0,0,0,0,0, 0,0,0,0,0,7,0,0,0,0
13320,2,240,-55.4,72,32,-8.88987,6.13271,0,0,0,0,0,0,0,0,0,0,0, 0,0,0,0,0,7,0,0,0,0
13320,3,153,-51.6,76,32,-8.93411,7.08108,0,0,0,0,0,0,0,0,0,0,0, 0,0,0,0,0,7,0,0,0,0
13320,4,107,-48,80,32,-8.91774,8.02957,0,0,0,0,0,0,0,0,0,0,0, 0,0,0,0,0,7,0,0,0,0
13320,5,133,-56.5,60,32,-7.50497,4.96743,0,0,0,0,0,0,0,0,0,0,0, 0,0,0,0,0,7,0,0,0,0
13360,0,243,-56.5,64,32,-8.0053,5.2986,0,0,0,0,0,0,0,0,0,0,0, 0,0,0,0,0,8,0,0,0,0
13360,1,287,-56.5,68,32,-8.50564,5.62976,0,0,0,0,0,0,0,0,0,0,0, 0,0,0,0,0,8,0,0,0,0
13360,2,240,-55.4,72,32,-8.88987,6.13271,0,0,0,0,0,0,0,0,0,0,0, 0,0,0,0,0,8,0,0,0,0
13360,3,158,-53.4,76,32,-9.15212,6.79696,0,0,0,0,0,0,0,0,0,0,0, 0,0,0,0,0,8,0,0,0,0
13360,4,110,-49.8,80,32,-9.16555,7.74549,0,0,0,0,0,0,0,0,0,0,0, 0,0,0,0,0,8,0,0,0,0
13360,5,138,-56.5,60,32,-7.50497,4.96743,0,0,0,0,0,0,0,0,0,0,0, 0,0,0,0,0,8,0,0,0,0
13400,0,247,-56.5,64,32,-8.0053,5.2986,0,1334,0,0,0,0,0,0,0,0,0, 0,0,0,0,0,9,0,0,0,0
13400,1,293,-56.5,68,32,-8.50564,5.62976,0,1334,0,0,0,0,0,0,0,0,0, 0,0,0,0,0,9,0,0,0,0
13400,2,40,68.6,8,33,1.11727,0.437852,0,1334,0,0,0,0,0,0,0,0,0, 0,0,0,0,0,9,0,0,0,0
13400,3,242,-56.5,72,32,-9.00597,5.96092,0,1334,0,0,0,0,0,0,0,0,0, 0,0,0,0,0,9,0,0,0,0
13400,4,154,-54.4,76,32,-9.26935,6.6362,0,1334,0,0,0,0,0,0,0,0,0, 0,0,0,0,0,9,0,0,0,0
13400,5,106,-51.6,80,32,-9.40432,7.45377,0,1334,0,0,0,0,0,0,0,0,0, 0,0,0,0,0,9,0,0,0,0
13400,6,139,-56.5,60,32,-7.50497,4.96743,0,1334,0,0,0,0,0,0,0,0,0, 0,0,0,0,0,9,0,0,0,0
13440,0,244,-56.5,64,32,-8.0053,5.2986,0,0,0,0,0,0,0,0,0,0,0, 0,0,0,0,0,10,0,0,0,0
13440,1,289,-56.5,68,32,-8.50564,5.62976,0,0,0,0,0,0,0,0,0,0,0, 0,0,0,0,0,10,0,0,0,0
13440,2,242,-56.5,72,32,-9.00597,5.96092,0,0,0,0,0,0,0,0,0,0,0, 0,0,0,0,0,10,0,0,0,0
13440,3,159,-54.4,76,32,-9.26935,6.6362,0,0,0,0,0,0,0,0,0,0,0, 0,0,0,0,0,10,0,0,0,0
13440,4,110,-53.4,80,32,-9.63381,7.1547,0,0,0,0,0,0,0,0,0,0,0, 0,0,0,0,0,10,0,0,0,0
13440,5,86,-55.4,84,32,-10.3715,7.15483,0,0,0,0,0,0,0,0,0,0,0, 0,0,0,0,0,10,0,0,0,0
13440,6,137,-58.4,60,32,-7.66554,4.71587,0,0,0,0,0,0,0,0,0,0,0, 0,0,0,0,0,10,0,0,0,0
13480,0,25,-53.4,64,32.5,-7.70705,5.72376,0,7936,0,0,0,0,0,0,0,0,0, 0,0,0,0,0,11,0,0,0,0
13480,1,244,-57.4,64,32,-8.08754,5.1722,0,7936,0,0,0,0,0,0,0,0,0, 0,0,0,0,0,11,0,0,0,0
13480,2,289,-56.5,68,32,-8.50564,5.62976,0,7936,0,0,0,0,0,0,0,0,0, 0,0,0,0,0,11,0,0,0,0
13480,3,240,-55.4,72,32,-8.88987,6.13271,0,7936,0,0,0,0,0,0,0,0,0, 0,0,0,0,0,11,0,0,0,0
13480,4,157,-53.4,76,32,-9.15212,6.79696,0,7936,0,0,0,0,0,0,0,0,0, 0,0,0,0,0,11,0,0,0,0
13480,5,109,-49.8,80,32,-9.16555,7.74549,0,7936,0,0,0,0,0,0,0,0,0, 0,0,0,0,0,11,0,0,0,0
13480,6,85,-54.4,84,32,-10.2451,7.33475,0,7936,0,0,0,0,0,0,0,0,0, 0,0,0,0,0,11,0,0,0,0
13480,7,139,-57.4,60,32,-7.58207,4.84894,0,7936,0,0,0,0,0,0,0,0,0, 0,0,0,0,0,11,0,0,0,0
13520,0,247,-57.4,64,32,-8.08754,5.1722,0,1140,0,0,0,0,0,0,0,0,0, 0,0,0,0,0,12,0,0,0,0
13520,1,291,-56.5,68,32,-8.50564,5.62976,0,1140,0,0,0,0,0,0,0,0,0, 0,0,0,0,0,12,0,0,0,0
13520,2,244,-55.4,72,32,-8.88987,6.13271,0,1140,0,0,0,0,0,0,0,0,0, 0,0,0,0,0,12,0,0,0,0
13520,3,158,-51.6,76,32,-8.93411,7.08108,0,1140,0,0,0,0,0,0,0,0,0, 0,0,0,0,0,12,0,0,0,0
13520,4,112,-48,80,32,-8.91774,8.02957,0,1140,0,0,0,0,0,0,0,0,0, 0,0,0,0,0,12,0,0,0,0
13520,5,90,-51.6,84,32,-9.87454,7.82646,0,1140,0,0,0,0,0,0,0,0,0, 0,0,0,0,0,12,0,0,0,0
13520,6,140,-58.4,60,32,-7.66554,4.71587,0,1140,0,0,0,0,0,0,0,0,0, 0,0,0,0,0,12,0,0,0,0
13560,0,244,-58.4,64,32,-8.17658,5.03026,0,86,0,0,0,0,0,0,0,0,0, 0,0,0,0,0,13,0,0,0,0
13560,1,289,-56.5,68,32,-8.50564,5.62976,0,86,0,0,0,0,0,0,0,0,0, 0,0,0,0,0,13,0,0,0,0
13560,2,241,-56.5,72,32,-9.00597,5.96092,0,86,0,0,0,0,0,0,0,0,0, 0,0,0,0,0,13,0,0,0,0
13560,3,157,-51.6,76,32,-8.93411,7.08108,0,86,0,0,0,0,0,0,0,0,0, 0,0,0,0,0,13,0,0,0,0
13560,4,111,-45.9,80,32,-8.61752,8.35095,0,86,0,0,0,0,0,0,0,0,0, 0,0,0,0,0,13,0,0,0,0
13560,5,89,-46.7,84,32,-9.16994,8.64131,0,86,0,0,0,0,0,0,0,0,0, 0,0,0,0,0,13,0,0,0,0
13560,6,142,-58.4,60,32,-7.66554,4.71587,0,86,0,0,0,0,0,0,0,0,0, 0,0,0,0,0,13,0,0,0,0
13600,0,246,-58.4,64,32,-8.17658,5.03026,0,0,0,0,0,0,0,0,0,0,0, 0,0,0,0,0,14,0,0,0,0
13600,1,289,-57.4,68,32,-8.59301,5.49546,0,0,0,0,0,0,0,0,0,0,0, 0,0,0,0,0,14,0,0,0,0
13600,2,240,-56.5,72,32,-9.00597,5.96092,0,0,0,0,0,0,0,0,0,0,0, 0,0,0,0,0,14,0,0,0,0
13600,3,153,-51.6,76,32,-8.93411,7.08108,0,0,0,0,0,0,0,0,0,0,0, 0,0,0,0,0,14,0,0,0,0
13600,4,109,-45,80,32,-8.48528,8.48528,0,0,0,0,0,0,0,0,0,0,0, 0,0,0,0,0,14,0,0,0,0
13600,5,85,-45,84,32,-8.90955,8.90955,0,0,0,0,0,0,0,0,0,0,0, 0,0,0,0,0,14,0,0,0,0
13600,6,138,-58.4,60,32,-7.66554,4.71587,0,0,0,0,0,0,0,0,0,0,0, 0,0,0,0,0,14,0,0,0,0
13640,0,244,-57.4,64,32,-8.08754,5.1722,0,0,0,0,0,0,0,0,0,0,0, 0,0,0,0,0,15,0,0,0,0
13640,1,289,-57.4,68,32,-8.59301,5.49546,0,0,0,0,0,0,0,0,0,0,0, 0,0,0,0,0,15,0,0,0,0
13640,2,242,-55.4,72,32,-8.88987,6.13271,0,0,0,0,0,0,0,0,0,0,0, 0,0,0,0,0,15,0,0,0,0
13640,3,159,-51.6,76,32,-8.93411,7.08108,0,0,0,0,0,0,0,0,0,0,0, 0,0,0,0,0,15,0,0,0,0
13640,4,113,-45.9,80,32,-8.61752,8.35095,0,0,0,0,0,0,0,0,0,0,0, 0,0,0,0,0,15,0,0,0,0
13640,5,88,-45,84,32,-8.90955,8.90955,0,0,0,0,0,0,0,0,0,0,0, 0,0,0,0,0,15,0,0,0,0
13640,6,139,-55.4,60,32,-7.40823,5.11059,0,0,0,0,0,0,0,0,0,0,0, 0,0,0,0,0,15,0,0,0,0
13680,0,247,-56.5,64,32,-8.0053,5.2986,0,0,0,0,0,0,0,0,0,0,0, 0,0,0,0,0,0,0,0,0,0
13680,1,291,-55.4,68,32,-8.39599,5.79201,0,0,0,0,0,0,0,0,0,0,0, 0,0,0,0,0,0,0,0,0,0
13680,2,242,-54.4,72,32,-8.78149,6.28693,0,0,0,0,0,0,0,0,0,0,0, 0,0,0,0,0,0,0,0,0,0
13680,3,12,-55.4,424,35,-52.3515,36.1149,0,0,0,0,0,0,0,0,0,0,0, 0,0,0,0,0,0,0,0,0,0
13680,4,156,-49.8,76,32,-8.70727,7.35822,0,0,0,0,0,0,0,0,0,0,0, 0,0,0,0,0,0,0,0,0,0
13680,5,109,-44.2,80,32,-8.36598,8.60293,0,0,0,0,0,0,0,0,0,0,0, 0,0,0,0,0,0,0,0,0,0
13680,6,82,-43.6,84,32,-8.68921,9.12457,0,0,0,0,0,0,0,0,0,0,0, 0,0,0,0,0,0,0,0,0,0
13680,7,141,-54.4,60,32,-7.31791,5.23911,0,0,0,0,0,0,0,0,0,0,0, 0,0,0,0,0,0,0,0,0,0
13720,0,250,-54.4,64,32,-7.80577,5.58838,0,0,0,0,0,0,0,0,0,0,0, 0,0,0,0,0,1,0,0,0,0
13720,1,296,-54.4,68,32,-8.29363,5.93765,0,0,0,0,0,0,0,0,0,0,0, 0,0,0,0,0,1,0,0,0,0
13720,2,246,-54.4,72,32,-8.78149,6.28693,0,0,0,0,0,0,0,0,0,0,0, 0,0,0,0,0,1,0,0,0,0
13720,3,160,-51.6,76,32,-8.93411,7.08108,0,0,0,0,0,0,0,0,0,0,0, 0,0,0,0,0,1,0,0,0,0
13720,4,108,-46.7,80,32,-8.73327,8.22982,0,0,0,0,0,0,0,0,0,0,0, 0,0,0,0,0,1,0,0,0,0
13720,5,81,-49.8,84,32,-9.62383,8.13277,0,0,0,0,0,0,0,0,0,0,0, 0,0,0,0,0,1,0,0,0,0
13720,6,142,-54.4,60,32,-7.31791,5.23911,0,0,0,0,0,0,0,0,0,0,0, 0,0,0,0,0,1,0,0,0,0
13760,0,245,-55.4,64,32,-7.90211,5.4513,0,0,0,0,0,0,0,0,0,0,0, 0,0,0,0,0,2,0,0,0,0
13760,1,290,-55.4,68,32,-8.39599,5.79201,0,0,0,0,0,0,0,0,0,0,0, 0,0,0,0,0,2,0,0,0,0
13760,2,47,61.9,8,33,1.05855,0.565214,0,0,0,0,0,0,0,0,0,0,0, 0,0,0,0,0,2,0,0,0,0
13760,3,242,-55.4,72,32,-8.88987,6.13271,0,0,0,0,0,0,0,0,0,0,0, 0,0,0,0,0,2,0,0,0,0
13760,4,158,-53.4,76,32,-9.15212,6.79696,0,0,0,0,0,0,0,0,0,0,0, 0,0,0,0,0,2,0,0,0,0
13760,5,107,-51.6,80,32,-9.40432,7.45377,0,0,0,0,0,0,0,0,0,0,0, 0,0,0,0,0,2,0,0,0,0
13760,6,138,-56.5,60,32,-7.50497,4.96743,0,0,0,0,0,0,0,0,0,0,0, 0,0,0,0,0,2,0,0,0,0
13800,0,244,-57.4,64,32,-8.08754,5.1722,0,0,0,0,0,0,0,0,0,0,0, 0,0,0,0,0,3,0,0,0,0
13800,1,288,-56.5,68,32,-8.50564,5.62976,0,0,0,0,0,0,0,0,0,0,0, 0,0,0,0,0,3,0,0,0,0
13800,2,239,-56.5,72,32,-9.00597,5.96092,0,0,0,0,0,0,0,0,0,0,0, 0,0,0,0,0,3,0,0,0,0
13800,3,152,-54.4,76,32,-9.26935,6.6362,0,0,0,0,0,0,0,0,0,0,0, 0,0,0,0,0,3,0,0,0,0
13800,4,101,-51.6,80,32,-9.40432,7.45377,0,0,0,0,0,0,0,0,0,0,0, 0,0,0,0,0,3,0,0,0,0
13800,5,136,-57.4,60,32,-7.58207,4.84894,0,0,0,0,0,0,0,0,0,0,0, 0,0,0,0,0,3,0,0,0,0
13840,0,244,-56.5,64,32,-8.0053,5.2986,0,0,0,0,0,0,0,0,0,0,0, 0,0,0,0,0,4,0,0,0,0
13840,1,287,-56.5,68,32,-8.50564,5.62976,0,0,0,0,0,0,0,0,0,0,0, 0,0,0,0,0,4,0,0,0,0
13840,2,242,-56.5,72,32,-9.00597,5.96092,0,0,0,0,0,0,0,0,0,0,0, 0,0,0,0,0,4,0,0,0,0
13840,3,154,-55.4,76,32,-9.38375,6.47342,0,0,0,0,0,0,0,0,0,0,0, 0,0,0,0,0,4,0,0,0,0
13840,4,105,-54.4,80,32,-9.75721,6.98548,0,0,0,0,0,0,0,0,0,0,0, 0,0,0,0,0,4,0,0,0,0
13840,5,136,-56.5,60,32,-7.50497,4.96743,0,0,0,0,0,0,0,0,0,0,0, 0,0,0,0,0,4,0,0,0,0
13880,0,244,-57.4,64,32,-8.08754,5.1722,0,0,0,0,0,0,0,0,0,0,0, 0,0,0,0,0,5,0,0,0,0
13880,1,286,-56.5,68,32,-8.50564,5.62976,0,0,0,0,0,0,0,0,0,0,0, 0,0,0,0,0,5,0,0,0,0
13880,2,238,-56.5,72,32,-9.00597,5.96092,0,0,0,0,0,0,0,0,0,0,0, 0,0,0,0,0,5,0,0,0,0
13880,3,150,-55.4,76,32,-9.38375,6.47342,0,0,0,0,0,0,0,0,0,0,0, 0,0,0,0,0,5,0,0,0,0
13880,4,99,-51.6,80,32,-9.40432,7.45377,0,0,0,0,0,0,0,0,0,0,0, 0,0,0,0,0,5,0,0,0,0
13880,5,137,-58.4,60,32,-7.66554,4.71587,0,0,0,0,0,0,0,0,0,0,0, 0,0,0,0,0,5,0,0,0,0
13920,0,245,-56.5,64,32,-8.0053,5.2986,0,0,0,0,0,0,0,0,0,0,0, 0,0,0,0,0,6,0,0,0,0
13920,1,289,-56.5,68,32,-8.50564,5.62976,0,0,0,0,0,0,0,0,0,0,0, 0,0,0,0,0,6,0,0,0,0
13920,2,41,63.6,8,33,1.07485,0.533562,0,0,0,0,0,0,0,0,0,0,0, 0,0,0,0,0,6,0,0,0,0
13920,3,242,-55.4,72,32,-8.88987,6.13271,0,0,0,0,0,0,0,0,0,0,0, 0,0,0,0,0,6,0,0,0,0
13920,4,154,-54.4,76,32,-9.26935,6.6362,0,0,0,0,0,0,0,0,0,0,0, 0,0,0,0,0,6,0,0,0,0
13920,5,101,-54.4,80,32,-9.75721,6.98548,0,0,0,0,0,0,0,0,0,0,0, 0,0,0,0,0,6,0,0,0,0
13920,6,141,-55.4,60,32,-7.40823,5.11059,0,0,0,0,0,0,0,0,0,0,0, 0,0,0,0,0,6,0,0,0,0
13960,0,248,-56.5,64,32,-8.0053,5.2986,0,0,0,0,0,0,0,0,0,0,0, 0,0,0,0,0,7,0,0,0,0
13960,1,292,-56.5,68,32,-8.50564,5.62976,0,0,0,0,0,0,0,0,0,0,0, 0,0,0,0,0,7,0,0,0,0
13960,2,45,71.1,8,33,1.1353,0.388701,0,0,0,0,0,0,0,0,0,0,0, 0,0,0,0,0,7,0,0,0,0
13960,3,239,-56.5,72,32,-9.00597,5.96092,0,0,0,0,0,0,0,0,0,0,0, 0,0,0,0,0,7,0,0,0,0
13960,4,148,-55.4,76,32,-9.38375,6.47342,0,0,0,0,0,0,0,0,0,0,0, 0,0,0,0,0,7,0,0,0,0
13960,5,92,-55.4,80,32,-9.87764,6.81413,0,0,0,0,0,0,0,0,0,0,0, 0,0,0,0,0,7,0,0,0,0
13960,6,139,-56.5,60,32,-7.50497,4.96743,0,0,0,0,0,0,0,0,0,0,0, 0,0,0,0,0,7,0,0,0,0
14000,0,248,-56.5,64,32,-8.0053,5.2986,0,0,0,0,0,0,0,0,0,0,0, 0,0,0,0,0,8,0,0,0,0
14000,1,292,-55.4,68,32,-8.39599,5.79201,0,0,0,0,0,0,0,0,0,0,0, 0,0,0,0,0,8,0,0,0,0
14000,2,244,-55.4,72,32,-8.88987,6.13271,0,0,0,0,0,0,0,0,0,0,0, 0,0,0,0,0,8,0,0,0,0
14000,3,154,-55.4,76,32,-9.38375,6.47342,0,0,0,0,0,0,0,0,0,0,0, 0,0,0,0,0,8,0,0,0,0
14000,4,100,-55.4,80,32,-9.87764,6.81413,0,0,0,0,0,0,0,0,0,0,0, 0,0,0,0,0,8,0,0,0,0
14000,5,45,8.3,112,31.5,2.42518,16.624,0,0,0,0,0,0,0,0,0,0,0, 0,0,0,0,0,8,0,0,0,0
14000,6,141,-56.5,60,32,-7.50497,4.96743,0,0,0,0,0,0,0,0,0,0,0, 0,0,0,0,0,8,0,0,0,0
14040,0,247,-56.5,64,32,-8.0053,5.2986,0,1334,0,0,0,0,0,0,0,0,0, 0,0,0,0,0,9,0,0,0,0
14040,1,289,-56.5,68,32,-8.50564,5.62976,0,1334,0,0,0,0,0,0,0,0,0, 0,0,0,0,0,9,0,0,0,0
14040,2,43,65.6,8,33,1.09282,0.495725,0,1334,0,0,0,0,0,0,0,0,0, 0,0,0,0,0,9,0,0,0,0
14040,3,242,-55.4,72,32,-8.88987,6.13271,0,1334,0,0,0,0,0,0,0,0,0, 0,0,0,0,0,9,0,0,0,0
14040,4,154,-54.4,76,32,-9.26935,6.6362,0,1334,0,0,0,0,0,0,0,0,0, 0,0,0,0,0,9,0,0,0,0
14040,5,100,-54.4,80,32,-9.75721,6.98548,0,1334,0,0,0,0,0,0,0,0,0, 0,0,0,0,0,9,0,0,0,0
14040,6,140,-57.4,60,32,-7.58207,4.84894,0,1334,0,0,0,0,0,0,0,0,0, 0,0,0,0,0,9,0,0,0,0
14080,0,248,-57.4,64,32,-8.08754,5.1722,0,0,0,0,0,0,0,0,0,0,0, 0,0,0,0,0,10,0,0,0,0
14080,1,291,-56.5,68,32,-8.50564,5.62976,0,0,0,0,0,0,0,0,0,0,0, 0,0,0,0,0,10,0,0,0,0
14080,2,43,69.6,8,33,1.12474,0.418287,0,0,0,0,0,0,0,0,0,0,0, 0,0,0,0,0,10,0,0,0,0
14080,3,240,-55.4,72,32,-8.88987,6.13271,0,0,0,0,0,0,0,0,0,0,0, 0,0,0,0,0,10,0,0,0,0
14080,4,150,-53.4,76,32,-9.15212,6.79696,0,0,0,0,0,0,0,0,0,0,0, 0,0,0,0,0,10,0,0,0,0
14080,5,97,-51.6,80,32,-9.40432,7.45377,0,0,0,0,0,0,0,0,0,0,0, 0,0,0,0,0,10,0,0,0,0
14080,6,139,-58.4,60,32,-7.66554,4.71587,0,0,0,0,0,0,0,0,0,0,0, 0,0,0,0,0,10,0,0,0,0
14120,0,248,-57.4,64,32,-8.08754,5.1722,0,7936,0,0,0,0,0,0,0,0,0, 0,0,0,0,0,11,0,0,0,0
14120,1,293,-56.5,68,32,-8.50564,5.62976,0,7936,0,0,0,0,0,0,0,0,0, 0,0,0,0,0,11,0,0,0,0
14120,2,242,-55.4,72,32,-8.88987,6.13271,0,7936,0,0,0,0,0,0,0,0,0, 0,0,0,0,0,11,0,0,0,0
14120,3,21,14.7,104,32.25,3.95862,15.0894,0,7936,0,0,0,0,0,0,0,0,0, 0,0,0,0,0,11,0,0,0,0
14120,4,153,-53.4,76,32,-9.15212,6.79696,0,7936,0,0,0,0,0,0,0,0,0, 0,0,0,0,0,11,0,0,0,0
14120,5,29,7.8,108,31.75,2.19859,16.0501,0,7936,0,0,0,0,0,0,0,0,0, 0,0,0,0,0,11,0,0,0,0
14120,6,101,-53.4,80,32,-9.63381,7.1547,0,7936,0,0,0,0,0,0,0,0,0, 0,0,0,0,0,11,0,0,0,0
14120,7,143,-57.4,60,32,-7.58207,4.84894,0,7936,0,0,0,0,0,0,0,0,0, 0,0,0,0,0,11,0,0,0,0
14160,0,250,-57.4,64,32,-8.08754,5.1722,0,1140,0,0,0,0,0,0,0,0,0, 0,0,0,0,0,12,0,0,0,0
14160,1,292,-56.5,68,32,-8.50564,5.62976,0,1140,0,0,0,0,0,0,0,0,0, 0,0,0,0,0,12,0,0,0,0
14160,2,242,-55.4,72,32,-8.88987,6.13271,0,1140,0,0,0,0,0,0,0,0,0, 0,0,0,0,0,12,0,0,0,0
14160,3,149,-53.4,76,32,-9.15212,6.79696,0,1140,0,0,0,0,0,0,0,0,0, 0,0,0,0,0,12,0,0,0,0
14160,4,96,-49.8,80,32,-9.16555,7.74549,0,1140,0,0,0,0,0,0,0,0,0, 0,0,0,0,0,12,0,0,0,0
14160,5,140,-57.4,60,32,-7.58207,4.84894,0,1140,0,0,0,0,0,0,0,0,0, 0,0,0,0,0,12,0,0,0,0
14200,0,247,-56.5,64,32,-8.0053,5.2986,0,86,0,0,0,0,0,0,0,0,0, 0,0,0,0,0,13,0,0,0,0
14200,1,292,-56.5,68,32,-8.50564,5.62976,0,86,0,0,0,0,0,0,0,0,0, 0,0,0,0,0,13,0,0,0,0
14200,2,241,-56.5,72,32,-9.00597,5.96092,0,86,0,0,0,0,0,0,0,0,0, 0,0,0,0,0,13,0,0,0,0
14200,3,149,-54.4,76,32,-9.26935,6.6362,0,86,0,0,0,0,0,0,0,0,0, 0,0,0,0,0,13,0,0,0,0
14200,4,97,-51.6,80,32,-9.40432,7.45377,0,86,0,0,0,0,0,0,0,0,0, 0,0,0,0,0,13,0,0,0,0
14200,5,140,-57.4,60,32,-7.58207,4.84894,0,86,0,0,0,0,0,0,0,0,0, 0,0,0,0,0,13,0,0,0,0
14240,0,246,-56.5,64,32,-8.0053,5.2986,0,0,0,0,0,0,0,0,0,0,0, 0,0,0,0,0,14,0,0,0,0
14240,1,288,-56.5,68,32,-8.50564,5.62976,0,0,0,0,0,0,0,0,0,0,0, 0,0,0,0,0,14,0,0,0,0
14240,2,42,68.6,8,33,1.11727,0.437852,0,0,0,0,0,0,0,0,0,0,0, 0,0,0,0,0,14,0,0,0,0
14240,3,239,-54.4,72,32,-8.78149,6.28693,0,0,0,0,0,0,0,0,0,0,0, 0,0,0,0,0,14,0,0,0,0
14240,4,150,-51.6,76,32,-8.93411,7.08108,0,0,0,0,0,0,0,0,0,0,0, 0,0,0,0,0,14,0,0,0,0
14240,5,102,-49.8,80,32,-9.16555,7.74549,0,0,0,0,0,0,0,0,0,0,0, 0,0,0,0,0,14,0,0,0,0
14240,6,139,-57.4,60,32,-7.58207,4.84894,0,0,0,0,0,0,0,0,0,0,0, 0,0,0,0,0,14,0,0,0,0
14280,0,246,-57.4,64,32,-8.08754,5.1722,0,0,0,0,0,0,0,0,0,0,0, 0,0,0,0,0,15,0,0,0,0
14280,1,290,-57.4,68,32,-8.59301,5.49546,0,0,0,0,0,0,0,0,0,0,0, 0,0,0,0,0,15,0,0,0,0
14280,2,240,-57.4,72,32,-9.09849,5.81872,0,0,0,0,0,0,0,0,0,0,0, 0,0,0,0,0,15,0,0,0,0
14280,3,148,-55.4,76,32,-9.38375,6.47342,0,0,0,0,0,0,0,0,0,0,0, 0,0,0,0,0,15,0,0,0,0
14280,4,97,-49.8,80,32,-9.16555,7.74549,0,0,0,0,0,0,0,0,0,0,0, 0,0,0,0,0,15,0,0,0,0
14280,5,140,-57.4,60,32,-7.58207,4.84894,0,0,0,0,0,0,0,0,0,0,0, 0,0,0,0,0,15,0,0,0,0
14320,0,246,-58.4,64,32,-8.17658,5.03026,0,0,0,0,0,0,0,0,0,0,0, 0,0,0,0,0,0,0,0,0,0
14320,1,287,-57.4,68,32,-8.59301,5.49546,0,0,0,0,0,0,0,0,0,0,0, 0,0,0,0,0,0,0,0,0,0
14320,2,238,-57.4,72,32,-9.09849,5.81872,0,0,0,0,0,0,0,0,0,0,0, 0,0,0,0,0,0,0,0,0,0
14320,3,149,-55.4,76,32,-9.38375,6.47342,0,0,0,0,0,0,0,0,0,0,0, 0,0,0,0,0,0,0,0,0,0
14320,4,25,6.1,108,32.25,1.72148,16.1083,0,0,0,0,0,0,0,0,0,0,0, 0,0,0,0,0,0,0,0,0,0
14320,5,99,-49.8,80,32,-9.16555,7.74549,0,0,0,0,0,0,0,0,0,0,0, 0,0,0,0,0,0,0,0,0,0
14320,6,36,6.6,112,31.75,1.93094,16.6887,0,0,0,0,0,0,0,0,0,0,0, 0,0,0,0,0,0,0,0,0,0
14320,7,137,-57.4,60,32,-7.58207,4.84894,0,0,0,0,0,0,0,0,0,0,0, 0,0,0,0,0,0,0,0,0,0
14360,0,247,-56.5,64,32,-8.0053,5.2986,0,0,0,0,0,0,0,0,0,0,0, 0,0,0,0,0,1,0,0,0,0
14360,1,291,-56.5,68,32,-8.50564,5.62976,0,0,0,0,0,0,0,0,0,0,0, 0,0,0,0,0,1,0,0,0,0
14360,2,240,-57.4,72,32,-9.09849,5.81872,0,0,0,0,0,0,0,0,0,0,0, 0,0,0,0,0,1,0,0,0,0
14360,3,149,-56.5,76,32,-9.5063,6.29208,0,0,0,0,0,0,0,0,0,0,0, 0,0,0,0,0,1,0,0,0,0
14360,4,96,-49.8,80,32,-9.16555,7.74549,0,0,0,0,0,0,0,0,0,0,0, 0,0,0,0,0,1,0,0,0,0
14360,5,138,-61.2,60,32,-7.88676,4.33578,0,0,0,0,0,0,0,0,0,0,0, 0,0,0,0,0,1,0,0,0,0
14400,0,243,-58.4,64,32,-8.17658,5.03026,0,0,0,0,0,0,0,0,0,0,0, 0,0,0,0,0,2,0,0,0,0
14400,1,288,-56.5,68,32,-8.50564,5.62976,0,0,0,0,0,0,0,0,0,0,0, 0,0,0,0,0,2,0,0,0,0
14400,2,240,-56.5,72,32,-9.00597,5.96092,0,0,0,0,0,0,0,0,0,0,0, 0,0,0,0,0,2,0,0,0,0
14400,3,151,-54.4,76,32,-9.26935,6.6362,0,0,0,0,0,0,0,0,0,0,0, 0,0,0,0,0,2,0,0,0,0
14400,4,102,-49.8,80,32,-9.16555,7.74549,0,0,0,0,0,0,0,0,0,0,0, 0,0,0,0,0,2,0,0,0,0
14400,5,138,-59.4,60,32,-7.74668,4.58137,0,0,0,0,0,0,0,0,0,0,0, 0,0,0,0,0,2,0,0,0,0
14440,0,242,-58.4,64,32,-8.17658,5.03026,0,0,0,0,0,0,0,0,0,0,0, 0,0,0,0,0,3,0,0,0,0
14440,1,288,-57.4,68,32,-8.59301,5.49546,0,0,0,0,0,0,0,0,0,0,0, 0,0,0,0,0,3,0,0,0,0
14440,2,36,71.1,8,33,1.1353,0.388701,0,0,0,0,0,0,0,0,0,0,0, 0,0,0,0,0,3,0,0,0,0
14440,3,237,-57.4,72,32,-9.09849,5.81872,0,0,0,0,0,0,0,0,0,0,0, 0,0,0,0,0,3,0,0,0,0
14440,4,147,-56.5,76,32,-9.5063,6.29208,0,0,0,0,0,0,0,0,0,0,0, 0,0,0,0,0,3,0,0,0,0
14440,5,97,-51.6,80,32,-9.40432,7.45377,0,0,0,0,0,0,0,0,0,0,0, 0,0,0,0,0,3,0,0,0,0
14440,6,137,-59.4,60,32,-7.74668,4.58137,0,0,0,0,0,0,0,0,0,0,0, 0,0,0,0,0,3,0,0,0,0
14480,0,243,-57.4,64,32,-8.08754,5.1722,0,0,0,0,0,0,0,0,0,0,0, 0,0,0,0,0,4,0,0,0,0
14480,1,287,-56.5,68,32,-8.50564,5.62976,0,0,0,0,0,0,0,0,0,0,0, 0,0,0,0,0,4,0,0,0,0
14480,2,241,-55.4,72,32,-8.88987,6.13271,0,0,0,0,0,0,0,0,0,0,0, 0,0,0,0,0,4,0,0,0,0
14480,3,151,-54.4,76,32,-9.26935,6.6362,0,0,0,0,0,0,0,0,0,0,0, 0,0,0,0,0,4,0,0,0,0
14480,4,103,-46.7,80,32,-8.73327,8.22982,0,0,0,0,0,0,0,0,0,0,0, 0,0,0,0,0,4,0,0,0,0
14480,5,82,-44.2,84,32,-8.78428,9.03307,0,0,0,0,0,0,0,0,0,0,0, 0,0,0,0,0,4,0,0,0,0
14480,6,138,-57.4,60,32,-7.58207,4.84894,0,0,0,0,0,0,0,0,0,0,0, 0,0,0,0,0,4,0,0,0,0
14520,0,247,-57.4,64,32,-8.08754,5.1722,0,0,0,0,0,0,0,0,0,0,0, 0,0,0,0,0,5,0,0,0,0
14520,1,291,-56.5,68,32,-8.50564,5.62976,0,0,0,0,0,0,0,0,0,0,0, 0,0,0,0,0,5,0,0,0,0
14520,2,240,-56.5,72,32,-9.00597,5.96092,0,0,0,0,0,0,0,0,0,0,0, 0,0,0,0,0,5,0,0,0,0
14520,3,146,-55.4,76,32,-9.38375,6.47342,0,0,0,0,0,0,0,0,0,0,0, 0,0,0,0,0,5,0,0,0,0
14520,4,98,-46.7,80,32,-8.73327,8.22982,0,0,0,0,0,0,0,0,0,0,0, 0,0,0,0,0,5,0,0,0,0
14520,5,139,-56.5,60,32,-7.50497,4.96743,0,0,0,0,0,0,0,0,0,0,0, 0,0,0,0,0,5,0,0,0,0
14560,0,245,-55.4,64,32,-7.90211,5.4513,0,0,0,0,0,0,0,0,0,0,0, 0,0,0,0,0,6,0,0,0,0
14560,1,292,-55.4,68,32,-8.39599,5.79201,0,0,0,0,0,0,0,0,0,0,0, 0,0,0,0,0,6,0,0,0,0
14560,2,242,-54.4,72,32,-8.78149,6.28693,0,0,0,0,0,0,0,0,0,0,0, 0,0,0,0,0,6,0,0,0,0
14560,3,153,-51.6,76,32,-8.93411,7.08108,0,0,0,0,0,0,0,0,0,0,0, 0,0,0,0,0,6,0,0,0,0
14560,4,104,-46.7,80,32,-8.73327,8.22982,0,0,0,0,0,0,0,0,0,0,0, 0,0,0,0,0,6,0,0,0,0
14560,5,81,-45.9,84,32,-9.04839,8.7685,0,0,0,0,0,0,0,0,0,0,0, 0,0,0,0,0,6,0,0,0,0
14560,6,140,-56.5,60,32,-7.50497,4.96743,0,0,0,0,0,0,0,0,0,0,0, 0,0,0,0,0,6,0,0,0,0
14600,0,246,-56.5,64,32,-8.0053,5.2986,0,0,0,0,0,0,0,0,0,0,0, 0,0,0,0,0,7,0,0,0,0
14600,1,290,-56.5,68,32,-8.50564,5.62976,0,0,0,0,0,0,0,0,0,0,0, 0,0,0,0,0,7,0,0,0,0
14600,2,240,-55.4,72,32,-8.88987,6.13271,0,0,0,0,0,0,0,0,0,0,0, 0,0,0,0,0,7,0,0,0,0
14600,3,151,-54.4,76,32,-9.26935,6.6362,0,0,0,0,0,0,0,0,0,0,0, 0,0,0,0,0,7,0,0,0,0
14600,4,103,-48,80,32,-8.91774,8.02957,0,0,0,0,0,0,0,0,0,0,0, 0,0,0,0,0,7,0,0,0,0
14600,5,136,-58.4,60,32,-7.66554,4.71587,0,0,0,0,0,0,0,0,0,0,0, 0,0,0,0,0,7,0,0,0,0
14640,0,243,-58.4,64,32,-8.17658,5.03026,0,0,0,0,0,0,0,0,0,0,0, 0,0,0,0,0,8,0,0,0,0
14640,1,288,-57.4,68,32,-8.59301,5.49546,0,0,0,0,0,0,0,0,0,0,0, 0,0,0,0,0,8,0,0,0,0
14640,2,38,67.6,8,33,1.10946,0.457284,0,0,0,0,0,0,0,0,0,0,0, 0,0,0,0,0,8,0,0,0,0
14640,3,239,-56.5,72,32,-9.00597,5.96092,0,0,0,0,0,0,0,0,0,0,0, 0,0,0,0,0,8,0,0,0,0
14640,4,149,-54.4,76,32,-9.26935,6.6362,0,0,0,0,0,0,0,0,0,0,0, 0,0,0,0,0,8,0,0,0,0
14640,5,100,-48,80,32,-8.91774,8.02957,0,0,0,0,0,0,0,0,0,0,0, 0,0,0,0,0,8,0,0,0,0
14640,6,139,-56.5,60,32,-7.50497,4.96743,0,0,0,0,0,0,0,0,0,0,0, 0,0,0,0,0,8,0,0,0,0
14680,0,247,-55.4,64,32,-7.90211,5.4513,0,1334,0,0,0,0,0,0,0,0,0, 0,0,0,0,0,9,0,0,0,0
14680,1,291,-55.4,68,32,-8.39599,5.79201,0,1334,0,0,0,0,0,0,0,0,0, 0,0,0,0,0,9,0,0,0,0
14680,2,242,-54.4,72,32,-8.78149,6.28693,0,1334,0,0,0,0,0,0,0,0,0, 0,0,0,0,0,9,0,0,0,0
14680,3,155,-53.4,76,32,-9.15212,6.79696,0,1334,0,0,0,0,0,0,0,0,0, 0,0,0,0,0,9,0,0,0,0
14680,4,106,-46.7,80,32,-8.73327,8.22982,0,1334,0,0,0,0,0,0,0,0,0, 0,0,0,0,0,9,0,0,0,0
14680,5,141,-54.4,60,32,-7.31791,5.23911,0,1334,0,0,0,0,0,0,0,0,0, 0,0,0,0,0,9,0,0,0,0
14720,0,248,-56.5,64,32,-8.0053,5.2986,0,0,0,0,0,0,0,0,0,0,0, 0,0,0,0,0,10,0,0,0,0
14720,1,291,-56.5,68,32,-8.50564,5.62976,0,0,0,0,0,0,0,0,0,0,0, 0,0,0,0,0,10,0,0,0,0
14720,2,238,-56.5,72,32,-9.00597,5.96092,0,0,0,0,0,0,0,0,0,0,0, 0,0,0,0,0,10,0,0,0,0
14720,3,149,-54.4,76,32,-9.26935,6.6362,0,0,0,0,0,0,0,0,0,0,0, 0,0,0,0,0,10,0,0,0,0
14720,4,103,-44.2,80,32,-8.36598,8.60293,0,0,0,0,0,0,0,0,0,0,0, 0,0,0,0,0,10,0,0,0,0
14720,5,85,-41.7,84,32,-8.3819,9.40764,0,0,0,0,0,0,0,0,0,0,0, 0,0,0,0,0,10,0,0,0,0
14720,6,137,-58.4,60,32,-7.66554,4.71587,0,0,0,0,0,0,0,0,0,0,0, 0,0,0,0,0,10,0,0,0,0
14760,0,243,-56.5,64,32,-8.0053,5.2986,0,7936,0,0,0,0,0,0,0,0,0, 0,0,0,0,0,11,0,0,0,0
14760,1,286,-56.5,68,32,-8.50564,5.62976,0,7936,0,0,0,0,0,0,0,0,0, 0,0,0,0,0,11,0,0,0,0
14760,2,241,-56.5,72,32,-9.00597,5.96092,0,7936,0,0,0,0,0,0,0,0,0, 0,0,0,0,0,11,0,0,0,0
14760,3,153,-53.4,76,32,-9.15212,6.79696,0,7936,0,0,0,0,0,0,0,0,0, 0,0,0,0,0,11,0,0,0,0
14760,4,108,-45.9,80,32,-8.61752,8.35095,0,7936,0,0,0,0,0,0,0,0,0, 0,0,0,0,0,11,0,0,0,0
14760,5,82,-46.7,84,32,-9.16994,8.64131,0,7936,0,0,0,0,0,0,0,0,0, 0,0,0,0,0,11,0,0,0,0
14760,6,136,-55.4,60,32,-7.40823,5.11059,0,7936,0,0,0,0,0,0,0,0,0, 0,0,0,0,0,11,0,0,0,0
14800,0,244,-56.5,64,32,-8.0053,5.2986,0,1140,0,0,0,0,0,0,0,0,0, 0,0,0,0,0,12,0,0,0,0
14800,1,289,-55.4,68,32,-8.39599,5.79201,0,1140,0,0,0,0,0,0,0,0,0, 0,0,0,0,0,12,0,0,0,0
14800,2,242,-54.4,72,32,-8.78149,6.28693,0,1140,0,0,0,0,0,0,0,0,0, 0,0,0,0,0,12,0,0,0,0
14800,3,156,-51.6,76,32,-8.93411,7.08108,0,1140,0,0,0,0,0,0,0,0,0, 0,0,0,0,0,12,0,0,0,0
14800,4,107,-49.8,80,32,-9.16555,7.74549,0,1140,0,0,0,0,0,0,0,0,0, 0,0,0,0,0,12,0,0,0,0
14800,5,140,-55.4,60,32,-7.40823,5.11059,0,1140,0,0,0,0,0,0,0,0,0, 0,0,0,0,0,12,0,0,0,0
14840,0,246,-56.5,64,32,-8.0053,5.2986,0,86,0,0,0,0,0,0,0,0,0, 0,0,0,0,0,13,0,0,0,0
14840,1,290,-56.5,68,32,-8.50564,5.62976,0,86,0,0,0,0,0,0,0,0,0, 0,0,0,0,0,13,0,0,0,0
14840,2,241,-55.4,72,32,-8.88987,6.13271,0,86,0,0,0,0,0,0,0,0,0, 0,0,0,0,0,13,0,0,0,0
14840,3,12,-4.2,232,38,-2.54869,34.7065,0,86,0,0,0,0,0,0,0,0,0, 0,0,0,0,0,13,0,0,0,0
14840,4,157,-51.6,76,32,-8.93411,7.08108,0,86,0,0,0,0,0,0,0,0,0, 0,0,0,0,0,13,0,0,0,0
14840,5,108,-48,80,32,-8.91774,8.02957,0,86,0,0,0,0,0,0,0,0,0, 0,0,0,0,0,13,0,0,0,0
14840,6,139,-56.5,60,32,-7.50497,4.96743,0,86,0,0,0,0,0,0,0,0,0, 0,0,0,0,0,13,0,0,0,0
14880,0,248,-56.5,64,32,-8.0053,5.2986,0,0,0,0,0,0,0,0,0,0,0, 0,0,0,0,0,14,0,0,0,0
14880,1,292,-56.5,68,32,-8.50564,5.62976,0,0,0,0,0,0,0,0,0,0,0, 0,0,0,0,0,14,0,0,0,0
14880,2,243,-56.5,72,32,-9.00597,5.96092,0,0,0,0,0,0,0,0,0,0,0, 0,0,0,0,0,14,0,0,0,0
14880,3,154,-53.4,76,32,-9.15212,6.79696,0,0,0,0,0,0,0,0,0,0,0, 0,0,0,0,0,14,0,0,0,0
14880,4,103,-46.7,80,32,-8.73327,8.22982,0,0,0,0,0,0,0,0,0,0,0, 0,0,0,0,0,14,0,0,0,0
14880,5,138,-58.4,60,32,-7.66554,4.71587,0,0,0,0,0,0,0,0,0,0,0, 0,0,0,0,0,14,0,0,0,0
14920,0,245,-57.4,64,32,-8.08754,5.1722,0,0,0,0,0,0,0,0,0,0,0, 0,0,0,0,0,15,0,0,0,0
14920,1,289,-56.5,68,32,-8.50564,5.62976,0,0,0,0,0,0,0,0,0,0,0, 0,0,0,0,0,15,0,0,0,0
14920,2,242,-56.5,72,32,-9.00597,5.96092,0,0,0,0,0,0,0,0,0,0,0, 0,0,0,0,0,15,0,0,0,0
14920,3,154,-54.4,76,32,-9.26935,6.6362,0,0,0,0,0,0,0,0,0,0,0, 0,0,0,0,0,15,0,0,0,0
14920,4,104,-49.8,80,32,-9.16555,7.74549,0,0,0,0,0,0,0,0,0,0,0, 0,0,0,0,0,15,0,0,0,0
14920,5,140,-57.4,60,32,-7.58207,4.84894,0,0,0,0,0,0,0,0,0,0,0, 0,0,0,0,0,15,0,0,0,0
14960,0,246,-57.4,64,32,-8.08754,5.1722,0,0,0,0,0,0,0,0,0,0,0, 0,0,0,0,0,0,0,0,0,0
14960,1,287,-56.5,68,32,-8.50564,5.62976,0,0,0,0,0,0,0,0,0,0,0, 0,0,0,0,0,0,0,0,0,0
14960,2,240,-56.5,72,32,-9.00597,5.96092,0,0,0,0,0,0,0,0,0,0,0, 0,0,0,0,0,0,0,0,0,0
14960,3,151,-53.4,76,32,-9.15212,6.79696,0,0,0,0,0,0,0,0,0,0,0, 0,0,0,0,0,0,0,0,0,0
14960,4,103,-46.7,80,32,-8.73327,8.22982,0,0,0,0,0,0,0,0,0,0,0, 0,0,0,0,0,0,0,0,0,0
14960,5,139,-59.4,60,32,-7.74668,4.58137,0,0,0,0,0,0,0,0,0,0,0, 0,0,0,0,0,0,0,0,0,0
15000,0,244,-58.4,64,32,-8.17658,5.03026,0,0,0,0,0,0,0,0,0,0,0, 0,0,0,0,0,1,0,0,0,0
15000,1,289,-57.4,68,32,-8.59301,5.49546,0,0,0,0,0,0,0,0,0,0,0, 0,0,0,0,0,1,0,0,0,0
15000,2,41,71.1,8,33,1.1353,0.388701,0,0,0,0,0,0,0,0,0,0,0, 0,0,0,0,0,1,0,0,0,0
15000,3,240,-56.5,72,32,-9.00597,5.96092,0,0,0,0,0,0,0,0,0,0,0, 0,0,0,0,0,1,0,0,0,0
15000,4,150,-54.4,76,32,-9.26935,6.6362,0,0,0,0,0,0,0,0,0,0,0, 0,0,0,0,0,1,0,0,0,0
15000,5,99,-49.8,80,32,-9.16555,7.74549,0,0,0,0,0,0,0,0,0,0,0, 0,0,0,0,0,1,0,0,0,0
15000,6,138,-58.4,60,32,-7.66554,4.71587,0,0,0,0,0,0,0,0,0,0,0, 0,0,0,0,0,1,0,0,0,0
15040,0,244,-58.4,64,32,-8.17658,5.03026,0,0,0,0,0,0,0,0,0,0,0, 0,0,0,0,0,2,0,0,0,0
15040,1,286,-58.4,68,32,-8.68761,5.34466,0,0,0,0,0,0,0,0,0,0,0, 0,0,0,0,0,2,0,0,0,0
15040,2,239,-56.5,72,32,-9.00597,5.96092,0,0,0,0,0,0,0,0,0,0,0, 0,0,0,0,0,2,0,0,0,0
15040,3,153,-53.4,76,32,-9.15212,6.79696,0,0,0,0,0,0,0,0,0,0,0, 0,0,0,0,0,2,0,0,0,0
15040,4,102,-48,80,32,-8.91774,8.02957,0,0,0,0,0,0,0,0,0,0,0, 0,0,0,0,0,2,0,0,0,0
15040,5,137,-59.4,60,32,-7.74668,4.58137,0,0,0,0,0,0,0,0,0,0,0, 0,0,0,0,0,2,0,0,0,0
15080,0,245,-59.4,64,32,-8.26312,4.8868,0,0,0,0,0,0,0,0,0,0,0, 0,0,0,0,0,3,0,0,0,0
15080,1,288,-57.4,68,32,-8.59301,5.49546,0,0,0,0,0,0,0,0,0,0,0, 0,0,0,0,0,3,0,0,0,0
15080,2,237,-56.5,72,32,-9.00597,5.96092,0,0,0,0,0,0,0,0,0,0,0, 0,0,0,0,0,3,0,0,0,0
15080,3,150,-53.4,76,32,-9.15212,6.79696,0,0,0,0,0,0,0,0,0,0,0, 0,0,0,0,0,3,0,0,0,0
15080,4,100,-49.8,80,32,-9.16555,7.74549,0,0,0,0,0,0,0,0,0,0,0, 0,0,0,0,0,3,0,0,0,0
15080,5,135,-58.4,60,32,-7.66554,4.71587,0,0,0,0,0,0,0,0,0,0,0, 0,0,0,0,0,3,0,0,0,0
15120,0,242,-57.4,64,32,-8.08754,5.1722,0,0,0,0,0,0,0,0,0,0,0, 0,0,0,0,0,4,0,0,0,0
15120,1,287,-56.5,68,32,-8.50564,5.62976,0,0,0,0,0,0,0,0,0,0,0, 0,0,0,0,0,4,0,0,0,0
15120,2,240,-55.4,72,32,-8.88987,6.13271,0,0,0,0,0,0,0,0,0,0,0, 0,0,0,0,0,4,0,0,0,0
15120,3,156,-51.6,76,32,-8.93411,7.08108,0,0,0,0,0,0,0,0,0,0,0, 0,0,0,0,0,4,0,0,0,0
15120,4,111,-46.7,80,32,-8.73327,8.22982,0,0,0,0,0,0,0,0,0,0,0, 0,0,0,0,0,4,0,0,0,0
15120,5,88,-46.7,84,32,-9.16994,8.64131,0,0,0,0,0,0,0,0,0,0,0, 0,0,0,0,0,4,0,0,0,0
15120,6,136,-58.4,60,32,-7.66554,4.71587,0,0,0,0,0,0,0,0,0,0,0, 0,0,0,0,0,4,0,0,0,0
15160,0,243,-58.4,64,32,-8.17658,5.03026,0,0,0,0,0,0,0,0,0,0,0, 0,0,0,0,0,5,0,0,0,0
15160,1,289,-56.5,68,32,-8.50564,5.62976,0,0,0,0,0,0,0,0,0,0,0, 0,0,0,0,0,5,0,0,0,0
15160,2,239,-56.5,72,32,-9.00597,5.96092,0,0,0,0,0,0,0,0,0,0,0, 0,0,0,0,0,5,0,0,0,0
15160,3,151,-53.4,76,32,-9.15212,6.79696,0,0,0,0,0,0,0,0,0,0,0, 0,0,0,0,0,5,0,0,0,0
15160,4,104,-45.9,80,32,-8.61752,8.35095,0,0,0,0,0,0,0,0,0,0,0, 0,0,0,0,0,5,0,0,0,0
15160,5,81,-43.6,84,32,-8.68921,9.12457,0,0,0,0,0,0,0,0,0,0,0, 0,0,0,0,0,5,0,0,0,0
15160,6,137,-56.5,60,32,-7.50497,4.96743,0,0,0,0,0,0,0,0,0,0,0, 0,0,0,0,0,5,0,0,0,0
15200,0,243,-57.4,64,32,-8.08754,5.1722,0,0,0,0,0,0,0,0,0,0,0, 0,0,0,0,0,6,0,0,0,0
15200,1,288,-57.4,68,32,-8.59301,5.49546,0,0,0,0,0,0,0,0,0,0,0, 0,0,0,0,0,6,0,0,0,0
15200,2,241,-56.5,72,32,-9.00597,5.96092,0,0,0,0,0,0,0,0,0,0,0, 0,0,0,0,0,6,0,0,0,0
15200,3,154,-54.4,76,32,-9.26935,6.6362,0,0,0,0,0,0,0,0,0,0,0, 0,0,0,0,0,6,0,0,0,0
15200,4,106,-49.8,80,32,-9.16555,7.74549,0,0,0,0,0,0,0,0,0,0,0, 0,0,0,0,0,6,0,0,0,0
15200,5,136,-58.4,60,32,-7.66554,4.71587,0,0,0,0,0,0,0,0,0,0,0, 0,0,0,0,0,6,0,0,0,0
15240,0,243,-58.4,64,32,-8.17658,5.03026,0,0,0,0,0,0,0,0,0,0,0, 0,0,0,0,0,7,0,0,0,0
15240,1,289,-56.5,68,32,-8.50564,5.62976,0,0,0,0,0,0,0,0,0,0,0, 0,0,0,0,0,7,0,0,0,0
15240,2,46,67.6,8,33,1.10946,0.457284,0,0,0,0,0,0,0,0,0,0,0, 0,0,0,0,0,7,0,0,0,0
15240,3,239,-56.5,72,32,-9.00597,5.96092,0,0,0,0,0,0,0,0,0,0,0, 0,0,0,0,0,7,0,0,0,0
15240,4,152,-54.4,76,32,-9.26935,6.6362,0,0,0,0,0,0,0,0,0,0,0, 0,0,0,0,0,7,0,0,0,0
15240,5,106,-48,80,32,-8.91774,8.02957,0,0,0,0,0,0,0,0,0,0,0, 0,0,0,0,0,7,0,0,0,0
15240,6,137,-55.4,60,32,-7.40823,5.11059,0,0,0,0,0,0,0,0,0,0,0, 0,0,0,0,0,7,0,0,0,0
15280,0,244,-56.5,64,32,-8.0053,5.2986,0,0,0,0,0,0,0,0,0,0,0, 0,0,0,0,0,8,0,0,0,0
15280,1,290,-55.4,68,32,-8.39599,5.79201,0,0,0,0,0,0,0,0,0,0,0, 0,0,0,0,0,8,0,0,0,0
15280,2,35,69.6,8,30.75,1.12474,0.418287,0,0,0,0,0,0,0,0,0,0,0, 0,0,0,0,0,8,0,0,0,0
15280,3,241,-55.4,72,32,-8.88987,6.13271,0,0,0,0,0,0,0,0,0,0,0, 0,0,0,0,0,8,0,0,0,0
15280,4,157,-51.6,76,32,-8.93411,7.08108,0,0,0,0,0,0,0,0,0,0,0, 0,0,0,0,0,8,0,0,0,0
15280,5,113,-45.9,80,32,-8.61752,8.35095,0,0,0,0,0,0,0,0,0,0,0, 0,0,0,0,0,8,0,0,0,0
15280,6,89,-45.9,84,32,-9.04839,8.7685,0,0,0,0,0,0,0,0,0,0,0, 0,0,0,0,0,8,0,0,0,0
15280,7,136,-56.5,60,32,-7.50497,4.96743,0,0,0,0,0,0,0,0,0,0,0, 0,0,0,0,0,8,0,0,0,0
15320,0,243,-56.5,64,32,-8.0053,5.2986,0,1334,0,0,0,0,0,0,0,0,0, 0,0,0,0,0,9,0,0,0,0
15320,1,289,-56.5,68,32,-8.50564,5.62976,0,1334,0,0,0,0,0,0,0,0,0, 0,0,0,0,0,9,0,0,0,0
15320,2,241,-55.4,72,32,-8.88987,6.13271,0,1334,0,0,0,0,0,0,0,0,0, 0,0,0,0,0,9,0,0,0,0
15320,3,155,-51.6,76,32,-8.93411,7.08108,0,1334,0,0,0,0,0,0,0,0,0, 0,0,0,0,0,9,0,0,0,0
15320,4,110,-45,80,32,-8.48528,8.48528,0,1334,0,0,0,0,0,0,0,0,0, 0,0,0,0,0,9,0,0,0,0
15320,5,89,-45,84,32,-8.90955,8.90955,0,1334,0,0,0,0,0,0,0,0,0, 0,0,0,0,0,9,0,0,0,0
15320,6,139,-56.5,60,32,-7.50497,4.96743,0,1334,0,0,0,0,0,0,0,0,0, 0,0,0,0,0,9,0,0,0,0
15360,0,244,-56.5,64,32,-8.0053,5.2986,0,0,0,0,0,0,0,0,0,0,0, 0,0,0,0,0,10,0,0,0,0
15360,1,291,-56.5,68,32,-8.50564,5.62976,0,0,0,0,0,0,0,0,0,0,0, 0,0,0,0,0,10,0,0,0,0
15360,2,244,-55.4,72,32,-8.88987,6.13271,0,0,0,0,0,0,0,0,0,0,0, 0,0,0,0,0,10,0,0,0,0
15360,3,160,-53.4,76,32,-9.15212,6.79696,0,0,0,0,0,0,0,0,0,0,0, 0,0,0,0,0,10,0,0,0,0
15360,4,113,-48,80,32,-8.91774,8.02957,0,0,0,0,0,0,0,0,0,0,0, 0,0,0,0,0,10,0,0,0,0
15360,5,86,-49.8,84,32,-9.62383,8.13277,0,0,0,0,0,0,0,0,0,0,0, 0,0,0,0,0,10,0,0,0,0
15360,6,26,8.3,116,31.5,2.5118,17.2177,0,0,0,0,0,0,0,0,0,0,0, 0,0,0,0,0,10,0,0,0,0
15360,7,141,-55.4,60,32,-7.40823,5.11059,0,0,0,0,0,0,0,0,0,0,0, 0,0,0,0,0,10,0,0,0,0
15400,0,248,-56.5,64,32,-8.0053,5.2986,0,7936,0,0,0,0,0,0,0,0,0, 0,0,0,0,0,11,0,0,0,0
15400,1,293,-56.5,68,32,-8.50564,5.62976,0,7936,0,0,0,0,0,0,0,0,0, 0,0,0,0,0,11,0,0,0,0
15400,2,247,-55.4,72,32,-8.88987,6.13271,0,7936,0,0,0,0,0,0,0,0,0, 0,0,0,0,0,11,0,0,0,0
15400,3,160,-51.6,76,32,-8.93411,7.08108,0,7936,0,0,0,0,0,0,0,0,0, 0,0,0,0,0,11,0,0,0,0
15400,4,109,-46.7,80,32,-8.73327,8.22982,0,7936,0,0,0,0,0,0,0,0,0, 0,0,0,0,0,11,0,0,0,0
15400,5,84,-48,84,32,-9.36363,8.43105,0,7936,0,0,0,0,0,0,0,0,0, 0,0,0,0,0,11,0,0,0,0
15400,6,139,-56.5,60,32,-7.50497,4.96743,0,7936,0,0,0,0,0,0,0,0,0, 0,0,0,0,0,11,0,0,0,0
15440,0,246,-57.4,64,32,-8.08754,5.1722,0,1140,0,0,0,0,0,0,0,0,0, 0,0,0,0,0,12,0,0,0,0
15440,1,293,-56.5,68,32,-8.50564,5.62976,0,1140,0,0,0,0,0,0,0,0,0, 0,0,0,0,0,12,0,0,0,0
15440,2,244,-55.4,72,32,-8.88987,6.13271,0,1140,0,0,0,0,0,0,0,0,0, 0,0,0,0,0,12,0,0,0,0
15440,3,153,-53.4,76,32,-9.15212,6.79696,0,1140,0,0,0,0,0,0,0,0,0, 0,0,0,0,0,12,0,0,0,0
15440,4,104,-45.9,80,32,-8.61752,8.35095,0,1140,0,0,0,0,0,0,0,0,0, 0,0,0,0,0,12,0,0,0,0
15440,5,138,-56.5,60,32,-7.50497,4.96743,0,1140,0,0,0,0,0,0,0,0,0, 0,0,0,0,0,12,0,0,0,0
15480,0,242,-58.4,64,32,-8.17658,5.03026,0,86,0,0,0,0,0,0,0,0,0, 0,0,0,0,0,13,0,0,0,0
15480,1,286,-57.4,68,32,-8.59301,5.49546,0,86,0,0,0,0,0,0,0,0,0, 0,0,0,0,0,13,0,0,0,0
15480,2,240,-55.4,72,32,-8.88987,6.13271,0,86,0,0,0,0,0,0,0,0,0, 0,0,0,0,0,13,0,0,0,0
15480,3,155,-51.6,76,32,-8.93411,7.08108,0,86,0,0,0,0,0,0,0,0,0, 0,0,0,0,0,13,0,0,0,0
15480,4,108,-45,80,32,-8.48528,8.48528,0,86,0,0,0,0,0,0,0,0,0, 0,0,0,0,0,13,0,0,0,0
15480,5,83,-46.7,84,32,-9.16994,8.64131,0,86,0,0,0,0,0,0,0,0,0, 0,0,0,0,0,13,0,0,0,0
15480,6,136,-56.5,60,32,-7.50497,4.96743,0,86,0,0,0,0,0,0,0,0,0, 0,0,0,0,0,13,0,0,0,0
15520,0,242,-58.4,64,32,-8.17658,5.03026,0,0,0,0,0,0,0,0,0,0,0, 0,0,0,0,0,14,0,0,0,0
15520,1,284,-57.4,68,32,-8.59301,5.49546,0,0,0,0,0,0,0,0,0,0,0, 0,0,0,0,0,14,0,0,0,0
15520,2,237,-56.5,72,32,-9.00597,5.96092,0,0,0,0,0,0,0,0,0,0,0, 0,0,0,0,0,14,0,0,0,0
15520,3,151,-51.6,76,32,-8.93411,7.08108,0,0,0,0,0,0,0,0,0,0,0, 0,0,0,0,0,14,0,0,0,0
15520,4,32,11.1,108,31.5,3.11886,15.8969,0,0,0,0,0,0,0,0,0,0,0, 0,0,0,0,0,14,0,0,0,0
15520,5,105,-45.9,80,32,-8.61752,8.35095,0,0,0,0,0,0,0,0,0,0,0, 0,0,0,0,0,14,0,0,0,0
15520,6,138,-58.4,60,32,-7.66554,4.71587,0,0,0,0,0,0,0,0,0,0,0, 0,0,0,0,0,14,0,0,0,0
15560,0,245,-56.5,64,32,-8.0053,5.2986,0,0,0,0,0,0,0,0,0,0,0, 0,0,0,0,0,15,0,0,0,0
15560,1,292,-55.4,68,32,-8.39599,5.79201,0,0,0,0,0,0,0,0,0,0,0, 0,0,0,0,0,15,0,0,0,0
15560,2,246,-54.4,72,32,-8.78149,6.28693,0,0,0,0,0,0,0,0,0,0,0, 0,0,0,0,0,15,0,0,0,0
15560,3,159,-49.8,76,32,-8.70727,7.35822,0,0,0,0,0,0,0,0,0,0,0, 0,0,0,0,0,15,0,0,0,0
15560,4,108,-45.9,80,32,-8.61752,8.35095,0,0,0,0,0,0,0,0,0,0,0, 0,0,0,0,0,15,0,0,0,0
15560,5,11,-12.6,436,46.25,-14.2666,63.825,0,0,0,0,0,0,0,0,0,0,0, 0,0,0,0,0,15,0,0,0,0
15560,6,143,-56.5,60,32,-7.50497,4.96743,0,0,0,0,0,0,0,0,0,0,0, 0,0,0,0,0,15,0,0,0,0
15600,0,253,-55.4,64,32,-7.90211,5.4513,0,0,0,0,0,0,0,0,0,0,0, 0,0,0,0,0,0,0,0,0,0
15600,1,295,-55.4,68,32,-8.39599,5.79201,0,0,0,0,0,0,0,0,0,0,0, 0,0,0,0,0,0,0,0,0,0
15600,2,32,64.6,8,30.75,1.084,0.514722,0,0,0,0,0,0,0,0,0,0,0, 0,0,0,0,0,0,0,0,0,0
15600,3,46,69.6,8,33,1.12474,0.418287,0,0,0,0,0,0,0,0,0,0,0, 0,0,0,0,0,0,0,0,0,0
15600,4,245,-54.4,72,32,-8.78149,6.28693,0,0,0,0,0,0,0,0,0,0,0, 0,0,0,0,0,0,0,0,0,0
15600,5,156,-49.8,76,32,-8.70727,7.35822,0,0,0,0,0,0,0,0,0,0,0, 0,0,0,0,0,0,0,0,0,0
15600,6,103,-46.7,80,32,-8.73327,8.22982,0,0,0,0,0,0,0,0,0,0,0, 0,0,0,0,0,0,0,0,0,0
15600,7,13,16.6,180,51,7.71359,25.8747,0,0,0,0,0,0,0,0,0,0,0, 0,0,0,0,0,0,0,0,0,0
15600,8,139,-58.4,60,32,-7.66554,4.71587,0,0,0,0,0,0,0,0,0,0,0, 0,0,0,0,0,0,0,0,0,0
15640,0,244,-56.5,64,32,-8.0053,5.2986,0,0,0,0,0,0,0,0,0,0,0, 0,0,0,0,0,1,0,0,0,0
15640,1,287,-56.5,68,32,-8.50564,5.62976,0,0,0,0,0,0,0,0,0,0,0, 0,0,0,0,0,1,0,0,0,0
15640,2,242,-55.4,72,32,-8.88987,6.13271,0,0,0,0,0,0,0,0,0,0,0, 0,0,0,0,0,1,0,0,0,0
15640,3,157,-53.4,76,32,-9.15212,6.79696,0,0,0,0,0,0,0,0,0,0,0, 0,0,0,0,0,1,0,0,0,0
15640,4,107,-53.4,80,32,-9.63381,7.1547,0,0,0,0,0,0,0,0,0,0,0, 0,0,0,0,0,1,0,0,0,0
15640,5,139,-55.4,60,32,-7.40823,5.11059,0,0,0,0,0,0,0,0,0,0,0, 0,0,0,0,0,1,0,0,0,0
15680,0,246,-56.5,64,32,-8.0053,5.2986,0,0,0,0,0,0,0,0,0,0,0, 0,0,0,0,0,2,0,0,0,0
15680,1,290,-56.5,68,32,-8.50564,5.62976,0,0,0,0,0,0,0,0,0,0,0, 0,0,0,0,0,2,0,0,0,0
15680,2,242,-56.5,72,32,-9.00597,5.96092,0,0,0,0,0,0,0,0,0,0,0, 0,0,0,0,0,2,0,0,0,0
15680,3,154,-53.4,76,32,-9.15212,6.79696,0,0,0,0,0,0,0,0,0,0,0, 0,0,0,0,0,2,0,0,0,0
15680,4,106,-49.8,80,32,-9.16555,7.74549,0,0,0,0,0,0,0,0,0,0,0, 0,0,0,0,0,2,0,0,0,0
15680,5,139,-56.5,60,32,-7.50497,4.96743,0,0,0,0,0,0,0,0,0,0,0, 0,0,0,0,0,2,0,0,0,0
15720,0,250,-55.4,64,32,-7.90211,5.4513,0,0,0,0,0,0,0,0,0,0,0, 0,0,0,0,0,3,0,0,0,0
15720,1,295,-55.4,68,32,-8.39599,5.79201,0,0,0,0,0,0,0,0,0,0,0, 0,0,0,0,0,3,0,0,0,0
15720,2,242,-54.4,72,32,-8.78149,6.28693,0,0,0,0,0,0,0,0,0,0,0, 0,0,0,0,0,3,0,0,0,0
15720,3,155,-53.4,76,32,-9.15212,6.79696,0,0,0,0,0,0,0,0,0,0,0, 0,0,0,0,0,3,0,0,0,0
15720,4,102,-53.4,80,32,-9.63381,7.1547,0,0,0,0,0,0,0,0,0,0,0, 0,0,0,0,0,3,0,0,0,0
15720,5,144,-57.4,60,32,-7.58207,4.84894,0,0,0,0,0,0,0,0,0,0,0, 0,0,0,0,0,3,0,0,0,0
15760,0,252,-56.5,64,32,-8.0053,5.2986,0,0,0,0,0,0,0,0,0,0,0, 0,0,0,0,0,4,0,0,0,0
15760,1,295,-56.5,68,32,-8.50564,5.62976,0,0,0,0,0,0,0,0,0,0,0, 0,0,0,0,0,4,0,0,0,0
15760,2,244,-55.4,72,32,-8.88987,6.13271,0,0,0,0,0,0,0,0,0,0,0, 0,0,0,0,0,4,0,0,0,0
15760,3,159,-51.6,76,32,-8.93411,7.08108,0,0,0,0,0,0,0,0,0,0,0, 0,0,0,0,0,4,0,0,0,0
15760,4,106,-49.8,80,32,-9.16555,7.74549,0,0,0,0,0,0,0,0,0,0,0, 0,0,0,0,0,4,0,0,0,0
15760,5,140,-57.4,60,32,-7.58207,4.84894,0,0,0,0,0,0,0,0,0,0,0, 0,0,0,0,0,4,0,0,0,0
15800,0,246,-58.4,64,32,-8.17658,5.03026,0,0,0,0,0,0,0,0,0,0,0, 0,0,0,0,0,5,0,0,0,0
15800,1,291,-57.4,68,32,-8.59301,5.49546,0,0,0,0,0,0,0,0,0,0,0, 0,0,0,0,0,5,0,0,0,0
15800,2,46,69.6,8,33,1.12474,0.418287,0,0,0,0,0,0,0,0,0,0,0, 0,0,0,0,0,5,0,0,0,0
15800,3,240,-56.5,72,32,-9.00597,5.96092,0,0,0,0,0,0,0,0,0,0,0, 0,0,0,0,0,5,0,0,0,0
15800,4,152,-54.4,76,32,-9.26935,6.6362,0,0,0,0,0,0,0,0,0,0,0, 0,0,0,0,0,5,0,0,0,0
15800,5,105,-48,80,32,-8.91774,8.02957,0,0,0,0,0,0,0,0,0,0,0, 0,0,0,0,0,5,0,0,0,0
15800,6,82,-51.6,84,32,-9.87454,7.82646,0,0,0,0,0,0,0,0,0,0,0, 0,0,0,0,0,5,0,0,0,0
15800,7,140,-57.4,60,32,-7.58207,4.84894,0,0,0,0,0,0,0,0,0,0,0, 0,0,0,0,0,5,0,0,0,0
15840,0,243,-57.4,64,32,-8.08754,5.1722,0,0,0,0,0,0,0,0,0,0,0, 0,0,0,0,0,6,0,0,0,0
15840,1,288,-56.5,68,32,-8.50564,5.62976,0,0,0,0,0,0,0,0,0,0,0, 0,0,0,0,0,6,0,0,0,0
15840,2,44,72.4,8,33,1.14383,0.362844,0,0,0,0,0,0,0,0,0,0,0, 0,0,0,0,0,6,0,0,0,0
15840,3,240,-55.4,72,32,-8.88987,6.13271,0,0,0,0,0,0,0,0,0,0,0, 0,0,0,0,0,6,0,0,0,0
15840,4,153,-53.4,76,32,-9.15212,6.79696,0,0,0,0,0,0,0,0,0,0,0, 0,0,0,0,0,6,0,0,0,0
15840,5,105,-49.8,80,32,-9.16555,7.74549,0,0,0,0,0,0,0,0,0,0,0, 0,0,0,0,0,6,0,0,0,0
15840,6,139,-58.4,60,32,-7.66554,4.71587,0,0,0,0,0,0,0,0,0,0,0, 0,0,0,0,0,6,0,0,0,0
15880,0,244,-58.4,64,32,-8.17658,5.03026,0,0,0,0,0,0,0,0,0,0,0, 0,0,0,0,0,7,0,0,0,0
15880,1,289,-56.5,68,32,-8.50564,5.62976,0,0,0,0,0,0,0,0,0,0,0, 0,0,0,0,0,7,0,0,0,0
15880,2,138,-57.4,60,32,-7.58207,4.84894,0,0,0,0,0,0,0,0,0,0,0, 0,0,0,0,0,7,0,0,0,0
15880,3,240,-55.4,72,32,-8.88987,6.13271,0,0,0,0,0,0,0,0,0,0,0, 0,0,0,0,0,7,0,0,0,0
15880,4,154,-51.6,76,32,-8.93411,7.08108,0,0,0,0,0,0,0,0,0,0,0, 0,0,0,0,0,7,0,0,0,0
15880,5,111,-45.9,80,32,-8.61752,8.35095,0,0,0,0,0,0,0,0,0,0,0, 0,0,0,0,0,7,0,0,0,0
15880,6,87,-46.7,84,32,-9.16994,8.64131,0,0,0,0,0,0,0,0,0,0,0, 0,0,0,0,0,7,0,0,0,0
15880,7,38,67.6,8,31.75,1.10946,0.457284,2,0,0,0,0,0,0,0,0,0,0, 0,0,0,0,0,7,0,0,0,0
15920,0,246,-57.4,64,32,-8.08754,5.1722,0,0,0,0,0,0,0,0,0,0,0, 0,0,0,0,0,8,0,0,0,0
15920,1,289,-56.5,68,32,-8.50564,5.62976,0,0,0,0,0,0,0,0,0,0,0, 0,0,0,0,0,8,0,0,0,0
15920,2,239,-56.5,72,32,-9.00597,5.96092,0,0,0,0,0,0,0,0,0,0,0, 0,0,0,0,0,8,0,0,0,0
15920,3,151,-53.4,76,32,-9.15212,6.79696,0,0,0,0,0,0,0,0,0,0,0, 0,0,0,0,0,8,0,0,0,0
15920,4,104,-49.8,80,32,-9.16555,7.74549,0,0,0,0,0,0,0,0,0,0,0, 0,0,0,0,0,8,0,0,0,0
15920,5,139,-58.4,60,32,-7.66554,4.71587,0,0,0,0,0,0,0,0,0,0,0, 0,0,0,0,0,8,0,0,0,0
15960,0,244,-58.4,64,32,-8.17658,5.03026,0,1334,0,0,0,0,0,0,0,0,0, 0,0,0,0,0,9,0,0,0,0
15960,1,290,-58.4,68,32,-8.68761,5.34466,0,1334,0,0,0,0,0,0,0,0,0, 0,0,0,0,0,9,0,0,0,0
15960,2,241,-56.5,72,32,-9.00597,5.96092,0,1334,0,0,0,0,0,0,0,0,0, 0,0,0,0,0,9,0,0,0,0
15960,3,157,-51.6,76,32,-8.93411,7.08108,0,1334,0,0,0,0,0,0,0,0,0, 0,0,0,0,0,9,0,0,0,0
15960,4,106,-45.9,80,32,-8.61752,8.35095,0,1334,0,0,0,0,0,0,0,0,0, 0,0,0,0,0,9,0,0,0,0
15960,5,140,-57.4,60,32,-7.58207,4.84894,0,1334,0,0,0,0,0,0,0,0,0, 0,0,0,0,0,9,0,0,0,0
16000,0,250,-56.5,64,32,-8.0053,5.2986,0,0,0,0,0,0,0,0,0,0,0, 0,0,0,0,0,10,0,0,0,0
16000,1,294,-55.4,68,32,-8.39599,5.79201,0,0,0,0,0,0,0,0,0,0,0, 0,0,0,0,0,10,0,0,0,0
16000,2,243,-55.4,72,32,-8.88987,6.13271,0,0,0,0,0,0,0,0,0,0,0, 0,0,0,0,0,10,0,0,0,0
16000,3,158,-49.8,76,32,-8.70727,7.35822,0,0,0,0,0,0,0,0,0,0,0, 0,0,0,0,0,10,0,0,0,0
16000,4,112,-44.2,80,32,-8.36598,8.60293,0,0,0,0,0,0,0,0,0,0,0, 0,0,0,0,0,10,0,0,0,0
16000,5,82,-45,84,32,-8.90955,8.90955,0,0,0,0,0,0,0,0,0,0,0, 0,0,0,0,0,10,0,0,0,0
16000,6,142,-57.4,60,32,-7.58207,4.84894,0,0,0,0,0,0,0,0,0,0,0, 0,0,0,0,0,10,0,0,0,0
16040,0,246,-58.4,64,32,-8.17658,5.03026,0,7936,0,0,0,0,0,0,0,0,0, 0,0,0,0,0,11,0,0,0,0
16040,1,291,-57.4,68,32,-8.59301,5.49546,0,7936,0,0,0,0,0,0,0,0,0, 0,0,0,0,0,11,0,0,0,0
16040,2,240,-56.5,72,32,-9.00597,5.96092,0,7936,0,0,0,0,0,0,0,0,0, 0,0,0,0,0,11,0,0,0,0
16040,3,157,-49.8,76,32,-8.70727,7.35822,0,7936,0,0,0,0,0,0,0,0,0, 0,0,0,0,0,11,0,0,0,0
16040,4,112,-43.6,80,32,-8.27543,8.69006,0,7936,0,0,0,0,0,0,0,0,0, 0,0,0,0,0,11,0,0,0,0
16040,5,83,-46.7,84,32,-9.16994,8.64131,0,7936,0,0,0,0,0,0,0,0,0, 0,0,0,0,0,11,0,0,0,0
16040,6,139,-59.4,60,32,-7.74668,4.58137,0,7936,0,0,0,0,0,0,0,0,0, 0,0,0,0,0,11,0,0,0,0
16080,0,246,-57.4,64,32,-8.08754,5.1722,0,1140,0,0,0,0,0,0,0,0,0, 0,0,0,0,0,12,0,0,0,0
16080,1,290,-56.5,68,32,-8.50564,5.62976,0,1140,0,0,0,0,0,0,0,0,0, 0,0,0,0,0,12,0,0,0,0
16080,2,242,-55.4,72,32,-8.88987,6.13271,0,1140,0,0,0,0,0,0,0,0,0, 0,0,0,0,0,12,0,0,0,0
16080,3,158,-51.6,76,32,-8.93411,7.08108,0,1140,0,0,0,0,0,0,0,0,0, 0,0,0,0,0,12,0,0,0,0
16080,4,107,-48,80,32,-8.91774,8.02957,0,1140,0,0,0,0,0,0,0,0,0, 0,0,0,0,0,12,0,0,0,0
16080,5,141,-56.5,60,32,-7.50497,4.96743,0,1140,0,0,0,0,0,0,0,0,0, 0,0,0,0,0,12,0,0,0,0
16120,0,247,-58.4,64,32,-8.17658,5.03026,0,86,0,0,0,0,0,0,0,0,0, 0,0,0,0,0,13,0,0,0,0
16120,1,289,-57.4,68,32,-8.59301,5.49546,0,86,0,0,0,0,0,0,0,0,0, 0,0,0,0,0,13,0,0,0,0
16120,2,38,71.1,8,33,1.1353,0.388701,0,86,0,0,0,0,0,0,0,0,0, 0,0,0,0,0,13,0,0,0,0
16120,3,237,-56.5,72,32,-9.00597,5.96092,0,86,0,0,0,0,0,0,0,0,0, 0,0,0,0,0,13,0,0,0,0
16120,4,149,-51.6,76,32,-8.93411,7.08108,0,86,0,0,0,0,0,0,0,0,0, 0,0,0,0,0,13,0,0,0,0
16120,5,105,-45,80,32,-8.48528,8.48528,0,86,0,0,0,0,0,0,0,0,0, 0,0,0,0,0,13,0,0,0,0
16120,6,88,-45,84,32,-8.90955,8.90955,0,86,0,0,0,0,0,0,0,0,0, 0,0,0,0,0,13,0,0,0,0
16120,7,140,-57.4,60,32,-7.58207,4.84894,0,86,0,0,0,0,0,0,0,0,0, 0,0,0,0,0,13,0,0,0,0
16160,0,249,-56.5,64,32,-8.0053,5.2986,0,0,0,0,0,0,0,0,0,0,0, 0,0,0,0,0,14,0,0,0,0
16160,1,292,-56.5,68,32,-8.50564,5.62976,0,0,0,0,0,0,0,0,0,0,0, 0,0,0,0,0,14,0,0,0,0
16160,2,244,-55.4,72,32,-8.88987,6.13271,0,0,0,0,0,0,0,0,0,0,0, 0,0,0,0,0,14,0,0,0,0
16160,3,158,-51.6,76,32,-8.93411,7.08108,0,0,0,0,0,0,0,0,0,0,0, 0,0,0,0,0,14,0,0,0,0
16160,4,108,-46.7,80,32,-8.73327,8.22982,0,0,0,0,0,0,0,0,0,0,0, 0,0,0,0,0,14,0,0,0,0
16160,5,82,-48,84,32,-9.36363,8.43105,0,0,0,0,0,0,0,0,0,0,0, 0,0,0,0,0,14,0,0,0,0
16160,6,139,-57.4,60,32,-7.58207,4.84894,0,0,0,0,0,0,0,0,0,0,0, 0,0,0,0,0,14,0,0,0,0
16200,0,248,-56.5,64,32,-8.0053,5.2986,0,0,0,0,0,0,0,0,0,0,0, 0,0,0,0,0,15,0,0,0,0
16200,1,291,-56.5,68,32,-8.50564,5.62976,0,0,0,0,0,0,0,0,0,0,0, 0,0,0,0,0,15,0,0,0,0
16200,2,241,-57.4,72,32,-9.09849,5.81872,0,0,0,0,0,0,0,0,0,0,0, 0,0,0,0,0,15,0,0,0,0
16200,3,153,-55.4,76,32,-9.38375,6.47342,0,0,0,0,0,0,0,0,0,0,0, 0,0,0,0,0,15,0,0,0,0
16200,4,103,-49.8,80,32,-9.16555,7.74549,0,0,0,0,0,0,0,0,0,0,0, 0,0,0,0,0,15,0,0,0,0
16200,5,138,-59.4,60,32,-7.74668,4.58137,0,0,0,0,0,0,0,0,0,0,0, 0,0,0,0,0,15,0,0,0,0
16240,0,245,-58.4,64,32,-8.17658,5.03026,0,0,0,0,0,0,0,0,0,0,0, 0,0,0,0,0,0,0,0,0,0
16240,1,289,-57.4,68,32,-8.59301,5.49546,0,0,0,0,0,0,0,0,0,0,0, 0,0,0,0,0,0,0,0,0,0
16240,2,242,-56.5,72,32,-9.00597,5.96092,0,0,0,0,0,0,0,0,0,0,0, 0,0,0,0,0,0,0,0,0,0
16240,3,156,-54.4,76,32,-9.26935,6.6362,0,0,0,0,0,0,0,0,0,0,0, 0,0,0,0,0,0,0,0,0,0
16240,4,108,-46.7,80,32,-8.73327,8.22982,0,0,0,0,0,0,0,0,0,0,0, 0,0,0,0,0,0,0,0,0,0
16240,5,82,-49.8,84,32,-9.62383,8.13277,0,0,0,0,0,0,0,0,0,0,0, 0,0,0,0,0,0,0,0,0,0
16240,6,140,-56.5,60,32,-7.50497,4.96743,0,0,0,0,0,0,0,0,0,0,0, 0,0,0,0,0,0,0,0,0,0
16280,0,247,-57.4,64,32,-8.08754,5.1722,0,0,0,0,0,0,0,0,0,0,0, 0,0,0,0,0,1,0,0,0,0
16280,1,292,-56.5,68,32,-8.50564,5.62976,0,0,0,0,0,0,0,0,0,0,0, 0,0,0,0,0,1,0,0,0,0
16280,2,242,-56.5,72,32,-9.00597,5.96092,0,0,0,0,0,0,0,0,0,0,0, 0,0,0,0,0,1,0,0,0,0
16280,3,147,-54.4,76,32,-9.26935,6.6362,0,0,0,0,0,0,0,0,0,0,0, 0,0,0,0,0,1,0,0,0,0
16280,4,100,-44.2,80,32,-8.36598,8.60293,0,0,0,0,0,0,0,0,0,0,0, 0,0,0,0,0,1,0,0,0,0
16280,5,139,-55.4,60,32,-7.40823,5.11059,0,0,0,0,0,0,0,0,0,0,0, 0,0,0,0,0,1,0,0,0,0
16320,0,247,-56.5,64,32,-8.0053,5.2986,0,0,0,0,0,0,0,0,0,0,0, 0,0,0,0,0,2,0,0,0,0
16320,1,291,-56.5,68,32,-8.50564,5.62976,0,0,0,0,0,0,0,0,0,0,0, 0,0,0,0,0,2,0,0,0,0
16320,2,45,69.6,8,33,1.12474,0.418287,0,0,0,0,0,0,0,0,0,0,0, 0,0,0,0,0,2,0,0,0,0
16320,3,241,-55.4,72,32,-8.88987,6.13271,0,0,0,0,0,0,0,0,0,0,0, 0,0,0,0,0,2,0,0,0,0
16320,4,155,-55.4,76,32,-9.38375,6.47342,0,0,0,0,0,0,0,0,0,0,0, 0,0,0,0,0,2,0,0,0,0
16320,5,97,-55.4,80,32,-9.87764,6.81413,0,0,0,0,0,0,0,0,0,0,0, 0,0,0,0,0,2,0,0,0,0
16320,6,139,-56.5,60,32,-7.50497,4.96743,0,0,0,0,0,0,0,0,0,0,0, 0,0,0,0,0,2,0,0,0,0
16360,0,246,-58.4,64,32,-8.17658,5.03026,0,0,0,0,0,0,0,0,0,0,0, 0,0,0,0,0,3,0,0,0,0
16360,1,290,-57.4,68,32,-8.59301,5.49546,0,0,0,0,0,0,0,0,0,0,0, 0,0,0,0,0,3,0,0,0,0
16360,2,240,-56.5,72,32,-9.00597,5.96092,0,0,0,0,0,0,0,0,0,0,0, 0,0,0,0,0,3,0,0,0,0
16360,3,149,-55.4,76,32,-9.38375,6.47342,0,0,0,0,0,0,0,0,0,0,0, 0,0,0,0,0,3,0,0,0,0
16360,4,104,-48,80,32,-8.91774,8.02957,0,0,0,0,0,0,0,0,0,0,0, 0,0,0,0,0,3,0,0,0,0
16360,5,82,-53.4,84,32,-10.1155,7.51243,0,0,0,0,0,0,0,0,0,0,0, 0,0,0,0,0,3,0,0,0,0
16360,6,140,-56.5,60,32,-7.50497,4.96743,0,0,0,0,0,0,0,0,0,0,0, 0,0,0,0,0,3,0,0,0,0
16400,0,247,-56.5,64,32,-8.0053,5.2986,0,0,0,0,0,0,0,0,0,0,0, 0,0,0,0,0,4,0,0,0,0
16400,1,291,-56.5,68,32,-8.50564,5.62976,0,0,0,0,0,0,0,0,0,0,0, 0,0,0,0,0,4,0,0,0,0
16400,2,41,68.6,8,33,1.11727,0.437852,0,0,0,0,0,0,0,0,0,0,0, 0,0,0,0,0,4,0,0,0,0
16400,3,244,-55.4,72,32,-8.88987,6.13271,0,0,0,0,0,0,0,0,0,0,0, 0,0,0,0,0,4,0,0,0,0
16400,4,157,-53.4,76,32,-9.15212,6.79696,0,0,0,0,0,0,0,0,0,0,0, 0,0,0,0,0,4,0,0,0,0
16400,5,107,-49.8,80,32,-9.16555,7.74549,0,0,0,0,0,0,0,0,0,0,0, 0,0,0,0,0,4,0,0,0,0
16400,6,140,-58.4,60,32,-7.66554,4.71587,0,0,0,0,0,0,0,0,0,0,0, 0,0,0,0,0,4,0,0,0,0
16440,0,245,-56.5,64,32,-8.0053,5.2986,0,0,0,0,0,0,0,0,0,0,0, 0,0,0,0,0,5,0,0,0,0
16440,1,289,-56.5,68,32,-8.50564,5.62976,0,0,0,0,0,0,0,0,0,0,0, 0,0,0,0,0,5,0,0,0,0
16440,2,45,68.6,8,33,1.11727,0.437852,0,0,0,0,0,0,0,0,0,0,0, 0,0,0,0,0,5,0,0,0,0
16440,3,242,-55.4,72,32,-8.88987,6.13271,0,0,0,0,0,0,0,0,0,0,0, 0,0,0,0,0,5,0,0,0,0
16440,4,158,-49.8,76,32,-8.70727,7.35822,0,0,0,0,0,0,0,0,0,0,0, 0,0,0,0,0,5,0,0,0,0
16440,5,110,-45.9,80,32,-8.61752,8.35095,0,0,0,0,0,0,0,0,0,0,0, 0,0,0,0,0,5,0,0,0,0
16440,6,89,-45,84,32,-8.90955,8.90955,0,0,0,0,0,0,0,0,0,0,0, 0,0,0,0,0,5,0,0,0,0
16440,7,139,-56.5,60,32,-7.50497,4.96743,0,0,0,0,0,0,0,0,0,0,0, 0,0,0,0,0,5,0,0,0,0
16480,0,247,-57.4,64,32,-8.08754,5.1722,0,0,0,0,0,0,0,0,0,0,0, 0,0,0,0,0,6,0,0,0,0
16480,1,292,-56.5,68,32,-8.50564,5.62976,0,0,0,0,0,0,0,0,0,0,0, 0,0,0,0,0,6,0,0,0,0
16480,2,45,75.1,8,33,1.15965,0.308559,0,0,0,0,0,0,0,0,0,0,0, 0,0,0,0,0,6,0,0,0,0
16480,3,241,-56.5,72,32,-9.00597,5.96092,0,0,0,0,0,0,0,0,0,0,0, 0,0,0,0,0,6,0,0,0,0
16480,4,154,-55.4,76,32,-9.38375,6.47342,0,0,0,0,0,0,0,0,0,0,0, 0,0,0,0,0,6,0,0,0,0
16480,5,103,-51.6,80,32,-9.40432,7.45377,0,0,0,0,0,0,0,0,0,0,0, 0,0,0,0,0,6,0,0,0,0
16480,6,139,-57.4,60,32,-7.58207,4.84894,0,0,0,0,0,0,0,0,0,0,0, 0,0,0,0,0,6,0,0,0,0
16520,0,247,-56.5,64,32,-8.0053,5.2986,0,0,0,0,0,0,0,0,0,0,0, 0,0,0,0,0,7,0,0,0,0
16520,1,292,-55.4,68,32,-8.39599,5.79201,0,0,0,0,0,0,0,0,0,0,0, 0,0,0,0,0,7,0,0,0,0
16520,2,242,-55.4,72,32,-8.88987,6.13271,0,0,0,0,0,0,0,0,0,0,0, 0,0,0,0,0,7,0,0,0,0
16520,3,154,-53.4,76,32,-9.15212,6.79696,0,0,0,0,0,0,0,0,0,0,0, 0,0,0,0,0,7,0,0,0,0
16520,4,103,-49.8,80,32,-9.16555,7.74549,0,0,0,0,0,0,0,0,0,0,0, 0,0,0,0,0,7,0,0,0,0
16520,5,140,-55.4,60,32,-7.40823,5.11059,0,0,0,0,0,0,0,0,0,0,0, 0,0,0,0,0,7,0,0,0,0
16560,0,246,-56.5,64,32,-8.0053,5.2986,0,0,0,0,0,0,0,0,0,0,0, 0,0,0,0,0,8,0,0,0,0
16560,1,291,-56.5,68,32,-8.50564,5.62976,0,0,0,0,0,0,0,0,0,0,0, 0,0,0,0,0,8,0,0,0,0
16560,2,37,67.6,8,33,1.10946,0.457284,0,0,0,0,0,0,0,0,0,0,0, 0,0,0,0,0,8,0,0,0,0
16560,3,240,-55.4,72,32,-8.88987,6.13271,0,0,0,0,0,0,0,0,0,0,0, 0,0,0,0,0,8,0,0,0,0
16560,4,152,-53.4,76,32,-9.15212,6.79696,0,0,0,0,0,0,0,0,0,0,0, 0,0,0,0,0,8,0,0,0,0
16560,5,103,-46.7,80,32,-8.73327,8.22982,0,0,0,0,0,0,0,0,0,0,0, 0,0,0,0,0,8,0,0,0,0
16560,6,83,-43.6,84,32,-8.68921,9.12457,0,0,0,0,0,0,0,0,0,0,0, 0,0,0,0,0,8,0,0,0,0
16560,7,136,-55.4,60,32,-7.40823,5.11059,0,0,0,0,0,0,0,0,0,0,0, 0,0,0,0,0,8,0,0,0,0
16600,0,243,-57.4,64,32,-8.08754,5.1722,0,1334,0,0,0,0,0,0,0,0,0, 0,0,0,0,0,9,0,0,0,0
16600,1,288,-56.5,68,32,-8.50564,5.62976,0,1334,0,0,0,0,0,0,0,0,0, 0,0,0,0,0,9,0,0,0,0
16600,2,238,-56.5,72,32,-9.00597,5.96092,0,1334,0,0,0,0,0,0,0,0,0, 0,0,0,0,0,9,0,0,0,0
16600,3,149,-54.4,76,32,-9.26935,6.6362,0,1334,0,0,0,0,0,0,0,0,0, 0,0,0,0,0,9,0,0,0,0
16600,4,104,-44.2,80,32,-8.36598,8.60293,0,1334,0,0,0,0,0,0,0,0,0, 0,0,0,0,0,9,0,0,0,0
16600,5,87,-41.7,84,32,-8.3819,9.40764,0,1334,0,0,0,0,0,0,0,0,0, 0,0,0,0,0,9,0,0,0,0
16600,6,138,-56.5,60,32,-7.50497,4.96743,0,1334,0,0,0,0,0,0,0,0,0, 0,0,0,0,0,9,0,0,0,0
16640,0,245,-55.4,64,32,-7.90211,5.4513,0,0,0,0,0,0,0,0,0,0,0, 0,0,0,0,0,10,0,0,0,0
16640,1,288,-55.4,68,32,-8.39599,5.79201,0,0,0,0,0,0,0,0,0,0,0, 0,0,0,0,0,10,0,0,0,0
16640,2,244,-55.4,72,32,-8.88987,6.13271,0,0,0,0,0,0,0,0,0,0,0, 0,0,0,0,0,10,0,0,0,0
16640,3,157,-53.4,76,32,-9.15212,6.79696,0,0,0,0,0,0,0,0,0,0,0, 0,0,0,0,0,10,0,0,0,0
16640,4,112,-46.7,80,32,-8.73327,8.22982,0,0,0,0,0,0,0,0,0,0,0, 0,0,0,0,0,10,0,0,0,0
16640,5,89,-45,84,32,-8.90955,8.90955,0,0,0,0,0,0,0,0,0,0,0, 0,0,0,0,0,10,0,0,0,0
16640,6,138,-56.5,60,32,-7.50497,4.96743,0,0,0,0,0,0,0,0,0,0,0, 0,0,0,0,0,10,0,0,0,0
16680,0,246,-56.5,64,32,-8.0053,5.2986,0,7936,0,0,0,0,0,0,0,0,0, 0,0,0,0,0,11,0,0,0,0
16680,1,289,-56.5,68,32,-8.50564,5.62976,0,7936,0,0,0,0,0,0,0,0,0, 0,0,0,0,0,11,0,0,0,0
16680,2,51,69.6,8,33,1.12474,0.418287,0,7936,0,0,0,0,0,0,0,0,0, 0,0,0,0,0,11,0,0,0,0
16680,3,242,-55.4,72,32,-8.88987,6.13271,0,7936,0,0,0,0,0,0,0,0,0, 0,0,0,0,0,11,0,0,0,0
16680,4,154,-53.4,76,32,-9.15212,6.79696,0,7936,0,0,0,0,0,0,0,0,0, 0,0,0,0,0,11,0,0,0,0
16680,5,105,-46.7,80,32,-8.73327,8.22982,0,7936,0,0,0,0,0,0,0,0,0, 0,0,0,0,0,11,0,0,0,0
16680,6,22,20.1,56,33,2.88674,7.88839,0,7936,0,0,0,0,0,0,0,0,0, 0,0,0,0,0,11,0,0,0,0
16680,7,137,-56.5,60,32,-7.50497,4.96743,0,7936,0,0,0,0,0,0,0,0,0, 0,0,0,0,0,11,0,0,0,0
16720,0,245,-56.5,64,32,-8.0053,5.2986,0,1140,0,0,0,0,0,0,0,0,0, 0,0,0,0,0,12,0,0,0,0
16720,1,290,-56.5,68,32,-8.50564,5.62976,0,1140,0,0,0,0,0,0,0,0,0, 0,0,0,0,0,12,0,0,0,0
16720,2,239,-56.5,72,32,-9.00597,5.96092,0,1140,0,0,0,0,0,0,0,0,0, 0,0,0,0,0,12,0,0,0,0
16720,3,151,-53.4,76,32,-9.15212,6.79696,0,1140,0,0,0,0,0,0,0,0,0, 0,0,0,0,0,12,0,0,0,0
16720,4,101,-46.7,80,32,-8.73327,8.22982,0,1140,0,0,0,0,0,0,0,0,0, 0,0,0,0,0,12,0,0,0,0
16720,5,138,-57.4,60,32,-7.58207,4.84894,0,1140,0,0,0,0,0,0,0,0,0, 0,0,0,0,0,12,0,0,0,0
16760,0,246,-56.5,64,32,-8.0053,5.2986,0,86,0,0,0,0,0,0,0,0,0, 0,0,0,0,0,13,0,0,0,0
16760,1,290,-57.4,68,32,-8.59301,5.49546,0,86,0,0,0,0,0,0,0,0,0, 0,0,0,0,0,13,0,0,0,0
16760,2,23,-16.8,100,32.75,-4.33548,14.3598,0,86,0,0,0,0,0,0,0,0,0, 0,0,0,0,0,13,0,0,0,0
16760,3,241,-57.4,72,32,-9.09849,5.81872,0,86,0,0,0,0,0,0,0,0,0, 0,0,0,0,0,13,0,0,0,0
16760,4,151,-56.5,76,32,-9.5063,6.29208,0,86,0,0,0,0,0,0,0,0,0, 0,0,0,0,0,13,0,0,0,0
16760,5,100,-53.4,80,32,-9.63381,7.1547,0,86,0,0,0,0,0,0,0,0,0, 0,0,0,0,0,13,0,0,0,0
16760,6,82,-45.9,84,32,-9.04839,8.7685,0,86,0,0,0,0,0,0,0,0,0, 0,0,0,0,0,13,0,0,0,0
16760,7,143,-55.4,60,32,-7.40823,5.11059,0,86,0,0,0,0,0,0,0,0,0, 0,0,0,0,0,13,0,0,0,0
16800,0,250,-55.4,64,32,-7.90211,5.4513,0,0,0,0,0,0,0,0,0,0,0, 0,0,0,0,0,14,0,0,0,0
16800,1,292,-56.5,68,32,-8.50564,5.62976,0,0,0,0,0,0,0,0,0,0,0, 0,0,0,0,0,14,0,0,0,0
16800,2,240,-56.5,72,32,-9.00597,5.96092,0,0,0,0,0,0,0,0,0,0,0, 0,0,0,0,0,14,0,0,0,0
16800,3,152,-53.4,76,32,-9.15212,6.79696,0,0,0,0,0,0,0,0,0,0,0, 0,0,0,0,0,14,0,0,0,0
16800,4,103,-49.8,80,32,-9.16555,7.74549,0,0,0,0,0,0,0,0,0,0,0, 0,0,0,0,0,14,0,0,0,0
16800,5,137,-56.5,60,32,-7.50497,4.96743,0,0,0,0,0,0,0,0,0,0,0, 0,0,0,0,0,14,0,0,0,0
16800,6,31,-23.6,92,31.75,-5.52482,12.6458,0,0,0,0,0,0,0,0,0,0,0, 0,0,0,0,0,14,0,0,0,0
16840,0,245,-55.4,64,32,-7.90211,5.4513,0,0,0,0,0,0,0,0,0,0,0, 0,0,0,0,0,15,0,0,0,0
16840,1,287,-56.5,68,32,-8.50564,5.62976,0,0,0,0,0,0,0,0,0,0,0, 0,0,0,0,0,15,0,0,0,0
16840,2,237,-55.4,72,32,-8.88987,6.13271,0,0,0,0,0,0,0,0,0,0,0, 0,0,0,0,0,15,0,0,0,0
16840,3,13,-56.5,456,59.75,-57.0378,37.7525,0,0,0,0,0,0,0,0,0,0,0, 0,0,0,0,0,15,0,0,0,0
16840,4,153,-51.6,76,32,-8.93411,7.08108,0,0,0,0,0,0,0,0,0,0,0, 0,0,0,0,0,15,0,0,0,0
16840,5,108,-48,80,32,-8.91774,8.02957,0,0,0,0,0,0,0,0,0,0,0, 0,0,0,0,0,15,0,0,0,0
16840,6,86,-54.4,84,32,-10.2451,7.33475,0,0,0,0,0,0,0,0,0,0,0, 0,0,0,0,0,15,0,0,0,0
16840,7,137,-54.4,60,32,-7.31791,5.23911,0,0,0,0,0,0,0,0,0,0,0, 0,0,0,0,0,15,0,0,0,0
16880,0,246,-55.4,64,32,-7.90211,5.4513,0,0,0,0,0,0,0,0,0,0,0, 0,0,0,0,0,0,0,0,0,0
16880,1,292,-55.4,68,32,-8.39599,5.79201,0,0,0,0,0,0,0,0,0,0,0, 0,0,0,0,0,0,0,0,0,0
16880,2,245,-54.4,72,32,-8.78149,6.28693,0,0,0,0,0,0,0,0,0,0,0, 0,0,0,0,0,0,0,0,0,0
16880,3,153,-53.4,76,32,-9.15212,6.79696,0,0,0,0,0,0,0,0,0,0,0, 0,0,0,0,0,0,0,0,0,0
16880,4,98,-49.8,80,32,-9.16555,7.74549,0,0,0,0,0,0,0,0,0,0,0, 0,0,0,0,0,0,0,0,0,0
16880,5,138,-57.4,60,32,-7.58207,4.84894,0,0,0,0,0,0,0,0,0,0,0, 0,0,0,0,0,0,0,0,0,0
16920,0,245,-56.5,64,32,-8.0053,5.2986,0,0,0,0,0,0,0,0,0,0,0, 0,0,0,0,0,1,0,0,0,0
16920,1,291,-55.4,68,32,-8.39599,5.79201,0,0,0,0,0,0,0,0,0,0,0, 0,0,0,0,0,1,0,0,0,0
16920,2,241,-55.4,72,32,-8.88987,6.13271,0,0,0,0,0,0,0,0,0,0,0, 0,0,0,0,0,1,0,0,0,0
16920,3,153,-53.4,76,32,-9.15212,6.79696,0,0,0,0,0,0,0,0,0,0,0, 0,0,0,0,0,1,0,0,0,0
16920,4,110,-43.6,80,32,-8.27543,8.69006,0,0,0,0,0,0,0,0,0,0,0, 0,0,0,0,0,1,0,0,0,0
16920,5,89,-41.7,84,32,-8.3819,9.40764,0,0,0,0,0,0,0,0,0,0,0, 0,0,0,0,0,1,0,0,0,0
16920,6,141,-56.5,60,32,-7.50497,4.96743,0,0,0,0,0,0,0,0,0,0,0, 0,0,0,0,0,1,0,0,0,0
16960,0,247,-56.5,64,32,-8.0053,5.2986,0,0,0,0,0,0,0,0,0,0,0, 0,0,0,0,0,2,0,0,0,0
16960,1,292,-55.4,68,32,-8.39599,5.79201,0,0,0,0,0,0,0,0,0,0,0, 0,0,0,0,0,2,0,0,0,0
16960,2,241,-55.4,72,32,-8.88987,6.13271,0,0,0,0,0,0,0,0,0,0,0, 0,0,0,0,0,2,0,0,0,0
16960,3,153,-51.6,76,32,-8.93411,7.08108,0,0,0,0,0,0,0,0,0,0,0, 0,0,0,0,0,2,0,0,0,0
16960,4,108,-43.6,80,32,-8.27543,8.69006,0,0,0,0,0,0,0,0,0,0,0, 0,0,0,0,0,2,0,0,0,0
16960,5,91,-41.7,84,32,-8.3819,9.40764,0,0,0,0,0,0,0,0,0,0,0, 0,0,0,0,0,2,0,0,0,0
16960,6,137,-57.4,60,32,-7.58207,4.84894,0,0,0,0,0,0,0,0,0,0,0, 0,0,0,0,0,2,0,0,0,0
17000,0,246,-56.5,64,32,-8.0053,5.2986,0,0,0,0,0,0,0,0,0,0,0, 0,0,0,0,0,3,0,0,0,0
17000,1,292,-55.4,68,32,-8.39599,5.79201,0,0,0,0,0,0,0,0,0,0,0, 0,0,0,0,0,3,0,0,0,0
17000,2,242,-55.4,72,32,-8.88987,6.13271,0,0,0,0,0,0,0,0,0,0,0, 0,0,0,0,0,3,0,0,0,0
17000,3,155,-51.6,76,32,-8.93411,7.08108,0,0,0,0,0,0,0,0,0,0,0, 0,0,0,0,0,3,0,0,0,0
17000,4,112,-44.2,80,32,-8.36598,8.60293,0,0,0,0,0,0,0,0,0,0,0, 0,0,0,0,0,3,0,0,0,0
17000,5,82,-46.7,84,32,-9.16994,8.64131,0,0,0,0,0,0,0,0,0,0,0, 0,0,0,0,0,3,0,0,0,0
17000,6,138,-56.5,60,32,-7.50497,4.96743,0,0,0,0,0,0,0,0,0,0,0, 0,0,0,0,0,3,0,0,0,0
17000,7,32,-20.3,92,33,-4.78771,12.9429,0,0,0,0,0,0,0,0,0,0,0, 0,0,0,0,0,3,0,0,0,0
17040,0,246,-56.5,64,32,-8.0053,5.2986,0,0,0,0,0,0,0,0,0,0,0, 0,0,0,0,0,4,0,0,0,0
17040,1,291,-55.4,68,32,-8.39599,5.79201,0,0,0,0,0,0,0,0,0,0,0, 0,0,0,0,0,4,0,0,0,0
17040,2,45,65.6,8,33,1.09282,0.495725,0,0,0,0,0,0,0,0,0,0,0, 0,0,0,0,0,4,0,0,0,0
17040,3,243,-54.4,72,32,-8.78149,6.28693,0,0,0,0,0,0,0,0,0,0,0, 0,0,0,0,0,4,0,0,0,0
17040,4,157,-54.4,76,32,-9.26935,6.6362,0,0,0,0,0,0,0,0,0,0,0, 0,0,0,0,0,4,0,0,0,0
17040,5,104,-49.8,80,32,-9.16555,7.74549,0,0,0,0,0,0,0,0,0,0,0, 0,0,0,0,0,4,0,0,0,0
17040,6,81,-46.7,84,32,-9.16994,8.64131,0,0,0,0,0,0,0,0,0,0,0, 0,0,0,0,0,4,0,0,0,0
17040,7,138,-57.4,60,32,-7.58207,4.84894,0,0,0,0,0,0,0,0,0,0,0, 0,0,0,0,0,4,0,0,0,0
17080,0,247,-56.5,64,32,-8.0053,5.2986,0,0,0,0,0,0,0,0,0,0,0, 0,0,0,0,0,5,0,0,0,0
17080,1,290,-55.4,68,32,-8.39599,5.79201,0,0,0,0,0,0,0,0,0,0,0, 0,0,0,0,0,5,0,0,0,0
17080,2,41,67.6,8,33,1.10946,0.457284,0,0,0,0,0,0,0,0,0,0,0, 0,0,0,0,0,5,0,0,0,0
17080,3,239,-56.5,72,32,-9.00597,5.96092,0,0,0,0,0,0,0,0,0,0,0, 0,0,0,0,0,5,0,0,0,0
17080,4,150,-56.5,76,32,-9.5063,6.29208,0,0,0,0,0,0,0,0,0,0,0, 0,0,0,0,0,5,0,0,0,0
17080,5,94,-58.4,80,32,-10.2207,6.28783,0,0,0,0,0,0,0,0,0,0,0, 0,0,0,0,0,5,0,0,0,0
17080,6,140,-58.4,60,32,-7.66554,4.71587,0,0,0,0,0,0,0,0,0,0,0, 0,0,0,0,0,5,0,0,0,0
17120,0,245,-56.5,64,32,-8.0053,5.2986,0,0,0,0,0,0,0,0,0,0,0, 0,0,0,0,0,6,0,0,0,0
17120,1,290,-56.5,68,32,-8.50564,5.62976,0,0,0,0,0,0,0,0,0,0,0, 0,0,0,0,0,6,0,0,0,0
17120,2,241,-56.5,72,32,-9.00597,5.96092,0,0,0,0,0,0,0,0,0,0,0, 0,0,0,0,0,6,0,0,0,0
17120,3,149,-56.5,76,32,-9.5063,6.29208,0,0,0,0,0,0,0,0,0,0,0, 0,0,0,0,0,6,0,0,0,0
17120,4,96,-53.4,80,32,-9.63381,7.1547,0,0,0,0,0,0,0,0,0,0,0, 0,0,0,0,0,6,0,0,0,0
17120,5,138,-56.5,60,32,-7.50497,4.96743,0,0,0,0,0,0,0,0,0,0,0, 0,0,0,0,0,6,0,0,0,0
17160,0,246,-57.4,64,32,-8.08754,5.1722,0,0,0,0,0,0,0,0,0,0,0, 0,0,0,0,0,7,0,0,0,0
17160,1,292,-56.5,68,32,-8.50564,5.62976,0,0,0,0,0,0,0,0,0,0,0, 0,0,0,0,0,7,0,0,0,0
17160,2,242,-56.5,72,32,-9.00597,5.96092,0,0,0,0,0,0,0,0,0,0,0, 0,0,0,0,0,7,0,0,0,0
17160,3,153,-54.4,76,32,-9.26935,6.6362,0,0,0,0,0,0,0,0,0,0,0, 0,0,0,0,0,7,0,0,0,0
17160,4,104,-45,80,32,-8.48528,8.48528,0,0,0,0,0,0,0,0,0,0,0, 0,0,0,0,0,7,0,0,0,0
17160,5,140,-58.4,60,32,-7.66554,4.71587,0,0,0,0,0,0,0,0,0,0,0, 0,0,0,0,0,7,0,0,0,0
17200,0,243,-57.4,64,32,-8.08754,5.1722,0,0,0,0,0,0,0,0,0,0,0, 0,0,0,0,0,8,0,0,0,0
17200,1,288,-56.5,68,32,-8.50564,5.62976,0,0,0,0,0,0,0,0,0,0,0, 0,0,0,0,0,8,0,0,0,0
17200,2,37,75.1,8,33,1.15965,0.308559,0,0,0,0,0,0,0,0,0,0,0, 0,0,0,0,0,8,0,0,0,0
17200,3,241,-56.5,72,32,-9.00597,5.96092,0,0,0,0,0,0,0,0,0,0,0, 0,0,0,0,0,8,0,0,0,0
17200,4,152,-54.4,76,32,-9.26935,6.6362,0,0,0,0,0,0,0,0,0,0,0, 0,0,0,0,0,8,0,0,0,0
17200,5,100,-46.7,80,32,-8.73327,8.22982,0,0,0,0,0,0,0,0,0,0,0, 0,0,0,0,0,8,0,0,0,0
17200,6,139,-57.4,60,32,-7.58207,4.84894,0,0,0,0,0,0,0,0,0,0,0, 0,0,0,0,0,8,0,0,0,0
17240,0,244,-58.4,64,32,-8.17658,5.03026,0,1334,0,0,0,0,0,0,0,0,0, 0,0,0,0,0,9,0,0,0,0
17240,1,287,-57.4,68,32,-8.59301,5.49546,0,1334,0,0,0,0,0,0,0,0,0, 0,0,0,0,0,9,0,0,0,0
17240,2,238,-56.5,72,32,-9.00597,5.96092,0,1334,0,0,0,0,0,0,0,0,0, 0,0,0,0,0,9,0,0,0,0
17240,3,149,-54.4,76,32,-9.26935,6.6362,0,1334,0,0,0,0,0,0,0,0,0, 0,0,0,0,0,9,0,0,0,0
17240,4,105,-45,80,32,-8.48528,8.48528,0,1334,0,0,0,0,0,0,0,0,0, 0,0,0,0,0,9,0,0,0,0
17240,5,83,-43.6,84,32,-8.68921,9.12457,0,1334,0,0,0,0,0,0,0,0,0, 0,0,0,0,0,9,0,0,0,0
17240,6,138,-59.4,60,32,-7.74668,4.58137,0,1334,0,0,0,0,0,0,0,0,0, 0,0,0,0,0,9,0,0,0,0
17280,0,245,-57.4,64,32,-8.08754,5.1722,0,0,0,0,0,0,0,0,0,0,0, 0,0,0,0,0,10,0,0,0,0
17280,1,290,-56.5,68,32,-8.50564,5.62976,0,0,0,0,0,0,0,0,0,0,0, 0,0,0,0,0,10,0,0,0,0
17280,2,244,-55.4,72,32,-8.88987,6.13271,0,0,0,0,0,0,0,0,0,0,0, 0,0,0,0,0,10,0,0,0,0
17280,3,162,-49.8,76,32,-8.70727,7.35822,0,0,0,0,0,0,0,0,0,0,0, 0,0,0,0,0,10,0,0,0,0
17280,4,113,-45.9,80,32,-8.61752,8.35095,0,0,0,0,0,0,0,0,0,0,0, 0,0,0,0,0,10,0,0,0,0
17280,5,83,-48,84,32,-9.36363,8.43105,0,0,0,0,0,0,0,0,0,0,0, 0,0,0,0,0,10,0,0,0,0
17280,6,141,-56.5,60,32,-7.50497,4.96743,0,0,0,0,0,0,0,0,0,0,0, 0,0,0,0,0,10,0,0,0,0
17320,0,250,-55.4,64,32,-7.90211,5.4513,0,7936,0,0,0,0,0,0,0,0,0, 0,0,0,0,0,11,0,0,0,0
17320,1,296,-56.5,68,32,-8.50564,5.62976,0,7936,0,0,0,0,0,0,0,0,0, 0,0,0,0,0,11,0,0,0,0
17320,2,245,-56.5,72,32,-9.00597,5.96092,0,7936,0,0,0,0,0,0,0,0,0, 0,0,0,0,0,11,0,0,0,0
17320,3,153,-55.4,76,32,-9.38375,6.47342,0,7936,0,0,0,0,0,0,0,0,0, 0,0,0,0,0,11,0,0,0,0
17320,4,108,-48,80,32,-8.91774,8.02957,0,7936,0,0,0,0,0,0,0,0,0, 0,0,0,0,0,11,0,0,0,0
17320,5,90,-45,84,32,-8.90955,8.90955,0,7936,0,0,0,0,0,0,0,0,0, 0,0,0,0,0,11,0,0,0,0
17320,6,139,-58.4,60,32,-7.66554,4.71587,0,7936,0,0,0,0,0,0,0,0,0, 0,0,0,0,0,11,0,0,0,0
17360,0,247,-58.4,64,32,-8.17658,5.03026,0,1140,0,0,0,0,0,0,0,0,0, 0,0,0,0,0,12,0,0,0,0
17360,1,13,-75,448,37.25,-64.9102,17.3926,0,1140,0,0,0,0,0,0,0,0,0, 0,0,0,0,0,12,0,0,0,0
17360,2,292,-57.4,68,32,-8.59301,5.49546,0,1140,0,0,0,0,0,0,0,0,0, 0,0,0,0,0,12,0,0,0,0
17360,3,42,67.6,8,33,1.10946,0.457284,0,1140,0,0,0,0,0,0,0,0,0, 0,0,0,0,0,12,0,0,0,0
17360,4,243,-57.4,72,32,-9.09849,5.81872,0,1140,0,0,0,0,0,0,0,0,0, 0,0,0,0,0,12,0,0,0,0
17360,5,152,-55.4,76,32,-9.38375,6.47342,0,1140,0,0,0,0,0,0,0,0,0, 0,0,0,0,0,12,0,0,0,0
17360,6,100,-49.8,80,32,-9.16555,7.74549,0,1140,0,0,0,0,0,0,0,0,0, 0,0,0,0,0,12,0,0,0,0
17360,7,81,-45,84,32,-8.90955,8.90955,0,1140,0,0,0,0,0,0,0,0,0, 0,0,0,0,0,12,0,0,0,0
17360,8,143,-56.5,60,32,-7.50497,4.96743,0,1140,0,0,0,0,0,0,0,0,0, 0,0,0,0,0,12,0,0,0,0
17400,0,248,-56.5,64,32,-8.0053,5.2986,0,86,0,0,0,0,0,0,0,0,0, 0,0,0,0,0,13,0,0,0,0
17400,1,292,-56.5,68,32,-8.50564,5.62976,0,86,0,0,0,0,0,0,0,0,0, 0,0,0,0,0,13,0,0,0,0
17400,2,241,-56.5,72,32,-9.00597,5.96092,0,86,0,0,0,0,0,0,0,0,0, 0,0,0,0,0,13,0,0,0,0
17400,3,155,-51.6,76,32,-8.93411,7.08108,0,86,0,0,0,0,0,0,0,0,0, 0,0,0,0,0,13,0,0,0,0
17400,4,113,-42.9,80,32,-8.16865,8.79051,0,86,0,0,0,0,0,0,0,0,0, 0,0,0,0,0,13,0,0,0,0
17400,5,83,-43.6,84,32,-8.68921,9.12457,0,86,0,0,0,0,0,0,0,0,0, 0,0,0,0,0,13,0,0,0,0
17400,6,140,-57.4,60,32,-7.58207,4.84894,0,86,0,0,0,0,0,0,0,0,0, 0,0,0,0,0,13,0,0,0,0
17440,0,249,-57.4,64,32,-8.08754,5.1722,0,0,0,0,0,0,0,0,0,0,0, 0,0,0,0,0,14,0,0,0,0
17440,1,291,-57.4,68,32,-8.59301,5.49546,0,0,0,0,0,0,0,0,0,0,0, 0,0,0,0,0,14,0,0,0,0
17440,2,42,69.6,8,33,1.12474,0.418287,0,0,0,0,0,0,0,0,0,0,0, 0,0,0,0,0,14,0,0,0,0
17440,3,242,-56.5,72,32,-9.00597,5.96092,0,0,0,0,0,0,0,0,0,0,0, 0,0,0,0,0,14,0,0,0,0
17440,4,157,-49.8,76,32,-8.70727,7.35822,0,0,0,0,0,0,0,0,0,0,0, 0,0,0,0,0,14,0,0,0,0
17440,5,115,-41.7,80,32,-7.98276,8.95966,0,0,0,0,0,0,0,0,0,0,0, 0,0,0,0,0,14,0,0,0,0
17440,6,106,-38.7,84,32,-7.87806,9.83342,0,0,0,0,0,0,0,0,0,0,0, 0,0,0,0,0,14,0,0,0,0
17440,7,143,-56.5,60,32,-7.50497,4.96743,0,0,0,0,0,0,0,0,0,0,0, 0,0,0,0,0,14,0,0,0,0
17480,0,250,-56.5,64,32,-8.0053,5.2986,0,0,0,0,0,0,0,0,0,0,0, 0,0,0,0,0,15,0,0,0,0
17480,1,294,-56.5,68,32,-8.50564,5.62976,0,0,0,0,0,0,0,0,0,0,0, 0,0,0,0,0,15,0,0,0,0
17480,2,243,-56.5,72,32,-9.00597,5.96092,0,0,0,0,0,0,0,0,0,0,0, 0,0,0,0,0,15,0,0,0,0
17480,3,155,-51.6,76,32,-8.93411,7.08108,0,0,0,0,0,0,0,0,0,0,0, 0,0,0,0,0,15,0,0,0,0
17480,4,114,-43.6,80,32,-8.27543,8.69006,0,0,0,0,0,0,0,0,0,0,0, 0,0,0,0,0,15,0,0,0,0
17480,5,90,-42.3,84,32,-8.47996,9.31935,0,0,0,0,0,0,0,0,0,0,0, 0,0,0,0,0,15,0,0,0,0
17480,6,143,-55.4,60,32,-7.40823,5.11059,0,0,0,0,0,0,0,0,0,0,0, 0,0,0,0,0,15,0,0,0,0
17520,0,247,-58.4,64,32,-8.17658,5.03026,0,0,0,0,0,0,0,0,0,0,0, 0,0,0,0,0,0,0,0,0,0
17520,1,290,-57.4,68,32,-8.59301,5.49546,0,0,0,0,0,0,0,0,0,0,0, 0,0,0,0,0,0,0,0,0,0
17520,2,38,65.6,8,33,1.09282,0.495725,0,0,0,0,0,0,0,0,0,0,0, 0,0,0,0,0,0,0,0,0,0
17520,3,239,-56.5,72,32,-9.00597,5.96092,0,0,0,0,0,0,0,0,0,0,0, 0,0,0,0,0,0,0,0,0,0
17520,4,151,-53.4,76,32,-9.15212,6.79696,0,0,0,0,0,0,0,0,0,0,0, 0,0,0,0,0,0,0,0,0,0
17520,5,98,-48,80,32,-8.91774,8.02957,0,0,0,0,0,0,0,0,0,0,0, 0,0,0,0,0,0,0,0,0,0
17520,6,138,-59.4,60,32,-7.74668,4.58137,0,0,0,0,0,0,0,0,0,0,0, 0,0,0,0,0,0,0,0,0,0
17560,0,244,-59.4,64,32,-8.26312,4.8868,0,0,0,0,0,0,0,0,0,0,0, 0,0,0,0,0,1,0,0,0,0
17560,1,286,-58.4,68,32,-8.68761,5.34466,0,0,0,0,0,0,0,0,0,0,0, 0,0,0,0,0,1,0,0,0,0
17560,2,237,-57.4,72,32,-9.09849,5.81872,0,0,0,0,0,0,0,0,0,0,0, 0,0,0,0,0,1,0,0,0,0
17560,3,152,-53.4,76,32,-9.15212,6.79696,0,0,0,0,0,0,0,0,0,0,0, 0,0,0,0,0,1,0,0,0,0
17560,4,112,-44.2,80,32,-8.36598,8.60293,0,0,0,0,0,0,0,0,0,0,0, 0,0,0,0,0,1,0,0,0,0
17560,5,86,-43.6,84,32,-8.68921,9.12457,0,0,0,0,0,0,0,0,0,0,0, 0,0,0,0,0,1,0,0,0,0
17560,6,140,-58.4,60,32,-7.66554,4.71587,0,0,0,0,0,0,0,0,0,0,0, 0,0,0,0,0,1,0,0,0,0
17560,7,12,0.6,444,23,0.697421,66.5963,0,0,0,0,0,0,0,0,0,0,0, 0,0,0,0,0,1,0,0,0,0
17600,0,249,-56.5,64,32,-8.0053,5.2986,0,0,0,0,0,0,0,0,0,0,0, 0,0,0,0,0,2,0,0,0,0
17600,1,291,-56.5,68,32,-8.50564,5.62976,0,0,0,0,0,0,0,0,0,0,0, 0,0,0,0,0,2,0,0,0,0
17600,2,240,-56.5,72,32,-9.00597,5.96092,0,0,0,0,0,0,0,0,0,0,0, 0,0,0,0,0,2,0,0,0,0
17600,3,147,-56.5,76,32,-9.5063,6.29208,0,0,0,0,0,0,0,0,0,0,0, 0,0,0,0,0,2,0,0,0,0
17600,4,91,-56.5,80,32,-10.0066,6.62324,0,0,0,0,0,0,0,0,0,0,0, 0,0,0,0,0,2,0,0,0,0
17600,5,140,-58.4,60,32,-7.66554,4.71587,0,0,0,0,0,0,0,0,0,0,0, 0,0,0,0,0,2,0,0,0,0
17640,0,246,-57.4,64,32,-8.08754,5.1722,0,0,0,0,0,0,0,0,0,0,0, 0,0,0,0,0,3,0,0,0,0
17640,1,291,-57.4,68,32,-8.59301,5.49546,0,0,0,0,0,0,0,0,0,0,0, 0,0,0,0,0,3,0,0,0,0
17640,2,241,-56.5,72,32,-9.00597,5.96092,0,0,0,0,0,0,0,0,0,0,0, 0,0,0,0,0,3,0,0,0,0
17640,3,156,-51.6,76,32,-8.93411,7.08108,0,0,0,0,0,0,0,0,0,0,0, 0,0,0,0,0,3,0,0,0,0
17640,4,110,-45,80,32,-8.48528,8.48528,0,0,0,0,0,0,0,0,0,0,0, 0,0,0,0,0,3,0,0,0,0
17640,5,83,-43.6,84,32,-8.68921,9.12457,0,0,0,0,0,0,0,0,0,0,0, 0,0,0,0,0,3,0,0,0,0
17640,6,138,-58.4,60,32,-7.66554,4.71587,0,0,0,0,0,0,0,0,0,0,0, 0,0,0,0,0,3,0,0,0,0
17680,0,247,-56.5,64,32,-8.0053,5.2986,0,0,0,0,0,0,0,0,0,0,0, 0,0,0,0,0,4,0,0,0,0
17680,1,292,-56.5,68,32,-8.50564,5.62976,0,0,0,0,0,0,0,0,0,0,0, 0,0,0,0,0,4,0,0,0,0
17680,2,45,68.6,8,33,1.11727,0.437852,0,0,0,0,0,0,0,0,0,0,0, 0,0,0,0,0,4,0,0,0,0
17680,3,243,-56.5,72,32,-9.00597,5.96092,0,0,0,0,0,0,0,0,0,0,0, 0,0,0,0,0,4,0,0,0,0
17680,4,154,-53.4,76,32,-9.15212,6.79696,0,0,0,0,0,0,0,0,0,0,0, 0,0,0,0,0,4,0,0,0,0
17680,5,111,-44.2,80,32,-8.36598,8.60293,0,0,0,0,0,0,0,0,0,0,0, 0,0,0,0,0,4,0,0,0,0
17680,6,90,-41.1,84,32,-8.28293,9.4949,0,0,0,0,0,0,0,0,0,0,0, 0,0,0,0,0,4,0,0,0,0
17680,7,13,-31.6,408,47.25,-32.0679,52.1257,0,0,0,0,0,0,0,0,0,0,0, 0,0,0,0,0,4,0,0,0,0
17680,8,139,-58.4,60,32,-7.66554,4.71587,0,0,0,0,0,0,0,0,0,0,0, 0,0,0,0,0,4,0,0,0,0
17720,0,247,-58.4,64,32,-8.17658,5.03026,0,0,0,0,0,0,0,0,0,0,0, 0,0,0,0,0,5,0,0,0,0
17720,1,290,-57.4,68,32,-8.59301,5.49546,0,0,0,0,0,0,0,0,0,0,0, 0,0,0,0,0,5,0,0,0,0
17720,2,238,-57.4,72,32,-9.09849,5.81872,0,0,0,0,0,0,0,0,0,0,0, 0,0,0,0,0,5,0,0,0,0
17720,3,151,-53.4,76,32,-9.15212,6.79696,0,0,0,0,0,0,0,0,0,0,0, 0,0,0,0,0,5,0,0,0,0
17720,4,100,-48,80,32,-8.91774,8.02957,0,0,0,0,0,0,0,0,0,0,0, 0,0,0,0,0,5,0,0,0,0
17720,5,142,-57.4,60,32,-7.58207,4.84894,0,0,0,0,0,0,0,0,0,0,0, 0,0,0,0,0,5,0,0,0,0
17760,0,247,-57.4,64,32,-8.08754,5.1722,0,0,0,0,0,0,0,0,0,0,0, 0,0,0,0,0,6,0,0,0,0
17760,1,290,-56.5,68,32,-8.50564,5.62976,0,0,0,0,0,0,0,0,0,0,0, 0,0,0,0,0,6,0,0,0,0
17760,2,37,68.6,8,33,1.11727,0.437852,0,0,0,0,0,0,0,0,0,0,0, 0,0,0,0,0,6,0,0,0,0
17760,3,241,-56.5,72,32,-9.00597,5.96092,0,0,0,0,0,0,0,0,0,0,0, 0,0,0,0,0,6,0,0,0,0
17760,4,156,-49.8,76,32,-8.70727,7.35822,0,0,0,0,0,0,0,0,0,0,0, 0,0,0,0,0,6,0,0,0,0
17760,5,113,-44.2,80,32,-8.36598,8.60293,0,0,0,0,0,0,0,0,0,0,0, 0,0,0,0,0,6,0,0,0,0
17760,6,87,-48,84,32,-9.36363,8.43105,0,0,0,0,0,0,0,0,0,0,0, 0,0,0,0,0,6,0,0,0,0
17760,7,144,-56.5,60,32,-7.50497,4.96743,0,0,0,0,0,0,0,0,0,0,0, 0,0,0,0,0,6,0,0,0,0
17800,0,249,-57.4,64,32,-8.08754,5.1722,0,0,0,0,0,0,0,0,0,0,0, 0,0,0,0,0,7,0,0,0,0
17800,1,292,-57.4,68,32,-8.59301,5.49546,0,0,0,0,0,0,0,0,0,0,0, 0,0,0,0,0,7,0,0,0,0
17800,2,241,-56.5,72,32,-9.00597,5.96092,0,0,0,0,0,0,0,0,0,0,0, 0,0,0,0,0,7,0,0,0,0
17800,3,149,-55.4,76,32,-9.38375,6.47342,0,0,0,0,0,0,0,0,0,0,0, 0,0,0,0,0,7,0,0,0,0
17800,4,93,-54.4,80,32,-9.75721,6.98548,0,0,0,0,0,0,0,0,0,0,0, 0,0,0,0,0,7,0,0,0,0
17800,5,141,-58.4,60,32,-7.66554,4.71587,0,0,0,0,0,0,0,0,0,0,0, 0,0,0,0,0,7,0,0,0,0
17840,0,247,-56.5,64,32,-8.0053,5.2986,0,0,0,0,0,0,0,0,0,0,0, 0,0,0,0,0,8,0,0,0,0
17840,1,291,-56.5,68,32,-8.50564,5.62976,0,0,0,0,0,0,0,0,0,0,0, 0,0,0,0,0,8,0,0,0,0
17840,2,241,-55.4,72,32,-8.88987,6.13271,0,0,0,0,0,0,0,0,0,0,0, 0,0,0,0,0,8,0,0,0,0
17840,3,158,-51.6,76,32,-8.93411,7.08108,0,0,0,0,0,0,0,0,0,0,0, 0,0,0,0,0,8,0,0,0,0
17840,4,114,-44.2,80,32,-8.36598,8.60293,0,0,0,0,0,0,0,0,0,0,0, 0,0,0,0,0,8,0,0,0,0
17840,5,99,-42.3,84,32,-8.47996,9.31935,0,0,0,0,0,0,0,0,0,0,0, 0,0,0,0,0,8,0,0,0,0
17840,6,139,-58.4,60,32,-7.66554,4.71587,0,0,0,0,0,0,0,0,0,0,0, 0,0,0,0,0,8,0,0,0,0
17880,0,247,-57.4,64,32,-8.08754,5.1722,0,1334,0,0,0,0,0,0,0,0,0, 0,0,0,0,0,9,0,0,0,0
17880,1,291,-56.5,68,32,-8.50564,5.62976,0,1334,0,0,0,0,0,0,0,0,0, 0,0,0,0,0,9,0,0,0,0
17880,2,43,75.1,8,33,1.15965,0.308559,0,1334,0,0,0,0,0,0,0,0,0, 0,0,0,0,0,9,0,0,0,0
17880,3,243,-55.4,72,32,-8.88987,6.13271,0,1334,0,0,0,0,0,0,0,0,0, 0,0,0,0,0,9,0,0,0,0
17880,4,152,-54.4,76,32,-9.26935,6.6362,0,1334,0,0,0,0,0,0,0,0,0, 0,0,0,0,0,9,0,0,0,0
17880,5,99,-54.4,80,32,-9.75721,6.98548,0,1334,0,0,0,0,0,0,0,0,0, 0,0,0,0,0,9,0,0,0,0
17880,6,143,-56.5,60,32,-7.50497,4.96743,0,1334,0,0,0,0,0,0,0,0,0, 0,0,0,0,0,9,0,0,0,0
17920,0,244,-57.4,64,32,-8.08754,5.1722,0,0,0,0,0,0,0,0,0,0,0, 0,0,0,0,0,10,0,0,0,0
17920,1,290,-57.4,68,32,-8.59301,5.49546,0,0,0,0,0,0,0,0,0,0,0, 0,0,0,0,0,10,0,0,0,0
17920,2,41,75.1,8,33,1.15965,0.308559,0,0,0,0,0,0,0,0,0,0,0, 0,0,0,0,0,10,0,0,0,0
17920,3,242,-56.5,72,32,-9.00597,5.96092,0,0,0,0,0,0,0,0,0,0,0, 0,0,0,0,0,10,0,0,0,0
17920,4,157,-53.4,76,32,-9.15212,6.79696,0,0,0,0,0,0,0,0,0,0,0, 0,0,0,0,0,10,0,0,0,0
17920,5,110,-48,80,32,-8.91774,8.02957,0,0,0,0,0,0,0,0,0,0,0, 0,0,0,0,0,10,0,0,0,0
17920,6,81,-53.4,84,32,-10.1155,7.51243,0,0,0,0,0,0,0,0,0,0,0, 0,0,0,0,0,10,0,0,0,0
17920,7,138,-57.4,60,32,-7.58207,4.84894,0,0,0,0,0,0,0,0,0,0,0, 0,0,0,0,0,10,0,0,0,0
17960,0,250,-55.4,64,32,-7.90211,5.4513,0,7936,0,0,0,0,0,0,0,0,0, 0,0,0,0,0,11,0,0,0,0
17960,1,296,-55.4,68,32,-8.39599,5.79201,0,7936,0,0,0,0,0,0,0,0,0, 0,0,0,0,0,11,0,0,0,0
17960,2,242,-55.4,72,32,-8.88987,6.13271,0,7936,0,0,0,0,0,0,0,0,0, 0,0,0,0,0,11,0,0,0,0
17960,3,155,-53.4,76,32,-9.15212,6.79696,0,7936,0,0,0,0,0,0,0,0,0, 0,0,0,0,0,11,0,0,0,0
17960,4,110,-48,80,32,-8.91774,8.02957,0,7936,0,0,0,0,0,0,0,0,0, 0,0,0,0,0,11,0,0,0,0
17960,5,91,-46.7,84,32,-9.16994,8.64131,0,7936,0,0,0,0,0,0,0,0,0, 0,0,0,0,0,11,0,0,0,0
17960,6,142,-55.4,60,32,-7.40823,5.11059,0,7936,0,0,0,0,0,0,0,0,0, 0,0,0,0,0,11,0,0,0,0
18000,0,247,-56.5,64,32,-8.0053,5.2986,0,1140,0,0,0,0,0,0,0,0,0, 0,0,0,0,0,12,0,0,0,0
18000,1,289,-56.5,68,32,-8.50564,5.62976,0,1140,0,0,0,0,0,0,0,0,0, 0,0,0,0,0,12,0,0,0,0
18000,2,240,-56.5,72,32,-9.00597,5.96092,0,1140,0,0,0,0,0,0,0,0,0, 0,0,0,0,0,12,0,0,0,0
18000,3,153,-51.6,76,32,-8.93411,7.08108,0,1140,0,0,0,0,0,0,0,0,0, 0,0,0,0,0,12,0,0,0,0
18000,4,111,-45,80,32,-8.48528,8.48528,0,1140,0,0,0,0,0,0,0,0,0, 0,0,0,0,0,12,0,0,0,0
18000,5,88,-44.2,84,32,-8.78428,9.03307,0,1140,0,0,0,0,0,0,0,0,0, 0,0,0,0,0,12,0,0,0,0
18000,6,139,-57.4,60,32,-7.58207,4.84894,0,1140,0,0,0,0,0,0,0,0,0, 0,0,0,0,0,12,0,0,0,0
18040,0,245,-57.4,64,32,-8.08754,5.1722,0,86,0,0,0,0,0,0,0,0,0, 0,0,0,0,0,13,0,0,0,0
18040,1,290,-56.5,68,32,-8.50564,5.62976,0,86,0,0,0,0,0,0,0,0,0, 0,0,0,0,0,13,0,0,0,0
18040,2,241,-55.4,72,32,-8.88987,6.13271,0,86,0,0,0,0,0,0,0,0,0, 0,0,0,0,0,13,0,0,0,0
18040,3,154,-53.4,76,32,-9.15212,6.79696,0,86,0,0,0,0,0,0,0,0,0, 0,0,0,0,0,13,0,0,0,0
18040,4,108,-46.7,80,32,-8.73327,8.22982,0,86,0,0,0,0,0,0,0,0,0, 0,0,0,0,0,13,0,0,0,0
18040,5,139,-57.4,60,32,-7.58207,4.84894,0,86,0,0,0,0,0,0,0,0,0, 0,0,0,0,0,13,0,0,0,0
18080,0,244,-58.4,64,32,-8.17658,5.03026,0,0,0,0,0,0,0,0,0,0,0, 0,0,0,0,0,14,0,0,0,0
18080,1,289,-57.4,68,32,-8.59301,5.49546,0,0,0,0,0,0,0,0,0,0,0, 0,0,0,0,0,14,0,0,0,0
18080,2,239,-56.5,72,32,-9.00597,5.96092,0,0,0,0,0,0,0,0,0,0,0, 0,0,0,0,0,14,0,0,0,0
18080,3,152,-53.4,76,32,-9.15212,6.79696,0,0,0,0,0,0,0,0,0,0,0, 0,0,0,0,0,14,0,0,0,0
18080,4,114,-42.9,80,32,-8.16865,8.79051,0,0,0,0,0,0,0,0,0,0,0, 0,0,0,0,0,14,0,0,0,0
18080,5,96,-40.5,84,32,-8.18305,9.58112,0,0,0,0,0,0,0,0,0,0,0, 0,0,0,0,0,14,0,0,0,0
18080,6,140,-57.4,60,32,-7.58207,4.84894,0,0,0,0,0,0,0,0,0,0,0, 0,0,0,0,0,14,0,0,0,0
18120,0,245,-58.4,64,32,-8.17658,5.03026,0,0,0,0,0,0,0,0,0,0,0, 0,0,0,0,0,15,0,0,0,0
18120,1,287,-57.4,68,32,-8.59301,5.49546,0,0,0,0,0,0,0,0,0,0,0, 0,0,0,0,0,15,0,0,0,0
18120,2,47,67.6,8,33,1.10946,0.457284,0,0,0,0,0,0,0,0,0,0,0, 0,0,0,0,0,15,0,0,0,0
18120,3,239,-56.5,72,32,-9.00597,5.96092,0,0,0,0,0,0,0,0,0,0,0, 0,0,0,0,0,15,0,0,0,0
18120,4,157,-53.4,76,32,-9.15212,6.79696,0,0,0,0,0,0,0,0,0,0,0, 0,0,0,0,0,15,0,0,0,0
18120,5,120,-43.6,80,32,-8.27543,8.69006,0,0,0,0,0,0,0,0,0,0,0, 0,0,0,0,0,15,0,0,0,0
18120,6,101,-41.7,84,32,-8.3819,9.40764,0,0,0,0,0,0,0,0,0,0,0, 0,0,0,0,0,15,0,0,0,0
18120,7,143,-56.5,60,32,-7.50497,4.96743,0,0,0,0,0,0,0,0,0,0,0, 0,0,0,0,0,15,0,0,0,0
18160,0,246,-56.5,64,32,-8.0053,5.2986,0,0,0,0,0,0,0,0,0,0,0, 0,0,0,0,0,0,0,0,0,0
18160,1,290,-56.5,68,32,-8.50564,5.62976,0,0,0,0,0,0,0,0,0,0,0, 0,0,0,0,0,0,0,0,0,0
18160,2,242,-56.5,72,32,-9.00597,5.96092,0,0,0,0,0,0,0,0,0,0,0, 0,0,0,0,0,0,0,0,0,0
18160,3,156,-53.4,76,32,-9.15212,6.79696,0,0,0,0,0,0,0,0,0,0,0, 0,0,0,0,0,0,0,0,0,0
18160,4,108,-46.7,80,32,-8.73327,8.22982,0,0,0,0,0,0,0,0,0,0,0, 0,0,0,0,0,0,0,0,0,0
18160,5,89,-45.9,84,32,-9.04839,8.7685,0,0,0,0,0,0,0,0,0,0,0, 0,0,0,0,0,0,0,0,0,0
18160,6,140,-57.4,60,32,-7.58207,4.84894,0,0,0,0,0,0,0,0,0,0,0, 0,0,0,0,0,0,0,0,0,0
18200,0,246,-58.4,64,32,-8.17658,5.03026,0,0,0,0,0,0,0,0,0,0,0, 0,0,0,0,0,1,0,0,0,0
18200,1,288,-58.4,68,32,-8.68761,5.34466,0,0,0,0,0,0,0,0,0,0,0, 0,0,0,0,0,1,0,0,0,0
18200,2,238,-57.4,72,32,-9.09849,5.81872,0,0,0,0,0,0,0,0,0,0,0, 0,0,0,0,0,1,0,0,0,0
18200,3,148,-55.4,76,32,-9.38375,6.47342,0,0,0,0,0,0,0,0,0,0,0, 0,0,0,0,0,1,0,0,0,0
18200,4,97,-51.6,80,32,-9.40432,7.45377,0,0,0,0,0,0,0,0,0,0,0, 0,0,0,0,0,1,0,0,0,0
18200,5,139,-58.4,60,32,-7.66554,4.71587,0,0,0,0,0,0,0,0,0,0,0, 0,0,0,0,0,1,0,0,0,0
18240,0,244,-57.4,64,32,-8.08754,5.1722,0,0,0,0,0,0,0,0,0,0,0, 0,0,0,0,0,2,0,0,0,0
18240,1,290,-56.5,68,32,-8.50564,5.62976,0,0,0,0,0,0,0,0,0,0,0, 0,0,0,0,0,2,0,0,0,0
18240,2,42,75.1,8,33,1.15965,0.308559,0,0,0,0,0,0,0,0,0,0,0, 0,0,0,0,0,2,0,0,0,0
18240,3,240,-55.4,72,32,-8.88987,6.13271,0,0,0,0,0,0,0,0,0,0,0, 0,0,0,0,0,2,0,0,0,0
18240,4,154,-51.6,76,32,-8.93411,7.08108,0,0,0,0,0,0,0,0,0,0,0, 0,0,0,0,0,2,0,0,0,0
18240,5,107,-49.8,80,32,-9.16555,7.74549,0,0,0,0,0,0,0,0,0,0,0, 0,0,0,0,0,2,0,0,0,0
18240,6,83,-56.5,84,32,-10.507,6.95441,0,0,0,0,0,0,0,0,0,0,0, 0,0,0,0,0,2,0,0,0,0
18240,7,139,-57.4,60,32,-7.58207,4.84894,0,0,0,0,0,0,0,0,0,0,0, 0,0,0,0,0,2,0,0,0,0
18240,8,0,37.1,84,32,7.60042,10.0496,2,0,0,0,0,0,0,0,0,0,0, 0,0,0,0,0,2,0,0,0,0
18280,0,244,-58.4,64,32,-8.17658,5.03026,0,0,0,0,0,0,0,0,0,0,0, 0,0,0,0,0,3,0,0,0,0
18280,1,290,-57.4,68,32,-8.59301,5.49546,0,0,0,0,0,0,0,0,0,0,0, 0,0,0,0,0,3,0,0,0,0
18280,2,43,71.1,8,33,1.1353,0.388701,0,0,0,0,0,0,0,0,0,0,0, 0,0,0,0,0,3,0,0,0,0
18280,3,239,-56.5,72,32,-9.00597,5.96092,0,0,0,0,0,0,0,0,0,0,0, 0,0,0,0,0,3,0,0,0,0
18280,4,152,-53.4,76,32,-9.15212,6.79696,0,0,0,0,0,0,0,0,0,0,0, 0,0,0,0,0,3,0,0,0,0
18280,5,105,-48,80,32,-8.91774,8.02957,0,0,0,0,0,0,0,0,0,0,0, 0,0,0,0,0,3,0,0,0,0
18280,6,20,26.3,60,31.5,3.98764,8.06838,0,0,0,0,0,0,0,0,0,0,0, 0,0,0,0,0,3,0,0,0,0
18280,7,142,-56.5,60,32,-7.50497,4.96743,0,0,0,0,0,0,0,0,0,0,0, 0,0,0,0,0,3,0,0,0,0
18320,0,246,-57.4,64,32,-8.08754,5.1722,0,0,0,0,0,0,0,0,0,0,0, 0,0,0,0,0,4,0,0,0,0
18320,1,289,-56.5,68,32,-8.50564,5.62976,0,0,0,0,0,0,0,0,0,0,0, 0,0,0,0,0,4,0,0,0,0
18320,2,242,-55.4,72,32,-8.88987,6.13271,0,0,0,0,0,0,0,0,0,0,0, 0,0,0,0,0,4,0,0,0,0
18320,3,152,-55.4,76,32,-9.38375,6.47342,0,0,0,0,0,0,0,0,0,0,0, 0,0,0,0,0,4,0,0,0,0
18320,4,98,-58.4,80,32,-10.2207,6.28783,0,0,0,0,0,0,0,0,0,0,0, 0,0,0,0,0,4,0,0,0,0
18320,5,140,-56.5,60,32,-7.50497,4.96743,0,0,0,0,0,0,0,0,0,0,0, 0,0,0,0,0,4,0,0,0,0
18360,0,247,-56.5,64,32,-8.0053,5.2986,0,0,0,0,0,0,0,0,0,0,0, 0,0,0,0,0,5,0,0,0,0
18360,1,291,-56.5,68,32,-8.50564,5.62976,0,0,0,0,0,0,0,0,0,0,0, 0,0,0,0,0,5,0,0,0,0
18360,2,240,-55.4,72,32,-8.88987,6.13271,0,0,0,0,0,0,0,0,0,0,0, 0,0,0,0,0,5,0,0,0,0
18360,3,153,-54.4,76,32,-9.26935,6.6362,0,0,0,0,0,0,0,0,0,0,0, 0,0,0,0,0,5,0,0,0,0
18360,4,104,-53.4,80,32,-9.63381,7.1547,0,0,0,0,0,0,0,0,0,0,0, 0,0,0,0,0,5,0,0,0,0
18360,5,141,-56.5,60,32,-7.50497,4.96743,0,0,0,0,0,0,0,0,0,0,0, 0,0,0,0,0,5,0,0,0,0
18400,0,243,-57.4,64,32,-8.08754,5.1722,0,0,0,0,0,0,0,0,0,0,0, 0,0,0,0,0,6,0,0,0,0
18400,1,288,-56.5,68,32,-8.50564,5.62976,0,0,0,0,0,0,0,0,0,0,0, 0,0,0,0,0,6,0,0,0,0
18400,2,236,-56.5,72,32,-9.00597,5.96092,0,0,0,0,0,0,0,0,0,0,0, 0,0,0,0,0,6,0,0,0,0
18400,3,149,-53.4,76,32,-9.15212,6.79696,0,0,0,0,0,0,0,0,0,0,0, 0,0,0,0,0,6,0,0,0,0
18400,4,101,-51.6,80,32,-9.40432,7.45377,0,0,0,0,0,0,0,0,0,0,0, 0,0,0,0,0,6,0,0,0,0
18400,5,140,-57.4,60,32,-7.58207,4.84894,0,0,0,0,0,0,0,0,0,0,0, 0,0,0,0,0,6,0,0,0,0
18440,0,244,-57.4,64,32,-8.08754,5.1722,0,0,0,0,0,0,0,0,0,0,0, 0,0,0,0,0,7,0,0,0,0
18440,1,287,-56.5,68,32,-8.50564,5.62976,0,0,0,0,0,0,0,0,0,0,0, 0,0,0,0,0,7,0,0,0,0
18440,2,11,13.7,420,15.25,14.9208,61.2076,0,0,0,0,0,0,0,0,0,0,0, 0,0,0,0,0,7,0,0,0,0
18440,3,241,-55.4,72,32,-8.88987,6.13271,0,0,0,0,0,0,0,0,0,0,0, 0,0,0,0,0,7,0,0,0,0
18440,4,12,-58.4,232,52.25,-29.6401,18.2347,0,0,0,0,0,0,0,0,0,0,0, 0,0,0,0,0,7,0,0,0,0
18440,5,154,-54.4,76,32,-9.26935,6.6362,0,0,0,0,0,0,0,0,0,0,0, 0,0,0,0,0,7,0,0,0,0
18440,6,105,-55.4,80,32,-9.87764,6.81413,0,0,0,0,0,0,0,0,0,0,0, 0,0,0,0,0,7,0,0,0,0
18440,7,138,-57.4,60,32,-7.58207,4.84894,0,0,0,0,0,0,0,0,0,0,0, 0,0,0,0,0,7,0,0,0,0
18480,0,246,-57.4,64,32,-8.08754,5.1722,0,0,0,0,0,0,0,0,0,0,0, 0,0,0,0,0,8,0,0,0,0
18480,1,289,-56.5,68,32,-8.50564,5.62976,0,0,0,0,0,0,0,0,0,0,0, 0,0,0,0,0,8,0,0,0,0
18480,2,44,68.6,8,33,1.11727,0.437852,0,0,0,0,0,0,0,0,0,0,0, 0,0,0,0,0,8,0,0,0,0
18480,3,239,-56.5,72,32,-9.00597,5.96092,0,0,0,0,0,0,0,0,0,0,0, 0,0,0,0,0,8,0,0,0,0
18480,4,152,-54.4,76,32,-9.26935,6.6362,0,0,0,0,0,0,0,0,0,0,0, 0,0,0,0,0,8,0,0,0,0
18480,5,110,-48,80,32,-8.91774,8.02957,0,0,0,0,0,0,0,0,0,0,0, 0,0,0,0,0,8,0,0,0,0
18480,6,91,-49.8,84,32,-9.62383,8.13277,0,0,0,0,0,0,0,0,0,0,0, 0,0,0,0,0,8,0,0,0,0
18480,7,138,-57.4,60,32,-7.58207,4.84894,0,0,0,0,0,0,0,0,0,0,0, 0,0,0,0,0,8,0,0,0,0
18520,0,246,-58.4,64,32,-8.17658,5.03026,0,1334,0,0,0,0,0,0,0,0,0, 0,0,0,0,0,9,0,0,0,0
18520,1,289,-57.4,68,32,-8.59301,5.49546,0,1334,0,0,0,0,0,0,0,0,0, 0,0,0,0,0,9,0,0,0,0
18520,2,239,-56.5,72,32,-9.00597,5.96092,0,1334,0,0,0,0,0,0,0,0,0, 0,0,0,0,0,9,0,0,0,0
18520,3,150,-55.4,76,32,-9.38375,6.47342,0,1334,0,0,0,0,0,0,0,0,0, 0,0,0,0,0,9,0,0,0,0
18520,4,99,-53.4,80,32,-9.63381,7.1547,0,1334,0,0,0,0,0,0,0,0,0, 0,0,0,0,0,9,0,0,0,0
18520,5,140,-58.4,60,32,-7.66554,4.71587,0,1334,0,0,0,0,0,0,0,0,0, 0,0,0,0,0,9,0,0,0,0
18560,0,245,-58.4,64,32,-8.17658,5.03026,0,0,0,0,0,0,0,0,0,0,0, 0,0,0,0,0,10,0,0,0,0
18560,1,287,-57.4,68,32,-8.59301,5.49546,0,0,0,0,0,0,0,0,0,0,0, 0,0,0,0,0,10,0,0,0,0
18560,2,240,-55.4,72,32,-8.88987,6.13271,0,0,0,0,0,0,0,0,0,0,0, 0,0,0,0,0,10,0,0,0,0
18560,3,38,1.8,104,33,0.490008,15.5923,0,0,0,0,0,0,0,0,0,0,0, 0,0,0,0,0,10,0,0,0,0
18560,4,156,-51.6,76,32,-8.93411,7.08108,0,0,0,0,0,0,0,0,0,0,0, 0,0,0,0,0,10,0,0,0,0
18560,5,104,-51.6,80,32,-9.40432,7.45377,0,0,0,0,0,0,0,0,0,0,0, 0,0,0,0,0,10,0,0,0,0
18560,6,81,-63.2,84,32,-11.2466,5.68106,0,0,0,0,0,0,0,0,0,0,0, 0,0,0,0,0,10,0,0,0,0
18560,7,138,-57.4,60,32,-7.58207,4.84894,0,0,0,0,0,0,0,0,0,0,0, 0,0,0,0,0,10,0,0,0,0
18600,0,247,-57.4,64,32,-8.08754,5.1722,0,7936,0,0,0,0,0,0,0,0,0, 0,0,0,0,0,11,0,0,0,0
18600,1,291,-56.5,68,32,-8.50564,5.62976,0,7936,0,0,0,0,0,0,0,0,0, 0,0,0,0,0,11,0,0,0,0
18600,2,38,0.6,100,31.75,0.157077,14.9992,0,7936,0,0,0,0,0,0,0,0,0, 0,0,0,0,0,11,0,0,0,0
18600,3,47,68.6,8,33,1.11727,0.437852,0,7936,0,0,0,0,0,0,0,0,0, 0,0,0,0,0,11,0,0,0,0
18600,4,241,-56.5,72,32,-9.00597,5.96092,0,7936,0,0,0,0,0,0,0,0,0, 0,0,0,0,0,11,0,0,0,0
18600,5,29,2.4,104,32.75,0.65326,15.5863,0,7936,0,0,0,0,0,0,0,0,0, 0,0,0,0,0,11,0,0,0,0
18600,6,29,1.8,104,33,0.490008,15.5923,0,7936,0,0,0,0,0,0,0,0,0, 0,0,0,0,0,11,0,0,0,0
18600,7,150,-53.4,76,32,-9.15212,6.79696,0,7936,0,0,0,0,0,0,0,0,0, 0,0,0,0,0,11,0,0,0,0
18600,8,19,-1.8,108,33,-0.508854,16.192,0,7936,0,0,0,0,0,0,0,0,0, 0,0,0,0,0,11,0,0,0,0
18600,9,105,-45.9,80,32,-8.61752,8.35095,0,7936,0,0,0,0,0,0,0,0,0, 0,0,0,0,0,11,0,0,0,0
18600,10,21,-0.6,112,33,-0.175926,16.7991,0,7936,0,0,0,0,0,0,0,0,0, 0,0,0,0,0,11,0,0,0,0
18600,11,139,-58.4,60,32,-7.66554,4.71587,0,7936,0,0,0,0,0,0,0,0,0, 0,0,0,0,0,11,0,0,0,0
18640,0,245,-58.4,64,32,-8.17658,5.03026,0,1140,0,0,0,0,0,0,0,0,0, 0,0,0,0,0,12,0,0,0,0
18640,1,287,-58.4,68,32,-8.68761,5.34466,0,1140,0,0,0,0,0,0,0,0,0, 0,0,0,0,0,12,0,0,0,0
18640,2,241,-56.5,72,32,-9.00597,5.96092,0,1140,0,0,0,0,0,0,0,0,0, 0,0,0,0,0,12,0,0,0,0
18640,3,158,-51.6,76,32,-8.93411,7.08108,0,1140,0,0,0,0,0,0,0,0,0, 0,0,0,0,0,12,0,0,0,0
18640,4,111,-45,80,32,-8.48528,8.48528,0,1140,0,0,0,0,0,0,0,0,0, 0,0,0,0,0,12,0,0,0,0
18640,5,85,-45,84,32,-8.90955,8.90955,0,1140,0,0,0,0,0,0,0,0,0, 0,0,0,0,0,12,0,0,0,0
18640,6,137,-57.4,60,32,-7.58207,4.84894,0,1140,0,0,0,0,0,0,0,0,0, 0,0,0,0,0,12,0,0,0,0
18680,0,245,-57.4,64,32,-8.08754,5.1722,0,86,0,0,0,0,0,0,0,0,0, 0,0,0,0,0,13,0,0,0,0
18680,1,290,-57.4,68,32,-8.59301,5.49546,0,86,0,0,0,0,0,0,0,0,0, 0,0,0,0,0,13,0,0,0,0
18680,2,241,-56.5,72,32,-9.00597,5.96092,0,86,0,0,0,0,0,0,0,0,0, 0,0,0,0,0,13,0,0,0,0
18680,3,154,-53.4,76,32,-9.15212,6.79696,0,86,0,0,0,0,0,0,0,0,0, 0,0,0,0,0,13,0,0,0,0
18680,4,25,-1.8,108,31.75,-0.508854,16.192,0,86,0,0,0,0,0,0,0,0,0, 0,0,0,0,0,13,0,0,0,0
18680,5,104,-46.7,80,32,-8.73327,8.22982,0,86,0,0,0,0,0,0,0,0,0, 0,0,0,0,0,13,0,0,0,0
18680,6,137,-58.4,60,32,-7.66554,4.71587,0,86,0,0,0,0,0,0,0,0,0, 0,0,0,0,0,13,0,0,0,0
18720,0,245,-57.4,64,32,-8.08754,5.1722,0,0,0,0,0,0,0,0,0,0,0, 0,0,0,0,0,14,0,0,0,0
18720,1,30,7.2,96,33,1.8048,14.2865,0,0,0,0,0,0,0,0,0,0,0, 0,0,0,0,0,14,0,0,0,0
18720,2,290,-56.5,68,32,-8.50564,5.62976,0,0,0,0,0,0,0,0,0,0,0, 0,0,0,0,0,14,0,0,0,0
18720,3,52,-0.6,100,31.75,-0.157077,14.9992,0,0,0,0,0,0,0,0,0,0,0, 0,0,0,0,0,14,0,0,0,0
18720,4,243,-55.4,72,32,-8.88987,6.13271,0,0,0,0,0,0,0,0,0,0,0, 0,0,0,0,0,14,0,0,0,0
18720,5,53,2.4,104,31.75,0.65326,15.5863,0,0,0,0,0,0,0,0,0,0,0, 0,0,0,0,0,14,0,0,0,0
18720,6,59,3.1,104,33,0.84363,15.5772,0,0,0,0,0,0,0,0,0,0,0, 0,0,0,0,0,14,0,0,0,0
18720,7,159,-49.8,76,32,-8.70727,7.35822,0,0,0,0,0,0,0,0,0,0,0, 0,0,0,0,0,14,0,0,0,0
18720,8,43,3.1,108,33,0.876077,16.1763,0,0,0,0,0,0,0,0,0,0,0, 0,0,0,0,0,14,0,0,0,0
18720,9,113,-45,80,32,-8.48528,8.48528,0,0,0,0,0,0,0,0,0,0,0, 0,0,0,0,0,14,0,0,0,0
18720,10,86,-48,84,32,-9.36363,8.43105,0,0,0,0,0,0,0,0,0,0,0, 0,0,0,0,0,14,0,0,0,0
18720,11,138,-58.4,60,32,-7.66554,4.71587,0,0,0,0,0,0,0,0,0,0,0, 0,0,0,0,0,14,0,0,0,0
18760,0,243,-58.4,64,32,-8.17658,5.03026,0,0,0,0,0,0,0,0,0,0,0, 0,0,0,0,0,15,0,0,0,0
18760,1,287,-58.4,68,32,-8.68761,5.34466,0,0,0,0,0,0,0,0,0,0,0, 0,0,0,0,0,15,0,0,0,0
18760,2,46,66.6,8,33,1.10131,0.476577,0,0,0,0,0,0,0,0,0,0,0, 0,0,0,0,0,15,0,0,0,0
18760,3,237,-57.4,72,32,-9.09849,5.81872,0,0,0,0,0,0,0,0,0,0,0, 0,0,0,0,0,15,0,0,0,0
18760,4,48,4.8,104,33,1.30537,15.5453,0,0,0,0,0,0,0,0,0,0,0, 0,0,0,0,0,15,0,0,0,0
18760,5,150,-51.6,76,32,-8.93411,7.08108,0,0,0,0,0,0,0,0,0,0,0, 0,0,0,0,0,15,0,0,0,0
18760,6,33,4.8,108,33,1.35558,16.1432,0,0,0,0,0,0,0,0,0,0,0, 0,0,0,0,0,15,0,0,0,0
18760,7,113,-43.6,80,32,-8.27543,8.69006,0,0,0,0,0,0,0,0,0,0,0, 0,0,0,0,0,15,0,0,0,0
18760,8,98,-42.3,84,32,-8.47996,9.31935,0,0,0,0,0,0,0,0,0,0,0, 0,0,0,0,0,15,0,0,0,0
18760,9,139,-58.4,60,32,-7.66554,4.71587,0,0,0,0,0,0,0,0,0,0,0, 0,0,0,0,0,15,0,0,0,0
18800,0,244,-56.5,64,32,-8.0053,5.2986,0,0,0,0,0,0,0,0,0,0,0, 0,0,0,0,0,0,0,0,0,0
18800,1,30,7.2,96,33,1.8048,14.2865,0,0,0,0,0,0,0,0,0,0,0, 0,0,0,0,0,0,0,0,0,0
18800,2,287,-56.5,68,32,-8.50564,5.62976,0,0,0,0,0,0,0,0,0,0,0, 0,0,0,0,0,0,0,0,0,0
18800,3,239,-56.5,72,32,-9.00597,5.96092,0,0,0,0,0,0,0,0,0,0,0, 0,0,0,0,0,0,0,0,0,0
18800,4,34,5.4,104,31.75,1.46809,15.5308,0,0,0,0,0,0,0,0,0,0,0, 0,0,0,0,0,0,0,0,0,0
18800,5,37,1.8,104,33,0.490008,15.5923,0,0,0,0,0,0,0,0,0,0,0, 0,0,0,0,0,0,0,0,0,0
18800,6,150,-54.4,76,32,-9.26935,6.6362,0,0,0,0,0,0,0,0,0,0,0, 0,0,0,0,0,0,0,0,0,0
18800,7,101,-45.9,80,32,-8.61752,8.35095,0,0,0,0,0,0,0,0,0,0,0, 0,0,0,0,0,0,0,0,0,0
18800,8,139,-57.4,60,32,-7.58207,4.84894,0,0,0,0,0,0,0,0,0,0,0, 0,0,0,0,0,0,0,0,0,0
18840,0,246,-58.4,64,32,-8.17658,5.03026,0,0,0,0,0,0,0,0,0,0,0, 0,0,0,0,0,1,0,0,0,0
18840,1,289,-57.4,68,32,-8.59301,5.49546,0,0,0,0,0,0,0,0,0,0,0, 0,0,0,0,0,1,0,0,0,0
18840,2,237,-56.5,72,32,-9.00597,5.96092,0,0,0,0,0,0,0,0,0,0,0, 0,0,0,0,0,1,0,0,0,0
18840,3,150,-54.4,76,32,-9.26935,6.6362,0,0,0,0,0,0,0,0,0,0,0, 0,0,0,0,0,1,0,0,0,0
18840,4,102,-44.2,80,32,-8.36598,8.60293,0,0,0,0,0,0,0,0,0,0,0, 0,0,0,0,0,1,0,0,0,0
18840,5,138,-58.4,60,32,-7.66554,4.71587,0,0,0,0,0,0,0,0,0,0,0, 0,0,0,0,0,1,0,0,0,0
18880,0,245,-57.4,64,32,-8.08754,5.1722,0,0,0,0,0,0,0,0,0,0,0, 0,0,0,0,0,2,0,0,0,0
18880,1,290,-56.5,68,32,-8.50564,5.62976,0,0,0,0,0,0,0,0,0,0,0, 0,0,0,0,0,2,0,0,0,0
18880,2,39,75.1,8,33,1.15965,0.308559,0,0,0,0,0,0,0,0,0,0,0, 0,0,0,0,0,2,0,0,0,0
18880,3,239,-56.5,72,32,-9.00597,5.96092,0,0,0,0,0,0,0,0,0,0,0, 0,0,0,0,0,2,0,0,0,0
18880,4,148,-55.4,76,32,-9.38375,6.47342,0,0,0,0,0,0,0,0,0,0,0, 0,0,0,0,0,2,0,0,0,0
18880,5,96,-57.4,80,32,-10.1094,6.46525,0,0,0,0,0,0,0,0,0,0,0, 0,0,0,0,0,2,0,0,0,0
18880,6,141,-55.4,60,32,-7.40823,5.11059,0,0,0,0,0,0,0,0,0,0,0, 0,0,0,0,0,2,0,0,0,0
18920,0,247,-56.5,64,32,-8.0053,5.2986,0,0,0,0,0,0,0,0,0,0,0, 0,0,0,0,0,3,0,0,0,0
18920,1,46,3.1,96,33,0.778735,14.3789,0,0,0,0,0,0,0,0,0,0,0, 0,0,0,0,0,3,0,0,0,0
18920,2,290,-56.5,68,32,-8.50564,5.62976,0,0,0,0,0,0,0,0,0,0,0, 0,0,0,0,0,3,0,0,0,0
18920,3,46,3.6,100,31.75,0.941858,14.9704,0,0,0,0,0,0,0,0,0,0,0, 0,0,0,0,0,3,0,0,0,0
18920,4,239,-56.5,72,32,-9.00597,5.96092,0,0,0,0,0,0,0,0,0,0,0, 0,0,0,0,0,3,0,0,0,0
18920,5,37,2.4,104,31.75,0.65326,15.5863,0,0,0,0,0,0,0,0,0,0,0, 0,0,0,0,0,3,0,0,0,0
18920,6,149,-54.4,76,32,-9.26935,6.6362,0,0,0,0,0,0,0,0,0,0,0, 0,0,0,0,0,3,0,0,0,0
18920,7,98,-51.6,80,32,-9.40432,7.45377,0,0,0,0,0,0,0,0,0,0,0, 0,0,0,0,0,3,0,0,0,0
18920,8,137,-56.5,60,32,-7.50497,4.96743,0,0,0,0,0,0,0,0,0,0,0, 0,0,0,0,0,3,0,0,0,0
18960,0,244,-56.5,64,32,-8.0053,5.2986,0,0,0,0,0,0,0,0,0,0,0, 0,0,0,0,0,4,0,0,0,0
18960,1,288,-56.5,68,32,-8.50564,5.62976,0,0,0,0,0,0,0,0,0,0,0, 0,0,0,0,0,4,0,0,0,0
18960,2,239,-56.5,72,32,-9.00597,5.96092,0,0,0,0,0,0,0,0,0,0,0, 0,0,0,0,0,4,0,0,0,0
18960,3,31,7.2,104,31.75,1.9552,15.477,0,0,0,0,0,0,0,0,0,0,0, 0,0,0,0,0,4,0,0,0,0
18960,4,154,-51.6,76,32,-8.93411,7.08108,0,0,0,0,0,0,0,0,0,0,0, 0,0,0,0,0,4,0,0,0,0
18960,5,112,-42.9,80,32,-8.16865,8.79051,0,0,0,0,0,0,0,0,0,0,0, 0,0,0,0,0,4,0,0,0,0
18960,6,89,-41.7,84,32,-8.3819,9.40764,0,0,0,0,0,0,0,0,0,0,0, 0,0,0,0,0,4,0,0,0,0
18960,7,139,-57.4,60,32,-7.58207,4.84894,0,0,0,0,0,0,0,0,0,0,0, 0,0,0,0,0,4,0,0,0,0
19000,0,244,-57.4,64,32,-8.08754,5.1722,0,0,0,0,0,0,0,0,0,0,0, 0,0,0,0,0,5,0,0,0,0
19000,1,288,-56.5,68,32,-8.50564,5.62976,0,0,0,0,0,0,0,0,0,0,0, 0,0,0,0,0,5,0,0,0,0
19000,2,49,72.4,8,33,1.14383,0.362844,0,0,0,0,0,0,0,0,0,0,0, 0,0,0,0,0,5,0,0,0,0
19000,3,236,-56.5,72,32,-9.00597,5.96092,0,0,0,0,0,0,0,0,0,0,0, 0,0,0,0,0,5,0,0,0,0
19000,4,152,-53.4,76,32,-9.15212,6.79696,0,0,0,0,0,0,0,0,0,0,0, 0,0,0,0,0,5,0,0,0,0
19000,5,101,-48,80,32,-8.91774,8.02957,0,0,0,0,0,0,0,0,0,0,0, 0,0,0,0,0,5,0,0,0,0
19000,6,137,-57.4,60,32,-7.58207,4.84894,0,0,0,0,0,0,0,0,0,0,0, 0,0,0,0,0,5,0,0,0,0
19040,0,247,-57.4,64,32,-8.08754,5.1722,0,0,0,0,0,0,0,0,0,0,0, 0,0,0,0,0,6,0,0,0,0
19040,1,289,-57.4,68,32,-8.59301,5.49546,0,0,0,0,0,0,0,0,0,0,0, 0,0,0,0,0,6,0,0,0,0
19040,2,239,-56.5,72,32,-9.00597,5.96092,0,0,0,0,0,0,0,0,0,0,0, 0,0,0,0,0,6,0,0,0,0
19040,3,151,-53.4,76,32,-9.15212,6.79696,0,0,0,0,0,0,0,0,0,0,0, 0,0,0,0,0,6,0,0,0,0
19040,4,25,6.6,108,33,1.86198,16.0926,0,0,0,0,0,0,0,0,0,0,0, 0,0,0,0,0,6,0,0,0,0
19040,5,109,-45,80,32,-8.48528,8.48528,0,0,0,0,0,0,0,0,0,0,0, 0,0,0,0,0,6,0,0,0,0
19040,6,89,-44.2,84,32,-8.78428,9.03307,0,0,0,0,0,0,0,0,0,0,0, 0,0,0,0,0,6,0,0,0,0
19040,7,138,-56.5,60,32,-7.50497,4.96743,0,0,0,0,0,0,0,0,0,0,0, 0,0,0,0,0,6,0,0,0,0
19080,0,246,-56.5,64,32,-8.0053,5.2986,0,0,0,0,0,0,0,0,0,0,0, 0,0,0,0,0,7,0,0,0,0
19080,1,289,-56.5,68,32,-8.50564,5.62976,0,0,0,0,0,0,0,0,0,0,0, 0,0,0,0,0,7,0,0,0,0
19080,2,44,3.1,100,31.75,0.811182,14.978,0,0,0,0,0,0,0,0,0,0,0, 0,0,0,0,0,7,0,0,0,0
19080,3,47,69.6,8,33,1.12474,0.418287,0,0,0,0,0,0,0,0,0,0,0, 0,0,0,0,0,7,0,0,0,0
19080,4,241,-55.4,72,32,-8.88987,6.13271,0,0,0,0,0,0,0,0,0,0,0, 0,0,0,0,0,7,0,0,0,0
19080,5,157,-51.6,76,32,-8.93411,7.08108,0,0,0,0,0,0,0,0,0,0,0, 0,0,0,0,0,7,0,0,0,0
19080,6,108,-48,80,32,-8.91774,8.02957,0,0,0,0,0,0,0,0,0,0,0, 0,0,0,0,0,7,0,0,0,0
19080,7,87,-51.6,84,32,-9.87454,7.82646,0,0,0,0,0,0,0,0,0,0,0, 0,0,0,0,0,7,0,0,0,0
19080,8,138,-56.5,60,32,-7.50497,4.96743,0,0,0,0,0,0,0,0,0,0,0, 0,0,0,0,0,7,0,0,0,0
19120,0,244,-57.4,64,32,-8.08754,5.1722,0,0,0,0,0,0,0,0,0,0,0, 0,0,0,0,0,8,0,0,0,0
19120,1,288,-56.5,68,32,-8.50564,5.62976,0,0,0,0,0,0,0,0,0,0,0, 0,0,0,0,0,8,0,0,0,0
19120,2,239,-56.5,72,32,-9.00597,5.96092,0,0,0,0,0,0,0,0,0,0,0, 0,0,0,0,0,8,0,0,0,0
19120,3,152,-53.4,76,32,-9.15212,6.79696,0,0,0,0,0,0,0,0,0,0,0, 0,0,0,0,0,8,0,0,0,0
19120,4,65,4.8,108,31.75,1.35558,16.1432,0,0,0,0,0,0,0,0,0,0,0, 0,0,0,0,0,8,0,0,0,0
19120,5,110,-43.6,80,32,-8.27543,8.69006,0,0,0,0,0,0,0,0,0,0,0, 0,0,0,0,0,8,0,0,0,0
19120,6,43,6.6,112,31.5,1.93094,16.6887,0,0,0,0,0,0,0,0,0,0,0, 0,0,0,0,0,8,0,0,0,0
19120,7,93,-40.5,84,32,-8.18305,9.58112,0,0,0,0,0,0,0,0,0,0,0, 0,0,0,0,0,8,0,0,0,0
19120,8,138,-57.4,60,32,-7.58207,4.84894,0,0,0,0,0,0,0,0,0,0,0, 0,0,0,0,0,8,0,0,0,0
19160,0,243,-56.5,64,32,-8.0053,5.2986,0,1334,0,0,0,0,0,0,0,0,0, 0,0,0,0,0,9,0,0,0,0
19160,1,288,-56.5,68,32,-8.50564,5.62976,0,1334,0,0,0,0,0,0,0,0,0, 0,0,0,0,0,9,0,0,0,0
19160,2,24,2.4,100,33,0.628135,14.9868,0,1334,0,0,0,0,0,0,0,0,0, 0,0,0,0,0,9,0,0,0,0
19160,3,239,-55.4,72,32,-8.88987,6.13271,0,1334,0,0,0,0,0,0,0,0,0, 0,0,0,0,0,9,0,0,0,0
19160,4,33,6.1,104,31.75,1.65772,15.5117,0,1334,0,0,0,0,0,0,0,0,0, 0,0,0,0,0,9,0,0,0,0
19160,5,151,-53.4,76,32,-9.15212,6.79696,0,1334,0,0,0,0,0,0,0,0,0, 0,0,0,0,0,9,0,0,0,0
19160,6,96,-49.8,80,32,-9.16555,7.74549,0,1334,0,0,0,0,0,0,0,0,0, 0,0,0,0,0,9,0,0,0,0
19160,7,139,-56.5,60,32,-7.50497,4.96743,0,1334,0,0,0,0,0,0,0,0,0, 0,0,0,0,0,9,0,0,0,0
19200,0,244,-56.5,64,32,-8.0053,5.2986,0,0,0,0,0,0,0,0,0,0,0, 0,0,0,0,0,10,0,0,0,0
19200,1,290,-56.5,68,32,-8.50564,5.62976,0,0,0,0,0,0,0,0,0,0,0, 0,0,0,0,0,10,0,0,0,0
19200,2,23,5.4,100,31.75,1.41162,14.9334,0,0,0,0,0,0,0,0,0,0,0, 0,0,0,0,0,10,0,0,0,0
19200,3,238,-56.5,72,32,-9.00597,5.96092,0,0,0,0,0,0,0,0,0,0,0, 0,0,0,0,0,10,0,0,0,0
19200,4,149,-55.4,76,32,-9.38375,6.47342,0,0,0,0,0,0,0,0,0,0,0, 0,0,0,0,0,10,0,0,0,0
19200,5,104,-46.7,80,32,-8.73327,8.22982,0,0,0,0,0,0,0,0,0,0,0, 0,0,0,0,0,10,0,0,0,0
19200,6,90,-43.6,84,32,-8.68921,9.12457,0,0,0,0,0,0,0,0,0,0,0, 0,0,0,0,0,10,0,0,0,0
19200,7,138,-57.4,60,32,-7.58207,4.84894,0,0,0,0,0,0,0,0,0,0,0, 0,0,0,0,0,10,0,0,0,0
19240,0,246,-57.4,64,32,-8.08754,5.1722,0,7936,0,0,0,0,0,0,0,0,0, 0,0,0,0,0,11,0,0,0,0
19240,1,291,-56.5,68,32,-8.50564,5.62976,0,7936,0,0,0,0,0,0,0,0,0, 0,0,0,0,0,11,0,0,0,0
19240,2,245,-55.4,72,32,-8.88987,6.13271,0,7936,0,0,0,0,0,0,0,0,0, 0,0,0,0,0,11,0,0,0,0
19240,3,157,-53.4,76,32,-9.15212,6.79696,0,7936,0,0,0,0,0,0,0,0,0, 0,0,0,0,0,11,0,0,0,0
19240,4,107,-49.8,80,32,-9.16555,7.74549,0,7936,0,0,0,0,0,0,0,0,0, 0,0,0,0,0,11,0,0,0,0
19240,5,139,-57.4,60,32,-7.58207,4.84894,0,7936,0,0,0,0,0,0,0,0,0, 0,0,0,0,0,11,0,0,0,0
19280,0,246,-56.5,64,32,-8.0053,5.2986,0,1140,0,0,0,0,0,0,0,0,0, 0,0,0,0,0,12,0,0,0,0
19280,1,291,-56.5,68,32,-8.50564,5.62976,0,1140,0,0,0,0,0,0,0,0,0, 0,0,0,0,0,12,0,0,0,0
19280,2,50,72.4,8,33,1.14383,0.362844,0,1140,0,0,0,0,0,0,0,0,0, 0,0,0,0,0,12,0,0,0,0
19280,3,240,-55.4,72,32,-8.88987,6.13271,0,1140,0,0,0,0,0,0,0,0,0, 0,0,0,0,0,12,0,0,0,0
19280,4,152,-53.4,76,32,-9.15212,6.79696,0,1140,0,0,0,0,0,0,0,0,0, 0,0,0,0,0,12,0,0,0,0
19280,5,106,-44.2,80,32,-8.36598,8.60293,0,1140,0,0,0,0,0,0,0,0,0, 0,0,0,0,0,12,0,0,0,0
19280,6,81,-42.9,84,32,-8.57708,9.23004,0,1140,0,0,0,0,0,0,0,0,0, 0,0,0,0,0,12,0,0,0,0
19280,7,140,-56.5,60,32,-7.50497,4.96743,0,1140,0,0,0,0,0,0,0,0,0, 0,0,0,0,0,12,0,0,0,0
19320,0,248,-56.5,64,32,-8.0053,5.2986,0,86,0,0,0,0,0,0,0,0,0, 0,0,0,0,0,13,0,0,0,0
19320,1,291,-55.4,68,32,-8.39599,5.79201,0,86,0,0,0,0,0,0,0,0,0, 0,0,0,0,0,13,0,0,0,0
19320,2,241,-54.4,72,32,-8.78149,6.28693,0,86,0,0,0,0,0,0,0,0,0, 0,0,0,0,0,13,0,0,0,0
19320,3,156,-49.8,76,32,-8.70727,7.35822,0,86,0,0,0,0,0,0,0,0,0, 0,0,0,0,0,13,0,0,0,0
19320,4,111,-42.9,80,32,-8.16865,8.79051,0,86,0,0,0,0,0,0,0,0,0, 0,0,0,0,0,13,0,0,0,0
19320,5,91,-39.3,84,32,-7.9806,9.75039,0,86,0,0,0,0,0,0,0,0,0, 0,0,0,0,0,13,0,0,0,0
19320,6,140,-58.4,60,32,-7.66554,4.71587,0,86,0,0,0,0,0,0,0,0,0, 0,0,0,0,0,13,0,0,0,0
19360,0,245,-57.4,64,32,-8.08754,5.1722,0,0,0,0,0,0,0,0,0,0,0, 0,0,0,0,0,14,0,0,0,0
19360,1,288,-56.5,68,32,-8.50564,5.62976,0,0,0,0,0,0,0,0,0,0,0, 0,0,0,0,0,14,0,0,0,0
19360,2,241,-55.4,72,32,-8.88987,6.13271,0,0,0,0,0,0,0,0,0,0,0, 0,0,0,0,0,14,0,0,0,0
19360,3,23,0.6,104,33,0.16336,15.5991,0,0,0,0,0,0,0,0,0,0,0, 0,0,0,0,0,14,0,0,0,0
19360,4,152,-53.4,76,32,-9.15212,6.79696,0,0,0,0,0,0,0,0,0,0,0, 0,0,0,0,0,14,0,0,0,0
19360,5,102,-51.6,80,32,-9.40432,7.45377,0,0,0,0,0,0,0,0,0,0,0, 0,0,0,0,0,14,0,0,0,0
19360,6,140,-57.4,60,32,-7.58207,4.84894,0,0,0,0,0,0,0,0,0,0,0, 0,0,0,0,0,14,0,0,0,0
19400,0,247,-57.4,64,32,-8.08754,5.1722,0,0,0,0,0,0,0,0,0,0,0, 0,0,0,0,0,15,0,0,0,0
19400,1,290,-56.5,68,32,-8.50564,5.62976,0,0,0,0,0,0,0,0,0,0,0, 0,0,0,0,0,15,0,0,0,0
19400,2,45,66.6,8,33,1.10131,0.476577,0,0,0,0,0,0,0,0,0,0,0, 0,0,0,0,0,15,0,0,0,0
19400,3,241,-56.5,72,32,-9.00597,5.96092,0,0,0,0,0,0,0,0,0,0,0, 0,0,0,0,0,15,0,0,0,0
19400,4,152,-53.4,76,32,-9.15212,6.79696,0,0,0,0,0,0,0,0,0,0,0, 0,0,0,0,0,15,0,0,0,0
19400,5,103,-48,80,32,-8.91774,8.02957,0,0,0,0,0,0,0,0,0,0,0, 0,0,0,0,0,15,0,0,0,0
19400,6,143,-57.4,60,32,-7.58207,4.84894,0,0,0,0,0,0,0,0,0,0,0, 0,0,0,0,0,15,0,0,0,0
19440,0,249,-56.5,64,32,-8.0053,5.2986,0,0,0,0,0,0,0,0,0,0,0, 0,0,0,0,0,0,0,0,0,0
19440,1,292,-56.5,68,32,-8.50564,5.62976,0,0,0,0,0,0,0,0,0,0,0, 0,0,0,0,0,0,0,0,0,0
19440,2,242,-56.5,72,32,-9.00597,5.96092,0,0,0,0,0,0,0,0,0,0,0, 0,0,0,0,0,0,0,0,0,0
19440,3,155,-54.4,76,32,-9.26935,6.6362,0,0,0,0,0,0,0,0,0,0,0, 0,0,0,0,0,0,0,0,0,0
19440,4,108,-45.9,80,32,-8.61752,8.35095,0,0,0,0,0,0,0,0,0,0,0, 0,0,0,0,0,0,0,0,0,0
19440,5,89,-42.9,84,32,-8.57708,9.23004,0,0,0,0,0,0,0,0,0,0,0, 0,0,0,0,0,0,0,0,0,0
19440,6,139,-57.4,60,32,-7.58207,4.84894,0,0,0,0,0,0,0,0,0,0,0, 0,0,0,0,0,0,0,0,0,0
19480,0,250,-56.5,64,32,-8.0053,5.2986,0,0,0,0,0,0,0,0,0,0,0, 0,0,0,0,0,1,0,0,0,0
19480,1,293,-56.5,68,32,-8.50564,5.62976,0,0,0,0,0,0,0,0,0,0,0, 0,0,0,0,0,1,0,0,0,0
19480,2,243,-55.4,72,32,-8.88987,6.13271,0,0,0,0,0,0,0,0,0,0,0, 0,0,0,0,0,1,0,0,0,0
19480,3,155,-53.4,76,32,-9.15212,6.79696,0,0,0,0,0,0,0,0,0,0,0, 0,0,0,0,0,1,0,0,0,0
19480,4,105,-46.7,80,32,-8.73327,8.22982,0,0,0,0,0,0,0,0,0,0,0, 0,0,0,0,0,1,0,0,0,0
19480,5,139,-57.4,60,32,-7.58207,4.84894,0,0,0,0,0,0,0,0,0,0,0, 0,0,0,0,0,1,0,0,0,0
19520,0,246,-57.4,64,32,-8.08754,5.1722,0,0,0,0,0,0,0,0,0,0,0, 0,0,0,0,0,2,0,0,0,0
19520,1,291,-57.4,68,32,-8.59301,5.49546,0,0,0,0,0,0,0,0,0,0,0, 0,0,0,0,0,2,0,0,0,0
19520,2,139,-56.5,60,32,-7.50497,4.96743,0,0,0,0,0,0,0,0,0,0,0, 0,0,0,0,0,2,0,0,0,0
19520,3,241,-56.5,72,32,-9.00597,5.96092,0,0,0,0,0,0,0,0,0,0,0, 0,0,0,0,0,2,0,0,0,0
19520,4,152,-54.4,76,32,-9.26935,6.6362,0,0,0,0,0,0,0,0,0,0,0, 0,0,0,0,0,2,0,0,0,0
19520,5,104,-48,80,32,-8.91774,8.02957,0,0,0,0,0,0,0,0,0,0,0, 0,0,0,0,0,2,0,0,0,0
19520,6,37,71.1,8,31.75,1.1353,0.388701,2,0,0,0,0,0,0,0,0,0,0, 0,0,0,0,0,2,0,0,0,0
19560,0,245,-56.5,64,32,-8.0053,5.2986,0,0,0,0,0,0,0,0,0,0,0, 0,0,0,0,0,3,0,0,0,0
19560,1,288,-56.5,68,32,-8.50564,5.62976,0,0,0,0,0,0,0,0,0,0,0, 0,0,0,0,0,3,0,0,0,0
19560,2,241,-55.4,72,32,-8.88987,6.13271,0,0,0,0,0,0,0,0,0,0,0, 0,0,0,0,0,3,0,0,0,0
19560,3,158,-51.6,76,32,-8.93411,7.08108,0,0,0,0,0,0,0,0,0,0,0, 0,0,0,0,0,3,0,0,0,0
19560,4,106,-45.9,80,32,-8.61752,8.35095,0,0,0,0,0,0,0,0,0,0,0, 0,0,0,0,0,3,0,0,0,0
19560,5,137,-57.4,60,32,-7.58207,4.84894,0,0,0,0,0,0,0,0,0,0,0, 0,0,0,0,0,3,0,0,0,0
19600,0,245,-57.4,64,32,-8.08754,5.1722,0,0,0,0,0,0,0,0,0,0,0, 0,0,0,0,0,4,0,0,0,0
19600,1,289,-56.5,68,32,-8.50564,5.62976,0,0,0,0,0,0,0,0,0,0,0, 0,0,0,0,0,4,0,0,0,0
19600,2,241,-56.5,72,32,-9.00597,5.96092,0,0,0,0,0,0,0,0,0,0,0, 0,0,0,0,0,4,0,0,0,0
19600,3,154,-51.6,76,32,-8.93411,7.08108,0,0,0,0,0,0,0,0,0,0,0, 0,0,0,0,0,4,0,0,0,0
19600,4,106,-45.9,80,32,-8.61752,8.35095,0,0,0,0,0,0,0,0,0,0,0, 0,0,0,0,0,4,0,0,0,0
19600,5,136,-58.4,60,32,-7.66554,4.71587,0,0,0,0,0,0,0,0,0,0,0, 0,0,0,0,0,4,0,0,0,0
19640,0,243,-57.4,64,32,-8.08754,5.1722,0,0,0,0,0,0,0,0,0,0,0, 0,0,0,0,0,5,0,0,0,0
19640,1,284,-57.4,68,32,-8.59301,5.49546,0,0,0,0,0,0,0,0,0,0,0, 0,0,0,0,0,5,0,0,0,0
19640,2,240,-56.5,72,32,-9.00597,5.96092,0,0,0,0,0,0,0,0,0,0,0, 0,0,0,0,0,5,0,0,0,0
19640,3,154,-54.4,76,32,-9.26935,6.6362,0,0,0,0,0,0,0,0,0,0,0, 0,0,0,0,0,5,0,0,0,0
19640,4,106,-48,80,32,-8.91774,8.02957,0,0,0,0,0,0,0,0,0,0,0, 0,0,0,0,0,5,0,0,0,0
19640,5,81,-48,84,32,-9.36363,8.43105,0,0,0,0,0,0,0,0,0,0,0, 0,0,0,0,0,5,0,0,0,0
19640,6,139,-57.4,60,32,-7.58207,4.84894,0,0,0,0,0,0,0,0,0,0,0, 0,0,0,0,0,5,0,0,0,0
19680,0,244,-57.4,64,32,-8.08754,5.1722,0,0,0,0,0,0,0,0,0,0,0, 0,0,0,0,0,6,0,0,0,0
19680,1,288,-56.5,68,32,-8.50564,5.62976,0,0,0,0,0,0,0,0,0,0,0, 0,0,0,0,0,6,0,0,0,0
19680,2,239,-56.5,72,32,-9.00597,5.96092,0,0,0,0,0,0,0,0,0,0,0, 0,0,0,0,0,6,0,0,0,0
19680,3,151,-53.4,76,32,-9.15212,6.79696,0,0,0,0,0,0,0,0,0,0,0, 0,0,0,0,0,6,0,0,0,0
19680,4,103,-45.9,80,32,-8.61752,8.35095,0,0,0,0,0,0,0,0,0,0,0, 0,0,0,0,0,6,0,0,0,0
19680,5,139,-56.5,60,32,-7.50497,4.96743,0,0,0,0,0,0,0,0,0,0,0, 0,0,0,0,0,6,0,0,0,0
19720,0,245,-56.5,64,32,-8.0053,5.2986,0,0,0,0,0,0,0,0,0,0,0, 0,0,0,0,0,7,0,0,0,0
19720,1,288,-56.5,68,32,-8.50564,5.62976,0,0,0,0,0,0,0,0,0,0,0, 0,0,0,0,0,7,0,0,0,0
19720,2,240,-55.4,72,32,-8.88987,6.13271,0,0,0,0,0,0,0,0,0,0,0, 0,0,0,0,0,7,0,0,0,0
19720,3,155,-49.8,76,32,-8.70727,7.35822,0,0,0,0,0,0,0,0,0,0,0, 0,0,0,0,0,7,0,0,0,0
19720,4,117,-44.2,80,32,-8.36598,8.60293,0,0,0,0,0,0,0,0,0,0,0, 0,0,0,0,0,7,0,0,0,0
19720,5,96,-43.6,84,32,-8.68921,9.12457,0,0,0,0,0,0,0,0,0,0,0, 0,0,0,0,0,7,0,0,0,0
19720,6,138,-57.4,60,32,-7.58207,4.84894,0,0,0,0,0,0,0,0,0,0,0, 0,0,0,0,0,7,0,0,0,0
19760,0,246,-56.5,64,32,-8.0053,5.2986,0,0,0,0,0,0,0,0,0,0,0, 0,0,0,0,0,8,0,0,0,0
19760,1,290,-56.5,68,32,-8.50564,5.62976,0,0,0,0,0,0,0,0,0,0,0, 0,0,0,0,0,8,0,0,0,0
19760,2,241,-56.5,72,32,-9.00597,5.96092,0,0,0,0,0,0,0,0,0,0,0, 0,0,0,0,0,8,0,0,0,0
19760,3,154,-53.4,76,32,-9.15212,6.79696,0,0,0,0,0,0,0,0,0,0,0, 0,0,0,0,0,8,0,0,0,0
19760,4,108,-44.2,80,32,-8.36598,8.60293,0,0,0,0,0,0,0,0,0,0,0, 0,0,0,0,0,8,0,0,0,0
19760,5,84,-44.2,84,32,-8.78428,9.03307,0,0,0,0,0,0,0,0,0,0,0, 0,0,0,0,0,8,0,0,0,0
19760,6,21,1.3,120,31.5,0.408372,17.9954,0,0,0,0,0,0,0,0,0,0,0, 0,0,0,0,0,8,0,0,0,0
19760,7,140,-58.4,60,32,-7.66554,4.71587,0,0,0,0,0,0,0,0,0,0,0, 0,0,0,0,0,8,0,0,0,0
19800,0,244,-57.4,64,32,-8.08754,5.1722,0,1334,0,0,0,0,0,0,0,0,0, 0,0,0,0,0,9,0,0,0,0
19800,1,288,-56.5,68,32,-8.50564,5.62976,0,1334,0,0,0,0,0,0,0,0,0, 0,0,0,0,0,9,0,0,0,0
19800,2,241,-55.4,72,32,-8.88987,6.13271,0,1334,0,0,0,0,0,0,0,0,0, 0,0,0,0,0,9,0,0,0,0
19800,3,154,-55.4,76,32,-9.38375,6.47342,0,1334,0,0,0,0,0,0,0,0,0, 0,0,0,0,0,9,0,0,0,0
19800,4,102,-55.4,80,32,-9.87764,6.81413,0,1334,0,0,0,0,0,0,0,0,0, 0,0,0,0,0,9,0,0,0,0
19800,5,140,-56.5,60,32,-7.50497,4.96743,0,1334,0,0,0,0,0,0,0,0,0, 0,0,0,0,0,9,0,0,0,0
19840,0,245,-58.4,64,32,-8.17658,5.03026,0,0,0,0,0,0,0,0,0,0,0, 0,0,0,0,0,10,0,0,0,0
19840,1,289,-57.4,68,32,-8.59301,5.49546,0,0,0,0,0,0,0,0,0,0,0, 0,0,0,0,0,10,0,0,0,0
19840,2,38,71.1,8,33,1.1353,0.388701,0,0,0,0,0,0,0,0,0,0,0, 0,0,0,0,0,10,0,0,0,0
19840,3,241,-56.5,72,32,-9.00597,5.96092,0,0,0,0,0,0,0,0,0,0,0, 0,0,0,0,0,10,0,0,0,0
19840,4,150,-54.4,76,32,-9.26935,6.6362,0,0,0,0,0,0,0,0,0,0,0, 0,0,0,0,0,10,0,0,0,0
19840,5,95,-54.4,80,32,-9.75721,6.98548,0,0,0,0,0,0,0,0,0,0,0, 0,0,0,0,0,10,0,0,0,0
19840,6,137,-59.4,60,32,-7.74668,4.58137,0,0,0,0,0,0,0,0,0,0,0, 0,0,0,0,0,10,0,0,0,0
19880,0,242,-58.4,64,32,-8.17658,5.03026,0,7936,0,0,0,0,0,0,0,0,0, 0,0,0,0,0,11,0,0,0,0
19880,1,30,-2.4,96,31.5,-0.603009,14.3874,0,7936,0,0,0,0,0,0,0,0,0, 0,0,0,0,0,11,0,0,0,0
19880,2,287,-56.5,68,32,-8.50564,5.62976,0,7936,0,0,0,0,0,0,0,0,0, 0,0,0,0,0,11,0,0,0,0
19880,3,31,0.6,100,31.5,0.157077,14.9992,0,7936,0,0,0,0,0,0,0,0,0, 0,0,0,0,0,11,0,0,0,0
19880,4,238,-55.4,72,32,-8.88987,6.13271,0,7936,0,0,0,0,0,0,0,0,0, 0,0,0,0,0,11,0,0,0,0
19880,5,22,7.8,104,32.25,2.11716,15.4557,0,7936,0,0,0,0,0,0,0,0,0, 0,0,0,0,0,11,0,0,0,0
19880,6,156,-51.6,76,32,-8.93411,7.08108,0,7936,0,0,0,0,0,0,0,0,0, 0,0,0,0,0,11,0,0,0,0
19880,7,107,-48,80,32,-8.91774,8.02957,0,7936,0,0,0,0,0,0,0,0,0, 0,0,0,0,0,11,0,0,0,0
19880,8,137,-59.4,60,32,-7.74668,4.58137,0,7936,0,0,0,0,0,0,0,0,0, 0,0,0,0,0,11,0,0,0,0
19920,0,241,-58.4,64,32,-8.17658,5.03026,0,1140,0,0,0,0,0,0,0,0,0, 0,0,0,0,0,12,0,0,0,0
19920,1,287,-56.5,68,32,-8.50564,5.62976,0,1140,0,0,0,0,0,0,0,0,0, 0,0,0,0,0,12,0,0,0,0
19920,2,241,-55.4,72,32,-8.88987,6.13271,0,1140,0,0,0,0,0,0,0,0,0, 0,0,0,0,0,12,0,0,0,0
19920,3,158,-48,76,32,-8.47185,7.62809,0,1140,0,0,0,0,0,0,0,0,0, 0,0,0,0,0,12,0,0,0,0
19920,4,117,-42.3,80,32,-8.07615,8.87557,0,1140,0,0,0,0,0,0,0,0,0, 0,0,0,0,0,12,0,0,0,0
19920,5,93,-40.5,84,32,-8.18305,9.58112,0,1140,0,0,0,0,0,0,0,0,0, 0,0,0,0,0,12,0,0,0,0
19920,6,138,-59.4,60,32,-7.74668,4.58137,0,1140,0,0,0,0,0,0,0,0,0, 0,0,0,0,0,12,0,0,0,0
19960,0,245,-57.4,64,32,-8.08754,5.1722,0,86,0,0,0,0,0,0,0,0,0, 0,0,0,0,0,13,0,0,0,0
19960,1,290,-56.5,68,32,-8.50564,5.62976,0,86,0,0,0,0,0,0,0,0,0, 0,0,0,0,0,13,0,0,0,0
19960,2,247,-55.4,72,32,-8.88987,6.13271,0,86,0,0,0,0,0,0,0,0,0, 0,0,0,0,0,13,0,0,0,0
19960,3,159,-51.6,76,32,-8.93411,7.08108,0,86,0,0,0,0,0,0,0,0,0, 0,0,0,0,0,13,0,0,0,0
19960,4,115,-45,80,32,-8.48528,8.48528,0,86,0,0,0,0,0,0,0,0,0, 0,0,0,0,0,13,0,0,0,0
19960,5,91,-45,84,32,-8.90955,8.90955,0,86,0,0,0,0,0,0,0,0,0, 0,0,0,0,0,13,0,0,0,0
19960,6,138,-58.4,60,32,-7.66554,4.71587,0,86,0,0,0,0,0,0,0,0,0, 0,0,0,0,0,13,0,0,0,0
20000,0,247,-58.4,64,32,-8.17658,5.03026,0,0,0,0,0,0,0,0,0,0,0, 0,0,0,0,0,14,0,0,0,0
20000,1,289,-56.5,68,32,-8.50564,5.62976,0,0,0,0,0,0,0,0,0,0,0, 0,0,0,0,0,14,0,0,0,0
20000,2,241,-56.5,72,32,-9.00597,5.96092,0,0,0,0,0,0,0,0,0,0,0, 0,0,0,0,0,14,0,0,0,0
20000,3,156,-53.4,76,32,-9.15212,6.79696,0,0,0,0,0,0,0,0,0,0,0, 0,0,0,0,0,14,0,0,0,0
20000,4,109,-48,80,32,-8.91774,8.02957,0,0,0,0,0,0,0,0,0,0,0, 0,0,0,0,0,14,0,0,0,0
20000,5,81,-53.4,84,32,-10.1155,7.51243,0,0,0,0,0,0,0,0,0,0,0, 0,0,0,0,0,14,0,0,0,0
20000,6,139,-59.4,60,32,-7.74668,4.58137,0,0,0,0,0,0,0,0,0,0,0, 0,0,0,0,0,14,0,0,0,0
20040,0,246,-57.4,64,32,-8.08754,5.1722,0,0,0,0,0,0,0,0,0,0,0, 0,0,0,0,0,15,0,0,0,0
20040,1,289,-56.5,68,32,-8.50564,5.62976,0,0,0,0,0,0,0,0,0,0,0, 0,0,0,0,0,15,0,0,0,0
20040,2,242,-55.4,72,32,-8.88987,6.13271,0,0,0,0,0,0,0,0,0,0,0, 0,0,0,0,0,15,0,0,0,0
20040,3,157,-51.6,76,32,-8.93411,7.08108,0,0,0,0,0,0,0,0,0,0,0, 0,0,0,0,0,15,0,0,0,0
20040,4,113,-45,80,32,-8.48528,8.48528,0,0,0,0,0,0,0,0,0,0,0, 0,0,0,0,0,15,0,0,0,0
20040,5,90,-42.9,84,32,-8.57708,9.23004,0,0,0,0,0,0,0,0,0,0,0, 0,0,0,0,0,15,0,0,0,0
20040,6,137,-58.4,60,32,-7.66554,4.71587,0,0,0,0,0,0,0,0,0,0,0, 0,0,0,0,0,15,0,0,0,0
20080,0,245,-57.4,64,32,-8.08754,5.1722,0,0,0,0,0,0,0,0,0,0,0, 0,0,0,0,0,0,0,0,0,0
20080,1,290,-56.5,68,32,-8.50564,5.62976,0,0,0,0,0,0,0,0,0,0,0, 0,0,0,0,0,0,0,0,0,0
20080,2,49,75.1,8,33,1.15965,0.308559,0,0,0,0,0,0,0,0,0,0,0, 0,0,0,0,0,0,0,0,0,0
20080,3,243,-55.4,72,32,-8.88987,6.13271,0,0,0,0,0,0,0,0,0,0,0, 0,0,0,0,0,0,0,0,0,0
20080,4,26,5.4,104,31.5,1.46809,15.5308,0,0,0,0,0,0,0,0,0,0,0, 0,0,0,0,0,0,0,0,0,0
20080,5,157,-51.6,76,32,-8.93411,7.08108,0,0,0,0,0,0,0,0,0,0,0, 0,0,0,0,0,0,0,0,0,0
20080,6,113,-42.9,80,32,-8.16865,8.79051,0,0,0,0,0,0,0,0,0,0,0, 0,0,0,0,0,0,0,0,0,0
20080,7,15,48.8,400,51.75,45.1449,39.5214,0,0,0,0,0,0,0,0,0,0,0, 0,0,0,0,0,0,0,0,0,0
20080,8,98,-40.5,84,32,-8.18305,9.58112,0,0,0,0,0,0,0,0,0,0,0, 0,0,0,0,0,0,0,0,0,0
20080,9,139,-59.4,60,32,-7.74668,4.58137,0,0,0,0,0,0,0,0,0,0,0, 0,0,0,0,0,0,0,0,0,0
20120,0,246,-57.4,64,32,-8.08754,5.1722,0,0,0,0,0,0,0,0,0,0,0, 0,0,0,0,0,1,0,0,0,0
20120,1,290,-56.5,68,32,-8.50564,5.62976,0,0,0,0,0,0,0,0,0,0,0, 0,0,0,0,0,1,0,0,0,0
20120,2,243,-56.5,72,32,-9.00597,5.96092,0,0,0,0,0,0,0,0,0,0,0, 0,0,0,0,0,1,0,0,0,0
20120,3,50,6.1,104,31.5,1.65772,15.5117,0,0,0,0,0,0,0,0,0,0,0, 0,0,0,0,0,1,0,0,0,0
20120,4,161,-49.8,76,32,-8.70727,7.35822,0,0,0,0,0,0,0,0,0,0,0, 0,0,0,0,0,1,0,0,0,0
20120,5,122,-42.9,80,32,-8.16865,8.79051,0,0,0,0,0,0,0,0,0,0,0, 0,0,0,0,0,1,0,0,0,0
20120,6,101,-39.9,84,32,-8.08227,9.66628,0,0,0,0,0,0,0,0,0,0,0, 0,0,0,0,0,1,0,0,0,0
20120,7,137,-58.4,60,32,-7.66554,4.71587,0,0,0,0,0,0,0,0,0,0,0, 0,0,0,0,0,1,0,0,0,0
20160,0,247,-57.4,64,32,-8.08754,5.1722,0,0,0,0,0,0,0,0,0,0,0, 0,0,0,0,0,2,0,0,0,0
20160,1,291,-56.5,68,32,-8.50564,5.62976,0,0,0,0,0,0,0,0,0,0,0, 0,0,0,0,0,2,0,0,0,0
20160,2,43,75.1,8,33,1.15965,0.308559,0,0,0,0,0,0,0,0,0,0,0, 0,0,0,0,0,2,0,0,0,0
20160,3,242,-56.5,72,32,-9.00597,5.96092,0,0,0,0,0,0,0,0,0,0,0, 0,0,0,0,0,2,0,0,0,0
20160,4,157,-51.6,76,32,-8.93411,7.08108,0,0,0,0,0,0,0,0,0,0,0, 0,0,0,0,0,2,0,0,0,0
20160,5,111,-45,80,32,-8.48528,8.48528,0,0,0,0,0,0,0,0,0,0,0, 0,0,0,0,0,2,0,0,0,0
20160,6,82,-45,84,32,-8.90955,8.90955,0,0,0,0,0,0,0,0,0,0,0, 0,0,0,0,0,2,0,0,0,0
20160,7,142,-60.3,60,32,-7.81768,4.45913,0,0,0,0,0,0,0,0,0,0,0, 0,0,0,0,0,2,0,0,0,0
20200,0,244,-57.4,64,32,-8.08754,5.1722,0,0,0,0,0,0,0,0,0,0,0, 0,0,0,0,0,3,0,0,0,0
20200,1,290,-56.5,68,32,-8.50564,5.62976,0,0,0,0,0,0,0,0,0,0,0, 0,0,0,0,0,3,0,0,0,0
20200,2,242,-54.4,72,32,-8.78149,6.28693,0,0,0,0,0,0,0,0,0,0,0, 0,0,0,0,0,3,0,0,0,0
20200,3,161,-48,76,32,-8.47185,7.62809,0,0,0,0,0,0,0,0,0,0,0, 0,0,0,0,0,3,0,0,0,0
20200,4,114,-44.2,80,32,-8.36598,8.60293,0,0,0,0,0,0,0,0,0,0,0, 0,0,0,0,0,3,0,0,0,0
20200,5,88,-42.3,84,32,-8.47996,9.31935,0,0,0,0,0,0,0,0,0,0,0, 0,0,0,0,0,3,0,0,0,0
20200,6,140,-57.4,60,32,-7.58207,4.84894,0,0,0,0,0,0,0,0,0,0,0, 0,0,0,0,0,3,0,0,0,0
20240,0,245,-57.4,64,32,-8.08754,5.1722,0,0,0,0,0,0,0,0,0,0,0, 0,0,0,0,0,4,0,0,0,0
20240,1,289,-56.5,68,32,-8.50564,5.62976,0,0,0,0,0,0,0,0,0,0,0, 0,0,0,0,0,4,0,0,0,0
20240,2,241,-55.4,72,32,-8.88987,6.13271,0,0,0,0,0,0,0,0,0,0,0, 0,0,0,0,0,4,0,0,0,0
20240,3,155,-51.6,76,32,-8.93411,7.08108,0,0,0,0,0,0,0,0,0,0,0, 0,0,0,0,0,4,0,0,0,0
20240,4,109,-45,80,32,-8.48528,8.48528,0,0,0,0,0,0,0,0,0,0,0, 0,0,0,0,0,4,0,0,0,0
20240,5,17,7.2,120,31.75,2.256,17.8581,0,0,0,0,0,0,0,0,0,0,0, 0,0,0,0,0,4,0,0,0,0
20240,6,138,-58.4,60,32,-7.66554,4.71587,0,0,0,0,0,0,0,0,0,0,0, 0,0,0,0,0,4,0,0,0,0
20240,7,25,4.8,92,31.75,1.15475,13.7516,0,0,0,0,0,0,0,0,0,0,0, 0,0,0,0,0,4,0,0,0,0
20280,0,246,-57.4,64,32,-8.08754,5.1722,0,0,0,0,0,0,0,0,0,0,0, 0,0,0,0,0,5,0,0,0,0
20280,1,289,-56.5,68,32,-8.50564,5.62976,0,0,0,0,0,0,0,0,0,0,0, 0,0,0,0,0,5,0,0,0,0
20280,2,243,-55.4,72,32,-8.88987,6.13271,0,0,0,0,0,0,0,0,0,0,0, 0,0,0,0,0,5,0,0,0,0
20280,3,159,-49.8,76,32,-8.70727,7.35822,0,0,0,0,0,0,0,0,0,0,0, 0,0,0,0,0,5,0,0,0,0
20280,4,113,-46.7,80,32,-8.73327,8.22982,0,0,0,0,0,0,0,0,0,0,0, 0,0,0,0,0,5,0,0,0,0
20280,5,85,-54.4,84,32,-10.2451,7.33475,0,0,0,0,0,0,0,0,0,0,0, 0,0,0,0,0,5,0,0,0,0
20280,6,38,2.4,120,31.5,0.753762,17.9842,0,0,0,0,0,0,0,0,0,0,0, 0,0,0,0,0,5,0,0,0,0
20280,7,138,-58.4,60,32,-7.66554,4.71587,0,0,0,0,0,0,0,0,0,0,0, 0,0,0,0,0,5,0,0,0,0
20320,0,245,-57.4,64,32,-8.08754,5.1722,0,0,0,0,0,0,0,0,0,0,0, 0,0,0,0,0,6,0,0,0,0
20320,1,290,-56.5,68,32,-8.50564,5.62976,0,0,0,0,0,0,0,0,0,0,0, 0,0,0,0,0,6,0,0,0,0
20320,2,242,-55.4,72,32,-8.88987,6.13271,0,0,0,0,0,0,0,0,0,0,0, 0,0,0,0,0,6,0,0,0,0
20320,3,157,-49.8,76,32,-8.70727,7.35822,0,0,0,0,0,0,0,0,0,0,0, 0,0,0,0,0,6,0,0,0,0
20320,4,109,-45,80,32,-8.48528,8.48528,0,0,0,0,0,0,0,0,0,0,0, 0,0,0,0,0,6,0,0,0,0
20320,5,80,-46.7,84,32,-9.16994,8.64131,0,0,0,0,0,0,0,0,0,0,0, 0,0,0,0,0,6,0,0,0,0
20320,6,140,-59.4,60,32,-7.74668,4.58137,0,0,0,0,0,0,0,0,0,0,0, 0,0,0,0,0,6,0,0,0,0
20320,7,27,-1.2,92,30.75,-0.289005,13.797,0,0,0,0,0,0,0,0,0,0,0, 0,0,0,0,0,6,0,0,0,0
20320,8,58,-2.4,92,31.75,-0.577884,13.7879,0,0,0,0,0,0,0,0,0,0,0, 0,0,0,0,0,6,0,0,0,0
20360,0,244,-57.4,64,32,-8.08754,5.1722,0,0,0,0,0,0,0,0,0,0,0, 0,0,0,0,0,7,0,0,0,0
20360,1,19,1.8,96,33,0.452315,14.3929,0,0,0,0,0,0,0,0,0,0,0, 0,0,0,0,0,7,0,0,0,0
20360,2,290,-56.5,68,32,-8.50564,5.62976,0,0,0,0,0,0,0,0,0,0,0, 0,0,0,0,0,7,0,0,0,0
20360,3,40,1.8,100,31.75,0.471161,14.9926,0,0,0,0,0,0,0,0,0,0,0, 0,0,0,0,0,7,0,0,0,0
20360,4,37,72.4,8,33,1.14383,0.362844,0,0,0,0,0,0,0,0,0,0,0, 0,0,0,0,0,7,0,0,0,0
20360,5,241,-55.4,72,32,-8.88987,6.13271,0,0,0,0,0,0,0,0,0,0,0, 0,0,0,0,0,7,0,0,0,0
20360,6,156,-53.4,76,32,-9.15212,6.79696,0,0,0,0,0,0,0,0,0,0,0, 0,0,0,0,0,7,0,0,0,0
20360,7,104,-49.8,80,32,-9.16555,7.74549,0,0,0,0,0,0,0,0,0,0,0, 0,0,0,0,0,7,0,0,0,0
20360,8,140,-58.4,60,32,-7.66554,4.71587,0,0,0,0,0,0,0,0,0,0,0, 0,0,0,0,0,7,0,0,0,0
20360,9,33,-2.4,92,31.75,-0.577884,13.7879,0,0,0,0,0,0,0,0,0,0,0, 0,0,0,0,0,7,0,0,0,0
20400,0,245,-57.4,64,32,-8.08754,5.1722,0,0,0,0,0,0,0,0,0,0,0, 0,0,0,0,0,8,0,0,0,0
20400,1,289,-56.5,68,32,-8.50564,5.62976,0,0,0,0,0,0,0,0,0,0,0, 0,0,0,0,0,8,0,0,0,0
20400,2,240,-56.5,72,32,-9.00597,5.96092,0,0,0,0,0,0,0,0,0,0,0, 0,0,0,0,0,8,0,0,0,0
20400,3,151,-55.4,76,32,-9.38375,6.47342,0,0,0,0,0,0,0,0,0,0,0, 0,0,0,0,0,8,0,0,0,0
20400,4,97,-54.4,80,32,-9.75721,6.98548,0,0,0,0,0,0,0,0,0,0,0, 0,0,0,0,0,8,0,0,0,0
20400,5,139,-58.4,60,32,-7.66554,4.71587,0,0,0,0,0,0,0,0,0,0,0, 0,0,0,0,0,8,0,0,0,0
20440,0,244,-58.4,64,32,-8.17658,5.03026,0,1334,0,0,0,0,0,0,0,0,0, 0,0,0,0,0,9,0,0,0,0
20440,1,288,-56.5,68,32,-8.50564,5.62976,0,1334,0,0,0,0,0,0,0,0,0, 0,0,0,0,0,9,0,0,0,0
20440,2,242,-55.4,72,32,-8.88987,6.13271,0,1334,0,0,0,0,0,0,0,0,0, 0,0,0,0,0,9,0,0,0,0
20440,3,154,-54.4,76,32,-9.26935,6.6362,0,1334,0,0,0,0,0,0,0,0,0, 0,0,0,0,0,9,0,0,0,0
20440,4,100,-54.4,80,32,-9.75721,6.98548,0,1334,0,0,0,0,0,0,0,0,0, 0,0,0,0,0,9,0,0,0,0
20440,5,139,-59.4,60,32,-7.74668,4.58137,0,1334,0,0,0,0,0,0,0,0,0, 0,0,0,0,0,9,0,0,0,0
20480,0,244,-57.4,64,32,-8.08754,5.1722,0,0,0,0,0,0,0,0,0,0,0, 0,0,0,0,0,10,0,0,0,0
20480,1,289,-56.5,68,32,-8.50564,5.62976,0,0,0,0,0,0,0,0,0,0,0, 0,0,0,0,0,10,0,0,0,0
20480,2,240,-55.4,72,32,-8.88987,6.13271,0,0,0,0,0,0,0,0,0,0,0, 0,0,0,0,0,10,0,0,0,0
20480,3,151,-53.4,76,32,-9.15212,6.79696,0,0,0,0,0,0,0,0,0,0,0, 0,0,0,0,0,10,0,0,0,0
20480,4,101,-46.7,80,32,-8.73327,8.22982,0,0,0,0,0,0,0,0,0,0,0, 0,0,0,0,0,10,0,0,0,0
20480,5,140,-58.4,60,32,-7.66554,4.71587,0,0,0,0,0,0,0,0,0,0,0, 0,0,0,0,0,10,0,0,0,0
20520,0,246,-56.5,64,32,-8.0053,5.2986,0,7936,0,0,0,0,0,0,0,0,0, 0,0,0,0,0,11,0,0,0,0
20520,1,292,-55.4,68,32,-8.39599,5.79201,0,7936,0,0,0,0,0,0,0,0,0, 0,0,0,0,0,11,0,0,0,0
20520,2,63,-1.2,100,31.75,-0.314136,14.9967,0,7936,0,0,0,0,0,0,0,0,0, 0,0,0,0,0,11,0,0,0,0
20520,3,48,1.3,100,33,0.34031,14.9961,0,7936,0,0,0,0,0,0,0,0,0, 0,0,0,0,0,11,0,0,0,0
20520,4,244,-55.4,72,32,-8.88987,6.13271,0,7936,0,0,0,0,0,0,0,0,0, 0,0,0,0,0,11,0,0,0,0
20520,5,156,-53.4,76,32,-9.15212,6.79696,0,7936,0,0,0,0,0,0,0,0,0, 0,0,0,0,0,11,0,0,0,0
20520,6,102,-54.4,80,32,-9.75721,6.98548,0,7936,0,0,0,0,0,0,0,0,0, 0,0,0,0,0,11,0,0,0,0
20520,7,140,-57.4,60,32,-7.58207,4.84894,0,7936,0,0,0,0,0,0,0,0,0, 0,0,0,0,0,11,0,0,0,0
20560,0,246,-57.4,64,32,-8.08754,5.1722,0,1140,0,0,0,0,0,0,0,0,0, 0,0,0,0,0,12,0,0,0,0
20560,1,33,6.6,96,31.75,1.65509,14.3046,0,1140,0,0,0,0,0,0,0,0,0, 0,0,0,0,0,12,0,0,0,0
20560,2,290,-56.5,68,32,-8.50564,5.62976,0,1140,0,0,0,0,0,0,0,0,0, 0,0,0,0,0,12,0,0,0,0
20560,3,244,-55.4,72,32,-8.88987,6.13271,0,1140,0,0,0,0,0,0,0,0,0, 0,0,0,0,0,12,0,0,0,0
20560,4,152,-53.4,76,32,-9.15212,6.79696,0,1140,0,0,0,0,0,0,0,0,0, 0,0,0,0,0,12,0,0,0,0
20560,5,98,-49.8,80,32,-9.16555,7.74549,0,1140,0,0,0,0,0,0,0,0,0, 0,0,0,0,0,12,0,0,0,0
20560,6,138,-57.4,60,32,-7.58207,4.84894,0,1140,0,0,0,0,0,0,0,0,0, 0,0,0,0,0,12,0,0,0,0
20560,7,39,1.8,92,31.75,0.433468,13.7932,0,1140,0,0,0,0,0,0,0,0,0, 0,0,0,0,0,12,0,0,0,0
20600,0,247,-55.4,64,32,-7.90211,5.4513,0,86,0,0,0,0,0,0,0,0,0, 0,0,0,0,0,13,0,0,0,0
20600,1,293,-55.4,68,32,-8.39599,5.79201,0,86,0,0,0,0,0,0,0,0,0, 0,0,0,0,0,13,0,0,0,0
20600,2,243,-55.4,72,32,-8.88987,6.13271,0,86,0,0,0,0,0,0,0,0,0, 0,0,0,0,0,13,0,0,0,0
20600,3,155,-54.4,76,32,-9.26935,6.6362,0,86,0,0,0,0,0,0,0,0,0, 0,0,0,0,0,13,0,0,0,0
20600,4,104,-53.4,80,32,-9.63381,7.1547,0,86,0,0,0,0,0,0,0,0,0, 0,0,0,0,0,13,0,0,0,0
20600,5,135,-56.5,60,32,-7.50497,4.96743,0,86,0,0,0,0,0,0,0,0,0, 0,0,0,0,0,13,0,0,0,0
20640,0,242,-56.5,64,32,-8.0053,5.2986,0,0,0,0,0,0,0,0,0,0,0, 0,0,0,0,0,14,0,0,0,0
20640,1,290,-55.4,68,32,-8.39599,5.79201,0,0,0,0,0,0,0,0,0,0,0, 0,0,0,0,0,14,0,0,0,0
20640,2,241,-55.4,72,32,-8.88987,6.13271,0,0,0,0,0,0,0,0,0,0,0, 0,0,0,0,0,14,0,0,0,0
20640,3,152,-53.4,76,32,-9.15212,6.79696,0,0,0,0,0,0,0,0,0,0,0, 0,0,0,0,0,14,0,0,0,0
20640,4,100,-48,80,32,-8.91774,8.02957,0,0,0,0,0,0,0,0,0,0,0, 0,0,0,0,0,14,0,0,0,0
20640,5,138,-57.4,60,32,-7.58207,4.84894,0,0,0,0,0,0,0,0,0,0,0, 0,0,0,0,0,14,0,0,0,0
20640,6,41,-3.6,92,31.75,-0.866509,13.7728,0,0,0,0,0,0,0,0,0,0,0, 0,0,0,0,0,14,0,0,0,0
20640,7,33,-2.4,92,33,-0.577884,13.7879,0,0,0,0,0,0,0,0,0,0,0, 0,0,0,0,0,14,0,0,0,0
20680,0,244,-56.5,64,32,-8.0053,5.2986,0,0,0,0,0,0,0,0,0,0,0, 0,0,0,0,0,15,0,0,0,0
20680,1,288,-55.4,68,32,-8.39599,5.79201,0,0,0,0,0,0,0,0,0,0,0, 0,0,0,0,0,15,0,0,0,0
20680,2,241,-55.4,72,32,-8.88987,6.13271,0,0,0,0,0,0,0,0,0,0,0, 0,0,0,0,0,15,0,0,0,0
20680,3,154,-53.4,76,32,-9.15212,6.79696,0,0,0,0,0,0,0,0,0,0,0, 0,0,0,0,0,15,0,0,0,0
20680,4,101,-53.4,80,32,-9.63381,7.1547,0,0,0,0,0,0,0,0,0,0,0, 0,0,0,0,0,15,0,0,0,0
20680,5,140,-56.5,60,32,-7.50497,4.96743,0,0,0,0,0,0,0,0,0,0,0, 0,0,0,0,0,15,0,0,0,0
20720,0,245,-56.5,64,32,-8.0053,5.2986,0,0,0,0,0,0,0,0,0,0,0, 0,0,0,0,0,0,0,0,0,0
20720,1,292,-55.4,68,32,-8.39599,5.79201,0,0,0,0,0,0,0,0,0,0,0, 0,0,0,0,0,0,0,0,0,0
20720,2,49,6.1,100,33,1.59396,14.9151,0,0,0,0,0,0,0,0,0,0,0, 0,0,0,0,0,0,0,0,0,0
20720,3,242,-55.4,72,32,-8.88987,6.13271,0,0,0,0,0,0,0,0,0,0,0, 0,0,0,0,0,0,0,0,0,0
20720,4,37,6.1,104,33,1.65772,15.5117,0,0,0,0,0,0,0,0,0,0,0, 0,0,0,0,0,0,0,0,0,0
20720,5,150,-54.4,76,32,-9.26935,6.6362,0,0,0,0,0,0,0,0,0,0,0, 0,0,0,0,0,0,0,0,0,0
20720,6,96,-51.6,80,32,-9.40432,7.45377,0,0,0,0,0,0,0,0,0,0,0, 0,0,0,0,0,0,0,0,0,0
20720,7,139,-58.4,60,32,-7.66554,4.71587,0,0,0,0,0,0,0,0,0,0,0, 0,0,0,0,0,0,0,0,0,0
20720,8,37,4.2,92,33,1.01069,13.7629,0,0,0,0,0,0,0,0,0,0,0, 0,0,0,0,0,0,0,0,0,0
20760,0,244,-57.4,64,32,-8.08754,5.1722,0,0,0,0,0,0,0,0,0,0,0, 0,0,0,0,0,1,0,0,0,0
20760,1,23,7.2,96,31.75,1.8048,14.2865,0,0,0,0,0,0,0,0,0,0,0, 0,0,0,0,0,1,0,0,0,0
20760,2,33,8.3,96,33,2.07873,14.2492,0,0,0,0,0,0,0,0,0,0,0, 0,0,0,0,0,1,0,0,0,0
20760,3,290,-56.5,68,32,-8.50564,5.62976,0,0,0,0,0,0,0,0,0,0,0, 0,0,0,0,0,1,0,0,0,0
20760,4,241,-55.4,72,32,-8.88987,6.13271,0,0,0,0,0,0,0,0,0,0,0, 0,0,0,0,0,1,0,0,0,0
20760,5,152,-53.4,76,32,-9.15212,6.79696,0,0,0,0,0,0,0,0,0,0,0, 0,0,0,0,0,1,0,0,0,0
20760,6,97,-53.4,80,32,-9.63381,7.1547,0,0,0,0,0,0,0,0,0,0,0, 0,0,0,0,0,1,0,0,0,0
20760,7,140,-57.4,60,32,-7.58207,4.84894,0,0,0,0,0,0,0,0,0,0,0, 0,0,0,0,0,1,0,0,0,0
20760,8,69,6.1,92,33,1.46644,13.7219,0,0,0,0,0,0,0,0,0,0,0, 0,0,0,0,0,1,0,0,0,0
20800,0,246,-57.4,64,32,-8.08754,5.1722,0,0,0,0,0,0,0,0,0,0,0, 0,0,0,0,0,2,0,0,0,0
20800,1,21,0.6,96,30.5,0.150794,14.3992,0,0,0,0,0,0,0,0,0,0,0, 0,0,0,0,0,2,0,0,0,0
20800,2,64,5.4,96,33,1.35516,14.3361,0,0,0,0,0,0,0,0,0,0,0, 0,0,0,0,0,2,0,0,0,0
20800,3,290,-56.5,68,32,-8.50564,5.62976,0,0,0,0,0,0,0,0,0,0,0, 0,0,0,0,0,2,0,0,0,0
20800,4,241,-56.5,72,32,-9.00597,5.96092,0,0,0,0,0,0,0,0,0,0,0, 0,0,0,0,0,2,0,0,0,0
20800,5,149,-55.4,76,32,-9.38375,6.47342,0,0,0,0,0,0,0,0,0,0,0, 0,0,0,0,0,2,0,0,0,0
20800,6,94,-56.5,80,32,-10.0066,6.62324,0,0,0,0,0,0,0,0,0,0,0, 0,0,0,0,0,2,0,0,0,0
20800,7,139,-58.4,60,32,-7.66554,4.71587,0,0,0,0,0,0,0,0,0,0,0, 0,0,0,0,0,2,0,0,0,0
20840,0,245,-56.5,64,32,-8.0053,5.2986,0,0,0,0,0,0,0,0,0,0,0, 0,0,0,0,0,3,0,0,0,0
20840,1,291,-56.5,68,32,-8.50564,5.62976,0,0,0,0,0,0,0,0,0,0,0, 0,0,0,0,0,3,0,0,0,0
20840,2,22,-0.6,100,33,-0.157077,14.9992,0,0,0,0,0,0,0,0,0,0,0, 0,0,0,0,0,3,0,0,0,0
20840,3,243,-55.4,72,32,-8.88987,6.13271,0,0,0,0,0,0,0,0,0,0,0, 0,0,0,0,0,3,0,0,0,0
20840,4,155,-53.4,76,32,-9.15212,6.79696,0,0,0,0,0,0,0,0,0,0,0, 0,0,0,0,0,3,0,0,0,0
20840,5,100,-55.4,80,32,-9.87764,6.81413,0,0,0,0,0,0,0,0,0,0,0, 0,0,0,0,0,3,0,0,0,0
20840,6,139,-59.4,60,32,-7.74668,4.58137,0,0,0,0,0,0,0,0,0,0,0, 0,0,0,0,0,3,0,0,0,0
20880,0,244,-57.4,64,32,-8.08754,5.1722,0,0,0,0,0,0,0,0,0,0,0, 0,0,0,0,0,4,0,0,0,0
20880,1,290,-56.5,68,32,-8.50564,5.62976,0,0,0,0,0,0,0,0,0,0,0, 0,0,0,0,0,4,0,0,0,0
20880,2,241,-55.4,72,32,-8.88987,6.13271,0,0,0,0,0,0,0,0,0,0,0, 0,0,0,0,0,4,0,0,0,0
20880,3,153,-55.4,76,32,-9.38375,6.47342,0,0,0,0,0,0,0,0,0,0,0, 0,0,0,0,0,4,0,0,0,0
20880,4,100,-55.4,80,32,-9.87764,6.81413,0,0,0,0,0,0,0,0,0,0,0, 0,0,0,0,0,4,0,0,0,0
20880,5,139,-57.4,60,32,-7.58207,4.84894,0,0,0,0,0,0,0,0,0,0,0, 0,0,0,0,0,4,0,0,0,0
20920,0,244,-58.4,64,32,-8.17658,5.03026,0,0,0,0,0,0,0,0,0,0,0, 0,0,0,0,0,5,0,0,0,0
20920,1,288,-57.4,68,32,-8.59301,5.49546,0,0,0,0,0,0,0,0,0,0,0, 0,0,0,0,0,5,0,0,0,0
20920,2,238,-56.5,72,32,-9.00597,5.96092,0,0,0,0,0,0,0,0,0,0,0, 0,0,0,0,0,5,0,0,0,0
20920,3,26,8.3,104,33.25,2.25196,15.4366,0,0,0,0,0,0,0,0,0,0,0, 0,0,0,0,0,5,0,0,0,0
20920,4,150,-53.4,76,32,-9.15212,6.79696,0,0,0,0,0,0,0,0,0,0,0, 0,0,0,0,0,5,0,0,0,0
20920,5,104,-45.9,80,32,-8.61752,8.35095,0,0,0,0,0,0,0,0,0,0,0, 0,0,0,0,0,5,0,0,0,0
20920,6,83,-44.2,84,32,-8.78428,9.03307,0,0,0,0,0,0,0,0,0,0,0, 0,0,0,0,0,5,0,0,0,0
20920,7,138,-58.4,60,32,-7.66554,4.71587,0,0,0,0,0,0,0,0,0,0,0, 0,0,0,0,0,5,0,0,0,0
20960,0,244,-57.4,64,32,-8.08754,5.1722,0,0,0,0,0,0,0,0,0,0,0, 0,0,0,0,0,6,0,0,0,0
20960,1,49,2.4,96,31.75,0.603009,14.3874,0,0,0,0,0,0,0,0,0,0,0, 0,0,0,0,0,6,0,0,0,0
20960,2,287,-56.5,68,32,-8.50564,5.62976,0,0,0,0,0,0,0,0,0,0,0, 0,0,0,0,0,6,0,0,0,0
20960,3,39,3.1,100,32.75,0.811182,14.978,0,0,0,0,0,0,0,0,0,0,0, 0,0,0,0,0,6,0,0,0,0
20960,4,41,3.1,100,33,0.811182,14.978,0,0,0,0,0,0,0,0,0,0,0, 0,0,0,0,0,6,0,0,0,0
20960,5,239,-55.4,72,32,-8.88987,6.13271,0,0,0,0,0,0,0,0,0,0,0, 0,0,0,0,0,6,0,0,0,0
20960,6,155,-53.4,76,32,-9.15212,6.79696,0,0,0,0,0,0,0,0,0,0,0, 0,0,0,0,0,6,0,0,0,0
20960,7,108,-45.9,80,32,-8.61752,8.35095,0,0,0,0,0,0,0,0,0,0,0, 0,0,0,0,0,6,0,0,0,0
20960,8,82,-48,84,32,-9.36363,8.43105,0,0,0,0,0,0,0,0,0,0,0, 0,0,0,0,0,6,0,0,0,0
20960,9,139,-58.4,60,32,-7.66554,4.71587,0,0,0,0,0,0,0,0,0,0,0, 0,0,0,0,0,6,0,0,0,0
21000,0,245,-57.4,64,32,-8.08754,5.1722,0,0,0,0,0,0,0,0,0,0,0, 0,0,0,0,0,7,0,0,0,0
21000,1,289,-56.5,68,32,-8.50564,5.62976,0,0,0,0,0,0,0,0,0,0,0, 0,0,0,0,0,7,0,0,0,0
21000,2,48,67.6,8,33,1.10946,0.457284,0,0,0,0,0,0,0,0,0,0,0, 0,0,0,0,0,7,0,0,0,0
21000,3,239,-55.4,72,32,-8.88987,6.13271,0,0,0,0,0,0,0,0,0,0,0, 0,0,0,0,0,7,0,0,0,0
21000,4,29,1.8,104,31.75,0.490008,15.5923,0,0,0,0,0,0,0,0,0,0,0, 0,0,0,0,0,7,0,0,0,0
21000,5,151,-53.4,76,32,-9.15212,6.79696,0,0,0,0,0,0,0,0,0,0,0, 0,0,0,0,0,7,0,0,0,0
21000,6,102,-51.6,80,32,-9.40432,7.45377,0,0,0,0,0,0,0,0,0,0,0, 0,0,0,0,0,7,0,0,0,0
21000,7,140,-58.4,60,32,-7.66554,4.71587,0,0,0,0,0,0,0,0,0,0,0, 0,0,0,0,0,7,0,0,0,0
21000,8,26,6.1,92,31.75,1.46644,13.7219,0,0,0,0,0,0,0,0,0,0,0, 0,0,0,0,0,7,0,0,0,0
21000,9,45,6.1,92,33,1.46644,13.7219,0,0,0,0,0,0,0,0,0,0,0, 0,0,0,0,0,7,0,0,0,0
21040,0,246,-56.5,64,32,-8.0053,5.2986,0,0,0,0,0,0,0,0,0,0,0, 0,0,0,0,0,8,0,0,0,0
21040,1,293,-55.4,68,32,-8.39599,5.79201,0,0,0,0,0,0,0,0,0,0,0, 0,0,0,0,0,8,0,0,0,0
21040,2,38,75.1,8,33,1.15965,0.308559,0,0,0,0,0,0,0,0,0,0,0, 0,0,0,0,0,8,0,0,0,0
21040,3,244,-55.4,72,32,-8.88987,6.13271,0,0,0,0,0,0,0,0,0,0,0, 0,0,0,0,0,8,0,0,0,0
21040,4,158,-53.4,76,32,-9.15212,6.79696,0,0,0,0,0,0,0,0,0,0,0, 0,0,0,0,0,8,0,0,0,0
21040,5,104,-54.4,80,32,-9.75721,6.98548,0,0,0,0,0,0,0,0,0,0,0, 0,0,0,0,0,8,0,0,0,0
21040,6,140,-57.4,60,32,-7.58207,4.84894,0,0,0,0,0,0,0,0,0,0,0, 0,0,0,0,0,8,0,0,0,0
21040,7,50,3.6,92,33,0.866509,13.7728,0,0,0,0,0,0,0,0,0,0,0, 0,0,0,0,0,8,0,0,0,0
21080,0,247,-57.4,64,32,-8.08754,5.1722,0,1334,0,0,0,0,0,0,0,0,0, 0,0,0,0,0,9,0,0,0,0
21080,1,289,-56.5,68,32,-8.50564,5.62976,0,1334,0,0,0,0,0,0,0,0,0, 0,0,0,0,0,9,0,0,0,0
21080,2,241,-55.4,72,32,-8.88987,6.13271,0,1334,0,0,0,0,0,0,0,0,0, 0,0,0,0,0,9,0,0,0,0
21080,3,148,-55.4,76,32,-9.38375,6.47342,0,1334,0,0,0,0,0,0,0,0,0, 0,0,0,0,0,9,0,0,0,0
21080,4,93,-56.5,80,32,-10.0066,6.62324,0,1334,0,0,0,0,0,0,0,0,0, 0,0,0,0,0,9,0,0,0,0
21080,5,140,-56.5,60,32,-7.50497,4.96743,0,1334,0,0,0,0,0,0,0,0,0, 0,0,0,0,0,9,0,0,0,0
21120,0,248,-56.5,64,32,-8.0053,5.2986,0,0,0,0,0,0,0,0,0,0,0, 0,0,0,0,0,10,0,0,0,0
21120,1,52,4.8,96,31.75,1.20496,14.3495,0,0,0,0,0,0,0,0,0,0,0, 0,0,0,0,0,10,0,0,0,0
21120,2,75,4.8,96,33,1.20496,14.3495,0,0,0,0,0,0,0,0,0,0,0, 0,0,0,0,0,10,0,0,0,0
21120,3,293,-55.4,68,32,-8.39599,5.79201,0,0,0,0,0,0,0,0,0,0,0, 0,0,0,0,0,10,0,0,0,0
21120,4,35,4.8,100,31.75,1.25517,14.9474,0,0,0,0,0,0,0,0,0,0,0, 0,0,0,0,0,10,0,0,0,0
21120,5,49,4.2,100,33,1.09857,14.9597,0,0,0,0,0,0,0,0,0,0,0, 0,0,0,0,0,10,0,0,0,0
21120,6,243,-55.4,72,32,-8.88987,6.13271,0,0,0,0,0,0,0,0,0,0,0, 0,0,0,0,0,10,0,0,0,0
21120,7,32,4.2,104,33,1.14252,15.5581,0,0,0,0,0,0,0,0,0,0,0, 0,0,0,0,0,10,0,0,0,0
21120,8,153,-55.4,76,32,-9.38375,6.47342,0,0,0,0,0,0,0,0,0,0,0, 0,0,0,0,0,10,0,0,0,0
21120,9,40,4.2,108,31.5,1.18646,16.1565,0,0,0,0,0,0,0,0,0,0,0, 0,0,0,0,0,10,0,0,0,0
21120,10,98,-58.4,80,32,-10.2207,6.28783,0,0,0,0,0,0,0,0,0,0,0, 0,0,0,0,0,10,0,0,0,0
21120,11,29,2.4,88,31.5,0.552759,13.1884,0,0,0,0,0,0,0,0,0,0,0, 0,0,0,0,0,10,0,0,0,0
21120,12,138,-56.5,60,32,-7.50497,4.96743,0,0,0,0,0,0,0,0,0,0,0, 0,0,0,0,0,10,0,0,0,0
21120,13,40,-0.6,92,31.75,-0.144511,13.7992,0,0,0,0,0,0,0,0,0,0,0, 0,0,0,0,0,10,0,0,0,0
21120,14,36,1.3,92,33,0.313085,13.7964,0,0,0,0,0,0,0,0,0,0,0, 0,0,0,0,0,10,0,0,0,0
21160,0,246,-57.4,64,32,-8.08754,5.1722,0,7936,0,0,0,0,0,0,0,0,0, 0,0,0,0,0,11,0,0,0,0
21160,1,291,-56.5,68,32,-8.50564,5.62976,0,7936,0,0,0,0,0,0,0,0,0, 0,0,0,0,0,11,0,0,0,0
21160,2,240,-56.5,72,32,-9.00597,5.96092,0,7936,0,0,0,0,0,0,0,0,0, 0,0,0,0,0,11,0,0,0,0
21160,3,148,-55.4,76,32,-9.38375,6.47342,0,7936,0,0,0,0,0,0,0,0,0, 0,0,0,0,0,11,0,0,0,0
21160,4,31,4.2,108,31.75,1.18646,16.1565,0,7936,0,0,0,0,0,0,0,0,0, 0,0,0,0,0,11,0,0,0,0
21160,5,96,-56.5,80,32,-10.0066,6.62324,0,7936,0,0,0,0,0,0,0,0,0, 0,0,0,0,0,11,0,0,0,0
21160,6,31,6.6,88,31.75,1.51717,13.1125,0,7936,0,0,0,0,0,0,0,0,0, 0,0,0,0,0,11,0,0,0,0
21160,7,137,-57.4,60,32,-7.58207,4.84894,0,7936,0,0,0,0,0,0,0,0,0, 0,0,0,0,0,11,0,0,0,0
21160,8,35,3.1,92,31.75,0.746288,13.7798,0,7936,0,0,0,0,0,0,0,0,0, 0,0,0,0,0,11,0,0,0,0
21160,9,36,1.8,92,33,0.433468,13.7932,0,7936,0,0,0,0,0,0,0,0,0, 0,0,0,0,0,11,0,0,0,0
21200,0,245,-57.4,64,32,-8.08754,5.1722,0,1140,0,0,0,0,0,0,0,0,0, 0,0,0,0,0,12,0,0,0,0
21200,1,43,4.2,96,33,1.05463,14.3613,0,1140,0,0,0,0,0,0,0,0,0, 0,0,0,0,0,12,0,0,0,0
21200,2,287,-56.5,68,32,-8.50564,5.62976,0,1140,0,0,0,0,0,0,0,0,0, 0,0,0,0,0,12,0,0,0,0
21200,3,29,1.3,100,33,0.34031,14.9961,0,1140,0,0,0,0,0,0,0,0,0, 0,0,0,0,0,12,0,0,0,0
21200,4,239,-55.4,72,32,-8.88987,6.13271,0,1140,0,0,0,0,0,0,0,0,0, 0,0,0,0,0,12,0,0,0,0
21200,5,152,-53.4,76,32,-9.15212,6.79696,0,1140,0,0,0,0,0,0,0,0,0, 0,0,0,0,0,12,0,0,0,0
21200,6,102,-53.4,80,32,-9.63381,7.1547,0,1140,0,0,0,0,0,0,0,0,0, 0,0,0,0,0,12,0,0,0,0
21200,7,81,-54.4,84,32,-10.2451,7.33475,0,1140,0,0,0,0,0,0,0,0,0, 0,0,0,0,0,12,0,0,0,0
21200,8,36,3.6,88,31.75,0.828835,13.174,0,1140,0,0,0,0,0,0,0,0,0, 0,0,0,0,0,12,0,0,0,0
21200,9,41,4.8,88,33,1.10455,13.1537,0,1140,0,0,0,0,0,0,0,0,0, 0,0,0,0,0,12,0,0,0,0
21200,10,136,-56.5,60,32,-7.50497,4.96743,0,1140,0,0,0,0,0,0,0,0,0, 0,0,0,0,0,12,0,0,0,0
21200,11,55,1.3,92,31.75,0.313085,13.7964,0,1140,0,0,0,0,0,0,0,0,0, 0,0,0,0,0,12,0,0,0,0
21200,12,48,0.1,92,33,0.0240855,13.8,0,1140,0,0,0,0,0,0,0,0,0, 0,0,0,0,0,12,0,0,0,0
21240,0,244,-57.4,64,32,-8.08754,5.1722,0,86,0,0,0,0,0,0,0,0,0, 0,0,0,0,0,13,0,0,0,0
21240,1,30,3.6,96,33,0.904183,14.3716,0,86,0,0,0,0,0,0,0,0,0, 0,0,0,0,0,13,0,0,0,0
21240,2,288,-57.4,68,32,-8.59301,5.49546,0,86,0,0,0,0,0,0,0,0,0, 0,0,0,0,0,13,0,0,0,0
21240,3,34,4.2,100,31.75,1.09857,14.9597,0,86,0,0,0,0,0,0,0,0,0, 0,0,0,0,0,13,0,0,0,0
21240,4,240,-56.5,72,32,-9.00597,5.96092,0,86,0,0,0,0,0,0,0,0,0, 0,0,0,0,0,13,0,0,0,0
21240,5,150,-54.4,76,32,-9.26935,6.6362,0,86,0,0,0,0,0,0,0,0,0, 0,0,0,0,0,13,0,0,0,0
21240,6,103,-46.7,80,32,-8.73327,8.22982,0,86,0,0,0,0,0,0,0,0,0, 0,0,0,0,0,13,0,0,0,0
21240,7,87,-44.2,84,32,-8.78428,9.03307,0,86,0,0,0,0,0,0,0,0,0, 0,0,0,0,0,13,0,0,0,0
21240,8,138,-58.4,60,32,-7.66554,4.71587,0,86,0,0,0,0,0,0,0,0,0, 0,0,0,0,0,13,0,0,0,0
21240,9,32,3.6,92,31.75,0.866509,13.7728,0,86,0,0,0,0,0,0,0,0,0, 0,0,0,0,0,13,0,0,0,0
21240,10,57,4.2,92,32.75,1.01069,13.7629,0,86,0,0,0,0,0,0,0,0,0, 0,0,0,0,0,13,0,0,0,0
21240,11,57,4.2,92,33,1.01069,13.7629,0,86,0,0,0,0,0,0,0,0,0, 0,0,0,0,0,13,0,0,0,0
21280,0,245,-57.4,64,32,-8.08754,5.1722,0,0,0,0,0,0,0,0,0,0,0, 0,0,0,0,0,14,0,0,0,0
21280,1,34,4.8,96,33,1.20496,14.3495,0,0,0,0,0,0,0,0,0,0,0, 0,0,0,0,0,14,0,0,0,0
21280,2,290,-56.5,68,32,-8.50564,5.62976,0,0,0,0,0,0,0,0,0,0,0, 0,0,0,0,0,14,0,0,0,0
21280,3,242,-55.4,72,32,-8.88987,6.13271,0,0,0,0,0,0,0,0,0,0,0, 0,0,0,0,0,14,0,0,0,0
21280,4,155,-51.6,76,32,-8.93411,7.08108,0,0,0,0,0,0,0,0,0,0,0, 0,0,0,0,0,14,0,0,0,0
21280,5,112,-45.9,80,32,-8.61752,8.35095,0,0,0,0,0,0,0,0,0,0,0, 0,0,0,0,0,14,0,0,0,0
21280,6,87,-46.7,84,32,-9.16994,8.64131,0,0,0,0,0,0,0,0,0,0,0, 0,0,0,0,0,14,0,0,0,0
21280,7,139,-58.4,60,32,-7.66554,4.71587,0,0,0,0,0,0,0,0,0,0,0, 0,0,0,0,0,14,0,0,0,0
21320,0,244,-58.4,64,32,-8.17658,5.03026,0,0,0,0,0,0,0,0,0,0,0, 0,0,0,0,0,15,0,0,0,0
21320,1,287,-57.4,68,32,-8.59301,5.49546,0,0,0,0,0,0,0,0,0,0,0, 0,0,0,0,0,15,0,0,0,0
21320,2,240,-57.4,72,32,-9.09849,5.81872,0,0,0,0,0,0,0,0,0,0,0, 0,0,0,0,0,15,0,0,0,0
21320,3,151,-54.4,76,32,-9.26935,6.6362,0,0,0,0,0,0,0,0,0,0,0, 0,0,0,0,0,15,0,0,0,0
21320,4,102,-46.7,80,32,-8.73327,8.22982,0,0,0,0,0,0,0,0,0,0,0, 0,0,0,0,0,15,0,0,0,0
21320,5,84,-45,84,32,-8.90955,8.90955,0,0,0,0,0,0,0,0,0,0,0, 0,0,0,0,0,15,0,0,0,0
21320,6,26,3.6,116,31.75,1.09255,17.3657,0,0,0,0,0,0,0,0,0,0,0, 0,0,0,0,0,15,0,0,0,0
21320,7,138,-58.4,60,32,-7.66554,4.71587,0,0,0,0,0,0,0,0,0,0,0, 0,0,0,0,0,15,0,0,0,0
21320,8,37,7.2,92,33,1.7296,13.6912,0,0,0,0,0,0,0,0,0,0,0, 0,0,0,0,0,15,0,0,0,0
21360,0,246,-58.4,64,32,-8.17658,5.03026,0,0,0,0,0,0,0,0,0,0,0, 0,0,0,0,0,0,0,0,0,0
21360,1,57,4.2,96,32.75,1.05463,14.3613,0,0,0,0,0,0,0,0,0,0,0, 0,0,0,0,0,0,0,0,0,0
21360,2,55,3.6,96,33,0.904183,14.3716,0,0,0,0,0,0,0,0,0,0,0, 0,0,0,0,0,0,0,0,0,0
21360,3,289,-56.5,68,32,-8.50564,5.62976,0,0,0,0,0,0,0,0,0,0,0, 0,0,0,0,0,0,0,0,0,0
21360,4,240,-56.5,72,32,-9.00597,5.96092,0,0,0,0,0,0,0,0,0,0,0, 0,0,0,0,0,0,0,0,0,0
21360,5,153,-54.4,76,32,-9.26935,6.6362,0,0,0,0,0,0,0,0,0,0,0, 0,0,0,0,0,0,0,0,0,0
21360,6,105,-46.7,80,32,-8.73327,8.22982,0,0,0,0,0,0,0,0,0,0,0, 0,0,0,0,0,0,0,0,0,0
21360,7,84,-45.9,84,32,-9.04839,8.7685,0,0,0,0,0,0,0,0,0,0,0, 0,0,0,0,0,0,0,0,0,0
21360,8,22,7.2,88,33,1.6544,13.0959,0,0,0,0,0,0,0,0,0,0,0, 0,0,0,0,0,0,0,0,0,0
21360,9,138,-58.4,60,32,-7.66554,4.71587,0,0,0,0,0,0,0,0,0,0,0, 0,0,0,0,0,0,0,0,0,0
21400,0,243,-58.4,64,32,-8.17658,5.03026,0,0,0,0,0,0,0,0,0,0,0, 0,0,0,0,0,1,0,0,0,0
21400,1,286,-58.4,68,32,-8.68761,5.34466,0,0,0,0,0,0,0,0,0,0,0, 0,0,0,0,0,1,0,0,0,0
21400,2,236,-57.4,72,32,-9.09849,5.81872,0,0,0,0,0,0,0,0,0,0,0, 0,0,0,0,0,1,0,0,0,0
21400,3,148,-53.4,76,32,-9.15212,6.79696,0,0,0,0,0,0,0,0,0,0,0, 0,0,0,0,0,1,0,0,0,0
21400,4,103,-44.2,80,32,-8.36598,8.60293,0,0,0,0,0,0,0,0,0,0,0, 0,0,0,0,0,1,0,0,0,0
21400,5,81,-43.6,84,32,-8.68921,9.12457,0,0,0,0,0,0,0,0,0,0,0, 0,0,0,0,0,1,0,0,0,0
21400,6,26,-2.4,116,31.25,-0.728636,17.3847,0,0,0,0,0,0,0,0,0,0,0, 0,0,0,0,0,1,0,0,0,0
21400,7,137,-57.4,60,32,-7.58207,4.84894,0,0,0,0,0,0,0,0,0,0,0, 0,0,0,0,0,1,0,0,0,0
21400,8,44,4.8,92,33,1.15475,13.7516,0,0,0,0,0,0,0,0,0,0,0, 0,0,0,0,0,1,0,0,0,0
21440,0,243,-57.4,64,32,-8.08754,5.1722,0,0,0,0,0,0,0,0,0,0,0, 0,0,0,0,0,2,0,0,0,0
21440,1,27,7.8,96,31.75,1.9543,14.2668,0,0,0,0,0,0,0,0,0,0,0, 0,0,0,0,0,2,0,0,0,0
21440,2,32,9.4,96,33,2.35189,14.2066,0,0,0,0,0,0,0,0,0,0,0, 0,0,0,0,0,2,0,0,0,0
21440,3,286,-57.4,68,32,-8.59301,5.49546,0,0,0,0,0,0,0,0,0,0,0, 0,0,0,0,0,2,0,0,0,0
21440,4,238,-56.5,72,32,-9.00597,5.96092,0,0,0,0,0,0,0,0,0,0,0, 0,0,0,0,0,2,0,0,0,0
21440,5,155,-51.6,76,32,-8.93411,7.08108,0,0,0,0,0,0,0,0,0,0,0, 0,0,0,0,0,2,0,0,0,0
21440,6,110,-43.6,80,32,-8.27543,8.69006,0,0,0,0,0,0,0,0,0,0,0, 0,0,0,0,0,2,0,0,0,0
21440,7,88,-42.3,84,32,-8.47996,9.31935,0,0,0,0,0,0,0,0,0,0,0, 0,0,0,0,0,2,0,0,0,0
21440,8,38,3.1,88,33,0.71384,13.1807,0,0,0,0,0,0,0,0,0,0,0, 0,0,0,0,0,2,0,0,0,0
21440,9,141,-57.4,60,32,-7.58207,4.84894,0,0,0,0,0,0,0,0,0,0,0, 0,0,0,0,0,2,0,0,0,0
21440,10,77,3.6,92,31.75,0.866509,13.7728,0,0,0,0,0,0,0,0,0,0,0, 0,0,0,0,0,2,0,0,0,0
21440,11,118,5.4,92,33,1.29869,13.7388,0,0,0,0,0,0,0,0,0,0,0, 0,0,0,0,0,2,0,0,0,0
21480,0,245,-57.4,64,32,-8.08754,5.1722,0,0,0,0,0,0,0,0,0,0,0, 0,0,0,0,0,3,0,0,0,0
21480,1,47,7.2,96,32.75,1.8048,14.2865,0,0,0,0,0,0,0,0,0,0,0, 0,0,0,0,0,3,0,0,0,0
21480,2,55,6.6,96,33,1.65509,14.3046,0,0,0,0,0,0,0,0,0,0,0, 0,0,0,0,0,3,0,0,0,0
21480,3,288,-57.4,68,32,-8.59301,5.49546,0,0,0,0,0,0,0,0,0,0,0, 0,0,0,0,0,3,0,0,0,0
21480,4,237,-56.5,72,32,-9.00597,5.96092,0,0,0,0,0,0,0,0,0,0,0, 0,0,0,0,0,3,0,0,0,0
21480,5,149,-49.8,76,32,-8.70727,7.35822,0,0,0,0,0,0,0,0,0,0,0, 0,0,0,0,0,3,0,0,0,0
21480,6,113,-41.7,80,32,-7.98276,8.95966,0,0,0,0,0,0,0,0,0,0,0, 0,0,0,0,0,3,0,0,0,0
21480,7,38,4.8,84,31.75,1.05434,12.5558,0,0,0,0,0,0,0,0,0,0,0, 0,0,0,0,0,3,0,0,0,0
21480,8,62,6.1,84,33,1.33893,12.5287,0,0,0,0,0,0,0,0,0,0,0, 0,0,0,0,0,3,0,0,0,0
21480,9,99,-38.1,84,32,-7.77465,9.91538,0,0,0,0,0,0,0,0,0,0,0, 0,0,0,0,0,3,0,0,0,0
21480,10,64,6.1,88,31.75,1.40269,13.1253,0,0,0,0,0,0,0,0,0,0,0, 0,0,0,0,0,3,0,0,0,0
21480,11,104,5.4,88,33,1.24223,13.1414,0,0,0,0,0,0,0,0,0,0,0, 0,0,0,0,0,3,0,0,0,0
21480,12,135,-58.4,60,32,-7.66554,4.71587,0,0,0,0,0,0,0,0,0,0,0, 0,0,0,0,0,3,0,0,0,0
21480,13,95,4.2,92,31.75,1.01069,13.7629,0,0,0,0,0,0,0,0,0,0,0, 0,0,0,0,0,3,0,0,0,0
21480,14,143,5.4,92,33,1.29869,13.7388,0,0,0,0,0,0,0,0,0,0,0, 0,0,0,0,0,3,0,0,0,0
21520,0,243,-56.5,64,32,-8.0053,5.2986,0,0,0,0,0,0,0,0,0,0,0, 0,0,0,0,0,4,0,0,0,0
21520,1,78,4.2,96,31.75,1.05463,14.3613,0,0,0,0,0,0,0,0,0,0,0, 0,0,0,0,0,4,0,0,0,0
21520,2,119,5.4,96,33,1.35516,14.3361,0,0,0,0,0,0,0,0,0,0,0, 0,0,0,0,0,4,0,0,0,0
21520,3,286,-56.5,68,32,-8.50564,5.62976,0,0,0,0,0,0,0,0,0,0,0, 0,0,0,0,0,4,0,0,0,0
21520,4,55,2.4,100,31.75,0.628135,14.9868,0,0,0,0,0,0,0,0,0,0,0, 0,0,0,0,0,4,0,0,0,0
21520,5,61,4.8,100,33,1.25517,14.9474,0,0,0,0,0,0,0,0,0,0,0, 0,0,0,0,0,4,0,0,0,0
21520,6,238,-55.4,72,32,-8.88987,6.13271,0,0,0,0,0,0,0,0,0,0,0, 0,0,0,0,0,4,0,0,0,0
21520,7,154,-49.8,76,32,-8.70727,7.35822,0,0,0,0,0,0,0,0,0,0,0, 0,0,0,0,0,4,0,0,0,0
21520,8,114,-42.3,80,32,-8.07615,8.87557,0,0,0,0,0,0,0,0,0,0,0, 0,0,0,0,0,4,0,0,0,0
21520,9,26,2.4,84,33,0.527633,12.5889,0,0,0,0,0,0,0,0,0,0,0, 0,0,0,0,0,4,0,0,0,0
21520,10,92,-41.7,84,32,-8.3819,9.40764,0,0,0,0,0,0,0,0,0,0,0, 0,0,0,0,0,4,0,0,0,0
21520,11,34,6.6,88,33,1.51717,13.1125,0,0,0,0,0,0,0,0,0,0,0, 0,0,0,0,0,4,0,0,0,0
21520,12,138,-57.4,60,32,-7.58207,4.84894,0,0,0,0,0,0,0,0,0,0,0, 0,0,0,0,0,4,0,0,0,0
21520,13,44,3.1,92,33,0.746288,13.7798,0,0,0,0,0,0,0,0,0,0,0, 0,0,0,0,0,4,0,0,0,0
21560,0,243,-57.4,64,32,-8.08754,5.1722,0,0,0,0,0,0,0,0,0,0,0, 0,0,0,0,0,5,0,0,0,0
21560,1,286,-56.5,68,32,-8.50564,5.62976,0,0,0,0,0,0,0,0,0,0,0, 0,0,0,0,0,5,0,0,0,0
21560,2,238,-55.4,72,32,-8.88987,6.13271,0,0,0,0,0,0,0,0,0,0,0, 0,0,0,0,0,5,0,0,0,0
21560,3,151,-51.6,76,32,-8.93411,7.08108,0,0,0,0,0,0,0,0,0,0,0, 0,0,0,0,0,5,0,0,0,0
21560,4,108,-45,80,32,-8.48528,8.48528,0,0,0,0,0,0,0,0,0,0,0, 0,0,0,0,0,5,0,0,0,0
21560,5,85,-42.9,84,32,-8.57708,9.23004,0,0,0,0,0,0,0,0,0,0,0, 0,0,0,0,0,5,0,0,0,0
21560,6,46,5.4,88,31.75,1.24223,13.1414,0,0,0,0,0,0,0,0,0,0,0, 0,0,0,0,0,5,0,0,0,0
21560,7,87,5.4,88,32.75,1.24223,13.1414,0,0,0,0,0,0,0,0,0,0,0, 0,0,0,0,0,5,0,0,0,0
21560,8,89,4.8,88,33,1.10455,13.1537,0,0,0,0,0,0,0,0,0,0,0, 0,0,0,0,0,5,0,0,0,0
21560,9,138,-58.4,60,32,-7.66554,4.71587,0,0,0,0,0,0,0,0,0,0,0, 0,0,0,0,0,5,0,0,0,0
21560,10,66,4.8,92,33,1.15475,13.7516,0,0,0,0,0,0,0,0,0,0,0, 0,0,0,0,0,5,0,0,0,0
21600,0,243,-58.4,64,32,-8.17658,5.03026,0,0,0,0,0,0,0,0,0,0,0, 0,0,0,0,0,6,0,0,0,0
21600,1,81,4.2,96,33,1.05463,14.3613,0,0,0,0,0,0,0,0,0,0,0, 0,0,0,0,0,6,0,0,0,0
21600,2,288,-56.5,68,32,-8.50564,5.62976,0,0,0,0,0,0,0,0,0,0,0, 0,0,0,0,0,6,0,0,0,0
21600,3,55,1.8,100,31.75,0.471161,14.9926,0,0,0,0,0,0,0,0,0,0,0, 0,0,0,0,0,6,0,0,0,0
21600,4,64,6.1,100,33,1.59396,14.9151,0,0,0,0,0,0,0,0,0,0,0, 0,0,0,0,0,6,0,0,0,0
21600,5,241,-55.4,72,32,-8.88987,6.13271,0,0,0,0,0,0,0,0,0,0,0, 0,0,0,0,0,6,0,0,0,0
21600,6,156,-51.6,76,32,-8.93411,7.08108,0,0,0,0,0,0,0,0,0,0,0, 0,0,0,0,0,6,0,0,0,0
21600,7,12,-3.6,428,57.75,-4.03115,64.0733,0,0,0,0,0,0,0,0,0,0,0, 0,0,0,0,0,6,0,0,0,0
21600,8,110,-45.9,80,32,-8.61752,8.35095,0,0,0,0,0,0,0,0,0,0,0, 0,0,0,0,0,6,0,0,0,0
21600,9,34,7.2,84,33,1.5792,12.5006,0,0,0,0,0,0,0,0,0,0,0, 0,0,0,0,0,6,0,0,0,0
21600,10,86,-45.9,84,32,-9.04839,8.7685,0,0,0,0,0,0,0,0,0,0,0, 0,0,0,0,0,6,0,0,0,0
21600,11,47,7.8,88,31.75,1.79145,13.0779,0,0,0,0,0,0,0,0,0,0,0, 0,0,0,0,0,6,0,0,0,0
21600,12,74,6.6,88,33,1.51717,13.1125,0,0,0,0,0,0,0,0,0,0,0, 0,0,0,0,0,6,0,0,0,0
21600,13,140,-56.5,60,32,-7.50497,4.96743,0,0,0,0,0,0,0,0,0,0,0, 0,0,0,0,0,6,0,0,0,0
21600,14,50,1.8,92,31.75,0.433468,13.7932,0,0,0,0,0,0,0,0,0,0,0, 0,0,0,0,0,6,0,0,0,0
21600,15,60,6.6,92,33,1.58613,13.7085,0,0,0,0,0,0,0,0,0,0,0, 0,0,0,0,0,6,0,0,0,0
21640,0,246,-56.5,64,32,-8.0053,5.2986,0,0,0,0,0,0,0,0,0,0,0, 0,0,0,0,0,7,0,0,0,0
21640,1,48,8.3,96,33,2.07873,14.2492,0,0,0,0,0,0,0,0,0,0,0, 0,0,0,0,0,7,0,0,0,0
21640,2,289,-56.5,68,32,-8.50564,5.62976,0,0,0,0,0,0,0,0,0,0,0, 0,0,0,0,0,7,0,0,0,0
21640,3,239,-55.4,72,32,-8.88987,6.13271,0,0,0,0,0,0,0,0,0,0,0, 0,0,0,0,0,7,0,0,0,0
21640,4,150,-53.4,76,32,-9.15212,6.79696,0,0,0,0,0,0,0,0,0,0,0, 0,0,0,0,0,7,0,0,0,0
21640,5,100,-48,80,32,-8.91774,8.02957,0,0,0,0,0,0,0,0,0,0,0, 0,0,0,0,0,7,0,0,0,0
21640,6,136,-56.5,60,32,-7.50497,4.96743,0,0,0,0,0,0,0,0,0,0,0, 0,0,0,0,0,7,0,0,0,0
21680,0,21,23.9,64,31.75,3.88936,8.77684,0,0,0,0,0,0,0,0,0,0,0, 0,0,0,0,0,8,0,0,0,0
21680,1,244,-56.5,64,32,-8.0053,5.2986,0,0,0,0,0,0,0,0,0,0,0, 0,0,0,0,0,8,0,0,0,0
21680,2,288,-56.5,68,32,-8.50564,5.62976,0,0,0,0,0,0,0,0,0,0,0, 0,0,0,0,0,8,0,0,0,0
21680,3,241,-56.5,72,32,-9.00597,5.96092,0,0,0,0,0,0,0,0,0,0,0, 0,0,0,0,0,8,0,0,0,0
21680,4,151,-54.4,76,32,-9.26935,6.6362,0,0,0,0,0,0,0,0,0,0,0, 0,0,0,0,0,8,0,0,0,0
21680,5,101,-49.8,80,32,-9.16555,7.74549,0,0,0,0,0,0,0,0,0,0,0, 0,0,0,0,0,8,0,0,0,0
21680,6,30,5.4,84,33,1.18576,12.5441,0,0,0,0,0,0,0,0,0,0,0, 0,0,0,0,0,8,0,0,0,0
21680,7,67,7.8,88,33,1.79145,13.0779,0,0,0,0,0,0,0,0,0,0,0, 0,0,0,0,0,8,0,0,0,0
21680,8,138,-56.5,60,32,-7.50497,4.96743,0,0,0,0,0,0,0,0,0,0,0, 0,0,0,0,0,8,0,0,0,0
21680,9,82,4.8,92,32.75,1.15475,13.7516,0,0,0,0,0,0,0,0,0,0,0, 0,0,0,0,0,8,0,0,0,0
21680,10,85,4.8,92,33,1.15475,13.7516,0,0,0,0,0,0,0,0,0,0,0, 0,0,0,0,0,8,0,0,0,0
21720,0,242,-56.5,64,32,-8.0053,5.2986,0,1334,0,0,0,0,0,0,0,0,0, 0,0,0,0,0,9,0,0,0,0
21720,1,50,7.8,96,33,1.9543,14.2668,0,1334,0,0,0,0,0,0,0,0,0, 0,0,0,0,0,9,0,0,0,0
21720,2,287,-56.5,68,32,-8.50564,5.62976,0,1334,0,0,0,0,0,0,0,0,0, 0,0,0,0,0,9,0,0,0,0
21720,3,239,-55.4,72,32,-8.88987,6.13271,0,1334,0,0,0,0,0,0,0,0,0, 0,0,0,0,0,9,0,0,0,0
21720,4,150,-53.4,76,32,-9.15212,6.79696,0,1334,0,0,0,0,0,0,0,0,0, 0,0,0,0,0,9,0,0,0,0
21720,5,102,-45.9,80,32,-8.61752,8.35095,0,1334,0,0,0,0,0,0,0,0,0, 0,0,0,0,0,9,0,0,0,0
21720,6,30,4.8,84,33,1.05434,12.5558,0,1334,0,0,0,0,0,0,0,0,0, 0,0,0,0,0,9,0,0,0,0
21720,7,140,-55.4,60,32,-7.40823,5.11059,0,1334,0,0,0,0,0,0,0,0,0, 0,0,0,0,0,9,0,0,0,0
21720,8,38,-0.6,92,31.75,-0.144511,13.7992,0,1334,0,0,0,0,0,0,0,0,0, 0,0,0,0,0,9,0,0,0,0
21720,9,64,4.2,92,32.75,1.01069,13.7629,0,1334,0,0,0,0,0,0,0,0,0, 0,0,0,0,0,9,0,0,0,0
21720,10,65,4.2,92,33,1.01069,13.7629,0,1334,0,0,0,0,0,0,0,0,0, 0,0,0,0,0,9,0,0,0,0
21760,0,247,-55.4,64,32,-7.90211,5.4513,0,0,0,0,0,0,0,0,0,0,0, 0,0,0,0,0,10,0,0,0,0
21760,1,58,6.6,96,32.75,1.65509,14.3046,0,0,0,0,0,0,0,0,0,0,0, 0,0,0,0,0,10,0,0,0,0
21760,2,62,6.1,96,33,1.5302,14.3185,0,0,0,0,0,0,0,0,0,0,0, 0,0,0,0,0,10,0,0,0,0
21760,3,290,-55.4,68,32,-8.39599,5.79201,0,0,0,0,0,0,0,0,0,0,0, 0,0,0,0,0,10,0,0,0,0
21760,4,243,-55.4,72,32,-8.88987,6.13271,0,0,0,0,0,0,0,0,0,0,0, 0,0,0,0,0,10,0,0,0,0
21760,5,154,-53.4,76,32,-9.15212,6.79696,0,0,0,0,0,0,0,0,0,0,0, 0,0,0,0,0,10,0,0,0,0
21760,6,27,3.6,80,33,0.753486,11.9763,0,0,0,0,0,0,0,0,0,0,0, 0,0,0,0,0,10,0,0,0,0
21760,7,105,-48,80,32,-8.91774,8.02957,0,0,0,0,0,0,0,0,0,0,0, 0,0,0,0,0,10,0,0,0,0
21760,8,48,1.8,84,31.75,0.395776,12.5938,0,0,0,0,0,0,0,0,0,0,0, 0,0,0,0,0,10,0,0,0,0
21760,9,79,4.8,84,33,1.05434,12.5558,0,0,0,0,0,0,0,0,0,0,0, 0,0,0,0,0,10,0,0,0,0
21760,10,83,-48,84,32,-9.36363,8.43105,0,0,0,0,0,0,0,0,0,0,0, 0,0,0,0,0,10,0,0,0,0
21760,11,52,5.4,88,31.75,1.24223,13.1414,0,0,0,0,0,0,0,0,0,0,0, 0,0,0,0,0,10,0,0,0,0
21760,12,96,6.1,88,32.75,1.40269,13.1253,0,0,0,0,0,0,0,0,0,0,0, 0,0,0,0,0,10,0,0,0,0
21760,13,98,5.4,88,33,1.24223,13.1414,0,0,0,0,0,0,0,0,0,0,0, 0,0,0,0,0,10,0,0,0,0
21760,14,138,-58.4,60,32,-7.66554,4.71587,0,0,0,0,0,0,0,0,0,0,0, 0,0,0,0,0,10,0,0,0,0
21760,15,40,0.6,92,31.75,0.144511,13.7992,0,0,0,0,0,0,0,0,0,0,0, 0,0,0,0,0,10,0,0,0,0
21760,16,70,4.2,92,32.75,1.01069,13.7629,0,0,0,0,0,0,0,0,0,0,0, 0,0,0,0,0,10,0,0,0,0
21760,17,72,4.8,92,33,1.15475,13.7516,0,0,0,0,0,0,0,0,0,0,0, 0,0,0,0,0,10,0,0,0,0
21800,0,243,-58.4,64,32,-8.17658,5.03026,0,7936,0,0,0,0,0,0,0,0,0, 0,0,0,0,0,11,0,0,0,0
21800,1,48,5.4,96,31.75,1.35516,14.3361,0,7936,0,0,0,0,0,0,0,0,0, 0,0,0,0,0,11,0,0,0,0
21800,2,70,6.6,96,33,1.65509,14.3046,0,7936,0,0,0,0,0,0,0,0,0, 0,0,0,0,0,11,0,0,0,0
21800,3,285,-57.4,68,32,-8.59301,5.49546,0,7936,0,0,0,0,0,0,0,0,0, 0,0,0,0,0,11,0,0,0,0
21800,4,237,-55.4,72,32,-8.88987,6.13271,0,7936,0,0,0,0,0,0,0,0,0, 0,0,0,0,0,11,0,0,0,0
21800,5,150,-53.4,76,32,-9.15212,6.79696,0,7936,0,0,0,0,0,0,0,0,0, 0,0,0,0,0,11,0,0,0,0
21800,6,105,-45.9,80,32,-8.61752,8.35095,0,7936,0,0,0,0,0,0,0,0,0, 0,0,0,0,0,11,0,0,0,0
21800,7,26,5.4,84,33,1.18576,12.5441,0,7936,0,0,0,0,0,0,0,0,0, 0,0,0,0,0,11,0,0,0,0
21800,8,85,-44.2,84,32,-8.78428,9.03307,0,7936,0,0,0,0,0,0,0,0,0, 0,0,0,0,0,11,0,0,0,0
21800,9,143,-61.2,60,32,-7.88676,4.33578,0,7936,0,0,0,0,0,0,0,0,0, 0,0,0,0,0,11,0,0,0,0
21800,10,30,-1.2,92,31.75,-0.289005,13.797,0,7936,0,0,0,0,0,0,0,0,0, 0,0,0,0,0,11,0,0,0,0
21800,11,43,3.1,92,33,0.746288,13.7798,0,7936,0,0,0,0,0,0,0,0,0, 0,0,0,0,0,11,0,0,0,0
21840,0,247,-59.4,64,32,-8.26312,4.8868,0,1140,0,0,0,0,0,0,0,0,0, 0,0,0,0,0,12,0,0,0,0
21840,1,32,8.3,96,33,2.07873,14.2492,0,1140,0,0,0,0,0,0,0,0,0, 0,0,0,0,0,12,0,0,0,0
21840,2,289,-57.4,68,32,-8.59301,5.49546,0,1140,0,0,0,0,0,0,0,0,0, 0,0,0,0,0,12,0,0,0,0
21840,3,240,-55.4,72,32,-8.88987,6.13271,0,1140,0,0,0,0,0,0,0,0,0, 0,0,0,0,0,12,0,0,0,0
21840,4,155,-51.6,76,32,-8.93411,7.08108,0,1140,0,0,0,0,0,0,0,0,0, 0,0,0,0,0,12,0,0,0,0
21840,5,26,4.8,80,33,1.00413,11.9579,0,1140,0,0,0,0,0,0,0,0,0, 0,0,0,0,0,12,0,0,0,0
21840,6,108,-46.7,80,32,-8.73327,8.22982,0,1140,0,0,0,0,0,0,0,0,0, 0,0,0,0,0,12,0,0,0,0
21840,7,34,4.8,84,31.75,1.05434,12.5558,0,1140,0,0,0,0,0,0,0,0,0, 0,0,0,0,0,12,0,0,0,0
21840,8,64,4.8,84,32.75,1.05434,12.5558,0,1140,0,0,0,0,0,0,0,0,0, 0,0,0,0,0,12,0,0,0,0
21840,9,65,4.8,84,33,1.05434,12.5558,0,1140,0,0,0,0,0,0,0,0,0, 0,0,0,0,0,12,0,0,0,0
21840,10,80,5.4,88,32.75,1.24223,13.1414,0,1140,0,0,0,0,0,0,0,0,0, 0,0,0,0,0,12,0,0,0,0
21840,11,88,4.8,88,33,1.10455,13.1537,0,1140,0,0,0,0,0,0,0,0,0, 0,0,0,0,0,12,0,0,0,0
21840,12,138,-58.4,60,32,-7.66554,4.71587,0,1140,0,0,0,0,0,0,0,0,0, 0,0,0,0,0,12,0,0,0,0
21840,13,50,3.6,92,31.75,0.866509,13.7728,0,1140,0,0,0,0,0,0,0,0,0, 0,0,0,0,0,12,0,0,0,0
21840,14,102,6.1,92,32.75,1.46644,13.7219,0,1140,0,0,0,0,0,0,0,0,0, 0,0,0,0,0,12,0,0,0,0
21840,15,105,6.1,92,33,1.46644,13.7219,0,1140,0,0,0,0,0,0,0,0,0, 0,0,0,0,0,12,0,0,0,0
21880,0,245,-58.4,64,32,-8.17658,5.03026,0,86,0,0,0,0,0,0,0,0,0, 0,0,0,0,0,13,0,0,0,0
21880,1,58,7.2,96,32.75,1.8048,14.2865,0,86,0,0,0,0,0,0,0,0,0, 0,0,0,0,0,13,0,0,0,0
21880,2,64,6.6,96,33,1.65509,14.3046,0,86,0,0,0,0,0,0,0,0,0, 0,0,0,0,0,13,0,0,0,0
21880,3,287,-57.4,68,32,-8.59301,5.49546,0,86,0,0,0,0,0,0,0,0,0, 0,0,0,0,0,13,0,0,0,0
21880,4,29,2.4,100,33,0.628135,14.9868,0,86,0,0,0,0,0,0,0,0,0, 0,0,0,0,0,13,0,0,0,0
21880,5,239,-55.4,72,32,-8.88987,6.13271,0,86,0,0,0,0,0,0,0,0,0, 0,0,0,0,0,13,0,0,0,0
21880,6,153,-49.8,76,32,-8.70727,7.35822,0,86,0,0,0,0,0,0,0,0,0, 0,0,0,0,0,13,0,0,0,0
21880,7,21,-4.2,108,31.75,-1.18646,16.1565,0,86,0,0,0,0,0,0,0,0,0, 0,0,0,0,0,13,0,0,0,0
21880,8,37,4.8,80,32.75,1.00413,11.9579,0,86,0,0,0,0,0,0,0,0,0, 0,0,0,0,0,13,0,0,0,0
21880,9,41,4.2,80,33,0.878858,11.9678,0,86,0,0,0,0,0,0,0,0,0, 0,0,0,0,0,13,0,0,0,0
21880,10,105,-46.7,80,32,-8.73327,8.22982,0,86,0,0,0,0,0,0,0,0,0, 0,0,0,0,0,13,0,0,0,0
21880,11,27,7.2,84,31.75,1.5792,12.5006,0,86,0,0,0,0,0,0,0,0,0, 0,0,0,0,0,13,0,0,0,0
21880,12,64,7.2,84,32.75,1.5792,12.5006,0,86,0,0,0,0,0,0,0,0,0, 0,0,0,0,0,13,0,0,0,0
21880,13,71,6.1,84,33,1.33893,12.5287,0,86,0,0,0,0,0,0,0,0,0, 0,0,0,0,0,13,0,0,0,0
21880,14,45,10.6,88,31.75,2.42816,12.9747,0,86,0,0,0,0,0,0,0,0,0, 0,0,0,0,0,13,0,0,0,0
21880,15,85,7.8,88,32.75,1.79145,13.0779,0,86,0,0,0,0,0,0,0,0,0, 0,0,0,0,0,13,0,0,0,0
21880,16,91,6.6,88,33,1.51717,13.1125,0,86,0,0,0,0,0,0,0,0,0, 0,0,0,0,0,13,0,0,0,0
21880,17,137,-56.5,60,32,-7.50497,4.96743,0,86,0,0,0,0,0,0,0,0,0, 0,0,0,0,0,13,0,0,0,0
21880,18,56,7.2,92,32.75,1.7296,13.6912,0,86,0,0,0,0,0,0,0,0,0, 0,0,0,0,0,13,0,0,0,0
21880,19,62,7.8,92,33,1.87287,13.6723,0,86,0,0,0,0,0,0,0,0,0, 0,0,0,0,0,13,0,0,0,0
21920,0,245,-56.5,64,32,-8.0053,5.2986,0,0,0,0,0,0,0,0,0,0,0, 0,0,0,0,0,14,0,0,0,0
21920,1,289,-56.5,68,32,-8.50564,5.62976,0,0,0,0,0,0,0,0,0,0,0, 0,0,0,0,0,14,0,0,0,0
21920,2,242,-55.4,72,32,-8.88987,6.13271,0,0,0,0,0,0,0,0,0,0,0, 0,0,0,0,0,14,0,0,0,0
21920,3,155,-53.4,76,32,-9.15212,6.79696,0,0,0,0,0,0,0,0,0,0,0, 0,0,0,0,0,14,0,0,0,0
21920,4,107,-51.6,80,32,-9.40432,7.45377,0,0,0,0,0,0,0,0,0,0,0, 0,0,0,0,0,14,0,0,0,0
21920,5,53,3.1,84,32.75,0.681393,12.5816,0,0,0,0,0,0,0,0,0,0,0, 0,0,0,0,0,14,0,0,0,0
21920,6,55,4.2,84,33,0.922801,12.5662,0,0,0,0,0,0,0,0,0,0,0, 0,0,0,0,0,14,0,0,0,0
21920,7,42,-0.6,88,31.75,-0.138228,13.1993,0,0,0,0,0,0,0,0,0,0,0, 0,0,0,0,0,14,0,0,0,0
21920,8,83,3.6,88,32.75,0.828835,13.174,0,0,0,0,0,0,0,0,0,0,0, 0,0,0,0,0,14,0,0,0,0
21920,9,86,4.2,88,33,0.966744,13.1646,0,0,0,0,0,0,0,0,0,0,0, 0,0,0,0,0,14,0,0,0,0
21920,10,137,-55.4,60,32,-7.40823,5.11059,0,0,0,0,0,0,0,0,0,0,0, 0,0,0,0,0,14,0,0,0,0
21920,11,67,8.3,92,32.75,1.99212,13.6555,0,0,0,0,0,0,0,0,0,0,0, 0,0,0,0,0,14,0,0,0,0
21920,12,72,8.3,92,33,1.99212,13.6555,0,0,0,0,0,0,0,0,0,0,0, 0,0,0,0,0,14,0,0,0,0
21960,0,245,-56.5,64,32,-8.0053,5.2986,0,0,0,0,0,0,0,0,0,0,0, 0,0,0,0,0,15,0,0,0,0
21960,1,53,8.3,96,33,2.07873,14.2492,0,0,0,0,0,0,0,0,0,0,0, 0,0,0,0,0,15,0,0,0,0
21960,2,292,-55.4,68,32,-8.39599,5.79201,0,0,0,0,0,0,0,0,0,0,0, 0,0,0,0,0,15,0,0,0,0
21960,3,245,-55.4,72,32,-8.88987,6.13271,0,0,0,0,0,0,0,0,0,0,0, 0,0,0,0,0,15,0,0,0,0
21960,4,155,-51.6,76,32,-8.93411,7.08108,0,0,0,0,0,0,0,0,0,0,0, 0,0,0,0,0,15,0,0,0,0
21960,5,31,6.6,80,32.75,1.37925,11.9205,0,0,0,0,0,0,0,0,0,0,0, 0,0,0,0,0,15,0,0,0,0
21960,6,34,6.6,80,33,1.37925,11.9205,0,0,0,0,0,0,0,0,0,0,0, 0,0,0,0,0,15,0,0,0,0
21960,7,108,-45.9,80,32,-8.61752,8.35095,0,0,0,0,0,0,0,0,0,0,0, 0,0,0,0,0,15,0,0,0,0
21960,8,41,8.8,84,32.75,1.92762,12.4517,0,0,0,0,0,0,0,0,0,0,0, 0,0,0,0,0,15,0,0,0,0
21960,9,47,8.3,84,33,1.81889,12.468,0,0,0,0,0,0,0,0,0,0,0, 0,0,0,0,0,15,0,0,0,0
21960,10,82,-44.2,84,32,-8.78428,9.03307,0,0,0,0,0,0,0,0,0,0,0, 0,0,0,0,0,15,0,0,0,0
21960,11,54,5.4,88,32.75,1.24223,13.1414,0,0,0,0,0,0,0,0,0,0,0, 0,0,0,0,0,15,0,0,0,0
21960,12,64,6.1,88,33,1.40269,13.1253,0,0,0,0,0,0,0,0,0,0,0, 0,0,0,0,0,15,0,0,0,0
21960,13,138,-57.4,60,32,-7.58207,4.84894,0,0,0,0,0,0,0,0,0,0,0, 0,0,0,0,0,15,0,0,0,0
21960,14,62,4.8,92,33,1.15475,13.7516,0,0,0,0,0,0,0,0,0,0,0, 0,0,0,0,0,15,0,0,0,0
22000,0,246,-57.4,64,32,-8.08754,5.1722,0,0,0,0,0,0,0,0,0,0,0, 0,0,0,0,0,0,0,0,0,0
22000,1,292,-56.5,68,32,-8.50564,5.62976,0,0,0,0,0,0,0,0,0,0,0, 0,0,0,0,0,0,0,0,0,0
22000,2,25,-2.4,100,33,-0.628135,14.9868,0,0,0,0,0,0,0,0,0,0,0, 0,0,0,0,0,0,0,0,0,0
22000,3,41,67.6,8,33,1.10946,0.457284,0,0,0,0,0,0,0,0,0,0,0, 0,0,0,0,0,0,0,0,0,0
22000,4,243,-55.4,72,32,-8.88987,6.13271,0,0,0,0,0,0,0,0,0,0,0, 0,0,0,0,0,0,0,0,0,0
22000,5,158,-53.4,76,32,-9.15212,6.79696,0,0,0,0,0,0,0,0,0,0,0, 0,0,0,0,0,0,0,0,0,0
22000,6,42,6.6,80,32.75,1.37925,11.9205,0,0,0,0,0,0,0,0,0,0,0, 0,0,0,0,0,0,0,0,0,0
22000,7,50,6.1,80,33,1.27517,11.9321,0,0,0,0,0,0,0,0,0,0,0, 0,0,0,0,0,0,0,0,0,0
22000,8,106,-51.6,80,32,-9.40432,7.45377,0,0,0,0,0,0,0,0,0,0,0, 0,0,0,0,0,0,0,0,0,0
22000,9,35,8.8,84,31.75,1.92762,12.4517,0,0,0,0,0,0,0,0,0,0,0, 0,0,0,0,0,0,0,0,0,0
22000,10,69,6.1,84,32.75,1.33893,12.5287,0,0,0,0,0,0,0,0,0,0,0, 0,0,0,0,0,0,0,0,0,0
22000,11,76,6.1,84,33,1.33893,12.5287,0,0,0,0,0,0,0,0,0,0,0, 0,0,0,0,0,0,0,0,0,0
22000,12,41,2.4,88,31.75,0.552759,13.1884,0,0,0,0,0,0,0,0,0,0,0, 0,0,0,0,0,0,0,0,0,0
22000,13,90,4.2,88,32.75,0.966744,13.1646,0,0,0,0,0,0,0,0,0,0,0, 0,0,0,0,0,0,0,0,0,0
22000,14,100,4.2,88,33,0.966744,13.1646,0,0,0,0,0,0,0,0,0,0,0, 0,0,0,0,0,0,0,0,0,0
22000,15,144,-60.3,60,32,-7.81768,4.45913,0,0,0,0,0,0,0,0,0,0,0, 0,0,0,0,0,0,0,0,0,0
22000,16,78,4.2,92,33,1.01069,13.7629,0,0,0,0,0,0,0,0,0,0,0, 0,0,0,0,0,0,0,0,0,0
22040,0,250,-59.4,64,32,-8.26312,4.8868,0,0,0,0,0,0,0,0,0,0,0, 0,0,0,0,0,1,0,0,0,0
22040,1,57,0.1,96,31.75,0.0251327,14.4,0,0,0,0,0,0,0,0,0,0,0, 0,0,0,0,0,1,0,0,0,0
22040,2,66,6.1,96,33,1.5302,14.3185,0,0,0,0,0,0,0,0,0,0,0, 0,0,0,0,0,1,0,0,0,0
22040,3,293,-58.4,68,32,-8.68761,5.34466,0,0,0,0,0,0,0,0,0,0,0, 0,0,0,0,0,1,0,0,0,0
22040,4,242,-56.5,72,32,-9.00597,5.96092,0,0,0,0,0,0,0,0,0,0,0, 0,0,0,0,0,1,0,0,0,0
22040,5,155,-54.4,76,32,-9.26935,6.6362,0,0,0,0,0,0,0,0,0,0,0, 0,0,0,0,0,1,0,0,0,0
22040,6,42,4.8,80,33,1.00413,11.9579,0,0,0,0,0,0,0,0,0,0,0, 0,0,0,0,0,1,0,0,0,0
22040,7,102,-49.8,80,32,-9.16555,7.74549,0,0,0,0,0,0,0,0,0,0,0, 0,0,0,0,0,1,0,0,0,0
22040,8,29,0.1,88,33,0.0230383,13.2,0,0,0,0,0,0,0,0,0,0,0, 0,0,0,0,0,1,0,0,0,0
22040,9,144,-63.2,60,32,-8.03327,4.0579,0,0,0,0,0,0,0,0,0,0,0, 0,0,0,0,0,1,0,0,0,0
22080,0,247,-58.4,64,32,-8.17658,5.03026,0,0,0,0,0,0,0,0,0,0,0, 0,0,0,0,0,2,0,0,0,0
22080,1,288,-56.5,68,32,-8.50564,5.62976,0,0,0,0,0,0,0,0,0,0,0, 0,0,0,0,0,2,0,0,0,0
22080,2,243,-55.4,72,32,-8.88987,6.13271,0,0,0,0,0,0,0,0,0,0,0, 0,0,0,0,0,2,0,0,0,0
22080,3,65,-2.4,104,31.5,-0.65326,15.5863,0,0,0,0,0,0,0,0,0,0,0, 0,0,0,0,0,2,0,0,0,0
22080,4,157,-53.4,76,32,-9.15212,6.79696,0,0,0,0,0,0,0,0,0,0,0, 0,0,0,0,0,2,0,0,0,0
22080,5,43,-2.4,108,31.75,-0.678386,16.1858,0,0,0,0,0,0,0,0,0,0,0, 0,0,0,0,0,2,0,0,0,0
22080,6,37,4.8,80,32.75,1.00413,11.9579,0,0,0,0,0,0,0,0,0,0,0, 0,0,0,0,0,2,0,0,0,0
22080,7,42,4.8,80,33,1.00413,11.9579,0,0,0,0,0,0,0,0,0,0,0, 0,0,0,0,0,2,0,0,0,0
22080,8,103,-51.6,80,32,-9.40432,7.45377,0,0,0,0,0,0,0,0,0,0,0, 0,0,0,0,0,2,0,0,0,0
22080,9,37,-1.2,112,31.75,-0.351833,16.7963,0,0,0,0,0,0,0,0,0,0,0, 0,0,0,0,0,2,0,0,0,0
22080,10,24,4.2,112,33,1.2304,16.7549,0,0,0,0,0,0,0,0,0,0,0, 0,0,0,0,0,2,0,0,0,0
22080,11,53,7.2,84,33,1.5792,12.5006,0,0,0,0,0,0,0,0,0,0,0, 0,0,0,0,0,2,0,0,0,0
22080,12,45,3.1,88,31.75,0.71384,13.1807,0,0,0,0,0,0,0,0,0,0,0, 0,0,0,0,0,2,0,0,0,0
22080,13,85,3.6,88,32.75,0.828835,13.174,0,0,0,0,0,0,0,0,0,0,0, 0,0,0,0,0,2,0,0,0,0
22080,14,87,4.2,88,33,0.966744,13.1646,0,0,0,0,0,0,0,0,0,0,0, 0,0,0,0,0,2,0,0,0,0
22080,15,133,-55.4,60,32,-7.40823,5.11059,0,0,0,0,0,0,0,0,0,0,0, 0,0,0,0,0,2,0,0,0,0
22080,16,30,-6,92,30.75,-1.44249,13.7244,0,0,0,0,0,0,0,0,0,0,0, 0,0,0,0,0,2,0,0,0,0
22080,17,58,6.1,92,33,1.46644,13.7219,0,0,0,0,0,0,0,0,0,0,0, 0,0,0,0,0,2,0,0,0,0
22120,0,241,-55.4,64,32,-7.90211,5.4513,0,0,0,0,0,0,0,0,0,0,0, 0,0,0,0,0,3,0,0,0,0
22120,1,30,0.1,96,31.75,0.0251327,14.4,0,0,0,0,0,0,0,0,0,0,0, 0,0,0,0,0,3,0,0,0,0
22120,2,287,-55.4,68,32,-8.39599,5.79201,0,0,0,0,0,0,0,0,0,0,0, 0,0,0,0,0,3,0,0,0,0
22120,3,239,-55.4,72,32,-8.88987,6.13271,0,0,0,0,0,0,0,0,0,0,0, 0,0,0,0,0,3,0,0,0,0
22120,4,153,-53.4,76,32,-9.15212,6.79696,0,0,0,0,0,0,0,0,0,0,0, 0,0,0,0,0,3,0,0,0,0
22120,5,66,4.8,80,32.75,1.00413,11.9579,0,0,0,0,0,0,0,0,0,0,0, 0,0,0,0,0,3,0,0,0,0
22120,6,70,4.8,80,33,1.00413,11.9579,0,0,0,0,0,0,0,0,0,0,0, 0,0,0,0,0,3,0,0,0,0
22120,7,99,-54.4,80,32,-9.75721,6.98548,0,0,0,0,0,0,0,0,0,0,0, 0,0,0,0,0,3,0,0,0,0
22120,8,43,7.8,84,31.75,1.71002,12.4834,0,0,0,0,0,0,0,0,0,0,0, 0,0,0,0,0,3,0,0,0,0
22120,9,111,7.2,88,32.75,1.6544,13.0959,0,0,0,0,0,0,0,0,0,0,0, 0,0,0,0,0,3,0,0,0,0
22120,10,121,6.6,88,33,1.51717,13.1125,0,0,0,0,0,0,0,0,0,0,0, 0,0,0,0,0,3,0,0,0,0
22120,11,137,-56.5,60,32,-7.50497,4.96743,0,0,0,0,0,0,0,0,0,0,0, 0,0,0,0,0,3,0,0,0,0
22120,12,85,7.2,92,32.75,1.7296,13.6912,0,0,0,0,0,0,0,0,0,0,0, 0,0,0,0,0,3,0,0,0,0
22120,13,93,6.1,92,33,1.46644,13.7219,0,0,0,0,0,0,0,0,0,0,0, 0,0,0,0,0,3,0,0,0,0
22160,0,245,-56.5,64,32,-8.0053,5.2986,0,0,0,0,0,0,0,0,0,0,0, 0,0,0,0,0,4,0,0,0,0
22160,1,290,-56.5,68,32,-8.50564,5.62976,0,0,0,0,0,0,0,0,0,0,0, 0,0,0,0,0,4,0,0,0,0
22160,2,243,-56.5,72,32,-9.00597,5.96092,0,0,0,0,0,0,0,0,0,0,0, 0,0,0,0,0,4,0,0,0,0
22160,3,155,-53.4,76,32,-9.15212,6.79696,0,0,0,0,0,0,0,0,0,0,0, 0,0,0,0,0,4,0,0,0,0
22160,4,104,-51.6,80,32,-9.40432,7.45377,0,0,0,0,0,0,0,0,0,0,0, 0,0,0,0,0,4,0,0,0,0
22160,5,136,-57.4,60,32,-7.58207,4.84894,0,0,0,0,0,0,0,0,0,0,0, 0,0,0,0,0,4,0,0,0,0
22200,0,245,-56.5,64,32,-8.0053,5.2986,0,0,0,0,0,0,0,0,0,0,0, 0,0,0,0,0,5,0,0,0,0
22200,1,289,-56.5,68,32,-8.50564,5.62976,0,0,0,0,0,0,0,0,0,0,0, 0,0,0,0,0,5,0,0,0,0
22200,2,40,-10.8,100,31.75,-2.81072,14.7343,0,0,0,0,0,0,0,0,0,0,0, 0,0,0,0,0,5,0,0,0,0
22200,3,243,-55.4,72,32,-8.88987,6.13271,0,0,0,0,0,0,0,0,0,0,0, 0,0,0,0,0,5,0,0,0,0
22200,4,155,-53.4,76,32,-9.15212,6.79696,0,0,0,0,0,0,0,0,0,0,0, 0,0,0,0,0,5,0,0,0,0
22200,5,40,6.1,80,33,1.27517,11.9321,0,0,0,0,0,0,0,0,0,0,0, 0,0,0,0,0,5,0,0,0,0
22200,6,106,-48,80,32,-8.91774,8.02957,0,0,0,0,0,0,0,0,0,0,0, 0,0,0,0,0,5,0,0,0,0
22200,7,38,0.6,84,31.75,0.131944,12.5993,0,0,0,0,0,0,0,0,0,0,0, 0,0,0,0,0,5,0,0,0,0
22200,8,70,3.1,84,32.75,0.681393,12.5816,0,0,0,0,0,0,0,0,0,0,0, 0,0,0,0,0,5,0,0,0,0
22200,9,71,3.6,84,33,0.79116,12.5751,0,0,0,0,0,0,0,0,0,0,0, 0,0,0,0,0,5,0,0,0,0
22200,10,47,3.6,88,31.75,0.828835,13.174,0,0,0,0,0,0,0,0,0,0,0, 0,0,0,0,0,5,0,0,0,0
22200,11,86,4.8,88,32.75,1.10455,13.1537,0,0,0,0,0,0,0,0,0,0,0, 0,0,0,0,0,5,0,0,0,0
22200,12,90,4.8,88,33,1.10455,13.1537,0,0,0,0,0,0,0,0,0,0,0, 0,0,0,0,0,5,0,0,0,0
22200,13,141,-57.4,60,32,-7.58207,4.84894,0,0,0,0,0,0,0,0,0,0,0, 0,0,0,0,0,5,0,0,0,0
22200,14,52,5.4,92,32.75,1.29869,13.7388,0,0,0,0,0,0,0,0,0,0,0, 0,0,0,0,0,5,0,0,0,0
22200,15,58,5.4,92,33,1.29869,13.7388,0,0,0,0,0,0,0,0,0,0,0, 0,0,0,0,0,5,0,0,0,0
22240,0,248,-56.5,64,32,-8.0053,5.2986,0,0,0,0,0,0,0,0,0,0,0, 0,0,0,0,0,6,0,0,0,0
22240,1,293,-56.5,68,32,-8.50564,5.62976,0,0,0,0,0,0,0,0,0,0,0, 0,0,0,0,0,6,0,0,0,0
22240,2,245,-55.4,72,32,-8.88987,6.13271,0,0,0,0,0,0,0,0,0,0,0, 0,0,0,0,0,6,0,0,0,0
22240,3,13,61.9,360,56.25,47.6348,25.4346,0,0,0,0,0,0,0,0,0,0,0, 0,0,0,0,0,6,0,0,0,0
22240,4,160,-53.4,76,32,-9.15212,6.79696,0,0,0,0,0,0,0,0,0,0,0, 0,0,0,0,0,6,0,0,0,0
22240,5,106,-53.4,80,32,-9.63381,7.1547,0,0,0,0,0,0,0,0,0,0,0, 0,0,0,0,0,6,0,0,0,0
22240,6,43,4.8,84,32.75,1.05434,12.5558,0,0,0,0,0,0,0,0,0,0,0, 0,0,0,0,0,6,0,0,0,0
22240,7,47,4.2,84,33,0.922801,12.5662,0,0,0,0,0,0,0,0,0,0,0, 0,0,0,0,0,6,0,0,0,0
22240,8,62,6.1,88,33,1.40269,13.1253,0,0,0,0,0,0,0,0,0,0,0, 0,0,0,0,0,6,0,0,0,0
22240,9,138,-54.4,60,32,-7.31791,5.23911,0,0,0,0,0,0,0,0,0,0,0, 0,0,0,0,0,6,0,0,0,0
22280,0,246,-55.4,64,32,-7.90211,5.4513,0,0,0,0,0,0,0,0,0,0,0, 0,0,0,0,0,7,0,0,0,0
22280,1,292,-55.4,68,32,-8.39599,5.79201,0,0,0,0,0,0,0,0,0,0,0, 0,0,0,0,0,7,0,0,0,0
22280,2,247,-54.4,72,32,-8.78149,6.28693,0,0,0,0,0,0,0,0,0,0,0, 0,0,0,0,0,7,0,0,0,0
22280,3,161,-51.6,76,32,-8.93411,7.08108,0,0,0,0,0,0,0,0,0,0,0, 0,0,0,0,0,7,0,0,0,0
22280,4,56,3.1,80,33,0.648946,11.9824,0,0,0,0,0,0,0,0,0,0,0, 0,0,0,0,0,7,0,0,0,0
22280,5,107,-53.4,80,32,-9.63381,7.1547,0,0,0,0,0,0,0,0,0,0,0, 0,0,0,0,0,7,0,0,0,0
22280,6,28,3.1,84,31.75,0.681393,12.5816,0,0,0,0,0,0,0,0,0,0,0, 0,0,0,0,0,7,0,0,0,0
22280,7,56,4.2,84,32.75,0.922801,12.5662,0,0,0,0,0,0,0,0,0,0,0, 0,0,0,0,0,7,0,0,0,0
22280,8,58,4.2,84,33,0.922801,12.5662,0,0,0,0,0,0,0,0,0,0,0, 0,0,0,0,0,7,0,0,0,0
22280,9,51,3.1,88,32.75,0.71384,13.1807,0,0,0,0,0,0,0,0,0,0,0, 0,0,0,0,0,7,0,0,0,0
22280,10,53,3.1,88,33,0.71384,13.1807,0,0,0,0,0,0,0,0,0,0,0, 0,0,0,0,0,7,0,0,0,0
22280,11,135,-51.6,60,32,-7.05324,5.59033,0,0,0,0,0,0,0,0,0,0,0, 0,0,0,0,0,7,0,0,0,0
22280,12,30,4.8,92,33,1.15475,13.7516,0,0,0,0,0,0,0,0,0,0,0, 0,0,0,0,0,7,0,0,0,0
22320,0,244,-54.4,64,32,-7.80577,5.58838,0,0,0,0,0,0,0,0,0,0,0, 0,0,0,0,0,8,0,0,0,0
22320,1,290,-55.4,68,32,-8.39599,5.79201,0,0,0,0,0,0,0,0,0,0,0, 0,0,0,0,0,8,0,0,0,0
22320,2,244,-54.4,72,32,-8.78149,6.28693,0,0,0,0,0,0,0,0,0,0,0, 0,0,0,0,0,8,0,0,0,0
22320,3,161,-53.4,76,32,-9.15212,6.79696,0,0,0,0,0,0,0,0,0,0,0, 0,0,0,0,0,8,0,0,0,0
22320,4,107,-51.6,80,32,-9.40432,7.45377,0,0,0,0,0,0,0,0,0,0,0, 0,0,0,0,0,8,0,0,0,0
22320,5,136,-51.6,60,32,-7.05324,5.59033,0,0,0,0,0,0,0,0,0,0,0, 0,0,0,0,0,8,0,0,0,0
22320,6,28,1.3,92,33,0.313085,13.7964,0,0,0,0,0,0,0,0,0,0,0, 0,0,0,0,0,8,0,0,0,0
22360,0,244,-55.4,64,32,-7.90211,5.4513,0,1334,0,0,0,0,0,0,0,0,0, 0,0,0,0,0,9,0,0,0,0
22360,1,289,-55.4,68,32,-8.39599,5.79201,0,1334,0,0,0,0,0,0,0,0,0, 0,0,0,0,0,9,0,0,0,0
22360,2,33,-7.8,100,30.75,-2.03573,14.8612,0,1334,0,0,0,0,0,0,0,0,0, 0,0,0,0,0,9,0,0,0,0
22360,3,242,-54.4,72,32,-8.78149,6.28693,0,1334,0,0,0,0,0,0,0,0,0, 0,0,0,0,0,9,0,0,0,0
22360,4,156,-51.6,76,32,-8.93411,7.08108,0,1334,0,0,0,0,0,0,0,0,0, 0,0,0,0,0,9,0,0,0,0
22360,5,106,-46.7,80,32,-8.73327,8.22982,0,1334,0,0,0,0,0,0,0,0,0, 0,0,0,0,0,9,0,0,0,0
22360,6,32,4.2,88,33,0.966744,13.1646,0,1334,0,0,0,0,0,0,0,0,0, 0,0,0,0,0,9,0,0,0,0
22360,7,136,-54.4,60,32,-7.31791,5.23911,0,1334,0,0,0,0,0,0,0,0,0, 0,0,0,0,0,9,0,0,0,0
22360,8,26,-0.6,92,31.25,-0.144511,13.7992,0,1334,0,0,0,0,0,0,0,0,0, 0,0,0,0,0,9,0,0,0,0
22360,9,40,7.2,92,33,1.7296,13.6912,0,1334,0,0,0,0,0,0,0,0,0, 0,0,0,0,0,9,0,0,0,0
22400,0,244,-56.5,64,32,-8.0053,5.2986,0,0,0,0,0,0,0,0,0,0,0, 0,0,0,0,0,10,0,0,0,0
22400,1,291,-56.5,68,32,-8.50564,5.62976,0,0,0,0,0,0,0,0,0,0,0, 0,0,0,0,0,10,0,0,0,0
22400,2,242,-55.4,72,32,-8.88987,6.13271,0,0,0,0,0,0,0,0,0,0,0, 0,0,0,0,0,10,0,0,0,0
22400,3,159,-51.6,76,32,-8.93411,7.08108,0,0,0,0,0,0,0,0,0,0,0, 0,0,0,0,0,10,0,0,0,0
22400,4,107,-48,80,32,-8.91774,8.02957,0,0,0,0,0,0,0,0,0,0,0, 0,0,0,0,0,10,0,0,0,0
22400,5,39,6.1,84,33,1.33893,12.5287,0,0,0,0,0,0,0,0,0,0,0, 0,0,0,0,0,10,0,0,0,0
22400,6,36,4.8,88,33,1.10455,13.1537,0,0,0,0,0,0,0,0,0,0,0, 0,0,0,0,0,10,0,0,0,0
22400,7,139,-57.4,60,32,-7.58207,4.84894,0,0,0,0,0,0,0,0,0,0,0, 0,0,0,0,0,10,0,0,0,0
22440,0,244,-58.4,64,32,-8.17658,5.03026,0,7936,0,0,0,0,0,0,0,0,0, 0,0,0,0,0,11,0,0,0,0
22440,1,289,-56.5,68,32,-8.50564,5.62976,0,7936,0,0,0,0,0,0,0,0,0, 0,0,0,0,0,11,0,0,0,0
22440,2,25,-6.6,100,30.75,-1.72406,14.9006,0,7936,0,0,0,0,0,0,0,0,0, 0,0,0,0,0,11,0,0,0,0
22440,3,238,-56.5,72,32,-9.00597,5.96092,0,7936,0,0,0,0,0,0,0,0,0, 0,0,0,0,0,11,0,0,0,0
22440,4,148,-54.4,76,32,-9.26935,6.6362,0,7936,0,0,0,0,0,0,0,0,0, 0,0,0,0,0,11,0,0,0,0
22440,5,39,-7.8,108,31,-2.19859,16.0501,0,7936,0,0,0,0,0,0,0,0,0, 0,0,0,0,0,11,0,0,0,0
22440,6,98,-45.9,80,32,-8.61752,8.35095,0,7936,0,0,0,0,0,0,0,0,0, 0,0,0,0,0,11,0,0,0,0
22440,7,55,7.8,84,32.75,1.71002,12.4834,0,7936,0,0,0,0,0,0,0,0,0, 0,0,0,0,0,11,0,0,0,0
22440,8,60,7.8,84,33,1.71002,12.4834,0,7936,0,0,0,0,0,0,0,0,0, 0,0,0,0,0,11,0,0,0,0
22440,9,35,6.1,88,31.75,1.40269,13.1253,0,7936,0,0,0,0,0,0,0,0,0, 0,0,0,0,0,11,0,0,0,0
22440,10,56,6.6,88,33,1.51717,13.1125,0,7936,0,0,0,0,0,0,0,0,0, 0,0,0,0,0,11,0,0,0,0
22440,11,136,-59.4,60,32,-7.74668,4.58137,0,7936,0,0,0,0,0,0,0,0,0, 0,0,0,0,0,11,0,0,0,0
22480,0,242,-58.4,64,32,-8.17658,5.03026,0,1140,0,0,0,0,0,0,0,0,0, 0,0,0,0,0,12,0,0,0,0
22480,1,290,-56.5,68,32,-8.50564,5.62976,0,1140,0,0,0,0,0,0,0,0,0, 0,0,0,0,0,12,0,0,0,0
22480,2,237,-56.5,72,32,-9.00597,5.96092,0,1140,0,0,0,0,0,0,0,0,0, 0,0,0,0,0,12,0,0,0,0
22480,3,40,-6,104,32.25,-1.63064,15.5145,0,1140,0,0,0,0,0,0,0,0,0, 0,0,0,0,0,12,0,0,0,0
22480,4,151,-53.4,76,32,-9.15212,6.79696,0,1140,0,0,0,0,0,0,0,0,0, 0,0,0,0,0,12,0,0,0,0
22480,5,41,-7.8,108,32.25,-2.19859,16.0501,0,1140,0,0,0,0,0,0,0,0,0, 0,0,0,0,0,12,0,0,0,0
22480,6,104,-45.9,80,32,-8.61752,8.35095,0,1140,0,0,0,0,0,0,0,0,0, 0,0,0,0,0,12,0,0,0,0
22480,7,81,-44.2,84,32,-8.78428,9.03307,0,1140,0,0,0,0,0,0,0,0,0, 0,0,0,0,0,12,0,0,0,0
22480,8,137,-58.4,60,32,-7.66554,4.71587,0,1140,0,0,0,0,0,0,0,0,0, 0,0,0,0,0,12,0,0,0,0
22480,9,12,-15.7,412,51.25,-16.7231,59.4943,0,1140,0,0,0,0,0,0,0,0,0, 0,0,0,0,0,12,0,0,0,0
22520,0,244,-57.4,64,32,-8.08754,5.1722,0,86,0,0,0,0,0,0,0,0,0, 0,0,0,0,0,13,0,0,0,0
22520,1,286,-56.5,68,32,-8.50564,5.62976,0,86,0,0,0,0,0,0,0,0,0, 0,0,0,0,0,13,0,0,0,0
22520,2,234,-56.5,72,32,-9.00597,5.96092,0,86,0,0,0,0,0,0,0,0,0, 0,0,0,0,0,13,0,0,0,0
22520,3,30,5.4,76,33.25,1.07283,11.3494,0,86,0,0,0,0,0,0,0,0,0, 0,0,0,0,0,13,0,0,0,0
22520,4,144,-53.4,76,32,-9.15212,6.79696,0,86,0,0,0,0,0,0,0,0,0, 0,0,0,0,0,13,0,0,0,0
22520,5,61,8.8,80,33,1.83583,11.8587,0,86,0,0,0,0,0,0,0,0,0, 0,0,0,0,0,13,0,0,0,0
22520,6,96,-44.2,80,32,-8.36598,8.60293,0,86,0,0,0,0,0,0,0,0,0, 0,0,0,0,0,13,0,0,0,0
22520,7,58,3.6,84,32.75,0.79116,12.5751,0,86,0,0,0,0,0,0,0,0,0, 0,0,0,0,0,13,0,0,0,0
22520,8,59,4.2,84,33,0.922801,12.5662,0,86,0,0,0,0,0,0,0,0,0, 0,0,0,0,0,13,0,0,0,0
22520,9,40,2.4,88,33,0.552759,13.1884,0,86,0,0,0,0,0,0,0,0,0, 0,0,0,0,0,13,0,0,0,0
22520,10,134,-58.4,60,32,-7.66554,4.71587,0,86,0,0,0,0,0,0,0,0,0, 0,0,0,0,0,13,0,0,0,0
22560,0,242,-57.4,64,32,-8.08754,5.1722,0,0,0,0,0,0,0,0,0,0,0, 0,0,0,0,0,14,0,0,0,0
22560,1,284,-56.5,68,32,-8.50564,5.62976,0,0,0,0,0,0,0,0,0,0,0, 0,0,0,0,0,14,0,0,0,0
22560,2,48,-7.8,100,32.25,-2.03573,14.8612,0,0,0,0,0,0,0,0,0,0,0, 0,0,0,0,0,14,0,0,0,0
22560,3,234,-56.5,72,32,-9.00597,5.96092,0,0,0,0,0,0,0,0,0,0,0, 0,0,0,0,0,14,0,0,0,0
22560,4,26,8.8,76,31.75,1.74404,11.2658,0,0,0,0,0,0,0,0,0,0,0, 0,0,0,0,0,14,0,0,0,0
22560,5,47,7.2,76,32.75,1.4288,11.3101,0,0,0,0,0,0,0,0,0,0,0, 0,0,0,0,0,14,0,0,0,0
22560,6,49,6.1,76,33,1.21141,11.3355,0,0,0,0,0,0,0,0,0,0,0, 0,0,0,0,0,14,0,0,0,0
22560,7,150,-54.4,76,32,-9.26935,6.6362,0,0,0,0,0,0,0,0,0,0,0, 0,0,0,0,0,14,0,0,0,0
22560,8,73,5.4,80,32.75,1.1293,11.9467,0,0,0,0,0,0,0,0,0,0,0, 0,0,0,0,0,14,0,0,0,0
22560,9,79,5.4,80,33,1.1293,11.9467,0,0,0,0,0,0,0,0,0,0,0, 0,0,0,0,0,14,0,0,0,0
22560,10,102,-48,80,32,-8.91774,8.02957,0,0,0,0,0,0,0,0,0,0,0, 0,0,0,0,0,14,0,0,0,0
22560,11,59,4.8,84,32.75,1.05434,12.5558,0,0,0,0,0,0,0,0,0,0,0, 0,0,0,0,0,14,0,0,0,0
22560,12,68,4.8,84,33,1.05434,12.5558,0,0,0,0,0,0,0,0,0,0,0, 0,0,0,0,0,14,0,0,0,0
22560,13,49,6.1,88,33,1.40269,13.1253,0,0,0,0,0,0,0,0,0,0,0, 0,0,0,0,0,14,0,0,0,0
22560,14,137,-59.4,60,32,-7.74668,4.58137,0,0,0,0,0,0,0,0,0,0,0, 0,0,0,0,0,14,0,0,0,0
22600,0,243,-58.4,64,32,-8.17658,5.03026,0,0,0,0,0,0,0,0,0,0,0, 0,0,0,0,0,15,0,0,0,0
22600,1,285,-58.4,68,32,-8.68761,5.34466,0,0,0,0,0,0,0,0,0,0,0, 0,0,0,0,0,15,0,0,0,0
22600,2,233,-57.4,72,32,-9.09849,5.81872,0,0,0,0,0,0,0,0,0,0,0, 0,0,0,0,0,15,0,0,0,0
22600,3,142,-55.4,76,32,-9.38375,6.47342,0,0,0,0,0,0,0,0,0,0,0, 0,0,0,0,0,15,0,0,0,0
22600,4,36,2.4,108,31.75,0.678386,16.1858,0,0,0,0,0,0,0,0,0,0,0, 0,0,0,0,0,15,0,0,0,0
22600,5,35,6.6,80,33,1.37925,11.9205,0,0,0,0,0,0,0,0,0,0,0, 0,0,0,0,0,15,0,0,0,0
22600,6,95,-45.9,80,32,-8.61752,8.35095,0,0,0,0,0,0,0,0,0,0,0, 0,0,0,0,0,15,0,0,0,0
22600,7,23,1.8,112,31.5,0.527701,16.7917,0,0,0,0,0,0,0,0,0,0,0, 0,0,0,0,0,15,0,0,0,0
22600,8,61,5.4,84,32.75,1.18576,12.5441,0,0,0,0,0,0,0,0,0,0,0, 0,0,0,0,0,15,0,0,0,0
22600,9,65,5.4,84,33,1.18576,12.5441,0,0,0,0,0,0,0,0,0,0,0, 0,0,0,0,0,15,0,0,0,0
22600,10,30,3.1,88,31.75,0.71384,13.1807,0,0,0,0,0,0,0,0,0,0,0, 0,0,0,0,0,15,0,0,0,0
22600,11,56,3.6,88,32.75,0.828835,13.174,0,0,0,0,0,0,0,0,0,0,0, 0,0,0,0,0,15,0,0,0,0
22600,12,57,4.2,88,33,0.966744,13.1646,0,0,0,0,0,0,0,0,0,0,0, 0,0,0,0,0,15,0,0,0,0
22600,13,138,-59.4,60,32,-7.74668,4.58137,0,0,0,0,0,0,0,0,0,0,0, 0,0,0,0,0,15,0,0,0,0
22640,0,244,-59.4,64,32,-8.26312,4.8868,0,0,0,0,0,0,0,0,0,0,0, 0,0,0,0,0,0,0,0,0,0
22640,1,285,-58.4,68,32,-8.68761,5.34466,0,0,0,0,0,0,0,0,0,0,0, 0,0,0,0,0,0,0,0,0,0
22640,2,237,-57.4,72,32,-9.09849,5.81872,0,0,0,0,0,0,0,0,0,0,0, 0,0,0,0,0,0,0,0,0,0
22640,3,35,3.6,76,31.75,0.715812,11.3775,0,0,0,0,0,0,0,0,0,0,0, 0,0,0,0,0,0,0,0,0,0
22640,4,64,4.2,76,32.75,0.834915,11.3694,0,0,0,0,0,0,0,0,0,0,0, 0,0,0,0,0,0,0,0,0,0
22640,5,66,4.8,76,33,0.953927,11.36,0,0,0,0,0,0,0,0,0,0,0, 0,0,0,0,0,0,0,0,0,0
22640,6,151,-56.5,76,32,-9.5063,6.29208,0,0,0,0,0,0,0,0,0,0,0, 0,0,0,0,0,0,0,0,0,0
22640,7,57,6.1,80,31.75,1.27517,11.9321,0,0,0,0,0,0,0,0,0,0,0, 0,0,0,0,0,0,0,0,0,0
22640,8,114,6.1,80,32.75,1.27517,11.9321,0,0,0,0,0,0,0,0,0,0,0, 0,0,0,0,0,0,0,0,0,0
22640,9,120,6.1,80,33,1.27517,11.9321,0,0,0,0,0,0,0,0,0,0,0, 0,0,0,0,0,0,0,0,0,0
22640,10,103,-53.4,80,32,-9.63381,7.1547,0,0,0,0,0,0,0,0,0,0,0, 0,0,0,0,0,0,0,0,0,0
22640,11,37,4.2,112,31.75,1.2304,16.7549,0,0,0,0,0,0,0,0,0,0,0, 0,0,0,0,0,0,0,0,0,0
22640,12,34,4.8,112,33,1.40579,16.7411,0,0,0,0,0,0,0,0,0,0,0, 0,0,0,0,0,0,0,0,0,0
22640,13,49,3.1,84,31.75,0.681393,12.5816,0,0,0,0,0,0,0,0,0,0,0, 0,0,0,0,0,0,0,0,0,0
22640,14,92,4.8,84,32.75,1.05434,12.5558,0,0,0,0,0,0,0,0,0,0,0, 0,0,0,0,0,0,0,0,0,0
22640,15,91,4.8,84,33,1.05434,12.5558,0,0,0,0,0,0,0,0,0,0,0, 0,0,0,0,0,0,0,0,0,0
22640,16,47,8.3,88,31.75,1.9055,13.0617,0,0,0,0,0,0,0,0,0,0,0, 0,0,0,0,0,0,0,0,0,0
22640,17,96,7.2,88,32.75,1.6544,13.0959,0,0,0,0,0,0,0,0,0,0,0, 0,0,0,0,0,0,0,0,0,0
22640,18,98,7.2,88,33,1.6544,13.0959,0,0,0,0,0,0,0,0,0,0,0, 0,0,0,0,0,0,0,0,0,0
22640,19,137,-59.4,60,32,-7.74668,4.58137,0,0,0,0,0,0,0,0,0,0,0, 0,0,0,0,0,0,0,0,0,0
22640,20,36,5.4,92,31.75,1.29869,13.7388,0,0,0,0,0,0,0,0,0,0,0, 0,0,0,0,0,0,0,0,0,0
22640,21,55,6.6,92,33,1.58613,13.7085,0,0,0,0,0,0,0,0,0,0,0, 0,0,0,0,0,0,0,0,0,0
22680,0,243,-58.4,64,32,-8.17658,5.03026,0,0,0,0,0,0,0,0,0,0,0, 0,0,0,0,0,1,0,0,0,0
22680,1,288,-56.5,68,32,-8.50564,5.62976,0,0,0,0,0,0,0,0,0,0,0, 0,0,0,0,0,1,0,0,0,0
22680,2,239,-55.4,72,32,-8.88987,6.13271,0,0,0,0,0,0,0,0,0,0,0, 0,0,0,0,0,1,0,0,0,0
22680,3,52,7.2,76,33,1.4288,11.3101,0,0,0,0,0,0,0,0,0,0,0, 0,0,0,0,0,1,0,0,0,0
22680,4,148,-51.6,76,32,-8.93411,7.08108,0,0,0,0,0,0,0,0,0,0,0, 0,0,0,0,0,1,0,0,0,0
22680,5,42,7.2,80,31.75,1.504,11.9054,0,0,0,0,0,0,0,0,0,0,0, 0,0,0,0,0,1,0,0,0,0
22680,6,75,6.6,80,32.75,1.37925,11.9205,0,0,0,0,0,0,0,0,0,0,0, 0,0,0,0,0,1,0,0,0,0
22680,7,76,7.2,80,33,1.504,11.9054,0,0,0,0,0,0,0,0,0,0,0, 0,0,0,0,0,1,0,0,0,0
22680,8,101,-45.9,80,32,-8.61752,8.35095,0,0,0,0,0,0,0,0,0,0,0, 0,0,0,0,0,1,0,0,0,0
22680,9,57,6.1,84,31.75,1.33893,12.5287,0,0,0,0,0,0,0,0,0,0,0, 0,0,0,0,0,1,0,0,0,0
22680,10,110,6.1,84,32.75,1.33893,12.5287,0,0,0,0,0,0,0,0,0,0,0, 0,0,0,0,0,1,0,0,0,0
22680,11,115,6.1,84,33,1.33893,12.5287,0,0,0,0,0,0,0,0,0,0,0, 0,0,0,0,0,1,0,0,0,0
22680,12,45,6.1,88,31.75,1.40269,13.1253,0,0,0,0,0,0,0,0,0,0,0, 0,0,0,0,0,1,0,0,0,0
22680,13,83,6.6,88,32.75,1.51717,13.1125,0,0,0,0,0,0,0,0,0,0,0, 0,0,0,0,0,1,0,0,0,0
22680,14,84,6.6,88,33,1.51717,13.1125,0,0,0,0,0,0,0,0,0,0,0, 0,0,0,0,0,1,0,0,0,0
22680,15,138,-58.4,60,32,-7.66554,4.71587,0,0,0,0,0,0,0,0,0,0,0, 0,0,0,0,0,1,0,0,0,0
22680,16,41,9.9,92,33,2.37262,13.5945,0,0,0,0,0,0,0,0,0,0,0, 0,0,0,0,0,1,0,0,0,0
22720,0,243,-57.4,64,32,-8.08754,5.1722,0,0,0,0,0,0,0,0,0,0,0, 0,0,0,0,0,2,0,0,0,0
22720,1,288,-56.5,68,32,-8.50564,5.62976,0,0,0,0,0,0,0,0,0,0,0, 0,0,0,0,0,2,0,0,0,0
22720,2,238,-55.4,72,32,-8.88987,6.13271,0,0,0,0,0,0,0,0,0,0,0, 0,0,0,0,0,2,0,0,0,0
22720,3,57,3.6,76,33,0.715812,11.3775,0,0,0,0,0,0,0,0,0,0,0, 0,0,0,0,0,2,0,0,0,0
22720,4,153,-51.6,76,32,-8.93411,7.08108,0,0,0,0,0,0,0,0,0,0,0, 0,0,0,0,0,2,0,0,0,0
22720,5,50,3.6,80,32.75,0.753486,11.9763,0,0,0,0,0,0,0,0,0,0,0, 0,0,0,0,0,2,0,0,0,0
22720,6,53,4.2,80,33,0.878858,11.9678,0,0,0,0,0,0,0,0,0,0,0, 0,0,0,0,0,2,0,0,0,0
22720,7,107,-53.4,80,32,-9.63381,7.1547,0,0,0,0,0,0,0,0,0,0,0, 0,0,0,0,0,2,0,0,0,0
22720,8,39,6.1,84,32.75,1.33893,12.5287,0,0,0,0,0,0,0,0,0,0,0, 0,0,0,0,0,2,0,0,0,0
22720,9,43,6.1,84,33,1.33893,12.5287,0,0,0,0,0,0,0,0,0,0,0, 0,0,0,0,0,2,0,0,0,0
22720,10,82,-68.6,84,32,-11.7313,4.59745,0,0,0,0,0,0,0,0,0,0,0, 0,0,0,0,0,2,0,0,0,0
22720,11,137,-58.4,60,32,-7.66554,4.71587,0,0,0,0,0,0,0,0,0,0,0, 0,0,0,0,0,2,0,0,0,0
22760,0,244,-57.4,64,32,-8.08754,5.1722,0,0,0,0,0,0,0,0,0,0,0, 0,0,0,0,0,3,0,0,0,0
22760,1,286,-56.5,68,32,-8.50564,5.62976,0,0,0,0,0,0,0,0,0,0,0, 0,0,0,0,0,3,0,0,0,0
22760,2,63,8.3,72,33,1.55905,10.6869,0,0,0,0,0,0,0,0,0,0,0, 0,0,0,0,0,3,0,0,0,0
22760,3,239,-56.5,72,32,-9.00597,5.96092,0,0,0,0,0,0,0,0,0,0,0, 0,0,0,0,0,3,0,0,0,0
22760,4,68,4.8,76,31.75,0.953927,11.36,0,0,0,0,0,0,0,0,0,0,0, 0,0,0,0,0,3,0,0,0,0
22760,5,123,5.4,76,32.75,1.07283,11.3494,0,0,0,0,0,0,0,0,0,0,0, 0,0,0,0,0,3,0,0,0,0
22760,6,122,5.4,76,33,1.07283,11.3494,0,0,0,0,0,0,0,0,0,0,0, 0,0,0,0,0,3,0,0,0,0
22760,7,154,-51.6,76,32,-8.93411,7.08108,0,0,0,0,0,0,0,0,0,0,0, 0,0,0,0,0,3,0,0,0,0
22760,8,99,7.8,80,31.75,1.62859,11.889,0,0,0,0,0,0,0,0,0,0,0, 0,0,0,0,0,3,0,0,0,0
22760,9,165,7.2,80,32.75,1.504,11.9054,0,0,0,0,0,0,0,0,0,0,0, 0,0,0,0,0,3,0,0,0,0
22760,10,161,7.2,80,33,1.504,11.9054,0,0,0,0,0,0,0,0,0,0,0, 0,0,0,0,0,3,0,0,0,0
22760,11,101,-49.8,80,32,-9.16555,7.74549,0,0,0,0,0,0,0,0,0,0,0, 0,0,0,0,0,3,0,0,0,0
22760,12,97,6.6,84,31.75,1.44821,12.5165,0,0,0,0,0,0,0,0,0,0,0, 0,0,0,0,0,3,0,0,0,0
22760,13,165,6.1,84,32.75,1.33893,12.5287,0,0,0,0,0,0,0,0,0,0,0, 0,0,0,0,0,3,0,0,0,0
22760,14,165,6.1,84,33,1.33893,12.5287,0,0,0,0,0,0,0,0,0,0,0, 0,0,0,0,0,3,0,0,0,0
22760,15,59,5.4,88,31.75,1.24223,13.1414,0,0,0,0,0,0,0,0,0,0,0, 0,0,0,0,0,3,0,0,0,0
22760,16,111,5.4,88,32.75,1.24223,13.1414,0,0,0,0,0,0,0,0,0,0,0, 0,0,0,0,0,3,0,0,0,0
22760,17,112,5.4,88,33,1.24223,13.1414,0,0,0,0,0,0,0,0,0,0,0, 0,0,0,0,0,3,0,0,0,0
22760,18,138,-58.4,60,32,-7.66554,4.71587,0,0,0,0,0,0,0,0,0,0,0, 0,0,0,0,0,3,0,0,0,0
22760,19,43,6.6,92,33,1.58613,13.7085,0,0,0,0,0,0,0,0,0,0,0, 0,0,0,0,0,3,0,0,0,0
22800,0,244,-57.4,64,32,-8.08754,5.1722,0,0,0,0,0,0,0,0,0,0,0, 0,0,0,0,0,4,0,0,0,0
22800,1,288,-56.5,68,32,-8.50564,5.62976,0,0,0,0,0,0,0,0,0,0,0, 0,0,0,0,0,4,0,0,0,0
22800,2,33,3.1,72,33,0.584051,10.7842,0,0,0,0,0,0,0,0,0,0,0, 0,0,0,0,0,4,0,0,0,0
22800,3,242,-55.4,72,32,-8.88987,6.13271,0,0,0,0,0,0,0,0,0,0,0, 0,0,0,0,0,4,0,0,0,0
22800,4,43,9.9,76,31.75,1.95999,11.2302,0,0,0,0,0,0,0,0,0,0,0, 0,0,0,0,0,4,0,0,0,0
22800,5,82,8.3,76,32.75,1.64566,11.2806,0,0,0,0,0,0,0,0,0,0,0, 0,0,0,0,0,4,0,0,0,0
22800,6,86,7.8,76,33,1.54716,11.2945,0,0,0,0,0,0,0,0,0,0,0, 0,0,0,0,0,4,0,0,0,0
22800,7,158,-51.6,76,32,-8.93411,7.08108,0,0,0,0,0,0,0,0,0,0,0, 0,0,0,0,0,4,0,0,0,0
22800,8,46,6.6,80,31.75,1.37925,11.9205,0,0,0,0,0,0,0,0,0,0,0, 0,0,0,0,0,4,0,0,0,0
22800,9,74,5.4,80,33,1.1293,11.9467,0,0,0,0,0,0,0,0,0,0,0, 0,0,0,0,0,4,0,0,0,0
22800,10,113,-48,80,32,-8.91774,8.02957,0,0,0,0,0,0,0,0,0,0,0, 0,0,0,0,0,4,0,0,0,0
22800,11,64,4.8,84,33,1.05434,12.5558,0,0,0,0,0,0,0,0,0,0,0, 0,0,0,0,0,4,0,0,0,0
22800,12,44,8.8,88,33,2.01941,13.0446,0,0,0,0,0,0,0,0,0,0,0, 0,0,0,0,0,4,0,0,0,0
22800,13,139,-57.4,60,32,-7.58207,4.84894,0,0,0,0,0,0,0,0,0,0,0, 0,0,0,0,0,4,0,0,0,0
22840,0,245,-56.5,64,32,-8.0053,5.2986,0,0,0,0,0,0,0,0,0,0,0, 0,0,0,0,0,5,0,0,0,0
22840,1,291,-55.4,68,32,-8.39599,5.79201,0,0,0,0,0,0,0,0,0,0,0, 0,0,0,0,0,5,0,0,0,0
22840,2,33,4.8,72,33,0.903721,10.7621,0,0,0,0,0,0,0,0,0,0,0, 0,0,0,0,0,5,0,0,0,0
22840,3,241,-54.4,72,32,-8.78149,6.28693,0,0,0,0,0,0,0,0,0,0,0, 0,0,0,0,0,5,0,0,0,0
22840,4,41,-4.2,104,32.25,-1.14252,15.5581,0,0,0,0,0,0,0,0,0,0,0, 0,0,0,0,0,5,0,0,0,0
22840,5,38,6.1,76,33,1.21141,11.3355,0,0,0,0,0,0,0,0,0,0,0, 0,0,0,0,0,5,0,0,0,0
22840,6,151,-53.4,76,32,-9.15212,6.79696,0,0,0,0,0,0,0,0,0,0,0, 0,0,0,0,0,5,0,0,0,0
22840,7,43,7.8,80,33,1.62859,11.889,0,0,0,0,0,0,0,0,0,0,0, 0,0,0,0,0,5,0,0,0,0
22840,8,96,-53.4,80,32,-9.63381,7.1547,0,0,0,0,0,0,0,0,0,0,0, 0,0,0,0,0,5,0,0,0,0
22840,9,27,6.1,84,33.25,1.33893,12.5287,0,0,0,0,0,0,0,0,0,0,0, 0,0,0,0,0,5,0,0,0,0
22840,10,139,-57.4,60,32,-7.58207,4.84894,0,0,0,0,0,0,0,0,0,0,0, 0,0,0,0,0,5,0,0,0,0
22880,0,244,-56.5,64,32,-8.0053,5.2986,0,0,0,0,0,0,0,0,0,0,0, 0,0,0,0,0,6,0,0,0,0
22880,1,288,-56.5,68,32,-8.50564,5.62976,0,0,0,0,0,0,0,0,0,0,0, 0,0,0,0,0,6,0,0,0,0
22880,2,240,-55.4,72,32,-8.88987,6.13271,0,0,0,0,0,0,0,0,0,0,0, 0,0,0,0,0,6,0,0,0,0
22880,3,29,5.4,76,32.75,1.07283,11.3494,0,0,0,0,0,0,0,0,0,0,0, 0,0,0,0,0,6,0,0,0,0
22880,4,154,-53.4,76,32,-9.15212,6.79696,0,0,0,0,0,0,0,0,0,0,0, 0,0,0,0,0,6,0,0,0,0
22880,5,38,4.8,80,33,1.00413,11.9579,0,0,0,0,0,0,0,0,0,0,0, 0,0,0,0,0,6,0,0,0,0
22880,6,102,-54.4,80,32,-9.75721,6.98548,0,0,0,0,0,0,0,0,0,0,0, 0,0,0,0,0,6,0,0,0,0
22880,7,27,5.4,112,33,1.58102,16.7254,0,0,0,0,0,0,0,0,0,0,0, 0,0,0,0,0,6,0,0,0,0
22880,8,28,1.3,84,33,0.28586,12.5968,0,0,0,0,0,0,0,0,0,0,0, 0,0,0,0,0,6,0,0,0,0
22880,9,28,6.6,116,33,1.99991,17.2847,0,0,0,0,0,0,0,0,0,0,0, 0,0,0,0,0,6,0,0,0,0
22880,10,25,8.3,88,31.75,1.9055,13.0617,0,0,0,0,0,0,0,0,0,0,0, 0,0,0,0,0,6,0,0,0,0
22880,11,33,7.2,88,33,1.6544,13.0959,0,0,0,0,0,0,0,0,0,0,0, 0,0,0,0,0,6,0,0,0,0
22880,12,138,-58.4,60,32,-7.66554,4.71587,0,0,0,0,0,0,0,0,0,0,0, 0,0,0,0,0,6,0,0,0,0
22920,0,246,-58.4,64,32,-8.17658,5.03026,0,0,0,0,0,0,0,0,0,0,0, 0,0,0,0,0,7,0,0,0,0
22920,1,287,-56.5,68,32,-8.50564,5.62976,0,0,0,0,0,0,0,0,0,0,0, 0,0,0,0,0,7,0,0,0,0
22920,2,39,7.2,72,33,1.3536,10.7148,0,0,0,0,0,0,0,0,0,0,0, 0,0,0,0,0,7,0,0,0,0
22920,3,236,-56.5,72,32,-9.00597,5.96092,0,0,0,0,0,0,0,0,0,0,0, 0,0,0,0,0,7,0,0,0,0
22920,4,38,-9.6,104,30.75,-2.60159,15.3815,0,0,0,0,0,0,0,0,0,0,0, 0,0,0,0,0,7,0,0,0,0
22920,5,57,6.1,76,33,1.21141,11.3355,0,0,0,0,0,0,0,0,0,0,0, 0,0,0,0,0,7,0,0,0,0
22920,6,146,-54.4,76,32,-9.26935,6.6362,0,0,0,0,0,0,0,0,0,0,0, 0,0,0,0,0,7,0,0,0,0
22920,7,34,3.1,80,31.75,0.648946,11.9824,0,0,0,0,0,0,0,0,0,0,0, 0,0,0,0,0,7,0,0,0,0
22920,8,65,5.4,80,32.75,1.1293,11.9467,0,0,0,0,0,0,0,0,0,0,0, 0,0,0,0,0,7,0,0,0,0
22920,9,65,6.1,80,33,1.27517,11.9321,0,0,0,0,0,0,0,0,0,0,0, 0,0,0,0,0,7,0,0,0,0
22920,10,96,-53.4,80,32,-9.63381,7.1547,0,0,0,0,0,0,0,0,0,0,0, 0,0,0,0,0,7,0,0,0,0
22920,11,56,5.4,84,33,1.18576,12.5441,0,0,0,0,0,0,0,0,0,0,0, 0,0,0,0,0,7,0,0,0,0
22920,12,39,7.2,88,33,1.6544,13.0959,0,0,0,0,0,0,0,0,0,0,0, 0,0,0,0,0,7,0,0,0,0
22920,13,142,-56.5,60,32,-7.50497,4.96743,0,0,0,0,0,0,0,0,0,0,0, 0,0,0,0,0,7,0,0,0,0
22960,0,244,-57.4,64,32,-8.08754,5.1722,0,0,0,0,0,0,0,0,0,0,0, 0,0,0,0,0,8,0,0,0,0
22960,1,22,31.1,68,31.75,5.26864,8.73392,0,0,0,0,0,0,0,0,0,0,0, 0,0,0,0,0,8,0,0,0,0
22960,2,285,-56.5,68,32,-8.50564,5.62976,0,0,0,0,0,0,0,0,0,0,0, 0,0,0,0,0,8,0,0,0,0
22960,3,29,8.3,72,33,1.55905,10.6869,0,0,0,0,0,0,0,0,0,0,0, 0,0,0,0,0,8,0,0,0,0
22960,4,239,-55.4,72,32,-8.88987,6.13271,0,0,0,0,0,0,0,0,0,0,0, 0,0,0,0,0,8,0,0,0,0
22960,5,42,3.6,76,32.75,0.715812,11.3775,0,0,0,0,0,0,0,0,0,0,0, 0,0,0,0,0,8,0,0,0,0
22960,6,45,3.6,76,33,0.715812,11.3775,0,0,0,0,0,0,0,0,0,0,0, 0,0,0,0,0,8,0,0,0,0
22960,7,152,-53.4,76,32,-9.15212,6.79696,0,0,0,0,0,0,0,0,0,0,0, 0,0,0,0,0,8,0,0,0,0
22960,8,56,8.8,80,32.75,1.83583,11.8587,0,0,0,0,0,0,0,0,0,0,0, 0,0,0,0,0,8,0,0,0,0
22960,9,57,8.3,80,33,1.73227,11.8743,0,0,0,0,0,0,0,0,0,0,0, 0,0,0,0,0,8,0,0,0,0
22960,10,101,-53.4,80,32,-9.63381,7.1547,0,0,0,0,0,0,0,0,0,0,0, 0,0,0,0,0,8,0,0,0,0
22960,11,138,-59.4,60,32,-7.74668,4.58137,0,0,0,0,0,0,0,0,0,0,0, 0,0,0,0,0,8,0,0,0,0
23000,0,245,-57.4,64,32,-8.08754,5.1722,0,1334,0,0,0,0,0,0,0,0,0, 0,0,0,0,0,9,0,0,0,0
23000,1,288,-56.5,68,32,-8.50564,5.62976,0,1334,0,0,0,0,0,0,0,0,0, 0,0,0,0,0,9,0,0,0,0
23000,2,34,-11.4,100,30.75,-2.96486,14.7041,0,1334,0,0,0,0,0,0,0,0,0, 0,0,0,0,0,9,0,0,0,0
23000,3,238,-56.5,72,32,-9.00597,5.96092,0,1334,0,0,0,0,0,0,0,0,0, 0,0,0,0,0,9,0,0,0,0
23000,4,149,-54.4,76,32,-9.26935,6.6362,0,1334,0,0,0,0,0,0,0,0,0, 0,0,0,0,0,9,0,0,0,0
23000,5,55,-7.2,108,31.5,-2.0304,16.0723,0,1334,0,0,0,0,0,0,0,0,0, 0,0,0,0,0,9,0,0,0,0
23000,6,35,11.1,80,33,2.31026,11.7755,0,1334,0,0,0,0,0,0,0,0,0, 0,0,0,0,0,9,0,0,0,0
23000,7,103,-51.6,80,32,-9.40432,7.45377,0,1334,0,0,0,0,0,0,0,0,0, 0,0,0,0,0,9,0,0,0,0
23000,8,21,7.8,84,31.75,1.71002,12.4834,0,1334,0,0,0,0,0,0,0,0,0, 0,0,0,0,0,9,0,0,0,0
23000,9,39,8.3,84,32.75,1.81889,12.468,0,1334,0,0,0,0,0,0,0,0,0, 0,0,0,0,0,9,0,0,0,0
23000,10,41,8.3,84,33,1.81889,12.468,0,1334,0,0,0,0,0,0,0,0,0, 0,0,0,0,0,9,0,0,0,0
23000,11,138,-57.4,60,32,-7.58207,4.84894,0,1334,0,0,0,0,0,0,0,0,0, 0,0,0,0,0,9,0,0,0,0
23040,0,248,-56.5,64,32,-8.0053,5.2986,0,0,0,0,0,0,0,0,0,0,0, 0,0,0,0,0,10,0,0,0,0
23040,1,291,-55.4,68,32,-8.39599,5.79201,0,0,0,0,0,0,0,0,0,0,0, 0,0,0,0,0,10,0,0,0,0
23040,2,244,-54.4,72,32,-8.78149,6.28693,0,0,0,0,0,0,0,0,0,0,0, 0,0,0,0,0,10,0,0,0,0
23040,3,49,-6,104,31.75,-1.63064,15.5145,0,0,0,0,0,0,0,0,0,0,0, 0,0,0,0,0,10,0,0,0,0
23040,4,60,6.1,76,33,1.21141,11.3355,0,0,0,0,0,0,0,0,0,0,0, 0,0,0,0,0,10,0,0,0,0
23040,5,157,-53.4,76,32,-9.15212,6.79696,0,0,0,0,0,0,0,0,0,0,0, 0,0,0,0,0,10,0,0,0,0
23040,6,38,6.1,80,31.75,1.27517,11.9321,0,0,0,0,0,0,0,0,0,0,0, 0,0,0,0,0,10,0,0,0,0
23040,7,74,6.6,80,32.75,1.37925,11.9205,0,0,0,0,0,0,0,0,0,0,0, 0,0,0,0,0,10,0,0,0,0
23040,8,76,6.6,80,33,1.37925,11.9205,0,0,0,0,0,0,0,0,0,0,0, 0,0,0,0,0,10,0,0,0,0
23040,9,110,-51.6,80,32,-9.40432,7.45377,0,0,0,0,0,0,0,0,0,0,0, 0,0,0,0,0,10,0,0,0,0
23040,10,62,5.4,84,32.75,1.18576,12.5441,0,0,0,0,0,0,0,0,0,0,0, 0,0,0,0,0,10,0,0,0,0
23040,11,64,5.4,84,33,1.18576,12.5441,0,0,0,0,0,0,0,0,0,0,0, 0,0,0,0,0,10,0,0,0,0
23040,12,85,-53.4,84,32,-10.1155,7.51243,0,0,0,0,0,0,0,0,0,0,0, 0,0,0,0,0,10,0,0,0,0
23040,13,43,6.6,88,33,1.51717,13.1125,0,0,0,0,0,0,0,0,0,0,0, 0,0,0,0,0,10,0,0,0,0
23040,14,142,-56.5,60,32,-7.50497,4.96743,0,0,0,0,0,0,0,0,0,0,0, 0,0,0,0,0,10,0,0,0,0
23080,0,250,-56.5,64,32,-8.0053,5.2986,0,7936,0,0,0,0,0,0,0,0,0, 0,0,0,0,0,11,0,0,0,0
23080,1,291,-56.5,68,32,-8.50564,5.62976,0,7936,0,0,0,0,0,0,0,0,0, 0,0,0,0,0,11,0,0,0,0
23080,2,242,-56.5,72,32,-9.00597,5.96092,0,7936,0,0,0,0,0,0,0,0,0, 0,0,0,0,0,11,0,0,0,0
23080,3,58,-8.4,104,32.25,-2.2789,15.4326,0,7936,0,0,0,0,0,0,0,0,0, 0,0,0,0,0,11,0,0,0,0
23080,4,151,-55.4,76,32,-9.38375,6.47342,0,7936,0,0,0,0,0,0,0,0,0, 0,0,0,0,0,11,0,0,0,0
23080,5,47,-5.4,108,32.25,-1.52455,16.1281,0,7936,0,0,0,0,0,0,0,0,0, 0,0,0,0,0,11,0,0,0,0
23080,6,41,7.8,80,33,1.62859,11.889,0,7936,0,0,0,0,0,0,0,0,0, 0,0,0,0,0,11,0,0,0,0
23080,7,101,-48,80,32,-8.91774,8.02957,0,7936,0,0,0,0,0,0,0,0,0, 0,0,0,0,0,11,0,0,0,0
23080,8,138,-60.3,60,32,-7.81768,4.45913,0,7936,0,0,0,0,0,0,0,0,0, 0,0,0,0,0,11,0,0,0,0
23120,0,244,-58.4,64,32,-8.17658,5.03026,0,1140,0,0,0,0,0,0,0,0,0, 0,0,0,0,0,12,0,0,0,0
23120,1,287,-56.5,68,32,-8.50564,5.62976,0,1140,0,0,0,0,0,0,0,0,0, 0,0,0,0,0,12,0,0,0,0
23120,2,38,8.8,72,33,1.65225,10.6729,0,1140,0,0,0,0,0,0,0,0,0, 0,0,0,0,0,12,0,0,0,0
23120,3,240,-55.4,72,32,-8.88987,6.13271,0,1140,0,0,0,0,0,0,0,0,0, 0,0,0,0,0,12,0,0,0,0
23120,4,45,9.4,76,32.75,1.86192,11.2469,0,1140,0,0,0,0,0,0,0,0,0, 0,0,0,0,0,12,0,0,0,0
23120,5,50,8.3,76,33,1.64566,11.2806,0,1140,0,0,0,0,0,0,0,0,0, 0,0,0,0,0,12,0,0,0,0
23120,6,156,-51.6,76,32,-8.93411,7.08108,0,1140,0,0,0,0,0,0,0,0,0, 0,0,0,0,0,12,0,0,0,0
23120,7,25,-7.2,108,30.75,-2.0304,16.0723,0,1140,0,0,0,0,0,0,0,0,0, 0,0,0,0,0,12,0,0,0,0
23120,8,111,-44.2,80,32,-8.36598,8.60293,0,1140,0,0,0,0,0,0,0,0,0, 0,0,0,0,0,12,0,0,0,0
23120,9,59,4.8,84,33,1.05434,12.5558,0,1140,0,0,0,0,0,0,0,0,0, 0,0,0,0,0,12,0,0,0,0
23120,10,86,-43.6,84,32,-8.68921,9.12457,0,1140,0,0,0,0,0,0,0,0,0, 0,0,0,0,0,12,0,0,0,0
23120,11,44,6.1,88,33,1.40269,13.1253,0,1140,0,0,0,0,0,0,0,0,0, 0,0,0,0,0,12,0,0,0,0
23120,12,12,-56.5,312,29.5,-39.0259,25.8307,0,1140,0,0,0,0,0,0,0,0,0, 0,0,0,0,0,12,0,0,0,0
23120,13,141,-56.5,60,32,-7.50497,4.96743,0,1140,0,0,0,0,0,0,0,0,0, 0,0,0,0,0,12,0,0,0,0
23160,0,247,-57.4,64,32,-8.08754,5.1722,0,86,0,0,0,0,0,0,0,0,0, 0,0,0,0,0,13,0,0,0,0
23160,1,33,7.2,68,33,1.2784,10.1196,0,86,0,0,0,0,0,0,0,0,0, 0,0,0,0,0,13,0,0,0,0
23160,2,291,-57.4,68,32,-8.59301,5.49546,0,86,0,0,0,0,0,0,0,0,0, 0,0,0,0,0,13,0,0,0,0
23160,3,37,-9,100,30.75,-2.34652,14.8153,0,86,0,0,0,0,0,0,0,0,0, 0,0,0,0,0,13,0,0,0,0
23160,4,43,9.4,72,31.75,1.76392,10.655,0,86,0,0,0,0,0,0,0,0,0, 0,0,0,0,0,13,0,0,0,0
23160,5,71,6.6,72,33,1.24132,10.7284,0,86,0,0,0,0,0,0,0,0,0, 0,0,0,0,0,13,0,0,0,0
23160,6,240,-56.5,72,32,-9.00597,5.96092,0,86,0,0,0,0,0,0,0,0,0, 0,0,0,0,0,13,0,0,0,0
23160,7,54,7.2,76,31.75,1.4288,11.3101,0,86,0,0,0,0,0,0,0,0,0, 0,0,0,0,0,13,0,0,0,0
23160,8,81,7.2,76,33,1.4288,11.3101,0,86,0,0,0,0,0,0,0,0,0, 0,0,0,0,0,13,0,0,0,0
23160,9,151,-53.4,76,32,-9.15212,6.79696,0,86,0,0,0,0,0,0,0,0,0, 0,0,0,0,0,13,0,0,0,0
23160,10,74,7.2,80,33,1.504,11.9054,0,86,0,0,0,0,0,0,0,0,0, 0,0,0,0,0,13,0,0,0,0
23160,11,112,-44.2,80,32,-8.36598,8.60293,0,86,0,0,0,0,0,0,0,0,0, 0,0,0,0,0,13,0,0,0,0
23160,12,48,8.3,84,31.75,1.81889,12.468,0,86,0,0,0,0,0,0,0,0,0, 0,0,0,0,0,13,0,0,0,0
23160,13,69,7.2,84,33,1.5792,12.5006,0,86,0,0,0,0,0,0,0,0,0, 0,0,0,0,0,13,0,0,0,0
23160,14,90,-42.9,84,32,-8.57708,9.23004,0,86,0,0,0,0,0,0,0,0,0, 0,0,0,0,0,13,0,0,0,0
23160,15,34,8.3,88,33,1.9055,13.0617,0,86,0,0,0,0,0,0,0,0,0, 0,0,0,0,0,13,0,0,0,0
23160,16,140,-57.4,60,32,-7.58207,4.84894,0,86,0,0,0,0,0,0,0,0,0, 0,0,0,0,0,13,0,0,0,0
23200,0,249,-56.5,64,32,-8.0053,5.2986,0,0,0,0,0,0,0,0,0,0,0, 0,0,0,0,0,14,0,0,0,0
23200,1,294,-56.5,68,32,-8.50564,5.62976,0,0,0,0,0,0,0,0,0,0,0, 0,0,0,0,0,14,0,0,0,0
23200,2,43,-10.2,100,30.75,-2.65627,14.7629,0,0,0,0,0,0,0,0,0,0,0, 0,0,0,0,0,14,0,0,0,0
23200,3,244,-55.4,72,32,-8.88987,6.13271,0,0,0,0,0,0,0,0,0,0,0, 0,0,0,0,0,14,0,0,0,0
23200,4,162,-51.6,76,32,-8.93411,7.08108,0,0,0,0,0,0,0,0,0,0,0, 0,0,0,0,0,14,0,0,0,0
23200,5,51,4.8,80,31.75,1.00413,11.9579,0,0,0,0,0,0,0,0,0,0,0, 0,0,0,0,0,14,0,0,0,0
23200,6,92,6.6,80,32.75,1.37925,11.9205,0,0,0,0,0,0,0,0,0,0,0, 0,0,0,0,0,14,0,0,0,0
23200,7,93,7.2,80,33,1.504,11.9054,0,0,0,0,0,0,0,0,0,0,0, 0,0,0,0,0,14,0,0,0,0
23200,8,112,-45,80,32,-8.48528,8.48528,0,0,0,0,0,0,0,0,0,0,0, 0,0,0,0,0,14,0,0,0,0
23200,9,26,0.1,112,32.5,0.0293215,16.8,0,0,0,0,0,0,0,0,0,0,0, 0,0,0,0,0,14,0,0,0,0
23200,10,87,-45,84,32,-8.90955,8.90955,0,0,0,0,0,0,0,0,0,0,0, 0,0,0,0,0,14,0,0,0,0
23200,11,35,8.8,88,33,2.01941,13.0446,0,0,0,0,0,0,0,0,0,0,0, 0,0,0,0,0,14,0,0,0,0
23200,12,142,-57.4,60,32,-7.58207,4.84894,0,0,0,0,0,0,0,0,0,0,0, 0,0,0,0,0,14,0,0,0,0
23240,0,249,-57.4,64,32,-8.08754,5.1722,0,0,0,0,0,0,0,0,0,0,0, 0,0,0,0,0,15,0,0,0,0
23240,1,294,-56.5,68,32,-8.50564,5.62976,0,0,0,0,0,0,0,0,0,0,0, 0,0,0,0,0,15,0,0,0,0
23240,2,243,-55.4,72,32,-8.88987,6.13271,0,0,0,0,0,0,0,0,0,0,0, 0,0,0,0,0,15,0,0,0,0
23240,3,32,-5.4,104,31.75,-1.46809,15.5308,0,0,0,0,0,0,0,0,0,0,0, 0,0,0,0,0,15,0,0,0,0
23240,4,37,6.6,76,33,1.31028,11.3244,0,0,0,0,0,0,0,0,0,0,0, 0,0,0,0,0,15,0,0,0,0
23240,5,151,-54.4,76,32,-9.26935,6.6362,0,0,0,0,0,0,0,0,0,0,0, 0,0,0,0,0,15,0,0,0,0
23240,6,34,4.8,80,31.75,1.00413,11.9579,0,0,0,0,0,0,0,0,0,0,0, 0,0,0,0,0,15,0,0,0,0
23240,7,42,6.6,80,33,1.37925,11.9205,0,0,0,0,0,0,0,0,0,0,0, 0,0,0,0,0,15,0,0,0,0
23240,8,103,-46.7,80,32,-8.73327,8.22982,0,0,0,0,0,0,0,0,0,0,0, 0,0,0,0,0,15,0,0,0,0
23240,9,47,7.8,84,33,1.71002,12.4834,0,0,0,0,0,0,0,0,0,0,0, 0,0,0,0,0,15,0,0,0,0
23240,10,141,-57.4,60,32,-7.58207,4.84894,0,0,0,0,0,0,0,0,0,0,0, 0,0,0,0,0,15,0,0,0,0
23280,0,247,-57.4,64,32,-8.08754,5.1722,0,0,0,0,0,0,0,0,0,0,0, 0,0,0,0,0,0,0,0,0,0
23280,1,292,-56.5,68,32,-8.50564,5.62976,0,0,0,0,0,0,0,0,0,0,0, 0,0,0,0,0,0,0,0,0,0
23280,2,40,8.3,72,33,1.55905,10.6869,0,0,0,0,0,0,0,0,0,0,0, 0,0,0,0,0,0,0,0,0,0
23280,3,243,-55.4,72,32,-8.88987,6.13271,0,0,0,0,0,0,0,0,0,0,0, 0,0,0,0,0,0,0,0,0,0
23280,4,37,-5.4,104,30.75,-1.46809,15.5308,0,0,0,0,0,0,0,0,0,0,0, 0,0,0,0,0,0,0,0,0,0
23280,5,61,5.4,76,32.75,1.07283,11.3494,0,0,0,0,0,0,0,0,0,0,0, 0,0,0,0,0,0,0,0,0,0
23280,6,62,5.4,76,33,1.07283,11.3494,0,0,0,0,0,0,0,0,0,0,0, 0,0,0,0,0,0,0,0,0,0
23280,7,155,-53.4,76,32,-9.15212,6.79696,0,0,0,0,0,0,0,0,0,0,0, 0,0,0,0,0,0,0,0,0,0
23280,8,105,-46.7,80,32,-8.73327,8.22982,0,0,0,0,0,0,0,0,0,0,0, 0,0,0,0,0,0,0,0,0,0
23280,9,82,-48,84,32,-9.36363,8.43105,0,0,0,0,0,0,0,0,0,0,0, 0,0,0,0,0,0,0,0,0,0
23280,10,140,-57.4,60,32,-7.58207,4.84894,0,0,0,0,0,0,0,0,0,0,0, 0,0,0,0,0,0,0,0,0,0
23320,0,243,-58.4,64,32,-8.17658,5.03026,0,0,0,0,0,0,0,0,0,0,0, 0,0,0,0,0,1,0,0,0,0
23320,1,287,-57.4,68,32,-8.59301,5.49546,0,0,0,0,0,0,0,0,0,0,0, 0,0,0,0,0,1,0,0,0,0
23320,2,41,6.6,72,31.75,1.24132,10.7284,0,0,0,0,0,0,0,0,0,0,0, 0,0,0,0,0,1,0,0,0,0
23320,3,60,6.1,72,33,1.14765,10.7388,0,0,0,0,0,0,0,0,0,0,0, 0,0,0,0,0,1,0,0,0,0
23320,4,242,-56.5,72,32,-9.00597,5.96092,0,0,0,0,0,0,0,0,0,0,0, 0,0,0,0,0,1,0,0,0,0
23320,5,50,-8.4,104,30.75,-2.2789,15.4326,0,0,0,0,0,0,0,0,0,0,0, 0,0,0,0,0,1,0,0,0,0
23320,6,57,-9,104,31,-2.44038,15.4079,0,0,0,0,0,0,0,0,0,0,0, 0,0,0,0,0,1,0,0,0,0
23320,7,70,6.1,76,33,1.21141,11.3355,0,0,0,0,0,0,0,0,0,0,0, 0,0,0,0,0,1,0,0,0,0
23320,8,150,-54.4,76,32,-9.26935,6.6362,0,0,0,0,0,0,0,0,0,0,0, 0,0,0,0,0,1,0,0,0,0
23320,9,50,6.6,80,33,1.37925,11.9205,0,0,0,0,0,0,0,0,0,0,0, 0,0,0,0,0,1,0,0,0,0
23320,10,95,-49.8,80,32,-9.16555,7.74549,0,0,0,0,0,0,0,0,0,0,0, 0,0,0,0,0,1,0,0,0,0
23320,11,138,-57.4,60,32,-7.58207,4.84894,0,0,0,0,0,0,0,0,0,0,0, 0,0,0,0,0,1,0,0,0,0
23360,0,247,-56.5,64,32,-8.0053,5.2986,0,0,0,0,0,0,0,0,0,0,0, 0,0,0,0,0,2,0,0,0,0
23360,1,29,8.3,68,31.75,1.47243,10.0932,0,0,0,0,0,0,0,0,0,0,0, 0,0,0,0,0,2,0,0,0,0
23360,2,291,-55.4,68,32,-8.39599,5.79201,0,0,0,0,0,0,0,0,0,0,0, 0,0,0,0,0,2,0,0,0,0
23360,3,35,2.4,72,31.75,0.452257,10.7905,0,0,0,0,0,0,0,0,0,0,0, 0,0,0,0,0,2,0,0,0,0
23360,4,48,6.1,72,33,1.14765,10.7388,0,0,0,0,0,0,0,0,0,0,0, 0,0,0,0,0,2,0,0,0,0
23360,5,242,-55.4,72,32,-8.88987,6.13271,0,0,0,0,0,0,0,0,0,0,0, 0,0,0,0,0,2,0,0,0,0
23360,6,56,-7.2,104,30.75,-1.9552,15.477,0,0,0,0,0,0,0,0,0,0,0, 0,0,0,0,0,2,0,0,0,0
23360,7,55,-4.8,104,32.25,-1.30537,15.5453,0,0,0,0,0,0,0,0,0,0,0, 0,0,0,0,0,2,0,0,0,0
23360,8,50,7.8,76,31.75,1.54716,11.2945,0,0,0,0,0,0,0,0,0,0,0, 0,0,0,0,0,2,0,0,0,0
23360,9,59,8.8,76,33,1.74404,11.2658,0,0,0,0,0,0,0,0,0,0,0, 0,0,0,0,0,2,0,0,0,0
23360,10,154,-53.4,76,32,-9.15212,6.79696,0,0,0,0,0,0,0,0,0,0,0, 0,0,0,0,0,2,0,0,0,0
23360,11,53,-6,108,31.75,-1.69336,16.1113,0,0,0,0,0,0,0,0,0,0,0, 0,0,0,0,0,2,0,0,0,0
23360,12,50,7.8,80,31.75,1.62859,11.889,0,0,0,0,0,0,0,0,0,0,0, 0,0,0,0,0,2,0,0,0,0
23360,13,74,8.8,80,33,1.83583,11.8587,0,0,0,0,0,0,0,0,0,0,0, 0,0,0,0,0,2,0,0,0,0
23360,14,98,-51.6,80,32,-9.40432,7.45377,0,0,0,0,0,0,0,0,0,0,0, 0,0,0,0,0,2,0,0,0,0
23360,15,43,-7.8,112,30.75,-2.28002,16.6446,0,0,0,0,0,0,0,0,0,0,0, 0,0,0,0,0,2,0,0,0,0
23360,16,46,-7.2,112,31.25,-2.1056,16.6675,0,0,0,0,0,0,0,0,0,0,0, 0,0,0,0,0,2,0,0,0,0
23360,17,41,7.8,84,31.75,1.71002,12.4834,0,0,0,0,0,0,0,0,0,0,0, 0,0,0,0,0,2,0,0,0,0
23360,18,61,7.2,84,33,1.5792,12.5006,0,0,0,0,0,0,0,0,0,0,0, 0,0,0,0,0,2,0,0,0,0
23360,19,142,-57.4,60,32,-7.58207,4.84894,0,0,0,0,0,0,0,0,0,0,0, 0,0,0,0,0,2,0,0,0,0
23400,0,247,-58.4,64,32,-8.17658,5.03026,0,0,0,0,0,0,0,0,0,0,0, 0,0,0,0,0,3,0,0,0,0
23400,1,29,8.3,68,33,1.47243,10.0932,0,0,0,0,0,0,0,0,0,0,0, 0,0,0,0,0,3,0,0,0,0
23400,2,290,-57.4,68,32,-8.59301,5.49546,0,0,0,0,0,0,0,0,0,0,0, 0,0,0,0,0,3,0,0,0,0
23400,3,239,-56.5,72,32,-9.00597,5.96092,0,0,0,0,0,0,0,0,0,0,0, 0,0,0,0,0,3,0,0,0,0
23400,4,36,6.1,76,33,1.21141,11.3355,0,0,0,0,0,0,0,0,0,0,0, 0,0,0,0,0,3,0,0,0,0
23400,5,149,-54.4,76,32,-9.26935,6.6362,0,0,0,0,0,0,0,0,0,0,0, 0,0,0,0,0,3,0,0,0,0
23400,6,51,7.8,80,31.75,1.62859,11.889,0,0,0,0,0,0,0,0,0,0,0, 0,0,0,0,0,3,0,0,0,0
23400,7,66,7.2,80,33,1.504,11.9054,0,0,0,0,0,0,0,0,0,0,0, 0,0,0,0,0,3,0,0,0,0
23400,8,96,-46.7,80,32,-8.73327,8.22982,0,0,0,0,0,0,0,0,0,0,0, 0,0,0,0,0,3,0,0,0,0
23400,9,40,6.6,84,33,1.44821,12.5165,0,0,0,0,0,0,0,0,0,0,0, 0,0,0,0,0,3,0,0,0,0
23400,10,138,-59.4,60,32,-7.74668,4.58137,0,0,0,0,0,0,0,0,0,0,0, 0,0,0,0,0,3,0,0,0,0
23440,0,244,-57.4,64,32,-8.08754,5.1722,0,0,0,0,0,0,0,0,0,0,0, 0,0,0,0,0,4,0,0,0,0
23440,1,290,-56.5,68,32,-8.50564,5.62976,0,0,0,0,0,0,0,0,0,0,0, 0,0,0,0,0,4,0,0,0,0
23440,2,69,8.3,72,31.75,1.55905,10.6869,0,0,0,0,0,0,0,0,0,0,0, 0,0,0,0,0,4,0,0,0,0
23440,3,95,7.8,72,33,1.46573,10.7001,0,0,0,0,0,0,0,0,0,0,0, 0,0,0,0,0,4,0,0,0,0
23440,4,244,-54.4,72,32,-8.78149,6.28693,0,0,0,0,0,0,0,0,0,0,0, 0,0,0,0,0,4,0,0,0,0
23440,5,86,7.8,76,31.75,1.54716,11.2945,0,0,0,0,0,0,0,0,0,0,0, 0,0,0,0,0,4,0,0,0,0
23440,6,115,7.8,76,33,1.54716,11.2945,0,0,0,0,0,0,0,0,0,0,0, 0,0,0,0,0,4,0,0,0,0
23440,7,145,-53.4,76,32,-9.15212,6.79696,0,0,0,0,0,0,0,0,0,0,0, 0,0,0,0,0,4,0,0,0,0
23440,8,57,6.1,80,31.75,1.27517,11.9321,0,0,0,0,0,0,0,0,0,0,0, 0,0,0,0,0,4,0,0,0,0
23440,9,73,7.2,80,33,1.504,11.9054,0,0,0,0,0,0,0,0,0,0,0, 0,0,0,0,0,4,0,0,0,0
23440,10,111,-45.9,80,32,-8.61752,8.35095,0,0,0,0,0,0,0,0,0,0,0, 0,0,0,0,0,4,0,0,0,0
23440,11,87,-44.2,84,32,-8.78428,9.03307,0,0,0,0,0,0,0,0,0,0,0, 0,0,0,0,0,4,0,0,0,0
23440,12,138,-57.4,60,32,-7.58207,4.84894,0,0,0,0,0,0,0,0,0,0,0, 0,0,0,0,0,4,0,0,0,0
23480,0,244,-57.4,64,32,-8.08754,5.1722,0,0,0,0,0,0,0,0,0,0,0, 0,0,0,0,0,5,0,0,0,0
23480,1,287,-56.5,68,32,-8.50564,5.62976,0,0,0,0,0,0,0,0,0,0,0, 0,0,0,0,0,5,0,0,0,0
23480,2,238,-56.5,72,32,-9.00597,5.96092,0,0,0,0,0,0,0,0,0,0,0, 0,0,0,0,0,5,0,0,0,0
23480,3,25,-5.4,104,30.75,-1.46809,15.5308,0,0,0,0,0,0,0,0,0,0,0, 0,0,0,0,0,5,0,0,0,0
23480,4,149,-53.4,76,32,-9.15212,6.79696,0,0,0,0,0,0,0,0,0,0,0, 0,0,0,0,0,5,0,0,0,0
23480,5,40,5.4,108,33,1.52455,16.1281,0,0,0,0,0,0,0,0,0,0,0, 0,0,0,0,0,5,0,0,0,0
23480,6,106,-44.2,80,32,-8.36598,8.60293,0,0,0,0,0,0,0,0,0,0,0, 0,0,0,0,0,5,0,0,0,0
23480,7,86,-42.3,84,32,-8.47996,9.31935,0,0,0,0,0,0,0,0,0,0,0, 0,0,0,0,0,5,0,0,0,0
23480,8,139,-57.4,60,32,-7.58207,4.84894,0,0,0,0,0,0,0,0,0,0,0, 0,0,0,0,0,5,0,0,0,0
23520,0,245,-56.5,64,32,-8.0053,5.2986,0,0,0,0,0,0,0,0,0,0,0, 0,0,0,0,0,6,0,0,0,0
23520,1,287,-56.5,68,32,-8.50564,5.62976,0,0,0,0,0,0,0,0,0,0,0, 0,0,0,0,0,6,0,0,0,0
23520,2,234,-55.4,72,32,-8.88987,6.13271,0,0,0,0,0,0,0,0,0,0,0, 0,0,0,0,0,6,0,0,0,0
23520,3,154,-53.4,76,32,-9.15212,6.79696,0,0,0,0,0,0,0,0,0,0,0, 0,0,0,0,0,6,0,0,0,0
23520,4,31,9.9,80,31.75,2.06315,11.8213,0,0,0,0,0,0,0,0,0,0,0, 0,0,0,0,0,6,0,0,0,0
23520,5,52,7.2,80,33,1.504,11.9054,0,0,0,0,0,0,0,0,0,0,0, 0,0,0,0,0,6,0,0,0,0
23520,6,108,-48,80,32,-8.91774,8.02957,0,0,0,0,0,0,0,0,0,0,0, 0,0,0,0,0,6,0,0,0,0
23520,7,84,-46.7,84,32,-9.16994,8.64131,0,0,0,0,0,0,0,0,0,0,0, 0,0,0,0,0,6,0,0,0,0
23520,8,137,-56.5,60,32,-7.50497,4.96743,0,0,0,0,0,0,0,0,0,0,0, 0,0,0,0,0,6,0,0,0,0
23560,0,243,-56.5,64,32,-8.0053,5.2986,0,0,0,0,0,0,0,0,0,0,0, 0,0,0,0,0,7,0,0,0,0
23560,1,287,-56.5,68,32,-8.50564,5.62976,0,0,0,0,0,0,0,0,0,0,0, 0,0,0,0,0,7,0,0,0,0
23560,2,42,7.2,72,33,1.3536,10.7148,0,0,0,0,0,0,0,0,0,0,0, 0,0,0,0,0,7,0,0,0,0
23560,3,241,-56.5,72,32,-9.00597,5.96092,0,0,0,0,0,0,0,0,0,0,0, 0,0,0,0,0,7,0,0,0,0
23560,4,56,6.1,76,31.75,1.21141,11.3355,0,0,0,0,0,0,0,0,0,0,0, 0,0,0,0,0,7,0,0,0,0
23560,5,90,7.2,76,33,1.4288,11.3101,0,0,0,0,0,0,0,0,0,0,0, 0,0,0,0,0,7,0,0,0,0
23560,6,147,-54.4,76,32,-9.26935,6.6362,0,0,0,0,0,0,0,0,0,0,0, 0,0,0,0,0,7,0,0,0,0
23560,7,37,-1.2,108,31.5,-0.339267,16.1964,0,0,0,0,0,0,0,0,0,0,0, 0,0,0,0,0,7,0,0,0,0
23560,8,109,-45,80,32,-8.48528,8.48528,0,0,0,0,0,0,0,0,0,0,0, 0,0,0,0,0,7,0,0,0,0
23560,9,37,5.4,84,32.75,1.18576,12.5441,0,0,0,0,0,0,0,0,0,0,0, 0,0,0,0,0,7,0,0,0,0
23560,10,40,6.1,84,33,1.33893,12.5287,0,0,0,0,0,0,0,0,0,0,0, 0,0,0,0,0,7,0,0,0,0
23560,11,85,-43.6,84,32,-8.68921,9.12457,0,0,0,0,0,0,0,0,0,0,0, 0,0,0,0,0,7,0,0,0,0
23560,12,137,-57.4,60,32,-7.58207,4.84894,0,0,0,0,0,0,0,0,0,0,0, 0,0,0,0,0,7,0,0,0,0
23600,0,242,-57.4,64,32,-8.08754,5.1722,0,0,0,0,0,0,0,0,0,0,0, 0,0,0,0,0,8,0,0,0,0
23600,1,291,-55.4,68,32,-8.39599,5.79201,0,0,0,0,0,0,0,0,0,0,0, 0,0,0,0,0,8,0,0,0,0
23600,2,61,7.8,72,33,1.46573,10.7001,0,0,0,0,0,0,0,0,0,0,0, 0,0,0,0,0,8,0,0,0,0
23600,3,241,-55.4,72,32,-8.88987,6.13271,0,0,0,0,0,0,0,0,0,0,0, 0,0,0,0,0,8,0,0,0,0
23600,4,148,-53.4,76,32,-9.15212,6.79696,0,0,0,0,0,0,0,0,0,0,0, 0,0,0,0,0,8,0,0,0,0
23600,5,44,-6.6,108,30.75,-1.86198,16.0926,0,0,0,0,0,0,0,0,0,0,0, 0,0,0,0,0,8,0,0,0,0
23600,6,82,-4.2,108,31.25,-1.18646,16.1565,0,0,0,0,0,0,0,0,0,0,0, 0,0,0,0,0,8,0,0,0,0
23600,7,106,-49.8,80,32,-9.16555,7.74549,0,0,0,0,0,0,0,0,0,0,0, 0,0,0,0,0,8,0,0,0,0
23600,8,45,-7.2,112,30.75,-2.1056,16.6675,0,0,0,0,0,0,0,0,0,0,0, 0,0,0,0,0,8,0,0,0,0
23600,9,37,-13.8,112,32.25,-4.00736,16.3151,0,0,0,0,0,0,0,0,0,0,0, 0,0,0,0,0,8,0,0,0,0
23600,10,33,-7.2,116,31.75,-2.1808,17.2628,0,0,0,0,0,0,0,0,0,0,0, 0,0,0,0,0,8,0,0,0,0
23600,11,138,-55.4,60,32,-7.40823,5.11059,0,0,0,0,0,0,0,0,0,0,0, 0,0,0,0,0,8,0,0,0,0
23640,0,245,-56.5,64,32,-8.0053,5.2986,0,1334,0,0,0,0,0,0,0,0,0, 0,0,0,0,0,9,0,0,0,0
23640,1,289,-55.4,68,32,-8.39599,5.79201,0,1334,0,0,0,0,0,0,0,0,0, 0,0,0,0,0,9,0,0,0,0
23640,2,45,6.6,72,31.75,1.24132,10.7284,0,1334,0,0,0,0,0,0,0,0,0, 0,0,0,0,0,9,0,0,0,0
23640,3,58,9.4,72,33,1.76392,10.655,0,1334,0,0,0,0,0,0,0,0,0, 0,0,0,0,0,9,0,0,0,0
23640,4,237,-55.4,72,32,-8.88987,6.13271,0,1334,0,0,0,0,0,0,0,0,0, 0,0,0,0,0,9,0,0,0,0
23640,5,29,12.1,76,31.75,2.38965,11.1467,0,1334,0,0,0,0,0,0,0,0,0, 0,0,0,0,0,9,0,0,0,0
23640,6,44,6.6,76,33,1.31028,11.3244,0,1334,0,0,0,0,0,0,0,0,0, 0,0,0,0,0,9,0,0,0,0
23640,7,152,-53.4,76,32,-9.15212,6.79696,0,1334,0,0,0,0,0,0,0,0,0, 0,0,0,0,0,9,0,0,0,0
23640,8,41,6.1,80,31.75,1.27517,11.9321,0,1334,0,0,0,0,0,0,0,0,0, 0,0,0,0,0,9,0,0,0,0
23640,9,73,7.2,80,33,1.504,11.9054,0,1334,0,0,0,0,0,0,0,0,0, 0,0,0,0,0,9,0,0,0,0
23640,10,114,-45,80,32,-8.48528,8.48528,0,1334,0,0,0,0,0,0,0,0,0, 0,0,0,0,0,9,0,0,0,0
23640,11,93,-41.7,84,32,-8.3819,9.40764,0,1334,0,0,0,0,0,0,0,0,0, 0,0,0,0,0,9,0,0,0,0
23640,12,139,-56.5,60,32,-7.50497,4.96743,0,1334,0,0,0,0,0,0,0,0,0, 0,0,0,0,0,9,0,0,0,0
23680,0,247,-56.5,64,32,-8.0053,5.2986,0,0,0,0,0,0,0,0,0,0,0, 0,0,0,0,0,10,0,0,0,0
23680,1,291,-56.5,68,32,-8.50564,5.62976,0,0,0,0,0,0,0,0,0,0,0, 0,0,0,0,0,10,0,0,0,0
23680,2,239,-56.5,72,32,-9.00597,5.96092,0,0,0,0,0,0,0,0,0,0,0, 0,0,0,0,0,10,0,0,0,0
23680,3,151,-54.4,76,32,-9.26935,6.6362,0,0,0,0,0,0,0,0,0,0,0, 0,0,0,0,0,10,0,0,0,0
23680,4,105,-45,80,32,-8.48528,8.48528,0,0,0,0,0,0,0,0,0,0,0, 0,0,0,0,0,10,0,0,0,0
23680,5,87,-43.6,84,32,-8.68921,9.12457,0,0,0,0,0,0,0,0,0,0,0, 0,0,0,0,0,10,0,0,0,0
23680,6,138,-56.5,60,32,-7.50497,4.96743,0,0,0,0,0,0,0,0,0,0,0, 0,0,0,0,0,10,0,0,0,0
23720,0,243,-57.4,64,32,-8.08754,5.1722,0,7936,0,0,0,0,0,0,0,0,0, 0,0,0,0,0,11,0,0,0,0
23720,1,288,-56.5,68,32,-8.50564,5.62976,0,7936,0,0,0,0,0,0,0,0,0, 0,0,0,0,0,11,0,0,0,0
23720,2,43,9.9,72,33,1.85683,10.6392,0,7936,0,0,0,0,0,0,0,0,0, 0,0,0,0,0,11,0,0,0,0
23720,3,237,-56.5,72,32,-9.00597,5.96092,0,7936,0,0,0,0,0,0,0,0,0, 0,0,0,0,0,11,0,0,0,0
23720,4,31,-2.4,104,32.25,-0.65326,15.5863,0,7936,0,0,0,0,0,0,0,0,0, 0,0,0,0,0,11,0,0,0,0
23720,5,58,8.3,76,32.75,1.64566,11.2806,0,7936,0,0,0,0,0,0,0,0,0, 0,0,0,0,0,11,0,0,0,0
23720,6,60,8.8,76,33,1.74404,11.2658,0,7936,0,0,0,0,0,0,0,0,0, 0,0,0,0,0,11,0,0,0,0
23720,7,148,-54.4,76,32,-9.26935,6.6362,0,7936,0,0,0,0,0,0,0,0,0, 0,0,0,0,0,11,0,0,0,0
23720,8,41,7.2,80,33,1.504,11.9054,0,7936,0,0,0,0,0,0,0,0,0, 0,0,0,0,0,11,0,0,0,0
23720,9,95,-46.7,80,32,-8.73327,8.22982,0,7936,0,0,0,0,0,0,0,0,0, 0,0,0,0,0,11,0,0,0,0
23720,10,137,-58.4,60,32,-7.66554,4.71587,0,7936,0,0,0,0,0,0,0,0,0, 0,0,0,0,0,11,0,0,0,0
23760,0,243,-57.4,64,32,-8.08754,5.1722,0,1140,0,0,0,0,0,0,0,0,0, 0,0,0,0,0,12,0,0,0,0
23760,1,46,8.3,68,33,1.47243,10.0932,0,1140,0,0,0,0,0,0,0,0,0, 0,0,0,0,0,12,0,0,0,0
23760,2,286,-56.5,68,32,-8.50564,5.62976,0,1140,0,0,0,0,0,0,0,0,0, 0,0,0,0,0,12,0,0,0,0
23760,3,35,4.8,72,31.75,0.903721,10.7621,0,1140,0,0,0,0,0,0,0,0,0, 0,0,0,0,0,12,0,0,0,0
23760,4,38,6.6,72,33,1.24132,10.7284,0,1140,0,0,0,0,0,0,0,0,0, 0,0,0,0,0,12,0,0,0,0
23760,5,237,-56.5,72,32,-9.00597,5.96092,0,1140,0,0,0,0,0,0,0,0,0, 0,0,0,0,0,12,0,0,0,0
23760,6,150,-54.4,76,32,-9.26935,6.6362,0,1140,0,0,0,0,0,0,0,0,0, 0,0,0,0,0,12,0,0,0,0
23760,7,104,-46.7,80,32,-8.73327,8.22982,0,1140,0,0,0,0,0,0,0,0,0, 0,0,0,0,0,12,0,0,0,0
23760,8,87,-49.8,84,32,-9.62383,8.13277,0,1140,0,0,0,0,0,0,0,0,0, 0,0,0,0,0,12,0,0,0,0
23760,9,140,-56.5,60,32,-7.50497,4.96743,0,1140,0,0,0,0,0,0,0,0,0, 0,0,0,0,0,12,0,0,0,0
23800,0,244,-57.4,64,32,-8.08754,5.1722,0,86,0,0,0,0,0,0,0,0,0, 0,0,0,0,0,13,0,0,0,0
23800,1,41,4.8,68,33,0.853514,10.1642,0,86,0,0,0,0,0,0,0,0,0, 0,0,0,0,0,13,0,0,0,0
23800,2,290,-56.5,68,32,-8.50564,5.62976,0,86,0,0,0,0,0,0,0,0,0, 0,0,0,0,0,13,0,0,0,0
23800,3,235,-56.5,72,32,-9.00597,5.96092,0,86,0,0,0,0,0,0,0,0,0, 0,0,0,0,0,13,0,0,0,0
23800,4,146,-54.4,76,32,-9.26935,6.6362,0,86,0,0,0,0,0,0,0,0,0, 0,0,0,0,0,13,0,0,0,0
23800,5,95,-49.8,80,32,-9.16555,7.74549,0,86,0,0,0,0,0,0,0,0,0, 0,0,0,0,0,13,0,0,0,0
23800,6,22,0.6,120,31.75,0.188492,17.999,0,86,0,0,0,0,0,0,0,0,0, 0,0,0,0,0,13,0,0,0,0
23800,7,22,4.8,120,33,1.5062,17.9369,0,86,0,0,0,0,0,0,0,0,0, 0,0,0,0,0,13,0,0,0,0
23800,8,140,-56.5,60,32,-7.50497,4.96743,0,86,0,0,0,0,0,0,0,0,0, 0,0,0,0,0,13,0,0,0,0
23840,0,245,-56.5,64,32,-8.0053,5.2986,0,0,0,0,0,0,0,0,0,0,0, 0,0,0,0,0,14,0,0,0,0
23840,1,34,10.6,68,33,1.8763,10.0259,0,0,0,0,0,0,0,0,0,0,0, 0,0,0,0,0,14,0,0,0,0
23840,2,292,-56.5,68,32,-8.50564,5.62976,0,0,0,0,0,0,0,0,0,0,0, 0,0,0,0,0,14,0,0,0,0
23840,3,241,-55.4,72,32,-8.88987,6.13271,0,0,0,0,0,0,0,0,0,0,0, 0,0,0,0,0,14,0,0,0,0
23840,4,149,-54.4,76,32,-9.26935,6.6362,0,0,0,0,0,0,0,0,0,0,0, 0,0,0,0,0,14,0,0,0,0
23840,5,101,-48,80,32,-8.91774,8.02957,0,0,0,0,0,0,0,0,0,0,0, 0,0,0,0,0,14,0,0,0,0
23840,6,138,-55.4,60,32,-7.40823,5.11059,0,0,0,0,0,0,0,0,0,0,0, 0,0,0,0,0,14,0,0,0,0
23880,0,243,-56.5,64,32,-8.0053,5.2986,0,0,0,0,0,0,0,0,0,0,0, 0,0,0,0,0,15,0,0,0,0
23880,1,287,-56.5,68,32,-8.50564,5.62976,0,0,0,0,0,0,0,0,0,0,0, 0,0,0,0,0,15,0,0,0,0
23880,2,236,-56.5,72,32,-9.00597,5.96092,0,0,0,0,0,0,0,0,0,0,0, 0,0,0,0,0,15,0,0,0,0
23880,3,145,-55.4,76,32,-9.38375,6.47342,0,0,0,0,0,0,0,0,0,0,0, 0,0,0,0,0,15,0,0,0,0
23880,4,94,-48,80,32,-8.91774,8.02957,0,0,0,0,0,0,0,0,0,0,0, 0,0,0,0,0,15,0,0,0,0
23880,5,82,-39.3,84,32,-7.9806,9.75039,0,0,0,0,0,0,0,0,0,0,0, 0,0,0,0,0,15,0,0,0,0
23880,6,139,-56.5,60,32,-7.50497,4.96743,0,0,0,0,0,0,0,0,0,0,0, 0,0,0,0,0,15,0,0,0,0
23920,0,246,-56.5,64,32,-8.0053,5.2986,0,0,0,0,0,0,0,0,0,0,0, 0,0,0,0,0,0,0,0,0,0
23920,1,289,-56.5,68,32,-8.50564,5.62976,0,0,0,0,0,0,0,0,0,0,0, 0,0,0,0,0,0,0,0,0,0
23920,2,240,-56.5,72,32,-9.00597,5.96092,0,0,0,0,0,0,0,0,0,0,0, 0,0,0,0,0,0,0,0,0,0
23920,3,151,-55.4,76,32,-9.38375,6.47342,0,0,0,0,0,0,0,0,0,0,0, 0,0,0,0,0,0,0,0,0,0
23920,4,97,-49.8,80,32,-9.16555,7.74549,0,0,0,0,0,0,0,0,0,0,0, 0,0,0,0,0,0,0,0,0,0
23920,5,82,-45,84,32,-8.90955,8.90955,0,0,0,0,0,0,0,0,0,0,0, 0,0,0,0,0,0,0,0,0,0
23920,6,42,-1.2,116,31.75,-0.364398,17.3962,0,0,0,0,0,0,0,0,0,0,0, 0,0,0,0,0,0,0,0,0,0
23920,7,139,-56.5,60,32,-7.50497,4.96743,0,0,0,0,0,0,0,0,0,0,0, 0,0,0,0,0,0,0,0,0,0
23960,0,245,-56.5,64,32,-8.0053,5.2986,0,0,0,0,0,0,0,0,0,0,0, 0,0,0,0,0,1,0,0,0,0
23960,1,284,-56.5,68,32,-8.50564,5.62976,0,0,0,0,0,0,0,0,0,0,0, 0,0,0,0,0,1,0,0,0,0
23960,2,234,-55.4,72,32,-8.88987,6.13271,0,0,0,0,0,0,0,0,0,0,0, 0,0,0,0,0,1,0,0,0,0
23960,3,144,-53.4,76,32,-9.15212,6.79696,0,0,0,0,0,0,0,0,0,0,0, 0,0,0,0,0,1,0,0,0,0
23960,4,98,-48,80,32,-8.91774,8.02957,0,0,0,0,0,0,0,0,0,0,0, 0,0,0,0,0,1,0,0,0,0
23960,5,139,-55.4,60,32,-7.40823,5.11059,0,0,0,0,0,0,0,0,0,0,0, 0,0,0,0,0,1,0,0,0,0
24000,0,242,-56.5,64,32,-8.0053,5.2986,0,0,0,0,0,0,0,0,0,0,0, 0,0,0,0,0,2,0,0,0,0
24000,1,287,-56.5,68,32,-8.50564,5.62976,0,0,0,0,0,0,0,0,0,0,0, 0,0,0,0,0,2,0,0,0,0
24000,2,239,-55.4,72,32,-8.88987,6.13271,0,0,0,0,0,0,0,0,0,0,0, 0,0,0,0,0,2,0,0,0,0
24000,3,149,-54.4,76,32,-9.26935,6.6362,0,0,0,0,0,0,0,0,0,0,0, 0,0,0,0,0,2,0,0,0,0
24000,4,48,-6,108,32.25,-1.69336,16.1113,0,0,0,0,0,0,0,0,0,0,0, 0,0,0,0,0,2,0,0,0,0
24000,5,94,-51.6,80,32,-9.40432,7.45377,0,0,0,0,0,0,0,0,0,0,0, 0,0,0,0,0,2,0,0,0,0
24000,6,45,-11.4,112,32.25,-3.32064,16.4686,0,0,0,0,0,0,0,0,0,0,0, 0,0,0,0,0,2,0,0,0,0
24000,7,137,-55.4,60,32,-7.40823,5.11059,0,0,0,0,0,0,0,0,0,0,0, 0,0,0,0,0,2,0,0,0,0
24040,0,242,-56.5,64,32,-8.0053,5.2986,0,0,0,0,0,0,0,0,0,0,0, 0,0,0,0,0,3,0,0,0,0
24040,1,289,-56.5,68,32,-8.50564,5.62976,0,0,0,0,0,0,0,0,0,0,0, 0,0,0,0,0,3,0,0,0,0
24040,2,239,-56.5,72,32,-9.00597,5.96092,0,0,0,0,0,0,0,0,0,0,0, 0,0,0,0,0,3,0,0,0,0
24040,3,146,-55.4,76,32,-9.38375,6.47342,0,0,0,0,0,0,0,0,0,0,0, 0,0,0,0,0,3,0,0,0,0
24040,4,95,-46.7,80,32,-8.73327,8.22982,0,0,0,0,0,0,0,0,0,0,0, 0,0,0,0,0,3,0,0,0,0
24040,5,12,17.9,472,33.5,21.7609,67.3729,0,0,0,0,0,0,0,0,0,0,0, 0,0,0,0,0,3,0,0,0,0
24040,6,138,-56.5,60,32,-7.50497,4.96743,0,0,0,0,0,0,0,0,0,0,0, 0,0,0,0,0,3,0,0,0,0
24080,0,243,-56.5,64,32,-8.0053,5.2986,0,0,0,0,0,0,0,0,0,0,0, 0,0,0,0,0,4,0,0,0,0
24080,1,286,-56.5,68,32,-8.50564,5.62976,0,0,0,0,0,0,0,0,0,0,0, 0,0,0,0,0,4,0,0,0,0
24080,2,236,-56.5,72,32,-9.00597,5.96092,0,0,0,0,0,0,0,0,0,0,0, 0,0,0,0,0,4,0,0,0,0
24080,3,46,-3,104,32.25,-0.816441,15.5786,0,0,0,0,0,0,0,0,0,0,0, 0,0,0,0,0,4,0,0,0,0
24080,4,145,-56.5,76,32,-9.5063,6.29208,0,0,0,0,0,0,0,0,0,0,0, 0,0,0,0,0,4,0,0,0,0
24080,5,93,-56.5,80,32,-10.0066,6.62324,0,0,0,0,0,0,0,0,0,0,0, 0,0,0,0,0,4,0,0,0,0
24080,6,50,-1.8,112,31.75,-0.527701,16.7917,0,0,0,0,0,0,0,0,0,0,0, 0,0,0,0,0,4,0,0,0,0
24080,7,135,-56.5,60,32,-7.50497,4.96743,0,0,0,0,0,0,0,0,0,0,0, 0,0,0,0,0,4,0,0,0,0
24120,0,240,-56.5,64,32,-8.0053,5.2986,0,0,0,0,0,0,0,0,0,0,0, 0,0,0,0,0,5,0,0,0,0
24120,1,282,-57.4,68,32,-8.59301,5.49546,0,0,0,0,0,0,0,0,0,0,0, 0,0,0,0,0,5,0,0,0,0
24120,2,43,69.6,8,33,1.12474,0.418287,0,0,0,0,0,0,0,0,0,0,0, 0,0,0,0,0,5,0,0,0,0
24120,3,231,-57.4,72,32,-9.09849,5.81872,0,0,0,0,0,0,0,0,0,0,0, 0,0,0,0,0,5,0,0,0,0
24120,4,142,-56.5,76,32,-9.5063,6.29208,0,0,0,0,0,0,0,0,0,0,0, 0,0,0,0,0,5,0,0,0,0
24120,5,89,-57.4,80,32,-10.1094,6.46525,0,0,0,0,0,0,0,0,0,0,0, 0,0,0,0,0,5,0,0,0,0
24120,6,76,0.1,112,31.75,0.0293215,16.8,0,0,0,0,0,0,0,0,0,0,0, 0,0,0,0,0,5,0,0,0,0
24120,7,54,5.4,116,31.75,1.63748,17.3228,0,0,0,0,0,0,0,0,0,0,0, 0,0,0,0,0,5,0,0,0,0
24120,8,137,-56.5,60,32,-7.50497,4.96743,0,0,0,0,0,0,0,0,0,0,0, 0,0,0,0,0,5,0,0,0,0
24160,0,244,-55.4,64,32,-7.90211,5.4513,0,0,0,0,0,0,0,0,0,0,0, 0,0,0,0,0,6,0,0,0,0
24160,1,289,-55.4,68,32,-8.39599,5.79201,0,0,0,0,0,0,0,0,0,0,0, 0,0,0,0,0,6,0,0,0,0
24160,2,238,-54.4,72,32,-8.78149,6.28693,0,0,0,0,0,0,0,0,0,0,0, 0,0,0,0,0,6,0,0,0,0
24160,3,148,-54.4,76,32,-9.26935,6.6362,0,0,0,0,0,0,0,0,0,0,0, 0,0,0,0,0,6,0,0,0,0
24160,4,95,-56.5,80,32,-10.0066,6.62324,0,0,0,0,0,0,0,0,0,0,0, 0,0,0,0,0,6,0,0,0,0
24160,5,43,-4.2,112,30.75,-1.2304,16.7549,0,0,0,0,0,0,0,0,0,0,0, 0,0,0,0,0,6,0,0,0,0
24160,6,136,-54.4,60,32,-7.31791,5.23911,0,0,0,0,0,0,0,0,0,0,0, 0,0,0,0,0,6,0,0,0,0
24200,0,244,-56.5,64,32,-8.0053,5.2986,0,0,0,0,0,0,0,0,0,0,0, 0,0,0,0,0,7,0,0,0,0
24200,1,289,-55.4,68,32,-8.39599,5.79201,0,0,0,0,0,0,0,0,0,0,0, 0,0,0,0,0,7,0,0,0,0
24200,2,240,-55.4,72,32,-8.88987,6.13271,0,0,0,0,0,0,0,0,0,0,0, 0,0,0,0,0,7,0,0,0,0
24200,3,147,-53.4,76,32,-9.15212,6.79696,0,0,0,0,0,0,0,0,0,0,0, 0,0,0,0,0,7,0,0,0,0
24200,4,97,-48,80,32,-8.91774,8.02957,0,0,0,0,0,0,0,0,0,0,0, 0,0,0,0,0,7,0,0,0,0
24200,5,136,-56.5,60,32,-7.50497,4.96743,0,0,0,0,0,0,0,0,0,0,0, 0,0,0,0,0,7,0,0,0,0
24240,0,240,-56.5,64,32,-8.0053,5.2986,0,0,0,0,0,0,0,0,0,0,0, 0,0,0,0,0,8,0,0,0,0
24240,1,285,-55.4,68,32,-8.39599,5.79201,0,0,0,0,0,0,0,0,0,0,0, 0,0,0,0,0,8,0,0,0,0
24240,2,237,-55.4,72,32,-8.88987,6.13271,0,0,0,0,0,0,0,0,0,0,0, 0,0,0,0,0,8,0,0,0,0
24240,3,149,-53.4,76,32,-9.15212,6.79696,0,0,0,0,0,0,0,0,0,0,0, 0,0,0,0,0,8,0,0,0,0
24240,4,53,-8.4,108,30.75,-2.36655,16.0262,0,0,0,0,0,0,0,0,0,0,0, 0,0,0,0,0,8,0,0,0,0
24240,5,62,-7.8,108,31,-2.19859,16.0501,0,0,0,0,0,0,0,0,0,0,0, 0,0,0,0,0,8,0,0,0,0
24240,6,34,-5.4,108,32.25,-1.52455,16.1281,0,0,0,0,0,0,0,0,0,0,0, 0,0,0,0,0,8,0,0,0,0
24240,7,97,-51.6,80,32,-9.40432,7.45377,0,0,0,0,0,0,0,0,0,0,0, 0,0,0,0,0,8,0,0,0,0
24240,8,50,-7.8,112,30.75,-2.28002,16.6446,0,0,0,0,0,0,0,0,0,0,0, 0,0,0,0,0,8,0,0,0,0
24240,9,33,-7.2,116,30.75,-2.1808,17.2628,0,0,0,0,0,0,0,0,0,0,0, 0,0,0,0,0,8,0,0,0,0
24240,10,138,-55.4,60,32,-7.40823,5.11059,0,0,0,0,0,0,0,0,0,0,0, 0,0,0,0,0,8,0,0,0,0
24280,0,242,-56.5,64,32,-8.0053,5.2986,0,1334,0,0,0,0,0,0,0,0,0, 0,0,0,0,0,9,0,0,0,0
24280,1,289,-56.5,68,32,-8.50564,5.62976,0,1334,0,0,0,0,0,0,0,0,0, 0,0,0,0,0,9,0,0,0,0
24280,2,236,-55.4,72,32,-8.88987,6.13271,0,1334,0,0,0,0,0,0,0,0,0, 0,0,0,0,0,9,0,0,0,0
24280,3,148,-53.4,76,32,-9.15212,6.79696,0,1334,0,0,0,0,0,0,0,0,0, 0,0,0,0,0,9,0,0,0,0
24280,4,33,-3.6,108,32.25,-1.01721,16.168,0,1334,0,0,0,0,0,0,0,0,0, 0,0,0,0,0,9,0,0,0,0
24280,5,97,-48,80,32,-8.91774,8.02957,0,1334,0,0,0,0,0,0,0,0,0, 0,0,0,0,0,9,0,0,0,0
24280,6,134,-56.5,60,32,-7.50497,4.96743,0,1334,0,0,0,0,0,0,0,0,0, 0,0,0,0,0,9,0,0,0,0
24320,0,242,-56.5,64,32,-8.0053,5.2986,0,0,0,0,0,0,0,0,0,0,0, 0,0,0,0,0,10,0,0,0,0
24320,1,287,-56.5,68,32,-8.50564,5.62976,0,0,0,0,0,0,0,0,0,0,0, 0,0,0,0,0,10,0,0,0,0
24320,2,242,-55.4,72,32,-8.88987,6.13271,0,0,0,0,0,0,0,0,0,0,0, 0,0,0,0,0,10,0,0,0,0
24320,3,156,-51.6,76,32,-8.93411,7.08108,0,0,0,0,0,0,0,0,0,0,0, 0,0,0,0,0,10,0,0,0,0
24320,4,106,-45.9,80,32,-8.61752,8.35095,0,0,0,0,0,0,0,0,0,0,0, 0,0,0,0,0,10,0,0,0,0
24320,5,87,-46.7,84,32,-9.16994,8.64131,0,0,0,0,0,0,0,0,0,0,0, 0,0,0,0,0,10,0,0,0,0
24320,6,136,-55.4,60,32,-7.40823,5.11059,0,0,0,0,0,0,0,0,0,0,0, 0,0,0,0,0,10,0,0,0,0
24360,0,243,-56.5,64,32,-8.0053,5.2986,0,7936,0,0,0,0,0,0,0,0,0, 0,0,0,0,0,11,0,0,0,0
24360,1,288,-56.5,68,32,-8.50564,5.62976,0,7936,0,0,0,0,0,0,0,0,0, 0,0,0,0,0,11,0,0,0,0
24360,2,12,-9.6,388,54.25,-9.70594,57.385,0,7936,0,0,0,0,0,0,0,0,0, 0,0,0,0,0,11,0,0,0,0
24360,3,233,-56.5,72,32,-9.00597,5.96092,0,7936,0,0,0,0,0,0,0,0,0, 0,0,0,0,0,11,0,0,0,0
24360,4,141,-55.4,76,32,-9.38375,6.47342,0,7936,0,0,0,0,0,0,0,0,0, 0,0,0,0,0,11,0,0,0,0
24360,5,91,-49.8,80,32,-9.16555,7.74549,0,7936,0,0,0,0,0,0,0,0,0, 0,0,0,0,0,11,0,0,0,0
24360,6,137,-56.5,60,32,-7.50497,4.96743,0,7936,0,0,0,0,0,0,0,0,0, 0,0,0,0,0,11,0,0,0,0
24400,0,245,-55.4,64,32,-7.90211,5.4513,0,1140,0,0,0,0,0,0,0,0,0, 0,0,0,0,0,12,0,0,0,0
24400,1,288,-55.4,68,32,-8.39599,5.79201,0,1140,0,0,0,0,0,0,0,0,0, 0,0,0,0,0,12,0,0,0,0
24400,2,239,-55.4,72,32,-8.88987,6.13271,0,1140,0,0,0,0,0,0,0,0,0, 0,0,0,0,0,12,0,0,0,0
24400,3,152,-51.6,76,32,-8.93411,7.08108,0,1140,0,0,0,0,0,0,0,0,0, 0,0,0,0,0,12,0,0,0,0
24400,4,103,-46.7,80,32,-8.73327,8.22982,0,1140,0,0,0,0,0,0,0,0,0, 0,0,0,0,0,12,0,0,0,0
24400,5,85,-48,84,32,-9.36363,8.43105,0,1140,0,0,0,0,0,0,0,0,0, 0,0,0,0,0,12,0,0,0,0
24400,6,138,-55.4,60,32,-7.40823,5.11059,0,1140,0,0,0,0,0,0,0,0,0, 0,0,0,0,0,12,0,0,0,0
24440,0,242,-56.5,64,32,-8.0053,5.2986,0,86,0,0,0,0,0,0,0,0,0, 0,0,0,0,0,13,0,0,0,0
24440,1,287,-56.5,68,32,-8.50564,5.62976,0,86,0,0,0,0,0,0,0,0,0, 0,0,0,0,0,13,0,0,0,0
24440,2,238,-55.4,72,32,-8.88987,6.13271,0,86,0,0,0,0,0,0,0,0,0, 0,0,0,0,0,13,0,0,0,0
24440,3,153,-49.8,76,32,-8.70727,7.35822,0,86,0,0,0,0,0,0,0,0,0, 0,0,0,0,0,13,0,0,0,0
24440,4,107,-45,80,32,-8.48528,8.48528,0,86,0,0,0,0,0,0,0,0,0, 0,0,0,0,0,13,0,0,0,0
24440,5,136,-56.5,60,32,-7.50497,4.96743,0,86,0,0,0,0,0,0,0,0,0, 0,0,0,0,0,13,0,0,0,0
24480,0,245,-55.4,64,32,-7.90211,5.4513,0,0,0,0,0,0,0,0,0,0,0, 0,0,0,0,0,14,0,0,0,0
24480,1,292,-55.4,68,32,-8.39599,5.79201,0,0,0,0,0,0,0,0,0,0,0, 0,0,0,0,0,14,0,0,0,0
24480,2,246,-54.4,72,32,-8.78149,6.28693,0,0,0,0,0,0,0,0,0,0,0, 0,0,0,0,0,14,0,0,0,0
24480,3,162,-51.6,76,32,-8.93411,7.08108,0,0,0,0,0,0,0,0,0,0,0, 0,0,0,0,0,14,0,0,0,0
24480,4,104,-51.6,80,32,-9.40432,7.45377,0,0,0,0,0,0,0,0,0,0,0, 0,0,0,0,0,14,0,0,0,0
24480,5,137,-55.4,60,32,-7.40823,5.11059,0,0,0,0,0,0,0,0,0,0,0, 0,0,0,0,0,14,0,0,0,0
24520,0,245,-56.5,64,32,-8.0053,5.2986,0,0,0,0,0,0,0,0,0,0,0, 0,0,0,0,0,15,0,0,0,0
24520,1,290,-56.5,68,32,-8.50564,5.62976,0,0,0,0,0,0,0,0,0,0,0, 0,0,0,0,0,15,0,0,0,0
24520,2,239,-55.4,72,32,-8.88987,6.13271,0,0,0,0,0,0,0,0,0,0,0, 0,0,0,0,0,15,0,0,0,0
24520,3,149,-53.4,76,32,-9.15212,6.79696,0,0,0,0,0,0,0,0,0,0,0, 0,0,0,0,0,15,0,0,0,0
24520,4,101,-45.9,80,32,-8.61752,8.35095,0,0,0,0,0,0,0,0,0,0,0, 0,0,0,0,0,15,0,0,0,0
24520,5,81,-44.2,84,32,-8.78428,9.03307,0,0,0,0,0,0,0,0,0,0,0, 0,0,0,0,0,15,0,0,0,0
24520,6,138,-55.4,60,32,-7.40823,5.11059,0,0,0,0,0,0,0,0,0,0,0, 0,0,0,0,0,15,0,0,0,0
24560,0,243,-56.5,64,32,-8.0053,5.2986,0,0,0,0,0,0,0,0,0,0,0, 0,0,0,0,0,0,0,0,0,0
24560,1,288,-56.5,68,32,-8.50564,5.62976,0,0,0,0,0,0,0,0,0,0,0, 0,0,0,0,0,0,0,0,0,0
24560,2,236,-55.4,72,32,-8.88987,6.13271,0,0,0,0,0,0,0,0,0,0,0, 0,0,0,0,0,0,0,0,0,0
24560,3,149,-53.4,76,32,-9.15212,6.79696,0,0,0,0,0,0,0,0,0,0,0, 0,0,0,0,0,0,0,0,0,0
24560,4,107,-45,80,32,-8.48528,8.48528,0,0,0,0,0,0,0,0,0,0,0, 0,0,0,0,0,0,0,0,0,0
24560,5,37,-2.4,112,31.75,-0.703511,16.7853,0,0,0,0,0,0,0,0,0,0,0, 0,0,0,0,0,0,0,0,0,0
24560,6,94,-44.2,84,32,-8.78428,9.03307,0,0,0,0,0,0,0,0,0,0,0, 0,0,0,0,0,0,0,0,0,0
24560,7,137,-55.4,60,32,-7.40823,5.11059,0,0,0,0,0,0,0,0,0,0,0, 0,0,0,0,0,0,0,0,0,0
24600,0,242,-57.4,64,32,-8.08754,5.1722,0,0,0,0,0,0,0,0,0,0,0, 0,0,0,0,0,1,0,0,0,0
24600,1,286,-57.4,68,32,-8.59301,5.49546,0,0,0,0,0,0,0,0,0,0,0, 0,0,0,0,0,1,0,0,0,0
24600,2,237,-56.5,72,32,-9.00597,5.96092,0,0,0,0,0,0,0,0,0,0,0, 0,0,0,0,0,1,0,0,0,0
24600,3,29,-3,104,31.5,-0.816441,15.5786,0,0,0,0,0,0,0,0,0,0,0, 0,0,0,0,0,1,0,0,0,0
24600,4,147,-53.4,76,32,-9.15212,6.79696,0,0,0,0,0,0,0,0,0,0,0, 0,0,0,0,0,1,0,0,0,0
24600,5,108,-42.9,80,32,-8.16865,8.79051,0,0,0,0,0,0,0,0,0,0,0, 0,0,0,0,0,1,0,0,0,0
24600,6,91,-40.5,84,32,-8.18305,9.58112,0,0,0,0,0,0,0,0,0,0,0, 0,0,0,0,0,1,0,0,0,0
24600,7,133,-58.4,60,32,-7.66554,4.71587,0,0,0,0,0,0,0,0,0,0,0, 0,0,0,0,0,1,0,0,0,0
24640,0,241,-57.4,64,32,-8.08754,5.1722,0,0,0,0,0,0,0,0,0,0,0, 0,0,0,0,0,2,0,0,0,0
24640,1,287,-57.4,68,32,-8.59301,5.49546,0,0,0,0,0,0,0,0,0,0,0, 0,0,0,0,0,2,0,0,0,0
24640,2,237,-56.5,72,32,-9.00597,5.96092,0,0,0,0,0,0,0,0,0,0,0, 0,0,0,0,0,2,0,0,0,0
24640,3,149,-51.6,76,32,-8.93411,7.08108,0,0,0,0,0,0,0,0,0,0,0, 0,0,0,0,0,2,0,0,0,0
24640,4,106,-44.2,80,32,-8.36598,8.60293,0,0,0,0,0,0,0,0,0,0,0, 0,0,0,0,0,2,0,0,0,0
24640,5,86,-43.6,84,32,-8.68921,9.12457,0,0,0,0,0,0,0,0,0,0,0, 0,0,0,0,0,2,0,0,0,0
24640,6,140,-55.4,60,32,-7.40823,5.11059,0,0,0,0,0,0,0,0,0,0,0, 0,0,0,0,0,2,0,0,0,0
24680,0,244,-57.4,64,32,-8.08754,5.1722,0,0,0,0,0,0,0,0,0,0,0, 0,0,0,0,0,3,0,0,0,0
24680,1,286,-56.5,68,32,-8.50564,5.62976,0,0,0,0,0,0,0,0,0,0,0, 0,0,0,0,0,3,0,0,0,0
24680,2,44,69.6,8,33,1.12474,0.418287,0,0,0,0,0,0,0,0,0,0,0, 0,0,0,0,0,3,0,0,0,0
24680,3,234,-56.5,72,32,-9.00597,5.96092,0,0,0,0,0,0,0,0,0,0,0, 0,0,0,0,0,3,0,0,0,0
24680,4,12,28.9,456,23,33.0565,59.8818,0,0,0,0,0,0,0,0,0,0,0, 0,0,0,0,0,3,0,0,0,0
24680,5,144,-51.6,76,32,-8.93411,7.08108,0,0,0,0,0,0,0,0,0,0,0, 0,0,0,0,0,3,0,0,0,0
24680,6,101,-43.6,80,32,-8.27543,8.69006,0,0,0,0,0,0,0,0,0,0,0, 0,0,0,0,0,3,0,0,0,0
24680,7,139,-56.5,60,32,-7.50497,4.96743,0,0,0,0,0,0,0,0,0,0,0, 0,0,0,0,0,3,0,0,0,0
24720,0,242,-56.5,64,32,-8.0053,5.2986,0,0,0,0,0,0,0,0,0,0,0, 0,0,0,0,0,4,0,0,0,0
24720,1,288,-56.5,68,32,-8.50564,5.62976,0,0,0,0,0,0,0,0,0,0,0, 0,0,0,0,0,4,0,0,0,0
24720,2,239,-56.5,72,32,-9.00597,5.96092,0,0,0,0,0,0,0,0,0,0,0, 0,0,0,0,0,4,0,0,0,0
24720,3,151,-53.4,76,32,-9.15212,6.79696,0,0,0,0,0,0,0,0,0,0,0, 0,0,0,0,0,4,0,0,0,0
24720,4,107,-46.7,80,32,-8.73327,8.22982,0,0,0,0,0,0,0,0,0,0,0, 0,0,0,0,0,4,0,0,0,0
24720,5,140,-55.4,60,32,-7.40823,5.11059,0,0,0,0,0,0,0,0,0,0,0, 0,0,0,0,0,4,0,0,0,0
24760,0,247,-56.5,64,32,-8.0053,5.2986,0,0,0,0,0,0,0,0,0,0,0, 0,0,0,0,0,5,0,0,0,0
24760,1,292,-56.5,68,32,-8.50564,5.62976,0,0,0,0,0,0,0,0,0,0,0, 0,0,0,0,0,5,0,0,0,0
24760,2,240,-56.5,72,32,-9.00597,5.96092,0,0,0,0,0,0,0,0,0,0,0, 0,0,0,0,0,5,0,0,0,0
24760,3,148,-53.4,76,32,-9.15212,6.79696,0,0,0,0,0,0,0,0,0,0,0, 0,0,0,0,0,5,0,0,0,0
24760,4,100,-45.9,80,32,-8.61752,8.35095,0,0,0,0,0,0,0,0,0,0,0, 0,0,0,0,0,5,0,0,0,0
24760,5,136,-58.4,60,32,-7.66554,4.71587,0,0,0,0,0,0,0,0,0,0,0, 0,0,0,0,0,5,0,0,0,0
24800,0,244,-56.5,64,32,-8.0053,5.2986,0,0,0,0,0,0,0,0,0,0,0, 0,0,0,0,0,6,0,0,0,0
24800,1,289,-56.5,68,32,-8.50564,5.62976,0,0,0,0,0,0,0,0,0,0,0, 0,0,0,0,0,6,0,0,0,0
24800,2,242,-56.5,72,32,-9.00597,5.96092,0,0,0,0,0,0,0,0,0,0,0, 0,0,0,0,0,6,0,0,0,0
24800,3,156,-53.4,76,32,-9.15212,6.79696,0,0,0,0,0,0,0,0,0,0,0, 0,0,0,0,0,6,0,0,0,0
24800,4,108,-46.7,80,32,-8.73327,8.22982,0,0,0,0,0,0,0,0,0,0,0, 0,0,0,0,0,6,0,0,0,0
24800,5,82,-48,84,32,-9.36363,8.43105,0,0,0,0,0,0,0,0,0,0,0, 0,0,0,0,0,6,0,0,0,0
24800,6,137,-57.4,60,32,-7.58207,4.84894,0,0,0,0,0,0,0,0,0,0,0, 0,0,0,0,0,6,0,0,0,0
24840,0,244,-58.4,64,32,-8.17658,5.03026,0,0,0,0,0,0,0,0,0,0,0, 0,0,0,0,0,7,0,0,0,0
24840,1,287,-57.4,68,32,-8.59301,5.49546,0,0,0,0,0,0,0,0,0,0,0, 0,0,0,0,0,7,0,0,0,0
24840,2,240,-55.4,72,32,-8.88987,6.13271,0,0,0,0,0,0,0,0,0,0,0, 0,0,0,0,0,7,0,0,0,0
24840,3,150,-53.4,76,32,-9.15212,6.79696,0,0,0,0,0,0,0,0,0,0,0, 0,0,0,0,0,7,0,0,0,0
24840,4,100,-49.8,80,32,-9.16555,7.74549,0,0,0,0,0,0,0,0,0,0,0, 0,0,0,0,0,7,0,0,0,0
24840,5,137,-57.4,60,32,-7.58207,4.84894,0,0,0,0,0,0,0,0,0,0,0, 0,0,0,0,0,7,0,0,0,0
24880,0,245,-56.5,64,32,-8.0053,5.2986,0,0,0,0,0,0,0,0,0,0,0, 0,0,0,0,0,8,0,0,0,0
24880,1,291,-55.4,68,32,-8.39599,5.79201,0,0,0,0,0,0,0,0,0,0,0, 0,0,0,0,0,8,0,0,0,0
24880,2,245,-54.4,72,32,-8.78149,6.28693,0,0,0,0,0,0,0,0,0,0,0, 0,0,0,0,0,8,0,0,0,0
24880,3,161,-51.6,76,32,-8.93411,7.08108,0,0,0,0,0,0,0,0,0,0,0, 0,0,0,0,0,8,0,0,0,0
24880,4,108,-51.6,80,32,-9.40432,7.45377,0,0,0,0,0,0,0,0,0,0,0, 0,0,0,0,0,8,0,0,0,0
24880,5,136,-56.5,60,32,-7.50497,4.96743,0,0,0,0,0,0,0,0,0,0,0, 0,0,0,0,0,8,0,0,0,0
24920,0,241,-57.4,64,32,-8.08754,5.1722,0,1334,0,0,0,0,0,0,0,0,0, 0,0,0,0,0,9,0,0,0,0
24920,1,283,-57.4,68,32,-8.59301,5.49546,0,1334,0,0,0,0,0,0,0,0,0, 0,0,0,0,0,9,0,0,0,0
24920,2,230,-56.5,72,32,-9.00597,5.96092,0,1334,0,0,0,0,0,0,0,0,0, 0,0,0,0,0,9,0,0,0,0
24920,3,143,-53.4,76,32,-9.15212,6.79696,0,1334,0,0,0,0,0,0,0,0,0, 0,0,0,0,0,9,0,0,0,0
24920,4,95,-48,80,32,-8.91774,8.02957,0,1334,0,0,0,0,0,0,0,0,0, 0,0,0,0,0,9,0,0,0,0
24920,5,139,-56.5,60,32,-7.50497,4.96743,0,1334,0,0,0,0,0,0,0,0,0, 0,0,0,0,0,9,0,0,0,0
24960,0,245,-56.5,64,32,-8.0053,5.2986,0,0,0,0,0,0,0,0,0,0,0, 0,0,0,0,0,10,0,0,0,0
24960,1,290,-55.4,68,32,-8.39599,5.79201,0,0,0,0,0,0,0,0,0,0,0, 0,0,0,0,0,10,0,0,0,0
24960,2,247,-54.4,72,32,-8.78149,6.28693,0,0,0,0,0,0,0,0,0,0,0, 0,0,0,0,0,10,0,0,0,0
24960,3,162,-51.6,76,32,-8.93411,7.08108,0,0,0,0,0,0,0,0,0,0,0, 0,0,0,0,0,10,0,0,0,0
24960,4,113,-46.7,80,32,-8.73327,8.22982,0,0,0,0,0,0,0,0,0,0,0, 0,0,0,0,0,10,0,0,0,0
24960,5,91,-44.2,84,32,-8.78428,9.03307,0,0,0,0,0,0,0,0,0,0,0, 0,0,0,0,0,10,0,0,0,0
24960,6,137,-57.4,60,32,-7.58207,4.84894,0,0,0,0,0,0,0,0,0,0,0, 0,0,0,0,0,10,0,0,0,0
25000,0,240,-58.4,64,32,-8.17658,5.03026,0,7936,0,0,0,0,0,0,0,0,0, 0,0,0,0,0,11,0,0,0,0
25000,1,282,-57.4,68,32,-8.59301,5.49546,0,7936,0,0,0,0,0,0,0,0,0, 0,0,0,0,0,11,0,0,0,0
25000,2,46,71.1,8,33,1.1353,0.388701,0,7936,0,0,0,0,0,0,0,0,0, 0,0,0,0,0,11,0,0,0,0
25000,3,234,-57.4,72,32,-9.09849,5.81872,0,7936,0,0,0,0,0,0,0,0,0, 0,0,0,0,0,11,0,0,0,0
25000,4,147,-54.4,76,32,-9.26935,6.6362,0,7936,0,0,0,0,0,0,0,0,0, 0,0,0,0,0,11,0,0,0,0
25000,5,100,-46.7,80,32,-8.73327,8.22982,0,7936,0,0,0,0,0,0,0,0,0, 0,0,0,0,0,11,0,0,0,0
25000,6,81,-45,84,32,-8.90955,8.90955,0,7936,0,0,0,0,0,0,0,0,0, 0,0,0,0,0,11,0,0,0,0
25000,7,136,-57.4,60,32,-7.58207,4.84894,0,7936,0,0,0,0,0,0,0,0,0, 0,0,0,0,0,11,0,0,0,0
25040,0,244,-56.5,64,32,-8.0053,5.2986,0,1140,0,0,0,0,0,0,0,0,0, 0,0,0,0,0,12,0,0,0,0
25040,1,288,-56.5,68,32,-8.50564,5.62976,0,1140,0,0,0,0,0,0,0,0,0, 0,0,0,0,0,12,0,0,0,0
25040,2,237,-55.4,72,32,-8.88987,6.13271,0,1140,0,0,0,0,0,0,0,0,0, 0,0,0,0,0,12,0,0,0,0
25040,3,151,-51.6,76,32,-8.93411,7.08108,0,1140,0,0,0,0,0,0,0,0,0, 0,0,0,0,0,12,0,0,0,0
25040,4,107,-45.9,80,32,-8.61752,8.35095,0,1140,0,0,0,0,0,0,0,0,0, 0,0,0,0,0,12,0,0,0,0
25040,5,84,-49.8,84,32,-9.62383,8.13277,0,1140,0,0,0,0,0,0,0,0,0, 0,0,0,0,0,12,0,0,0,0
25040,6,139,-57.4,60,32,-7.58207,4.84894,0,1140,0,0,0,0,0,0,0,0,0, 0,0,0,0,0,12,0,0,0,0
25080,0,244,-57.4,64,32,-8.08754,5.1722,0,86,0,0,0,0,0,0,0,0,0, 0,0,0,0,0,13,0,0,0,0
25080,1,288,-56.5,68,32,-8.50564,5.62976,0,86,0,0,0,0,0,0,0,0,0, 0,0,0,0,0,13,0,0,0,0
25080,2,239,-56.5,72,32,-9.00597,5.96092,0,86,0,0,0,0,0,0,0,0,0, 0,0,0,0,0,13,0,0,0,0
25080,3,149,-53.4,76,32,-9.15212,6.79696,0,86,0,0,0,0,0,0,0,0,0, 0,0,0,0,0,13,0,0,0,0
25080,4,102,-49.8,80,32,-9.16555,7.74549,0,86,0,0,0,0,0,0,0,0,0, 0,0,0,0,0,13,0,0,0,0
25080,5,138,-56.5,60,32,-7.50497,4.96743,0,86,0,0,0,0,0,0,0,0,0, 0,0,0,0,0,13,0,0,0,0
25120,0,245,-56.5,64,32,-8.0053,5.2986,0,0,0,0,0,0,0,0,0,0,0, 0,0,0,0,0,14,0,0,0,0
25120,1,289,-55.4,68,32,-8.39599,5.79201,0,0,0,0,0,0,0,0,0,0,0, 0,0,0,0,0,14,0,0,0,0
25120,2,242,-55.4,72,32,-8.88987,6.13271,0,0,0,0,0,0,0,0,0,0,0, 0,0,0,0,0,14,0,0,0,0
25120,3,154,-55.4,76,32,-9.38375,6.47342,0,0,0,0,0,0,0,0,0,0,0, 0,0,0,0,0,14,0,0,0,0
25120,4,105,-53.4,80,32,-9.63381,7.1547,0,0,0,0,0,0,0,0,0,0,0, 0,0,0,0,0,14,0,0,0,0
25120,5,138,-57.4,60,32,-7.58207,4.84894,0,0,0,0,0,0,0,0,0,0,0, 0,0,0,0,0,14,0,0,0,0
25160,0,245,-57.4,64,32,-8.08754,5.1722,0,0,0,0,0,0,0,0,0,0,0, 0,0,0,0,0,15,0,0,0,0
25160,1,291,-57.4,68,32,-8.59301,5.49546,0,0,0,0,0,0,0,0,0,0,0, 0,0,0,0,0,15,0,0,0,0
25160,2,242,-56.5,72,32,-9.00597,5.96092,0,0,0,0,0,0,0,0,0,0,0, 0,0,0,0,0,15,0,0,0,0
25160,3,154,-53.4,76,32,-9.15212,6.79696,0,0,0,0,0,0,0,0,0,0,0, 0,0,0,0,0,15,0,0,0,0
25160,4,104,-49.8,80,32,-9.16555,7.74549,0,0,0,0,0,0,0,0,0,0,0, 0,0,0,0,0,15,0,0,0,0
25160,5,47,8.3,112,31.5,2.42518,16.624,0,0,0,0,0,0,0,0,0,0,0, 0,0,0,0,0,15,0,0,0,0
25160,6,9,-41.1,472,30.75,-46.5422,53.3523,0,0,0,0,0,0,0,0,0,0,0, 0,0,0,0,0,15,0,0,0,0
25160,7,138,-57.4,60,32,-7.58207,4.84894,0,0,0,0,0,0,0,0,0,0,0, 0,0,0,0,0,15,0,0,0,0
25200,0,245,-56.5,64,32,-8.0053,5.2986,0,0,0,0,0,0,0,0,0,0,0, 0,0,0,0,0,0,0,0,0,0
25200,1,285,-55.4,68,32,-8.39599,5.79201,0,0,0,0,0,0,0,0,0,0,0, 0,0,0,0,0,0,0,0,0,0
25200,2,234,-54.4,72,32,-8.78149,6.28693,0,0,0,0,0,0,0,0,0,0,0, 0,0,0,0,0,0,0,0,0,0
25200,3,17,-58.4,168,32.5,-21.4635,13.2044,0,0,0,0,0,0,0,0,0,0,0, 0,0,0,0,0,0,0,0,0,0
25200,4,147,-53.4,76,32,-9.15212,6.79696,0,0,0,0,0,0,0,0,0,0,0, 0,0,0,0,0,0,0,0,0,0
25200,5,102,-54.4,80,32,-9.75721,6.98548,0,0,0,0,0,0,0,0,0,0,0, 0,0,0,0,0,0,0,0,0,0
25200,6,82,-59.4,84,32,-10.8454,6.41392,0,0,0,0,0,0,0,0,0,0,0, 0,0,0,0,0,0,0,0,0,0
25200,7,139,-56.5,60,32,-7.50497,4.96743,0,0,0,0,0,0,0,0,0,0,0, 0,0,0,0,0,0,0,0,0,0
25240,0,245,-57.4,64,32,-8.08754,5.1722,0,0,0,0,0,0,0,0,0,0,0, 0,0,0,0,0,1,0,0,0,0
25240,1,288,-56.5,68,32,-8.50564,5.62976,0,0,0,0,0,0,0,0,0,0,0, 0,0,0,0,0,1,0,0,0,0
25240,2,239,-55.4,72,32,-8.88987,6.13271,0,0,0,0,0,0,0,0,0,0,0, 0,0,0,0,0,1,0,0,0,0
25240,3,148,-54.4,76,32,-9.26935,6.6362,0,0,0,0,0,0,0,0,0,0,0, 0,0,0,0,0,1,0,0,0,0
25240,4,95,-57.4,80,32,-10.1094,6.46525,0,0,0,0,0,0,0,0,0,0,0, 0,0,0,0,0,1,0,0,0,0
25240,5,137,-56.5,60,32,-7.50497,4.96743,0,0,0,0,0,0,0,0,0,0,0, 0,0,0,0,0,1,0,0,0,0
25280,0,245,-56.5,64,32,-8.0053,5.2986,0,0,0,0,0,0,0,0,0,0,0, 0,0,0,0,0,2,0,0,0,0
25280,1,291,-55.4,68,32,-8.39599,5.79201,0,0,0,0,0,0,0,0,0,0,0, 0,0,0,0,0,2,0,0,0,0
25280,2,238,-55.4,72,32,-8.88987,6.13271,0,0,0,0,0,0,0,0,0,0,0, 0,0,0,0,0,2,0,0,0,0
25280,3,150,-54.4,76,32,-9.26935,6.6362,0,0,0,0,0,0,0,0,0,0,0, 0,0,0,0,0,2,0,0,0,0
25280,4,100,-54.4,80,32,-9.75721,6.98548,0,0,0,0,0,0,0,0,0,0,0, 0,0,0,0,0,2,0,0,0,0
25280,5,138,-57.4,60,32,-7.58207,4.84894,0,0,0,0,0,0,0,0,0,0,0, 0,0,0,0,0,2,0,0,0,0
25320,0,247,-56.5,64,32,-8.0053,5.2986,0,0,0,0,0,0,0,0,0,0,0, 0,0,0,0,0,3,0,0,0,0
25320,1,292,-56.5,68,32,-8.50564,5.62976,0,0,0,0,0,0,0,0,0,0,0, 0,0,0,0,0,3,0,0,0,0
25320,2,243,-55.4,72,32,-8.88987,6.13271,0,0,0,0,0,0,0,0,0,0,0, 0,0,0,0,0,3,0,0,0,0
25320,3,153,-54.4,76,32,-9.26935,6.6362,0,0,0,0,0,0,0,0,0,0,0, 0,0,0,0,0,3,0,0,0,0
25320,4,102,-51.6,80,32,-9.40432,7.45377,0,0,0,0,0,0,0,0,0,0,0, 0,0,0,0,0,3,0,0,0,0
25320,5,139,-58.4,60,32,-7.66554,4.71587,0,0,0,0,0,0,0,0,0,0,0, 0,0,0,0,0,3,0,0,0,0
25360,0,243,-58.4,64,32,-8.17658,5.03026,0,0,0,0,0,0,0,0,0,0,0, 0,0,0,0,0,4,0,0,0,0
25360,1,287,-56.5,68,32,-8.50564,5.62976,0,0,0,0,0,0,0,0,0,0,0, 0,0,0,0,0,4,0,0,0,0
25360,2,42,65.6,8,33,1.09282,0.495725,0,0,0,0,0,0,0,0,0,0,0, 0,0,0,0,0,4,0,0,0,0
25360,3,240,-55.4,72,32,-8.88987,6.13271,0,0,0,0,0,0,0,0,0,0,0, 0,0,0,0,0,4,0,0,0,0
25360,4,154,-51.6,76,32,-8.93411,7.08108,0,0,0,0,0,0,0,0,0,0,0, 0,0,0,0,0,4,0,0,0,0
25360,5,102,-48,80,32,-8.91774,8.02957,0,0,0,0,0,0,0,0,0,0,0, 0,0,0,0,0,4,0,0,0,0
25360,6,137,-57.4,60,32,-7.58207,4.84894,0,0,0,0,0,0,0,0,0,0,0, 0,0,0,0,0,4,0,0,0,0
25400,0,244,-56.5,64,32,-8.0053,5.2986,0,0,0,0,0,0,0,0,0,0,0, 0,0,0,0,0,5,0,0,0,0
25400,1,286,-56.5,68,32,-8.50564,5.62976,0,0,0,0,0,0,0,0,0,0,0, 0,0,0,0,0,5,0,0,0,0
25400,2,237,-55.4,72,32,-8.88987,6.13271,0,0,0,0,0,0,0,0,0,0,0, 0,0,0,0,0,5,0,0,0,0
25400,3,157,-51.6,76,32,-8.93411,7.08108,0,0,0,0,0,0,0,0,0,0,0, 0,0,0,0,0,5,0,0,0,0
25400,4,22,12.1,80,31.75,2.51542,11.7334,0,0,0,0,0,0,0,0,0,0,0, 0,0,0,0,0,5,0,0,0,0
25400,5,104,-51.6,80,32,-9.40432,7.45377,0,0,0,0,0,0,0,0,0,0,0, 0,0,0,0,0,5,0,0,0,0
25400,6,138,-58.4,60,32,-7.66554,4.71587,0,0,0,0,0,0,0,0,0,0,0, 0,0,0,0,0,5,0,0,0,0
25440,0,242,-58.4,64,32,-8.17658,5.03026,0,0,0,0,0,0,0,0,0,0,0, 0,0,0,0,0,6,0,0,0,0
25440,1,284,-57.4,68,32,-8.59301,5.49546,0,0,0,0,0,0,0,0,0,0,0, 0,0,0,0,0,6,0,0,0,0
25440,2,239,-56.5,72,32,-9.00597,5.96092,0,0,0,0,0,0,0,0,0,0,0, 0,0,0,0,0,6,0,0,0,0
25440,3,149,-54.4,76,32,-9.26935,6.6362,0,0,0,0,0,0,0,0,0,0,0, 0,0,0,0,0,6,0,0,0,0
25440,4,97,-51.6,80,32,-9.40432,7.45377,0,0,0,0,0,0,0,0,0,0,0, 0,0,0,0,0,6,0,0,0,0
25440,5,137,-59.4,60,32,-7.74668,4.58137,0,0,0,0,0,0,0,0,0,0,0, 0,0,0,0,0,6,0,0,0,0
25480,0,243,-58.4,64,32,-8.17658,5.03026,0,0,0,0,0,0,0,0,0,0,0, 0,0,0,0,0,7,0,0,0,0
25480,1,288,-57.4,68,32,-8.59301,5.49546,0,0,0,0,0,0,0,0,0,0,0, 0,0,0,0,0,7,0,0,0,0
25480,2,239,-56.5,72,32,-9.00597,5.96092,0,0,0,0,0,0,0,0,0,0,0, 0,0,0,0,0,7,0,0,0,0
25480,3,146,-55.4,76,32,-9.38375,6.47342,0,0,0,0,0,0,0,0,0,0,0, 0,0,0,0,0,7,0,0,0,0
25480,4,43,4.2,108,31.5,1.18646,16.1565,0,0,0,0,0,0,0,0,0,0,0, 0,0,0,0,0,7,0,0,0,0
25480,5,100,-56.5,80,32,-10.0066,6.62324,0,0,0,0,0,0,0,0,0,0,0, 0,0,0,0,0,7,0,0,0,0
25480,6,33,4.2,112,31.75,1.2304,16.7549,0,0,0,0,0,0,0,0,0,0,0, 0,0,0,0,0,7,0,0,0,0
25480,7,41,0.6,116,31.75,0.182209,17.399,0,0,0,0,0,0,0,0,0,0,0, 0,0,0,0,0,7,0,0,0,0
25480,8,141,-56.5,60,32,-7.50497,4.96743,0,0,0,0,0,0,0,0,0,0,0, 0,0,0,0,0,7,0,0,0,0
25520,0,246,-57.4,64,32,-8.08754,5.1722,0,0,0,0,0,0,0,0,0,0,0, 0,0,0,0,0,8,0,0,0,0
25520,1,288,-57.4,68,32,-8.59301,5.49546,0,0,0,0,0,0,0,0,0,0,0, 0,0,0,0,0,8,0,0,0,0
25520,2,34,8.3,72,31.75,1.55905,10.6869,0,0,0,0,0,0,0,0,0,0,0, 0,0,0,0,0,8,0,0,0,0
25520,3,30,8.3,72,33,1.55905,10.6869,0,0,0,0,0,0,0,0,0,0,0, 0,0,0,0,0,8,0,0,0,0
25520,4,234,-57.4,72,32,-9.09849,5.81872,0,0,0,0,0,0,0,0,0,0,0, 0,0,0,0,0,8,0,0,0,0
25520,5,145,-56.5,76,32,-9.5063,6.29208,0,0,0,0,0,0,0,0,0,0,0, 0,0,0,0,0,8,0,0,0,0
25520,6,94,-55.4,80,32,-9.87764,6.81413,0,0,0,0,0,0,0,0,0,0,0, 0,0,0,0,0,8,0,0,0,0
25520,7,140,-59.4,60,32,-7.74668,4.58137,0,0,0,0,0,0,0,0,0,0,0, 0,0,0,0,0,8,0,0,0,0
25560,0,248,-56.5,64,32,-8.0053,5.2986,0,1334,0,0,0,0,0,0,0,0,0, 0,0,0,0,0,9,0,0,0,0
25560,1,293,-56.5,68,32,-8.50564,5.62976,0,1334,0,0,0,0,0,0,0,0,0, 0,0,0,0,0,9,0,0,0,0
25560,2,48,-7.8,100,31.75,-2.03573,14.8612,0,1334,0,0,0,0,0,0,0,0,0, 0,0,0,0,0,9,0,0,0,0
25560,3,16,-27.8,292,14.75,-20.4277,38.7446,0,1334,0,0,0,0,0,0,0,0,0, 0,0,0,0,0,9,0,0,0,0
25560,4,237,-56.5,72,32,-9.00597,5.96092,0,1334,0,0,0,0,0,0,0,0,0, 0,0,0,0,0,9,0,0,0,0
25560,5,156,-54.4,76,32,-9.26935,6.6362,0,1334,0,0,0,0,0,0,0,0,0, 0,0,0,0,0,9,0,0,0,0
25560,6,104,-53.4,80,32,-9.63381,7.1547,0,1334,0,0,0,0,0,0,0,0,0, 0,0,0,0,0,9,0,0,0,0
25560,7,139,-57.4,60,32,-7.58207,4.84894,0,1334,0,0,0,0,0,0,0,0,0, 0,0,0,0,0,9,0,0,0,0
25600,0,246,-57.4,64,32,-8.08754,5.1722,0,0,0,0,0,0,0,0,0,0,0, 0,0,0,0,0,10,0,0,0,0
25600,1,290,-57.4,68,32,-8.59301,5.49546,0,0,0,0,0,0,0,0,0,0,0, 0,0,0,0,0,10,0,0,0,0
25600,2,236,-58.4,72,32,-9.19865,5.65905,0,0,0,0,0,0,0,0,0,0,0, 0,0,0,0,0,10,0,0,0,0
25600,3,149,-56.5,76,32,-9.5063,6.29208,0,0,0,0,0,0,0,0,0,0,0, 0,0,0,0,0,10,0,0,0,0
25600,4,33,8.3,80,33,1.73227,11.8743,0,0,0,0,0,0,0,0,0,0,0, 0,0,0,0,0,10,0,0,0,0
25600,5,98,-54.4,80,32,-9.75721,6.98548,0,0,0,0,0,0,0,0,0,0,0, 0,0,0,0,0,10,0,0,0,0
25600,6,139,-57.4,60,32,-7.58207,4.84894,0,0,0,0,0,0,0,0,0,0,0, 0,0,0,0,0,10,0,0,0,0
25640,0,246,-56.5,64,32,-8.0053,5.2986,0,7936,0,0,0,0,0,0,0,0,0, 0,0,0,0,0,11,0,0,0,0
25640,1,38,3.6,68,33,0.640463,10.1799,0,7936,0,0,0,0,0,0,0,0,0, 0,0,0,0,0,11,0,0,0,0
25640,2,291,-56.5,68,32,-8.50564,5.62976,0,7936,0,0,0,0,0,0,0,0,0, 0,0,0,0,0,11,0,0,0,0
25640,3,42,4.2,72,31.75,0.790973,10.771,0,7936,0,0,0,0,0,0,0,0,0, 0,0,0,0,0,11,0,0,0,0
25640,4,66,6.6,72,33,1.24132,10.7284,0,7936,0,0,0,0,0,0,0,0,0, 0,0,0,0,0,11,0,0,0,0
25640,5,242,-56.5,72,32,-9.00597,5.96092,0,7936,0,0,0,0,0,0,0,0,0, 0,0,0,0,0,11,0,0,0,0
25640,6,153,-55.4,76,32,-9.38375,6.47342,0,7936,0,0,0,0,0,0,0,0,0, 0,0,0,0,0,11,0,0,0,0
25640,7,104,-49.8,80,32,-9.16555,7.74549,0,7936,0,0,0,0,0,0,0,0,0, 0,0,0,0,0,11,0,0,0,0
25640,8,84,-48,84,32,-9.36363,8.43105,0,7936,0,0,0,0,0,0,0,0,0, 0,0,0,0,0,11,0,0,0,0
25640,9,27,4.2,116,30.75,1.27434,17.3533,0,7936,0,0,0,0,0,0,0,0,0, 0,0,0,0,0,11,0,0,0,0
25640,10,28,4.8,116,32.25,1.45599,17.339,0,7936,0,0,0,0,0,0,0,0,0, 0,0,0,0,0,11,0,0,0,0
25640,11,138,-56.5,60,32,-7.50497,4.96743,0,7936,0,0,0,0,0,0,0,0,0, 0,0,0,0,0,11,0,0,0,0
25640,12,18,7.8,124,30.75,2.52431,18.4279,0,7936,0,0,0,0,0,0,0,0,0, 0,0,0,0,0,11,0,0,0,0
25680,0,247,-57.4,64,32,-8.08754,5.1722,0,1140,0,0,0,0,0,0,0,0,0, 0,0,0,0,0,12,0,0,0,0
25680,1,45,5.4,68,33,0.959905,10.1547,0,1140,0,0,0,0,0,0,0,0,0, 0,0,0,0,0,12,0,0,0,0
25680,2,285,-56.5,68,32,-8.50564,5.62976,0,1140,0,0,0,0,0,0,0,0,0, 0,0,0,0,0,12,0,0,0,0
25680,3,237,-56.5,72,32,-9.00597,5.96092,0,1140,0,0,0,0,0,0,0,0,0, 0,0,0,0,0,12,0,0,0,0
25680,4,34,7.2,76,33,1.4288,11.3101,0,1140,0,0,0,0,0,0,0,0,0, 0,0,0,0,0,12,0,0,0,0
25680,5,149,-54.4,76,32,-9.26935,6.6362,0,1140,0,0,0,0,0,0,0,0,0, 0,0,0,0,0,12,0,0,0,0
25680,6,99,-46.7,80,32,-8.73327,8.22982,0,1140,0,0,0,0,0,0,0,0,0, 0,0,0,0,0,12,0,0,0,0
25680,7,84,-44.2,84,32,-8.78428,9.03307,0,1140,0,0,0,0,0,0,0,0,0, 0,0,0,0,0,12,0,0,0,0
25680,8,138,-57.4,60,32,-7.58207,4.84894,0,1140,0,0,0,0,0,0,0,0,0, 0,0,0,0,0,12,0,0,0,0
25720,0,246,-56.5,64,32,-8.0053,5.2986,0,86,0,0,0,0,0,0,0,0,0, 0,0,0,0,0,13,0,0,0,0
25720,1,290,-55.4,68,32,-8.39599,5.79201,0,86,0,0,0,0,0,0,0,0,0, 0,0,0,0,0,13,0,0,0,0
25720,2,29,-0.6,100,30.75,-0.157077,14.9992,0,86,0,0,0,0,0,0,0,0,0, 0,0,0,0,0,13,0,0,0,0
25720,3,41,3.6,72,33,0.678138,10.7787,0,86,0,0,0,0,0,0,0,0,0, 0,0,0,0,0,13,0,0,0,0
25720,4,239,-54.4,72,32,-8.78149,6.28693,0,86,0,0,0,0,0,0,0,0,0, 0,0,0,0,0,13,0,0,0,0
25720,5,37,7.8,76,31.75,1.54716,11.2945,0,86,0,0,0,0,0,0,0,0,0, 0,0,0,0,0,13,0,0,0,0
25720,6,46,7.2,76,33,1.4288,11.3101,0,86,0,0,0,0,0,0,0,0,0, 0,0,0,0,0,13,0,0,0,0
25720,7,151,-53.4,76,32,-9.15212,6.79696,0,86,0,0,0,0,0,0,0,0,0, 0,0,0,0,0,13,0,0,0,0
25720,8,36,4.8,80,32.75,1.00413,11.9579,0,86,0,0,0,0,0,0,0,0,0, 0,0,0,0,0,13,0,0,0,0
25720,9,109,-45.9,80,32,-8.61752,8.35095,0,86,0,0,0,0,0,0,0,0,0, 0,0,0,0,0,13,0,0,0,0
25720,10,89,-42.9,84,32,-8.57708,9.23004,0,86,0,0,0,0,0,0,0,0,0, 0,0,0,0,0,13,0,0,0,0
25720,11,137,-58.4,60,32,-7.66554,4.71587,0,86,0,0,0,0,0,0,0,0,0, 0,0,0,0,0,13,0,0,0,0
25760,0,247,-57.4,64,32,-8.08754,5.1722,0,0,0,0,0,0,0,0,0,0,0, 0,0,0,0,0,14,0,0,0,0
25760,1,292,-56.5,68,32,-8.50564,5.62976,0,0,0,0,0,0,0,0,0,0,0, 0,0,0,0,0,14,0,0,0,0
25760,2,38,7.2,72,31.75,1.3536,10.7148,0,0,0,0,0,0,0,0,0,0,0, 0,0,0,0,0,14,0,0,0,0
25760,3,62,5.4,72,32.75,1.01637,10.7521,0,0,0,0,0,0,0,0,0,0,0, 0,0,0,0,0,14,0,0,0,0
25760,4,63,4.8,72,33,0.903721,10.7621,0,0,0,0,0,0,0,0,0,0,0, 0,0,0,0,0,14,0,0,0,0
25760,5,241,-55.4,72,32,-8.88987,6.13271,0,0,0,0,0,0,0,0,0,0,0, 0,0,0,0,0,14,0,0,0,0
25760,6,150,-53.4,76,32,-9.15212,6.79696,0,0,0,0,0,0,0,0,0,0,0, 0,0,0,0,0,14,0,0,0,0
25760,7,99,-46.7,80,32,-8.73327,8.22982,0,0,0,0,0,0,0,0,0,0,0, 0,0,0,0,0,14,0,0,0,0
25760,8,139,-56.5,60,32,-7.50497,4.96743,0,0,0,0,0,0,0,0,0,0,0, 0,0,0,0,0,14,0,0,0,0
25800,0,244,-57.4,64,32,-8.08754,5.1722,0,0,0,0,0,0,0,0,0,0,0, 0,0,0,0,0,15,0,0,0,0
25800,1,289,-56.5,68,32,-8.50564,5.62976,0,0,0,0,0,0,0,0,0,0,0, 0,0,0,0,0,15,0,0,0,0
25800,2,88,6.1,72,32.75,1.14765,10.7388,0,0,0,0,0,0,0,0,0,0,0, 0,0,0,0,0,15,0,0,0,0
25800,3,88,6.1,72,33,1.14765,10.7388,0,0,0,0,0,0,0,0,0,0,0, 0,0,0,0,0,15,0,0,0,0
25800,4,240,-55.4,72,32,-8.88987,6.13271,0,0,0,0,0,0,0,0,0,0,0, 0,0,0,0,0,15,0,0,0,0
25800,5,25,-7.2,104,30.75,-1.9552,15.477,0,0,0,0,0,0,0,0,0,0,0, 0,0,0,0,0,15,0,0,0,0
25800,6,47,4.8,76,32.75,0.953927,11.36,0,0,0,0,0,0,0,0,0,0,0, 0,0,0,0,0,15,0,0,0,0
25800,7,50,6.1,76,33,1.21141,11.3355,0,0,0,0,0,0,0,0,0,0,0, 0,0,0,0,0,15,0,0,0,0
25800,8,153,-54.4,76,32,-9.26935,6.6362,0,0,0,0,0,0,0,0,0,0,0, 0,0,0,0,0,15,0,0,0,0
25800,9,32,8.8,80,33,1.83583,11.8587,0,0,0,0,0,0,0,0,0,0,0, 0,0,0,0,0,15,0,0,0,0
25800,10,107,-53.4,80,32,-9.63381,7.1547,0,0,0,0,0,0,0,0,0,0,0, 0,0,0,0,0,15,0,0,0,0
25800,11,136,-57.4,60,32,-7.58207,4.84894,0,0,0,0,0,0,0,0,0,0,0, 0,0,0,0,0,15,0,0,0,0
25840,0,244,-57.4,64,32,-8.08754,5.1722,0,0,0,0,0,0,0,0,0,0,0, 0,0,0,0,0,0,0,0,0,0
25840,1,290,-56.5,68,32,-8.50564,5.62976,0,0,0,0,0,0,0,0,0,0,0, 0,0,0,0,0,0,0,0,0,0
25840,2,45,6.1,72,33,1.14765,10.7388,0,0,0,0,0,0,0,0,0,0,0, 0,0,0,0,0,0,0,0,0,0
25840,3,242,-55.4,72,32,-8.88987,6.13271,0,0,0,0,0,0,0,0,0,0,0, 0,0,0,0,0,0,0,0,0,0
25840,4,25,5.4,76,31.75,1.07283,11.3494,0,0,0,0,0,0,0,0,0,0,0, 0,0,0,0,0,0,0,0,0,0
25840,5,40,7.8,76,33,1.54716,11.2945,0,0,0,0,0,0,0,0,0,0,0, 0,0,0,0,0,0,0,0,0,0
25840,6,153,-53.4,76,32,-9.15212,6.79696,0,0,0,0,0,0,0,0,0,0,0, 0,0,0,0,0,0,0,0,0,0
25840,7,108,-51.6,80,32,-9.40432,7.45377,0,0,0,0,0,0,0,0,0,0,0, 0,0,0,0,0,0,0,0,0,0
25840,8,140,-57.4,60,32,-7.58207,4.84894,0,0,0,0,0,0,0,0,0,0,0, 0,0,0,0,0,0,0,0,0,0
25880,0,246,-56.5,64,32,-8.0053,5.2986,0,0,0,0,0,0,0,0,0,0,0, 0,0,0,0,0,1,0,0,0,0
25880,1,291,-55.4,68,32,-8.39599,5.79201,0,0,0,0,0,0,0,0,0,0,0, 0,0,0,0,0,1,0,0,0,0
25880,2,36,4.8,72,33,0.903721,10.7621,0,0,0,0,0,0,0,0,0,0,0, 0,0,0,0,0,1,0,0,0,0
25880,3,240,-54.4,72,32,-8.78149,6.28693,0,0,0,0,0,0,0,0,0,0,0, 0,0,0,0,0,1,0,0,0,0
25880,4,65,7.2,76,33,1.4288,11.3101,0,0,0,0,0,0,0,0,0,0,0, 0,0,0,0,0,1,0,0,0,0
25880,5,153,-53.4,76,32,-9.15212,6.79696,0,0,0,0,0,0,0,0,0,0,0, 0,0,0,0,0,1,0,0,0,0
25880,6,34,9.4,80,31.75,1.95991,11.8389,0,0,0,0,0,0,0,0,0,0,0, 0,0,0,0,0,1,0,0,0,0
25880,7,59,8.8,80,32.75,1.83583,11.8587,0,0,0,0,0,0,0,0,0,0,0, 0,0,0,0,0,1,0,0,0,0
25880,8,60,8.8,80,33,1.83583,11.8587,0,0,0,0,0,0,0,0,0,0,0, 0,0,0,0,0,1,0,0,0,0
25880,9,102,-55.4,80,32,-9.87764,6.81413,0,0,0,0,0,0,0,0,0,0,0, 0,0,0,0,0,1,0,0,0,0
25880,10,140,-58.4,60,32,-7.66554,4.71587,0,0,0,0,0,0,0,0,0,0,0, 0,0,0,0,0,1,0,0,0,0
25920,0,246,-58.4,64,32,-8.17658,5.03026,0,0,0,0,0,0,0,0,0,0,0, 0,0,0,0,0,2,0,0,0,0
25920,1,292,-56.5,68,32,-8.50564,5.62976,0,0,0,0,0,0,0,0,0,0,0, 0,0,0,0,0,2,0,0,0,0
25920,2,241,-55.4,72,32,-8.88987,6.13271,0,0,0,0,0,0,0,0,0,0,0, 0,0,0,0,0,2,0,0,0,0
25920,3,34,9.9,76,33,1.95999,11.2302,0,0,0,0,0,0,0,0,0,0,0, 0,0,0,0,0,2,0,0,0,0
25920,4,148,-54.4,76,32,-9.26935,6.6362,0,0,0,0,0,0,0,0,0,0,0, 0,0,0,0,0,2,0,0,0,0
25920,5,99,-58.4,80,32,-10.2207,6.28783,0,0,0,0,0,0,0,0,0,0,0, 0,0,0,0,0,2,0,0,0,0
25920,6,36,3.6,112,30.75,1.05488,16.7668,0,0,0,0,0,0,0,0,0,0,0, 0,0,0,0,0,2,0,0,0,0
25920,7,139,-57.4,60,32,-7.58207,4.84894,0,0,0,0,0,0,0,0,0,0,0, 0,0,0,0,0,2,0,0,0,0
25960,0,34,5.4,64,33,0.90344,9.55739,0,0,0,0,0,0,0,0,0,0,0, 0,0,0,0,0,3,0,0,0,0
25960,1,244,-56.5,64,32,-8.0053,5.2986,0,0,0,0,0,0,0,0,0,0,0, 0,0,0,0,0,3,0,0,0,0
25960,2,29,7.2,68,33,1.2784,10.1196,0,0,0,0,0,0,0,0,0,0,0, 0,0,0,0,0,3,0,0,0,0
25960,3,289,-56.5,68,32,-8.50564,5.62976,0,0,0,0,0,0,0,0,0,0,0, 0,0,0,0,0,3,0,0,0,0
25960,4,238,-55.4,72,32,-8.88987,6.13271,0,0,0,0,0,0,0,0,0,0,0, 0,0,0,0,0,3,0,0,0,0
25960,5,47,6.1,76,33,1.21141,11.3355,0,0,0,0,0,0,0,0,0,0,0, 0,0,0,0,0,3,0,0,0,0
25960,6,153,-54.4,76,32,-9.26935,6.6362,0,0,0,0,0,0,0,0,0,0,0, 0,0,0,0,0,3,0,0,0,0
25960,7,38,8.8,80,33,1.83583,11.8587,0,0,0,0,0,0,0,0,0,0,0, 0,0,0,0,0,3,0,0,0,0
25960,8,103,-57.4,80,32,-10.1094,6.46525,0,0,0,0,0,0,0,0,0,0,0, 0,0,0,0,0,3,0,0,0,0
25960,9,43,7.2,120,30.75,2.256,17.8581,0,0,0,0,0,0,0,0,0,0,0, 0,0,0,0,0,3,0,0,0,0
25960,10,43,7.2,120,31,2.256,17.8581,0,0,0,0,0,0,0,0,0,0,0, 0,0,0,0,0,3,0,0,0,0
25960,11,137,-58.4,60,32,-7.66554,4.71587,0,0,0,0,0,0,0,0,0,0,0, 0,0,0,0,0,3,0,0,0,0
26000,0,243,-56.5,64,32,-8.0053,5.2986,0,0,0,0,0,0,0,0,0,0,0, 0,0,0,0,0,4,0,0,0,0
26000,1,289,-55.4,68,32,-8.39599,5.79201,0,0,0,0,0,0,0,0,0,0,0, 0,0,0,0,0,4,0,0,0,0
26000,2,237,-55.4,72,32,-8.88987,6.13271,0,0,0,0,0,0,0,0,0,0,0, 0,0,0,0,0,4,0,0,0,0
26000,3,39,-9.6,104,31.25,-2.60159,15.3815,0,0,0,0,0,0,0,0,0,0,0, 0,0,0,0,0,4,0,0,0,0
26000,4,151,-54.4,76,32,-9.26935,6.6362,0,0,0,0,0,0,0,0,0,0,0, 0,0,0,0,0,4,0,0,0,0
26000,5,46,9.9,80,32.75,2.06315,11.8213,0,0,0,0,0,0,0,0,0,0,0, 0,0,0,0,0,4,0,0,0,0
26000,6,49,9.4,80,33,1.95991,11.8389,0,0,0,0,0,0,0,0,0,0,0, 0,0,0,0,0,4,0,0,0,0
26000,7,99,-56.5,80,32,-10.0066,6.62324,0,0,0,0,0,0,0,0,0,0,0, 0,0,0,0,0,4,0,0,0,0
26000,8,30,8.8,116,31,2.66195,17.1952,0,0,0,0,0,0,0,0,0,0,0, 0,0,0,0,0,4,0,0,0,0
26000,9,136,-58.4,60,32,-7.66554,4.71587,0,0,0,0,0,0,0,0,0,0,0, 0,0,0,0,0,4,0,0,0,0
26040,0,242,-57.4,64,32,-8.08754,5.1722,0,0,0,0,0,0,0,0,0,0,0, 0,0,0,0,0,5,0,0,0,0
26040,1,285,-56.5,68,32,-8.50564,5.62976,0,0,0,0,0,0,0,0,0,0,0, 0,0,0,0,0,5,0,0,0,0
26040,2,40,0.1,100,31.75,0.0261799,15,0,0,0,0,0,0,0,0,0,0,0, 0,0,0,0,0,5,0,0,0,0
26040,3,242,-56.5,72,32,-9.00597,5.96092,0,0,0,0,0,0,0,0,0,0,0, 0,0,0,0,0,5,0,0,0,0
26040,4,54,-5.4,104,32.25,-1.46809,15.5308,0,0,0,0,0,0,0,0,0,0,0, 0,0,0,0,0,5,0,0,0,0
26040,5,48,6.1,76,33,1.21141,11.3355,0,0,0,0,0,0,0,0,0,0,0, 0,0,0,0,0,5,0,0,0,0
26040,6,152,-54.4,76,32,-9.26935,6.6362,0,0,0,0,0,0,0,0,0,0,0, 0,0,0,0,0,5,0,0,0,0
26040,7,25,8.3,80,31.75,1.73227,11.8743,0,0,0,0,0,0,0,0,0,0,0, 0,0,0,0,0,5,0,0,0,0
26040,8,45,6.1,80,32.75,1.27517,11.9321,0,0,0,0,0,0,0,0,0,0,0, 0,0,0,0,0,5,0,0,0,0
26040,9,49,4.8,80,33,1.00413,11.9579,0,0,0,0,0,0,0,0,0,0,0, 0,0,0,0,0,5,0,0,0,0
26040,10,103,-54.4,80,32,-9.75721,6.98548,0,0,0,0,0,0,0,0,0,0,0, 0,0,0,0,0,5,0,0,0,0
26040,11,138,-57.4,60,32,-7.58207,4.84894,0,0,0,0,0,0,0,0,0,0,0, 0,0,0,0,0,5,0,0,0,0
26080,0,244,-57.4,64,32,-8.08754,5.1722,0,0,0,0,0,0,0,0,0,0,0, 0,0,0,0,0,6,0,0,0,0
26080,1,289,-56.5,68,32,-8.50564,5.62976,0,0,0,0,0,0,0,0,0,0,0, 0,0,0,0,0,6,0,0,0,0
26080,2,241,-55.4,72,32,-8.88987,6.13271,0,0,0,0,0,0,0,0,0,0,0, 0,0,0,0,0,6,0,0,0,0
26080,3,42,7.8,76,33,1.54716,11.2945,0,0,0,0,0,0,0,0,0,0,0, 0,0,0,0,0,6,0,0,0,0
26080,4,147,-54.4,76,32,-9.26935,6.6362,0,0,0,0,0,0,0,0,0,0,0, 0,0,0,0,0,6,0,0,0,0
26080,5,97,-56.5,80,32,-10.0066,6.62324,0,0,0,0,0,0,0,0,0,0,0, 0,0,0,0,0,6,0,0,0,0
26080,6,41,5.4,116,31.5,1.63748,17.3228,0,0,0,0,0,0,0,0,0,0,0, 0,0,0,0,0,6,0,0,0,0
26080,7,138,-58.4,60,32,-7.66554,4.71587,0,0,0,0,0,0,0,0,0,0,0, 0,0,0,0,0,6,0,0,0,0
26120,0,246,-57.4,64,32,-8.08754,5.1722,0,0,0,0,0,0,0,0,0,0,0, 0,0,0,0,0,7,0,0,0,0
26120,1,50,6.6,68,31.75,1.17236,10.1324,0,0,0,0,0,0,0,0,0,0,0, 0,0,0,0,0,7,0,0,0,0
26120,2,63,6.1,68,33,1.08389,10.1422,0,0,0,0,0,0,0,0,0,0,0, 0,0,0,0,0,7,0,0,0,0
26120,3,287,-56.5,68,32,-8.50564,5.62976,0,0,0,0,0,0,0,0,0,0,0, 0,0,0,0,0,7,0,0,0,0
26120,4,38,-5.4,100,31.25,-1.41162,14.9334,0,0,0,0,0,0,0,0,0,0,0, 0,0,0,0,0,7,0,0,0,0
26120,5,50,7.8,72,31.75,1.46573,10.7001,0,0,0,0,0,0,0,0,0,0,0, 0,0,0,0,0,7,0,0,0,0
26120,6,241,-55.4,72,32,-8.88987,6.13271,0,0,0,0,0,0,0,0,0,0,0, 0,0,0,0,0,7,0,0,0,0
26120,7,42,6.6,76,31.75,1.31028,11.3244,0,0,0,0,0,0,0,0,0,0,0, 0,0,0,0,0,7,0,0,0,0
26120,8,51,8.8,76,33,1.74404,11.2658,0,0,0,0,0,0,0,0,0,0,0, 0,0,0,0,0,7,0,0,0,0
26120,9,150,-54.4,76,32,-9.26935,6.6362,0,0,0,0,0,0,0,0,0,0,0, 0,0,0,0,0,7,0,0,0,0
26120,10,25,1.8,108,33,0.508854,16.192,0,0,0,0,0,0,0,0,0,0,0, 0,0,0,0,0,7,0,0,0,0
26120,11,99,-57.4,80,32,-10.1094,6.46525,0,0,0,0,0,0,0,0,0,0,0, 0,0,0,0,0,7,0,0,0,0
26120,12,141,-58.4,60,32,-7.66554,4.71587,0,0,0,0,0,0,0,0,0,0,0, 0,0,0,0,0,7,0,0,0,0
26160,0,248,-57.4,64,32,-8.08754,5.1722,0,0,0,0,0,0,0,0,0,0,0, 0,0,0,0,0,8,0,0,0,0
26160,1,47,5.4,68,31.75,0.959905,10.1547,0,0,0,0,0,0,0,0,0,0,0, 0,0,0,0,0,8,0,0,0,0
26160,2,51,6.1,68,33,1.08389,10.1422,0,0,0,0,0,0,0,0,0,0,0, 0,0,0,0,0,8,0,0,0,0
26160,3,287,-56.5,68,32,-8.50564,5.62976,0,0,0,0,0,0,0,0,0,0,0, 0,0,0,0,0,8,0,0,0,0
26160,4,29,4.2,72,31.75,0.790973,10.771,0,0,0,0,0,0,0,0,0,0,0, 0,0,0,0,0,8,0,0,0,0
26160,5,49,5.4,72,33,1.01637,10.7521,0,0,0,0,0,0,0,0,0,0,0, 0,0,0,0,0,8,0,0,0,0
26160,6,240,-56.5,72,32,-9.00597,5.96092,0,0,0,0,0,0,0,0,0,0,0, 0,0,0,0,0,8,0,0,0,0
26160,7,25,-7.8,104,30.75,-2.11716,15.4557,0,0,0,0,0,0,0,0,0,0,0, 0,0,0,0,0,8,0,0,0,0
26160,8,37,8.3,76,33,1.64566,11.2806,0,0,0,0,0,0,0,0,0,0,0, 0,0,0,0,0,8,0,0,0,0
26160,9,149,-56.5,76,32,-9.5063,6.29208,0,0,0,0,0,0,0,0,0,0,0, 0,0,0,0,0,8,0,0,0,0
26160,10,12,58.8,396,1.75,50.8086,30.7708,0,0,0,0,0,0,0,0,0,0,0, 0,0,0,0,0,8,0,0,0,0
26160,11,90,-57.4,80,32,-10.1094,6.46525,0,0,0,0,0,0,0,0,0,0,0, 0,0,0,0,0,8,0,0,0,0
26160,12,43,-6,112,32.25,-1.75608,16.708,0,0,0,0,0,0,0,0,0,0,0, 0,0,0,0,0,8,0,0,0,0
26160,13,139,-58.4,60,32,-7.66554,4.71587,0,0,0,0,0,0,0,0,0,0,0, 0,0,0,0,0,8,0,0,0,0
26200,0,45,4.2,64,33,0.703087,9.57422,0,1334,0,0,0,0,0,0,0,0,0, 0,0,0,0,0,9,0,0,0,0
26200,1,247,-56.5,64,32,-8.0053,5.2986,0,1334,0,0,0,0,0,0,0,0,0, 0,0,0,0,0,9,0,0,0,0
26200,2,29,-1.2,96,31.25,-0.301571,14.3968,0,1334,0,0,0,0,0,0,0,0,0, 0,0,0,0,0,9,0,0,0,0
26200,3,53,6.1,68,31.75,1.08389,10.1422,0,1334,0,0,0,0,0,0,0,0,0, 0,0,0,0,0,9,0,0,0,0
26200,4,83,6.6,68,33,1.17236,10.1324,0,1334,0,0,0,0,0,0,0,0,0, 0,0,0,0,0,9,0,0,0,0
26200,5,289,-56.5,68,32,-8.50564,5.62976,0,1334,0,0,0,0,0,0,0,0,0, 0,0,0,0,0,9,0,0,0,0
26200,6,74,8.8,72,31.75,1.65225,10.6729,0,1334,0,0,0,0,0,0,0,0,0, 0,0,0,0,0,9,0,0,0,0
26200,7,106,7.2,72,33,1.3536,10.7148,0,1334,0,0,0,0,0,0,0,0,0, 0,0,0,0,0,9,0,0,0,0
26200,8,245,-55.4,72,32,-8.88987,6.13271,0,1334,0,0,0,0,0,0,0,0,0, 0,0,0,0,0,9,0,0,0,0
26200,9,48,-4.8,104,30.75,-1.30537,15.5453,0,1334,0,0,0,0,0,0,0,0,0, 0,0,0,0,0,9,0,0,0,0
26200,10,51,-6,104,32.25,-1.63064,15.5145,0,1334,0,0,0,0,0,0,0,0,0, 0,0,0,0,0,9,0,0,0,0
26200,11,53,8.3,76,31.75,1.64566,11.2806,0,1334,0,0,0,0,0,0,0,0,0, 0,0,0,0,0,9,0,0,0,0
26200,12,65,7.8,76,33,1.54716,11.2945,0,1334,0,0,0,0,0,0,0,0,0, 0,0,0,0,0,9,0,0,0,0
26200,13,158,-51.6,76,32,-8.93411,7.08108,0,1334,0,0,0,0,0,0,0,0,0, 0,0,0,0,0,9,0,0,0,0
26200,14,26,6.6,80,33,1.37925,11.9205,0,1334,0,0,0,0,0,0,0,0,0, 0,0,0,0,0,9,0,0,0,0
26200,15,104,-53.4,80,32,-9.63381,7.1547,0,1334,0,0,0,0,0,0,0,0,0, 0,0,0,0,0,9,0,0,0,0
26200,16,28,1.3,112,30.75,0.381147,16.7957,0,1334,0,0,0,0,0,0,0,0,0, 0,0,0,0,0,9,0,0,0,0
26200,17,22,6.1,112,33,1.78524,16.7049,0,1334,0,0,0,0,0,0,0,0,0, 0,0,0,0,0,9,0,0,0,0
26200,18,139,-58.4,60,32,-7.66554,4.71587,0,1334,0,0,0,0,0,0,0,0,0, 0,0,0,0,0,9,0,0,0,0
26240,0,41,6.1,64,33,1.02014,9.54564,0,0,0,0,0,0,0,0,0,0,0, 0,0,0,0,0,10,0,0,0,0
26240,1,246,-57.4,64,32,-8.08754,5.1722,0,0,0,0,0,0,0,0,0,0,0, 0,0,0,0,0,10,0,0,0,0
26240,2,43,5.4,68,33,0.959905,10.1547,0,0,0,0,0,0,0,0,0,0,0, 0,0,0,0,0,10,0,0,0,0
26240,3,290,-57.4,68,32,-8.59301,5.49546,0,0,0,0,0,0,0,0,0,0,0, 0,0,0,0,0,10,0,0,0,0
26240,4,40,4.2,72,33,0.790973,10.771,0,0,0,0,0,0,0,0,0,0,0, 0,0,0,0,0,10,0,0,0,0
26240,5,239,-56.5,72,32,-9.00597,5.96092,0,0,0,0,0,0,0,0,0,0,0, 0,0,0,0,0,10,0,0,0,0
26240,6,154,-54.4,76,32,-9.26935,6.6362,0,0,0,0,0,0,0,0,0,0,0, 0,0,0,0,0,10,0,0,0,0
26240,7,30,5.4,80,33,1.1293,11.9467,0,0,0,0,0,0,0,0,0,0,0, 0,0,0,0,0,10,0,0,0,0
26240,8,95,-55.4,80,32,-9.87764,6.81413,0,0,0,0,0,0,0,0,0,0,0, 0,0,0,0,0,10,0,0,0,0
26240,9,141,-59.4,60,32,-7.74668,4.58137,0,0,0,0,0,0,0,0,0,0,0, 0,0,0,0,0,10,0,0,0,0
26280,0,52,7.8,64,31.75,1.30287,9.51118,0,7936,0,0,0,0,0,0,0,0,0, 0,0,0,0,0,11,0,0,0,0
26280,1,70,7.2,64,33,1.2032,9.5243,0,7936,0,0,0,0,0,0,0,0,0, 0,0,0,0,0,11,0,0,0,0
26280,2,251,-57.4,64,32,-8.08754,5.1722,0,7936,0,0,0,0,0,0,0,0,0, 0,0,0,0,0,11,0,0,0,0
26280,3,95,8.8,68,31.75,1.56046,10.0799,0,7936,0,0,0,0,0,0,0,0,0, 0,0,0,0,0,11,0,0,0,0
26280,4,134,7.8,68,33,1.3843,10.1056,0,7936,0,0,0,0,0,0,0,0,0, 0,0,0,0,0,11,0,0,0,0
26280,5,294,-56.5,68,32,-8.50564,5.62976,0,7936,0,0,0,0,0,0,0,0,0, 0,0,0,0,0,11,0,0,0,0
26280,6,53,8.3,72,31.75,1.55905,10.6869,0,7936,0,0,0,0,0,0,0,0,0, 0,0,0,0,0,11,0,0,0,0
26280,7,75,7.8,72,33,1.46573,10.7001,0,7936,0,0,0,0,0,0,0,0,0, 0,0,0,0,0,11,0,0,0,0
26280,8,240,-56.5,72,32,-9.00597,5.96092,0,7936,0,0,0,0,0,0,0,0,0, 0,0,0,0,0,11,0,0,0,0
26280,9,26,-10.8,104,30.75,-2.92315,15.3237,0,7936,0,0,0,0,0,0,0,0,0, 0,0,0,0,0,11,0,0,0,0
26280,10,152,-57.4,76,32,-9.60396,6.14199,0,7936,0,0,0,0,0,0,0,0,0, 0,0,0,0,0,11,0,0,0,0
26280,11,25,-6,108,30.75,-1.69336,16.1113,0,7936,0,0,0,0,0,0,0,0,0, 0,0,0,0,0,11,0,0,0,0
26280,12,100,-59.4,80,32,-10.3289,6.1085,0,7936,0,0,0,0,0,0,0,0,0, 0,0,0,0,0,11,0,0,0,0
26280,13,42,1.8,112,31.75,0.527701,16.7917,0,7936,0,0,0,0,0,0,0,0,0, 0,0,0,0,0,11,0,0,0,0
26280,14,40,-0.6,116,32.25,-0.182209,17.399,0,7936,0,0,0,0,0,0,0,0,0, 0,0,0,0,0,11,0,0,0,0
26280,15,141,-57.4,60,32,-7.58207,4.84894,0,7936,0,0,0,0,0,0,0,0,0, 0,0,0,0,0,11,0,0,0,0
26320,0,51,4.2,64,33,0.703087,9.57422,0,1140,0,0,0,0,0,0,0,0,0, 0,0,0,0,0,12,0,0,0,0
26320,1,248,-57.4,64,32,-8.08754,5.1722,0,1140,0,0,0,0,0,0,0,0,0, 0,0,0,0,0,12,0,0,0,0
26320,2,48,8.8,68,31.75,1.56046,10.0799,0,1140,0,0,0,0,0,0,0,0,0, 0,0,0,0,0,12,0,0,0,0
26320,3,85,8.3,68,32.75,1.47243,10.0932,0,1140,0,0,0,0,0,0,0,0,0, 0,0,0,0,0,12,0,0,0,0
26320,4,85,8.3,68,33,1.47243,10.0932,0,1140,0,0,0,0,0,0,0,0,0, 0,0,0,0,0,12,0,0,0,0
26320,5,291,-56.5,68,32,-8.50564,5.62976,0,1140,0,0,0,0,0,0,0,0,0, 0,0,0,0,0,12,0,0,0,0
26320,6,34,-12.6,100,32.25,-3.27215,14.6388,0,1140,0,0,0,0,0,0,0,0,0, 0,0,0,0,0,12,0,0,0,0
26320,7,41,6.1,72,32.75,1.14765,10.7388,0,1140,0,0,0,0,0,0,0,0,0, 0,0,0,0,0,12,0,0,0,0
26320,8,44,6.1,72,33,1.14765,10.7388,0,1140,0,0,0,0,0,0,0,0,0, 0,0,0,0,0,12,0,0,0,0
26320,9,239,-57.4,72,32,-9.09849,5.81872,0,1140,0,0,0,0,0,0,0,0,0, 0,0,0,0,0,12,0,0,0,0
26320,10,147,-57.4,76,32,-9.60396,6.14199,0,1140,0,0,0,0,0,0,0,0,0, 0,0,0,0,0,12,0,0,0,0
26320,11,48,-4.2,108,30.75,-1.18646,16.1565,0,1140,0,0,0,0,0,0,0,0,0, 0,0,0,0,0,12,0,0,0,0
26320,12,93,-58.4,80,32,-10.2207,6.28783,0,1140,0,0,0,0,0,0,0,0,0, 0,0,0,0,0,12,0,0,0,0
26320,13,55,-0.6,116,31.75,-0.182209,17.399,0,1140,0,0,0,0,0,0,0,0,0, 0,0,0,0,0,12,0,0,0,0
26320,14,139,-60.3,60,32,-7.81768,4.45913,0,1140,0,0,0,0,0,0,0,0,0, 0,0,0,0,0,12,0,0,0,0
26360,0,248,-57.4,64,32,-8.08754,5.1722,0,86,0,0,0,0,0,0,0,0,0, 0,0,0,0,0,13,0,0,0,0
26360,1,57,8.3,68,33,1.47243,10.0932,0,86,0,0,0,0,0,0,0,0,0, 0,0,0,0,0,13,0,0,0,0
26360,2,291,-56.5,68,32,-8.50564,5.62976,0,86,0,0,0,0,0,0,0,0,0, 0,0,0,0,0,13,0,0,0,0
26360,3,46,6.1,72,31.75,1.14765,10.7388,0,86,0,0,0,0,0,0,0,0,0, 0,0,0,0,0,13,0,0,0,0
26360,4,75,6.1,72,32.75,1.14765,10.7388,0,86,0,0,0,0,0,0,0,0,0, 0,0,0,0,0,13,0,0,0,0
26360,5,72,6.1,72,33,1.14765,10.7388,0,86,0,0,0,0,0,0,0,0,0, 0,0,0,0,0,13,0,0,0,0
26360,6,239,-56.5,72,32,-9.00597,5.96092,0,86,0,0,0,0,0,0,0,0,0, 0,0,0,0,0,13,0,0,0,0
26360,7,49,6.1,76,33,1.21141,11.3355,0,86,0,0,0,0,0,0,0,0,0, 0,0,0,0,0,13,0,0,0,0
26360,8,151,-56.5,76,32,-9.5063,6.29208,0,86,0,0,0,0,0,0,0,0,0, 0,0,0,0,0,13,0,0,0,0
26360,9,37,-5.4,108,30.75,-1.52455,16.1281,0,86,0,0,0,0,0,0,0,0,0, 0,0,0,0,0,13,0,0,0,0
26360,10,102,-54.4,80,32,-9.75721,6.98548,0,86,0,0,0,0,0,0,0,0,0, 0,0,0,0,0,13,0,0,0,0
26360,11,81,-51.6,84,32,-9.87454,7.82646,0,86,0,0,0,0,0,0,0,0,0, 0,0,0,0,0,13,0,0,0,0
26360,12,141,-56.5,60,32,-7.50497,4.96743,0,86,0,0,0,0,0,0,0,0,0, 0,0,0,0,0,13,0,0,0,0
26400,0,51,8.3,64,33,1.38582,9.49945,0,0,0,0,0,0,0,0,0,0,0, 0,0,0,0,0,14,0,0,0,0
26400,1,245,-57.4,64,32,-8.08754,5.1722,0,0,0,0,0,0,0,0,0,0,0, 0,0,0,0,0,14,0,0,0,0
26400,2,44,8.3,68,31.75,1.47243,10.0932,0,0,0,0,0,0,0,0,0,0,0, 0,0,0,0,0,14,0,0,0,0
26400,3,81,6.6,68,32.75,1.17236,10.1324,0,0,0,0,0,0,0,0,0,0,0, 0,0,0,0,0,14,0,0,0,0
26400,4,86,6.6,68,33,1.17236,10.1324,0,0,0,0,0,0,0,0,0,0,0, 0,0,0,0,0,14,0,0,0,0
26400,5,288,-56.5,68,32,-8.50564,5.62976,0,0,0,0,0,0,0,0,0,0,0, 0,0,0,0,0,14,0,0,0,0
26400,6,30,-6.6,100,30.75,-1.72406,14.9006,0,0,0,0,0,0,0,0,0,0,0, 0,0,0,0,0,14,0,0,0,0
26400,7,35,4.8,72,31.75,0.903721,10.7621,0,0,0,0,0,0,0,0,0,0,0, 0,0,0,0,0,14,0,0,0,0
26400,8,67,7.2,72,32.75,1.3536,10.7148,0,0,0,0,0,0,0,0,0,0,0, 0,0,0,0,0,14,0,0,0,0
26400,9,71,7.2,72,33,1.3536,10.7148,0,0,0,0,0,0,0,0,0,0,0, 0,0,0,0,0,14,0,0,0,0
26400,10,240,-56.5,72,32,-9.00597,5.96092,0,0,0,0,0,0,0,0,0,0,0, 0,0,0,0,0,14,0,0,0,0
26400,11,36,7.2,76,33,1.4288,11.3101,0,0,0,0,0,0,0,0,0,0,0, 0,0,0,0,0,14,0,0,0,0
26400,12,149,-53.4,76,32,-9.15212,6.79696,0,0,0,0,0,0,0,0,0,0,0, 0,0,0,0,0,14,0,0,0,0
26400,13,108,-44.2,80,32,-8.36598,8.60293,0,0,0,0,0,0,0,0,0,0,0, 0,0,0,0,0,14,0,0,0,0
26400,14,92,-41.1,84,32,-8.28293,9.4949,0,0,0,0,0,0,0,0,0,0,0, 0,0,0,0,0,14,0,0,0,0
26400,15,42,3.6,116,31.5,1.09255,17.3657,0,0,0,0,0,0,0,0,0,0,0, 0,0,0,0,0,14,0,0,0,0
26400,16,138,-58.4,60,32,-7.66554,4.71587,0,0,0,0,0,0,0,0,0,0,0, 0,0,0,0,0,14,0,0,0,0
26440,0,38,6.6,64,33,1.1034,9.53638,0,0,0,0,0,0,0,0,0,0,0, 0,0,0,0,0,15,0,0,0,0
26440,1,245,-56.5,64,32,-8.0053,5.2986,0,0,0,0,0,0,0,0,0,0,0, 0,0,0,0,0,15,0,0,0,0
26440,2,51,6.1,68,33,1.08389,10.1422,0,0,0,0,0,0,0,0,0,0,0, 0,0,0,0,0,15,0,0,0,0
26440,3,289,-56.5,68,32,-8.50564,5.62976,0,0,0,0,0,0,0,0,0,0,0, 0,0,0,0,0,15,0,0,0,0
26440,4,36,3.1,100,33,0.811182,14.978,0,0,0,0,0,0,0,0,0,0,0, 0,0,0,0,0,15,0,0,0,0
26440,5,51,4.2,72,33,0.790973,10.771,0,0,0,0,0,0,0,0,0,0,0, 0,0,0,0,0,15,0,0,0,0
26440,6,240,-55.4,72,32,-8.88987,6.13271,0,0,0,0,0,0,0,0,0,0,0, 0,0,0,0,0,15,0,0,0,0
26440,7,22,7.2,104,33,1.9552,15.477,0,0,0,0,0,0,0,0,0,0,0, 0,0,0,0,0,15,0,0,0,0
26440,8,25,11.1,76,33,2.19475,11.1867,0,0,0,0,0,0,0,0,0,0,0, 0,0,0,0,0,15,0,0,0,0
26440,9,153,-55.4,76,32,-9.38375,6.47342,0,0,0,0,0,0,0,0,0,0,0, 0,0,0,0,0,15,0,0,0,0
26440,10,100,-55.4,80,32,-9.87764,6.81413,0,0,0,0,0,0,0,0,0,0,0, 0,0,0,0,0,15,0,0,0,0
26440,11,27,7.8,60,33,1.22144,8.91673,0,0,0,0,0,0,0,0,0,0,0, 0,0,0,0,0,15,0,0,0,0
26440,12,138,-57.4,60,32,-7.58207,4.84894,0,0,0,0,0,0,0,0,0,0,0, 0,0,0,0,0,15,0,0,0,0
26480,0,40,8.8,64,33,1.46866,9.48699,0,0,0,0,0,0,0,0,0,0,0, 0,0,0,0,0,0,0,0,0,0
26480,1,245,-58.4,64,32,-8.17658,5.03026,0,0,0,0,0,0,0,0,0,0,0, 0,0,0,0,0,0,0,0,0,0
26480,2,52,11.6,68,33,2.05099,9.99167,0,0,0,0,0,0,0,0,0,0,0, 0,0,0,0,0,0,0,0,0,0
26480,3,289,-57.4,68,32,-8.59301,5.49546,0,0,0,0,0,0,0,0,0,0,0, 0,0,0,0,0,0,0,0,0,0
26480,4,28,9.4,72,31.75,1.76392,10.655,0,0,0,0,0,0,0,0,0,0,0, 0,0,0,0,0,0,0,0,0,0
26480,5,52,8.3,72,32.75,1.55905,10.6869,0,0,0,0,0,0,0,0,0,0,0, 0,0,0,0,0,0,0,0,0,0
26480,6,56,8.3,72,33,1.55905,10.6869,0,0,0,0,0,0,0,0,0,0,0, 0,0,0,0,0,0,0,0,0,0
26480,7,239,-57.4,72,32,-9.09849,5.81872,0,0,0,0,0,0,0,0,0,0,0, 0,0,0,0,0,0,0,0,0,0
26480,8,150,-56.5,76,32,-9.5063,6.29208,0,0,0,0,0,0,0,0,0,0,0, 0,0,0,0,0,0,0,0,0,0
26480,9,100,-54.4,80,32,-9.75721,6.98548,0,0,0,0,0,0,0,0,0,0,0, 0,0,0,0,0,0,0,0,0,0
26480,10,44,2.4,120,31.75,0.753762,17.9842,0,0,0,0,0,0,0,0,0,0,0, 0,0,0,0,0,0,0,0,0,0
26480,11,141,-56.5,60,32,-7.50497,4.96743,0,0,0,0,0,0,0,0,0,0,0, 0,0,0,0,0,0,0,0,0,0
26520,0,50,6.6,64,33,1.1034,9.53638,0,0,0,0,0,0,0,0,0,0,0, 0,0,0,0,0,1,0,0,0,0
26520,1,249,-56.5,64,32,-8.0053,5.2986,0,0,0,0,0,0,0,0,0,0,0, 0,0,0,0,0,1,0,0,0,0
26520,2,290,-56.5,68,32,-8.50564,5.62976,0,0,0,0,0,0,0,0,0,0,0, 0,0,0,0,0,1,0,0,0,0
26520,3,244,-56.5,72,32,-9.00597,5.96092,0,0,0,0,0,0,0,0,0,0,0, 0,0,0,0,0,1,0,0,0,0
26520,4,156,-56.5,76,32,-9.5063,6.29208,0,0,0,0,0,0,0,0,0,0,0, 0,0,0,0,0,1,0,0,0,0
26520,5,103,-60.3,80,32,-10.4236,5.9455,0,0,0,0,0,0,0,0,0,0,0, 0,0,0,0,0,1,0,0,0,0
26520,6,139,-57.4,60,32,-7.58207,4.84894,0,0,0,0,0,0,0,0,0,0,0, 0,0,0,0,0,1,0,0,0,0
26560,0,246,-58.4,64,32,-8.17658,5.03026,0,0,0,0,0,0,0,0,0,0,0, 0,0,0,0,0,2,0,0,0,0
26560,1,290,-57.4,68,32,-8.59301,5.49546,0,0,0,0,0,0,0,0,0,0,0, 0,0,0,0,0,2,0,0,0,0
26560,2,241,-56.5,72,32,-9.00597,5.96092,0,0,0,0,0,0,0,0,0,0,0, 0,0,0,0,0,2,0,0,0,0
26560,3,30,-5.4,104,32.25,-1.46809,15.5308,0,0,0,0,0,0,0,0,0,0,0, 0,0,0,0,0,2,0,0,0,0
26560,4,152,-55.4,76,32,-9.38375,6.47342,0,0,0,0,0,0,0,0,0,0,0, 0,0,0,0,0,2,0,0,0,0
26560,5,20,9.4,80,33,1.95991,11.8389,0,0,0,0,0,0,0,0,0,0,0, 0,0,0,0,0,2,0,0,0,0
26560,6,103,-53.4,80,32,-9.63381,7.1547,0,0,0,0,0,0,0,0,0,0,0, 0,0,0,0,0,2,0,0,0,0
26560,7,138,-58.4,60,32,-7.66554,4.71587,0,0,0,0,0,0,0,0,0,0,0, 0,0,0,0,0,2,0,0,0,0
26600,0,48,4.2,64,32.75,0.703087,9.57422,0,0,0,0,0,0,0,0,0,0,0, 0,0,0,0,0,3,0,0,0,0
26600,1,51,5.4,64,33.25,0.90344,9.55739,0,0,0,0,0,0,0,0,0,0,0, 0,0,0,0,0,3,0,0,0,0
26600,2,245,-58.4,64,32,-8.17658,5.03026,0,0,0,0,0,0,0,0,0,0,0, 0,0,0,0,0,3,0,0,0,0
26600,3,50,9.9,68,31.75,1.75368,10.0481,0,0,0,0,0,0,0,0,0,0,0, 0,0,0,0,0,3,0,0,0,0
26600,4,99,7.8,68,32.75,1.3843,10.1056,0,0,0,0,0,0,0,0,0,0,0, 0,0,0,0,0,3,0,0,0,0
26600,5,103,7.8,68,33,1.3843,10.1056,0,0,0,0,0,0,0,0,0,0,0, 0,0,0,0,0,3,0,0,0,0
26600,6,287,-56.5,68,32,-8.50564,5.62976,0,0,0,0,0,0,0,0,0,0,0, 0,0,0,0,0,3,0,0,0,0
26600,7,67,9.4,72,33,1.76392,10.655,0,0,0,0,0,0,0,0,0,0,0, 0,0,0,0,0,3,0,0,0,0
26600,8,240,-56.5,72,32,-9.00597,5.96092,0,0,0,0,0,0,0,0,0,0,0, 0,0,0,0,0,3,0,0,0,0
26600,9,34,-5.4,104,30.75,-1.46809,15.5308,0,0,0,0,0,0,0,0,0,0,0, 0,0,0,0,0,3,0,0,0,0
26600,10,30,2.4,104,33,0.65326,15.5863,0,0,0,0,0,0,0,0,0,0,0, 0,0,0,0,0,3,0,0,0,0
26600,11,33,11.1,76,31.75,2.19475,11.1867,0,0,0,0,0,0,0,0,0,0,0, 0,0,0,0,0,3,0,0,0,0
26600,12,46,8.3,76,33,1.64566,11.2806,0,0,0,0,0,0,0,0,0,0,0, 0,0,0,0,0,3,0,0,0,0
26600,13,157,-54.4,76,32,-9.26935,6.6362,0,0,0,0,0,0,0,0,0,0,0, 0,0,0,0,0,3,0,0,0,0
26600,14,27,5.4,80,33,1.1293,11.9467,0,0,0,0,0,0,0,0,0,0,0, 0,0,0,0,0,3,0,0,0,0
26600,15,115,-48,80,32,-8.91774,8.02957,0,0,0,0,0,0,0,0,0,0,0, 0,0,0,0,0,3,0,0,0,0
26600,16,99,-45.9,84,32,-9.04839,8.7685,0,0,0,0,0,0,0,0,0,0,0, 0,0,0,0,0,3,0,0,0,0
26600,17,37,6.1,60,32.75,0.956377,8.94904,0,0,0,0,0,0,0,0,0,0,0, 0,0,0,0,0,3,0,0,0,0
26600,18,34,5.4,60,33.25,0.846975,8.96006,0,0,0,0,0,0,0,0,0,0,0, 0,0,0,0,0,3,0,0,0,0
26600,19,138,-57.4,60,32,-7.58207,4.84894,0,0,0,0,0,0,0,0,0,0,0, 0,0,0,0,0,3,0,0,0,0
26640,0,37,4.8,64,33,0.803307,9.56633,0,0,0,0,0,0,0,0,0,0,0, 0,0,0,0,0,4,0,0,0,0
26640,1,249,-56.5,64,32,-8.0053,5.2986,0,0,0,0,0,0,0,0,0,0,0, 0,0,0,0,0,4,0,0,0,0
26640,2,292,-56.5,68,32,-8.50564,5.62976,0,0,0,0,0,0,0,0,0,0,0, 0,0,0,0,0,4,0,0,0,0
26640,3,243,-55.4,72,32,-8.88987,6.13271,0,0,0,0,0,0,0,0,0,0,0, 0,0,0,0,0,4,0,0,0,0
26640,4,53,0.1,104,31.75,0.0272271,15.6,0,0,0,0,0,0,0,0,0,0,0, 0,0,0,0,0,4,0,0,0,0
26640,5,42,4.2,104,33,1.14252,15.5581,0,0,0,0,0,0,0,0,0,0,0, 0,0,0,0,0,4,0,0,0,0
26640,6,153,-53.4,76,32,-9.15212,6.79696,0,0,0,0,0,0,0,0,0,0,0, 0,0,0,0,0,4,0,0,0,0
26640,7,108,-44.2,80,32,-8.36598,8.60293,0,0,0,0,0,0,0,0,0,0,0, 0,0,0,0,0,4,0,0,0,0
26640,8,42,-3,112,32.25,-0.879244,16.777,0,0,0,0,0,0,0,0,0,0,0, 0,0,0,0,0,4,0,0,0,0
26640,9,92,-41.1,84,32,-8.28293,9.4949,0,0,0,0,0,0,0,0,0,0,0, 0,0,0,0,0,4,0,0,0,0
26640,10,65,6.6,60,33,1.03443,8.94035,0,0,0,0,0,0,0,0,0,0,0, 0,0,0,0,0,4,0,0,0,0
26640,11,140,-58.4,60,32,-7.66554,4.71587,0,0,0,0,0,0,0,0,0,0,0, 0,0,0,0,0,4,0,0,0,0
26680,0,87,8.3,64,31.75,1.38582,9.49945,0,0,0,0,0,0,0,0,0,0,0, 0,0,0,0,0,5,0,0,0,0
26680,1,156,7.8,64,32.75,1.30287,9.51118,0,0,0,0,0,0,0,0,0,0,0, 0,0,0,0,0,5,0,0,0,0
26680,2,157,7.8,64,33,1.30287,9.51118,0,0,0,0,0,0,0,0,0,0,0, 0,0,0,0,0,5,0,0,0,0
26680,3,244,-57.4,64,32,-8.08754,5.1722,0,0,0,0,0,0,0,0,0,0,0, 0,0,0,0,0,5,0,0,0,0
26680,4,36,-0.6,96,31.75,-0.150794,14.3992,0,0,0,0,0,0,0,0,0,0,0, 0,0,0,0,0,5,0,0,0,0
26680,5,32,5.4,96,33,1.35516,14.3361,0,0,0,0,0,0,0,0,0,0,0, 0,0,0,0,0,5,0,0,0,0
26680,6,78,7.2,68,31.75,1.2784,10.1196,0,0,0,0,0,0,0,0,0,0,0, 0,0,0,0,0,5,0,0,0,0
26680,7,146,7.2,68,32.75,1.2784,10.1196,0,0,0,0,0,0,0,0,0,0,0, 0,0,0,0,0,5,0,0,0,0
26680,8,149,7.2,68,33,1.2784,10.1196,0,0,0,0,0,0,0,0,0,0,0, 0,0,0,0,0,5,0,0,0,0
26680,9,287,-56.5,68,32,-8.50564,5.62976,0,0,0,0,0,0,0,0,0,0,0, 0,0,0,0,0,5,0,0,0,0
26680,10,33,0.1,100,31.75,0.0261799,15,0,0,0,0,0,0,0,0,0,0,0, 0,0,0,0,0,5,0,0,0,0
26680,11,34,4.2,100,33,1.09857,14.9597,0,0,0,0,0,0,0,0,0,0,0, 0,0,0,0,0,5,0,0,0,0
26680,12,41,8.3,72,31.75,1.55905,10.6869,0,0,0,0,0,0,0,0,0,0,0, 0,0,0,0,0,5,0,0,0,0
26680,13,80,6.6,72,32.75,1.24132,10.7284,0,0,0,0,0,0,0,0,0,0,0, 0,0,0,0,0,5,0,0,0,0
26680,14,85,6.1,72,33,1.14765,10.7388,0,0,0,0,0,0,0,0,0,0,0, 0,0,0,0,0,5,0,0,0,0
26680,15,240,-56.5,72,32,-9.00597,5.96092,0,0,0,0,0,0,0,0,0,0,0, 0,0,0,0,0,5,0,0,0,0
26680,16,24,0.1,104,30.75,0.0272271,15.6,0,0,0,0,0,0,0,0,0,0,0, 0,0,0,0,0,5,0,0,0,0
26680,17,48,6.6,76,33,1.31028,11.3244,0,0,0,0,0,0,0,0,0,0,0, 0,0,0,0,0,5,0,0,0,0
26680,18,153,-54.4,76,32,-9.26935,6.6362,0,0,0,0,0,0,0,0,0,0,0, 0,0,0,0,0,5,0,0,0,0
26680,19,48,-3,108,32.25,-0.847843,16.1778,0,0,0,0,0,0,0,0,0,0,0, 0,0,0,0,0,5,0,0,0,0
26680,20,105,-46.7,80,32,-8.73327,8.22982,0,0,0,0,0,0,0,0,0,0,0, 0,0,0,0,0,5,0,0,0,0
26680,21,25,1.8,120,30.75,0.565394,17.9911,0,0,0,0,0,0,0,0,0,0,0, 0,0,0,0,0,5,0,0,0,0
26680,22,53,6.1,60,32.75,0.956377,8.94904,0,0,0,0,0,0,0,0,0,0,0, 0,0,0,0,0,5,0,0,0,0
26680,23,57,6.6,60,33,1.03443,8.94035,0,0,0,0,0,0,0,0,0,0,0, 0,0,0,0,0,5,0,0,0,0
26680,24,141,-56.5,60,32,-7.50497,4.96743,0,0,0,0,0,0,0,0,0,0,0, 0,0,0,0,0,5,0,0,0,0
26720,0,55,6.6,64,32.75,1.1034,9.53638,0,0,0,0,0,0,0,0,0,0,0, 0,0,0,0,0,6,0,0,0,0
26720,1,62,6.6,64,33,1.1034,9.53638,0,0,0,0,0,0,0,0,0,0,0, 0,0,0,0,0,6,0,0,0,0
26720,2,245,-57.4,64,32,-8.08754,5.1722,0,0,0,0,0,0,0,0,0,0,0, 0,0,0,0,0,6,0,0,0,0
26720,3,86,6.6,68,32.75,1.17236,10.1324,0,0,0,0,0,0,0,0,0,0,0, 0,0,0,0,0,6,0,0,0,0
26720,4,91,6.6,68,33,1.17236,10.1324,0,0,0,0,0,0,0,0,0,0,0, 0,0,0,0,0,6,0,0,0,0
26720,5,289,-56.5,68,32,-8.50564,5.62976,0,0,0,0,0,0,0,0,0,0,0, 0,0,0,0,0,6,0,0,0,0
26720,6,38,0.1,100,31.75,0.0261799,15,0,0,0,0,0,0,0,0,0,0,0, 0,0,0,0,0,6,0,0,0,0
26720,7,93,7.8,72,33,1.46573,10.7001,0,0,0,0,0,0,0,0,0,0,0, 0,0,0,0,0,6,0,0,0,0
26720,8,239,-56.5,72,32,-9.00597,5.96092,0,0,0,0,0,0,0,0,0,0,0, 0,0,0,0,0,6,0,0,0,0
26720,9,30,5.4,104,33,1.46809,15.5308,0,0,0,0,0,0,0,0,0,0,0, 0,0,0,0,0,6,0,0,0,0
26720,10,44,6.6,76,33,1.31028,11.3244,0,0,0,0,0,0,0,0,0,0,0, 0,0,0,0,0,6,0,0,0,0
26720,11,147,-54.4,76,32,-9.26935,6.6362,0,0,0,0,0,0,0,0,0,0,0, 0,0,0,0,0,6,0,0,0,0
26720,12,96,-46.7,80,32,-8.73327,8.22982,0,0,0,0,0,0,0,0,0,0,0, 0,0,0,0,0,6,0,0,0,0
26720,13,137,-59.4,60,32,-7.74668,4.58137,0,0,0,0,0,0,0,0,0,0,0, 0,0,0,0,0,6,0,0,0,0
26760,0,39,8.3,64,33,1.38582,9.49945,0,0,0,0,0,0,0,0,0,0,0, 0,0,0,0,0,7,0,0,0,0
26760,1,243,-58.4,64,32,-8.17658,5.03026,0,0,0,0,0,0,0,0,0,0,0, 0,0,0,0,0,7,0,0,0,0
26760,2,57,8.3,68,33,1.47243,10.0932,0,0,0,0,0,0,0,0,0,0,0, 0,0,0,0,0,7,0,0,0,0
26760,3,290,-56.5,68,32,-8.50564,5.62976,0,0,0,0,0,0,0,0,0,0,0, 0,0,0,0,0,7,0,0,0,0
26760,4,240,-56.5,72,32,-9.00597,5.96092,0,0,0,0,0,0,0,0,0,0,0, 0,0,0,0,0,7,0,0,0,0
26760,5,46,-6.6,104,30.75,-1.79302,15.4966,0,0,0,0,0,0,0,0,0,0,0, 0,0,0,0,0,7,0,0,0,0
26760,6,56,-6,104,32.25,-1.63064,15.5145,0,0,0,0,0,0,0,0,0,0,0, 0,0,0,0,0,7,0,0,0,0
26760,7,149,-55.4,76,32,-9.38375,6.47342,0,0,0,0,0,0,0,0,0,0,0, 0,0,0,0,0,7,0,0,0,0
26760,8,98,-56.5,80,32,-10.0066,6.62324,0,0,0,0,0,0,0,0,0,0,0, 0,0,0,0,0,7,0,0,0,0
26760,9,138,-57.4,60,32,-7.58207,4.84894,0,0,0,0,0,0,0,0,0,0,0, 0,0,0,0,0,7,0,0,0,0
26800,0,248,-56.5,64,32,-8.0053,5.2986,0,0,0,0,0,0,0,0,0,0,0, 0,0,0,0,0,8,0,0,0,0
26800,1,26,10.6,68,31.75,1.8763,10.0259,0,0,0,0,0,0,0,0,0,0,0, 0,0,0,0,0,8,0,0,0,0
26800,2,47,9.9,68,32.75,1.75368,10.0481,0,0,0,0,0,0,0,0,0,0,0, 0,0,0,0,0,8,0,0,0,0
26800,3,46,9.4,68,33,1.66592,10.063,0,0,0,0,0,0,0,0,0,0,0, 0,0,0,0,0,8,0,0,0,0
26800,4,292,-56.5,68,32,-8.50564,5.62976,0,0,0,0,0,0,0,0,0,0,0, 0,0,0,0,0,8,0,0,0,0
26800,5,238,-56.5,72,32,-9.00597,5.96092,0,0,0,0,0,0,0,0,0,0,0, 0,0,0,0,0,8,0,0,0,0
26800,6,146,-56.5,76,32,-9.5063,6.29208,0,0,0,0,0,0,0,0,0,0,0, 0,0,0,0,0,8,0,0,0,0
26800,7,94,-56.5,80,32,-10.0066,6.62324,0,0,0,0,0,0,0,0,0,0,0, 0,0,0,0,0,8,0,0,0,0
26800,8,31,-10.8,112,32.25,-3.14801,16.5024,0,0,0,0,0,0,0,0,0,0,0, 0,0,0,0,0,8,0,0,0,0
26800,9,58,7.8,60,33,1.22144,8.91673,0,0,0,0,0,0,0,0,0,0,0, 0,0,0,0,0,8,0,0,0,0
26800,10,137,-59.4,60,32,-7.74668,4.58137,0,0,0,0,0,0,0,0,0,0,0, 0,0,0,0,0,8,0,0,0,0
26840,0,48,7.8,64,33,1.30287,9.51118,0,1334,0,0,0,0,0,0,0,0,0, 0,0,0,0,0,9,0,0,0,0
26840,1,245,-57.4,64,32,-8.08754,5.1722,0,1334,0,0,0,0,0,0,0,0,0, 0,0,0,0,0,9,0,0,0,0
26840,2,44,4.2,68,33,0.74703,10.1726,0,1334,0,0,0,0,0,0,0,0,0, 0,0,0,0,0,9,0,0,0,0
26840,3,289,-56.5,68,32,-8.50564,5.62976,0,1334,0,0,0,0,0,0,0,0,0, 0,0,0,0,0,9,0,0,0,0
26840,4,43,7.8,72,33,1.46573,10.7001,0,1334,0,0,0,0,0,0,0,0,0, 0,0,0,0,0,9,0,0,0,0
26840,5,240,-55.4,72,32,-8.88987,6.13271,0,1334,0,0,0,0,0,0,0,0,0, 0,0,0,0,0,9,0,0,0,0
26840,6,155,-53.4,76,32,-9.15212,6.79696,0,1334,0,0,0,0,0,0,0,0,0, 0,0,0,0,0,9,0,0,0,0
26840,7,104,-53.4,80,32,-9.63381,7.1547,0,1334,0,0,0,0,0,0,0,0,0, 0,0,0,0,0,9,0,0,0,0
26840,8,137,-58.4,60,32,-7.66554,4.71587,0,1334,0,0,0,0,0,0,0,0,0, 0,0,0,0,0,9,0,0,0,0
26880,0,245,-58.4,64,32,-8.17658,5.03026,0,0,0,0,0,0,0,0,0,0,0, 0,0,0,0,0,10,0,0,0,0
26880,1,290,-57.4,68,32,-8.59301,5.49546,0,0,0,0,0,0,0,0,0,0,0, 0,0,0,0,0,10,0,0,0,0
26880,2,240,-56.5,72,32,-9.00597,5.96092,0,0,0,0,0,0,0,0,0,0,0, 0,0,0,0,0,10,0,0,0,0
26880,3,151,-54.4,76,32,-9.26935,6.6362,0,0,0,0,0,0,0,0,0,0,0, 0,0,0,0,0,10,0,0,0,0
26880,4,102,-48,80,32,-8.91774,8.02957,0,0,0,0,0,0,0,0,0,0,0, 0,0,0,0,0,10,0,0,0,0
26880,5,32,-3,112,31.75,-0.879244,16.777,0,0,0,0,0,0,0,0,0,0,0, 0,0,0,0,0,10,0,0,0,0
26880,6,38,8.8,60,33,1.37687,8.89406,0,0,0,0,0,0,0,0,0,0,0, 0,0,0,0,0,10,0,0,0,0
26880,7,139,-59.4,60,32,-7.74668,4.58137,0,0,0,0,0,0,0,0,0,0,0, 0,0,0,0,0,10,0,0,0,0
26920,0,51,6.1,64,32.75,1.02014,9.54564,0,7936,0,0,0,0,0,0,0,0,0, 0,0,0,0,0,11,0,0,0,0
26920,1,49,6.6,64,33,1.1034,9.53638,0,7936,0,0,0,0,0,0,0,0,0, 0,0,0,0,0,11,0,0,0,0
26920,2,243,-57.4,64,32,-8.08754,5.1722,0,7936,0,0,0,0,0,0,0,0,0, 0,0,0,0,0,11,0,0,0,0
26920,3,287,-56.5,68,32,-8.50564,5.62976,0,7936,0,0,0,0,0,0,0,0,0, 0,0,0,0,0,11,0,0,0,0
26920,4,241,-55.4,72,32,-8.88987,6.13271,0,7936,0,0,0,0,0,0,0,0,0, 0,0,0,0,0,11,0,0,0,0
26920,5,155,-51.6,76,32,-8.93411,7.08108,0,7936,0,0,0,0,0,0,0,0,0, 0,0,0,0,0,11,0,0,0,0
26920,6,49,-2.4,108,32.25,-0.678386,16.1858,0,7936,0,0,0,0,0,0,0,0,0, 0,0,0,0,0,11,0,0,0,0
26920,7,105,-49.8,80,32,-9.16555,7.74549,0,7936,0,0,0,0,0,0,0,0,0, 0,0,0,0,0,11,0,0,0,0
26920,8,59,0.1,112,32.25,0.0293215,16.8,0,7936,0,0,0,0,0,0,0,0,0, 0,0,0,0,0,11,0,0,0,0
26920,9,33,5.4,60,33,0.846975,8.96006,0,7936,0,0,0,0,0,0,0,0,0, 0,0,0,0,0,11,0,0,0,0
26920,10,137,-57.4,60,32,-7.58207,4.84894,0,7936,0,0,0,0,0,0,0,0,0, 0,0,0,0,0,11,0,0,0,0
26960,0,37,8.3,64,33.25,1.38582,9.49945,0,1140,0,0,0,0,0,0,0,0,0, 0,0,0,0,0,12,0,0,0,0
26960,1,244,-57.4,64,32,-8.08754,5.1722,0,1140,0,0,0,0,0,0,0,0,0, 0,0,0,0,0,12,0,0,0,0
26960,2,37,12.1,68,33,2.13811,9.97339,0,1140,0,0,0,0,0,0,0,0,0, 0,0,0,0,0,12,0,0,0,0
26960,3,289,-56.5,68,32,-8.50564,5.62976,0,1140,0,0,0,0,0,0,0,0,0, 0,0,0,0,0,12,0,0,0,0
26960,4,29,-7.2,100,30.75,-1.88,14.8817,0,1140,0,0,0,0,0,0,0,0,0, 0,0,0,0,0,12,0,0,0,0
26960,5,241,-56.5,72,32,-9.00597,5.96092,0,1140,0,0,0,0,0,0,0,0,0, 0,0,0,0,0,12,0,0,0,0
26960,6,151,-54.4,76,32,-9.26935,6.6362,0,1140,0,0,0,0,0,0,0,0,0, 0,0,0,0,0,12,0,0,0,0
26960,7,99,-51.6,80,32,-9.40432,7.45377,0,1140,0,0,0,0,0,0,0,0,0, 0,0,0,0,0,12,0,0,0,0
26960,8,23,13.7,60,33,2.13154,8.74394,0,1140,0,0,0,0,0,0,0,0,0, 0,0,0,0,0,12,0,0,0,0
26960,9,139,-57.4,60,32,-7.58207,4.84894,0,1140,0,0,0,0,0,0,0,0,0, 0,0,0,0,0,12,0,0,0,0
27000,0,39,11.1,64,32.75,1.84821,9.42041,0,86,0,0,0,0,0,0,0,0,0, 0,0,0,0,0,13,0,0,0,0
27000,1,41,9.9,64,33,1.65052,9.45705,0,86,0,0,0,0,0,0,0,0,0, 0,0,0,0,0,13,0,0,0,0
27000,2,246,-56.5,64,32,-8.0053,5.2986,0,86,0,0,0,0,0,0,0,0,0, 0,0,0,0,0,13,0,0,0,0
27000,3,43,8.3,68,33,1.47243,10.0932,0,86,0,0,0,0,0,0,0,0,0, 0,0,0,0,0,13,0,0,0,0
27000,4,289,-56.5,68,32,-8.50564,5.62976,0,86,0,0,0,0,0,0,0,0,0, 0,0,0,0,0,13,0,0,0,0
27000,5,21,-37.6,100,33,-9.15218,11.8843,0,86,0,0,0,0,0,0,0,0,0, 0,0,0,0,0,13,0,0,0,0
27000,6,243,-55.4,72,32,-8.88987,6.13271,0,86,0,0,0,0,0,0,0,0,0, 0,0,0,0,0,13,0,0,0,0
27000,7,44,-6,104,30.75,-1.63064,15.5145,0,86,0,0,0,0,0,0,0,0,0, 0,0,0,0,0,13,0,0,0,0
27000,8,155,-53.4,76,32,-9.15212,6.79696,0,86,0,0,0,0,0,0,0,0,0, 0,0,0,0,0,13,0,0,0,0
27000,9,106,-49.8,80,32,-9.16555,7.74549,0,86,0,0,0,0,0,0,0,0,0, 0,0,0,0,0,13,0,0,0,0
27000,10,41,7.2,60,33,1.128,8.92903,0,86,0,0,0,0,0,0,0,0,0, 0,0,0,0,0,13,0,0,0,0
27000,11,139,-58.4,60,32,-7.66554,4.71587,0,86,0,0,0,0,0,0,0,0,0, 0,0,0,0,0,13,0,0,0,0
27000,12,44,1.3,124,30.75,0.421984,18.5952,0,86,0,0,0,0,0,0,0,0,0, 0,0,0,0,0,13,0,0,0,0
27000,13,46,0.6,124,32.25,0.194775,18.599,0,86,0,0,0,0,0,0,0,0,0, 0,0,0,0,0,13,0,0,0,0
27040,0,38,7.2,64,31.75,1.2032,9.5243,0,0,0,0,0,0,0,0,0,0,0, 0,0,0,0,0,14,0,0,0,0
27040,1,87,6.6,64,32.75,1.1034,9.53638,0,0,0,0,0,0,0,0,0,0,0, 0,0,0,0,0,14,0,0,0,0
27040,2,95,6.6,64,33,1.1034,9.53638,0,0,0,0,0,0,0,0,0,0,0, 0,0,0,0,0,14,0,0,0,0
27040,3,248,-56.5,64,32,-8.0053,5.2986,0,0,0,0,0,0,0,0,0,0,0, 0,0,0,0,0,14,0,0,0,0
27040,4,62,6.1,68,32.75,1.08389,10.1422,0,0,0,0,0,0,0,0,0,0,0, 0,0,0,0,0,14,0,0,0,0
27040,5,67,6.6,68,33,1.17236,10.1324,0,0,0,0,0,0,0,0,0,0,0, 0,0,0,0,0,14,0,0,0,0
27040,6,291,-56.5,68,32,-8.50564,5.62976,0,0,0,0,0,0,0,0,0,0,0, 0,0,0,0,0,14,0,0,0,0
27040,7,47,6.1,72,33,1.14765,10.7388,0,0,0,0,0,0,0,0,0,0,0, 0,0,0,0,0,14,0,0,0,0
27040,8,241,-56.5,72,32,-9.00597,5.96092,0,0,0,0,0,0,0,0,0,0,0, 0,0,0,0,0,14,0,0,0,0
27040,9,153,-51.6,76,32,-8.93411,7.08108,0,0,0,0,0,0,0,0,0,0,0, 0,0,0,0,0,14,0,0,0,0
27040,10,106,-45,80,32,-8.48528,8.48528,0,0,0,0,0,0,0,0,0,0,0, 0,0,0,0,0,14,0,0,0,0
27040,11,139,-58.4,60,32,-7.66554,4.71587,0,0,0,0,0,0,0,0,0,0,0, 0,0,0,0,0,14,0,0,0,0
27080,0,243,-58.4,64,32,-8.17658,5.03026,0,0,0,0,0,0,0,0,0,0,0, 0,0,0,0,0,15,0,0,0,0
27080,1,48,12.7,68,33,2.24243,9.95045,0,0,0,0,0,0,0,0,0,0,0, 0,0,0,0,0,15,0,0,0,0
27080,2,287,-57.4,68,32,-8.59301,5.49546,0,0,0,0,0,0,0,0,0,0,0, 0,0,0,0,0,15,0,0,0,0
27080,3,30,10.6,72,32.75,1.98667,10.6157,0,0,0,0,0,0,0,0,0,0,0, 0,0,0,0,0,15,0,0,0,0
27080,4,33,10.6,72,33,1.98667,10.6157,0,0,0,0,0,0,0,0,0,0,0, 0,0,0,0,0,15,0,0,0,0
27080,5,241,-56.5,72,32,-9.00597,5.96092,0,0,0,0,0,0,0,0,0,0,0, 0,0,0,0,0,15,0,0,0,0
27080,6,33,-4.2,104,30.75,-1.14252,15.5581,0,0,0,0,0,0,0,0,0,0,0, 0,0,0,0,0,15,0,0,0,0
27080,7,157,-51.6,76,32,-8.93411,7.08108,0,0,0,0,0,0,0,0,0,0,0, 0,0,0,0,0,15,0,0,0,0
27080,8,36,-5.4,108,30.75,-1.52455,16.1281,0,0,0,0,0,0,0,0,0,0,0, 0,0,0,0,0,15,0,0,0,0
27080,9,59,-5.4,108,31.25,-1.52455,16.1281,0,0,0,0,0,0,0,0,0,0,0, 0,0,0,0,0,15,0,0,0,0
27080,10,112,-44.2,80,32,-8.36598,8.60293,0,0,0,0,0,0,0,0,0,0,0, 0,0,0,0,0,15,0,0,0,0
27080,11,58,-5.4,112,30.75,-1.58102,16.7254,0,0,0,0,0,0,0,0,0,0,0, 0,0,0,0,0,15,0,0,0,0
27080,12,70,-6.6,112,32.25,-1.93094,16.6887,0,0,0,0,0,0,0,0,0,0,0, 0,0,0,0,0,15,0,0,0,0
27080,13,87,-43.6,84,32,-8.68921,9.12457,0,0,0,0,0,0,0,0,0,0,0, 0,0,0,0,0,15,0,0,0,0
27080,14,138,-58.4,60,32,-7.66554,4.71587,0,0,0,0,0,0,0,0,0,0,0, 0,0,0,0,0,15,0,0,0,0
27120,0,242,-57.4,64,32,-8.08754,5.1722,0,0,0,0,0,0,0,0,0,0,0, 0,0,0,0,0,0,0,0,0,0
27120,1,28,-18.4,96,31.75,-4.54535,13.6638,0,0,0,0,0,0,0,0,0,0,0, 0,0,0,0,0,0,0,0,0,0
27120,2,286,-57.4,68,32,-8.59301,5.49546,0,0,0,0,0,0,0,0,0,0,0, 0,0,0,0,0,0,0,0,0,0
27120,3,239,-56.5,72,32,-9.00597,5.96092,0,0,0,0,0,0,0,0,0,0,0, 0,0,0,0,0,0,0,0,0,0
27120,4,31,-4.8,104,30.75,-1.30537,15.5453,0,0,0,0,0,0,0,0,0,0,0, 0,0,0,0,0,0,0,0,0,0
27120,5,151,-53.4,76,32,-9.15212,6.79696,0,0,0,0,0,0,0,0,0,0,0, 0,0,0,0,0,0,0,0,0,0
27120,6,47,-3.6,108,30.75,-1.01721,16.168,0,0,0,0,0,0,0,0,0,0,0, 0,0,0,0,0,0,0,0,0,0
27120,7,99,-48,80,32,-8.91774,8.02957,0,0,0,0,0,0,0,0,0,0,0, 0,0,0,0,0,0,0,0,0,0
27120,8,40,8.3,60,33,1.29921,8.90573,0,0,0,0,0,0,0,0,0,0,0, 0,0,0,0,0,0,0,0,0,0
27120,9,137,-58.4,60,32,-7.66554,4.71587,0,0,0,0,0,0,0,0,0,0,0, 0,0,0,0,0,0,0,0,0,0
27160,0,40,7.8,64,32.75,1.30287,9.51118,0,0,0,0,0,0,0,0,0,0,0, 0,0,0,0,0,1,0,0,0,0
27160,1,244,-56.5,64,32,-8.0053,5.2986,0,0,0,0,0,0,0,0,0,0,0, 0,0,0,0,0,1,0,0,0,0
27160,2,290,-55.4,68,32,-8.39599,5.79201,0,0,0,0,0,0,0,0,0,0,0, 0,0,0,0,0,1,0,0,0,0
27160,3,242,-55.4,72,32,-8.88987,6.13271,0,0,0,0,0,0,0,0,0,0,0, 0,0,0,0,0,1,0,0,0,0
27160,4,154,-53.4,76,32,-9.15212,6.79696,0,0,0,0,0,0,0,0,0,0,0, 0,0,0,0,0,1,0,0,0,0
27160,5,106,-49.8,80,32,-9.16555,7.74549,0,0,0,0,0,0,0,0,0,0,0, 0,0,0,0,0,1,0,0,0,0
27160,6,31,-1.8,116,30.75,-0.546547,17.3914,0,0,0,0,0,0,0,0,0,0,0, 0,0,0,0,0,1,0,0,0,0
27160,7,141,-56.5,60,32,-7.50497,4.96743,0,0,0,0,0,0,0,0,0,0,0, 0,0,0,0,0,1,0,0,0,0
27200,0,38,11.6,64,31.75,1.93035,9.40392,0,0,0,0,0,0,0,0,0,0,0, 0,0,0,0,0,2,0,0,0,0
27200,1,72,9.9,64,32.75,1.65052,9.45705,0,0,0,0,0,0,0,0,0,0,0, 0,0,0,0,0,2,0,0,0,0
27200,2,74,9.4,64,33,1.56793,9.47109,0,0,0,0,0,0,0,0,0,0,0, 0,0,0,0,0,2,0,0,0,0
27200,3,247,-56.5,64,32,-8.0053,5.2986,0,0,0,0,0,0,0,0,0,0,0, 0,0,0,0,0,2,0,0,0,0
27200,4,49,8.3,68,33,1.47243,10.0932,0,0,0,0,0,0,0,0,0,0,0, 0,0,0,0,0,2,0,0,0,0
27200,5,290,-56.5,68,32,-8.50564,5.62976,0,0,0,0,0,0,0,0,0,0,0, 0,0,0,0,0,2,0,0,0,0
27200,6,38,11.1,72,33,2.07924,10.598,0,0,0,0,0,0,0,0,0,0,0, 0,0,0,0,0,2,0,0,0,0
27200,7,241,-55.4,72,32,-8.88987,6.13271,0,0,0,0,0,0,0,0,0,0,0, 0,0,0,0,0,2,0,0,0,0
27200,8,152,-53.4,76,32,-9.15212,6.79696,0,0,0,0,0,0,0,0,0,0,0, 0,0,0,0,0,2,0,0,0,0
27200,9,103,-48,80,32,-8.91774,8.02957,0,0,0,0,0,0,0,0,0,0,0, 0,0,0,0,0,2,0,0,0,0
27200,10,82,-45.9,84,32,-9.04839,8.7685,0,0,0,0,0,0,0,0,0,0,0, 0,0,0,0,0,2,0,0,0,0
27200,11,37,7.8,56,33,1.14001,8.32228,0,0,0,0,0,0,0,0,0,0,0, 0,0,0,0,0,2,0,0,0,0
27200,12,38,9.4,60,31.75,1.46993,8.87915,0,0,0,0,0,0,0,0,0,0,0, 0,0,0,0,0,2,0,0,0,0
27200,13,54,8.3,60,33,1.29921,8.90573,0,0,0,0,0,0,0,0,0,0,0, 0,0,0,0,0,2,0,0,0,0
27200,14,138,-56.5,60,32,-7.50497,4.96743,0,0,0,0,0,0,0,0,0,0,0, 0,0,0,0,0,2,0,0,0,0
27240,0,246,-56.5,64,32,-8.0053,5.2986,0,0,0,0,0,0,0,0,0,0,0, 0,0,0,0,0,3,0,0,0,0
27240,1,291,-56.5,68,32,-8.50564,5.62976,0,0,0,0,0,0,0,0,0,0,0, 0,0,0,0,0,3,0,0,0,0
27240,2,244,-55.4,72,32,-8.88987,6.13271,0,0,0,0,0,0,0,0,0,0,0, 0,0,0,0,0,3,0,0,0,0
27240,3,159,-53.4,76,32,-9.15212,6.79696,0,0,0,0,0,0,0,0,0,0,0, 0,0,0,0,0,3,0,0,0,0
27240,4,109,-51.6,80,32,-9.40432,7.45377,0,0,0,0,0,0,0,0,0,0,0, 0,0,0,0,0,3,0,0,0,0
27240,5,35,1.8,112,30.75,0.527701,16.7917,0,0,0,0,0,0,0,0,0,0,0, 0,0,0,0,0,3,0,0,0,0
27240,6,38,-1.2,112,32.25,-0.351833,16.7963,0,0,0,0,0,0,0,0,0,0,0, 0,0,0,0,0,3,0,0,0,0
27240,7,83,-54.4,84,32,-10.2451,7.33475,0,0,0,0,0,0,0,0,0,0,0, 0,0,0,0,0,3,0,0,0,0
27240,8,30,-3,116,30.75,-0.910646,17.3762,0,0,0,0,0,0,0,0,0,0,0, 0,0,0,0,0,3,0,0,0,0
27240,9,38,6.6,56,33,0.965472,8.34433,0,0,0,0,0,0,0,0,0,0,0, 0,0,0,0,0,3,0,0,0,0
27240,10,31,6.1,60,31.75,0.956377,8.94904,0,0,0,0,0,0,0,0,0,0,0, 0,0,0,0,0,3,0,0,0,0
27240,11,59,6.1,60,32.75,0.956377,8.94904,0,0,0,0,0,0,0,0,0,0,0, 0,0,0,0,0,3,0,0,0,0
27240,12,62,6.6,60,33,1.03443,8.94035,0,0,0,0,0,0,0,0,0,0,0, 0,0,0,0,0,3,0,0,0,0
27240,13,138,-56.5,60,32,-7.50497,4.96743,0,0,0,0,0,0,0,0,0,0,0, 0,0,0,0,0,3,0,0,0,0
27280,0,37,12.1,64,31.75,2.01234,9.38672,0,0,0,0,0,0,0,0,0,0,0, 0,0,0,0,0,4,0,0,0,0
27280,1,57,7.8,64,33,1.30287,9.51118,0,0,0,0,0,0,0,0,0,0,0, 0,0,0,0,0,4,0,0,0,0
27280,2,247,-56.5,64,32,-8.0053,5.2986,0,0,0,0,0,0,0,0,0,0,0, 0,0,0,0,0,4,0,0,0,0
27280,3,43,7.8,68,33,1.3843,10.1056,0,0,0,0,0,0,0,0,0,0,0, 0,0,0,0,0,4,0,0,0,0
27280,4,293,-55.4,68,32,-8.39599,5.79201,0,0,0,0,0,0,0,0,0,0,0, 0,0,0,0,0,4,0,0,0,0
27280,5,243,-55.4,72,32,-8.88987,6.13271,0,0,0,0,0,0,0,0,0,0,0, 0,0,0,0,0,4,0,0,0,0
27280,6,155,-53.4,76,32,-9.15212,6.79696,0,0,0,0,0,0,0,0,0,0,0, 0,0,0,0,0,4,0,0,0,0
27280,7,99,-53.4,80,32,-9.63381,7.1547,0,0,0,0,0,0,0,0,0,0,0, 0,0,0,0,0,4,0,0,0,0
27280,8,55,-3.6,112,30.75,-1.05488,16.7668,0,0,0,0,0,0,0,0,0,0,0, 0,0,0,0,0,4,0,0,0,0
27280,9,38,8.8,56,33,1.28508,8.30112,0,0,0,0,0,0,0,0,0,0,0, 0,0,0,0,0,4,0,0,0,0
27280,10,32,1.3,120,30.75,0.408372,17.9954,0,0,0,0,0,0,0,0,0,0,0, 0,0,0,0,0,4,0,0,0,0
27280,11,138,-57.4,60,32,-7.58207,4.84894,0,0,0,0,0,0,0,0,0,0,0, 0,0,0,0,0,4,0,0,0,0
27320,0,37,12.1,64,33,2.01234,9.38672,0,0,0,0,0,0,0,0,0,0,0, 0,0,0,0,0,5,0,0,0,0
27320,1,245,-56.5,64,32,-8.0053,5.2986,0,0,0,0,0,0,0,0,0,0,0, 0,0,0,0,0,5,0,0,0,0
27320,2,48,8.8,68,33,1.56046,10.0799,0,0,0,0,0,0,0,0,0,0,0, 0,0,0,0,0,5,0,0,0,0
27320,3,291,-55.4,68,32,-8.39599,5.79201,0,0,0,0,0,0,0,0,0,0,0, 0,0,0,0,0,5,0,0,0,0
27320,4,244,-54.4,72,32,-8.78149,6.28693,0,0,0,0,0,0,0,0,0,0,0, 0,0,0,0,0,5,0,0,0,0
27320,5,156,-51.6,76,32,-8.93411,7.08108,0,0,0,0,0,0,0,0,0,0,0, 0,0,0,0,0,5,0,0,0,0
27320,6,103,-46.7,80,32,-8.73327,8.22982,0,0,0,0,0,0,0,0,0,0,0, 0,0,0,0,0,5,0,0,0,0
27320,7,39,-5.4,112,32.25,-1.58102,16.7254,0,0,0,0,0,0,0,0,0,0,0, 0,0,0,0,0,5,0,0,0,0
27320,8,38,8.3,60,33,1.29921,8.90573,0,0,0,0,0,0,0,0,0,0,0, 0,0,0,0,0,5,0,0,0,0
27320,9,139,-57.4,60,32,-7.58207,4.84894,0,0,0,0,0,0,0,0,0,0,0, 0,0,0,0,0,5,0,0,0,0
27360,0,46,9.9,64,33,1.65052,9.45705,0,0,0,0,0,0,0,0,0,0,0, 0,0,0,0,0,6,0,0,0,0
27360,1,246,-56.5,64,32,-8.0053,5.2986,0,0,0,0,0,0,0,0,0,0,0, 0,0,0,0,0,6,0,0,0,0
27360,2,38,9.9,68,33,1.75368,10.0481,0,0,0,0,0,0,0,0,0,0,0, 0,0,0,0,0,6,0,0,0,0
27360,3,288,-56.5,68,32,-8.50564,5.62976,0,0,0,0,0,0,0,0,0,0,0, 0,0,0,0,0,6,0,0,0,0
27360,4,237,-56.5,72,32,-9.00597,5.96092,0,0,0,0,0,0,0,0,0,0,0, 0,0,0,0,0,6,0,0,0,0
27360,5,33,-7.2,104,32.25,-1.9552,15.477,0,0,0,0,0,0,0,0,0,0,0, 0,0,0,0,0,6,0,0,0,0
27360,6,150,-54.4,76,32,-9.26935,6.6362,0,0,0,0,0,0,0,0,0,0,0, 0,0,0,0,0,6,0,0,0,0
27360,7,102,-45.9,80,32,-8.61752,8.35095,0,0,0,0,0,0,0,0,0,0,0, 0,0,0,0,0,6,0,0,0,0
27360,8,82,-4.2,112,31.75,-1.2304,16.7549,0,0,0,0,0,0,0,0,0,0,0, 0,0,0,0,0,6,0,0,0,0
27360,9,84,-45.9,84,32,-9.04839,8.7685,0,0,0,0,0,0,0,0,0,0,0, 0,0,0,0,0,6,0,0,0,0
27360,10,38,-3,116,30.75,-0.910646,17.3762,0,0,0,0,0,0,0,0,0,0,0, 0,0,0,0,0,6,0,0,0,0
27360,11,30,8.3,60,33,1.29921,8.90573,0,0,0,0,0,0,0,0,0,0,0, 0,0,0,0,0,6,0,0,0,0
27360,12,140,-57.4,60,32,-7.58207,4.84894,0,0,0,0,0,0,0,0,0,0,0, 0,0,0,0,0,6,0,0,0,0
27400,0,24,17.6,64,33,2.90275,9.15063,0,0,0,0,0,0,0,0,0,0,0, 0,0,0,0,0,7,0,0,0,0
27400,1,247,-56.5,64,32,-8.0053,5.2986,0,0,0,0,0,0,0,0,0,0,0, 0,0,0,0,0,7,0,0,0,0
27400,2,290,-55.4,68,32,-8.39599,5.79201,0,0,0,0,0,0,0,0,0,0,0, 0,0,0,0,0,7,0,0,0,0
27400,3,241,-55.4,72,32,-8.88987,6.13271,0,0,0,0,0,0,0,0,0,0,0, 0,0,0,0,0,7,0,0,0,0
27400,4,155,-54.4,76,32,-9.26935,6.6362,0,0,0,0,0,0,0,0,0,0,0, 0,0,0,0,0,7,0,0,0,0
27400,5,106,-51.6,80,32,-9.40432,7.45377,0,0,0,0,0,0,0,0,0,0,0, 0,0,0,0,0,7,0,0,0,0
27400,6,50,4.8,116,31.75,1.45599,17.339,0,0,0,0,0,0,0,0,0,0,0, 0,0,0,0,0,7,0,0,0,0
27400,7,138,-58.4,60,32,-7.66554,4.71587,0,0,0,0,0,0,0,0,0,0,0, 0,0,0,0,0,7,0,0,0,0
27400,8,38,0.6,124,31.5,0.194775,18.599,0,0,0,0,0,0,0,0,0,0,0, 0,0,0,0,0,7,0,0,0,0
27440,0,36,11.1,64,33,1.84821,9.42041,0,0,0,0,0,0,0,0,0,0,0, 0,0,0,0,0,8,0,0,0,0
27440,1,244,-57.4,64,32,-8.08754,5.1722,0,0,0,0,0,0,0,0,0,0,0, 0,0,0,0,0,8,0,0,0,0
27440,2,289,-56.5,68,32,-8.50564,5.62976,0,0,0,0,0,0,0,0,0,0,0, 0,0,0,0,0,8,0,0,0,0
27440,3,239,-55.4,72,32,-8.88987,6.13271,0,0,0,0,0,0,0,0,0,0,0, 0,0,0,0,0,8,0,0,0,0
27440,4,47,-2.4,104,32.25,-0.65326,15.5863,0,0,0,0,0,0,0,0,0,0,0, 0,0,0,0,0,8,0,0,0,0
27440,5,148,-53.4,76,32,-9.15212,6.79696,0,0,0,0,0,0,0,0,0,0,0, 0,0,0,0,0,8,0,0,0,0
27440,6,101,-48,80,32,-8.91774,8.02957,0,0,0,0,0,0,0,0,0,0,0, 0,0,0,0,0,8,0,0,0,0
27440,7,65,-6.6,112,32.25,-1.93094,16.6887,0,0,0,0,0,0,0,0,0,0,0, 0,0,0,0,0,8,0,0,0,0
27440,8,31,12.7,60,32.75,1.97862,8.77981,0,0,0,0,0,0,0,0,0,0,0, 0,0,0,0,0,8,0,0,0,0
27440,9,30,13.2,60,33,2.05516,8.76221,0,0,0,0,0,0,0,0,0,0,0, 0,0,0,0,0,8,0,0,0,0
27440,10,138,-57.4,60,32,-7.58207,4.84894,0,0,0,0,0,0,0,0,0,0,0, 0,0,0,0,0,8,0,0,0,0
27480,0,246,-56.5,64,32,-8.0053,5.2986,0,1334,0,0,0,0,0,0,0,0,0, 0,0,0,0,0,9,0,0,0,0
27480,1,21,13.7,68,33,2.41575,9.9098,0,1334,0,0,0,0,0,0,0,0,0, 0,0,0,0,0,9,0,0,0,0
27480,2,287,-55.4,68,32,-8.39599,5.79201,0,1334,0,0,0,0,0,0,0,0,0, 0,0,0,0,0,9,0,0,0,0
27480,3,237,-55.4,72,32,-8.88987,6.13271,0,1334,0,0,0,0,0,0,0,0,0, 0,0,0,0,0,9,0,0,0,0
27480,4,149,-54.4,76,32,-9.26935,6.6362,0,1334,0,0,0,0,0,0,0,0,0, 0,0,0,0,0,9,0,0,0,0
27480,5,104,-48,80,32,-8.91774,8.02957,0,1334,0,0,0,0,0,0,0,0,0, 0,0,0,0,0,9,0,0,0,0
27480,6,90,-44.2,84,32,-8.78428,9.03307,0,1334,0,0,0,0,0,0,0,0,0, 0,0,0,0,0,9,0,0,0,0
27480,7,26,9.4,56,33,1.37194,8.28721,0,1334,0,0,0,0,0,0,0,0,0, 0,0,0,0,0,9,0,0,0,0
27480,8,37,8.3,60,33,1.29921,8.90573,0,1334,0,0,0,0,0,0,0,0,0, 0,0,0,0,0,9,0,0,0,0
27480,9,140,-57.4,60,32,-7.58207,4.84894,0,1334,0,0,0,0,0,0,0,0,0, 0,0,0,0,0,9,0,0,0,0
27520,0,244,-57.4,64,32,-8.08754,5.1722,0,0,0,0,0,0,0,0,0,0,0, 0,0,0,0,0,10,0,0,0,0
27520,1,289,-56.5,68,32,-8.50564,5.62976,0,0,0,0,0,0,0,0,0,0,0, 0,0,0,0,0,10,0,0,0,0
27520,2,239,-56.5,72,32,-9.00597,5.96092,0,0,0,0,0,0,0,0,0,0,0, 0,0,0,0,0,10,0,0,0,0
27520,3,148,-53.4,76,32,-9.15212,6.79696,0,0,0,0,0,0,0,0,0,0,0, 0,0,0,0,0,10,0,0,0,0
27520,4,102,-45.9,80,32,-8.61752,8.35095,0,0,0,0,0,0,0,0,0,0,0, 0,0,0,0,0,10,0,0,0,0
27520,5,84,-45,84,32,-8.90955,8.90955,0,0,0,0,0,0,0,0,0,0,0, 0,0,0,0,0,10,0,0,0,0
27520,6,25,10.6,56,32.75,1.54519,8.25666,0,0,0,0,0,0,0,0,0,0,0, 0,0,0,0,0,10,0,0,0,0
27520,7,30,9.9,56,33,1.4442,8.27492,0,0,0,0,0,0,0,0,0,0,0, 0,0,0,0,0,10,0,0,0,0
27520,8,23,5.4,120,32.25,1.69395,17.9201,0,0,0,0,0,0,0,0,0,0,0, 0,0,0,0,0,10,0,0,0,0
27520,9,34,6.6,60,33,1.03443,8.94035,0,0,0,0,0,0,0,0,0,0,0, 0,0,0,0,0,10,0,0,0,0
27520,10,138,-58.4,60,32,-7.66554,4.71587,0,0,0,0,0,0,0,0,0,0,0, 0,0,0,0,0,10,0,0,0,0
27560,0,41,9.9,64,33,1.65052,9.45705,0,7936,0,0,0,0,0,0,0,0,0, 0,0,0,0,0,11,0,0,0,0
27560,1,244,-56.5,64,32,-8.0053,5.2986,0,7936,0,0,0,0,0,0,0,0,0, 0,0,0,0,0,11,0,0,0,0
27560,2,291,-55.4,68,32,-8.39599,5.79201,0,7936,0,0,0,0,0,0,0,0,0, 0,0,0,0,0,11,0,0,0,0
27560,3,243,-54.4,72,32,-8.78149,6.28693,0,7936,0,0,0,0,0,0,0,0,0, 0,0,0,0,0,11,0,0,0,0
27560,4,57,-4.2,104,31.5,-1.14252,15.5581,0,7936,0,0,0,0,0,0,0,0,0, 0,0,0,0,0,11,0,0,0,0
27560,5,156,-51.6,76,32,-8.93411,7.08108,0,7936,0,0,0,0,0,0,0,0,0, 0,0,0,0,0,11,0,0,0,0
27560,6,106,-45.9,80,32,-8.61752,8.35095,0,7936,0,0,0,0,0,0,0,0,0, 0,0,0,0,0,11,0,0,0,0
27560,7,138,-58.4,60,32,-7.66554,4.71587,0,7936,0,0,0,0,0,0,0,0,0, 0,0,0,0,0,11,0,0,0,0
27600,0,45,10.6,64,33,1.76593,9.43618,0,1140,0,0,0,0,0,0,0,0,0, 0,0,0,0,0,12,0,0,0,0
27600,1,245,-57.4,64,32,-8.08754,5.1722,0,1140,0,0,0,0,0,0,0,0,0, 0,0,0,0,0,12,0,0,0,0
27600,2,288,-56.5,68,32,-8.50564,5.62976,0,1140,0,0,0,0,0,0,0,0,0, 0,0,0,0,0,12,0,0,0,0
27600,3,237,-55.4,72,32,-8.88987,6.13271,0,1140,0,0,0,0,0,0,0,0,0, 0,0,0,0,0,12,0,0,0,0
27600,4,148,-51.6,76,32,-8.93411,7.08108,0,1140,0,0,0,0,0,0,0,0,0, 0,0,0,0,0,12,0,0,0,0
27600,5,37,-9.6,108,31.25,-2.70165,15.9731,0,1140,0,0,0,0,0,0,0,0,0, 0,0,0,0,0,12,0,0,0,0
27600,6,103,-45,80,32,-8.48528,8.48528,0,1140,0,0,0,0,0,0,0,0,0, 0,0,0,0,0,12,0,0,0,0
27600,7,21,-2.4,112,30.75,-0.703511,16.7853,0,1140,0,0,0,0,0,0,0,0,0, 0,0,0,0,0,12,0,0,0,0
27600,8,81,-45,84,32,-8.90955,8.90955,0,1140,0,0,0,0,0,0,0,0,0, 0,0,0,0,0,12,0,0,0,0
27600,9,33,8.3,56,32.75,1.21259,8.31202,0,1140,0,0,0,0,0,0,0,0,0, 0,0,0,0,0,12,0,0,0,0
27600,10,45,8.3,60,33,1.29921,8.90573,0,1140,0,0,0,0,0,0,0,0,0, 0,0,0,0,0,12,0,0,0,0
27600,11,138,-58.4,60,32,-7.66554,4.71587,0,1140,0,0,0,0,0,0,0,0,0, 0,0,0,0,0,12,0,0,0,0
27640,0,243,-57.4,64,32,-8.08754,5.1722,0,86,0,0,0,0,0,0,0,0,0, 0,0,0,0,0,13,0,0,0,0
27640,1,288,-56.5,68,32,-8.50564,5.62976,0,86,0,0,0,0,0,0,0,0,0, 0,0,0,0,0,13,0,0,0,0
27640,2,241,-55.4,72,32,-8.88987,6.13271,0,86,0,0,0,0,0,0,0,0,0, 0,0,0,0,0,13,0,0,0,0
27640,3,155,-51.6,76,32,-8.93411,7.08108,0,86,0,0,0,0,0,0,0,0,0, 0,0,0,0,0,13,0,0,0,0
27640,4,110,-45.9,80,32,-8.61752,8.35095,0,86,0,0,0,0,0,0,0,0,0, 0,0,0,0,0,13,0,0,0,0
27640,5,26,8.8,52,33,1.19329,7.70818,0,86,0,0,0,0,0,0,0,0,0, 0,0,0,0,0,13,0,0,0,0
27640,6,84,-45,84,32,-8.90955,8.90955,0,86,0,0,0,0,0,0,0,0,0, 0,0,0,0,0,13,0,0,0,0
27640,7,34,7.8,56,33,1.14001,8.32228,0,86,0,0,0,0,0,0,0,0,0, 0,0,0,0,0,13,0,0,0,0
27640,8,22,11.1,60,31.75,1.7327,8.83163,0,86,0,0,0,0,0,0,0,0,0, 0,0,0,0,0,13,0,0,0,0
27640,9,48,10.6,60,32.75,1.65556,8.84642,0,86,0,0,0,0,0,0,0,0,0, 0,0,0,0,0,13,0,0,0,0
27640,10,51,10.6,60,33,1.65556,8.84642,0,86,0,0,0,0,0,0,0,0,0, 0,0,0,0,0,13,0,0,0,0
27640,11,139,-57.4,60,32,-7.58207,4.84894,0,86,0,0,0,0,0,0,0,0,0, 0,0,0,0,0,13,0,0,0,0
27680,0,249,-56.5,64,32,-8.0053,5.2986,0,0,0,0,0,0,0,0,0,0,0, 0,0,0,0,0,14,0,0,0,0
27680,1,292,-56.5,68,32,-8.50564,5.62976,0,0,0,0,0,0,0,0,0,0,0, 0,0,0,0,0,14,0,0,0,0
27680,2,242,-55.4,72,32,-8.88987,6.13271,0,0,0,0,0,0,0,0,0,0,0, 0,0,0,0,0,14,0,0,0,0
27680,3,152,-54.4,76,32,-9.26935,6.6362,0,0,0,0,0,0,0,0,0,0,0, 0,0,0,0,0,14,0,0,0,0
27680,4,103,-46.7,80,32,-8.73327,8.22982,0,0,0,0,0,0,0,0,0,0,0, 0,0,0,0,0,14,0,0,0,0
27680,5,44,11.1,56,33,1.61718,8.24286,0,0,0,0,0,0,0,0,0,0,0, 0,0,0,0,0,14,0,0,0,0
27680,6,48,9.4,60,33,1.46993,8.87915,0,0,0,0,0,0,0,0,0,0,0, 0,0,0,0,0,14,0,0,0,0
27680,7,140,-59.4,60,32,-7.74668,4.58137,0,0,0,0,0,0,0,0,0,0,0, 0,0,0,0,0,14,0,0,0,0
27720,0,33,12.1,64,33,2.01234,9.38672,0,0,0,0,0,0,0,0,0,0,0, 0,0,0,0,0,15,0,0,0,0
27720,1,245,-57.4,64,32,-8.08754,5.1722,0,0,0,0,0,0,0,0,0,0,0, 0,0,0,0,0,15,0,0,0,0
27720,2,288,-56.5,68,32,-8.50564,5.62976,0,0,0,0,0,0,0,0,0,0,0, 0,0,0,0,0,15,0,0,0,0
27720,3,46,66.6,8,33,1.10131,0.476577,0,0,0,0,0,0,0,0,0,0,0, 0,0,0,0,0,15,0,0,0,0
27720,4,240,-55.4,72,32,-8.88987,6.13271,0,0,0,0,0,0,0,0,0,0,0, 0,0,0,0,0,15,0,0,0,0
27720,5,156,-49.8,76,32,-8.70727,7.35822,0,0,0,0,0,0,0,0,0,0,0, 0,0,0,0,0,15,0,0,0,0
27720,6,112,-44.2,80,32,-8.36598,8.60293,0,0,0,0,0,0,0,0,0,0,0, 0,0,0,0,0,15,0,0,0,0
27720,7,88,-42.9,84,32,-8.57708,9.23004,0,0,0,0,0,0,0,0,0,0,0, 0,0,0,0,0,15,0,0,0,0
27720,8,38,7.2,56,33,1.0528,8.33376,0,0,0,0,0,0,0,0,0,0,0, 0,0,0,0,0,15,0,0,0,0
27720,9,31,7.8,60,33,1.22144,8.91673,0,0,0,0,0,0,0,0,0,0,0, 0,0,0,0,0,15,0,0,0,0
27720,10,138,-58.4,60,32,-7.66554,4.71587,0,0,0,0,0,0,0,0,0,0,0, 0,0,0,0,0,15,0,0,0,0
27760,0,246,-59.4,64,32,-8.26312,4.8868,0,0,0,0,0,0,0,0,0,0,0, 0,0,0,0,0,0,0,0,0,0
27760,1,287,-58.4,68,32,-8.68761,5.34466,0,0,0,0,0,0,0,0,0,0,0, 0,0,0,0,0,0,0,0,0,0
27760,2,236,-57.4,72,32,-9.09849,5.81872,0,0,0,0,0,0,0,0,0,0,0, 0,0,0,0,0,0,0,0,0,0
27760,3,144,-54.4,76,32,-9.26935,6.6362,0,0,0,0,0,0,0,0,0,0,0, 0,0,0,0,0,0,0,0,0,0
27760,4,99,-44.2,80,32,-8.36598,8.60293,0,0,0,0,0,0,0,0,0,0,0, 0,0,0,0,0,0,0,0,0,0
27760,5,47,3.6,116,32.25,1.09255,17.3657,0,0,0,0,0,0,0,0,0,0,0, 0,0,0,0,0,0,0,0,0,0
27760,6,140,-59.4,60,32,-7.74668,4.58137,0,0,0,0,0,0,0,0,0,0,0, 0,0,0,0,0,0,0,0,0,0
27760,7,39,-1.8,124,31.75,-0.58424,18.5908,0,0,0,0,0,0,0,0,0,0,0, 0,0,0,0,0,0,0,0,0,0
27800,0,247,-56.5,64,32,-8.0053,5.2986,0,0,0,0,0,0,0,0,0,0,0, 0,0,0,0,0,1,0,0,0,0
27800,1,289,-56.5,68,32,-8.50564,5.62976,0,0,0,0,0,0,0,0,0,0,0, 0,0,0,0,0,1,0,0,0,0
27800,2,237,-56.5,72,32,-9.00597,5.96092,0,0,0,0,0,0,0,0,0,0,0, 0,0,0,0,0,1,0,0,0,0
27800,3,27,-7.2,104,30.75,-1.9552,15.477,0,0,0,0,0,0,0,0,0,0,0, 0,0,0,0,0,1,0,0,0,0
27800,4,149,-54.4,76,32,-9.26935,6.6362,0,0,0,0,0,0,0,0,0,0,0, 0,0,0,0,0,1,0,0,0,0
27800,5,105,-45,80,32,-8.48528,8.48528,0,0,0,0,0,0,0,0,0,0,0, 0,0,0,0,0,1,0,0,0,0
27800,6,85,-43.6,84,32,-8.68921,9.12457,0,0,0,0,0,0,0,0,0,0,0, 0,0,0,0,0,1,0,0,0,0
27800,7,30,-4.8,116,30.75,-1.45599,17.339,0,0,0,0,0,0,0,0,0,0,0, 0,0,0,0,0,1,0,0,0,0
27800,8,137,-58.4,60,32,-7.66554,4.71587,0,0,0,0,0,0,0,0,0,0,0, 0,0,0,0,0,1,0,0,0,0
27840,0,247,-57.4,64,32,-8.08754,5.1722,0,0,0,0,0,0,0,0,0,0,0, 0,0,0,0,0,2,0,0,0,0
27840,1,291,-57.4,68,32,-8.59301,5.49546,0,0,0,0,0,0,0,0,0,0,0, 0,0,0,0,0,2,0,0,0,0
27840,2,239,-56.5,72,32,-9.00597,5.96092,0,0,0,0,0,0,0,0,0,0,0, 0,0,0,0,0,2,0,0,0,0
27840,3,148,-53.4,76,32,-9.15212,6.79696,0,0,0,0,0,0,0,0,0,0,0, 0,0,0,0,0,2,0,0,0,0
27840,4,108,-42.9,80,32,-8.16865,8.79051,0,0,0,0,0,0,0,0,0,0,0, 0,0,0,0,0,2,0,0,0,0
27840,5,91,-40.5,84,32,-8.18305,9.58112,0,0,0,0,0,0,0,0,0,0,0, 0,0,0,0,0,2,0,0,0,0
27840,6,29,15.2,60,33,2.3597,8.68515,0,0,0,0,0,0,0,0,0,0,0, 0,0,0,0,0,2,0,0,0,0
27840,7,138,-59.4,60,32,-7.74668,4.58137,0,0,0,0,0,0,0,0,0,0,0, 0,0,0,0,0,2,0,0,0,0
27880,0,244,-56.5,64,32,-8.0053,5.2986,0,0,0,0,0,0,0,0,0,0,0, 0,0,0,0,0,3,0,0,0,0
27880,1,288,-56.5,68,32,-8.50564,5.62976,0,0,0,0,0,0,0,0,0,0,0, 0,0,0,0,0,3,0,0,0,0
27880,2,239,-55.4,72,32,-8.88987,6.13271,0,0,0,0,0,0,0,0,0,0,0, 0,0,0,0,0,3,0,0,0,0
27880,3,156,-51.6,76,32,-8.93411,7.08108,0,0,0,0,0,0,0,0,0,0,0, 0,0,0,0,0,3,0,0,0,0
27880,4,35,-7.2,108,30.75,-2.0304,16.0723,0,0,0,0,0,0,0,0,0,0,0, 0,0,0,0,0,3,0,0,0,0
27880,5,116,-43.6,80,32,-8.27543,8.69006,0,0,0,0,0,0,0,0,0,0,0, 0,0,0,0,0,3,0,0,0,0
27880,6,95,-41.7,84,32,-8.3819,9.40764,0,0,0,0,0,0,0,0,0,0,0, 0,0,0,0,0,3,0,0,0,0
27880,7,139,-58.4,60,32,-7.66554,4.71587,0,0,0,0,0,0,0,0,0,0,0, 0,0,0,0,0,3,0,0,0,0
27920,0,249,-56.5,64,32,-8.0053,5.2986,0,0,0,0,0,0,0,0,0,0,0, 0,0,0,0,0,4,0,0,0,0
27920,1,290,-56.5,68,32,-8.50564,5.62976,0,0,0,0,0,0,0,0,0,0,0, 0,0,0,0,0,4,0,0,0,0
27920,2,42,72.4,8,33,1.14383,0.362844,0,0,0,0,0,0,0,0,0,0,0, 0,0,0,0,0,4,0,0,0,0
27920,3,240,-56.5,72,32,-9.00597,5.96092,0,0,0,0,0,0,0,0,0,0,0, 0,0,0,0,0,4,0,0,0,0
27920,4,151,-54.4,76,32,-9.26935,6.6362,0,0,0,0,0,0,0,0,0,0,0, 0,0,0,0,0,4,0,0,0,0
27920,5,41,-10.8,108,32.25,-3.03558,15.9131,0,0,0,0,0,0,0,0,0,0,0, 0,0,0,0,0,4,0,0,0,0
27920,6,105,-45,80,32,-8.48528,8.48528,0,0,0,0,0,0,0,0,0,0,0, 0,0,0,0,0,4,0,0,0,0
27920,7,40,-9.6,112,31.75,-2.80172,16.5647,0,0,0,0,0,0,0,0,0,0,0, 0,0,0,0,0,4,0,0,0,0
27920,8,88,-42.3,84,32,-8.47996,9.31935,0,0,0,0,0,0,0,0,0,0,0, 0,0,0,0,0,4,0,0,0,0
27920,9,39,12.1,56,33,1.7608,8.21338,0,0,0,0,0,0,0,0,0,0,0, 0,0,0,0,0,4,0,0,0,0
27920,10,28,10.6,60,33,1.65556,8.84642,0,0,0,0,0,0,0,0,0,0,0, 0,0,0,0,0,4,0,0,0,0
27920,11,139,-56.5,60,32,-7.50497,4.96743,0,0,0,0,0,0,0,0,0,0,0, 0,0,0,0,0,4,0,0,0,0
27960,0,242,-56.5,64,32,-8.0053,5.2986,0,0,0,0,0,0,0,0,0,0,0, 0,0,0,0,0,5,0,0,0,0
27960,1,288,-56.5,68,32,-8.50564,5.62976,0,0,0,0,0,0,0,0,0,0,0, 0,0,0,0,0,5,0,0,0,0
27960,2,240,-55.4,72,32,-8.88987,6.13271,0,0,0,0,0,0,0,0,0,0,0, 0,0,0,0,0,5,0,0,0,0
27960,3,154,-51.6,76,32,-8.93411,7.08108,0,0,0,0,0,0,0,0,0,0,0, 0,0,0,0,0,5,0,0,0,0
27960,4,26,14.2,48,33,1.76621,6.98001,0,0,0,0,0,0,0,0,0,0,0, 0,0,0,0,0,5,0,0,0,0
27960,5,109,-45,80,32,-8.48528,8.48528,0,0,0,0,0,0,0,0,0,0,0, 0,0,0,0,0,5,0,0,0,0
27960,6,47,9.9,52,32.75,1.34105,7.68385,0,0,0,0,0,0,0,0,0,0,0, 0,0,0,0,0,5,0,0,0,0
27960,7,47,10.6,52,33,1.43482,7.6669,0,0,0,0,0,0,0,0,0,0,0, 0,0,0,0,0,5,0,0,0,0
27960,8,88,-43.6,84,32,-8.68921,9.12457,0,0,0,0,0,0,0,0,0,0,0, 0,0,0,0,0,5,0,0,0,0
27960,9,53,0.1,116,31.75,0.0303687,17.4,0,0,0,0,0,0,0,0,0,0,0, 0,0,0,0,0,5,0,0,0,0
27960,10,51,11.1,56,32.75,1.61718,8.24286,0,0,0,0,0,0,0,0,0,0,0, 0,0,0,0,0,5,0,0,0,0
27960,11,54,11.6,56,33,1.68905,8.22843,0,0,0,0,0,0,0,0,0,0,0, 0,0,0,0,0,5,0,0,0,0
27960,12,25,15.2,60,31.75,2.3597,8.68515,0,0,0,0,0,0,0,0,0,0,0, 0,0,0,0,0,5,0,0,0,0
27960,13,48,14.2,60,32.75,2.20777,8.72501,0,0,0,0,0,0,0,0,0,0,0, 0,0,0,0,0,5,0,0,0,0
27960,14,50,13.7,60,33,2.13154,8.74394,0,0,0,0,0,0,0,0,0,0,0, 0,0,0,0,0,5,0,0,0,0
27960,15,142,-56.5,60,32,-7.50497,4.96743,0,0,0,0,0,0,0,0,0,0,0, 0,0,0,0,0,5,0,0,0,0
28000,0,33,13.2,64,33.25,2.19217,9.34636,0,0,0,0,0,0,0,0,0,0,0, 0,0,0,0,0,6,0,0,0,0
28000,1,249,-56.5,64,32,-8.0053,5.2986,0,0,0,0,0,0,0,0,0,0,0, 0,0,0,0,0,6,0,0,0,0
28000,2,293,-56.5,68,32,-8.50564,5.62976,0,0,0,0,0,0,0,0,0,0,0, 0,0,0,0,0,6,0,0,0,0
28000,3,240,-56.5,72,32,-9.00597,5.96092,0,0,0,0,0,0,0,0,0,0,0, 0,0,0,0,0,6,0,0,0,0
28000,4,148,-54.4,76,32,-9.26935,6.6362,0,0,0,0,0,0,0,0,0,0,0, 0,0,0,0,0,6,0,0,0,0
28000,5,100,-44.2,80,32,-8.36598,8.60293,0,0,0,0,0,0,0,0,0,0,0, 0,0,0,0,0,6,0,0,0,0
28000,6,41,11.6,52,33,1.56841,7.64069,0,0,0,0,0,0,0,0,0,0,0, 0,0,0,0,0,6,0,0,0,0
28000,7,83,-41.7,84,32,-8.3819,9.40764,0,0,0,0,0,0,0,0,0,0,0, 0,0,0,0,0,6,0,0,0,0
28000,8,45,11.6,56,32.75,1.68905,8.22843,0,0,0,0,0,0,0,0,0,0,0, 0,0,0,0,0,6,0,0,0,0
28000,9,50,10.6,56,33,1.54519,8.25666,0,0,0,0,0,0,0,0,0,0,0, 0,0,0,0,0,6,0,0,0,0
28000,10,47,10.6,60,33,1.65556,8.84642,0,0,0,0,0,0,0,0,0,0,0, 0,0,0,0,0,6,0,0,0,0
28000,11,139,-60.3,60,32,-7.81768,4.45913,0,0,0,0,0,0,0,0,0,0,0, 0,0,0,0,0,6,0,0,0,0
28040,0,243,-58.4,64,32,-8.17658,5.03026,0,0,0,0,0,0,0,0,0,0,0, 0,0,0,0,0,7,0,0,0,0
28040,1,28,-3.6,128,32.25,-1.20558,19.1621,0,0,0,0,0,0,0,0,0,0,0, 0,0,0,0,0,7,0,0,0,0
28040,2,287,-56.5,68,32,-8.50564,5.62976,0,0,0,0,0,0,0,0,0,0,0, 0,0,0,0,0,7,0,0,0,0
28040,3,241,-55.4,72,32,-8.88987,6.13271,0,0,0,0,0,0,0,0,0,0,0, 0,0,0,0,0,7,0,0,0,0
28040,4,154,-51.6,76,32,-8.93411,7.08108,0,0,0,0,0,0,0,0,0,0,0, 0,0,0,0,0,7,0,0,0,0
28040,5,28,12.7,48,33,1.58289,7.02385,0,0,0,0,0,0,0,0,0,0,0, 0,0,0,0,0,7,0,0,0,0
28040,6,110,-44.2,80,32,-8.36598,8.60293,0,0,0,0,0,0,0,0,0,0,0, 0,0,0,0,0,7,0,0,0,0
28040,7,45,11.6,52,32.75,1.56841,7.64069,0,0,0,0,0,0,0,0,0,0,0, 0,0,0,0,0,7,0,0,0,0
28040,8,46,12.1,52,33,1.63503,7.62671,0,0,0,0,0,0,0,0,0,0,0, 0,0,0,0,0,7,0,0,0,0
28040,9,85,-43.6,84,32,-8.68921,9.12457,0,0,0,0,0,0,0,0,0,0,0, 0,0,0,0,0,7,0,0,0,0
28040,10,29,9.4,56,31.75,1.37194,8.28721,0,0,0,0,0,0,0,0,0,0,0, 0,0,0,0,0,7,0,0,0,0
28040,11,53,11.6,56,32.75,1.68905,8.22843,0,0,0,0,0,0,0,0,0,0,0, 0,0,0,0,0,7,0,0,0,0
28040,12,54,12.7,56,33,1.84671,8.19449,0,0,0,0,0,0,0,0,0,0,0, 0,0,0,0,0,7,0,0,0,0
28040,13,41,12.1,60,32.75,1.88657,8.80005,0,0,0,0,0,0,0,0,0,0,0, 0,0,0,0,0,7,0,0,0,0
28040,14,43,11.6,60,33,1.8097,8.81618,0,0,0,0,0,0,0,0,0,0,0, 0,0,0,0,0,7,0,0,0,0
28040,15,140,-57.4,60,32,-7.58207,4.84894,0,0,0,0,0,0,0,0,0,0,0, 0,0,0,0,0,7,0,0,0,0
28080,0,249,-56.5,64,32,-8.0053,5.2986,0,0,0,0,0,0,0,0,0,0,0, 0,0,0,0,0,8,0,0,0,0
28080,1,293,-56.5,68,32,-8.50564,5.62976,0,0,0,0,0,0,0,0,0,0,0, 0,0,0,0,0,8,0,0,0,0
28080,2,243,-55.4,72,32,-8.88987,6.13271,0,0,0,0,0,0,0,0,0,0,0, 0,0,0,0,0,8,0,0,0,0
28080,3,153,-51.6,76,32,-8.93411,7.08108,0,0,0,0,0,0,0,0,0,0,0, 0,0,0,0,0,8,0,0,0,0
28080,4,27,1.3,108,30.75,0.367535,16.1958,0,0,0,0,0,0,0,0,0,0,0, 0,0,0,0,0,8,0,0,0,0
28080,5,105,-45,80,32,-8.48528,8.48528,0,0,0,0,0,0,0,0,0,0,0, 0,0,0,0,0,8,0,0,0,0
28080,6,34,-4.8,112,32.25,-1.40579,16.7411,0,0,0,0,0,0,0,0,0,0,0, 0,0,0,0,0,8,0,0,0,0
28080,7,83,-43.6,84,32,-8.68921,9.12457,0,0,0,0,0,0,0,0,0,0,0, 0,0,0,0,0,8,0,0,0,0
28080,8,48,-4.2,116,30.75,-1.27434,17.3533,0,0,0,0,0,0,0,0,0,0,0, 0,0,0,0,0,8,0,0,0,0
28080,9,39,-9,116,32.25,-2.72196,17.1858,0,0,0,0,0,0,0,0,0,0,0, 0,0,0,0,0,8,0,0,0,0
28080,10,27,12.7,56,33,1.84671,8.19449,0,0,0,0,0,0,0,0,0,0,0, 0,0,0,0,0,8,0,0,0,0
28080,11,138,-58.4,60,32,-7.66554,4.71587,0,0,0,0,0,0,0,0,0,0,0, 0,0,0,0,0,8,0,0,0,0
28120,0,245,-57.4,64,32,-8.08754,5.1722,0,1334,0,0,0,0,0,0,0,0,0, 0,0,0,0,0,9,0,0,0,0
28120,1,291,-56.5,68,32,-8.50564,5.62976,0,1334,0,0,0,0,0,0,0,0,0, 0,0,0,0,0,9,0,0,0,0
28120,2,242,-55.4,72,32,-8.88987,6.13271,0,1334,0,0,0,0,0,0,0,0,0, 0,0,0,0,0,9,0,0,0,0
28120,3,155,-51.6,76,32,-8.93411,7.08108,0,1334,0,0,0,0,0,0,0,0,0, 0,0,0,0,0,9,0,0,0,0
28120,4,68,-4.8,108,31.75,-1.35558,16.1432,0,1334,0,0,0,0,0,0,0,0,0, 0,0,0,0,0,9,0,0,0,0
28120,5,110,-45,80,32,-8.48528,8.48528,0,1334,0,0,0,0,0,0,0,0,0, 0,0,0,0,0,9,0,0,0,0
28120,6,42,-4.2,112,30.75,-1.2304,16.7549,0,1334,0,0,0,0,0,0,0,0,0, 0,0,0,0,0,9,0,0,0,0
28120,7,78,-4.2,112,31.25,-1.2304,16.7549,0,1334,0,0,0,0,0,0,0,0,0, 0,0,0,0,0,9,0,0,0,0
28120,8,89,-43.6,84,32,-8.68921,9.12457,0,1334,0,0,0,0,0,0,0,0,0, 0,0,0,0,0,9,0,0,0,0
28120,9,30,9.4,60,33,1.46993,8.87915,0,1334,0,0,0,0,0,0,0,0,0, 0,0,0,0,0,9,0,0,0,0
28120,10,140,-57.4,60,32,-7.58207,4.84894,0,1334,0,0,0,0,0,0,0,0,0, 0,0,0,0,0,9,0,0,0,0
28160,0,246,-57.4,64,32,-8.08754,5.1722,0,0,0,0,0,0,0,0,0,0,0, 0,0,0,0,0,10,0,0,0,0
28160,1,289,-56.5,68,32,-8.50564,5.62976,0,0,0,0,0,0,0,0,0,0,0, 0,0,0,0,0,10,0,0,0,0
28160,2,239,-55.4,72,32,-8.88987,6.13271,0,0,0,0,0,0,0,0,0,0,0, 0,0,0,0,0,10,0,0,0,0
28160,3,154,-51.6,76,32,-8.93411,7.08108,0,0,0,0,0,0,0,0,0,0,0, 0,0,0,0,0,10,0,0,0,0
28160,4,113,-43.6,80,32,-8.27543,8.69006,0,0,0,0,0,0,0,0,0,0,0, 0,0,0,0,0,10,0,0,0,0
28160,5,33,14.2,52,33,1.9134,7.56167,0,0,0,0,0,0,0,0,0,0,0, 0,0,0,0,0,10,0,0,0,0
28160,6,89,-42.3,84,32,-8.47996,9.31935,0,0,0,0,0,0,0,0,0,0,0, 0,0,0,0,0,10,0,0,0,0
28160,7,95,-2.4,116,31.75,-0.728636,17.3847,0,0,0,0,0,0,0,0,0,0,0, 0,0,0,0,0,10,0,0,0,0
28160,8,22,18.8,56,31.75,2.70703,7.95185,0,0,0,0,0,0,0,0,0,0,0, 0,0,0,0,0,10,0,0,0,0
28160,9,44,12.1,56,33,1.7608,8.21338,0,0,0,0,0,0,0,0,0,0,0, 0,0,0,0,0,10,0,0,0,0
28160,10,140,-57.4,60,32,-7.58207,4.84894,0,0,0,0,0,0,0,0,0,0,0, 0,0,0,0,0,10,0,0,0,0
28200,0,246,-56.5,64,32,-8.0053,5.2986,0,7936,0,0,0,0,0,0,0,0,0, 0,0,0,0,0,11,0,0,0,0
28200,1,290,-56.5,68,32,-8.50564,5.62976,0,7936,0,0,0,0,0,0,0,0,0, 0,0,0,0,0,11,0,0,0,0
28200,2,39,67.6,8,33,1.10946,0.457284,0,7936,0,0,0,0,0,0,0,0,0, 0,0,0,0,0,11,0,0,0,0
28200,3,240,-55.4,72,32,-8.88987,6.13271,0,7936,0,0,0,0,0,0,0,0,0, 0,0,0,0,0,11,0,0,0,0
28200,4,153,-53.4,76,32,-9.15212,6.79696,0,7936,0,0,0,0,0,0,0,0,0, 0,0,0,0,0,11,0,0,0,0
28200,5,107,-45.9,80,32,-8.61752,8.35095,0,7936,0,0,0,0,0,0,0,0,0, 0,0,0,0,0,11,0,0,0,0
28200,6,31,16.6,52,33,2.22837,7.47492,0,7936,0,0,0,0,0,0,0,0,0, 0,0,0,0,0,11,0,0,0,0
28200,7,84,-44.2,84,32,-8.78428,9.03307,0,7936,0,0,0,0,0,0,0,0,0, 0,0,0,0,0,11,0,0,0,0
28200,8,138,-58.4,60,32,-7.66554,4.71587,0,7936,0,0,0,0,0,0,0,0,0, 0,0,0,0,0,11,0,0,0,0
28240,0,247,-57.4,64,32,-8.08754,5.1722,0,1140,0,0,0,0,0,0,0,0,0, 0,0,0,0,0,12,0,0,0,0
28240,1,290,-56.5,68,32,-8.50564,5.62976,0,1140,0,0,0,0,0,0,0,0,0, 0,0,0,0,0,12,0,0,0,0
28240,2,241,-55.4,72,32,-8.88987,6.13271,0,1140,0,0,0,0,0,0,0,0,0, 0,0,0,0,0,12,0,0,0,0
28240,3,154,-53.4,76,32,-9.15212,6.79696,0,1140,0,0,0,0,0,0,0,0,0, 0,0,0,0,0,12,0,0,0,0
28240,4,108,-44.2,80,32,-8.36598,8.60293,0,1140,0,0,0,0,0,0,0,0,0, 0,0,0,0,0,12,0,0,0,0
28240,5,84,-43.6,84,32,-8.68921,9.12457,0,1140,0,0,0,0,0,0,0,0,0, 0,0,0,0,0,12,0,0,0,0
28240,6,137,-57.4,60,32,-7.58207,4.84894,0,1140,0,0,0,0,0,0,0,0,0, 0,0,0,0,0,12,0,0,0,0
28280,0,245,-57.4,64,32,-8.08754,5.1722,0,86,0,0,0,0,0,0,0,0,0, 0,0,0,0,0,13,0,0,0,0
28280,1,291,-55.4,68,32,-8.39599,5.79201,0,86,0,0,0,0,0,0,0,0,0, 0,0,0,0,0,13,0,0,0,0
28280,2,242,-55.4,72,32,-8.88987,6.13271,0,86,0,0,0,0,0,0,0,0,0, 0,0,0,0,0,13,0,0,0,0
28280,3,153,-51.6,76,32,-8.93411,7.08108,0,86,0,0,0,0,0,0,0,0,0, 0,0,0,0,0,13,0,0,0,0
28280,4,112,-43.6,80,32,-8.27543,8.69006,0,86,0,0,0,0,0,0,0,0,0, 0,0,0,0,0,13,0,0,0,0
28280,5,101,-39.9,84,32,-8.08227,9.66628,0,86,0,0,0,0,0,0,0,0,0, 0,0,0,0,0,13,0,0,0,0
28280,6,43,0.1,116,30.75,0.0303687,17.4,0,86,0,0,0,0,0,0,0,0,0, 0,0,0,0,0,13,0,0,0,0
28280,7,140,-57.4,60,32,-7.58207,4.84894,0,86,0,0,0,0,0,0,0,0,0, 0,0,0,0,0,13,0,0,0,0
28280,8,40,-1.8,124,30.75,-0.58424,18.5908,0,86,0,0,0,0,0,0,0,0,0, 0,0,0,0,0,13,0,0,0,0
28320,0,245,-58.4,64,32,-8.17658,5.03026,0,0,0,0,0,0,0,0,0,0,0, 0,0,0,0,0,14,0,0,0,0
28320,1,287,-57.4,68,32,-8.59301,5.49546,0,0,0,0,0,0,0,0,0,0,0, 0,0,0,0,0,14,0,0,0,0
28320,2,22,0.6,132,31,0.207341,19.7989,0,0,0,0,0,0,0,0,0,0,0, 0,0,0,0,0,14,0,0,0,0
28320,3,239,-55.4,72,32,-8.88987,6.13271,0,0,0,0,0,0,0,0,0,0,0, 0,0,0,0,0,14,0,0,0,0
28320,4,153,-49.8,76,32,-8.70727,7.35822,0,0,0,0,0,0,0,0,0,0,0, 0,0,0,0,0,14,0,0,0,0
28320,5,108,-43.6,80,32,-8.27543,8.69006,0,0,0,0,0,0,0,0,0,0,0, 0,0,0,0,0,14,0,0,0,0
28320,6,27,14.7,52,33,1.97931,7.54469,0,0,0,0,0,0,0,0,0,0,0, 0,0,0,0,0,14,0,0,0,0
28320,7,84,-42.3,84,32,-8.47996,9.31935,0,0,0,0,0,0,0,0,0,0,0, 0,0,0,0,0,14,0,0,0,0
28320,8,72,-1.8,116,31.75,-0.546547,17.3914,0,0,0,0,0,0,0,0,0,0,0, 0,0,0,0,0,14,0,0,0,0
28320,9,29,12.1,56,33,1.7608,8.21338,0,0,0,0,0,0,0,0,0,0,0, 0,0,0,0,0,14,0,0,0,0
28320,10,84,-2.4,120,31.5,-0.753762,17.9842,0,0,0,0,0,0,0,0,0,0,0, 0,0,0,0,0,14,0,0,0,0
28320,11,139,-58.4,60,32,-7.66554,4.71587,0,0,0,0,0,0,0,0,0,0,0, 0,0,0,0,0,14,0,0,0,0
28320,12,50,-4.8,124,31.5,-1.55641,18.5348,0,0,0,0,0,0,0,0,0,0,0, 0,0,0,0,0,14,0,0,0,0
28360,0,246,-57.4,64,32,-8.08754,5.1722,0,0,0,0,0,0,0,0,0,0,0, 0,0,0,0,0,15,0,0,0,0
28360,1,291,-56.5,68,32,-8.50564,5.62976,0,0,0,0,0,0,0,0,0,0,0, 0,0,0,0,0,15,0,0,0,0
28360,2,241,-55.4,72,32,-8.88987,6.13271,0,0,0,0,0,0,0,0,0,0,0, 0,0,0,0,0,15,0,0,0,0
28360,3,155,-49.8,76,32,-8.70727,7.35822,0,0,0,0,0,0,0,0,0,0,0, 0,0,0,0,0,15,0,0,0,0
28360,4,110,-44.2,80,32,-8.36598,8.60293,0,0,0,0,0,0,0,0,0,0,0, 0,0,0,0,0,15,0,0,0,0
28360,5,91,-43.6,84,32,-8.68921,9.12457,0,0,0,0,0,0,0,0,0,0,0, 0,0,0,0,0,15,0,0,0,0
28360,6,139,-57.4,60,32,-7.58207,4.84894,0,0,0,0,0,0,0,0,0,0,0, 0,0,0,0,0,15,0,0,0,0
28360,7,40,-1.2,124,30.75,-0.389529,18.5959,0,0,0,0,0,0,0,0,0,0,0, 0,0,0,0,0,15,0,0,0,0
28360,8,40,-4.8,124,32.25,-1.55641,18.5348,0,0,0,0,0,0,0,0,0,0,0, 0,0,0,0,0,15,0,0,0,0
28400,0,247,-57.4,64,32,-8.08754,5.1722,0,0,0,0,0,0,0,0,0,0,0, 0,0,0,0,0,0,0,0,0,0
28400,1,290,-56.5,68,32,-8.50564,5.62976,0,0,0,0,0,0,0,0,0,0,0, 0,0,0,0,0,0,0,0,0,0
28400,2,40,68.6,8,33,1.11727,0.437852,0,0,0,0,0,0,0,0,0,0,0, 0,0,0,0,0,0,0,0,0,0
28400,3,239,-55.4,72,32,-8.88987,6.13271,0,0,0,0,0,0,0,0,0,0,0, 0,0,0,0,0,0,0,0,0,0
28400,4,150,-51.6,76,32,-8.93411,7.08108,0,0,0,0,0,0,0,0,0,0,0, 0,0,0,0,0,0,0,0,0,0
28400,5,106,-45,80,32,-8.48528,8.48528,0,0,0,0,0,0,0,0,0,0,0, 0,0,0,0,0,0,0,0,0,0
28400,6,83,-44.2,84,32,-8.78428,9.03307,0,0,0,0,0,0,0,0,0,0,0, 0,0,0,0,0,0,0,0,0,0
28400,7,47,-7.8,116,31.25,-2.36145,17.239,0,0,0,0,0,0,0,0,0,0,0, 0,0,0,0,0,0,0,0,0,0
28400,8,141,-58.4,60,32,-7.66554,4.71587,0,0,0,0,0,0,0,0,0,0,0, 0,0,0,0,0,0,0,0,0,0
28440,0,249,-56.5,64,32,-8.0053,5.2986,0,0,0,0,0,0,0,0,0,0,0, 0,0,0,0,0,1,0,0,0,0
28440,1,295,-56.5,68,32,-8.50564,5.62976,0,0,0,0,0,0,0,0,0,0,0, 0,0,0,0,0,1,0,0,0,0
28440,2,244,-54.4,72,32,-8.78149,6.28693,0,0,0,0,0,0,0,0,0,0,0, 0,0,0,0,0,1,0,0,0,0
28440,3,160,-48,76,32,-8.47185,7.62809,0,0,0,0,0,0,0,0,0,0,0, 0,0,0,0,0,1,0,0,0,0
28440,4,54,-4.2,108,31.75,-1.18646,16.1565,0,0,0,0,0,0,0,0,0,0,0, 0,0,0,0,0,1,0,0,0,0
28440,5,118,-42.9,80,32,-8.16865,8.79051,0,0,0,0,0,0,0,0,0,0,0, 0,0,0,0,0,1,0,0,0,0
28440,6,89,-43.6,84,32,-8.68921,9.12457,0,0,0,0,0,0,0,0,0,0,0, 0,0,0,0,0,1,0,0,0,0
28440,7,138,-58.4,60,32,-7.66554,4.71587,0,0,0,0,0,0,0,0,0,0,0, 0,0,0,0,0,1,0,0,0,0
28480,0,245,-57.4,64,32,-8.08754,5.1722,0,0,0,0,0,0,0,0,0,0,0, 0,0,0,0,0,2,0,0,0,0
28480,1,289,-56.5,68,32,-8.50564,5.62976,0,0,0,0,0,0,0,0,0,0,0, 0,0,0,0,0,2,0,0,0,0
28480,2,239,-55.4,72,32,-8.88987,6.13271,0,0,0,0,0,0,0,0,0,0,0, 0,0,0,0,0,2,0,0,0,0
28480,3,154,-49.8,76,32,-8.70727,7.35822,0,0,0,0,0,0,0,0,0,0,0, 0,0,0,0,0,2,0,0,0,0
28480,4,114,-42.9,80,32,-8.16865,8.79051,0,0,0,0,0,0,0,0,0,0,0, 0,0,0,0,0,2,0,0,0,0
28480,5,92,-42.3,84,32,-8.47996,9.31935,0,0,0,0,0,0,0,0,0,0,0, 0,0,0,0,0,2,0,0,0,0
28480,6,143,-57.4,60,32,-7.58207,4.84894,0,0,0,0,0,0,0,0,0,0,0, 0,0,0,0,0,2,0,0,0,0
28520,0,247,-56.5,64,32,-8.0053,5.2986,0,0,0,0,0,0,0,0,0,0,0, 0,0,0,0,0,3,0,0,0,0
28520,1,290,-56.5,68,32,-8.50564,5.62976,0,0,0,0,0,0,0,0,0,0,0, 0,0,0,0,0,3,0,0,0,0
28520,2,44,72.4,8,33,1.14383,0.362844,0,0,0,0,0,0,0,0,0,0,0, 0,0,0,0,0,3,0,0,0,0
28520,3,243,-55.4,72,32,-8.88987,6.13271,0,0,0,0,0,0,0,0,0,0,0, 0,0,0,0,0,3,0,0,0,0
28520,4,159,-49.8,76,32,-8.70727,7.35822,0,0,0,0,0,0,0,0,0,0,0, 0,0,0,0,0,3,0,0,0,0
28520,5,117,-45,80,32,-8.48528,8.48528,0,0,0,0,0,0,0,0,0,0,0, 0,0,0,0,0,3,0,0,0,0
28520,6,92,-45,84,32,-8.90955,8.90955,0,0,0,0,0,0,0,0,0,0,0, 0,0,0,0,0,3,0,0,0,0
28520,7,138,-57.4,60,32,-7.58207,4.84894,0,0,0,0,0,0,0,0,0,0,0, 0,0,0,0,0,3,0,0,0,0
28560,0,245,-57.4,64,32,-8.08754,5.1722,0,0,0,0,0,0,0,0,0,0,0, 0,0,0,0,0,4,0,0,0,0
28560,1,289,-56.5,68,32,-8.50564,5.62976,0,0,0,0,0,0,0,0,0,0,0, 0,0,0,0,0,4,0,0,0,0
28560,2,241,-55.4,72,32,-8.88987,6.13271,0,0,0,0,0,0,0,0,0,0,0, 0,0,0,0,0,4,0,0,0,0
28560,3,154,-49.8,76,32,-8.70727,7.35822,0,0,0,0,0,0,0,0,0,0,0, 0,0,0,0,0,4,0,0,0,0
28560,4,111,-43.6,80,32,-8.27543,8.69006,0,0,0,0,0,0,0,0,0,0,0, 0,0,0,0,0,4,0,0,0,0
28560,5,88,-44.2,84,32,-8.78428,9.03307,0,0,0,0,0,0,0,0,0,0,0, 0,0,0,0,0,4,0,0,0,0
28560,6,139,-59.4,60,32,-7.74668,4.58137,0,0,0,0,0,0,0,0,0,0,0, 0,0,0,0,0,4,0,0,0,0
28600,0,244,-57.4,64,32,-8.08754,5.1722,0,0,0,0,0,0,0,0,0,0,0, 0,0,0,0,0,5,0,0,0,0
28600,1,13,-1.2,448,46.75,-1.40733,67.1853,0,0,0,0,0,0,0,0,0,0,0, 0,0,0,0,0,5,0,0,0,0
28600,2,287,-56.5,68,32,-8.50564,5.62976,0,0,0,0,0,0,0,0,0,0,0, 0,0,0,0,0,5,0,0,0,0
28600,3,241,-54.4,72,32,-8.78149,6.28693,0,0,0,0,0,0,0,0,0,0,0, 0,0,0,0,0,5,0,0,0,0
28600,4,161,-48,76,32,-8.47185,7.62809,0,0,0,0,0,0,0,0,0,0,0, 0,0,0,0,0,5,0,0,0,0
28600,5,117,-43.6,80,32,-8.27543,8.69006,0,0,0,0,0,0,0,0,0,0,0, 0,0,0,0,0,5,0,0,0,0
28600,6,95,-42.9,84,32,-8.57708,9.23004,0,0,0,0,0,0,0,0,0,0,0, 0,0,0,0,0,5,0,0,0,0
28600,7,139,-57.4,60,32,-7.58207,4.84894,0,0,0,0,0,0,0,0,0,0,0, 0,0,0,0,0,5,0,0,0,0
28640,0,246,-57.4,64,32,-8.08754,5.1722,0,0,0,0,0,0,0,0,0,0,0, 0,0,0,0,0,6,0,0,0,0
28640,1,290,-56.5,68,32,-8.50564,5.62976,0,0,0,0,0,0,0,0,0,0,0, 0,0,0,0,0,6,0,0,0,0
28640,2,242,-55.4,72,32,-8.88987,6.13271,0,0,0,0,0,0,0,0,0,0,0, 0,0,0,0,0,6,0,0,0,0
28640,3,157,-48,76,32,-8.47185,7.62809,0,0,0,0,0,0,0,0,0,0,0, 0,0,0,0,0,6,0,0,0,0
28640,4,113,-43.6,80,32,-8.27543,8.69006,0,0,0,0,0,0,0,0,0,0,0, 0,0,0,0,0,6,0,0,0,0
28640,5,87,-42.9,84,32,-8.57708,9.23004,0,0,0,0,0,0,0,0,0,0,0, 0,0,0,0,0,6,0,0,0,0
28640,6,43,-1.8,120,32.25,-0.565394,17.9911,0,0,0,0,0,0,0,0,0,0,0, 0,0,0,0,0,6,0,0,0,0
28640,7,141,-58.4,60,32,-7.66554,4.71587,0,0,0,0,0,0,0,0,0,0,0, 0,0,0,0,0,6,0,0,0,0
28680,0,246,-58.4,64,32,-8.17658,5.03026,0,0,0,0,0,0,0,0,0,0,0, 0,0,0,0,0,7,0,0,0,0
28680,1,288,-56.5,68,32,-8.50564,5.62976,0,0,0,0,0,0,0,0,0,0,0, 0,0,0,0,0,7,0,0,0,0
28680,2,241,-55.4,72,32,-8.88987,6.13271,0,0,0,0,0,0,0,0,0,0,0, 0,0,0,0,0,7,0,0,0,0
28680,3,157,-49.8,76,32,-8.70727,7.35822,0,0,0,0,0,0,0,0,0,0,0, 0,0,0,0,0,7,0,0,0,0
28680,4,112,-43.6,80,32,-8.27543,8.69006,0,0,0,0,0,0,0,0,0,0,0, 0,0,0,0,0,7,0,0,0,0
28680,5,86,-43.6,84,32,-8.68921,9.12457,0,0,0,0,0,0,0,0,0,0,0, 0,0,0,0,0,7,0,0,0,0
28680,6,138,-59.4,60,32,-7.74668,4.58137,0,0,0,0,0,0,0,0,0,0,0, 0,0,0,0,0,7,0,0,0,0
28680,7,30,1.8,124,30.75,0.58424,18.5908,0,0,0,0,0,0,0,0,0,0,0, 0,0,0,0,0,7,0,0,0,0
28720,0,244,-58.4,64,32,-8.17658,5.03026,0,0,0,0,0,0,0,0,0,0,0, 0,0,0,0,0,8,0,0,0,0
28720,1,286,-56.5,68,32,-8.50564,5.62976,0,0,0,0,0,0,0,0,0,0,0, 0,0,0,0,0,8,0,0,0,0
28720,2,239,-55.4,72,32,-8.88987,6.13271,0,0,0,0,0,0,0,0,0,0,0, 0,0,0,0,0,8,0,0,0,0
28720,3,25,3.1,104,31.5,0.84363,15.5772,0,0,0,0,0,0,0,0,0,0,0, 0,0,0,0,0,8,0,0,0,0
28720,4,150,-51.6,76,32,-8.93411,7.08108,0,0,0,0,0,0,0,0,0,0,0, 0,0,0,0,0,8,0,0,0,0
28720,5,107,-43.6,80,32,-8.27543,8.69006,0,0,0,0,0,0,0,0,0,0,0, 0,0,0,0,0,8,0,0,0,0
28720,6,82,-42.9,84,32,-8.57708,9.23004,0,0,0,0,0,0,0,0,0,0,0, 0,0,0,0,0,8,0,0,0,0
28720,7,42,-0.6,120,30.75,-0.188492,17.999,0,0,0,0,0,0,0,0,0,0,0, 0,0,0,0,0,8,0,0,0,0
28720,8,139,-57.4,60,32,-7.58207,4.84894,0,0,0,0,0,0,0,0,0,0,0, 0,0,0,0,0,8,0,0,0,0
28720,9,39,-3.6,124,30.75,-1.1679,18.5633,0,0,0,0,0,0,0,0,0,0,0, 0,0,0,0,0,8,0,0,0,0
28720,10,40,-3,124,32.25,-0.973449,18.5745,0,0,0,0,0,0,0,0,0,0,0, 0,0,0,0,0,8,0,0,0,0
28760,0,244,-57.4,64,32,-8.08754,5.1722,0,1334,0,0,0,0,0,0,0,0,0, 0,0,0,0,0,9,0,0,0,0
28760,1,288,-57.4,68,32,-8.59301,5.49546,0,1334,0,0,0,0,0,0,0,0,0, 0,0,0,0,0,9,0,0,0,0
28760,2,241,-56.5,72,32,-9.00597,5.96092,0,1334,0,0,0,0,0,0,0,0,0, 0,0,0,0,0,9,0,0,0,0
28760,3,155,-51.6,76,32,-8.93411,7.08108,0,1334,0,0,0,0,0,0,0,0,0, 0,0,0,0,0,9,0,0,0,0
28760,4,112,-42.9,80,32,-8.16865,8.79051,0,1334,0,0,0,0,0,0,0,0,0, 0,0,0,0,0,9,0,0,0,0
28760,5,89,-41.7,84,32,-8.3819,9.40764,0,1334,0,0,0,0,0,0,0,0,0, 0,0,0,0,0,9,0,0,0,0
28760,6,42,-3.6,116,31.25,-1.09255,17.3657,0,1334,0,0,0,0,0,0,0,0,0, 0,0,0,0,0,9,0,0,0,0
28760,7,139,-56.5,60,32,-7.50497,4.96743,0,1334,0,0,0,0,0,0,0,0,0, 0,0,0,0,0,9,0,0,0,0
28760,8,34,-1.2,124,30.75,-0.389529,18.5959,0,1334,0,0,0,0,0,0,0,0,0, 0,0,0,0,0,9,0,0,0,0
28800,0,249,-56.5,64,32,-8.0053,5.2986,0,0,0,0,0,0,0,0,0,0,0, 0,0,0,0,0,10,0,0,0,0
28800,1,291,-55.4,68,32,-8.39599,5.79201,0,0,0,0,0,0,0,0,0,0,0, 0,0,0,0,0,10,0,0,0,0
28800,2,242,-55.4,72,32,-8.88987,6.13271,0,0,0,0,0,0,0,0,0,0,0, 0,0,0,0,0,10,0,0,0,0
28800,3,153,-49.8,76,32,-8.70727,7.35822,0,0,0,0,0,0,0,0,0,0,0, 0,0,0,0,0,10,0,0,0,0
28800,4,113,-41.7,80,32,-7.98276,8.95966,0,0,0,0,0,0,0,0,0,0,0, 0,0,0,0,0,10,0,0,0,0
28800,5,98,-38.7,84,32,-7.87806,9.83342,0,0,0,0,0,0,0,0,0,0,0, 0,0,0,0,0,10,0,0,0,0
28800,6,144,-57.4,60,32,-7.58207,4.84894,0,0,0,0,0,0,0,0,0,0,0, 0,0,0,0,0,10,0,0,0,0
28840,0,249,-57.4,64,32,-8.08754,5.1722,0,7936,0,0,0,0,0,0,0,0,0, 0,0,0,0,0,11,0,0,0,0
28840,1,294,-56.5,68,32,-8.50564,5.62976,0,7936,0,0,0,0,0,0,0,0,0, 0,0,0,0,0,11,0,0,0,0
28840,2,244,-55.4,72,32,-8.88987,6.13271,0,7936,0,0,0,0,0,0,0,0,0, 0,0,0,0,0,11,0,0,0,0
28840,3,158,-51.6,76,32,-8.93411,7.08108,0,7936,0,0,0,0,0,0,0,0,0, 0,0,0,0,0,11,0,0,0,0
28840,4,114,-43.6,80,32,-8.27543,8.69006,0,7936,0,0,0,0,0,0,0,0,0, 0,0,0,0,0,11,0,0,0,0
28840,5,92,-41.7,84,32,-8.3819,9.40764,0,7936,0,0,0,0,0,0,0,0,0, 0,0,0,0,0,11,0,0,0,0
28840,6,140,-59.4,60,32,-7.74668,4.58137,0,7936,0,0,0,0,0,0,0,0,0, 0,0,0,0,0,11,0,0,0,0
28880,0,246,-58.4,64,32,-8.17658,5.03026,0,1140,0,0,0,0,0,0,0,0,0, 0,0,0,0,0,12,0,0,0,0
28880,1,290,-57.4,68,32,-8.59301,5.49546,0,1140,0,0,0,0,0,0,0,0,0, 0,0,0,0,0,12,0,0,0,0
28880,2,242,-56.5,72,32,-9.00597,5.96092,0,1140,0,0,0,0,0,0,0,0,0, 0,0,0,0,0,12,0,0,0,0
28880,3,154,-53.4,76,32,-9.15212,6.79696,0,1140,0,0,0,0,0,0,0,0,0, 0,0,0,0,0,12,0,0,0,0
28880,4,107,-45.9,80,32,-8.61752,8.35095,0,1140,0,0,0,0,0,0,0,0,0, 0,0,0,0,0,12,0,0,0,0
28880,5,87,-42.9,84,32,-8.57708,9.23004,0,1140,0,0,0,0,0,0,0,0,0, 0,0,0,0,0,12,0,0,0,0
28880,6,141,-57.4,60,32,-7.58207,4.84894,0,1140,0,0,0,0,0,0,0,0,0, 0,0,0,0,0,12,0,0,0,0
28920,0,248,-56.5,64,32,-8.0053,5.2986,0,86,0,0,0,0,0,0,0,0,0, 0,0,0,0,0,13,0,0,0,0
28920,1,293,-55.4,68,32,-8.39599,5.79201,0,86,0,0,0,0,0,0,0,0,0, 0,0,0,0,0,13,0,0,0,0
28920,2,245,-54.4,72,32,-8.78149,6.28693,0,86,0,0,0,0,0,0,0,0,0, 0,0,0,0,0,13,0,0,0,0
28920,3,161,-49.8,76,32,-8.70727,7.35822,0,86,0,0,0,0,0,0,0,0,0, 0,0,0,0,0,13,0,0,0,0
28920,4,114,-45,80,32,-8.48528,8.48528,0,86,0,0,0,0,0,0,0,0,0, 0,0,0,0,0,13,0,0,0,0
28920,5,90,-43.6,84,32,-8.68921,9.12457,0,86,0,0,0,0,0,0,0,0,0, 0,0,0,0,0,13,0,0,0,0
28920,6,141,-56.5,60,32,-7.50497,4.96743,0,86,0,0,0,0,0,0,0,0,0, 0,0,0,0,0,13,0,0,0,0
28960,0,246,-58.4,64,32,-8.17658,5.03026,0,0,0,0,0,0,0,0,0,0,0, 0,0,0,0,0,14,0,0,0,0
28960,1,288,-56.5,68,32,-8.50564,5.62976,0,0,0,0,0,0,0,0,0,0,0, 0,0,0,0,0,14,0,0,0,0
28960,2,241,-55.4,72,32,-8.88987,6.13271,0,0,0,0,0,0,0,0,0,0,0, 0,0,0,0,0,14,0,0,0,0
28960,3,155,-51.6,76,32,-8.93411,7.08108,0,0,0,0,0,0,0,0,0,0,0, 0,0,0,0,0,14,0,0,0,0
28960,4,105,-46.7,80,32,-8.73327,8.22982,0,0,0,0,0,0,0,0,0,0,0, 0,0,0,0,0,14,0,0,0,0
28960,5,81,-45.9,84,32,-9.04839,8.7685,0,0,0,0,0,0,0,0,0,0,0, 0,0,0,0,0,14,0,0,0,0
28960,6,138,-58.4,60,32,-7.66554,4.71587,0,0,0,0,0,0,0,0,0,0,0, 0,0,0,0,0,14,0,0,0,0
29000,0,245,-57.4,64,32,-8.08754,5.1722,0,0,0,0,0,0,0,0,0,0,0, 0,0,0,0,0,15,0,0,0,0
29000,1,290,-56.5,68,32,-8.50564,5.62976,0,0,0,0,0,0,0,0,0,0,0, 0,0,0,0,0,15,0,0,0,0
29000,2,243,-54.4,72,32,-8.78149,6.28693,0,0,0,0,0,0,0,0,0,0,0, 0,0,0,0,0,15,0,0,0,0
29000,3,35,1.3,104,31.75,0.353922,15.596,0,0,0,0,0,0,0,0,0,0,0, 0,0,0,0,0,15,0,0,0,0
29000,4,162,-49.8,76,32,-8.70727,7.35822,0,0,0,0,0,0,0,0,0,0,0, 0,0,0,0,0,15,0,0,0,0
29000,5,114,-45.9,80,32,-8.61752,8.35095,0,0,0,0,0,0,0,0,0,0,0, 0,0,0,0,0,15,0,0,0,0
29000,6,87,-46.7,84,32,-9.16994,8.64131,0,0,0,0,0,0,0,0,0,0,0, 0,0,0,0,0,15,0,0,0,0
29000,7,139,-57.4,60,32,-7.58207,4.84894,0,0,0,0,0,0,0,0,0,0,0, 0,0,0,0,0,15,0,0,0,0
29040,0,248,-58.4,64,32,-8.17658,5.03026,0,0,0,0,0,0,0,0,0,0,0, 0,0,0,0,0,0,0,0,0,0
29040,1,290,-56.5,68,32,-8.50564,5.62976,0,0,0,0,0,0,0,0,0,0,0, 0,0,0,0,0,0,0,0,0,0
29040,2,241,-55.4,72,32,-8.88987,6.13271,0,0,0,0,0,0,0,0,0,0,0, 0,0,0,0,0,0,0,0,0,0
29040,3,30,14.7,44,33,1.6748,6.38397,0,0,0,0,0,0,0,0,0,0,0, 0,0,0,0,0,0,0,0,0,0
29040,4,156,-51.6,76,32,-8.93411,7.08108,0,0,0,0,0,0,0,0,0,0,0, 0,0,0,0,0,0,0,0,0,0
29040,5,44,17.9,48,33,2.21297,6.85148,0,0,0,0,0,0,0,0,0,0,0, 0,0,0,0,0,0,0,0,0,0
29040,6,110,-45,80,32,-8.48528,8.48528,0,0,0,0,0,0,0,0,0,0,0, 0,0,0,0,0,0,0,0,0,0
29040,7,35,16.6,52,33,2.22837,7.47492,0,0,0,0,0,0,0,0,0,0,0, 0,0,0,0,0,0,0,0,0,0
29040,8,90,-44.2,84,32,-8.78428,9.03307,0,0,0,0,0,0,0,0,0,0,0, 0,0,0,0,0,0,0,0,0,0
29040,9,138,-59.4,60,32,-7.74668,4.58137,0,0,0,0,0,0,0,0,0,0,0, 0,0,0,0,0,0,0,0,0,0
29040,10,34,3.6,124,30.75,1.1679,18.5633,0,0,0,0,0,0,0,0,0,0,0, 0,0,0,0,0,0,0,0,0,0
29040,11,37,4.2,124,32.25,1.36223,18.55,0,0,0,0,0,0,0,0,0,0,0, 0,0,0,0,0,0,0,0,0,0
29080,0,247,-57.4,64,32,-8.08754,5.1722,0,0,0,0,0,0,0,0,0,0,0, 0,0,0,0,0,1,0,0,0,0
29080,1,290,-56.5,68,32,-8.50564,5.62976,0,0,0,0,0,0,0,0,0,0,0, 0,0,0,0,0,1,0,0,0,0
29080,2,243,-54.4,72,32,-8.78149,6.28693,0,0,0,0,0,0,0,0,0,0,0, 0,0,0,0,0,1,0,0,0,0
29080,3,18,17.9,44,33,2.02855,6.28052,0,0,0,0,0,0,0,0,0,0,0, 0,0,0,0,0,1,0,0,0,0
29080,4,162,-46.7,76,32,-8.29661,7.81833,0,0,0,0,0,0,0,0,0,0,0, 0,0,0,0,0,1,0,0,0,0
29080,5,125,-42.9,80,32,-8.16865,8.79051,0,0,0,0,0,0,0,0,0,0,0, 0,0,0,0,0,1,0,0,0,0
29080,6,101,-41.1,84,32,-8.28293,9.4949,0,0,0,0,0,0,0,0,0,0,0, 0,0,0,0,0,1,0,0,0,0
29080,7,58,3.1,120,30.75,0.973419,17.9737,0,0,0,0,0,0,0,0,0,0,0, 0,0,0,0,0,1,0,0,0,0
29080,8,59,1.3,120,32.25,0.408372,17.9954,0,0,0,0,0,0,0,0,0,0,0, 0,0,0,0,0,1,0,0,0,0
29080,9,139,-57.4,60,32,-7.58207,4.84894,0,0,0,0,0,0,0,0,0,0,0, 0,0,0,0,0,1,0,0,0,0
29120,0,249,-56.5,64,32,-8.0053,5.2986,0,0,0,0,0,0,0,0,0,0,0, 0,0,0,0,0,2,0,0,0,0
29120,1,290,-56.5,68,32,-8.50564,5.62976,0,0,0,0,0,0,0,0,0,0,0, 0,0,0,0,0,2,0,0,0,0
29120,2,240,-55.4,72,32,-8.88987,6.13271,0,0,0,0,0,0,0,0,0,0,0, 0,0,0,0,0,2,0,0,0,0
29120,3,157,-48,76,32,-8.47185,7.62809,0,0,0,0,0,0,0,0,0,0,0, 0,0,0,0,0,2,0,0,0,0
29120,4,112,-42.3,80,32,-8.07615,8.87557,0,0,0,0,0,0,0,0,0,0,0, 0,0,0,0,0,2,0,0,0,0
29120,5,86,-41.7,84,32,-8.3819,9.40764,0,0,0,0,0,0,0,0,0,0,0, 0,0,0,0,0,2,0,0,0,0
29120,6,54,0.6,116,32.25,0.182209,17.399,0,0,0,0,0,0,0,0,0,0,0, 0,0,0,0,0,2,0,0,0,0
29120,7,46,1.3,120,32.25,0.408372,17.9954,0,0,0,0,0,0,0,0,0,0,0, 0,0,0,0,0,2,0,0,0,0
29120,8,140,-57.4,60,32,-7.58207,4.84894,0,0,0,0,0,0,0,0,0,0,0, 0,0,0,0,0,2,0,0,0,0
29160,0,246,-57.4,64,32,-8.08754,5.1722,0,0,0,0,0,0,0,0,0,0,0, 0,0,0,0,0,3,0,0,0,0
29160,1,291,-56.5,68,32,-8.50564,5.62976,0,0,0,0,0,0,0,0,0,0,0, 0,0,0,0,0,3,0,0,0,0
29160,2,242,-55.4,72,32,-8.88987,6.13271,0,0,0,0,0,0,0,0,0,0,0, 0,0,0,0,0,3,0,0,0,0
29160,3,158,-48,76,32,-8.47185,7.62809,0,0,0,0,0,0,0,0,0,0,0, 0,0,0,0,0,3,0,0,0,0
29160,4,116,-42.9,80,32,-8.16865,8.79051,0,0,0,0,0,0,0,0,0,0,0, 0,0,0,0,0,3,0,0,0,0
29160,5,96,-39.9,84,32,-8.08227,9.66628,0,0,0,0,0,0,0,0,0,0,0, 0,0,0,0,0,3,0,0,0,0
29160,6,44,1.3,116,30.75,0.39476,17.3955,0,0,0,0,0,0,0,0,0,0,0, 0,0,0,0,0,3,0,0,0,0
29160,7,138,-56.5,60,32,-7.50497,4.96743,0,0,0,0,0,0,0,0,0,0,0, 0,0,0,0,0,3,0,0,0,0
29160,8,78,-1.2,124,32.25,-0.389529,18.5959,0,0,0,0,0,0,0,0,0,0,0, 0,0,0,0,0,3,0,0,0,0
29200,0,245,-56.5,64,32,-8.0053,5.2986,0,0,0,0,0,0,0,0,0,0,0, 0,0,0,0,0,4,0,0,0,0
29200,1,289,-56.5,68,32,-8.50564,5.62976,0,0,0,0,0,0,0,0,0,0,0, 0,0,0,0,0,4,0,0,0,0
29200,2,241,-55.4,72,32,-8.88987,6.13271,0,0,0,0,0,0,0,0,0,0,0, 0,0,0,0,0,4,0,0,0,0
29200,3,160,-48,76,32,-8.47185,7.62809,0,0,0,0,0,0,0,0,0,0,0, 0,0,0,0,0,4,0,0,0,0
29200,4,120,-42.9,80,32,-8.16865,8.79051,0,0,0,0,0,0,0,0,0,0,0, 0,0,0,0,0,4,0,0,0,0
29200,5,99,-40.5,84,32,-8.18305,9.58112,0,0,0,0,0,0,0,0,0,0,0, 0,0,0,0,0,4,0,0,0,0
29200,6,139,-58.4,60,32,-7.66554,4.71587,0,0,0,0,0,0,0,0,0,0,0, 0,0,0,0,0,4,0,0,0,0
29240,0,246,-58.4,64,32,-8.17658,5.03026,0,0,0,0,0,0,0,0,0,0,0, 0,0,0,0,0,5,0,0,0,0
29240,1,290,-56.5,68,32,-8.50564,5.62976,0,0,0,0,0,0,0,0,0,0,0, 0,0,0,0,0,5,0,0,0,0
29240,2,36,75.1,8,30.75,1.15965,0.308559,0,0,0,0,0,0,0,0,0,0,0, 0,0,0,0,0,5,0,0,0,0
29240,3,240,-55.4,72,32,-8.88987,6.13271,0,0,0,0,0,0,0,0,0,0,0, 0,0,0,0,0,5,0,0,0,0
29240,4,155,-48,76,32,-8.47185,7.62809,0,0,0,0,0,0,0,0,0,0,0, 0,0,0,0,0,5,0,0,0,0
29240,5,120,-41.7,80,32,-7.98276,8.95966,0,0,0,0,0,0,0,0,0,0,0, 0,0,0,0,0,5,0,0,0,0
29240,6,107,-38.7,84,32,-7.87806,9.83342,0,0,0,0,0,0,0,0,0,0,0, 0,0,0,0,0,5,0,0,0,0
29240,7,139,-58.4,60,32,-7.66554,4.71587,0,0,0,0,0,0,0,0,0,0,0, 0,0,0,0,0,5,0,0,0,0
29240,8,47,-2.4,124,30.75,-0.778887,18.5837,0,0,0,0,0,0,0,0,0,0,0, 0,0,0,0,0,5,0,0,0,0
29240,9,53,-2.4,124,32.25,-0.778887,18.5837,0,0,0,0,0,0,0,0,0,0,0, 0,0,0,0,0,5,0,0,0,0
29280,0,245,-57.4,64,32,-8.08754,5.1722,0,0,0,0,0,0,0,0,0,0,0, 0,0,0,0,0,6,0,0,0,0
29280,1,46,-4.2,128,30.75,-1.40617,19.1484,0,0,0,0,0,0,0,0,0,0,0, 0,0,0,0,0,6,0,0,0,0
29280,2,288,-56.5,68,32,-8.50564,5.62976,0,0,0,0,0,0,0,0,0,0,0, 0,0,0,0,0,6,0,0,0,0
29280,3,240,-55.4,72,32,-8.88987,6.13271,0,0,0,0,0,0,0,0,0,0,0, 0,0,0,0,0,6,0,0,0,0
29280,4,163,-46.7,76,32,-8.29661,7.81833,0,0,0,0,0,0,0,0,0,0,0, 0,0,0,0,0,6,0,0,0,0
29280,5,129,-41.7,80,32,-7.98276,8.95966,0,0,0,0,0,0,0,0,0,0,0, 0,0,0,0,0,6,0,0,0,0
29280,6,116,-38.7,84,32,-7.87806,9.83342,0,0,0,0,0,0,0,0,0,0,0, 0,0,0,0,0,6,0,0,0,0
29280,7,138,-57.4,60,32,-7.58207,4.84894,0,0,0,0,0,0,0,0,0,0,0, 0,0,0,0,0,6,0,0,0,0
29280,8,32,7.8,124,32.25,2.52431,18.4279,0,0,0,0,0,0,0,0,0,0,0, 0,0,0,0,0,6,0,0,0,0
29320,0,249,-57.4,64,32,-8.08754,5.1722,0,0,0,0,0,0,0,0,0,0,0, 0,0,0,0,0,7,0,0,0,0
29320,1,294,-56.5,68,32,-8.50564,5.62976,0,0,0,0,0,0,0,0,0,0,0, 0,0,0,0,0,7,0,0,0,0
29320,2,245,-54.4,72,32,-8.78149,6.28693,0,0,0,0,0,0,0,0,0,0,0, 0,0,0,0,0,7,0,0,0,0
29320,3,163,-48,76,32,-8.47185,7.62809,0,0,0,0,0,0,0,0,0,0,0, 0,0,0,0,0,7,0,0,0,0
29320,4,123,-41.7,80,32,-7.98276,8.95966,0,0,0,0,0,0,0,0,0,0,0, 0,0,0,0,0,7,0,0,0,0
29320,5,100,-39.3,84,32,-7.9806,9.75039,0,0,0,0,0,0,0,0,0,0,0, 0,0,0,0,0,7,0,0,0,0
29320,6,48,0.6,120,32.25,0.188492,17.999,0,0,0,0,0,0,0,0,0,0,0, 0,0,0,0,0,7,0,0,0,0
29320,7,138,-58.4,60,32,-7.66554,4.71587,0,0,0,0,0,0,0,0,0,0,0, 0,0,0,0,0,7,0,0,0,0
29320,8,55,3.1,124,32.25,1.00587,18.5728,0,0,0,0,0,0,0,0,0,0,0, 0,0,0,0,0,7,0,0,0,0
29360,0,242,-57.4,64,32,-8.08754,5.1722,0,0,0,0,0,0,0,0,0,0,0, 0,0,0,0,0,8,0,0,0,0
29360,1,287,-56.5,68,32,-8.50564,5.62976,0,0,0,0,0,0,0,0,0,0,0, 0,0,0,0,0,8,0,0,0,0
29360,2,41,64.6,8,33,1.084,0.514722,0,0,0,0,0,0,0,0,0,0,0, 0,0,0,0,0,8,0,0,0,0
29360,3,241,-54.4,72,32,-8.78149,6.28693,0,0,0,0,0,0,0,0,0,0,0, 0,0,0,0,0,8,0,0,0,0
29360,4,157,-48,76,32,-8.47185,7.62809,0,0,0,0,0,0,0,0,0,0,0, 0,0,0,0,0,8,0,0,0,0
29360,5,116,-43.6,80,32,-8.27543,8.69006,0,0,0,0,0,0,0,0,0,0,0, 0,0,0,0,0,8,0,0,0,0
29360,6,94,-42.9,84,32,-8.57708,9.23004,0,0,0,0,0,0,0,0,0,0,0, 0,0,0,0,0,8,0,0,0,0
29360,7,39,0.6,120,32.25,0.188492,17.999,0,0,0,0,0,0,0,0,0,0,0, 0,0,0,0,0,8,0,0,0,0
29360,8,140,-57.4,60,32,-7.58207,4.84894,0,0,0,0,0,0,0,0,0,0,0, 0,0,0,0,0,8,0,0,0,0
29360,9,54,2.4,124,30.75,0.778887,18.5837,0,0,0,0,0,0,0,0,0,0,0, 0,0,0,0,0,8,0,0,0,0
29400,0,246,-56.5,64,32,-8.0053,5.2986,0,1334,0,0,0,0,0,0,0,0,0, 0,0,0,0,0,9,0,0,0,0
29400,1,292,-56.5,68,32,-8.50564,5.62976,0,1334,0,0,0,0,0,0,0,0,0, 0,0,0,0,0,9,0,0,0,0
29400,2,244,-54.4,72,32,-8.78149,6.28693,0,1334,0,0,0,0,0,0,0,0,0, 0,0,0,0,0,9,0,0,0,0
29400,3,158,-48,76,32,-8.47185,7.62809,0,1334,0,0,0,0,0,0,0,0,0, 0,0,0,0,0,9,0,0,0,0
29400,4,112,-43.6,80,32,-8.27543,8.69006,0,1334,0,0,0,0,0,0,0,0,0, 0,0,0,0,0,9,0,0,0,0
29400,5,81,-46.7,84,32,-9.16994,8.64131,0,1334,0,0,0,0,0,0,0,0,0, 0,0,0,0,0,9,0,0,0,0
29400,6,30,1.3,120,30.75,0.408372,17.9954,0,1334,0,0,0,0,0,0,0,0,0, 0,0,0,0,0,9,0,0,0,0
29400,7,33,1.8,120,32.25,0.565394,17.9911,0,1334,0,0,0,0,0,0,0,0,0, 0,0,0,0,0,9,0,0,0,0
29400,8,141,-56.5,60,32,-7.50497,4.96743,0,1334,0,0,0,0,0,0,0,0,0, 0,0,0,0,0,9,0,0,0,0
29400,9,68,1.3,124,30.75,0.421984,18.5952,0,1334,0,0,0,0,0,0,0,0,0, 0,0,0,0,0,9,0,0,0,0
29400,10,61,1.8,124,32.25,0.58424,18.5908,0,1334,0,0,0,0,0,0,0,0,0, 0,0,0,0,0,9,0,0,0,0
29440,0,249,-56.5,64,32,-8.0053,5.2986,0,0,0,0,0,0,0,0,0,0,0, 0,0,0,0,0,10,0,0,0,0
29440,1,293,-56.5,68,32,-8.50564,5.62976,0,0,0,0,0,0,0,0,0,0,0, 0,0,0,0,0,10,0,0,0,0
29440,2,246,-54.4,72,32,-8.78149,6.28693,0,0,0,0,0,0,0,0,0,0,0, 0,0,0,0,0,10,0,0,0,0
29440,3,161,-48,76,32,-8.47185,7.62809,0,0,0,0,0,0,0,0,0,0,0, 0,0,0,0,0,10,0,0,0,0
29440,4,116,-43.6,80,32,-8.27543,8.69006,0,0,0,0,0,0,0,0,0,0,0, 0,0,0,0,0,10,0,0,0,0
29440,5,90,-44.2,84,32,-8.78428,9.03307,0,0,0,0,0,0,0,0,0,0,0, 0,0,0,0,0,10,0,0,0,0
29440,6,139,-57.4,60,32,-7.58207,4.84894,0,0,0,0,0,0,0,0,0,0,0, 0,0,0,0,0,10,0,0,0,0
29480,0,246,-57.4,64,32,-8.08754,5.1722,0,7936,0,0,0,0,0,0,0,0,0, 0,0,0,0,0,11,0,0,0,0
29480,1,33,-3.6,128,30.75,-1.20558,19.1621,0,7936,0,0,0,0,0,0,0,0,0, 0,0,0,0,0,11,0,0,0,0
29480,2,41,-1.8,128,31.25,-0.603087,19.1905,0,7936,0,0,0,0,0,0,0,0,0, 0,0,0,0,0,11,0,0,0,0
29480,3,22,0.1,128,32.25,0.0335103,19.2,0,7936,0,0,0,0,0,0,0,0,0, 0,0,0,0,0,11,0,0,0,0
29480,4,291,-56.5,68,32,-8.50564,5.62976,0,7936,0,0,0,0,0,0,0,0,0, 0,0,0,0,0,11,0,0,0,0
29480,5,241,-56.5,72,32,-9.00597,5.96092,0,7936,0,0,0,0,0,0,0,0,0, 0,0,0,0,0,11,0,0,0,0
29480,6,152,-51.6,76,32,-8.93411,7.08108,0,7936,0,0,0,0,0,0,0,0,0, 0,0,0,0,0,11,0,0,0,0
29480,7,105,-45.9,80,32,-8.61752,8.35095,0,7936,0,0,0,0,0,0,0,0,0, 0,0,0,0,0,11,0,0,0,0
29480,8,81,-45.9,84,32,-9.04839,8.7685,0,7936,0,0,0,0,0,0,0,0,0, 0,0,0,0,0,11,0,0,0,0
29480,9,29,1.8,116,30.75,0.546547,17.3914,0,7936,0,0,0,0,0,0,0,0,0, 0,0,0,0,0,11,0,0,0,0
29480,10,141,-58.4,60,32,-7.66554,4.71587,0,7936,0,0,0,0,0,0,0,0,0, 0,0,0,0,0,11,0,0,0,0
29520,0,246,-57.4,64,32,-8.08754,5.1722,0,1140,0,0,0,0,0,0,0,0,0, 0,0,0,0,0,12,0,0,0,0
29520,1,42,-5.4,128,30.75,-1.80688,19.1148,0,1140,0,0,0,0,0,0,0,0,0, 0,0,0,0,0,12,0,0,0,0
29520,2,54,-6,128,32.25,-2.00695,19.0948,0,1140,0,0,0,0,0,0,0,0,0, 0,0,0,0,0,12,0,0,0,0
29520,3,289,-56.5,68,32,-8.50564,5.62976,0,1140,0,0,0,0,0,0,0,0,0, 0,0,0,0,0,12,0,0,0,0
29520,4,241,-55.4,72,32,-8.88987,6.13271,0,1140,0,0,0,0,0,0,0,0,0, 0,0,0,0,0,12,0,0,0,0
29520,5,154,-51.6,76,32,-8.93411,7.08108,0,1140,0,0,0,0,0,0,0,0,0, 0,0,0,0,0,12,0,0,0,0
29520,6,110,-45,80,32,-8.48528,8.48528,0,1140,0,0,0,0,0,0,0,0,0, 0,0,0,0,0,12,0,0,0,0
29520,7,89,-44.2,84,32,-8.78428,9.03307,0,1140,0,0,0,0,0,0,0,0,0, 0,0,0,0,0,12,0,0,0,0
29520,8,140,-57.4,60,32,-7.58207,4.84894,0,1140,0,0,0,0,0,0,0,0,0, 0,0,0,0,0,12,0,0,0,0
29520,9,41,-3,124,32.25,-0.973449,18.5745,0,1140,0,0,0,0,0,0,0,0,0, 0,0,0,0,0,12,0,0,0,0
29560,0,248,-58.4,64,32,-8.17658,5.03026,0,86,0,0,0,0,0,0,0,0,0, 0,0,0,0,0,13,0,0,0,0
29560,1,292,-56.5,68,32,-8.50564,5.62976,0,86,0,0,0,0,0,0,0,0,0, 0,0,0,0,0,13,0,0,0,0
29560,2,40,75.1,8,33,1.15965,0.308559,0,86,0,0,0,0,0,0,0,0,0, 0,0,0,0,0,13,0,0,0,0
29560,3,242,-55.4,72,32,-8.88987,6.13271,0,86,0,0,0,0,0,0,0,0,0, 0,0,0,0,0,13,0,0,0,0
29560,4,155,-49.8,76,32,-8.70727,7.35822,0,86,0,0,0,0,0,0,0,0,0, 0,0,0,0,0,13,0,0,0,0
29560,5,115,-42.9,80,32,-8.16865,8.79051,0,86,0,0,0,0,0,0,0,0,0, 0,0,0,0,0,13,0,0,0,0
29560,6,92,-41.1,84,32,-8.28293,9.4949,0,86,0,0,0,0,0,0,0,0,0, 0,0,0,0,0,13,0,0,0,0
29560,7,38,-7.8,120,31.25,-2.44288,17.8335,0,86,0,0,0,0,0,0,0,0,0, 0,0,0,0,0,13,0,0,0,0
29560,8,141,-58.4,60,32,-7.66554,4.71587,0,86,0,0,0,0,0,0,0,0,0, 0,0,0,0,0,13,0,0,0,0
29600,0,246,-57.4,64,32,-8.08754,5.1722,0,0,0,0,0,0,0,0,0,0,0, 0,0,0,0,0,14,0,0,0,0
29600,1,291,-56.5,68,32,-8.50564,5.62976,0,0,0,0,0,0,0,0,0,0,0, 0,0,0,0,0,14,0,0,0,0
29600,2,243,-54.4,72,32,-8.78149,6.28693,0,0,0,0,0,0,0,0,0,0,0, 0,0,0,0,0,14,0,0,0,0
29600,3,160,-48,76,32,-8.47185,7.62809,0,0,0,0,0,0,0,0,0,0,0, 0,0,0,0,0,14,0,0,0,0
29600,4,21,22.6,48,33,2.76693,6.64711,0,0,0,0,0,0,0,0,0,0,0, 0,0,0,0,0,14,0,0,0,0
29600,5,118,-42.3,80,32,-8.07615,8.87557,0,0,0,0,0,0,0,0,0,0,0, 0,0,0,0,0,14,0,0,0,0
29600,6,95,-40.5,84,32,-8.18305,9.58112,0,0,0,0,0,0,0,0,0,0,0, 0,0,0,0,0,14,0,0,0,0
29600,7,141,-57.4,60,32,-7.58207,4.84894,0,0,0,0,0,0,0,0,0,0,0, 0,0,0,0,0,14,0,0,0,0
29600,8,53,4.2,124,32.25,1.36223,18.55,0,0,0,0,0,0,0,0,0,0,0, 0,0,0,0,0,14,0,0,0,0
29640,0,251,-56.5,64,32,-8.0053,5.2986,0,0,0,0,0,0,0,0,0,0,0, 0,0,0,0,0,15,0,0,0,0
29640,1,29,-3.6,128,30.75,-1.20558,19.1621,0,0,0,0,0,0,0,0,0,0,0, 0,0,0,0,0,15,0,0,0,0
29640,2,297,-55.4,68,32,-8.39599,5.79201,0,0,0,0,0,0,0,0,0,0,0, 0,0,0,0,0,15,0,0,0,0
29640,3,248,-54.4,72,32,-8.78149,6.28693,0,0,0,0,0,0,0,0,0,0,0, 0,0,0,0,0,15,0,0,0,0
29640,4,161,-48,76,32,-8.47185,7.62809,0,0,0,0,0,0,0,0,0,0,0, 0,0,0,0,0,15,0,0,0,0
29640,5,120,-42.3,80,32,-8.07615,8.87557,0,0,0,0,0,0,0,0,0,0,0, 0,0,0,0,0,15,0,0,0,0
29640,6,96,-39.9,84,32,-8.08227,9.66628,0,0,0,0,0,0,0,0,0,0,0, 0,0,0,0,0,15,0,0,0,0
29640,7,15,-15,436,28,-16.9268,63.1716,0,0,0,0,0,0,0,0,0,0,0, 0,0,0,0,0,15,0,0,0,0
29640,8,43,-2.4,120,32.25,-0.753762,17.9842,0,0,0,0,0,0,0,0,0,0,0, 0,0,0,0,0,15,0,0,0,0
29640,9,142,-58.4,60,32,-7.66554,4.71587,0,0,0,0,0,0,0,0,0,0,0, 0,0,0,0,0,15,0,0,0,0
29680,0,248,-56.5,64,32,-8.0053,5.2986,0,0,0,0,0,0,0,0,0,0,0, 0,0,0,0,0,0,0,0,0,0
29680,1,293,-55.4,68,32,-8.39599,5.79201,0,0,0,0,0,0,0,0,0,0,0, 0,0,0,0,0,0,0,0,0,0
29680,2,247,-53.4,72,32,-8.67043,6.43923,0,0,0,0,0,0,0,0,0,0,0, 0,0,0,0,0,0,0,0,0,0
29680,3,168,-45.9,76,32,-8.18664,7.93341,0,0,0,0,0,0,0,0,0,0,0, 0,0,0,0,0,0,0,0,0,0
29680,4,129,-41.7,80,32,-7.98276,8.95966,0,0,0,0,0,0,0,0,0,0,0, 0,0,0,0,0,0,0,0,0,0
29680,5,106,-39.9,84,32,-8.08227,9.66628,0,0,0,0,0,0,0,0,0,0,0, 0,0,0,0,0,0,0,0,0,0
29680,6,34,1.3,120,30.75,0.408372,17.9954,0,0,0,0,0,0,0,0,0,0,0, 0,0,0,0,0,0,0,0,0,0
29680,7,38,0.6,120,31,0.188492,17.999,0,0,0,0,0,0,0,0,0,0,0, 0,0,0,0,0,0,0,0,0,0
29680,8,139,-57.4,60,32,-7.58207,4.84894,0,0,0,0,0,0,0,0,0,0,0, 0,0,0,0,0,0,0,0,0,0
29720,0,246,-57.4,64,32,-8.08754,5.1722,0,0,0,0,0,0,0,0,0,0,0, 0,0,0,0,0,1,0,0,0,0
29720,1,289,-57.4,68,32,-8.59301,5.49546,0,0,0,0,0,0,0,0,0,0,0, 0,0,0,0,0,1,0,0,0,0
29720,2,241,-56.5,72,32,-9.00597,5.96092,0,0,0,0,0,0,0,0,0,0,0, 0,0,0,0,0,1,0,0,0,0
29720,3,157,-48,76,32,-8.47185,7.62809,0,0,0,0,0,0,0,0,0,0,0, 0,0,0,0,0,1,0,0,0,0
29720,4,117,-42.3,80,32,-8.07615,8.87557,0,0,0,0,0,0,0,0,0,0,0, 0,0,0,0,0,1,0,0,0,0
29720,5,97,-40.5,84,32,-8.18305,9.58112,0,0,0,0,0,0,0,0,0,0,0, 0,0,0,0,0,1,0,0,0,0
29720,6,44,1.3,120,32.25,0.408372,17.9954,0,0,0,0,0,0,0,0,0,0,0, 0,0,0,0,0,1,0,0,0,0
29720,7,139,-58.4,60,32,-7.66554,4.71587,0,0,0,0,0,0,0,0,0,0,0, 0,0,0,0,0,1,0,0,0,0
29760,0,245,-57.4,64,32,-8.08754,5.1722,0,0,0,0,0,0,0,0,0,0,0, 0,0,0,0,0,2,0,0,0,0
29760,1,37,1.3,128,30.75,0.435597,19.1951,0,0,0,0,0,0,0,0,0,0,0, 0,0,0,0,0,2,0,0,0,0
29760,2,47,2.4,128,31.25,0.804013,19.1832,0,0,0,0,0,0,0,0,0,0,0, 0,0,0,0,0,2,0,0,0,0
29760,3,289,-56.5,68,32,-8.50564,5.62976,0,0,0,0,0,0,0,0,0,0,0, 0,0,0,0,0,2,0,0,0,0
29760,4,245,-55.4,72,32,-8.88987,6.13271,0,0,0,0,0,0,0,0,0,0,0, 0,0,0,0,0,2,0,0,0,0
29760,5,164,-48,76,32,-8.47185,7.62809,0,0,0,0,0,0,0,0,0,0,0, 0,0,0,0,0,2,0,0,0,0
29760,6,120,-42.9,80,32,-8.16865,8.79051,0,0,0,0,0,0,0,0,0,0,0, 0,0,0,0,0,2,0,0,0,0
29760,7,97,-41.1,84,32,-8.28293,9.4949,0,0,0,0,0,0,0,0,0,0,0, 0,0,0,0,0,2,0,0,0,0
29760,8,141,-57.4,60,32,-7.58207,4.84894,0,0,0,0,0,0,0,0,0,0,0, 0,0,0,0,0,2,0,0,0,0
29800,0,250,-57.4,64,32,-8.08754,5.1722,0,0,0,0,0,0,0,0,0,0,0, 0,0,0,0,0,3,0,0,0,0
29800,1,294,-56.5,68,32,-8.50564,5.62976,0,0,0,0,0,0,0,0,0,0,0, 0,0,0,0,0,3,0,0,0,0
29800,2,36,69.6,8,33,1.12474,0.418287,0,0,0,0,0,0,0,0,0,0,0, 0,0,0,0,0,3,0,0,0,0
29800,3,244,-54.4,72,32,-8.78149,6.28693,0,0,0,0,0,0,0,0,0,0,0, 0,0,0,0,0,3,0,0,0,0
29800,4,159,-46.7,76,32,-8.29661,7.81833,0,0,0,0,0,0,0,0,0,0,0, 0,0,0,0,0,3,0,0,0,0
29800,5,118,-41.1,80,32,-7.8885,9.04276,0,0,0,0,0,0,0,0,0,0,0, 0,0,0,0,0,3,0,0,0,0
29800,6,98,-39.3,84,32,-7.9806,9.75039,0,0,0,0,0,0,0,0,0,0,0, 0,0,0,0,0,3,0,0,0,0
29800,7,36,1.8,116,30.75,0.546547,17.3914,0,0,0,0,0,0,0,0,0,0,0, 0,0,0,0,0,3,0,0,0,0
29800,8,39,4.8,120,32.25,1.5062,17.9369,0,0,0,0,0,0,0,0,0,0,0, 0,0,0,0,0,3,0,0,0,0
29800,9,141,-58.4,60,32,-7.66554,4.71587,0,0,0,0,0,0,0,0,0,0,0, 0,0,0,0,0,3,0,0,0,0
29840,0,248,-57.4,64,32,-8.08754,5.1722,0,0,0,0,0,0,0,0,0,0,0, 0,0,0,0,0,4,0,0,0,0
29840,1,290,-56.5,68,32,-8.50564,5.62976,0,0,0,0,0,0,0,0,0,0,0, 0,0,0,0,0,4,0,0,0,0
29840,2,242,-54.4,72,32,-8.78149,6.28693,0,0,0,0,0,0,0,0,0,0,0, 0,0,0,0,0,4,0,0,0,0
29840,3,156,-48,76,32,-8.47185,7.62809,0,0,0,0,0,0,0,0,0,0,0, 0,0,0,0,0,4,0,0,0,0
29840,4,86,-8.4,108,31.5,-2.36655,16.0262,0,0,0,0,0,0,0,0,0,0,0, 0,0,0,0,0,4,0,0,0,0
29840,5,108,-42.9,80,32,-8.16865,8.79051,0,0,0,0,0,0,0,0,0,0,0, 0,0,0,0,0,4,0,0,0,0
29840,6,74,-7.2,112,31.75,-2.1056,16.6675,0,0,0,0,0,0,0,0,0,0,0, 0,0,0,0,0,4,0,0,0,0
29840,7,83,-41.7,84,32,-8.3819,9.40764,0,0,0,0,0,0,0,0,0,0,0, 0,0,0,0,0,4,0,0,0,0
29840,8,36,-1.8,120,30.75,-0.565394,17.9911,0,0,0,0,0,0,0,0,0,0,0, 0,0,0,0,0,4,0,0,0,0
29840,9,42,-5.4,120,32.25,-1.69395,17.9201,0,0,0,0,0,0,0,0,0,0,0, 0,0,0,0,0,4,0,0,0,0
29840,10,24,-4.2,120,33,-1.31829,17.9517,0,0,0,0,0,0,0,0,0,0,0, 0,0,0,0,0,4,0,0,0,0
29840,11,139,-59.4,60,32,-7.74668,4.58137,0,0,0,0,0,0,0,0,0,0,0, 0,0,0,0,0,4,0,0,0,0
29880,0,246,-57.4,64,32,-8.08754,5.1722,0,0,0,0,0,0,0,0,0,0,0, 0,0,0,0,0,5,0,0,0,0
29880,1,289,-56.5,68,32,-8.50564,5.62976,0,0,0,0,0,0,0,0,0,0,0, 0,0,0,0,0,5,0,0,0,0
29880,2,243,-54.4,72,32,-8.78149,6.28693,0,0,0,0,0,0,0,0,0,0,0, 0,0,0,0,0,5,0,0,0,0
29880,3,160,-48,76,32,-8.47185,7.62809,0,0,0,0,0,0,0,0,0,0,0, 0,0,0,0,0,5,0,0,0,0
29880,4,111,-44.2,80,32,-8.36598,8.60293,0,0,0,0,0,0,0,0,0,0,0, 0,0,0,0,0,5,0,0,0,0
29880,5,48,-12,116,31.25,-3.61766,17.0198,0,0,0,0,0,0,0,0,0,0,0, 0,0,0,0,0,5,0,0,0,0
29880,6,35,0.1,120,31.25,0.0314159,18,0,0,0,0,0,0,0,0,0,0,0, 0,0,0,0,0,5,0,0,0,0
29880,7,139,-58.4,60,32,-7.66554,4.71587,0,0,0,0,0,0,0,0,0,0,0, 0,0,0,0,0,5,0,0,0,0
29920,0,248,-57.4,64,32,-8.08754,5.1722,0,0,0,0,0,0,0,0,0,0,0, 0,0,0,0,0,6,0,0,0,0
29920,1,295,-56.5,68,32,-8.50564,5.62976,0,0,0,0,0,0,0,0,0,0,0, 0,0,0,0,0,6,0,0,0,0
29920,2,244,-54.4,72,32,-8.78149,6.28693,0,0,0,0,0,0,0,0,0,0,0, 0,0,0,0,0,6,0,0,0,0
29920,3,157,-49.8,76,32,-8.70727,7.35822,0,0,0,0,0,0,0,0,0,0,0, 0,0,0,0,0,6,0,0,0,0
29920,4,104,-44.2,80,32,-8.36598,8.60293,0,0,0,0,0,0,0,0,0,0,0, 0,0,0,0,0,6,0,0,0,0
29920,5,140,-57.4,60,32,-7.58207,4.84894,0,0,0,0,0,0,0,0,0,0,0, 0,0,0,0,0,6,0,0,0,0
29920,6,41,0.6,124,31.75,0.194775,18.599,0,0,0,0,0,0,0,0,0,0,0, 0,0,0,0,0,6,0,0,0,0
29920,7,33,-2.4,124,33,-0.778887,18.5837,0,0,0,0,0,0,0,0,0,0,0, 0,0,0,0,0,6,0,0,0,0
29960,0,248,-56.5,64,32,-8.0053,5.2986,0,0,0,0,0,0,0,0,0,0,0, 0,0,0,0,0,7,0,0,0,0
29960,1,294,-55.4,68,32,-8.39599,5.79201,0,0,0,0,0,0,0,0,0,0,0, 0,0,0,0,0,7,0,0,0,0
29960,2,246,-54.4,72,32,-8.78149,6.28693,0,0,0,0,0,0,0,0,0,0,0, 0,0,0,0,0,7,0,0,0,0
29960,3,163,-48,76,32,-8.47185,7.62809,0,0,0,0,0,0,0,0,0,0,0, 0,0,0,0,0,7,0,0,0,0
29960,4,120,-42.9,80,32,-8.16865,8.79051,0,0,0,0,0,0,0,0,0,0,0, 0,0,0,0,0,7,0,0,0,0
29960,5,98,-41.7,84,32,-8.3819,9.40764,0,0,0,0,0,0,0,0,0,0,0, 0,0,0,0,0,7,0,0,0,0
29960,6,143,-56.5,60,32,-7.50497,4.96743,0,0,0,0,0,0,0,0,0,0,0, 0,0,0,0,0,7,0,0,0,0
30000,0,251,-57.4,64,32,-8.08754,5.1722,0,0,0,0,0,0,0,0,0,0,0, 0,0,0,0,0,8,0,0,0,0
30000,1,293,-56.5,68,32,-8.50564,5.62976,0,0,0,0,0,0,0,0,0,0,0, 0,0,0,0,0,8,0,0,0,0
30000,2,27,0.6,132,30.75,0.207341,19.7989,0,0,0,0,0,0,0,0,0,0,0, 0,0,0,0,0,8,0,0,0,0
30000,3,36,69.6,8,33,1.12474,0.418287,0,0,0,0,0,0,0,0,0,0,0, 0,0,0,0,0,8,0,0,0,0
30000,4,243,-56.5,72,32,-9.00597,5.96092,0,0,0,0,0,0,0,0,0,0,0, 0,0,0,0,0,8,0,0,0,0
30000,5,154,-51.6,76,32,-8.93411,7.08108,0,0,0,0,0,0,0,0,0,0,0, 0,0,0,0,0,8,0,0,0,0
30000,6,109,-43.6,80,32,-8.27543,8.69006,0,0,0,0,0,0,0,0,0,0,0, 0,0,0,0,0,8,0,0,0,0
30000,7,89,-41.7,84,32,-8.3819,9.40764,0,0,0,0,0,0,0,0,0,0,0, 0,0,0,0,0,8,0,0,0,0
30000,8,27,3.1,120,30.75,0.973419,17.9737,0,0,0,0,0,0,0,0,0,0,0, 0,0,0,0,0,8,0,0,0,0
30000,9,140,-58.4,60,32,-7.66554,4.71587,0,0,0,0,0,0,0,0,0,0,0, 0,0,0,0,0,8,0,0,0,0
30040,0,246,-57.4,64,32,-8.08754,5.1722,0,1334,0,0,0,0,0,0,0,0,0, 0,0,0,0,0,9,0,0,0,0
30040,1,292,-56.5,68,32,-8.50564,5.62976,0,1334,0,0,0,0,0,0,0,0,0, 0,0,0,0,0,9,0,0,0,0
30040,2,39,69.6,8,33,1.12474,0.418287,0,1334,0,0,0,0,0,0,0,0,0, 0,0,0,0,0,9,0,0,0,0
30040,3,242,-55.4,72,32,-8.88987,6.13271,0,1334,0,0,0,0,0,0,0,0,0, 0,0,0,0,0,9,0,0,0,0
30040,4,156,-51.6,76,32,-8.93411,7.08108,0,1334,0,0,0,0,0,0,0,0,0, 0,0,0,0,0,9,0,0,0,0
30040,5,109,-45.9,80,32,-8.61752,8.35095,0,1334,0,0,0,0,0,0,0,0,0, 0,0,0,0,0,9,0,0,0,0
30040,6,82,-46.7,84,32,-9.16994,8.64131,0,1334,0,0,0,0,0,0,0,0,0, 0,0,0,0,0,9,0,0,0,0
30040,7,32,1.8,120,30.75,0.565394,17.9911,0,1334,0,0,0,0,0,0,0,0,0, 0,0,0,0,0,9,0,0,0,0
30040,8,139,-57.4,60,32,-7.58207,4.84894,0,1334,0,0,0,0,0,0,0,0,0, 0,0,0,0,0,9,0,0,0,0
30080,0,246,-57.4,64,32,-8.08754,5.1722,0,0,0,0,0,0,0,0,0,0,0, 0,0,0,0,0,10,0,0,0,0
30080,1,291,-56.5,68,32,-8.50564,5.62976,0,0,0,0,0,0,0,0,0,0,0, 0,0,0,0,0,10,0,0,0,0
30080,2,242,-55.4,72,32,-8.88987,6.13271,0,0,0,0,0,0,0,0,0,0,0, 0,0,0,0,0,10,0,0,0,0
30080,3,155,-51.6,76,32,-8.93411,7.08108,0,0,0,0,0,0,0,0,0,0,0, 0,0,0,0,0,10,0,0,0,0
30080,4,105,-45,80,32,-8.48528,8.48528,0,0,0,0,0,0,0,0,0,0,0, 0,0,0,0,0,10,0,0,0,0
30080,5,140,-57.4,60,32,-7.58207,4.84894,0,0,0,0,0,0,0,0,0,0,0, 0,0,0,0,0,10,0,0,0,0
30120,0,246,-58.4,64,32,-8.17658,5.03026,0,7936,0,0,0,0,0,0,0,0,0, 0,0,0,0,0,11,0,0,0,0
30120,1,289,-57.4,68,32,-8.59301,5.49546,0,7936,0,0,0,0,0,0,0,0,0, 0,0,0,0,0,11,0,0,0,0
30120,2,242,-55.4,72,32,-8.88987,6.13271,0,7936,0,0,0,0,0,0,0,0,0, 0,0,0,0,0,11,0,0,0,0
30120,3,154,-51.6,76,32,-8.93411,7.08108,0,7936,0,0,0,0,0,0,0,0,0, 0,0,0,0,0,11,0,0,0,0
30120,4,106,-45.9,80,32,-8.61752,8.35095,0,7936,0,0,0,0,0,0,0,0,0, 0,0,0,0,0,11,0,0,0,0
30120,5,141,-58.4,60,32,-7.66554,4.71587,0,7936,0,0,0,0,0,0,0,0,0, 0,0,0,0,0,11,0,0,0,0
30160,0,247,-58.4,64,32,-8.17658,5.03026,0,1140,0,0,0,0,0,0,0,0,0, 0,0,0,0,0,12,0,0,0,0
30160,1,293,-56.5,68,32,-8.50564,5.62976,0,1140,0,0,0,0,0,0,0,0,0, 0,0,0,0,0,12,0,0,0,0
30160,2,242,-55.4,72,32,-8.88987,6.13271,0,1140,0,0,0,0,0,0,0,0,0, 0,0,0,0,0,12,0,0,0,0
30160,3,152,-51.6,76,32,-8.93411,7.08108,0,1140,0,0,0,0,0,0,0,0,0, 0,0,0,0,0,12,0,0,0,0
30160,4,102,-45,80,32,-8.48528,8.48528,0,1140,0,0,0,0,0,0,0,0,0, 0,0,0,0,0,12,0,0,0,0
30160,5,37,-7.8,112,31.75,-2.28002,16.6446,0,1140,0,0,0,0,0,0,0,0,0, 0,0,0,0,0,12,0,0,0,0
30160,6,140,-58.4,60,32,-7.66554,4.71587,0,1140,0,0,0,0,0,0,0,0,0, 0,0,0,0,0,12,0,0,0,0
30200,0,247,-57.4,64,32,-8.08754,5.1722,0,86,0,0,0,0,0,0,0,0,0, 0,0,0,0,0,13,0,0,0,0
30200,1,291,-56.5,68,32,-8.50564,5.62976,0,86,0,0,0,0,0,0,0,0,0, 0,0,0,0,0,13,0,0,0,0
30200,2,239,-55.4,72,32,-8.88987,6.13271,0,86,0,0,0,0,0,0,0,0,0, 0,0,0,0,0,13,0,0,0,0
30200,3,150,-51.6,76,32,-8.93411,7.08108,0,86,0,0,0,0,0,0,0,0,0, 0,0,0,0,0,13,0,0,0,0
30200,4,103,-44.2,80,32,-8.36598,8.60293,0,86,0,0,0,0,0,0,0,0,0, 0,0,0,0,0,13,0,0,0,0
30200,5,139,-58.4,60,32,-7.66554,4.71587,0,86,0,0,0,0,0,0,0,0,0, 0,0,0,0,0,13,0,0,0,0
30240,0,246,-57.4,64,32,-8.08754,5.1722,0,0,0,0,0,0,0,0,0,0,0, 0,0,0,0,0,14,0,0,0,0
30240,1,27,23.4,36,33,2.1446,4.95588,0,0,0,0,0,0,0,0,0,0,0, 0,0,0,0,0,14,0,0,0,0
30240,2,289,-56.5,68,32,-8.50564,5.62976,0,0,0,0,0,0,0,0,0,0,0, 0,0,0,0,0,14,0,0,0,0
30240,3,239,-55.4,72,32,-8.88987,6.13271,0,0,0,0,0,0,0,0,0,0,0, 0,0,0,0,0,14,0,0,0,0
30240,4,153,-51.6,76,32,-8.93411,7.08108,0,0,0,0,0,0,0,0,0,0,0, 0,0,0,0,0,14,0,0,0,0
30240,5,110,-45,80,32,-8.48528,8.48528,0,0,0,0,0,0,0,0,0,0,0, 0,0,0,0,0,14,0,0,0,0
30240,6,88,-43.6,84,32,-8.68921,9.12457,0,0,0,0,0,0,0,0,0,0,0, 0,0,0,0,0,14,0,0,0,0
30240,7,139,-58.4,60,32,-7.66554,4.71587,0,0,0,0,0,0,0,0,0,0,0, 0,0,0,0,0,14,0,0,0,0
30280,0,245,-57.4,64,32,-8.08754,5.1722,0,0,0,0,0,0,0,0,0,0,0, 0,0,0,0,0,15,0,0,0,0
30280,1,289,-56.5,68,32,-8.50564,5.62976,0,0,0,0,0,0,0,0,0,0,0, 0,0,0,0,0,15,0,0,0,0
30280,2,24,25.6,40,32.75,2.59251,5.411,0,0,0,0,0,0,0,0,0,0,0, 0,0,0,0,0,15,0,0,0,0
30280,3,237,-55.4,72,32,-8.88987,6.13271,0,0,0,0,0,0,0,0,0,0,0, 0,0,0,0,0,15,0,0,0,0
30280,4,149,-53.4,76,32,-9.15212,6.79696,0,0,0,0,0,0,0,0,0,0,0, 0,0,0,0,0,15,0,0,0,0
30280,5,103,-45,80,32,-8.48528,8.48528,0,0,0,0,0,0,0,0,0,0,0, 0,0,0,0,0,15,0,0,0,0
30280,6,140,-57.4,60,32,-7.58207,4.84894,0,0,0,0,0,0,0,0,0,0,0, 0,0,0,0,0,15,0,0,0,0
30320,0,246,-57.4,64,32,-8.08754,5.1722,0,0,0,0,0,0,0,0,0,0,0, 0,0,0,0,0,0,0,0,0,0
30320,1,288,-56.5,68,32,-8.50564,5.62976,0,0,0,0,0,0,0,0,0,0,0, 0,0,0,0,0,0,0,0,0,0
30320,2,238,-56.5,72,32,-9.00597,5.96092,0,0,0,0,0,0,0,0,0,0,0, 0,0,0,0,0,0,0,0,0,0
30320,3,151,-54.4,76,32,-9.26935,6.6362,0,0,0,0,0,0,0,0,0,0,0, 0,0,0,0,0,0,0,0,0,0
30320,4,106,-46.7,80,32,-8.73327,8.22982,0,0,0,0,0,0,0,0,0,0,0, 0,0,0,0,0,0,0,0,0,0
30320,5,87,-46.7,84,32,-9.16994,8.64131,0,0,0,0,0,0,0,0,0,0,0, 0,0,0,0,0,0,0,0,0,0
30320,6,139,-58.4,60,32,-7.66554,4.71587,0,0,0,0,0,0,0,0,0,0,0, 0,0,0,0,0,0,0,0,0,0
30360,0,247,-58.4,64,32,-8.17658,5.03026,0,0,0,0,0,0,0,0,0,0,0, 0,0,0,0,0,1,0,0,0,0
30360,1,25,25.9,36,33,2.35873,4.85761,0,0,0,0,0,0,0,0,0,0,0, 0,0,0,0,0,1,0,0,0,0
30360,2,288,-56.5,68,32,-8.50564,5.62976,0,0,0,0,0,0,0,0,0,0,0, 0,0,0,0,0,1,0,0,0,0
30360,3,21,1.3,132,30.75,0.449209,19.7949,0,0,0,0,0,0,0,0,0,0,0, 0,0,0,0,0,1,0,0,0,0
30360,4,239,-56.5,72,32,-9.00597,5.96092,0,0,0,0,0,0,0,0,0,0,0, 0,0,0,0,0,1,0,0,0,0
30360,5,150,-53.4,76,32,-9.15212,6.79696,0,0,0,0,0,0,0,0,0,0,0, 0,0,0,0,0,1,0,0,0,0
30360,6,101,-45.9,80,32,-8.61752,8.35095,0,0,0,0,0,0,0,0,0,0,0, 0,0,0,0,0,1,0,0,0,0
30360,7,139,-58.4,60,32,-7.66554,4.71587,0,0,0,0,0,0,0,0,0,0,0, 0,0,0,0,0,1,0,0,0,0
30400,0,245,-57.4,64,32,-8.08754,5.1722,0,0,0,0,0,0,0,0,0,0,0, 0,0,0,0,0,2,0,0,0,0
30400,1,53,3.1,128,30.75,1.03831,19.1719,0,0,0,0,0,0,0,0,0,0,0, 0,0,0,0,0,2,0,0,0,0
30400,2,35,25.9,36,32.75,2.35873,4.85761,0,0,0,0,0,0,0,0,0,0,0, 0,0,0,0,0,2,0,0,0,0
30400,3,40,25.6,36,33.25,2.33326,4.8699,0,0,0,0,0,0,0,0,0,0,0, 0,0,0,0,0,2,0,0,0,0
30400,4,289,-56.5,68,32,-8.50564,5.62976,0,0,0,0,0,0,0,0,0,0,0, 0,0,0,0,0,2,0,0,0,0
30400,5,12,-41.1,484,50.75,-47.7254,54.7087,0,0,0,0,0,0,0,0,0,0,0, 0,0,0,0,0,2,0,0,0,0
30400,6,239,-56.5,72,32,-9.00597,5.96092,0,0,0,0,0,0,0,0,0,0,0, 0,0,0,0,0,2,0,0,0,0
30400,7,151,-54.4,76,32,-9.26935,6.6362,0,0,0,0,0,0,0,0,0,0,0, 0,0,0,0,0,2,0,0,0,0
30400,8,26,-7.8,108,31.25,-2.19859,16.0501,0,0,0,0,0,0,0,0,0,0,0, 0,0,0,0,0,2,0,0,0,0
30400,9,102,-53.4,80,32,-9.63381,7.1547,0,0,0,0,0,0,0,0,0,0,0, 0,0,0,0,0,2,0,0,0,0
30400,10,142,-57.4,60,32,-7.58207,4.84894,0,0,0,0,0,0,0,0,0,0,0, 0,0,0,0,0,2,0,0,0,0
30440,0,247,-57.4,64,32,-8.08754,5.1722,0,0,0,0,0,0,0,0,0,0,0, 0,0,0,0,0,3,0,0,0,0
30440,1,291,-56.5,68,32,-8.50564,5.62976,0,0,0,0,0,0,0,0,0,0,0, 0,0,0,0,0,3,0,0,0,0
30440,2,26,25.6,40,33,2.59251,5.411,0,0,0,0,0,0,0,0,0,0,0, 0,0,0,0,0,3,0,0,0,0
30440,3,240,-56.5,72,32,-9.00597,5.96092,0,0,0,0,0,0,0,0,0,0,0, 0,0,0,0,0,3,0,0,0,0
30440,4,148,-54.4,76,32,-9.26935,6.6362,0,0,0,0,0,0,0,0,0,0,0, 0,0,0,0,0,3,0,0,0,0
30440,5,99,-48,80,32,-8.91774,8.02957,0,0,0,0,0,0,0,0,0,0,0, 0,0,0,0,0,3,0,0,0,0
30440,6,25,-1.2,116,30.75,-0.364398,17.3962,0,0,0,0,0,0,0,0,0,0,0, 0,0,0,0,0,3,0,0,0,0
30440,7,139,-58.4,60,32,-7.66554,4.71587,0,0,0,0,0,0,0,0,0,0,0, 0,0,0,0,0,3,0,0,0,0
30480,0,246,-57.4,64,32,-8.08754,5.1722,0,0,0,0,0,0,0,0,0,0,0, 0,0,0,0,0,4,0,0,0,0
30480,1,290,-56.5,68,32,-8.50564,5.62976,0,0,0,0,0,0,0,0,0,0,0, 0,0,0,0,0,4,0,0,0,0
30480,2,35,2.4,132,30.75,0.829138,19.7826,0,0,0,0,0,0,0,0,0,0,0, 0,0,0,0,0,4,0,0,0,0
30480,3,241,-55.4,72,32,-8.88987,6.13271,0,0,0,0,0,0,0,0,0,0,0, 0,0,0,0,0,4,0,0,0,0
30480,4,152,-53.4,76,32,-9.15212,6.79696,0,0,0,0,0,0,0,0,0,0,0, 0,0,0,0,0,4,0,0,0,0
30480,5,102,-49.8,80,32,-9.16555,7.74549,0,0,0,0,0,0,0,0,0,0,0, 0,0,0,0,0,4,0,0,0,0
30480,6,32,6.6,120,30.75,2.06887,17.8807,0,0,0,0,0,0,0,0,0,0,0, 0,0,0,0,0,4,0,0,0,0
30480,7,138,-58.4,60,32,-7.66554,4.71587,0,0,0,0,0,0,0,0,0,0,0, 0,0,0,0,0,4,0,0,0,0
30480,8,34,7.8,124,30.75,2.52431,18.4279,0,0,0,0,0,0,0,0,0,0,0, 0,0,0,0,0,4,0,0,0,0
30520,0,245,-58.4,64,32,-8.17658,5.03026,0,0,0,0,0,0,0,0,0,0,0, 0,0,0,0,0,5,0,0,0,0
30520,1,289,-57.4,68,32,-8.59301,5.49546,0,0,0,0,0,0,0,0,0,0,0, 0,0,0,0,0,5,0,0,0,0
30520,2,240,-56.5,72,32,-9.00597,5.96092,0,0,0,0,0,0,0,0,0,0,0, 0,0,0,0,0,5,0,0,0,0
30520,3,149,-53.4,76,32,-9.15212,6.79696,0,0,0,0,0,0,0,0,0,0,0, 0,0,0,0,0,5,0,0,0,0
30520,4,100,-46.7,80,32,-8.73327,8.22982,0,0,0,0,0,0,0,0,0,0,0, 0,0,0,0,0,5,0,0,0,0
30520,5,141,-60.3,60,32,-7.81768,4.45913,0,0,0,0,0,0,0,0,0,0,0, 0,0,0,0,0,5,0,0,0,0
30520,6,28,4.8,124,30.75,1.55641,18.5348,0,0,0,0,0,0,0,0,0,0,0, 0,0,0,0,0,5,0,0,0,0
30560,0,247,-58.4,64,32,-8.17658,5.03026,0,0,0,0,0,0,0,0,0,0,0, 0,0,0,0,0,6,0,0,0,0
30560,1,41,26.6,36,33,2.4179,4.82843,0,0,0,0,0,0,0,0,0,0,0, 0,0,0,0,0,6,0,0,0,0
30560,2,291,-57.4,68,32,-8.59301,5.49546,0,0,0,0,0,0,0,0,0,0,0, 0,0,0,0,0,6,0,0,0,0
30560,3,241,-56.5,72,32,-9.00597,5.96092,0,0,0,0,0,0,0,0,0,0,0, 0,0,0,0,0,6,0,0,0,0
30560,4,154,-54.4,76,32,-9.26935,6.6362,0,0,0,0,0,0,0,0,0,0,0, 0,0,0,0,0,6,0,0,0,0
30560,5,104,-49.8,80,32,-9.16555,7.74549,0,0,0,0,0,0,0,0,0,0,0, 0,0,0,0,0,6,0,0,0,0
30560,6,139,-58.4,60,32,-7.66554,4.71587,0,0,0,0,0,0,0,0,0,0,0, 0,0,0,0,0,6,0,0,0,0
30600,0,248,-58.4,64,32,-8.17658,5.03026,0,0,0,0,0,0,0,0,0,0,0, 0,0,0,0,0,7,0,0,0,0
30600,1,292,-57.4,68,32,-8.59301,5.49546,0,0,0,0,0,0,0,0,0,0,0, 0,0,0,0,0,7,0,0,0,0
30600,2,242,-56.5,72,32,-9.00597,5.96092,0,0,0,0,0,0,0,0,0,0,0, 0,0,0,0,0,7,0,0,0,0
30600,3,151,-53.4,76,32,-9.15212,6.79696,0,0,0,0,0,0,0,0,0,0,0, 0,0,0,0,0,7,0,0,0,0
30600,4,104,-45.9,80,32,-8.61752,8.35095,0,0,0,0,0,0,0,0,0,0,0, 0,0,0,0,0,7,0,0,0,0
30600,5,141,-59.4,60,32,-7.74668,4.58137,0,0,0,0,0,0,0,0,0,0,0, 0,0,0,0,0,7,0,0,0,0
30640,0,249,-57.4,64,32,-8.08754,5.1722,0,0,0,0,0,0,0,0,0,0,0, 0,0,0,0,0,8,0,0,0,0
30640,1,45,-5.4,128,31.5,-1.80688,19.1148,0,0,0,0,0,0,0,0,0,0,0, 0,0,0,0,0,8,0,0,0,0
30640,2,293,-56.5,68,32,-8.50564,5.62976,0,0,0,0,0,0,0,0,0,0,0, 0,0,0,0,0,8,0,0,0,0
30640,3,47,67.6,8,33,1.10946,0.457284,0,0,0,0,0,0,0,0,0,0,0, 0,0,0,0,0,8,0,0,0,0
30640,4,242,-55.4,72,32,-8.88987,6.13271,0,0,0,0,0,0,0,0,0,0,0, 0,0,0,0,0,8,0,0,0,0
30640,5,157,-51.6,76,32,-8.93411,7.08108,0,0,0,0,0,0,0,0,0,0,0, 0,0,0,0,0,8,0,0,0,0
30640,6,110,-46.7,80,32,-8.73327,8.22982,0,0,0,0,0,0,0,0,0,0,0, 0,0,0,0,0,8,0,0,0,0
30640,7,86,-46.7,84,32,-9.16994,8.64131,0,0,0,0,0,0,0,0,0,0,0, 0,0,0,0,0,8,0,0,0,0
30640,8,140,-58.4,60,32,-7.66554,4.71587,0,0,0,0,0,0,0,0,0,0,0, 0,0,0,0,0,8,0,0,0,0
30680,0,245,-57.4,64,32,-8.08754,5.1722,0,1334,0,0,0,0,0,0,0,0,0, 0,0,0,0,0,9,0,0,0,0
30680,1,288,-56.5,68,32,-8.50564,5.62976,0,1334,0,0,0,0,0,0,0,0,0, 0,0,0,0,0,9,0,0,0,0
30680,2,240,-55.4,72,32,-8.88987,6.13271,0,1334,0,0,0,0,0,0,0,0,0, 0,0,0,0,0,9,0,0,0,0
30680,3,153,-51.6,76,32,-8.93411,7.08108,0,1334,0,0,0,0,0,0,0,0,0, 0,0,0,0,0,9,0,0,0,0
30680,4,109,-43.6,80,32,-8.27543,8.69006,0,1334,0,0,0,0,0,0,0,0,0, 0,0,0,0,0,9,0,0,0,0
30680,5,86,-44.2,84,32,-8.78428,9.03307,0,1334,0,0,0,0,0,0,0,0,0, 0,0,0,0,0,9,0,0,0,0
30680,6,138,-58.4,60,32,-7.66554,4.71587,0,1334,0,0,0,0,0,0,0,0,0, 0,0,0,0,0,9,0,0,0,0
30720,0,245,-56.5,64,32,-8.0053,5.2986,0,0,0,0,0,0,0,0,0,0,0, 0,0,0,0,0,10,0,0,0,0
30720,1,287,-56.5,68,32,-8.50564,5.62976,0,0,0,0,0,0,0,0,0,0,0, 0,0,0,0,0,10,0,0,0,0
30720,2,240,-55.4,72,32,-8.88987,6.13271,0,0,0,0,0,0,0,0,0,0,0, 0,0,0,0,0,10,0,0,0,0
30720,3,157,-49.8,76,32,-8.70727,7.35822,0,0,0,0,0,0,0,0,0,0,0, 0,0,0,0,0,10,0,0,0,0
30720,4,111,-45,80,32,-8.48528,8.48528,0,0,0,0,0,0,0,0,0,0,0, 0,0,0,0,0,10,0,0,0,0
30720,5,83,-45,84,32,-8.90955,8.90955,0,0,0,0,0,0,0,0,0,0,0, 0,0,0,0,0,10,0,0,0,0
30720,6,36,-4.8,120,31.25,-1.5062,17.9369,0,0,0,0,0,0,0,0,0,0,0, 0,0,0,0,0,10,0,0,0,0
30720,7,138,-58.4,60,32,-7.66554,4.71587,0,0,0,0,0,0,0,0,0,0,0, 0,0,0,0,0,10,0,0,0,0
30760,0,244,-58.4,64,32,-8.17658,5.03026,0,7936,0,0,0,0,0,0,0,0,0, 0,0,0,0,0,11,0,0,0,0
30760,1,287,-57.4,68,32,-8.59301,5.49546,0,7936,0,0,0,0,0,0,0,0,0, 0,0,0,0,0,11,0,0,0,0
30760,2,39,71.1,8,33,1.1353,0.388701,0,7936,0,0,0,0,0,0,0,0,0, 0,0,0,0,0,11,0,0,0,0
30760,3,238,-56.5,72,32,-9.00597,5.96092,0,7936,0,0,0,0,0,0,0,0,0, 0,0,0,0,0,11,0,0,0,0
30760,4,153,-53.4,76,32,-9.15212,6.79696,0,7936,0,0,0,0,0,0,0,0,0, 0,0,0,0,0,11,0,0,0,0
30760,5,106,-45.9,80,32,-8.61752,8.35095,0,7936,0,0,0,0,0,0,0,0,0, 0,0,0,0,0,11,0,0,0,0
30760,6,83,-45.9,84,32,-9.04839,8.7685,0,7936,0,0,0,0,0,0,0,0,0, 0,0,0,0,0,11,0,0,0,0
30760,7,140,-58.4,60,32,-7.66554,4.71587,0,7936,0,0,0,0,0,0,0,0,0, 0,0,0,0,0,11,0,0,0,0
30800,0,245,-58.4,64,32,-8.17658,5.03026,0,1140,0,0,0,0,0,0,0,0,0, 0,0,0,0,0,12,0,0,0,0
30800,1,289,-57.4,68,32,-8.59301,5.49546,0,1140,0,0,0,0,0,0,0,0,0, 0,0,0,0,0,12,0,0,0,0
30800,2,33,1.8,132,32.25,0.621933,19.7902,0,1140,0,0,0,0,0,0,0,0,0, 0,0,0,0,0,12,0,0,0,0
30800,3,242,-55.4,72,32,-8.88987,6.13271,0,1140,0,0,0,0,0,0,0,0,0, 0,0,0,0,0,12,0,0,0,0
30800,4,154,-51.6,76,32,-8.93411,7.08108,0,1140,0,0,0,0,0,0,0,0,0, 0,0,0,0,0,12,0,0,0,0
30800,5,108,-46.7,80,32,-8.73327,8.22982,0,1140,0,0,0,0,0,0,0,0,0, 0,0,0,0,0,12,0,0,0,0
30800,6,82,-51.6,84,32,-9.87454,7.82646,0,1140,0,0,0,0,0,0,0,0,0, 0,0,0,0,0,12,0,0,0,0
30800,7,139,-57.4,60,32,-7.58207,4.84894,0,1140,0,0,0,0,0,0,0,0,0, 0,0,0,0,0,12,0,0,0,0
30840,0,247,-57.4,64,32,-8.08754,5.1722,0,87,0,0,0,0,0,0,0,0,0, 0,0,0,0,0,13,0,0,0,0
30840,1,290,-56.5,68,32,-8.50564,5.62976,0,87,0,0,0,0,0,0,0,0,0, 0,0,0,0,0,13,0,0,0,0
30840,2,241,-55.4,72,32,-8.88987,6.13271,0,87,0,0,0,0,0,0,0,0,0, 0,0,0,0,0,13,0,0,0,0
30840,3,152,-51.6,76,32,-8.93411,7.08108,0,87,0,0,0,0,0,0,0,0,0, 0,0,0,0,0,13,0,0,0,0
30840,4,107,-45,80,32,-8.48528,8.48528,0,87,0,0,0,0,0,0,0,0,0, 0,0,0,0,0,13,0,0,0,0
30840,5,31,0.1,112,31.75,0.0293215,16.8,0,87,0,0,0,0,0,0,0,0,0, 0,0,0,0,0,13,0,0,0,0
30840,6,84,-44.2,84,32,-8.78428,9.03307,0,87,0,0,0,0,0,0,0,0,0, 0,0,0,0,0,13,0,0,0,0
30840,7,138,-60.3,60,32,-7.81768,4.45913,0,87,0,0,0,0,0,0,0,0,0, 0,0,0,0,0,13,0,0,0,0
30880,0,35,30.2,32,33,2.4145,4.14852,0,0,0,0,0,0,0,0,0,0,0, 0,0,0,0,0,14,0,0,0,0
30880,1,243,-58.4,64,32,-8.17658,5.03026,0,0,0,0,0,0,0,0,0,0,0, 0,0,0,0,0,14,0,0,0,0
30880,2,41,-1.2,128,31.75,-0.402095,19.1958,0,0,0,0,0,0,0,0,0,0,0, 0,0,0,0,0,14,0,0,0,0
30880,3,23,31.8,36,33,2.84556,4.58942,0,0,0,0,0,0,0,0,0,0,0, 0,0,0,0,0,14,0,0,0,0
30880,4,288,-56.5,68,32,-8.50564,5.62976,0,0,0,0,0,0,0,0,0,0,0, 0,0,0,0,0,14,0,0,0,0
30880,5,42,0.6,132,32.25,0.207341,19.7989,0,0,0,0,0,0,0,0,0,0,0, 0,0,0,0,0,14,0,0,0,0
30880,6,241,-55.4,72,32,-8.88987,6.13271,0,0,0,0,0,0,0,0,0,0,0, 0,0,0,0,0,14,0,0,0,0
30880,7,18,2.4,136,30.75,0.854263,20.3821,0,0,0,0,0,0,0,0,0,0,0, 0,0,0,0,0,14,0,0,0,0
30880,8,154,-51.6,76,32,-8.93411,7.08108,0,0,0,0,0,0,0,0,0,0,0, 0,0,0,0,0,14,0,0,0,0
30880,9,107,-46.7,80,32,-8.73327,8.22982,0,0,0,0,0,0,0,0,0,0,0, 0,0,0,0,0,14,0,0,0,0
30880,10,137,-59.4,60,32,-7.74668,4.58137,0,0,0,0,0,0,0,0,0,0,0, 0,0,0,0,0,14,0,0,0,0
30920,0,244,-58.4,64,32,-8.17658,5.03026,0,0,0,0,0,0,0,0,0,0,0, 0,0,0,0,0,15,0,0,0,0
30920,1,34,29.8,36,32.75,2.68366,4.68593,0,0,0,0,0,0,0,0,0,0,0, 0,0,0,0,0,15,0,0,0,0
30920,2,36,30.2,36,33,2.71631,4.66708,0,0,0,0,0,0,0,0,0,0,0, 0,0,0,0,0,15,0,0,0,0
30920,3,288,-56.5,68,32,-8.50564,5.62976,0,0,0,0,0,0,0,0,0,0,0, 0,0,0,0,0,15,0,0,0,0
30920,4,36,69.6,8,33,1.12474,0.418287,0,0,0,0,0,0,0,0,0,0,0, 0,0,0,0,0,15,0,0,0,0
30920,5,239,-54.4,72,32,-8.78149,6.28693,0,0,0,0,0,0,0,0,0,0,0, 0,0,0,0,0,15,0,0,0,0
30920,6,153,-49.8,76,32,-8.70727,7.35822,0,0,0,0,0,0,0,0,0,0,0, 0,0,0,0,0,15,0,0,0,0
30920,7,106,-46.7,80,32,-8.73327,8.22982,0,0,0,0,0,0,0,0,0,0,0, 0,0,0,0,0,15,0,0,0,0
30920,8,137,-58.4,60,32,-7.66554,4.71587,0,0,0,0,0,0,0,0,0,0,0, 0,0,0,0,0,15,0,0,0,0
30960,0,244,-57.4,64,32,-8.08754,5.1722,0,0,0,0,0,0,0,0,0,0,0, 0,0,0,0,0,0,0,0,0,0
30960,1,289,-55.4,68,32,-8.39599,5.79201,0,0,0,0,0,0,0,0,0,0,0, 0,0,0,0,0,0,0,0,0,0
30960,2,242,-54.4,72,32,-8.78149,6.28693,0,0,0,0,0,0,0,0,0,0,0, 0,0,0,0,0,0,0,0,0,0
30960,3,161,-49.8,76,32,-8.70727,7.35822,0,0,0,0,0,0,0,0,0,0,0, 0,0,0,0,0,0,0,0,0,0
30960,4,114,-45,80,32,-8.48528,8.48528,0,0,0,0,0,0,0,0,0,0,0, 0,0,0,0,0,0,0,0,0,0
30960,5,89,-43.6,84,32,-8.68921,9.12457,0,0,0,0,0,0,0,0,0,0,0, 0,0,0,0,0,0,0,0,0,0
30960,6,138,-58.4,60,32,-7.66554,4.71587,0,0,0,0,0,0,0,0,0,0,0, 0,0,0,0,0,0,0,0,0,0
30960,7,54,-6,124,30.75,-1.94423,18.4981,0,0,0,0,0,0,0,0,0,0,0, 0,0,0,0,0,0,0,0,0,0
30960,8,63,-6,124,31,-1.94423,18.4981,0,0,0,0,0,0,0,0,0,0,0, 0,0,0,0,0,0,0,0,0,0
30960,9,30,-6,124,32.25,-1.94423,18.4981,0,0,0,0,0,0,0,0,0,0,0, 0,0,0,0,0,0,0,0,0,0
31000,0,245,-57.4,64,32,-8.08754,5.1722,0,0,0,0,0,0,0,0,0,0,0, 0,0,0,0,0,1,0,0,0,0
31000,1,291,-56.5,68,32,-8.50564,5.62976,0,0,0,0,0,0,0,0,0,0,0, 0,0,0,0,0,1,0,0,0,0
31000,2,33,2.4,132,30.75,0.829138,19.7826,0,0,0,0,0,0,0,0,0,0,0, 0,0,0,0,0,1,0,0,0,0
31000,3,245,-55.4,72,32,-8.88987,6.13271,0,0,0,0,0,0,0,0,0,0,0, 0,0,0,0,0,1,0,0,0,0
31000,4,158,-49.8,76,32,-8.70727,7.35822,0,0,0,0,0,0,0,0,0,0,0, 0,0,0,0,0,1,0,0,0,0
31000,5,114,-44.2,80,32,-8.36598,8.60293,0,0,0,0,0,0,0,0,0,0,0, 0,0,0,0,0,1,0,0,0,0
31000,6,88,-42.9,84,32,-8.57708,9.23004,0,0,0,0,0,0,0,0,0,0,0, 0,0,0,0,0,1,0,0,0,0
31000,7,26,-7.2,120,30.75,-2.256,17.8581,0,0,0,0,0,0,0,0,0,0,0, 0,0,0,0,0,1,0,0,0,0
31000,8,140,-58.4,60,32,-7.66554,4.71587,0,0,0,0,0,0,0,0,0,0,0, 0,0,0,0,0,1,0,0,0,0
31040,0,247,-56.5,64,32,-8.0053,5.2986,0,0,0,0,0,0,0,0,0,0,0, 0,0,0,0,0,2,0,0,0,0
31040,1,293,-55.4,68,32,-8.39599,5.79201,0,0,0,0,0,0,0,0,0,0,0, 0,0,0,0,0,2,0,0,0,0
31040,2,246,-54.4,72,32,-8.78149,6.28693,0,0,0,0,0,0,0,0,0,0,0, 0,0,0,0,0,2,0,0,0,0
31040,3,166,-48,76,32,-8.47185,7.62809,0,0,0,0,0,0,0,0,0,0,0, 0,0,0,0,0,2,0,0,0,0
31040,4,119,-45,80,32,-8.48528,8.48528,0,0,0,0,0,0,0,0,0,0,0, 0,0,0,0,0,2,0,0,0,0
31040,5,90,-44.2,84,32,-8.78428,9.03307,0,0,0,0,0,0,0,0,0,0,0, 0,0,0,0,0,2,0,0,0,0
31040,6,140,-57.4,60,32,-7.58207,4.84894,0,0,0,0,0,0,0,0,0,0,0, 0,0,0,0,0,2,0,0,0,0
31080,0,247,-57.4,64,32,-8.08754,5.1722,0,0,0,0,0,0,0,0,0,0,0, 0,0,0,0,0,3,0,0,0,0
31080,1,295,-56.5,68,32,-8.50564,5.62976,0,0,0,0,0,0,0,0,0,0,0, 0,0,0,0,0,3,0,0,0,0
31080,2,26,-13.8,132,30.75,-4.72296,19.2285,0,0,0,0,0,0,0,0,0,0,0, 0,0,0,0,0,3,0,0,0,0
31080,3,41,66.6,8,33,1.10131,0.476577,0,0,0,0,0,0,0,0,0,0,0, 0,0,0,0,0,3,0,0,0,0
31080,4,246,-55.4,72,32,-8.88987,6.13271,0,0,0,0,0,0,0,0,0,0,0, 0,0,0,0,0,3,0,0,0,0
31080,5,162,-48,76,32,-8.47185,7.62809,0,0,0,0,0,0,0,0,0,0,0, 0,0,0,0,0,3,0,0,0,0
31080,6,120,-42.3,80,32,-8.07615,8.87557,0,0,0,0,0,0,0,0,0,0,0, 0,0,0,0,0,3,0,0,0,0
31080,7,95,-39.9,84,32,-8.08227,9.66628,0,0,0,0,0,0,0,0,0,0,0, 0,0,0,0,0,3,0,0,0,0
31080,8,141,-57.4,60,32,-7.58207,4.84894,0,0,0,0,0,0,0,0,0,0,0, 0,0,0,0,0,3,0,0,0,0
31080,9,37,-1.8,124,30.75,-0.58424,18.5908,0,0,0,0,0,0,0,0,0,0,0, 0,0,0,0,0,3,0,0,0,0
31120,0,245,-56.5,64,32,-8.0053,5.2986,0,0,0,0,0,0,0,0,0,0,0, 0,0,0,0,0,4,0,0,0,0
31120,1,291,-56.5,68,32,-8.50564,5.62976,0,0,0,0,0,0,0,0,0,0,0, 0,0,0,0,0,4,0,0,0,0
31120,2,242,-54.4,72,32,-8.78149,6.28693,0,0,0,0,0,0,0,0,0,0,0, 0,0,0,0,0,4,0,0,0,0
31120,3,162,-48,76,32,-8.47185,7.62809,0,0,0,0,0,0,0,0,0,0,0, 0,0,0,0,0,4,0,0,0,0
31120,4,121,-42.3,80,32,-8.07615,8.87557,0,0,0,0,0,0,0,0,0,0,0, 0,0,0,0,0,4,0,0,0,0
31120,5,98,-40.5,84,32,-8.18305,9.58112,0,0,0,0,0,0,0,0,0,0,0, 0,0,0,0,0,4,0,0,0,0
31120,6,140,-57.4,60,32,-7.58207,4.84894,0,0,0,0,0,0,0,0,0,0,0, 0,0,0,0,0,4,0,0,0,0
31160,0,27,30.6,32,33,2.4434,4.13156,0,0,0,0,0,0,0,0,0,0,0, 0,0,0,0,0,5,0,0,0,0
31160,1,248,-57.4,64,32,-8.08754,5.1722,0,0,0,0,0,0,0,0,0,0,0, 0,0,0,0,0,5,0,0,0,0
31160,2,292,-56.5,68,32,-8.50564,5.62976,0,0,0,0,0,0,0,0,0,0,0, 0,0,0,0,0,5,0,0,0,0
31160,3,243,-55.4,72,32,-8.88987,6.13271,0,0,0,0,0,0,0,0,0,0,0, 0,0,0,0,0,5,0,0,0,0
31160,4,157,-48,76,32,-8.47185,7.62809,0,0,0,0,0,0,0,0,0,0,0, 0,0,0,0,0,5,0,0,0,0
31160,5,115,-41.7,80,32,-7.98276,8.95966,0,0,0,0,0,0,0,0,0,0,0, 0,0,0,0,0,5,0,0,0,0
31160,6,98,-38.7,84,32,-7.87806,9.83342,0,0,0,0,0,0,0,0,0,0,0, 0,0,0,0,0,5,0,0,0,0
31160,7,141,-58.4,60,32,-7.66554,4.71587,0,0,0,0,0,0,0,0,0,0,0, 0,0,0,0,0,5,0,0,0,0
31200,0,248,-56.5,64,32,-8.0053,5.2986,0,0,0,0,0,0,0,0,0,0,0, 0,0,0,0,0,6,0,0,0,0
31200,1,291,-56.5,68,32,-8.50564,5.62976,0,0,0,0,0,0,0,0,0,0,0, 0,0,0,0,0,6,0,0,0,0
31200,2,243,-54.4,72,32,-8.78149,6.28693,0,0,0,0,0,0,0,0,0,0,0, 0,0,0,0,0,6,0,0,0,0
31200,3,161,-48,76,32,-8.47185,7.62809,0,0,0,0,0,0,0,0,0,0,0, 0,0,0,0,0,6,0,0,0,0
31200,4,122,-41.7,80,32,-7.98276,8.95966,0,0,0,0,0,0,0,0,0,0,0, 0,0,0,0,0,6,0,0,0,0
31200,5,105,-39.3,84,32,-7.9806,9.75039,0,0,0,0,0,0,0,0,0,0,0, 0,0,0,0,0,6,0,0,0,0
31200,6,140,-56.5,60,32,-7.50497,4.96743,0,0,0,0,0,0,0,0,0,0,0, 0,0,0,0,0,6,0,0,0,0
31240,0,247,-56.5,64,32,-8.0053,5.2986,0,0,0,0,0,0,0,0,0,0,0, 0,0,0,0,0,7,0,0,0,0
31240,1,292,-56.5,68,32,-8.50564,5.62976,0,0,0,0,0,0,0,0,0,0,0, 0,0,0,0,0,7,0,0,0,0
31240,2,242,-55.4,72,32,-8.88987,6.13271,0,0,0,0,0,0,0,0,0,0,0, 0,0,0,0,0,7,0,0,0,0
31240,3,154,-48,76,32,-8.47185,7.62809,0,0,0,0,0,0,0,0,0,0,0, 0,0,0,0,0,7,0,0,0,0
31240,4,120,-40.5,80,32,-7.79338,9.12487,0,0,0,0,0,0,0,0,0,0,0, 0,0,0,0,0,7,0,0,0,0
31240,5,109,-37,84,32,-7.58287,10.0628,0,0,0,0,0,0,0,0,0,0,0, 0,0,0,0,0,7,0,0,0,0
31240,6,138,-57.4,60,32,-7.58207,4.84894,0,0,0,0,0,0,0,0,0,0,0, 0,0,0,0,0,7,0,0,0,0
31280,0,248,-56.5,64,32,-8.0053,5.2986,0,0,0,0,0,0,0,0,0,0,0, 0,0,0,0,0,8,0,0,0,0
31280,1,291,-56.5,68,32,-8.50564,5.62976,0,0,0,0,0,0,0,0,0,0,0, 0,0,0,0,0,8,0,0,0,0
31280,2,242,-55.4,72,32,-8.88987,6.13271,0,0,0,0,0,0,0,0,0,0,0, 0,0,0,0,0,8,0,0,0,0
31280,3,156,-49.8,76,32,-8.70727,7.35822,0,0,0,0,0,0,0,0,0,0,0, 0,0,0,0,0,8,0,0,0,0
31280,4,119,-41.7,80,32,-7.98276,8.95966,0,0,0,0,0,0,0,0,0,0,0, 0,0,0,0,0,8,0,0,0,0
31280,5,99,-39.3,84,32,-7.9806,9.75039,0,0,0,0,0,0,0,0,0,0,0, 0,0,0,0,0,8,0,0,0,0
31280,6,139,-58.4,60,32,-7.66554,4.71587,0,0,0,0,0,0,0,0,0,0,0, 0,0,0,0,0,8,0,0,0,0
31320,0,247,-56.5,64,32,-8.0053,5.2986,0,1334,0,0,0,0,0,0,0,0,0, 0,0,0,0,0,9,0,0,0,0
31320,1,292,-55.4,68,32,-8.39599,5.79201,0,1334,0,0,0,0,0,0,0,0,0, 0,0,0,0,0,9,0,0,0,0
31320,2,244,-55.4,72,32,-8.88987,6.13271,0,1334,0,0,0,0,0,0,0,0,0, 0,0,0,0,0,9,0,0,0,0
31320,3,162,-48,76,32,-8.47185,7.62809,0,1334,0,0,0,0,0,0,0,0,0, 0,0,0,0,0,9,0,0,0,0
31320,4,120,-42.9,80,32,-8.16865,8.79051,0,1334,0,0,0,0,0,0,0,0,0, 0,0,0,0,0,9,0,0,0,0
31320,5,95,-41.1,84,32,-8.28293,9.4949,0,1334,0,0,0,0,0,0,0,0,0, 0,0,0,0,0,9,0,0,0,0
31320,6,35,-4.2,120,31.75,-1.31829,17.9517,0,1334,0,0,0,0,0,0,0,0,0, 0,0,0,0,0,9,0,0,0,0
31320,7,139,-57.4,60,32,-7.58207,4.84894,0,1334,0,0,0,0,0,0,0,0,0, 0,0,0,0,0,9,0,0,0,0
31360,0,246,-56.5,64,32,-8.0053,5.2986,0,0,0,0,0,0,0,0,0,0,0, 0,0,0,0,0,10,0,0,0,0
31360,1,292,-56.5,68,32,-8.50564,5.62976,0,0,0,0,0,0,0,0,0,0,0, 0,0,0,0,0,10,0,0,0,0
31360,2,241,-55.4,72,32,-8.88987,6.13271,0,0,0,0,0,0,0,0,0,0,0, 0,0,0,0,0,10,0,0,0,0
31360,3,155,-49.8,76,32,-8.70727,7.35822,0,0,0,0,0,0,0,0,0,0,0, 0,0,0,0,0,10,0,0,0,0
31360,4,113,-42.3,80,32,-8.07615,8.87557,0,0,0,0,0,0,0,0,0,0,0, 0,0,0,0,0,10,0,0,0,0
31360,5,94,-39.3,84,32,-7.9806,9.75039,0,0,0,0,0,0,0,0,0,0,0, 0,0,0,0,0,10,0,0,0,0
31360,6,138,-58.4,60,32,-7.66554,4.71587,0,0,0,0,0,0,0,0,0,0,0, 0,0,0,0,0,10,0,0,0,0
31360,7,39,-1.2,124,31.5,-0.389529,18.5959,0,0,0,0,0,0,0,0,0,0,0, 0,0,0,0,0,10,0,0,0,0
31400,0,244,-57.4,64,32,-8.08754,5.1722,0,7936,0,0,0,0,0,0,0,0,0, 0,0,0,0,0,11,0,0,0,0
31400,1,288,-56.5,68,32,-8.50564,5.62976,0,7936,0,0,0,0,0,0,0,0,0, 0,0,0,0,0,11,0,0,0,0
31400,2,241,-55.4,72,32,-8.88987,6.13271,0,7936,0,0,0,0,0,0,0,0,0, 0,0,0,0,0,11,0,0,0,0
31400,3,157,-49.8,76,32,-8.70727,7.35822,0,7936,0,0,0,0,0,0,0,0,0, 0,0,0,0,0,11,0,0,0,0
31400,4,114,-43.6,80,32,-8.27543,8.69006,0,7936,0,0,0,0,0,0,0,0,0, 0,0,0,0,0,11,0,0,0,0
31400,5,95,-41.7,84,32,-8.3819,9.40764,0,7936,0,0,0,0,0,0,0,0,0, 0,0,0,0,0,11,0,0,0,0
31400,6,139,-58.4,60,32,-7.66554,4.71587,0,7936,0,0,0,0,0,0,0,0,0, 0,0,0,0,0,11,0,0,0,0
31440,0,39,36.4,32,33,2.84841,3.86349,0,1140,0,0,0,0,0,0,0,0,0, 0,0,0,0,0,12,0,0,0,0
31440,1,244,-57.4,64,32,-8.08754,5.1722,0,1140,0,0,0,0,0,0,0,0,0, 0,0,0,0,0,12,0,0,0,0
31440,2,288,-56.5,68,32,-8.50564,5.62976,0,1140,0,0,0,0,0,0,0,0,0, 0,0,0,0,0,12,0,0,0,0
31440,3,240,-55.4,72,32,-8.88987,6.13271,0,1140,0,0,0,0,0,0,0,0,0, 0,0,0,0,0,12,0,0,0,0
31440,4,154,-51.6,76,32,-8.93411,7.08108,0,1140,0,0,0,0,0,0,0,0,0, 0,0,0,0,0,12,0,0,0,0
31440,5,105,-43.6,80,32,-8.27543,8.69006,0,1140,0,0,0,0,0,0,0,0,0, 0,0,0,0,0,12,0,0,0,0
31440,6,37,-8.4,112,31.75,-2.45419,16.6198,0,1140,0,0,0,0,0,0,0,0,0, 0,0,0,0,0,12,0,0,0,0
31440,7,85,-42.3,84,32,-8.47996,9.31935,0,1140,0,0,0,0,0,0,0,0,0, 0,0,0,0,0,12,0,0,0,0
31440,8,140,-58.4,60,32,-7.66554,4.71587,0,1140,0,0,0,0,0,0,0,0,0, 0,0,0,0,0,12,0,0,0,0
31480,0,39,38.6,32,33,2.99462,3.7513,0,87,0,0,0,0,0,0,0,0,0, 0,0,0,0,0,13,0,0,0,0
31480,1,246,-57.4,64,32,-8.08754,5.1722,0,87,0,0,0,0,0,0,0,0,0, 0,0,0,0,0,13,0,0,0,0
31480,2,289,-56.5,68,32,-8.50564,5.62976,0,87,0,0,0,0,0,0,0,0,0, 0,0,0,0,0,13,0,0,0,0
31480,3,42,66.6,8,33,1.10131,0.476577,0,87,0,0,0,0,0,0,0,0,0, 0,0,0,0,0,13,0,0,0,0
31480,4,240,-55.4,72,32,-8.88987,6.13271,0,87,0,0,0,0,0,0,0,0,0, 0,0,0,0,0,13,0,0,0,0
31480,5,153,-51.6,76,32,-8.93411,7.08108,0,87,0,0,0,0,0,0,0,0,0, 0,0,0,0,0,13,0,0,0,0
31480,6,110,-43.6,80,32,-8.27543,8.69006,0,87,0,0,0,0,0,0,0,0,0, 0,0,0,0,0,13,0,0,0,0
31480,7,92,-41.1,84,32,-8.28293,9.4949,0,87,0,0,0,0,0,0,0,0,0, 0,0,0,0,0,13,0,0,0,0
31480,8,139,-57.4,60,32,-7.58207,4.84894,0,87,0,0,0,0,0,0,0,0,0, 0,0,0,0,0,13,0,0,0,0
31520,0,25,38.6,32,33,2.99462,3.7513,0,0,0,0,0,0,0,0,0,0,0, 0,0,0,0,0,14,0,0,0,0
31520,1,246,-56.5,64,32,-8.0053,5.2986,0,0,0,0,0,0,0,0,0,0,0, 0,0,0,0,0,14,0,0,0,0
31520,2,289,-55.4,68,32,-8.39599,5.79201,0,0,0,0,0,0,0,0,0,0,0, 0,0,0,0,0,14,0,0,0,0
31520,3,15,4.8,420,37.25,5.2717,62.779,0,0,0,0,0,0,0,0,0,0,0, 0,0,0,0,0,14,0,0,0,0
31520,4,241,-54.4,72,32,-8.78149,6.28693,0,0,0,0,0,0,0,0,0,0,0, 0,0,0,0,0,14,0,0,0,0
31520,5,157,-49.8,76,32,-8.70727,7.35822,0,0,0,0,0,0,0,0,0,0,0, 0,0,0,0,0,14,0,0,0,0
31520,6,114,-43.6,80,32,-8.27543,8.69006,0,0,0,0,0,0,0,0,0,0,0, 0,0,0,0,0,14,0,0,0,0
31520,7,93,-41.7,84,32,-8.3819,9.40764,0,0,0,0,0,0,0,0,0,0,0, 0,0,0,0,0,14,0,0,0,0
31520,8,140,-56.5,60,32,-7.50497,4.96743,0,0,0,0,0,0,0,0,0,0,0, 0,0,0,0,0,14,0,0,0,0
31520,9,25,-6,124,31.25,-1.94423,18.4981,0,0,0,0,0,0,0,0,0,0,0, 0,0,0,0,0,14,0,0,0,0
31560,0,245,-56.5,64,32,-8.0053,5.2986,0,0,0,0,0,0,0,0,0,0,0, 0,0,0,0,0,15,0,0,0,0
31560,1,289,-56.5,68,32,-8.50564,5.62976,0,0,0,0,0,0,0,0,0,0,0, 0,0,0,0,0,15,0,0,0,0
31560,2,240,-56.5,72,32,-9.00597,5.96092,0,0,0,0,0,0,0,0,0,0,0, 0,0,0,0,0,15,0,0,0,0
31560,3,149,-53.4,76,32,-9.15212,6.79696,0,0,0,0,0,0,0,0,0,0,0, 0,0,0,0,0,15,0,0,0,0
31560,4,104,-43.6,80,32,-8.27543,8.69006,0,0,0,0,0,0,0,0,0,0,0, 0,0,0,0,0,15,0,0,0,0
31560,5,91,-39.9,84,32,-8.08227,9.66628,0,0,0,0,0,0,0,0,0,0,0, 0,0,0,0,0,15,0,0,0,0
31560,6,139,-57.4,60,32,-7.58207,4.84894,0,0,0,0,0,0,0,0,0,0,0, 0,0,0,0,0,15,0,0,0,0
31600,0,248,-56.5,64,32,-8.0053,5.2986,0,0,0,0,0,0,0,0,0,0,0, 0,0,0,0,0,0,0,0,0,0
31600,1,288,-56.5,68,32,-8.50564,5.62976,0,0,0,0,0,0,0,0,0,0,0, 0,0,0,0,0,0,0,0,0,0
31600,2,240,-55.4,72,32,-8.88987,6.13271,0,0,0,0,0,0,0,0,0,0,0, 0,0,0,0,0,0,0,0,0,0
31600,3,28,3.1,136,31.5,1.10321,20.3701,0,0,0,0,0,0,0,0,0,0,0, 0,0,0,0,0,0,0,0,0,0
31600,4,151,-53.4,76,32,-9.15212,6.79696,0,0,0,0,0,0,0,0,0,0,0, 0,0,0,0,0,0,0,0,0,0
31600,5,102,-45.9,80,32,-8.61752,8.35095,0,0,0,0,0,0,0,0,0,0,0, 0,0,0,0,0,0,0,0,0,0
31600,6,81,-42.3,84,32,-8.47996,9.31935,0,0,0,0,0,0,0,0,0,0,0, 0,0,0,0,0,0,0,0,0,0
31600,7,34,37.1,24,33,2.17155,2.8713,0,0,0,0,0,0,0,0,0,0,0, 0,0,0,0,0,0,0,0,0,0
31600,8,138,-57.4,60,32,-7.58207,4.84894,0,0,0,0,0,0,0,0,0,0,0, 0,0,0,0,0,0,0,0,0,0
31640,0,244,-58.4,64,32,-8.17658,5.03026,0,0,0,0,0,0,0,0,0,0,0, 0,0,0,0,0,1,0,0,0,0
31640,1,287,-57.4,68,32,-8.59301,5.49546,0,0,0,0,0,0,0,0,0,0,0, 0,0,0,0,0,1,0,0,0,0
31640,2,237,-57.4,72,32,-9.09849,5.81872,0,0,0,0,0,0,0,0,0,0,0, 0,0,0,0,0,1,0,0,0,0
31640,3,148,-55.4,76,32,-9.38375,6.47342,0,0,0,0,0,0,0,0,0,0,0, 0,0,0,0,0,1,0,0,0,0
31640,4,97,-46.7,80,32,-8.73327,8.22982,0,0,0,0,0,0,0,0,0,0,0, 0,0,0,0,0,1,0,0,0,0
31640,5,28,-3.6,116,31.75,-1.09255,17.3657,0,0,0,0,0,0,0,0,0,0,0, 0,0,0,0,0,1,0,0,0,0
31640,6,47,42.9,24,33,2.4506,2.63715,0,0,0,0,0,0,0,0,0,0,0, 0,0,0,0,0,1,0,0,0,0
31640,7,49,41.9,28,33,2.8049,3.12611,0,0,0,0,0,0,0,0,0,0,0, 0,0,0,0,0,1,0,0,0,0
31640,8,138,-60.3,60,32,-7.81768,4.45913,0,0,0,0,0,0,0,0,0,0,0, 0,0,0,0,0,1,0,0,0,0
31680,0,34,41.9,32,33,3.2056,3.5727,0,0,0,0,0,0,0,0,0,0,0, 0,0,0,0,0,2,0,0,0,0
31680,1,242,-58.4,64,32,-8.17658,5.03026,0,0,0,0,0,0,0,0,0,0,0, 0,0,0,0,0,2,0,0,0,0
31680,2,286,-57.4,68,32,-8.59301,5.49546,0,0,0,0,0,0,0,0,0,0,0, 0,0,0,0,0,2,0,0,0,0
31680,3,238,-56.5,72,32,-9.00597,5.96092,0,0,0,0,0,0,0,0,0,0,0, 0,0,0,0,0,2,0,0,0,0
31680,4,151,-54.4,76,32,-9.26935,6.6362,0,0,0,0,0,0,0,0,0,0,0, 0,0,0,0,0,2,0,0,0,0
31680,5,104,-46.7,80,32,-8.73327,8.22982,0,0,0,0,0,0,0,0,0,0,0, 0,0,0,0,0,2,0,0,0,0
31680,6,43,38.6,20,33,1.87164,2.34456,0,0,0,0,0,0,0,0,0,0,0, 0,0,0,0,0,2,0,0,0,0
31680,7,82,-44.2,84,32,-8.78428,9.03307,0,0,0,0,0,0,0,0,0,0,0, 0,0,0,0,0,2,0,0,0,0
31680,8,53,37.1,24,33,2.17155,2.8713,0,0,0,0,0,0,0,0,0,0,0, 0,0,0,0,0,2,0,0,0,0
31680,9,48,34.6,28,33,2.38494,3.45717,0,0,0,0,0,0,0,0,0,0,0, 0,0,0,0,0,2,0,0,0,0
31680,10,138,-59.4,60,32,-7.74668,4.58137,0,0,0,0,0,0,0,0,0,0,0, 0,0,0,0,0,2,0,0,0,0
31720,0,25,47.4,32,33,3.53327,3.249,0,0,0,0,0,0,0,0,0,0,0, 0,0,0,0,0,3,0,0,0,0
31720,1,244,-58.4,64,32,-8.17658,5.03026,0,0,0,0,0,0,0,0,0,0,0, 0,0,0,0,0,3,0,0,0,0
31720,2,290,-57.4,68,32,-8.59301,5.49546,0,0,0,0,0,0,0,0,0,0,0, 0,0,0,0,0,3,0,0,0,0
31720,3,240,-56.5,72,32,-9.00597,5.96092,0,0,0,0,0,0,0,0,0,0,0, 0,0,0,0,0,3,0,0,0,0
31720,4,151,-53.4,76,32,-9.15212,6.79696,0,0,0,0,0,0,0,0,0,0,0, 0,0,0,0,0,3,0,0,0,0
31720,5,107,-43.6,80,32,-8.27543,8.69006,0,0,0,0,0,0,0,0,0,0,0, 0,0,0,0,0,3,0,0,0,0
31720,6,92,-40.5,84,32,-8.18305,9.58112,0,0,0,0,0,0,0,0,0,0,0, 0,0,0,0,0,3,0,0,0,0
31720,7,40,37.1,24,33,2.17155,2.8713,0,0,0,0,0,0,0,0,0,0,0, 0,0,0,0,0,3,0,0,0,0
31720,8,36,-6,120,31.75,-1.88151,17.9014,0,0,0,0,0,0,0,0,0,0,0, 0,0,0,0,0,3,0,0,0,0
31720,9,139,-58.4,60,32,-7.66554,4.71587,0,0,0,0,0,0,0,0,0,0,0, 0,0,0,0,0,3,0,0,0,0
31760,0,30,41.9,32,33,3.2056,3.5727,0,0,0,0,0,0,0,0,0,0,0, 0,0,0,0,0,4,0,0,0,0
31760,1,244,-56.5,64,32,-8.0053,5.2986,0,0,0,0,0,0,0,0,0,0,0, 0,0,0,0,0,4,0,0,0,0
31760,2,291,-56.5,68,32,-8.50564,5.62976,0,0,0,0,0,0,0,0,0,0,0, 0,0,0,0,0,4,0,0,0,0
31760,3,242,-55.4,72,32,-8.88987,6.13271,0,0,0,0,0,0,0,0,0,0,0, 0,0,0,0,0,4,0,0,0,0
31760,4,157,-49.8,76,32,-8.70727,7.35822,0,0,0,0,0,0,0,0,0,0,0, 0,0,0,0,0,4,0,0,0,0
31760,5,116,-43.6,80,32,-8.27543,8.69006,0,0,0,0,0,0,0,0,0,0,0, 0,0,0,0,0,4,0,0,0,0
31760,6,95,-41.7,84,32,-8.3819,9.40764,0,0,0,0,0,0,0,0,0,0,0, 0,0,0,0,0,4,0,0,0,0
31760,7,47,40.9,24,33,2.35707,2.72107,0,0,0,0,0,0,0,0,0,0,0, 0,0,0,0,0,4,0,0,0,0
31760,8,138,-56.5,60,32,-7.50497,4.96743,0,0,0,0,0,0,0,0,0,0,0, 0,0,0,0,0,4,0,0,0,0
31760,9,29,-4.2,124,32.25,-1.36223,18.55,0,0,0,0,0,0,0,0,0,0,0, 0,0,0,0,0,4,0,0,0,0
31800,0,247,-57.4,64,32,-8.08754,5.1722,0,0,0,0,0,0,0,0,0,0,0, 0,0,0,0,0,5,0,0,0,0
31800,1,291,-56.5,68,32,-8.50564,5.62976,0,0,0,0,0,0,0,0,0,0,0, 0,0,0,0,0,5,0,0,0,0
31800,2,240,-56.5,72,32,-9.00597,5.96092,0,0,0,0,0,0,0,0,0,0,0, 0,0,0,0,0,5,0,0,0,0
31800,3,155,-51.6,76,32,-8.93411,7.08108,0,0,0,0,0,0,0,0,0,0,0, 0,0,0,0,0,5,0,0,0,0
31800,4,110,-42.9,80,32,-8.16865,8.79051,0,0,0,0,0,0,0,0,0,0,0, 0,0,0,0,0,5,0,0,0,0
31800,5,92,-40.5,84,32,-8.18305,9.58112,0,0,0,0,0,0,0,0,0,0,0, 0,0,0,0,0,5,0,0,0,0
31800,6,59,40.1,24,33,2.31885,2.75372,0,0,0,0,0,0,0,0,0,0,0, 0,0,0,0,0,5,0,0,0,0
31800,7,137,-58.4,60,32,-7.66554,4.71587,0,0,0,0,0,0,0,0,0,0,0, 0,0,0,0,0,5,0,0,0,0
31840,0,23,34.6,32,33,2.72565,3.95105,0,0,0,0,0,0,0,0,0,0,0, 0,0,0,0,0,6,0,0,0,0
31840,1,244,-57.4,64,32,-8.08754,5.1722,0,0,0,0,0,0,0,0,0,0,0, 0,0,0,0,0,6,0,0,0,0
31840,2,287,-56.5,68,32,-8.50564,5.62976,0,0,0,0,0,0,0,0,0,0,0, 0,0,0,0,0,6,0,0,0,0
31840,3,240,-55.4,72,32,-8.88987,6.13271,0,0,0,0,0,0,0,0,0,0,0, 0,0,0,0,0,6,0,0,0,0
31840,4,156,-49.8,76,32,-8.70727,7.35822,0,0,0,0,0,0,0,0,0,0,0, 0,0,0,0,0,6,0,0,0,0
31840,5,113,-42.9,80,32,-8.16865,8.79051,0,0,0,0,0,0,0,0,0,0,0, 0,0,0,0,0,6,0,0,0,0
31840,6,97,-40.5,84,32,-8.18305,9.58112,0,0,0,0,0,0,0,0,0,0,0, 0,0,0,0,0,6,0,0,0,0
31840,7,39,40.9,24,33,2.35707,2.72107,0,0,0,0,0,0,0,0,0,0,0, 0,0,0,0,0,6,0,0,0,0
31840,8,139,-57.4,60,32,-7.58207,4.84894,0,0,0,0,0,0,0,0,0,0,0, 0,0,0,0,0,6,0,0,0,0
31880,0,247,-57.4,64,32,-8.08754,5.1722,0,0,0,0,0,0,0,0,0,0,0, 0,0,0,0,0,7,0,0,0,0
31880,1,293,-56.5,68,32,-8.50564,5.62976,0,0,0,0,0,0,0,0,0,0,0, 0,0,0,0,0,7,0,0,0,0
31880,2,242,-55.4,72,32,-8.88987,6.13271,0,0,0,0,0,0,0,0,0,0,0, 0,0,0,0,0,7,0,0,0,0
31880,3,154,-49.8,76,32,-8.70727,7.35822,0,0,0,0,0,0,0,0,0,0,0, 0,0,0,0,0,7,0,0,0,0
31880,4,110,-42.3,80,32,-8.07615,8.87557,0,0,0,0,0,0,0,0,0,0,0, 0,0,0,0,0,7,0,0,0,0
31880,5,87,-40.5,84,32,-8.18305,9.58112,0,0,0,0,0,0,0,0,0,0,0, 0,0,0,0,0,7,0,0,0,0
31880,6,140,-57.4,60,32,-7.58207,4.84894,0,0,0,0,0,0,0,0,0,0,0, 0,0,0,0,0,7,0,0,0,0
31920,0,247,-56.5,64,32,-8.0053,5.2986,0,0,0,0,0,0,0,0,0,0,0, 0,0,0,0,0,8,0,0,0,0
31920,1,292,-55.4,68,32,-8.39599,5.79201,0,0,0,0,0,0,0,0,0,0,0, 0,0,0,0,0,8,0,0,0,0
31920,2,243,-54.4,72,32,-8.78149,6.28693,0,0,0,0,0,0,0,0,0,0,0, 0,0,0,0,0,8,0,0,0,0
31920,3,157,-49.8,76,32,-8.70727,7.35822,0,0,0,0,0,0,0,0,0,0,0, 0,0,0,0,0,8,0,0,0,0
31920,4,114,-43.6,80,32,-8.27543,8.69006,0,0,0,0,0,0,0,0,0,0,0, 0,0,0,0,0,8,0,0,0,0
31920,5,91,-41.7,84,32,-8.3819,9.40764,0,0,0,0,0,0,0,0,0,0,0, 0,0,0,0,0,8,0,0,0,0
31920,6,139,-58.4,60,32,-7.66554,4.71587,0,0,0,0,0,0,0,0,0,0,0, 0,0,0,0,0,8,0,0,0,0
31960,0,245,-57.4,64,32,-8.08754,5.1722,0,1334,0,0,0,0,0,0,0,0,0, 0,0,0,0,0,9,0,0,0,0
31960,1,291,-56.5,68,32,-8.50564,5.62976,0,1334,0,0,0,0,0,0,0,0,0, 0,0,0,0,0,9,0,0,0,0
31960,2,242,-55.4,72,32,-8.88987,6.13271,0,1334,0,0,0,0,0,0,0,0,0, 0,0,0,0,0,9,0,0,0,0
31960,3,153,-51.6,76,32,-8.93411,7.08108,0,1334,0,0,0,0,0,0,0,0,0, 0,0,0,0,0,9,0,0,0,0
31960,4,109,-42.9,80,32,-8.16865,8.79051,0,1334,0,0,0,0,0,0,0,0,0, 0,0,0,0,0,9,0,0,0,0
31960,5,96,-38.7,84,32,-7.87806,9.83342,0,1334,0,0,0,0,0,0,0,0,0, 0,0,0,0,0,9,0,0,0,0
31960,6,138,-58.4,60,32,-7.66554,4.71587,0,1334,0,0,0,0,0,0,0,0,0, 0,0,0,0,0,9,0,0,0,0
32000,0,246,-57.4,64,32,-8.08754,5.1722,0,0,0,0,0,0,0,0,0,0,0, 0,0,0,0,0,10,0,0,0,0
32000,1,290,-56.5,68,32,-8.50564,5.62976,0,0,0,0,0,0,0,0,0,0,0, 0,0,0,0,0,10,0,0,0,0
32000,2,243,-55.4,72,32,-8.88987,6.13271,0,0,0,0,0,0,0,0,0,0,0, 0,0,0,0,0,10,0,0,0,0
32000,3,159,-51.6,76,32,-8.93411,7.08108,0,0,0,0,0,0,0,0,0,0,0, 0,0,0,0,0,10,0,0,0,0
32000,4,118,-42.9,80,32,-8.16865,8.79051,0,0,0,0,0,0,0,0,0,0,0, 0,0,0,0,0,10,0,0,0,0
32000,5,105,-38.7,84,32,-7.87806,9.83342,0,0,0,0,0,0,0,0,0,0,0, 0,0,0,0,0,10,0,0,0,0
32000,6,140,-58.4,60,32,-7.66554,4.71587,0,0,0,0,0,0,0,0,0,0,0, 0,0,0,0,0,10,0,0,0,0
32000,7,50,-4.2,124,31.75,-1.36223,18.55,0,0,0,0,0,0,0,0,0,0,0, 0,0,0,0,0,10,0,0,0,0
32040,0,246,-57.4,64,32,-8.08754,5.1722,0,7936,0,0,0,0,0,0,0,0,0, 0,0,0,0,0,11,0,0,0,0
32040,1,289,-56.5,68,32,-8.50564,5.62976,0,7936,0,0,0,0,0,0,0,0,0, 0,0,0,0,0,11,0,0,0,0
32040,2,241,-56.5,72,32,-9.00597,5.96092,0,7936,0,0,0,0,0,0,0,0,0, 0,0,0,0,0,11,0,0,0,0
32040,3,154,-51.6,76,32,-8.93411,7.08108,0,7936,0,0,0,0,0,0,0,0,0, 0,0,0,0,0,11,0,0,0,0
32040,4,112,-41.7,80,32,-7.98276,8.95966,0,7936,0,0,0,0,0,0,0,0,0, 0,0,0,0,0,11,0,0,0,0
32040,5,105,-36,84,32,-7.40609,10.1936,0,7936,0,0,0,0,0,0,0,0,0, 0,0,0,0,0,11,0,0,0,0
32040,6,139,-56.5,60,32,-7.50497,4.96743,0,7936,0,0,0,0,0,0,0,0,0, 0,0,0,0,0,11,0,0,0,0
32040,7,33,2.4,124,31.5,0.778887,18.5837,0,7936,0,0,0,0,0,0,0,0,0, 0,0,0,0,0,11,0,0,0,0
32080,0,248,-56.5,64,32,-8.0053,5.2986,0,1140,0,0,0,0,0,0,0,0,0, 0,0,0,0,0,12,0,0,0,0
32080,1,294,-55.4,68,32,-8.39599,5.79201,0,1140,0,0,0,0,0,0,0,0,0, 0,0,0,0,0,12,0,0,0,0
32080,2,243,-55.4,72,32,-8.88987,6.13271,0,1140,0,0,0,0,0,0,0,0,0, 0,0,0,0,0,12,0,0,0,0
32080,3,154,-53.4,76,32,-9.15212,6.79696,0,1140,0,0,0,0,0,0,0,0,0, 0,0,0,0,0,12,0,0,0,0
32080,4,110,-41.7,80,32,-7.98276,8.95966,0,1140,0,0,0,0,0,0,0,0,0, 0,0,0,0,0,12,0,0,0,0
32080,5,105,-36.5,84,32,-7.49477,10.1286,0,1140,0,0,0,0,0,0,0,0,0, 0,0,0,0,0,12,0,0,0,0
32080,6,140,-56.5,60,32,-7.50497,4.96743,0,1140,0,0,0,0,0,0,0,0,0, 0,0,0,0,0,12,0,0,0,0
32120,0,248,-56.5,64,32,-8.0053,5.2986,0,87,0,0,0,0,0,0,0,0,0, 0,0,0,0,0,13,0,0,0,0
32120,1,296,-55.4,68,32,-8.39599,5.79201,0,87,0,0,0,0,0,0,0,0,0, 0,0,0,0,0,13,0,0,0,0
32120,2,42,65.6,8,33,1.09282,0.495725,0,87,0,0,0,0,0,0,0,0,0, 0,0,0,0,0,13,0,0,0,0
32120,3,245,-54.4,72,32,-8.78149,6.28693,0,87,0,0,0,0,0,0,0,0,0, 0,0,0,0,0,13,0,0,0,0
32120,4,158,-51.6,76,32,-8.93411,7.08108,0,87,0,0,0,0,0,0,0,0,0, 0,0,0,0,0,13,0,0,0,0
32120,5,111,-44.2,80,32,-8.36598,8.60293,0,87,0,0,0,0,0,0,0,0,0, 0,0,0,0,0,13,0,0,0,0
32120,6,22,40.1,20,33,1.93237,2.29476,0,87,0,0,0,0,0,0,0,0,0, 0,0,0,0,0,13,0,0,0,0
32120,7,94,-39.9,84,32,-8.08227,9.66628,0,87,0,0,0,0,0,0,0,0,0, 0,0,0,0,0,13,0,0,0,0
32120,8,142,-56.5,60,32,-7.50497,4.96743,0,87,0,0,0,0,0,0,0,0,0, 0,0,0,0,0,13,0,0,0,0
32160,0,251,-56.5,64,32,-8.0053,5.2986,0,0,0,0,0,0,0,0,0,0,0, 0,0,0,0,0,14,0,0,0,0
32160,1,294,-55.4,68,32,-8.39599,5.79201,0,0,0,0,0,0,0,0,0,0,0, 0,0,0,0,0,14,0,0,0,0
32160,2,245,-55.4,72,32,-8.88987,6.13271,0,0,0,0,0,0,0,0,0,0,0, 0,0,0,0,0,14,0,0,0,0
32160,3,155,-51.6,76,32,-8.93411,7.08108,0,0,0,0,0,0,0,0,0,0,0, 0,0,0,0,0,14,0,0,0,0
32160,4,107,-44.2,80,32,-8.36598,8.60293,0,0,0,0,0,0,0,0,0,0,0, 0,0,0,0,0,14,0,0,0,0
32160,5,86,-41.1,84,32,-8.28293,9.4949,0,0,0,0,0,0,0,0,0,0,0, 0,0,0,0,0,14,0,0,0,0
32160,6,13,15.7,404,10.75,16.3984,58.3391,0,0,0,0,0,0,0,0,0,0,0, 0,0,0,0,0,14,0,0,0,0
32160,7,141,-57.4,60,32,-7.58207,4.84894,0,0,0,0,0,0,0,0,0,0,0, 0,0,0,0,0,14,0,0,0,0
32200,0,247,-56.5,64,32,-8.0053,5.2986,0,0,0,0,0,0,0,0,0,0,0, 0,0,0,0,0,15,0,0,0,0
32200,1,292,-55.4,68,32,-8.39599,5.79201,0,0,0,0,0,0,0,0,0,0,0, 0,0,0,0,0,15,0,0,0,0
32200,2,243,-55.4,72,32,-8.88987,6.13271,0,0,0,0,0,0,0,0,0,0,0, 0,0,0,0,0,15,0,0,0,0
32200,3,158,-51.6,76,32,-8.93411,7.08108,0,0,0,0,0,0,0,0,0,0,0, 0,0,0,0,0,15,0,0,0,0
32200,4,112,-44.2,80,32,-8.36598,8.60293,0,0,0,0,0,0,0,0,0,0,0, 0,0,0,0,0,15,0,0,0,0
32200,5,91,-39.9,84,32,-8.08227,9.66628,0,0,0,0,0,0,0,0,0,0,0, 0,0,0,0,0,15,0,0,0,0
32200,6,137,-57.4,60,32,-7.58207,4.84894,0,0,0,0,0,0,0,0,0,0,0, 0,0,0,0,0,15,0,0,0,0
32240,0,245,-57.4,64,32,-8.08754,5.1722,0,0,0,0,0,0,0,0,0,0,0, 0,0,0,0,0,0,0,0,0,0
32240,1,289,-56.5,68,32,-8.50564,5.62976,0,0,0,0,0,0,0,0,0,0,0, 0,0,0,0,0,0,0,0,0,0
32240,2,239,-56.5,72,32,-9.00597,5.96092,0,0,0,0,0,0,0,0,0,0,0, 0,0,0,0,0,0,0,0,0,0
32240,3,150,-54.4,76,32,-9.26935,6.6362,0,0,0,0,0,0,0,0,0,0,0, 0,0,0,0,0,0,0,0,0,0
32240,4,107,-45,80,32,-8.48528,8.48528,0,0,0,0,0,0,0,0,0,0,0, 0,0,0,0,0,0,0,0,0,0
32240,5,90,-38.7,84,32,-7.87806,9.83342,0,0,0,0,0,0,0,0,0,0,0, 0,0,0,0,0,0,0,0,0,0
32240,6,139,-58.4,60,32,-7.66554,4.71587,0,0,0,0,0,0,0,0,0,0,0, 0,0,0,0,0,0,0,0,0,0
32280,0,245,-58.4,64,32,-8.17658,5.03026,0,0,0,0,0,0,0,0,0,0,0, 0,0,0,0,0,1,0,0,0,0
32280,1,289,-56.5,68,32,-8.50564,5.62976,0,0,0,0,0,0,0,0,0,0,0, 0,0,0,0,0,1,0,0,0,0
32280,2,241,-56.5,72,32,-9.00597,5.96092,0,0,0,0,0,0,0,0,0,0,0, 0,0,0,0,0,1,0,0,0,0
32280,3,154,-54.4,76,32,-9.26935,6.6362,0,0,0,0,0,0,0,0,0,0,0, 0,0,0,0,0,1,0,0,0,0
32280,4,108,-45,80,32,-8.48528,8.48528,0,0,0,0,0,0,0,0,0,0,0, 0,0,0,0,0,1,0,0,0,0
32280,5,98,-38.1,84,32,-7.77465,9.91538,0,0,0,0,0,0,0,0,0,0,0, 0,0,0,0,0,1,0,0,0,0
32280,6,140,-57.4,60,32,-7.58207,4.84894,0,0,0,0,0,0,0,0,0,0,0, 0,0,0,0,0,1,0,0,0,0
32320,0,245,-58.4,64,32,-8.17658,5.03026,0,0,0,0,0,0,0,0,0,0,0, 0,0,0,0,0,2,0,0,0,0
32320,1,289,-57.4,68,32,-8.59301,5.49546,0,0,0,0,0,0,0,0,0,0,0, 0,0,0,0,0,2,0,0,0,0
32320,2,240,-56.5,72,32,-9.00597,5.96092,0,0,0,0,0,0,0,0,0,0,0, 0,0,0,0,0,2,0,0,0,0
32320,3,150,-54.4,76,32,-9.26935,6.6362,0,0,0,0,0,0,0,0,0,0,0, 0,0,0,0,0,2,0,0,0,0
32320,4,102,-44.2,80,32,-8.36598,8.60293,0,0,0,0,0,0,0,0,0,0,0, 0,0,0,0,0,2,0,0,0,0
32320,5,83,-37,84,32,-7.58287,10.0628,0,0,0,0,0,0,0,0,0,0,0, 0,0,0,0,0,2,0,0,0,0
32320,6,138,-58.4,60,32,-7.66554,4.71587,0,0,0,0,0,0,0,0,0,0,0, 0,0,0,0,0,2,0,0,0,0
32360,0,245,-56.5,64,32,-8.0053,5.2986,0,0,0,0,0,0,0,0,0,0,0, 0,0,0,0,0,3,0,0,0,0
32360,1,288,-56.5,68,32,-8.50564,5.62976,0,0,0,0,0,0,0,0,0,0,0, 0,0,0,0,0,3,0,0,0,0
32360,2,241,-55.4,72,32,-8.88987,6.13271,0,0,0,0,0,0,0,0,0,0,0, 0,0,0,0,0,3,0,0,0,0
32360,3,151,-54.4,76,32,-9.26935,6.6362,0,0,0,0,0,0,0,0,0,0,0, 0,0,0,0,0,3,0,0,0,0
32360,4,99,-46.7,80,32,-8.73327,8.22982,0,0,0,0,0,0,0,0,0,0,0, 0,0,0,0,0,3,0,0,0,0
32360,5,139,-57.4,60,32,-7.58207,4.84894,0,0,0,0,0,0,0,0,0,0,0, 0,0,0,0,0,3,0,0,0,0
32400,0,246,-56.5,64,32,-8.0053,5.2986,0,0,0,0,0,0,0,0,0,0,0, 0,0,0,0,0,4,0,0,0,0
32400,1,288,-56.5,68,32,-8.50564,5.62976,0,0,0,0,0,0,0,0,0,0,0, 0,0,0,0,0,4,0,0,0,0
32400,2,241,-55.4,72,32,-8.88987,6.13271,0,0,0,0,0,0,0,0,0,0,0, 0,0,0,0,0,4,0,0,0,0
32400,3,152,-54.4,76,32,-9.26935,6.6362,0,0,0,0,0,0,0,0,0,0,0, 0,0,0,0,0,4,0,0,0,0
32400,4,101,-48,80,32,-8.91774,8.02957,0,0,0,0,0,0,0,0,0,0,0, 0,0,0,0,0,4,0,0,0,0
32400,5,141,-55.4,60,32,-7.40823,5.11059,0,0,0,0,0,0,0,0,0,0,0, 0,0,0,0,0,4,0,0,0,0
32440,0,246,-55.4,64,32,-7.90211,5.4513,0,0,0,0,0,0,0,0,0,0,0, 0,0,0,0,0,5,0,0,0,0
32440,1,290,-55.4,68,32,-8.39599,5.79201,0,0,0,0,0,0,0,0,0,0,0, 0,0,0,0,0,5,0,0,0,0
32440,2,32,1.3,132,33,0.449209,19.7949,0,0,0,0,0,0,0,0,0,0,0, 0,0,0,0,0,5,0,0,0,0
32440,3,242,-55.4,72,32,-8.88987,6.13271,0,0,0,0,0,0,0,0,0,0,0, 0,0,0,0,0,5,0,0,0,0
32440,4,155,-53.4,76,32,-9.15212,6.79696,0,0,0,0,0,0,0,0,0,0,0, 0,0,0,0,0,5,0,0,0,0
32440,5,108,-45.9,80,32,-8.61752,8.35095,0,0,0,0,0,0,0,0,0,0,0, 0,0,0,0,0,5,0,0,0,0
32440,6,31,48.1,20,33,2.23293,2.0035,0,0,0,0,0,0,0,0,0,0,0, 0,0,0,0,0,5,0,0,0,0
32440,7,84,-42.9,84,32,-8.57708,9.23004,0,0,0,0,0,0,0,0,0,0,0, 0,0,0,0,0,5,0,0,0,0
32440,8,32,3.6,120,31.75,1.13023,17.9645,0,0,0,0,0,0,0,0,0,0,0, 0,0,0,0,0,5,0,0,0,0
32440,9,140,-56.5,60,32,-7.50497,4.96743,0,0,0,0,0,0,0,0,0,0,0, 0,0,0,0,0,5,0,0,0,0
32480,0,246,-55.4,64,32,-7.90211,5.4513,0,0,0,0,0,0,0,0,0,0,0, 0,0,0,0,0,6,0,0,0,0
32480,1,292,-55.4,68,32,-8.39599,5.79201,0,0,0,0,0,0,0,0,0,0,0, 0,0,0,0,0,6,0,0,0,0
32480,2,244,-54.4,72,32,-8.78149,6.28693,0,0,0,0,0,0,0,0,0,0,0, 0,0,0,0,0,6,0,0,0,0
32480,3,159,-49.8,76,32,-8.70727,7.35822,0,0,0,0,0,0,0,0,0,0,0, 0,0,0,0,0,6,0,0,0,0
32480,4,110,-46.7,80,32,-8.73327,8.22982,0,0,0,0,0,0,0,0,0,0,0, 0,0,0,0,0,6,0,0,0,0
32480,5,141,-56.5,60,32,-7.50497,4.96743,0,0,0,0,0,0,0,0,0,0,0, 0,0,0,0,0,6,0,0,0,0
32520,0,248,-56.5,64,32,-8.0053,5.2986,0,0,0,0,0,0,0,0,0,0,0, 0,0,0,0,0,7,0,0,0,0
32520,1,293,-55.4,68,32,-8.39599,5.79201,0,0,0,0,0,0,0,0,0,0,0, 0,0,0,0,0,7,0,0,0,0
32520,2,244,-54.4,72,32,-8.78149,6.28693,0,0,0,0,0,0,0,0,0,0,0, 0,0,0,0,0,7,0,0,0,0
32520,3,156,-51.6,76,32,-8.93411,7.08108,0,0,0,0,0,0,0,0,0,0,0, 0,0,0,0,0,7,0,0,0,0
32520,4,105,-45.9,80,32,-8.61752,8.35095,0,0,0,0,0,0,0,0,0,0,0, 0,0,0,0,0,7,0,0,0,0
32520,5,14,-12,404,32.5,-12.5994,59.2757,0,0,0,0,0,0,0,0,0,0,0, 0,0,0,0,0,7,0,0,0,0
32520,6,138,-57.4,60,32,-7.58207,4.84894,0,0,0,0,0,0,0,0,0,0,0, 0,0,0,0,0,7,0,0,0,0
32560,0,246,-56.5,64,32,-8.0053,5.2986,0,0,0,0,0,0,0,0,0,0,0, 0,0,0,0,0,8,0,0,0,0
32560,1,290,-55.4,68,32,-8.39599,5.79201,0,0,0,0,0,0,0,0,0,0,0, 0,0,0,0,0,8,0,0,0,0
32560,2,241,-54.4,72,32,-8.78149,6.28693,0,0,0,0,0,0,0,0,0,0,0, 0,0,0,0,0,8,0,0,0,0
32560,3,159,-49.8,76,32,-8.70727,7.35822,0,0,0,0,0,0,0,0,0,0,0, 0,0,0,0,0,8,0,0,0,0
32560,4,112,-45,80,32,-8.48528,8.48528,0,0,0,0,0,0,0,0,0,0,0, 0,0,0,0,0,8,0,0,0,0
32560,5,82,-45.9,84,32,-9.04839,8.7685,0,0,0,0,0,0,0,0,0,0,0, 0,0,0,0,0,8,0,0,0,0
32560,6,140,-56.5,60,32,-7.50497,4.96743,0,0,0,0,0,0,0,0,0,0,0, 0,0,0,0,0,8,0,0,0,0
32600,0,245,-56.5,64,32,-8.0053,5.2986,0,1334,0,0,0,0,0,0,0,0,0, 0,0,0,0,0,9,0,0,0,0
32600,1,290,-55.4,68,32,-8.39599,5.79201,0,1334,0,0,0,0,0,0,0,0,0, 0,0,0,0,0,9,0,0,0,0
32600,2,241,-54.4,72,32,-8.78149,6.28693,0,1334,0,0,0,0,0,0,0,0,0, 0,0,0,0,0,9,0,0,0,0
32600,3,157,-49.8,76,32,-8.70727,7.35822,0,1334,0,0,0,0,0,0,0,0,0, 0,0,0,0,0,9,0,0,0,0
32600,4,111,-43.6,80,32,-8.27543,8.69006,0,1334,0,0,0,0,0,0,0,0,0, 0,0,0,0,0,9,0,0,0,0
32600,5,86,-42.9,84,32,-8.57708,9.23004,0,1334,0,0,0,0,0,0,0,0,0, 0,0,0,0,0,9,0,0,0,0
32600,6,139,-56.5,60,32,-7.50497,4.96743,0,1334,0,0,0,0,0,0,0,0,0, 0,0,0,0,0,9,0,0,0,0
32640,0,244,-56.5,64,32,-8.0053,5.2986,0,0,0,0,0,0,0,0,0,0,0, 0,0,0,0,0,10,0,0,0,0
32640,1,290,-55.4,68,32,-8.39599,5.79201,0,0,0,0,0,0,0,0,0,0,0, 0,0,0,0,0,10,0,0,0,0
32640,2,40,72.4,8,33,1.14383,0.362844,0,0,0,0,0,0,0,0,0,0,0, 0,0,0,0,0,10,0,0,0,0
32640,3,241,-54.4,72,32,-8.78149,6.28693,0,0,0,0,0,0,0,0,0,0,0, 0,0,0,0,0,10,0,0,0,0
32640,4,158,-49.8,76,32,-8.70727,7.35822,0,0,0,0,0,0,0,0,0,0,0, 0,0,0,0,0,10,0,0,0,0
32640,5,114,-44.2,80,32,-8.36598,8.60293,0,0,0,0,0,0,0,0,0,0,0, 0,0,0,0,0,10,0,0,0,0
32640,6,90,-43.6,84,32,-8.68921,9.12457,0,0,0,0,0,0,0,0,0,0,0, 0,0,0,0,0,10,0,0,0,0
32640,7,141,-55.4,60,32,-7.40823,5.11059,0,0,0,0,0,0,0,0,0,0,0, 0,0,0,0,0,10,0,0,0,0
32680,0,247,-56.5,64,32,-8.0053,5.2986,0,7936,0,0,0,0,0,0,0,0,0, 0,0,0,0,0,11,0,0,0,0
32680,1,291,-55.4,68,32,-8.39599,5.79201,0,7936,0,0,0,0,0,0,0,0,0, 0,0,0,0,0,11,0,0,0,0
32680,2,241,-55.4,72,32,-8.88987,6.13271,0,7936,0,0,0,0,0,0,0,0,0, 0,0,0,0,0,11,0,0,0,0
32680,3,155,-49.8,76,32,-8.70727,7.35822,0,7936,0,0,0,0,0,0,0,0,0, 0,0,0,0,0,11,0,0,0,0
32680,4,113,-43.6,80,32,-8.27543,8.69006,0,7936,0,0,0,0,0,0,0,0,0, 0,0,0,0,0,11,0,0,0,0
32680,5,92,-42.9,84,32,-8.57708,9.23004,0,7936,0,0,0,0,0,0,0,0,0, 0,0,0,0,0,11,0,0,0,0
32680,6,141,-56.5,60,32,-7.50497,4.96743,0,7936,0,0,0,0,0,0,0,0,0, 0,0,0,0,0,11,0,0,0,0
32720,0,247,-57.4,64,32,-8.08754,5.1722,0,1140,0,0,0,0,0,0,0,0,0, 0,0,0,0,0,12,0,0,0,0
32720,1,290,-56.5,68,32,-8.50564,5.62976,0,1140,0,0,0,0,0,0,0,0,0, 0,0,0,0,0,12,0,0,0,0
32720,2,242,-55.4,72,32,-8.88987,6.13271,0,1140,0,0,0,0,0,0,0,0,0, 0,0,0,0,0,12,0,0,0,0
32720,3,157,-49.8,76,32,-8.70727,7.35822,0,1140,0,0,0,0,0,0,0,0,0, 0,0,0,0,0,12,0,0,0,0
32720,4,112,-44.2,80,32,-8.36598,8.60293,0,1140,0,0,0,0,0,0,0,0,0, 0,0,0,0,0,12,0,0,0,0
32720,5,86,-44.2,84,32,-8.78428,9.03307,0,1140,0,0,0,0,0,0,0,0,0, 0,0,0,0,0,12,0,0,0,0
32720,6,138,-58.4,60,32,-7.66554,4.71587,0,1140,0,0,0,0,0,0,0,0,0, 0,0,0,0,0,12,0,0,0,0
32760,0,245,-57.4,64,32,-8.08754,5.1722,0,87,0,0,0,0,0,0,0,0,0, 0,0,0,0,0,13,0,0,0,0
32760,1,289,-56.5,68,32,-8.50564,5.62976,0,87,0,0,0,0,0,0,0,0,0, 0,0,0,0,0,13,0,0,0,0
32760,2,243,-55.4,72,32,-8.88987,6.13271,0,87,0,0,0,0,0,0,0,0,0, 0,0,0,0,0,13,0,0,0,0
32760,3,159,-51.6,76,32,-8.93411,7.08108,0,87,0,0,0,0,0,0,0,0,0, 0,0,0,0,0,13,0,0,0,0
32760,4,109,-48,80,32,-8.91774,8.02957,0,87,0,0,0,0,0,0,0,0,0, 0,0,0,0,0,13,0,0,0,0
32760,5,25,-2.4,120,31.75,-0.753762,17.9842,0,87,0,0,0,0,0,0,0,0,0, 0,0,0,0,0,13,0,0,0,0
32760,6,140,-57.4,60,32,-7.58207,4.84894,0,87,0,0,0,0,0,0,0,0,0, 0,0,0,0,0,13,0,0,0,0
32760,7,30,-2.4,124,33,-0.778887,18.5837,0,87,0,0,0,0,0,0,0,0,0, 0,0,0,0,0,13,0,0,0,0
32800,0,246,-57.4,64,32,-8.08754,5.1722,0,0,0,0,0,0,0,0,0,0,0, 0,0,0,0,0,14,0,0,0,0
32800,1,39,-3.6,128,31.75,-1.20558,19.1621,0,0,0,0,0,0,0,0,0,0,0, 0,0,0,0,0,14,0,0,0,0
32800,2,53,-2.4,128,33,-0.804013,19.1832,0,0,0,0,0,0,0,0,0,0,0, 0,0,0,0,0,14,0,0,0,0
32800,3,291,-56.5,68,32,-8.50564,5.62976,0,0,0,0,0,0,0,0,0,0,0, 0,0,0,0,0,14,0,0,0,0
32800,4,241,-55.4,72,32,-8.88987,6.13271,0,0,0,0,0,0,0,0,0,0,0, 0,0,0,0,0,14,0,0,0,0
32800,5,154,-53.4,76,32,-9.15212,6.79696,0,0,0,0,0,0,0,0,0,0,0, 0,0,0,0,0,14,0,0,0,0
32800,6,105,-46.7,80,32,-8.73327,8.22982,0,0,0,0,0,0,0,0,0,0,0, 0,0,0,0,0,14,0,0,0,0
32800,7,137,-58.4,60,32,-7.66554,4.71587,0,0,0,0,0,0,0,0,0,0,0, 0,0,0,0,0,14,0,0,0,0
32800,8,28,-3.6,124,33,-1.1679,18.5633,0,0,0,0,0,0,0,0,0,0,0, 0,0,0,0,0,14,0,0,0,0
32840,0,244,-57.4,64,32,-8.08754,5.1722,0,0,0,0,0,0,0,0,0,0,0, 0,0,0,0,0,15,0,0,0,0
32840,1,288,-57.4,68,32,-8.59301,5.49546,0,0,0,0,0,0,0,0,0,0,0, 0,0,0,0,0,15,0,0,0,0
32840,2,240,-56.5,72,32,-9.00597,5.96092,0,0,0,0,0,0,0,0,0,0,0, 0,0,0,0,0,15,0,0,0,0
32840,3,152,-54.4,76,32,-9.26935,6.6362,0,0,0,0,0,0,0,0,0,0,0, 0,0,0,0,0,15,0,0,0,0
32840,4,105,-46.7,80,32,-8.73327,8.22982,0,0,0,0,0,0,0,0,0,0,0, 0,0,0,0,0,15,0,0,0,0
32840,5,84,-48,84,32,-9.36363,8.43105,0,0,0,0,0,0,0,0,0,0,0, 0,0,0,0,0,15,0,0,0,0
32840,6,42,1.3,120,31.75,0.408372,17.9954,0,0,0,0,0,0,0,0,0,0,0, 0,0,0,0,0,15,0,0,0,0
32840,7,54,2.4,120,33,0.753762,17.9842,0,0,0,0,0,0,0,0,0,0,0, 0,0,0,0,0,15,0,0,0,0
32840,8,139,-58.4,60,32,-7.66554,4.71587,0,0,0,0,0,0,0,0,0,0,0, 0,0,0,0,0,15,0,0,0,0
32880,0,243,-58.4,64,32,-8.17658,5.03026,0,0,0,0,0,0,0,0,0,0,0, 0,0,0,0,0,0,0,0,0,0
32880,1,287,-57.4,68,32,-8.59301,5.49546,0,0,0,0,0,0,0,0,0,0,0, 0,0,0,0,0,0,0,0,0,0
32880,2,40,75.1,8,33,1.15965,0.308559,0,0,0,0,0,0,0,0,0,0,0, 0,0,0,0,0,0,0,0,0,0
32880,3,241,-55.4,72,32,-8.88987,6.13271,0,0,0,0,0,0,0,0,0,0,0, 0,0,0,0,0,0,0,0,0,0
32880,4,155,-53.4,76,32,-9.15212,6.79696,0,0,0,0,0,0,0,0,0,0,0, 0,0,0,0,0,0,0,0,0,0
32880,5,111,-48,80,32,-8.91774,8.02957,0,0,0,0,0,0,0,0,0,0,0, 0,0,0,0,0,0,0,0,0,0
32880,6,87,-51.6,84,32,-9.87454,7.82646,0,0,0,0,0,0,0,0,0,0,0, 0,0,0,0,0,0,0,0,0,0
32880,7,138,-58.4,60,32,-7.66554,4.71587,0,0,0,0,0,0,0,0,0,0,0, 0,0,0,0,0,0,0,0,0,0
32920,0,245,-57.4,64,32,-8.08754,5.1722,0,0,0,0,0,0,0,0,0,0,0, 0,0,0,0,0,1,0,0,0,0
32920,1,289,-57.4,68,32,-8.59301,5.49546,0,0,0,0,0,0,0,0,0,0,0, 0,0,0,0,0,1,0,0,0,0
32920,2,241,-56.5,72,32,-9.00597,5.96092,0,0,0,0,0,0,0,0,0,0,0, 0,0,0,0,0,1,0,0,0,0
32920,3,153,-53.4,76,32,-9.15212,6.79696,0,0,0,0,0,0,0,0,0,0,0, 0,0,0,0,0,1,0,0,0,0
32920,4,106,-46.7,80,32,-8.73327,8.22982,0,0,0,0,0,0,0,0,0,0,0, 0,0,0,0,0,1,0,0,0,0
32920,5,84,-48,84,32,-9.36363,8.43105,0,0,0,0,0,0,0,0,0,0,0, 0,0,0,0,0,1,0,0,0,0
32920,6,28,3.1,120,33,0.973419,17.9737,0,0,0,0,0,0,0,0,0,0,0, 0,0,0,0,0,1,0,0,0,0
32920,7,141,-56.5,60,32,-7.50497,4.96743,0,0,0,0,0,0,0,0,0,0,0, 0,0,0,0,0,1,0,0,0,0
32920,8,34,-1.2,124,33,-0.389529,18.5959,0,0,0,0,0,0,0,0,0,0,0, 0,0,0,0,0,1,0,0,0,0
32960,0,246,-56.5,64,32,-8.0053,5.2986,0,0,0,0,0,0,0,0,0,0,0, 0,0,0,0,0,2,0,0,0,0
32960,1,28,-1.2,128,31.75,-0.402095,19.1958,0,0,0,0,0,0,0,0,0,0,0, 0,0,0,0,0,2,0,0,0,0
32960,2,35,1.3,128,33,0.435597,19.1951,0,0,0,0,0,0,0,0,0,0,0, 0,0,0,0,0,2,0,0,0,0
32960,3,291,-56.5,68,32,-8.50564,5.62976,0,0,0,0,0,0,0,0,0,0,0, 0,0,0,0,0,2,0,0,0,0
32960,4,33,0.1,132,33,0.0345575,19.8,0,0,0,0,0,0,0,0,0,0,0, 0,0,0,0,0,2,0,0,0,0
32960,5,241,-55.4,72,32,-8.88987,6.13271,0,0,0,0,0,0,0,0,0,0,0, 0,0,0,0,0,2,0,0,0,0
32960,6,157,-53.4,76,32,-9.15212,6.79696,0,0,0,0,0,0,0,0,0,0,0, 0,0,0,0,0,2,0,0,0,0
32960,7,109,-49.8,80,32,-9.16555,7.74549,0,0,0,0,0,0,0,0,0,0,0, 0,0,0,0,0,2,0,0,0,0
32960,8,81,-55.4,84,32,-10.3715,7.15483,0,0,0,0,0,0,0,0,0,0,0, 0,0,0,0,0,2,0,0,0,0
32960,9,36,-0.6,120,31.75,-0.188492,17.999,0,0,0,0,0,0,0,0,0,0,0, 0,0,0,0,0,2,0,0,0,0
32960,10,139,-57.4,60,32,-7.58207,4.84894,0,0,0,0,0,0,0,0,0,0,0, 0,0,0,0,0,2,0,0,0,0
32960,11,53,0.6,124,33,0.194775,18.599,0,0,0,0,0,0,0,0,0,0,0, 0,0,0,0,0,2,0,0,0,0
33000,0,247,-58.4,64,32,-8.17658,5.03026,0,0,0,0,0,0,0,0,0,0,0, 0,0,0,0,0,3,0,0,0,0
33000,1,46,1.3,128,31.75,0.435597,19.1951,0,0,0,0,0,0,0,0,0,0,0, 0,0,0,0,0,3,0,0,0,0
33000,2,54,0.6,128,33,0.201058,19.1989,0,0,0,0,0,0,0,0,0,0,0, 0,0,0,0,0,3,0,0,0,0
33000,3,291,-57.4,68,32,-8.59301,5.49546,0,0,0,0,0,0,0,0,0,0,0, 0,0,0,0,0,3,0,0,0,0
33000,4,37,0.1,132,33,0.0345575,19.8,0,0,0,0,0,0,0,0,0,0,0, 0,0,0,0,0,3,0,0,0,0
33000,5,241,-56.5,72,32,-9.00597,5.96092,0,0,0,0,0,0,0,0,0,0,0, 0,0,0,0,0,3,0,0,0,0
33000,6,151,-55.4,76,32,-9.38375,6.47342,0,0,0,0,0,0,0,0,0,0,0, 0,0,0,0,0,3,0,0,0,0
33000,7,98,-53.4,80,32,-9.63381,7.1547,0,0,0,0,0,0,0,0,0,0,0, 0,0,0,0,0,3,0,0,0,0
33000,8,27,-1.2,120,33,-0.376964,17.9961,0,0,0,0,0,0,0,0,0,0,0, 0,0,0,0,0,3,0,0,0,0
33000,9,139,-58.4,60,32,-7.66554,4.71587,0,0,0,0,0,0,0,0,0,0,0, 0,0,0,0,0,3,0,0,0,0
33040,0,246,-57.4,64,32,-8.08754,5.1722,0,0,0,0,0,0,0,0,0,0,0, 0,0,0,0,0,4,0,0,0,0
33040,1,291,-56.5,68,32,-8.50564,5.62976,0,0,0,0,0,0,0,0,0,0,0, 0,0,0,0,0,4,0,0,0,0
33040,2,242,-55.4,72,32,-8.88987,6.13271,0,0,0,0,0,0,0,0,0,0,0, 0,0,0,0,0,4,0,0,0,0
33040,3,150,-54.4,76,32,-9.26935,6.6362,0,0,0,0,0,0,0,0,0,0,0, 0,0,0,0,0,4,0,0,0,0
33040,4,99,-54.4,80,32,-9.75721,6.98548,0,0,0,0,0,0,0,0,0,0,0, 0,0,0,0,0,4,0,0,0,0
33040,5,140,-58.4,60,32,-7.66554,4.71587,0,0,0,0,0,0,0,0,0,0,0, 0,0,0,0,0,4,0,0,0,0
33040,6,31,-2.4,124,31.25,-0.778887,18.5837,0,0,0,0,0,0,0,0,0,0,0, 0,0,0,0,0,4,0,0,0,0
33080,0,246,-57.4,64,32,-8.08754,5.1722,0,0,0,0,0,0,0,0,0,0,0, 0,0,0,0,0,5,0,0,0,0
33080,1,35,2.4,128,33,0.804013,19.1832,0,0,0,0,0,0,0,0,0,0,0, 0,0,0,0,0,5,0,0,0,0
33080,2,290,-56.5,68,32,-8.50564,5.62976,0,0,0,0,0,0,0,0,0,0,0, 0,0,0,0,0,5,0,0,0,0
33080,3,243,-55.4,72,32,-8.88987,6.13271,0,0,0,0,0,0,0,0,0,0,0, 0,0,0,0,0,5,0,0,0,0
33080,4,155,-54.4,76,32,-9.26935,6.6362,0,0,0,0,0,0,0,0,0,0,0, 0,0,0,0,0,5,0,0,0,0
33080,5,106,-55.4,80,32,-9.87764,6.81413,0,0,0,0,0,0,0,0,0,0,0, 0,0,0,0,0,5,0,0,0,0
33080,6,82,-58.4,84,32,-10.7318,6.60222,0,0,0,0,0,0,0,0,0,0,0, 0,0,0,0,0,5,0,0,0,0
33080,7,41,-1.8,120,31.75,-0.565394,17.9911,0,0,0,0,0,0,0,0,0,0,0, 0,0,0,0,0,5,0,0,0,0
33080,8,55,-2.4,120,33,-0.753762,17.9842,0,0,0,0,0,0,0,0,0,0,0, 0,0,0,0,0,5,0,0,0,0
33080,9,141,-56.5,60,32,-7.50497,4.96743,0,0,0,0,0,0,0,0,0,0,0, 0,0,0,0,0,5,0,0,0,0
33080,10,39,3.6,124,31.75,1.1679,18.5633,0,0,0,0,0,0,0,0,0,0,0, 0,0,0,0,0,5,0,0,0,0
33080,11,58,0.6,124,33,0.194775,18.599,0,0,0,0,0,0,0,0,0,0,0, 0,0,0,0,0,5,0,0,0,0
33120,0,248,-56.5,64,32,-8.0053,5.2986,0,0,0,0,0,0,0,0,0,0,0, 0,0,0,0,0,6,0,0,0,0
33120,1,30,-0.6,128,31.75,-0.201058,19.1989,0,0,0,0,0,0,0,0,0,0,0, 0,0,0,0,0,6,0,0,0,0
33120,2,293,-56.5,68,32,-8.50564,5.62976,0,0,0,0,0,0,0,0,0,0,0, 0,0,0,0,0,6,0,0,0,0
33120,3,29,-2.4,132,31.75,-0.829138,19.7826,0,0,0,0,0,0,0,0,0,0,0, 0,0,0,0,0,6,0,0,0,0
33120,4,244,-55.4,72,32,-8.88987,6.13271,0,0,0,0,0,0,0,0,0,0,0, 0,0,0,0,0,6,0,0,0,0
33120,5,154,-53.4,76,32,-9.15212,6.79696,0,0,0,0,0,0,0,0,0,0,0, 0,0,0,0,0,6,0,0,0,0
33120,6,108,-48,80,32,-8.91774,8.02957,0,0,0,0,0,0,0,0,0,0,0, 0,0,0,0,0,6,0,0,0,0
33120,7,88,-45.9,84,32,-9.04839,8.7685,0,0,0,0,0,0,0,0,0,0,0, 0,0,0,0,0,6,0,0,0,0
33120,8,30,-1.8,116,33,-0.546547,17.3914,0,0,0,0,0,0,0,0,0,0,0, 0,0,0,0,0,6,0,0,0,0
33120,9,139,-57.4,60,32,-7.58207,4.84894,0,0,0,0,0,0,0,0,0,0,0, 0,0,0,0,0,6,0,0,0,0
33120,10,37,1.8,124,31.75,0.58424,18.5908,0,0,0,0,0,0,0,0,0,0,0, 0,0,0,0,0,6,0,0,0,0
33160,0,247,-56.5,64,32,-8.0053,5.2986,0,0,0,0,0,0,0,0,0,0,0, 0,0,0,0,0,7,0,0,0,0
33160,1,292,-55.4,68,32,-8.39599,5.79201,0,0,0,0,0,0,0,0,0,0,0, 0,0,0,0,0,7,0,0,0,0
33160,2,244,-54.4,72,32,-8.78149,6.28693,0,0,0,0,0,0,0,0,0,0,0, 0,0,0,0,0,7,0,0,0,0
33160,3,159,-49.8,76,32,-8.70727,7.35822,0,0,0,0,0,0,0,0,0,0,0, 0,0,0,0,0,7,0,0,0,0
33160,4,113,-46.7,80,32,-8.73327,8.22982,0,0,0,0,0,0,0,0,0,0,0, 0,0,0,0,0,7,0,0,0,0
33160,5,89,-44.2,84,32,-8.78428,9.03307,0,0,0,0,0,0,0,0,0,0,0, 0,0,0,0,0,7,0,0,0,0
33160,6,140,-56.5,60,32,-7.50497,4.96743,0,0,0,0,0,0,0,0,0,0,0, 0,0,0,0,0,7,0,0,0,0
33200,0,248,-56.5,64,32,-8.0053,5.2986,0,0,0,0,0,0,0,0,0,0,0, 0,0,0,0,0,8,0,0,0,0
33200,1,292,-56.5,68,32,-8.50564,5.62976,0,0,0,0,0,0,0,0,0,0,0, 0,0,0,0,0,8,0,0,0,0
33200,2,243,-55.4,72,32,-8.88987,6.13271,0,0,0,0,0,0,0,0,0,0,0, 0,0,0,0,0,8,0,0,0,0
33200,3,156,-51.6,76,32,-8.93411,7.08108,0,0,0,0,0,0,0,0,0,0,0, 0,0,0,0,0,8,0,0,0,0
33200,4,110,-44.2,80,32,-8.36598,8.60293,0,0,0,0,0,0,0,0,0,0,0, 0,0,0,0,0,8,0,0,0,0
33200,5,86,-42.9,84,32,-8.57708,9.23004,0,0,0,0,0,0,0,0,0,0,0, 0,0,0,0,0,8,0,0,0,0
33200,6,142,-56.5,60,32,-7.50497,4.96743,0,0,0,0,0,0,0,0,0,0,0, 0,0,0,0,0,8,0,0,0,0
33240,0,247,-56.5,64,32,-8.0053,5.2986,0,1334,0,0,0,0,0,0,0,0,0, 0,0,0,0,0,9,0,0,0,0
33240,1,290,-55.4,68,32,-8.39599,5.79201,0,1334,0,0,0,0,0,0,0,0,0, 0,0,0,0,0,9,0,0,0,0
33240,2,48,75.1,8,33,1.15965,0.308559,0,1334,0,0,0,0,0,0,0,0,0, 0,0,0,0,0,9,0,0,0,0
33240,3,241,-54.4,72,32,-8.78149,6.28693,0,1334,0,0,0,0,0,0,0,0,0, 0,0,0,0,0,9,0,0,0,0
33240,4,159,-49.8,76,32,-8.70727,7.35822,0,1334,0,0,0,0,0,0,0,0,0, 0,0,0,0,0,9,0,0,0,0
33240,5,116,-44.2,80,32,-8.36598,8.60293,0,1334,0,0,0,0,0,0,0,0,0, 0,0,0,0,0,9,0,0,0,0
33240,6,91,-42.9,84,32,-8.57708,9.23004,0,1334,0,0,0,0,0,0,0,0,0, 0,0,0,0,0,9,0,0,0,0
33240,7,140,-56.5,60,32,-7.50497,4.96743,0,1334,0,0,0,0,0,0,0,0,0, 0,0,0,0,0,9,0,0,0,0
33280,0,245,-57.4,64,32,-8.08754,5.1722,0,0,0,0,0,0,0,0,0,0,0, 0,0,0,0,0,10,0,0,0,0
33280,1,289,-56.5,68,32,-8.50564,5.62976,0,0,0,0,0,0,0,0,0,0,0, 0,0,0,0,0,10,0,0,0,0
33280,2,239,-55.4,72,32,-8.88987,6.13271,0,0,0,0,0,0,0,0,0,0,0, 0,0,0,0,0,10,0,0,0,0
33280,3,154,-51.6,76,32,-8.93411,7.08108,0,0,0,0,0,0,0,0,0,0,0, 0,0,0,0,0,10,0,0,0,0
33280,4,108,-44.2,80,32,-8.36598,8.60293,0,0,0,0,0,0,0,0,0,0,0, 0,0,0,0,0,10,0,0,0,0
33280,5,83,-42.9,84,32,-8.57708,9.23004,0,0,0,0,0,0,0,0,0,0,0, 0,0,0,0,0,10,0,0,0,0
33280,6,138,-57.4,60,32,-7.58207,4.84894,0,0,0,0,0,0,0,0,0,0,0, 0,0,0,0,0,10,0,0,0,0
33320,0,244,-57.4,64,32,-8.08754,5.1722,0,7936,0,0,0,0,0,0,0,0,0, 0,0,0,0,0,11,0,0,0,0
33320,1,288,-56.5,68,32,-8.50564,5.62976,0,7936,0,0,0,0,0,0,0,0,0, 0,0,0,0,0,11,0,0,0,0
33320,2,239,-55.4,72,32,-8.88987,6.13271,0,7936,0,0,0,0,0,0,0,0,0, 0,0,0,0,0,11,0,0,0,0
33320,3,155,-49.8,76,32,-8.70727,7.35822,0,7936,0,0,0,0,0,0,0,0,0, 0,0,0,0,0,11,0,0,0,0
33320,4,111,-43.6,80,32,-8.27543,8.69006,0,7936,0,0,0,0,0,0,0,0,0, 0,0,0,0,0,11,0,0,0,0
33320,5,91,-41.1,84,32,-8.28293,9.4949,0,7936,0,0,0,0,0,0,0,0,0, 0,0,0,0,0,11,0,0,0,0
33320,6,138,-58.4,60,32,-7.66554,4.71587,0,7936,0,0,0,0,0,0,0,0,0, 0,0,0,0,0,11,0,0,0,0
33360,0,246,-57.4,64,32,-8.08754,5.1722,0,1140,0,0,0,0,0,0,0,0,0, 0,0,0,0,0,12,0,0,0,0
33360,1,290,-56.5,68,32,-8.50564,5.62976,0,1140,0,0,0,0,0,0,0,0,0, 0,0,0,0,0,12,0,0,0,0
33360,2,241,-55.4,72,32,-8.88987,6.13271,0,1140,0,0,0,0,0,0,0,0,0, 0,0,0,0,0,12,0,0,0,0
33360,3,154,-51.6,76,32,-8.93411,7.08108,0,1140,0,0,0,0,0,0,0,0,0, 0,0,0,0,0,12,0,0,0,0
33360,4,111,-43.6,80,32,-8.27543,8.69006,0,1140,0,0,0,0,0,0,0,0,0, 0,0,0,0,0,12,0,0,0,0
33360,5,92,-40.5,84,32,-8.18305,9.58112,0,1140,0,0,0,0,0,0,0,0,0, 0,0,0,0,0,12,0,0,0,0
33360,6,139,-58.4,60,32,-7.66554,4.71587,0,1140,0,0,0,0,0,0,0,0,0, 0,0,0,0,0,12,0,0,0,0
33400,0,243,-57.4,64,32,-8.08754,5.1722,0,86,0,0,0,0,0,0,0,0,0, 0,0,0,0,0,13,0,0,0,0
33400,1,289,-56.5,68,32,-8.50564,5.62976,0,86,0,0,0,0,0,0,0,0,0, 0,0,0,0,0,13,0,0,0,0
33400,2,242,-55.4,72,32,-8.88987,6.13271,0,86,0,0,0,0,0,0,0,0,0, 0,0,0,0,0,13,0,0,0,0
33400,3,158,-48,76,32,-8.47185,7.62809,0,86,0,0,0,0,0,0,0,0,0, 0,0,0,0,0,13,0,0,0,0
33400,4,118,-43.6,80,32,-8.27543,8.69006,0,86,0,0,0,0,0,0,0,0,0, 0,0,0,0,0,13,0,0,0,0
33400,5,104,-40.5,84,32,-8.18305,9.58112,0,86,0,0,0,0,0,0,0,0,0, 0,0,0,0,0,13,0,0,0,0
33400,6,139,-56.5,60,32,-7.50497,4.96743,0,86,0,0,0,0,0,0,0,0,0, 0,0,0,0,0,13,0,0,0,0
33440,0,246,-57.4,64,32,-8.08754,5.1722,0,0,0,0,0,0,0,0,0,0,0, 0,0,0,0,0,14,0,0,0,0
33440,1,290,-56.5,68,32,-8.50564,5.62976,0,0,0,0,0,0,0,0,0,0,0, 0,0,0,0,0,14,0,0,0,0
33440,2,33,-1.8,132,31.75,-0.621933,19.7902,0,0,0,0,0,0,0,0,0,0,0, 0,0,0,0,0,14,0,0,0,0
33440,3,240,-55.4,72,32,-8.88987,6.13271,0,0,0,0,0,0,0,0,0,0,0, 0,0,0,0,0,14,0,0,0,0
33440,4,155,-51.6,76,32,-8.93411,7.08108,0,0,0,0,0,0,0,0,0,0,0, 0,0,0,0,0,14,0,0,0,0
33440,5,113,-42.9,80,32,-8.16865,8.79051,0,0,0,0,0,0,0,0,0,0,0, 0,0,0,0,0,14,0,0,0,0
33440,6,98,-41.1,84,32,-8.28293,9.4949,0,0,0,0,0,0,0,0,0,0,0, 0,0,0,0,0,14,0,0,0,0
33440,7,138,-58.4,60,32,-7.66554,4.71587,0,0,0,0,0,0,0,0,0,0,0, 0,0,0,0,0,14,0,0,0,0
33480,0,245,-57.4,64,32,-8.08754,5.1722,0,0,0,0,0,0,0,0,0,0,0, 0,0,0,0,0,15,0,0,0,0
33480,1,290,-56.5,68,32,-8.50564,5.62976,0,0,0,0,0,0,0,0,0,0,0, 0,0,0,0,0,15,0,0,0,0
33480,2,242,-55.4,72,32,-8.88987,6.13271,0,0,0,0,0,0,0,0,0,0,0, 0,0,0,0,0,15,0,0,0,0
33480,3,158,-51.6,76,32,-8.93411,7.08108,0,0,0,0,0,0,0,0,0,0,0, 0,0,0,0,0,15,0,0,0,0
33480,4,116,-43.6,80,32,-8.27543,8.69006,0,0,0,0,0,0,0,0,0,0,0, 0,0,0,0,0,15,0,0,0,0
33480,5,98,-41.7,84,32,-8.3819,9.40764,0,0,0,0,0,0,0,0,0,0,0, 0,0,0,0,0,15,0,0,0,0
33480,6,139,-58.4,60,32,-7.66554,4.71587,0,0,0,0,0,0,0,0,0,0,0, 0,0,0,0,0,15,0,0,0,0
33480,7,27,-1.8,124,31.75,-0.58424,18.5908,0,0,0,0,0,0,0,0,0,0,0, 0,0,0,0,0,15,0,0,0,0
33520,0,247,-58.4,64,32,-8.17658,5.03026,0,0,0,0,0,0,0,0,0,0,0, 0,0,0,0,0,0,0,0,0,0
33520,1,290,-56.5,68,32,-8.50564,5.62976,0,0,0,0,0,0,0,0,0,0,0, 0,0,0,0,0,0,0,0,0,0
33520,2,43,71.1,8,33,1.1353,0.388701,0,0,0,0,0,0,0,0,0,0,0, 0,0,0,0,0,0,0,0,0,0
33520,3,242,-56.5,72,32,-9.00597,5.96092,0,0,0,0,0,0,0,0,0,0,0, 0,0,0,0,0,0,0,0,0,0
33520,4,153,-53.4,76,32,-9.15212,6.79696,0,0,0,0,0,0,0,0,0,0,0, 0,0,0,0,0,0,0,0,0,0
33520,5,106,-44.2,80,32,-8.36598,8.60293,0,0,0,0,0,0,0,0,0,0,0, 0,0,0,0,0,0,0,0,0,0
33520,6,85,-41.7,84,32,-8.3819,9.40764,0,0,0,0,0,0,0,0,0,0,0, 0,0,0,0,0,0,0,0,0,0
33520,7,140,-58.4,60,32,-7.66554,4.71587,0,0,0,0,0,0,0,0,0,0,0, 0,0,0,0,0,0,0,0,0,0
33560,0,247,-56.5,64,32,-8.0053,5.2986,0,0,0,0,0,0,0,0,0,0,0, 0,0,0,0,0,1,0,0,0,0
33560,1,291,-56.5,68,32,-8.50564,5.62976,0,0,0,0,0,0,0,0,0,0,0, 0,0,0,0,0,1,0,0,0,0
33560,2,241,-55.4,72,32,-8.88987,6.13271,0,0,0,0,0,0,0,0,0,0,0, 0,0,0,0,0,1,0,0,0,0
33560,3,156,-53.4,76,32,-9.15212,6.79696,0,0,0,0,0,0,0,0,0,0,0, 0,0,0,0,0,1,0,0,0,0
33560,4,108,-46.7,80,32,-8.73327,8.22982,0,0,0,0,0,0,0,0,0,0,0, 0,0,0,0,0,1,0,0,0,0
33560,5,85,-45.9,84,32,-9.04839,8.7685,0,0,0,0,0,0,0,0,0,0,0, 0,0,0,0,0,1,0,0,0,0
33560,6,139,-58.4,60,32,-7.66554,4.71587,0,0,0,0,0,0,0,0,0,0,0, 0,0,0,0,0,1,0,0,0,0
33600,0,247,-58.4,64,32,-8.17658,5.03026,0,0,0,0,0,0,0,0,0,0,0, 0,0,0,0,0,2,0,0,0,0
33600,1,291,-57.4,68,32,-8.59301,5.49546,0,0,0,0,0,0,0,0,0,0,0, 0,0,0,0,0,2,0,0,0,0
33600,2,242,-56.5,72,32,-9.00597,5.96092,0,0,0,0,0,0,0,0,0,0,0, 0,0,0,0,0,2,0,0,0,0
33600,3,151,-54.4,76,32,-9.26935,6.6362,0,0,0,0,0,0,0,0,0,0,0, 0,0,0,0,0,2,0,0,0,0
33600,4,104,-45.9,80,32,-8.61752,8.35095,0,0,0,0,0,0,0,0,0,0,0, 0,0,0,0,0,2,0,0,0,0
33600,5,84,-45,84,32,-8.90955,8.90955,0,0,0,0,0,0,0,0,0,0,0, 0,0,0,0,0,2,0,0,0,0
33600,6,138,-58.4,60,32,-7.66554,4.71587,0,0,0,0,0,0,0,0,0,0,0, 0,0,0,0,0,2,0,0,0,0
33600,7,37,2.4,120,33,0.753762,17.9842,0,0,0,0,0,0,0,0,0,0,0, 0,0,0,0,0,2,0,0,0,0
33600,8,0,37.1,84,32,7.60042,10.0496,2,0,0,0,0,0,0,0,0,0,0, 0,0,0,0,0,2,0,0,0,0
33640,0,244,-57.4,64,32,-8.08754,5.1722,0,0,0,0,0,0,0,0,0,0,0, 0,0,0,0,0,3,0,0,0,0
33640,1,289,-56.5,68,32,-8.50564,5.62976,0,0,0,0,0,0,0,0,0,0,0, 0,0,0,0,0,3,0,0,0,0
33640,2,240,-56.5,72,32,-9.00597,5.96092,0,0,0,0,0,0,0,0,0,0,0, 0,0,0,0,0,3,0,0,0,0
33640,3,156,-53.4,76,32,-9.15212,6.79696,0,0,0,0,0,0,0,0,0,0,0, 0,0,0,0,0,3,0,0,0,0
33640,4,110,-46.7,80,32,-8.73327,8.22982,0,0,0,0,0,0,0,0,0,0,0, 0,0,0,0,0,3,0,0,0,0
33640,5,85,-49.8,84,32,-9.62383,8.13277,0,0,0,0,0,0,0,0,0,0,0, 0,0,0,0,0,3,0,0,0,0
33640,6,137,-56.5,60,32,-7.50497,4.96743,0,0,0,0,0,0,0,0,0,0,0, 0,0,0,0,0,3,0,0,0,0
33680,0,245,-57.4,64,32,-8.08754,5.1722,0,0,0,0,0,0,0,0,0,0,0, 0,0,0,0,0,4,0,0,0,0
33680,1,290,-56.5,68,32,-8.50564,5.62976,0,0,0,0,0,0,0,0,0,0,0, 0,0,0,0,0,4,0,0,0,0
33680,2,240,-56.5,72,32,-9.00597,5.96092,0,0,0,0,0,0,0,0,0,0,0, 0,0,0,0,0,4,0,0,0,0
33680,3,152,-54.4,76,32,-9.26935,6.6362,0,0,0,0,0,0,0,0,0,0,0, 0,0,0,0,0,4,0,0,0,0
33680,4,104,-46.7,80,32,-8.73327,8.22982,0,0,0,0,0,0,0,0,0,0,0, 0,0,0,0,0,4,0,0,0,0
33680,5,82,-46.7,84,32,-9.16994,8.64131,0,0,0,0,0,0,0,0,0,0,0, 0,0,0,0,0,4,0,0,0,0
33680,6,140,-57.4,60,32,-7.58207,4.84894,0,0,0,0,0,0,0,0,0,0,0, 0,0,0,0,0,4,0,0,0,0
33720,0,246,-56.5,64,32,-8.0053,5.2986,0,0,0,0,0,0,0,0,0,0,0, 0,0,0,0,0,5,0,0,0,0
33720,1,291,-56.5,68,32,-8.50564,5.62976,0,0,0,0,0,0,0,0,0,0,0, 0,0,0,0,0,5,0,0,0,0
33720,2,242,-56.5,72,32,-9.00597,5.96092,0,0,0,0,0,0,0,0,0,0,0, 0,0,0,0,0,5,0,0,0,0
33720,3,154,-53.4,76,32,-9.15212,6.79696,0,0,0,0,0,0,0,0,0,0,0, 0,0,0,0,0,5,0,0,0,0
33720,4,106,-46.7,80,32,-8.73327,8.22982,0,0,0,0,0,0,0,0,0,0,0, 0,0,0,0,0,5,0,0,0,0
33720,5,139,-56.5,60,32,-7.50497,4.96743,0,0,0,0,0,0,0,0,0,0,0, 0,0,0,0,0,5,0,0,0,0
33760,0,244,-56.5,64,32,-8.0053,5.2986,0,0,0,0,0,0,0,0,0,0,0, 0,0,0,0,0,6,0,0,0,0
33760,1,288,-56.5,68,32,-8.50564,5.62976,0,0,0,0,0,0,0,0,0,0,0, 0,0,0,0,0,6,0,0,0,0
33760,2,240,-56.5,72,32,-9.00597,5.96092,0,0,0,0,0,0,0,0,0,0,0, 0,0,0,0,0,6,0,0,0,0
33760,3,152,-54.4,76,32,-9.26935,6.6362,0,0,0,0,0,0,0,0,0,0,0, 0,0,0,0,0,6,0,0,0,0
33760,4,102,-46.7,80,32,-8.73327,8.22982,0,0,0,0,0,0,0,0,0,0,0, 0,0,0,0,0,6,0,0,0,0
33760,5,139,-56.5,60,32,-7.50497,4.96743,0,0,0,0,0,0,0,0,0,0,0, 0,0,0,0,0,6,0,0,0,0
33800,0,247,-56.5,64,32,-8.0053,5.2986,0,0,0,0,0,0,0,0,0,0,0, 0,0,0,0,0,7,0,0,0,0
33800,1,290,-56.5,68,32,-8.50564,5.62976,0,0,0,0,0,0,0,0,0,0,0, 0,0,0,0,0,7,0,0,0,0
33800,2,242,-55.4,72,32,-8.88987,6.13271,0,0,0,0,0,0,0,0,0,0,0, 0,0,0,0,0,7,0,0,0,0
33800,3,155,-53.4,76,32,-9.15212,6.79696,0,0,0,0,0,0,0,0,0,0,0, 0,0,0,0,0,7,0,0,0,0
33800,4,104,-48,80,32,-8.91774,8.02957,0,0,0,0,0,0,0,0,0,0,0, 0,0,0,0,0,7,0,0,0,0
33800,5,140,-56.5,60,32,-7.50497,4.96743,0,0,0,0,0,0,0,0,0,0,0, 0,0,0,0,0,7,0,0,0,0
33840,0,245,-56.5,64,32,-8.0053,5.2986,0,0,0,0,0,0,0,0,0,0,0, 0,0,0,0,0,8,0,0,0,0
33840,1,27,0.6,128,31.75,0.201058,19.1989,0,0,0,0,0,0,0,0,0,0,0, 0,0,0,0,0,8,0,0,0,0
33840,2,290,-55.4,68,32,-8.39599,5.79201,0,0,0,0,0,0,0,0,0,0,0, 0,0,0,0,0,8,0,0,0,0
33840,3,242,-55.4,72,32,-8.88987,6.13271,0,0,0,0,0,0,0,0,0,0,0, 0,0,0,0,0,8,0,0,0,0
33840,4,152,-51.6,76,32,-8.93411,7.08108,0,0,0,0,0,0,0,0,0,0,0, 0,0,0,0,0,8,0,0,0,0
33840,5,105,-46.7,80,32,-8.73327,8.22982,0,0,0,0,0,0,0,0,0,0,0, 0,0,0,0,0,8,0,0,0,0
33840,6,140,-55.4,60,32,-7.40823,5.11059,0,0,0,0,0,0,0,0,0,0,0, 0,0,0,0,0,8,0,0,0,0
33880,0,245,-55.4,64,32,-7.90211,5.4513,0,1334,0,0,0,0,0,0,0,0,0, 0,0,0,0,0,9,0,0,0,0
33880,1,291,-55.4,68,32,-8.39599,5.79201,0,1334,0,0,0,0,0,0,0,0,0, 0,0,0,0,0,9,0,0,0,0
33880,2,243,-54.4,72,32,-8.78149,6.28693,0,1334,0,0,0,0,0,0,0,0,0, 0,0,0,0,0,9,0,0,0,0
33880,3,157,-51.6,76,32,-8.93411,7.08108,0,1334,0,0,0,0,0,0,0,0,0, 0,0,0,0,0,9,0,0,0,0
33880,4,25,-4.2,140,30.75,-1.538,20.9436,0,1334,0,0,0,0,0,0,0,0,0, 0,0,0,0,0,9,0,0,0,0
33880,5,108,-49.8,80,32,-9.16555,7.74549,0,1334,0,0,0,0,0,0,0,0,0, 0,0,0,0,0,9,0,0,0,0
33880,6,81,-56.5,84,32,-10.507,6.95441,0,1334,0,0,0,0,0,0,0,0,0, 0,0,0,0,0,9,0,0,0,0
33880,7,25,4.8,116,31.75,1.45599,17.339,0,1334,0,0,0,0,0,0,0,0,0, 0,0,0,0,0,9,0,0,0,0
33880,8,138,-56.5,60,32,-7.50497,4.96743,0,1334,0,0,0,0,0,0,0,0,0, 0,0,0,0,0,9,0,0,0,0
33920,0,246,-56.5,64,32,-8.0053,5.2986,0,0,0,0,0,0,0,0,0,0,0, 0,0,0,0,0,10,0,0,0,0
33920,1,290,-56.5,68,32,-8.50564,5.62976,0,0,0,0,0,0,0,0,0,0,0, 0,0,0,0,0,10,0,0,0,0
33920,2,37,65.6,8,33,1.09282,0.495725,0,0,0,0,0,0,0,0,0,0,0, 0,0,0,0,0,10,0,0,0,0
33920,3,242,-55.4,72,32,-8.88987,6.13271,0,0,0,0,0,0,0,0,0,0,0, 0,0,0,0,0,10,0,0,0,0
33920,4,154,-53.4,76,32,-9.15212,6.79696,0,0,0,0,0,0,0,0,0,0,0, 0,0,0,0,0,10,0,0,0,0
33920,5,104,-48,80,32,-8.91774,8.02957,0,0,0,0,0,0,0,0,0,0,0, 0,0,0,0,0,10,0,0,0,0
33920,6,140,-55.4,60,32,-7.40823,5.11059,0,0,0,0,0,0,0,0,0,0,0, 0,0,0,0,0,10,0,0,0,0
33960,0,248,-55.4,64,32,-7.90211,5.4513,0,7936,0,0,0,0,0,0,0,0,0, 0,0,0,0,0,11,0,0,0,0
33960,1,294,-55.4,68,32,-8.39599,5.79201,0,7936,0,0,0,0,0,0,0,0,0, 0,0,0,0,0,11,0,0,0,0
33960,2,243,-54.4,72,32,-8.78149,6.28693,0,7936,0,0,0,0,0,0,0,0,0, 0,0,0,0,0,11,0,0,0,0
33960,3,159,-51.6,76,32,-8.93411,7.08108,0,7936,0,0,0,0,0,0,0,0,0, 0,0,0,0,0,11,0,0,0,0
33960,4,108,-48,80,32,-8.91774,8.02957,0,7936,0,0,0,0,0,0,0,0,0, 0,0,0,0,0,11,0,0,0,0
33960,5,84,-53.4,84,32,-10.1155,7.51243,0,7936,0,0,0,0,0,0,0,0,0, 0,0,0,0,0,11,0,0,0,0
33960,6,140,-55.4,60,32,-7.40823,5.11059,0,7936,0,0,0,0,0,0,0,0,0, 0,0,0,0,0,11,0,0,0,0
34000,0,246,-55.4,64,32,-7.90211,5.4513,0,1140,0,0,0,0,0,0,0,0,0, 0,0,0,0,0,12,0,0,0,0
34000,1,291,-55.4,68,32,-8.39599,5.79201,0,1140,0,0,0,0,0,0,0,0,0, 0,0,0,0,0,12,0,0,0,0
34000,2,43,67.6,8,33,1.10946,0.457284,0,1140,0,0,0,0,0,0,0,0,0, 0,0,0,0,0,12,0,0,0,0
34000,3,242,-55.4,72,32,-8.88987,6.13271,0,1140,0,0,0,0,0,0,0,0,0, 0,0,0,0,0,12,0,0,0,0
34000,4,153,-51.6,76,32,-8.93411,7.08108,0,1140,0,0,0,0,0,0,0,0,0, 0,0,0,0,0,12,0,0,0,0
34000,5,103,-48,80,32,-8.91774,8.02957,0,1140,0,0,0,0,0,0,0,0,0, 0,0,0,0,0,12,0,0,0,0
34000,6,139,-56.5,60,32,-7.50497,4.96743,0,1140,0,0,0,0,0,0,0,0,0, 0,0,0,0,0,12,0,0,0,0
34040,0,247,-56.5,64,32,-8.0053,5.2986,0,86,0,0,0,0,0,0,0,0,0, 0,0,0,0,0,13,0,0,0,0
34040,1,292,-56.5,68,32,-8.50564,5.62976,0,86,0,0,0,0,0,0,0,0,0, 0,0,0,0,0,13,0,0,0,0
34040,2,242,-55.4,72,32,-8.88987,6.13271,0,86,0,0,0,0,0,0,0,0,0, 0,0,0,0,0,13,0,0,0,0
34040,3,154,-51.6,76,32,-8.93411,7.08108,0,86,0,0,0,0,0,0,0,0,0, 0,0,0,0,0,13,0,0,0,0
34040,4,37,-4.8,140,30.75,-1.75723,20.9263,0,86,0,0,0,0,0,0,0,0,0, 0,0,0,0,0,13,0,0,0,0
34040,5,36,-2.4,140,32.25,-0.879389,20.9816,0,86,0,0,0,0,0,0,0,0,0, 0,0,0,0,0,13,0,0,0,0
34040,6,109,-45.9,80,32,-8.61752,8.35095,0,86,0,0,0,0,0,0,0,0,0, 0,0,0,0,0,13,0,0,0,0
34040,7,83,-46.7,84,32,-9.16994,8.64131,0,86,0,0,0,0,0,0,0,0,0, 0,0,0,0,0,13,0,0,0,0
34040,8,139,-56.5,60,32,-7.50497,4.96743,0,86,0,0,0,0,0,0,0,0,0, 0,0,0,0,0,13,0,0,0,0
34080,0,245,-56.5,64,32,-8.0053,5.2986,0,0,0,0,0,0,0,0,0,0,0, 0,0,0,0,0,14,0,0,0,0
34080,1,29,6.1,128,32.25,2.04027,19.0913,0,0,0,0,0,0,0,0,0,0,0, 0,0,0,0,0,14,0,0,0,0
34080,2,291,-55.4,68,32,-8.39599,5.79201,0,0,0,0,0,0,0,0,0,0,0, 0,0,0,0,0,14,0,0,0,0
34080,3,243,-55.4,72,32,-8.88987,6.13271,0,0,0,0,0,0,0,0,0,0,0, 0,0,0,0,0,14,0,0,0,0
34080,4,158,-51.6,76,32,-8.93411,7.08108,0,0,0,0,0,0,0,0,0,0,0, 0,0,0,0,0,14,0,0,0,0
34080,5,111,-46.7,80,32,-8.73327,8.22982,0,0,0,0,0,0,0,0,0,0,0, 0,0,0,0,0,14,0,0,0,0
34080,6,86,-51.6,84,32,-9.87454,7.82646,0,0,0,0,0,0,0,0,0,0,0, 0,0,0,0,0,14,0,0,0,0
34080,7,138,-56.5,60,32,-7.50497,4.96743,0,0,0,0,0,0,0,0,0,0,0, 0,0,0,0,0,14,0,0,0,0
34120,0,245,-56.5,64,32,-8.0053,5.2986,0,0,0,0,0,0,0,0,0,0,0, 0,0,0,0,0,15,0,0,0,0
34120,1,289,-56.5,68,32,-8.50564,5.62976,0,0,0,0,0,0,0,0,0,0,0, 0,0,0,0,0,15,0,0,0,0
34120,2,241,-55.4,72,32,-8.88987,6.13271,0,0,0,0,0,0,0,0,0,0,0, 0,0,0,0,0,15,0,0,0,0
34120,3,154,-51.6,76,32,-8.93411,7.08108,0,0,0,0,0,0,0,0,0,0,0, 0,0,0,0,0,15,0,0,0,0
34120,4,107,-45.9,80,32,-8.61752,8.35095,0,0,0,0,0,0,0,0,0,0,0, 0,0,0,0,0,15,0,0,0,0
34120,5,81,-49.8,84,32,-9.62383,8.13277,0,0,0,0,0,0,0,0,0,0,0, 0,0,0,0,0,15,0,0,0,0
34120,6,140,-57.4,60,32,-7.58207,4.84894,0,0,0,0,0,0,0,0,0,0,0, 0,0,0,0,0,15,0,0,0,0
34160,0,245,-56.5,64,32,-8.0053,5.2986,0,0,0,0,0,0,0,0,0,0,0, 0,0,0,0,0,0,0,0,0,0
34160,1,290,-56.5,68,32,-8.50564,5.62976,0,0,0,0,0,0,0,0,0,0,0, 0,0,0,0,0,0,0,0,0,0
34160,2,240,-55.4,72,32,-8.88987,6.13271,0,0,0,0,0,0,0,0,0,0,0, 0,0,0,0,0,0,0,0,0,0
34160,3,156,-51.6,76,32,-8.93411,7.08108,0,0,0,0,0,0,0,0,0,0,0, 0,0,0,0,0,0,0,0,0,0
34160,4,109,-45,80,32,-8.48528,8.48528,0,0,0,0,0,0,0,0,0,0,0, 0,0,0,0,0,0,0,0,0,0
34160,5,83,-49.8,84,32,-9.62383,8.13277,0,0,0,0,0,0,0,0,0,0,0, 0,0,0,0,0,0,0,0,0,0
34160,6,138,-56.5,60,32,-7.50497,4.96743,0,0,0,0,0,0,0,0,0,0,0, 0,0,0,0,0,0,0,0,0,0
34200,0,246,-57.4,64,32,-8.08754,5.1722,0,0,0,0,0,0,0,0,0,0,0, 0,0,0,0,0,1,0,0,0,0
34200,1,289,-57.4,68,32,-8.59301,5.49546,0,0,0,0,0,0,0,0,0,0,0, 0,0,0,0,0,1,0,0,0,0
34200,2,240,-56.5,72,32,-9.00597,5.96092,0,0,0,0,0,0,0,0,0,0,0, 0,0,0,0,0,1,0,0,0,0
34200,3,153,-53.4,76,32,-9.15212,6.79696,0,0,0,0,0,0,0,0,0,0,0, 0,0,0,0,0,1,0,0,0,0
34200,4,106,-45.9,80,32,-8.61752,8.35095,0,0,0,0,0,0,0,0,0,0,0, 0,0,0,0,0,1,0,0,0,0
34200,5,138,-58.4,60,32,-7.66554,4.71587,0,0,0,0,0,0,0,0,0,0,0, 0,0,0,0,0,1,0,0,0,0
34240,0,245,-58.4,64,32,-8.17658,5.03026,0,0,0,0,0,0,0,0,0,0,0, 0,0,0,0,0,2,0,0,0,0
34240,1,289,-57.4,68,32,-8.59301,5.49546,0,0,0,0,0,0,0,0,0,0,0, 0,0,0,0,0,2,0,0,0,0
34240,2,41,68.6,8,33,1.11727,0.437852,0,0,0,0,0,0,0,0,0,0,0, 0,0,0,0,0,2,0,0,0,0
34240,3,239,-56.5,72,32,-9.00597,5.96092,0,0,0,0,0,0,0,0,0,0,0, 0,0,0,0,0,2,0,0,0,0
34240,4,151,-53.4,76,32,-9.15212,6.79696,0,0,0,0,0,0,0,0,0,0,0, 0,0,0,0,0,2,0,0,0,0
34240,5,105,-45,80,32,-8.48528,8.48528,0,0,0,0,0,0,0,0,0,0,0, 0,0,0,0,0,2,0,0,0,0
34240,6,139,-58.4,60,32,-7.66554,4.71587,0,0,0,0,0,0,0,0,0,0,0, 0,0,0,0,0,2,0,0,0,0
34280,0,245,-58.4,64,32,-8.17658,5.03026,0,0,0,0,0,0,0,0,0,0,0, 0,0,0,0,0,3,0,0,0,0
34280,1,290,-57.4,68,32,-8.59301,5.49546,0,0,0,0,0,0,0,0,0,0,0, 0,0,0,0,0,3,0,0,0,0
34280,2,241,-56.5,72,32,-9.00597,5.96092,0,0,0,0,0,0,0,0,0,0,0, 0,0,0,0,0,3,0,0,0,0
34280,3,152,-53.4,76,32,-9.15212,6.79696,0,0,0,0,0,0,0,0,0,0,0, 0,0,0,0,0,3,0,0,0,0
34280,4,103,-46.7,80,32,-8.73327,8.22982,0,0,0,0,0,0,0,0,0,0,0, 0,0,0,0,0,3,0,0,0,0
34280,5,140,-57.4,60,32,-7.58207,4.84894,0,0,0,0,0,0,0,0,0,0,0, 0,0,0,0,0,3,0,0,0,0
34320,0,246,-57.4,64,32,-8.08754,5.1722,0,0,0,0,0,0,0,0,0,0,0, 0,0,0,0,0,4,0,0,0,0
34320,1,291,-56.5,68,32,-8.50564,5.62976,0,0,0,0,0,0,0,0,0,0,0, 0,0,0,0,0,4,0,0,0,0
34320,2,242,-56.5,72,32,-9.00597,5.96092,0,0,0,0,0,0,0,0,0,0,0, 0,0,0,0,0,4,0,0,0,0
34320,3,156,-53.4,76,32,-9.15212,6.79696,0,0,0,0,0,0,0,0,0,0,0, 0,0,0,0,0,4,0,0,0,0
34320,4,104,-48,80,32,-8.91774,8.02957,0,0,0,0,0,0,0,0,0,0,0, 0,0,0,0,0,4,0,0,0,0
34320,5,140,-56.5,60,32,-7.50497,4.96743,0,0,0,0,0,0,0,0,0,0,0, 0,0,0,0,0,4,0,0,0,0
34360,0,246,-57.4,64,32,-8.08754,5.1722,0,0,0,0,0,0,0,0,0,0,0, 0,0,0,0,0,5,0,0,0,0
34360,1,291,-56.5,68,32,-8.50564,5.62976,0,0,0,0,0,0,0,0,0,0,0, 0,0,0,0,0,5,0,0,0,0
34360,2,242,-56.5,72,32,-9.00597,5.96092,0,0,0,0,0,0,0,0,0,0,0, 0,0,0,0,0,5,0,0,0,0
34360,3,154,-53.4,76,32,-9.15212,6.79696,0,0,0,0,0,0,0,0,0,0,0, 0,0,0,0,0,5,0,0,0,0
34360,4,105,-46.7,80,32,-8.73327,8.22982,0,0,0,0,0,0,0,0,0,0,0, 0,0,0,0,0,5,0,0,0,0
34360,5,139,-57.4,60,32,-7.58207,4.84894,0,0,0,0,0,0,0,0,0,0,0, 0,0,0,0,0,5,0,0,0,0
34400,0,244,-57.4,64,32,-8.08754,5.1722,0,0,0,0,0,0,0,0,0,0,0, 0,0,0,0,0,6,0,0,0,0
34400,1,290,-56.5,68,32,-8.50564,5.62976,0,0,0,0,0,0,0,0,0,0,0, 0,0,0,0,0,6,0,0,0,0
34400,2,243,-56.5,72,32,-9.00597,5.96092,0,0,0,0,0,0,0,0,0,0,0, 0,0,0,0,0,6,0,0,0,0
34400,3,157,-53.4,76,32,-9.15212,6.79696,0,0,0,0,0,0,0,0,0,0,0, 0,0,0,0,0,6,0,0,0,0
34400,4,109,-48,80,32,-8.91774,8.02957,0,0,0,0,0,0,0,0,0,0,0, 0,0,0,0,0,6,0,0,0,0
34400,5,138,-56.5,60,32,-7.50497,4.96743,0,0,0,0,0,0,0,0,0,0,0, 0,0,0,0,0,6,0,0,0,0
34440,0,247,-57.4,64,32,-8.08754,5.1722,0,0,0,0,0,0,0,0,0,0,0, 0,0,0,0,0,7,0,0,0,0
34440,1,293,-56.5,68,32,-8.50564,5.62976,0,0,0,0,0,0,0,0,0,0,0, 0,0,0,0,0,7,0,0,0,0
34440,2,243,-56.5,72,32,-9.00597,5.96092,0,0,0,0,0,0,0,0,0,0,0, 0,0,0,0,0,7,0,0,0,0
34440,3,155,-53.4,76,32,-9.15212,6.79696,0,0,0,0,0,0,0,0,0,0,0, 0,0,0,0,0,7,0,0,0,0
34440,4,104,-48,80,32,-8.91774,8.02957,0,0,0,0,0,0,0,0,0,0,0, 0,0,0,0,0,7,0,0,0,0
34440,5,21,8.3,116,31.5,2.5118,17.2177,0,0,0,0,0,0,0,0,0,0,0, 0,0,0,0,0,7,0,0,0,0
34440,6,17,-4.8,120,32.25,-1.5062,17.9369,0,0,0,0,0,0,0,0,0,0,0, 0,0,0,0,0,7,0,0,0,0
34440,7,139,-57.4,60,32,-7.58207,4.84894,0,0,0,0,0,0,0,0,0,0,0, 0,0,0,0,0,7,0,0,0,0
34440,8,29,3.6,124,30.75,1.1679,18.5633,0,0,0,0,0,0,0,0,0,0,0, 0,0,0,0,0,7,0,0,0,0
34480,0,246,-57.4,64,32,-8.08754,5.1722,0,0,0,0,0,0,0,0,0,0,0, 0,0,0,0,0,8,0,0,0,0
34480,1,290,-57.4,68,32,-8.59301,5.49546,0,0,0,0,0,0,0,0,0,0,0, 0,0,0,0,0,8,0,0,0,0
34480,2,240,-57.4,72,32,-9.09849,5.81872,0,0,0,0,0,0,0,0,0,0,0, 0,0,0,0,0,8,0,0,0,0
34480,3,154,-54.4,76,32,-9.26935,6.6362,0,0,0,0,0,0,0,0,0,0,0, 0,0,0,0,0,8,0,0,0,0
34480,4,105,-48,80,32,-8.91774,8.02957,0,0,0,0,0,0,0,0,0,0,0, 0,0,0,0,0,8,0,0,0,0
34480,5,138,-57.4,60,32,-7.58207,4.84894,0,0,0,0,0,0,0,0,0,0,0, 0,0,0,0,0,8,0,0,0,0
34520,0,246,-57.4,64,32,-8.08754,5.1722,0,1334,0,0,0,0,0,0,0,0,0, 0,0,0,0,0,9,0,0,0,0
34520,1,290,-56.5,68,32,-8.50564,5.62976,0,1334,0,0,0,0,0,0,0,0,0, 0,0,0,0,0,9,0,0,0,0
34520,2,243,-55.4,72,32,-8.88987,6.13271,0,1334,0,0,0,0,0,0,0,0,0, 0,0,0,0,0,9,0,0,0,0
34520,3,157,-51.6,76,32,-8.93411,7.08108,0,1334,0,0,0,0,0,0,0,0,0, 0,0,0,0,0,9,0,0,0,0
34520,4,108,-48,80,32,-8.91774,8.02957,0,1334,0,0,0,0,0,0,0,0,0, 0,0,0,0,0,9,0,0,0,0
34520,5,137,-56.5,60,32,-7.50497,4.96743,0,1334,0,0,0,0,0,0,0,0,0, 0,0,0,0,0,9,0,0,0,0
34560,0,246,-56.5,64,32,-8.0053,5.2986,0,0,0,0,0,0,0,0,0,0,0, 0,0,0,0,0,10,0,0,0,0
34560,1,292,-56.5,68,32,-8.50564,5.62976,0,0,0,0,0,0,0,0,0,0,0, 0,0,0,0,0,10,0,0,0,0
34560,2,243,-55.4,72,32,-8.88987,6.13271,0,0,0,0,0,0,0,0,0,0,0, 0,0,0,0,0,10,0,0,0,0
34560,3,155,-53.4,76,32,-9.15212,6.79696,0,0,0,0,0,0,0,0,0,0,0, 0,0,0,0,0,10,0,0,0,0
34560,4,104,-48,80,32,-8.91774,8.02957,0,0,0,0,0,0,0,0,0,0,0, 0,0,0,0,0,10,0,0,0,0
34560,5,139,-57.4,60,32,-7.58207,4.84894,0,0,0,0,0,0,0,0,0,0,0, 0,0,0,0,0,10,0,0,0,0
34600,0,245,-56.5,64,32,-8.0053,5.2986,0,7936,0,0,0,0,0,0,0,0,0, 0,0,0,0,0,11,0,0,0,0
34600,1,291,-56.5,68,32,-8.50564,5.62976,0,7936,0,0,0,0,0,0,0,0,0, 0,0,0,0,0,11,0,0,0,0
34600,2,48,72.4,8,33,1.14383,0.362844,0,7936,0,0,0,0,0,0,0,0,0, 0,0,0,0,0,11,0,0,0,0
34600,3,243,-55.4,72,32,-8.88987,6.13271,0,7936,0,0,0,0,0,0,0,0,0, 0,0,0,0,0,11,0,0,0,0
34600,4,157,-53.4,76,32,-9.15212,6.79696,0,7936,0,0,0,0,0,0,0,0,0, 0,0,0,0,0,11,0,0,0,0
34600,5,104,-53.4,80,32,-9.63381,7.1547,0,7936,0,0,0,0,0,0,0,0,0, 0,0,0,0,0,11,0,0,0,0
34600,6,57,-3.6,120,31.5,-1.13023,17.9645,0,7936,0,0,0,0,0,0,0,0,0, 0,0,0,0,0,11,0,0,0,0
34600,7,38,-2.4,120,32.25,-0.753762,17.9842,0,7936,0,0,0,0,0,0,0,0,0, 0,0,0,0,0,11,0,0,0,0
34600,8,141,-55.4,60,32,-7.40823,5.11059,0,7936,0,0,0,0,0,0,0,0,0, 0,0,0,0,0,11,0,0,0,0
34600,9,50,-2.4,124,31.75,-0.778887,18.5837,0,7936,0,0,0,0,0,0,0,0,0, 0,0,0,0,0,11,0,0,0,0
34640,0,247,-56.5,64,32,-8.0053,5.2986,0,1140,0,0,0,0,0,0,0,0,0, 0,0,0,0,0,12,0,0,0,0
34640,1,290,-56.5,68,32,-8.50564,5.62976,0,1140,0,0,0,0,0,0,0,0,0, 0,0,0,0,0,12,0,0,0,0
34640,2,242,-56.5,72,32,-9.00597,5.96092,0,1140,0,0,0,0,0,0,0,0,0, 0,0,0,0,0,12,0,0,0,0
34640,3,154,-54.4,76,32,-9.26935,6.6362,0,1140,0,0,0,0,0,0,0,0,0, 0,0,0,0,0,12,0,0,0,0
34640,4,102,-51.6,80,32,-9.40432,7.45377,0,1140,0,0,0,0,0,0,0,0,0, 0,0,0,0,0,12,0,0,0,0
34640,5,26,1.3,116,31.75,0.39476,17.3955,0,1140,0,0,0,0,0,0,0,0,0, 0,0,0,0,0,12,0,0,0,0
34640,6,138,-56.5,60,32,-7.50497,4.96743,0,1140,0,0,0,0,0,0,0,0,0, 0,0,0,0,0,12,0,0,0,0
34680,0,245,-57.4,64,32,-8.08754,5.1722,0,86,0,0,0,0,0,0,0,0,0, 0,0,0,0,0,13,0,0,0,0
34680,1,291,-56.5,68,32,-8.50564,5.62976,0,86,0,0,0,0,0,0,0,0,0, 0,0,0,0,0,13,0,0,0,0
34680,2,240,-56.5,72,32,-9.00597,5.96092,0,86,0,0,0,0,0,0,0,0,0, 0,0,0,0,0,13,0,0,0,0
34680,3,151,-55.4,76,32,-9.38375,6.47342,0,86,0,0,0,0,0,0,0,0,0, 0,0,0,0,0,13,0,0,0,0
34680,4,100,-51.6,80,32,-9.40432,7.45377,0,86,0,0,0,0,0,0,0,0,0, 0,0,0,0,0,13,0,0,0,0
34680,5,34,-3,120,32.25,-0.942047,17.9753,0,86,0,0,0,0,0,0,0,0,0, 0,0,0,0,0,13,0,0,0,0
34680,6,138,-58.4,60,32,-7.66554,4.71587,0,86,0,0,0,0,0,0,0,0,0, 0,0,0,0,0,13,0,0,0,0
34720,0,245,-57.4,64,32,-8.08754,5.1722,0,0,0,0,0,0,0,0,0,0,0, 0,0,0,0,0,14,0,0,0,0
34720,1,45,3.6,128,32.25,1.20558,19.1621,0,0,0,0,0,0,0,0,0,0,0, 0,0,0,0,0,14,0,0,0,0
34720,2,291,-56.5,68,32,-8.50564,5.62976,0,0,0,0,0,0,0,0,0,0,0, 0,0,0,0,0,14,0,0,0,0
34720,3,240,-56.5,72,32,-9.00597,5.96092,0,0,0,0,0,0,0,0,0,0,0, 0,0,0,0,0,14,0,0,0,0
34720,4,155,-54.4,76,32,-9.26935,6.6362,0,0,0,0,0,0,0,0,0,0,0, 0,0,0,0,0,14,0,0,0,0
34720,5,107,-51.6,80,32,-9.40432,7.45377,0,0,0,0,0,0,0,0,0,0,0, 0,0,0,0,0,14,0,0,0,0
34720,6,82,-55.4,84,32,-10.3715,7.15483,0,0,0,0,0,0,0,0,0,0,0, 0,0,0,0,0,14,0,0,0,0
34720,7,139,-56.5,60,32,-7.50497,4.96743,0,0,0,0,0,0,0,0,0,0,0, 0,0,0,0,0,14,0,0,0,0
34760,0,245,-57.4,64,32,-8.08754,5.1722,0,0,0,0,0,0,0,0,0,0,0, 0,0,0,0,0,15,0,0,0,0
34760,1,290,-56.5,68,32,-8.50564,5.62976,0,0,0,0,0,0,0,0,0,0,0, 0,0,0,0,0,15,0,0,0,0
34760,2,41,72.4,8,33,1.14383,0.362844,0,0,0,0,0,0,0,0,0,0,0, 0,0,0,0,0,15,0,0,0,0
34760,3,243,-55.4,72,32,-8.88987,6.13271,0,0,0,0,0,0,0,0,0,0,0, 0,0,0,0,0,15,0,0,0,0
34760,4,155,-53.4,76,32,-9.15212,6.79696,0,0,0,0,0,0,0,0,0,0,0, 0,0,0,0,0,15,0,0,0,0
34760,5,106,-48,80,32,-8.91774,8.02957,0,0,0,0,0,0,0,0,0,0,0, 0,0,0,0,0,15,0,0,0,0
34760,6,82,-51.6,84,32,-9.87454,7.82646,0,0,0,0,0,0,0,0,0,0,0, 0,0,0,0,0,15,0,0,0,0
34760,7,46,-4.2,120,31.75,-1.31829,17.9517,0,0,0,0,0,0,0,0,0,0,0, 0,0,0,0,0,15,0,0,0,0
34760,8,139,-57.4,60,32,-7.58207,4.84894,0,0,0,0,0,0,0,0,0,0,0, 0,0,0,0,0,15,0,0,0,0
34760,9,38,-0.6,124,32.25,-0.194775,18.599,0,0,0,0,0,0,0,0,0,0,0, 0,0,0,0,0,15,0,0,0,0
34800,0,246,-56.5,64,32,-8.0053,5.2986,0,0,0,0,0,0,0,0,0,0,0, 0,0,0,0,0,0,0,0,0,0
34800,1,292,-55.4,68,32,-8.39599,5.79201,0,0,0,0,0,0,0,0,0,0,0, 0,0,0,0,0,0,0,0,0,0
34800,2,245,-54.4,72,32,-8.78149,6.28693,0,0,0,0,0,0,0,0,0,0,0, 0,0,0,0,0,0,0,0,0,0
34800,3,159,-51.6,76,32,-8.93411,7.08108,0,0,0,0,0,0,0,0,0,0,0, 0,0,0,0,0,0,0,0,0,0
34800,4,113,-48,80,32,-8.91774,8.02957,0,0,0,0,0,0,0,0,0,0,0, 0,0,0,0,0,0,0,0,0,0
34800,5,88,-51.6,84,32,-9.87454,7.82646,0,0,0,0,0,0,0,0,0,0,0, 0,0,0,0,0,0,0,0,0,0
34800,6,139,-55.4,60,32,-7.40823,5.11059,0,0,0,0,0,0,0,0,0,0,0, 0,0,0,0,0,0,0,0,0,0
34840,0,247,-56.5,64,32,-8.0053,5.2986,0,0,0,0,0,0,0,0,0,0,0, 0,0,0,0,0,1,0,0,0,0
34840,1,291,-56.5,68,32,-8.50564,5.62976,0,0,0,0,0,0,0,0,0,0,0, 0,0,0,0,0,1,0,0,0,0
34840,2,47,68.6,8,33,1.11727,0.437852,0,0,0,0,0,0,0,0,0,0,0, 0,0,0,0,0,1,0,0,0,0
34840,3,241,-55.4,72,32,-8.88987,6.13271,0,0,0,0,0,0,0,0,0,0,0, 0,0,0,0,0,1,0,0,0,0
34840,4,155,-51.6,76,32,-8.93411,7.08108,0,0,0,0,0,0,0,0,0,0,0, 0,0,0,0,0,1,0,0,0,0
34840,5,108,-46.7,80,32,-8.73327,8.22982,0,0,0,0,0,0,0,0,0,0,0, 0,0,0,0,0,1,0,0,0,0
34840,6,83,-51.6,84,32,-9.87454,7.82646,0,0,0,0,0,0,0,0,0,0,0, 0,0,0,0,0,1,0,0,0,0
34840,7,137,-57.4,60,32,-7.58207,4.84894,0,0,0,0,0,0,0,0,0,0,0, 0,0,0,0,0,1,0,0,0,0
34880,0,244,-56.5,64,32,-8.0053,5.2986,0,0,0,0,0,0,0,0,0,0,0, 0,0,0,0,0,2,0,0,0,0
34880,1,290,-55.4,68,32,-8.39599,5.79201,0,0,0,0,0,0,0,0,0,0,0, 0,0,0,0,0,2,0,0,0,0
34880,2,243,-54.4,72,32,-8.78149,6.28693,0,0,0,0,0,0,0,0,0,0,0, 0,0,0,0,0,2,0,0,0,0
34880,3,159,-51.6,76,32,-8.93411,7.08108,0,0,0,0,0,0,0,0,0,0,0, 0,0,0,0,0,2,0,0,0,0
34880,4,110,-48,80,32,-8.91774,8.02957,0,0,0,0,0,0,0,0,0,0,0, 0,0,0,0,0,2,0,0,0,0
34880,5,84,-56.5,84,32,-10.507,6.95441,0,0,0,0,0,0,0,0,0,0,0, 0,0,0,0,0,2,0,0,0,0
34880,6,137,-57.4,60,32,-7.58207,4.84894,0,0,0,0,0,0,0,0,0,0,0, 0,0,0,0,0,2,0,0,0,0
34920,0,245,-57.4,64,32,-8.08754,5.1722,0,0,0,0,0,0,0,0,0,0,0, 0,0,0,0,0,3,0,0,0,0
34920,1,287,-56.5,68,32,-8.50564,5.62976,0,0,0,0,0,0,0,0,0,0,0, 0,0,0,0,0,3,0,0,0,0
34920,2,42,67.6,8,33,1.10946,0.457284,0,0,0,0,0,0,0,0,0,0,0, 0,0,0,0,0,3,0,0,0,0
34920,3,240,-56.5,72,32,-9.00597,5.96092,0,0,0,0,0,0,0,0,0,0,0, 0,0,0,0,0,3,0,0,0,0
34920,4,155,-53.4,76,32,-9.15212,6.79696,0,0,0,0,0,0,0,0,0,0,0, 0,0,0,0,0,3,0,0,0,0
34920,5,108,-45.9,80,32,-8.61752,8.35095,0,0,0,0,0,0,0,0,0,0,0, 0,0,0,0,0,3,0,0,0,0
34920,6,83,-51.6,84,32,-9.87454,7.82646,0,0,0,0,0,0,0,0,0,0,0, 0,0,0,0,0,3,0,0,0,0
34920,7,48,5.4,116,31.5,1.63748,17.3228,0,0,0,0,0,0,0,0,0,0,0, 0,0,0,0,0,3,0,0,0,0
34920,8,13,41.9,372,50,37.2651,41.5326,0,0,0,0,0,0,0,0,0,0,0, 0,0,0,0,0,3,0,0,0,0
34920,9,138,-59.4,60,32,-7.74668,4.58137,0,0,0,0,0,0,0,0,0,0,0, 0,0,0,0,0,3,0,0,0,0
34960,0,245,-58.4,64,32,-8.17658,5.03026,0,0,0,0,0,0,0,0,0,0,0, 0,0,0,0,0,4,0,0,0,0
34960,1,288,-57.4,68,32,-8.59301,5.49546,0,0,0,0,0,0,0,0,0,0,0, 0,0,0,0,0,4,0,0,0,0
34960,2,242,-56.5,72,32,-9.00597,5.96092,0,0,0,0,0,0,0,0,0,0,0, 0,0,0,0,0,4,0,0,0,0
34960,3,158,-53.4,76,32,-9.15212,6.79696,0,0,0,0,0,0,0,0,0,0,0, 0,0,0,0,0,4,0,0,0,0
34960,4,111,-45.9,80,32,-8.61752,8.35095,0,0,0,0,0,0,0,0,0,0,0, 0,0,0,0,0,4,0,0,0,0
34960,5,86,-51.6,84,32,-9.87454,7.82646,0,0,0,0,0,0,0,0,0,0,0, 0,0,0,0,0,4,0,0,0,0
34960,6,54,6.1,116,32.25,1.84899,17.3015,0,0,0,0,0,0,0,0,0,0,0, 0,0,0,0,0,4,0,0,0,0
34960,7,42,1.3,120,30.75,0.408372,17.9954,0,0,0,0,0,0,0,0,0,0,0, 0,0,0,0,0,4,0,0,0,0
34960,8,139,-58.4,60,32,-7.66554,4.71587,0,0,0,0,0,0,0,0,0,0,0, 0,0,0,0,0,4,0,0,0,0
34960,9,51,-1.8,124,31.75,-0.58424,18.5908,0,0,0,0,0,0,0,0,0,0,0, 0,0,0,0,0,4,0,0,0,0
35000,0,247,-58.4,64,32,-8.17658,5.03026,0,0,0,0,0,0,0,0,0,0,0, 0,0,0,0,0,5,0,0,0,0
35000,1,290,-57.4,68,32,-8.59301,5.49546,0,0,0,0,0,0,0,0,0,0,0, 0,0,0,0,0,5,0,0,0,0
35000,2,241,-56.5,72,32,-9.00597,5.96092,0,0,0,0,0,0,0,0,0,0,0, 0,0,0,0,0,5,0,0,0,0
35000,3,152,-51.6,76,32,-8.93411,7.08108,0,0,0,0,0,0,0,0,0,0,0, 0,0,0,0,0,5,0,0,0,0
35000,4,108,-43.6,80,32,-8.27543,8.69006,0,0,0,0,0,0,0,0,0,0,0, 0,0,0,0,0,5,0,0,0,0
35000,5,88,-42.3,84,32,-8.47996,9.31935,0,0,0,0,0,0,0,0,0,0,0, 0,0,0,0,0,5,0,0,0,0
35000,6,33,5.4,120,30.75,1.69395,17.9201,0,0,0,0,0,0,0,0,0,0,0, 0,0,0,0,0,5,0,0,0,0
35000,7,60,3.1,120,31.75,0.973419,17.9737,0,0,0,0,0,0,0,0,0,0,0, 0,0,0,0,0,5,0,0,0,0
35000,8,139,-56.5,60,32,-7.50497,4.96743,0,0,0,0,0,0,0,0,0,0,0, 0,0,0,0,0,5,0,0,0,0
35000,9,71,1.3,124,31.5,0.421984,18.5952,0,0,0,0,0,0,0,0,0,0,0, 0,0,0,0,0,5,0,0,0,0
35000,10,42,0.6,124,32.25,0.194775,18.599,0,0,0,0,0,0,0,0,0,0,0, 0,0,0,0,0,5,0,0,0,0
35040,0,246,-56.5,64,32,-8.0053,5.2986,0,0,0,0,0,0,0,0,0,0,0, 0,0,0,0,0,6,0,0,0,0
35040,1,290,-56.5,68,32,-8.50564,5.62976,0,0,0,0,0,0,0,0,0,0,0, 0,0,0,0,0,6,0,0,0,0
35040,2,243,-55.4,72,32,-8.88987,6.13271,0,0,0,0,0,0,0,0,0,0,0, 0,0,0,0,0,6,0,0,0,0
35040,3,157,-51.6,76,32,-8.93411,7.08108,0,0,0,0,0,0,0,0,0,0,0, 0,0,0,0,0,6,0,0,0,0
35040,4,112,-45,80,32,-8.48528,8.48528,0,0,0,0,0,0,0,0,0,0,0, 0,0,0,0,0,6,0,0,0,0
35040,5,88,-44.2,84,32,-8.78428,9.03307,0,0,0,0,0,0,0,0,0,0,0, 0,0,0,0,0,6,0,0,0,0
35040,6,138,-55.4,60,32,-7.40823,5.11059,0,0,0,0,0,0,0,0,0,0,0, 0,0,0,0,0,6,0,0,0,0
35080,0,248,-56.5,64,32,-8.0053,5.2986,0,0,0,0,0,0,0,0,0,0,0, 0,0,0,0,0,7,0,0,0,0
35080,1,294,-56.5,68,32,-8.50564,5.62976,0,0,0,0,0,0,0,0,0,0,0, 0,0,0,0,0,7,0,0,0,0
35080,2,244,-56.5,72,32,-9.00597,5.96092,0,0,0,0,0,0,0,0,0,0,0, 0,0,0,0,0,7,0,0,0,0
35080,3,157,-51.6,76,32,-8.93411,7.08108,0,0,0,0,0,0,0,0,0,0,0, 0,0,0,0,0,7,0,0,0,0
35080,4,112,-43.6,80,32,-8.27543,8.69006,0,0,0,0,0,0,0,0,0,0,0, 0,0,0,0,0,7,0,0,0,0
35080,5,90,-42.3,84,32,-8.47996,9.31935,0,0,0,0,0,0,0,0,0,0,0, 0,0,0,0,0,7,0,0,0,0
35080,6,138,-58.4,60,32,-7.66554,4.71587,0,0,0,0,0,0,0,0,0,0,0, 0,0,0,0,0,7,0,0,0,0
35080,7,17,9.4,124,30.75,3.03786,18.3502,0,0,0,0,0,0,0,0,0,0,0, 0,0,0,0,0,7,0,0,0,0
35120,0,245,-57.4,64,32,-8.08754,5.1722,0,0,0,0,0,0,0,0,0,0,0, 0,0,0,0,0,8,0,0,0,0
35120,1,289,-56.5,68,32,-8.50564,5.62976,0,0,0,0,0,0,0,0,0,0,0, 0,0,0,0,0,8,0,0,0,0
35120,2,46,2.4,132,32.25,0.829138,19.7826,0,0,0,0,0,0,0,0,0,0,0, 0,0,0,0,0,8,0,0,0,0
35120,3,241,-56.5,72,32,-9.00597,5.96092,0,0,0,0,0,0,0,0,0,0,0, 0,0,0,0,0,8,0,0,0,0
35120,4,153,-53.4,76,32,-9.15212,6.79696,0,0,0,0,0,0,0,0,0,0,0, 0,0,0,0,0,8,0,0,0,0
35120,5,110,-44.2,80,32,-8.36598,8.60293,0,0,0,0,0,0,0,0,0,0,0, 0,0,0,0,0,8,0,0,0,0
35120,6,88,-43.6,84,32,-8.68921,9.12457,0,0,0,0,0,0,0,0,0,0,0, 0,0,0,0,0,8,0,0,0,0
35120,7,137,-57.4,60,32,-7.58207,4.84894,0,0,0,0,0,0,0,0,0,0,0, 0,0,0,0,0,8,0,0,0,0
35160,0,243,-58.4,64,32,-8.17658,5.03026,0,1334,0,0,0,0,0,0,0,0,0, 0,0,0,0,0,9,0,0,0,0
35160,1,288,-57.4,68,32,-8.59301,5.49546,0,1334,0,0,0,0,0,0,0,0,0, 0,0,0,0,0,9,0,0,0,0
35160,2,240,-56.5,72,32,-9.00597,5.96092,0,1334,0,0,0,0,0,0,0,0,0, 0,0,0,0,0,9,0,0,0,0
35160,3,153,-53.4,76,32,-9.15212,6.79696,0,1334,0,0,0,0,0,0,0,0,0, 0,0,0,0,0,9,0,0,0,0
35160,4,107,-44.2,80,32,-8.36598,8.60293,0,1334,0,0,0,0,0,0,0,0,0, 0,0,0,0,0,9,0,0,0,0
35160,5,84,-43.6,84,32,-8.68921,9.12457,0,1334,0,0,0,0,0,0,0,0,0, 0,0,0,0,0,9,0,0,0,0
35160,6,136,-56.5,60,32,-7.50497,4.96743,0,1334,0,0,0,0,0,0,0,0,0, 0,0,0,0,0,9,0,0,0,0
35200,0,244,-56.5,64,32,-8.0053,5.2986,0,0,0,0,0,0,0,0,0,0,0, 0,0,0,0,0,10,0,0,0,0
35200,1,29,-1.8,128,30.75,-0.603087,19.1905,0,0,0,0,0,0,0,0,0,0,0, 0,0,0,0,0,10,0,0,0,0
35200,2,289,-56.5,68,32,-8.50564,5.62976,0,0,0,0,0,0,0,0,0,0,0, 0,0,0,0,0,10,0,0,0,0
35200,3,36,9.4,132,31.75,3.23385,19.5341,0,0,0,0,0,0,0,0,0,0,0, 0,0,0,0,0,10,0,0,0,0
35200,4,41,71.1,8,33,1.1353,0.388701,0,0,0,0,0,0,0,0,0,0,0, 0,0,0,0,0,10,0,0,0,0
35200,5,242,-56.5,72,32,-9.00597,5.96092,0,0,0,0,0,0,0,0,0,0,0, 0,0,0,0,0,10,0,0,0,0
35200,6,159,-53.4,76,32,-9.15212,6.79696,0,0,0,0,0,0,0,0,0,0,0, 0,0,0,0,0,10,0,0,0,0
35200,7,111,-45,80,32,-8.48528,8.48528,0,0,0,0,0,0,0,0,0,0,0, 0,0,0,0,0,10,0,0,0,0
35200,8,90,-45,84,32,-8.90955,8.90955,0,0,0,0,0,0,0,0,0,0,0, 0,0,0,0,0,10,0,0,0,0
35200,9,139,-56.5,60,32,-7.50497,4.96743,0,0,0,0,0,0,0,0,0,0,0, 0,0,0,0,0,10,0,0,0,0
35240,0,247,-57.4,64,32,-8.08754,5.1722,0,7936,0,0,0,0,0,0,0,0,0, 0,0,0,0,0,11,0,0,0,0
35240,1,290,-57.4,68,32,-8.59301,5.49546,0,7936,0,0,0,0,0,0,0,0,0, 0,0,0,0,0,11,0,0,0,0
35240,2,242,-56.5,72,32,-9.00597,5.96092,0,7936,0,0,0,0,0,0,0,0,0, 0,0,0,0,0,11,0,0,0,0
35240,3,152,-54.4,76,32,-9.26935,6.6362,0,7936,0,0,0,0,0,0,0,0,0, 0,0,0,0,0,11,0,0,0,0
35240,4,105,-45.9,80,32,-8.61752,8.35095,0,7936,0,0,0,0,0,0,0,0,0, 0,0,0,0,0,11,0,0,0,0
35240,5,85,-44.2,84,32,-8.78428,9.03307,0,7936,0,0,0,0,0,0,0,0,0, 0,0,0,0,0,11,0,0,0,0
35240,6,138,-56.5,60,32,-7.50497,4.96743,0,7936,0,0,0,0,0,0,0,0,0, 0,0,0,0,0,11,0,0,0,0
35280,0,246,-56.5,64,32,-8.0053,5.2986,0,1140,0,0,0,0,0,0,0,0,0, 0,0,0,0,0,12,0,0,0,0
35280,1,291,-55.4,68,32,-8.39599,5.79201,0,1140,0,0,0,0,0,0,0,0,0, 0,0,0,0,0,12,0,0,0,0
35280,2,36,64.6,8,33,1.084,0.514722,0,1140,0,0,0,0,0,0,0,0,0, 0,0,0,0,0,12,0,0,0,0
35280,3,242,-55.4,72,32,-8.88987,6.13271,0,1140,0,0,0,0,0,0,0,0,0, 0,0,0,0,0,12,0,0,0,0
35280,4,158,-53.4,76,32,-9.15212,6.79696,0,1140,0,0,0,0,0,0,0,0,0, 0,0,0,0,0,12,0,0,0,0
35280,5,108,-45.9,80,32,-8.61752,8.35095,0,1140,0,0,0,0,0,0,0,0,0, 0,0,0,0,0,12,0,0,0,0
35280,6,84,-45,84,32,-8.90955,8.90955,0,1140,0,0,0,0,0,0,0,0,0, 0,0,0,0,0,12,0,0,0,0
35280,7,139,-57.4,60,32,-7.58207,4.84894,0,1140,0,0,0,0,0,0,0,0,0, 0,0,0,0,0,12,0,0,0,0
35280,8,28,-2.4,124,32.25,-0.778887,18.5837,0,1140,0,0,0,0,0,0,0,0,0, 0,0,0,0,0,12,0,0,0,0
35320,0,246,-57.4,64,32,-8.08754,5.1722,0,86,0,0,0,0,0,0,0,0,0, 0,0,0,0,0,13,0,0,0,0
35320,1,289,-57.4,68,32,-8.59301,5.49546,0,86,0,0,0,0,0,0,0,0,0, 0,0,0,0,0,13,0,0,0,0
35320,2,32,-3,132,30.75,-1.03625,19.7729,0,86,0,0,0,0,0,0,0,0,0, 0,0,0,0,0,13,0,0,0,0
35320,3,240,-57.4,72,32,-9.09849,5.81872,0,86,0,0,0,0,0,0,0,0,0, 0,0,0,0,0,13,0,0,0,0
35320,4,35,5.4,136,30.75,1.91981,20.3095,0,86,0,0,0,0,0,0,0,0,0, 0,0,0,0,0,13,0,0,0,0
35320,5,152,-54.4,76,32,-9.26935,6.6362,0,86,0,0,0,0,0,0,0,0,0, 0,0,0,0,0,13,0,0,0,0
35320,6,104,-45.9,80,32,-8.61752,8.35095,0,86,0,0,0,0,0,0,0,0,0, 0,0,0,0,0,13,0,0,0,0
35320,7,82,-43.6,84,32,-8.68921,9.12457,0,86,0,0,0,0,0,0,0,0,0, 0,0,0,0,0,13,0,0,0,0
35320,8,15,-31.2,436,40,-33.879,55.9408,0,86,0,0,0,0,0,0,0,0,0, 0,0,0,0,0,13,0,0,0,0
35320,9,138,-58.4,60,32,-7.66554,4.71587,0,86,0,0,0,0,0,0,0,0,0, 0,0,0,0,0,13,0,0,0,0
35360,0,244,-57.4,64,32,-8.08754,5.1722,0,0,0,0,0,0,0,0,0,0,0, 0,0,0,0,0,14,0,0,0,0
35360,1,288,-56.5,68,32,-8.50564,5.62976,0,0,0,0,0,0,0,0,0,0,0, 0,0,0,0,0,14,0,0,0,0
35360,2,240,-56.5,72,32,-9.00597,5.96092,0,0,0,0,0,0,0,0,0,0,0, 0,0,0,0,0,14,0,0,0,0
35360,3,154,-54.4,76,32,-9.26935,6.6362,0,0,0,0,0,0,0,0,0,0,0, 0,0,0,0,0,14,0,0,0,0
35360,4,107,-45.9,80,32,-8.61752,8.35095,0,0,0,0,0,0,0,0,0,0,0, 0,0,0,0,0,14,0,0,0,0
35360,5,85,-45,84,32,-8.90955,8.90955,0,0,0,0,0,0,0,0,0,0,0, 0,0,0,0,0,14,0,0,0,0
35360,6,139,-57.4,60,32,-7.58207,4.84894,0,0,0,0,0,0,0,0,0,0,0, 0,0,0,0,0,14,0,0,0,0
35360,7,67,8.8,124,31.75,2.84554,18.381,0,0,0,0,0,0,0,0,0,0,0, 0,0,0,0,0,14,0,0,0,0
35400,0,242,-58.4,64,32,-8.17658,5.03026,0,0,0,0,0,0,0,0,0,0,0, 0,0,0,0,0,15,0,0,0,0
35400,1,289,-56.5,68,32,-8.50564,5.62976,0,0,0,0,0,0,0,0,0,0,0, 0,0,0,0,0,15,0,0,0,0
35400,2,239,-55.4,72,32,-8.88987,6.13271,0,0,0,0,0,0,0,0,0,0,0, 0,0,0,0,0,15,0,0,0,0
35400,3,153,-51.6,76,32,-8.93411,7.08108,0,0,0,0,0,0,0,0,0,0,0, 0,0,0,0,0,15,0,0,0,0
35400,4,107,-45,80,32,-8.48528,8.48528,0,0,0,0,0,0,0,0,0,0,0, 0,0,0,0,0,15,0,0,0,0
35400,5,84,-43.6,84,32,-8.68921,9.12457,0,0,0,0,0,0,0,0,0,0,0, 0,0,0,0,0,15,0,0,0,0
35400,6,48,12.1,120,31.5,3.77313,17.6001,0,0,0,0,0,0,0,0,0,0,0, 0,0,0,0,0,15,0,0,0,0
35400,7,138,-57.4,60,32,-7.58207,4.84894,0,0,0,0,0,0,0,0,0,0,0, 0,0,0,0,0,15,0,0,0,0
35440,0,245,-57.4,64,32,-8.08754,5.1722,0,0,0,0,0,0,0,0,0,0,0, 0,0,0,0,0,0,0,0,0,0
35440,1,288,-56.5,68,32,-8.50564,5.62976,0,0,0,0,0,0,0,0,0,0,0, 0,0,0,0,0,0,0,0,0,0
35440,2,239,-56.5,72,32,-9.00597,5.96092,0,0,0,0,0,0,0,0,0,0,0, 0,0,0,0,0,0,0,0,0,0
35440,3,152,-53.4,76,32,-9.15212,6.79696,0,0,0,0,0,0,0,0,0,0,0, 0,0,0,0,0,0,0,0,0,0
35440,4,108,-45,80,32,-8.48528,8.48528,0,0,0,0,0,0,0,0,0,0,0, 0,0,0,0,0,0,0,0,0,0
35440,5,85,-44.2,84,32,-8.78428,9.03307,0,0,0,0,0,0,0,0,0,0,0, 0,0,0,0,0,0,0,0,0,0
35440,6,138,-57.4,60,32,-7.58207,4.84894,0,0,0,0,0,0,0,0,0,0,0, 0,0,0,0,0,0,0,0,0,0
35440,7,60,-7.2,124,30.75,-2.3312,18.4533,0,0,0,0,0,0,0,0,0,0,0, 0,0,0,0,0,0,0,0,0,0
35480,0,245,-56.5,64,32,-8.0053,5.2986,0,0,0,0,0,0,0,0,0,0,0, 0,0,0,0,0,1,0,0,0,0
35480,1,289,-56.5,68,32,-8.50564,5.62976,0,0,0,0,0,0,0,0,0,0,0, 0,0,0,0,0,1,0,0,0,0
35480,2,240,-55.4,72,32,-8.88987,6.13271,0,0,0,0,0,0,0,0,0,0,0, 0,0,0,0,0,1,0,0,0,0
35480,3,155,-53.4,76,32,-9.15212,6.79696,0,0,0,0,0,0,0,0,0,0,0, 0,0,0,0,0,1,0,0,0,0
35480,4,13,-2.4,396,16.75,-2.48741,59.3479,0,0,0,0,0,0,0,0,0,0,0, 0,0,0,0,0,1,0,0,0,0
35480,5,107,-45.9,80,32,-8.61752,8.35095,0,0,0,0,0,0,0,0,0,0,0, 0,0,0,0,0,1,0,0,0,0
35480,6,85,-45.9,84,32,-9.04839,8.7685,0,0,0,0,0,0,0,0,0,0,0, 0,0,0,0,0,1,0,0,0,0
35480,7,138,-57.4,60,32,-7.58207,4.84894,0,0,0,0,0,0,0,0,0,0,0, 0,0,0,0,0,1,0,0,0,0
35520,0,246,-56.5,64,32,-8.0053,5.2986,0,0,0,0,0,0,0,0,0,0,0, 0,0,0,0,0,2,0,0,0,0
35520,1,291,-56.5,68,32,-8.50564,5.62976,0,0,0,0,0,0,0,0,0,0,0, 0,0,0,0,0,2,0,0,0,0
35520,2,41,4.2,132,31.75,1.45012,19.7468,0,0,0,0,0,0,0,0,0,0,0, 0,0,0,0,0,2,0,0,0,0
35520,3,243,-55.4,72,32,-8.88987,6.13271,0,0,0,0,0,0,0,0,0,0,0, 0,0,0,0,0,2,0,0,0,0
35520,4,158,-51.6,76,32,-8.93411,7.08108,0,0,0,0,0,0,0,0,0,0,0, 0,0,0,0,0,2,0,0,0,0
35520,5,114,-45.9,80,32,-8.61752,8.35095,0,0,0,0,0,0,0,0,0,0,0, 0,0,0,0,0,2,0,0,0,0
35520,6,89,-45.9,84,32,-9.04839,8.7685,0,0,0,0,0,0,0,0,0,0,0, 0,0,0,0,0,2,0,0,0,0
35520,7,140,-57.4,60,32,-7.58207,4.84894,0,0,0,0,0,0,0,0,0,0,0, 0,0,0,0,0,2,0,0,0,0
35560,0,246,-56.5,64,32,-8.0053,5.2986,0,0,0,0,0,0,0,0,0,0,0, 0,0,0,0,0,3,0,0,0,0
35560,1,293,-56.5,68,32,-8.50564,5.62976,0,0,0,0,0,0,0,0,0,0,0, 0,0,0,0,0,3,0,0,0,0
35560,2,243,-56.5,72,32,-9.00597,5.96092,0,0,0,0,0,0,0,0,0,0,0, 0,0,0,0,0,3,0,0,0,0
35560,3,156,-53.4,76,32,-9.15212,6.79696,0,0,0,0,0,0,0,0,0,0,0, 0,0,0,0,0,3,0,0,0,0
35560,4,111,-45,80,32,-8.48528,8.48528,0,0,0,0,0,0,0,0,0,0,0, 0,0,0,0,0,3,0,0,0,0
35560,5,87,-44.2,84,32,-8.78428,9.03307,0,0,0,0,0,0,0,0,0,0,0, 0,0,0,0,0,3,0,0,0,0
35560,6,139,-57.4,60,32,-7.58207,4.84894,0,0,0,0,0,0,0,0,0,0,0, 0,0,0,0,0,3,0,0,0,0
35600,0,245,-56.5,64,32,-8.0053,5.2986,0,0,0,0,0,0,0,0,0,0,0, 0,0,0,0,0,4,0,0,0,0
35600,1,291,-56.5,68,32,-8.50564,5.62976,0,0,0,0,0,0,0,0,0,0,0, 0,0,0,0,0,4,0,0,0,0
35600,2,242,-56.5,72,32,-9.00597,5.96092,0,0,0,0,0,0,0,0,0,0,0, 0,0,0,0,0,4,0,0,0,0
35600,3,159,-53.4,76,32,-9.15212,6.79696,0,0,0,0,0,0,0,0,0,0,0, 0,0,0,0,0,4,0,0,0,0
35600,4,112,-46.7,80,32,-8.73327,8.22982,0,0,0,0,0,0,0,0,0,0,0, 0,0,0,0,0,4,0,0,0,0
35600,5,86,-45.9,84,32,-9.04839,8.7685,0,0,0,0,0,0,0,0,0,0,0, 0,0,0,0,0,4,0,0,0,0
35600,6,139,-56.5,60,32,-7.50497,4.96743,0,0,0,0,0,0,0,0,0,0,0, 0,0,0,0,0,4,0,0,0,0
35640,0,245,-56.5,64,32,-8.0053,5.2986,0,0,0,0,0,0,0,0,0,0,0, 0,0,0,0,0,5,0,0,0,0
35640,1,42,0.6,128,31.75,0.201058,19.1989,0,0,0,0,0,0,0,0,0,0,0, 0,0,0,0,0,5,0,0,0,0
35640,2,291,-56.5,68,32,-8.50564,5.62976,0,0,0,0,0,0,0,0,0,0,0, 0,0,0,0,0,5,0,0,0,0
35640,3,241,-56.5,72,32,-9.00597,5.96092,0,0,0,0,0,0,0,0,0,0,0, 0,0,0,0,0,5,0,0,0,0
35640,4,154,-53.4,76,32,-9.15212,6.79696,0,0,0,0,0,0,0,0,0,0,0, 0,0,0,0,0,5,0,0,0,0
35640,5,110,-45,80,32,-8.48528,8.48528,0,0,0,0,0,0,0,0,0,0,0, 0,0,0,0,0,5,0,0,0,0
35640,6,87,-44.2,84,32,-8.78428,9.03307,0,0,0,0,0,0,0,0,0,0,0, 0,0,0,0,0,5,0,0,0,0
35640,7,41,0.1,120,31.75,0.0314159,18,0,0,0,0,0,0,0,0,0,0,0, 0,0,0,0,0,5,0,0,0,0
35640,8,138,-57.4,60,32,-7.58207,4.84894,0,0,0,0,0,0,0,0,0,0,0, 0,0,0,0,0,5,0,0,0,0
35680,0,246,-57.4,64,32,-8.08754,5.1722,0,0,0,0,0,0,0,0,0,0,0, 0,0,0,0,0,6,0,0,0,0
35680,1,288,-57.4,68,32,-8.59301,5.49546,0,0,0,0,0,0,0,0,0,0,0, 0,0,0,0,0,6,0,0,0,0
35680,2,37,75.1,8,33,1.15965,0.308559,0,0,0,0,0,0,0,0,0,0,0, 0,0,0,0,0,6,0,0,0,0
35680,3,241,-56.5,72,32,-9.00597,5.96092,0,0,0,0,0,0,0,0,0,0,0, 0,0,0,0,0,6,0,0,0,0
35680,4,38,3.1,136,31.75,1.10321,20.3701,0,0,0,0,0,0,0,0,0,0,0, 0,0,0,0,0,6,0,0,0,0
35680,5,157,-53.4,76,32,-9.15212,6.79696,0,0,0,0,0,0,0,0,0,0,0, 0,0,0,0,0,6,0,0,0,0
35680,6,116,-44.2,80,32,-8.36598,8.60293,0,0,0,0,0,0,0,0,0,0,0, 0,0,0,0,0,6,0,0,0,0
35680,7,96,-42.3,84,32,-8.47996,9.31935,0,0,0,0,0,0,0,0,0,0,0, 0,0,0,0,0,6,0,0,0,0
35680,8,138,-57.4,60,32,-7.58207,4.84894,0,0,0,0,0,0,0,0,0,0,0, 0,0,0,0,0,6,0,0,0,0
35720,0,244,-57.4,64,32,-8.08754,5.1722,0,0,0,0,0,0,0,0,0,0,0, 0,0,0,0,0,7,0,0,0,0
35720,1,289,-56.5,68,32,-8.50564,5.62976,0,0,0,0,0,0,0,0,0,0,0, 0,0,0,0,0,7,0,0,0,0
35720,2,240,-56.5,72,32,-9.00597,5.96092,0,0,0,0,0,0,0,0,0,0,0, 0,0,0,0,0,7,0,0,0,0
35720,3,154,-53.4,76,32,-9.15212,6.79696,0,0,0,0,0,0,0,0,0,0,0, 0,0,0,0,0,7,0,0,0,0
35720,4,113,-44.2,80,32,-8.36598,8.60293,0,0,0,0,0,0,0,0,0,0,0, 0,0,0,0,0,7,0,0,0,0
35720,5,95,-41.7,84,32,-8.3819,9.40764,0,0,0,0,0,0,0,0,0,0,0, 0,0,0,0,0,7,0,0,0,0
35720,6,138,-56.5,60,32,-7.50497,4.96743,0,0,0,0,0,0,0,0,0,0,0, 0,0,0,0,0,7,0,0,0,0
35760,0,245,-56.5,64,32,-8.0053,5.2986,0,0,0,0,0,0,0,0,0,0,0, 0,0,0,0,0,8,0,0,0,0
35760,1,287,-56.5,68,32,-8.50564,5.62976,0,0,0,0,0,0,0,0,0,0,0, 0,0,0,0,0,8,0,0,0,0
35760,2,241,-56.5,72,32,-9.00597,5.96092,0,0,0,0,0,0,0,0,0,0,0, 0,0,0,0,0,8,0,0,0,0
35760,3,156,-53.4,76,32,-9.15212,6.79696,0,0,0,0,0,0,0,0,0,0,0, 0,0,0,0,0,8,0,0,0,0
35760,4,113,-45,80,32,-8.48528,8.48528,0,0,0,0,0,0,0,0,0,0,0, 0,0,0,0,0,8,0,0,0,0
35760,5,95,-44.2,84,32,-8.78428,9.03307,0,0,0,0,0,0,0,0,0,0,0, 0,0,0,0,0,8,0,0,0,0
35760,6,138,-57.4,60,32,-7.58207,4.84894,0,0,0,0,0,0,0,0,0,0,0, 0,0,0,0,0,8,0,0,0,0
35800,0,245,-58.4,64,32,-8.17658,5.03026,0,1334,0,0,0,0,0,0,0,0,0, 0,0,0,0,0,9,0,0,0,0
35800,1,286,-57.4,68,32,-8.59301,5.49546,0,1334,0,0,0,0,0,0,0,0,0, 0,0,0,0,0,9,0,0,0,0
35800,2,39,1.3,132,30.75,0.449209,19.7949,0,1334,0,0,0,0,0,0,0,0,0, 0,0,0,0,0,9,0,0,0,0
35800,3,46,75.1,8,33,1.15965,0.308559,0,1334,0,0,0,0,0,0,0,0,0, 0,0,0,0,0,9,0,0,0,0
35800,4,237,-56.5,72,32,-9.00597,5.96092,0,1334,0,0,0,0,0,0,0,0,0, 0,0,0,0,0,9,0,0,0,0
35800,5,153,-53.4,76,32,-9.15212,6.79696,0,1334,0,0,0,0,0,0,0,0,0, 0,0,0,0,0,9,0,0,0,0
35800,6,107,-45,80,32,-8.48528,8.48528,0,1334,0,0,0,0,0,0,0,0,0, 0,0,0,0,0,9,0,0,0,0
35800,7,87,-44.2,84,32,-8.78428,9.03307,0,1334,0,0,0,0,0,0,0,0,0, 0,0,0,0,0,9,0,0,0,0
35800,8,138,-56.5,60,32,-7.50497,4.96743,0,1334,0,0,0,0,0,0,0,0,0, 0,0,0,0,0,9,0,0,0,0
35800,9,48,1.8,124,31.75,0.58424,18.5908,0,1334,0,0,0,0,0,0,0,0,0, 0,0,0,0,0,9,0,0,0,0
35800,10,31,0.1,124,33,0.0324631,18.6,0,1334,0,0,0,0,0,0,0,0,0, 0,0,0,0,0,9,0,0,0,0
35840,0,248,-56.5,64,32,-8.0053,5.2986,0,0,0,0,0,0,0,0,0,0,0, 0,0,0,0,0,10,0,0,0,0
35840,1,290,-56.5,68,32,-8.50564,5.62976,0,0,0,0,0,0,0,0,0,0,0, 0,0,0,0,0,10,0,0,0,0
35840,2,240,-56.5,72,32,-9.00597,5.96092,0,0,0,0,0,0,0,0,0,0,0, 0,0,0,0,0,10,0,0,0,0
35840,3,154,-53.4,76,32,-9.15212,6.79696,0,0,0,0,0,0,0,0,0,0,0, 0,0,0,0,0,10,0,0,0,0
35840,4,30,4.2,140,31.75,1.538,20.9436,0,0,0,0,0,0,0,0,0,0,0, 0,0,0,0,0,10,0,0,0,0
35840,5,105,-45,80,32,-8.48528,8.48528,0,0,0,0,0,0,0,0,0,0,0, 0,0,0,0,0,10,0,0,0,0
35840,6,82,-45.9,84,32,-9.04839,8.7685,0,0,0,0,0,0,0,0,0,0,0, 0,0,0,0,0,10,0,0,0,0
35840,7,139,-58.4,60,32,-7.66554,4.71587,0,0,0,0,0,0,0,0,0,0,0, 0,0,0,0,0,10,0,0,0,0
35880,0,244,-57.4,64,32,-8.08754,5.1722,0,7936,0,0,0,0,0,0,0,0,0, 0,0,0,0,0,11,0,0,0,0
35880,1,289,-56.5,68,32,-8.50564,5.62976,0,7936,0,0,0,0,0,0,0,0,0, 0,0,0,0,0,11,0,0,0,0
35880,2,242,-56.5,72,32,-9.00597,5.96092,0,7936,0,0,0,0,0,0,0,0,0, 0,0,0,0,0,11,0,0,0,0
35880,3,157,-51.6,76,32,-8.93411,7.08108,0,7936,0,0,0,0,0,0,0,0,0, 0,0,0,0,0,11,0,0,0,0
35880,4,112,-45.9,80,32,-8.61752,8.35095,0,7936,0,0,0,0,0,0,0,0,0, 0,0,0,0,0,11,0,0,0,0
35880,5,88,-46.7,84,32,-9.16994,8.64131,0,7936,0,0,0,0,0,0,0,0,0, 0,0,0,0,0,11,0,0,0,0
35880,6,140,-57.4,60,32,-7.58207,4.84894,0,7936,0,0,0,0,0,0,0,0,0, 0,0,0,0,0,11,0,0,0,0
35920,0,247,-57.4,64,32,-8.08754,5.1722,0,1140,0,0,0,0,0,0,0,0,0, 0,0,0,0,0,12,0,0,0,0
35920,1,290,-56.5,68,32,-8.50564,5.62976,0,1140,0,0,0,0,0,0,0,0,0, 0,0,0,0,0,12,0,0,0,0
35920,2,45,2.4,132,31.75,0.829138,19.7826,0,1140,0,0,0,0,0,0,0,0,0, 0,0,0,0,0,12,0,0,0,0
35920,3,241,-56.5,72,32,-9.00597,5.96092,0,1140,0,0,0,0,0,0,0,0,0, 0,0,0,0,0,12,0,0,0,0
35920,4,154,-53.4,76,32,-9.15212,6.79696,0,1140,0,0,0,0,0,0,0,0,0, 0,0,0,0,0,12,0,0,0,0
35920,5,108,-45,80,32,-8.48528,8.48528,0,1140,0,0,0,0,0,0,0,0,0, 0,0,0,0,0,12,0,0,0,0
35920,6,87,-44.2,84,32,-8.78428,9.03307,0,1140,0,0,0,0,0,0,0,0,0, 0,0,0,0,0,12,0,0,0,0
35920,7,142,-56.5,60,32,-7.50497,4.96743,0,1140,0,0,0,0,0,0,0,0,0, 0,0,0,0,0,12,0,0,0,0
35920,8,15,29.8,188,4.75,14.0147,24.471,0,1140,0,0,0,0,0,0,0,0,0, 0,0,0,0,0,12,0,0,0,0
35960,0,247,-56.5,64,32,-8.0053,5.2986,0,86,0,0,0,0,0,0,0,0,0, 0,0,0,0,0,13,0,0,0,0
35960,1,292,-55.4,68,32,-8.39599,5.79201,0,86,0,0,0,0,0,0,0,0,0, 0,0,0,0,0,13,0,0,0,0
35960,2,25,-1.8,132,30.75,-0.621933,19.7902,0,86,0,0,0,0,0,0,0,0,0, 0,0,0,0,0,13,0,0,0,0
35960,3,243,-55.4,72,32,-8.88987,6.13271,0,86,0,0,0,0,0,0,0,0,0, 0,0,0,0,0,13,0,0,0,0
35960,4,157,-53.4,76,32,-9.15212,6.79696,0,86,0,0,0,0,0,0,0,0,0, 0,0,0,0,0,13,0,0,0,0
35960,5,109,-46.7,80,32,-8.73327,8.22982,0,86,0,0,0,0,0,0,0,0,0, 0,0,0,0,0,13,0,0,0,0
35960,6,84,-46.7,84,32,-9.16994,8.64131,0,86,0,0,0,0,0,0,0,0,0, 0,0,0,0,0,13,0,0,0,0
35960,7,140,-56.5,60,32,-7.50497,4.96743,0,86,0,0,0,0,0,0,0,0,0, 0,0,0,0,0,13,0,0,0,0
36000,0,246,-57.4,64,32,-8.08754,5.1722,0,0,0,0,0,0,0,0,0,0,0, 0,0,0,0,0,14,0,0,0,0
36000,1,292,-57.4,68,32,-8.59301,5.49546,0,0,0,0,0,0,0,0,0,0,0, 0,0,0,0,0,14,0,0,0,0
36000,2,58,-1.8,132,32.25,-0.621933,19.7902,0,0,0,0,0,0,0,0,0,0,0, 0,0,0,0,0,14,0,0,0,0
36000,3,239,-57.4,72,32,-9.09849,5.81872,0,0,0,0,0,0,0,0,0,0,0, 0,0,0,0,0,14,0,0,0,0
36000,4,150,-54.4,76,32,-9.26935,6.6362,0,0,0,0,0,0,0,0,0,0,0, 0,0,0,0,0,14,0,0,0,0
36000,5,29,2.4,140,31.75,0.879389,20.9816,0,0,0,0,0,0,0,0,0,0,0, 0,0,0,0,0,14,0,0,0,0
36000,6,103,-46.7,80,32,-8.73327,8.22982,0,0,0,0,0,0,0,0,0,0,0, 0,0,0,0,0,14,0,0,0,0
36000,7,81,-45,84,32,-8.90955,8.90955,0,0,0,0,0,0,0,0,0,0,0, 0,0,0,0,0,14,0,0,0,0
36000,8,138,-58.4,60,32,-7.66554,4.71587,0,0,0,0,0,0,0,0,0,0,0, 0,0,0,0,0,14,0,0,0,0
36040,0,249,-57.4,64,32,-8.08754,5.1722,0,0,0,0,0,0,0,0,0,0,0, 0,0,0,0,0,15,0,0,0,0
36040,1,293,-57.4,68,32,-8.59301,5.49546,0,0,0,0,0,0,0,0,0,0,0, 0,0,0,0,0,15,0,0,0,0
36040,2,45,69.6,8,33,1.12474,0.418287,0,0,0,0,0,0,0,0,0,0,0, 0,0,0,0,0,15,0,0,0,0
36040,3,242,-56.5,72,32,-9.00597,5.96092,0,0,0,0,0,0,0,0,0,0,0, 0,0,0,0,0,15,0,0,0,0
36040,4,152,-54.4,76,32,-9.26935,6.6362,0,0,0,0,0,0,0,0,0,0,0, 0,0,0,0,0,15,0,0,0,0
36040,5,104,-45.9,80,32,-8.61752,8.35095,0,0,0,0,0,0,0,0,0,0,0, 0,0,0,0,0,15,0,0,0,0
36040,6,83,-45,84,32,-8.90955,8.90955,0,0,0,0,0,0,0,0,0,0,0, 0,0,0,0,0,15,0,0,0,0
36040,7,140,-58.4,60,32,-7.66554,4.71587,0,0,0,0,0,0,0,0,0,0,0, 0,0,0,0,0,15,0,0,0,0
36080,0,248,-57.4,64,32,-8.08754,5.1722,0,0,0,0,0,0,0,0,0,0,0, 0,0,0,0,0,0,0,0,0,0
36080,1,38,-7.8,128,30.75,-2.60574,19.0224,0,0,0,0,0,0,0,0,0,0,0, 0,0,0,0,0,0,0,0,0,0
36080,2,44,-9,128,31,-3.00354,18.9636,0,0,0,0,0,0,0,0,0,0,0, 0,0,0,0,0,0,0,0,0,0
36080,3,291,-56.5,68,32,-8.50564,5.62976,0,0,0,0,0,0,0,0,0,0,0, 0,0,0,0,0,0,0,0,0,0
36080,4,242,-56.5,72,32,-9.00597,5.96092,0,0,0,0,0,0,0,0,0,0,0, 0,0,0,0,0,0,0,0,0,0
36080,5,156,-53.4,76,32,-9.15212,6.79696,0,0,0,0,0,0,0,0,0,0,0, 0,0,0,0,0,0,0,0,0,0
36080,6,108,-46.7,80,32,-8.73327,8.22982,0,0,0,0,0,0,0,0,0,0,0, 0,0,0,0,0,0,0,0,0,0
36080,7,85,-48,84,32,-9.36363,8.43105,0,0,0,0,0,0,0,0,0,0,0, 0,0,0,0,0,0,0,0,0,0
36080,8,141,-58.4,60,32,-7.66554,4.71587,0,0,0,0,0,0,0,0,0,0,0, 0,0,0,0,0,0,0,0,0,0
36120,0,247,-58.4,64,32,-8.17658,5.03026,0,0,0,0,0,0,0,0,0,0,0, 0,0,0,0,0,1,0,0,0,0
36120,1,290,-57.4,68,32,-8.59301,5.49546,0,0,0,0,0,0,0,0,0,0,0, 0,0,0,0,0,1,0,0,0,0
36120,2,35,1.8,132,30.75,0.621933,19.7902,0,0,0,0,0,0,0,0,0,0,0, 0,0,0,0,0,1,0,0,0,0
36120,3,242,-57.4,72,32,-9.09849,5.81872,0,0,0,0,0,0,0,0,0,0,0, 0,0,0,0,0,1,0,0,0,0
36120,4,153,-55.4,76,32,-9.38375,6.47342,0,0,0,0,0,0,0,0,0,0,0, 0,0,0,0,0,1,0,0,0,0
36120,5,105,-45.9,80,32,-8.61752,8.35095,0,0,0,0,0,0,0,0,0,0,0, 0,0,0,0,0,1,0,0,0,0
36120,6,84,-44.2,84,32,-8.78428,9.03307,0,0,0,0,0,0,0,0,0,0,0, 0,0,0,0,0,1,0,0,0,0
36120,7,140,-58.4,60,32,-7.66554,4.71587,0,0,0,0,0,0,0,0,0,0,0, 0,0,0,0,0,1,0,0,0,0
36160,0,247,-58.4,64,32,-8.17658,5.03026,0,0,0,0,0,0,0,0,0,0,0, 0,0,0,0,0,2,0,0,0,0
36160,1,292,-57.4,68,32,-8.59301,5.49546,0,0,0,0,0,0,0,0,0,0,0, 0,0,0,0,0,2,0,0,0,0
36160,2,38,2.4,132,32.25,0.829138,19.7826,0,0,0,0,0,0,0,0,0,0,0, 0,0,0,0,0,2,0,0,0,0
36160,3,243,-56.5,72,32,-9.00597,5.96092,0,0,0,0,0,0,0,0,0,0,0, 0,0,0,0,0,2,0,0,0,0
36160,4,157,-54.4,76,32,-9.26935,6.6362,0,0,0,0,0,0,0,0,0,0,0, 0,0,0,0,0,2,0,0,0,0
36160,5,111,-46.7,80,32,-8.73327,8.22982,0,0,0,0,0,0,0,0,0,0,0, 0,0,0,0,0,2,0,0,0,0
36160,6,87,-46.7,84,32,-9.16994,8.64131,0,0,0,0,0,0,0,0,0,0,0, 0,0,0,0,0,2,0,0,0,0
36160,7,140,-58.4,60,32,-7.66554,4.71587,0,0,0,0,0,0,0,0,0,0,0, 0,0,0,0,0,2,0,0,0,0
36200,0,247,-58.4,64,32,-8.17658,5.03026,0,0,0,0,0,0,0,0,0,0,0, 0,0,0,0,0,3,0,0,0,0
36200,1,292,-57.4,68,32,-8.59301,5.49546,0,0,0,0,0,0,0,0,0,0,0, 0,0,0,0,0,3,0,0,0,0
36200,2,243,-56.5,72,32,-9.00597,5.96092,0,0,0,0,0,0,0,0,0,0,0, 0,0,0,0,0,3,0,0,0,0
36200,3,154,-54.4,76,32,-9.26935,6.6362,0,0,0,0,0,0,0,0,0,0,0, 0,0,0,0,0,3,0,0,0,0
36200,4,27,1.8,140,32.25,0.659626,20.9896,0,0,0,0,0,0,0,0,0,0,0, 0,0,0,0,0,3,0,0,0,0
36200,5,108,-45,80,32,-8.48528,8.48528,0,0,0,0,0,0,0,0,0,0,0, 0,0,0,0,0,3,0,0,0,0
36200,6,86,-44.2,84,32,-8.78428,9.03307,0,0,0,0,0,0,0,0,0,0,0, 0,0,0,0,0,3,0,0,0,0
36200,7,141,-58.4,60,32,-7.66554,4.71587,0,0,0,0,0,0,0,0,0,0,0, 0,0,0,0,0,3,0,0,0,0
36240,0,248,-58.4,64,32,-8.17658,5.03026,0,0,0,0,0,0,0,0,0,0,0, 0,0,0,0,0,4,0,0,0,0
36240,1,292,-57.4,68,32,-8.59301,5.49546,0,0,0,0,0,0,0,0,0,0,0, 0,0,0,0,0,4,0,0,0,0
36240,2,26,1.3,132,31.25,0.449209,19.7949,0,0,0,0,0,0,0,0,0,0,0, 0,0,0,0,0,4,0,0,0,0
36240,3,244,-56.5,72,32,-9.00597,5.96092,0,0,0,0,0,0,0,0,0,0,0, 0,0,0,0,0,4,0,0,0,0
36240,4,154,-53.4,76,32,-9.15212,6.79696,0,0,0,0,0,0,0,0,0,0,0, 0,0,0,0,0,4,0,0,0,0
36240,5,108,-44.2,80,32,-8.36598,8.60293,0,0,0,0,0,0,0,0,0,0,0, 0,0,0,0,0,4,0,0,0,0
36240,6,88,-43.6,84,32,-8.68921,9.12457,0,0,0,0,0,0,0,0,0,0,0, 0,0,0,0,0,4,0,0,0,0
36240,7,139,-58.4,60,32,-7.66554,4.71587,0,0,0,0,0,0,0,0,0,0,0, 0,0,0,0,0,4,0,0,0,0
36280,0,247,-57.4,64,32,-8.08754,5.1722,0,0,0,0,0,0,0,0,0,0,0, 0,0,0,0,0,5,0,0,0,0
36280,1,292,-56.5,68,32,-8.50564,5.62976,0,0,0,0,0,0,0,0,0,0,0, 0,0,0,0,0,5,0,0,0,0
36280,2,244,-55.4,72,32,-8.88987,6.13271,0,0,0,0,0,0,0,0,0,0,0, 0,0,0,0,0,5,0,0,0,0
36280,3,160,-53.4,76,32,-9.15212,6.79696,0,0,0,0,0,0,0,0,0,0,0, 0,0,0,0,0,5,0,0,0,0
36280,4,111,-45.9,80,32,-8.61752,8.35095,0,0,0,0,0,0,0,0,0,0,0, 0,0,0,0,0,5,0,0,0,0
36280,5,89,-45,84,32,-8.90955,8.90955,0,0,0,0,0,0,0,0,0,0,0, 0,0,0,0,0,5,0,0,0,0
36280,6,140,-58.4,60,32,-7.66554,4.71587,0,0,0,0,0,0,0,0,0,0,0, 0,0,0,0,0,5,0,0,0,0
36320,0,248,-58.4,64,32,-8.17658,5.03026,0,0,0,0,0,0,0,0,0,0,0, 0,0,0,0,0,6,0,0,0,0
36320,1,292,-57.4,68,32,-8.59301,5.49546,0,0,0,0,0,0,0,0,0,0,0, 0,0,0,0,0,6,0,0,0,0
36320,2,243,-56.5,72,32,-9.00597,5.96092,0,0,0,0,0,0,0,0,0,0,0, 0,0,0,0,0,6,0,0,0,0
36320,3,154,-54.4,76,32,-9.26935,6.6362,0,0,0,0,0,0,0,0,0,0,0, 0,0,0,0,0,6,0,0,0,0
36320,4,107,-45.9,80,32,-8.61752,8.35095,0,0,0,0,0,0,0,0,0,0,0, 0,0,0,0,0,6,0,0,0,0
36320,5,85,-43.6,84,32,-8.68921,9.12457,0,0,0,0,0,0,0,0,0,0,0, 0,0,0,0,0,6,0,0,0,0
36320,6,143,-59.4,60,32,-7.74668,4.58137,0,0,0,0,0,0,0,0,0,0,0, 0,0,0,0,0,6,0,0,0,0
36360,0,249,-57.4,64,32,-8.08754,5.1722,0,0,0,0,0,0,0,0,0,0,0, 0,0,0,0,0,7,0,0,0,0
36360,1,294,-56.5,68,32,-8.50564,5.62976,0,0,0,0,0,0,0,0,0,0,0, 0,0,0,0,0,7,0,0,0,0
36360,2,46,71.1,8,33,1.1353,0.388701,0,0,0,0,0,0,0,0,0,0,0, 0,0,0,0,0,7,0,0,0,0
36360,3,246,-56.5,72,32,-9.00597,5.96092,0,0,0,0,0,0,0,0,0,0,0, 0,0,0,0,0,7,0,0,0,0
36360,4,157,-53.4,76,32,-9.15212,6.79696,0,0,0,0,0,0,0,0,0,0,0, 0,0,0,0,0,7,0,0,0,0
36360,5,110,-46.7,80,32,-8.73327,8.22982,0,0,0,0,0,0,0,0,0,0,0, 0,0,0,0,0,7,0,0,0,0
36360,6,89,-44.2,84,32,-8.78428,9.03307,0,0,0,0,0,0,0,0,0,0,0, 0,0,0,0,0,7,0,0,0,0
36360,7,139,-58.4,60,32,-7.66554,4.71587,0,0,0,0,0,0,0,0,0,0,0, 0,0,0,0,0,7,0,0,0,0
36400,0,249,-57.4,64,32,-8.08754,5.1722,0,0,0,0,0,0,0,0,0,0,0, 0,0,0,0,0,8,0,0,0,0
36400,1,294,-56.5,68,32,-8.50564,5.62976,0,0,0,0,0,0,0,0,0,0,0, 0,0,0,0,0,8,0,0,0,0
36400,2,244,-55.4,72,32,-8.88987,6.13271,0,0,0,0,0,0,0,0,0,0,0, 0,0,0,0,0,8,0,0,0,0
36400,3,153,-53.4,76,32,-9.15212,6.79696,0,0,0,0,0,0,0,0,0,0,0, 0,0,0,0,0,8,0,0,0,0
36400,4,108,-45.9,80,32,-8.61752,8.35095,0,0,0,0,0,0,0,0,0,0,0, 0,0,0,0,0,8,0,0,0,0
36400,5,88,-42.9,84,32,-8.57708,9.23004,0,0,0,0,0,0,0,0,0,0,0, 0,0,0,0,0,8,0,0,0,0
36400,6,139,-58.4,60,32,-7.66554,4.71587,0,0,0,0,0,0,0,0,0,0,0, 0,0,0,0,0,8,0,0,0,0
36440,0,248,-57.4,64,32,-8.08754,5.1722,0,1334,0,0,0,0,0,0,0,0,0, 0,0,0,0,0,9,0,0,0,0
36440,1,292,-56.5,68,32,-8.50564,5.62976,0,1334,0,0,0,0,0,0,0,0,0, 0,0,0,0,0,9,0,0,0,0
36440,2,45,-7.2,132,31.5,-2.4816,19.6439,0,1334,0,0,0,0,0,0,0,0,0, 0,0,0,0,0,9,0,0,0,0
36440,3,243,-56.5,72,32,-9.00597,5.96092,0,1334,0,0,0,0,0,0,0,0,0, 0,0,0,0,0,9,0,0,0,0
36440,4,155,-53.4,76,32,-9.15212,6.79696,0,1334,0,0,0,0,0,0,0,0,0, 0,0,0,0,0,9,0,0,0,0
36440,5,109,-45.9,80,32,-8.61752,8.35095,0,1334,0,0,0,0,0,0,0,0,0, 0,0,0,0,0,9,0,0,0,0
36440,6,88,-43.6,84,32,-8.68921,9.12457,0,1334,0,0,0,0,0,0,0,0,0, 0,0,0,0,0,9,0,0,0,0
36440,7,141,-57.4,60,32,-7.58207,4.84894,0,1334,0,0,0,0,0,0,0,0,0, 0,0,0,0,0,9,0,0,0,0
36480,0,249,-56.5,64,32,-8.0053,5.2986,0,0,0,0,0,0,0,0,0,0,0, 0,0,0,0,0,10,0,0,0,0
36480,1,293,-56.5,68,32,-8.50564,5.62976,0,0,0,0,0,0,0,0,0,0,0, 0,0,0,0,0,10,0,0,0,0
36480,2,246,-55.4,72,32,-8.88987,6.13271,0,0,0,0,0,0,0,0,0,0,0, 0,0,0,0,0,10,0,0,0,0
36480,3,158,-51.6,76,32,-8.93411,7.08108,0,0,0,0,0,0,0,0,0,0,0, 0,0,0,0,0,10,0,0,0,0
36480,4,111,-45.9,80,32,-8.61752,8.35095,0,0,0,0,0,0,0,0,0,0,0, 0,0,0,0,0,10,0,0,0,0
36480,5,90,-44.2,84,32,-8.78428,9.03307,0,0,0,0,0,0,0,0,0,0,0, 0,0,0,0,0,10,0,0,0,0
36480,6,138,-58.4,60,32,-7.66554,4.71587,0,0,0,0,0,0,0,0,0,0,0, 0,0,0,0,0,10,0,0,0,0
36520,0,247,-58.4,64,32,-8.17658,5.03026,0,7936,0,0,0,0,0,0,0,0,0, 0,0,0,0,0,11,0,0,0,0
36520,1,292,-56.5,68,32,-8.50564,5.62976,0,7936,0,0,0,0,0,0,0,0,0, 0,0,0,0,0,11,0,0,0,0
36520,2,54,0.6,132,31.75,0.207341,19.7989,0,7936,0,0,0,0,0,0,0,0,0, 0,0,0,0,0,11,0,0,0,0
36520,3,47,-0.6,132,32.25,-0.207341,19.7989,0,7936,0,0,0,0,0,0,0,0,0, 0,0,0,0,0,11,0,0,0,0
36520,4,41,66.6,8,33,1.10131,0.476577,0,7936,0,0,0,0,0,0,0,0,0, 0,0,0,0,0,11,0,0,0,0
36520,5,242,-56.5,72,32,-9.00597,5.96092,0,7936,0,0,0,0,0,0,0,0,0, 0,0,0,0,0,11,0,0,0,0
36520,6,155,-53.4,76,32,-9.15212,6.79696,0,7936,0,0,0,0,0,0,0,0,0, 0,0,0,0,0,11,0,0,0,0
36520,7,43,3.1,140,31.75,1.13566,20.9693,0,7936,0,0,0,0,0,0,0,0,0, 0,0,0,0,0,11,0,0,0,0
36520,8,108,-45.9,80,32,-8.61752,8.35095,0,7936,0,0,0,0,0,0,0,0,0, 0,0,0,0,0,11,0,0,0,0
36520,9,87,-44.2,84,32,-8.78428,9.03307,0,7936,0,0,0,0,0,0,0,0,0, 0,0,0,0,0,11,0,0,0,0
36520,10,140,-58.4,60,32,-7.66554,4.71587,0,7936,0,0,0,0,0,0,0,0,0, 0,0,0,0,0,11,0,0,0,0
36560,0,248,-56.5,64,32,-8.0053,5.2986,0,1140,0,0,0,0,0,0,0,0,0, 0,0,0,0,0,12,0,0,0,0
36560,1,294,-56.5,68,32,-8.50564,5.62976,0,1140,0,0,0,0,0,0,0,0,0, 0,0,0,0,0,12,0,0,0,0
36560,2,245,-54.4,72,32,-8.78149,6.28693,0,1140,0,0,0,0,0,0,0,0,0, 0,0,0,0,0,12,0,0,0,0
36560,3,35,3.6,136,31,1.28093,20.3597,0,1140,0,0,0,0,0,0,0,0,0, 0,0,0,0,0,12,0,0,0,0
36560,4,158,-51.6,76,32,-8.93411,7.08108,0,1140,0,0,0,0,0,0,0,0,0, 0,0,0,0,0,12,0,0,0,0
36560,5,112,-46.7,80,32,-8.73327,8.22982,0,1140,0,0,0,0,0,0,0,0,0, 0,0,0,0,0,12,0,0,0,0
36560,6,89,-45.9,84,32,-9.04839,8.7685,0,1140,0,0,0,0,0,0,0,0,0, 0,0,0,0,0,12,0,0,0,0
36560,7,139,-58.4,60,32,-7.66554,4.71587,0,1140,0,0,0,0,0,0,0,0,0, 0,0,0,0,0,12,0,0,0,0
36600,0,246,-58.4,64,32,-8.17658,5.03026,0,86,0,0,0,0,0,0,0,0,0, 0,0,0,0,0,13,0,0,0,0
36600,1,290,-57.4,68,32,-8.59301,5.49546,0,86,0,0,0,0,0,0,0,0,0, 0,0,0,0,0,13,0,0,0,0
36600,2,47,69.6,8,33,1.12474,0.418287,0,86,0,0,0,0,0,0,0,0,0, 0,0,0,0,0,13,0,0,0,0
36600,3,242,-56.5,72,32,-9.00597,5.96092,0,86,0,0,0,0,0,0,0,0,0, 0,0,0,0,0,13,0,0,0,0
36600,4,154,-53.4,76,32,-9.15212,6.79696,0,86,0,0,0,0,0,0,0,0,0, 0,0,0,0,0,13,0,0,0,0
36600,5,109,-45.9,80,32,-8.61752,8.35095,0,86,0,0,0,0,0,0,0,0,0, 0,0,0,0,0,13,0,0,0,0
36600,6,88,-44.2,84,32,-8.78428,9.03307,0,86,0,0,0,0,0,0,0,0,0, 0,0,0,0,0,13,0,0,0,0
36600,7,137,-59.4,60,32,-7.74668,4.58137,0,86,0,0,0,0,0,0,0,0,0, 0,0,0,0,0,13,0,0,0,0
36640,0,244,-58.4,64,32,-8.17658,5.03026,0,0,0,0,0,0,0,0,0,0,0, 0,0,0,0,0,14,0,0,0,0
36640,1,289,-56.5,68,32,-8.50564,5.62976,0,0,0,0,0,0,0,0,0,0,0, 0,0,0,0,0,14,0,0,0,0
36640,2,240,-55.4,72,32,-8.88987,6.13271,0,0,0,0,0,0,0,0,0,0,0, 0,0,0,0,0,14,0,0,0,0
36640,3,156,-51.6,76,32,-8.93411,7.08108,0,0,0,0,0,0,0,0,0,0,0, 0,0,0,0,0,14,0,0,0,0
36640,4,23,6.6,140,32.25,2.41368,20.8608,0,0,0,0,0,0,0,0,0,0,0, 0,0,0,0,0,14,0,0,0,0
36640,5,111,-45.9,80,32,-8.61752,8.35095,0,0,0,0,0,0,0,0,0,0,0, 0,0,0,0,0,14,0,0,0,0
36640,6,90,-45,84,32,-8.90955,8.90955,0,0,0,0,0,0,0,0,0,0,0, 0,0,0,0,0,14,0,0,0,0
36640,7,137,-59.4,60,32,-7.74668,4.58137,0,0,0,0,0,0,0,0,0,0,0, 0,0,0,0,0,14,0,0,0,0
36680,0,244,-59.4,64,32,-8.26312,4.8868,0,0,0,0,0,0,0,0,0,0,0, 0,0,0,0,0,15,0,0,0,0
36680,1,47,-3,128,31.75,-1.00485,19.1737,0,0,0,0,0,0,0,0,0,0,0, 0,0,0,0,0,15,0,0,0,0
36680,2,288,-57.4,68,32,-8.59301,5.49546,0,0,0,0,0,0,0,0,0,0,0, 0,0,0,0,0,15,0,0,0,0
36680,3,239,-57.4,72,32,-9.09849,5.81872,0,0,0,0,0,0,0,0,0,0,0, 0,0,0,0,0,15,0,0,0,0
36680,4,150,-53.4,76,32,-9.15212,6.79696,0,0,0,0,0,0,0,0,0,0,0, 0,0,0,0,0,15,0,0,0,0
36680,5,104,-45.9,80,32,-8.61752,8.35095,0,0,0,0,0,0,0,0,0,0,0, 0,0,0,0,0,15,0,0,0,0
36680,6,85,-45.9,84,32,-9.04839,8.7685,0,0,0,0,0,0,0,0,0,0,0, 0,0,0,0,0,15,0,0,0,0
36680,7,139,-59.4,60,32,-7.74668,4.58137,0,0,0,0,0,0,0,0,0,0,0, 0,0,0,0,0,15,0,0,0,0
36720,0,245,-58.4,64,32,-8.17658,5.03026,0,0,0,0,0,0,0,0,0,0,0, 0,0,0,0,0,0,0,0,0,0
36720,1,288,-57.4,68,32,-8.59301,5.49546,0,0,0,0,0,0,0,0,0,0,0, 0,0,0,0,0,0,0,0,0,0
36720,2,239,-56.5,72,32,-9.00597,5.96092,0,0,0,0,0,0,0,0,0,0,0, 0,0,0,0,0,0,0,0,0,0
36720,3,150,-54.4,76,32,-9.26935,6.6362,0,0,0,0,0,0,0,0,0,0,0, 0,0,0,0,0,0,0,0,0,0
36720,4,103,-48,80,32,-8.91774,8.02957,0,0,0,0,0,0,0,0,0,0,0, 0,0,0,0,0,0,0,0,0,0
36720,5,81,-48,84,32,-9.36363,8.43105,0,0,0,0,0,0,0,0,0,0,0, 0,0,0,0,0,0,0,0,0,0
36720,6,139,-58.4,60,32,-7.66554,4.71587,0,0,0,0,0,0,0,0,0,0,0, 0,0,0,0,0,0,0,0,0,0
36760,0,244,-57.4,64,32,-8.08754,5.1722,0,0,0,0,0,0,0,0,0,0,0, 0,0,0,0,0,1,0,0,0,0
36760,1,288,-56.5,68,32,-8.50564,5.62976,0,0,0,0,0,0,0,0,0,0,0, 0,0,0,0,0,1,0,0,0,0
36760,2,239,-56.5,72,32,-9.00597,5.96092,0,0,0,0,0,0,0,0,0,0,0, 0,0,0,0,0,1,0,0,0,0
36760,3,154,-54.4,76,32,-9.26935,6.6362,0,0,0,0,0,0,0,0,0,0,0, 0,0,0,0,0,1,0,0,0,0
36760,4,106,-51.6,80,32,-9.40432,7.45377,0,0,0,0,0,0,0,0,0,0,0, 0,0,0,0,0,1,0,0,0,0
36760,5,139,-57.4,60,32,-7.58207,4.84894,0,0,0,0,0,0,0,0,0,0,0, 0,0,0,0,0,1,0,0,0,0
36800,0,247,-57.4,64,32,-8.08754,5.1722,0,0,0,0,0,0,0,0,0,0,0, 0,0,0,0,0,2,0,0,0,0
36800,1,290,-56.5,68,32,-8.50564,5.62976,0,0,0,0,0,0,0,0,0,0,0, 0,0,0,0,0,2,0,0,0,0
36800,2,37,64.6,8,33,1.084,0.514722,0,0,0,0,0,0,0,0,0,0,0, 0,0,0,0,0,2,0,0,0,0
36800,3,240,-56.5,72,32,-9.00597,5.96092,0,0,0,0,0,0,0,0,0,0,0, 0,0,0,0,0,2,0,0,0,0
36800,4,153,-55.4,76,32,-9.38375,6.47342,0,0,0,0,0,0,0,0,0,0,0, 0,0,0,0,0,2,0,0,0,0
36800,5,105,-49.8,80,32,-9.16555,7.74549,0,0,0,0,0,0,0,0,0,0,0, 0,0,0,0,0,2,0,0,0,0
36800,6,81,-53.4,84,32,-10.1155,7.51243,0,0,0,0,0,0,0,0,0,0,0, 0,0,0,0,0,2,0,0,0,0
36800,7,141,-57.4,60,32,-7.58207,4.84894,0,0,0,0,0,0,0,0,0,0,0, 0,0,0,0,0,2,0,0,0,0
36840,0,247,-57.4,64,32,-8.08754,5.1722,0,0,0,0,0,0,0,0,0,0,0, 0,0,0,0,0,3,0,0,0,0
36840,1,290,-56.5,68,32,-8.50564,5.62976,0,0,0,0,0,0,0,0,0,0,0, 0,0,0,0,0,3,0,0,0,0
36840,2,241,-56.5,72,32,-9.00597,5.96092,0,0,0,0,0,0,0,0,0,0,0, 0,0,0,0,0,3,0,0,0,0
36840,3,153,-54.4,76,32,-9.26935,6.6362,0,0,0,0,0,0,0,0,0,0,0, 0,0,0,0,0,3,0,0,0,0
36840,4,106,-48,80,32,-8.91774,8.02957,0,0,0,0,0,0,0,0,0,0,0, 0,0,0,0,0,3,0,0,0,0
36840,5,140,-58.4,60,32,-7.66554,4.71587,0,0,0,0,0,0,0,0,0,0,0, 0,0,0,0,0,3,0,0,0,0
36880,0,247,-57.4,64,32,-8.08754,5.1722,0,0,0,0,0,0,0,0,0,0,0, 0,0,0,0,0,4,0,0,0,0
36880,1,288,-57.4,68,32,-8.59301,5.49546,0,0,0,0,0,0,0,0,0,0,0, 0,0,0,0,0,4,0,0,0,0
36880,2,241,-56.5,72,32,-9.00597,5.96092,0,0,0,0,0,0,0,0,0,0,0, 0,0,0,0,0,4,0,0,0,0
36880,3,158,-54.4,76,32,-9.26935,6.6362,0,0,0,0,0,0,0,0,0,0,0, 0,0,0,0,0,4,0,0,0,0
36880,4,108,-51.6,80,32,-9.40432,7.45377,0,0,0,0,0,0,0,0,0,0,0, 0,0,0,0,0,4,0,0,0,0
36880,5,81,-57.4,84,32,-10.6149,6.78851,0,0,0,0,0,0,0,0,0,0,0, 0,0,0,0,0,4,0,0,0,0
36880,6,138,-58.4,60,32,-7.66554,4.71587,0,0,0,0,0,0,0,0,0,0,0, 0,0,0,0,0,4,0,0,0,0
36920,0,246,-58.4,64,32,-8.17658,5.03026,0,0,0,0,0,0,0,0,0,0,0, 0,0,0,0,0,5,0,0,0,0
36920,1,292,-57.4,68,32,-8.59301,5.49546,0,0,0,0,0,0,0,0,0,0,0, 0,0,0,0,0,5,0,0,0,0
36920,2,241,-56.5,72,32,-9.00597,5.96092,0,0,0,0,0,0,0,0,0,0,0, 0,0,0,0,0,5,0,0,0,0
36920,3,58,2.4,136,31.75,0.854263,20.3821,0,0,0,0,0,0,0,0,0,0,0, 0,0,0,0,0,5,0,0,0,0
36920,4,154,-54.4,76,32,-9.26935,6.6362,0,0,0,0,0,0,0,0,0,0,0, 0,0,0,0,0,5,0,0,0,0
36920,5,106,-48,80,32,-8.91774,8.02957,0,0,0,0,0,0,0,0,0,0,0, 0,0,0,0,0,5,0,0,0,0
36920,6,139,-58.4,60,32,-7.66554,4.71587,0,0,0,0,0,0,0,0,0,0,0, 0,0,0,0,0,5,0,0,0,0
36960,0,245,-58.4,64,32,-8.17658,5.03026,0,0,0,0,0,0,0,0,0,0,0, 0,0,0,0,0,6,0,0,0,0
36960,1,41,-1.8,128,32.25,-0.603087,19.1905,0,0,0,0,0,0,0,0,0,0,0, 0,0,0,0,0,6,0,0,0,0
36960,2,291,-57.4,68,32,-8.59301,5.49546,0,0,0,0,0,0,0,0,0,0,0, 0,0,0,0,0,6,0,0,0,0
36960,3,242,-56.5,72,32,-9.00597,5.96092,0,0,0,0,0,0,0,0,0,0,0, 0,0,0,0,0,6,0,0,0,0
36960,4,155,-53.4,76,32,-9.15212,6.79696,0,0,0,0,0,0,0,0,0,0,0, 0,0,0,0,0,6,0,0,0,0
36960,5,108,-46.7,80,32,-8.73327,8.22982,0,0,0,0,0,0,0,0,0,0,0, 0,0,0,0,0,6,0,0,0,0
36960,6,82,-48,84,32,-9.36363,8.43105,0,0,0,0,0,0,0,0,0,0,0, 0,0,0,0,0,6,0,0,0,0
36960,7,138,-59.4,60,32,-7.74668,4.58137,0,0,0,0,0,0,0,0,0,0,0, 0,0,0,0,0,6,0,0,0,0
36960,8,33,6.1,124,31.75,1.97651,18.4947,0,0,0,0,0,0,0,0,0,0,0, 0,0,0,0,0,6,0,0,0,0
37000,0,247,-58.4,64,32,-8.17658,5.03026,0,0,0,0,0,0,0,0,0,0,0, 0,0,0,0,0,7,0,0,0,0
37000,1,292,-57.4,68,32,-8.59301,5.49546,0,0,0,0,0,0,0,0,0,0,0, 0,0,0,0,0,7,0,0,0,0
37000,2,39,64.6,8,33,1.084,0.514722,0,0,0,0,0,0,0,0,0,0,0, 0,0,0,0,0,7,0,0,0,0
37000,3,241,-56.5,72,32,-9.00597,5.96092,0,0,0,0,0,0,0,0,0,0,0, 0,0,0,0,0,7,0,0,0,0
37000,4,28,1.8,136,30.75,0.640779,20.3899,0,0,0,0,0,0,0,0,0,0,0, 0,0,0,0,0,7,0,0,0,0
37000,5,150,-54.4,76,32,-9.26935,6.6362,0,0,0,0,0,0,0,0,0,0,0, 0,0,0,0,0,7,0,0,0,0
37000,6,103,-46.7,80,32,-8.73327,8.22982,0,0,0,0,0,0,0,0,0,0,0, 0,0,0,0,0,7,0,0,0,0
37000,7,139,-59.4,60,32,-7.74668,4.58137,0,0,0,0,0,0,0,0,0,0,0, 0,0,0,0,0,7,0,0,0,0
37000,8,38,7.2,124,31.75,2.3312,18.4533,0,0,0,0,0,0,0,0,0,0,0, 0,0,0,0,0,7,0,0,0,0
37000,9,17,3.1,156,31.25,1.26544,23.3658,0,0,0,0,0,0,0,0,0,0,0, 0,0,0,0,0,7,0,0,0,0
37040,0,246,-57.4,64,32,-8.08754,5.1722,0,0,0,0,0,0,0,0,0,0,0, 0,0,0,0,0,8,0,0,0,0
37040,1,60,4.2,128,31.5,1.40617,19.1484,0,0,0,0,0,0,0,0,0,0,0, 0,0,0,0,0,8,0,0,0,0
37040,2,290,-57.4,68,32,-8.59301,5.49546,0,0,0,0,0,0,0,0,0,0,0, 0,0,0,0,0,8,0,0,0,0
37040,3,242,-56.5,72,32,-9.00597,5.96092,0,0,0,0,0,0,0,0,0,0,0, 0,0,0,0,0,8,0,0,0,0
37040,4,19,5.4,136,30.75,1.91981,20.3095,0,0,0,0,0,0,0,0,0,0,0, 0,0,0,0,0,8,0,0,0,0
37040,5,156,-54.4,76,32,-9.26935,6.6362,0,0,0,0,0,0,0,0,0,0,0, 0,0,0,0,0,8,0,0,0,0
37040,6,107,-48,80,32,-8.91774,8.02957,0,0,0,0,0,0,0,0,0,0,0, 0,0,0,0,0,8,0,0,0,0
37040,7,138,-58.4,60,32,-7.66554,4.71587,0,0,0,0,0,0,0,0,0,0,0, 0,0,0,0,0,8,0,0,0,0
37080,0,246,-57.4,64,32,-8.08754,5.1722,0,1334,0,0,0,0,0,0,0,0,0, 0,0,0,0,0,9,0,0,0,0
37080,1,291,-56.5,68,32,-8.50564,5.62976,0,1334,0,0,0,0,0,0,0,0,0, 0,0,0,0,0,9,0,0,0,0
37080,2,242,-55.4,72,32,-8.88987,6.13271,0,1334,0,0,0,0,0,0,0,0,0, 0,0,0,0,0,9,0,0,0,0
37080,3,153,-53.4,76,32,-9.15212,6.79696,0,1334,0,0,0,0,0,0,0,0,0, 0,0,0,0,0,9,0,0,0,0
37080,4,101,-46.7,80,32,-8.73327,8.22982,0,1334,0,0,0,0,0,0,0,0,0, 0,0,0,0,0,9,0,0,0,0
37080,5,138,-58.4,60,32,-7.66554,4.71587,0,1334,0,0,0,0,0,0,0,0,0, 0,0,0,0,0,9,0,0,0,0
37120,0,245,-57.4,64,32,-8.08754,5.1722,0,0,0,0,0,0,0,0,0,0,0, 0,0,0,0,0,10,0,0,0,0
37120,1,291,-56.5,68,32,-8.50564,5.62976,0,0,0,0,0,0,0,0,0,0,0, 0,0,0,0,0,10,0,0,0,0
37120,2,241,-55.4,72,32,-8.88987,6.13271,0,0,0,0,0,0,0,0,0,0,0, 0,0,0,0,0,10,0,0,0,0
37120,3,154,-53.4,76,32,-9.15212,6.79696,0,0,0,0,0,0,0,0,0,0,0, 0,0,0,0,0,10,0,0,0,0
37120,4,103,-46.7,80,32,-8.73327,8.22982,0,0,0,0,0,0,0,0,0,0,0, 0,0,0,0,0,10,0,0,0,0
37120,5,33,8.8,116,31.75,2.66195,17.1952,0,0,0,0,0,0,0,0,0,0,0, 0,0,0,0,0,10,0,0,0,0
37120,6,139,-58.4,60,32,-7.66554,4.71587,0,0,0,0,0,0,0,0,0,0,0, 0,0,0,0,0,10,0,0,0,0
37160,0,245,-57.4,64,32,-8.08754,5.1722,0,7936,0,0,0,0,0,0,0,0,0, 0,0,0,0,0,11,0,0,0,0
37160,1,290,-56.5,68,32,-8.50564,5.62976,0,7936,0,0,0,0,0,0,0,0,0, 0,0,0,0,0,11,0,0,0,0
37160,2,242,-55.4,72,32,-8.88987,6.13271,0,7936,0,0,0,0,0,0,0,0,0, 0,0,0,0,0,11,0,0,0,0
37160,3,157,-53.4,76,32,-9.15212,6.79696,0,7936,0,0,0,0,0,0,0,0,0, 0,0,0,0,0,11,0,0,0,0
37160,4,21,8.8,140,30.75,3.2127,20.7528,0,7936,0,0,0,0,0,0,0,0,0, 0,0,0,0,0,11,0,0,0,0
37160,5,106,-49.8,80,32,-9.16555,7.74549,0,7936,0,0,0,0,0,0,0,0,0, 0,0,0,0,0,11,0,0,0,0
37160,6,138,-58.4,60,32,-7.66554,4.71587,0,7936,0,0,0,0,0,0,0,0,0, 0,0,0,0,0,11,0,0,0,0
37200,0,247,-57.4,64,32,-8.08754,5.1722,0,1140,0,0,0,0,0,0,0,0,0, 0,0,0,0,0,12,0,0,0,0
37200,1,291,-57.4,68,32,-8.59301,5.49546,0,1140,0,0,0,0,0,0,0,0,0, 0,0,0,0,0,12,0,0,0,0
37200,2,41,62.7,8,33,1.06634,0.550379,0,1140,0,0,0,0,0,0,0,0,0, 0,0,0,0,0,12,0,0,0,0
37200,3,239,-56.5,72,32,-9.00597,5.96092,0,1140,0,0,0,0,0,0,0,0,0, 0,0,0,0,0,12,0,0,0,0
37200,4,150,-53.4,76,32,-9.15212,6.79696,0,1140,0,0,0,0,0,0,0,0,0, 0,0,0,0,0,12,0,0,0,0
37200,5,99,-49.8,80,32,-9.16555,7.74549,0,1140,0,0,0,0,0,0,0,0,0, 0,0,0,0,0,12,0,0,0,0
37200,6,12,37.1,464,24.75,41.9833,55.5118,0,1140,0,0,0,0,0,0,0,0,0, 0,0,0,0,0,12,0,0,0,0
37200,7,34,8.3,120,32.25,2.59841,17.8115,0,1140,0,0,0,0,0,0,0,0,0, 0,0,0,0,0,12,0,0,0,0
37200,8,139,-58.4,60,32,-7.66554,4.71587,0,1140,0,0,0,0,0,0,0,0,0, 0,0,0,0,0,12,0,0,0,0
37200,9,34,7.8,124,31.75,2.52431,18.4279,0,1140,0,0,0,0,0,0,0,0,0, 0,0,0,0,0,12,0,0,0,0
37240,0,246,-57.4,64,32,-8.08754,5.1722,0,86,0,0,0,0,0,0,0,0,0, 0,0,0,0,0,13,0,0,0,0
37240,1,289,-56.5,68,32,-8.50564,5.62976,0,86,0,0,0,0,0,0,0,0,0, 0,0,0,0,0,13,0,0,0,0
37240,2,241,-55.4,72,32,-8.88987,6.13271,0,86,0,0,0,0,0,0,0,0,0, 0,0,0,0,0,13,0,0,0,0
37240,3,154,-53.4,76,32,-9.15212,6.79696,0,86,0,0,0,0,0,0,0,0,0, 0,0,0,0,0,13,0,0,0,0
37240,4,105,-49.8,80,32,-9.16555,7.74549,0,86,0,0,0,0,0,0,0,0,0, 0,0,0,0,0,13,0,0,0,0
37240,5,138,-58.4,60,32,-7.66554,4.71587,0,86,0,0,0,0,0,0,0,0,0, 0,0,0,0,0,13,0,0,0,0
37280,0,245,-58.4,64,32,-8.17658,5.03026,0,0,0,0,0,0,0,0,0,0,0, 0,0,0,0,0,14,0,0,0,0
37280,1,289,-57.4,68,32,-8.59301,5.49546,0,0,0,0,0,0,0,0,0,0,0, 0,0,0,0,0,14,0,0,0,0
37280,2,240,-56.5,72,32,-9.00597,5.96092,0,0,0,0,0,0,0,0,0,0,0, 0,0,0,0,0,14,0,0,0,0
37280,3,153,-54.4,76,32,-9.26935,6.6362,0,0,0,0,0,0,0,0,0,0,0, 0,0,0,0,0,14,0,0,0,0
37280,4,102,-49.8,80,32,-9.16555,7.74549,0,0,0,0,0,0,0,0,0,0,0, 0,0,0,0,0,14,0,0,0,0
37280,5,140,-58.4,60,32,-7.66554,4.71587,0,0,0,0,0,0,0,0,0,0,0, 0,0,0,0,0,14,0,0,0,0
37320,0,247,-56.5,64,32,-8.0053,5.2986,0,0,0,0,0,0,0,0,0,0,0, 0,0,0,0,0,15,0,0,0,0
37320,1,293,-55.4,68,32,-8.39599,5.79201,0,0,0,0,0,0,0,0,0,0,0, 0,0,0,0,0,15,0,0,0,0
37320,2,44,67.6,8,33,1.10946,0.457284,0,0,0,0,0,0,0,0,0,0,0, 0,0,0,0,0,15,0,0,0,0
37320,3,247,-55.4,72,32,-8.88987,6.13271,0,0,0,0,0,0,0,0,0,0,0, 0,0,0,0,0,15,0,0,0,0
37320,4,158,-51.6,76,32,-8.93411,7.08108,0,0,0,0,0,0,0,0,0,0,0, 0,0,0,0,0,15,0,0,0,0
37320,5,109,-49.8,80,32,-9.16555,7.74549,0,0,0,0,0,0,0,0,0,0,0, 0,0,0,0,0,15,0,0,0,0
37320,6,140,-58.4,60,32,-7.66554,4.71587,0,0,0,0,0,0,0,0,0,0,0, 0,0,0,0,0,15,0,0,0,0
37360,0,249,-57.4,64,32,-8.08754,5.1722,0,0,0,0,0,0,0,0,0,0,0, 0,0,0,0,0,0,0,0,0,0
37360,1,294,-56.5,68,32,-8.50564,5.62976,0,0,0,0,0,0,0,0,0,0,0, 0,0,0,0,0,0,0,0,0,0
37360,2,244,-55.4,72,32,-8.88987,6.13271,0,0,0,0,0,0,0,0,0,0,0, 0,0,0,0,0,0,0,0,0,0
37360,3,154,-53.4,76,32,-9.15212,6.79696,0,0,0,0,0,0,0,0,0,0,0, 0,0,0,0,0,0,0,0,0,0
37360,4,103,-48,80,32,-8.91774,8.02957,0,0,0,0,0,0,0,0,0,0,0, 0,0,0,0,0,0,0,0,0,0
37360,5,139,-59.4,60,32,-7.74668,4.58137,0,0,0,0,0,0,0,0,0,0,0, 0,0,0,0,0,0,0,0,0,0
37400,0,246,-57.4,64,32,-8.08754,5.1722,0,0,0,0,0,0,0,0,0,0,0, 0,0,0,0,0,1,0,0,0,0
37400,1,290,-56.5,68,32,-8.50564,5.62976,0,0,0,0,0,0,0,0,0,0,0, 0,0,0,0,0,1,0,0,0,0
37400,2,243,-55.4,72,32,-8.88987,6.13271,0,0,0,0,0,0,0,0,0,0,0, 0,0,0,0,0,1,0,0,0,0
37400,3,158,-51.6,76,32,-8.93411,7.08108,0,0,0,0,0,0,0,0,0,0,0, 0,0,0,0,0,1,0,0,0,0
37400,4,107,-48,80,32,-8.91774,8.02957,0,0,0,0,0,0,0,0,0,0,0, 0,0,0,0,0,1,0,0,0,0
37400,5,81,-48,84,32,-9.36363,8.43105,0,0,0,0,0,0,0,0,0,0,0, 0,0,0,0,0,1,0,0,0,0
37400,6,139,-58.4,60,32,-7.66554,4.71587,0,0,0,0,0,0,0,0,0,0,0, 0,0,0,0,0,1,0,0,0,0
37440,0,246,-57.4,64,32,-8.08754,5.1722,0,0,0,0,0,0,0,0,0,0,0, 0,0,0,0,0,2,0,0,0,0
37440,1,293,-56.5,68,32,-8.50564,5.62976,0,0,0,0,0,0,0,0,0,0,0, 0,0,0,0,0,2,0,0,0,0
37440,2,240,-55.4,72,32,-8.88987,6.13271,0,0,0,0,0,0,0,0,0,0,0, 0,0,0,0,0,2,0,0,0,0
37440,3,153,-51.6,76,32,-8.93411,7.08108,0,0,0,0,0,0,0,0,0,0,0, 0,0,0,0,0,2,0,0,0,0
37440,4,103,-45.9,80,32,-8.61752,8.35095,0,0,0,0,0,0,0,0,0,0,0, 0,0,0,0,0,2,0,0,0,0
37440,5,83,-45,84,32,-8.90955,8.90955,0,0,0,0,0,0,0,0,0,0,0, 0,0,0,0,0,2,0,0,0,0
37440,6,139,-58.4,60,32,-7.66554,4.71587,0,0,0,0,0,0,0,0,0,0,0, 0,0,0,0,0,2,0,0,0,0
37480,0,246,-57.4,64,32,-8.08754,5.1722,0,0,0,0,0,0,0,0,0,0,0, 0,0,0,0,0,3,0,0,0,0
37480,1,290,-56.5,68,32,-8.50564,5.62976,0,0,0,0,0,0,0,0,0,0,0, 0,0,0,0,0,3,0,0,0,0
37480,2,242,-55.4,72,32,-8.88987,6.13271,0,0,0,0,0,0,0,0,0,0,0, 0,0,0,0,0,3,0,0,0,0
37480,3,155,-51.6,76,32,-8.93411,7.08108,0,0,0,0,0,0,0,0,0,0,0, 0,0,0,0,0,3,0,0,0,0
37480,4,104,-45.9,80,32,-8.61752,8.35095,0,0,0,0,0,0,0,0,0,0,0, 0,0,0,0,0,3,0,0,0,0
37480,5,139,-58.4,60,32,-7.66554,4.71587,0,0,0,0,0,0,0,0,0,0,0, 0,0,0,0,0,3,0,0,0,0
37520,0,248,-56.5,64,32,-8.0053,5.2986,0,0,0,0,0,0,0,0,0,0,0, 0,0,0,0,0,4,0,0,0,0
37520,1,294,-55.4,68,32,-8.39599,5.79201,0,0,0,0,0,0,0,0,0,0,0, 0,0,0,0,0,4,0,0,0,0
37520,2,245,-54.4,72,32,-8.78149,6.28693,0,0,0,0,0,0,0,0,0,0,0, 0,0,0,0,0,4,0,0,0,0
37520,3,161,-51.6,76,32,-8.93411,7.08108,0,0,0,0,0,0,0,0,0,0,0, 0,0,0,0,0,4,0,0,0,0
37520,4,110,-48,80,32,-8.91774,8.02957,0,0,0,0,0,0,0,0,0,0,0, 0,0,0,0,0,4,0,0,0,0
37520,5,141,-57.4,60,32,-7.58207,4.84894,0,0,0,0,0,0,0,0,0,0,0, 0,0,0,0,0,4,0,0,0,0
37560,0,246,-57.4,64,32,-8.08754,5.1722,0,0,0,0,0,0,0,0,0,0,0, 0,0,0,0,0,5,0,0,0,0
37560,1,292,-56.5,68,32,-8.50564,5.62976,0,0,0,0,0,0,0,0,0,0,0, 0,0,0,0,0,5,0,0,0,0
37560,2,244,-55.4,72,32,-8.88987,6.13271,0,0,0,0,0,0,0,0,0,0,0, 0,0,0,0,0,5,0,0,0,0
37560,3,157,-51.6,76,32,-8.93411,7.08108,0,0,0,0,0,0,0,0,0,0,0, 0,0,0,0,0,5,0,0,0,0
37560,4,106,-48,80,32,-8.91774,8.02957,0,0,0,0,0,0,0,0,0,0,0, 0,0,0,0,0,5,0,0,0,0
37560,5,138,-59.4,60,32,-7.74668,4.58137,0,0,0,0,0,0,0,0,0,0,0, 0,0,0,0,0,5,0,0,0,0
37600,0,246,-57.4,64,32,-8.08754,5.1722,0,0,0,0,0,0,0,0,0,0,0, 0,0,0,0,0,6,0,0,0,0
37600,1,293,-56.5,68,32,-8.50564,5.62976,0,0,0,0,0,0,0,0,0,0,0, 0,0,0,0,0,6,0,0,0,0
37600,2,245,-55.4,72,32,-8.88987,6.13271,0,0,0,0,0,0,0,0,0,0,0, 0,0,0,0,0,6,0,0,0,0
37600,3,160,-51.6,76,32,-8.93411,7.08108,0,0,0,0,0,0,0,0,0,0,0, 0,0,0,0,0,6,0,0,0,0
37600,4,107,-49.8,80,32,-9.16555,7.74549,0,0,0,0,0,0,0,0,0,0,0, 0,0,0,0,0,6,0,0,0,0
37600,5,140,-58.4,60,32,-7.66554,4.71587,0,0,0,0,0,0,0,0,0,0,0, 0,0,0,0,0,6,0,0,0,0
37640,0,250,-57.4,64,32,-8.08754,5.1722,0,0,0,0,0,0,0,0,0,0,0, 0,0,0,0,0,7,0,0,0,0
37640,1,295,-56.5,68,32,-8.50564,5.62976,0,0,0,0,0,0,0,0,0,0,0, 0,0,0,0,0,7,0,0,0,0
37640,2,245,-54.4,72,32,-8.78149,6.28693,0,0,0,0,0,0,0,0,0,0,0, 0,0,0,0,0,7,0,0,0,0
37640,3,157,-51.6,76,32,-8.93411,7.08108,0,0,0,0,0,0,0,0,0,0,0, 0,0,0,0,0,7,0,0,0,0
37640,4,105,-48,80,32,-8.91774,8.02957,0,0,0,0,0,0,0,0,0,0,0, 0,0,0,0,0,7,0,0,0,0
37640,5,140,-57.4,60,32,-7.58207,4.84894,0,0,0,0,0,0,0,0,0,0,0, 0,0,0,0,0,7,0,0,0,0
37680,0,247,-56.5,64,32,-8.0053,5.2986,0,0,0,0,0,0,0,0,0,0,0, 0,0,0,0,0,8,0,0,0,0
37680,1,293,-55.4,68,32,-8.39599,5.79201,0,0,0,0,0,0,0,0,0,0,0, 0,0,0,0,0,8,0,0,0,0
37680,2,45,75.1,8,33,1.15965,0.308559,0,0,0,0,0,0,0,0,0,0,0, 0,0,0,0,0,8,0,0,0,0
37680,3,246,-54.4,72,32,-8.78149,6.28693,0,0,0,0,0,0,0,0,0,0,0, 0,0,0,0,0,8,0,0,0,0
37680,4,160,-51.6,76,32,-8.93411,7.08108,0,0,0,0,0,0,0,0,0,0,0, 0,0,0,0,0,8,0,0,0,0
37680,5,107,-49.8,80,32,-9.16555,7.74549,0,0,0,0,0,0,0,0,0,0,0, 0,0,0,0,0,8,0,0,0,0
37680,6,139,-58.4,60,32,-7.66554,4.71587,0,0,0,0,0,0,0,0,0,0,0, 0,0,0,0,0,8,0,0,0,0
37720,0,246,-57.4,64,32,-8.08754,5.1722,0,1334,0,0,0,0,0,0,0,0,0, 0,0,0,0,0,9,0,0,0,0
37720,1,290,-56.5,68,32,-8.50564,5.62976,0,1334,0,0,0,0,0,0,0,0,0, 0,0,0,0,0,9,0,0,0,0
37720,2,242,-55.4,72,32,-8.88987,6.13271,0,1334,0,0,0,0,0,0,0,0,0, 0,0,0,0,0,9,0,0,0,0
37720,3,155,-51.6,76,32,-8.93411,7.08108,0,1334,0,0,0,0,0,0,0,0,0, 0,0,0,0,0,9,0,0,0,0
37720,4,104,-48,80,32,-8.91774,8.02957,0,1334,0,0,0,0,0,0,0,0,0, 0,0,0,0,0,9,0,0,0,0
37720,5,137,-59.4,60,32,-7.74668,4.58137,0,1334,0,0,0,0,0,0,0,0,0, 0,0,0,0,0,9,0,0,0,0
37720,6,42,9.9,124,31.5,3.19788,18.323,0,1334,0,0,0,0,0,0,0,0,0, 0,0,0,0,0,9,0,0,0,0
37760,0,246,-56.5,64,32,-8.0053,5.2986,0,0,0,0,0,0,0,0,0,0,0, 0,0,0,0,0,10,0,0,0,0
37760,1,290,-55.4,68,32,-8.39599,5.79201,0,0,0,0,0,0,0,0,0,0,0, 0,0,0,0,0,10,0,0,0,0
37760,2,243,-54.4,72,32,-8.78149,6.28693,0,0,0,0,0,0,0,0,0,0,0, 0,0,0,0,0,10,0,0,0,0
37760,3,157,-51.6,76,32,-8.93411,7.08108,0,0,0,0,0,0,0,0,0,0,0, 0,0,0,0,0,10,0,0,0,0
37760,4,106,-48,80,32,-8.91774,8.02957,0,0,0,0,0,0,0,0,0,0,0, 0,0,0,0,0,10,0,0,0,0
37760,5,138,-58.4,60,32,-7.66554,4.71587,0,0,0,0,0,0,0,0,0,0,0, 0,0,0,0,0,10,0,0,0,0
37800,0,248,-57.4,64,32,-8.08754,5.1722,0,7936,0,0,0,0,0,0,0,0,0, 0,0,0,0,0,11,0,0,0,0
37800,1,292,-56.5,68,32,-8.50564,5.62976,0,7936,0,0,0,0,0,0,0,0,0, 0,0,0,0,0,11,0,0,0,0
37800,2,22,6.1,132,32.25,2.10403,19.6879,0,7936,0,0,0,0,0,0,0,0,0, 0,0,0,0,0,11,0,0,0,0
37800,3,244,-55.4,72,32,-8.88987,6.13271,0,7936,0,0,0,0,0,0,0,0,0, 0,0,0,0,0,11,0,0,0,0
37800,4,30,1.3,136,31.75,0.462822,20.3947,0,7936,0,0,0,0,0,0,0,0,0, 0,0,0,0,0,11,0,0,0,0
37800,5,154,-53.4,76,32,-9.15212,6.79696,0,7936,0,0,0,0,0,0,0,0,0, 0,0,0,0,0,11,0,0,0,0
37800,6,102,-48,80,32,-8.91774,8.02957,0,7936,0,0,0,0,0,0,0,0,0, 0,0,0,0,0,11,0,0,0,0
37800,7,138,-59.4,60,32,-7.74668,4.58137,0,7936,0,0,0,0,0,0,0,0,0, 0,0,0,0,0,11,0,0,0,0
37840,0,243,-57.4,64,32,-8.08754,5.1722,0,1140,0,0,0,0,0,0,0,0,0, 0,0,0,0,0,12,0,0,0,0
37840,1,290,-56.5,68,32,-8.50564,5.62976,0,1140,0,0,0,0,0,0,0,0,0, 0,0,0,0,0,12,0,0,0,0
37840,2,243,-55.4,72,32,-8.88987,6.13271,0,1140,0,0,0,0,0,0,0,0,0, 0,0,0,0,0,12,0,0,0,0
37840,3,158,-51.6,76,32,-8.93411,7.08108,0,1140,0,0,0,0,0,0,0,0,0, 0,0,0,0,0,12,0,0,0,0
37840,4,108,-48,80,32,-8.91774,8.02957,0,1140,0,0,0,0,0,0,0,0,0, 0,0,0,0,0,12,0,0,0,0
37840,5,83,-51.6,84,32,-9.87454,7.82646,0,1140,0,0,0,0,0,0,0,0,0, 0,0,0,0,0,12,0,0,0,0
37840,6,140,-58.4,60,32,-7.66554,4.71587,0,1140,0,0,0,0,0,0,0,0,0, 0,0,0,0,0,12,0,0,0,0
37880,0,246,-57.4,64,32,-8.08754,5.1722,0,86,0,0,0,0,0,0,0,0,0, 0,0,0,0,0,13,0,0,0,0
37880,1,290,-56.5,68,32,-8.50564,5.62976,0,86,0,0,0,0,0,0,0,0,0, 0,0,0,0,0,13,0,0,0,0
37880,2,242,-55.4,72,32,-8.88987,6.13271,0,86,0,0,0,0,0,0,0,0,0, 0,0,0,0,0,13,0,0,0,0
37880,3,156,-53.4,76,32,-9.15212,6.79696,0,86,0,0,0,0,0,0,0,0,0, 0,0,0,0,0,13,0,0,0,0
37880,4,105,-46.7,80,32,-8.73327,8.22982,0,86,0,0,0,0,0,0,0,0,0, 0,0,0,0,0,13,0,0,0,0
37880,5,139,-58.4,60,32,-7.66554,4.71587,0,86,0,0,0,0,0,0,0,0,0, 0,0,0,0,0,13,0,0,0,0
37920,0,247,-57.4,64,32,-8.08754,5.1722,0,0,0,0,0,0,0,0,0,0,0, 0,0,0,0,0,14,0,0,0,0
37920,1,291,-56.5,68,32,-8.50564,5.62976,0,0,0,0,0,0,0,0,0,0,0, 0,0,0,0,0,14,0,0,0,0
37920,2,244,-55.4,72,32,-8.88987,6.13271,0,0,0,0,0,0,0,0,0,0,0, 0,0,0,0,0,14,0,0,0,0
37920,3,155,-51.6,76,32,-8.93411,7.08108,0,0,0,0,0,0,0,0,0,0,0, 0,0,0,0,0,14,0,0,0,0
37920,4,106,-46.7,80,32,-8.73327,8.22982,0,0,0,0,0,0,0,0,0,0,0, 0,0,0,0,0,14,0,0,0,0
37920,5,140,-58.4,60,32,-7.66554,4.71587,0,0,0,0,0,0,0,0,0,0,0, 0,0,0,0,0,14,0,0,0,0
37960,0,249,-57.4,64,32,-8.08754,5.1722,0,0,0,0,0,0,0,0,0,0,0, 0,0,0,0,0,15,0,0,0,0
37960,1,293,-56.5,68,32,-8.50564,5.62976,0,0,0,0,0,0,0,0,0,0,0, 0,0,0,0,0,15,0,0,0,0
37960,2,245,-55.4,72,32,-8.88987,6.13271,0,0,0,0,0,0,0,0,0,0,0, 0,0,0,0,0,15,0,0,0,0
37960,3,159,-51.6,76,32,-8.93411,7.08108,0,0,0,0,0,0,0,0,0,0,0, 0,0,0,0,0,15,0,0,0,0
37960,4,110,-46.7,80,32,-8.73327,8.22982,0,0,0,0,0,0,0,0,0,0,0, 0,0,0,0,0,15,0,0,0,0
37960,5,84,-48,84,32,-9.36363,8.43105,0,0,0,0,0,0,0,0,0,0,0, 0,0,0,0,0,15,0,0,0,0
37960,6,139,-57.4,60,32,-7.58207,4.84894,0,0,0,0,0,0,0,0,0,0,0, 0,0,0,0,0,15,0,0,0,0
38000,0,250,-57.4,64,32,-8.08754,5.1722,0,0,0,0,0,0,0,0,0,0,0, 0,0,0,0,0,0,0,0,0,0
38000,1,295,-56.5,68,32,-8.50564,5.62976,0,0,0,0,0,0,0,0,0,0,0, 0,0,0,0,0,0,0,0,0,0
38000,2,32,4.2,132,31.75,1.45012,19.7468,0,0,0,0,0,0,0,0,0,0,0, 0,0,0,0,0,0,0,0,0,0
38000,3,244,-55.4,72,32,-8.88987,6.13271,0,0,0,0,0,0,0,0,0,0,0, 0,0,0,0,0,0,0,0,0,0
38000,4,155,-51.6,76,32,-8.93411,7.08108,0,0,0,0,0,0,0,0,0,0,0, 0,0,0,0,0,0,0,0,0,0
38000,5,106,-45.9,80,32,-8.61752,8.35095,0,0,0,0,0,0,0,0,0,0,0, 0,0,0,0,0,0,0,0,0,0
38000,6,81,-45.9,84,32,-9.04839,8.7685,0,0,0,0,0,0,0,0,0,0,0, 0,0,0,0,0,0,0,0,0,0
38000,7,141,-58.4,60,32,-7.66554,4.71587,0,0,0,0,0,0,0,0,0,0,0, 0,0,0,0,0,0,0,0,0,0
38040,0,248,-56.5,64,32,-8.0053,5.2986,0,0,0,0,0,0,0,0,0,0,0, 0,0,0,0,0,1,0,0,0,0
38040,1,295,-55.4,68,32,-8.39599,5.79201,0,0,0,0,0,0,0,0,0,0,0, 0,0,0,0,0,1,0,0,0,0
38040,2,31,68.6,8,33,1.11727,0.437852,0,0,0,0,0,0,0,0,0,0,0, 0,0,0,0,0,1,0,0,0,0
38040,3,246,-55.4,72,32,-8.88987,6.13271,0,0,0,0,0,0,0,0,0,0,0, 0,0,0,0,0,1,0,0,0,0
38040,4,159,-51.6,76,32,-8.93411,7.08108,0,0,0,0,0,0,0,0,0,0,0, 0,0,0,0,0,1,0,0,0,0
38040,5,107,-46.7,80,32,-8.73327,8.22982,0,0,0,0,0,0,0,0,0,0,0, 0,0,0,0,0,1,0,0,0,0
38040,6,83,-48,84,32,-9.36363,8.43105,0,0,0,0,0,0,0,0,0,0,0, 0,0,0,0,0,1,0,0,0,0
38040,7,141,-57.4,60,32,-7.58207,4.84894,0,0,0,0,0,0,0,0,0,0,0, 0,0,0,0,0,1,0,0,0,0
38080,0,248,-57.4,64,32,-8.08754,5.1722,0,0,0,0,0,0,0,0,0,0,0, 0,0,0,0,0,2,0,0,0,0
38080,1,292,-56.5,68,32,-8.50564,5.62976,0,0,0,0,0,0,0,0,0,0,0, 0,0,0,0,0,2,0,0,0,0
38080,2,46,69.6,8,33,1.12474,0.418287,0,0,0,0,0,0,0,0,0,0,0, 0,0,0,0,0,2,0,0,0,0
38080,3,242,-56.5,72,32,-9.00597,5.96092,0,0,0,0,0,0,0,0,0,0,0, 0,0,0,0,0,2,0,0,0,0
38080,4,151,-53.4,76,32,-9.15212,6.79696,0,0,0,0,0,0,0,0,0,0,0, 0,0,0,0,0,2,0,0,0,0
38080,5,104,-46.7,80,32,-8.73327,8.22982,0,0,0,0,0,0,0,0,0,0,0, 0,0,0,0,0,2,0,0,0,0
38080,6,141,-59.4,60,32,-7.74668,4.58137,0,0,0,0,0,0,0,0,0,0,0, 0,0,0,0,0,2,0,0,0,0
38120,0,245,-58.4,64,32,-8.17658,5.03026,0,0,0,0,0,0,0,0,0,0,0, 0,0,0,0,0,3,0,0,0,0
38120,1,289,-57.4,68,32,-8.59301,5.49546,0,0,0,0,0,0,0,0,0,0,0, 0,0,0,0,0,3,0,0,0,0
38120,2,241,-56.5,72,32,-9.00597,5.96092,0,0,0,0,0,0,0,0,0,0,0, 0,0,0,0,0,3,0,0,0,0
38120,3,155,-53.4,76,32,-9.15212,6.79696,0,0,0,0,0,0,0,0,0,0,0, 0,0,0,0,0,3,0,0,0,0
38120,4,107,-46.7,80,32,-8.73327,8.22982,0,0,0,0,0,0,0,0,0,0,0, 0,0,0,0,0,3,0,0,0,0
38120,5,82,-48,84,32,-9.36363,8.43105,0,0,0,0,0,0,0,0,0,0,0, 0,0,0,0,0,3,0,0,0,0
38120,6,139,-59.4,60,32,-7.74668,4.58137,0,0,0,0,0,0,0,0,0,0,0, 0,0,0,0,0,3,0,0,0,0
38160,0,247,-58.4,64,32,-8.17658,5.03026,0,0,0,0,0,0,0,0,0,0,0, 0,0,0,0,0,4,0,0,0,0
38160,1,290,-57.4,68,32,-8.59301,5.49546,0,0,0,0,0,0,0,0,0,0,0, 0,0,0,0,0,4,0,0,0,0
38160,2,240,-56.5,72,32,-9.00597,5.96092,0,0,0,0,0,0,0,0,0,0,0, 0,0,0,0,0,4,0,0,0,0
38160,3,152,-54.4,76,32,-9.26935,6.6362,0,0,0,0,0,0,0,0,0,0,0, 0,0,0,0,0,4,0,0,0,0
38160,4,102,-46.7,80,32,-8.73327,8.22982,0,0,0,0,0,0,0,0,0,0,0, 0,0,0,0,0,4,0,0,0,0
38160,5,141,-59.4,60,32,-7.74668,4.58137,0,0,0,0,0,0,0,0,0,0,0, 0,0,0,0,0,4,0,0,0,0
38200,0,248,-58.4,64,32,-8.17658,5.03026,0,0,0,0,0,0,0,0,0,0,0, 0,0,0,0,0,5,0,0,0,0
38200,1,291,-57.4,68,32,-8.59301,5.49546,0,0,0,0,0,0,0,0,0,0,0, 0,0,0,0,0,5,0,0,0,0
38200,2,241,-56.5,72,32,-9.00597,5.96092,0,0,0,0,0,0,0,0,0,0,0, 0,0,0,0,0,5,0,0,0,0
38200,3,151,-54.4,76,32,-9.26935,6.6362,0,0,0,0,0,0,0,0,0,0,0, 0,0,0,0,0,5,0,0,0,0
38200,4,102,-46.7,80,32,-8.73327,8.22982,0,0,0,0,0,0,0,0,0,0,0, 0,0,0,0,0,5,0,0,0,0
38200,5,82,-48,84,32,-9.36363,8.43105,0,0,0,0,0,0,0,0,0,0,0, 0,0,0,0,0,5,0,0,0,0
38200,6,25,9.9,120,31.75,3.09472,17.732,0,0,0,0,0,0,0,0,0,0,0, 0,0,0,0,0,5,0,0,0,0
38200,7,140,-58.4,60,32,-7.66554,4.71587,0,0,0,0,0,0,0,0,0,0,0, 0,0,0,0,0,5,0,0,0,0
38240,0,247,-57.4,64,32,-8.08754,5.1722,0,0,0,0,0,0,0,0,0,0,0, 0,0,0,0,0,6,0,0,0,0
38240,1,289,-56.5,68,32,-8.50564,5.62976,0,0,0,0,0,0,0,0,0,0,0, 0,0,0,0,0,6,0,0,0,0
38240,2,31,2.4,132,31.75,0.829138,19.7826,0,0,0,0,0,0,0,0,0,0,0, 0,0,0,0,0,6,0,0,0,0
38240,3,244,-55.4,72,32,-8.88987,6.13271,0,0,0,0,0,0,0,0,0,0,0, 0,0,0,0,0,6,0,0,0,0
38240,4,156,-53.4,76,32,-9.15212,6.79696,0,0,0,0,0,0,0,0,0,0,0, 0,0,0,0,0,6,0,0,0,0
38240,5,106,-48,80,32,-8.91774,8.02957,0,0,0,0,0,0,0,0,0,0,0, 0,0,0,0,0,6,0,0,0,0
38240,6,81,-49.8,84,32,-9.62383,8.13277,0,0,0,0,0,0,0,0,0,0,0, 0,0,0,0,0,6,0,0,0,0
38240,7,139,-58.4,60,32,-7.66554,4.71587,0,0,0,0,0,0,0,0,0,0,0, 0,0,0,0,0,6,0,0,0,0
38280,0,249,-57.4,64,32,-8.08754,5.1722,0,0,0,0,0,0,0,0,0,0,0, 0,0,0,0,0,7,0,0,0,0
38280,1,295,-56.5,68,32,-8.50564,5.62976,0,0,0,0,0,0,0,0,0,0,0, 0,0,0,0,0,7,0,0,0,0
38280,2,245,-55.4,72,32,-8.88987,6.13271,0,0,0,0,0,0,0,0,0,0,0, 0,0,0,0,0,7,0,0,0,0
38280,3,154,-53.4,76,32,-9.15212,6.79696,0,0,0,0,0,0,0,0,0,0,0, 0,0,0,0,0,7,0,0,0,0
38280,4,103,-48,80,32,-8.91774,8.02957,0,0,0,0,0,0,0,0,0,0,0, 0,0,0,0,0,7,0,0,0,0
38280,5,141,-57.4,60,32,-7.58207,4.84894,0,0,0,0,0,0,0,0,0,0,0, 0,0,0,0,0,7,0,0,0,0
38320,0,251,-56.5,64,32,-8.0053,5.2986,0,0,0,0,0,0,0,0,0,0,0, 0,0,0,0,0,8,0,0,0,0
38320,1,295,-55.4,68,32,-8.39599,5.79201,0,0,0,0,0,0,0,0,0,0,0, 0,0,0,0,0,8,0,0,0,0
38320,2,41,75.1,8,33,1.15965,0.308559,0,0,0,0,0,0,0,0,0,0,0, 0,0,0,0,0,8,0,0,0,0
38320,3,245,-55.4,72,32,-8.88987,6.13271,0,0,0,0,0,0,0,0,0,0,0, 0,0,0,0,0,8,0,0,0,0
38320,4,157,-51.6,76,32,-8.93411,7.08108,0,0,0,0,0,0,0,0,0,0,0, 0,0,0,0,0,8,0,0,0,0
38320,5,107,-48,80,32,-8.91774,8.02957,0,0,0,0,0,0,0,0,0,0,0, 0,0,0,0,0,8,0,0,0,0
38320,6,82,-51.6,84,32,-9.87454,7.82646,0,0,0,0,0,0,0,0,0,0,0, 0,0,0,0,0,8,0,0,0,0
38320,7,141,-58.4,60,32,-7.66554,4.71587,0,0,0,0,0,0,0,0,0,0,0, 0,0,0,0,0,8,0,0,0,0
38360,0,250,-57.4,64,32,-8.08754,5.1722,0,1334,0,0,0,0,0,0,0,0,0, 0,0,0,0,0,9,0,0,0,0
38360,1,296,-56.5,68,32,-8.50564,5.62976,0,1334,0,0,0,0,0,0,0,0,0, 0,0,0,0,0,9,0,0,0,0
38360,2,246,-55.4,72,32,-8.88987,6.13271,0,1334,0,0,0,0,0,0,0,0,0, 0,0,0,0,0,9,0,0,0,0
38360,3,154,-53.4,76,32,-9.15212,6.79696,0,1334,0,0,0,0,0,0,0,0,0, 0,0,0,0,0,9,0,0,0,0
38360,4,102,-48,80,32,-8.91774,8.02957,0,1334,0,0,0,0,0,0,0,0,0, 0,0,0,0,0,9,0,0,0,0
38360,5,141,-58.4,60,32,-7.66554,4.71587,0,1334,0,0,0,0,0,0,0,0,0, 0,0,0,0,0,9,0,0,0,0
38400,0,249,-56.5,64,32,-8.0053,5.2986,0,0,0,0,0,0,0,0,0,0,0, 0,0,0,0,0,10,0,0,0,0
38400,1,293,-55.4,68,32,-8.39599,5.79201,0,0,0,0,0,0,0,0,0,0,0, 0,0,0,0,0,10,0,0,0,0
38400,2,245,-54.4,72,32,-8.78149,6.28693,0,0,0,0,0,0,0,0,0,0,0, 0,0,0,0,0,10,0,0,0,0
38400,3,157,-51.6,76,32,-8.93411,7.08108,0,0,0,0,0,0,0,0,0,0,0, 0,0,0,0,0,10,0,0,0,0
38400,4,106,-49.8,80,32,-9.16555,7.74549,0,0,0,0,0,0,0,0,0,0,0, 0,0,0,0,0,10,0,0,0,0
38400,5,143,-57.4,60,32,-7.58207,4.84894,0,0,0,0,0,0,0,0,0,0,0, 0,0,0,0,0,10,0,0,0,0
38440,0,249,-56.5,64,32,-8.0053,5.2986,0,7936,0,0,0,0,0,0,0,0,0, 0,0,0,0,0,11,0,0,0,0
38440,1,293,-56.5,68,32,-8.50564,5.62976,0,7936,0,0,0,0,0,0,0,0,0, 0,0,0,0,0,11,0,0,0,0
38440,2,25,4.8,132,31.75,1.65682,19.7306,0,7936,0,0,0,0,0,0,0,0,0, 0,0,0,0,0,11,0,0,0,0
38440,3,243,-55.4,72,32,-8.88987,6.13271,0,7936,0,0,0,0,0,0,0,0,0, 0,0,0,0,0,11,0,0,0,0
38440,4,152,-53.4,76,32,-9.15212,6.79696,0,7936,0,0,0,0,0,0,0,0,0, 0,0,0,0,0,11,0,0,0,0
38440,5,101,-48,80,32,-8.91774,8.02957,0,7936,0,0,0,0,0,0,0,0,0, 0,0,0,0,0,11,0,0,0,0
38440,6,142,-58.4,60,32,-7.66554,4.71587,0,7936,0,0,0,0,0,0,0,0,0, 0,0,0,0,0,11,0,0,0,0
38480,0,247,-57.4,64,32,-8.08754,5.1722,0,1140,0,0,0,0,0,0,0,0,0, 0,0,0,0,0,12,0,0,0,0
38480,1,34,4.8,128,31.75,1.60661,19.1327,0,1140,0,0,0,0,0,0,0,0,0, 0,0,0,0,0,12,0,0,0,0
38480,2,292,-55.4,68,32,-8.39599,5.79201,0,1140,0,0,0,0,0,0,0,0,0, 0,0,0,0,0,12,0,0,0,0
38480,3,26,0.6,132,31.25,0.207341,19.7989,0,1140,0,0,0,0,0,0,0,0,0, 0,0,0,0,0,12,0,0,0,0
38480,4,241,-55.4,72,32,-8.88987,6.13271,0,1140,0,0,0,0,0,0,0,0,0, 0,0,0,0,0,12,0,0,0,0
38480,5,33,2.4,136,31.75,0.854263,20.3821,0,1140,0,0,0,0,0,0,0,0,0, 0,0,0,0,0,12,0,0,0,0
38480,6,153,-53.4,76,32,-9.15212,6.79696,0,1140,0,0,0,0,0,0,0,0,0, 0,0,0,0,0,12,0,0,0,0
38480,7,101,-48,80,32,-8.91774,8.02957,0,1140,0,0,0,0,0,0,0,0,0, 0,0,0,0,0,12,0,0,0,0
38480,8,23,6.6,144,30.75,2.48264,21.4569,0,1140,0,0,0,0,0,0,0,0,0, 0,0,0,0,0,12,0,0,0,0
38480,9,139,-58.4,60,32,-7.66554,4.71587,0,1140,0,0,0,0,0,0,0,0,0, 0,0,0,0,0,12,0,0,0,0
38520,0,247,-57.4,64,32,-8.08754,5.1722,0,86,0,0,0,0,0,0,0,0,0, 0,0,0,0,0,13,0,0,0,0
38520,1,291,-56.5,68,32,-8.50564,5.62976,0,86,0,0,0,0,0,0,0,0,0, 0,0,0,0,0,13,0,0,0,0
38520,2,241,-55.4,72,32,-8.88987,6.13271,0,86,0,0,0,0,0,0,0,0,0, 0,0,0,0,0,13,0,0,0,0
38520,3,153,-53.4,76,32,-9.15212,6.79696,0,86,0,0,0,0,0,0,0,0,0, 0,0,0,0,0,13,0,0,0,0
38520,4,35,1.3,140,32.25,0.476434,20.9946,0,86,0,0,0,0,0,0,0,0,0, 0,0,0,0,0,13,0,0,0,0
38520,5,102,-48,80,32,-8.91774,8.02957,0,86,0,0,0,0,0,0,0,0,0, 0,0,0,0,0,13,0,0,0,0
38520,6,140,-57.4,60,32,-7.58207,4.84894,0,86,0,0,0,0,0,0,0,0,0, 0,0,0,0,0,13,0,0,0,0
38560,0,247,-56.5,64,32,-8.0053,5.2986,0,0,0,0,0,0,0,0,0,0,0, 0,0,0,0,0,14,0,0,0,0
38560,1,291,-56.5,68,32,-8.50564,5.62976,0,0,0,0,0,0,0,0,0,0,0, 0,0,0,0,0,14,0,0,0,0
38560,2,243,-55.4,72,32,-8.88987,6.13271,0,0,0,0,0,0,0,0,0,0,0, 0,0,0,0,0,14,0,0,0,0
38560,3,155,-53.4,76,32,-9.15212,6.79696,0,0,0,0,0,0,0,0,0,0,0, 0,0,0,0,0,14,0,0,0,0
38560,4,106,-48,80,32,-8.91774,8.02957,0,0,0,0,0,0,0,0,0,0,0, 0,0,0,0,0,14,0,0,0,0
38560,5,28,0.6,144,31.75,0.226191,21.5988,0,0,0,0,0,0,0,0,0,0,0, 0,0,0,0,0,14,0,0,0,0
38560,6,139,-56.5,60,32,-7.50497,4.96743,0,0,0,0,0,0,0,0,0,0,0, 0,0,0,0,0,14,0,0,0,0
38600,0,247,-56.5,64,32,-8.0053,5.2986,0,0,0,0,0,0,0,0,0,0,0, 0,0,0,0,0,15,0,0,0,0
38600,1,290,-56.5,68,32,-8.50564,5.62976,0,0,0,0,0,0,0,0,0,0,0, 0,0,0,0,0,15,0,0,0,0
38600,2,241,-55.4,72,32,-8.88987,6.13271,0,0,0,0,0,0,0,0,0,0,0, 0,0,0,0,0,15,0,0,0,0
38600,3,151,-53.4,76,32,-9.15212,6.79696,0,0,0,0,0,0,0,0,0,0,0, 0,0,0,0,0,15,0,0,0,0
38600,4,101,-48,80,32,-8.91774,8.02957,0,0,0,0,0,0,0,0,0,0,0, 0,0,0,0,0,15,0,0,0,0
38600,5,139,-57.4,60,32,-7.58207,4.84894,0,0,0,0,0,0,0,0,0,0,0, 0,0,0,0,0,15,0,0,0,0
38640,0,245,-57.4,64,32,-8.08754,5.1722,0,0,0,0,0,0,0,0,0,0,0, 0,0,0,0,0,0,0,0,0,0
38640,1,289,-56.5,68,32,-8.50564,5.62976,0,0,0,0,0,0,0,0,0,0,0, 0,0,0,0,0,0,0,0,0,0
38640,2,241,-56.5,72,32,-9.00597,5.96092,0,0,0,0,0,0,0,0,0,0,0, 0,0,0,0,0,0,0,0,0,0
38640,3,155,-53.4,76,32,-9.15212,6.79696,0,0,0,0,0,0,0,0,0,0,0, 0,0,0,0,0,0,0,0,0,0
38640,4,102,-49.8,80,32,-9.16555,7.74549,0,0,0,0,0,0,0,0,0,0,0, 0,0,0,0,0,0,0,0,0,0
38640,5,139,-58.4,60,32,-7.66554,4.71587,0,0,0,0,0,0,0,0,0,0,0, 0,0,0,0,0,0,0,0,0,0
38680,0,244,-58.4,64,32,-8.17658,5.03026,0,0,0,0,0,0,0,0,0,0,0, 0,0,0,0,0,1,0,0,0,0
38680,1,289,-57.4,68,32,-8.59301,5.49546,0,0,0,0,0,0,0,0,0,0,0, 0,0,0,0,0,1,0,0,0,0
38680,2,241,-56.5,72,32,-9.00597,5.96092,0,0,0,0,0,0,0,0,0,0,0, 0,0,0,0,0,1,0,0,0,0
38680,3,150,-54.4,76,32,-9.26935,6.6362,0,0,0,0,0,0,0,0,0,0,0, 0,0,0,0,0,1,0,0,0,0
38680,4,101,-49.8,80,32,-9.16555,7.74549,0,0,0,0,0,0,0,0,0,0,0, 0,0,0,0,0,1,0,0,0,0
38680,5,140,-59.4,60,32,-7.74668,4.58137,0,0,0,0,0,0,0,0,0,0,0, 0,0,0,0,0,1,0,0,0,0
38720,0,245,-58.4,64,32,-8.17658,5.03026,0,0,0,0,0,0,0,0,0,0,0, 0,0,0,0,0,2,0,0,0,0
38720,1,290,-57.4,68,32,-8.59301,5.49546,0,0,0,0,0,0,0,0,0,0,0, 0,0,0,0,0,2,0,0,0,0
38720,2,242,-56.5,72,32,-9.00597,5.96092,0,0,0,0,0,0,0,0,0,0,0, 0,0,0,0,0,2,0,0,0,0
38720,3,155,-54.4,76,32,-9.26935,6.6362,0,0,0,0,0,0,0,0,0,0,0, 0,0,0,0,0,2,0,0,0,0
38720,4,104,-49.8,80,32,-9.16555,7.74549,0,0,0,0,0,0,0,0,0,0,0, 0,0,0,0,0,2,0,0,0,0
38720,5,139,-58.4,60,32,-7.66554,4.71587,0,0,0,0,0,0,0,0,0,0,0, 0,0,0,0,0,2,0,0,0,0
38760,0,246,-58.4,64,32,-8.17658,5.03026,0,0,0,0,0,0,0,0,0,0,0, 0,0,0,0,0,3,0,0,0,0
38760,1,291,-56.5,68,32,-8.50564,5.62976,0,0,0,0,0,0,0,0,0,0,0, 0,0,0,0,0,3,0,0,0,0
38760,2,242,-56.5,72,32,-9.00597,5.96092,0,0,0,0,0,0,0,0,0,0,0, 0,0,0,0,0,3,0,0,0,0
38760,3,154,-53.4,76,32,-9.15212,6.79696,0,0,0,0,0,0,0,0,0,0,0, 0,0,0,0,0,3,0,0,0,0
38760,4,102,-48,80,32,-8.91774,8.02957,0,0,0,0,0,0,0,0,0,0,0, 0,0,0,0,0,3,0,0,0,0
38760,5,20,6.6,152,30.75,2.62057,22.6489,0,0,0,0,0,0,0,0,0,0,0, 0,0,0,0,0,3,0,0,0,0
38760,6,21,7.2,152,31,2.8576,22.6202,0,0,0,0,0,0,0,0,0,0,0, 0,0,0,0,0,3,0,0,0,0
38760,7,141,-56.5,60,32,-7.50497,4.96743,0,0,0,0,0,0,0,0,0,0,0, 0,0,0,0,0,3,0,0,0,0
38800,0,247,-56.5,64,32,-8.0053,5.2986,0,0,0,0,0,0,0,0,0,0,0, 0,0,0,0,0,4,0,0,0,0
38800,1,292,-55.4,68,32,-8.39599,5.79201,0,0,0,0,0,0,0,0,0,0,0, 0,0,0,0,0,4,0,0,0,0
38800,2,241,-55.4,72,32,-8.88987,6.13271,0,0,0,0,0,0,0,0,0,0,0, 0,0,0,0,0,4,0,0,0,0
38800,3,152,-53.4,76,32,-9.15212,6.79696,0,0,0,0,0,0,0,0,0,0,0, 0,0,0,0,0,4,0,0,0,0
38800,4,99,-48,80,32,-8.91774,8.02957,0,0,0,0,0,0,0,0,0,0,0, 0,0,0,0,0,4,0,0,0,0
38800,5,18,10.6,152,32.25,4.19409,22.4109,0,0,0,0,0,0,0,0,0,0,0, 0,0,0,0,0,4,0,0,0,0
38800,6,139,-56.5,60,32,-7.50497,4.96743,0,0,0,0,0,0,0,0,0,0,0, 0,0,0,0,0,4,0,0,0,0
38840,0,246,-56.5,64,32,-8.0053,5.2986,0,0,0,0,0,0,0,0,0,0,0, 0,0,0,0,0,5,0,0,0,0
38840,1,289,-56.5,68,32,-8.50564,5.62976,0,0,0,0,0,0,0,0,0,0,0, 0,0,0,0,0,5,0,0,0,0
38840,2,242,-55.4,72,32,-8.88987,6.13271,0,0,0,0,0,0,0,0,0,0,0, 0,0,0,0,0,5,0,0,0,0
38840,3,155,-53.4,76,32,-9.15212,6.79696,0,0,0,0,0,0,0,0,0,0,0, 0,0,0,0,0,5,0,0,0,0
38840,4,101,-49.8,80,32,-9.16555,7.74549,0,0,0,0,0,0,0,0,0,0,0, 0,0,0,0,0,5,0,0,0,0
38840,5,141,-56.5,60,32,-7.50497,4.96743,0,0,0,0,0,0,0,0,0,0,0, 0,0,0,0,0,5,0,0,0,0
38880,0,246,-57.4,64,32,-8.08754,5.1722,0,0,0,0,0,0,0,0,0,0,0, 0,0,0,0,0,6,0,0,0,0
38880,1,290,-56.5,68,32,-8.50564,5.62976,0,0,0,0,0,0,0,0,0,0,0, 0,0,0,0,0,6,0,0,0,0
38880,2,38,0.6,132,31.75,0.207341,19.7989,0,0,0,0,0,0,0,0,0,0,0, 0,0,0,0,0,6,0,0,0,0
38880,3,240,-56.5,72,32,-9.00597,5.96092,0,0,0,0,0,0,0,0,0,0,0, 0,0,0,0,0,6,0,0,0,0
38880,4,149,-53.4,76,32,-9.15212,6.79696,0,0,0,0,0,0,0,0,0,0,0, 0,0,0,0,0,6,0,0,0,0
38880,5,29,1.8,140,30.75,0.659626,20.9896,0,0,0,0,0,0,0,0,0,0,0, 0,0,0,0,0,6,0,0,0,0
38880,6,101,-49.8,80,32,-9.16555,7.74549,0,0,0,0,0,0,0,0,0,0,0, 0,0,0,0,0,6,0,0,0,0
38880,7,140,-58.4,60,32,-7.66554,4.71587,0,0,0,0,0,0,0,0,0,0,0, 0,0,0,0,0,6,0,0,0,0
38920,0,243,-57.4,64,32,-8.08754,5.1722,0,0,0,0,0,0,0,0,0,0,0, 0,0,0,0,0,7,0,0,0,0
38920,1,287,-56.5,68,32,-8.50564,5.62976,0,0,0,0,0,0,0,0,0,0,0, 0,0,0,0,0,7,0,0,0,0
38920,2,37,1.8,132,31.75,0.621933,19.7902,0,0,0,0,0,0,0,0,0,0,0, 0,0,0,0,0,7,0,0,0,0
38920,3,241,-56.5,72,32,-9.00597,5.96092,0,0,0,0,0,0,0,0,0,0,0, 0,0,0,0,0,7,0,0,0,0
38920,4,50,0.6,136,31.75,0.213624,20.3989,0,0,0,0,0,0,0,0,0,0,0, 0,0,0,0,0,7,0,0,0,0
38920,5,154,-53.4,76,32,-9.15212,6.79696,0,0,0,0,0,0,0,0,0,0,0, 0,0,0,0,0,7,0,0,0,0
38920,6,102,-51.6,80,32,-9.40432,7.45377,0,0,0,0,0,0,0,0,0,0,0, 0,0,0,0,0,7,0,0,0,0
38920,7,139,-58.4,60,32,-7.66554,4.71587,0,0,0,0,0,0,0,0,0,0,0, 0,0,0,0,0,7,0,0,0,0
38960,0,245,-59.4,64,32,-8.26312,4.8868,0,0,0,0,0,0,0,0,0,0,0, 0,0,0,0,0,8,0,0,0,0
38960,1,287,-58.4,68,32,-8.68761,5.34466,0,0,0,0,0,0,0,0,0,0,0, 0,0,0,0,0,8,0,0,0,0
38960,2,47,65.6,8,33,1.09282,0.495725,0,0,0,0,0,0,0,0,0,0,0, 0,0,0,0,0,8,0,0,0,0
38960,3,239,-56.5,72,32,-9.00597,5.96092,0,0,0,0,0,0,0,0,0,0,0, 0,0,0,0,0,8,0,0,0,0
38960,4,151,-54.4,76,32,-9.26935,6.6362,0,0,0,0,0,0,0,0,0,0,0, 0,0,0,0,0,8,0,0,0,0
38960,5,97,-49.8,80,32,-9.16555,7.74549,0,0,0,0,0,0,0,0,0,0,0, 0,0,0,0,0,8,0,0,0,0
38960,6,139,-59.4,60,32,-7.74668,4.58137,0,0,0,0,0,0,0,0,0,0,0, 0,0,0,0,0,8,0,0,0,0
39000,0,245,-58.4,64,32,-8.17658,5.03026,0,1334,0,0,0,0,0,0,0,0,0, 0,0,0,0,0,9,0,0,0,0
39000,1,287,-57.4,68,32,-8.59301,5.49546,0,1334,0,0,0,0,0,0,0,0,0, 0,0,0,0,0,9,0,0,0,0
39000,2,241,-56.5,72,32,-9.00597,5.96092,0,1334,0,0,0,0,0,0,0,0,0, 0,0,0,0,0,9,0,0,0,0
39000,3,152,-54.4,76,32,-9.26935,6.6362,0,1334,0,0,0,0,0,0,0,0,0, 0,0,0,0,0,9,0,0,0,0
39000,4,63,3.1,140,31.75,1.13566,20.9693,0,1334,0,0,0,0,0,0,0,0,0, 0,0,0,0,0,9,0,0,0,0
39000,5,100,-53.4,80,32,-9.63381,7.1547,0,1334,0,0,0,0,0,0,0,0,0, 0,0,0,0,0,9,0,0,0,0
39000,6,30,0.1,152,31.25,0.0397935,22.8,0,1334,0,0,0,0,0,0,0,0,0, 0,0,0,0,0,9,0,0,0,0
39000,7,142,-58.4,60,32,-7.66554,4.71587,0,1334,0,0,0,0,0,0,0,0,0, 0,0,0,0,0,9,0,0,0,0
39040,0,248,-57.4,64,32,-8.08754,5.1722,0,0,0,0,0,0,0,0,0,0,0, 0,0,0,0,0,10,0,0,0,0
39040,1,293,-56.5,68,32,-8.50564,5.62976,0,0,0,0,0,0,0,0,0,0,0, 0,0,0,0,0,10,0,0,0,0
39040,2,46,75.1,8,33,1.15965,0.308559,0,0,0,0,0,0,0,0,0,0,0, 0,0,0,0,0,10,0,0,0,0
39040,3,241,-56.5,72,32,-9.00597,5.96092,0,0,0,0,0,0,0,0,0,0,0, 0,0,0,0,0,10,0,0,0,0
39040,4,151,-55.4,76,32,-9.38375,6.47342,0,0,0,0,0,0,0,0,0,0,0, 0,0,0,0,0,10,0,0,0,0
39040,5,98,-53.4,80,32,-9.63381,7.1547,0,0,0,0,0,0,0,0,0,0,0, 0,0,0,0,0,10,0,0,0,0
39040,6,18,2.4,152,31.75,0.954765,22.78,0,0,0,0,0,0,0,0,0,0,0, 0,0,0,0,0,10,0,0,0,0
39040,7,141,-58.4,60,32,-7.66554,4.71587,0,0,0,0,0,0,0,0,0,0,0, 0,0,0,0,0,10,0,0,0,0
39080,0,247,-57.4,64,32,-8.08754,5.1722,0,7936,0,0,0,0,0,0,0,0,0, 0,0,0,0,0,11,0,0,0,0
39080,1,290,-56.5,68,32,-8.50564,5.62976,0,7936,0,0,0,0,0,0,0,0,0, 0,0,0,0,0,11,0,0,0,0
39080,2,240,-56.5,72,32,-9.00597,5.96092,0,7936,0,0,0,0,0,0,0,0,0, 0,0,0,0,0,11,0,0,0,0
39080,3,150,-54.4,76,32,-9.26935,6.6362,0,7936,0,0,0,0,0,0,0,0,0, 0,0,0,0,0,11,0,0,0,0
39080,4,98,-51.6,80,32,-9.40432,7.45377,0,7936,0,0,0,0,0,0,0,0,0, 0,0,0,0,0,11,0,0,0,0
39080,5,140,-58.4,60,32,-7.66554,4.71587,0,7936,0,0,0,0,0,0,0,0,0, 0,0,0,0,0,11,0,0,0,0
39120,0,246,-57.4,64,32,-8.08754,5.1722,0,1139,0,0,0,0,0,0,0,0,0, 0,0,0,0,0,12,0,0,0,0
39120,1,288,-56.5,68,32,-8.50564,5.62976,0,1139,0,0,0,0,0,0,0,0,0, 0,0,0,0,0,12,0,0,0,0
39120,2,240,-56.5,72,32,-9.00597,5.96092,0,1139,0,0,0,0,0,0,0,0,0, 0,0,0,0,0,12,0,0,0,0
39120,3,152,-54.4,76,32,-9.26935,6.6362,0,1139,0,0,0,0,0,0,0,0,0, 0,0,0,0,0,12,0,0,0,0
39120,4,102,-51.6,80,32,-9.40432,7.45377,0,1139,0,0,0,0,0,0,0,0,0, 0,0,0,0,0,12,0,0,0,0
39120,5,138,-58.4,60,32,-7.66554,4.71587,0,1139,0,0,0,0,0,0,0,0,0, 0,0,0,0,0,12,0,0,0,0
39160,0,246,-57.4,64,32,-8.08754,5.1722,0,86,0,0,0,0,0,0,0,0,0, 0,0,0,0,0,13,0,0,0,0
39160,1,289,-56.5,68,32,-8.50564,5.62976,0,86,0,0,0,0,0,0,0,0,0, 0,0,0,0,0,13,0,0,0,0
39160,2,241,-56.5,72,32,-9.00597,5.96092,0,86,0,0,0,0,0,0,0,0,0, 0,0,0,0,0,13,0,0,0,0
39160,3,149,-54.4,76,32,-9.26935,6.6362,0,86,0,0,0,0,0,0,0,0,0, 0,0,0,0,0,13,0,0,0,0
39160,4,96,-49.8,80,32,-9.16555,7.74549,0,86,0,0,0,0,0,0,0,0,0, 0,0,0,0,0,13,0,0,0,0
39160,5,28,2.4,148,30.75,0.92964,22.1805,0,86,0,0,0,0,0,0,0,0,0, 0,0,0,0,0,13,0,0,0,0
39160,6,22,11.1,152,30.75,4.3895,22.3735,0,86,0,0,0,0,0,0,0,0,0, 0,0,0,0,0,13,0,0,0,0
39160,7,26,9.9,152,31,3.91998,22.4605,0,86,0,0,0,0,0,0,0,0,0, 0,0,0,0,0,13,0,0,0,0
39160,8,139,-57.4,60,32,-7.58207,4.84894,0,86,0,0,0,0,0,0,0,0,0, 0,0,0,0,0,13,0,0,0,0
39200,0,245,-56.5,64,32,-8.0053,5.2986,0,0,0,0,0,0,0,0,0,0,0, 0,0,0,0,0,14,0,0,0,0
39200,1,32,0.6,128,31.75,0.201058,19.1989,0,0,0,0,0,0,0,0,0,0,0, 0,0,0,0,0,14,0,0,0,0
39200,2,289,-56.5,68,32,-8.50564,5.62976,0,0,0,0,0,0,0,0,0,0,0, 0,0,0,0,0,14,0,0,0,0
39200,3,241,-55.4,72,32,-8.88987,6.13271,0,0,0,0,0,0,0,0,0,0,0, 0,0,0,0,0,14,0,0,0,0
39200,4,153,-53.4,76,32,-9.15212,6.79696,0,0,0,0,0,0,0,0,0,0,0, 0,0,0,0,0,14,0,0,0,0
39200,5,102,-51.6,80,32,-9.40432,7.45377,0,0,0,0,0,0,0,0,0,0,0, 0,0,0,0,0,14,0,0,0,0
39200,6,138,-56.5,60,32,-7.50497,4.96743,0,0,0,0,0,0,0,0,0,0,0, 0,0,0,0,0,14,0,0,0,0
39240,0,246,-57.4,64,32,-8.08754,5.1722,0,0,0,0,0,0,0,0,0,0,0, 0,0,0,0,0,15,0,0,0,0
39240,1,288,-56.5,68,32,-8.50564,5.62976,0,0,0,0,0,0,0,0,0,0,0, 0,0,0,0,0,15,0,0,0,0
39240,2,239,-56.5,72,32,-9.00597,5.96092,0,0,0,0,0,0,0,0,0,0,0, 0,0,0,0,0,15,0,0,0,0
39240,3,150,-54.4,76,32,-9.26935,6.6362,0,0,0,0,0,0,0,0,0,0,0, 0,0,0,0,0,15,0,0,0,0
39240,4,99,-48,80,32,-8.91774,8.02957,0,0,0,0,0,0,0,0,0,0,0, 0,0,0,0,0,15,0,0,0,0
39240,5,138,-57.4,60,32,-7.58207,4.84894,0,0,0,0,0,0,0,0,0,0,0, 0,0,0,0,0,15,0,0,0,0
39280,0,244,-57.4,64,32,-8.08754,5.1722,0,0,0,0,0,0,0,0,0,0,0, 0,0,0,0,0,0,0,0,0,0
39280,1,289,-56.5,68,32,-8.50564,5.62976,0,0,0,0,0,0,0,0,0,0,0, 0,0,0,0,0,0,0,0,0,0
39280,2,240,-55.4,72,32,-8.88987,6.13271,0,0,0,0,0,0,0,0,0,0,0, 0,0,0,0,0,0,0,0,0,0
39280,3,152,-53.4,76,32,-9.15212,6.79696,0,0,0,0,0,0,0,0,0,0,0, 0,0,0,0,0,0,0,0,0,0
39280,4,103,-49.8,80,32,-9.16555,7.74549,0,0,0,0,0,0,0,0,0,0,0, 0,0,0,0,0,0,0,0,0,0
39280,5,139,-56.5,60,32,-7.50497,4.96743,0,0,0,0,0,0,0,0,0,0,0, 0,0,0,0,0,0,0,0,0,0
39320,0,244,-56.5,64,32,-8.0053,5.2986,0,0,0,0,0,0,0,0,0,0,0, 0,0,0,0,0,1,0,0,0,0
39320,1,288,-56.5,68,32,-8.50564,5.62976,0,0,0,0,0,0,0,0,0,0,0, 0,0,0,0,0,1,0,0,0,0
39320,2,35,69.6,8,33,1.12474,0.418287,0,0,0,0,0,0,0,0,0,0,0, 0,0,0,0,0,1,0,0,0,0
39320,3,241,-56.5,72,32,-9.00597,5.96092,0,0,0,0,0,0,0,0,0,0,0, 0,0,0,0,0,1,0,0,0,0
39320,4,150,-53.4,76,32,-9.15212,6.79696,0,0,0,0,0,0,0,0,0,0,0, 0,0,0,0,0,1,0,0,0,0
39320,5,100,-46.7,80,32,-8.73327,8.22982,0,0,0,0,0,0,0,0,0,0,0, 0,0,0,0,0,1,0,0,0,0
39320,6,139,-56.5,60,32,-7.50497,4.96743,0,0,0,0,0,0,0,0,0,0,0, 0,0,0,0,0,1,0,0,0,0
39360,0,245,-56.5,64,32,-8.0053,5.2986,0,0,0,0,0,0,0,0,0,0,0, 0,0,0,0,0,2,0,0,0,0
39360,1,289,-56.5,68,32,-8.50564,5.62976,0,0,0,0,0,0,0,0,0,0,0, 0,0,0,0,0,2,0,0,0,0
39360,2,46,71.1,8,33,1.1353,0.388701,0,0,0,0,0,0,0,0,0,0,0, 0,0,0,0,0,2,0,0,0,0
39360,3,240,-56.5,72,32,-9.00597,5.96092,0,0,0,0,0,0,0,0,0,0,0, 0,0,0,0,0,2,0,0,0,0
39360,4,149,-53.4,76,32,-9.15212,6.79696,0,0,0,0,0,0,0,0,0,0,0, 0,0,0,0,0,2,0,0,0,0
39360,5,100,-45.9,80,32,-8.61752,8.35095,0,0,0,0,0,0,0,0,0,0,0, 0,0,0,0,0,2,0,0,0,0
39360,6,142,-56.5,60,32,-7.50497,4.96743,0,0,0,0,0,0,0,0,0,0,0, 0,0,0,0,0,2,0,0,0,0
39400,0,247,-56.5,64,32,-8.0053,5.2986,0,0,0,0,0,0,0,0,0,0,0, 0,0,0,0,0,3,0,0,0,0
39400,1,291,-55.4,68,32,-8.39599,5.79201,0,0,0,0,0,0,0,0,0,0,0, 0,0,0,0,0,3,0,0,0,0
39400,2,242,-55.4,72,32,-8.88987,6.13271,0,0,0,0,0,0,0,0,0,0,0, 0,0,0,0,0,3,0,0,0,0
39400,3,154,-51.6,76,32,-8.93411,7.08108,0,0,0,0,0,0,0,0,0,0,0, 0,0,0,0,0,3,0,0,0,0
39400,4,105,-45.9,80,32,-8.61752,8.35095,0,0,0,0,0,0,0,0,0,0,0, 0,0,0,0,0,3,0,0,0,0
39400,5,140,-56.5,60,32,-7.50497,4.96743,0,0,0,0,0,0,0,0,0,0,0, 0,0,0,0,0,3,0,0,0,0
39440,0,247,-57.4,64,32,-8.08754,5.1722,0,0,0,0,0,0,0,0,0,0,0, 0,0,0,0,0,4,0,0,0,0
39440,1,290,-57.4,68,32,-8.59301,5.49546,0,0,0,0,0,0,0,0,0,0,0, 0,0,0,0,0,4,0,0,0,0
39440,2,239,-56.5,72,32,-9.00597,5.96092,0,0,0,0,0,0,0,0,0,0,0, 0,0,0,0,0,4,0,0,0,0
39440,3,147,-53.4,76,32,-9.15212,6.79696,0,0,0,0,0,0,0,0,0,0,0, 0,0,0,0,0,4,0,0,0,0
39440,4,100,-46.7,80,32,-8.73327,8.22982,0,0,0,0,0,0,0,0,0,0,0, 0,0,0,0,0,4,0,0,0,0
39440,5,139,-57.4,60,32,-7.58207,4.84894,0,0,0,0,0,0,0,0,0,0,0, 0,0,0,0,0,4,0,0,0,0
39480,0,245,-57.4,64,32,-8.08754,5.1722,0,0,0,0,0,0,0,0,0,0,0, 0,0,0,0,0,5,0,0,0,0
39480,1,288,-56.5,68,32,-8.50564,5.62976,0,0,0,0,0,0,0,0,0,0,0, 0,0,0,0,0,5,0,0,0,0
39480,2,238,-56.5,72,32,-9.00597,5.96092,0,0,0,0,0,0,0,0,0,0,0, 0,0,0,0,0,5,0,0,0,0
39480,3,152,-53.4,76,32,-9.15212,6.79696,0,0,0,0,0,0,0,0,0,0,0, 0,0,0,0,0,5,0,0,0,0
39480,4,104,-46.7,80,32,-8.73327,8.22982,0,0,0,0,0,0,0,0,0,0,0, 0,0,0,0,0,5,0,0,0,0
39480,5,83,-46.7,84,32,-9.16994,8.64131,0,0,0,0,0,0,0,0,0,0,0, 0,0,0,0,0,5,0,0,0,0
39480,6,138,-57.4,60,32,-7.58207,4.84894,0,0,0,0,0,0,0,0,0,0,0, 0,0,0,0,0,5,0,0,0,0
39520,0,245,-58.4,64,32,-8.17658,5.03026,0,0,0,0,0,0,0,0,0,0,0, 0,0,0,0,0,6,0,0,0,0
39520,1,288,-57.4,68,32,-8.59301,5.49546,0,0,0,0,0,0,0,0,0,0,0, 0,0,0,0,0,6,0,0,0,0
39520,2,36,62.7,8,33,1.06634,0.550379,0,0,0,0,0,0,0,0,0,0,0, 0,0,0,0,0,6,0,0,0,0
39520,3,237,-56.5,72,32,-9.00597,5.96092,0,0,0,0,0,0,0,0,0,0,0, 0,0,0,0,0,6,0,0,0,0
39520,4,148,-54.4,76,32,-9.26935,6.6362,0,0,0,0,0,0,0,0,0,0,0, 0,0,0,0,0,6,0,0,0,0
39520,5,102,-45.9,80,32,-8.61752,8.35095,0,0,0,0,0,0,0,0,0,0,0, 0,0,0,0,0,6,0,0,0,0
39520,6,139,-59.4,60,32,-7.74668,4.58137,0,0,0,0,0,0,0,0,0,0,0, 0,0,0,0,0,6,0,0,0,0
39560,0,245,-58.4,64,32,-8.17658,5.03026,0,0,0,0,0,0,0,0,0,0,0, 0,0,0,0,0,7,0,0,0,0
39560,1,287,-57.4,68,32,-8.59301,5.49546,0,0,0,0,0,0,0,0,0,0,0, 0,0,0,0,0,7,0,0,0,0
39560,2,238,-57.4,72,32,-9.09849,5.81872,0,0,0,0,0,0,0,0,0,0,0, 0,0,0,0,0,7,0,0,0,0
39560,3,147,-54.4,76,32,-9.26935,6.6362,0,0,0,0,0,0,0,0,0,0,0, 0,0,0,0,0,7,0,0,0,0
39560,4,102,-46.7,80,32,-8.73327,8.22982,0,0,0,0,0,0,0,0,0,0,0, 0,0,0,0,0,7,0,0,0,0
39560,5,140,-59.4,60,32,-7.74668,4.58137,0,0,0,0,0,0,0,0,0,0,0, 0,0,0,0,0,7,0,0,0,0
39600,0,244,-58.4,64,32,-8.17658,5.03026,0,0,0,0,0,0,0,0,0,0,0, 0,0,0,0,0,8,0,0,0,0
39600,1,288,-57.4,68,32,-8.59301,5.49546,0,0,0,0,0,0,0,0,0,0,0, 0,0,0,0,0,8,0,0,0,0
39600,2,46,64.6,8,33,1.084,0.514722,0,0,0,0,0,0,0,0,0,0,0, 0,0,0,0,0,8,0,0,0,0
39600,3,239,-56.5,72,32,-9.00597,5.96092,0,0,0,0,0,0,0,0,0,0,0, 0,0,0,0,0,8,0,0,0,0
39600,4,152,-53.4,76,32,-9.15212,6.79696,0,0,0,0,0,0,0,0,0,0,0, 0,0,0,0,0,8,0,0,0,0
39600,5,106,-46.7,80,32,-8.73327,8.22982,0,0,0,0,0,0,0,0,0,0,0, 0,0,0,0,0,8,0,0,0,0
39600,6,138,-58.4,60,32,-7.66554,4.71587,0,0,0,0,0,0,0,0,0,0,0, 0,0,0,0,0,8,0,0,0,0
39640,0,243,-58.4,64,32,-8.17658,5.03026,0,1334,0,0,0,0,0,0,0,0,0, 0,0,0,0,0,9,0,0,0,0
39640,1,288,-57.4,68,32,-8.59301,5.49546,0,1334,0,0,0,0,0,0,0,0,0, 0,0,0,0,0,9,0,0,0,0
39640,2,237,-56.5,72,32,-9.00597,5.96092,0,1334,0,0,0,0,0,0,0,0,0, 0,0,0,0,0,9,0,0,0,0
39640,3,148,-53.4,76,32,-9.15212,6.79696,0,1334,0,0,0,0,0,0,0,0,0, 0,0,0,0,0,9,0,0,0,0
39640,4,101,-46.7,80,32,-8.73327,8.22982,0,1334,0,0,0,0,0,0,0,0,0, 0,0,0,0,0,9,0,0,0,0
39640,5,37,4.2,144,31,1.58195,21.542,0,1334,0,0,0,0,0,0,0,0,0, 0,0,0,0,0,9,0,0,0,0
39640,6,138,-58.4,60,32,-7.66554,4.71587,0,1334,0,0,0,0,0,0,0,0,0, 0,0,0,0,0,9,0,0,0,0
39680,0,244,-58.4,64,32,-8.17658,5.03026,0,0,0,0,0,0,0,0,0,0,0, 0,0,0,0,0,10,0,0,0,0
39680,1,289,-57.4,68,32,-8.59301,5.49546,0,0,0,0,0,0,0,0,0,0,0, 0,0,0,0,0,10,0,0,0,0
39680,2,240,-56.5,72,32,-9.00597,5.96092,0,0,0,0,0,0,0,0,0,0,0, 0,0,0,0,0,10,0,0,0,0
39680,3,150,-53.4,76,32,-9.15212,6.79696,0,0,0,0,0,0,0,0,0,0,0, 0,0,0,0,0,10,0,0,0,0
39680,4,102,-45.9,80,32,-8.61752,8.35095,0,0,0,0,0,0,0,0,0,0,0, 0,0,0,0,0,10,0,0,0,0
39680,5,24,7.8,152,31.25,3.09432,22.5891,0,0,0,0,0,0,0,0,0,0,0, 0,0,0,0,0,10,0,0,0,0
39680,6,138,-57.4,60,32,-7.58207,4.84894,0,0,0,0,0,0,0,0,0,0,0, 0,0,0,0,0,10,0,0,0,0
39720,0,244,-57.4,64,32,-8.08754,5.1722,0,7936,0,0,0,0,0,0,0,0,0, 0,0,0,0,0,11,0,0,0,0
39720,1,289,-56.5,68,32,-8.50564,5.62976,0,7936,0,0,0,0,0,0,0,0,0, 0,0,0,0,0,11,0,0,0,0
39720,2,239,-55.4,72,32,-8.88987,6.13271,0,7936,0,0,0,0,0,0,0,0,0, 0,0,0,0,0,11,0,0,0,0
39720,3,154,-53.4,76,32,-9.15212,6.79696,0,7936,0,0,0,0,0,0,0,0,0, 0,0,0,0,0,11,0,0,0,0
39720,4,107,-45.9,80,32,-8.61752,8.35095,0,7936,0,0,0,0,0,0,0,0,0, 0,0,0,0,0,11,0,0,0,0
39720,5,84,-48,84,32,-9.36363,8.43105,0,7936,0,0,0,0,0,0,0,0,0, 0,0,0,0,0,11,0,0,0,0
39720,6,139,-56.5,60,32,-7.50497,4.96743,0,7936,0,0,0,0,0,0,0,0,0, 0,0,0,0,0,11,0,0,0,0
39760,0,246,-56.5,64,32,-8.0053,5.2986,0,1139,0,0,0,0,0,0,0,0,0, 0,0,0,0,0,12,0,0,0,0
39760,1,288,-56.5,68,32,-8.50564,5.62976,0,1139,0,0,0,0,0,0,0,0,0, 0,0,0,0,0,12,0,0,0,0
39760,2,239,-56.5,72,32,-9.00597,5.96092,0,1139,0,0,0,0,0,0,0,0,0, 0,0,0,0,0,12,0,0,0,0
39760,3,149,-53.4,76,32,-9.15212,6.79696,0,1139,0,0,0,0,0,0,0,0,0, 0,0,0,0,0,12,0,0,0,0
39760,4,104,-45,80,32,-8.48528,8.48528,0,1139,0,0,0,0,0,0,0,0,0, 0,0,0,0,0,12,0,0,0,0
39760,5,83,-44.2,84,32,-8.78428,9.03307,0,1139,0,0,0,0,0,0,0,0,0, 0,0,0,0,0,12,0,0,0,0
39760,6,139,-56.5,60,32,-7.50497,4.96743,0,1139,0,0,0,0,0,0,0,0,0, 0,0,0,0,0,12,0,0,0,0
39800,0,248,-56.5,64,32,-8.0053,5.2986,0,86,0,0,0,0,0,0,0,0,0, 0,0,0,0,0,13,0,0,0,0
39800,1,25,3.1,128,33,1.03831,19.1719,0,86,0,0,0,0,0,0,0,0,0, 0,0,0,0,0,13,0,0,0,0
39800,2,291,-56.5,68,32,-8.50564,5.62976,0,86,0,0,0,0,0,0,0,0,0, 0,0,0,0,0,13,0,0,0,0
39800,3,15,8.8,420,22,9.63811,62.2584,0,86,0,0,0,0,0,0,0,0,0, 0,0,0,0,0,13,0,0,0,0
39800,4,239,-55.4,72,32,-8.88987,6.13271,0,86,0,0,0,0,0,0,0,0,0, 0,0,0,0,0,13,0,0,0,0
39800,5,150,-51.6,76,32,-8.93411,7.08108,0,86,0,0,0,0,0,0,0,0,0, 0,0,0,0,0,13,0,0,0,0
39800,6,103,-45,80,32,-8.48528,8.48528,0,86,0,0,0,0,0,0,0,0,0, 0,0,0,0,0,13,0,0,0,0
39800,7,86,-44.2,84,32,-8.78428,9.03307,0,86,0,0,0,0,0,0,0,0,0, 0,0,0,0,0,13,0,0,0,0
39800,8,15,64.6,152,30.75,20.596,9.77972,0,86,0,0,0,0,0,0,0,0,0, 0,0,0,0,0,13,0,0,0,0
39800,9,140,-56.5,60,32,-7.50497,4.96743,0,86,0,0,0,0,0,0,0,0,0, 0,0,0,0,0,13,0,0,0,0
39840,0,249,-56.5,64,32,-8.0053,5.2986,0,0,0,0,0,0,0,0,0,0,0, 0,0,0,0,0,14,0,0,0,0
39840,1,292,-56.5,68,32,-8.50564,5.62976,0,0,0,0,0,0,0,0,0,0,0, 0,0,0,0,0,14,0,0,0,0
39840,2,239,-55.4,72,32,-8.88987,6.13271,0,0,0,0,0,0,0,0,0,0,0, 0,0,0,0,0,14,0,0,0,0
39840,3,151,-51.6,76,32,-8.93411,7.08108,0,0,0,0,0,0,0,0,0,0,0, 0,0,0,0,0,14,0,0,0,0
39840,4,106,-44.2,80,32,-8.36598,8.60293,0,0,0,0,0,0,0,0,0,0,0, 0,0,0,0,0,14,0,0,0,0
39840,5,89,-44.2,84,32,-8.78428,9.03307,0,0,0,0,0,0,0,0,0,0,0, 0,0,0,0,0,14,0,0,0,0
39840,6,140,-56.5,60,32,-7.50497,4.96743,0,0,0,0,0,0,0,0,0,0,0, 0,0,0,0,0,14,0,0,0,0
39880,0,247,-56.5,64,32,-8.0053,5.2986,0,0,0,0,0,0,0,0,0,0,0, 0,0,0,0,0,15,0,0,0,0
39880,1,290,-55.4,68,32,-8.39599,5.79201,0,0,0,0,0,0,0,0,0,0,0, 0,0,0,0,0,15,0,0,0,0
39880,2,242,-55.4,72,32,-8.88987,6.13271,0,0,0,0,0,0,0,0,0,0,0, 0,0,0,0,0,15,0,0,0,0
39880,3,156,-51.6,76,32,-8.93411,7.08108,0,0,0,0,0,0,0,0,0,0,0, 0,0,0,0,0,15,0,0,0,0
39880,4,111,-45,80,32,-8.48528,8.48528,0,0,0,0,0,0,0,0,0,0,0, 0,0,0,0,0,15,0,0,0,0
39880,5,93,-45.9,84,32,-9.04839,8.7685,0,0,0,0,0,0,0,0,0,0,0, 0,0,0,0,0,15,0,0,0,0
39880,6,139,-56.5,60,32,-7.50497,4.96743,0,0,0,0,0,0,0,0,0,0,0, 0,0,0,0,0,15,0,0,0,0
39920,0,248,-56.5,64,32,-8.0053,5.2986,0,0,0,0,0,0,0,0,0,0,0, 0,0,0,0,0,0,0,0,0,0
39920,1,290,-56.5,68,32,-8.50564,5.62976,0,0,0,0,0,0,0,0,0,0,0, 0,0,0,0,0,0,0,0,0,0
39920,2,39,67.6,8,33,1.10946,0.457284,0,0,0,0,0,0,0,0,0,0,0, 0,0,0,0,0,0,0,0,0,0
39920,3,239,-55.4,72,32,-8.88987,6.13271,0,0,0,0,0,0,0,0,0,0,0, 0,0,0,0,0,0,0,0,0,0
39920,4,152,-51.6,76,32,-8.93411,7.08108,0,0,0,0,0,0,0,0,0,0,0, 0,0,0,0,0,0,0,0,0,0
39920,5,107,-44.2,80,32,-8.36598,8.60293,0,0,0,0,0,0,0,0,0,0,0, 0,0,0,0,0,0,0,0,0,0
39920,6,90,-44.2,84,32,-8.78428,9.03307,0,0,0,0,0,0,0,0,0,0,0, 0,0,0,0,0,0,0,0,0,0
39920,7,17,7.8,152,31.5,3.09432,22.5891,0,0,0,0,0,0,0,0,0,0,0, 0,0,0,0,0,0,0,0,0,0
39920,8,140,-56.5,60,32,-7.50497,4.96743,0,0,0,0,0,0,0,0,0,0,0, 0,0,0,0,0,0,0,0,0,0
39960,0,247,-56.5,64,32,-8.0053,5.2986,0,0,0,0,0,0,0,0,0,0,0, 0,0,0,0,0,1,0,0,0,0
39960,1,290,-56.5,68,32,-8.50564,5.62976,0,0,0,0,0,0,0,0,0,0,0, 0,0,0,0,0,1,0,0,0,0
39960,2,242,-56.5,72,32,-9.00597,5.96092,0,0,0,0,0,0,0,0,0,0,0, 0,0,0,0,0,1,0,0,0,0
39960,3,156,-51.6,76,32,-8.93411,7.08108,0,0,0,0,0,0,0,0,0,0,0, 0,0,0,0,0,1,0,0,0,0
39960,4,110,-45,80,32,-8.48528,8.48528,0,0,0,0,0,0,0,0,0,0,0, 0,0,0,0,0,1,0,0,0,0
39960,5,89,-45.9,84,32,-9.04839,8.7685,0,0,0,0,0,0,0,0,0,0,0, 0,0,0,0,0,1,0,0,0,0
39960,6,140,-57.4,60,32,-7.58207,4.84894,0,0,0,0,0,0,0,0,0,0,0, 0,0,0,0,0,1,0,0,0,0
40000,0,245,-57.4,64,32,-8.08754,5.1722,0,0,0,0,0,0,0,0,0,0,0, 0,0,0,0,0,2,0,0,0,0
40000,1,289,-57.4,68,32,-8.59301,5.49546,0,0,0,0,0,0,0,0,0,0,0, 0,0,0,0,0,2,0,0,0,0
40000,2,45,68.6,8,33,1.11727,0.437852,0,0,0,0,0,0,0,0,0,0,0, 0,0,0,0,0,2,0,0,0,0
40000,3,239,-56.5,72,32,-9.00597,5.96092,0,0,0,0,0,0,0,0,0,0,0, 0,0,0,0,0,2,0,0,0,0
40000,4,150,-51.6,76,32,-8.93411,7.08108,0,0,0,0,0,0,0,0,0,0,0, 0,0,0,0,0,2,0,0,0,0
40000,5,106,-45,80,32,-8.48528,8.48528,0,0,0,0,0,0,0,0,0,0,0, 0,0,0,0,0,2,0,0,0,0
40000,6,85,-46.7,84,32,-9.16994,8.64131,0,0,0,0,0,0,0,0,0,0,0, 0,0,0,0,0,2,0,0,0,0
40000,7,138,-57.4,60,32,-7.58207,4.84894,0,0,0,0,0,0,0,0,0,0,0, 0,0,0,0,0,2,0,0,0,0
40040,0,246,-57.4,64,32,-8.08754,5.1722,0,0,0,0,0,0,0,0,0,0,0, 0,0,0,0,0,3,0,0,0,0
40040,1,289,-56.5,68,32,-8.50564,5.62976,0,0,0,0,0,0,0,0,0,0,0, 0,0,0,0,0,3,0,0,0,0
40040,2,237,-55.4,72,32,-8.88987,6.13271,0,0,0,0,0,0,0,0,0,0,0, 0,0,0,0,0,3,0,0,0,0
40040,3,155,-51.6,76,32,-8.93411,7.08108,0,0,0,0,0,0,0,0,0,0,0, 0,0,0,0,0,3,0,0,0,0
40040,4,109,-45.9,80,32,-8.61752,8.35095,0,0,0,0,0,0,0,0,0,0,0, 0,0,0,0,0,3,0,0,0,0
40040,5,86,-48,84,32,-9.36363,8.43105,0,0,0,0,0,0,0,0,0,0,0, 0,0,0,0,0,3,0,0,0,0
40040,6,44,6.6,120,31.75,2.06887,17.8807,0,0,0,0,0,0,0,0,0,0,0, 0,0,0,0,0,3,0,0,0,0
40040,7,47,7.2,120,33,2.256,17.8581,0,0,0,0,0,0,0,0,0,0,0, 0,0,0,0,0,3,0,0,0,0
40040,8,139,-56.5,60,32,-7.50497,4.96743,0,0,0,0,0,0,0,0,0,0,0, 0,0,0,0,0,3,0,0,0,0
40080,0,245,-57.4,64,32,-8.08754,5.1722,0,0,0,0,0,0,0,0,0,0,0, 0,0,0,0,0,4,0,0,0,0
40080,1,287,-57.4,68,32,-8.59301,5.49546,0,0,0,0,0,0,0,0,0,0,0, 0,0,0,0,0,4,0,0,0,0
40080,2,39,72.4,8,33,1.14383,0.362844,0,0,0,0,0,0,0,0,0,0,0, 0,0,0,0,0,4,0,0,0,0
40080,3,238,-56.5,72,32,-9.00597,5.96092,0,0,0,0,0,0,0,0,0,0,0, 0,0,0,0,0,4,0,0,0,0
40080,4,150,-51.6,76,32,-8.93411,7.08108,0,0,0,0,0,0,0,0,0,0,0, 0,0,0,0,0,4,0,0,0,0
40080,5,103,-45,80,32,-8.48528,8.48528,0,0,0,0,0,0,0,0,0,0,0, 0,0,0,0,0,4,0,0,0,0
40080,6,138,-58.4,60,32,-7.66554,4.71587,0,0,0,0,0,0,0,0,0,0,0, 0,0,0,0,0,4,0,0,0,0
40120,0,244,-57.4,64,32,-8.08754,5.1722,0,0,0,0,0,0,0,0,0,0,0, 0,0,0,0,0,5,0,0,0,0
40120,1,42,6.1,128,31.75,2.04027,19.0913,0,0,0,0,0,0,0,0,0,0,0, 0,0,0,0,0,5,0,0,0,0
40120,2,288,-56.5,68,32,-8.50564,5.62976,0,0,0,0,0,0,0,0,0,0,0, 0,0,0,0,0,5,0,0,0,0
40120,3,239,-55.4,72,32,-8.88987,6.13271,0,0,0,0,0,0,0,0,0,0,0, 0,0,0,0,0,5,0,0,0,0
40120,4,149,-51.6,76,32,-8.93411,7.08108,0,0,0,0,0,0,0,0,0,0,0, 0,0,0,0,0,5,0,0,0,0
40120,5,101,-45.9,80,32,-8.61752,8.35095,0,0,0,0,0,0,0,0,0,0,0, 0,0,0,0,0,5,0,0,0,0
40120,6,33,6.6,116,33,1.99991,17.2847,0,0,0,0,0,0,0,0,0,0,0, 0,0,0,0,0,5,0,0,0,0
40120,7,29,11.1,120,31.75,3.4654,17.6633,0,0,0,0,0,0,0,0,0,0,0, 0,0,0,0,0,5,0,0,0,0
40120,8,138,-57.4,60,32,-7.58207,4.84894,0,0,0,0,0,0,0,0,0,0,0, 0,0,0,0,0,5,0,0,0,0
40120,9,36,10.6,124,31.75,3.4215,18.2826,0,0,0,0,0,0,0,0,0,0,0, 0,0,0,0,0,5,0,0,0,0
40160,0,244,-56.5,64,32,-8.0053,5.2986,0,0,0,0,0,0,0,0,0,0,0, 0,0,0,0,0,6,0,0,0,0
40160,1,38,7.2,128,31.75,2.4064,19.0486,0,0,0,0,0,0,0,0,0,0,0, 0,0,0,0,0,6,0,0,0,0
40160,2,288,-56.5,68,32,-8.50564,5.62976,0,0,0,0,0,0,0,0,0,0,0, 0,0,0,0,0,6,0,0,0,0
40160,3,239,-55.4,72,32,-8.88987,6.13271,0,0,0,0,0,0,0,0,0,0,0, 0,0,0,0,0,6,0,0,0,0
40160,4,154,-51.6,76,32,-8.93411,7.08108,0,0,0,0,0,0,0,0,0,0,0, 0,0,0,0,0,6,0,0,0,0
40160,5,104,-48,80,32,-8.91774,8.02957,0,0,0,0,0,0,0,0,0,0,0, 0,0,0,0,0,6,0,0,0,0
40160,6,35,8.8,116,33,2.66195,17.1952,0,0,0,0,0,0,0,0,0,0,0, 0,0,0,0,0,6,0,0,0,0
40160,7,38,7.8,120,33,2.44288,17.8335,0,0,0,0,0,0,0,0,0,0,0, 0,0,0,0,0,6,0,0,0,0
40160,8,137,-58.4,60,32,-7.66554,4.71587,0,0,0,0,0,0,0,0,0,0,0, 0,0,0,0,0,6,0,0,0,0
40160,9,35,11.6,124,31.75,3.74005,18.2201,0,0,0,0,0,0,0,0,0,0,0, 0,0,0,0,0,6,0,0,0,0
40200,0,242,-57.4,64,32,-8.08754,5.1722,0,0,0,0,0,0,0,0,0,0,0, 0,0,0,0,0,7,0,0,0,0
40200,1,286,-56.5,68,32,-8.50564,5.62976,0,0,0,0,0,0,0,0,0,0,0, 0,0,0,0,0,7,0,0,0,0
40200,2,238,-55.4,72,32,-8.88987,6.13271,0,0,0,0,0,0,0,0,0,0,0, 0,0,0,0,0,7,0,0,0,0
40200,3,149,-53.4,76,32,-9.15212,6.79696,0,0,0,0,0,0,0,0,0,0,0, 0,0,0,0,0,7,0,0,0,0
40200,4,102,-46.7,80,32,-8.73327,8.22982,0,0,0,0,0,0,0,0,0,0,0, 0,0,0,0,0,7,0,0,0,0
40200,5,25,7.2,116,31.75,2.1808,17.2628,0,0,0,0,0,0,0,0,0,0,0, 0,0,0,0,0,7,0,0,0,0
40200,6,139,-58.4,60,32,-7.66554,4.71587,0,0,0,0,0,0,0,0,0,0,0, 0,0,0,0,0,7,0,0,0,0
40240,0,244,-57.4,64,32,-8.08754,5.1722,0,0,0,0,0,0,0,0,0,0,0, 0,0,0,0,0,8,0,0,0,0
40240,1,30,9.9,128,31.75,3.30104,18.9141,0,0,0,0,0,0,0,0,0,0,0, 0,0,0,0,0,8,0,0,0,0
40240,2,288,-56.5,68,32,-8.50564,5.62976,0,0,0,0,0,0,0,0,0,0,0, 0,0,0,0,0,8,0,0,0,0
40240,3,241,-55.4,72,32,-8.88987,6.13271,0,0,0,0,0,0,0,0,0,0,0, 0,0,0,0,0,8,0,0,0,0
40240,4,156,-51.6,76,32,-8.93411,7.08108,0,0,0,0,0,0,0,0,0,0,0, 0,0,0,0,0,8,0,0,0,0
40240,5,104,-48,80,32,-8.91774,8.02957,0,0,0,0,0,0,0,0,0,0,0, 0,0,0,0,0,8,0,0,0,0
40240,6,137,-58.4,60,32,-7.66554,4.71587,0,0,0,0,0,0,0,0,0,0,0, 0,0,0,0,0,8,0,0,0,0
40240,7,31,6.1,124,31.75,1.97651,18.4947,0,0,0,0,0,0,0,0,0,0,0, 0,0,0,0,0,8,0,0,0,0
40280,0,243,-58.4,64,32,-8.17658,5.03026,0,1334,0,0,0,0,0,0,0,0,0, 0,0,0,0,0,9,0,0,0,0
40280,1,288,-56.5,68,32,-8.50564,5.62976,0,1334,0,0,0,0,0,0,0,0,0, 0,0,0,0,0,9,0,0,0,0
40280,2,240,-55.4,72,32,-8.88987,6.13271,0,1334,0,0,0,0,0,0,0,0,0, 0,0,0,0,0,9,0,0,0,0
40280,3,151,-51.6,76,32,-8.93411,7.08108,0,1334,0,0,0,0,0,0,0,0,0, 0,0,0,0,0,9,0,0,0,0
40280,4,102,-46.7,80,32,-8.73327,8.22982,0,1334,0,0,0,0,0,0,0,0,0, 0,0,0,0,0,9,0,0,0,0
40280,5,42,7.8,120,31.75,2.44288,17.8335,0,1334,0,0,0,0,0,0,0,0,0, 0,0,0,0,0,9,0,0,0,0
40280,6,47,9.4,120,33,2.93987,17.7583,0,1334,0,0,0,0,0,0,0,0,0, 0,0,0,0,0,9,0,0,0,0
40280,7,138,-59.4,60,32,-7.74668,4.58137,0,1334,0,0,0,0,0,0,0,0,0, 0,0,0,0,0,9,0,0,0,0
40280,8,56,8.3,124,33,2.68503,18.4052,0,1334,0,0,0,0,0,0,0,0,0, 0,0,0,0,0,9,0,0,0,0
40320,0,244,-57.4,64,32,-8.08754,5.1722,0,0,0,0,0,0,0,0,0,0,0, 0,0,0,0,0,10,0,0,0,0
40320,1,290,-56.5,68,32,-8.50564,5.62976,0,0,0,0,0,0,0,0,0,0,0, 0,0,0,0,0,10,0,0,0,0
40320,2,242,-54.4,72,32,-8.78149,6.28693,0,0,0,0,0,0,0,0,0,0,0, 0,0,0,0,0,10,0,0,0,0
40320,3,156,-49.8,76,32,-8.70727,7.35822,0,0,0,0,0,0,0,0,0,0,0, 0,0,0,0,0,10,0,0,0,0
40320,4,106,-46.7,80,32,-8.73327,8.22982,0,0,0,0,0,0,0,0,0,0,0, 0,0,0,0,0,10,0,0,0,0
40320,5,20,6.6,152,31.75,2.62057,22.6489,0,0,0,0,0,0,0,0,0,0,0, 0,0,0,0,0,10,0,0,0,0
40320,6,139,-57.4,60,32,-7.58207,4.84894,0,0,0,0,0,0,0,0,0,0,0, 0,0,0,0,0,10,0,0,0,0
40360,0,246,-57.4,64,32,-8.08754,5.1722,0,7936,0,0,0,0,0,0,0,0,0, 0,0,0,0,0,11,0,0,0,0
40360,1,290,-56.5,68,32,-8.50564,5.62976,0,7936,0,0,0,0,0,0,0,0,0, 0,0,0,0,0,11,0,0,0,0
40360,2,239,-55.4,72,32,-8.88987,6.13271,0,7936,0,0,0,0,0,0,0,0,0, 0,0,0,0,0,11,0,0,0,0
40360,3,151,-53.4,76,32,-9.15212,6.79696,0,7936,0,0,0,0,0,0,0,0,0, 0,0,0,0,0,11,0,0,0,0
40360,4,101,-48,80,32,-8.91774,8.02957,0,7936,0,0,0,0,0,0,0,0,0, 0,0,0,0,0,11,0,0,0,0
40360,5,34,7.8,120,33,2.44288,17.8335,0,7936,0,0,0,0,0,0,0,0,0, 0,0,0,0,0,11,0,0,0,0
40360,6,138,-58.4,60,32,-7.66554,4.71587,0,7936,0,0,0,0,0,0,0,0,0, 0,0,0,0,0,11,0,0,0,0
40360,7,39,4.2,124,31.75,1.36223,18.55,0,7936,0,0,0,0,0,0,0,0,0, 0,0,0,0,0,11,0,0,0,0
40400,0,243,-57.4,64,32,-8.08754,5.1722,0,1139,0,0,0,0,0,0,0,0,0, 0,0,0,0,0,12,0,0,0,0
40400,1,286,-56.5,68,32,-8.50564,5.62976,0,1139,0,0,0,0,0,0,0,0,0, 0,0,0,0,0,12,0,0,0,0
40400,2,35,71.1,8,33,1.1353,0.388701,0,1139,0,0,0,0,0,0,0,0,0, 0,0,0,0,0,12,0,0,0,0
40400,3,240,-55.4,72,32,-8.88987,6.13271,0,1139,0,0,0,0,0,0,0,0,0, 0,0,0,0,0,12,0,0,0,0
40400,4,156,-51.6,76,32,-8.93411,7.08108,0,1139,0,0,0,0,0,0,0,0,0, 0,0,0,0,0,12,0,0,0,0
40400,5,104,-49.8,80,32,-9.16555,7.74549,0,1139,0,0,0,0,0,0,0,0,0, 0,0,0,0,0,12,0,0,0,0
40400,6,41,4.8,116,31.75,1.45599,17.339,0,1139,0,0,0,0,0,0,0,0,0, 0,0,0,0,0,12,0,0,0,0
40400,7,50,7.2,116,33,2.1808,17.2628,0,1139,0,0,0,0,0,0,0,0,0, 0,0,0,0,0,12,0,0,0,0
40400,8,34,9.4,120,31.75,2.93987,17.7583,0,1139,0,0,0,0,0,0,0,0,0, 0,0,0,0,0,12,0,0,0,0
40400,9,41,7.8,120,33,2.44288,17.8335,0,1139,0,0,0,0,0,0,0,0,0, 0,0,0,0,0,12,0,0,0,0
40400,10,136,-58.4,60,32,-7.66554,4.71587,0,1139,0,0,0,0,0,0,0,0,0, 0,0,0,0,0,12,0,0,0,0
40400,11,34,2.4,124,31.75,0.778887,18.5837,0,1139,0,0,0,0,0,0,0,0,0, 0,0,0,0,0,12,0,0,0,0
40440,0,242,-57.4,64,32,-8.08754,5.1722,0,86,0,0,0,0,0,0,0,0,0, 0,0,0,0,0,13,0,0,0,0
40440,1,287,-56.5,68,32,-8.50564,5.62976,0,86,0,0,0,0,0,0,0,0,0, 0,0,0,0,0,13,0,0,0,0
40440,2,238,-55.4,72,32,-8.88987,6.13271,0,86,0,0,0,0,0,0,0,0,0, 0,0,0,0,0,13,0,0,0,0
40440,3,150,-53.4,76,32,-9.15212,6.79696,0,86,0,0,0,0,0,0,0,0,0, 0,0,0,0,0,13,0,0,0,0
40440,4,97,-48,80,32,-8.91774,8.02957,0,86,0,0,0,0,0,0,0,0,0, 0,0,0,0,0,13,0,0,0,0
40440,5,38,6.1,120,31.75,1.91275,17.8981,0,86,0,0,0,0,0,0,0,0,0, 0,0,0,0,0,13,0,0,0,0
40440,6,137,-58.4,60,32,-7.66554,4.71587,0,86,0,0,0,0,0,0,0,0,0, 0,0,0,0,0,13,0,0,0,0
40480,0,243,-56.5,64,32,-8.0053,5.2986,0,0,0,0,0,0,0,0,0,0,0, 0,0,0,0,0,14,0,0,0,0
40480,1,288,-56.5,68,32,-8.50564,5.62976,0,0,0,0,0,0,0,0,0,0,0, 0,0,0,0,0,14,0,0,0,0
40480,2,240,-55.4,72,32,-8.88987,6.13271,0,0,0,0,0,0,0,0,0,0,0, 0,0,0,0,0,14,0,0,0,0
40480,3,152,-51.6,76,32,-8.93411,7.08108,0,0,0,0,0,0,0,0,0,0,0, 0,0,0,0,0,14,0,0,0,0
40480,4,101,-49.8,80,32,-9.16555,7.74549,0,0,0,0,0,0,0,0,0,0,0, 0,0,0,0,0,14,0,0,0,0
40480,5,41,5.4,120,31.75,1.69395,17.9201,0,0,0,0,0,0,0,0,0,0,0, 0,0,0,0,0,14,0,0,0,0
40480,6,49,4.2,120,33,1.31829,17.9517,0,0,0,0,0,0,0,0,0,0,0, 0,0,0,0,0,14,0,0,0,0
40480,7,20,-5.4,152,31.25,-2.14567,22.6988,0,0,0,0,0,0,0,0,0,0,0, 0,0,0,0,0,14,0,0,0,0
40480,8,140,-57.4,60,32,-7.58207,4.84894,0,0,0,0,0,0,0,0,0,0,0, 0,0,0,0,0,14,0,0,0,0
40480,9,53,7.2,124,33,2.3312,18.4533,0,0,0,0,0,0,0,0,0,0,0, 0,0,0,0,0,14,0,0,0,0
40520,0,247,-57.4,64,32,-8.08754,5.1722,0,0,0,0,0,0,0,0,0,0,0, 0,0,0,0,0,15,0,0,0,0
40520,1,291,-56.5,68,32,-8.50564,5.62976,0,0,0,0,0,0,0,0,0,0,0, 0,0,0,0,0,15,0,0,0,0
40520,2,242,-54.4,72,32,-8.78149,6.28693,0,0,0,0,0,0,0,0,0,0,0, 0,0,0,0,0,15,0,0,0,0
40520,3,152,-51.6,76,32,-8.93411,7.08108,0,0,0,0,0,0,0,0,0,0,0, 0,0,0,0,0,15,0,0,0,0
40520,4,99,-45.9,80,32,-8.61752,8.35095,0,0,0,0,0,0,0,0,0,0,0, 0,0,0,0,0,15,0,0,0,0
40520,5,141,-56.5,60,32,-7.50497,4.96743,0,0,0,0,0,0,0,0,0,0,0, 0,0,0,0,0,15,0,0,0,0
40520,6,32,3.1,124,31.75,1.00587,18.5728,0,0,0,0,0,0,0,0,0,0,0, 0,0,0,0,0,15,0,0,0,0
40560,0,250,-56.5,64,32,-8.0053,5.2986,0,0,0,0,0,0,0,0,0,0,0, 0,0,0,0,0,0,0,0,0,0
40560,1,295,-55.4,68,32,-8.39599,5.79201,0,0,0,0,0,0,0,0,0,0,0, 0,0,0,0,0,0,0,0,0,0
40560,2,243,-55.4,72,32,-8.88987,6.13271,0,0,0,0,0,0,0,0,0,0,0, 0,0,0,0,0,0,0,0,0,0
40560,3,152,-51.6,76,32,-8.93411,7.08108,0,0,0,0,0,0,0,0,0,0,0, 0,0,0,0,0,0,0,0,0,0
40560,4,99,-46.7,80,32,-8.73327,8.22982,0,0,0,0,0,0,0,0,0,0,0, 0,0,0,0,0,0,0,0,0,0
40560,5,53,5.4,116,31.75,1.63748,17.3228,0,0,0,0,0,0,0,0,0,0,0, 0,0,0,0,0,0,0,0,0,0
40560,6,143,-56.5,60,32,-7.50497,4.96743,0,0,0,0,0,0,0,0,0,0,0, 0,0,0,0,0,0,0,0,0,0
40600,0,248,-56.5,64,32,-8.0053,5.2986,0,0,0,0,0,0,0,0,0,0,0, 0,0,0,0,0,1,0,0,0,0
40600,1,292,-55.4,68,32,-8.39599,5.79201,0,0,0,0,0,0,0,0,0,0,0, 0,0,0,0,0,1,0,0,0,0
40600,2,242,-54.4,72,32,-8.78149,6.28693,0,0,0,0,0,0,0,0,0,0,0, 0,0,0,0,0,1,0,0,0,0
40600,3,157,-49.8,76,32,-8.70727,7.35822,0,0,0,0,0,0,0,0,0,0,0, 0,0,0,0,0,1,0,0,0,0
40600,4,106,-46.7,80,32,-8.73327,8.22982,0,0,0,0,0,0,0,0,0,0,0, 0,0,0,0,0,1,0,0,0,0
40600,5,15,-9.6,372,30.25,-9.3057,55.0186,0,0,0,0,0,0,0,0,0,0,0, 0,0,0,0,0,1,0,0,0,0
40600,6,52,6.1,120,33,1.91275,17.8981,0,0,0,0,0,0,0,0,0,0,0, 0,0,0,0,0,1,0,0,0,0
40600,7,139,-58.4,60,32,-7.66554,4.71587,0,0,0,0,0,0,0,0,0,0,0, 0,0,0,0,0,1,0,0,0,0
40600,8,41,8.8,124,33,2.84554,18.381,0,0,0,0,0,0,0,0,0,0,0, 0,0,0,0,0,1,0,0,0,0
40600,9,19,3.6,156,30.75,1.4693,23.3538,0,0,0,0,0,0,0,0,0,0,0, 0,0,0,0,0,1,0,0,0,0
40640,0,246,-57.4,64,32,-8.08754,5.1722,0,0,0,0,0,0,0,0,0,0,0, 0,0,0,0,0,2,0,0,0,0
40640,1,289,-56.5,68,32,-8.50564,5.62976,0,0,0,0,0,0,0,0,0,0,0, 0,0,0,0,0,2,0,0,0,0
40640,2,239,-55.4,72,32,-8.88987,6.13271,0,0,0,0,0,0,0,0,0,0,0, 0,0,0,0,0,2,0,0,0,0
40640,3,151,-51.6,76,32,-8.93411,7.08108,0,0,0,0,0,0,0,0,0,0,0, 0,0,0,0,0,2,0,0,0,0
40640,4,102,-45.9,80,32,-8.61752,8.35095,0,0,0,0,0,0,0,0,0,0,0, 0,0,0,0,0,2,0,0,0,0
40640,5,33,7.8,120,33,2.44288,17.8335,0,0,0,0,0,0,0,0,0,0,0, 0,0,0,0,0,2,0,0,0,0
40640,6,140,-58.4,60,32,-7.66554,4.71587,0,0,0,0,0,0,0,0,0,0,0, 0,0,0,0,0,2,0,0,0,0
40640,7,23,4.2,156,30.75,1.71377,23.3372,0,0,0,0,0,0,0,0,0,0,0, 0,0,0,0,0,2,0,0,0,0
40640,8,29,1.8,156,31.25,0.735012,23.3885,0,0,0,0,0,0,0,0,0,0,0, 0,0,0,0,0,2,0,0,0,0
40680,0,245,-57.4,64,32,-8.08754,5.1722,0,0,0,0,0,0,0,0,0,0,0, 0,0,0,0,0,3,0,0,0,0
40680,1,38,3.6,128,31.75,1.20558,19.1621,0,0,0,0,0,0,0,0,0,0,0, 0,0,0,0,0,3,0,0,0,0
40680,2,33,6.1,128,33,2.04027,19.0913,0,0,0,0,0,0,0,0,0,0,0, 0,0,0,0,0,3,0,0,0,0
40680,3,289,-56.5,68,32,-8.50564,5.62976,0,0,0,0,0,0,0,0,0,0,0, 0,0,0,0,0,3,0,0,0,0
40680,4,240,-55.4,72,32,-8.88987,6.13271,0,0,0,0,0,0,0,0,0,0,0, 0,0,0,0,0,3,0,0,0,0
40680,5,154,-49.8,76,32,-8.70727,7.35822,0,0,0,0,0,0,0,0,0,0,0, 0,0,0,0,0,3,0,0,0,0
40680,6,107,-45.9,80,32,-8.61752,8.35095,0,0,0,0,0,0,0,0,0,0,0, 0,0,0,0,0,3,0,0,0,0
40680,7,83,-45.9,84,32,-9.04839,8.7685,0,0,0,0,0,0,0,0,0,0,0, 0,0,0,0,0,3,0,0,0,0
40680,8,38,8.3,116,31.75,2.5118,17.2177,0,0,0,0,0,0,0,0,0,0,0, 0,0,0,0,0,3,0,0,0,0
40680,9,43,9.9,116,33,2.99157,17.1409,0,0,0,0,0,0,0,0,0,0,0, 0,0,0,0,0,3,0,0,0,0
40680,10,39,10.6,120,31.75,3.31112,17.6928,0,0,0,0,0,0,0,0,0,0,0, 0,0,0,0,0,3,0,0,0,0
40680,11,45,8.8,120,33,2.75375,17.7881,0,0,0,0,0,0,0,0,0,0,0, 0,0,0,0,0,3,0,0,0,0
40680,12,138,-58.4,60,32,-7.66554,4.71587,0,0,0,0,0,0,0,0,0,0,0, 0,0,0,0,0,3,0,0,0,0
40680,13,60,8.3,124,31.75,2.68503,18.4052,0,0,0,0,0,0,0,0,0,0,0, 0,0,0,0,0,3,0,0,0,0
40680,14,63,8.3,124,33,2.68503,18.4052,0,0,0,0,0,0,0,0,0,0,0, 0,0,0,0,0,3,0,0,0,0
40680,15,17,0.1,156,31,0.0408407,23.4,0,0,0,0,0,0,0,0,0,0,0, 0,0,0,0,0,3,0,0,0,0
40720,0,247,-58.4,64,32,-8.17658,5.03026,0,0,0,0,0,0,0,0,0,0,0, 0,0,0,0,0,4,0,0,0,0
40720,1,289,-57.4,68,32,-8.59301,5.49546,0,0,0,0,0,0,0,0,0,0,0, 0,0,0,0,0,4,0,0,0,0
40720,2,238,-56.5,72,32,-9.00597,5.96092,0,0,0,0,0,0,0,0,0,0,0, 0,0,0,0,0,4,0,0,0,0
40720,3,149,-51.6,76,32,-8.93411,7.08108,0,0,0,0,0,0,0,0,0,0,0, 0,0,0,0,0,4,0,0,0,0
40720,4,105,-45,80,32,-8.48528,8.48528,0,0,0,0,0,0,0,0,0,0,0, 0,0,0,0,0,4,0,0,0,0
40720,5,86,-43.6,84,32,-8.68921,9.12457,0,0,0,0,0,0,0,0,0,0,0, 0,0,0,0,0,4,0,0,0,0
40720,6,139,-59.4,60,32,-7.74668,4.58137,0,0,0,0,0,0,0,0,0,0,0, 0,0,0,0,0,4,0,0,0,0
40760,0,246,-58.4,64,32,-8.17658,5.03026,0,0,0,0,0,0,0,0,0,0,0, 0,0,0,0,0,5,0,0,0,0
40760,1,288,-57.4,68,32,-8.59301,5.49546,0,0,0,0,0,0,0,0,0,0,0, 0,0,0,0,0,5,0,0,0,0
40760,2,239,-56.5,72,32,-9.00597,5.96092,0,0,0,0,0,0,0,0,0,0,0, 0,0,0,0,0,5,0,0,0,0
40760,3,150,-51.6,76,32,-8.93411,7.08108,0,0,0,0,0,0,0,0,0,0,0, 0,0,0,0,0,5,0,0,0,0
40760,4,106,-44.2,80,32,-8.36598,8.60293,0,0,0,0,0,0,0,0,0,0,0, 0,0,0,0,0,5,0,0,0,0
40760,5,23,7.8,112,31.5,2.28002,16.6446,0,0,0,0,0,0,0,0,0,0,0, 0,0,0,0,0,5,0,0,0,0
40760,6,85,-42.9,84,32,-8.57708,9.23004,0,0,0,0,0,0,0,0,0,0,0, 0,0,0,0,0,5,0,0,0,0
40760,7,51,7.2,116,31.75,2.1808,17.2628,0,0,0,0,0,0,0,0,0,0,0, 0,0,0,0,0,5,0,0,0,0
40760,8,55,5.4,120,31.75,1.69395,17.9201,0,0,0,0,0,0,0,0,0,0,0, 0,0,0,0,0,5,0,0,0,0
40760,9,56,6.6,120,33,2.06887,17.8807,0,0,0,0,0,0,0,0,0,0,0, 0,0,0,0,0,5,0,0,0,0
40760,10,137,-59.4,60,32,-7.74668,4.58137,0,0,0,0,0,0,0,0,0,0,0, 0,0,0,0,0,5,0,0,0,0
40800,0,243,-58.4,64,32,-8.17658,5.03026,0,0,0,0,0,0,0,0,0,0,0, 0,0,0,0,0,6,0,0,0,0
40800,1,42,3.6,128,31.75,1.20558,19.1621,0,0,0,0,0,0,0,0,0,0,0, 0,0,0,0,0,6,0,0,0,0
40800,2,286,-57.4,68,32,-8.59301,5.49546,0,0,0,0,0,0,0,0,0,0,0, 0,0,0,0,0,6,0,0,0,0
40800,3,239,-56.5,72,32,-9.00597,5.96092,0,0,0,0,0,0,0,0,0,0,0, 0,0,0,0,0,6,0,0,0,0
40800,4,153,-51.6,76,32,-8.93411,7.08108,0,0,0,0,0,0,0,0,0,0,0, 0,0,0,0,0,6,0,0,0,0
40800,5,110,-45,80,32,-8.48528,8.48528,0,0,0,0,0,0,0,0,0,0,0, 0,0,0,0,0,6,0,0,0,0
40800,6,90,-44.2,84,32,-8.78428,9.03307,0,0,0,0,0,0,0,0,0,0,0, 0,0,0,0,0,6,0,0,0,0
40800,7,34,11.1,120,31.75,3.4654,17.6633,0,0,0,0,0,0,0,0,0,0,0, 0,0,0,0,0,6,0,0,0,0
40800,8,37,9.4,120,33,2.93987,17.7583,0,0,0,0,0,0,0,0,0,0,0, 0,0,0,0,0,6,0,0,0,0
40800,9,137,-58.4,60,32,-7.66554,4.71587,0,0,0,0,0,0,0,0,0,0,0, 0,0,0,0,0,6,0,0,0,0
40840,0,244,-58.4,64,32,-8.17658,5.03026,0,0,0,0,0,0,0,0,0,0,0, 0,0,0,0,0,7,0,0,0,0
40840,1,287,-57.4,68,32,-8.59301,5.49546,0,0,0,0,0,0,0,0,0,0,0, 0,0,0,0,0,7,0,0,0,0
40840,2,236,-57.4,72,32,-9.09849,5.81872,0,0,0,0,0,0,0,0,0,0,0, 0,0,0,0,0,7,0,0,0,0
40840,3,149,-53.4,76,32,-9.15212,6.79696,0,0,0,0,0,0,0,0,0,0,0, 0,0,0,0,0,7,0,0,0,0
40840,4,108,-43.6,80,32,-8.27543,8.69006,0,0,0,0,0,0,0,0,0,0,0, 0,0,0,0,0,7,0,0,0,0
40840,5,91,-42.9,84,32,-8.57708,9.23004,0,0,0,0,0,0,0,0,0,0,0, 0,0,0,0,0,7,0,0,0,0
40840,6,22,6.1,120,33,1.91275,17.8981,0,0,0,0,0,0,0,0,0,0,0, 0,0,0,0,0,7,0,0,0,0
40840,7,138,-58.4,60,32,-7.66554,4.71587,0,0,0,0,0,0,0,0,0,0,0, 0,0,0,0,0,7,0,0,0,0
40880,0,244,-57.4,64,32,-8.08754,5.1722,0,0,0,0,0,0,0,0,0,0,0, 0,0,0,0,0,8,0,0,0,0
40880,1,22,10.6,128,33,3.53187,18.8724,0,0,0,0,0,0,0,0,0,0,0, 0,0,0,0,0,8,0,0,0,0
40880,2,287,-56.5,68,32,-8.50564,5.62976,0,0,0,0,0,0,0,0,0,0,0, 0,0,0,0,0,8,0,0,0,0
40880,3,37,66.6,8,33,1.10131,0.476577,0,0,0,0,0,0,0,0,0,0,0, 0,0,0,0,0,8,0,0,0,0
40880,4,239,-56.5,72,32,-9.00597,5.96092,0,0,0,0,0,0,0,0,0,0,0, 0,0,0,0,0,8,0,0,0,0
40880,5,154,-51.6,76,32,-8.93411,7.08108,0,0,0,0,0,0,0,0,0,0,0, 0,0,0,0,0,8,0,0,0,0
40880,6,110,-45,80,32,-8.48528,8.48528,0,0,0,0,0,0,0,0,0,0,0, 0,0,0,0,0,8,0,0,0,0
40880,7,86,-45.9,84,32,-9.04839,8.7685,0,0,0,0,0,0,0,0,0,0,0, 0,0,0,0,0,8,0,0,0,0
40880,8,40,6.1,120,31.75,1.91275,17.8981,0,0,0,0,0,0,0,0,0,0,0, 0,0,0,0,0,8,0,0,0,0
40880,9,39,7.2,120,33,2.256,17.8581,0,0,0,0,0,0,0,0,0,0,0, 0,0,0,0,0,8,0,0,0,0
40880,10,140,-58.4,60,32,-7.66554,4.71587,0,0,0,0,0,0,0,0,0,0,0, 0,0,0,0,0,8,0,0,0,0
40920,0,245,-58.4,64,32,-8.17658,5.03026,0,1334,0,0,0,0,0,0,0,0,0, 0,0,0,0,0,9,0,0,0,0
40920,1,287,-57.4,68,32,-8.59301,5.49546,0,1334,0,0,0,0,0,0,0,0,0, 0,0,0,0,0,9,0,0,0,0
40920,2,237,-56.5,72,32,-9.00597,5.96092,0,1334,0,0,0,0,0,0,0,0,0, 0,0,0,0,0,9,0,0,0,0
40920,3,150,-53.4,76,32,-9.15212,6.79696,0,1334,0,0,0,0,0,0,0,0,0, 0,0,0,0,0,9,0,0,0,0
40920,4,103,-45,80,32,-8.48528,8.48528,0,1334,0,0,0,0,0,0,0,0,0, 0,0,0,0,0,9,0,0,0,0
40920,5,139,-59.4,60,32,-7.74668,4.58137,0,1334,0,0,0,0,0,0,0,0,0, 0,0,0,0,0,9,0,0,0,0
40960,0,246,-58.4,64,32,-8.17658,5.03026,0,0,0,0,0,0,0,0,0,0,0, 0,0,0,0,0,10,0,0,0,0
40960,1,286,-57.4,68,32,-8.59301,5.49546,0,0,0,0,0,0,0,0,0,0,0, 0,0,0,0,0,10,0,0,0,0
40960,2,238,-56.5,72,32,-9.00597,5.96092,0,0,0,0,0,0,0,0,0,0,0, 0,0,0,0,0,10,0,0,0,0
40960,3,151,-53.4,76,32,-9.15212,6.79696,0,0,0,0,0,0,0,0,0,0,0, 0,0,0,0,0,10,0,0,0,0
40960,4,104,-45.9,80,32,-8.61752,8.35095,0,0,0,0,0,0,0,0,0,0,0, 0,0,0,0,0,10,0,0,0,0
40960,5,28,7.2,116,31.75,2.1808,17.2628,0,0,0,0,0,0,0,0,0,0,0, 0,0,0,0,0,10,0,0,0,0
40960,6,35,8.3,116,33,2.5118,17.2177,0,0,0,0,0,0,0,0,0,0,0, 0,0,0,0,0,10,0,0,0,0
40960,7,140,-58.4,60,32,-7.66554,4.71587,0,0,0,0,0,0,0,0,0,0,0, 0,0,0,0,0,10,0,0,0,0
40960,8,27,9.9,124,33,3.19788,18.323,0,0,0,0,0,0,0,0,0,0,0, 0,0,0,0,0,10,0,0,0,0
41000,0,246,-57.4,64,32,-8.08754,5.1722,0,7936,0,0,0,0,0,0,0,0,0, 0,0,0,0,0,11,0,0,0,0
41000,1,289,-56.5,68,32,-8.50564,5.62976,0,7936,0,0,0,0,0,0,0,0,0, 0,0,0,0,0,11,0,0,0,0
41000,2,242,-56.5,72,32,-9.00597,5.96092,0,7936,0,0,0,0,0,0,0,0,0, 0,0,0,0,0,11,0,0,0,0
41000,3,155,-53.4,76,32,-9.15212,6.79696,0,7936,0,0,0,0,0,0,0,0,0, 0,0,0,0,0,11,0,0,0,0
41000,4,109,-45.9,80,32,-8.61752,8.35095,0,7936,0,0,0,0,0,0,0,0,0, 0,0,0,0,0,11,0,0,0,0
41000,5,84,-45.9,84,32,-9.04839,8.7685,0,7936,0,0,0,0,0,0,0,0,0, 0,0,0,0,0,11,0,0,0,0
41000,6,143,-56.5,60,32,-7.50497,4.96743,0,7936,0,0,0,0,0,0,0,0,0, 0,0,0,0,0,11,0,0,0,0
41040,0,249,-56.5,64,32,-8.0053,5.2986,0,1139,0,0,0,0,0,0,0,0,0, 0,0,0,0,0,12,0,0,0,0
41040,1,291,-56.5,68,32,-8.50564,5.62976,0,1139,0,0,0,0,0,0,0,0,0, 0,0,0,0,0,12,0,0,0,0
41040,2,242,-56.5,72,32,-9.00597,5.96092,0,1139,0,0,0,0,0,0,0,0,0, 0,0,0,0,0,12,0,0,0,0
41040,3,153,-53.4,76,32,-9.15212,6.79696,0,1139,0,0,0,0,0,0,0,0,0, 0,0,0,0,0,12,0,0,0,0
41040,4,105,-45.9,80,32,-8.61752,8.35095,0,1139,0,0,0,0,0,0,0,0,0, 0,0,0,0,0,12,0,0,0,0
41040,5,39,8.3,120,31.75,2.59841,17.8115,0,1139,0,0,0,0,0,0,0,0,0, 0,0,0,0,0,12,0,0,0,0
41040,6,47,7.8,120,33,2.44288,17.8335,0,1139,0,0,0,0,0,0,0,0,0, 0,0,0,0,0,12,0,0,0,0
41040,7,141,-56.5,60,32,-7.50497,4.96743,0,1139,0,0,0,0,0,0,0,0,0, 0,0,0,0,0,12,0,0,0,0
41080,0,247,-56.5,64,32,-8.0053,5.2986,0,86,0,0,0,0,0,0,0,0,0, 0,0,0,0,0,13,0,0,0,0
41080,1,293,-55.4,68,32,-8.39599,5.79201,0,86,0,0,0,0,0,0,0,0,0, 0,0,0,0,0,13,0,0,0,0
41080,2,37,68.6,8,33,1.11727,0.437852,0,86,0,0,0,0,0,0,0,0,0, 0,0,0,0,0,13,0,0,0,0
41080,3,244,-55.4,72,32,-8.88987,6.13271,0,86,0,0,0,0,0,0,0,0,0, 0,0,0,0,0,13,0,0,0,0
41080,4,158,-51.6,76,32,-8.93411,7.08108,0,86,0,0,0,0,0,0,0,0,0, 0,0,0,0,0,13,0,0,0,0
41080,5,111,-45.9,80,32,-8.61752,8.35095,0,86,0,0,0,0,0,0,0,0,0, 0,0,0,0,0,13,0,0,0,0
41080,6,82,-48,84,32,-9.36363,8.43105,0,86,0,0,0,0,0,0,0,0,0, 0,0,0,0,0,13,0,0,0,0
41080,7,39,6.6,120,33,2.06887,17.8807,0,86,0,0,0,0,0,0,0,0,0, 0,0,0,0,0,13,0,0,0,0
41080,8,139,-56.5,60,32,-7.50497,4.96743,0,86,0,0,0,0,0,0,0,0,0, 0,0,0,0,0,13,0,0,0,0
41120,0,248,-56.5,64,32,-8.0053,5.2986,0,0,0,0,0,0,0,0,0,0,0, 0,0,0,0,0,14,0,0,0,0
41120,1,294,-56.5,68,32,-8.50564,5.62976,0,0,0,0,0,0,0,0,0,0,0, 0,0,0,0,0,14,0,0,0,0
41120,2,244,-55.4,72,32,-8.88987,6.13271,0,0,0,0,0,0,0,0,0,0,0, 0,0,0,0,0,14,0,0,0,0
41120,3,154,-49.8,76,32,-8.70727,7.35822,0,0,0,0,0,0,0,0,0,0,0, 0,0,0,0,0,14,0,0,0,0
41120,4,107,-44.2,80,32,-8.36598,8.60293,0,0,0,0,0,0,0,0,0,0,0, 0,0,0,0,0,14,0,0,0,0
41120,5,81,-44.2,84,32,-8.78428,9.03307,0,0,0,0,0,0,0,0,0,0,0, 0,0,0,0,0,14,0,0,0,0
41120,6,140,-57.4,60,32,-7.58207,4.84894,0,0,0,0,0,0,0,0,0,0,0, 0,0,0,0,0,14,0,0,0,0
41160,0,248,-56.5,64,32,-8.0053,5.2986,0,0,0,0,0,0,0,0,0,0,0, 0,0,0,0,0,15,0,0,0,0
41160,1,293,-56.5,68,32,-8.50564,5.62976,0,0,0,0,0,0,0,0,0,0,0, 0,0,0,0,0,15,0,0,0,0
41160,2,244,-55.4,72,32,-8.88987,6.13271,0,0,0,0,0,0,0,0,0,0,0, 0,0,0,0,0,15,0,0,0,0
41160,3,156,-49.8,76,32,-8.70727,7.35822,0,0,0,0,0,0,0,0,0,0,0, 0,0,0,0,0,15,0,0,0,0
41160,4,109,-43.6,80,32,-8.27543,8.69006,0,0,0,0,0,0,0,0,0,0,0, 0,0,0,0,0,15,0,0,0,0
41160,5,84,-43.6,84,32,-8.68921,9.12457,0,0,0,0,0,0,0,0,0,0,0, 0,0,0,0,0,15,0,0,0,0
41160,6,36,4.2,120,31.75,1.31829,17.9517,0,0,0,0,0,0,0,0,0,0,0, 0,0,0,0,0,15,0,0,0,0
41160,7,34,4.8,120,33,1.5062,17.9369,0,0,0,0,0,0,0,0,0,0,0, 0,0,0,0,0,15,0,0,0,0
41160,8,139,-56.5,60,32,-7.50497,4.96743,0,0,0,0,0,0,0,0,0,0,0, 0,0,0,0,0,15,0,0,0,0
41160,9,44,1.3,124,31.75,0.421984,18.5952,0,0,0,0,0,0,0,0,0,0,0, 0,0,0,0,0,15,0,0,0,0
41200,0,248,-56.5,64,32,-8.0053,5.2986,0,0,0,0,0,0,0,0,0,0,0, 0,0,0,0,0,0,0,0,0,0
41200,1,293,-56.5,68,32,-8.50564,5.62976,0,0,0,0,0,0,0,0,0,0,0, 0,0,0,0,0,0,0,0,0,0
41200,2,244,-55.4,72,32,-8.88987,6.13271,0,0,0,0,0,0,0,0,0,0,0, 0,0,0,0,0,0,0,0,0,0
41200,3,155,-49.8,76,32,-8.70727,7.35822,0,0,0,0,0,0,0,0,0,0,0, 0,0,0,0,0,0,0,0,0,0
41200,4,106,-43.6,80,32,-8.27543,8.69006,0,0,0,0,0,0,0,0,0,0,0, 0,0,0,0,0,0,0,0,0,0
41200,5,84,-43.6,84,32,-8.68921,9.12457,0,0,0,0,0,0,0,0,0,0,0, 0,0,0,0,0,0,0,0,0,0
41200,6,140,-56.5,60,32,-7.50497,4.96743,0,0,0,0,0,0,0,0,0,0,0, 0,0,0,0,0,0,0,0,0,0
41240,0,250,-56.5,64,32,-8.0053,5.2986,0,0,0,0,0,0,0,0,0,0,0, 0,0,0,0,0,1,0,0,0,0
41240,1,294,-55.4,68,32,-8.39599,5.79201,0,0,0,0,0,0,0,0,0,0,0, 0,0,0,0,0,1,0,0,0,0
41240,2,245,-55.4,72,32,-8.88987,6.13271,0,0,0,0,0,0,0,0,0,0,0, 0,0,0,0,0,1,0,0,0,0
41240,3,156,-49.8,76,32,-8.70727,7.35822,0,0,0,0,0,0,0,0,0,0,0, 0,0,0,0,0,1,0,0,0,0
41240,4,107,-43.6,80,32,-8.27543,8.69006,0,0,0,0,0,0,0,0,0,0,0, 0,0,0,0,0,1,0,0,0,0
41240,5,85,-42.9,84,32,-8.57708,9.23004,0,0,0,0,0,0,0,0,0,0,0, 0,0,0,0,0,1,0,0,0,0
41240,6,141,-55.4,60,32,-7.40823,5.11059,0,0,0,0,0,0,0,0,0,0,0, 0,0,0,0,0,1,0,0,0,0
41280,0,249,-55.4,64,32,-7.90211,5.4513,0,0,0,0,0,0,0,0,0,0,0, 0,0,0,0,0,2,0,0,0,0
41280,1,295,-55.4,68,32,-8.39599,5.79201,0,0,0,0,0,0,0,0,0,0,0, 0,0,0,0,0,2,0,0,0,0
41280,2,247,-54.4,72,32,-8.78149,6.28693,0,0,0,0,0,0,0,0,0,0,0, 0,0,0,0,0,2,0,0,0,0
41280,3,159,-49.8,76,32,-8.70727,7.35822,0,0,0,0,0,0,0,0,0,0,0, 0,0,0,0,0,2,0,0,0,0
41280,4,113,-45,80,32,-8.48528,8.48528,0,0,0,0,0,0,0,0,0,0,0, 0,0,0,0,0,2,0,0,0,0
41280,5,87,-44.2,84,32,-8.78428,9.03307,0,0,0,0,0,0,0,0,0,0,0, 0,0,0,0,0,2,0,0,0,0
41280,6,144,-54.4,60,32,-7.31791,5.23911,0,0,0,0,0,0,0,0,0,0,0, 0,0,0,0,0,2,0,0,0,0
41320,0,253,-55.4,64,32,-7.90211,5.4513,0,0,0,0,0,0,0,0,0,0,0, 0,0,0,0,0,3,0,0,0,0
41320,1,297,-55.4,68,32,-8.39599,5.79201,0,0,0,0,0,0,0,0,0,0,0, 0,0,0,0,0,3,0,0,0,0
41320,2,244,-54.4,72,32,-8.78149,6.28693,0,0,0,0,0,0,0,0,0,0,0, 0,0,0,0,0,3,0,0,0,0
41320,3,34,1.8,136,31,0.640779,20.3899,0,0,0,0,0,0,0,0,0,0,0, 0,0,0,0,0,3,0,0,0,0
41320,4,155,-49.8,76,32,-8.70727,7.35822,0,0,0,0,0,0,0,0,0,0,0, 0,0,0,0,0,3,0,0,0,0
41320,5,107,-44.2,80,32,-8.36598,8.60293,0,0,0,0,0,0,0,0,0,0,0, 0,0,0,0,0,3,0,0,0,0
41320,6,81,-44.2,84,32,-8.78428,9.03307,0,0,0,0,0,0,0,0,0,0,0, 0,0,0,0,0,3,0,0,0,0
41320,7,145,-54.4,60,32,-7.31791,5.23911,0,0,0,0,0,0,0,0,0,0,0, 0,0,0,0,0,3,0,0,0,0
41320,8,18,-4.8,156,31.5,-1.95806,23.3179,0,0,0,0,0,0,0,0,0,0,0, 0,0,0,0,0,3,0,0,0,0
41360,0,251,-55.4,64,32,-7.90211,5.4513,0,0,0,0,0,0,0,0,0,0,0, 0,0,0,0,0,4,0,0,0,0
41360,1,295,-55.4,68,32,-8.39599,5.79201,0,0,0,0,0,0,0,0,0,0,0, 0,0,0,0,0,4,0,0,0,0
41360,2,43,71.1,8,33,1.1353,0.388701,0,0,0,0,0,0,0,0,0,0,0, 0,0,0,0,0,4,0,0,0,0
41360,3,243,-54.4,72,32,-8.78149,6.28693,0,0,0,0,0,0,0,0,0,0,0, 0,0,0,0,0,4,0,0,0,0
41360,4,154,-51.6,76,32,-8.93411,7.08108,0,0,0,0,0,0,0,0,0,0,0, 0,0,0,0,0,4,0,0,0,0
41360,5,106,-45,80,32,-8.48528,8.48528,0,0,0,0,0,0,0,0,0,0,0, 0,0,0,0,0,4,0,0,0,0
41360,6,83,-44.2,84,32,-8.78428,9.03307,0,0,0,0,0,0,0,0,0,0,0, 0,0,0,0,0,4,0,0,0,0
41360,7,32,4.8,116,31.75,1.45599,17.339,0,0,0,0,0,0,0,0,0,0,0, 0,0,0,0,0,4,0,0,0,0
41360,8,42,4.2,120,31.75,1.31829,17.9517,0,0,0,0,0,0,0,0,0,0,0, 0,0,0,0,0,4,0,0,0,0
41360,9,142,-55.4,60,32,-7.40823,5.11059,0,0,0,0,0,0,0,0,0,0,0, 0,0,0,0,0,4,0,0,0,0
41400,0,247,-56.5,64,32,-8.0053,5.2986,0,0,0,0,0,0,0,0,0,0,0, 0,0,0,0,0,5,0,0,0,0
41400,1,291,-56.5,68,32,-8.50564,5.62976,0,0,0,0,0,0,0,0,0,0,0, 0,0,0,0,0,5,0,0,0,0
41400,2,241,-55.4,72,32,-8.88987,6.13271,0,0,0,0,0,0,0,0,0,0,0, 0,0,0,0,0,5,0,0,0,0
41400,3,156,-49.8,76,32,-8.70727,7.35822,0,0,0,0,0,0,0,0,0,0,0, 0,0,0,0,0,5,0,0,0,0
41400,4,109,-46.7,80,32,-8.73327,8.22982,0,0,0,0,0,0,0,0,0,0,0, 0,0,0,0,0,5,0,0,0,0
41400,5,86,-46.7,84,32,-9.16994,8.64131,0,0,0,0,0,0,0,0,0,0,0, 0,0,0,0,0,5,0,0,0,0
41400,6,28,6.1,120,33,1.91275,17.8981,0,0,0,0,0,0,0,0,0,0,0, 0,0,0,0,0,5,0,0,0,0
41400,7,140,-55.4,60,32,-7.40823,5.11059,0,0,0,0,0,0,0,0,0,0,0, 0,0,0,0,0,5,0,0,0,0
41440,0,246,-56.5,64,32,-8.0053,5.2986,0,0,0,0,0,0,0,0,0,0,0, 0,0,0,0,0,6,0,0,0,0
41440,1,291,-56.5,68,32,-8.50564,5.62976,0,0,0,0,0,0,0,0,0,0,0, 0,0,0,0,0,6,0,0,0,0
41440,2,241,-55.4,72,32,-8.88987,6.13271,0,0,0,0,0,0,0,0,0,0,0, 0,0,0,0,0,6,0,0,0,0
41440,3,152,-53.4,76,32,-9.15212,6.79696,0,0,0,0,0,0,0,0,0,0,0, 0,0,0,0,0,6,0,0,0,0
41440,4,103,-45.9,80,32,-8.61752,8.35095,0,0,0,0,0,0,0,0,0,0,0, 0,0,0,0,0,6,0,0,0,0
41440,5,81,-46.7,84,32,-9.16994,8.64131,0,0,0,0,0,0,0,0,0,0,0, 0,0,0,0,0,6,0,0,0,0
41440,6,137,-55.4,60,32,-7.40823,5.11059,0,0,0,0,0,0,0,0,0,0,0, 0,0,0,0,0,6,0,0,0,0
41480,0,244,-55.4,64,32,-7.90211,5.4513,0,0,0,0,0,0,0,0,0,0,0, 0,0,0,0,0,7,0,0,0,0
41480,1,290,-55.4,68,32,-8.39599,5.79201,0,0,0,0,0,0,0,0,0,0,0, 0,0,0,0,0,7,0,0,0,0
41480,2,242,-54.4,72,32,-8.78149,6.28693,0,0,0,0,0,0,0,0,0,0,0, 0,0,0,0,0,7,0,0,0,0
41480,3,155,-51.6,76,32,-8.93411,7.08108,0,0,0,0,0,0,0,0,0,0,0, 0,0,0,0,0,7,0,0,0,0
41480,4,110,-46.7,80,32,-8.73327,8.22982,0,0,0,0,0,0,0,0,0,0,0, 0,0,0,0,0,7,0,0,0,0
41480,5,86,-46.7,84,32,-9.16994,8.64131,0,0,0,0,0,0,0,0,0,0,0, 0,0,0,0,0,7,0,0,0,0
41480,6,27,6.6,116,33,1.99991,17.2847,0,0,0,0,0,0,0,0,0,0,0, 0,0,0,0,0,7,0,0,0,0
41480,7,138,-55.4,60,32,-7.40823,5.11059,0,0,0,0,0,0,0,0,0,0,0, 0,0,0,0,0,7,0,0,0,0
41520,0,244,-56.5,64,32,-8.0053,5.2986,0,0,0,0,0,0,0,0,0,0,0, 0,0,0,0,0,8,0,0,0,0
41520,1,290,-56.5,68,32,-8.50564,5.62976,0,0,0,0,0,0,0,0,0,0,0, 0,0,0,0,0,8,0,0,0,0
41520,2,239,-55.4,72,32,-8.88987,6.13271,0,0,0,0,0,0,0,0,0,0,0, 0,0,0,0,0,8,0,0,0,0
41520,3,149,-53.4,76,32,-9.15212,6.79696,0,0,0,0,0,0,0,0,0,0,0, 0,0,0,0,0,8,0,0,0,0
41520,4,103,-45.9,80,32,-8.61752,8.35095,0,0,0,0,0,0,0,0,0,0,0, 0,0,0,0,0,8,0,0,0,0
41520,5,137,-56.5,60,32,-7.50497,4.96743,0,0,0,0,0,0,0,0,0,0,0, 0,0,0,0,0,8,0,0,0,0
41560,0,246,-55.4,64,32,-7.90211,5.4513,0,1334,0,0,0,0,0,0,0,0,0, 0,0,0,0,0,9,0,0,0,0
41560,1,289,-55.4,68,32,-8.39599,5.79201,0,1334,0,0,0,0,0,0,0,0,0, 0,0,0,0,0,9,0,0,0,0
41560,2,244,-54.4,72,32,-8.78149,6.28693,0,1334,0,0,0,0,0,0,0,0,0, 0,0,0,0,0,9,0,0,0,0
41560,3,155,-51.6,76,32,-8.93411,7.08108,0,1334,0,0,0,0,0,0,0,0,0, 0,0,0,0,0,9,0,0,0,0
41560,4,108,-46.7,80,32,-8.73327,8.22982,0,1334,0,0,0,0,0,0,0,0,0, 0,0,0,0,0,9,0,0,0,0
41560,5,136,-55.4,60,32,-7.40823,5.11059,0,1334,0,0,0,0,0,0,0,0,0, 0,0,0,0,0,9,0,0,0,0
41600,0,245,-56.5,64,32,-8.0053,5.2986,0,0,0,0,0,0,0,0,0,0,0, 0,0,0,0,0,10,0,0,0,0
41600,1,291,-56.5,68,32,-8.50564,5.62976,0,0,0,0,0,0,0,0,0,0,0, 0,0,0,0,0,10,0,0,0,0
41600,2,240,-55.4,72,32,-8.88987,6.13271,0,0,0,0,0,0,0,0,0,0,0, 0,0,0,0,0,10,0,0,0,0
41600,3,152,-53.4,76,32,-9.15212,6.79696,0,0,0,0,0,0,0,0,0,0,0, 0,0,0,0,0,10,0,0,0,0
41600,4,103,-45.9,80,32,-8.61752,8.35095,0,0,0,0,0,0,0,0,0,0,0, 0,0,0,0,0,10,0,0,0,0
41600,5,137,-56.5,60,32,-7.50497,4.96743,0,0,0,0,0,0,0,0,0,0,0, 0,0,0,0,0,10,0,0,0,0
41640,0,246,-56.5,64,32,-8.0053,5.2986,0,7936,0,0,0,0,0,0,0,0,0, 0,0,0,0,0,11,0,0,0,0
41640,1,292,-55.4,68,32,-8.39599,5.79201,0,7936,0,0,0,0,0,0,0,0,0, 0,0,0,0,0,11,0,0,0,0
41640,2,243,-54.4,72,32,-8.78149,6.28693,0,7936,0,0,0,0,0,0,0,0,0, 0,0,0,0,0,11,0,0,0,0
41640,3,158,-49.8,76,32,-8.70727,7.35822,0,7936,0,0,0,0,0,0,0,0,0, 0,0,0,0,0,11,0,0,0,0
41640,4,17,3.6,140,30.75,1.3186,20.9586,0,7936,0,0,0,0,0,0,0,0,0, 0,0,0,0,0,11,0,0,0,0
41640,5,109,-45.9,80,32,-8.61752,8.35095,0,7936,0,0,0,0,0,0,0,0,0, 0,0,0,0,0,11,0,0,0,0
41640,6,81,-46.7,84,32,-9.16994,8.64131,0,7936,0,0,0,0,0,0,0,0,0, 0,0,0,0,0,11,0,0,0,0
41640,7,137,-55.4,60,32,-7.40823,5.11059,0,7936,0,0,0,0,0,0,0,0,0, 0,0,0,0,0,11,0,0,0,0
41680,0,246,-56.5,64,32,-8.0053,5.2986,0,1139,0,0,0,0,0,0,0,0,0, 0,0,0,0,0,12,0,0,0,0
41680,1,289,-55.4,68,32,-8.39599,5.79201,0,1139,0,0,0,0,0,0,0,0,0, 0,0,0,0,0,12,0,0,0,0
41680,2,47,69.6,8,33,1.12474,0.418287,0,1139,0,0,0,0,0,0,0,0,0, 0,0,0,0,0,12,0,0,0,0
41680,3,242,-54.4,72,32,-8.78149,6.28693,0,1139,0,0,0,0,0,0,0,0,0, 0,0,0,0,0,12,0,0,0,0
41680,4,154,-51.6,76,32,-8.93411,7.08108,0,1139,0,0,0,0,0,0,0,0,0, 0,0,0,0,0,12,0,0,0,0
41680,5,102,-45.9,80,32,-8.61752,8.35095,0,1139,0,0,0,0,0,0,0,0,0, 0,0,0,0,0,12,0,0,0,0
41680,6,137,-57.4,60,32,-7.58207,4.84894,0,1139,0,0,0,0,0,0,0,0,0, 0,0,0,0,0,12,0,0,0,0
41680,7,19,0.6,156,31.25,0.24504,23.3987,0,1139,0,0,0,0,0,0,0,0,0, 0,0,0,0,0,12,0,0,0,0
41720,0,245,-56.5,64,32,-8.0053,5.2986,0,86,0,0,0,0,0,0,0,0,0, 0,0,0,0,0,13,0,0,0,0
41720,1,289,-55.4,68,32,-8.39599,5.79201,0,86,0,0,0,0,0,0,0,0,0, 0,0,0,0,0,13,0,0,0,0
41720,2,242,-54.4,72,32,-8.78149,6.28693,0,86,0,0,0,0,0,0,0,0,0, 0,0,0,0,0,13,0,0,0,0
41720,3,156,-51.6,76,32,-8.93411,7.08108,0,86,0,0,0,0,0,0,0,0,0, 0,0,0,0,0,13,0,0,0,0
41720,4,106,-46.7,80,32,-8.73327,8.22982,0,86,0,0,0,0,0,0,0,0,0, 0,0,0,0,0,13,0,0,0,0
41720,5,138,-56.5,60,32,-7.50497,4.96743,0,86,0,0,0,0,0,0,0,0,0, 0,0,0,0,0,13,0,0,0,0
41760,0,244,-56.5,64,32,-8.0053,5.2986,0,0,0,0,0,0,0,0,0,0,0, 0,0,0,0,0,14,0,0,0,0
41760,1,31,-6.6,128,31.75,-2.20679,19.0728,0,0,0,0,0,0,0,0,0,0,0, 0,0,0,0,0,14,0,0,0,0
41760,2,288,-56.5,68,32,-8.50564,5.62976,0,0,0,0,0,0,0,0,0,0,0, 0,0,0,0,0,14,0,0,0,0
41760,3,38,72.4,8,33,1.14383,0.362844,0,0,0,0,0,0,0,0,0,0,0, 0,0,0,0,0,14,0,0,0,0
41760,4,239,-55.4,72,32,-8.88987,6.13271,0,0,0,0,0,0,0,0,0,0,0, 0,0,0,0,0,14,0,0,0,0
41760,5,150,-53.4,76,32,-9.15212,6.79696,0,0,0,0,0,0,0,0,0,0,0, 0,0,0,0,0,14,0,0,0,0
41760,6,101,-45.9,80,32,-8.61752,8.35095,0,0,0,0,0,0,0,0,0,0,0, 0,0,0,0,0,14,0,0,0,0
41760,7,23,0.1,152,32.25,0.0397935,22.8,0,0,0,0,0,0,0,0,0,0,0, 0,0,0,0,0,14,0,0,0,0
41760,8,137,-57.4,60,32,-7.58207,4.84894,0,0,0,0,0,0,0,0,0,0,0, 0,0,0,0,0,14,0,0,0,0
41800,0,244,-56.5,64,32,-8.0053,5.2986,0,0,0,0,0,0,0,0,0,0,0, 0,0,0,0,0,15,0,0,0,0
41800,1,17,5.4,160,32.25,2.2586,23.8935,0,0,0,0,0,0,0,0,0,0,0, 0,0,0,0,0,15,0,0,0,0
41800,2,290,-55.4,68,32,-8.39599,5.79201,0,0,0,0,0,0,0,0,0,0,0, 0,0,0,0,0,15,0,0,0,0
41800,3,243,-54.4,72,32,-8.78149,6.28693,0,0,0,0,0,0,0,0,0,0,0, 0,0,0,0,0,15,0,0,0,0
41800,4,156,-51.6,76,32,-8.93411,7.08108,0,0,0,0,0,0,0,0,0,0,0, 0,0,0,0,0,15,0,0,0,0
41800,5,106,-45.9,80,32,-8.61752,8.35095,0,0,0,0,0,0,0,0,0,0,0, 0,0,0,0,0,15,0,0,0,0
41800,6,136,-56.5,60,32,-7.50497,4.96743,0,0,0,0,0,0,0,0,0,0,0, 0,0,0,0,0,15,0,0,0,0
41800,7,27,1.3,156,31.75,0.530884,23.394,0,0,0,0,0,0,0,0,0,0,0, 0,0,0,0,0,15,0,0,0,0
41840,0,244,-57.4,64,32,-8.08754,5.1722,0,0,0,0,0,0,0,0,0,0,0, 0,0,0,0,0,0,0,0,0,0
41840,1,290,-56.5,68,32,-8.50564,5.62976,0,0,0,0,0,0,0,0,0,0,0, 0,0,0,0,0,0,0,0,0,0
41840,2,24,6.1,164,31.25,2.6141,24.4607,0,0,0,0,0,0,0,0,0,0,0, 0,0,0,0,0,0,0,0,0,0
41840,3,242,-56.5,72,32,-9.00597,5.96092,0,0,0,0,0,0,0,0,0,0,0, 0,0,0,0,0,0,0,0,0,0
41840,4,151,-54.4,76,32,-9.26935,6.6362,0,0,0,0,0,0,0,0,0,0,0, 0,0,0,0,0,0,0,0,0,0
41840,5,102,-46.7,80,32,-8.73327,8.22982,0,0,0,0,0,0,0,0,0,0,0, 0,0,0,0,0,0,0,0,0,0
41840,6,139,-56.5,60,32,-7.50497,4.96743,0,0,0,0,0,0,0,0,0,0,0, 0,0,0,0,0,0,0,0,0,0
41840,7,26,1.3,156,31.25,0.530884,23.394,0,0,0,0,0,0,0,0,0,0,0, 0,0,0,0,0,0,0,0,0,0
41880,0,244,-57.4,64,32,-8.08754,5.1722,0,0,0,0,0,0,0,0,0,0,0, 0,0,0,0,0,1,0,0,0,0
41880,1,25,2.4,160,31.25,1.00502,23.9789,0,0,0,0,0,0,0,0,0,0,0, 0,0,0,0,0,1,0,0,0,0
41880,2,290,-56.5,68,32,-8.50564,5.62976,0,0,0,0,0,0,0,0,0,0,0, 0,0,0,0,0,1,0,0,0,0
41880,3,239,-57.4,72,32,-9.09849,5.81872,0,0,0,0,0,0,0,0,0,0,0, 0,0,0,0,0,1,0,0,0,0
41880,4,150,-55.4,76,32,-9.38375,6.47342,0,0,0,0,0,0,0,0,0,0,0, 0,0,0,0,0,1,0,0,0,0
41880,5,97,-49.8,80,32,-9.16555,7.74549,0,0,0,0,0,0,0,0,0,0,0, 0,0,0,0,0,1,0,0,0,0
41880,6,137,-58.4,60,32,-7.66554,4.71587,0,0,0,0,0,0,0,0,0,0,0, 0,0,0,0,0,1,0,0,0,0
41920,0,244,-57.4,64,32,-8.08754,5.1722,0,0,0,0,0,0,0,0,0,0,0, 0,0,0,0,0,2,0,0,0,0
41920,1,289,-57.4,68,32,-8.59301,5.49546,0,0,0,0,0,0,0,0,0,0,0, 0,0,0,0,0,2,0,0,0,0
41920,2,44,72.4,8,33,1.14383,0.362844,0,0,0,0,0,0,0,0,0,0,0, 0,0,0,0,0,2,0,0,0,0
41920,3,241,-56.5,72,32,-9.00597,5.96092,0,0,0,0,0,0,0,0,0,0,0, 0,0,0,0,0,2,0,0,0,0
41920,4,147,-55.4,76,32,-9.38375,6.47342,0,0,0,0,0,0,0,0,0,0,0, 0,0,0,0,0,2,0,0,0,0
41920,5,96,-53.4,80,32,-9.63381,7.1547,0,0,0,0,0,0,0,0,0,0,0, 0,0,0,0,0,2,0,0,0,0
41920,6,138,-56.5,60,32,-7.50497,4.96743,0,0,0,0,0,0,0,0,0,0,0, 0,0,0,0,0,2,0,0,0,0
41920,7,31,-3,124,31.75,-0.973449,18.5745,0,0,0,0,0,0,0,0,0,0,0, 0,0,0,0,0,2,0,0,0,0
41960,0,245,-55.4,64,32,-7.90211,5.4513,0,0,0,0,0,0,0,0,0,0,0, 0,0,0,0,0,3,0,0,0,0
41960,1,290,-55.4,68,32,-8.39599,5.79201,0,0,0,0,0,0,0,0,0,0,0, 0,0,0,0,0,3,0,0,0,0
41960,2,41,71.1,8,33,1.1353,0.388701,0,0,0,0,0,0,0,0,0,0,0, 0,0,0,0,0,3,0,0,0,0
41960,3,242,-55.4,72,32,-8.88987,6.13271,0,0,0,0,0,0,0,0,0,0,0, 0,0,0,0,0,3,0,0,0,0
41960,4,151,-54.4,76,32,-9.26935,6.6362,0,0,0,0,0,0,0,0,0,0,0, 0,0,0,0,0,3,0,0,0,0
41960,5,99,-53.4,80,32,-9.63381,7.1547,0,0,0,0,0,0,0,0,0,0,0, 0,0,0,0,0,3,0,0,0,0
41960,6,137,-56.5,60,32,-7.50497,4.96743,0,0,0,0,0,0,0,0,0,0,0, 0,0,0,0,0,3,0,0,0,0
42000,0,245,-56.5,64,32,-8.0053,5.2986,0,0,0,0,0,0,0,0,0,0,0, 0,0,0,0,0,4,0,0,0,0
42000,1,290,-56.5,68,32,-8.50564,5.62976,0,0,0,0,0,0,0,0,0,0,0, 0,0,0,0,0,4,0,0,0,0
42000,2,240,-55.4,72,32,-8.88987,6.13271,0,0,0,0,0,0,0,0,0,0,0, 0,0,0,0,0,4,0,0,0,0
42000,3,150,-54.4,76,32,-9.26935,6.6362,0,0,0,0,0,0,0,0,0,0,0, 0,0,0,0,0,4,0,0,0,0
42000,4,98,-51.6,80,32,-9.40432,7.45377,0,0,0,0,0,0,0,0,0,0,0, 0,0,0,0,0,4,0,0,0,0
42000,5,139,-57.4,60,32,-7.58207,4.84894,0,0,0,0,0,0,0,0,0,0,0, 0,0,0,0,0,4,0,0,0,0
42040,0,245,-56.5,64,32,-8.0053,5.2986,0,0,0,0,0,0,0,0,0,0,0, 0,0,0,0,0,5,0,0,0,0
42040,1,292,-56.5,68,32,-8.50564,5.62976,0,0,0,0,0,0,0,0,0,0,0, 0,0,0,0,0,5,0,0,0,0
42040,2,243,-55.4,72,32,-8.88987,6.13271,0,0,0,0,0,0,0,0,0,0,0, 0,0,0,0,0,5,0,0,0,0
42040,3,154,-54.4,76,32,-9.26935,6.6362,0,0,0,0,0,0,0,0,0,0,0, 0,0,0,0,0,5,0,0,0,0
42040,4,101,-53.4,80,32,-9.63381,7.1547,0,0,0,0,0,0,0,0,0,0,0, 0,0,0,0,0,5,0,0,0,0
42040,5,139,-56.5,60,32,-7.50497,4.96743,0,0,0,0,0,0,0,0,0,0,0, 0,0,0,0,0,5,0,0,0,0
42040,6,20,1.3,156,31.75,0.530884,23.394,0,0,0,0,0,0,0,0,0,0,0, 0,0,0,0,0,5,0,0,0,0
42080,0,247,-56.5,64,32,-8.0053,5.2986,0,0,0,0,0,0,0,0,0,0,0, 0,0,0,0,0,6,0,0,0,0
42080,1,291,-56.5,68,32,-8.50564,5.62976,0,0,0,0,0,0,0,0,0,0,0, 0,0,0,0,0,6,0,0,0,0
42080,2,243,-56.5,72,32,-9.00597,5.96092,0,0,0,0,0,0,0,0,0,0,0, 0,0,0,0,0,6,0,0,0,0
42080,3,153,-55.4,76,32,-9.38375,6.47342,0,0,0,0,0,0,0,0,0,0,0, 0,0,0,0,0,6,0,0,0,0
42080,4,98,-55.4,80,32,-9.87764,6.81413,0,0,0,0,0,0,0,0,0,0,0, 0,0,0,0,0,6,0,0,0,0
42080,5,24,2.4,152,31.75,0.954765,22.78,0,0,0,0,0,0,0,0,0,0,0, 0,0,0,0,0,6,0,0,0,0
42080,6,138,-56.5,60,32,-7.50497,4.96743,0,0,0,0,0,0,0,0,0,0,0, 0,0,0,0,0,6,0,0,0,0
42080,7,22,0.1,156,31.75,0.0408407,23.4,0,0,0,0,0,0,0,0,0,0,0, 0,0,0,0,0,6,0,0,0,0
42120,0,245,-56.5,64,32,-8.0053,5.2986,0,0,0,0,0,0,0,0,0,0,0, 0,0,0,0,0,7,0,0,0,0
42120,1,289,-56.5,68,32,-8.50564,5.62976,0,0,0,0,0,0,0,0,0,0,0, 0,0,0,0,0,7,0,0,0,0
42120,2,241,-56.5,72,32,-9.00597,5.96092,0,0,0,0,0,0,0,0,0,0,0, 0,0,0,0,0,7,0,0,0,0
42120,3,155,-55.4,76,32,-9.38375,6.47342,0,0,0,0,0,0,0,0,0,0,0, 0,0,0,0,0,7,0,0,0,0
42120,4,101,-53.4,80,32,-9.63381,7.1547,0,0,0,0,0,0,0,0,0,0,0, 0,0,0,0,0,7,0,0,0,0
42120,5,139,-56.5,60,32,-7.50497,4.96743,0,0,0,0,0,0,0,0,0,0,0, 0,0,0,0,0,7,0,0,0,0
42120,6,18,5.4,156,31.75,2.20213,23.2962,0,0,0,0,0,0,0,0,0,0,0, 0,0,0,0,0,7,0,0,0,0
42160,0,246,-56.5,64,32,-8.0053,5.2986,0,0,0,0,0,0,0,0,0,0,0, 0,0,0,0,0,8,0,0,0,0
42160,1,291,-56.5,68,32,-8.50564,5.62976,0,0,0,0,0,0,0,0,0,0,0, 0,0,0,0,0,8,0,0,0,0
42160,2,241,-56.5,72,32,-9.00597,5.96092,0,0,0,0,0,0,0,0,0,0,0, 0,0,0,0,0,8,0,0,0,0
42160,3,154,-54.4,76,32,-9.26935,6.6362,0,0,0,0,0,0,0,0,0,0,0, 0,0,0,0,0,8,0,0,0,0
42160,4,104,-49.8,80,32,-9.16555,7.74549,0,0,0,0,0,0,0,0,0,0,0, 0,0,0,0,0,8,0,0,0,0
42160,5,137,-56.5,60,32,-7.50497,4.96743,0,0,0,0,0,0,0,0,0,0,0, 0,0,0,0,0,8,0,0,0,0
42200,0,244,-56.5,64,32,-8.0053,5.2986,0,1334,0,0,0,0,0,0,0,0,0, 0,0,0,0,0,9,0,0,0,0
42200,1,21,-3.6,128,30.75,-1.20558,19.1621,0,1334,0,0,0,0,0,0,0,0,0, 0,0,0,0,0,9,0,0,0,0
42200,2,290,-56.5,68,32,-8.50564,5.62976,0,1334,0,0,0,0,0,0,0,0,0, 0,0,0,0,0,9,0,0,0,0
42200,3,241,-55.4,72,32,-8.88987,6.13271,0,1334,0,0,0,0,0,0,0,0,0, 0,0,0,0,0,9,0,0,0,0
42200,4,156,-53.4,76,32,-9.15212,6.79696,0,1334,0,0,0,0,0,0,0,0,0, 0,0,0,0,0,9,0,0,0,0
42200,5,109,-48,80,32,-8.91774,8.02957,0,1334,0,0,0,0,0,0,0,0,0, 0,0,0,0,0,9,0,0,0,0
42200,6,84,-51.6,84,32,-9.87454,7.82646,0,1334,0,0,0,0,0,0,0,0,0, 0,0,0,0,0,9,0,0,0,0
42200,7,17,4.2,180,50.5,1.97743,26.9275,0,1334,0,0,0,0,0,0,0,0,0, 0,0,0,0,0,9,0,0,0,0
42200,8,138,-55.4,60,32,-7.40823,5.11059,0,1334,0,0,0,0,0,0,0,0,0, 0,0,0,0,0,9,0,0,0,0
42200,9,25,1.3,124,32.25,0.421984,18.5952,0,1334,0,0,0,0,0,0,0,0,0, 0,0,0,0,0,9,0,0,0,0
42240,0,245,-56.5,64,32,-8.0053,5.2986,0,0,0,0,0,0,0,0,0,0,0, 0,0,0,0,0,10,0,0,0,0
42240,1,289,-56.5,68,32,-8.50564,5.62976,0,0,0,0,0,0,0,0,0,0,0, 0,0,0,0,0,10,0,0,0,0
42240,2,241,-56.5,72,32,-9.00597,5.96092,0,0,0,0,0,0,0,0,0,0,0, 0,0,0,0,0,10,0,0,0,0
42240,3,152,-53.4,76,32,-9.15212,6.79696,0,0,0,0,0,0,0,0,0,0,0, 0,0,0,0,0,10,0,0,0,0
42240,4,109,-45,80,32,-8.48528,8.48528,0,0,0,0,0,0,0,0,0,0,0, 0,0,0,0,0,10,0,0,0,0
42240,5,88,-45,84,32,-8.90955,8.90955,0,0,0,0,0,0,0,0,0,0,0, 0,0,0,0,0,10,0,0,0,0
42240,6,138,-56.5,60,32,-7.50497,4.96743,0,0,0,0,0,0,0,0,0,0,0, 0,0,0,0,0,10,0,0,0,0
42280,0,245,-56.5,64,32,-8.0053,5.2986,0,7936,0,0,0,0,0,0,0,0,0, 0,0,0,0,0,11,0,0,0,0
42280,1,288,-56.5,68,32,-8.50564,5.62976,0,7936,0,0,0,0,0,0,0,0,0, 0,0,0,0,0,11,0,0,0,0
42280,2,239,-56.5,72,32,-9.00597,5.96092,0,7936,0,0,0,0,0,0,0,0,0, 0,0,0,0,0,11,0,0,0,0
42280,3,153,-53.4,76,32,-9.15212,6.79696,0,7936,0,0,0,0,0,0,0,0,0, 0,0,0,0,0,11,0,0,0,0
42280,4,106,-45.9,80,32,-8.61752,8.35095,0,7936,0,0,0,0,0,0,0,0,0, 0,0,0,0,0,11,0,0,0,0
42280,5,83,-46.7,84,32,-9.16994,8.64131,0,7936,0,0,0,0,0,0,0,0,0, 0,0,0,0,0,11,0,0,0,0
42280,6,137,-56.5,60,32,-7.50497,4.96743,0,7936,0,0,0,0,0,0,0,0,0, 0,0,0,0,0,11,0,0,0,0
42320,0,244,-56.5,64,32,-8.0053,5.2986,0,1139,0,0,0,0,0,0,0,0,0, 0,0,0,0,0,12,0,0,0,0
42320,1,290,-56.5,68,32,-8.50564,5.62976,0,1139,0,0,0,0,0,0,0,0,0, 0,0,0,0,0,12,0,0,0,0
42320,2,241,-55.4,72,32,-8.88987,6.13271,0,1139,0,0,0,0,0,0,0,0,0, 0,0,0,0,0,12,0,0,0,0
42320,3,155,-53.4,76,32,-9.15212,6.79696,0,1139,0,0,0,0,0,0,0,0,0, 0,0,0,0,0,12,0,0,0,0
42320,4,107,-48,80,32,-8.91774,8.02957,0,1139,0,0,0,0,0,0,0,0,0, 0,0,0,0,0,12,0,0,0,0
42320,5,83,-53.4,84,32,-10.1155,7.51243,0,1139,0,0,0,0,0,0,0,0,0, 0,0,0,0,0,12,0,0,0,0
42320,6,137,-56.5,60,32,-7.50497,4.96743,0,1139,0,0,0,0,0,0,0,0,0, 0,0,0,0,0,12,0,0,0,0
42360,0,244,-57.4,64,32,-8.08754,5.1722,0,86,0,0,0,0,0,0,0,0,0, 0,0,0,0,0,13,0,0,0,0
42360,1,287,-56.5,68,32,-8.50564,5.62976,0,86,0,0,0,0,0,0,0,0,0, 0,0,0,0,0,13,0,0,0,0
42360,2,41,69.6,8,33,1.12474,0.418287,0,86,0,0,0,0,0,0,0,0,0, 0,0,0,0,0,13,0,0,0,0
42360,3,238,-56.5,72,32,-9.00597,5.96092,0,86,0,0,0,0,0,0,0,0,0, 0,0,0,0,0,13,0,0,0,0
42360,4,151,-54.4,76,32,-9.26935,6.6362,0,86,0,0,0,0,0,0,0,0,0, 0,0,0,0,0,13,0,0,0,0
42360,5,101,-48,80,32,-8.91774,8.02957,0,86,0,0,0,0,0,0,0,0,0, 0,0,0,0,0,13,0,0,0,0
42360,6,23,-0.6,152,32.25,-0.238757,22.7987,0,86,0,0,0,0,0,0,0,0,0, 0,0,0,0,0,13,0,0,0,0
42360,7,138,-55.4,60,32,-7.40823,5.11059,0,86,0,0,0,0,0,0,0,0,0, 0,0,0,0,0,13,0,0,0,0
42400,0,245,-56.5,64,32,-8.0053,5.2986,0,0,0,0,0,0,0,0,0,0,0, 0,0,0,0,0,14,0,0,0,0
42400,1,291,-56.5,68,32,-8.50564,5.62976,0,0,0,0,0,0,0,0,0,0,0, 0,0,0,0,0,14,0,0,0,0
42400,2,241,-56.5,72,32,-9.00597,5.96092,0,0,0,0,0,0,0,0,0,0,0, 0,0,0,0,0,14,0,0,0,0
42400,3,153,-54.4,76,32,-9.26935,6.6362,0,0,0,0,0,0,0,0,0,0,0, 0,0,0,0,0,14,0,0,0,0
42400,4,102,-49.8,80,32,-9.16555,7.74549,0,0,0,0,0,0,0,0,0,0,0, 0,0,0,0,0,14,0,0,0,0
42400,5,139,-56.5,60,32,-7.50497,4.96743,0,0,0,0,0,0,0,0,0,0,0, 0,0,0,0,0,14,0,0,0,0
42400,6,17,6.6,156,30.75,2.68953,23.2449,0,0,0,0,0,0,0,0,0,0,0, 0,0,0,0,0,14,0,0,0,0
42400,7,19,5.4,156,32.25,2.20213,23.2962,0,0,0,0,0,0,0,0,0,0,0, 0,0,0,0,0,14,0,0,0,0
42440,0,247,-56.5,64,32,-8.0053,5.2986,0,0,0,0,0,0,0,0,0,0,0, 0,0,0,0,0,15,0,0,0,0
42440,1,290,-56.5,68,32,-8.50564,5.62976,0,0,0,0,0,0,0,0,0,0,0, 0,0,0,0,0,15,0,0,0,0
42440,2,39,66.6,8,33,1.10131,0.476577,0,0,0,0,0,0,0,0,0,0,0, 0,0,0,0,0,15,0,0,0,0
42440,3,241,-55.4,72,32,-8.88987,6.13271,0,0,0,0,0,0,0,0,0,0,0, 0,0,0,0,0,15,0,0,0,0
42440,4,157,-53.4,76,32,-9.15212,6.79696,0,0,0,0,0,0,0,0,0,0,0, 0,0,0,0,0,15,0,0,0,0
42440,5,107,-46.7,80,32,-8.73327,8.22982,0,0,0,0,0,0,0,0,0,0,0, 0,0,0,0,0,15,0,0,0,0
42440,6,24,1.3,112,31.75,0.381147,16.7957,0,0,0,0,0,0,0,0,0,0,0, 0,0,0,0,0,15,0,0,0,0
42440,7,141,-55.4,60,32,-7.40823,5.11059,0,0,0,0,0,0,0,0,0,0,0, 0,0,0,0,0,15,0,0,0,0
42480,0,247,-56.5,64,32,-8.0053,5.2986,0,0,0,0,0,0,0,0,0,0,0, 0,0,0,0,0,0,0,0,0,0
42480,1,291,-56.5,68,32,-8.50564,5.62976,0,0,0,0,0,0,0,0,0,0,0, 0,0,0,0,0,0,0,0,0,0
42480,2,46,64.6,8,33,1.084,0.514722,0,0,0,0,0,0,0,0,0,0,0, 0,0,0,0,0,0,0,0,0,0
42480,3,239,-56.5,72,32,-9.00597,5.96092,0,0,0,0,0,0,0,0,0,0,0, 0,0,0,0,0,0,0,0,0,0
42480,4,152,-53.4,76,32,-9.15212,6.79696,0,0,0,0,0,0,0,0,0,0,0, 0,0,0,0,0,0,0,0,0,0
42480,5,106,-45.9,80,32,-8.61752,8.35095,0,0,0,0,0,0,0,0,0,0,0, 0,0,0,0,0,0,0,0,0,0
42480,6,83,-46.7,84,32,-9.16994,8.64131,0,0,0,0,0,0,0,0,0,0,0, 0,0,0,0,0,0,0,0,0,0
42480,7,138,-56.5,60,32,-7.50497,4.96743,0,0,0,0,0,0,0,0,0,0,0, 0,0,0,0,0,0,0,0,0,0
42520,0,245,-56.5,64,32,-8.0053,5.2986,0,0,0,0,0,0,0,0,0,0,0, 0,0,0,0,0,1,0,0,0,0
42520,1,288,-56.5,68,32,-8.50564,5.62976,0,0,0,0,0,0,0,0,0,0,0, 0,0,0,0,0,1,0,0,0,0
42520,2,239,-56.5,72,32,-9.00597,5.96092,0,0,0,0,0,0,0,0,0,0,0, 0,0,0,0,0,1,0,0,0,0
42520,3,153,-53.4,76,32,-9.15212,6.79696,0,0,0,0,0,0,0,0,0,0,0, 0,0,0,0,0,1,0,0,0,0
42520,4,112,-45,80,32,-8.48528,8.48528,0,0,0,0,0,0,0,0,0,0,0, 0,0,0,0,0,1,0,0,0,0
42520,5,87,-45.9,84,32,-9.04839,8.7685,0,0,0,0,0,0,0,0,0,0,0, 0,0,0,0,0,1,0,0,0,0
42520,6,138,-56.5,60,32,-7.50497,4.96743,0,0,0,0,0,0,0,0,0,0,0, 0,0,0,0,0,1,0,0,0,0
42560,0,244,-57.4,64,32,-8.08754,5.1722,0,0,0,0,0,0,0,0,0,0,0, 0,0,0,0,0,2,0,0,0,0
42560,1,289,-56.5,68,32,-8.50564,5.62976,0,0,0,0,0,0,0,0,0,0,0, 0,0,0,0,0,2,0,0,0,0
42560,2,239,-56.5,72,32,-9.00597,5.96092,0,0,0,0,0,0,0,0,0,0,0, 0,0,0,0,0,2,0,0,0,0
42560,3,151,-54.4,76,32,-9.26935,6.6362,0,0,0,0,0,0,0,0,0,0,0, 0,0,0,0,0,2,0,0,0,0
42560,4,29,-0.6,140,30.75,-0.219907,20.9988,0,0,0,0,0,0,0,0,0,0,0, 0,0,0,0,0,2,0,0,0,0
42560,5,106,-45.9,80,32,-8.61752,8.35095,0,0,0,0,0,0,0,0,0,0,0, 0,0,0,0,0,2,0,0,0,0
42560,6,83,-45.9,84,32,-9.04839,8.7685,0,0,0,0,0,0,0,0,0,0,0, 0,0,0,0,0,2,0,0,0,0
42560,7,139,-57.4,60,32,-7.58207,4.84894,0,0,0,0,0,0,0,0,0,0,0, 0,0,0,0,0,2,0,0,0,0
42600,0,246,-57.4,64,32,-8.08754,5.1722,0,0,0,0,0,0,0,0,0,0,0, 0,0,0,0,0,3,0,0,0,0
42600,1,289,-57.4,68,32,-8.59301,5.49546,0,0,0,0,0,0,0,0,0,0,0, 0,0,0,0,0,3,0,0,0,0
42600,2,239,-57.4,72,32,-9.09849,5.81872,0,0,0,0,0,0,0,0,0,0,0, 0,0,0,0,0,3,0,0,0,0
42600,3,152,-54.4,76,32,-9.26935,6.6362,0,0,0,0,0,0,0,0,0,0,0, 0,0,0,0,0,3,0,0,0,0
42600,4,107,-45.9,80,32,-8.61752,8.35095,0,0,0,0,0,0,0,0,0,0,0, 0,0,0,0,0,3,0,0,0,0
42600,5,85,-45,84,32,-8.90955,8.90955,0,0,0,0,0,0,0,0,0,0,0, 0,0,0,0,0,3,0,0,0,0
42600,6,28,0.6,148,30.75,0.232474,22.1988,0,0,0,0,0,0,0,0,0,0,0, 0,0,0,0,0,3,0,0,0,0
42600,7,29,0.1,148,31,0.0387463,22.2,0,0,0,0,0,0,0,0,0,0,0, 0,0,0,0,0,3,0,0,0,0
42600,8,138,-57.4,60,32,-7.58207,4.84894,0,0,0,0,0,0,0,0,0,0,0, 0,0,0,0,0,3,0,0,0,0
42640,0,245,-56.5,64,32,-8.0053,5.2986,0,0,0,0,0,0,0,0,0,0,0, 0,0,0,0,0,4,0,0,0,0
42640,1,287,-56.5,68,32,-8.50564,5.62976,0,0,0,0,0,0,0,0,0,0,0, 0,0,0,0,0,4,0,0,0,0
42640,2,241,-56.5,72,32,-9.00597,5.96092,0,0,0,0,0,0,0,0,0,0,0, 0,0,0,0,0,4,0,0,0,0
42640,3,156,-54.4,76,32,-9.26935,6.6362,0,0,0,0,0,0,0,0,0,0,0, 0,0,0,0,0,4,0,0,0,0
42640,4,108,-46.7,80,32,-8.73327,8.22982,0,0,0,0,0,0,0,0,0,0,0, 0,0,0,0,0,4,0,0,0,0
42640,5,34,6.1,144,30.75,2.2953,21.4777,0,0,0,0,0,0,0,0,0,0,0, 0,0,0,0,0,4,0,0,0,0
42640,6,84,-46.7,84,32,-9.16994,8.64131,0,0,0,0,0,0,0,0,0,0,0, 0,0,0,0,0,4,0,0,0,0
42640,7,138,-56.5,60,32,-7.50497,4.96743,0,0,0,0,0,0,0,0,0,0,0, 0,0,0,0,0,4,0,0,0,0
42680,0,244,-57.4,64,32,-8.08754,5.1722,0,0,0,0,0,0,0,0,0,0,0, 0,0,0,0,0,5,0,0,0,0
42680,1,287,-57.4,68,32,-8.59301,5.49546,0,0,0,0,0,0,0,0,0,0,0, 0,0,0,0,0,5,0,0,0,0
42680,2,239,-56.5,72,32,-9.00597,5.96092,0,0,0,0,0,0,0,0,0,0,0, 0,0,0,0,0,5,0,0,0,0
42680,3,153,-53.4,76,32,-9.15212,6.79696,0,0,0,0,0,0,0,0,0,0,0, 0,0,0,0,0,5,0,0,0,0
42680,4,104,-46.7,80,32,-8.73327,8.22982,0,0,0,0,0,0,0,0,0,0,0, 0,0,0,0,0,5,0,0,0,0
42680,5,39,5.4,144,30.75,2.03274,21.5041,0,0,0,0,0,0,0,0,0,0,0, 0,0,0,0,0,5,0,0,0,0
42680,6,20,6.1,152,30.75,2.42282,22.6709,0,0,0,0,0,0,0,0,0,0,0, 0,0,0,0,0,5,0,0,0,0
42680,7,139,-58.4,60,32,-7.66554,4.71587,0,0,0,0,0,0,0,0,0,0,0, 0,0,0,0,0,5,0,0,0,0
42720,0,244,-57.4,64,32,-8.08754,5.1722,0,0,0,0,0,0,0,0,0,0,0, 0,0,0,0,0,6,0,0,0,0
42720,1,287,-57.4,68,32,-8.59301,5.49546,0,0,0,0,0,0,0,0,0,0,0, 0,0,0,0,0,6,0,0,0,0
42720,2,29,-6.6,132,31.5,-2.27576,19.6688,0,0,0,0,0,0,0,0,0,0,0, 0,0,0,0,0,6,0,0,0,0
42720,3,241,-56.5,72,32,-9.00597,5.96092,0,0,0,0,0,0,0,0,0,0,0, 0,0,0,0,0,6,0,0,0,0
42720,4,156,-53.4,76,32,-9.15212,6.79696,0,0,0,0,0,0,0,0,0,0,0, 0,0,0,0,0,6,0,0,0,0
42720,5,26,7.2,140,30.5,2.632,20.8344,0,0,0,0,0,0,0,0,0,0,0, 0,0,0,0,0,6,0,0,0,0
42720,6,107,-46.7,80,32,-8.73327,8.22982,0,0,0,0,0,0,0,0,0,0,0, 0,0,0,0,0,6,0,0,0,0
42720,7,81,-51.6,84,32,-9.87454,7.82646,0,0,0,0,0,0,0,0,0,0,0, 0,0,0,0,0,6,0,0,0,0
42720,8,137,-58.4,60,32,-7.66554,4.71587,0,0,0,0,0,0,0,0,0,0,0, 0,0,0,0,0,6,0,0,0,0
42760,0,244,-57.4,64,32,-8.08754,5.1722,0,0,0,0,0,0,0,0,0,0,0, 0,0,0,0,0,7,0,0,0,0
42760,1,289,-56.5,68,32,-8.50564,5.62976,0,0,0,0,0,0,0,0,0,0,0, 0,0,0,0,0,7,0,0,0,0
42760,2,239,-56.5,72,32,-9.00597,5.96092,0,0,0,0,0,0,0,0,0,0,0, 0,0,0,0,0,7,0,0,0,0
42760,3,151,-54.4,76,32,-9.26935,6.6362,0,0,0,0,0,0,0,0,0,0,0, 0,0,0,0,0,7,0,0,0,0
42760,4,103,-46.7,80,32,-8.73327,8.22982,0,0,0,0,0,0,0,0,0,0,0, 0,0,0,0,0,7,0,0,0,0
42760,5,138,-58.4,60,32,-7.66554,4.71587,0,0,0,0,0,0,0,0,0,0,0, 0,0,0,0,0,7,0,0,0,0
42800,0,244,-57.4,64,32,-8.08754,5.1722,0,0,0,0,0,0,0,0,0,0,0, 0,0,0,0,0,8,0,0,0,0
42800,1,286,-56.5,68,32,-8.50564,5.62976,0,0,0,0,0,0,0,0,0,0,0, 0,0,0,0,0,8,0,0,0,0
42800,2,240,-55.4,72,32,-8.88987,6.13271,0,0,0,0,0,0,0,0,0,0,0, 0,0,0,0,0,8,0,0,0,0
42800,3,156,-53.4,76,32,-9.15212,6.79696,0,0,0,0,0,0,0,0,0,0,0, 0,0,0,0,0,8,0,0,0,0
42800,4,108,-48,80,32,-8.91774,8.02957,0,0,0,0,0,0,0,0,0,0,0, 0,0,0,0,0,8,0,0,0,0
42800,5,82,-49.8,84,32,-9.62383,8.13277,0,0,0,0,0,0,0,0,0,0,0, 0,0,0,0,0,8,0,0,0,0
42800,6,139,-57.4,60,32,-7.58207,4.84894,0,0,0,0,0,0,0,0,0,0,0, 0,0,0,0,0,8,0,0,0,0
42840,0,245,-57.4,64,32,-8.08754,5.1722,0,1334,0,0,0,0,0,0,0,0,0, 0,0,0,0,0,9,0,0,0,0
42840,1,289,-56.5,68,32,-8.50564,5.62976,0,1334,0,0,0,0,0,0,0,0,0, 0,0,0,0,0,9,0,0,0,0
42840,2,241,-55.4,72,32,-8.88987,6.13271,0,1334,0,0,0,0,0,0,0,0,0, 0,0,0,0,0,9,0,0,0,0
42840,3,154,-53.4,76,32,-9.15212,6.79696,0,1334,0,0,0,0,0,0,0,0,0, 0,0,0,0,0,9,0,0,0,0
42840,4,104,-49.8,80,32,-9.16555,7.74549,0,1334,0,0,0,0,0,0,0,0,0, 0,0,0,0,0,9,0,0,0,0
42840,5,17,4.8,152,31.75,1.90785,22.72,0,1334,0,0,0,0,0,0,0,0,0, 0,0,0,0,0,9,0,0,0,0
42840,6,17,4.2,152,32.5,1.66983,22.7388,0,1334,0,0,0,0,0,0,0,0,0, 0,0,0,0,0,9,0,0,0,0
42840,7,140,-56.5,60,32,-7.50497,4.96743,0,1334,0,0,0,0,0,0,0,0,0, 0,0,0,0,0,9,0,0,0,0
42880,0,247,-56.5,64,32,-8.0053,5.2986,0,0,0,0,0,0,0,0,0,0,0, 0,0,0,0,0,10,0,0,0,0
42880,1,291,-56.5,68,32,-8.50564,5.62976,0,0,0,0,0,0,0,0,0,0,0, 0,0,0,0,0,10,0,0,0,0
42880,2,35,67.6,8,33,1.10946,0.457284,0,0,0,0,0,0,0,0,0,0,0, 0,0,0,0,0,10,0,0,0,0
42880,3,241,-55.4,72,32,-8.88987,6.13271,0,0,0,0,0,0,0,0,0,0,0, 0,0,0,0,0,10,0,0,0,0
42880,4,152,-54.4,76,32,-9.26935,6.6362,0,0,0,0,0,0,0,0,0,0,0, 0,0,0,0,0,10,0,0,0,0
42880,5,103,-51.6,80,32,-9.40432,7.45377,0,0,0,0,0,0,0,0,0,0,0, 0,0,0,0,0,10,0,0,0,0
42880,6,137,-57.4,60,32,-7.58207,4.84894,0,0,0,0,0,0,0,0,0,0,0, 0,0,0,0,0,10,0,0,0,0
42920,0,244,-56.5,64,32,-8.0053,5.2986,0,7936,0,0,0,0,0,0,0,0,0, 0,0,0,0,0,11,0,0,0,0
42920,1,289,-56.5,68,32,-8.50564,5.62976,0,7936,0,0,0,0,0,0,0,0,0, 0,0,0,0,0,11,0,0,0,0
42920,2,242,-55.4,72,32,-8.88987,6.13271,0,7936,0,0,0,0,0,0,0,0,0, 0,0,0,0,0,11,0,0,0,0
42920,3,158,-53.4,76,32,-9.15212,6.79696,0,7936,0,0,0,0,0,0,0,0,0, 0,0,0,0,0,11,0,0,0,0
42920,4,108,-51.6,80,32,-9.40432,7.45377,0,7936,0,0,0,0,0,0,0,0,0, 0,0,0,0,0,11,0,0,0,0
42920,5,138,-55.4,60,32,-7.40823,5.11059,0,7936,0,0,0,0,0,0,0,0,0, 0,0,0,0,0,11,0,0,0,0
42960,0,246,-56.5,64,32,-8.0053,5.2986,0,1139,0,0,0,0,0,0,0,0,0, 0,0,0,0,0,12,0,0,0,0
42960,1,290,-56.5,68,32,-8.50564,5.62976,0,1139,0,0,0,0,0,0,0,0,0, 0,0,0,0,0,12,0,0,0,0
42960,2,45,66.6,8,33,1.10131,0.476577,0,1139,0,0,0,0,0,0,0,0,0, 0,0,0,0,0,12,0,0,0,0
42960,3,240,-56.5,72,32,-9.00597,5.96092,0,1139,0,0,0,0,0,0,0,0,0, 0,0,0,0,0,12,0,0,0,0
42960,4,151,-54.4,76,32,-9.26935,6.6362,0,1139,0,0,0,0,0,0,0,0,0, 0,0,0,0,0,12,0,0,0,0
42960,5,101,-51.6,80,32,-9.40432,7.45377,0,1139,0,0,0,0,0,0,0,0,0, 0,0,0,0,0,12,0,0,0,0
42960,6,139,-56.5,60,32,-7.50497,4.96743,0,1139,0,0,0,0,0,0,0,0,0, 0,0,0,0,0,12,0,0,0,0
43000,0,245,-56.5,64,32,-8.0053,5.2986,0,86,0,0,0,0,0,0,0,0,0, 0,0,0,0,0,13,0,0,0,0
43000,1,289,-56.5,68,32,-8.50564,5.62976,0,86,0,0,0,0,0,0,0,0,0, 0,0,0,0,0,13,0,0,0,0
43000,2,44,69.6,8,33,1.12474,0.418287,0,86,0,0,0,0,0,0,0,0,0, 0,0,0,0,0,13,0,0,0,0
43000,3,241,-55.4,72,32,-8.88987,6.13271,0,86,0,0,0,0,0,0,0,0,0, 0,0,0,0,0,13,0,0,0,0
43000,4,155,-53.4,76,32,-9.15212,6.79696,0,86,0,0,0,0,0,0,0,0,0, 0,0,0,0,0,13,0,0,0,0
43000,5,103,-53.4,80,32,-9.63381,7.1547,0,86,0,0,0,0,0,0,0,0,0, 0,0,0,0,0,13,0,0,0,0
43000,6,18,-1.2,116,31.75,-0.364398,17.3962,0,86,0,0,0,0,0,0,0,0,0, 0,0,0,0,0,13,0,0,0,0
43000,7,140,-55.4,60,32,-7.40823,5.11059,0,86,0,0,0,0,0,0,0,0,0, 0,0,0,0,0,13,0,0,0,0
43040,0,247,-56.5,64,32,-8.0053,5.2986,0,0,0,0,0,0,0,0,0,0,0, 0,0,0,0,0,14,0,0,0,0
43040,1,292,-55.4,68,32,-8.39599,5.79201,0,0,0,0,0,0,0,0,0,0,0, 0,0,0,0,0,14,0,0,0,0
43040,2,241,-55.4,72,32,-8.88987,6.13271,0,0,0,0,0,0,0,0,0,0,0, 0,0,0,0,0,14,0,0,0,0
43040,3,153,-53.4,76,32,-9.15212,6.79696,0,0,0,0,0,0,0,0,0,0,0, 0,0,0,0,0,14,0,0,0,0
43040,4,100,-53.4,80,32,-9.63381,7.1547,0,0,0,0,0,0,0,0,0,0,0, 0,0,0,0,0,14,0,0,0,0
43040,5,56,2.4,144,31.25,0.904514,21.5811,0,0,0,0,0,0,0,0,0,0,0, 0,0,0,0,0,14,0,0,0,0
43040,6,139,-56.5,60,32,-7.50497,4.96743,0,0,0,0,0,0,0,0,0,0,0, 0,0,0,0,0,14,0,0,0,0
43080,0,247,-56.5,64,32,-8.0053,5.2986,0,0,0,0,0,0,0,0,0,0,0, 0,0,0,0,0,15,0,0,0,0
43080,1,291,-55.4,68,32,-8.39599,5.79201,0,0,0,0,0,0,0,0,0,0,0, 0,0,0,0,0,15,0,0,0,0
43080,2,243,-55.4,72,32,-8.88987,6.13271,0,0,0,0,0,0,0,0,0,0,0, 0,0,0,0,0,15,0,0,0,0
43080,3,156,-53.4,76,32,-9.15212,6.79696,0,0,0,0,0,0,0,0,0,0,0, 0,0,0,0,0,15,0,0,0,0
43080,4,105,-53.4,80,32,-9.63381,7.1547,0,0,0,0,0,0,0,0,0,0,0, 0,0,0,0,0,15,0,0,0,0
43080,5,142,-54.4,60,32,-7.31791,5.23911,0,0,0,0,0,0,0,0,0,0,0, 0,0,0,0,0,15,0,0,0,0
43120,0,248,-55.4,64,32,-7.90211,5.4513,0,0,0,0,0,0,0,0,0,0,0, 0,0,0,0,0,0,0,0,0,0
43120,1,291,-55.4,68,32,-8.39599,5.79201,0,0,0,0,0,0,0,0,0,0,0, 0,0,0,0,0,0,0,0,0,0
43120,2,243,-55.4,72,32,-8.88987,6.13271,0,0,0,0,0,0,0,0,0,0,0, 0,0,0,0,0,0,0,0,0,0
43120,3,156,-53.4,76,32,-9.15212,6.79696,0,0,0,0,0,0,0,0,0,0,0, 0,0,0,0,0,0,0,0,0,0
43120,4,106,-49.8,80,32,-9.16555,7.74549,0,0,0,0,0,0,0,0,0,0,0, 0,0,0,0,0,0,0,0,0,0
43120,5,140,-55.4,60,32,-7.40823,5.11059,0,0,0,0,0,0,0,0,0,0,0, 0,0,0,0,0,0,0,0,0,0
43120,6,24,-3,156,31.5,-1.22466,23.3679,0,0,0,0,0,0,0,0,0,0,0, 0,0,0,0,0,0,0,0,0,0
43120,7,14,-3.6,156,32.25,-1.4693,23.3538,0,0,0,0,0,0,0,0,0,0,0, 0,0,0,0,0,0,0,0,0,0
43160,0,246,-56.5,64,32,-8.0053,5.2986,0,0,0,0,0,0,0,0,0,0,0, 0,0,0,0,0,1,0,0,0,0
43160,1,291,-56.5,68,32,-8.50564,5.62976,0,0,0,0,0,0,0,0,0,0,0, 0,0,0,0,0,1,0,0,0,0
43160,2,241,-55.4,72,32,-8.88987,6.13271,0,0,0,0,0,0,0,0,0,0,0, 0,0,0,0,0,1,0,0,0,0
43160,3,154,-53.4,76,32,-9.15212,6.79696,0,0,0,0,0,0,0,0,0,0,0, 0,0,0,0,0,1,0,0,0,0
43160,4,107,-46.7,80,32,-8.73327,8.22982,0,0,0,0,0,0,0,0,0,0,0, 0,0,0,0,0,1,0,0,0,0
43160,5,84,-49.8,84,32,-9.62383,8.13277,0,0,0,0,0,0,0,0,0,0,0, 0,0,0,0,0,1,0,0,0,0
43160,6,138,-55.4,60,32,-7.40823,5.11059,0,0,0,0,0,0,0,0,0,0,0, 0,0,0,0,0,1,0,0,0,0
43200,0,245,-55.4,64,32,-7.90211,5.4513,0,0,0,0,0,0,0,0,0,0,0, 0,0,0,0,0,2,0,0,0,0
43200,1,289,-55.4,68,32,-8.39599,5.79201,0,0,0,0,0,0,0,0,0,0,0, 0,0,0,0,0,2,0,0,0,0
43200,2,241,-54.4,72,32,-8.78149,6.28693,0,0,0,0,0,0,0,0,0,0,0, 0,0,0,0,0,2,0,0,0,0
43200,3,157,-51.6,76,32,-8.93411,7.08108,0,0,0,0,0,0,0,0,0,0,0, 0,0,0,0,0,2,0,0,0,0
43200,4,111,-48,80,32,-8.91774,8.02957,0,0,0,0,0,0,0,0,0,0,0, 0,0,0,0,0,2,0,0,0,0
43200,5,85,-51.6,84,32,-9.87454,7.82646,0,0,0,0,0,0,0,0,0,0,0, 0,0,0,0,0,2,0,0,0,0
43200,6,28,5.4,152,31,2.14567,22.6988,0,0,0,0,0,0,0,0,0,0,0, 0,0,0,0,0,2,0,0,0,0
43200,7,139,-54.4,60,32,-7.31791,5.23911,0,0,0,0,0,0,0,0,0,0,0, 0,0,0,0,0,2,0,0,0,0
43240,0,246,-55.4,64,32,-7.90211,5.4513,0,0,0,0,0,0,0,0,0,0,0, 0,0,0,0,0,3,0,0,0,0
43240,1,293,-55.4,68,32,-8.39599,5.79201,0,0,0,0,0,0,0,0,0,0,0, 0,0,0,0,0,3,0,0,0,0
43240,2,243,-54.4,72,32,-8.78149,6.28693,0,0,0,0,0,0,0,0,0,0,0, 0,0,0,0,0,3,0,0,0,0
43240,3,153,-51.6,76,32,-8.93411,7.08108,0,0,0,0,0,0,0,0,0,0,0, 0,0,0,0,0,3,0,0,0,0
43240,4,105,-46.7,80,32,-8.73327,8.22982,0,0,0,0,0,0,0,0,0,0,0, 0,0,0,0,0,3,0,0,0,0
43240,5,39,1.8,144,32.25,0.678472,21.5893,0,0,0,0,0,0,0,0,0,0,0, 0,0,0,0,0,3,0,0,0,0
43240,6,85,-48,84,32,-9.36363,8.43105,0,0,0,0,0,0,0,0,0,0,0, 0,0,0,0,0,3,0,0,0,0
43240,7,139,-55.4,60,32,-7.40823,5.11059,0,0,0,0,0,0,0,0,0,0,0, 0,0,0,0,0,3,0,0,0,0
43280,0,246,-56.5,64,32,-8.0053,5.2986,0,0,0,0,0,0,0,0,0,0,0, 0,0,0,0,0,4,0,0,0,0
43280,1,16,8.8,448,5.75,10.2806,66.4089,0,0,0,0,0,0,0,0,0,0,0, 0,0,0,0,0,4,0,0,0,0
43280,2,289,-55.4,68,32,-8.39599,5.79201,0,0,0,0,0,0,0,0,0,0,0, 0,0,0,0,0,4,0,0,0,0
43280,3,242,-55.4,72,32,-8.88987,6.13271,0,0,0,0,0,0,0,0,0,0,0, 0,0,0,0,0,4,0,0,0,0
43280,4,155,-53.4,76,32,-9.15212,6.79696,0,0,0,0,0,0,0,0,0,0,0, 0,0,0,0,0,4,0,0,0,0
43280,5,105,-49.8,80,32,-9.16555,7.74549,0,0,0,0,0,0,0,0,0,0,0, 0,0,0,0,0,4,0,0,0,0
43280,6,84,-49.8,84,32,-9.62383,8.13277,0,0,0,0,0,0,0,0,0,0,0, 0,0,0,0,0,4,0,0,0,0
43280,7,139,-55.4,60,32,-7.40823,5.11059,0,0,0,0,0,0,0,0,0,0,0, 0,0,0,0,0,4,0,0,0,0
43320,0,246,-56.5,64,32,-8.0053,5.2986,0,0,0,0,0,0,0,0,0,0,0, 0,0,0,0,0,5,0,0,0,0
43320,1,290,-56.5,68,32,-8.50564,5.62976,0,0,0,0,0,0,0,0,0,0,0, 0,0,0,0,0,5,0,0,0,0
43320,2,239,-55.4,72,32,-8.88987,6.13271,0,0,0,0,0,0,0,0,0,0,0, 0,0,0,0,0,5,0,0,0,0
43320,3,151,-53.4,76,32,-9.15212,6.79696,0,0,0,0,0,0,0,0,0,0,0, 0,0,0,0,0,5,0,0,0,0
43320,4,37,-3,140,31.5,-1.09906,20.9712,0,0,0,0,0,0,0,0,0,0,0, 0,0,0,0,0,5,0,0,0,0
43320,5,102,-51.6,80,32,-9.40432,7.45377,0,0,0,0,0,0,0,0,0,0,0, 0,0,0,0,0,5,0,0,0,0
43320,6,83,-48,84,32,-9.36363,8.43105,0,0,0,0,0,0,0,0,0,0,0, 0,0,0,0,0,5,0,0,0,0
43320,7,138,-57.4,60,32,-7.58207,4.84894,0,0,0,0,0,0,0,0,0,0,0, 0,0,0,0,0,5,0,0,0,0
43320,8,14,-75,476,26,-68.9671,18.4797,0,0,0,0,0,0,0,0,0,0,0, 0,0,0,0,0,5,0,0,0,0
43360,0,245,-56.5,64,32,-8.0053,5.2986,0,0,0,0,0,0,0,0,0,0,0, 0,0,0,0,0,6,0,0,0,0
43360,1,289,-56.5,68,32,-8.50564,5.62976,0,0,0,0,0,0,0,0,0,0,0, 0,0,0,0,0,6,0,0,0,0
43360,2,241,-55.4,72,32,-8.88987,6.13271,0,0,0,0,0,0,0,0,0,0,0, 0,0,0,0,0,6,0,0,0,0
43360,3,155,-54.4,76,32,-9.26935,6.6362,0,0,0,0,0,0,0,0,0,0,0, 0,0,0,0,0,6,0,0,0,0
43360,4,107,-51.6,80,32,-9.40432,7.45377,0,0,0,0,0,0,0,0,0,0,0, 0,0,0,0,0,6,0,0,0,0
43360,5,89,-49.8,84,32,-9.62383,8.13277,0,0,0,0,0,0,0,0,0,0,0, 0,0,0,0,0,6,0,0,0,0
43360,6,23,0.1,152,30.75,0.0397935,22.8,0,0,0,0,0,0,0,0,0,0,0, 0,0,0,0,0,6,0,0,0,0
43360,7,23,0.6,152,31,0.238757,22.7987,0,0,0,0,0,0,0,0,0,0,0, 0,0,0,0,0,6,0,0,0,0
43360,8,138,-55.4,60,32,-7.40823,5.11059,0,0,0,0,0,0,0,0,0,0,0, 0,0,0,0,0,6,0,0,0,0
43400,0,246,-55.4,64,32,-7.90211,5.4513,0,0,0,0,0,0,0,0,0,0,0, 0,0,0,0,0,7,0,0,0,0
43400,1,290,-55.4,68,32,-8.39599,5.79201,0,0,0,0,0,0,0,0,0,0,0, 0,0,0,0,0,7,0,0,0,0
43400,2,242,-55.4,72,32,-8.88987,6.13271,0,0,0,0,0,0,0,0,0,0,0, 0,0,0,0,0,7,0,0,0,0
43400,3,153,-54.4,76,32,-9.26935,6.6362,0,0,0,0,0,0,0,0,0,0,0, 0,0,0,0,0,7,0,0,0,0
43400,4,102,-51.6,80,32,-9.40432,7.45377,0,0,0,0,0,0,0,0,0,0,0, 0,0,0,0,0,7,0,0,0,0
43400,5,84,-46.7,84,32,-9.16994,8.64131,0,0,0,0,0,0,0,0,0,0,0, 0,0,0,0,0,7,0,0,0,0
43400,6,31,4.8,148,30.75,1.85765,22.1221,0,0,0,0,0,0,0,0,0,0,0, 0,0,0,0,0,7,0,0,0,0
43400,7,138,-56.5,60,32,-7.50497,4.96743,0,0,0,0,0,0,0,0,0,0,0, 0,0,0,0,0,7,0,0,0,0
43440,0,245,-56.5,64,32,-8.0053,5.2986,0,0,0,0,0,0,0,0,0,0,0, 0,0,0,0,0,8,0,0,0,0
43440,1,287,-56.5,68,32,-8.50564,5.62976,0,0,0,0,0,0,0,0,0,0,0, 0,0,0,0,0,8,0,0,0,0
43440,2,239,-56.5,72,32,-9.00597,5.96092,0,0,0,0,0,0,0,0,0,0,0, 0,0,0,0,0,8,0,0,0,0
43440,3,23,-3.6,136,31.75,-1.28093,20.3597,0,0,0,0,0,0,0,0,0,0,0, 0,0,0,0,0,8,0,0,0,0
43440,4,152,-54.4,76,32,-9.26935,6.6362,0,0,0,0,0,0,0,0,0,0,0, 0,0,0,0,0,8,0,0,0,0
43440,5,35,1.8,140,30.75,0.659626,20.9896,0,0,0,0,0,0,0,0,0,0,0, 0,0,0,0,0,8,0,0,0,0
43440,6,104,-49.8,80,32,-9.16555,7.74549,0,0,0,0,0,0,0,0,0,0,0, 0,0,0,0,0,8,0,0,0,0
43440,7,23,-1.2,144,30.75,-0.452356,21.5953,0,0,0,0,0,0,0,0,0,0,0, 0,0,0,0,0,8,0,0,0,0
43440,8,83,-49.8,84,32,-9.62383,8.13277,0,0,0,0,0,0,0,0,0,0,0, 0,0,0,0,0,8,0,0,0,0
43440,9,46,3.1,148,30.75,1.20055,22.1675,0,0,0,0,0,0,0,0,0,0,0, 0,0,0,0,0,8,0,0,0,0
43440,10,33,3.6,152,30.75,1.43162,22.755,0,0,0,0,0,0,0,0,0,0,0, 0,0,0,0,0,8,0,0,0,0
43440,11,35,3.1,152,31.25,1.233,22.7666,0,0,0,0,0,0,0,0,0,0,0, 0,0,0,0,0,8,0,0,0,0
43440,12,138,-56.5,60,32,-7.50497,4.96743,0,0,0,0,0,0,0,0,0,0,0, 0,0,0,0,0,8,0,0,0,0
43440,13,19,4.2,156,32.25,1.71377,23.3372,0,0,0,0,0,0,0,0,0,0,0, 0,0,0,0,0,8,0,0,0,0
43480,0,243,-56.5,64,32,-8.0053,5.2986,0,1334,0,0,0,0,0,0,0,0,0, 0,0,0,0,0,9,0,0,0,0
43480,1,287,-56.5,68,32,-8.50564,5.62976,0,1334,0,0,0,0,0,0,0,0,0, 0,0,0,0,0,9,0,0,0,0
43480,2,240,-56.5,72,32,-9.00597,5.96092,0,1334,0,0,0,0,0,0,0,0,0, 0,0,0,0,0,9,0,0,0,0
43480,3,156,-54.4,76,32,-9.26935,6.6362,0,1334,0,0,0,0,0,0,0,0,0, 0,0,0,0,0,9,0,0,0,0
43480,4,108,-49.8,80,32,-9.16555,7.74549,0,1334,0,0,0,0,0,0,0,0,0, 0,0,0,0,0,9,0,0,0,0
43480,5,87,-51.6,84,32,-9.87454,7.82646,0,1334,0,0,0,0,0,0,0,0,0, 0,0,0,0,0,9,0,0,0,0
43480,6,29,3.1,152,31.25,1.233,22.7666,0,1334,0,0,0,0,0,0,0,0,0, 0,0,0,0,0,9,0,0,0,0
43480,7,25,4.8,152,32.25,1.90785,22.72,0,1334,0,0,0,0,0,0,0,0,0, 0,0,0,0,0,9,0,0,0,0
43480,8,138,-57.4,60,32,-7.58207,4.84894,0,1334,0,0,0,0,0,0,0,0,0, 0,0,0,0,0,9,0,0,0,0
43520,0,243,-56.5,64,32,-8.0053,5.2986,0,0,0,0,0,0,0,0,0,0,0, 0,0,0,0,0,10,0,0,0,0
43520,1,289,-56.5,68,32,-8.50564,5.62976,0,0,0,0,0,0,0,0,0,0,0, 0,0,0,0,0,10,0,0,0,0
43520,2,240,-55.4,72,32,-8.88987,6.13271,0,0,0,0,0,0,0,0,0,0,0, 0,0,0,0,0,10,0,0,0,0
43520,3,152,-54.4,76,32,-9.26935,6.6362,0,0,0,0,0,0,0,0,0,0,0, 0,0,0,0,0,10,0,0,0,0
43520,4,104,-49.8,80,32,-9.16555,7.74549,0,0,0,0,0,0,0,0,0,0,0, 0,0,0,0,0,10,0,0,0,0
43520,5,81,-49.8,84,32,-9.62383,8.13277,0,0,0,0,0,0,0,0,0,0,0, 0,0,0,0,0,10,0,0,0,0
43520,6,26,-1.8,152,32.5,-0.716165,22.7887,0,0,0,0,0,0,0,0,0,0,0, 0,0,0,0,0,10,0,0,0,0
43520,7,17,0.6,152,33,0.238757,22.7987,0,0,0,0,0,0,0,0,0,0,0, 0,0,0,0,0,10,0,0,0,0
43520,8,137,-58.4,60,32,-7.66554,4.71587,0,0,0,0,0,0,0,0,0,0,0, 0,0,0,0,0,10,0,0,0,0
43520,9,25,0.1,156,31.75,0.0408407,23.4,0,0,0,0,0,0,0,0,0,0,0, 0,0,0,0,0,10,0,0,0,0
43560,0,243,-57.4,64,32,-8.08754,5.1722,0,7936,0,0,0,0,0,0,0,0,0, 0,0,0,0,0,11,0,0,0,0
43560,1,286,-56.5,68,32,-8.50564,5.62976,0,7936,0,0,0,0,0,0,0,0,0, 0,0,0,0,0,11,0,0,0,0
43560,2,41,75.1,8,33,1.15965,0.308559,0,7936,0,0,0,0,0,0,0,0,0, 0,0,0,0,0,11,0,0,0,0
43560,3,241,-56.5,72,32,-9.00597,5.96092,0,7936,0,0,0,0,0,0,0,0,0, 0,0,0,0,0,11,0,0,0,0
43560,4,151,-54.4,76,32,-9.26935,6.6362,0,7936,0,0,0,0,0,0,0,0,0, 0,0,0,0,0,11,0,0,0,0
43560,5,105,-49.8,80,32,-9.16555,7.74549,0,7936,0,0,0,0,0,0,0,0,0, 0,0,0,0,0,11,0,0,0,0
43560,6,83,-51.6,84,32,-9.87454,7.82646,0,7936,0,0,0,0,0,0,0,0,0, 0,0,0,0,0,11,0,0,0,0
43560,7,137,-56.5,60,32,-7.50497,4.96743,0,7936,0,0,0,0,0,0,0,0,0, 0,0,0,0,0,11,0,0,0,0
43600,0,243,-57.4,64,32,-8.08754,5.1722,0,1139,0,0,0,0,0,0,0,0,0, 0,0,0,0,0,12,0,0,0,0
43600,1,288,-57.4,68,32,-8.59301,5.49546,0,1139,0,0,0,0,0,0,0,0,0, 0,0,0,0,0,12,0,0,0,0
43600,2,239,-56.5,72,32,-9.00597,5.96092,0,1139,0,0,0,0,0,0,0,0,0, 0,0,0,0,0,12,0,0,0,0
43600,3,147,-55.4,76,32,-9.38375,6.47342,0,1139,0,0,0,0,0,0,0,0,0, 0,0,0,0,0,12,0,0,0,0
43600,4,97,-51.6,80,32,-9.40432,7.45377,0,1139,0,0,0,0,0,0,0,0,0, 0,0,0,0,0,12,0,0,0,0
43600,5,138,-57.4,60,32,-7.58207,4.84894,0,1139,0,0,0,0,0,0,0,0,0, 0,0,0,0,0,12,0,0,0,0
43640,0,245,-58.4,64,32,-8.17658,5.03026,0,86,0,0,0,0,0,0,0,0,0, 0,0,0,0,0,13,0,0,0,0
43640,1,287,-57.4,68,32,-8.59301,5.49546,0,86,0,0,0,0,0,0,0,0,0, 0,0,0,0,0,13,0,0,0,0
43640,2,40,69.6,8,33,1.12474,0.418287,0,86,0,0,0,0,0,0,0,0,0, 0,0,0,0,0,13,0,0,0,0
43640,3,237,-57.4,72,32,-9.09849,5.81872,0,86,0,0,0,0,0,0,0,0,0, 0,0,0,0,0,13,0,0,0,0
43640,4,33,-2.4,136,32.25,-0.854263,20.3821,0,86,0,0,0,0,0,0,0,0,0, 0,0,0,0,0,13,0,0,0,0
43640,5,147,-55.4,76,32,-9.38375,6.47342,0,86,0,0,0,0,0,0,0,0,0, 0,0,0,0,0,13,0,0,0,0
43640,6,99,-49.8,80,32,-9.16555,7.74549,0,86,0,0,0,0,0,0,0,0,0, 0,0,0,0,0,13,0,0,0,0
43640,7,27,4.2,144,30.75,1.58195,21.542,0,86,0,0,0,0,0,0,0,0,0, 0,0,0,0,0,13,0,0,0,0
43640,8,19,4.8,152,32.25,1.90785,22.72,0,86,0,0,0,0,0,0,0,0,0, 0,0,0,0,0,13,0,0,0,0
43640,9,139,-57.4,60,32,-7.58207,4.84894,0,86,0,0,0,0,0,0,0,0,0, 0,0,0,0,0,13,0,0,0,0
43680,0,242,-57.4,64,32,-8.08754,5.1722,0,0,0,0,0,0,0,0,0,0,0, 0,0,0,0,0,14,0,0,0,0
43680,1,285,-56.5,68,32,-8.50564,5.62976,0,0,0,0,0,0,0,0,0,0,0, 0,0,0,0,0,14,0,0,0,0
43680,2,43,68.6,8,33,1.11727,0.437852,0,0,0,0,0,0,0,0,0,0,0, 0,0,0,0,0,14,0,0,0,0
43680,3,237,-56.5,72,32,-9.00597,5.96092,0,0,0,0,0,0,0,0,0,0,0, 0,0,0,0,0,14,0,0,0,0
43680,4,152,-54.4,76,32,-9.26935,6.6362,0,0,0,0,0,0,0,0,0,0,0, 0,0,0,0,0,14,0,0,0,0
43680,5,106,-48,80,32,-8.91774,8.02957,0,0,0,0,0,0,0,0,0,0,0, 0,0,0,0,0,14,0,0,0,0
43680,6,137,-57.4,60,32,-7.58207,4.84894,0,0,0,0,0,0,0,0,0,0,0, 0,0,0,0,0,14,0,0,0,0
43720,0,243,-58.4,64,32,-8.17658,5.03026,0,0,0,0,0,0,0,0,0,0,0, 0,0,0,0,0,15,0,0,0,0
43720,1,287,-57.4,68,32,-8.59301,5.49546,0,0,0,0,0,0,0,0,0,0,0, 0,0,0,0,0,15,0,0,0,0
43720,2,237,-57.4,72,32,-9.09849,5.81872,0,0,0,0,0,0,0,0,0,0,0, 0,0,0,0,0,15,0,0,0,0
43720,3,150,-54.4,76,32,-9.26935,6.6362,0,0,0,0,0,0,0,0,0,0,0, 0,0,0,0,0,15,0,0,0,0
43720,4,102,-48,80,32,-8.91774,8.02957,0,0,0,0,0,0,0,0,0,0,0, 0,0,0,0,0,15,0,0,0,0
43720,5,138,-59.4,60,32,-7.74668,4.58137,0,0,0,0,0,0,0,0,0,0,0, 0,0,0,0,0,15,0,0,0,0
43760,0,242,-58.4,64,32,-8.17658,5.03026,0,0,0,0,0,0,0,0,0,0,0, 0,0,0,0,0,0,0,0,0,0
43760,1,285,-57.4,68,32,-8.59301,5.49546,0,0,0,0,0,0,0,0,0,0,0, 0,0,0,0,0,0,0,0,0,0
43760,2,37,68.6,8,33,1.11727,0.437852,0,0,0,0,0,0,0,0,0,0,0, 0,0,0,0,0,0,0,0,0,0
43760,3,238,-56.5,72,32,-9.00597,5.96092,0,0,0,0,0,0,0,0,0,0,0, 0,0,0,0,0,0,0,0,0,0
43760,4,153,-53.4,76,32,-9.15212,6.79696,0,0,0,0,0,0,0,0,0,0,0, 0,0,0,0,0,0,0,0,0,0
43760,5,106,-46.7,80,32,-8.73327,8.22982,0,0,0,0,0,0,0,0,0,0,0, 0,0,0,0,0,0,0,0,0,0
43760,6,81,-51.6,84,32,-9.87454,7.82646,0,0,0,0,0,0,0,0,0,0,0, 0,0,0,0,0,0,0,0,0,0
43760,7,137,-57.4,60,32,-7.58207,4.84894,0,0,0,0,0,0,0,0,0,0,0, 0,0,0,0,0,0,0,0,0,0
43800,0,245,-57.4,64,32,-8.08754,5.1722,0,0,0,0,0,0,0,0,0,0,0, 0,0,0,0,0,1,0,0,0,0
43800,1,287,-56.5,68,32,-8.50564,5.62976,0,0,0,0,0,0,0,0,0,0,0, 0,0,0,0,0,1,0,0,0,0
43800,2,239,-56.5,72,32,-9.00597,5.96092,0,0,0,0,0,0,0,0,0,0,0, 0,0,0,0,0,1,0,0,0,0
43800,3,151,-54.4,76,32,-9.26935,6.6362,0,0,0,0,0,0,0,0,0,0,0, 0,0,0,0,0,1,0,0,0,0
43800,4,102,-48,80,32,-8.91774,8.02957,0,0,0,0,0,0,0,0,0,0,0, 0,0,0,0,0,1,0,0,0,0
43800,5,138,-58.4,60,32,-7.66554,4.71587,0,0,0,0,0,0,0,0,0,0,0, 0,0,0,0,0,1,0,0,0,0
43840,0,245,-57.4,64,32,-8.08754,5.1722,0,0,0,0,0,0,0,0,0,0,0, 0,0,0,0,0,2,0,0,0,0
43840,1,288,-57.4,68,32,-8.59301,5.49546,0,0,0,0,0,0,0,0,0,0,0, 0,0,0,0,0,2,0,0,0,0
43840,2,239,-56.5,72,32,-9.00597,5.96092,0,0,0,0,0,0,0,0,0,0,0, 0,0,0,0,0,2,0,0,0,0
43840,3,151,-54.4,76,32,-9.26935,6.6362,0,0,0,0,0,0,0,0,0,0,0, 0,0,0,0,0,2,0,0,0,0
43840,4,100,-48,80,32,-8.91774,8.02957,0,0,0,0,0,0,0,0,0,0,0, 0,0,0,0,0,2,0,0,0,0
43840,5,17,3.1,152,31.25,1.233,22.7666,0,0,0,0,0,0,0,0,0,0,0, 0,0,0,0,0,2,0,0,0,0
43840,6,138,-57.4,60,32,-7.58207,4.84894,0,0,0,0,0,0,0,0,0,0,0, 0,0,0,0,0,2,0,0,0,0
43880,0,244,-56.5,64,32,-8.0053,5.2986,0,0,0,0,0,0,0,0,0,0,0, 0,0,0,0,0,3,0,0,0,0
43880,1,288,-56.5,68,32,-8.50564,5.62976,0,0,0,0,0,0,0,0,0,0,0, 0,0,0,0,0,3,0,0,0,0
43880,2,242,-55.4,72,32,-8.88987,6.13271,0,0,0,0,0,0,0,0,0,0,0, 0,0,0,0,0,3,0,0,0,0
43880,3,154,-54.4,76,32,-9.26935,6.6362,0,0,0,0,0,0,0,0,0,0,0, 0,0,0,0,0,3,0,0,0,0
43880,4,103,-51.6,80,32,-9.40432,7.45377,0,0,0,0,0,0,0,0,0,0,0, 0,0,0,0,0,3,0,0,0,0
43880,5,137,-56.5,60,32,-7.50497,4.96743,0,0,0,0,0,0,0,0,0,0,0, 0,0,0,0,0,3,0,0,0,0
43920,0,243,-57.4,64,32,-8.08754,5.1722,0,0,0,0,0,0,0,0,0,0,0, 0,0,0,0,0,4,0,0,0,0
43920,1,289,-56.5,68,32,-8.50564,5.62976,0,0,0,0,0,0,0,0,0,0,0, 0,0,0,0,0,4,0,0,0,0
43920,2,38,63.6,8,33,1.07485,0.533562,0,0,0,0,0,0,0,0,0,0,0, 0,0,0,0,0,4,0,0,0,0
43920,3,240,-56.5,72,32,-9.00597,5.96092,0,0,0,0,0,0,0,0,0,0,0, 0,0,0,0,0,4,0,0,0,0
43920,4,149,-54.4,76,32,-9.26935,6.6362,0,0,0,0,0,0,0,0,0,0,0, 0,0,0,0,0,4,0,0,0,0
43920,5,95,-51.6,80,32,-9.40432,7.45377,0,0,0,0,0,0,0,0,0,0,0, 0,0,0,0,0,4,0,0,0,0
43920,6,17,9.9,152,31,3.91998,22.4605,0,0,0,0,0,0,0,0,0,0,0, 0,0,0,0,0,4,0,0,0,0
43920,7,136,-57.4,60,32,-7.58207,4.84894,0,0,0,0,0,0,0,0,0,0,0, 0,0,0,0,0,4,0,0,0,0
43920,8,15,1.3,156,30.75,0.530884,23.394,0,0,0,0,0,0,0,0,0,0,0, 0,0,0,0,0,4,0,0,0,0
43920,9,18,1.8,156,31,0.735012,23.3885,0,0,0,0,0,0,0,0,0,0,0, 0,0,0,0,0,4,0,0,0,0
43960,0,243,-57.4,64,32,-8.08754,5.1722,0,0,0,0,0,0,0,0,0,0,0, 0,0,0,0,0,5,0,0,0,0
43960,1,290,-56.5,68,32,-8.50564,5.62976,0,0,0,0,0,0,0,0,0,0,0, 0,0,0,0,0,5,0,0,0,0
43960,2,241,-56.5,72,32,-9.00597,5.96092,0,0,0,0,0,0,0,0,0,0,0, 0,0,0,0,0,5,0,0,0,0
43960,3,150,-55.4,76,32,-9.38375,6.47342,0,0,0,0,0,0,0,0,0,0,0, 0,0,0,0,0,5,0,0,0,0
43960,4,97,-51.6,80,32,-9.40432,7.45377,0,0,0,0,0,0,0,0,0,0,0, 0,0,0,0,0,5,0,0,0,0
43960,5,41,1.8,144,30.75,0.678472,21.5893,0,0,0,0,0,0,0,0,0,0,0, 0,0,0,0,0,5,0,0,0,0
43960,6,38,3.6,148,30.75,1.39395,22.1562,0,0,0,0,0,0,0,0,0,0,0, 0,0,0,0,0,5,0,0,0,0
43960,7,44,3.1,148,31,1.20055,22.1675,0,0,0,0,0,0,0,0,0,0,0, 0,0,0,0,0,5,0,0,0,0
43960,8,137,-57.4,60,32,-7.58207,4.84894,0,0,0,0,0,0,0,0,0,0,0, 0,0,0,0,0,5,0,0,0,0
43960,9,27,1.3,156,30.75,0.530884,23.394,0,0,0,0,0,0,0,0,0,0,0, 0,0,0,0,0,5,0,0,0,0
43960,10,33,0.6,156,31,0.24504,23.3987,0,0,0,0,0,0,0,0,0,0,0, 0,0,0,0,0,5,0,0,0,0
43960,11,17,-4.2,156,32.25,-1.71377,23.3372,0,0,0,0,0,0,0,0,0,0,0, 0,0,0,0,0,5,0,0,0,0
44000,0,245,-56.5,64,32,-8.0053,5.2986,0,0,0,0,0,0,0,0,0,0,0, 0,0,0,0,0,6,0,0,0,0
44000,1,290,-56.5,68,32,-8.50564,5.62976,0,0,0,0,0,0,0,0,0,0,0, 0,0,0,0,0,6,0,0,0,0
44000,2,240,-56.5,72,32,-9.00597,5.96092,0,0,0,0,0,0,0,0,0,0,0, 0,0,0,0,0,6,0,0,0,0
44000,3,155,-54.4,76,32,-9.26935,6.6362,0,0,0,0,0,0,0,0,0,0,0, 0,0,0,0,0,6,0,0,0,0
44000,4,102,-51.6,80,32,-9.40432,7.45377,0,0,0,0,0,0,0,0,0,0,0, 0,0,0,0,0,6,0,0,0,0
44000,5,38,1.3,148,30.75,0.503659,22.1943,0,0,0,0,0,0,0,0,0,0,0, 0,0,0,0,0,6,0,0,0,0
44000,6,33,-2.4,152,30.75,-0.954765,22.78,0,0,0,0,0,0,0,0,0,0,0, 0,0,0,0,0,6,0,0,0,0
44000,7,42,-0.6,152,31.25,-0.238757,22.7987,0,0,0,0,0,0,0,0,0,0,0, 0,0,0,0,0,6,0,0,0,0
44000,8,24,4.2,152,32.25,1.66983,22.7388,0,0,0,0,0,0,0,0,0,0,0, 0,0,0,0,0,6,0,0,0,0
44000,9,138,-56.5,60,32,-7.50497,4.96743,0,0,0,0,0,0,0,0,0,0,0, 0,0,0,0,0,6,0,0,0,0
44000,10,26,1.3,156,30.75,0.530884,23.394,0,0,0,0,0,0,0,0,0,0,0, 0,0,0,0,0,6,0,0,0,0
44000,11,32,0.6,156,31.25,0.24504,23.3987,0,0,0,0,0,0,0,0,0,0,0, 0,0,0,0,0,6,0,0,0,0
44000,12,16,-0.6,156,32.25,-0.24504,23.3987,0,0,0,0,0,0,0,0,0,0,0, 0,0,0,0,0,6,0,0,0,0
44040,0,244,-57.4,64,32,-8.08754,5.1722,0,0,0,0,0,0,0,0,0,0,0, 0,0,0,0,0,7,0,0,0,0
44040,1,19,6.1,160,31.25,2.55034,23.8641,0,0,0,0,0,0,0,0,0,0,0, 0,0,0,0,0,7,0,0,0,0
44040,2,290,-56.5,68,32,-8.50564,5.62976,0,0,0,0,0,0,0,0,0,0,0, 0,0,0,0,0,7,0,0,0,0
44040,3,241,-56.5,72,32,-9.00597,5.96092,0,0,0,0,0,0,0,0,0,0,0, 0,0,0,0,0,7,0,0,0,0
44040,4,153,-55.4,76,32,-9.38375,6.47342,0,0,0,0,0,0,0,0,0,0,0, 0,0,0,0,0,7,0,0,0,0
44040,5,99,-49.8,80,32,-9.16555,7.74549,0,0,0,0,0,0,0,0,0,0,0, 0,0,0,0,0,7,0,0,0,0
44040,6,52,4.2,152,30.75,1.66983,22.7388,0,0,0,0,0,0,0,0,0,0,0, 0,0,0,0,0,7,0,0,0,0
44040,7,64,3.1,152,31.25,1.233,22.7666,0,0,0,0,0,0,0,0,0,0,0, 0,0,0,0,0,7,0,0,0,0
44040,8,35,3.6,152,32.25,1.43162,22.755,0,0,0,0,0,0,0,0,0,0,0, 0,0,0,0,0,7,0,0,0,0
44040,9,139,-57.4,60,32,-7.58207,4.84894,0,0,0,0,0,0,0,0,0,0,0, 0,0,0,0,0,7,0,0,0,0
44040,10,24,6.1,156,30.75,2.48658,23.2675,0,0,0,0,0,0,0,0,0,0,0, 0,0,0,0,0,7,0,0,0,0
44040,11,35,4.2,156,31.25,1.71377,23.3372,0,0,0,0,0,0,0,0,0,0,0, 0,0,0,0,0,7,0,0,0,0
44040,12,22,2.4,156,32.25,0.97989,23.3795,0,0,0,0,0,0,0,0,0,0,0, 0,0,0,0,0,7,0,0,0,0
44080,0,245,-58.4,64,32,-8.17658,5.03026,0,0,0,0,0,0,0,0,0,0,0, 0,0,0,0,0,8,0,0,0,0
44080,1,288,-57.4,68,32,-8.59301,5.49546,0,0,0,0,0,0,0,0,0,0,0, 0,0,0,0,0,8,0,0,0,0
44080,2,241,-57.4,72,32,-9.09849,5.81872,0,0,0,0,0,0,0,0,0,0,0, 0,0,0,0,0,8,0,0,0,0
44080,3,153,-55.4,76,32,-9.38375,6.47342,0,0,0,0,0,0,0,0,0,0,0, 0,0,0,0,0,8,0,0,0,0
44080,4,102,-49.8,80,32,-9.16555,7.74549,0,0,0,0,0,0,0,0,0,0,0, 0,0,0,0,0,8,0,0,0,0
44080,5,17,1.3,152,30.75,0.517271,22.7941,0,0,0,0,0,0,0,0,0,0,0, 0,0,0,0,0,8,0,0,0,0
44080,6,23,0.1,152,31.25,0.0397935,22.8,0,0,0,0,0,0,0,0,0,0,0, 0,0,0,0,0,8,0,0,0,0
44080,7,139,-57.4,60,32,-7.58207,4.84894,0,0,0,0,0,0,0,0,0,0,0, 0,0,0,0,0,8,0,0,0,0
44120,0,243,-57.4,64,32,-8.08754,5.1722,0,1334,0,0,0,0,0,0,0,0,0, 0,0,0,0,0,9,0,0,0,0
44120,1,289,-56.5,68,32,-8.50564,5.62976,0,1334,0,0,0,0,0,0,0,0,0, 0,0,0,0,0,9,0,0,0,0
44120,2,242,-56.5,72,32,-9.00597,5.96092,0,1334,0,0,0,0,0,0,0,0,0, 0,0,0,0,0,9,0,0,0,0
44120,3,155,-54.4,76,32,-9.26935,6.6362,0,1334,0,0,0,0,0,0,0,0,0, 0,0,0,0,0,9,0,0,0,0
44120,4,106,-48,80,32,-8.91774,8.02957,0,1334,0,0,0,0,0,0,0,0,0, 0,0,0,0,0,9,0,0,0,0
44120,5,32,1.3,152,31.25,0.517271,22.7941,0,1334,0,0,0,0,0,0,0,0,0, 0,0,0,0,0,9,0,0,0,0
44120,6,25,4.8,152,32.25,1.90785,22.72,0,1334,0,0,0,0,0,0,0,0,0, 0,0,0,0,0,9,0,0,0,0
44120,7,137,-57.4,60,32,-7.58207,4.84894,0,1334,0,0,0,0,0,0,0,0,0, 0,0,0,0,0,9,0,0,0,0
44120,8,19,3.1,156,31.75,1.26544,23.3658,0,1334,0,0,0,0,0,0,0,0,0, 0,0,0,0,0,9,0,0,0,0
44160,0,245,-57.4,64,32,-8.08754,5.1722,0,0,0,0,0,0,0,0,0,0,0, 0,0,0,0,0,10,0,0,0,0
44160,1,21,0.6,128,31.75,0.201058,19.1989,0,0,0,0,0,0,0,0,0,0,0, 0,0,0,0,0,10,0,0,0,0
44160,2,13,75.1,480,6.75,69.5791,18.5136,0,0,0,0,0,0,0,0,0,0,0, 0,0,0,0,0,10,0,0,0,0
44160,3,289,-56.5,68,32,-8.50564,5.62976,0,0,0,0,0,0,0,0,0,0,0, 0,0,0,0,0,10,0,0,0,0
44160,4,239,-56.5,72,32,-9.00597,5.96092,0,0,0,0,0,0,0,0,0,0,0, 0,0,0,0,0,10,0,0,0,0
44160,5,151,-54.4,76,32,-9.26935,6.6362,0,0,0,0,0,0,0,0,0,0,0, 0,0,0,0,0,10,0,0,0,0
44160,6,104,-46.7,80,32,-8.73327,8.22982,0,0,0,0,0,0,0,0,0,0,0, 0,0,0,0,0,10,0,0,0,0
44160,7,82,-46.7,84,32,-9.16994,8.64131,0,0,0,0,0,0,0,0,0,0,0, 0,0,0,0,0,10,0,0,0,0
44160,8,137,-58.4,60,32,-7.66554,4.71587,0,0,0,0,0,0,0,0,0,0,0, 0,0,0,0,0,10,0,0,0,0
44160,9,20,1.8,156,32.25,0.735012,23.3885,0,0,0,0,0,0,0,0,0,0,0, 0,0,0,0,0,10,0,0,0,0
44200,0,244,-58.4,64,32,-8.17658,5.03026,0,7936,0,0,0,0,0,0,0,0,0, 0,0,0,0,0,11,0,0,0,0
44200,1,288,-57.4,68,32,-8.59301,5.49546,0,7936,0,0,0,0,0,0,0,0,0, 0,0,0,0,0,11,0,0,0,0
44200,2,42,65.6,8,33,1.09282,0.495725,0,7936,0,0,0,0,0,0,0,0,0, 0,0,0,0,0,11,0,0,0,0
44200,3,238,-56.5,72,32,-9.00597,5.96092,0,7936,0,0,0,0,0,0,0,0,0, 0,0,0,0,0,11,0,0,0,0
44200,4,151,-54.4,76,32,-9.26935,6.6362,0,7936,0,0,0,0,0,0,0,0,0, 0,0,0,0,0,11,0,0,0,0
44200,5,102,-46.7,80,32,-8.73327,8.22982,0,7936,0,0,0,0,0,0,0,0,0, 0,0,0,0,0,11,0,0,0,0
44200,6,24,3.1,152,30.75,1.233,22.7666,0,7936,0,0,0,0,0,0,0,0,0, 0,0,0,0,0,11,0,0,0,0
44200,7,35,4.8,152,31.25,1.90785,22.72,0,7936,0,0,0,0,0,0,0,0,0, 0,0,0,0,0,11,0,0,0,0
44200,8,24,4.2,152,32.25,1.66983,22.7388,0,7936,0,0,0,0,0,0,0,0,0, 0,0,0,0,0,11,0,0,0,0
44200,9,138,-58.4,60,32,-7.66554,4.71587,0,7936,0,0,0,0,0,0,0,0,0, 0,0,0,0,0,11,0,0,0,0
44200,10,18,9.9,156,31,4.02314,23.0516,0,7936,0,0,0,0,0,0,0,0,0, 0,0,0,0,0,11,0,0,0,0
44240,0,244,-57.4,64,32,-8.08754,5.1722,0,1140,0,0,0,0,0,0,0,0,0, 0,0,0,0,0,12,0,0,0,0
44240,1,290,-55.4,68,32,-8.39599,5.79201,0,1140,0,0,0,0,0,0,0,0,0, 0,0,0,0,0,12,0,0,0,0
44240,2,239,-55.4,72,32,-8.88987,6.13271,0,1140,0,0,0,0,0,0,0,0,0, 0,0,0,0,0,12,0,0,0,0
44240,3,151,-53.4,76,32,-9.15212,6.79696,0,1140,0,0,0,0,0,0,0,0,0, 0,0,0,0,0,12,0,0,0,0
44240,4,102,-48,80,32,-8.91774,8.02957,0,1140,0,0,0,0,0,0,0,0,0, 0,0,0,0,0,12,0,0,0,0
44240,5,38,0.1,152,31.25,0.0397935,22.8,0,1140,0,0,0,0,0,0,0,0,0, 0,0,0,0,0,12,0,0,0,0
44240,6,31,1.8,152,32.25,0.716165,22.7887,0,1140,0,0,0,0,0,0,0,0,0, 0,0,0,0,0,12,0,0,0,0
44240,7,137,-58.4,60,32,-7.66554,4.71587,0,1140,0,0,0,0,0,0,0,0,0, 0,0,0,0,0,12,0,0,0,0
44280,0,244,-56.5,64,32,-8.0053,5.2986,0,86,0,0,0,0,0,0,0,0,0, 0,0,0,0,0,13,0,0,0,0
44280,1,290,-56.5,68,32,-8.50564,5.62976,0,86,0,0,0,0,0,0,0,0,0, 0,0,0,0,0,13,0,0,0,0
44280,2,243,-55.4,72,32,-8.88987,6.13271,0,86,0,0,0,0,0,0,0,0,0, 0,0,0,0,0,13,0,0,0,0
44280,3,155,-53.4,76,32,-9.15212,6.79696,0,86,0,0,0,0,0,0,0,0,0, 0,0,0,0,0,13,0,0,0,0
44280,4,106,-48,80,32,-8.91774,8.02957,0,86,0,0,0,0,0,0,0,0,0, 0,0,0,0,0,13,0,0,0,0
44280,5,82,-51.6,84,32,-9.87454,7.82646,0,86,0,0,0,0,0,0,0,0,0, 0,0,0,0,0,13,0,0,0,0
44280,6,36,-1.2,120,31.75,-0.376964,17.9961,0,86,0,0,0,0,0,0,0,0,0, 0,0,0,0,0,13,0,0,0,0
44280,7,20,0.6,152,31,0.238757,22.7987,0,86,0,0,0,0,0,0,0,0,0, 0,0,0,0,0,13,0,0,0,0
44280,8,138,-58.4,60,32,-7.66554,4.71587,0,86,0,0,0,0,0,0,0,0,0, 0,0,0,0,0,13,0,0,0,0
44320,0,245,-57.4,64,32,-8.08754,5.1722,0,0,0,0,0,0,0,0,0,0,0, 0,0,0,0,0,14,0,0,0,0
44320,1,288,-57.4,68,32,-8.59301,5.49546,0,0,0,0,0,0,0,0,0,0,0, 0,0,0,0,0,14,0,0,0,0
44320,2,239,-56.5,72,32,-9.00597,5.96092,0,0,0,0,0,0,0,0,0,0,0, 0,0,0,0,0,14,0,0,0,0
44320,3,151,-54.4,76,32,-9.26935,6.6362,0,0,0,0,0,0,0,0,0,0,0, 0,0,0,0,0,14,0,0,0,0
44320,4,103,-48,80,32,-8.91774,8.02957,0,0,0,0,0,0,0,0,0,0,0, 0,0,0,0,0,14,0,0,0,0
44320,5,83,-46.7,84,32,-9.16994,8.64131,0,0,0,0,0,0,0,0,0,0,0, 0,0,0,0,0,14,0,0,0,0
44320,6,137,-58.4,60,32,-7.66554,4.71587,0,0,0,0,0,0,0,0,0,0,0, 0,0,0,0,0,14,0,0,0,0
44360,0,243,-57.4,64,32,-8.08754,5.1722,0,0,0,0,0,0,0,0,0,0,0, 0,0,0,0,0,15,0,0,0,0
44360,1,288,-56.5,68,32,-8.50564,5.62976,0,0,0,0,0,0,0,0,0,0,0, 0,0,0,0,0,15,0,0,0,0
44360,2,242,-55.4,72,32,-8.88987,6.13271,0,0,0,0,0,0,0,0,0,0,0, 0,0,0,0,0,15,0,0,0,0
44360,3,155,-53.4,76,32,-9.15212,6.79696,0,0,0,0,0,0,0,0,0,0,0, 0,0,0,0,0,15,0,0,0,0
44360,4,106,-49.8,80,32,-9.16555,7.74549,0,0,0,0,0,0,0,0,0,0,0, 0,0,0,0,0,15,0,0,0,0
44360,5,84,-53.4,84,32,-10.1155,7.51243,0,0,0,0,0,0,0,0,0,0,0, 0,0,0,0,0,15,0,0,0,0
44360,6,138,-58.4,60,32,-7.66554,4.71587,0,0,0,0,0,0,0,0,0,0,0, 0,0,0,0,0,15,0,0,0,0
44360,7,17,-1.2,156,32.25,-0.490053,23.3949,0,0,0,0,0,0,0,0,0,0,0, 0,0,0,0,0,15,0,0,0,0
44400,0,244,-58.4,64,32,-8.17658,5.03026,0,0,0,0,0,0,0,0,0,0,0, 0,0,0,0,0,0,0,0,0,0
44400,1,290,-56.5,68,32,-8.50564,5.62976,0,0,0,0,0,0,0,0,0,0,0, 0,0,0,0,0,0,0,0,0,0
44400,2,20,-3.6,164,31.5,-1.54465,24.5515,0,0,0,0,0,0,0,0,0,0,0, 0,0,0,0,0,0,0,0,0,0
44400,3,241,-56.5,72,32,-9.00597,5.96092,0,0,0,0,0,0,0,0,0,0,0, 0,0,0,0,0,0,0,0,0,0
44400,4,153,-53.4,76,32,-9.15212,6.79696,0,0,0,0,0,0,0,0,0,0,0, 0,0,0,0,0,0,0,0,0,0
44400,5,103,-49.8,80,32,-9.16555,7.74549,0,0,0,0,0,0,0,0,0,0,0, 0,0,0,0,0,0,0,0,0,0
44400,6,139,-58.4,60,32,-7.66554,4.71587,0,0,0,0,0,0,0,0,0,0,0, 0,0,0,0,0,0,0,0,0,0
44400,7,30,0.6,156,30.75,0.24504,23.3987,0,0,0,0,0,0,0,0,0,0,0, 0,0,0,0,0,0,0,0,0,0
44400,8,44,0.6,156,31.25,0.24504,23.3987,0,0,0,0,0,0,0,0,0,0,0, 0,0,0,0,0,0,0,0,0,0
44400,9,32,-1.8,156,32.25,-0.735012,23.3885,0,0,0,0,0,0,0,0,0,0,0, 0,0,0,0,0,0,0,0,0,0
44440,0,243,-57.4,64,32,-8.08754,5.1722,0,0,0,0,0,0,0,0,0,0,0, 0,0,0,0,0,1,0,0,0,0
44440,1,291,-56.5,68,32,-8.50564,5.62976,0,0,0,0,0,0,0,0,0,0,0, 0,0,0,0,0,1,0,0,0,0
44440,2,240,-56.5,72,32,-9.00597,5.96092,0,0,0,0,0,0,0,0,0,0,0, 0,0,0,0,0,1,0,0,0,0
44440,3,153,-54.4,76,32,-9.26935,6.6362,0,0,0,0,0,0,0,0,0,0,0, 0,0,0,0,0,1,0,0,0,0
44440,4,102,-51.6,80,32,-9.40432,7.45377,0,0,0,0,0,0,0,0,0,0,0, 0,0,0,0,0,1,0,0,0,0
44440,5,21,0.6,152,30.75,0.238757,22.7987,0,0,0,0,0,0,0,0,0,0,0, 0,0,0,0,0,1,0,0,0,0
44440,6,28,0.6,152,31.25,0.238757,22.7987,0,0,0,0,0,0,0,0,0,0,0, 0,0,0,0,0,1,0,0,0,0
44440,7,22,-4.8,152,32.25,-1.90785,22.72,0,0,0,0,0,0,0,0,0,0,0, 0,0,0,0,0,1,0,0,0,0
44440,8,140,-57.4,60,32,-7.58207,4.84894,0,0,0,0,0,0,0,0,0,0,0, 0,0,0,0,0,1,0,0,0,0
44440,9,31,0.6,156,31.25,0.24504,23.3987,0,0,0,0,0,0,0,0,0,0,0, 0,0,0,0,0,1,0,0,0,0
44440,10,24,-1.8,156,32.25,-0.735012,23.3885,0,0,0,0,0,0,0,0,0,0,0, 0,0,0,0,0,1,0,0,0,0
44480,0,248,-56.5,64,32,-8.0053,5.2986,0,0,0,0,0,0,0,0,0,0,0, 0,0,0,0,0,2,0,0,0,0
44480,1,291,-55.4,68,32,-8.39599,5.79201,0,0,0,0,0,0,0,0,0,0,0, 0,0,0,0,0,2,0,0,0,0
44480,2,244,-54.4,72,32,-8.78149,6.28693,0,0,0,0,0,0,0,0,0,0,0, 0,0,0,0,0,2,0,0,0,0
44480,3,158,-51.6,76,32,-8.93411,7.08108,0,0,0,0,0,0,0,0,0,0,0, 0,0,0,0,0,2,0,0,0,0
44480,4,104,-51.6,80,32,-9.40432,7.45377,0,0,0,0,0,0,0,0,0,0,0, 0,0,0,0,0,2,0,0,0,0
44480,5,23,0.6,152,30.75,0.238757,22.7987,0,0,0,0,0,0,0,0,0,0,0, 0,0,0,0,0,2,0,0,0,0
44480,6,30,1.8,152,31.25,0.716165,22.7887,0,0,0,0,0,0,0,0,0,0,0, 0,0,0,0,0,2,0,0,0,0
44480,7,142,-56.5,60,32,-7.50497,4.96743,0,0,0,0,0,0,0,0,0,0,0, 0,0,0,0,0,2,0,0,0,0
44480,8,26,0.6,156,30.75,0.24504,23.3987,0,0,0,0,0,0,0,0,0,0,0, 0,0,0,0,0,2,0,0,0,0
44480,9,41,-0.6,156,31.25,-0.24504,23.3987,0,0,0,0,0,0,0,0,0,0,0, 0,0,0,0,0,2,0,0,0,0
44520,0,248,-56.5,64,32,-8.0053,5.2986,0,0,0,0,0,0,0,0,0,0,0, 0,0,0,0,0,3,0,0,0,0
44520,1,294,-56.5,68,32,-8.50564,5.62976,0,0,0,0,0,0,0,0,0,0,0, 0,0,0,0,0,3,0,0,0,0
44520,2,243,-55.4,72,32,-8.88987,6.13271,0,0,0,0,0,0,0,0,0,0,0, 0,0,0,0,0,3,0,0,0,0
44520,3,154,-53.4,76,32,-9.15212,6.79696,0,0,0,0,0,0,0,0,0,0,0, 0,0,0,0,0,3,0,0,0,0
44520,4,101,-48,80,32,-8.91774,8.02957,0,0,0,0,0,0,0,0,0,0,0, 0,0,0,0,0,3,0,0,0,0
44520,5,28,1.8,152,30.75,0.716165,22.7887,0,0,0,0,0,0,0,0,0,0,0, 0,0,0,0,0,3,0,0,0,0
44520,6,33,2.4,152,31,0.954765,22.78,0,0,0,0,0,0,0,0,0,0,0, 0,0,0,0,0,3,0,0,0,0
44520,7,140,-56.5,60,32,-7.50497,4.96743,0,0,0,0,0,0,0,0,0,0,0, 0,0,0,0,0,3,0,0,0,0
44520,8,29,1.8,156,30.75,0.735012,23.3885,0,0,0,0,0,0,0,0,0,0,0, 0,0,0,0,0,3,0,0,0,0
44520,9,47,3.1,156,31.25,1.26544,23.3658,0,0,0,0,0,0,0,0,0,0,0, 0,0,0,0,0,3,0,0,0,0
44520,10,37,3.6,156,32.25,1.4693,23.3538,0,0,0,0,0,0,0,0,0,0,0, 0,0,0,0,0,3,0,0,0,0
44560,0,246,-56.5,64,32,-8.0053,5.2986,0,0,0,0,0,0,0,0,0,0,0, 0,0,0,0,0,4,0,0,0,0
44560,1,288,-56.5,68,32,-8.50564,5.62976,0,0,0,0,0,0,0,0,0,0,0, 0,0,0,0,0,4,0,0,0,0
44560,2,241,-55.4,72,32,-8.88987,6.13271,0,0,0,0,0,0,0,0,0,0,0, 0,0,0,0,0,4,0,0,0,0
44560,3,157,-53.4,76,32,-9.15212,6.79696,0,0,0,0,0,0,0,0,0,0,0, 0,0,0,0,0,4,0,0,0,0
44560,4,105,-49.8,80,32,-9.16555,7.74549,0,0,0,0,0,0,0,0,0,0,0, 0,0,0,0,0,4,0,0,0,0
44560,5,140,-56.5,60,32,-7.50497,4.96743,0,0,0,0,0,0,0,0,0,0,0, 0,0,0,0,0,4,0,0,0,0
44560,6,23,0.6,156,30.75,0.24504,23.3987,0,0,0,0,0,0,0,0,0,0,0, 0,0,0,0,0,4,0,0,0,0
44560,7,27,-0.6,156,31,-0.24504,23.3987,0,0,0,0,0,0,0,0,0,0,0, 0,0,0,0,0,4,0,0,0,0
44600,0,246,-56.5,64,32,-8.0053,5.2986,0,0,0,0,0,0,0,0,0,0,0, 0,0,0,0,0,5,0,0,0,0
44600,1,20,4.2,160,30.75,1.75772,23.9355,0,0,0,0,0,0,0,0,0,0,0, 0,0,0,0,0,5,0,0,0,0
44600,2,290,-56.5,68,32,-8.50564,5.62976,0,0,0,0,0,0,0,0,0,0,0, 0,0,0,0,0,5,0,0,0,0
44600,3,240,-55.4,72,32,-8.88987,6.13271,0,0,0,0,0,0,0,0,0,0,0, 0,0,0,0,0,5,0,0,0,0
44600,4,152,-54.4,76,32,-9.26935,6.6362,0,0,0,0,0,0,0,0,0,0,0, 0,0,0,0,0,5,0,0,0,0
44600,5,101,-49.8,80,32,-9.16555,7.74549,0,0,0,0,0,0,0,0,0,0,0, 0,0,0,0,0,5,0,0,0,0
44600,6,37,2.4,148,30.75,0.92964,22.1805,0,0,0,0,0,0,0,0,0,0,0, 0,0,0,0,0,5,0,0,0,0
44600,7,27,6.1,152,30.75,2.42282,22.6709,0,0,0,0,0,0,0,0,0,0,0, 0,0,0,0,0,5,0,0,0,0
44600,8,29,6.6,152,31,2.62057,22.6489,0,0,0,0,0,0,0,0,0,0,0, 0,0,0,0,0,5,0,0,0,0
44600,9,140,-57.4,60,32,-7.58207,4.84894,0,0,0,0,0,0,0,0,0,0,0, 0,0,0,0,0,5,0,0,0,0
44640,0,246,-56.5,64,32,-8.0053,5.2986,0,0,0,0,0,0,0,0,0,0,0, 0,0,0,0,0,6,0,0,0,0
44640,1,36,0.6,160,31.5,0.251323,23.9987,0,0,0,0,0,0,0,0,0,0,0, 0,0,0,0,0,6,0,0,0,0
44640,2,289,-56.5,68,32,-8.50564,5.62976,0,0,0,0,0,0,0,0,0,0,0, 0,0,0,0,0,6,0,0,0,0
44640,3,241,-55.4,72,32,-8.88987,6.13271,0,0,0,0,0,0,0,0,0,0,0, 0,0,0,0,0,6,0,0,0,0
44640,4,153,-53.4,76,32,-9.15212,6.79696,0,0,0,0,0,0,0,0,0,0,0, 0,0,0,0,0,6,0,0,0,0
44640,5,102,-51.6,80,32,-9.40432,7.45377,0,0,0,0,0,0,0,0,0,0,0, 0,0,0,0,0,6,0,0,0,0
44640,6,139,-56.5,60,32,-7.50497,4.96743,0,0,0,0,0,0,0,0,0,0,0, 0,0,0,0,0,6,0,0,0,0
44640,7,25,-3.6,156,30.75,-1.4693,23.3538,0,0,0,0,0,0,0,0,0,0,0, 0,0,0,0,0,6,0,0,0,0
44640,8,27,-3,156,31.25,-1.22466,23.3679,0,0,0,0,0,0,0,0,0,0,0, 0,0,0,0,0,6,0,0,0,0
44680,0,244,-57.4,64,32,-8.08754,5.1722,0,0,0,0,0,0,0,0,0,0,0, 0,0,0,0,0,7,0,0,0,0
44680,1,30,-0.6,160,30.75,-0.251323,23.9987,0,0,0,0,0,0,0,0,0,0,0, 0,0,0,0,0,7,0,0,0,0
44680,2,29,-0.6,160,31,-0.251323,23.9987,0,0,0,0,0,0,0,0,0,0,0, 0,0,0,0,0,7,0,0,0,0
44680,3,287,-57.4,68,32,-8.59301,5.49546,0,0,0,0,0,0,0,0,0,0,0, 0,0,0,0,0,7,0,0,0,0
44680,4,22,4.2,164,30.75,1.80166,24.5339,0,0,0,0,0,0,0,0,0,0,0, 0,0,0,0,0,7,0,0,0,0
44680,5,23,4.2,164,31,1.80166,24.5339,0,0,0,0,0,0,0,0,0,0,0, 0,0,0,0,0,7,0,0,0,0
44680,6,239,-56.5,72,32,-9.00597,5.96092,0,0,0,0,0,0,0,0,0,0,0, 0,0,0,0,0,7,0,0,0,0
44680,7,151,-54.4,76,32,-9.26935,6.6362,0,0,0,0,0,0,0,0,0,0,0, 0,0,0,0,0,7,0,0,0,0
44680,8,97,-51.6,80,32,-9.40432,7.45377,0,0,0,0,0,0,0,0,0,0,0, 0,0,0,0,0,7,0,0,0,0
44680,9,139,-56.5,60,32,-7.50497,4.96743,0,0,0,0,0,0,0,0,0,0,0, 0,0,0,0,0,7,0,0,0,0
44680,10,40,-1.2,156,30.75,-0.490053,23.3949,0,0,0,0,0,0,0,0,0,0,0, 0,0,0,0,0,7,0,0,0,0
44680,11,44,0.1,156,31,0.0408407,23.4,0,0,0,0,0,0,0,0,0,0,0, 0,0,0,0,0,7,0,0,0,0
44720,0,247,-56.5,64,32,-8.0053,5.2986,0,0,0,0,0,0,0,0,0,0,0, 0,0,0,0,0,8,0,0,0,0
44720,1,30,1.3,160,30.75,0.544496,23.9938,0,0,0,0,0,0,0,0,0,0,0, 0,0,0,0,0,8,0,0,0,0
44720,2,32,0.1,160,31,0.0418879,24,0,0,0,0,0,0,0,0,0,0,0, 0,0,0,0,0,8,0,0,0,0
44720,3,290,-55.4,68,32,-8.39599,5.79201,0,0,0,0,0,0,0,0,0,0,0, 0,0,0,0,0,8,0,0,0,0
44720,4,28,-1.2,164,31.5,-0.515184,24.5946,0,0,0,0,0,0,0,0,0,0,0, 0,0,0,0,0,8,0,0,0,0
44720,5,239,-55.4,72,32,-8.88987,6.13271,0,0,0,0,0,0,0,0,0,0,0, 0,0,0,0,0,8,0,0,0,0
44720,6,150,-54.4,76,32,-9.26935,6.6362,0,0,0,0,0,0,0,0,0,0,0, 0,0,0,0,0,8,0,0,0,0
44720,7,98,-51.6,80,32,-9.40432,7.45377,0,0,0,0,0,0,0,0,0,0,0, 0,0,0,0,0,8,0,0,0,0
44720,8,138,-56.5,60,32,-7.50497,4.96743,0,0,0,0,0,0,0,0,0,0,0, 0,0,0,0,0,8,0,0,0,0
44720,9,20,5.4,156,30.75,2.20213,23.2962,0,0,0,0,0,0,0,0,0,0,0, 0,0,0,0,0,8,0,0,0,0
44720,10,24,4.2,156,31,1.71377,23.3372,0,0,0,0,0,0,0,0,0,0,0, 0,0,0,0,0,8,0,0,0,0
44720,11,15,2.4,156,32.25,0.97989,23.3795,0,0,0,0,0,0,0,0,0,0,0, 0,0,0,0,0,8,0,0,0,0
44760,0,244,-56.5,64,32,-8.0053,5.2986,0,1334,0,0,0,0,0,0,0,0,0, 0,0,0,0,0,9,0,0,0,0
44760,1,29,3.6,160,31.25,1.50697,23.9526,0,1334,0,0,0,0,0,0,0,0,0, 0,0,0,0,0,9,0,0,0,0
44760,2,287,-56.5,68,32,-8.50564,5.62976,0,1334,0,0,0,0,0,0,0,0,0, 0,0,0,0,0,9,0,0,0,0
44760,3,241,-56.5,72,32,-9.00597,5.96092,0,1334,0,0,0,0,0,0,0,0,0, 0,0,0,0,0,9,0,0,0,0
44760,4,154,-54.4,76,32,-9.26935,6.6362,0,1334,0,0,0,0,0,0,0,0,0, 0,0,0,0,0,9,0,0,0,0
44760,5,104,-49.8,80,32,-9.16555,7.74549,0,1334,0,0,0,0,0,0,0,0,0, 0,0,0,0,0,9,0,0,0,0
44760,6,17,-4.8,152,32.25,-1.90785,22.72,0,1334,0,0,0,0,0,0,0,0,0, 0,0,0,0,0,9,0,0,0,0
44760,7,140,-55.4,60,32,-7.40823,5.11059,0,1334,0,0,0,0,0,0,0,0,0, 0,0,0,0,0,9,0,0,0,0
44760,8,25,-1.2,156,31.25,-0.490053,23.3949,0,1334,0,0,0,0,0,0,0,0,0, 0,0,0,0,0,9,0,0,0,0
44760,9,21,-1.8,156,32.25,-0.735012,23.3885,0,1334,0,0,0,0,0,0,0,0,0, 0,0,0,0,0,9,0,0,0,0
44800,0,248,-56.5,64,32,-8.0053,5.2986,0,0,0,0,0,0,0,0,0,0,0, 0,0,0,0,0,10,0,0,0,0
44800,1,29,-3,160,31.25,-1.25606,23.9671,0,0,0,0,0,0,0,0,0,0,0, 0,0,0,0,0,10,0,0,0,0
44800,2,292,-55.4,68,32,-8.39599,5.79201,0,0,0,0,0,0,0,0,0,0,0, 0,0,0,0,0,10,0,0,0,0
44800,3,239,-55.4,72,32,-8.88987,6.13271,0,0,0,0,0,0,0,0,0,0,0, 0,0,0,0,0,10,0,0,0,0
44800,4,151,-54.4,76,32,-9.26935,6.6362,0,0,0,0,0,0,0,0,0,0,0, 0,0,0,0,0,10,0,0,0,0
44800,5,103,-48,80,32,-8.91774,8.02957,0,0,0,0,0,0,0,0,0,0,0, 0,0,0,0,0,10,0,0,0,0
44800,6,140,-56.5,60,32,-7.50497,4.96743,0,0,0,0,0,0,0,0,0,0,0, 0,0,0,0,0,10,0,0,0,0
44800,7,23,3.1,156,30.75,1.26544,23.3658,0,0,0,0,0,0,0,0,0,0,0, 0,0,0,0,0,10,0,0,0,0
44800,8,28,0.1,156,31,0.0408407,23.4,0,0,0,0,0,0,0,0,0,0,0, 0,0,0,0,0,10,0,0,0,0
44800,9,20,-1.2,156,32.25,-0.490053,23.3949,0,0,0,0,0,0,0,0,0,0,0, 0,0,0,0,0,10,0,0,0,0
44840,0,243,-56.5,64,32,-8.0053,5.2986,0,7936,0,0,0,0,0,0,0,0,0, 0,0,0,0,0,11,0,0,0,0
44840,1,287,-56.5,68,32,-8.50564,5.62976,0,7936,0,0,0,0,0,0,0,0,0, 0,0,0,0,0,11,0,0,0,0
44840,2,239,-56.5,72,32,-9.00597,5.96092,0,7936,0,0,0,0,0,0,0,0,0, 0,0,0,0,0,11,0,0,0,0
44840,3,149,-54.4,76,32,-9.26935,6.6362,0,7936,0,0,0,0,0,0,0,0,0, 0,0,0,0,0,11,0,0,0,0
44840,4,103,-48,80,32,-8.91774,8.02957,0,7936,0,0,0,0,0,0,0,0,0, 0,0,0,0,0,11,0,0,0,0
44840,5,138,-56.5,60,32,-7.50497,4.96743,0,7936,0,0,0,0,0,0,0,0,0, 0,0,0,0,0,11,0,0,0,0
44880,0,245,-56.5,64,32,-8.0053,5.2986,0,1140,0,0,0,0,0,0,0,0,0, 0,0,0,0,0,12,0,0,0,0
44880,1,286,-56.5,68,32,-8.50564,5.62976,0,1140,0,0,0,0,0,0,0,0,0, 0,0,0,0,0,12,0,0,0,0
44880,2,239,-55.4,72,32,-8.88987,6.13271,0,1140,0,0,0,0,0,0,0,0,0, 0,0,0,0,0,12,0,0,0,0
44880,3,154,-53.4,76,32,-9.15212,6.79696,0,1140,0,0,0,0,0,0,0,0,0, 0,0,0,0,0,12,0,0,0,0
44880,4,108,-48,80,32,-8.91774,8.02957,0,1140,0,0,0,0,0,0,0,0,0, 0,0,0,0,0,12,0,0,0,0
44880,5,84,-49.8,84,32,-9.62383,8.13277,0,1140,0,0,0,0,0,0,0,0,0, 0,0,0,0,0,12,0,0,0,0
44880,6,137,-56.5,60,32,-7.50497,4.96743,0,1140,0,0,0,0,0,0,0,0,0, 0,0,0,0,0,12,0,0,0,0
44880,7,29,-2.4,156,31.75,-0.97989,23.3795,0,1140,0,0,0,0,0,0,0,0,0, 0,0,0,0,0,12,0,0,0,0
44920,0,241,-57.4,64,32,-8.08754,5.1722,0,86,0,0,0,0,0,0,0,0,0, 0,0,0,0,0,13,0,0,0,0
44920,1,17,4.8,160,30.75,2.00827,23.9158,0,86,0,0,0,0,0,0,0,0,0, 0,0,0,0,0,13,0,0,0,0
44920,2,25,1.8,160,31.25,0.753858,23.9882,0,86,0,0,0,0,0,0,0,0,0, 0,0,0,0,0,13,0,0,0,0
44920,3,286,-56.5,68,32,-8.50564,5.62976,0,86,0,0,0,0,0,0,0,0,0, 0,0,0,0,0,13,0,0,0,0
44920,4,239,-56.5,72,32,-9.00597,5.96092,0,86,0,0,0,0,0,0,0,0,0, 0,0,0,0,0,13,0,0,0,0
44920,5,151,-53.4,76,32,-9.15212,6.79696,0,86,0,0,0,0,0,0,0,0,0, 0,0,0,0,0,13,0,0,0,0
44920,6,103,-46.7,80,32,-8.73327,8.22982,0,86,0,0,0,0,0,0,0,0,0, 0,0,0,0,0,13,0,0,0,0
44920,7,137,-58.4,60,32,-7.66554,4.71587,0,86,0,0,0,0,0,0,0,0,0, 0,0,0,0,0,13,0,0,0,0
44920,8,24,0.1,156,31.75,0.0408407,23.4,0,86,0,0,0,0,0,0,0,0,0, 0,0,0,0,0,13,0,0,0,0
44920,9,27,-2.4,156,32.5,-0.97989,23.3795,0,86,0,0,0,0,0,0,0,0,0, 0,0,0,0,0,13,0,0,0,0
44960,0,242,-57.4,64,32,-8.08754,5.1722,0,0,0,0,0,0,0,0,0,0,0, 0,0,0,0,0,14,0,0,0,0
44960,1,288,-56.5,68,32,-8.50564,5.62976,0,0,0,0,0,0,0,0,0,0,0, 0,0,0,0,0,14,0,0,0,0
44960,2,241,-55.4,72,32,-8.88987,6.13271,0,0,0,0,0,0,0,0,0,0,0, 0,0,0,0,0,14,0,0,0,0
44960,3,155,-53.4,76,32,-9.15212,6.79696,0,0,0,0,0,0,0,0,0,0,0, 0,0,0,0,0,14,0,0,0,0
44960,4,105,-48,80,32,-8.91774,8.02957,0,0,0,0,0,0,0,0,0,0,0, 0,0,0,0,0,14,0,0,0,0
44960,5,33,-4.2,152,31.75,-1.66983,22.7388,0,0,0,0,0,0,0,0,0,0,0, 0,0,0,0,0,14,0,0,0,0
44960,6,29,-4.8,152,32.25,-1.90785,22.72,0,0,0,0,0,0,0,0,0,0,0, 0,0,0,0,0,14,0,0,0,0
44960,7,137,-58.4,60,32,-7.66554,4.71587,0,0,0,0,0,0,0,0,0,0,0, 0,0,0,0,0,14,0,0,0,0
44960,8,24,0.6,156,32.25,0.24504,23.3987,0,0,0,0,0,0,0,0,0,0,0, 0,0,0,0,0,14,0,0,0,0
45000,0,244,-58.4,64,32,-8.17658,5.03026,0,0,0,0,0,0,0,0,0,0,0, 0,0,0,0,0,15,0,0,0,0
45000,1,288,-56.5,68,32,-8.50564,5.62976,0,0,0,0,0,0,0,0,0,0,0, 0,0,0,0,0,15,0,0,0,0
45000,2,238,-56.5,72,32,-9.00597,5.96092,0,0,0,0,0,0,0,0,0,0,0, 0,0,0,0,0,15,0,0,0,0
45000,3,149,-54.4,76,32,-9.26935,6.6362,0,0,0,0,0,0,0,0,0,0,0, 0,0,0,0,0,15,0,0,0,0
45000,4,99,-49.8,80,32,-9.16555,7.74549,0,0,0,0,0,0,0,0,0,0,0, 0,0,0,0,0,15,0,0,0,0
45000,5,137,-58.4,60,32,-7.66554,4.71587,0,0,0,0,0,0,0,0,0,0,0, 0,0,0,0,0,15,0,0,0,0
45040,0,244,-56.5,64,32,-8.0053,5.2986,0,0,0,0,0,0,0,0,0,0,0, 0,0,0,0,0,0,0,0,0,0
45040,1,289,-56.5,68,32,-8.50564,5.62976,0,0,0,0,0,0,0,0,0,0,0, 0,0,0,0,0,0,0,0,0,0
45040,2,243,-55.4,72,32,-8.88987,6.13271,0,0,0,0,0,0,0,0,0,0,0, 0,0,0,0,0,0,0,0,0,0
45040,3,155,-53.4,76,32,-9.15212,6.79696,0,0,0,0,0,0,0,0,0,0,0, 0,0,0,0,0,0,0,0,0,0
45040,4,104,-49.8,80,32,-9.16555,7.74549,0,0,0,0,0,0,0,0,0,0,0, 0,0,0,0,0,0,0,0,0,0
45040,5,137,-57.4,60,32,-7.58207,4.84894,0,0,0,0,0,0,0,0,0,0,0, 0,0,0,0,0,0,0,0,0,0
45080,0,243,-57.4,64,32,-8.08754,5.1722,0,0,0,0,0,0,0,0,0,0,0, 0,0,0,0,0,1,0,0,0,0
45080,1,17,12.1,160,30.75,5.03085,23.4668,0,0,0,0,0,0,0,0,0,0,0, 0,0,0,0,0,1,0,0,0,0
45080,2,288,-56.5,68,32,-8.50564,5.62976,0,0,0,0,0,0,0,0,0,0,0, 0,0,0,0,0,1,0,0,0,0
45080,3,238,-56.5,72,32,-9.00597,5.96092,0,0,0,0,0,0,0,0,0,0,0, 0,0,0,0,0,1,0,0,0,0
45080,4,150,-53.4,76,32,-9.15212,6.79696,0,0,0,0,0,0,0,0,0,0,0, 0,0,0,0,0,1,0,0,0,0
45080,5,101,-48,80,32,-8.91774,8.02957,0,0,0,0,0,0,0,0,0,0,0, 0,0,0,0,0,1,0,0,0,0
45080,6,138,-57.4,60,32,-7.58207,4.84894,0,0,0,0,0,0,0,0,0,0,0, 0,0,0,0,0,1,0,0,0,0
45080,7,31,4.2,156,31.75,1.71377,23.3372,0,0,0,0,0,0,0,0,0,0,0, 0,0,0,0,0,1,0,0,0,0
45120,0,246,-56.5,64,32,-8.0053,5.2986,0,0,0,0,0,0,0,0,0,0,0, 0,0,0,0,0,2,0,0,0,0
45120,1,290,-56.5,68,32,-8.50564,5.62976,0,0,0,0,0,0,0,0,0,0,0, 0,0,0,0,0,2,0,0,0,0
45120,2,48,69.6,8,33,1.12474,0.418287,0,0,0,0,0,0,0,0,0,0,0, 0,0,0,0,0,2,0,0,0,0
45120,3,241,-56.5,72,32,-9.00597,5.96092,0,0,0,0,0,0,0,0,0,0,0, 0,0,0,0,0,2,0,0,0,0
45120,4,151,-54.4,76,32,-9.26935,6.6362,0,0,0,0,0,0,0,0,0,0,0, 0,0,0,0,0,2,0,0,0,0
45120,5,102,-48,80,32,-8.91774,8.02957,0,0,0,0,0,0,0,0,0,0,0, 0,0,0,0,0,2,0,0,0,0
45120,6,25,-1.2,152,31.75,-0.477487,22.795,0,0,0,0,0,0,0,0,0,0,0, 0,0,0,0,0,2,0,0,0,0
45120,7,27,0.6,152,32.25,0.238757,22.7987,0,0,0,0,0,0,0,0,0,0,0, 0,0,0,0,0,2,0,0,0,0
45120,8,139,-57.4,60,32,-7.58207,4.84894,0,0,0,0,0,0,0,0,0,0,0, 0,0,0,0,0,2,0,0,0,0
45120,9,33,-3,156,31,-1.22466,23.3679,0,0,0,0,0,0,0,0,0,0,0, 0,0,0,0,0,2,0,0,0,0
45120,10,20,1.3,156,32.25,0.530884,23.394,0,0,0,0,0,0,0,0,0,0,0, 0,0,0,0,0,2,0,0,0,0
45160,0,248,-56.5,64,32,-8.0053,5.2986,0,0,0,0,0,0,0,0,0,0,0, 0,0,0,0,0,3,0,0,0,0
45160,1,292,-56.5,68,32,-8.50564,5.62976,0,0,0,0,0,0,0,0,0,0,0, 0,0,0,0,0,3,0,0,0,0
45160,2,243,-56.5,72,32,-9.00597,5.96092,0,0,0,0,0,0,0,0,0,0,0, 0,0,0,0,0,3,0,0,0,0
45160,3,152,-53.4,76,32,-9.15212,6.79696,0,0,0,0,0,0,0,0,0,0,0, 0,0,0,0,0,3,0,0,0,0
45160,4,101,-48,80,32,-8.91774,8.02957,0,0,0,0,0,0,0,0,0,0,0, 0,0,0,0,0,3,0,0,0,0
45160,5,41,-0.6,152,30.75,-0.238757,22.7987,0,0,0,0,0,0,0,0,0,0,0, 0,0,0,0,0,3,0,0,0,0
45160,6,53,0.6,152,31,0.238757,22.7987,0,0,0,0,0,0,0,0,0,0,0, 0,0,0,0,0,3,0,0,0,0
45160,7,30,3.6,152,32.25,1.43162,22.755,0,0,0,0,0,0,0,0,0,0,0, 0,0,0,0,0,3,0,0,0,0
45160,8,140,-56.5,60,32,-7.50497,4.96743,0,0,0,0,0,0,0,0,0,0,0, 0,0,0,0,0,3,0,0,0,0
45160,9,52,3.1,156,30.75,1.26544,23.3658,0,0,0,0,0,0,0,0,0,0,0, 0,0,0,0,0,3,0,0,0,0
45160,10,75,2.4,156,31.25,0.97989,23.3795,0,0,0,0,0,0,0,0,0,0,0, 0,0,0,0,0,3,0,0,0,0
45160,11,47,2.4,156,32.25,0.97989,23.3795,0,0,0,0,0,0,0,0,0,0,0, 0,0,0,0,0,3,0,0,0,0
45200,0,248,-56.5,64,32,-8.0053,5.2986,0,0,0,0,0,0,0,0,0,0,0, 0,0,0,0,0,4,0,0,0,0
45200,1,17,1.8,160,30.75,0.753858,23.9882,0,0,0,0,0,0,0,0,0,0,0, 0,0,0,0,0,4,0,0,0,0
45200,2,26,0.6,160,31.25,0.251323,23.9987,0,0,0,0,0,0,0,0,0,0,0, 0,0,0,0,0,4,0,0,0,0
45200,3,292,-55.4,68,32,-8.39599,5.79201,0,0,0,0,0,0,0,0,0,0,0, 0,0,0,0,0,4,0,0,0,0
45200,4,241,-55.4,72,32,-8.88987,6.13271,0,0,0,0,0,0,0,0,0,0,0, 0,0,0,0,0,4,0,0,0,0
45200,5,152,-53.4,76,32,-9.15212,6.79696,0,0,0,0,0,0,0,0,0,0,0, 0,0,0,0,0,4,0,0,0,0
45200,6,102,-48,80,32,-8.91774,8.02957,0,0,0,0,0,0,0,0,0,0,0, 0,0,0,0,0,4,0,0,0,0
45200,7,141,-56.5,60,32,-7.50497,4.96743,0,0,0,0,0,0,0,0,0,0,0, 0,0,0,0,0,4,0,0,0,0
45200,8,18,-1.8,156,31.5,-0.735012,23.3885,0,0,0,0,0,0,0,0,0,0,0, 0,0,0,0,0,4,0,0,0,0
45240,0,246,-56.5,64,32,-8.0053,5.2986,0,0,0,0,0,0,0,0,0,0,0, 0,0,0,0,0,5,0,0,0,0
45240,1,290,-56.5,68,32,-8.50564,5.62976,0,0,0,0,0,0,0,0,0,0,0, 0,0,0,0,0,5,0,0,0,0
45240,2,241,-55.4,72,32,-8.88987,6.13271,0,0,0,0,0,0,0,0,0,0,0, 0,0,0,0,0,5,0,0,0,0
45240,3,154,-53.4,76,32,-9.15212,6.79696,0,0,0,0,0,0,0,0,0,0,0, 0,0,0,0,0,5,0,0,0,0
45240,4,105,-48,80,32,-8.91774,8.02957,0,0,0,0,0,0,0,0,0,0,0, 0,0,0,0,0,5,0,0,0,0
45240,5,25,-3,152,30.75,-1.19326,22.7688,0,0,0,0,0,0,0,0,0,0,0, 0,0,0,0,0,5,0,0,0,0
45240,6,28,-1.8,152,31,-0.716165,22.7887,0,0,0,0,0,0,0,0,0,0,0, 0,0,0,0,0,5,0,0,0,0
45240,7,141,-55.4,60,32,-7.40823,5.11059,0,0,0,0,0,0,0,0,0,0,0, 0,0,0,0,0,5,0,0,0,0
45240,8,49,0.6,156,30.75,0.24504,23.3987,0,0,0,0,0,0,0,0,0,0,0, 0,0,0,0,0,5,0,0,0,0
45240,9,61,0.1,156,31.25,0.0408407,23.4,0,0,0,0,0,0,0,0,0,0,0, 0,0,0,0,0,5,0,0,0,0
45240,10,34,-1.2,156,32.25,-0.490053,23.3949,0,0,0,0,0,0,0,0,0,0,0, 0,0,0,0,0,5,0,0,0,0
45280,0,250,-56.5,64,32,-8.0053,5.2986,0,0,0,0,0,0,0,0,0,0,0, 0,0,0,0,0,6,0,0,0,0
45280,1,31,3.1,160,30.75,1.29789,23.9649,0,0,0,0,0,0,0,0,0,0,0, 0,0,0,0,0,6,0,0,0,0
45280,2,34,1.3,160,31.25,0.544496,23.9938,0,0,0,0,0,0,0,0,0,0,0, 0,0,0,0,0,6,0,0,0,0
45280,3,293,-55.4,68,32,-8.39599,5.79201,0,0,0,0,0,0,0,0,0,0,0, 0,0,0,0,0,6,0,0,0,0
45280,4,243,-54.4,72,32,-8.78149,6.28693,0,0,0,0,0,0,0,0,0,0,0, 0,0,0,0,0,6,0,0,0,0
45280,5,150,-53.4,76,32,-9.15212,6.79696,0,0,0,0,0,0,0,0,0,0,0, 0,0,0,0,0,6,0,0,0,0
45280,6,100,-48,80,32,-8.91774,8.02957,0,0,0,0,0,0,0,0,0,0,0, 0,0,0,0,0,6,0,0,0,0
45280,7,17,8.3,152,31,3.29132,22.5612,0,0,0,0,0,0,0,0,0,0,0, 0,0,0,0,0,6,0,0,0,0
45280,8,16,-4.8,472,41.75,-5.92439,70.5517,0,0,0,0,0,0,0,0,0,0,0, 0,0,0,0,0,6,0,0,0,0
45280,9,139,-56.5,60,32,-7.50497,4.96743,0,0,0,0,0,0,0,0,0,0,0, 0,0,0,0,0,6,0,0,0,0
45320,0,247,-57.4,64,32,-8.08754,5.1722,0,0,0,0,0,0,0,0,0,0,0, 0,0,0,0,0,7,0,0,0,0
45320,1,288,-56.5,68,32,-8.50564,5.62976,0,0,0,0,0,0,0,0,0,0,0, 0,0,0,0,0,7,0,0,0,0
45320,2,22,6.1,164,30.75,2.6141,24.4607,0,0,0,0,0,0,0,0,0,0,0, 0,0,0,0,0,7,0,0,0,0
45320,3,24,5.4,164,31,2.31506,24.4908,0,0,0,0,0,0,0,0,0,0,0, 0,0,0,0,0,7,0,0,0,0
45320,4,238,-56.5,72,32,-9.00597,5.96092,0,0,0,0,0,0,0,0,0,0,0, 0,0,0,0,0,7,0,0,0,0
45320,5,149,-55.4,76,32,-9.38375,6.47342,0,0,0,0,0,0,0,0,0,0,0, 0,0,0,0,0,7,0,0,0,0
45320,6,95,-51.6,80,32,-9.40432,7.45377,0,0,0,0,0,0,0,0,0,0,0, 0,0,0,0,0,7,0,0,0,0
45320,7,23,-2.4,152,30.75,-0.954765,22.78,0,0,0,0,0,0,0,0,0,0,0, 0,0,0,0,0,7,0,0,0,0
45320,8,25,-1.8,152,31,-0.716165,22.7887,0,0,0,0,0,0,0,0,0,0,0, 0,0,0,0,0,7,0,0,0,0
45320,9,141,-56.5,60,32,-7.50497,4.96743,0,0,0,0,0,0,0,0,0,0,0, 0,0,0,0,0,7,0,0,0,0
45360,0,246,-56.5,64,32,-8.0053,5.2986,0,0,0,0,0,0,0,0,0,0,0, 0,0,0,0,0,8,0,0,0,0
45360,1,291,-55.4,68,32,-8.39599,5.79201,0,0,0,0,0,0,0,0,0,0,0, 0,0,0,0,0,8,0,0,0,0
45360,2,20,-1.2,164,30.75,-0.515184,24.5946,0,0,0,0,0,0,0,0,0,0,0, 0,0,0,0,0,8,0,0,0,0
45360,3,241,-55.4,72,32,-8.88987,6.13271,0,0,0,0,0,0,0,0,0,0,0, 0,0,0,0,0,8,0,0,0,0
45360,4,155,-53.4,76,32,-9.15212,6.79696,0,0,0,0,0,0,0,0,0,0,0, 0,0,0,0,0,8,0,0,0,0
45360,5,103,-49.8,80,32,-9.16555,7.74549,0,0,0,0,0,0,0,0,0,0,0, 0,0,0,0,0,8,0,0,0,0
45360,6,141,-57.4,60,32,-7.58207,4.84894,0,0,0,0,0,0,0,0,0,0,0, 0,0,0,0,0,8,0,0,0,0
45400,0,246,-57.4,64,32,-8.08754,5.1722,0,1334,0,0,0,0,0,0,0,0,0, 0,0,0,0,0,9,0,0,0,0
45400,1,26,0.6,160,32.25,0.251323,23.9987,0,1334,0,0,0,0,0,0,0,0,0, 0,0,0,0,0,9,0,0,0,0
45400,2,290,-57.4,68,32,-8.59301,5.49546,0,1334,0,0,0,0,0,0,0,0,0, 0,0,0,0,0,9,0,0,0,0
45400,3,19,6.1,164,30.75,2.6141,24.4607,0,1334,0,0,0,0,0,0,0,0,0, 0,0,0,0,0,9,0,0,0,0
45400,4,30,6.1,164,31.25,2.6141,24.4607,0,1334,0,0,0,0,0,0,0,0,0, 0,0,0,0,0,9,0,0,0,0
45400,5,240,-56.5,72,32,-9.00597,5.96092,0,1334,0,0,0,0,0,0,0,0,0, 0,0,0,0,0,9,0,0,0,0
45400,6,151,-54.4,76,32,-9.26935,6.6362,0,1334,0,0,0,0,0,0,0,0,0, 0,0,0,0,0,9,0,0,0,0
45400,7,103,-46.7,80,32,-8.73327,8.22982,0,1334,0,0,0,0,0,0,0,0,0, 0,0,0,0,0,9,0,0,0,0
45400,8,140,-57.4,60,32,-7.58207,4.84894,0,1334,0,0,0,0,0,0,0,0,0, 0,0,0,0,0,9,0,0,0,0
45400,9,36,0.1,156,31.25,0.0408407,23.4,0,1334,0,0,0,0,0,0,0,0,0, 0,0,0,0,0,9,0,0,0,0
45400,10,31,-0.6,156,32.25,-0.24504,23.3987,0,1334,0,0,0,0,0,0,0,0,0, 0,0,0,0,0,9,0,0,0,0
45440,0,248,-57.4,64,32,-8.08754,5.1722,0,0,0,0,0,0,0,0,0,0,0, 0,0,0,0,0,10,0,0,0,0
45440,1,39,1.3,160,30.75,0.544496,23.9938,0,0,0,0,0,0,0,0,0,0,0, 0,0,0,0,0,10,0,0,0,0
45440,2,63,1.3,160,31.25,0.544496,23.9938,0,0,0,0,0,0,0,0,0,0,0, 0,0,0,0,0,10,0,0,0,0
45440,3,49,0.6,160,32.25,0.251323,23.9987,0,0,0,0,0,0,0,0,0,0,0, 0,0,0,0,0,10,0,0,0,0
45440,4,291,-56.5,68,32,-8.50564,5.62976,0,0,0,0,0,0,0,0,0,0,0, 0,0,0,0,0,10,0,0,0,0
45440,5,21,-0.6,164,30.75,-0.257606,24.5987,0,0,0,0,0,0,0,0,0,0,0, 0,0,0,0,0,10,0,0,0,0
45440,6,37,0.1,164,31.75,0.0429351,24.6,0,0,0,0,0,0,0,0,0,0,0, 0,0,0,0,0,10,0,0,0,0
45440,7,31,-0.6,164,32.25,-0.257606,24.5987,0,0,0,0,0,0,0,0,0,0,0, 0,0,0,0,0,10,0,0,0,0
45440,8,241,-56.5,72,32,-9.00597,5.96092,0,0,0,0,0,0,0,0,0,0,0, 0,0,0,0,0,10,0,0,0,0
45440,9,153,-54.4,76,32,-9.26935,6.6362,0,0,0,0,0,0,0,0,0,0,0, 0,0,0,0,0,10,0,0,0,0
45440,10,103,-48,80,32,-8.91774,8.02957,0,0,0,0,0,0,0,0,0,0,0, 0,0,0,0,0,10,0,0,0,0
45440,11,141,-56.5,60,32,-7.50497,4.96743,0,0,0,0,0,0,0,0,0,0,0, 0,0,0,0,0,10,0,0,0,0
45480,0,248,-55.4,64,32,-7.90211,5.4513,0,7936,0,0,0,0,0,0,0,0,0, 0,0,0,0,0,11,0,0,0,0
45480,1,29,1.8,160,30.75,0.753858,23.9882,0,7936,0,0,0,0,0,0,0,0,0, 0,0,0,0,0,11,0,0,0,0
45480,2,39,0.6,160,31,0.251323,23.9987,0,7936,0,0,0,0,0,0,0,0,0, 0,0,0,0,0,11,0,0,0,0
45480,3,27,0.1,160,32.25,0.0418879,24,0,7936,0,0,0,0,0,0,0,0,0, 0,0,0,0,0,11,0,0,0,0
45480,4,291,-55.4,68,32,-8.39599,5.79201,0,7936,0,0,0,0,0,0,0,0,0, 0,0,0,0,0,11,0,0,0,0
45480,5,21,1.3,164,31.25,0.558108,24.5937,0,7936,0,0,0,0,0,0,0,0,0, 0,0,0,0,0,11,0,0,0,0
45480,6,242,-55.4,72,32,-8.88987,6.13271,0,7936,0,0,0,0,0,0,0,0,0, 0,0,0,0,0,11,0,0,0,0
45480,7,155,-53.4,76,32,-9.15212,6.79696,0,7936,0,0,0,0,0,0,0,0,0, 0,0,0,0,0,11,0,0,0,0
45480,8,108,-48,80,32,-8.91774,8.02957,0,7936,0,0,0,0,0,0,0,0,0, 0,0,0,0,0,11,0,0,0,0
45480,9,16,7.2,152,32.25,2.8576,22.6202,0,7936,0,0,0,0,0,0,0,0,0, 0,0,0,0,0,11,0,0,0,0
45480,10,142,-56.5,60,32,-7.50497,4.96743,0,7936,0,0,0,0,0,0,0,0,0, 0,0,0,0,0,11,0,0,0,0
45480,11,17,3.6,156,30.75,1.4693,23.3538,0,7936,0,0,0,0,0,0,0,0,0, 0,0,0,0,0,11,0,0,0,0
45480,12,23,2.4,156,31,0.97989,23.3795,0,7936,0,0,0,0,0,0,0,0,0, 0,0,0,0,0,11,0,0,0,0
45520,0,249,-56.5,64,32,-8.0053,5.2986,0,1140,0,0,0,0,0,0,0,0,0, 0,0,0,0,0,12,0,0,0,0
45520,1,41,2.4,160,30.75,1.00502,23.9789,0,1140,0,0,0,0,0,0,0,0,0, 0,0,0,0,0,12,0,0,0,0
45520,2,56,3.1,160,31.25,1.29789,23.9649,0,1140,0,0,0,0,0,0,0,0,0, 0,0,0,0,0,12,0,0,0,0
45520,3,34,4.2,160,32.25,1.75772,23.9355,0,1140,0,0,0,0,0,0,0,0,0, 0,0,0,0,0,12,0,0,0,0
45520,4,291,-56.5,68,32,-8.50564,5.62976,0,1140,0,0,0,0,0,0,0,0,0, 0,0,0,0,0,12,0,0,0,0
45520,5,31,4.8,164,31.75,2.05848,24.5137,0,1140,0,0,0,0,0,0,0,0,0, 0,0,0,0,0,12,0,0,0,0
45520,6,241,-55.4,72,32,-8.88987,6.13271,0,1140,0,0,0,0,0,0,0,0,0, 0,0,0,0,0,12,0,0,0,0
45520,7,153,-54.4,76,32,-9.26935,6.6362,0,1140,0,0,0,0,0,0,0,0,0, 0,0,0,0,0,12,0,0,0,0
45520,8,103,-49.8,80,32,-9.16555,7.74549,0,1140,0,0,0,0,0,0,0,0,0, 0,0,0,0,0,12,0,0,0,0
45520,9,16,-0.6,152,32.25,-0.238757,22.7987,0,1140,0,0,0,0,0,0,0,0,0, 0,0,0,0,0,12,0,0,0,0
45520,10,140,-56.5,60,32,-7.50497,4.96743,0,1140,0,0,0,0,0,0,0,0,0, 0,0,0,0,0,12,0,0,0,0
45560,0,248,-56.5,64,32,-8.0053,5.2986,0,86,0,0,0,0,0,0,0,0,0, 0,0,0,0,0,13,0,0,0,0
45560,1,25,0.1,160,30.75,0.0418879,24,0,86,0,0,0,0,0,0,0,0,0, 0,0,0,0,0,13,0,0,0,0
45560,2,41,1.3,160,31.25,0.544496,23.9938,0,86,0,0,0,0,0,0,0,0,0, 0,0,0,0,0,13,0,0,0,0
45560,3,31,2.4,160,32.25,1.00502,23.9789,0,86,0,0,0,0,0,0,0,0,0, 0,0,0,0,0,13,0,0,0,0
45560,4,292,-56.5,68,32,-8.50564,5.62976,0,86,0,0,0,0,0,0,0,0,0, 0,0,0,0,0,13,0,0,0,0
45560,5,242,-56.5,72,32,-9.00597,5.96092,0,86,0,0,0,0,0,0,0,0,0, 0,0,0,0,0,13,0,0,0,0
45560,6,152,-54.4,76,32,-9.26935,6.6362,0,86,0,0,0,0,0,0,0,0,0, 0,0,0,0,0,13,0,0,0,0
45560,7,99,-51.6,80,32,-9.40432,7.45377,0,86,0,0,0,0,0,0,0,0,0, 0,0,0,0,0,13,0,0,0,0
45560,8,141,-56.5,60,32,-7.50497,4.96743,0,86,0,0,0,0,0,0,0,0,0, 0,0,0,0,0,13,0,0,0,0
45560,9,30,-0.6,156,30.75,-0.24504,23.3987,0,86,0,0,0,0,0,0,0,0,0, 0,0,0,0,0,13,0,0,0,0
45560,10,43,-1.8,156,31.25,-0.735012,23.3885,0,86,0,0,0,0,0,0,0,0,0, 0,0,0,0,0,13,0,0,0,0
45560,11,27,-3,156,32.25,-1.22466,23.3679,0,86,0,0,0,0,0,0,0,0,0, 0,0,0,0,0,13,0,0,0,0
45600,0,245,-56.5,64,32,-8.0053,5.2986,0,0,0,0,0,0,0,0,0,0,0, 0,0,0,0,0,14,0,0,0,0
45600,1,289,-56.5,68,32,-8.50564,5.62976,0,0,0,0,0,0,0,0,0,0,0, 0,0,0,0,0,14,0,0,0,0
45600,2,18,1.8,164,30.75,0.772705,24.5879,0,0,0,0,0,0,0,0,0,0,0, 0,0,0,0,0,14,0,0,0,0
45600,3,27,0.1,164,31,0.0429351,24.6,0,0,0,0,0,0,0,0,0,0,0, 0,0,0,0,0,14,0,0,0,0
45600,4,240,-56.5,72,32,-9.00597,5.96092,0,0,0,0,0,0,0,0,0,0,0, 0,0,0,0,0,14,0,0,0,0
45600,5,154,-53.4,76,32,-9.15212,6.79696,0,0,0,0,0,0,0,0,0,0,0, 0,0,0,0,0,14,0,0,0,0
45600,6,102,-51.6,80,32,-9.40432,7.45377,0,0,0,0,0,0,0,0,0,0,0, 0,0,0,0,0,14,0,0,0,0
45600,7,140,-56.5,60,32,-7.50497,4.96743,0,0,0,0,0,0,0,0,0,0,0, 0,0,0,0,0,14,0,0,0,0
45640,0,247,-56.5,64,32,-8.0053,5.2986,0,0,0,0,0,0,0,0,0,0,0, 0,0,0,0,0,15,0,0,0,0
45640,1,291,-56.5,68,32,-8.50564,5.62976,0,0,0,0,0,0,0,0,0,0,0, 0,0,0,0,0,15,0,0,0,0
45640,2,25,0.1,164,30.75,0.0429351,24.6,0,0,0,0,0,0,0,0,0,0,0, 0,0,0,0,0,15,0,0,0,0
45640,3,242,-55.4,72,32,-8.88987,6.13271,0,0,0,0,0,0,0,0,0,0,0, 0,0,0,0,0,15,0,0,0,0
45640,4,152,-53.4,76,32,-9.15212,6.79696,0,0,0,0,0,0,0,0,0,0,0, 0,0,0,0,0,15,0,0,0,0
45640,5,100,-49.8,80,32,-9.16555,7.74549,0,0,0,0,0,0,0,0,0,0,0, 0,0,0,0,0,15,0,0,0,0
45640,6,29,-4.8,116,31.5,-1.45599,17.339,0,0,0,0,0,0,0,0,0,0,0, 0,0,0,0,0,15,0,0,0,0
45640,7,26,-1.2,120,31.75,-0.376964,17.9961,0,0,0,0,0,0,0,0,0,0,0, 0,0,0,0,0,15,0,0,0,0
45640,8,141,-57.4,60,32,-7.58207,4.84894,0,0,0,0,0,0,0,0,0,0,0, 0,0,0,0,0,15,0,0,0,0
45680,0,249,-56.5,64,32,-8.0053,5.2986,0,0,0,0,0,0,0,0,0,0,0, 0,0,0,0,0,0,0,0,0,0
45680,1,291,-56.5,68,32,-8.50564,5.62976,0,0,0,0,0,0,0,0,0,0,0, 0,0,0,0,0,0,0,0,0,0
45680,2,42,65.6,8,33,1.09282,0.495725,0,0,0,0,0,0,0,0,0,0,0, 0,0,0,0,0,0,0,0,0,0
45680,3,244,-55.4,72,32,-8.88987,6.13271,0,0,0,0,0,0,0,0,0,0,0, 0,0,0,0,0,0,0,0,0,0
45680,4,157,-54.4,76,32,-9.26935,6.6362,0,0,0,0,0,0,0,0,0,0,0, 0,0,0,0,0,0,0,0,0,0
45680,5,106,-49.8,80,32,-9.16555,7.74549,0,0,0,0,0,0,0,0,0,0,0, 0,0,0,0,0,0,0,0,0,0
45680,6,143,-56.5,60,32,-7.50497,4.96743,0,0,0,0,0,0,0,0,0,0,0, 0,0,0,0,0,0,0,0,0,0
45720,0,247,-57.4,64,32,-8.08754,5.1722,0,0,0,0,0,0,0,0,0,0,0, 0,0,0,0,0,1,0,0,0,0
45720,1,292,-56.5,68,32,-8.50564,5.62976,0,0,0,0,0,0,0,0,0,0,0, 0,0,0,0,0,1,0,0,0,0
45720,2,241,-56.5,72,32,-9.00597,5.96092,0,0,0,0,0,0,0,0,0,0,0, 0,0,0,0,0,1,0,0,0,0
45720,3,152,-54.4,76,32,-9.26935,6.6362,0,0,0,0,0,0,0,0,0,0,0, 0,0,0,0,0,1,0,0,0,0
45720,4,101,-49.8,80,32,-9.16555,7.74549,0,0,0,0,0,0,0,0,0,0,0, 0,0,0,0,0,1,0,0,0,0
45720,5,140,-56.5,60,32,-7.50497,4.96743,0,0,0,0,0,0,0,0,0,0,0, 0,0,0,0,0,1,0,0,0,0
45720,6,29,-1.2,124,32.5,-0.389529,18.5959,0,0,0,0,0,0,0,0,0,0,0, 0,0,0,0,0,1,0,0,0,0
45760,0,247,-56.5,64,32,-8.0053,5.2986,0,0,0,0,0,0,0,0,0,0,0, 0,0,0,0,0,2,0,0,0,0
45760,1,19,2.4,160,30.75,1.00502,23.9789,0,0,0,0,0,0,0,0,0,0,0, 0,0,0,0,0,2,0,0,0,0
45760,2,290,-56.5,68,32,-8.50564,5.62976,0,0,0,0,0,0,0,0,0,0,0, 0,0,0,0,0,2,0,0,0,0
45760,3,240,-56.5,72,32,-9.00597,5.96092,0,0,0,0,0,0,0,0,0,0,0, 0,0,0,0,0,2,0,0,0,0
45760,4,151,-54.4,76,32,-9.26935,6.6362,0,0,0,0,0,0,0,0,0,0,0, 0,0,0,0,0,2,0,0,0,0
45760,5,98,-49.8,80,32,-9.16555,7.74549,0,0,0,0,0,0,0,0,0,0,0, 0,0,0,0,0,2,0,0,0,0
45760,6,138,-57.4,60,32,-7.58207,4.84894,0,0,0,0,0,0,0,0,0,0,0, 0,0,0,0,0,2,0,0,0,0
45800,0,244,-57.4,64,32,-8.08754,5.1722,0,0,0,0,0,0,0,0,0,0,0, 0,0,0,0,0,3,0,0,0,0
45800,1,288,-57.4,68,32,-8.59301,5.49546,0,0,0,0,0,0,0,0,0,0,0, 0,0,0,0,0,3,0,0,0,0
45800,2,40,71.1,8,33,1.1353,0.388701,0,0,0,0,0,0,0,0,0,0,0, 0,0,0,0,0,3,0,0,0,0
45800,3,237,-56.5,72,32,-9.00597,5.96092,0,0,0,0,0,0,0,0,0,0,0, 0,0,0,0,0,3,0,0,0,0
45800,4,149,-54.4,76,32,-9.26935,6.6362,0,0,0,0,0,0,0,0,0,0,0, 0,0,0,0,0,3,0,0,0,0
45800,5,101,-48,80,32,-8.91774,8.02957,0,0,0,0,0,0,0,0,0,0,0, 0,0,0,0,0,3,0,0,0,0
45800,6,138,-57.4,60,32,-7.58207,4.84894,0,0,0,0,0,0,0,0,0,0,0, 0,0,0,0,0,3,0,0,0,0
45840,0,244,-56.5,64,32,-8.0053,5.2986,0,0,0,0,0,0,0,0,0,0,0, 0,0,0,0,0,4,0,0,0,0
45840,1,288,-56.5,68,32,-8.50564,5.62976,0,0,0,0,0,0,0,0,0,0,0, 0,0,0,0,0,4,0,0,0,0
45840,2,24,-2.4,132,31.75,-0.829138,19.7826,0,0,0,0,0,0,0,0,0,0,0, 0,0,0,0,0,4,0,0,0,0
45840,3,38,69.6,8,33,1.12474,0.418287,0,0,0,0,0,0,0,0,0,0,0, 0,0,0,0,0,4,0,0,0,0
45840,4,240,-55.4,72,32,-8.88987,6.13271,0,0,0,0,0,0,0,0,0,0,0, 0,0,0,0,0,4,0,0,0,0
45840,5,155,-53.4,76,32,-9.15212,6.79696,0,0,0,0,0,0,0,0,0,0,0, 0,0,0,0,0,4,0,0,0,0
45840,6,106,-49.8,80,32,-9.16555,7.74549,0,0,0,0,0,0,0,0,0,0,0, 0,0,0,0,0,4,0,0,0,0
45840,7,140,-57.4,60,32,-7.58207,4.84894,0,0,0,0,0,0,0,0,0,0,0, 0,0,0,0,0,4,0,0,0,0
45880,0,246,-57.4,64,32,-8.08754,5.1722,0,0,0,0,0,0,0,0,0,0,0, 0,0,0,0,0,5,0,0,0,0
45880,1,290,-57.4,68,32,-8.59301,5.49546,0,0,0,0,0,0,0,0,0,0,0, 0,0,0,0,0,5,0,0,0,0
45880,2,241,-56.5,72,32,-9.00597,5.96092,0,0,0,0,0,0,0,0,0,0,0, 0,0,0,0,0,5,0,0,0,0
45880,3,151,-55.4,76,32,-9.38375,6.47342,0,0,0,0,0,0,0,0,0,0,0, 0,0,0,0,0,5,0,0,0,0
45880,4,99,-49.8,80,32,-9.16555,7.74549,0,0,0,0,0,0,0,0,0,0,0, 0,0,0,0,0,5,0,0,0,0
45880,5,138,-57.4,60,32,-7.58207,4.84894,0,0,0,0,0,0,0,0,0,0,0, 0,0,0,0,0,5,0,0,0,0
45920,0,244,-56.5,64,32,-8.0053,5.2986,0,0,0,0,0,0,0,0,0,0,0, 0,0,0,0,0,6,0,0,0,0
45920,1,289,-55.4,68,32,-8.39599,5.79201,0,0,0,0,0,0,0,0,0,0,0, 0,0,0,0,0,6,0,0,0,0
45920,2,243,-55.4,72,32,-8.88987,6.13271,0,0,0,0,0,0,0,0,0,0,0, 0,0,0,0,0,6,0,0,0,0
45920,3,18,-1.8,168,31.75,-0.791551,25.1876,0,0,0,0,0,0,0,0,0,0,0, 0,0,0,0,0,6,0,0,0,0
45920,4,155,-53.4,76,32,-9.15212,6.79696,0,0,0,0,0,0,0,0,0,0,0, 0,0,0,0,0,6,0,0,0,0
45920,5,104,-49.8,80,32,-9.16555,7.74549,0,0,0,0,0,0,0,0,0,0,0, 0,0,0,0,0,6,0,0,0,0
45920,6,21,-6,120,31.75,-1.88151,17.9014,0,0,0,0,0,0,0,0,0,0,0, 0,0,0,0,0,6,0,0,0,0
45920,7,20,0.1,152,32.5,0.0397935,22.8,0,0,0,0,0,0,0,0,0,0,0, 0,0,0,0,0,6,0,0,0,0
45920,8,139,-56.5,60,32,-7.50497,4.96743,0,0,0,0,0,0,0,0,0,0,0, 0,0,0,0,0,6,0,0,0,0
45960,0,246,-57.4,64,32,-8.08754,5.1722,0,0,0,0,0,0,0,0,0,0,0, 0,0,0,0,0,7,0,0,0,0
45960,1,290,-57.4,68,32,-8.59301,5.49546,0,0,0,0,0,0,0,0,0,0,0, 0,0,0,0,0,7,0,0,0,0
45960,2,15,5.4,164,32.25,2.31506,24.4908,0,0,0,0,0,0,0,0,0,0,0, 0,0,0,0,0,7,0,0,0,0
45960,3,240,-57.4,72,32,-9.09849,5.81872,0,0,0,0,0,0,0,0,0,0,0, 0,0,0,0,0,7,0,0,0,0
45960,4,16,-6,168,31.5,-2.63412,25.062,0,0,0,0,0,0,0,0,0,0,0, 0,0,0,0,0,7,0,0,0,0
45960,5,150,-56.5,76,32,-9.5063,6.29208,0,0,0,0,0,0,0,0,0,0,0, 0,0,0,0,0,7,0,0,0,0
45960,6,99,-49.8,80,32,-9.16555,7.74549,0,0,0,0,0,0,0,0,0,0,0, 0,0,0,0,0,7,0,0,0,0
45960,7,140,-57.4,60,32,-7.58207,4.84894,0,0,0,0,0,0,0,0,0,0,0, 0,0,0,0,0,7,0,0,0,0
45960,8,27,3.1,156,31.75,1.26544,23.3658,0,0,0,0,0,0,0,0,0,0,0, 0,0,0,0,0,7,0,0,0,0
46000,0,245,-56.5,64,32,-8.0053,5.2986,0,0,0,0,0,0,0,0,0,0,0, 0,0,0,0,0,8,0,0,0,0
46000,1,289,-56.5,68,32,-8.50564,5.62976,0,0,0,0,0,0,0,0,0,0,0, 0,0,0,0,0,8,0,0,0,0
46000,2,28,4.2,164,31.25,1.80166,24.5339,0,0,0,0,0,0,0,0,0,0,0, 0,0,0,0,0,8,0,0,0,0
46000,3,22,2.4,164,32.25,1.03014,24.5784,0,0,0,0,0,0,0,0,0,0,0, 0,0,0,0,0,8,0,0,0,0
46000,4,239,-56.5,72,32,-9.00597,5.96092,0,0,0,0,0,0,0,0,0,0,0, 0,0,0,0,0,8,0,0,0,0
46000,5,149,-55.4,76,32,-9.38375,6.47342,0,0,0,0,0,0,0,0,0,0,0, 0,0,0,0,0,8,0,0,0,0
46000,6,100,-49.8,80,32,-9.16555,7.74549,0,0,0,0,0,0,0,0,0,0,0, 0,0,0,0,0,8,0,0,0,0
46000,7,139,-57.4,60,32,-7.58207,4.84894,0,0,0,0,0,0,0,0,0,0,0, 0,0,0,0,0,8,0,0,0,0
46040,0,244,-56.5,64,32,-8.0053,5.2986,0,1334,0,0,0,0,0,0,0,0,0, 0,0,0,0,0,9,0,0,0,0
46040,1,287,-56.5,68,32,-8.50564,5.62976,0,1334,0,0,0,0,0,0,0,0,0, 0,0,0,0,0,9,0,0,0,0
46040,2,42,69.6,8,33,1.12474,0.418287,0,1334,0,0,0,0,0,0,0,0,0, 0,0,0,0,0,9,0,0,0,0
46040,3,241,-56.5,72,32,-9.00597,5.96092,0,1334,0,0,0,0,0,0,0,0,0, 0,0,0,0,0,9,0,0,0,0
46040,4,152,-54.4,76,32,-9.26935,6.6362,0,1334,0,0,0,0,0,0,0,0,0, 0,0,0,0,0,9,0,0,0,0
46040,5,103,-49.8,80,32,-9.16555,7.74549,0,1334,0,0,0,0,0,0,0,0,0, 0,0,0,0,0,9,0,0,0,0
46040,6,141,-55.4,60,32,-7.40823,5.11059,0,1334,0,0,0,0,0,0,0,0,0, 0,0,0,0,0,9,0,0,0,0
46080,0,247,-56.5,64,32,-8.0053,5.2986,0,0,0,0,0,0,0,0,0,0,0, 0,0,0,0,0,10,0,0,0,0
46080,1,39,2.4,160,31.75,1.00502,23.9789,0,0,0,0,0,0,0,0,0,0,0, 0,0,0,0,0,10,0,0,0,0
46080,2,31,1.3,160,32.25,0.544496,23.9938,0,0,0,0,0,0,0,0,0,0,0, 0,0,0,0,0,10,0,0,0,0
46080,3,288,-56.5,68,32,-8.50564,5.62976,0,0,0,0,0,0,0,0,0,0,0, 0,0,0,0,0,10,0,0,0,0
46080,4,37,-0.6,164,31.25,-0.257606,24.5987,0,0,0,0,0,0,0,0,0,0,0, 0,0,0,0,0,10,0,0,0,0
46080,5,28,2.4,164,32.25,1.03014,24.5784,0,0,0,0,0,0,0,0,0,0,0, 0,0,0,0,0,10,0,0,0,0
46080,6,37,68.6,8,33,1.11727,0.437852,0,0,0,0,0,0,0,0,0,0,0, 0,0,0,0,0,10,0,0,0,0
46080,7,240,-56.5,72,32,-9.00597,5.96092,0,0,0,0,0,0,0,0,0,0,0, 0,0,0,0,0,10,0,0,0,0
46080,8,16,6.1,168,32.5,2.67785,25.0573,0,0,0,0,0,0,0,0,0,0,0, 0,0,0,0,0,10,0,0,0,0
46080,9,149,-54.4,76,32,-9.26935,6.6362,0,0,0,0,0,0,0,0,0,0,0, 0,0,0,0,0,10,0,0,0,0
46080,10,100,-49.8,80,32,-9.16555,7.74549,0,0,0,0,0,0,0,0,0,0,0, 0,0,0,0,0,10,0,0,0,0
46080,11,142,-56.5,60,32,-7.50497,4.96743,0,0,0,0,0,0,0,0,0,0,0, 0,0,0,0,0,10,0,0,0,0
46120,0,248,-55.4,64,32,-7.90211,5.4513,0,7936,0,0,0,0,0,0,0,0,0, 0,0,0,0,0,11,0,0,0,0
46120,1,292,-55.4,68,32,-8.39599,5.79201,0,7936,0,0,0,0,0,0,0,0,0, 0,0,0,0,0,11,0,0,0,0
46120,2,31,3.1,164,31.25,1.33034,24.564,0,7936,0,0,0,0,0,0,0,0,0, 0,0,0,0,0,11,0,0,0,0
46120,3,29,3.1,164,32.25,1.33034,24.564,0,7936,0,0,0,0,0,0,0,0,0, 0,0,0,0,0,11,0,0,0,0
46120,4,20,1.8,164,33,0.772705,24.5879,0,7936,0,0,0,0,0,0,0,0,0, 0,0,0,0,0,11,0,0,0,0
46120,5,242,-55.4,72,32,-8.88987,6.13271,0,7936,0,0,0,0,0,0,0,0,0, 0,0,0,0,0,11,0,0,0,0
46120,6,155,-54.4,76,32,-9.26935,6.6362,0,7936,0,0,0,0,0,0,0,0,0, 0,0,0,0,0,11,0,0,0,0
46120,7,103,-49.8,80,32,-9.16555,7.74549,0,7936,0,0,0,0,0,0,0,0,0, 0,0,0,0,0,11,0,0,0,0
46120,8,142,-55.4,60,32,-7.40823,5.11059,0,7936,0,0,0,0,0,0,0,0,0, 0,0,0,0,0,11,0,0,0,0
46160,0,246,-56.5,64,32,-8.0053,5.2986,0,1140,0,0,0,0,0,0,0,0,0, 0,0,0,0,0,12,0,0,0,0
46160,1,41,2.4,160,31.5,1.00502,23.9789,0,1140,0,0,0,0,0,0,0,0,0, 0,0,0,0,0,12,0,0,0,0
46160,2,25,3.1,160,32.25,1.29789,23.9649,0,1140,0,0,0,0,0,0,0,0,0, 0,0,0,0,0,12,0,0,0,0
46160,3,289,-56.5,68,32,-8.50564,5.62976,0,1140,0,0,0,0,0,0,0,0,0, 0,0,0,0,0,12,0,0,0,0
46160,4,28,6.6,164,32.75,2.82745,24.437,0,1140,0,0,0,0,0,0,0,0,0, 0,0,0,0,0,12,0,0,0,0
46160,5,25,7.2,164,33,3.0832,24.406,0,1140,0,0,0,0,0,0,0,0,0, 0,0,0,0,0,12,0,0,0,0
46160,6,238,-56.5,72,32,-9.00597,5.96092,0,1140,0,0,0,0,0,0,0,0,0, 0,0,0,0,0,12,0,0,0,0
46160,7,148,-54.4,76,32,-9.26935,6.6362,0,1140,0,0,0,0,0,0,0,0,0, 0,0,0,0,0,12,0,0,0,0
46160,8,96,-49.8,80,32,-9.16555,7.74549,0,1140,0,0,0,0,0,0,0,0,0, 0,0,0,0,0,12,0,0,0,0
46160,9,140,-55.4,60,32,-7.40823,5.11059,0,1140,0,0,0,0,0,0,0,0,0, 0,0,0,0,0,12,0,0,0,0
46160,10,18,1.3,156,31.75,0.530884,23.394,0,1140,0,0,0,0,0,0,0,0,0, 0,0,0,0,0,12,0,0,0,0
46160,11,17,-1.8,156,32.25,-0.735012,23.3885,0,1140,0,0,0,0,0,0,0,0,0, 0,0,0,0,0,12,0,0,0,0
46200,0,246,-56.5,64,32,-8.0053,5.2986,0,86,0,0,0,0,0,0,0,0,0, 0,0,0,0,0,13,0,0,0,0
46200,1,289,-55.4,68,32,-8.39599,5.79201,0,86,0,0,0,0,0,0,0,0,0, 0,0,0,0,0,13,0,0,0,0
46200,2,240,-55.4,72,32,-8.88987,6.13271,0,86,0,0,0,0,0,0,0,0,0, 0,0,0,0,0,13,0,0,0,0
46200,3,150,-54.4,76,32,-9.26935,6.6362,0,86,0,0,0,0,0,0,0,0,0, 0,0,0,0,0,13,0,0,0,0
46200,4,96,-53.4,80,32,-9.63381,7.1547,0,86,0,0,0,0,0,0,0,0,0, 0,0,0,0,0,13,0,0,0,0
46200,5,141,-55.4,60,32,-7.40823,5.11059,0,86,0,0,0,0,0,0,0,0,0, 0,0,0,0,0,13,0,0,0,0
46240,0,248,-56.5,64,32,-8.0053,5.2986,0,0,0,0,0,0,0,0,0,0,0, 0,0,0,0,0,14,0,0,0,0
46240,1,290,-55.4,68,32,-8.39599,5.79201,0,0,0,0,0,0,0,0,0,0,0, 0,0,0,0,0,14,0,0,0,0
46240,2,241,-55.4,72,32,-8.88987,6.13271,0,0,0,0,0,0,0,0,0,0,0, 0,0,0,0,0,14,0,0,0,0
46240,3,151,-54.4,76,32,-9.26935,6.6362,0,0,0,0,0,0,0,0,0,0,0, 0,0,0,0,0,14,0,0,0,0
46240,4,96,-53.4,80,32,-9.63381,7.1547,0,0,0,0,0,0,0,0,0,0,0, 0,0,0,0,0,14,0,0,0,0
46240,5,140,-55.4,60,32,-7.40823,5.11059,0,0,0,0,0,0,0,0,0,0,0, 0,0,0,0,0,14,0,0,0,0
46280,0,247,-55.4,64,32,-7.90211,5.4513,0,0,0,0,0,0,0,0,0,0,0, 0,0,0,0,0,15,0,0,0,0
46280,1,14,21.8,480,14.25,26.7385,66.851,0,0,0,0,0,0,0,0,0,0,0, 0,0,0,0,0,15,0,0,0,0
46280,2,292,-55.4,68,32,-8.39599,5.79201,0,0,0,0,0,0,0,0,0,0,0, 0,0,0,0,0,15,0,0,0,0
46280,3,14,3.1,164,32.75,1.33034,24.564,0,0,0,0,0,0,0,0,0,0,0, 0,0,0,0,0,15,0,0,0,0
46280,4,241,-55.4,72,32,-8.88987,6.13271,0,0,0,0,0,0,0,0,0,0,0, 0,0,0,0,0,15,0,0,0,0
46280,5,151,-54.4,76,32,-9.26935,6.6362,0,0,0,0,0,0,0,0,0,0,0, 0,0,0,0,0,15,0,0,0,0
46280,6,97,-49.8,80,32,-9.16555,7.74549,0,0,0,0,0,0,0,0,0,0,0, 0,0,0,0,0,15,0,0,0,0
46280,7,140,-56.5,60,32,-7.50497,4.96743,0,0,0,0,0,0,0,0,0,0,0, 0,0,0,0,0,15,0,0,0,0
46320,0,247,-55.4,64,32,-7.90211,5.4513,0,0,0,0,0,0,0,0,0,0,0, 0,0,0,0,0,0,0,0,0,0
46320,1,291,-55.4,68,32,-8.39599,5.79201,0,0,0,0,0,0,0,0,0,0,0, 0,0,0,0,0,0,0,0,0,0
46320,2,243,-55.4,72,32,-8.88987,6.13271,0,0,0,0,0,0,0,0,0,0,0, 0,0,0,0,0,0,0,0,0,0
46320,3,155,-54.4,76,32,-9.26935,6.6362,0,0,0,0,0,0,0,0,0,0,0, 0,0,0,0,0,0,0,0,0,0
46320,4,101,-51.6,80,32,-9.40432,7.45377,0,0,0,0,0,0,0,0,0,0,0, 0,0,0,0,0,0,0,0,0,0
46320,5,140,-55.4,60,32,-7.40823,5.11059,0,0,0,0,0,0,0,0,0,0,0, 0,0,0,0,0,0,0,0,0,0
46360,0,248,-56.5,64,32,-8.0053,5.2986,0,0,0,0,0,0,0,0,0,0,0, 0,0,0,0,0,1,0,0,0,0
46360,1,292,-56.5,68,32,-8.50564,5.62976,0,0,0,0,0,0,0,0,0,0,0, 0,0,0,0,0,1,0,0,0,0
46360,2,241,-56.5,72,32,-9.00597,5.96092,0,0,0,0,0,0,0,0,0,0,0, 0,0,0,0,0,1,0,0,0,0
46360,3,149,-55.4,76,32,-9.38375,6.47342,0,0,0,0,0,0,0,0,0,0,0, 0,0,0,0,0,1,0,0,0,0
46360,4,93,-51.6,80,32,-9.40432,7.45377,0,0,0,0,0,0,0,0,0,0,0, 0,0,0,0,0,1,0,0,0,0
46360,5,25,-3,152,31.25,-1.19326,22.7688,0,0,0,0,0,0,0,0,0,0,0, 0,0,0,0,0,1,0,0,0,0
46360,6,141,-55.4,60,32,-7.40823,5.11059,0,0,0,0,0,0,0,0,0,0,0, 0,0,0,0,0,1,0,0,0,0
46360,7,28,0.1,156,31.75,0.0408407,23.4,0,0,0,0,0,0,0,0,0,0,0, 0,0,0,0,0,1,0,0,0,0
46360,8,26,-0.6,156,32.25,-0.24504,23.3987,0,0,0,0,0,0,0,0,0,0,0, 0,0,0,0,0,1,0,0,0,0
46400,0,245,-56.5,64,32,-8.0053,5.2986,0,0,0,0,0,0,0,0,0,0,0, 0,0,0,0,0,2,0,0,0,0
46400,1,289,-55.4,68,32,-8.39599,5.79201,0,0,0,0,0,0,0,0,0,0,0, 0,0,0,0,0,2,0,0,0,0
46400,2,241,-55.4,72,32,-8.88987,6.13271,0,0,0,0,0,0,0,0,0,0,0, 0,0,0,0,0,2,0,0,0,0
46400,3,151,-54.4,76,32,-9.26935,6.6362,0,0,0,0,0,0,0,0,0,0,0, 0,0,0,0,0,2,0,0,0,0
46400,4,101,-49.8,80,32,-9.16555,7.74549,0,0,0,0,0,0,0,0,0,0,0, 0,0,0,0,0,2,0,0,0,0
46400,5,140,-56.5,60,32,-7.50497,4.96743,0,0,0,0,0,0,0,0,0,0,0, 0,0,0,0,0,2,0,0,0,0
46440,0,245,-57.4,64,32,-8.08754,5.1722,0,0,0,0,0,0,0,0,0,0,0, 0,0,0,0,0,3,0,0,0,0
46440,1,288,-56.5,68,32,-8.50564,5.62976,0,0,0,0,0,0,0,0,0,0,0, 0,0,0,0,0,3,0,0,0,0
46440,2,46,69.6,8,33,1.12474,0.418287,0,0,0,0,0,0,0,0,0,0,0, 0,0,0,0,0,3,0,0,0,0
46440,3,238,-55.4,72,32,-8.88987,6.13271,0,0,0,0,0,0,0,0,0,0,0, 0,0,0,0,0,3,0,0,0,0
46440,4,42,-5.4,136,31.75,-1.91981,20.3095,0,0,0,0,0,0,0,0,0,0,0, 0,0,0,0,0,3,0,0,0,0
46440,5,39,-6,136,33,-2.13238,20.2882,0,0,0,0,0,0,0,0,0,0,0, 0,0,0,0,0,3,0,0,0,0
46440,6,147,-54.4,76,32,-9.26935,6.6362,0,0,0,0,0,0,0,0,0,0,0, 0,0,0,0,0,3,0,0,0,0
46440,7,31,-5.4,140,31.75,-1.97627,20.9068,0,0,0,0,0,0,0,0,0,0,0, 0,0,0,0,0,3,0,0,0,0
46440,8,100,-48,80,32,-8.91774,8.02957,0,0,0,0,0,0,0,0,0,0,0, 0,0,0,0,0,3,0,0,0,0
46440,9,20,-2.4,152,32.25,-0.954765,22.78,0,0,0,0,0,0,0,0,0,0,0, 0,0,0,0,0,3,0,0,0,0
46440,10,138,-56.5,60,32,-7.50497,4.96743,0,0,0,0,0,0,0,0,0,0,0, 0,0,0,0,0,3,0,0,0,0
46440,11,17,-6,156,31.25,-2.44597,23.2718,0,0,0,0,0,0,0,0,0,0,0, 0,0,0,0,0,3,0,0,0,0
46480,0,246,-56.5,64,32,-8.0053,5.2986,0,0,0,0,0,0,0,0,0,0,0, 0,0,0,0,0,4,0,0,0,0
46480,1,290,-56.5,68,32,-8.50564,5.62976,0,0,0,0,0,0,0,0,0,0,0, 0,0,0,0,0,4,0,0,0,0
46480,2,41,71.1,8,33,1.1353,0.388701,0,0,0,0,0,0,0,0,0,0,0, 0,0,0,0,0,4,0,0,0,0
46480,3,241,-55.4,72,32,-8.88987,6.13271,0,0,0,0,0,0,0,0,0,0,0, 0,0,0,0,0,4,0,0,0,0
46480,4,156,-53.4,76,32,-9.15212,6.79696,0,0,0,0,0,0,0,0,0,0,0, 0,0,0,0,0,4,0,0,0,0
46480,5,104,-48,80,32,-8.91774,8.02957,0,0,0,0,0,0,0,0,0,0,0, 0,0,0,0,0,4,0,0,0,0
46480,6,142,-56.5,60,32,-7.50497,4.96743,0,0,0,0,0,0,0,0,0,0,0, 0,0,0,0,0,4,0,0,0,0
46520,0,247,-56.5,64,32,-8.0053,5.2986,0,0,0,0,0,0,0,0,0,0,0, 0,0,0,0,0,5,0,0,0,0
46520,1,291,-56.5,68,32,-8.50564,5.62976,0,0,0,0,0,0,0,0,0,0,0, 0,0,0,0,0,5,0,0,0,0
46520,2,238,-55.4,72,32,-8.88987,6.13271,0,0,0,0,0,0,0,0,0,0,0, 0,0,0,0,0,5,0,0,0,0
46520,3,150,-53.4,76,32,-9.15212,6.79696,0,0,0,0,0,0,0,0,0,0,0, 0,0,0,0,0,5,0,0,0,0
46520,4,99,-46.7,80,32,-8.73327,8.22982,0,0,0,0,0,0,0,0,0,0,0, 0,0,0,0,0,5,0,0,0,0
46520,5,18,-6,152,31.75,-2.38325,22.6751,0,0,0,0,0,0,0,0,0,0,0, 0,0,0,0,0,5,0,0,0,0
46520,6,140,-56.5,60,32,-7.50497,4.96743,0,0,0,0,0,0,0,0,0,0,0, 0,0,0,0,0,5,0,0,0,0
46520,7,13,-38.7,220,47,-20.633,25.7542,0,0,0,0,0,0,0,0,0,0,0, 0,0,0,0,0,5,0,0,0,0
46560,0,243,-56.5,64,32,-8.0053,5.2986,0,0,0,0,0,0,0,0,0,0,0, 0,0,0,0,0,6,0,0,0,0
46560,1,287,-56.5,68,32,-8.50564,5.62976,0,0,0,0,0,0,0,0,0,0,0, 0,0,0,0,0,6,0,0,0,0
46560,2,42,69.6,8,33,1.12474,0.418287,0,0,0,0,0,0,0,0,0,0,0, 0,0,0,0,0,6,0,0,0,0
46560,3,240,-56.5,72,32,-9.00597,5.96092,0,0,0,0,0,0,0,0,0,0,0, 0,0,0,0,0,6,0,0,0,0
46560,4,26,-3,136,31.75,-1.06765,20.372,0,0,0,0,0,0,0,0,0,0,0, 0,0,0,0,0,6,0,0,0,0
46560,5,154,-54.4,76,32,-9.26935,6.6362,0,0,0,0,0,0,0,0,0,0,0, 0,0,0,0,0,6,0,0,0,0
46560,6,103,-48,80,32,-8.91774,8.02957,0,0,0,0,0,0,0,0,0,0,0, 0,0,0,0,0,6,0,0,0,0
46560,7,138,-57.4,60,32,-7.58207,4.84894,0,0,0,0,0,0,0,0,0,0,0, 0,0,0,0,0,6,0,0,0,0
46600,0,243,-58.4,64,32,-8.17658,5.03026,0,0,0,0,0,0,0,0,0,0,0, 0,0,0,0,0,7,0,0,0,0
46600,1,289,-58.4,68,32,-8.68761,5.34466,0,0,0,0,0,0,0,0,0,0,0, 0,0,0,0,0,7,0,0,0,0
46600,2,240,-57.4,72,32,-9.09849,5.81872,0,0,0,0,0,0,0,0,0,0,0, 0,0,0,0,0,7,0,0,0,0
46600,3,151,-54.4,76,32,-9.26935,6.6362,0,0,0,0,0,0,0,0,0,0,0, 0,0,0,0,0,7,0,0,0,0
46600,4,97,-48,80,32,-8.91774,8.02957,0,0,0,0,0,0,0,0,0,0,0, 0,0,0,0,0,7,0,0,0,0
46600,5,14,16.2,404,4.5,16.9069,58.1938,0,0,0,0,0,0,0,0,0,0,0, 0,0,0,0,0,7,0,0,0,0
46600,6,21,-6.6,152,33,-2.62057,22.6489,0,0,0,0,0,0,0,0,0,0,0, 0,0,0,0,0,7,0,0,0,0
46600,7,139,-57.4,60,32,-7.58207,4.84894,0,0,0,0,0,0,0,0,0,0,0, 0,0,0,0,0,7,0,0,0,0
46640,0,243,-58.4,64,32,-8.17658,5.03026,0,0,0,0,0,0,0,0,0,0,0, 0,0,0,0,0,8,0,0,0,0
46640,1,287,-57.4,68,32,-8.59301,5.49546,0,0,0,0,0,0,0,0,0,0,0, 0,0,0,0,0,8,0,0,0,0
46640,2,238,-56.5,72,32,-9.00597,5.96092,0,0,0,0,0,0,0,0,0,0,0, 0,0,0,0,0,8,0,0,0,0
46640,3,150,-54.4,76,32,-9.26935,6.6362,0,0,0,0,0,0,0,0,0,0,0, 0,0,0,0,0,8,0,0,0,0
46640,4,97,-49.8,80,32,-9.16555,7.74549,0,0,0,0,0,0,0,0,0,0,0, 0,0,0,0,0,8,0,0,0,0
46640,5,138,-56.5,60,32,-7.50497,4.96743,0,0,0,0,0,0,0,0,0,0,0, 0,0,0,0,0,8,0,0,0,0
46680,0,243,-56.5,64,32,-8.0053,5.2986,0,1334,0,0,0,0,0,0,0,0,0, 0,0,0,0,0,9,0,0,0,0
46680,1,286,-56.5,68,32,-8.50564,5.62976,0,1334,0,0,0,0,0,0,0,0,0, 0,0,0,0,0,9,0,0,0,0
46680,2,240,-55.4,72,32,-8.88987,6.13271,0,1334,0,0,0,0,0,0,0,0,0, 0,0,0,0,0,9,0,0,0,0
46680,3,152,-53.4,76,32,-9.15212,6.79696,0,1334,0,0,0,0,0,0,0,0,0, 0,0,0,0,0,9,0,0,0,0
46680,4,99,-51.6,80,32,-9.40432,7.45377,0,1334,0,0,0,0,0,0,0,0,0, 0,0,0,0,0,9,0,0,0,0
46680,5,17,-5.4,152,31.75,-2.14567,22.6988,0,1334,0,0,0,0,0,0,0,0,0, 0,0,0,0,0,9,0,0,0,0
46680,6,137,-56.5,60,32,-7.50497,4.96743,0,1334,0,0,0,0,0,0,0,0,0, 0,0,0,0,0,9,0,0,0,0
46720,0,243,-57.4,64,32,-8.08754,5.1722,0,0,0,0,0,0,0,0,0,0,0, 0,0,0,0,0,10,0,0,0,0
46720,1,288,-56.5,68,32,-8.50564,5.62976,0,0,0,0,0,0,0,0,0,0,0, 0,0,0,0,0,10,0,0,0,0
46720,2,238,-56.5,72,32,-9.00597,5.96092,0,0,0,0,0,0,0,0,0,0,0, 0,0,0,0,0,10,0,0,0,0
46720,3,148,-54.4,76,32,-9.26935,6.6362,0,0,0,0,0,0,0,0,0,0,0, 0,0,0,0,0,10,0,0,0,0
46720,4,94,-51.6,80,32,-9.40432,7.45377,0,0,0,0,0,0,0,0,0,0,0, 0,0,0,0,0,10,0,0,0,0
46720,5,139,-59.4,60,32,-7.74668,4.58137,0,0,0,0,0,0,0,0,0,0,0, 0,0,0,0,0,10,0,0,0,0
46760,0,243,-58.4,64,32,-8.17658,5.03026,0,7936,0,0,0,0,0,0,0,0,0, 0,0,0,0,0,11,0,0,0,0
46760,1,286,-57.4,68,32,-8.59301,5.49546,0,7936,0,0,0,0,0,0,0,0,0, 0,0,0,0,0,11,0,0,0,0
46760,2,239,-56.5,72,32,-9.00597,5.96092,0,7936,0,0,0,0,0,0,0,0,0, 0,0,0,0,0,11,0,0,0,0
46760,3,151,-55.4,76,32,-9.38375,6.47342,0,7936,0,0,0,0,0,0,0,0,0, 0,0,0,0,0,11,0,0,0,0
46760,4,95,-54.4,80,32,-9.75721,6.98548,0,7936,0,0,0,0,0,0,0,0,0, 0,0,0,0,0,11,0,0,0,0
46760,5,136,-58.4,60,32,-7.66554,4.71587,0,7936,0,0,0,0,0,0,0,0,0, 0,0,0,0,0,11,0,0,0,0
46800,0,242,-58.4,64,32,-8.17658,5.03026,0,1140,0,0,0,0,0,0,0,0,0, 0,0,0,0,0,12,0,0,0,0
46800,1,15,6.1,160,33,2.55034,23.8641,0,1140,0,0,0,0,0,0,0,0,0, 0,0,0,0,0,12,0,0,0,0
46800,2,287,-57.4,68,32,-8.59301,5.49546,0,1140,0,0,0,0,0,0,0,0,0, 0,0,0,0,0,12,0,0,0,0
46800,3,18,3.6,164,32.75,1.54465,24.5515,0,1140,0,0,0,0,0,0,0,0,0, 0,0,0,0,0,12,0,0,0,0
46800,4,238,-56.5,72,32,-9.00597,5.96092,0,1140,0,0,0,0,0,0,0,0,0, 0,0,0,0,0,12,0,0,0,0
46800,5,149,-55.4,76,32,-9.38375,6.47342,0,1140,0,0,0,0,0,0,0,0,0, 0,0,0,0,0,12,0,0,0,0
46800,6,95,-53.4,80,32,-9.63381,7.1547,0,1140,0,0,0,0,0,0,0,0,0, 0,0,0,0,0,12,0,0,0,0
46800,7,138,-58.4,60,32,-7.66554,4.71587,0,1140,0,0,0,0,0,0,0,0,0, 0,0,0,0,0,12,0,0,0,0
46840,0,242,-57.4,64,32,-8.08754,5.1722,0,86,0,0,0,0,0,0,0,0,0, 0,0,0,0,0,13,0,0,0,0
46840,1,287,-56.5,68,32,-8.50564,5.62976,0,86,0,0,0,0,0,0,0,0,0, 0,0,0,0,0,13,0,0,0,0
46840,2,21,4.8,164,31.75,2.05848,24.5137,0,86,0,0,0,0,0,0,0,0,0, 0,0,0,0,0,13,0,0,0,0
46840,3,19,3.6,164,33,1.54465,24.5515,0,86,0,0,0,0,0,0,0,0,0, 0,0,0,0,0,13,0,0,0,0
46840,4,239,-56.5,72,32,-9.00597,5.96092,0,86,0,0,0,0,0,0,0,0,0, 0,0,0,0,0,13,0,0,0,0
46840,5,152,-54.4,76,32,-9.26935,6.6362,0,86,0,0,0,0,0,0,0,0,0, 0,0,0,0,0,13,0,0,0,0
46840,6,100,-53.4,80,32,-9.63381,7.1547,0,86,0,0,0,0,0,0,0,0,0, 0,0,0,0,0,13,0,0,0,0
46840,7,137,-58.4,60,32,-7.66554,4.71587,0,86,0,0,0,0,0,0,0,0,0, 0,0,0,0,0,13,0,0,0,0
46880,0,244,-58.4,64,32,-8.17658,5.03026,0,0,0,0,0,0,0,0,0,0,0, 0,0,0,0,0,14,0,0,0,0
46880,1,288,-57.4,68,32,-8.59301,5.49546,0,0,0,0,0,0,0,0,0,0,0, 0,0,0,0,0,14,0,0,0,0
46880,2,238,-56.5,72,32,-9.00597,5.96092,0,0,0,0,0,0,0,0,0,0,0, 0,0,0,0,0,14,0,0,0,0
46880,3,150,-55.4,76,32,-9.38375,6.47342,0,0,0,0,0,0,0,0,0,0,0, 0,0,0,0,0,14,0,0,0,0
46880,4,96,-53.4,80,32,-9.63381,7.1547,0,0,0,0,0,0,0,0,0,0,0, 0,0,0,0,0,14,0,0,0,0
46880,5,25,-4.8,116,32.25,-1.45599,17.339,0,0,0,0,0,0,0,0,0,0,0, 0,0,0,0,0,14,0,0,0,0
46880,6,137,-58.4,60,32,-7.66554,4.71587,0,0,0,0,0,0,0,0,0,0,0, 0,0,0,0,0,14,0,0,0,0
46920,0,243,-57.4,64,32,-8.08754,5.1722,0,0,0,0,0,0,0,0,0,0,0, 0,0,0,0,0,15,0,0,0,0
46920,1,288,-56.5,68,32,-8.50564,5.62976,0,0,0,0,0,0,0,0,0,0,0, 0,0,0,0,0,15,0,0,0,0
46920,2,47,71.1,8,33,1.1353,0.388701,0,0,0,0,0,0,0,0,0,0,0, 0,0,0,0,0,15,0,0,0,0
46920,3,239,-56.5,72,32,-9.00597,5.96092,0,0,0,0,0,0,0,0,0,0,0, 0,0,0,0,0,15,0,0,0,0
46920,4,154,-54.4,76,32,-9.26935,6.6362,0,0,0,0,0,0,0,0,0,0,0, 0,0,0,0,0,15,0,0,0,0
46920,5,101,-53.4,80,32,-9.63381,7.1547,0,0,0,0,0,0,0,0,0,0,0, 0,0,0,0,0,15,0,0,0,0
46920,6,138,-57.4,60,32,-7.58207,4.84894,0,0,0,0,0,0,0,0,0,0,0, 0,0,0,0,0,15,0,0,0,0
46960,0,245,-57.4,64,32,-8.08754,5.1722,0,0,0,0,0,0,0,0,0,0,0, 0,0,0,0,0,0,0,0,0,0
46960,1,289,-56.5,68,32,-8.50564,5.62976,0,0,0,0,0,0,0,0,0,0,0, 0,0,0,0,0,0,0,0,0,0
46960,2,239,-57.4,72,32,-9.09849,5.81872,0,0,0,0,0,0,0,0,0,0,0, 0,0,0,0,0,0,0,0,0,0
46960,3,149,-55.4,76,32,-9.38375,6.47342,0,0,0,0,0,0,0,0,0,0,0, 0,0,0,0,0,0,0,0,0,0
46960,4,98,-51.6,80,32,-9.40432,7.45377,0,0,0,0,0,0,0,0,0,0,0, 0,0,0,0,0,0,0,0,0,0
46960,5,137,-58.4,60,32,-7.66554,4.71587,0,0,0,0,0,0,0,0,0,0,0, 0,0,0,0,0,0,0,0,0,0
47000,0,243,-58.4,64,32,-8.17658,5.03026,0,0,0,0,0,0,0,0,0,0,0, 0,0,0,0,0,1,0,0,0,0
47000,1,287,-57.4,68,32,-8.59301,5.49546,0,0,0,0,0,0,0,0,0,0,0, 0,0,0,0,0,1,0,0,0,0
47000,2,236,-57.4,72,32,-9.09849,5.81872,0,0,0,0,0,0,0,0,0,0,0, 0,0,0,0,0,1,0,0,0,0
47000,3,148,-55.4,76,32,-9.38375,6.47342,0,0,0,0,0,0,0,0,0,0,0, 0,0,0,0,0,1,0,0,0,0
47000,4,96,-49.8,80,32,-9.16555,7.74549,0,0,0,0,0,0,0,0,0,0,0, 0,0,0,0,0,1,0,0,0,0
47000,5,138,-58.4,60,32,-7.66554,4.71587,0,0,0,0,0,0,0,0,0,0,0, 0,0,0,0,0,1,0,0,0,0
47040,0,244,-57.4,64,32,-8.08754,5.1722,0,0,0,0,0,0,0,0,0,0,0, 0,0,0,0,0,2,0,0,0,0
47040,1,288,-56.5,68,32,-8.50564,5.62976,0,0,0,0,0,0,0,0,0,0,0, 0,0,0,0,0,2,0,0,0,0
47040,2,239,-56.5,72,32,-9.00597,5.96092,0,0,0,0,0,0,0,0,0,0,0, 0,0,0,0,0,2,0,0,0,0
47040,3,151,-54.4,76,32,-9.26935,6.6362,0,0,0,0,0,0,0,0,0,0,0, 0,0,0,0,0,2,0,0,0,0
47040,4,101,-49.8,80,32,-9.16555,7.74549,0,0,0,0,0,0,0,0,0,0,0, 0,0,0,0,0,2,0,0,0,0
47040,5,14,17.1,176,30.25,7.76266,25.2329,0,0,0,0,0,0,0,0,0,0,0, 0,0,0,0,0,2,0,0,0,0
47040,6,138,-56.5,60,32,-7.50497,4.96743,0,0,0,0,0,0,0,0,0,0,0, 0,0,0,0,0,2,0,0,0,0
47080,0,246,-56.5,64,32,-8.0053,5.2986,0,0,0,0,0,0,0,0,0,0,0, 0,0,0,0,0,3,0,0,0,0
47080,1,291,-56.5,68,32,-8.50564,5.62976,0,0,0,0,0,0,0,0,0,0,0, 0,0,0,0,0,3,0,0,0,0
47080,2,239,-56.5,72,32,-9.00597,5.96092,0,0,0,0,0,0,0,0,0,0,0, 0,0,0,0,0,3,0,0,0,0
47080,3,147,-54.4,76,32,-9.26935,6.6362,0,0,0,0,0,0,0,0,0,0,0, 0,0,0,0,0,3,0,0,0,0
47080,4,97,-49.8,80,32,-9.16555,7.74549,0,0,0,0,0,0,0,0,0,0,0, 0,0,0,0,0,3,0,0,0,0
47080,5,34,-6.6,120,30.75,-2.06887,17.8807,0,0,0,0,0,0,0,0,0,0,0, 0,0,0,0,0,3,0,0,0,0
47080,6,138,-56.5,60,32,-7.50497,4.96743,0,0,0,0,0,0,0,0,0,0,0, 0,0,0,0,0,3,0,0,0,0
47120,0,243,-56.5,64,32,-8.0053,5.2986,0,0,0,0,0,0,0,0,0,0,0, 0,0,0,0,0,4,0,0,0,0
47120,1,286,-56.5,68,32,-8.50564,5.62976,0,0,0,0,0,0,0,0,0,0,0, 0,0,0,0,0,4,0,0,0,0
47120,2,237,-55.4,72,32,-8.88987,6.13271,0,0,0,0,0,0,0,0,0,0,0, 0,0,0,0,0,4,0,0,0,0
47120,3,151,-51.6,76,32,-8.93411,7.08108,0,0,0,0,0,0,0,0,0,0,0, 0,0,0,0,0,4,0,0,0,0
47120,4,101,-48,80,32,-8.91774,8.02957,0,0,0,0,0,0,0,0,0,0,0, 0,0,0,0,0,4,0,0,0,0
47120,5,138,-56.5,60,32,-7.50497,4.96743,0,0,0,0,0,0,0,0,0,0,0, 0,0,0,0,0,4,0,0,0,0
47160,0,245,-56.5,64,32,-8.0053,5.2986,0,0,0,0,0,0,0,0,0,0,0, 0,0,0,0,0,5,0,0,0,0
47160,1,288,-56.5,68,32,-8.50564,5.62976,0,0,0,0,0,0,0,0,0,0,0, 0,0,0,0,0,5,0,0,0,0
47160,2,36,75.1,8,30.75,1.15965,0.308559,0,0,0,0,0,0,0,0,0,0,0, 0,0,0,0,0,5,0,0,0,0
47160,3,45,69.6,8,33,1.12474,0.418287,0,0,0,0,0,0,0,0,0,0,0, 0,0,0,0,0,5,0,0,0,0
47160,4,238,-55.4,72,32,-8.88987,6.13271,0,0,0,0,0,0,0,0,0,0,0, 0,0,0,0,0,5,0,0,0,0
47160,5,147,-53.4,76,32,-9.15212,6.79696,0,0,0,0,0,0,0,0,0,0,0, 0,0,0,0,0,5,0,0,0,0
47160,6,98,-48,80,32,-8.91774,8.02957,0,0,0,0,0,0,0,0,0,0,0, 0,0,0,0,0,5,0,0,0,0
47160,7,137,-56.5,60,32,-7.50497,4.96743,0,0,0,0,0,0,0,0,0,0,0, 0,0,0,0,0,5,0,0,0,0
47200,0,244,-56.5,64,32,-8.0053,5.2986,0,0,0,0,0,0,0,0,0,0,0, 0,0,0,0,0,6,0,0,0,0
47200,1,288,-56.5,68,32,-8.50564,5.62976,0,0,0,0,0,0,0,0,0,0,0, 0,0,0,0,0,6,0,0,0,0
47200,2,43,71.1,8,33,1.1353,0.388701,0,0,0,0,0,0,0,0,0,0,0, 0,0,0,0,0,6,0,0,0,0
47200,3,239,-55.4,72,32,-8.88987,6.13271,0,0,0,0,0,0,0,0,0,0,0, 0,0,0,0,0,6,0,0,0,0
47200,4,152,-51.6,76,32,-8.93411,7.08108,0,0,0,0,0,0,0,0,0,0,0, 0,0,0,0,0,6,0,0,0,0
47200,5,100,-48,80,32,-8.91774,8.02957,0,0,0,0,0,0,0,0,0,0,0, 0,0,0,0,0,6,0,0,0,0
47200,6,43,-6.6,120,30.75,-2.06887,17.8807,0,0,0,0,0,0,0,0,0,0,0, 0,0,0,0,0,6,0,0,0,0
47200,7,137,-56.5,60,32,-7.50497,4.96743,0,0,0,0,0,0,0,0,0,0,0, 0,0,0,0,0,6,0,0,0,0
47200,8,42,-7.8,124,30.75,-2.52431,18.4279,0,0,0,0,0,0,0,0,0,0,0, 0,0,0,0,0,6,0,0,0,0
47240,0,242,-56.5,64,32,-8.0053,5.2986,0,0,0,0,0,0,0,0,0,0,0, 0,0,0,0,0,7,0,0,0,0
47240,1,285,-55.4,68,32,-8.39599,5.79201,0,0,0,0,0,0,0,0,0,0,0, 0,0,0,0,0,7,0,0,0,0
47240,2,38,71.1,8,33,1.1353,0.388701,0,0,0,0,0,0,0,0,0,0,0, 0,0,0,0,0,7,0,0,0,0
47240,3,239,-55.4,72,32,-8.88987,6.13271,0,0,0,0,0,0,0,0,0,0,0, 0,0,0,0,0,7,0,0,0,0
47240,4,154,-51.6,76,32,-8.93411,7.08108,0,0,0,0,0,0,0,0,0,0,0, 0,0,0,0,0,7,0,0,0,0
47240,5,102,-49.8,80,32,-9.16555,7.74549,0,0,0,0,0,0,0,0,0,0,0, 0,0,0,0,0,7,0,0,0,0
47240,6,137,-56.5,60,32,-7.50497,4.96743,0,0,0,0,0,0,0,0,0,0,0, 0,0,0,0,0,7,0,0,0,0
47240,7,33,-9.6,124,30.75,-3.1019,18.3395,0,0,0,0,0,0,0,0,0,0,0, 0,0,0,0,0,7,0,0,0,0
47280,0,244,-56.5,64,32,-8.0053,5.2986,0,0,0,0,0,0,0,0,0,0,0, 0,0,0,0,0,8,0,0,0,0
47280,1,288,-56.5,68,32,-8.50564,5.62976,0,0,0,0,0,0,0,0,0,0,0, 0,0,0,0,0,8,0,0,0,0
47280,2,239,-55.4,72,32,-8.88987,6.13271,0,0,0,0,0,0,0,0,0,0,0, 0,0,0,0,0,8,0,0,0,0
47280,3,151,-53.4,76,32,-9.15212,6.79696,0,0,0,0,0,0,0,0,0,0,0, 0,0,0,0,0,8,0,0,0,0
47280,4,99,-49.8,80,32,-9.16555,7.74549,0,0,0,0,0,0,0,0,0,0,0, 0,0,0,0,0,8,0,0,0,0
47280,5,137,-55.4,60,32,-7.40823,5.11059,0,0,0,0,0,0,0,0,0,0,0, 0,0,0,0,0,8,0,0,0,0
47320,0,245,-56.5,64,32,-8.0053,5.2986,0,1334,0,0,0,0,0,0,0,0,0, 0,0,0,0,0,9,0,0,0,0
47320,1,24,6.1,160,32.5,2.55034,23.8641,0,1334,0,0,0,0,0,0,0,0,0, 0,0,0,0,0,9,0,0,0,0
47320,2,290,-55.4,68,32,-8.39599,5.79201,0,1334,0,0,0,0,0,0,0,0,0, 0,0,0,0,0,9,0,0,0,0
47320,3,239,-55.4,72,32,-8.88987,6.13271,0,1334,0,0,0,0,0,0,0,0,0, 0,0,0,0,0,9,0,0,0,0
47320,4,149,-53.4,76,32,-9.15212,6.79696,0,1334,0,0,0,0,0,0,0,0,0, 0,0,0,0,0,9,0,0,0,0
47320,5,97,-49.8,80,32,-9.16555,7.74549,0,1334,0,0,0,0,0,0,0,0,0, 0,0,0,0,0,9,0,0,0,0
47320,6,136,-56.5,60,32,-7.50497,4.96743,0,1334,0,0,0,0,0,0,0,0,0, 0,0,0,0,0,9,0,0,0,0
47360,0,246,-56.5,64,32,-8.0053,5.2986,0,0,0,0,0,0,0,0,0,0,0, 0,0,0,0,0,10,0,0,0,0
47360,1,38,-3.6,128,31.75,-1.20558,19.1621,0,0,0,0,0,0,0,0,0,0,0, 0,0,0,0,0,10,0,0,0,0
47360,2,289,-55.4,68,32,-8.39599,5.79201,0,0,0,0,0,0,0,0,0,0,0, 0,0,0,0,0,10,0,0,0,0
47360,3,239,-55.4,72,32,-8.88987,6.13271,0,0,0,0,0,0,0,0,0,0,0, 0,0,0,0,0,10,0,0,0,0
47360,4,150,-53.4,76,32,-9.15212,6.79696,0,0,0,0,0,0,0,0,0,0,0, 0,0,0,0,0,10,0,0,0,0
47360,5,97,-49.8,80,32,-9.16555,7.74549,0,0,0,0,0,0,0,0,0,0,0, 0,0,0,0,0,10,0,0,0,0
47360,6,137,-56.5,60,32,-7.50497,4.96743,0,0,0,0,0,0,0,0,0,0,0, 0,0,0,0,0,10,0,0,0,0
47360,7,24,-1.8,156,33,-0.735012,23.3885,0,0,0,0,0,0,0,0,0,0,0, 0,0,0,0,0,10,0,0,0,0
47360,8,10,-13.8,476,51,-17.0313,69.339,0,0,0,0,0,0,0,0,0,0,0, 0,0,0,0,0,10,0,0,0,0
47400,0,244,-56.5,64,32,-8.0053,5.2986,0,7936,0,0,0,0,0,0,0,0,0, 0,0,0,0,0,11,0,0,0,0
47400,1,17,4.2,160,32.25,1.75772,23.9355,0,7936,0,0,0,0,0,0,0,0,0, 0,0,0,0,0,11,0,0,0,0
47400,2,288,-55.4,68,32,-8.39599,5.79201,0,7936,0,0,0,0,0,0,0,0,0, 0,0,0,0,0,11,0,0,0,0
47400,3,238,-54.4,72,32,-8.78149,6.28693,0,7936,0,0,0,0,0,0,0,0,0, 0,0,0,0,0,11,0,0,0,0
47400,4,150,-51.6,76,32,-8.93411,7.08108,0,7936,0,0,0,0,0,0,0,0,0, 0,0,0,0,0,11,0,0,0,0
47400,5,97,-51.6,80,32,-9.40432,7.45377,0,7936,0,0,0,0,0,0,0,0,0, 0,0,0,0,0,11,0,0,0,0
47400,6,18,-3,152,32.25,-1.19326,22.7688,0,7936,0,0,0,0,0,0,0,0,0, 0,0,0,0,0,11,0,0,0,0
47400,7,138,-55.4,60,32,-7.40823,5.11059,0,7936,0,0,0,0,0,0,0,0,0, 0,0,0,0,0,11,0,0,0,0
47400,8,32,2.4,156,31.75,0.97989,23.3795,0,7936,0,0,0,0,0,0,0,0,0, 0,0,0,0,0,11,0,0,0,0
47400,9,36,3.6,156,32.25,1.4693,23.3538,0,7936,0,0,0,0,0,0,0,0,0, 0,0,0,0,0,11,0,0,0,0
47440,0,245,-56.5,64,32,-8.0053,5.2986,0,1140,0,0,0,0,0,0,0,0,0, 0,0,0,0,0,12,0,0,0,0
47440,1,288,-56.5,68,32,-8.50564,5.62976,0,1140,0,0,0,0,0,0,0,0,0, 0,0,0,0,0,12,0,0,0,0
47440,2,237,-55.4,72,32,-8.88987,6.13271,0,1140,0,0,0,0,0,0,0,0,0, 0,0,0,0,0,12,0,0,0,0
47440,3,148,-53.4,76,32,-9.15212,6.79696,0,1140,0,0,0,0,0,0,0,0,0, 0,0,0,0,0,12,0,0,0,0
47440,4,93,-51.6,80,32,-9.40432,7.45377,0,1140,0,0,0,0,0,0,0,0,0, 0,0,0,0,0,12,0,0,0,0
47440,5,138,-56.5,60,32,-7.50497,4.96743,0,1140,0,0,0,0,0,0,0,0,0, 0,0,0,0,0,12,0,0,0,0
47440,6,17,8.8,156,31.75,3.57987,23.1245,0,1140,0,0,0,0,0,0,0,0,0, 0,0,0,0,0,12,0,0,0,0
47480,0,242,-56.5,64,32,-8.0053,5.2986,0,86,0,0,0,0,0,0,0,0,0, 0,0,0,0,0,13,0,0,0,0
47480,1,27,3.1,160,32.25,1.29789,23.9649,0,86,0,0,0,0,0,0,0,0,0, 0,0,0,0,0,13,0,0,0,0
47480,2,287,-56.5,68,32,-8.50564,5.62976,0,86,0,0,0,0,0,0,0,0,0, 0,0,0,0,0,13,0,0,0,0
47480,3,25,4.8,164,31.75,2.05848,24.5137,0,86,0,0,0,0,0,0,0,0,0, 0,0,0,0,0,13,0,0,0,0
47480,4,48,71.1,8,33,1.1353,0.388701,0,86,0,0,0,0,0,0,0,0,0, 0,0,0,0,0,13,0,0,0,0
47480,5,239,-55.4,72,32,-8.88987,6.13271,0,86,0,0,0,0,0,0,0,0,0, 0,0,0,0,0,13,0,0,0,0
47480,6,19,5.4,168,31.75,2.37153,25.0882,0,86,0,0,0,0,0,0,0,0,0, 0,0,0,0,0,13,0,0,0,0
47480,7,152,-51.6,76,32,-8.93411,7.08108,0,86,0,0,0,0,0,0,0,0,0, 0,0,0,0,0,13,0,0,0,0
47480,8,98,-53.4,80,32,-9.63381,7.1547,0,86,0,0,0,0,0,0,0,0,0, 0,0,0,0,0,13,0,0,0,0
47480,9,137,-55.4,60,32,-7.40823,5.11059,0,86,0,0,0,0,0,0,0,0,0, 0,0,0,0,0,13,0,0,0,0
47480,10,37,5.4,156,31.75,2.20213,23.2962,0,86,0,0,0,0,0,0,0,0,0, 0,0,0,0,0,13,0,0,0,0
47480,11,38,1.3,156,33,0.530884,23.394,0,86,0,0,0,0,0,0,0,0,0, 0,0,0,0,0,13,0,0,0,0
47480,12,13,69.6,412,60,57.924,21.5418,0,86,0,0,0,0,0,0,0,0,0, 0,0,0,0,0,13,0,0,0,0
47520,0,244,-56.5,64,32,-8.0053,5.2986,0,0,0,0,0,0,0,0,0,0,0, 0,0,0,0,0,14,0,0,0,0
47520,1,56,-1.2,160,31.75,-0.502618,23.9947,0,0,0,0,0,0,0,0,0,0,0, 0,0,0,0,0,14,0,0,0,0
47520,2,62,1.3,160,32.75,0.544496,23.9938,0,0,0,0,0,0,0,0,0,0,0, 0,0,0,0,0,14,0,0,0,0
47520,3,51,3.1,160,33,1.29789,23.9649,0,0,0,0,0,0,0,0,0,0,0, 0,0,0,0,0,14,0,0,0,0
47520,4,287,-56.5,68,32,-8.50564,5.62976,0,0,0,0,0,0,0,0,0,0,0, 0,0,0,0,0,14,0,0,0,0
47520,5,25,-3,164,31.75,-1.28746,24.5663,0,0,0,0,0,0,0,0,0,0,0, 0,0,0,0,0,14,0,0,0,0
47520,6,26,-0.6,164,33,-0.257606,24.5987,0,0,0,0,0,0,0,0,0,0,0, 0,0,0,0,0,14,0,0,0,0
47520,7,239,-55.4,72,32,-8.88987,6.13271,0,0,0,0,0,0,0,0,0,0,0, 0,0,0,0,0,14,0,0,0,0
47520,8,151,-53.4,76,32,-9.15212,6.79696,0,0,0,0,0,0,0,0,0,0,0, 0,0,0,0,0,14,0,0,0,0
47520,9,97,-51.6,80,32,-9.40432,7.45377,0,0,0,0,0,0,0,0,0,0,0, 0,0,0,0,0,14,0,0,0,0
47520,10,138,-56.5,60,32,-7.50497,4.96743,0,0,0,0,0,0,0,0,0,0,0, 0,0,0,0,0,14,0,0,0,0
47520,11,26,-4.2,156,31.75,-1.71377,23.3372,0,0,0,0,0,0,0,0,0,0,0, 0,0,0,0,0,14,0,0,0,0
47560,0,245,-56.5,64,32,-8.0053,5.2986,0,0,0,0,0,0,0,0,0,0,0, 0,0,0,0,0,15,0,0,0,0
47560,1,287,-56.5,68,32,-8.50564,5.62976,0,0,0,0,0,0,0,0,0,0,0, 0,0,0,0,0,15,0,0,0,0
47560,2,238,-55.4,72,32,-8.88987,6.13271,0,0,0,0,0,0,0,0,0,0,0, 0,0,0,0,0,15,0,0,0,0
47560,3,149,-54.4,76,32,-9.26935,6.6362,0,0,0,0,0,0,0,0,0,0,0, 0,0,0,0,0,15,0,0,0,0
47560,4,95,-54.4,80,32,-9.75721,6.98548,0,0,0,0,0,0,0,0,0,0,0, 0,0,0,0,0,15,0,0,0,0
47560,5,137,-55.4,60,32,-7.40823,5.11059,0,0,0,0,0,0,0,0,0,0,0, 0,0,0,0,0,15,0,0,0,0
47600,0,244,-56.5,64,32,-8.0053,5.2986,0,0,0,0,0,0,0,0,0,0,0, 0,0,0,0,0,0,0,0,0,0
47600,1,288,-56.5,68,32,-8.50564,5.62976,0,0,0,0,0,0,0,0,0,0,0, 0,0,0,0,0,0,0,0,0,0
47600,2,239,-56.5,72,32,-9.00597,5.96092,0,0,0,0,0,0,0,0,0,0,0, 0,0,0,0,0,0,0,0,0,0
47600,3,151,-54.4,76,32,-9.26935,6.6362,0,0,0,0,0,0,0,0,0,0,0, 0,0,0,0,0,0,0,0,0,0
47600,4,96,-53.4,80,32,-9.63381,7.1547,0,0,0,0,0,0,0,0,0,0,0, 0,0,0,0,0,0,0,0,0,0
47600,5,140,-56.5,60,32,-7.50497,4.96743,0,0,0,0,0,0,0,0,0,0,0, 0,0,0,0,0,0,0,0,0,0
47640,0,246,-56.5,64,32,-8.0053,5.2986,0,0,0,0,0,0,0,0,0,0,0, 0,0,0,0,0,1,0,0,0,0
47640,1,289,-56.5,68,32,-8.50564,5.62976,0,0,0,0,0,0,0,0,0,0,0, 0,0,0,0,0,1,0,0,0,0
47640,2,38,67.6,8,33,1.10946,0.457284,0,0,0,0,0,0,0,0,0,0,0, 0,0,0,0,0,1,0,0,0,0
47640,3,239,-55.4,72,32,-8.88987,6.13271,0,0,0,0,0,0,0,0,0,0,0, 0,0,0,0,0,1,0,0,0,0
47640,4,150,-54.4,76,32,-9.26935,6.6362,0,0,0,0,0,0,0,0,0,0,0, 0,0,0,0,0,1,0,0,0,0
47640,5,99,-53.4,80,32,-9.63381,7.1547,0,0,0,0,0,0,0,0,0,0,0, 0,0,0,0,0,1,0,0,0,0
47640,6,140,-55.4,60,32,-7.40823,5.11059,0,0,0,0,0,0,0,0,0,0,0, 0,0,0,0,0,1,0,0,0,0
47680,0,244,-55.4,64,32,-7.90211,5.4513,0,0,0,0,0,0,0,0,0,0,0, 0,0,0,0,0,2,0,0,0,0
47680,1,288,-55.4,68,32,-8.39599,5.79201,0,0,0,0,0,0,0,0,0,0,0, 0,0,0,0,0,2,0,0,0,0
47680,2,240,-55.4,72,32,-8.88987,6.13271,0,0,0,0,0,0,0,0,0,0,0, 0,0,0,0,0,2,0,0,0,0
47680,3,155,-54.4,76,32,-9.26935,6.6362,0,0,0,0,0,0,0,0,0,0,0, 0,0,0,0,0,2,0,0,0,0
47680,4,103,-53.4,80,32,-9.63381,7.1547,0,0,0,0,0,0,0,0,0,0,0, 0,0,0,0,0,2,0,0,0,0
47680,5,141,-54.4,60,32,-7.31791,5.23911,0,0,0,0,0,0,0,0,0,0,0, 0,0,0,0,0,2,0,0,0,0
47720,0,248,-56.5,64,32,-8.0053,5.2986,0,0,0,0,0,0,0,0,0,0,0, 0,0,0,0,0,3,0,0,0,0
47720,1,291,-55.4,68,32,-8.39599,5.79201,0,0,0,0,0,0,0,0,0,0,0, 0,0,0,0,0,3,0,0,0,0
47720,2,240,-55.4,72,32,-8.88987,6.13271,0,0,0,0,0,0,0,0,0,0,0, 0,0,0,0,0,3,0,0,0,0
47720,3,153,-54.4,76,32,-9.26935,6.6362,0,0,0,0,0,0,0,0,0,0,0, 0,0,0,0,0,3,0,0,0,0
47720,4,23,-4.2,140,31.75,-1.538,20.9436,0,0,0,0,0,0,0,0,0,0,0, 0,0,0,0,0,3,0,0,0,0
47720,5,100,-53.4,80,32,-9.63381,7.1547,0,0,0,0,0,0,0,0,0,0,0, 0,0,0,0,0,3,0,0,0,0
47720,6,141,-55.4,60,32,-7.40823,5.11059,0,0,0,0,0,0,0,0,0,0,0, 0,0,0,0,0,3,0,0,0,0
47760,0,247,-56.5,64,32,-8.0053,5.2986,0,0,0,0,0,0,0,0,0,0,0, 0,0,0,0,0,4,0,0,0,0
47760,1,291,-56.5,68,32,-8.50564,5.62976,0,0,0,0,0,0,0,0,0,0,0, 0,0,0,0,0,4,0,0,0,0
47760,2,242,-55.4,72,32,-8.88987,6.13271,0,0,0,0,0,0,0,0,0,0,0, 0,0,0,0,0,4,0,0,0,0
47760,3,153,-54.4,76,32,-9.26935,6.6362,0,0,0,0,0,0,0,0,0,0,0, 0,0,0,0,0,4,0,0,0,0
47760,4,100,-53.4,80,32,-9.63381,7.1547,0,0,0,0,0,0,0,0,0,0,0, 0,0,0,0,0,4,0,0,0,0
47760,5,141,-55.4,60,32,-7.40823,5.11059,0,0,0,0,0,0,0,0,0,0,0, 0,0,0,0,0,4,0,0,0,0
47800,0,247,-55.4,64,32,-7.90211,5.4513,0,0,0,0,0,0,0,0,0,0,0, 0,0,0,0,0,5,0,0,0,0
47800,1,292,-55.4,68,32,-8.39599,5.79201,0,0,0,0,0,0,0,0,0,0,0, 0,0,0,0,0,5,0,0,0,0
47800,2,243,-54.4,72,32,-8.78149,6.28693,0,0,0,0,0,0,0,0,0,0,0, 0,0,0,0,0,5,0,0,0,0
47800,3,155,-53.4,76,32,-9.15212,6.79696,0,0,0,0,0,0,0,0,0,0,0, 0,0,0,0,0,5,0,0,0,0
47800,4,13,45.9,428,47,46.1037,44.6776,0,0,0,0,0,0,0,0,0,0,0, 0,0,0,0,0,5,0,0,0,0
47800,5,102,-54.4,80,32,-9.75721,6.98548,0,0,0,0,0,0,0,0,0,0,0, 0,0,0,0,0,5,0,0,0,0
47800,6,142,-55.4,60,32,-7.40823,5.11059,0,0,0,0,0,0,0,0,0,0,0, 0,0,0,0,0,5,0,0,0,0
47840,0,250,-56.5,64,32,-8.0053,5.2986,0,0,0,0,0,0,0,0,0,0,0, 0,0,0,0,0,6,0,0,0,0
47840,1,292,-56.5,68,32,-8.50564,5.62976,0,0,0,0,0,0,0,0,0,0,0, 0,0,0,0,0,6,0,0,0,0
47840,2,37,72.4,8,33,1.14383,0.362844,0,0,0,0,0,0,0,0,0,0,0, 0,0,0,0,0,6,0,0,0,0
47840,3,242,-55.4,72,32,-8.88987,6.13271,0,0,0,0,0,0,0,0,0,0,0, 0,0,0,0,0,6,0,0,0,0
47840,4,154,-54.4,76,32,-9.26935,6.6362,0,0,0,0,0,0,0,0,0,0,0, 0,0,0,0,0,6,0,0,0,0
47840,5,100,-53.4,80,32,-9.63381,7.1547,0,0,0,0,0,0,0,0,0,0,0, 0,0,0,0,0,6,0,0,0,0
47840,6,140,-56.5,60,32,-7.50497,4.96743,0,0,0,0,0,0,0,0,0,0,0, 0,0,0,0,0,6,0,0,0,0
47880,0,246,-57.4,64,32,-8.08754,5.1722,0,0,0,0,0,0,0,0,0,0,0, 0,0,0,0,0,7,0,0,0,0
47880,1,290,-56.5,68,32,-8.50564,5.62976,0,0,0,0,0,0,0,0,0,0,0, 0,0,0,0,0,7,0,0,0,0
47880,2,241,-56.5,72,32,-9.00597,5.96092,0,0,0,0,0,0,0,0,0,0,0, 0,0,0,0,0,7,0,0,0,0
47880,3,154,-54.4,76,32,-9.26935,6.6362,0,0,0,0,0,0,0,0,0,0,0, 0,0,0,0,0,7,0,0,0,0
47880,4,102,-53.4,80,32,-9.63381,7.1547,0,0,0,0,0,0,0,0,0,0,0, 0,0,0,0,0,7,0,0,0,0
47880,5,139,-56.5,60,32,-7.50497,4.96743,0,0,0,0,0,0,0,0,0,0,0, 0,0,0,0,0,7,0,0,0,0
47920,0,246,-56.5,64,32,-8.0053,5.2986,0,0,0,0,0,0,0,0,0,0,0, 0,0,0,0,0,8,0,0,0,0
47920,1,289,-55.4,68,32,-8.39599,5.79201,0,0,0,0,0,0,0,0,0,0,0, 0,0,0,0,0,8,0,0,0,0
47920,2,18,0.6,164,32.5,0.257606,24.5987,0,0,0,0,0,0,0,0,0,0,0, 0,0,0,0,0,8,0,0,0,0
47920,3,241,-55.4,72,32,-8.88987,6.13271,0,0,0,0,0,0,0,0,0,0,0, 0,0,0,0,0,8,0,0,0,0
47920,4,156,-53.4,76,32,-9.15212,6.79696,0,0,0,0,0,0,0,0,0,0,0, 0,0,0,0,0,8,0,0,0,0
47920,5,105,-53.4,80,32,-9.63381,7.1547,0,0,0,0,0,0,0,0,0,0,0, 0,0,0,0,0,8,0,0,0,0
47920,6,139,-55.4,60,32,-7.40823,5.11059,0,0,0,0,0,0,0,0,0,0,0, 0,0,0,0,0,8,0,0,0,0
47920,7,17,-4.2,156,32.25,-1.71377,23.3372,0,0,0,0,0,0,0,0,0,0,0, 0,0,0,0,0,8,0,0,0,0
