Window Clock,TargetNum,AmpData,AngleData,DistanceGate,Frequency,RealXData,RealYData,DataType,Noise Floor,StaticResponse,BodySpeed,YawRate,Gear,Blinker,Hazard,Brake,Rudder,Deterioration Flag,Target Overflow Flag,Noise Floor For AutoTh,DistG0 Amp,Left Angle Err,Right Angle Err,SyncCounter,MinusDistAmp,Angle Converge first,Angle Converge current,Angle Err
0,0,243,-57.4,64,32,-8.08754,5.1722,0,0,0,0,0,0,0,0,0,0,0, 0,0,0,0,0,2,0,0,0,0
0,1,287,-56.5,68,32,-8.50564,5.62976,0,0,0,0,0,0,0,0,0,0,0, 0,0,0,0,0,2,0,0,0,0
0,2,240,-56.5,72,32,-9.00597,5.96092,0,0,0,0,0,0,0,0,0,0,0, 0,0,0,0,0,2,0,0,0,0
0,3,154,-53.4,76,32,-9.15212,6.79696,0,0,0,0,0,0,0,0,0,0,0, 0,0,0,0,0,2,0,0,0,0
0,4,107,-45.9,80,32,-8.61752,8.35095,0,0,0,0,0,0,0,0,0,0,0, 0,0,0,0,0,2,0,0,0,0
0,5,85,-43.6,84,32,-8.68921,9.12457,0,0,0,0,0,0,0,0,0,0,0, 0,0,0,0,0,2,0,0,0,0
0,6,139,-58.4,60,32,-7.66554,4.71587,0,0,0,0,0,0,0,0,0,0,0, 0,0,0,0,0,2,0,0,0,0
40,0,245,-57.4,64,32,-8.08754,5.1722,0,0,0,0,0,0,0,0,0,0,0, 0,0,0,0,0,3,0,0,0,0
40,1,290,-56.5,68,32,-8.50564,5.62976,0,0,0,0,0,0,0,0,0,0,0, 0,0,0,0,0,3,0,0,0,0
40,2,242,-56.5,72,32,-9.00597,5.96092,0,0,0,0,0,0,0,0,0,0,0, 0,0,0,0,0,3,0,0,0,0
40,3,155,-54.4,76,32,-9.26935,6.6362,0,0,0,0,0,0,0,0,0,0,0, 0,0,0,0,0,3,0,0,0,0
40,4,109,-44.2,80,32,-8.36598,8.60293,0,0,0,0,0,0,0,0,0,0,0, 0,0,0,0,0,3,0,0,0,0
40,5,87,-42.3,84,32,-8.47996,9.31935,0,0,0,0,0,0,0,0,0,0,0, 0,0,0,0,0,3,0,0,0,0
40,6,137,-57.4,60,32,-7.58207,4.84894,0,0,0,0,0,0,0,0,0,0,0, 0,0,0,0,0,3,0,0,0,0
80,0,244,-57.4,64,32,-8.08754,5.1722,0,0,0,0,0,0,0,0,0,0,0, 0,0,0,0,0,4,0,0,0,0
80,1,289,-56.5,68,32,-8.50564,5.62976,0,0,0,0,0,0,0,0,0,0,0, 0,0,0,0,0,4,0,0,0,0
80,2,241,-55.4,72,32,-8.88987,6.13271,0,0,0,0,0,0,0,0,0,0,0, 0,0,0,0,0,4,0,0,0,0
80,3,159,-53.4,76,32,-9.15212,6.79696,0,0,0,0,0,0,0,0,0,0,0, 0,0,0,0,0,4,0,0,0,0
80,4,109,-48,80,32,-8.91774,8.02957,0,0,0,0,0,0,0,0,0,0,0, 0,0,0,0,0,4,0,0,0,0
80,5,139,-56.5,60,32,-7.50497,4.96743,0,0,0,0,0,0,0,0,0,0,0, 0,0,0,0,0,4,0,0,0,0
120,0,245,-56.5,64,32,-8.0053,5.2986,0,0,0,0,0,0,0,0,0,0,0, 0,0,0,0,0,5,0,0,0,0
120,1,288,-56.5,68,32,-8.50564,5.62976,0,0,0,0,0,0,0,0,0,0,0, 0,0,0,0,0,5,0,0,0,0
120,2,240,-56.5,72,32,-9.00597,5.96092,0,0,0,0,0,0,0,0,0,0,0, 0,0,0,0,0,5,0,0,0,0
120,3,154,-54.4,76,32,-9.26935,6.6362,0,0,0,0,0,0,0,0,0,0,0, 0,0,0,0,0,5,0,0,0,0
120,4,99,-53.4,80,32,-9.63381,7.1547,0,0,0,0,0,0,0,0,0,0,0, 0,0,0,0,0,5,0,0,0,0
120,5,140,-56.5,60,32,-7.50497,4.96743,0,0,0,0,0,0,0,0,0,0,0, 0,0,0,0,0,5,0,0,0,0
160,0,246,-56.5,64,32,-8.0053,5.2986,0,0,0,0,0,0,0,0,0,0,0, 0,0,0,0,0,6,0,0,0,0
160,1,289,-56.5,68,32,-8.50564,5.62976,0,0,0,0,0,0,0,0,0,0,0, 0,0,0,0,0,6,0,0,0,0
160,2,242,-55.4,72,32,-8.88987,6.13271,0,0,0,0,0,0,0,0,0,0,0, 0,0,0,0,0,6,0,0,0,0
160,3,154,-54.4,76,32,-9.26935,6.6362,0,0,0,0,0,0,0,0,0,0,0, 0,0,0,0,0,6,0,0,0,0
160,4,99,-55.4,80,32,-9.87764,6.81413,0,0,0,0,0,0,0,0,0,0,0, 0,0,0,0,0,6,0,0,0,0
160,5,139,-55.4,60,32,-7.40823,5.11059,0,0,0,0,0,0,0,0,0,0,0, 0,0,0,0,0,6,0,0,0,0
200,0,246,-56.5,64,32,-8.0053,5.2986,0,0,0,0,0,0,0,0,0,0,0, 0,0,0,0,0,7,0,0,0,0
200,1,292,-56.5,68,32,-8.50564,5.62976,0,0,0,0,0,0,0,0,0,0,0, 0,0,0,0,0,7,0,0,0,0
200,2,41,69.6,8,33,1.12474,0.418287,0,0,0,0,0,0,0,0,0,0,0, 0,0,0,0,0,7,0,0,0,0
200,3,241,-56.5,72,32,-9.00597,5.96092,0,0,0,0,0,0,0,0,0,0,0, 0,0,0,0,0,7,0,0,0,0
200,4,150,-55.4,76,32,-9.38375,6.47342,0,0,0,0,0,0,0,0,0,0,0, 0,0,0,0,0,7,0,0,0,0
200,5,96,-55.4,80,32,-9.87764,6.81413,0,0,0,0,0,0,0,0,0,0,0, 0,0,0,0,0,7,0,0,0,0
200,6,141,-56.5,60,32,-7.50497,4.96743,0,0,0,0,0,0,0,0,0,0,0, 0,0,0,0,0,7,0,0,0,0
240,0,245,-56.5,64,32,-8.0053,5.2986,0,0,0,0,0,0,0,0,0,0,0, 0,0,0,0,0,8,0,0,0,0
240,1,289,-56.5,68,32,-8.50564,5.62976,0,0,0,0,0,0,0,0,0,0,0, 0,0,0,0,0,8,0,0,0,0
240,2,242,-56.5,72,32,-9.00597,5.96092,0,0,0,0,0,0,0,0,0,0,0, 0,0,0,0,0,8,0,0,0,0
240,3,154,-54.4,76,32,-9.26935,6.6362,0,0,0,0,0,0,0,0,0,0,0, 0,0,0,0,0,8,0,0,0,0
240,4,102,-53.4,80,32,-9.63381,7.1547,0,0,0,0,0,0,0,0,0,0,0, 0,0,0,0,0,8,0,0,0,0
240,5,140,-55.4,60,32,-7.40823,5.11059,0,0,0,0,0,0,0,0,0,0,0, 0,0,0,0,0,8,0,0,0,0
280,0,246,-56.5,64,32,-8.0053,5.2986,0,1334,0,0,0,0,0,0,0,0,0, 0,0,0,0,0,9,0,0,0,0
280,1,291,-56.5,68,32,-8.50564,5.62976,0,1334,0,0,0,0,0,0,0,0,0, 0,0,0,0,0,9,0,0,0,0
280,2,241,-55.4,72,32,-8.88987,6.13271,0,1334,0,0,0,0,0,0,0,0,0, 0,0,0,0,0,9,0,0,0,0
280,3,151,-54.4,76,32,-9.26935,6.6362,0,1334,0,0,0,0,0,0,0,0,0, 0,0,0,0,0,9,0,0,0,0
280,4,97,-51.6,80,32,-9.40432,7.45377,0,1334,0,0,0,0,0,0,0,0,0, 0,0,0,0,0,9,0,0,0,0
280,5,139,-55.4,60,32,-7.40823,5.11059,0,1334,0,0,0,0,0,0,0,0,0, 0,0,0,0,0,9,0,0,0,0
320,0,247,-55.4,64,32,-7.90211,5.4513,0,0,0,0,0,0,0,0,0,0,0, 0,0,0,0,0,10,0,0,0,0
320,1,292,-55.4,68,32,-8.39599,5.79201,0,0,0,0,0,0,0,0,0,0,0, 0,0,0,0,0,10,0,0,0,0
320,2,43,69.6,8,33,1.12474,0.418287,0,0,0,0,0,0,0,0,0,0,0, 0,0,0,0,0,10,0,0,0,0
320,3,243,-54.4,72,32,-8.78149,6.28693,0,0,0,0,0,0,0,0,0,0,0, 0,0,0,0,0,10,0,0,0,0
320,4,151,-53.4,76,32,-9.15212,6.79696,0,0,0,0,0,0,0,0,0,0,0, 0,0,0,0,0,10,0,0,0,0
320,5,100,-48,80,32,-8.91774,8.02957,0,0,0,0,0,0,0,0,0,0,0, 0,0,0,0,0,10,0,0,0,0
320,6,142,-54.4,60,32,-7.31791,5.23911,0,0,0,0,0,0,0,0,0,0,0, 0,0,0,0,0,10,0,0,0,0
360,0,250,-54.4,64,32,-7.80577,5.58838,0,7936,0,0,0,0,0,0,0,0,0, 0,0,0,0,0,11,0,0,0,0
360,1,296,-54.4,68,32,-8.29363,5.93765,0,7936,0,0,0,0,0,0,0,0,0, 0,0,0,0,0,11,0,0,0,0
360,2,41,71.1,8,33,1.1353,0.388701,0,7936,0,0,0,0,0,0,0,0,0, 0,0,0,0,0,11,0,0,0,0
360,3,245,-54.4,72,32,-8.78149,6.28693,0,7936,0,0,0,0,0,0,0,0,0, 0,0,0,0,0,11,0,0,0,0
360,4,154,-53.4,76,32,-9.15212,6.79696,0,7936,0,0,0,0,0,0,0,0,0, 0,0,0,0,0,11,0,0,0,0
360,5,100,-48,80,32,-8.91774,8.02957,0,7936,0,0,0,0,0,0,0,0,0, 0,0,0,0,0,11,0,0,0,0
360,6,141,-54.4,60,32,-7.31791,5.23911,0,7936,0,0,0,0,0,0,0,0,0, 0,0,0,0,0,11,0,0,0,0
400,0,248,-55.4,64,32,-7.90211,5.4513,0,1139,0,0,0,0,0,0,0,0,0, 0,0,0,0,0,12,0,0,0,0
400,1,292,-55.4,68,32,-8.39599,5.79201,0,1139,0,0,0,0,0,0,0,0,0, 0,0,0,0,0,12,0,0,0,0
400,2,243,-54.4,72,32,-8.78149,6.28693,0,1139,0,0,0,0,0,0,0,0,0, 0,0,0,0,0,12,0,0,0,0
400,3,154,-53.4,76,32,-9.15212,6.79696,0,1139,0,0,0,0,0,0,0,0,0, 0,0,0,0,0,12,0,0,0,0
400,4,105,-45,80,32,-8.48528,8.48528,0,1139,0,0,0,0,0,0,0,0,0, 0,0,0,0,0,12,0,0,0,0
400,5,138,-55.4,60,32,-7.40823,5.11059,0,1139,0,0,0,0,0,0,0,0,0, 0,0,0,0,0,12,0,0,0,0
440,0,244,-56.5,64,32,-8.0053,5.2986,0,86,0,0,0,0,0,0,0,0,0, 0,0,0,0,0,13,0,0,0,0
440,1,290,-55.4,68,32,-8.39599,5.79201,0,86,0,0,0,0,0,0,0,0,0, 0,0,0,0,0,13,0,0,0,0
440,2,17,9.9,196,31.5,5.05472,28.9622,0,86,0,0,0,0,0,0,0,0,0, 0,0,0,0,0,13,0,0,0,0
440,3,240,-55.4,72,32,-8.88987,6.13271,0,86,0,0,0,0,0,0,0,0,0, 0,0,0,0,0,13,0,0,0,0
440,4,154,-53.4,76,32,-9.15212,6.79696,0,86,0,0,0,0,0,0,0,0,0, 0,0,0,0,0,13,0,0,0,0
440,5,17,3.1,204,31.25,1.65481,30.5552,0,86,0,0,0,0,0,0,0,0,0, 0,0,0,0,0,13,0,0,0,0
440,6,109,-45.9,80,32,-8.61752,8.35095,0,86,0,0,0,0,0,0,0,0,0, 0,0,0,0,0,13,0,0,0,0
440,7,85,-43.6,84,32,-8.68921,9.12457,0,86,0,0,0,0,0,0,0,0,0, 0,0,0,0,0,13,0,0,0,0
440,8,138,-56.5,60,32,-7.50497,4.96743,0,86,0,0,0,0,0,0,0,0,0, 0,0,0,0,0,13,0,0,0,0
480,0,245,-56.5,64,32,-8.0053,5.2986,0,0,0,0,0,0,0,0,0,0,0, 0,0,0,0,0,14,0,0,0,0
480,1,289,-56.5,68,32,-8.50564,5.62976,0,0,0,0,0,0,0,0,0,0,0, 0,0,0,0,0,14,0,0,0,0
480,2,243,-55.4,72,32,-8.88987,6.13271,0,0,0,0,0,0,0,0,0,0,0, 0,0,0,0,0,14,0,0,0,0
480,3,156,-51.6,76,32,-8.93411,7.08108,0,0,0,0,0,0,0,0,0,0,0, 0,0,0,0,0,14,0,0,0,0
480,4,109,-45.9,80,32,-8.61752,8.35095,0,0,0,0,0,0,0,0,0,0,0, 0,0,0,0,0,14,0,0,0,0
480,5,82,-45,84,32,-8.90955,8.90955,0,0,0,0,0,0,0,0,0,0,0, 0,0,0,0,0,14,0,0,0,0
480,6,139,-55.4,60,32,-7.40823,5.11059,0,0,0,0,0,0,0,0,0,0,0, 0,0,0,0,0,14,0,0,0,0
520,0,244,-56.5,64,32,-8.0053,5.2986,0,0,0,0,0,0,0,0,0,0,0, 0,0,0,0,0,15,0,0,0,0
520,1,289,-56.5,68,32,-8.50564,5.62976,0,0,0,0,0,0,0,0,0,0,0, 0,0,0,0,0,15,0,0,0,0
520,2,241,-55.4,72,32,-8.88987,6.13271,0,0,0,0,0,0,0,0,0,0,0, 0,0,0,0,0,15,0,0,0,0
520,3,153,-54.4,76,32,-9.26935,6.6362,0,0,0,0,0,0,0,0,0,0,0, 0,0,0,0,0,15,0,0,0,0
520,4,98,-53.4,80,32,-9.63381,7.1547,0,0,0,0,0,0,0,0,0,0,0, 0,0,0,0,0,15,0,0,0,0
520,5,139,-55.4,60,32,-7.40823,5.11059,0,0,0,0,0,0,0,0,0,0,0, 0,0,0,0,0,15,0,0,0,0
560,0,247,-55.4,64,32,-7.90211,5.4513,0,0,0,0,0,0,0,0,0,0,0, 0,0,0,0,0,0,0,0,0,0
560,1,291,-55.4,68,32,-8.39599,5.79201,0,0,0,0,0,0,0,0,0,0,0, 0,0,0,0,0,0,0,0,0,0
560,2,243,-55.4,72,32,-8.88987,6.13271,0,0,0,0,0,0,0,0,0,0,0, 0,0,0,0,0,0,0,0,0,0
560,3,156,-53.4,76,32,-9.15212,6.79696,0,0,0,0,0,0,0,0,0,0,0, 0,0,0,0,0,0,0,0,0,0
560,4,103,-49.8,80,32,-9.16555,7.74549,0,0,0,0,0,0,0,0,0,0,0, 0,0,0,0,0,0,0,0,0,0
560,5,139,-55.4,60,32,-7.40823,5.11059,0,0,0,0,0,0,0,0,0,0,0, 0,0,0,0,0,0,0,0,0,0
600,0,247,-55.4,64,32,-7.90211,5.4513,0,0,0,0,0,0,0,0,0,0,0, 0,0,0,0,0,1,0,0,0,0
600,1,294,-55.4,68,32,-8.39599,5.79201,0,0,0,0,0,0,0,0,0,0,0, 0,0,0,0,0,1,0,0,0,0
600,2,244,-55.4,72,32,-8.88987,6.13271,0,0,0,0,0,0,0,0,0,0,0, 0,0,0,0,0,1,0,0,0,0
600,3,155,-53.4,76,32,-9.15212,6.79696,0,0,0,0,0,0,0,0,0,0,0, 0,0,0,0,0,1,0,0,0,0
600,4,102,-49.8,80,32,-9.16555,7.74549,0,0,0,0,0,0,0,0,0,0,0, 0,0,0,0,0,1,0,0,0,0
600,5,142,-54.4,60,32,-7.31791,5.23911,0,0,0,0,0,0,0,0,0,0,0, 0,0,0,0,0,1,0,0,0,0
640,0,251,-55.4,64,32,-7.90211,5.4513,0,0,0,0,0,0,0,0,0,0,0, 0,0,0,0,0,2,0,0,0,0
640,1,295,-55.4,68,32,-8.39599,5.79201,0,0,0,0,0,0,0,0,0,0,0, 0,0,0,0,0,2,0,0,0,0
640,2,245,-55.4,72,32,-8.88987,6.13271,0,0,0,0,0,0,0,0,0,0,0, 0,0,0,0,0,2,0,0,0,0
640,3,156,-53.4,76,32,-9.15212,6.79696,0,0,0,0,0,0,0,0,0,0,0, 0,0,0,0,0,2,0,0,0,0
640,4,107,-48,80,32,-8.91774,8.02957,0,0,0,0,0,0,0,0,0,0,0, 0,0,0,0,0,2,0,0,0,0
640,5,139,-55.4,60,32,-7.40823,5.11059,0,0,0,0,0,0,0,0,0,0,0, 0,0,0,0,0,2,0,0,0,0
680,0,246,-55.4,64,32,-7.90211,5.4513,0,0,0,0,0,0,0,0,0,0,0, 0,0,0,0,0,3,0,0,0,0
680,1,291,-55.4,68,32,-8.39599,5.79201,0,0,0,0,0,0,0,0,0,0,0, 0,0,0,0,0,3,0,0,0,0
680,2,242,-54.4,72,32,-8.78149,6.28693,0,0,0,0,0,0,0,0,0,0,0, 0,0,0,0,0,3,0,0,0,0
680,3,155,-53.4,76,32,-9.15212,6.79696,0,0,0,0,0,0,0,0,0,0,0, 0,0,0,0,0,3,0,0,0,0
680,4,108,-48,80,32,-8.91774,8.02957,0,0,0,0,0,0,0,0,0,0,0, 0,0,0,0,0,3,0,0,0,0
680,5,140,-54.4,60,32,-7.31791,5.23911,0,0,0,0,0,0,0,0,0,0,0, 0,0,0,0,0,3,0,0,0,0
720,0,246,-55.4,64,32,-7.90211,5.4513,0,0,0,0,0,0,0,0,0,0,0, 0,0,0,0,0,4,0,0,0,0
720,1,291,-55.4,68,32,-8.39599,5.79201,0,0,0,0,0,0,0,0,0,0,0, 0,0,0,0,0,4,0,0,0,0
720,2,44,65.6,8,33,1.09282,0.495725,0,0,0,0,0,0,0,0,0,0,0, 0,0,0,0,0,4,0,0,0,0
720,3,244,-54.4,72,32,-8.78149,6.28693,0,0,0,0,0,0,0,0,0,0,0, 0,0,0,0,0,4,0,0,0,0
720,4,160,-49.8,76,32,-8.70727,7.35822,0,0,0,0,0,0,0,0,0,0,0, 0,0,0,0,0,4,0,0,0,0
720,5,112,-45,80,32,-8.48528,8.48528,0,0,0,0,0,0,0,0,0,0,0, 0,0,0,0,0,4,0,0,0,0
720,6,83,-45.9,84,32,-9.04839,8.7685,0,0,0,0,0,0,0,0,0,0,0, 0,0,0,0,0,4,0,0,0,0
720,7,138,-55.4,60,32,-7.40823,5.11059,0,0,0,0,0,0,0,0,0,0,0, 0,0,0,0,0,4,0,0,0,0
760,0,246,-55.4,64,32,-7.90211,5.4513,0,0,0,0,0,0,0,0,0,0,0, 0,0,0,0,0,5,0,0,0,0
760,1,290,-55.4,68,32,-8.39599,5.79201,0,0,0,0,0,0,0,0,0,0,0, 0,0,0,0,0,5,0,0,0,0
760,2,244,-54.4,72,32,-8.78149,6.28693,0,0,0,0,0,0,0,0,0,0,0, 0,0,0,0,0,5,0,0,0,0
760,3,159,-51.6,76,32,-8.93411,7.08108,0,0,0,0,0,0,0,0,0,0,0, 0,0,0,0,0,5,0,0,0,0
760,4,108,-48,80,32,-8.91774,8.02957,0,0,0,0,0,0,0,0,0,0,0, 0,0,0,0,0,5,0,0,0,0
760,5,139,-55.4,60,32,-7.40823,5.11059,0,0,0,0,0,0,0,0,0,0,0, 0,0,0,0,0,5,0,0,0,0
800,0,243,-55.4,64,32,-7.90211,5.4513,0,0,0,0,0,0,0,0,0,0,0, 0,0,0,0,0,6,0,0,0,0
800,1,290,-55.4,68,32,-8.39599,5.79201,0,0,0,0,0,0,0,0,0,0,0, 0,0,0,0,0,6,0,0,0,0
800,2,242,-54.4,72,32,-8.78149,6.28693,0,0,0,0,0,0,0,0,0,0,0, 0,0,0,0,0,6,0,0,0,0
800,3,162,-49.8,76,32,-8.70727,7.35822,0,0,0,0,0,0,0,0,0,0,0, 0,0,0,0,0,6,0,0,0,0
800,4,117,-43.6,80,32,-8.27543,8.69006,0,0,0,0,0,0,0,0,0,0,0, 0,0,0,0,0,6,0,0,0,0
800,5,92,-42.9,84,32,-8.57708,9.23004,0,0,0,0,0,0,0,0,0,0,0, 0,0,0,0,0,6,0,0,0,0
800,6,136,-55.4,60,32,-7.40823,5.11059,0,0,0,0,0,0,0,0,0,0,0, 0,0,0,0,0,6,0,0,0,0
840,0,244,-55.4,64,32,-7.90211,5.4513,0,0,0,0,0,0,0,0,0,0,0, 0,0,0,0,0,7,0,0,0,0
840,1,290,-55.4,68,32,-8.39599,5.79201,0,0,0,0,0,0,0,0,0,0,0, 0,0,0,0,0,7,0,0,0,0
840,2,242,-54.4,72,32,-8.78149,6.28693,0,0,0,0,0,0,0,0,0,0,0, 0,0,0,0,0,7,0,0,0,0
840,3,160,-48,76,32,-8.47185,7.62809,0,0,0,0,0,0,0,0,0,0,0, 0,0,0,0,0,7,0,0,0,0
840,4,121,-42.3,80,32,-8.07615,8.87557,0,0,0,0,0,0,0,0,0,0,0, 0,0,0,0,0,7,0,0,0,0
840,5,102,-38.7,84,32,-7.87806,9.83342,0,0,0,0,0,0,0,0,0,0,0, 0,0,0,0,0,7,0,0,0,0
840,6,138,-55.4,60,32,-7.40823,5.11059,0,0,0,0,0,0,0,0,0,0,0, 0,0,0,0,0,7,0,0,0,0
880,0,243,-55.4,64,32,-7.90211,5.4513,0,0,0,0,0,0,0,0,0,0,0, 0,0,0,0,0,8,0,0,0,0
880,1,289,-55.4,68,32,-8.39599,5.79201,0,0,0,0,0,0,0,0,0,0,0, 0,0,0,0,0,8,0,0,0,0
880,2,242,-55.4,72,32,-8.88987,6.13271,0,0,0,0,0,0,0,0,0,0,0, 0,0,0,0,0,8,0,0,0,0
880,3,155,-51.6,76,32,-8.93411,7.08108,0,0,0,0,0,0,0,0,0,0,0, 0,0,0,0,0,8,0,0,0,0
880,4,113,-43.6,80,32,-8.27543,8.69006,0,0,0,0,0,0,0,0,0,0,0, 0,0,0,0,0,8,0,0,0,0
880,5,93,-39.9,84,32,-8.08227,9.66628,0,0,0,0,0,0,0,0,0,0,0, 0,0,0,0,0,8,0,0,0,0
880,6,138,-55.4,60,32,-7.40823,5.11059,0,0,0,0,0,0,0,0,0,0,0, 0,0,0,0,0,8,0,0,0,0
920,0,245,-55.4,64,32,-7.90211,5.4513,0,1334,0,0,0,0,0,0,0,0,0, 0,0,0,0,0,9,0,0,0,0
920,1,290,-55.4,68,32,-8.39599,5.79201,0,1334,0,0,0,0,0,0,0,0,0, 0,0,0,0,0,9,0,0,0,0
920,2,240,-55.4,72,32,-8.88987,6.13271,0,1334,0,0,0,0,0,0,0,0,0, 0,0,0,0,0,9,0,0,0,0
920,3,154,-51.6,76,32,-8.93411,7.08108,0,1334,0,0,0,0,0,0,0,0,0, 0,0,0,0,0,9,0,0,0,0
920,4,105,-45.9,80,32,-8.61752,8.35095,0,1334,0,0,0,0,0,0,0,0,0, 0,0,0,0,0,9,0,0,0,0
920,5,83,-42.3,84,32,-8.47996,9.31935,0,1334,0,0,0,0,0,0,0,0,0, 0,0,0,0,0,9,0,0,0,0
920,6,136,-56.5,60,32,-7.50497,4.96743,0,1334,0,0,0,0,0,0,0,0,0, 0,0,0,0,0,9,0,0,0,0
960,0,243,-56.5,64,32,-8.0053,5.2986,0,0,0,0,0,0,0,0,0,0,0, 0,0,0,0,0,10,0,0,0,0
960,1,289,-56.5,68,32,-8.50564,5.62976,0,0,0,0,0,0,0,0,0,0,0, 0,0,0,0,0,10,0,0,0,0
960,2,238,-55.4,72,32,-8.88987,6.13271,0,0,0,0,0,0,0,0,0,0,0, 0,0,0,0,0,10,0,0,0,0
960,3,147,-53.4,76,32,-9.15212,6.79696,0,0,0,0,0,0,0,0,0,0,0, 0,0,0,0,0,10,0,0,0,0
960,4,101,-44.2,80,32,-8.36598,8.60293,0,0,0,0,0,0,0,0,0,0,0, 0,0,0,0,0,10,0,0,0,0
960,5,84,-41.1,84,32,-8.28293,9.4949,0,0,0,0,0,0,0,0,0,0,0, 0,0,0,0,0,10,0,0,0,0
960,6,136,-56.5,60,32,-7.50497,4.96743,0,0,0,0,0,0,0,0,0,0,0, 0,0,0,0,0,10,0,0,0,0
1000,0,243,-56.5,64,32,-8.0053,5.2986,0,7936,0,0,0,0,0,0,0,0,0, 0,0,0,0,0,11,0,0,0,0
1000,1,291,-55.4,68,32,-8.39599,5.79201,0,7936,0,0,0,0,0,0,0,0,0, 0,0,0,0,0,11,0,0,0,0
1000,2,242,-55.4,72,32,-8.88987,6.13271,0,7936,0,0,0,0,0,0,0,0,0, 0,0,0,0,0,11,0,0,0,0
1000,3,156,-54.4,76,32,-9.26935,6.6362,0,7936,0,0,0,0,0,0,0,0,0, 0,0,0,0,0,11,0,0,0,0
1000,4,110,-49.8,80,32,-9.16555,7.74549,0,7936,0,0,0,0,0,0,0,0,0, 0,0,0,0,0,11,0,0,0,0
1000,5,90,-44.2,84,32,-8.78428,9.03307,0,7936,0,0,0,0,0,0,0,0,0, 0,0,0,0,0,11,0,0,0,0
1000,6,138,-55.4,60,32,-7.40823,5.11059,0,7936,0,0,0,0,0,0,0,0,0, 0,0,0,0,0,11,0,0,0,0
1040,0,246,-55.4,64,32,-7.90211,5.4513,0,1139,0,0,0,0,0,0,0,0,0, 0,0,0,0,0,12,0,0,0,0
1040,1,292,-55.4,68,32,-8.39599,5.79201,0,1139,0,0,0,0,0,0,0,0,0, 0,0,0,0,0,12,0,0,0,0
1040,2,45,63.6,8,33,1.07485,0.533562,0,1139,0,0,0,0,0,0,0,0,0, 0,0,0,0,0,12,0,0,0,0
1040,3,244,-55.4,72,32,-8.88987,6.13271,0,1139,0,0,0,0,0,0,0,0,0, 0,0,0,0,0,12,0,0,0,0
1040,4,153,-56.5,76,32,-9.5063,6.29208,0,1139,0,0,0,0,0,0,0,0,0, 0,0,0,0,0,12,0,0,0,0
1040,5,14,43.6,268,13.75,27.7227,29.1117,0,1139,0,0,0,0,0,0,0,0,0, 0,0,0,0,0,12,0,0,0,0
1040,6,98,-57.4,80,32,-10.1094,6.46525,0,1139,0,0,0,0,0,0,0,0,0, 0,0,0,0,0,12,0,0,0,0
1040,7,138,-55.4,60,32,-7.40823,5.11059,0,1139,0,0,0,0,0,0,0,0,0, 0,0,0,0,0,12,0,0,0,0
1080,0,247,-55.4,64,32,-7.90211,5.4513,0,86,0,0,0,0,0,0,0,0,0, 0,0,0,0,0,13,0,0,0,0
1080,1,291,-55.4,68,32,-8.39599,5.79201,0,86,0,0,0,0,0,0,0,0,0, 0,0,0,0,0,13,0,0,0,0
1080,2,242,-55.4,72,32,-8.88987,6.13271,0,86,0,0,0,0,0,0,0,0,0, 0,0,0,0,0,13,0,0,0,0
1080,3,154,-56.5,76,32,-9.5063,6.29208,0,86,0,0,0,0,0,0,0,0,0, 0,0,0,0,0,13,0,0,0,0
1080,4,103,-55.4,80,32,-9.87764,6.81413,0,86,0,0,0,0,0,0,0,0,0, 0,0,0,0,0,13,0,0,0,0
1080,5,87,-42.9,84,32,-8.57708,9.23004,0,86,0,0,0,0,0,0,0,0,0, 0,0,0,0,0,13,0,0,0,0
1080,6,138,-54.4,60,32,-7.31791,5.23911,0,86,0,0,0,0,0,0,0,0,0, 0,0,0,0,0,13,0,0,0,0
1120,0,244,-55.4,64,32,-7.90211,5.4513,0,0,0,0,0,0,0,0,0,0,0, 0,0,0,0,0,14,0,0,0,0
1120,1,289,-55.4,68,32,-8.39599,5.79201,0,0,0,0,0,0,0,0,0,0,0, 0,0,0,0,0,14,0,0,0,0
1120,2,242,-56.5,72,32,-9.00597,5.96092,0,0,0,0,0,0,0,0,0,0,0, 0,0,0,0,0,14,0,0,0,0
1120,3,154,-55.4,76,32,-9.38375,6.47342,0,0,0,0,0,0,0,0,0,0,0, 0,0,0,0,0,14,0,0,0,0
1120,4,106,-54.4,80,32,-9.75721,6.98548,0,0,0,0,0,0,0,0,0,0,0, 0,0,0,0,0,14,0,0,0,0
1120,5,84,-51.6,84,32,-9.87454,7.82646,0,0,0,0,0,0,0,0,0,0,0, 0,0,0,0,0,14,0,0,0,0
1120,6,139,-54.4,60,32,-7.31791,5.23911,0,0,0,0,0,0,0,0,0,0,0, 0,0,0,0,0,14,0,0,0,0
1160,0,246,-55.4,64,32,-7.90211,5.4513,0,0,0,0,0,0,0,0,0,0,0, 0,0,0,0,0,15,0,0,0,0
1160,1,291,-55.4,68,32,-8.39599,5.79201,0,0,0,0,0,0,0,0,0,0,0, 0,0,0,0,0,15,0,0,0,0
1160,2,245,-54.4,72,32,-8.78149,6.28693,0,0,0,0,0,0,0,0,0,0,0, 0,0,0,0,0,15,0,0,0,0
1160,3,157,-53.4,76,32,-9.15212,6.79696,0,0,0,0,0,0,0,0,0,0,0, 0,0,0,0,0,15,0,0,0,0
1160,4,111,-46.7,80,32,-8.73327,8.22982,0,0,0,0,0,0,0,0,0,0,0, 0,0,0,0,0,15,0,0,0,0
1160,5,92,-41.7,84,32,-8.3819,9.40764,0,0,0,0,0,0,0,0,0,0,0, 0,0,0,0,0,15,0,0,0,0
1160,6,141,-54.4,60,32,-7.31791,5.23911,0,0,0,0,0,0,0,0,0,0,0, 0,0,0,0,0,15,0,0,0,0
1200,0,248,-55.4,64,32,-7.90211,5.4513,0,0,0,0,0,0,0,0,0,0,0, 0,0,0,0,0,0,0,0,0,0
1200,1,293,-55.4,68,32,-8.39599,5.79201,0,0,0,0,0,0,0,0,0,0,0, 0,0,0,0,0,0,0,0,0,0
1200,2,245,-54.4,72,32,-8.78149,6.28693,0,0,0,0,0,0,0,0,0,0,0, 0,0,0,0,0,0,0,0,0,0
1200,3,156,-51.6,76,32,-8.93411,7.08108,0,0,0,0,0,0,0,0,0,0,0, 0,0,0,0,0,0,0,0,0,0
1200,4,110,-45,80,32,-8.48528,8.48528,0,0,0,0,0,0,0,0,0,0,0, 0,0,0,0,0,0,0,0,0,0
1200,5,87,-43.6,84,32,-8.68921,9.12457,0,0,0,0,0,0,0,0,0,0,0, 0,0,0,0,0,0,0,0,0,0
1200,6,141,-54.4,60,32,-7.31791,5.23911,0,0,0,0,0,0,0,0,0,0,0, 0,0,0,0,0,0,0,0,0,0
1240,0,250,-55.4,64,32,-7.90211,5.4513,0,0,0,0,0,0,0,0,0,0,0, 0,0,0,0,0,1,0,0,0,0
1240,1,294,-55.4,68,32,-8.39599,5.79201,0,0,0,0,0,0,0,0,0,0,0, 0,0,0,0,0,1,0,0,0,0
1240,2,246,-54.4,72,32,-8.78149,6.28693,0,0,0,0,0,0,0,0,0,0,0, 0,0,0,0,0,1,0,0,0,0
1240,3,158,-51.6,76,32,-8.93411,7.08108,0,0,0,0,0,0,0,0,0,0,0, 0,0,0,0,0,1,0,0,0,0
1240,4,108,-46.7,80,32,-8.73327,8.22982,0,0,0,0,0,0,0,0,0,0,0, 0,0,0,0,0,1,0,0,0,0
1240,5,82,-45.9,84,32,-9.04839,8.7685,0,0,0,0,0,0,0,0,0,0,0, 0,0,0,0,0,1,0,0,0,0
1240,6,141,-54.4,60,32,-7.31791,5.23911,0,0,0,0,0,0,0,0,0,0,0, 0,0,0,0,0,1,0,0,0,0
1280,0,250,-55.4,64,32,-7.90211,5.4513,0,0,0,0,0,0,0,0,0,0,0, 0,0,0,0,0,2,0,0,0,0
1280,1,294,-54.4,68,32,-8.29363,5.93765,0,0,0,0,0,0,0,0,0,0,0, 0,0,0,0,0,2,0,0,0,0
1280,2,245,-54.4,72,32,-8.78149,6.28693,0,0,0,0,0,0,0,0,0,0,0, 0,0,0,0,0,2,0,0,0,0
1280,3,159,-49.8,76,32,-8.70727,7.35822,0,0,0,0,0,0,0,0,0,0,0, 0,0,0,0,0,2,0,0,0,0
1280,4,113,-45,80,32,-8.48528,8.48528,0,0,0,0,0,0,0,0,0,0,0, 0,0,0,0,0,2,0,0,0,0
1280,5,87,-43.6,84,32,-8.68921,9.12457,0,0,0,0,0,0,0,0,0,0,0, 0,0,0,0,0,2,0,0,0,0
1280,6,143,-54.4,60,32,-7.31791,5.23911,0,0,0,0,0,0,0,0,0,0,0, 0,0,0,0,0,2,0,0,0,0
1320,0,246,-56.5,64,32,-8.0053,5.2986,0,0,0,0,0,0,0,0,0,0,0, 0,0,0,0,0,3,0,0,0,0
1320,1,292,-55.4,68,32,-8.39599,5.79201,0,0,0,0,0,0,0,0,0,0,0, 0,0,0,0,0,3,0,0,0,0
1320,2,41,63.6,8,33,1.07485,0.533562,0,0,0,0,0,0,0,0,0,0,0, 0,0,0,0,0,3,0,0,0,0
1320,3,243,-55.4,72,32,-8.88987,6.13271,0,0,0,0,0,0,0,0,0,0,0, 0,0,0,0,0,3,0,0,0,0
1320,4,154,-49.8,76,32,-8.70727,7.35822,0,0,0,0,0,0,0,0,0,0,0, 0,0,0,0,0,3,0,0,0,0
1320,5,113,-42.9,80,32,-8.16865,8.79051,0,0,0,0,0,0,0,0,0,0,0, 0,0,0,0,0,3,0,0,0,0
1320,6,93,-41.1,84,32,-8.28293,9.4949,0,0,0,0,0,0,0,0,0,0,0, 0,0,0,0,0,3,0,0,0,0
1320,7,138,-56.5,60,32,-7.50497,4.96743,0,0,0,0,0,0,0,0,0,0,0, 0,0,0,0,0,3,0,0,0,0
1360,0,246,-55.4,64,32,-7.90211,5.4513,0,0,0,0,0,0,0,0,0,0,0, 0,0,0,0,0,4,0,0,0,0
1360,1,290,-55.4,68,32,-8.39599,5.79201,0,0,0,0,0,0,0,0,0,0,0, 0,0,0,0,0,4,0,0,0,0
1360,2,243,-54.4,72,32,-8.78149,6.28693,0,0,0,0,0,0,0,0,0,0,0, 0,0,0,0,0,4,0,0,0,0
1360,3,158,-51.6,76,32,-8.93411,7.08108,0,0,0,0,0,0,0,0,0,0,0, 0,0,0,0,0,4,0,0,0,0
1360,4,112,-45.9,80,32,-8.61752,8.35095,0,0,0,0,0,0,0,0,0,0,0, 0,0,0,0,0,4,0,0,0,0
1360,5,88,-44.2,84,32,-8.78428,9.03307,0,0,0,0,0,0,0,0,0,0,0, 0,0,0,0,0,4,0,0,0,0
1360,6,138,-55.4,60,32,-7.40823,5.11059,0,0,0,0,0,0,0,0,0,0,0, 0,0,0,0,0,4,0,0,0,0
1400,0,246,-56.5,64,32,-8.0053,5.2986,0,0,0,0,0,0,0,0,0,0,0, 0,0,0,0,0,5,0,0,0,0
1400,1,290,-55.4,68,32,-8.39599,5.79201,0,0,0,0,0,0,0,0,0,0,0, 0,0,0,0,0,5,0,0,0,0
1400,2,39,75.1,8,30.75,1.15965,0.308559,0,0,0,0,0,0,0,0,0,0,0, 0,0,0,0,0,5,0,0,0,0
1400,3,244,-55.4,72,32,-8.88987,6.13271,0,0,0,0,0,0,0,0,0,0,0, 0,0,0,0,0,5,0,0,0,0
1400,4,16,-4.8,232,32.25,-2.91199,34.678,0,0,0,0,0,0,0,0,0,0,0, 0,0,0,0,0,5,0,0,0,0
1400,5,159,-54.4,76,32,-9.26935,6.6362,0,0,0,0,0,0,0,0,0,0,0, 0,0,0,0,0,5,0,0,0,0
1400,6,106,-53.4,80,32,-9.63381,7.1547,0,0,0,0,0,0,0,0,0,0,0, 0,0,0,0,0,5,0,0,0,0
1400,7,82,-51.6,84,32,-9.87454,7.82646,0,0,0,0,0,0,0,0,0,0,0, 0,0,0,0,0,5,0,0,0,0
1400,8,139,-55.4,60,32,-7.40823,5.11059,0,0,0,0,0,0,0,0,0,0,0, 0,0,0,0,0,5,0,0,0,0
1440,0,248,-55.4,64,32,-7.90211,5.4513,0,0,0,0,0,0,0,0,0,0,0, 0,0,0,0,0,6,0,0,0,0
1440,1,291,-55.4,68,32,-8.39599,5.79201,0,0,0,0,0,0,0,0,0,0,0, 0,0,0,0,0,6,0,0,0,0
1440,2,247,-55.4,72,32,-8.88987,6.13271,0,0,0,0,0,0,0,0,0,0,0, 0,0,0,0,0,6,0,0,0,0
1440,3,160,-53.4,76,32,-9.15212,6.79696,0,0,0,0,0,0,0,0,0,0,0, 0,0,0,0,0,6,0,0,0,0
1440,4,106,-49.8,80,32,-9.16555,7.74549,0,0,0,0,0,0,0,0,0,0,0, 0,0,0,0,0,6,0,0,0,0
1440,5,138,-57.4,60,32,-7.58207,4.84894,0,0,0,0,0,0,0,0,0,0,0, 0,0,0,0,0,6,0,0,0,0
1480,0,243,-56.5,64,32,-8.0053,5.2986,0,0,0,0,0,0,0,0,0,0,0, 0,0,0,0,0,7,0,0,0,0
1480,1,290,-56.5,68,32,-8.50564,5.62976,0,0,0,0,0,0,0,0,0,0,0, 0,0,0,0,0,7,0,0,0,0
1480,2,245,-55.4,72,32,-8.88987,6.13271,0,0,0,0,0,0,0,0,0,0,0, 0,0,0,0,0,7,0,0,0,0
1480,3,18,7.2,232,31.5,4.3616,34.5256,0,0,0,0,0,0,0,0,0,0,0, 0,0,0,0,0,7,0,0,0,0
1480,4,159,-53.4,76,32,-9.15212,6.79696,0,0,0,0,0,0,0,0,0,0,0, 0,0,0,0,0,7,0,0,0,0
1480,5,107,-49.8,80,32,-9.16555,7.74549,0,0,0,0,0,0,0,0,0,0,0, 0,0,0,0,0,7,0,0,0,0
1480,6,139,-57.4,60,32,-7.58207,4.84894,0,0,0,0,0,0,0,0,0,0,0, 0,0,0,0,0,7,0,0,0,0
1520,0,246,-56.5,64,32,-8.0053,5.2986,0,0,0,0,0,0,0,0,0,0,0, 0,0,0,0,0,8,0,0,0,0
1520,1,291,-56.5,68,32,-8.50564,5.62976,0,0,0,0,0,0,0,0,0,0,0, 0,0,0,0,0,8,0,0,0,0
1520,2,245,-55.4,72,32,-8.88987,6.13271,0,0,0,0,0,0,0,0,0,0,0, 0,0,0,0,0,8,0,0,0,0
1520,3,161,-53.4,76,32,-9.15212,6.79696,0,0,0,0,0,0,0,0,0,0,0, 0,0,0,0,0,8,0,0,0,0
1520,4,106,-51.6,80,32,-9.40432,7.45377,0,0,0,0,0,0,0,0,0,0,0, 0,0,0,0,0,8,0,0,0,0
1520,5,139,-55.4,60,32,-7.40823,5.11059,0,0,0,0,0,0,0,0,0,0,0, 0,0,0,0,0,8,0,0,0,0
1560,0,248,-56.5,64,32,-8.0053,5.2986,0,1334,0,0,0,0,0,0,0,0,0, 0,0,0,0,0,9,0,0,0,0
1560,1,293,-55.4,68,32,-8.39599,5.79201,0,1334,0,0,0,0,0,0,0,0,0, 0,0,0,0,0,9,0,0,0,0
1560,2,246,-55.4,72,32,-8.88987,6.13271,0,1334,0,0,0,0,0,0,0,0,0, 0,0,0,0,0,9,0,0,0,0
1560,3,159,-53.4,76,32,-9.15212,6.79696,0,1334,0,0,0,0,0,0,0,0,0, 0,0,0,0,0,9,0,0,0,0
1560,4,108,-46.7,80,32,-8.73327,8.22982,0,1334,0,0,0,0,0,0,0,0,0, 0,0,0,0,0,9,0,0,0,0
1560,5,85,-44.2,84,32,-8.78428,9.03307,0,1334,0,0,0,0,0,0,0,0,0, 0,0,0,0,0,9,0,0,0,0
1560,6,140,-55.4,60,32,-7.40823,5.11059,0,1334,0,0,0,0,0,0,0,0,0, 0,0,0,0,0,9,0,0,0,0
1600,0,250,-56.5,64,32,-8.0053,5.2986,0,0,0,0,0,0,0,0,0,0,0, 0,0,0,0,0,10,0,0,0,0
1600,1,292,-56.5,68,32,-8.50564,5.62976,0,0,0,0,0,0,0,0,0,0,0, 0,0,0,0,0,10,0,0,0,0
1600,2,40,67.6,8,33,1.10946,0.457284,0,0,0,0,0,0,0,0,0,0,0, 0,0,0,0,0,10,0,0,0,0
1600,3,242,-55.4,72,32,-8.88987,6.13271,0,0,0,0,0,0,0,0,0,0,0, 0,0,0,0,0,10,0,0,0,0
1600,4,154,-54.4,76,32,-9.26935,6.6362,0,0,0,0,0,0,0,0,0,0,0, 0,0,0,0,0,10,0,0,0,0
1600,5,105,-46.7,80,32,-8.73327,8.22982,0,0,0,0,0,0,0,0,0,0,0, 0,0,0,0,0,10,0,0,0,0
1600,6,82,-44.2,84,32,-8.78428,9.03307,0,0,0,0,0,0,0,0,0,0,0, 0,0,0,0,0,10,0,0,0,0
1600,7,140,-56.5,60,32,-7.50497,4.96743,0,0,0,0,0,0,0,0,0,0,0, 0,0,0,0,0,10,0,0,0,0
1640,0,244,-56.5,64,32,-8.0053,5.2986,0,7936,0,0,0,0,0,0,0,0,0, 0,0,0,0,0,11,0,0,0,0
1640,1,289,-56.5,68,32,-8.50564,5.62976,0,7936,0,0,0,0,0,0,0,0,0, 0,0,0,0,0,11,0,0,0,0
1640,2,22,-2.4,228,31.75,-1.43215,34.17,0,7936,0,0,0,0,0,0,0,0,0, 0,0,0,0,0,11,0,0,0,0
1640,3,244,-55.4,72,32,-8.88987,6.13271,0,7936,0,0,0,0,0,0,0,0,0, 0,0,0,0,0,11,0,0,0,0
1640,4,29,3.1,232,31.25,1.88194,34.7491,0,7936,0,0,0,0,0,0,0,0,0, 0,0,0,0,0,11,0,0,0,0
1640,5,25,5.4,232,32.25,3.27497,34.6456,0,7936,0,0,0,0,0,0,0,0,0, 0,0,0,0,0,11,0,0,0,0
1640,6,158,-51.6,76,32,-8.93411,7.08108,0,7936,0,0,0,0,0,0,0,0,0, 0,0,0,0,0,11,0,0,0,0
1640,7,111,-46.7,80,32,-8.73327,8.22982,0,7936,0,0,0,0,0,0,0,0,0, 0,0,0,0,0,11,0,0,0,0
1640,8,86,-45,84,32,-8.90955,8.90955,0,7936,0,0,0,0,0,0,0,0,0, 0,0,0,0,0,11,0,0,0,0
1640,9,139,-56.5,60,32,-7.50497,4.96743,0,7936,0,0,0,0,0,0,0,0,0, 0,0,0,0,0,11,0,0,0,0
1680,0,247,-56.5,64,32,-8.0053,5.2986,0,1139,0,0,0,0,0,0,0,0,0, 0,0,0,0,0,12,0,0,0,0
1680,1,291,-56.5,68,32,-8.50564,5.62976,0,1139,0,0,0,0,0,0,0,0,0, 0,0,0,0,0,12,0,0,0,0
1680,2,242,-55.4,72,32,-8.88987,6.13271,0,1139,0,0,0,0,0,0,0,0,0, 0,0,0,0,0,12,0,0,0,0
1680,3,155,-53.4,76,32,-9.15212,6.79696,0,1139,0,0,0,0,0,0,0,0,0, 0,0,0,0,0,12,0,0,0,0
1680,4,105,-46.7,80,32,-8.73327,8.22982,0,1139,0,0,0,0,0,0,0,0,0, 0,0,0,0,0,12,0,0,0,0
1680,5,81,-46.7,84,32,-9.16994,8.64131,0,1139,0,0,0,0,0,0,0,0,0, 0,0,0,0,0,12,0,0,0,0
1680,6,137,-56.5,60,32,-7.50497,4.96743,0,1139,0,0,0,0,0,0,0,0,0, 0,0,0,0,0,12,0,0,0,0
1720,0,244,-57.4,64,32,-8.08754,5.1722,0,86,0,0,0,0,0,0,0,0,0, 0,0,0,0,0,13,0,0,0,0
1720,1,287,-56.5,68,32,-8.50564,5.62976,0,86,0,0,0,0,0,0,0,0,0, 0,0,0,0,0,13,0,0,0,0
1720,2,241,-55.4,72,32,-8.88987,6.13271,0,86,0,0,0,0,0,0,0,0,0, 0,0,0,0,0,13,0,0,0,0
1720,3,156,-51.6,76,32,-8.93411,7.08108,0,86,0,0,0,0,0,0,0,0,0, 0,0,0,0,0,13,0,0,0,0
1720,4,112,-45.9,80,32,-8.61752,8.35095,0,86,0,0,0,0,0,0,0,0,0, 0,0,0,0,0,13,0,0,0,0
1720,5,94,-43.6,84,32,-8.68921,9.12457,0,86,0,0,0,0,0,0,0,0,0, 0,0,0,0,0,13,0,0,0,0
1720,6,138,-56.5,60,32,-7.50497,4.96743,0,86,0,0,0,0,0,0,0,0,0, 0,0,0,0,0,13,0,0,0,0
1760,0,246,-57.4,64,32,-8.08754,5.1722,0,0,0,0,0,0,0,0,0,0,0, 0,0,0,0,0,14,0,0,0,0
1760,1,291,-56.5,68,32,-8.50564,5.62976,0,0,0,0,0,0,0,0,0,0,0, 0,0,0,0,0,14,0,0,0,0
1760,2,45,65.6,8,33,1.09282,0.495725,0,0,0,0,0,0,0,0,0,0,0, 0,0,0,0,0,14,0,0,0,0
1760,3,242,-56.5,72,32,-9.00597,5.96092,0,0,0,0,0,0,0,0,0,0,0, 0,0,0,0,0,14,0,0,0,0
1760,4,153,-53.4,76,32,-9.15212,6.79696,0,0,0,0,0,0,0,0,0,0,0, 0,0,0,0,0,14,0,0,0,0
1760,5,108,-45,80,32,-8.48528,8.48528,0,0,0,0,0,0,0,0,0,0,0, 0,0,0,0,0,14,0,0,0,0
1760,6,91,-42.3,84,32,-8.47996,9.31935,0,0,0,0,0,0,0,0,0,0,0, 0,0,0,0,0,14,0,0,0,0
1760,7,140,-58.4,60,32,-7.66554,4.71587,0,0,0,0,0,0,0,0,0,0,0, 0,0,0,0,0,14,0,0,0,0
1800,0,246,-56.5,64,32,-8.0053,5.2986,0,0,0,0,0,0,0,0,0,0,0, 0,0,0,0,0,15,0,0,0,0
1800,1,289,-55.4,68,32,-8.39599,5.79201,0,0,0,0,0,0,0,0,0,0,0, 0,0,0,0,0,15,0,0,0,0
1800,2,17,10.6,196,31.5,5.40817,28.8983,0,0,0,0,0,0,0,0,0,0,0, 0,0,0,0,0,15,0,0,0,0
1800,3,244,-55.4,72,32,-8.88987,6.13271,0,0,0,0,0,0,0,0,0,0,0, 0,0,0,0,0,15,0,0,0,0
1800,4,12,53.2,296,25,35.5525,26.5966,0,0,0,0,0,0,0,0,0,0,0, 0,0,0,0,0,15,0,0,0,0
1800,5,158,-51.6,76,32,-8.93411,7.08108,0,0,0,0,0,0,0,0,0,0,0, 0,0,0,0,0,15,0,0,0,0
1800,6,114,-46.7,80,32,-8.73327,8.22982,0,0,0,0,0,0,0,0,0,0,0, 0,0,0,0,0,15,0,0,0,0
1800,7,92,-45,84,32,-8.90955,8.90955,0,0,0,0,0,0,0,0,0,0,0, 0,0,0,0,0,15,0,0,0,0
1800,8,141,-55.4,60,32,-7.40823,5.11059,0,0,0,0,0,0,0,0,0,0,0, 0,0,0,0,0,15,0,0,0,0
1840,0,247,-56.5,64,32,-8.0053,5.2986,0,0,0,0,0,0,0,0,0,0,0, 0,0,0,0,0,0,0,0,0,0
1840,1,290,-55.4,68,32,-8.39599,5.79201,0,0,0,0,0,0,0,0,0,0,0, 0,0,0,0,0,0,0,0,0,0
1840,2,244,-55.4,72,32,-8.88987,6.13271,0,0,0,0,0,0,0,0,0,0,0, 0,0,0,0,0,0,0,0,0,0
1840,3,160,-53.4,76,32,-9.15212,6.79696,0,0,0,0,0,0,0,0,0,0,0, 0,0,0,0,0,0,0,0,0,0
1840,4,109,-49.8,80,32,-9.16555,7.74549,0,0,0,0,0,0,0,0,0,0,0, 0,0,0,0,0,0,0,0,0,0
1840,5,82,-56.5,84,32,-10.507,6.95441,0,0,0,0,0,0,0,0,0,0,0, 0,0,0,0,0,0,0,0,0,0
1840,6,137,-56.5,60,32,-7.50497,4.96743,0,0,0,0,0,0,0,0,0,0,0, 0,0,0,0,0,0,0,0,0,0
1880,0,248,-56.5,64,32,-8.0053,5.2986,0,0,0,0,0,0,0,0,0,0,0, 0,0,0,0,0,1,0,0,0,0
1880,1,292,-56.5,68,32,-8.50564,5.62976,0,0,0,0,0,0,0,0,0,0,0, 0,0,0,0,0,1,0,0,0,0
1880,2,244,-56.5,72,32,-9.00597,5.96092,0,0,0,0,0,0,0,0,0,0,0, 0,0,0,0,0,1,0,0,0,0
1880,3,157,-54.4,76,32,-9.26935,6.6362,0,0,0,0,0,0,0,0,0,0,0, 0,0,0,0,0,1,0,0,0,0
1880,4,107,-48,80,32,-8.91774,8.02957,0,0,0,0,0,0,0,0,0,0,0, 0,0,0,0,0,1,0,0,0,0
1880,5,84,-45.9,84,32,-9.04839,8.7685,0,0,0,0,0,0,0,0,0,0,0, 0,0,0,0,0,1,0,0,0,0
1880,6,138,-57.4,60,32,-7.58207,4.84894,0,0,0,0,0,0,0,0,0,0,0, 0,0,0,0,0,1,0,0,0,0
1920,0,246,-57.4,64,32,-8.08754,5.1722,0,0,0,0,0,0,0,0,0,0,0, 0,0,0,0,0,2,0,0,0,0
1920,1,291,-56.5,68,32,-8.50564,5.62976,0,0,0,0,0,0,0,0,0,0,0, 0,0,0,0,0,2,0,0,0,0
1920,2,245,-55.4,72,32,-8.88987,6.13271,0,0,0,0,0,0,0,0,0,0,0, 0,0,0,0,0,2,0,0,0,0
1920,3,158,-53.4,76,32,-9.15212,6.79696,0,0,0,0,0,0,0,0,0,0,0, 0,0,0,0,0,2,0,0,0,0
1920,4,15,3.1,236,32.25,1.91439,35.3482,0,0,0,0,0,0,0,0,0,0,0, 0,0,0,0,0,2,0,0,0,0
1920,5,116,-44.2,80,32,-8.36598,8.60293,0,0,0,0,0,0,0,0,0,0,0, 0,0,0,0,0,2,0,0,0,0
1920,6,100,-42.3,84,32,-8.47996,9.31935,0,0,0,0,0,0,0,0,0,0,0, 0,0,0,0,0,2,0,0,0,0
1920,7,141,-56.5,60,32,-7.50497,4.96743,0,0,0,0,0,0,0,0,0,0,0, 0,0,0,0,0,2,0,0,0,0
1960,0,247,-56.5,64,32,-8.0053,5.2986,0,0,0,0,0,0,0,0,0,0,0, 0,0,0,0,0,3,0,0,0,0
1960,1,291,-56.5,68,32,-8.50564,5.62976,0,0,0,0,0,0,0,0,0,0,0, 0,0,0,0,0,3,0,0,0,0
1960,2,45,72.4,8,33,1.14383,0.362844,0,0,0,0,0,0,0,0,0,0,0, 0,0,0,0,0,3,0,0,0,0
1960,3,241,-55.4,72,32,-8.88987,6.13271,0,0,0,0,0,0,0,0,0,0,0, 0,0,0,0,0,3,0,0,0,0
1960,4,150,-55.4,76,32,-9.38375,6.47342,0,0,0,0,0,0,0,0,0,0,0, 0,0,0,0,0,3,0,0,0,0
1960,5,100,-49.8,80,32,-9.16555,7.74549,0,0,0,0,0,0,0,0,0,0,0, 0,0,0,0,0,3,0,0,0,0
1960,6,138,-58.4,60,32,-7.66554,4.71587,0,0,0,0,0,0,0,0,0,0,0, 0,0,0,0,0,3,0,0,0,0
2000,0,244,-57.4,64,32,-8.08754,5.1722,0,0,0,0,0,0,0,0,0,0,0, 0,0,0,0,0,4,0,0,0,0
2000,1,288,-56.5,68,32,-8.50564,5.62976,0,0,0,0,0,0,0,0,0,0,0, 0,0,0,0,0,4,0,0,0,0
2000,2,36,71.1,8,33,1.1353,0.388701,0,0,0,0,0,0,0,0,0,0,0, 0,0,0,0,0,4,0,0,0,0
2000,3,241,-55.4,72,32,-8.88987,6.13271,0,0,0,0,0,0,0,0,0,0,0, 0,0,0,0,0,4,0,0,0,0
2000,4,157,-53.4,76,32,-9.15212,6.79696,0,0,0,0,0,0,0,0,0,0,0, 0,0,0,0,0,4,0,0,0,0
2000,5,114,-44.2,80,32,-8.36598,8.60293,0,0,0,0,0,0,0,0,0,0,0, 0,0,0,0,0,4,0,0,0,0
2000,6,98,-41.7,84,32,-8.3819,9.40764,0,0,0,0,0,0,0,0,0,0,0, 0,0,0,0,0,4,0,0,0,0
2000,7,139,-54.4,60,32,-7.31791,5.23911,0,0,0,0,0,0,0,0,0,0,0, 0,0,0,0,0,4,0,0,0,0
2040,0,247,-55.4,64,32,-7.90211,5.4513,0,0,0,0,0,0,0,0,0,0,0, 0,0,0,0,0,5,0,0,0,0
2040,1,291,-55.4,68,32,-8.39599,5.79201,0,0,0,0,0,0,0,0,0,0,0, 0,0,0,0,0,5,0,0,0,0
2040,2,243,-54.4,72,32,-8.78149,6.28693,0,0,0,0,0,0,0,0,0,0,0, 0,0,0,0,0,5,0,0,0,0
2040,3,153,-51.6,76,32,-8.93411,7.08108,0,0,0,0,0,0,0,0,0,0,0, 0,0,0,0,0,5,0,0,0,0
2040,4,107,-45.9,80,32,-8.61752,8.35095,0,0,0,0,0,0,0,0,0,0,0, 0,0,0,0,0,5,0,0,0,0
2040,5,89,-43.6,84,32,-8.68921,9.12457,0,0,0,0,0,0,0,0,0,0,0, 0,0,0,0,0,5,0,0,0,0
2040,6,140,-56.5,60,32,-7.50497,4.96743,0,0,0,0,0,0,0,0,0,0,0, 0,0,0,0,0,5,0,0,0,0
2080,0,243,-56.5,64,32,-8.0053,5.2986,0,0,0,0,0,0,0,0,0,0,0, 0,0,0,0,0,6,0,0,0,0
2080,1,290,-55.4,68,32,-8.39599,5.79201,0,0,0,0,0,0,0,0,0,0,0, 0,0,0,0,0,6,0,0,0,0
2080,2,46,69.6,8,33,1.12474,0.418287,0,0,0,0,0,0,0,0,0,0,0, 0,0,0,0,0,6,0,0,0,0
2080,3,243,-54.4,72,32,-8.78149,6.28693,0,0,0,0,0,0,0,0,0,0,0, 0,0,0,0,0,6,0,0,0,0
2080,4,154,-53.4,76,32,-9.15212,6.79696,0,0,0,0,0,0,0,0,0,0,0, 0,0,0,0,0,6,0,0,0,0
2080,5,106,-46.7,80,32,-8.73327,8.22982,0,0,0,0,0,0,0,0,0,0,0, 0,0,0,0,0,6,0,0,0,0
2080,6,90,-42.9,84,32,-8.57708,9.23004,0,0,0,0,0,0,0,0,0,0,0, 0,0,0,0,0,6,0,0,0,0
2080,7,138,-57.4,60,32,-7.58207,4.84894,0,0,0,0,0,0,0,0,0,0,0, 0,0,0,0,0,6,0,0,0,0
2120,0,245,-56.5,64,32,-8.0053,5.2986,0,0,0,0,0,0,0,0,0,0,0, 0,0,0,0,0,7,0,0,0,0
2120,1,292,-55.4,68,32,-8.39599,5.79201,0,0,0,0,0,0,0,0,0,0,0, 0,0,0,0,0,7,0,0,0,0
2120,2,243,-55.4,72,32,-8.88987,6.13271,0,0,0,0,0,0,0,0,0,0,0, 0,0,0,0,0,7,0,0,0,0
2120,3,158,-53.4,76,32,-9.15212,6.79696,0,0,0,0,0,0,0,0,0,0,0, 0,0,0,0,0,7,0,0,0,0
2120,4,113,-48,80,32,-8.91774,8.02957,0,0,0,0,0,0,0,0,0,0,0, 0,0,0,0,0,7,0,0,0,0
2120,5,92,-45.9,84,32,-9.04839,8.7685,0,0,0,0,0,0,0,0,0,0,0, 0,0,0,0,0,7,0,0,0,0
2120,6,139,-55.4,60,32,-7.40823,5.11059,0,0,0,0,0,0,0,0,0,0,0, 0,0,0,0,0,7,0,0,0,0
2160,0,247,-56.5,64,32,-8.0053,5.2986,0,0,0,0,0,0,0,0,0,0,0, 0,0,0,0,0,8,0,0,0,0
2160,1,291,-56.5,68,32,-8.50564,5.62976,0,0,0,0,0,0,0,0,0,0,0, 0,0,0,0,0,8,0,0,0,0
2160,2,242,-56.5,72,32,-9.00597,5.96092,0,0,0,0,0,0,0,0,0,0,0, 0,0,0,0,0,8,0,0,0,0
2160,3,19,4.2,232,31.25,2.54869,34.7065,0,0,0,0,0,0,0,0,0,0,0, 0,0,0,0,0,8,0,0,0,0
2160,4,156,-53.4,76,32,-9.15212,6.79696,0,0,0,0,0,0,0,0,0,0,0, 0,0,0,0,0,8,0,0,0,0
2160,5,109,-45.9,80,32,-8.61752,8.35095,0,0,0,0,0,0,0,0,0,0,0, 0,0,0,0,0,8,0,0,0,0
2160,6,84,-44.2,84,32,-8.78428,9.03307,0,0,0,0,0,0,0,0,0,0,0, 0,0,0,0,0,8,0,0,0,0
2160,7,139,-56.5,60,32,-7.50497,4.96743,0,0,0,0,0,0,0,0,0,0,0, 0,0,0,0,0,8,0,0,0,0
2200,0,247,-56.5,64,32,-8.0053,5.2986,0,1334,0,0,0,0,0,0,0,0,0, 0,0,0,0,0,9,0,0,0,0
2200,1,293,-55.4,68,32,-8.39599,5.79201,0,1334,0,0,0,0,0,0,0,0,0, 0,0,0,0,0,9,0,0,0,0
2200,2,246,-55.4,72,32,-8.88987,6.13271,0,1334,0,0,0,0,0,0,0,0,0, 0,0,0,0,0,9,0,0,0,0
2200,3,156,-53.4,76,32,-9.15212,6.79696,0,1334,0,0,0,0,0,0,0,0,0, 0,0,0,0,0,9,0,0,0,0
2200,4,106,-46.7,80,32,-8.73327,8.22982,0,1334,0,0,0,0,0,0,0,0,0, 0,0,0,0,0,9,0,0,0,0
2200,5,85,-46.7,84,32,-9.16994,8.64131,0,1334,0,0,0,0,0,0,0,0,0, 0,0,0,0,0,9,0,0,0,0
2200,6,138,-56.5,60,32,-7.50497,4.96743,0,1334,0,0,0,0,0,0,0,0,0, 0,0,0,0,0,9,0,0,0,0
2240,0,245,-56.5,64,32,-8.0053,5.2986,0,0,0,0,0,0,0,0,0,0,0, 0,0,0,0,0,10,0,0,0,0
2240,1,291,-56.5,68,32,-8.50564,5.62976,0,0,0,0,0,0,0,0,0,0,0, 0,0,0,0,0,10,0,0,0,0
2240,2,243,-56.5,72,32,-9.00597,5.96092,0,0,0,0,0,0,0,0,0,0,0, 0,0,0,0,0,10,0,0,0,0
2240,3,158,-53.4,76,32,-9.15212,6.79696,0,0,0,0,0,0,0,0,0,0,0, 0,0,0,0,0,10,0,0,0,0
2240,4,108,-46.7,80,32,-8.73327,8.22982,0,0,0,0,0,0,0,0,0,0,0, 0,0,0,0,0,10,0,0,0,0
2240,5,84,-45,84,32,-8.90955,8.90955,0,0,0,0,0,0,0,0,0,0,0, 0,0,0,0,0,10,0,0,0,0
2240,6,139,-55.4,60,32,-7.40823,5.11059,0,0,0,0,0,0,0,0,0,0,0, 0,0,0,0,0,10,0,0,0,0
2280,0,244,-56.5,64,32,-8.0053,5.2986,0,7936,0,0,0,0,0,0,0,0,0, 0,0,0,0,0,11,0,0,0,0
2280,1,289,-56.5,68,32,-8.50564,5.62976,0,7936,0,0,0,0,0,0,0,0,0, 0,0,0,0,0,11,0,0,0,0
2280,2,16,7.8,228,31.75,4.64147,33.8836,0,7936,0,0,0,0,0,0,0,0,0, 0,0,0,0,0,11,0,0,0,0
2280,3,39,69.6,8,33,1.12474,0.418287,0,7936,0,0,0,0,0,0,0,0,0, 0,0,0,0,0,11,0,0,0,0
2280,4,243,-55.4,72,32,-8.88987,6.13271,0,7936,0,0,0,0,0,0,0,0,0, 0,0,0,0,0,11,0,0,0,0
2280,5,160,-51.6,76,32,-8.93411,7.08108,0,7936,0,0,0,0,0,0,0,0,0, 0,0,0,0,0,11,0,0,0,0
2280,6,116,-44.2,80,32,-8.36598,8.60293,0,7936,0,0,0,0,0,0,0,0,0, 0,0,0,0,0,11,0,0,0,0
2280,7,97,-41.7,84,32,-8.3819,9.40764,0,7936,0,0,0,0,0,0,0,0,0, 0,0,0,0,0,11,0,0,0,0
2280,8,137,-56.5,60,32,-7.50497,4.96743,0,7936,0,0,0,0,0,0,0,0,0, 0,0,0,0,0,11,0,0,0,0
2320,0,246,-56.5,64,32,-8.0053,5.2986,0,1138,0,0,0,0,0,0,0,0,0, 0,0,0,0,0,12,0,0,0,0
2320,1,289,-56.5,68,32,-8.50564,5.62976,0,1138,0,0,0,0,0,0,0,0,0, 0,0,0,0,0,12,0,0,0,0
2320,2,239,-55.4,72,32,-8.88987,6.13271,0,1138,0,0,0,0,0,0,0,0,0, 0,0,0,0,0,12,0,0,0,0
2320,3,156,-53.4,76,32,-9.15212,6.79696,0,1138,0,0,0,0,0,0,0,0,0, 0,0,0,0,0,12,0,0,0,0
2320,4,118,-43.6,80,32,-8.27543,8.69006,0,1138,0,0,0,0,0,0,0,0,0, 0,0,0,0,0,12,0,0,0,0
2320,5,98,-41.1,84,32,-8.28293,9.4949,0,1138,0,0,0,0,0,0,0,0,0, 0,0,0,0,0,12,0,0,0,0
2320,6,137,-56.5,60,32,-7.50497,4.96743,0,1138,0,0,0,0,0,0,0,0,0, 0,0,0,0,0,12,0,0,0,0
2360,0,243,-56.5,64,32,-8.0053,5.2986,0,86,0,0,0,0,0,0,0,0,0, 0,0,0,0,0,13,0,0,0,0
2360,1,288,-56.5,68,32,-8.50564,5.62976,0,86,0,0,0,0,0,0,0,0,0, 0,0,0,0,0,13,0,0,0,0
2360,2,240,-55.4,72,32,-8.88987,6.13271,0,86,0,0,0,0,0,0,0,0,0, 0,0,0,0,0,13,0,0,0,0
2360,3,156,-53.4,76,32,-9.15212,6.79696,0,86,0,0,0,0,0,0,0,0,0, 0,0,0,0,0,13,0,0,0,0
2360,4,114,-43.6,80,32,-8.27543,8.69006,0,86,0,0,0,0,0,0,0,0,0, 0,0,0,0,0,13,0,0,0,0
2360,5,94,-41.7,84,32,-8.3819,9.40764,0,86,0,0,0,0,0,0,0,0,0, 0,0,0,0,0,13,0,0,0,0
2360,6,137,-55.4,60,32,-7.40823,5.11059,0,86,0,0,0,0,0,0,0,0,0, 0,0,0,0,0,13,0,0,0,0
2400,0,244,-55.4,64,32,-7.90211,5.4513,0,0,0,0,0,0,0,0,0,0,0, 0,0,0,0,0,14,0,0,0,0
2400,1,290,-55.4,68,32,-8.39599,5.79201,0,0,0,0,0,0,0,0,0,0,0, 0,0,0,0,0,14,0,0,0,0
2400,2,40,67.6,8,33,1.10946,0.457284,0,0,0,0,0,0,0,0,0,0,0, 0,0,0,0,0,14,0,0,0,0
2400,3,241,-55.4,72,32,-8.88987,6.13271,0,0,0,0,0,0,0,0,0,0,0, 0,0,0,0,0,14,0,0,0,0
2400,4,156,-51.6,76,32,-8.93411,7.08108,0,0,0,0,0,0,0,0,0,0,0, 0,0,0,0,0,14,0,0,0,0
2400,5,117,-43.6,80,32,-8.27543,8.69006,0,0,0,0,0,0,0,0,0,0,0, 0,0,0,0,0,14,0,0,0,0
2400,6,100,-41.1,84,32,-8.28293,9.4949,0,0,0,0,0,0,0,0,0,0,0, 0,0,0,0,0,14,0,0,0,0
2400,7,140,-55.4,60,32,-7.40823,5.11059,0,0,0,0,0,0,0,0,0,0,0, 0,0,0,0,0,14,0,0,0,0
2440,0,243,-55.4,64,32,-7.90211,5.4513,0,0,0,0,0,0,0,0,0,0,0, 0,0,0,0,0,15,0,0,0,0
2440,1,288,-55.4,68,32,-8.39599,5.79201,0,0,0,0,0,0,0,0,0,0,0, 0,0,0,0,0,15,0,0,0,0
2440,2,242,-54.4,72,32,-8.78149,6.28693,0,0,0,0,0,0,0,0,0,0,0, 0,0,0,0,0,15,0,0,0,0
2440,3,19,8.8,232,31.75,5.32391,34.3903,0,0,0,0,0,0,0,0,0,0,0, 0,0,0,0,0,15,0,0,0,0
2440,4,159,-49.8,76,32,-8.70727,7.35822,0,0,0,0,0,0,0,0,0,0,0, 0,0,0,0,0,15,0,0,0,0
2440,5,122,-42.9,80,32,-8.16865,8.79051,0,0,0,0,0,0,0,0,0,0,0, 0,0,0,0,0,15,0,0,0,0
2440,6,104,-40.5,84,32,-8.18305,9.58112,0,0,0,0,0,0,0,0,0,0,0, 0,0,0,0,0,15,0,0,0,0
2440,7,142,-54.4,60,32,-7.31791,5.23911,0,0,0,0,0,0,0,0,0,0,0, 0,0,0,0,0,15,0,0,0,0
2480,0,247,-56.5,64,32,-8.0053,5.2986,0,0,0,0,0,0,0,0,0,0,0, 0,0,0,0,0,0,0,0,0,0
2480,1,289,-56.5,68,32,-8.50564,5.62976,0,0,0,0,0,0,0,0,0,0,0, 0,0,0,0,0,0,0,0,0,0
2480,2,242,-55.4,72,32,-8.88987,6.13271,0,0,0,0,0,0,0,0,0,0,0, 0,0,0,0,0,0,0,0,0,0
2480,3,158,-51.6,76,32,-8.93411,7.08108,0,0,0,0,0,0,0,0,0,0,0, 0,0,0,0,0,0,0,0,0,0
2480,4,107,-45.9,80,32,-8.61752,8.35095,0,0,0,0,0,0,0,0,0,0,0, 0,0,0,0,0,0,0,0,0,0
2480,5,84,-46.7,84,32,-9.16994,8.64131,0,0,0,0,0,0,0,0,0,0,0, 0,0,0,0,0,0,0,0,0,0
2480,6,140,-55.4,60,32,-7.40823,5.11059,0,0,0,0,0,0,0,0,0,0,0, 0,0,0,0,0,0,0,0,0,0
2520,0,248,-55.4,64,32,-7.90211,5.4513,0,0,0,0,0,0,0,0,0,0,0, 0,0,0,0,0,1,0,0,0,0
2520,1,293,-55.4,68,32,-8.39599,5.79201,0,0,0,0,0,0,0,0,0,0,0, 0,0,0,0,0,1,0,0,0,0
2520,2,244,-54.4,72,32,-8.78149,6.28693,0,0,0,0,0,0,0,0,0,0,0, 0,0,0,0,0,1,0,0,0,0
2520,3,28,7.8,200,32.75,4.07147,29.7224,0,0,0,0,0,0,0,0,0,0,0, 0,0,0,0,0,1,0,0,0,0
2520,4,25,7.2,200,33,3.76,29.7634,0,0,0,0,0,0,0,0,0,0,0, 0,0,0,0,0,1,0,0,0,0
2520,5,156,-51.6,76,32,-8.93411,7.08108,0,0,0,0,0,0,0,0,0,0,0, 0,0,0,0,0,1,0,0,0,0
2520,6,22,3.1,204,31.5,1.65481,30.5552,0,0,0,0,0,0,0,0,0,0,0, 0,0,0,0,0,1,0,0,0,0
2520,7,108,-48,80,32,-8.91774,8.02957,0,0,0,0,0,0,0,0,0,0,0, 0,0,0,0,0,1,0,0,0,0
2520,8,82,-49.8,84,32,-9.62383,8.13277,0,0,0,0,0,0,0,0,0,0,0, 0,0,0,0,0,1,0,0,0,0
2520,9,138,-55.4,60,32,-7.40823,5.11059,0,0,0,0,0,0,0,0,0,0,0, 0,0,0,0,0,1,0,0,0,0
2560,0,242,-56.5,64,32,-8.0053,5.2986,0,0,0,0,0,0,0,0,0,0,0, 0,0,0,0,0,2,0,0,0,0
2560,1,290,-55.4,68,32,-8.39599,5.79201,0,0,0,0,0,0,0,0,0,0,0, 0,0,0,0,0,2,0,0,0,0
2560,2,20,1.3,228,31.25,0.775907,34.1912,0,0,0,0,0,0,0,0,0,0,0, 0,0,0,0,0,2,0,0,0,0
2560,3,20,-3,228,32.25,-1.78989,34.1531,0,0,0,0,0,0,0,0,0,0,0, 0,0,0,0,0,2,0,0,0,0
2560,4,242,-55.4,72,32,-8.88987,6.13271,0,0,0,0,0,0,0,0,0,0,0, 0,0,0,0,0,2,0,0,0,0
2560,5,157,-53.4,76,32,-9.15212,6.79696,0,0,0,0,0,0,0,0,0,0,0, 0,0,0,0,0,2,0,0,0,0
2560,6,20,0.1,236,32.5,0.0617846,35.3999,0,0,0,0,0,0,0,0,0,0,0, 0,0,0,0,0,2,0,0,0,0
2560,7,108,-48,80,32,-8.91774,8.02957,0,0,0,0,0,0,0,0,0,0,0, 0,0,0,0,0,2,0,0,0,0
2560,8,82,-48,84,32,-9.36363,8.43105,0,0,0,0,0,0,0,0,0,0,0, 0,0,0,0,0,2,0,0,0,0
2560,9,139,-57.4,60,32,-7.58207,4.84894,0,0,0,0,0,0,0,0,0,0,0, 0,0,0,0,0,2,0,0,0,0
2600,0,243,-57.4,64,32,-8.08754,5.1722,0,0,0,0,0,0,0,0,0,0,0, 0,0,0,0,0,3,0,0,0,0
2600,1,287,-57.4,68,32,-8.59301,5.49546,0,0,0,0,0,0,0,0,0,0,0, 0,0,0,0,0,3,0,0,0,0
2600,2,33,68.6,8,30.75,1.11727,0.437852,0,0,0,0,0,0,0,0,0,0,0, 0,0,0,0,0,3,0,0,0,0
2600,3,42,69.6,8,33,1.12474,0.418287,0,0,0,0,0,0,0,0,0,0,0, 0,0,0,0,0,3,0,0,0,0
2600,4,240,-55.4,72,32,-8.88987,6.13271,0,0,0,0,0,0,0,0,0,0,0, 0,0,0,0,0,3,0,0,0,0
2600,5,158,-49.8,76,32,-8.70727,7.35822,0,0,0,0,0,0,0,0,0,0,0, 0,0,0,0,0,3,0,0,0,0
2600,6,119,-41.7,80,32,-7.98276,8.95966,0,0,0,0,0,0,0,0,0,0,0, 0,0,0,0,0,3,0,0,0,0
2600,7,20,6.1,240,32.25,3.82551,35.7962,0,0,0,0,0,0,0,0,0,0,0, 0,0,0,0,0,3,0,0,0,0
2600,8,98,-39.3,84,32,-7.9806,9.75039,0,0,0,0,0,0,0,0,0,0,0, 0,0,0,0,0,3,0,0,0,0
2600,9,136,-56.5,60,32,-7.50497,4.96743,0,0,0,0,0,0,0,0,0,0,0, 0,0,0,0,0,3,0,0,0,0
2640,0,244,-56.5,64,32,-8.0053,5.2986,0,0,0,0,0,0,0,0,0,0,0, 0,0,0,0,0,4,0,0,0,0
2640,1,288,-56.5,68,32,-8.50564,5.62976,0,0,0,0,0,0,0,0,0,0,0, 0,0,0,0,0,4,0,0,0,0
2640,2,241,-55.4,72,32,-8.88987,6.13271,0,0,0,0,0,0,0,0,0,0,0, 0,0,0,0,0,4,0,0,0,0
2640,3,161,-49.8,76,32,-8.70727,7.35822,0,0,0,0,0,0,0,0,0,0,0, 0,0,0,0,0,4,0,0,0,0
2640,4,120,-42.9,80,32,-8.16865,8.79051,0,0,0,0,0,0,0,0,0,0,0, 0,0,0,0,0,4,0,0,0,0
2640,5,102,-39.9,84,32,-8.08227,9.66628,0,0,0,0,0,0,0,0,0,0,0, 0,0,0,0,0,4,0,0,0,0
2640,6,135,-56.5,60,32,-7.50497,4.96743,0,0,0,0,0,0,0,0,0,0,0, 0,0,0,0,0,4,0,0,0,0
2680,0,243,-56.5,64,32,-8.0053,5.2986,0,0,0,0,0,0,0,0,0,0,0, 0,0,0,0,0,5,0,0,0,0
2680,1,290,-55.4,68,32,-8.39599,5.79201,0,0,0,0,0,0,0,0,0,0,0, 0,0,0,0,0,5,0,0,0,0
2680,2,38,68.6,8,33,1.11727,0.437852,0,0,0,0,0,0,0,0,0,0,0, 0,0,0,0,0,5,0,0,0,0
2680,3,245,-54.4,72,32,-8.78149,6.28693,0,0,0,0,0,0,0,0,0,0,0, 0,0,0,0,0,5,0,0,0,0
2680,4,160,-51.6,76,32,-8.93411,7.08108,0,0,0,0,0,0,0,0,0,0,0, 0,0,0,0,0,5,0,0,0,0
2680,5,115,-43.6,80,32,-8.27543,8.69006,0,0,0,0,0,0,0,0,0,0,0, 0,0,0,0,0,5,0,0,0,0
2680,6,99,-39.9,84,32,-8.08227,9.66628,0,0,0,0,0,0,0,0,0,0,0, 0,0,0,0,0,5,0,0,0,0
2680,7,141,-55.4,60,32,-7.40823,5.11059,0,0,0,0,0,0,0,0,0,0,0, 0,0,0,0,0,5,0,0,0,0
2720,0,246,-55.4,64,32,-7.90211,5.4513,0,0,0,0,0,0,0,0,0,0,0, 0,0,0,0,0,6,0,0,0,0
2720,1,28,1.8,224,31.75,1.0554,33.5834,0,0,0,0,0,0,0,0,0,0,0, 0,0,0,0,0,6,0,0,0,0
2720,2,292,-55.4,68,32,-8.39599,5.79201,0,0,0,0,0,0,0,0,0,0,0, 0,0,0,0,0,6,0,0,0,0
2720,3,19,2.4,228,31.75,1.43215,34.17,0,0,0,0,0,0,0,0,0,0,0, 0,0,0,0,0,6,0,0,0,0
2720,4,243,-54.4,72,32,-8.78149,6.28693,0,0,0,0,0,0,0,0,0,0,0, 0,0,0,0,0,6,0,0,0,0
2720,5,155,-53.4,76,32,-9.15212,6.79696,0,0,0,0,0,0,0,0,0,0,0, 0,0,0,0,0,6,0,0,0,0
2720,6,103,-48,80,32,-8.91774,8.02957,0,0,0,0,0,0,0,0,0,0,0, 0,0,0,0,0,6,0,0,0,0
2720,7,138,-54.4,60,32,-7.31791,5.23911,0,0,0,0,0,0,0,0,0,0,0, 0,0,0,0,0,6,0,0,0,0
2760,0,243,-55.4,64,32,-7.90211,5.4513,0,0,0,0,0,0,0,0,0,0,0, 0,0,0,0,0,7,0,0,0,0
2760,1,290,-55.4,68,32,-8.39599,5.79201,0,0,0,0,0,0,0,0,0,0,0, 0,0,0,0,0,7,0,0,0,0
2760,2,26,3.6,228,31.75,2.14744,34.1325,0,0,0,0,0,0,0,0,0,0,0, 0,0,0,0,0,7,0,0,0,0
2760,3,244,-54.4,72,32,-8.78149,6.28693,0,0,0,0,0,0,0,0,0,0,0, 0,0,0,0,0,7,0,0,0,0
2760,4,158,-54.4,76,32,-9.26935,6.6362,0,0,0,0,0,0,0,0,0,0,0, 0,0,0,0,0,7,0,0,0,0
2760,5,108,-49.8,80,32,-9.16555,7.74549,0,0,0,0,0,0,0,0,0,0,0, 0,0,0,0,0,7,0,0,0,0
2760,6,81,-48,84,32,-9.36363,8.43105,0,0,0,0,0,0,0,0,0,0,0, 0,0,0,0,0,7,0,0,0,0
2760,7,138,-55.4,60,32,-7.40823,5.11059,0,0,0,0,0,0,0,0,0,0,0, 0,0,0,0,0,7,0,0,0,0
2800,0,243,-56.5,64,32,-8.0053,5.2986,0,0,0,0,0,0,0,0,0,0,0, 0,0,0,0,0,8,0,0,0,0
2800,1,289,-56.5,68,32,-8.50564,5.62976,0,0,0,0,0,0,0,0,0,0,0, 0,0,0,0,0,8,0,0,0,0
2800,2,243,-55.4,72,32,-8.88987,6.13271,0,0,0,0,0,0,0,0,0,0,0, 0,0,0,0,0,8,0,0,0,0
2800,3,158,-54.4,76,32,-9.26935,6.6362,0,0,0,0,0,0,0,0,0,0,0, 0,0,0,0,0,8,0,0,0,0
2800,4,111,-46.7,80,32,-8.73327,8.22982,0,0,0,0,0,0,0,0,0,0,0, 0,0,0,0,0,8,0,0,0,0
2800,5,17,-2.4,208,32.25,-1.30652,31.1726,0,0,0,0,0,0,0,0,0,0,0, 0,0,0,0,0,8,0,0,0,0
2800,6,87,-42.9,84,32,-8.57708,9.23004,0,0,0,0,0,0,0,0,0,0,0, 0,0,0,0,0,8,0,0,0,0
2800,7,137,-56.5,60,32,-7.50497,4.96743,0,0,0,0,0,0,0,0,0,0,0, 0,0,0,0,0,8,0,0,0,0
2840,0,244,-55.4,64,32,-7.90211,5.4513,0,1334,0,0,0,0,0,0,0,0,0, 0,0,0,0,0,9,0,0,0,0
2840,1,290,-55.4,68,32,-8.39599,5.79201,0,1334,0,0,0,0,0,0,0,0,0, 0,0,0,0,0,9,0,0,0,0
2840,2,36,69.6,8,33,1.12474,0.418287,0,1334,0,0,0,0,0,0,0,0,0, 0,0,0,0,0,9,0,0,0,0
2840,3,246,-55.4,72,32,-8.88987,6.13271,0,1334,0,0,0,0,0,0,0,0,0, 0,0,0,0,0,9,0,0,0,0
2840,4,161,-53.4,76,32,-9.15212,6.79696,0,1334,0,0,0,0,0,0,0,0,0, 0,0,0,0,0,9,0,0,0,0
2840,5,109,-46.7,80,32,-8.73327,8.22982,0,1334,0,0,0,0,0,0,0,0,0, 0,0,0,0,0,9,0,0,0,0
2840,6,88,-43.6,84,32,-8.68921,9.12457,0,1334,0,0,0,0,0,0,0,0,0, 0,0,0,0,0,9,0,0,0,0
2840,7,138,-55.4,60,32,-7.40823,5.11059,0,1334,0,0,0,0,0,0,0,0,0, 0,0,0,0,0,9,0,0,0,0
2880,0,244,-55.4,64,32,-7.90211,5.4513,0,0,0,0,0,0,0,0,0,0,0, 0,0,0,0,0,10,0,0,0,0
2880,1,289,-55.4,68,32,-8.39599,5.79201,0,0,0,0,0,0,0,0,0,0,0, 0,0,0,0,0,10,0,0,0,0
2880,2,243,-55.4,72,32,-8.88987,6.13271,0,0,0,0,0,0,0,0,0,0,0, 0,0,0,0,0,10,0,0,0,0
2880,3,160,-53.4,76,32,-9.15212,6.79696,0,0,0,0,0,0,0,0,0,0,0, 0,0,0,0,0,10,0,0,0,0
2880,4,104,-49.8,80,32,-9.16555,7.74549,0,0,0,0,0,0,0,0,0,0,0, 0,0,0,0,0,10,0,0,0,0
2880,5,137,-56.5,60,32,-7.50497,4.96743,0,0,0,0,0,0,0,0,0,0,0, 0,0,0,0,0,10,0,0,0,0
2920,0,242,-56.5,64,32,-8.0053,5.2986,0,7936,0,0,0,0,0,0,0,0,0, 0,0,0,0,0,11,0,0,0,0
2920,1,287,-56.5,68,32,-8.50564,5.62976,0,7936,0,0,0,0,0,0,0,0,0, 0,0,0,0,0,11,0,0,0,0
2920,2,242,-56.5,72,32,-9.00597,5.96092,0,7936,0,0,0,0,0,0,0,0,0, 0,0,0,0,0,11,0,0,0,0
2920,3,157,-54.4,76,32,-9.26935,6.6362,0,7936,0,0,0,0,0,0,0,0,0, 0,0,0,0,0,11,0,0,0,0
2920,4,108,-46.7,80,32,-8.73327,8.22982,0,7936,0,0,0,0,0,0,0,0,0, 0,0,0,0,0,11,0,0,0,0
2920,5,85,-45,84,32,-8.90955,8.90955,0,7936,0,0,0,0,0,0,0,0,0, 0,0,0,0,0,11,0,0,0,0
2920,6,138,-55.4,60,32,-7.40823,5.11059,0,7936,0,0,0,0,0,0,0,0,0, 0,0,0,0,0,11,0,0,0,0
2960,0,247,-56.5,64,32,-8.0053,5.2986,0,1138,0,0,0,0,0,0,0,0,0, 0,0,0,0,0,12,0,0,0,0
2960,1,20,-2.4,224,33,-1.40702,33.5705,0,1138,0,0,0,0,0,0,0,0,0, 0,0,0,0,0,12,0,0,0,0
2960,2,289,-56.5,68,32,-8.50564,5.62976,0,1138,0,0,0,0,0,0,0,0,0, 0,0,0,0,0,12,0,0,0,0
2960,3,240,-56.5,72,32,-9.00597,5.96092,0,1138,0,0,0,0,0,0,0,0,0, 0,0,0,0,0,12,0,0,0,0
2960,4,151,-54.4,76,32,-9.26935,6.6362,0,1138,0,0,0,0,0,0,0,0,0, 0,0,0,0,0,12,0,0,0,0
2960,5,111,-42.9,80,32,-8.16865,8.79051,0,1138,0,0,0,0,0,0,0,0,0, 0,0,0,0,0,12,0,0,0,0
2960,6,103,-38.1,84,32,-7.77465,9.91538,0,1138,0,0,0,0,0,0,0,0,0, 0,0,0,0,0,12,0,0,0,0
2960,7,138,-55.4,60,32,-7.40823,5.11059,0,1138,0,0,0,0,0,0,0,0,0, 0,0,0,0,0,12,0,0,0,0
3000,0,246,-55.4,64,32,-7.90211,5.4513,0,86,0,0,0,0,0,0,0,0,0, 0,0,0,0,0,13,0,0,0,0
3000,1,290,-55.4,68,32,-8.39599,5.79201,0,86,0,0,0,0,0,0,0,0,0, 0,0,0,0,0,13,0,0,0,0
3000,2,37,69.6,8,33,1.12474,0.418287,0,86,0,0,0,0,0,0,0,0,0, 0,0,0,0,0,13,0,0,0,0
3000,3,242,-55.4,72,32,-8.88987,6.13271,0,86,0,0,0,0,0,0,0,0,0, 0,0,0,0,0,13,0,0,0,0
3000,4,156,-53.4,76,32,-9.15212,6.79696,0,86,0,0,0,0,0,0,0,0,0, 0,0,0,0,0,13,0,0,0,0
3000,5,112,-45.9,80,32,-8.61752,8.35095,0,86,0,0,0,0,0,0,0,0,0, 0,0,0,0,0,13,0,0,0,0
3000,6,94,-42.3,84,32,-8.47996,9.31935,0,86,0,0,0,0,0,0,0,0,0, 0,0,0,0,0,13,0,0,0,0
3000,7,140,-54.4,60,32,-7.31791,5.23911,0,86,0,0,0,0,0,0,0,0,0, 0,0,0,0,0,13,0,0,0,0
3040,0,247,-55.4,64,32,-7.90211,5.4513,0,0,0,0,0,0,0,0,0,0,0, 0,0,0,0,0,14,0,0,0,0
3040,1,291,-55.4,68,32,-8.39599,5.79201,0,0,0,0,0,0,0,0,0,0,0, 0,0,0,0,0,14,0,0,0,0
3040,2,245,-55.4,72,32,-8.88987,6.13271,0,0,0,0,0,0,0,0,0,0,0, 0,0,0,0,0,14,0,0,0,0
3040,3,159,-53.4,76,32,-9.15212,6.79696,0,0,0,0,0,0,0,0,0,0,0, 0,0,0,0,0,14,0,0,0,0
3040,4,114,-44.2,80,32,-8.36598,8.60293,0,0,0,0,0,0,0,0,0,0,0, 0,0,0,0,0,14,0,0,0,0
3040,5,96,-41.7,84,32,-8.3819,9.40764,0,0,0,0,0,0,0,0,0,0,0, 0,0,0,0,0,14,0,0,0,0
3040,6,139,-56.5,60,32,-7.50497,4.96743,0,0,0,0,0,0,0,0,0,0,0, 0,0,0,0,0,14,0,0,0,0
3080,0,246,-56.5,64,32,-8.0053,5.2986,0,0,0,0,0,0,0,0,0,0,0, 0,0,0,0,0,15,0,0,0,0
3080,1,291,-56.5,68,32,-8.50564,5.62976,0,0,0,0,0,0,0,0,0,0,0, 0,0,0,0,0,15,0,0,0,0
3080,2,245,-55.4,72,32,-8.88987,6.13271,0,0,0,0,0,0,0,0,0,0,0, 0,0,0,0,0,15,0,0,0,0
3080,3,19,0.1,232,31.25,0.0607374,34.7999,0,0,0,0,0,0,0,0,0,0,0, 0,0,0,0,0,15,0,0,0,0
3080,4,27,3.6,232,32.25,2.18511,34.7313,0,0,0,0,0,0,0,0,0,0,0, 0,0,0,0,0,15,0,0,0,0
3080,5,157,-53.4,76,32,-9.15212,6.79696,0,0,0,0,0,0,0,0,0,0,0, 0,0,0,0,0,15,0,0,0,0
3080,6,114,-45,80,32,-8.48528,8.48528,0,0,0,0,0,0,0,0,0,0,0, 0,0,0,0,0,15,0,0,0,0
3080,7,97,-42.3,84,32,-8.47996,9.31935,0,0,0,0,0,0,0,0,0,0,0, 0,0,0,0,0,15,0,0,0,0
3080,8,139,-56.5,60,32,-7.50497,4.96743,0,0,0,0,0,0,0,0,0,0,0, 0,0,0,0,0,15,0,0,0,0
3120,0,245,-56.5,64,32,-8.0053,5.2986,0,0,0,0,0,0,0,0,0,0,0, 0,0,0,0,0,0,0,0,0,0
3120,1,290,-56.5,68,32,-8.50564,5.62976,0,0,0,0,0,0,0,0,0,0,0, 0,0,0,0,0,0,0,0,0,0
3120,2,32,3.6,228,31.75,2.14744,34.1325,0,0,0,0,0,0,0,0,0,0,0, 0,0,0,0,0,0,0,0,0,0
3120,3,27,3.1,228,33,1.8495,34.15,0,0,0,0,0,0,0,0,0,0,0, 0,0,0,0,0,0,0,0,0,0
3120,4,242,-56.5,72,32,-9.00597,5.96092,0,0,0,0,0,0,0,0,0,0,0, 0,0,0,0,0,0,0,0,0,0
3120,5,157,-54.4,76,32,-9.26935,6.6362,0,0,0,0,0,0,0,0,0,0,0, 0,0,0,0,0,0,0,0,0,0
3120,6,34,4.8,236,31.5,2.9622,35.2758,0,0,0,0,0,0,0,0,0,0,0, 0,0,0,0,0,0,0,0,0,0
3120,7,110,-45.9,80,32,-8.61752,8.35095,0,0,0,0,0,0,0,0,0,0,0, 0,0,0,0,0,0,0,0,0,0
3120,8,86,-45.9,84,32,-9.04839,8.7685,0,0,0,0,0,0,0,0,0,0,0, 0,0,0,0,0,0,0,0,0,0
3120,9,139,-55.4,60,32,-7.40823,5.11059,0,0,0,0,0,0,0,0,0,0,0, 0,0,0,0,0,0,0,0,0,0
3160,0,245,-55.4,64,32,-7.90211,5.4513,0,0,0,0,0,0,0,0,0,0,0, 0,0,0,0,0,1,0,0,0,0
3160,1,292,-55.4,68,32,-8.39599,5.79201,0,0,0,0,0,0,0,0,0,0,0, 0,0,0,0,0,1,0,0,0,0
3160,2,245,-55.4,72,32,-8.88987,6.13271,0,0,0,0,0,0,0,0,0,0,0, 0,0,0,0,0,1,0,0,0,0
3160,3,160,-53.4,76,32,-9.15212,6.79696,0,0,0,0,0,0,0,0,0,0,0, 0,0,0,0,0,1,0,0,0,0
3160,4,112,-45.9,80,32,-8.61752,8.35095,0,0,0,0,0,0,0,0,0,0,0, 0,0,0,0,0,1,0,0,0,0
3160,5,85,-45,84,32,-8.90955,8.90955,0,0,0,0,0,0,0,0,0,0,0, 0,0,0,0,0,1,0,0,0,0
3160,6,138,-55.4,60,32,-7.40823,5.11059,0,0,0,0,0,0,0,0,0,0,0, 0,0,0,0,0,1,0,0,0,0
3200,0,244,-56.5,64,32,-8.0053,5.2986,0,0,0,0,0,0,0,0,0,0,0, 0,0,0,0,0,2,0,0,0,0
3200,1,290,-55.4,68,32,-8.39599,5.79201,0,0,0,0,0,0,0,0,0,0,0, 0,0,0,0,0,2,0,0,0,0
3200,2,243,-55.4,72,32,-8.88987,6.13271,0,0,0,0,0,0,0,0,0,0,0, 0,0,0,0,0,2,0,0,0,0
3200,3,160,-51.6,76,32,-8.93411,7.08108,0,0,0,0,0,0,0,0,0,0,0, 0,0,0,0,0,2,0,0,0,0
3200,4,116,-43.6,80,32,-8.27543,8.69006,0,0,0,0,0,0,0,0,0,0,0, 0,0,0,0,0,2,0,0,0,0
3200,5,98,-41.1,84,32,-8.28293,9.4949,0,0,0,0,0,0,0,0,0,0,0, 0,0,0,0,0,2,0,0,0,0
3200,6,139,-55.4,60,32,-7.40823,5.11059,0,0,0,0,0,0,0,0,0,0,0, 0,0,0,0,0,2,0,0,0,0
3240,0,245,-55.4,64,32,-7.90211,5.4513,0,0,0,0,0,0,0,0,0,0,0, 0,0,0,0,0,3,0,0,0,0
3240,1,290,-55.4,68,32,-8.39599,5.79201,0,0,0,0,0,0,0,0,0,0,0, 0,0,0,0,0,3,0,0,0,0
3240,2,244,-55.4,72,32,-8.88987,6.13271,0,0,0,0,0,0,0,0,0,0,0, 0,0,0,0,0,3,0,0,0,0
3240,3,160,-51.6,76,32,-8.93411,7.08108,0,0,0,0,0,0,0,0,0,0,0, 0,0,0,0,0,3,0,0,0,0
3240,4,111,-45.9,80,32,-8.61752,8.35095,0,0,0,0,0,0,0,0,0,0,0, 0,0,0,0,0,3,0,0,0,0
3240,5,85,-44.2,84,32,-8.78428,9.03307,0,0,0,0,0,0,0,0,0,0,0, 0,0,0,0,0,3,0,0,0,0
3240,6,141,-55.4,60,32,-7.40823,5.11059,0,0,0,0,0,0,0,0,0,0,0, 0,0,0,0,0,3,0,0,0,0
3280,0,246,-55.4,64,32,-7.90211,5.4513,0,0,0,0,0,0,0,0,0,0,0, 0,0,0,0,0,4,0,0,0,0
3280,1,292,-55.4,68,32,-8.39599,5.79201,0,0,0,0,0,0,0,0,0,0,0, 0,0,0,0,0,4,0,0,0,0
3280,2,13,4.2,228,32.25,2.50475,34.1082,0,0,0,0,0,0,0,0,0,0,0, 0,0,0,0,0,4,0,0,0,0
3280,3,41,67.6,8,33,1.10946,0.457284,0,0,0,0,0,0,0,0,0,0,0, 0,0,0,0,0,4,0,0,0,0
3280,4,245,-54.4,72,32,-8.78149,6.28693,0,0,0,0,0,0,0,0,0,0,0, 0,0,0,0,0,4,0,0,0,0
3280,5,161,-49.8,76,32,-8.70727,7.35822,0,0,0,0,0,0,0,0,0,0,0, 0,0,0,0,0,4,0,0,0,0
3280,6,112,-44.2,80,32,-8.36598,8.60293,0,0,0,0,0,0,0,0,0,0,0, 0,0,0,0,0,4,0,0,0,0
3280,7,84,-42.3,84,32,-8.47996,9.31935,0,0,0,0,0,0,0,0,0,0,0, 0,0,0,0,0,4,0,0,0,0
3280,8,139,-55.4,60,32,-7.40823,5.11059,0,0,0,0,0,0,0,0,0,0,0, 0,0,0,0,0,4,0,0,0,0
3280,9,19,1.3,220,32.5,0.748682,32.9915,0,0,0,0,0,0,0,0,0,0,0, 0,0,0,0,0,4,0,0,0,0
3320,0,246,-55.4,64,32,-7.90211,5.4513,0,0,0,0,0,0,0,0,0,0,0, 0,0,0,0,0,5,0,0,0,0
3320,1,290,-55.4,68,32,-8.39599,5.79201,0,0,0,0,0,0,0,0,0,0,0, 0,0,0,0,0,5,0,0,0,0
3320,2,36,71.1,8,33,1.1353,0.388701,0,0,0,0,0,0,0,0,0,0,0, 0,0,0,0,0,5,0,0,0,0
3320,3,243,-55.4,72,32,-8.88987,6.13271,0,0,0,0,0,0,0,0,0,0,0, 0,0,0,0,0,5,0,0,0,0
3320,4,156,-51.6,76,32,-8.93411,7.08108,0,0,0,0,0,0,0,0,0,0,0, 0,0,0,0,0,5,0,0,0,0
3320,5,105,-45.9,80,32,-8.61752,8.35095,0,0,0,0,0,0,0,0,0,0,0, 0,0,0,0,0,5,0,0,0,0
3320,6,140,-55.4,60,32,-7.40823,5.11059,0,0,0,0,0,0,0,0,0,0,0, 0,0,0,0,0,5,0,0,0,0
3360,0,246,-56.5,64,32,-8.0053,5.2986,0,0,0,0,0,0,0,0,0,0,0, 0,0,0,0,0,6,0,0,0,0
3360,1,21,1.3,224,32.25,0.762294,33.5914,0,0,0,0,0,0,0,0,0,0,0, 0,0,0,0,0,6,0,0,0,0
3360,2,291,-55.4,68,32,-8.39599,5.79201,0,0,0,0,0,0,0,0,0,0,0, 0,0,0,0,0,6,0,0,0,0
3360,3,242,-55.4,72,32,-8.88987,6.13271,0,0,0,0,0,0,0,0,0,0,0, 0,0,0,0,0,6,0,0,0,0
3360,4,154,-53.4,76,32,-9.15212,6.79696,0,0,0,0,0,0,0,0,0,0,0, 0,0,0,0,0,6,0,0,0,0
3360,5,103,-46.7,80,32,-8.73327,8.22982,0,0,0,0,0,0,0,0,0,0,0, 0,0,0,0,0,6,0,0,0,0
3360,6,138,-56.5,60,32,-7.50497,4.96743,0,0,0,0,0,0,0,0,0,0,0, 0,0,0,0,0,6,0,0,0,0
3400,0,243,-56.5,64,32,-8.0053,5.2986,0,0,0,0,0,0,0,0,0,0,0, 0,0,0,0,0,7,0,0,0,0
3400,1,290,-56.5,68,32,-8.50564,5.62976,0,0,0,0,0,0,0,0,0,0,0, 0,0,0,0,0,7,0,0,0,0
3400,2,43,71.1,8,33,1.1353,0.388701,0,0,0,0,0,0,0,0,0,0,0, 0,0,0,0,0,7,0,0,0,0
3400,3,243,-56.5,72,32,-9.00597,5.96092,0,0,0,0,0,0,0,0,0,0,0, 0,0,0,0,0,7,0,0,0,0
3400,4,154,-54.4,76,32,-9.26935,6.6362,0,0,0,0,0,0,0,0,0,0,0, 0,0,0,0,0,7,0,0,0,0
3400,5,108,-45,80,32,-8.48528,8.48528,0,0,0,0,0,0,0,0,0,0,0, 0,0,0,0,0,7,0,0,0,0
3400,6,89,-41.7,84,32,-8.3819,9.40764,0,0,0,0,0,0,0,0,0,0,0, 0,0,0,0,0,7,0,0,0,0
3400,7,136,-57.4,60,32,-7.58207,4.84894,0,0,0,0,0,0,0,0,0,0,0, 0,0,0,0,0,7,0,0,0,0
3440,0,244,-57.4,64,32,-8.08754,5.1722,0,0,0,0,0,0,0,0,0,0,0, 0,0,0,0,0,8,0,0,0,0
3440,1,291,-56.5,68,32,-8.50564,5.62976,0,0,0,0,0,0,0,0,0,0,0, 0,0,0,0,0,8,0,0,0,0
3440,2,244,-56.5,72,32,-9.00597,5.96092,0,0,0,0,0,0,0,0,0,0,0, 0,0,0,0,0,8,0,0,0,0
3440,3,154,-51.6,76,32,-8.93411,7.08108,0,0,0,0,0,0,0,0,0,0,0, 0,0,0,0,0,8,0,0,0,0
3440,4,106,-43.6,80,32,-8.27543,8.69006,0,0,0,0,0,0,0,0,0,0,0, 0,0,0,0,0,8,0,0,0,0
3440,5,85,-41.7,84,32,-8.3819,9.40764,0,0,0,0,0,0,0,0,0,0,0, 0,0,0,0,0,8,0,0,0,0
3440,6,139,-55.4,60,32,-7.40823,5.11059,0,0,0,0,0,0,0,0,0,0,0, 0,0,0,0,0,8,0,0,0,0
3480,0,246,-56.5,64,32,-8.0053,5.2986,0,1334,0,0,0,0,0,0,0,0,0, 0,0,0,0,0,9,0,0,0,0
3480,1,291,-55.4,68,32,-8.39599,5.79201,0,1334,0,0,0,0,0,0,0,0,0, 0,0,0,0,0,9,0,0,0,0
3480,2,243,-55.4,72,32,-8.88987,6.13271,0,1334,0,0,0,0,0,0,0,0,0, 0,0,0,0,0,9,0,0,0,0
3480,3,18,0.6,232,31.25,0.364418,34.7981,0,1334,0,0,0,0,0,0,0,0,0, 0,0,0,0,0,9,0,0,0,0
3480,4,158,-53.4,76,32,-9.15212,6.79696,0,1334,0,0,0,0,0,0,0,0,0, 0,0,0,0,0,9,0,0,0,0
3480,5,112,-45,80,32,-8.48528,8.48528,0,1334,0,0,0,0,0,0,0,0,0, 0,0,0,0,0,9,0,0,0,0
3480,6,88,-43.6,84,32,-8.68921,9.12457,0,1334,0,0,0,0,0,0,0,0,0, 0,0,0,0,0,9,0,0,0,0
3480,7,137,-55.4,60,32,-7.40823,5.11059,0,1334,0,0,0,0,0,0,0,0,0, 0,0,0,0,0,9,0,0,0,0
3520,0,245,-55.4,64,32,-7.90211,5.4513,0,0,0,0,0,0,0,0,0,0,0, 0,0,0,0,0,10,0,0,0,0
3520,1,289,-56.5,68,32,-8.50564,5.62976,0,0,0,0,0,0,0,0,0,0,0, 0,0,0,0,0,10,0,0,0,0
3520,2,241,-55.4,72,32,-8.88987,6.13271,0,0,0,0,0,0,0,0,0,0,0, 0,0,0,0,0,10,0,0,0,0
3520,3,154,-54.4,76,32,-9.26935,6.6362,0,0,0,0,0,0,0,0,0,0,0, 0,0,0,0,0,10,0,0,0,0
3520,4,104,-48,80,32,-8.91774,8.02957,0,0,0,0,0,0,0,0,0,0,0, 0,0,0,0,0,10,0,0,0,0
3520,5,135,-56.5,60,32,-7.50497,4.96743,0,0,0,0,0,0,0,0,0,0,0, 0,0,0,0,0,10,0,0,0,0
3560,0,243,-56.5,64,32,-8.0053,5.2986,0,7936,0,0,0,0,0,0,0,0,0, 0,0,0,0,0,11,0,0,0,0
3560,1,288,-56.5,68,32,-8.50564,5.62976,0,7936,0,0,0,0,0,0,0,0,0, 0,0,0,0,0,11,0,0,0,0
3560,2,241,-56.5,72,32,-9.00597,5.96092,0,7936,0,0,0,0,0,0,0,0,0, 0,0,0,0,0,11,0,0,0,0
3560,3,153,-54.4,76,32,-9.26935,6.6362,0,7936,0,0,0,0,0,0,0,0,0, 0,0,0,0,0,11,0,0,0,0
3560,4,105,-48,80,32,-8.91774,8.02957,0,7936,0,0,0,0,0,0,0,0,0, 0,0,0,0,0,11,0,0,0,0
3560,5,84,-44.2,84,32,-8.78428,9.03307,0,7936,0,0,0,0,0,0,0,0,0, 0,0,0,0,0,11,0,0,0,0
3560,6,21,-3.6,216,32.5,-2.03441,32.3361,0,7936,0,0,0,0,0,0,0,0,0, 0,0,0,0,0,11,0,0,0,0
3560,7,136,-58.4,60,32,-7.66554,4.71587,0,7936,0,0,0,0,0,0,0,0,0, 0,0,0,0,0,11,0,0,0,0
3600,0,244,-57.4,64,32,-8.08754,5.1722,0,1138,0,0,0,0,0,0,0,0,0, 0,0,0,0,0,12,0,0,0,0
3600,1,288,-56.5,68,32,-8.50564,5.62976,0,1138,0,0,0,0,0,0,0,0,0, 0,0,0,0,0,12,0,0,0,0
3600,2,47,64.6,8,33,1.084,0.514722,0,1138,0,0,0,0,0,0,0,0,0, 0,0,0,0,0,12,0,0,0,0
3600,3,240,-55.4,72,32,-8.88987,6.13271,0,1138,0,0,0,0,0,0,0,0,0, 0,0,0,0,0,12,0,0,0,0
3600,4,153,-55.4,76,32,-9.38375,6.47342,0,1138,0,0,0,0,0,0,0,0,0, 0,0,0,0,0,12,0,0,0,0
3600,5,102,-49.8,80,32,-9.16555,7.74549,0,1138,0,0,0,0,0,0,0,0,0, 0,0,0,0,0,12,0,0,0,0
3600,6,82,-45,84,32,-8.90955,8.90955,0,1138,0,0,0,0,0,0,0,0,0, 0,0,0,0,0,12,0,0,0,0
3600,7,137,-56.5,60,32,-7.50497,4.96743,0,1138,0,0,0,0,0,0,0,0,0, 0,0,0,0,0,12,0,0,0,0
3640,0,243,-56.5,64,32,-8.0053,5.2986,0,86,0,0,0,0,0,0,0,0,0, 0,0,0,0,0,13,0,0,0,0
3640,1,289,-55.4,68,32,-8.39599,5.79201,0,86,0,0,0,0,0,0,0,0,0, 0,0,0,0,0,13,0,0,0,0
3640,2,47,75.1,8,33,1.15965,0.308559,0,86,0,0,0,0,0,0,0,0,0, 0,0,0,0,0,13,0,0,0,0
3640,3,242,-55.4,72,32,-8.88987,6.13271,0,86,0,0,0,0,0,0,0,0,0, 0,0,0,0,0,13,0,0,0,0
3640,4,153,-54.4,76,32,-9.26935,6.6362,0,86,0,0,0,0,0,0,0,0,0, 0,0,0,0,0,13,0,0,0,0
3640,5,104,-46.7,80,32,-8.73327,8.22982,0,86,0,0,0,0,0,0,0,0,0, 0,0,0,0,0,13,0,0,0,0
3640,6,86,-42.3,84,32,-8.47996,9.31935,0,86,0,0,0,0,0,0,0,0,0, 0,0,0,0,0,13,0,0,0,0
3640,7,137,-56.5,60,32,-7.50497,4.96743,0,86,0,0,0,0,0,0,0,0,0, 0,0,0,0,0,13,0,0,0,0
3680,0,245,-56.5,64,32,-8.0053,5.2986,0,0,0,0,0,0,0,0,0,0,0, 0,0,0,0,0,14,0,0,0,0
3680,1,289,-56.5,68,32,-8.50564,5.62976,0,0,0,0,0,0,0,0,0,0,0, 0,0,0,0,0,14,0,0,0,0
3680,2,44,67.6,8,33,1.10946,0.457284,0,0,0,0,0,0,0,0,0,0,0, 0,0,0,0,0,14,0,0,0,0
3680,3,241,-56.5,72,32,-9.00597,5.96092,0,0,0,0,0,0,0,0,0,0,0, 0,0,0,0,0,14,0,0,0,0
3680,4,152,-55.4,76,32,-9.38375,6.47342,0,0,0,0,0,0,0,0,0,0,0, 0,0,0,0,0,14,0,0,0,0
3680,5,100,-51.6,80,32,-9.40432,7.45377,0,0,0,0,0,0,0,0,0,0,0, 0,0,0,0,0,14,0,0,0,0
3680,6,136,-58.4,60,32,-7.66554,4.71587,0,0,0,0,0,0,0,0,0,0,0, 0,0,0,0,0,14,0,0,0,0
3720,0,245,-58.4,64,32,-8.17658,5.03026,0,0,0,0,0,0,0,0,0,0,0, 0,0,0,0,0,15,0,0,0,0
3720,1,288,-57.4,68,32,-8.59301,5.49546,0,0,0,0,0,0,0,0,0,0,0, 0,0,0,0,0,15,0,0,0,0
3720,2,15,-1.2,228,33,-0.716231,34.1925,0,0,0,0,0,0,0,0,0,0,0, 0,0,0,0,0,15,0,0,0,0
3720,3,239,-56.5,72,32,-9.00597,5.96092,0,0,0,0,0,0,0,0,0,0,0, 0,0,0,0,0,15,0,0,0,0
3720,4,147,-56.5,76,32,-9.5063,6.29208,0,0,0,0,0,0,0,0,0,0,0, 0,0,0,0,0,15,0,0,0,0
3720,5,95,-49.8,80,32,-9.16555,7.74549,0,0,0,0,0,0,0,0,0,0,0, 0,0,0,0,0,15,0,0,0,0
3720,6,138,-58.4,60,32,-7.66554,4.71587,0,0,0,0,0,0,0,0,0,0,0, 0,0,0,0,0,15,0,0,0,0
3760,0,246,-57.4,64,32,-8.08754,5.1722,0,0,0,0,0,0,0,0,0,0,0, 0,0,0,0,0,0,0,0,0,0
3760,1,290,-56.5,68,32,-8.50564,5.62976,0,0,0,0,0,0,0,0,0,0,0, 0,0,0,0,0,0,0,0,0,0
3760,2,243,-56.5,72,32,-9.00597,5.96092,0,0,0,0,0,0,0,0,0,0,0, 0,0,0,0,0,0,0,0,0,0
3760,3,153,-56.5,76,32,-9.5063,6.29208,0,0,0,0,0,0,0,0,0,0,0, 0,0,0,0,0,0,0,0,0,0
3760,4,100,-48,80,32,-8.91774,8.02957,0,0,0,0,0,0,0,0,0,0,0, 0,0,0,0,0,0,0,0,0,0
3760,5,135,-58.4,60,32,-7.66554,4.71587,0,0,0,0,0,0,0,0,0,0,0, 0,0,0,0,0,0,0,0,0,0
3800,0,245,-57.4,64,32,-8.08754,5.1722,0,0,0,0,0,0,0,0,0,0,0, 0,0,0,0,0,1,0,0,0,0
3800,1,12,-17.4,224,24.5,-10.0478,32.0625,0,0,0,0,0,0,0,0,0,0,0, 0,0,0,0,0,1,0,0,0,0
3800,2,290,-56.5,68,32,-8.50564,5.62976,0,0,0,0,0,0,0,0,0,0,0, 0,0,0,0,0,1,0,0,0,0
3800,3,242,-56.5,72,32,-9.00597,5.96092,0,0,0,0,0,0,0,0,0,0,0, 0,0,0,0,0,1,0,0,0,0
3800,4,153,-55.4,76,32,-9.38375,6.47342,0,0,0,0,0,0,0,0,0,0,0, 0,0,0,0,0,1,0,0,0,0
3800,5,101,-45.9,80,32,-8.61752,8.35095,0,0,0,0,0,0,0,0,0,0,0, 0,0,0,0,0,1,0,0,0,0
3800,6,20,1.3,240,32.25,0.816744,35.9907,0,0,0,0,0,0,0,0,0,0,0, 0,0,0,0,0,1,0,0,0,0
3800,7,82,-41.1,84,32,-8.28293,9.4949,0,0,0,0,0,0,0,0,0,0,0, 0,0,0,0,0,1,0,0,0,0
3800,8,138,-56.5,60,32,-7.50497,4.96743,0,0,0,0,0,0,0,0,0,0,0, 0,0,0,0,0,1,0,0,0,0
3840,0,245,-57.4,64,32,-8.08754,5.1722,0,0,0,0,0,0,0,0,0,0,0, 0,0,0,0,0,2,0,0,0,0
3840,1,20,3.6,224,32.25,2.10976,33.5337,0,0,0,0,0,0,0,0,0,0,0, 0,0,0,0,0,2,0,0,0,0
3840,2,289,-56.5,68,32,-8.50564,5.62976,0,0,0,0,0,0,0,0,0,0,0, 0,0,0,0,0,2,0,0,0,0
3840,3,19,1.8,228,33,1.07425,34.1831,0,0,0,0,0,0,0,0,0,0,0, 0,0,0,0,0,2,0,0,0,0
3840,4,239,-56.5,72,32,-9.00597,5.96092,0,0,0,0,0,0,0,0,0,0,0, 0,0,0,0,0,2,0,0,0,0
3840,5,153,-54.4,76,32,-9.26935,6.6362,0,0,0,0,0,0,0,0,0,0,0, 0,0,0,0,0,2,0,0,0,0
3840,6,19,8.3,236,33,5.11021,35.0292,0,0,0,0,0,0,0,0,0,0,0, 0,0,0,0,0,2,0,0,0,0
3840,7,106,-44.2,80,32,-8.36598,8.60293,0,0,0,0,0,0,0,0,0,0,0, 0,0,0,0,0,2,0,0,0,0
3840,8,15,1.8,240,30.75,1.13079,35.9822,0,0,0,0,0,0,0,0,0,0,0, 0,0,0,0,0,2,0,0,0,0
3840,9,89,-38.1,84,32,-7.77465,9.91538,0,0,0,0,0,0,0,0,0,0,0, 0,0,0,0,0,2,0,0,0,0
3840,10,22,3.1,244,31.75,1.97928,36.5464,0,0,0,0,0,0,0,0,0,0,0, 0,0,0,0,0,2,0,0,0,0
3840,11,139,-55.4,60,32,-7.40823,5.11059,0,0,0,0,0,0,0,0,0,0,0, 0,0,0,0,0,2,0,0,0,0
3880,0,245,-56.5,64,32,-8.0053,5.2986,0,0,0,0,0,0,0,0,0,0,0, 0,0,0,0,0,3,0,0,0,0
3880,1,288,-56.5,68,32,-8.50564,5.62976,0,0,0,0,0,0,0,0,0,0,0, 0,0,0,0,0,3,0,0,0,0
3880,2,238,-56.5,72,32,-9.00597,5.96092,0,0,0,0,0,0,0,0,0,0,0, 0,0,0,0,0,3,0,0,0,0
3880,3,151,-55.4,76,32,-9.38375,6.47342,0,0,0,0,0,0,0,0,0,0,0, 0,0,0,0,0,3,0,0,0,0
3880,4,105,-44.2,80,32,-8.36598,8.60293,0,0,0,0,0,0,0,0,0,0,0, 0,0,0,0,0,3,0,0,0,0
3880,5,93,-38.7,84,32,-7.87806,9.83342,0,0,0,0,0,0,0,0,0,0,0, 0,0,0,0,0,3,0,0,0,0
3880,6,138,-54.4,60,32,-7.31791,5.23911,0,0,0,0,0,0,0,0,0,0,0, 0,0,0,0,0,3,0,0,0,0
3920,0,243,-55.4,64,32,-7.90211,5.4513,0,0,0,0,0,0,0,0,0,0,0, 0,0,0,0,0,4,0,0,0,0
3920,1,288,-55.4,68,32,-8.39599,5.79201,0,0,0,0,0,0,0,0,0,0,0, 0,0,0,0,0,4,0,0,0,0
3920,2,238,-55.4,72,32,-8.88987,6.13271,0,0,0,0,0,0,0,0,0,0,0, 0,0,0,0,0,4,0,0,0,0
3920,3,149,-53.4,76,32,-9.15212,6.79696,0,0,0,0,0,0,0,0,0,0,0, 0,0,0,0,0,4,0,0,0,0
3920,4,106,-44.2,80,32,-8.36598,8.60293,0,0,0,0,0,0,0,0,0,0,0, 0,0,0,0,0,4,0,0,0,0
3920,5,84,-41.7,84,32,-8.3819,9.40764,0,0,0,0,0,0,0,0,0,0,0, 0,0,0,0,0,4,0,0,0,0
3920,6,139,-55.4,60,32,-7.40823,5.11059,0,0,0,0,0,0,0,0,0,0,0, 0,0,0,0,0,4,0,0,0,0
3960,0,243,-55.4,64,32,-7.90211,5.4513,0,0,0,0,0,0,0,0,0,0,0, 0,0,0,0,0,5,0,0,0,0
3960,1,289,-55.4,68,32,-8.39599,5.79201,0,0,0,0,0,0,0,0,0,0,0, 0,0,0,0,0,5,0,0,0,0
3960,2,241,-55.4,72,32,-8.88987,6.13271,0,0,0,0,0,0,0,0,0,0,0, 0,0,0,0,0,5,0,0,0,0
3960,3,14,6.6,232,31.75,3.99981,34.5694,0,0,0,0,0,0,0,0,0,0,0, 0,0,0,0,0,5,0,0,0,0
3960,4,156,-53.4,76,32,-9.15212,6.79696,0,0,0,0,0,0,0,0,0,0,0, 0,0,0,0,0,5,0,0,0,0
3960,5,107,-46.7,80,32,-8.73327,8.22982,0,0,0,0,0,0,0,0,0,0,0, 0,0,0,0,0,5,0,0,0,0
3960,6,84,-45,84,32,-8.90955,8.90955,0,0,0,0,0,0,0,0,0,0,0, 0,0,0,0,0,5,0,0,0,0
3960,7,139,-54.4,60,32,-7.31791,5.23911,0,0,0,0,0,0,0,0,0,0,0, 0,0,0,0,0,5,0,0,0,0
4000,0,247,-55.4,64,32,-7.90211,5.4513,0,0,0,0,0,0,0,0,0,0,0, 0,0,0,0,0,6,0,0,0,0
4000,1,291,-55.4,68,32,-8.39599,5.79201,0,0,0,0,0,0,0,0,0,0,0, 0,0,0,0,0,6,0,0,0,0
4000,2,241,-55.4,72,32,-8.88987,6.13271,0,0,0,0,0,0,0,0,0,0,0, 0,0,0,0,0,6,0,0,0,0
4000,3,156,-53.4,76,32,-9.15212,6.79696,0,0,0,0,0,0,0,0,0,0,0, 0,0,0,0,0,6,0,0,0,0
4000,4,106,-46.7,80,32,-8.73327,8.22982,0,0,0,0,0,0,0,0,0,0,0, 0,0,0,0,0,6,0,0,0,0
4000,5,13,66.6,440,16.5,60.5718,26.2118,0,0,0,0,0,0,0,0,0,0,0, 0,0,0,0,0,6,0,0,0,0
4000,6,137,-56.5,60,32,-7.50497,4.96743,0,0,0,0,0,0,0,0,0,0,0, 0,0,0,0,0,6,0,0,0,0
4040,0,244,-56.5,64,32,-8.0053,5.2986,0,0,0,0,0,0,0,0,0,0,0, 0,0,0,0,0,7,0,0,0,0
4040,1,287,-56.5,68,32,-8.50564,5.62976,0,0,0,0,0,0,0,0,0,0,0, 0,0,0,0,0,7,0,0,0,0
4040,2,46,72.4,8,33,1.14383,0.362844,0,0,0,0,0,0,0,0,0,0,0, 0,0,0,0,0,7,0,0,0,0
4040,3,243,-55.4,72,32,-8.88987,6.13271,0,0,0,0,0,0,0,0,0,0,0, 0,0,0,0,0,7,0,0,0,0
4040,4,156,-53.4,76,32,-9.15212,6.79696,0,0,0,0,0,0,0,0,0,0,0, 0,0,0,0,0,7,0,0,0,0
4040,5,105,-48,80,32,-8.91774,8.02957,0,0,0,0,0,0,0,0,0,0,0, 0,0,0,0,0,7,0,0,0,0
4040,6,83,-46.7,84,32,-9.16994,8.64131,0,0,0,0,0,0,0,0,0,0,0, 0,0,0,0,0,7,0,0,0,0
4040,7,18,0.1,216,33,0.0565486,32.4,0,0,0,0,0,0,0,0,0,0,0, 0,0,0,0,0,7,0,0,0,0
4040,8,139,-55.4,60,32,-7.40823,5.11059,0,0,0,0,0,0,0,0,0,0,0, 0,0,0,0,0,7,0,0,0,0
4080,0,246,-56.5,64,32,-8.0053,5.2986,0,0,0,0,0,0,0,0,0,0,0, 0,0,0,0,0,8,0,0,0,0
4080,1,292,-56.5,68,32,-8.50564,5.62976,0,0,0,0,0,0,0,0,0,0,0, 0,0,0,0,0,8,0,0,0,0
4080,2,42,67.6,8,33,1.10946,0.457284,0,0,0,0,0,0,0,0,0,0,0, 0,0,0,0,0,8,0,0,0,0
4080,3,244,-55.4,72,32,-8.88987,6.13271,0,0,0,0,0,0,0,0,0,0,0, 0,0,0,0,0,8,0,0,0,0
4080,4,157,-53.4,76,32,-9.15212,6.79696,0,0,0,0,0,0,0,0,0,0,0, 0,0,0,0,0,8,0,0,0,0
4080,5,106,-48,80,32,-8.91774,8.02957,0,0,0,0,0,0,0,0,0,0,0, 0,0,0,0,0,8,0,0,0,0
4080,6,14,-4.8,240,32.25,-3.0124,35.8737,0,0,0,0,0,0,0,0,0,0,0, 0,0,0,0,0,8,0,0,0,0
4080,7,84,-44.2,84,32,-8.78428,9.03307,0,0,0,0,0,0,0,0,0,0,0, 0,0,0,0,0,8,0,0,0,0
4080,8,141,-55.4,60,32,-7.40823,5.11059,0,0,0,0,0,0,0,0,0,0,0, 0,0,0,0,0,8,0,0,0,0
4120,0,247,-55.4,64,32,-7.90211,5.4513,0,1334,0,0,0,0,0,0,0,0,0, 0,0,0,0,0,9,0,0,0,0
4120,1,293,-55.4,68,32,-8.39599,5.79201,0,1334,0,0,0,0,0,0,0,0,0, 0,0,0,0,0,9,0,0,0,0
4120,2,38,71.1,8,33,1.1353,0.388701,0,1334,0,0,0,0,0,0,0,0,0, 0,0,0,0,0,9,0,0,0,0
4120,3,243,-55.4,72,32,-8.88987,6.13271,0,1334,0,0,0,0,0,0,0,0,0, 0,0,0,0,0,9,0,0,0,0
4120,4,155,-53.4,76,32,-9.15212,6.79696,0,1334,0,0,0,0,0,0,0,0,0, 0,0,0,0,0,9,0,0,0,0
4120,5,109,-45,80,32,-8.48528,8.48528,0,1334,0,0,0,0,0,0,0,0,0, 0,0,0,0,0,9,0,0,0,0
4120,6,93,-41.1,84,32,-8.28293,9.4949,0,1334,0,0,0,0,0,0,0,0,0, 0,0,0,0,0,9,0,0,0,0
4120,7,140,-55.4,60,32,-7.40823,5.11059,0,1334,0,0,0,0,0,0,0,0,0, 0,0,0,0,0,9,0,0,0,0
4160,0,246,-55.4,64,32,-7.90211,5.4513,0,0,0,0,0,0,0,0,0,0,0, 0,0,0,0,0,10,0,0,0,0
4160,1,291,-55.4,68,32,-8.39599,5.79201,0,0,0,0,0,0,0,0,0,0,0, 0,0,0,0,0,10,0,0,0,0
4160,2,37,68.6,8,33,1.11727,0.437852,0,0,0,0,0,0,0,0,0,0,0, 0,0,0,0,0,10,0,0,0,0
4160,3,244,-55.4,72,32,-8.88987,6.13271,0,0,0,0,0,0,0,0,0,0,0, 0,0,0,0,0,10,0,0,0,0
4160,4,154,-53.4,76,32,-9.15212,6.79696,0,0,0,0,0,0,0,0,0,0,0, 0,0,0,0,0,10,0,0,0,0
4160,5,108,-44.2,80,32,-8.36598,8.60293,0,0,0,0,0,0,0,0,0,0,0, 0,0,0,0,0,10,0,0,0,0
4160,6,92,-40.5,84,32,-8.18305,9.58112,0,0,0,0,0,0,0,0,0,0,0, 0,0,0,0,0,10,0,0,0,0
4160,7,138,-55.4,60,32,-7.40823,5.11059,0,0,0,0,0,0,0,0,0,0,0, 0,0,0,0,0,10,0,0,0,0
4200,0,247,-55.4,64,32,-7.90211,5.4513,0,7936,0,0,0,0,0,0,0,0,0, 0,0,0,0,0,11,0,0,0,0
4200,1,293,-55.4,68,32,-8.39599,5.79201,0,7936,0,0,0,0,0,0,0,0,0, 0,0,0,0,0,11,0,0,0,0
4200,2,243,-55.4,72,32,-8.88987,6.13271,0,7936,0,0,0,0,0,0,0,0,0, 0,0,0,0,0,11,0,0,0,0
4200,3,155,-51.6,76,32,-8.93411,7.08108,0,7936,0,0,0,0,0,0,0,0,0, 0,0,0,0,0,11,0,0,0,0
4200,4,111,-43.6,80,32,-8.27543,8.69006,0,7936,0,0,0,0,0,0,0,0,0, 0,0,0,0,0,11,0,0,0,0
4200,5,91,-41.7,84,32,-8.3819,9.40764,0,7936,0,0,0,0,0,0,0,0,0, 0,0,0,0,0,11,0,0,0,0
4200,6,138,-56.5,60,32,-7.50497,4.96743,0,7936,0,0,0,0,0,0,0,0,0, 0,0,0,0,0,11,0,0,0,0
4240,0,246,-56.5,64,32,-8.0053,5.2986,0,1138,0,0,0,0,0,0,0,0,0, 0,0,0,0,0,12,0,0,0,0
4240,1,290,-56.5,68,32,-8.50564,5.62976,0,1138,0,0,0,0,0,0,0,0,0, 0,0,0,0,0,12,0,0,0,0
4240,2,239,-55.4,72,32,-8.88987,6.13271,0,1138,0,0,0,0,0,0,0,0,0, 0,0,0,0,0,12,0,0,0,0
4240,3,150,-51.6,76,32,-8.93411,7.08108,0,1138,0,0,0,0,0,0,0,0,0, 0,0,0,0,0,12,0,0,0,0
4240,4,113,-41.1,80,32,-7.8885,9.04276,0,1138,0,0,0,0,0,0,0,0,0, 0,0,0,0,0,12,0,0,0,0
4240,5,100,-38.1,84,32,-7.77465,9.91538,0,1138,0,0,0,0,0,0,0,0,0, 0,0,0,0,0,12,0,0,0,0
4240,6,136,-57.4,60,32,-7.58207,4.84894,0,1138,0,0,0,0,0,0,0,0,0, 0,0,0,0,0,12,0,0,0,0
4280,0,246,-56.5,64,32,-8.0053,5.2986,0,86,0,0,0,0,0,0,0,0,0, 0,0,0,0,0,13,0,0,0,0
4280,1,291,-55.4,68,32,-8.39599,5.79201,0,86,0,0,0,0,0,0,0,0,0, 0,0,0,0,0,13,0,0,0,0
4280,2,41,67.6,8,33,1.10946,0.457284,0,86,0,0,0,0,0,0,0,0,0, 0,0,0,0,0,13,0,0,0,0
4280,3,241,-55.4,72,32,-8.88987,6.13271,0,86,0,0,0,0,0,0,0,0,0, 0,0,0,0,0,13,0,0,0,0
4280,4,152,-53.4,76,32,-9.15212,6.79696,0,86,0,0,0,0,0,0,0,0,0, 0,0,0,0,0,13,0,0,0,0
4280,5,105,-45,80,32,-8.48528,8.48528,0,86,0,0,0,0,0,0,0,0,0, 0,0,0,0,0,13,0,0,0,0
4280,6,87,-42.9,84,32,-8.57708,9.23004,0,86,0,0,0,0,0,0,0,0,0, 0,0,0,0,0,13,0,0,0,0
4280,7,138,-55.4,60,32,-7.40823,5.11059,0,86,0,0,0,0,0,0,0,0,0, 0,0,0,0,0,13,0,0,0,0
4320,0,247,-56.5,64,32,-8.0053,5.2986,0,0,0,0,0,0,0,0,0,0,0, 0,0,0,0,0,14,0,0,0,0
4320,1,291,-55.4,68,32,-8.39599,5.79201,0,0,0,0,0,0,0,0,0,0,0, 0,0,0,0,0,14,0,0,0,0
4320,2,242,-55.4,72,32,-8.88987,6.13271,0,0,0,0,0,0,0,0,0,0,0, 0,0,0,0,0,14,0,0,0,0
4320,3,151,-53.4,76,32,-9.15212,6.79696,0,0,0,0,0,0,0,0,0,0,0, 0,0,0,0,0,14,0,0,0,0
4320,4,100,-46.7,80,32,-8.73327,8.22982,0,0,0,0,0,0,0,0,0,0,0, 0,0,0,0,0,14,0,0,0,0
4320,5,138,-56.5,60,32,-7.50497,4.96743,0,0,0,0,0,0,0,0,0,0,0, 0,0,0,0,0,14,0,0,0,0
4360,0,246,-56.5,64,32,-8.0053,5.2986,0,0,0,0,0,0,0,0,0,0,0, 0,0,0,0,0,15,0,0,0,0
4360,1,291,-55.4,68,32,-8.39599,5.79201,0,0,0,0,0,0,0,0,0,0,0, 0,0,0,0,0,15,0,0,0,0
4360,2,18,4.2,228,31.75,2.50475,34.1082,0,0,0,0,0,0,0,0,0,0,0, 0,0,0,0,0,15,0,0,0,0
4360,3,18,-2.4,228,33,-1.43215,34.17,0,0,0,0,0,0,0,0,0,0,0, 0,0,0,0,0,15,0,0,0,0
4360,4,240,-55.4,72,32,-8.88987,6.13271,0,0,0,0,0,0,0,0,0,0,0, 0,0,0,0,0,15,0,0,0,0
4360,5,151,-53.4,76,32,-9.15212,6.79696,0,0,0,0,0,0,0,0,0,0,0, 0,0,0,0,0,15,0,0,0,0
4360,6,105,-42.9,80,32,-8.16865,8.79051,0,0,0,0,0,0,0,0,0,0,0, 0,0,0,0,0,15,0,0,0,0
4360,7,93,-39.3,84,32,-7.9806,9.75039,0,0,0,0,0,0,0,0,0,0,0, 0,0,0,0,0,15,0,0,0,0
4360,8,139,-56.5,60,32,-7.50497,4.96743,0,0,0,0,0,0,0,0,0,0,0, 0,0,0,0,0,15,0,0,0,0
4400,0,243,-56.5,64,32,-8.0053,5.2986,0,0,0,0,0,0,0,0,0,0,0, 0,0,0,0,0,0,0,0,0,0
4400,1,290,-55.4,68,32,-8.39599,5.79201,0,0,0,0,0,0,0,0,0,0,0, 0,0,0,0,0,0,0,0,0,0
4400,2,42,75.1,8,33,1.15965,0.308559,0,0,0,0,0,0,0,0,0,0,0, 0,0,0,0,0,0,0,0,0,0
4400,3,240,-55.4,72,32,-8.88987,6.13271,0,0,0,0,0,0,0,0,0,0,0, 0,0,0,0,0,0,0,0,0,0
4400,4,154,-53.4,76,32,-9.15212,6.79696,0,0,0,0,0,0,0,0,0,0,0, 0,0,0,0,0,0,0,0,0,0
4400,5,106,-44.2,80,32,-8.36598,8.60293,0,0,0,0,0,0,0,0,0,0,0, 0,0,0,0,0,0,0,0,0,0
4400,6,84,-41.7,84,32,-8.3819,9.40764,0,0,0,0,0,0,0,0,0,0,0, 0,0,0,0,0,0,0,0,0,0
4400,7,138,-56.5,60,32,-7.50497,4.96743,0,0,0,0,0,0,0,0,0,0,0, 0,0,0,0,0,0,0,0,0,0
4440,0,245,-56.5,64,32,-8.0053,5.2986,0,0,0,0,0,0,0,0,0,0,0, 0,0,0,0,0,1,0,0,0,0
4440,1,290,-55.4,68,32,-8.39599,5.79201,0,0,0,0,0,0,0,0,0,0,0, 0,0,0,0,0,1,0,0,0,0
4440,2,242,-55.4,72,32,-8.88987,6.13271,0,0,0,0,0,0,0,0,0,0,0, 0,0,0,0,0,1,0,0,0,0
4440,3,153,-53.4,76,32,-9.15212,6.79696,0,0,0,0,0,0,0,0,0,0,0, 0,0,0,0,0,1,0,0,0,0
4440,4,101,-45.9,80,32,-8.61752,8.35095,0,0,0,0,0,0,0,0,0,0,0, 0,0,0,0,0,1,0,0,0,0
4440,5,139,-55.4,60,32,-7.40823,5.11059,0,0,0,0,0,0,0,0,0,0,0, 0,0,0,0,0,1,0,0,0,0
4480,0,245,-55.4,64,32,-7.90211,5.4513,0,0,0,0,0,0,0,0,0,0,0, 0,0,0,0,0,2,0,0,0,0
4480,1,289,-55.4,68,32,-8.39599,5.79201,0,0,0,0,0,0,0,0,0,0,0, 0,0,0,0,0,2,0,0,0,0
4480,2,242,-54.4,72,32,-8.78149,6.28693,0,0,0,0,0,0,0,0,0,0,0, 0,0,0,0,0,2,0,0,0,0
4480,3,156,-51.6,76,32,-8.93411,7.08108,0,0,0,0,0,0,0,0,0,0,0, 0,0,0,0,0,2,0,0,0,0
4480,4,108,-45,80,32,-8.48528,8.48528,0,0,0,0,0,0,0,0,0,0,0, 0,0,0,0,0,2,0,0,0,0
4480,5,85,-42.3,84,32,-8.47996,9.31935,0,0,0,0,0,0,0,0,0,0,0, 0,0,0,0,0,2,0,0,0,0
4480,6,138,-55.4,60,32,-7.40823,5.11059,0,0,0,0,0,0,0,0,0,0,0, 0,0,0,0,0,2,0,0,0,0
4520,0,246,-55.4,64,32,-7.90211,5.4513,0,0,0,0,0,0,0,0,0,0,0, 0,0,0,0,0,3,0,0,0,0
4520,1,290,-55.4,68,32,-8.39599,5.79201,0,0,0,0,0,0,0,0,0,0,0, 0,0,0,0,0,3,0,0,0,0
4520,2,43,75.1,8,33,1.15965,0.308559,0,0,0,0,0,0,0,0,0,0,0, 0,0,0,0,0,3,0,0,0,0
4520,3,241,-55.4,72,32,-8.88987,6.13271,0,0,0,0,0,0,0,0,0,0,0, 0,0,0,0,0,3,0,0,0,0
4520,4,157,-51.6,76,32,-8.93411,7.08108,0,0,0,0,0,0,0,0,0,0,0, 0,0,0,0,0,3,0,0,0,0
4520,5,114,-43.6,80,32,-8.27543,8.69006,0,0,0,0,0,0,0,0,0,0,0, 0,0,0,0,0,3,0,0,0,0
4520,6,94,-40.5,84,32,-8.18305,9.58112,0,0,0,0,0,0,0,0,0,0,0, 0,0,0,0,0,3,0,0,0,0
4520,7,139,-55.4,60,32,-7.40823,5.11059,0,0,0,0,0,0,0,0,0,0,0, 0,0,0,0,0,3,0,0,0,0
4560,0,247,-55.4,64,32,-7.90211,5.4513,0,0,0,0,0,0,0,0,0,0,0, 0,0,0,0,0,4,0,0,0,0
4560,1,290,-55.4,68,32,-8.39599,5.79201,0,0,0,0,0,0,0,0,0,0,0, 0,0,0,0,0,4,0,0,0,0
4560,2,42,63.6,8,33,1.07485,0.533562,0,0,0,0,0,0,0,0,0,0,0, 0,0,0,0,0,4,0,0,0,0
4560,3,240,-55.4,72,32,-8.88987,6.13271,0,0,0,0,0,0,0,0,0,0,0, 0,0,0,0,0,4,0,0,0,0
4560,4,155,-51.6,76,32,-8.93411,7.08108,0,0,0,0,0,0,0,0,0,0,0, 0,0,0,0,0,4,0,0,0,0
4560,5,115,-42.3,80,32,-8.07615,8.87557,0,0,0,0,0,0,0,0,0,0,0, 0,0,0,0,0,4,0,0,0,0
4560,6,106,-38.1,84,32,-7.77465,9.91538,0,0,0,0,0,0,0,0,0,0,0, 0,0,0,0,0,4,0,0,0,0
4560,7,137,-55.4,60,32,-7.40823,5.11059,0,0,0,0,0,0,0,0,0,0,0, 0,0,0,0,0,4,0,0,0,0
4600,0,243,-56.5,64,32,-8.0053,5.2986,0,0,0,0,0,0,0,0,0,0,0, 0,0,0,0,0,5,0,0,0,0
4600,1,288,-56.5,68,32,-8.50564,5.62976,0,0,0,0,0,0,0,0,0,0,0, 0,0,0,0,0,5,0,0,0,0
4600,2,238,-56.5,72,32,-9.00597,5.96092,0,0,0,0,0,0,0,0,0,0,0, 0,0,0,0,0,5,0,0,0,0
4600,3,147,-53.4,76,32,-9.15212,6.79696,0,0,0,0,0,0,0,0,0,0,0, 0,0,0,0,0,5,0,0,0,0
4600,4,108,-41.1,80,32,-7.8885,9.04276,0,0,0,0,0,0,0,0,0,0,0, 0,0,0,0,0,5,0,0,0,0
4600,5,101,-36,84,32,-7.40609,10.1936,0,0,0,0,0,0,0,0,0,0,0, 0,0,0,0,0,5,0,0,0,0
4600,6,137,-56.5,60,32,-7.50497,4.96743,0,0,0,0,0,0,0,0,0,0,0, 0,0,0,0,0,5,0,0,0,0
4640,0,244,-56.5,64,32,-8.0053,5.2986,0,0,0,0,0,0,0,0,0,0,0, 0,0,0,0,0,6,0,0,0,0
4640,1,287,-56.5,68,32,-8.50564,5.62976,0,0,0,0,0,0,0,0,0,0,0, 0,0,0,0,0,6,0,0,0,0
4640,2,45,71.1,8,33,1.1353,0.388701,0,0,0,0,0,0,0,0,0,0,0, 0,0,0,0,0,6,0,0,0,0
4640,3,239,-56.5,72,32,-9.00597,5.96092,0,0,0,0,0,0,0,0,0,0,0, 0,0,0,0,0,6,0,0,0,0
4640,4,20,0.1,232,31.75,0.0607374,34.7999,0,0,0,0,0,0,0,0,0,0,0, 0,0,0,0,0,6,0,0,0,0
4640,5,150,-54.4,76,32,-9.26935,6.6362,0,0,0,0,0,0,0,0,0,0,0, 0,0,0,0,0,6,0,0,0,0
4640,6,111,-41.1,80,32,-7.8885,9.04276,0,0,0,0,0,0,0,0,0,0,0, 0,0,0,0,0,6,0,0,0,0
4640,7,111,-35,84,32,-7.22706,10.3213,0,0,0,0,0,0,0,0,0,0,0, 0,0,0,0,0,6,0,0,0,0
4640,8,139,-56.5,60,32,-7.50497,4.96743,0,0,0,0,0,0,0,0,0,0,0, 0,0,0,0,0,6,0,0,0,0
4680,0,245,-56.5,64,32,-8.0053,5.2986,0,0,0,0,0,0,0,0,0,0,0, 0,0,0,0,0,7,0,0,0,0
4680,1,288,-56.5,68,32,-8.50564,5.62976,0,0,0,0,0,0,0,0,0,0,0, 0,0,0,0,0,7,0,0,0,0
4680,2,238,-56.5,72,32,-9.00597,5.96092,0,0,0,0,0,0,0,0,0,0,0, 0,0,0,0,0,7,0,0,0,0
4680,3,151,-54.4,76,32,-9.26935,6.6362,0,0,0,0,0,0,0,0,0,0,0, 0,0,0,0,0,7,0,0,0,0
4680,4,112,-42.3,80,32,-8.07615,8.87557,0,0,0,0,0,0,0,0,0,0,0, 0,0,0,0,0,7,0,0,0,0
4680,5,102,-38.1,84,32,-7.77465,9.91538,0,0,0,0,0,0,0,0,0,0,0, 0,0,0,0,0,7,0,0,0,0
4680,6,139,-57.4,60,32,-7.58207,4.84894,0,0,0,0,0,0,0,0,0,0,0, 0,0,0,0,0,7,0,0,0,0
4720,0,245,-56.5,64,32,-8.0053,5.2986,0,0,0,0,0,0,0,0,0,0,0, 0,0,0,0,0,8,0,0,0,0
4720,1,290,-56.5,68,32,-8.50564,5.62976,0,0,0,0,0,0,0,0,0,0,0, 0,0,0,0,0,8,0,0,0,0
4720,2,239,-56.5,72,32,-9.00597,5.96092,0,0,0,0,0,0,0,0,0,0,0, 0,0,0,0,0,8,0,0,0,0
4720,3,153,-53.4,76,32,-9.15212,6.79696,0,0,0,0,0,0,0,0,0,0,0, 0,0,0,0,0,8,0,0,0,0
4720,4,114,-42.9,80,32,-8.16865,8.79051,0,0,0,0,0,0,0,0,0,0,0, 0,0,0,0,0,8,0,0,0,0
4720,5,100,-38.7,84,32,-7.87806,9.83342,0,0,0,0,0,0,0,0,0,0,0, 0,0,0,0,0,8,0,0,0,0
4720,6,138,-56.5,60,32,-7.50497,4.96743,0,0,0,0,0,0,0,0,0,0,0, 0,0,0,0,0,8,0,0,0,0
4760,0,245,-56.5,64,32,-8.0053,5.2986,0,1334,0,0,0,0,0,0,0,0,0, 0,0,0,0,0,9,0,0,0,0
4760,1,26,7.2,224,32.5,4.2112,33.3351,0,1334,0,0,0,0,0,0,0,0,0, 0,0,0,0,0,9,0,0,0,0
4760,2,290,-56.5,68,32,-8.50564,5.62976,0,1334,0,0,0,0,0,0,0,0,0, 0,0,0,0,0,9,0,0,0,0
4760,3,241,-55.4,72,32,-8.88987,6.13271,0,1334,0,0,0,0,0,0,0,0,0, 0,0,0,0,0,9,0,0,0,0
4760,4,156,-51.6,76,32,-8.93411,7.08108,0,1334,0,0,0,0,0,0,0,0,0, 0,0,0,0,0,9,0,0,0,0
4760,5,118,-42.9,80,32,-8.16865,8.79051,0,1334,0,0,0,0,0,0,0,0,0, 0,0,0,0,0,9,0,0,0,0
4760,6,20,-1.2,208,32.5,-0.653404,31.1932,0,1334,0,0,0,0,0,0,0,0,0, 0,0,0,0,0,9,0,0,0,0
4760,7,102,-39.9,84,32,-8.08227,9.66628,0,1334,0,0,0,0,0,0,0,0,0, 0,0,0,0,0,9,0,0,0,0
4760,8,17,-1.2,216,33,-0.678535,32.3929,0,1334,0,0,0,0,0,0,0,0,0, 0,0,0,0,0,9,0,0,0,0
4760,9,138,-56.5,60,32,-7.50497,4.96743,0,1334,0,0,0,0,0,0,0,0,0, 0,0,0,0,0,9,0,0,0,0
4800,0,244,-56.5,64,32,-8.0053,5.2986,0,0,0,0,0,0,0,0,0,0,0, 0,0,0,0,0,10,0,0,0,0
4800,1,291,-55.4,68,32,-8.39599,5.79201,0,0,0,0,0,0,0,0,0,0,0, 0,0,0,0,0,10,0,0,0,0
4800,2,243,-55.4,72,32,-8.88987,6.13271,0,0,0,0,0,0,0,0,0,0,0, 0,0,0,0,0,10,0,0,0,0
4800,3,159,-49.8,76,32,-8.70727,7.35822,0,0,0,0,0,0,0,0,0,0,0, 0,0,0,0,0,10,0,0,0,0
4800,4,118,-42.9,80,32,-8.16865,8.79051,0,0,0,0,0,0,0,0,0,0,0, 0,0,0,0,0,10,0,0,0,0
4800,5,100,-40.5,84,32,-8.18305,9.58112,0,0,0,0,0,0,0,0,0,0,0, 0,0,0,0,0,10,0,0,0,0
4800,6,139,-56.5,60,32,-7.50497,4.96743,0,0,0,0,0,0,0,0,0,0,0, 0,0,0,0,0,10,0,0,0,0
4840,0,243,-56.5,64,32,-8.0053,5.2986,0,7936,0,0,0,0,0,0,0,0,0, 0,0,0,0,0,11,0,0,0,0
4840,1,25,0.6,224,31.75,0.351852,33.5982,0,7936,0,0,0,0,0,0,0,0,0, 0,0,0,0,0,11,0,0,0,0
4840,2,289,-56.5,68,32,-8.50564,5.62976,0,7936,0,0,0,0,0,0,0,0,0, 0,0,0,0,0,11,0,0,0,0
4840,3,29,-3,228,31.75,-1.78989,34.1531,0,7936,0,0,0,0,0,0,0,0,0, 0,0,0,0,0,11,0,0,0,0
4840,4,25,2.4,228,33,1.43215,34.17,0,7936,0,0,0,0,0,0,0,0,0, 0,0,0,0,0,11,0,0,0,0
4840,5,243,-55.4,72,32,-8.88987,6.13271,0,7936,0,0,0,0,0,0,0,0,0, 0,0,0,0,0,11,0,0,0,0
4840,6,159,-49.8,76,32,-8.70727,7.35822,0,7936,0,0,0,0,0,0,0,0,0, 0,0,0,0,0,11,0,0,0,0
4840,7,113,-45,80,32,-8.48528,8.48528,0,7936,0,0,0,0,0,0,0,0,0, 0,0,0,0,0,11,0,0,0,0
4840,8,88,-42.3,84,32,-8.47996,9.31935,0,7936,0,0,0,0,0,0,0,0,0, 0,0,0,0,0,11,0,0,0,0
4840,9,137,-56.5,60,32,-7.50497,4.96743,0,7936,0,0,0,0,0,0,0,0,0, 0,0,0,0,0,11,0,0,0,0
4880,0,244,-56.5,64,32,-8.0053,5.2986,0,1138,0,0,0,0,0,0,0,0,0, 0,0,0,0,0,12,0,0,0,0
4880,1,23,1.3,224,31.5,0.762294,33.5914,0,1138,0,0,0,0,0,0,0,0,0, 0,0,0,0,0,12,0,0,0,0
4880,2,290,-56.5,68,32,-8.50564,5.62976,0,1138,0,0,0,0,0,0,0,0,0, 0,0,0,0,0,12,0,0,0,0
4880,3,241,-55.4,72,32,-8.88987,6.13271,0,1138,0,0,0,0,0,0,0,0,0, 0,0,0,0,0,12,0,0,0,0
4880,4,157,-51.6,76,32,-8.93411,7.08108,0,1138,0,0,0,0,0,0,0,0,0, 0,0,0,0,0,12,0,0,0,0
4880,5,111,-44.2,80,32,-8.36598,8.60293,0,1138,0,0,0,0,0,0,0,0,0, 0,0,0,0,0,12,0,0,0,0
4880,6,90,-41.1,84,32,-8.28293,9.4949,0,1138,0,0,0,0,0,0,0,0,0, 0,0,0,0,0,12,0,0,0,0
4880,7,136,-56.5,60,32,-7.50497,4.96743,0,1138,0,0,0,0,0,0,0,0,0, 0,0,0,0,0,12,0,0,0,0
4920,0,245,-56.5,64,32,-8.0053,5.2986,0,86,0,0,0,0,0,0,0,0,0, 0,0,0,0,0,13,0,0,0,0
4920,1,289,-56.5,68,32,-8.50564,5.62976,0,86,0,0,0,0,0,0,0,0,0, 0,0,0,0,0,13,0,0,0,0
4920,2,43,68.6,8,33,1.11727,0.437852,0,86,0,0,0,0,0,0,0,0,0, 0,0,0,0,0,13,0,0,0,0
4920,3,240,-56.5,72,32,-9.00597,5.96092,0,86,0,0,0,0,0,0,0,0,0, 0,0,0,0,0,13,0,0,0,0
4920,4,149,-53.4,76,32,-9.15212,6.79696,0,86,0,0,0,0,0,0,0,0,0, 0,0,0,0,0,13,0,0,0,0
4920,5,105,-42.9,80,32,-8.16865,8.79051,0,86,0,0,0,0,0,0,0,0,0, 0,0,0,0,0,13,0,0,0,0
4920,6,93,-37.6,84,32,-7.68783,9.98285,0,86,0,0,0,0,0,0,0,0,0, 0,0,0,0,0,13,0,0,0,0
4920,7,139,-56.5,60,32,-7.50497,4.96743,0,86,0,0,0,0,0,0,0,0,0, 0,0,0,0,0,13,0,0,0,0
4960,0,246,-56.5,64,32,-8.0053,5.2986,0,0,0,0,0,0,0,0,0,0,0, 0,0,0,0,0,14,0,0,0,0
4960,1,292,-56.5,68,32,-8.50564,5.62976,0,0,0,0,0,0,0,0,0,0,0, 0,0,0,0,0,14,0,0,0,0
4960,2,32,64.6,8,30.75,1.084,0.514722,0,0,0,0,0,0,0,0,0,0,0, 0,0,0,0,0,14,0,0,0,0
4960,3,241,-56.5,72,32,-9.00597,5.96092,0,0,0,0,0,0,0,0,0,0,0, 0,0,0,0,0,14,0,0,0,0
4960,4,151,-54.4,76,32,-9.26935,6.6362,0,0,0,0,0,0,0,0,0,0,0, 0,0,0,0,0,14,0,0,0,0
4960,5,103,-45,80,32,-8.48528,8.48528,0,0,0,0,0,0,0,0,0,0,0, 0,0,0,0,0,14,0,0,0,0
4960,6,85,-39.3,84,32,-7.9806,9.75039,0,0,0,0,0,0,0,0,0,0,0, 0,0,0,0,0,14,0,0,0,0
4960,7,141,-56.5,60,32,-7.50497,4.96743,0,0,0,0,0,0,0,0,0,0,0, 0,0,0,0,0,14,0,0,0,0
5000,0,248,-56.5,64,32,-8.0053,5.2986,0,0,0,0,0,0,0,0,0,0,0, 0,0,0,0,0,15,0,0,0,0
5000,1,293,-56.5,68,32,-8.50564,5.62976,0,0,0,0,0,0,0,0,0,0,0, 0,0,0,0,0,15,0,0,0,0
5000,2,241,-55.4,72,32,-8.88987,6.13271,0,0,0,0,0,0,0,0,0,0,0, 0,0,0,0,0,15,0,0,0,0
5000,3,153,-53.4,76,32,-9.15212,6.79696,0,0,0,0,0,0,0,0,0,0,0, 0,0,0,0,0,15,0,0,0,0
5000,4,107,-42.9,80,32,-8.16865,8.79051,0,0,0,0,0,0,0,0,0,0,0, 0,0,0,0,0,15,0,0,0,0
5000,5,96,-38.1,84,32,-7.77465,9.91538,0,0,0,0,0,0,0,0,0,0,0, 0,0,0,0,0,15,0,0,0,0
5000,6,143,-56.5,60,32,-7.50497,4.96743,0,0,0,0,0,0,0,0,0,0,0, 0,0,0,0,0,15,0,0,0,0
5040,0,249,-56.5,64,32,-8.0053,5.2986,0,0,0,0,0,0,0,0,0,0,0, 0,0,0,0,0,0,0,0,0,0
5040,1,290,-56.5,68,32,-8.50564,5.62976,0,0,0,0,0,0,0,0,0,0,0, 0,0,0,0,0,0,0,0,0,0
5040,2,48,68.6,8,33,1.11727,0.437852,0,0,0,0,0,0,0,0,0,0,0, 0,0,0,0,0,0,0,0,0,0
5040,3,240,-56.5,72,32,-9.00597,5.96092,0,0,0,0,0,0,0,0,0,0,0, 0,0,0,0,0,0,0,0,0,0
5040,4,149,-54.4,76,32,-9.26935,6.6362,0,0,0,0,0,0,0,0,0,0,0, 0,0,0,0,0,0,0,0,0,0
5040,5,106,-42.9,80,32,-8.16865,8.79051,0,0,0,0,0,0,0,0,0,0,0, 0,0,0,0,0,0,0,0,0,0
5040,6,95,-38.7,84,32,-7.87806,9.83342,0,0,0,0,0,0,0,0,0,0,0, 0,0,0,0,0,0,0,0,0,0
5040,7,139,-56.5,60,32,-7.50497,4.96743,0,0,0,0,0,0,0,0,0,0,0, 0,0,0,0,0,0,0,0,0,0
5080,0,245,-56.5,64,32,-8.0053,5.2986,0,0,0,0,0,0,0,0,0,0,0, 0,0,0,0,0,1,0,0,0,0
5080,1,289,-56.5,68,32,-8.50564,5.62976,0,0,0,0,0,0,0,0,0,0,0, 0,0,0,0,0,1,0,0,0,0
5080,2,240,-56.5,72,32,-9.00597,5.96092,0,0,0,0,0,0,0,0,0,0,0, 0,0,0,0,0,1,0,0,0,0
5080,3,153,-53.4,76,32,-9.15212,6.79696,0,0,0,0,0,0,0,0,0,0,0, 0,0,0,0,0,1,0,0,0,0
5080,4,109,-44.2,80,32,-8.36598,8.60293,0,0,0,0,0,0,0,0,0,0,0, 0,0,0,0,0,1,0,0,0,0
5080,5,91,-40.5,84,32,-8.18305,9.58112,0,0,0,0,0,0,0,0,0,0,0, 0,0,0,0,0,1,0,0,0,0
5080,6,139,-57.4,60,32,-7.58207,4.84894,0,0,0,0,0,0,0,0,0,0,0, 0,0,0,0,0,1,0,0,0,0
5120,0,243,-57.4,64,32,-8.08754,5.1722,0,0,0,0,0,0,0,0,0,0,0, 0,0,0,0,0,2,0,0,0,0
5120,1,289,-56.5,68,32,-8.50564,5.62976,0,0,0,0,0,0,0,0,0,0,0, 0,0,0,0,0,2,0,0,0,0
5120,2,241,-56.5,72,32,-9.00597,5.96092,0,0,0,0,0,0,0,0,0,0,0, 0,0,0,0,0,2,0,0,0,0
5120,3,153,-54.4,76,32,-9.26935,6.6362,0,0,0,0,0,0,0,0,0,0,0, 0,0,0,0,0,2,0,0,0,0
5120,4,105,-45.9,80,32,-8.61752,8.35095,0,0,0,0,0,0,0,0,0,0,0, 0,0,0,0,0,2,0,0,0,0
5120,5,91,-41.7,84,32,-8.3819,9.40764,0,0,0,0,0,0,0,0,0,0,0, 0,0,0,0,0,2,0,0,0,0
5120,6,139,-57.4,60,32,-7.58207,4.84894,0,0,0,0,0,0,0,0,0,0,0, 0,0,0,0,0,2,0,0,0,0
5120,7,14,41.9,476,27,47.6832,53.1438,0,0,0,0,0,0,0,0,0,0,0, 0,0,0,0,0,2,0,0,0,0
5160,0,245,-57.4,64,32,-8.08754,5.1722,0,0,0,0,0,0,0,0,0,0,0, 0,0,0,0,0,3,0,0,0,0
5160,1,290,-56.5,68,32,-8.50564,5.62976,0,0,0,0,0,0,0,0,0,0,0, 0,0,0,0,0,3,0,0,0,0
5160,2,242,-56.5,72,32,-9.00597,5.96092,0,0,0,0,0,0,0,0,0,0,0, 0,0,0,0,0,3,0,0,0,0
5160,3,154,-55.4,76,32,-9.38375,6.47342,0,0,0,0,0,0,0,0,0,0,0, 0,0,0,0,0,3,0,0,0,0
5160,4,107,-48,80,32,-8.91774,8.02957,0,0,0,0,0,0,0,0,0,0,0, 0,0,0,0,0,3,0,0,0,0
5160,5,93,-41.1,84,32,-8.28293,9.4949,0,0,0,0,0,0,0,0,0,0,0, 0,0,0,0,0,3,0,0,0,0
5160,6,138,-57.4,60,32,-7.58207,4.84894,0,0,0,0,0,0,0,0,0,0,0, 0,0,0,0,0,3,0,0,0,0
5160,7,18,0.1,220,32.25,0.0575958,33,0,0,0,0,0,0,0,0,0,0,0, 0,0,0,0,0,3,0,0,0,0
5200,0,245,-58.4,64,32,-8.17658,5.03026,0,0,0,0,0,0,0,0,0,0,0, 0,0,0,0,0,4,0,0,0,0
5200,1,289,-57.4,68,32,-8.59301,5.49546,0,0,0,0,0,0,0,0,0,0,0, 0,0,0,0,0,4,0,0,0,0
5200,2,48,67.6,8,33,1.10946,0.457284,0,0,0,0,0,0,0,0,0,0,0, 0,0,0,0,0,4,0,0,0,0
5200,3,241,-57.4,72,32,-9.09849,5.81872,0,0,0,0,0,0,0,0,0,0,0, 0,0,0,0,0,4,0,0,0,0
5200,4,155,-55.4,76,32,-9.38375,6.47342,0,0,0,0,0,0,0,0,0,0,0, 0,0,0,0,0,4,0,0,0,0
5200,5,106,-48,80,32,-8.91774,8.02957,0,0,0,0,0,0,0,0,0,0,0, 0,0,0,0,0,4,0,0,0,0
5200,6,86,-42.3,84,32,-8.47996,9.31935,0,0,0,0,0,0,0,0,0,0,0, 0,0,0,0,0,4,0,0,0,0
5200,7,138,-58.4,60,32,-7.66554,4.71587,0,0,0,0,0,0,0,0,0,0,0, 0,0,0,0,0,4,0,0,0,0
5240,0,245,-58.4,64,32,-8.17658,5.03026,0,0,0,0,0,0,0,0,0,0,0, 0,0,0,0,0,5,0,0,0,0
5240,1,289,-57.4,68,32,-8.59301,5.49546,0,0,0,0,0,0,0,0,0,0,0, 0,0,0,0,0,5,0,0,0,0
5240,2,240,-57.4,72,32,-9.09849,5.81872,0,0,0,0,0,0,0,0,0,0,0, 0,0,0,0,0,5,0,0,0,0
5240,3,150,-55.4,76,32,-9.38375,6.47342,0,0,0,0,0,0,0,0,0,0,0, 0,0,0,0,0,5,0,0,0,0
5240,4,107,-43.6,80,32,-8.27543,8.69006,0,0,0,0,0,0,0,0,0,0,0, 0,0,0,0,0,5,0,0,0,0
5240,5,97,-38.7,84,32,-7.87806,9.83342,0,0,0,0,0,0,0,0,0,0,0, 0,0,0,0,0,5,0,0,0,0
5240,6,138,-59.4,60,32,-7.74668,4.58137,0,0,0,0,0,0,0,0,0,0,0, 0,0,0,0,0,5,0,0,0,0
5280,0,245,-58.4,64,32,-8.17658,5.03026,0,0,0,0,0,0,0,0,0,0,0, 0,0,0,0,0,6,0,0,0,0
5280,1,22,2.4,224,33,1.40702,33.5705,0,0,0,0,0,0,0,0,0,0,0, 0,0,0,0,0,6,0,0,0,0
5280,2,289,-57.4,68,32,-8.59301,5.49546,0,0,0,0,0,0,0,0,0,0,0, 0,0,0,0,0,6,0,0,0,0
5280,3,240,-56.5,72,32,-9.00597,5.96092,0,0,0,0,0,0,0,0,0,0,0, 0,0,0,0,0,6,0,0,0,0
5280,4,155,-54.4,76,32,-9.26935,6.6362,0,0,0,0,0,0,0,0,0,0,0, 0,0,0,0,0,6,0,0,0,0
5280,5,112,-43.6,80,32,-8.27543,8.69006,0,0,0,0,0,0,0,0,0,0,0, 0,0,0,0,0,6,0,0,0,0
5280,6,96,-40.5,84,32,-8.18305,9.58112,0,0,0,0,0,0,0,0,0,0,0, 0,0,0,0,0,6,0,0,0,0
5280,7,140,-58.4,60,32,-7.66554,4.71587,0,0,0,0,0,0,0,0,0,0,0, 0,0,0,0,0,6,0,0,0,0
5320,0,246,-57.4,64,32,-8.08754,5.1722,0,0,0,0,0,0,0,0,0,0,0, 0,0,0,0,0,7,0,0,0,0
5320,1,291,-57.4,68,32,-8.59301,5.49546,0,0,0,0,0,0,0,0,0,0,0, 0,0,0,0,0,7,0,0,0,0
5320,2,243,-56.5,72,32,-9.00597,5.96092,0,0,0,0,0,0,0,0,0,0,0, 0,0,0,0,0,7,0,0,0,0
5320,3,154,-54.4,76,32,-9.26935,6.6362,0,0,0,0,0,0,0,0,0,0,0, 0,0,0,0,0,7,0,0,0,0
5320,4,102,-48,80,32,-8.91774,8.02957,0,0,0,0,0,0,0,0,0,0,0, 0,0,0,0,0,7,0,0,0,0
5320,5,140,-57.4,60,32,-7.58207,4.84894,0,0,0,0,0,0,0,0,0,0,0, 0,0,0,0,0,7,0,0,0,0
5360,0,247,-57.4,64,32,-8.08754,5.1722,0,0,0,0,0,0,0,0,0,0,0, 0,0,0,0,0,8,0,0,0,0
5360,1,291,-56.5,68,32,-8.50564,5.62976,0,0,0,0,0,0,0,0,0,0,0, 0,0,0,0,0,8,0,0,0,0
5360,2,38,68.6,8,33,1.11727,0.437852,0,0,0,0,0,0,0,0,0,0,0, 0,0,0,0,0,8,0,0,0,0
5360,3,242,-56.5,72,32,-9.00597,5.96092,0,0,0,0,0,0,0,0,0,0,0, 0,0,0,0,0,8,0,0,0,0
5360,4,20,0.1,232,31.75,0.0607374,34.7999,0,0,0,0,0,0,0,0,0,0,0, 0,0,0,0,0,8,0,0,0,0
5360,5,151,-56.5,76,32,-9.5063,6.29208,0,0,0,0,0,0,0,0,0,0,0, 0,0,0,0,0,8,0,0,0,0
5360,6,96,-54.4,80,32,-9.75721,6.98548,0,0,0,0,0,0,0,0,0,0,0, 0,0,0,0,0,8,0,0,0,0
5360,7,21,5.4,240,33,3.3879,35.8402,0,0,0,0,0,0,0,0,0,0,0, 0,0,0,0,0,8,0,0,0,0
5360,8,25,4.2,244,33,2.68052,36.5017,0,0,0,0,0,0,0,0,0,0,0, 0,0,0,0,0,8,0,0,0,0
5360,9,139,-57.4,60,32,-7.58207,4.84894,0,0,0,0,0,0,0,0,0,0,0, 0,0,0,0,0,8,0,0,0,0
5400,0,247,-56.5,64,32,-8.0053,5.2986,0,1334,0,0,0,0,0,0,0,0,0, 0,0,0,0,0,9,0,0,0,0
5400,1,292,-56.5,68,32,-8.50564,5.62976,0,1334,0,0,0,0,0,0,0,0,0, 0,0,0,0,0,9,0,0,0,0
5400,2,243,-56.5,72,32,-9.00597,5.96092,0,1334,0,0,0,0,0,0,0,0,0, 0,0,0,0,0,9,0,0,0,0
5400,3,155,-54.4,76,32,-9.26935,6.6362,0,1334,0,0,0,0,0,0,0,0,0, 0,0,0,0,0,9,0,0,0,0
5400,4,101,-54.4,80,32,-9.75721,6.98548,0,1334,0,0,0,0,0,0,0,0,0, 0,0,0,0,0,9,0,0,0,0
5400,5,23,3.6,244,33,2.29813,36.5278,0,1334,0,0,0,0,0,0,0,0,0, 0,0,0,0,0,9,0,0,0,0
5400,6,141,-56.5,60,32,-7.50497,4.96743,0,1334,0,0,0,0,0,0,0,0,0, 0,0,0,0,0,9,0,0,0,0
5440,0,248,-56.5,64,32,-8.0053,5.2986,0,0,0,0,0,0,0,0,0,0,0, 0,0,0,0,0,10,0,0,0,0
5440,1,292,-55.4,68,32,-8.39599,5.79201,0,0,0,0,0,0,0,0,0,0,0, 0,0,0,0,0,10,0,0,0,0
5440,2,241,-55.4,72,32,-8.88987,6.13271,0,0,0,0,0,0,0,0,0,0,0, 0,0,0,0,0,10,0,0,0,0
5440,3,157,-54.4,76,32,-9.26935,6.6362,0,0,0,0,0,0,0,0,0,0,0, 0,0,0,0,0,10,0,0,0,0
5440,4,20,4.8,236,32.75,2.9622,35.2758,0,0,0,0,0,0,0,0,0,0,0, 0,0,0,0,0,10,0,0,0,0
5440,5,24,6.6,236,33,4.06878,35.1654,0,0,0,0,0,0,0,0,0,0,0, 0,0,0,0,0,10,0,0,0,0
5440,6,104,-49.8,80,32,-9.16555,7.74549,0,0,0,0,0,0,0,0,0,0,0, 0,0,0,0,0,10,0,0,0,0
5440,7,139,-56.5,60,32,-7.50497,4.96743,0,0,0,0,0,0,0,0,0,0,0, 0,0,0,0,0,10,0,0,0,0
5440,8,15,-1.2,220,31.5,-0.6911,32.9928,0,0,0,0,0,0,0,0,0,0,0, 0,0,0,0,0,10,0,0,0,0
5480,0,247,-56.5,64,32,-8.0053,5.2986,0,7936,0,0,0,0,0,0,0,0,0, 0,0,0,0,0,11,0,0,0,0
5480,1,292,-56.5,68,32,-8.50564,5.62976,0,7936,0,0,0,0,0,0,0,0,0, 0,0,0,0,0,11,0,0,0,0
5480,2,243,-56.5,72,32,-9.00597,5.96092,0,7936,0,0,0,0,0,0,0,0,0, 0,0,0,0,0,11,0,0,0,0
5480,3,154,-54.4,76,32,-9.26935,6.6362,0,7936,0,0,0,0,0,0,0,0,0, 0,0,0,0,0,11,0,0,0,0
5480,4,107,-51.6,80,32,-9.40432,7.45377,0,7936,0,0,0,0,0,0,0,0,0, 0,0,0,0,0,11,0,0,0,0
5480,5,26,1.3,208,31.75,0.707845,31.192,0,7936,0,0,0,0,0,0,0,0,0, 0,0,0,0,0,11,0,0,0,0
5480,6,26,2.4,212,31.25,1.33165,31.7721,0,7936,0,0,0,0,0,0,0,0,0, 0,0,0,0,0,11,0,0,0,0
5480,7,28,0.1,212,32.25,0.0555014,31.7999,0,7936,0,0,0,0,0,0,0,0,0, 0,0,0,0,0,11,0,0,0,0
5480,8,141,-56.5,60,32,-7.50497,4.96743,0,7936,0,0,0,0,0,0,0,0,0, 0,0,0,0,0,11,0,0,0,0
5520,0,248,-56.5,64,32,-8.0053,5.2986,0,1139,0,0,0,0,0,0,0,0,0, 0,0,0,0,0,12,0,0,0,0
5520,1,291,-56.5,68,32,-8.50564,5.62976,0,1139,0,0,0,0,0,0,0,0,0, 0,0,0,0,0,12,0,0,0,0
5520,2,241,-56.5,72,32,-9.00597,5.96092,0,1139,0,0,0,0,0,0,0,0,0, 0,0,0,0,0,12,0,0,0,0
5520,3,155,-55.4,76,32,-9.38375,6.47342,0,1139,0,0,0,0,0,0,0,0,0, 0,0,0,0,0,12,0,0,0,0
5520,4,105,-49.8,80,32,-9.16555,7.74549,0,1139,0,0,0,0,0,0,0,0,0, 0,0,0,0,0,12,0,0,0,0
5520,5,83,-48,84,32,-9.36363,8.43105,0,1139,0,0,0,0,0,0,0,0,0, 0,0,0,0,0,12,0,0,0,0
5520,6,141,-56.5,60,32,-7.50497,4.96743,0,1139,0,0,0,0,0,0,0,0,0, 0,0,0,0,0,12,0,0,0,0
5560,0,246,-56.5,64,32,-8.0053,5.2986,0,86,0,0,0,0,0,0,0,0,0, 0,0,0,0,0,13,0,0,0,0
5560,1,291,-56.5,68,32,-8.50564,5.62976,0,86,0,0,0,0,0,0,0,0,0, 0,0,0,0,0,13,0,0,0,0
5560,2,240,-56.5,72,32,-9.00597,5.96092,0,86,0,0,0,0,0,0,0,0,0, 0,0,0,0,0,13,0,0,0,0
5560,3,149,-55.4,76,32,-9.38375,6.47342,0,86,0,0,0,0,0,0,0,0,0, 0,0,0,0,0,13,0,0,0,0
5560,4,32,0.6,204,31.25,0.320437,30.5983,0,86,0,0,0,0,0,0,0,0,0, 0,0,0,0,0,13,0,0,0,0
5560,5,99,-46.7,80,32,-8.73327,8.22982,0,86,0,0,0,0,0,0,0,0,0, 0,0,0,0,0,13,0,0,0,0
5560,6,19,-1.2,208,30.75,-0.653404,31.1932,0,86,0,0,0,0,0,0,0,0,0, 0,0,0,0,0,13,0,0,0,0
5560,7,38,0.6,208,31.5,0.32672,31.1983,0,86,0,0,0,0,0,0,0,0,0, 0,0,0,0,0,13,0,0,0,0
5560,8,21,-1.8,212,31.75,-0.998862,31.7843,0,86,0,0,0,0,0,0,0,0,0, 0,0,0,0,0,13,0,0,0,0
5560,9,140,-58.4,60,32,-7.66554,4.71587,0,86,0,0,0,0,0,0,0,0,0, 0,0,0,0,0,13,0,0,0,0
5600,0,248,-56.5,64,32,-8.0053,5.2986,0,0,0,0,0,0,0,0,0,0,0, 0,0,0,0,0,14,0,0,0,0
5600,1,291,-56.5,68,32,-8.50564,5.62976,0,0,0,0,0,0,0,0,0,0,0, 0,0,0,0,0,14,0,0,0,0
5600,2,241,-56.5,72,32,-9.00597,5.96092,0,0,0,0,0,0,0,0,0,0,0, 0,0,0,0,0,14,0,0,0,0
5600,3,153,-55.4,76,32,-9.38375,6.47342,0,0,0,0,0,0,0,0,0,0,0, 0,0,0,0,0,14,0,0,0,0
5600,4,103,-51.6,80,32,-9.40432,7.45377,0,0,0,0,0,0,0,0,0,0,0, 0,0,0,0,0,14,0,0,0,0
5600,5,139,-56.5,60,32,-7.50497,4.96743,0,0,0,0,0,0,0,0,0,0,0, 0,0,0,0,0,14,0,0,0,0
5640,0,246,-56.5,64,32,-8.0053,5.2986,0,0,0,0,0,0,0,0,0,0,0, 0,0,0,0,0,15,0,0,0,0
5640,1,291,-56.5,68,32,-8.50564,5.62976,0,0,0,0,0,0,0,0,0,0,0, 0,0,0,0,0,15,0,0,0,0
5640,2,242,-56.5,72,32,-9.00597,5.96092,0,0,0,0,0,0,0,0,0,0,0, 0,0,0,0,0,15,0,0,0,0
5640,3,157,-54.4,76,32,-9.26935,6.6362,0,0,0,0,0,0,0,0,0,0,0, 0,0,0,0,0,15,0,0,0,0
5640,4,112,-46.7,80,32,-8.73327,8.22982,0,0,0,0,0,0,0,0,0,0,0, 0,0,0,0,0,15,0,0,0,0
5640,5,95,-42.3,84,32,-8.47996,9.31935,0,0,0,0,0,0,0,0,0,0,0, 0,0,0,0,0,15,0,0,0,0
5640,6,139,-57.4,60,32,-7.58207,4.84894,0,0,0,0,0,0,0,0,0,0,0, 0,0,0,0,0,15,0,0,0,0
5680,0,246,-57.4,64,32,-8.08754,5.1722,0,0,0,0,0,0,0,0,0,0,0, 0,0,0,0,0,0,0,0,0,0
5680,1,292,-56.5,68,32,-8.50564,5.62976,0,0,0,0,0,0,0,0,0,0,0, 0,0,0,0,0,0,0,0,0,0
5680,2,243,-56.5,72,32,-9.00597,5.96092,0,0,0,0,0,0,0,0,0,0,0, 0,0,0,0,0,0,0,0,0,0
5680,3,157,-54.4,76,32,-9.26935,6.6362,0,0,0,0,0,0,0,0,0,0,0, 0,0,0,0,0,0,0,0,0,0
5680,4,19,-1.8,204,31.75,-0.961169,30.5849,0,0,0,0,0,0,0,0,0,0,0, 0,0,0,0,0,0,0,0,0,0
5680,5,25,-1.2,204,32.5,-0.640838,30.5933,0,0,0,0,0,0,0,0,0,0,0, 0,0,0,0,0,0,0,0,0,0
5680,6,110,-48,80,32,-8.91774,8.02957,0,0,0,0,0,0,0,0,0,0,0, 0,0,0,0,0,0,0,0,0,0
5680,7,30,4.2,208,31.75,2.28503,31.1162,0,0,0,0,0,0,0,0,0,0,0, 0,0,0,0,0,0,0,0,0,0
5680,8,25,3.6,208,32.25,1.95906,31.1384,0,0,0,0,0,0,0,0,0,0,0, 0,0,0,0,0,0,0,0,0,0
5680,9,87,-44.2,84,32,-8.78428,9.03307,0,0,0,0,0,0,0,0,0,0,0, 0,0,0,0,0,0,0,0,0,0
5680,10,138,-57.4,60,32,-7.58207,4.84894,0,0,0,0,0,0,0,0,0,0,0, 0,0,0,0,0,0,0,0,0,0
5720,0,246,-56.5,64,32,-8.0053,5.2986,0,0,0,0,0,0,0,0,0,0,0, 0,0,0,0,0,1,0,0,0,0
5720,1,18,-1.2,224,33,-0.703665,33.5926,0,0,0,0,0,0,0,0,0,0,0, 0,0,0,0,0,1,0,0,0,0
5720,2,291,-56.5,68,32,-8.50564,5.62976,0,0,0,0,0,0,0,0,0,0,0, 0,0,0,0,0,1,0,0,0,0
5720,3,242,-55.4,72,32,-8.88987,6.13271,0,0,0,0,0,0,0,0,0,0,0, 0,0,0,0,0,1,0,0,0,0
5720,4,157,-53.4,76,32,-9.15212,6.79696,0,0,0,0,0,0,0,0,0,0,0, 0,0,0,0,0,1,0,0,0,0
5720,5,108,-48,80,32,-8.91774,8.02957,0,0,0,0,0,0,0,0,0,0,0, 0,0,0,0,0,1,0,0,0,0
5720,6,84,-45,84,32,-8.90955,8.90955,0,0,0,0,0,0,0,0,0,0,0, 0,0,0,0,0,1,0,0,0,0
5720,7,138,-56.5,60,32,-7.50497,4.96743,0,0,0,0,0,0,0,0,0,0,0, 0,0,0,0,0,1,0,0,0,0
5760,0,247,-56.5,64,32,-8.0053,5.2986,0,0,0,0,0,0,0,0,0,0,0, 0,0,0,0,0,2,0,0,0,0
5760,1,293,-56.5,68,32,-8.50564,5.62976,0,0,0,0,0,0,0,0,0,0,0, 0,0,0,0,0,2,0,0,0,0
5760,2,244,-55.4,72,32,-8.88987,6.13271,0,0,0,0,0,0,0,0,0,0,0, 0,0,0,0,0,2,0,0,0,0
5760,3,17,7.2,232,31.75,4.3616,34.5256,0,0,0,0,0,0,0,0,0,0,0, 0,0,0,0,0,2,0,0,0,0
5760,4,157,-53.4,76,32,-9.15212,6.79696,0,0,0,0,0,0,0,0,0,0,0, 0,0,0,0,0,2,0,0,0,0
5760,5,108,-46.7,80,32,-8.73327,8.22982,0,0,0,0,0,0,0,0,0,0,0, 0,0,0,0,0,2,0,0,0,0
5760,6,81,-44.2,84,32,-8.78428,9.03307,0,0,0,0,0,0,0,0,0,0,0, 0,0,0,0,0,2,0,0,0,0
5760,7,139,-57.4,60,32,-7.58207,4.84894,0,0,0,0,0,0,0,0,0,0,0, 0,0,0,0,0,2,0,0,0,0
5800,0,247,-57.4,64,32,-8.08754,5.1722,0,0,0,0,0,0,0,0,0,0,0, 0,0,0,0,0,3,0,0,0,0
5800,1,291,-56.5,68,32,-8.50564,5.62976,0,0,0,0,0,0,0,0,0,0,0, 0,0,0,0,0,3,0,0,0,0
5800,2,242,-56.5,72,32,-9.00597,5.96092,0,0,0,0,0,0,0,0,0,0,0, 0,0,0,0,0,3,0,0,0,0
5800,3,21,2.4,200,31.5,1.25627,29.9737,0,0,0,0,0,0,0,0,0,0,0, 0,0,0,0,0,3,0,0,0,0
5800,4,151,-54.4,76,32,-9.26935,6.6362,0,0,0,0,0,0,0,0,0,0,0, 0,0,0,0,0,3,0,0,0,0
5800,5,18,7.8,236,33,4.80433,35.0725,0,0,0,0,0,0,0,0,0,0,0, 0,0,0,0,0,3,0,0,0,0
5800,6,99,-48,80,32,-8.91774,8.02957,0,0,0,0,0,0,0,0,0,0,0, 0,0,0,0,0,3,0,0,0,0
5800,7,34,4.2,240,32.75,2.63657,35.9033,0,0,0,0,0,0,0,0,0,0,0, 0,0,0,0,0,3,0,0,0,0
5800,8,33,3.6,240,33,2.26046,35.929,0,0,0,0,0,0,0,0,0,0,0, 0,0,0,0,0,3,0,0,0,0
5800,9,22,-0.6,216,31.75,-0.339286,32.3982,0,0,0,0,0,0,0,0,0,0,0, 0,0,0,0,0,3,0,0,0,0
5800,10,139,-58.4,60,32,-7.66554,4.71587,0,0,0,0,0,0,0,0,0,0,0, 0,0,0,0,0,3,0,0,0,0
5840,0,246,-57.4,64,32,-8.08754,5.1722,0,0,0,0,0,0,0,0,0,0,0, 0,0,0,0,0,4,0,0,0,0
5840,1,289,-56.5,68,32,-8.50564,5.62976,0,0,0,0,0,0,0,0,0,0,0, 0,0,0,0,0,4,0,0,0,0
5840,2,44,68.6,8,33,1.11727,0.437852,0,0,0,0,0,0,0,0,0,0,0, 0,0,0,0,0,4,0,0,0,0
5840,3,242,-56.5,72,32,-9.00597,5.96092,0,0,0,0,0,0,0,0,0,0,0, 0,0,0,0,0,4,0,0,0,0
5840,4,154,-54.4,76,32,-9.26935,6.6362,0,0,0,0,0,0,0,0,0,0,0, 0,0,0,0,0,4,0,0,0,0
5840,5,105,-49.8,80,32,-9.16555,7.74549,0,0,0,0,0,0,0,0,0,0,0, 0,0,0,0,0,4,0,0,0,0
5840,6,137,-56.5,60,32,-7.50497,4.96743,0,0,0,0,0,0,0,0,0,0,0, 0,0,0,0,0,4,0,0,0,0
5880,0,244,-57.4,64,32,-8.08754,5.1722,0,0,0,0,0,0,0,0,0,0,0, 0,0,0,0,0,5,0,0,0,0
5880,1,289,-56.5,68,32,-8.50564,5.62976,0,0,0,0,0,0,0,0,0,0,0, 0,0,0,0,0,5,0,0,0,0
5880,2,241,-56.5,72,32,-9.00597,5.96092,0,0,0,0,0,0,0,0,0,0,0, 0,0,0,0,0,5,0,0,0,0
5880,3,155,-54.4,76,32,-9.26935,6.6362,0,0,0,0,0,0,0,0,0,0,0, 0,0,0,0,0,5,0,0,0,0
5880,4,109,-46.7,80,32,-8.73327,8.22982,0,0,0,0,0,0,0,0,0,0,0, 0,0,0,0,0,5,0,0,0,0
5880,5,21,6.1,240,31.75,3.82551,35.7962,0,0,0,0,0,0,0,0,0,0,0, 0,0,0,0,0,5,0,0,0,0
5880,6,28,3.6,240,32.75,2.26046,35.929,0,0,0,0,0,0,0,0,0,0,0, 0,0,0,0,0,5,0,0,0,0
5880,7,25,3.6,240,33,2.26046,35.929,0,0,0,0,0,0,0,0,0,0,0, 0,0,0,0,0,5,0,0,0,0
5880,8,83,-45,84,32,-8.90955,8.90955,0,0,0,0,0,0,0,0,0,0,0, 0,0,0,0,0,5,0,0,0,0
5880,9,20,6.6,244,33,4.2067,36.3574,0,0,0,0,0,0,0,0,0,0,0, 0,0,0,0,0,5,0,0,0,0
5880,10,138,-56.5,60,32,-7.50497,4.96743,0,0,0,0,0,0,0,0,0,0,0, 0,0,0,0,0,5,0,0,0,0
5920,0,245,-56.5,64,32,-8.0053,5.2986,0,0,0,0,0,0,0,0,0,0,0, 0,0,0,0,0,6,0,0,0,0
5920,1,289,-56.5,68,32,-8.50564,5.62976,0,0,0,0,0,0,0,0,0,0,0, 0,0,0,0,0,6,0,0,0,0
5920,2,41,75.1,8,33,1.15965,0.308559,0,0,0,0,0,0,0,0,0,0,0, 0,0,0,0,0,6,0,0,0,0
5920,3,241,-56.5,72,32,-9.00597,5.96092,0,0,0,0,0,0,0,0,0,0,0, 0,0,0,0,0,6,0,0,0,0
5920,4,156,-54.4,76,32,-9.26935,6.6362,0,0,0,0,0,0,0,0,0,0,0, 0,0,0,0,0,6,0,0,0,0
5920,5,17,3.1,236,33,1.91439,35.3482,0,0,0,0,0,0,0,0,0,0,0, 0,0,0,0,0,6,0,0,0,0
5920,6,105,-49.8,80,32,-9.16555,7.74549,0,0,0,0,0,0,0,0,0,0,0, 0,0,0,0,0,6,0,0,0,0
5920,7,141,-56.5,60,32,-7.50497,4.96743,0,0,0,0,0,0,0,0,0,0,0, 0,0,0,0,0,6,0,0,0,0
5960,0,247,-56.5,64,32,-8.0053,5.2986,0,0,0,0,0,0,0,0,0,0,0, 0,0,0,0,0,7,0,0,0,0
5960,1,291,-56.5,68,32,-8.50564,5.62976,0,0,0,0,0,0,0,0,0,0,0, 0,0,0,0,0,7,0,0,0,0
5960,2,243,-56.5,72,32,-9.00597,5.96092,0,0,0,0,0,0,0,0,0,0,0, 0,0,0,0,0,7,0,0,0,0
5960,3,24,1.3,232,31.75,0.789519,34.791,0,0,0,0,0,0,0,0,0,0,0, 0,0,0,0,0,7,0,0,0,0
5960,4,35,2.4,232,32.75,1.45727,34.7695,0,0,0,0,0,0,0,0,0,0,0, 0,0,0,0,0,7,0,0,0,0
5960,5,31,2.4,232,33,1.45727,34.7695,0,0,0,0,0,0,0,0,0,0,0, 0,0,0,0,0,7,0,0,0,0
5960,6,155,-55.4,76,32,-9.38375,6.47342,0,0,0,0,0,0,0,0,0,0,0, 0,0,0,0,0,7,0,0,0,0
5960,7,30,8.3,236,31.75,5.11021,35.0292,0,0,0,0,0,0,0,0,0,0,0, 0,0,0,0,0,7,0,0,0,0
5960,8,41,6.1,236,32.75,3.76175,35.1996,0,0,0,0,0,0,0,0,0,0,0, 0,0,0,0,0,7,0,0,0,0
5960,9,39,4.2,236,33,2.59263,35.3049,0,0,0,0,0,0,0,0,0,0,0, 0,0,0,0,0,7,0,0,0,0
5960,10,103,-53.4,80,32,-9.63381,7.1547,0,0,0,0,0,0,0,0,0,0,0, 0,0,0,0,0,7,0,0,0,0
5960,11,19,1.8,240,31.75,1.13079,35.9822,0,0,0,0,0,0,0,0,0,0,0, 0,0,0,0,0,7,0,0,0,0
5960,12,141,-56.5,60,32,-7.50497,4.96743,0,0,0,0,0,0,0,0,0,0,0, 0,0,0,0,0,7,0,0,0,0
6000,0,247,-56.5,64,32,-8.0053,5.2986,0,0,0,0,0,0,0,0,0,0,0, 0,0,0,0,0,8,0,0,0,0
6000,1,289,-56.5,68,32,-8.50564,5.62976,0,0,0,0,0,0,0,0,0,0,0, 0,0,0,0,0,8,0,0,0,0
6000,2,241,-56.5,72,32,-9.00597,5.96092,0,0,0,0,0,0,0,0,0,0,0, 0,0,0,0,0,8,0,0,0,0
6000,3,21,-0.6,232,31.75,-0.364418,34.7981,0,0,0,0,0,0,0,0,0,0,0, 0,0,0,0,0,8,0,0,0,0
6000,4,22,1.8,232,33,1.09309,34.7828,0,0,0,0,0,0,0,0,0,0,0, 0,0,0,0,0,8,0,0,0,0
6000,5,154,-56.5,76,32,-9.5063,6.29208,0,0,0,0,0,0,0,0,0,0,0, 0,0,0,0,0,8,0,0,0,0
6000,6,26,4.8,236,31.75,2.9622,35.2758,0,0,0,0,0,0,0,0,0,0,0, 0,0,0,0,0,8,0,0,0,0
6000,7,41,4.2,236,32.75,2.59263,35.3049,0,0,0,0,0,0,0,0,0,0,0, 0,0,0,0,0,8,0,0,0,0
6000,8,39,4.8,236,33,2.9622,35.2758,0,0,0,0,0,0,0,0,0,0,0, 0,0,0,0,0,8,0,0,0,0
6000,9,99,-56.5,80,32,-10.0066,6.62324,0,0,0,0,0,0,0,0,0,0,0, 0,0,0,0,0,8,0,0,0,0
6000,10,19,2.4,240,33,1.50752,35.9684,0,0,0,0,0,0,0,0,0,0,0, 0,0,0,0,0,8,0,0,0,0
6000,11,139,-56.5,60,32,-7.50497,4.96743,0,0,0,0,0,0,0,0,0,0,0, 0,0,0,0,0,8,0,0,0,0
6040,0,245,-56.5,64,32,-8.0053,5.2986,0,1334,0,0,0,0,0,0,0,0,0, 0,0,0,0,0,9,0,0,0,0
6040,1,289,-56.5,68,32,-8.50564,5.62976,0,1334,0,0,0,0,0,0,0,0,0, 0,0,0,0,0,9,0,0,0,0
6040,2,240,-56.5,72,32,-9.00597,5.96092,0,1334,0,0,0,0,0,0,0,0,0, 0,0,0,0,0,9,0,0,0,0
6040,3,151,-56.5,76,32,-9.5063,6.29208,0,1334,0,0,0,0,0,0,0,0,0, 0,0,0,0,0,9,0,0,0,0
6040,4,99,-51.6,80,32,-9.40432,7.45377,0,1334,0,0,0,0,0,0,0,0,0, 0,0,0,0,0,9,0,0,0,0
6040,5,140,-56.5,60,32,-7.50497,4.96743,0,1334,0,0,0,0,0,0,0,0,0, 0,0,0,0,0,9,0,0,0,0
6080,0,244,-57.4,64,32,-8.08754,5.1722,0,0,0,0,0,0,0,0,0,0,0, 0,0,0,0,0,10,0,0,0,0
6080,1,289,-56.5,68,32,-8.50564,5.62976,0,0,0,0,0,0,0,0,0,0,0, 0,0,0,0,0,10,0,0,0,0
6080,2,240,-56.5,72,32,-9.00597,5.96092,0,0,0,0,0,0,0,0,0,0,0, 0,0,0,0,0,10,0,0,0,0
6080,3,153,-56.5,76,32,-9.5063,6.29208,0,0,0,0,0,0,0,0,0,0,0, 0,0,0,0,0,10,0,0,0,0
6080,4,98,-54.4,80,32,-9.75721,6.98548,0,0,0,0,0,0,0,0,0,0,0, 0,0,0,0,0,10,0,0,0,0
6080,5,139,-56.5,60,32,-7.50497,4.96743,0,0,0,0,0,0,0,0,0,0,0, 0,0,0,0,0,10,0,0,0,0
6120,0,244,-57.4,64,32,-8.08754,5.1722,0,7936,0,0,0,0,0,0,0,0,0, 0,0,0,0,0,11,0,0,0,0
6120,1,13,-42.9,96,15.25,-9.80238,10.5486,0,7936,0,0,0,0,0,0,0,0,0, 0,0,0,0,0,11,0,0,0,0
6120,2,289,-56.5,68,32,-8.50564,5.62976,0,7936,0,0,0,0,0,0,0,0,0, 0,0,0,0,0,11,0,0,0,0
6120,3,239,-56.5,72,32,-9.00597,5.96092,0,7936,0,0,0,0,0,0,0,0,0, 0,0,0,0,0,11,0,0,0,0
6120,4,151,-55.4,76,32,-9.38375,6.47342,0,7936,0,0,0,0,0,0,0,0,0, 0,0,0,0,0,11,0,0,0,0
6120,5,99,-48,80,32,-8.91774,8.02957,0,7936,0,0,0,0,0,0,0,0,0, 0,0,0,0,0,11,0,0,0,0
6120,6,138,-57.4,60,32,-7.58207,4.84894,0,7936,0,0,0,0,0,0,0,0,0, 0,0,0,0,0,11,0,0,0,0
6120,7,21,-3.6,220,31.75,-2.07209,32.9349,0,7936,0,0,0,0,0,0,0,0,0, 0,0,0,0,0,11,0,0,0,0
6160,0,244,-57.4,64,32,-8.08754,5.1722,0,1139,0,0,0,0,0,0,0,0,0, 0,0,0,0,0,12,0,0,0,0
6160,1,287,-56.5,68,32,-8.50564,5.62976,0,1139,0,0,0,0,0,0,0,0,0, 0,0,0,0,0,12,0,0,0,0
6160,2,242,-55.4,72,32,-8.88987,6.13271,0,1139,0,0,0,0,0,0,0,0,0, 0,0,0,0,0,12,0,0,0,0
6160,3,157,-53.4,76,32,-9.15212,6.79696,0,1139,0,0,0,0,0,0,0,0,0, 0,0,0,0,0,12,0,0,0,0
6160,4,105,-49.8,80,32,-9.16555,7.74549,0,1139,0,0,0,0,0,0,0,0,0, 0,0,0,0,0,12,0,0,0,0
6160,5,138,-56.5,60,32,-7.50497,4.96743,0,1139,0,0,0,0,0,0,0,0,0, 0,0,0,0,0,12,0,0,0,0
6200,0,243,-57.4,64,32,-8.08754,5.1722,0,86,0,0,0,0,0,0,0,0,0, 0,0,0,0,0,13,0,0,0,0
6200,1,287,-56.5,68,32,-8.50564,5.62976,0,86,0,0,0,0,0,0,0,0,0, 0,0,0,0,0,13,0,0,0,0
6200,2,240,-56.5,72,32,-9.00597,5.96092,0,86,0,0,0,0,0,0,0,0,0, 0,0,0,0,0,13,0,0,0,0
6200,3,157,-54.4,76,32,-9.26935,6.6362,0,86,0,0,0,0,0,0,0,0,0, 0,0,0,0,0,13,0,0,0,0
6200,4,107,-49.8,80,32,-9.16555,7.74549,0,86,0,0,0,0,0,0,0,0,0, 0,0,0,0,0,13,0,0,0,0
6200,5,82,-46.7,84,32,-9.16994,8.64131,0,86,0,0,0,0,0,0,0,0,0, 0,0,0,0,0,13,0,0,0,0
6200,6,138,-57.4,60,32,-7.58207,4.84894,0,86,0,0,0,0,0,0,0,0,0, 0,0,0,0,0,13,0,0,0,0
6240,0,244,-57.4,64,32,-8.08754,5.1722,0,0,0,0,0,0,0,0,0,0,0, 0,0,0,0,0,14,0,0,0,0
6240,1,289,-57.4,68,32,-8.59301,5.49546,0,0,0,0,0,0,0,0,0,0,0, 0,0,0,0,0,14,0,0,0,0
6240,2,241,-56.5,72,32,-9.00597,5.96092,0,0,0,0,0,0,0,0,0,0,0, 0,0,0,0,0,14,0,0,0,0
6240,3,158,-55.4,76,32,-9.38375,6.47342,0,0,0,0,0,0,0,0,0,0,0, 0,0,0,0,0,14,0,0,0,0
6240,4,104,-49.8,80,32,-9.16555,7.74549,0,0,0,0,0,0,0,0,0,0,0, 0,0,0,0,0,14,0,0,0,0
6240,5,23,0.1,216,31.75,0.0565486,32.4,0,0,0,0,0,0,0,0,0,0,0, 0,0,0,0,0,14,0,0,0,0
6240,6,25,1.3,216,32.25,0.73507,32.3917,0,0,0,0,0,0,0,0,0,0,0, 0,0,0,0,0,14,0,0,0,0
6240,7,138,-56.5,60,32,-7.50497,4.96743,0,0,0,0,0,0,0,0,0,0,0, 0,0,0,0,0,14,0,0,0,0
6280,0,245,-57.4,64,32,-8.08754,5.1722,0,0,0,0,0,0,0,0,0,0,0, 0,0,0,0,0,15,0,0,0,0
6280,1,290,-57.4,68,32,-8.59301,5.49546,0,0,0,0,0,0,0,0,0,0,0, 0,0,0,0,0,15,0,0,0,0
6280,2,241,-56.5,72,32,-9.00597,5.96092,0,0,0,0,0,0,0,0,0,0,0, 0,0,0,0,0,15,0,0,0,0
6280,3,156,-54.4,76,32,-9.26935,6.6362,0,0,0,0,0,0,0,0,0,0,0, 0,0,0,0,0,15,0,0,0,0
6280,4,106,-48,80,32,-8.91774,8.02957,0,0,0,0,0,0,0,0,0,0,0, 0,0,0,0,0,15,0,0,0,0
6280,5,82,-45,84,32,-8.90955,8.90955,0,0,0,0,0,0,0,0,0,0,0, 0,0,0,0,0,15,0,0,0,0
6280,6,28,-1.8,216,31.5,-1.01771,32.384,0,0,0,0,0,0,0,0,0,0,0, 0,0,0,0,0,15,0,0,0,0
6280,7,139,-55.4,60,32,-7.40823,5.11059,0,0,0,0,0,0,0,0,0,0,0, 0,0,0,0,0,15,0,0,0,0
6320,0,245,-56.5,64,32,-8.0053,5.2986,0,0,0,0,0,0,0,0,0,0,0, 0,0,0,0,0,0,0,0,0,0
6320,1,290,-57.4,68,32,-8.59301,5.49546,0,0,0,0,0,0,0,0,0,0,0, 0,0,0,0,0,0,0,0,0,0
6320,2,238,-57.4,72,32,-9.09849,5.81872,0,0,0,0,0,0,0,0,0,0,0, 0,0,0,0,0,0,0,0,0,0
6320,3,150,-55.4,76,32,-9.38375,6.47342,0,0,0,0,0,0,0,0,0,0,0, 0,0,0,0,0,0,0,0,0,0
6320,4,20,-8.4,204,32.25,-4.47014,30.2717,0,0,0,0,0,0,0,0,0,0,0, 0,0,0,0,0,0,0,0,0,0
6320,5,99,-46.7,80,32,-8.73327,8.22982,0,0,0,0,0,0,0,0,0,0,0, 0,0,0,0,0,0,0,0,0,0
6320,6,19,-1.2,208,32.25,-0.653404,31.1932,0,0,0,0,0,0,0,0,0,0,0, 0,0,0,0,0,0,0,0,0,0
6320,7,136,-55.4,60,32,-7.40823,5.11059,0,0,0,0,0,0,0,0,0,0,0, 0,0,0,0,0,0,0,0,0,0
6360,0,246,-56.5,64,32,-8.0053,5.2986,0,0,0,0,0,0,0,0,0,0,0, 0,0,0,0,0,1,0,0,0,0
6360,1,290,-56.5,68,32,-8.50564,5.62976,0,0,0,0,0,0,0,0,0,0,0, 0,0,0,0,0,1,0,0,0,0
6360,2,241,-56.5,72,32,-9.00597,5.96092,0,0,0,0,0,0,0,0,0,0,0, 0,0,0,0,0,1,0,0,0,0
6360,3,152,-54.4,76,32,-9.26935,6.6362,0,0,0,0,0,0,0,0,0,0,0, 0,0,0,0,0,1,0,0,0,0
6360,4,105,-45.9,80,32,-8.61752,8.35095,0,0,0,0,0,0,0,0,0,0,0, 0,0,0,0,0,1,0,0,0,0
6360,5,24,-7.8,216,31.5,-4.39718,32.1002,0,0,0,0,0,0,0,0,0,0,0, 0,0,0,0,0,1,0,0,0,0
6360,6,139,-55.4,60,32,-7.40823,5.11059,0,0,0,0,0,0,0,0,0,0,0, 0,0,0,0,0,1,0,0,0,0
6360,7,26,-4.2,220,31.75,-2.41686,32.9114,0,0,0,0,0,0,0,0,0,0,0, 0,0,0,0,0,1,0,0,0,0
6400,0,247,-56.5,64,32,-8.0053,5.2986,0,0,0,0,0,0,0,0,0,0,0, 0,0,0,0,0,2,0,0,0,0
6400,1,290,-56.5,68,32,-8.50564,5.62976,0,0,0,0,0,0,0,0,0,0,0, 0,0,0,0,0,2,0,0,0,0
6400,2,240,-56.5,72,32,-9.00597,5.96092,0,0,0,0,0,0,0,0,0,0,0, 0,0,0,0,0,2,0,0,0,0
6400,3,152,-54.4,76,32,-9.26935,6.6362,0,0,0,0,0,0,0,0,0,0,0, 0,0,0,0,0,2,0,0,0,0
6400,4,103,-48,80,32,-8.91774,8.02957,0,0,0,0,0,0,0,0,0,0,0, 0,0,0,0,0,2,0,0,0,0
6400,5,139,-54.4,60,32,-7.31791,5.23911,0,0,0,0,0,0,0,0,0,0,0, 0,0,0,0,0,2,0,0,0,0
6440,0,245,-55.4,64,32,-7.90211,5.4513,0,0,0,0,0,0,0,0,0,0,0, 0,0,0,0,0,3,0,0,0,0
6440,1,290,-55.4,68,32,-8.39599,5.79201,0,0,0,0,0,0,0,0,0,0,0, 0,0,0,0,0,3,0,0,0,0
6440,2,241,-55.4,72,32,-8.88987,6.13271,0,0,0,0,0,0,0,0,0,0,0, 0,0,0,0,0,3,0,0,0,0
6440,3,17,3.1,232,31.75,1.88194,34.7491,0,0,0,0,0,0,0,0,0,0,0, 0,0,0,0,0,3,0,0,0,0
6440,4,154,-53.4,76,32,-9.15212,6.79696,0,0,0,0,0,0,0,0,0,0,0, 0,0,0,0,0,3,0,0,0,0
6440,5,20,4.2,236,31.75,2.59263,35.3049,0,0,0,0,0,0,0,0,0,0,0, 0,0,0,0,0,3,0,0,0,0
6440,6,21,0.1,236,33,0.0617846,35.3999,0,0,0,0,0,0,0,0,0,0,0, 0,0,0,0,0,3,0,0,0,0
6440,7,103,-51.6,80,32,-9.40432,7.45377,0,0,0,0,0,0,0,0,0,0,0, 0,0,0,0,0,3,0,0,0,0
6440,8,33,-0.6,212,31.75,-0.333003,31.7983,0,0,0,0,0,0,0,0,0,0,0, 0,0,0,0,0,3,0,0,0,0
6440,9,30,0.6,212,32.25,0.333003,31.7983,0,0,0,0,0,0,0,0,0,0,0, 0,0,0,0,0,3,0,0,0,0
6440,10,138,-55.4,60,32,-7.40823,5.11059,0,0,0,0,0,0,0,0,0,0,0, 0,0,0,0,0,3,0,0,0,0
6480,0,243,-55.4,64,32,-7.90211,5.4513,0,0,0,0,0,0,0,0,0,0,0, 0,0,0,0,0,4,0,0,0,0
6480,1,288,-55.4,68,32,-8.39599,5.79201,0,0,0,0,0,0,0,0,0,0,0, 0,0,0,0,0,4,0,0,0,0
6480,2,240,-55.4,72,32,-8.88987,6.13271,0,0,0,0,0,0,0,0,0,0,0, 0,0,0,0,0,4,0,0,0,0
6480,3,154,-54.4,76,32,-9.26935,6.6362,0,0,0,0,0,0,0,0,0,0,0, 0,0,0,0,0,4,0,0,0,0
6480,4,100,-53.4,80,32,-9.63381,7.1547,0,0,0,0,0,0,0,0,0,0,0, 0,0,0,0,0,4,0,0,0,0
6480,5,19,-1.8,212,31.75,-0.998862,31.7843,0,0,0,0,0,0,0,0,0,0,0, 0,0,0,0,0,4,0,0,0,0
6480,6,138,-54.4,60,32,-7.31791,5.23911,0,0,0,0,0,0,0,0,0,0,0, 0,0,0,0,0,4,0,0,0,0
6520,0,244,-56.5,64,32,-8.0053,5.2986,0,0,0,0,0,0,0,0,0,0,0, 0,0,0,0,0,5,0,0,0,0
6520,1,290,-56.5,68,32,-8.50564,5.62976,0,0,0,0,0,0,0,0,0,0,0, 0,0,0,0,0,5,0,0,0,0
6520,2,240,-56.5,72,32,-9.00597,5.96092,0,0,0,0,0,0,0,0,0,0,0, 0,0,0,0,0,5,0,0,0,0
6520,3,150,-55.4,76,32,-9.38375,6.47342,0,0,0,0,0,0,0,0,0,0,0, 0,0,0,0,0,5,0,0,0,0
6520,4,99,-48,80,32,-8.91774,8.02957,0,0,0,0,0,0,0,0,0,0,0, 0,0,0,0,0,5,0,0,0,0
6520,5,139,-55.4,60,32,-7.40823,5.11059,0,0,0,0,0,0,0,0,0,0,0, 0,0,0,0,0,5,0,0,0,0
6560,0,246,-55.4,64,32,-7.90211,5.4513,0,0,0,0,0,0,0,0,0,0,0, 0,0,0,0,0,6,0,0,0,0
6560,1,290,-55.4,68,32,-8.39599,5.79201,0,0,0,0,0,0,0,0,0,0,0, 0,0,0,0,0,6,0,0,0,0
6560,2,46,72.4,8,33,1.14383,0.362844,0,0,0,0,0,0,0,0,0,0,0, 0,0,0,0,0,6,0,0,0,0
6560,3,244,-55.4,72,32,-8.88987,6.13271,0,0,0,0,0,0,0,0,0,0,0, 0,0,0,0,0,6,0,0,0,0
6560,4,157,-54.4,76,32,-9.26935,6.6362,0,0,0,0,0,0,0,0,0,0,0, 0,0,0,0,0,6,0,0,0,0
6560,5,110,-45.9,80,32,-8.61752,8.35095,0,0,0,0,0,0,0,0,0,0,0, 0,0,0,0,0,6,0,0,0,0
6560,6,91,-41.7,84,32,-8.3819,9.40764,0,0,0,0,0,0,0,0,0,0,0, 0,0,0,0,0,6,0,0,0,0
6560,7,139,-54.4,60,32,-7.31791,5.23911,0,0,0,0,0,0,0,0,0,0,0, 0,0,0,0,0,6,0,0,0,0
6600,0,244,-56.5,64,32,-8.0053,5.2986,0,0,0,0,0,0,0,0,0,0,0, 0,0,0,0,0,7,0,0,0,0
6600,1,290,-55.4,68,32,-8.39599,5.79201,0,0,0,0,0,0,0,0,0,0,0, 0,0,0,0,0,7,0,0,0,0
6600,2,243,-55.4,72,32,-8.88987,6.13271,0,0,0,0,0,0,0,0,0,0,0, 0,0,0,0,0,7,0,0,0,0
6600,3,157,-53.4,76,32,-9.15212,6.79696,0,0,0,0,0,0,0,0,0,0,0, 0,0,0,0,0,7,0,0,0,0
6600,4,24,0.6,204,31,0.320437,30.5983,0,0,0,0,0,0,0,0,0,0,0, 0,0,0,0,0,7,0,0,0,0
6600,5,115,-42.9,80,32,-8.16865,8.79051,0,0,0,0,0,0,0,0,0,0,0, 0,0,0,0,0,7,0,0,0,0
6600,6,37,3.6,208,31.75,1.95906,31.1384,0,0,0,0,0,0,0,0,0,0,0, 0,0,0,0,0,7,0,0,0,0
6600,7,33,3.6,208,32.5,1.95906,31.1384,0,0,0,0,0,0,0,0,0,0,0, 0,0,0,0,0,7,0,0,0,0
6600,8,103,-39.3,84,32,-7.9806,9.75039,0,0,0,0,0,0,0,0,0,0,0, 0,0,0,0,0,7,0,0,0,0
6600,9,17,-4.2,212,30.75,-2.32897,31.7146,0,0,0,0,0,0,0,0,0,0,0, 0,0,0,0,0,7,0,0,0,0
6600,10,32,-1.8,212,31.25,-0.998862,31.7843,0,0,0,0,0,0,0,0,0,0,0, 0,0,0,0,0,7,0,0,0,0
6600,11,30,-0.6,212,32.25,-0.333003,31.7983,0,0,0,0,0,0,0,0,0,0,0, 0,0,0,0,0,7,0,0,0,0
6600,12,139,-55.4,60,32,-7.40823,5.11059,0,0,0,0,0,0,0,0,0,0,0, 0,0,0,0,0,7,0,0,0,0
6640,0,246,-56.5,64,32,-8.0053,5.2986,0,0,0,0,0,0,0,0,0,0,0, 0,0,0,0,0,8,0,0,0,0
6640,1,292,-55.4,68,32,-8.39599,5.79201,0,0,0,0,0,0,0,0,0,0,0, 0,0,0,0,0,8,0,0,0,0
6640,2,42,68.6,8,33,1.11727,0.437852,0,0,0,0,0,0,0,0,0,0,0, 0,0,0,0,0,8,0,0,0,0
6640,3,243,-55.4,72,32,-8.88987,6.13271,0,0,0,0,0,0,0,0,0,0,0, 0,0,0,0,0,8,0,0,0,0
6640,4,157,-53.4,76,32,-9.15212,6.79696,0,0,0,0,0,0,0,0,0,0,0, 0,0,0,0,0,8,0,0,0,0
6640,5,22,-3,204,32.25,-1.60148,30.5581,0,0,0,0,0,0,0,0,0,0,0, 0,0,0,0,0,8,0,0,0,0
6640,6,117,-43.6,80,32,-8.27543,8.69006,0,0,0,0,0,0,0,0,0,0,0, 0,0,0,0,0,8,0,0,0,0
6640,7,104,-40.5,84,32,-8.18305,9.58112,0,0,0,0,0,0,0,0,0,0,0, 0,0,0,0,0,8,0,0,0,0
6640,8,19,3.1,212,30.75,1.71971,31.7535,0,0,0,0,0,0,0,0,0,0,0, 0,0,0,0,0,8,0,0,0,0
6640,9,34,1.8,212,31.25,0.998862,31.7843,0,0,0,0,0,0,0,0,0,0,0, 0,0,0,0,0,8,0,0,0,0
6640,10,32,1.8,212,32.25,0.998862,31.7843,0,0,0,0,0,0,0,0,0,0,0, 0,0,0,0,0,8,0,0,0,0
6640,11,21,-1.8,212,33,-0.998862,31.7843,0,0,0,0,0,0,0,0,0,0,0, 0,0,0,0,0,8,0,0,0,0
6640,12,23,-3,216,31.75,-1.69569,32.3556,0,0,0,0,0,0,0,0,0,0,0, 0,0,0,0,0,8,0,0,0,0
6640,13,29,-3,216,32.25,-1.69569,32.3556,0,0,0,0,0,0,0,0,0,0,0, 0,0,0,0,0,8,0,0,0,0
6640,14,25,-3,216,33,-1.69569,32.3556,0,0,0,0,0,0,0,0,0,0,0, 0,0,0,0,0,8,0,0,0,0
6640,15,139,-55.4,60,32,-7.40823,5.11059,0,0,0,0,0,0,0,0,0,0,0, 0,0,0,0,0,8,0,0,0,0
6640,16,23,-3.6,220,33,-2.07209,32.9349,0,0,0,0,0,0,0,0,0,0,0, 0,0,0,0,0,8,0,0,0,0
6680,0,246,-55.4,64,32,-7.90211,5.4513,0,1334,0,0,0,0,0,0,0,0,0, 0,0,0,0,0,9,0,0,0,0
6680,1,291,-55.4,68,32,-8.39599,5.79201,0,1334,0,0,0,0,0,0,0,0,0, 0,0,0,0,0,9,0,0,0,0
6680,2,243,-55.4,72,32,-8.88987,6.13271,0,1334,0,0,0,0,0,0,0,0,0, 0,0,0,0,0,9,0,0,0,0
6680,3,155,-51.6,76,32,-8.93411,7.08108,0,1334,0,0,0,0,0,0,0,0,0, 0,0,0,0,0,9,0,0,0,0
6680,4,36,1.8,204,31.25,0.961169,30.5849,0,1334,0,0,0,0,0,0,0,0,0, 0,0,0,0,0,9,0,0,0,0
6680,5,29,0.1,204,32.25,0.0534071,30.6,0,1334,0,0,0,0,0,0,0,0,0, 0,0,0,0,0,9,0,0,0,0
6680,6,114,-43.6,80,32,-8.27543,8.69006,0,1334,0,0,0,0,0,0,0,0,0, 0,0,0,0,0,9,0,0,0,0
6680,7,96,-39.9,84,32,-8.08227,9.66628,0,1334,0,0,0,0,0,0,0,0,0, 0,0,0,0,0,9,0,0,0,0
6680,8,26,0.6,212,31.75,0.333003,31.7983,0,1334,0,0,0,0,0,0,0,0,0, 0,0,0,0,0,9,0,0,0,0
6680,9,16,-3.6,212,33,-1.99674,31.7372,0,1334,0,0,0,0,0,0,0,0,0, 0,0,0,0,0,9,0,0,0,0
6680,10,138,-56.5,60,32,-7.50497,4.96743,0,1334,0,0,0,0,0,0,0,0,0, 0,0,0,0,0,9,0,0,0,0
6720,0,244,-56.5,64,32,-8.0053,5.2986,0,0,0,0,0,0,0,0,0,0,0, 0,0,0,0,0,10,0,0,0,0
6720,1,289,-55.4,68,32,-8.39599,5.79201,0,0,0,0,0,0,0,0,0,0,0, 0,0,0,0,0,10,0,0,0,0
6720,2,239,-55.4,72,32,-8.88987,6.13271,0,0,0,0,0,0,0,0,0,0,0, 0,0,0,0,0,10,0,0,0,0
6720,3,154,-53.4,76,32,-9.15212,6.79696,0,0,0,0,0,0,0,0,0,0,0, 0,0,0,0,0,10,0,0,0,0
6720,4,110,-44.2,80,32,-8.36598,8.60293,0,0,0,0,0,0,0,0,0,0,0, 0,0,0,0,0,10,0,0,0,0
6720,5,93,-41.1,84,32,-8.28293,9.4949,0,0,0,0,0,0,0,0,0,0,0, 0,0,0,0,0,10,0,0,0,0
6720,6,27,0.1,212,30.75,0.0555014,31.7999,0,0,0,0,0,0,0,0,0,0,0, 0,0,0,0,0,10,0,0,0,0
6720,7,36,1.3,212,31.25,0.721457,31.7918,0,0,0,0,0,0,0,0,0,0,0, 0,0,0,0,0,10,0,0,0,0
6720,8,137,-56.5,60,32,-7.50497,4.96743,0,0,0,0,0,0,0,0,0,0,0, 0,0,0,0,0,10,0,0,0,0
6760,0,244,-56.5,64,32,-8.0053,5.2986,0,7936,0,0,0,0,0,0,0,0,0, 0,0,0,0,0,11,0,0,0,0
6760,1,288,-56.5,68,32,-8.50564,5.62976,0,7936,0,0,0,0,0,0,0,0,0, 0,0,0,0,0,11,0,0,0,0
6760,2,238,-56.5,72,32,-9.00597,5.96092,0,7936,0,0,0,0,0,0,0,0,0, 0,0,0,0,0,11,0,0,0,0
6760,3,148,-55.4,76,32,-9.38375,6.47342,0,7936,0,0,0,0,0,0,0,0,0, 0,0,0,0,0,11,0,0,0,0
6760,4,101,-46.7,80,32,-8.73327,8.22982,0,7936,0,0,0,0,0,0,0,0,0, 0,0,0,0,0,11,0,0,0,0
6760,5,31,-3.6,208,31.25,-1.95906,31.1384,0,7936,0,0,0,0,0,0,0,0,0, 0,0,0,0,0,11,0,0,0,0
6760,6,27,-1.2,208,32.25,-0.653404,31.1932,0,7936,0,0,0,0,0,0,0,0,0, 0,0,0,0,0,11,0,0,0,0
6760,7,82,-42.9,84,32,-8.57708,9.23004,0,7936,0,0,0,0,0,0,0,0,0, 0,0,0,0,0,11,0,0,0,0
6760,8,26,0.6,212,30.75,0.333003,31.7983,0,7936,0,0,0,0,0,0,0,0,0, 0,0,0,0,0,11,0,0,0,0
6760,9,37,0.1,212,31,0.0555014,31.7999,0,7936,0,0,0,0,0,0,0,0,0, 0,0,0,0,0,11,0,0,0,0
6760,10,25,-2.4,212,32.25,-1.33165,31.7721,0,7936,0,0,0,0,0,0,0,0,0, 0,0,0,0,0,11,0,0,0,0
6760,11,137,-56.5,60,32,-7.50497,4.96743,0,7936,0,0,0,0,0,0,0,0,0, 0,0,0,0,0,11,0,0,0,0
6800,0,244,-56.5,64,32,-8.0053,5.2986,0,1139,0,0,0,0,0,0,0,0,0, 0,0,0,0,0,12,0,0,0,0
6800,1,289,-56.5,68,32,-8.50564,5.62976,0,1139,0,0,0,0,0,0,0,0,0, 0,0,0,0,0,12,0,0,0,0
6800,2,241,-56.5,72,32,-9.00597,5.96092,0,1139,0,0,0,0,0,0,0,0,0, 0,0,0,0,0,12,0,0,0,0
6800,3,154,-55.4,76,32,-9.38375,6.47342,0,1139,0,0,0,0,0,0,0,0,0, 0,0,0,0,0,12,0,0,0,0
6800,4,20,-0.6,204,30.75,-0.320437,30.5983,0,1139,0,0,0,0,0,0,0,0,0, 0,0,0,0,0,12,0,0,0,0
6800,5,29,-1.8,204,31.25,-0.961169,30.5849,0,1139,0,0,0,0,0,0,0,0,0, 0,0,0,0,0,12,0,0,0,0
6800,6,106,-48,80,32,-8.91774,8.02957,0,1139,0,0,0,0,0,0,0,0,0, 0,0,0,0,0,12,0,0,0,0
6800,7,86,-45,84,32,-8.90955,8.90955,0,1139,0,0,0,0,0,0,0,0,0, 0,0,0,0,0,12,0,0,0,0
6800,8,27,3.1,212,32.25,1.71971,31.7535,0,1139,0,0,0,0,0,0,0,0,0, 0,0,0,0,0,12,0,0,0,0
6800,9,19,3.1,212,33,1.71971,31.7535,0,1139,0,0,0,0,0,0,0,0,0, 0,0,0,0,0,12,0,0,0,0
6800,10,139,-55.4,60,32,-7.40823,5.11059,0,1139,0,0,0,0,0,0,0,0,0, 0,0,0,0,0,12,0,0,0,0
6840,0,246,-56.5,64,32,-8.0053,5.2986,0,86,0,0,0,0,0,0,0,0,0, 0,0,0,0,0,13,0,0,0,0
6840,1,290,-55.4,68,32,-8.39599,5.79201,0,86,0,0,0,0,0,0,0,0,0, 0,0,0,0,0,13,0,0,0,0
6840,2,240,-55.4,72,32,-8.88987,6.13271,0,86,0,0,0,0,0,0,0,0,0, 0,0,0,0,0,13,0,0,0,0
6840,3,154,-53.4,76,32,-9.15212,6.79696,0,86,0,0,0,0,0,0,0,0,0, 0,0,0,0,0,13,0,0,0,0
6840,4,20,1.3,204,30.75,0.694232,30.5921,0,86,0,0,0,0,0,0,0,0,0, 0,0,0,0,0,13,0,0,0,0
6840,5,37,0.1,204,31.25,0.0534071,30.6,0,86,0,0,0,0,0,0,0,0,0, 0,0,0,0,0,13,0,0,0,0
6840,6,28,-3.6,204,32.25,-1.92139,30.5396,0,86,0,0,0,0,0,0,0,0,0, 0,0,0,0,0,13,0,0,0,0
6840,7,105,-48,80,32,-8.91774,8.02957,0,86,0,0,0,0,0,0,0,0,0, 0,0,0,0,0,13,0,0,0,0
6840,8,41,-1.2,208,31.25,-0.653404,31.1932,0,86,0,0,0,0,0,0,0,0,0, 0,0,0,0,0,13,0,0,0,0
6840,9,32,2.4,208,32.25,1.30652,31.1726,0,86,0,0,0,0,0,0,0,0,0, 0,0,0,0,0,13,0,0,0,0
6840,10,140,-55.4,60,32,-7.40823,5.11059,0,86,0,0,0,0,0,0,0,0,0, 0,0,0,0,0,13,0,0,0,0
6880,0,245,-55.4,64,32,-7.90211,5.4513,0,0,0,0,0,0,0,0,0,0,0, 0,0,0,0,0,14,0,0,0,0
6880,1,288,-55.4,68,32,-8.39599,5.79201,0,0,0,0,0,0,0,0,0,0,0, 0,0,0,0,0,14,0,0,0,0
6880,2,241,-55.4,72,32,-8.88987,6.13271,0,0,0,0,0,0,0,0,0,0,0, 0,0,0,0,0,14,0,0,0,0
6880,3,153,-54.4,76,32,-9.26935,6.6362,0,0,0,0,0,0,0,0,0,0,0, 0,0,0,0,0,14,0,0,0,0
6880,4,30,1.3,204,31.25,0.694232,30.5921,0,0,0,0,0,0,0,0,0,0,0, 0,0,0,0,0,14,0,0,0,0
6880,5,25,1.3,204,32.25,0.694232,30.5921,0,0,0,0,0,0,0,0,0,0,0, 0,0,0,0,0,14,0,0,0,0
6880,6,104,-49.8,80,32,-9.16555,7.74549,0,0,0,0,0,0,0,0,0,0,0, 0,0,0,0,0,14,0,0,0,0
6880,7,46,-1.8,208,31.25,-0.980016,31.1846,0,0,0,0,0,0,0,0,0,0,0, 0,0,0,0,0,14,0,0,0,0
6880,8,36,1.3,208,32.25,0.707845,31.192,0,0,0,0,0,0,0,0,0,0,0, 0,0,0,0,0,14,0,0,0,0
6880,9,82,-45,84,32,-8.90955,8.90955,0,0,0,0,0,0,0,0,0,0,0, 0,0,0,0,0,14,0,0,0,0
6880,10,43,-1.2,212,31.25,-0.665969,31.793,0,0,0,0,0,0,0,0,0,0,0, 0,0,0,0,0,14,0,0,0,0
6880,11,39,-1.8,212,32.25,-0.998862,31.7843,0,0,0,0,0,0,0,0,0,0,0, 0,0,0,0,0,14,0,0,0,0
6880,12,138,-55.4,60,32,-7.40823,5.11059,0,0,0,0,0,0,0,0,0,0,0, 0,0,0,0,0,14,0,0,0,0
6880,13,27,-1.8,220,31.75,-1.03656,32.9837,0,0,0,0,0,0,0,0,0,0,0, 0,0,0,0,0,14,0,0,0,0
6880,14,29,0.1,220,32.25,0.0575958,33,0,0,0,0,0,0,0,0,0,0,0, 0,0,0,0,0,14,0,0,0,0
6880,15,22,0.1,220,33,0.0575958,33,0,0,0,0,0,0,0,0,0,0,0, 0,0,0,0,0,14,0,0,0,0
6920,0,243,-56.5,64,32,-8.0053,5.2986,0,0,0,0,0,0,0,0,0,0,0, 0,0,0,0,0,15,0,0,0,0
6920,1,288,-55.4,68,32,-8.39599,5.79201,0,0,0,0,0,0,0,0,0,0,0, 0,0,0,0,0,15,0,0,0,0
6920,2,241,-55.4,72,32,-8.88987,6.13271,0,0,0,0,0,0,0,0,0,0,0, 0,0,0,0,0,15,0,0,0,0
6920,3,154,-54.4,76,32,-9.26935,6.6362,0,0,0,0,0,0,0,0,0,0,0, 0,0,0,0,0,15,0,0,0,0
6920,4,25,-3,204,32.25,-1.60148,30.5581,0,0,0,0,0,0,0,0,0,0,0, 0,0,0,0,0,15,0,0,0,0
6920,5,103,-48,80,32,-8.91774,8.02957,0,0,0,0,0,0,0,0,0,0,0, 0,0,0,0,0,15,0,0,0,0
6920,6,20,3.6,208,32.25,1.95906,31.1384,0,0,0,0,0,0,0,0,0,0,0, 0,0,0,0,0,15,0,0,0,0
6920,7,86,-45,84,32,-8.90955,8.90955,0,0,0,0,0,0,0,0,0,0,0, 0,0,0,0,0,15,0,0,0,0
6920,8,137,-56.5,60,32,-7.50497,4.96743,0,0,0,0,0,0,0,0,0,0,0, 0,0,0,0,0,15,0,0,0,0
6920,9,31,0.1,220,31.75,0.0575958,33,0,0,0,0,0,0,0,0,0,0,0, 0,0,0,0,0,15,0,0,0,0
6920,10,25,0.1,220,32.25,0.0575958,33,0,0,0,0,0,0,0,0,0,0,0, 0,0,0,0,0,15,0,0,0,0
6960,0,243,-56.5,64,32,-8.0053,5.2986,0,0,0,0,0,0,0,0,0,0,0, 0,0,0,0,0,0,0,0,0,0
6960,1,288,-56.5,68,32,-8.50564,5.62976,0,0,0,0,0,0,0,0,0,0,0, 0,0,0,0,0,0,0,0,0,0
6960,2,42,71.1,8,33,1.1353,0.388701,0,0,0,0,0,0,0,0,0,0,0, 0,0,0,0,0,0,0,0,0,0
6960,3,240,-56.5,72,32,-9.00597,5.96092,0,0,0,0,0,0,0,0,0,0,0, 0,0,0,0,0,0,0,0,0,0
6960,4,22,8.3,200,31.5,4.33069,29.6858,0,0,0,0,0,0,0,0,0,0,0, 0,0,0,0,0,0,0,0,0,0
6960,5,152,-55.4,76,32,-9.38375,6.47342,0,0,0,0,0,0,0,0,0,0,0, 0,0,0,0,0,0,0,0,0,0
6960,6,102,-51.6,80,32,-9.40432,7.45377,0,0,0,0,0,0,0,0,0,0,0, 0,0,0,0,0,0,0,0,0,0
6960,7,26,-2.4,208,30.75,-1.30652,31.1726,0,0,0,0,0,0,0,0,0,0,0, 0,0,0,0,0,0,0,0,0,0
6960,8,39,-1.8,208,31.25,-0.980016,31.1846,0,0,0,0,0,0,0,0,0,0,0, 0,0,0,0,0,0,0,0,0,0
6960,9,30,-1.8,208,32.25,-0.980016,31.1846,0,0,0,0,0,0,0,0,0,0,0, 0,0,0,0,0,0,0,0,0,0
6960,10,81,-46.7,84,32,-9.16994,8.64131,0,0,0,0,0,0,0,0,0,0,0, 0,0,0,0,0,0,0,0,0,0
6960,11,26,-3,212,31.75,-1.66428,31.7564,0,0,0,0,0,0,0,0,0,0,0, 0,0,0,0,0,0,0,0,0,0
6960,12,137,-57.4,60,32,-7.58207,4.84894,0,0,0,0,0,0,0,0,0,0,0, 0,0,0,0,0,0,0,0,0,0
7000,0,244,-56.5,64,32,-8.0053,5.2986,0,0,0,0,0,0,0,0,0,0,0, 0,0,0,0,0,1,0,0,0,0
7000,1,27,1.3,224,31.75,0.762294,33.5914,0,0,0,0,0,0,0,0,0,0,0, 0,0,0,0,0,1,0,0,0,0
7000,2,21,-2.4,224,33,-1.40702,33.5705,0,0,0,0,0,0,0,0,0,0,0, 0,0,0,0,0,1,0,0,0,0
7000,3,288,-56.5,68,32,-8.50564,5.62976,0,0,0,0,0,0,0,0,0,0,0, 0,0,0,0,0,1,0,0,0,0
7000,4,241,-56.5,72,32,-9.00597,5.96092,0,0,0,0,0,0,0,0,0,0,0, 0,0,0,0,0,1,0,0,0,0
7000,5,150,-56.5,76,32,-9.5063,6.29208,0,0,0,0,0,0,0,0,0,0,0, 0,0,0,0,0,1,0,0,0,0
7000,6,100,-53.4,80,32,-9.63381,7.1547,0,0,0,0,0,0,0,0,0,0,0, 0,0,0,0,0,1,0,0,0,0
7000,7,23,0.1,216,30.75,0.0565486,32.4,0,0,0,0,0,0,0,0,0,0,0, 0,0,0,0,0,1,0,0,0,0
7000,8,138,-56.5,60,32,-7.50497,4.96743,0,0,0,0,0,0,0,0,0,0,0, 0,0,0,0,0,1,0,0,0,0
7000,9,34,0.6,220,31.75,0.345569,32.9982,0,0,0,0,0,0,0,0,0,0,0, 0,0,0,0,0,1,0,0,0,0
7000,10,33,-2.4,220,33,-1.3819,32.9711,0,0,0,0,0,0,0,0,0,0,0, 0,0,0,0,0,1,0,0,0,0
7040,0,243,-56.5,64,32,-8.0053,5.2986,0,0,0,0,0,0,0,0,0,0,0, 0,0,0,0,0,2,0,0,0,0
7040,1,14,-10.8,224,33,-6.29601,33.0048,0,0,0,0,0,0,0,0,0,0,0, 0,0,0,0,0,2,0,0,0,0
7040,2,289,-56.5,68,32,-8.50564,5.62976,0,0,0,0,0,0,0,0,0,0,0, 0,0,0,0,0,2,0,0,0,0
7040,3,239,-56.5,72,32,-9.00597,5.96092,0,0,0,0,0,0,0,0,0,0,0, 0,0,0,0,0,2,0,0,0,0
7040,4,148,-55.4,76,32,-9.38375,6.47342,0,0,0,0,0,0,0,0,0,0,0, 0,0,0,0,0,2,0,0,0,0
7040,5,98,-48,80,32,-8.91774,8.02957,0,0,0,0,0,0,0,0,0,0,0, 0,0,0,0,0,2,0,0,0,0
7040,6,46,-1.8,208,31.25,-0.980016,31.1846,0,0,0,0,0,0,0,0,0,0,0, 0,0,0,0,0,2,0,0,0,0
7040,7,38,-1.8,208,32.25,-0.980016,31.1846,0,0,0,0,0,0,0,0,0,0,0, 0,0,0,0,0,2,0,0,0,0
7040,8,81,-42.3,84,32,-8.47996,9.31935,0,0,0,0,0,0,0,0,0,0,0, 0,0,0,0,0,2,0,0,0,0
7040,9,34,0.1,212,32.25,0.0555014,31.7999,0,0,0,0,0,0,0,0,0,0,0, 0,0,0,0,0,2,0,0,0,0
7040,10,138,-57.4,60,32,-7.58207,4.84894,0,0,0,0,0,0,0,0,0,0,0, 0,0,0,0,0,2,0,0,0,0
7080,0,244,-56.5,64,32,-8.0053,5.2986,0,0,0,0,0,0,0,0,0,0,0, 0,0,0,0,0,3,0,0,0,0
7080,1,290,-56.5,68,32,-8.50564,5.62976,0,0,0,0,0,0,0,0,0,0,0, 0,0,0,0,0,3,0,0,0,0
7080,2,240,-56.5,72,32,-9.00597,5.96092,0,0,0,0,0,0,0,0,0,0,0, 0,0,0,0,0,3,0,0,0,0
7080,3,150,-55.4,76,32,-9.38375,6.47342,0,0,0,0,0,0,0,0,0,0,0, 0,0,0,0,0,3,0,0,0,0
7080,4,100,-46.7,80,32,-8.73327,8.22982,0,0,0,0,0,0,0,0,0,0,0, 0,0,0,0,0,3,0,0,0,0
7080,5,81,-41.7,84,32,-8.3819,9.40764,0,0,0,0,0,0,0,0,0,0,0, 0,0,0,0,0,3,0,0,0,0
7080,6,31,-3,212,31.25,-1.66428,31.7564,0,0,0,0,0,0,0,0,0,0,0, 0,0,0,0,0,3,0,0,0,0
7080,7,23,-6,212,32.25,-3.32401,31.6258,0,0,0,0,0,0,0,0,0,0,0, 0,0,0,0,0,3,0,0,0,0
7080,8,137,-57.4,60,32,-7.58207,4.84894,0,0,0,0,0,0,0,0,0,0,0, 0,0,0,0,0,3,0,0,0,0
7120,0,243,-56.5,64,32,-8.0053,5.2986,0,0,0,0,0,0,0,0,0,0,0, 0,0,0,0,0,4,0,0,0,0
7120,1,289,-56.5,68,32,-8.50564,5.62976,0,0,0,0,0,0,0,0,0,0,0, 0,0,0,0,0,4,0,0,0,0
7120,2,20,-8.4,228,32.5,-4.99604,33.8331,0,0,0,0,0,0,0,0,0,0,0, 0,0,0,0,0,4,0,0,0,0
7120,3,241,-56.5,72,32,-9.00597,5.96092,0,0,0,0,0,0,0,0,0,0,0, 0,0,0,0,0,4,0,0,0,0
7120,4,152,-55.4,76,32,-9.38375,6.47342,0,0,0,0,0,0,0,0,0,0,0, 0,0,0,0,0,4,0,0,0,0
7120,5,101,-48,80,32,-8.91774,8.02957,0,0,0,0,0,0,0,0,0,0,0, 0,0,0,0,0,4,0,0,0,0
7120,6,82,-41.1,84,32,-8.28293,9.4949,0,0,0,0,0,0,0,0,0,0,0, 0,0,0,0,0,4,0,0,0,0
7120,7,17,-0.6,212,30.75,-0.333003,31.7983,0,0,0,0,0,0,0,0,0,0,0, 0,0,0,0,0,4,0,0,0,0
7120,8,138,-57.4,60,32,-7.58207,4.84894,0,0,0,0,0,0,0,0,0,0,0, 0,0,0,0,0,4,0,0,0,0
7120,9,24,-1.8,220,31.75,-1.03656,32.9837,0,0,0,0,0,0,0,0,0,0,0, 0,0,0,0,0,4,0,0,0,0
7160,0,243,-57.4,64,32,-8.08754,5.1722,0,0,0,0,0,0,0,0,0,0,0, 0,0,0,0,0,5,0,0,0,0
7160,1,288,-56.5,68,32,-8.50564,5.62976,0,0,0,0,0,0,0,0,0,0,0, 0,0,0,0,0,5,0,0,0,0
7160,2,44,68.6,8,33,1.11727,0.437852,0,0,0,0,0,0,0,0,0,0,0, 0,0,0,0,0,5,0,0,0,0
7160,3,239,-55.4,72,32,-8.88987,6.13271,0,0,0,0,0,0,0,0,0,0,0, 0,0,0,0,0,5,0,0,0,0
7160,4,149,-54.4,76,32,-9.26935,6.6362,0,0,0,0,0,0,0,0,0,0,0, 0,0,0,0,0,5,0,0,0,0
7160,5,96,-48,80,32,-8.91774,8.02957,0,0,0,0,0,0,0,0,0,0,0, 0,0,0,0,0,5,0,0,0,0
7160,6,13,23.4,408,58,24.3055,56.1666,0,0,0,0,0,0,0,0,0,0,0, 0,0,0,0,0,5,0,0,0,0
7160,7,136,-57.4,60,32,-7.58207,4.84894,0,0,0,0,0,0,0,0,0,0,0, 0,0,0,0,0,5,0,0,0,0
7200,0,243,-56.5,64,32,-8.0053,5.2986,0,0,0,0,0,0,0,0,0,0,0, 0,0,0,0,0,6,0,0,0,0
7200,1,289,-55.4,68,32,-8.39599,5.79201,0,0,0,0,0,0,0,0,0,0,0, 0,0,0,0,0,6,0,0,0,0
7200,2,242,-55.4,72,32,-8.88987,6.13271,0,0,0,0,0,0,0,0,0,0,0, 0,0,0,0,0,6,0,0,0,0
7200,3,154,-54.4,76,32,-9.26935,6.6362,0,0,0,0,0,0,0,0,0,0,0, 0,0,0,0,0,6,0,0,0,0
7200,4,101,-53.4,80,32,-9.63381,7.1547,0,0,0,0,0,0,0,0,0,0,0, 0,0,0,0,0,6,0,0,0,0
7200,5,22,-4.2,212,33,-2.32897,31.7146,0,0,0,0,0,0,0,0,0,0,0, 0,0,0,0,0,6,0,0,0,0
7200,6,138,-56.5,60,32,-7.50497,4.96743,0,0,0,0,0,0,0,0,0,0,0, 0,0,0,0,0,6,0,0,0,0
7200,7,20,-3.6,220,33,-2.07209,32.9349,0,0,0,0,0,0,0,0,0,0,0, 0,0,0,0,0,6,0,0,0,0
7240,0,245,-56.5,64,32,-8.0053,5.2986,0,0,0,0,0,0,0,0,0,0,0, 0,0,0,0,0,7,0,0,0,0
7240,1,290,-55.4,68,32,-8.39599,5.79201,0,0,0,0,0,0,0,0,0,0,0, 0,0,0,0,0,7,0,0,0,0
7240,2,243,-55.4,72,32,-8.88987,6.13271,0,0,0,0,0,0,0,0,0,0,0, 0,0,0,0,0,7,0,0,0,0
7240,3,155,-54.4,76,32,-9.26935,6.6362,0,0,0,0,0,0,0,0,0,0,0, 0,0,0,0,0,7,0,0,0,0
7240,4,103,-51.6,80,32,-9.40432,7.45377,0,0,0,0,0,0,0,0,0,0,0, 0,0,0,0,0,7,0,0,0,0
7240,5,22,-4.8,208,31.75,-2.61075,31.0906,0,0,0,0,0,0,0,0,0,0,0, 0,0,0,0,0,7,0,0,0,0
7240,6,83,-43.6,84,32,-8.68921,9.12457,0,0,0,0,0,0,0,0,0,0,0, 0,0,0,0,0,7,0,0,0,0
7240,7,23,0.1,212,30.75,0.0555014,31.7999,0,0,0,0,0,0,0,0,0,0,0, 0,0,0,0,0,7,0,0,0,0
7240,8,33,-1.8,212,31.25,-0.998862,31.7843,0,0,0,0,0,0,0,0,0,0,0, 0,0,0,0,0,7,0,0,0,0
7240,9,27,-4.8,216,30.75,-2.71116,32.2864,0,0,0,0,0,0,0,0,0,0,0, 0,0,0,0,0,7,0,0,0,0
7240,10,48,-2.4,216,31.75,-1.35677,32.3716,0,0,0,0,0,0,0,0,0,0,0, 0,0,0,0,0,7,0,0,0,0
7240,11,46,-4.8,216,32.25,-2.71116,32.2864,0,0,0,0,0,0,0,0,0,0,0, 0,0,0,0,0,7,0,0,0,0
7240,12,33,-5.4,216,33,-3.04911,32.2562,0,0,0,0,0,0,0,0,0,0,0, 0,0,0,0,0,7,0,0,0,0
7240,13,20,-6,216,34,-3.38672,32.2225,0,0,0,0,0,0,0,0,0,0,0, 0,0,0,0,0,7,0,0,0,0
7240,14,138,-56.5,60,32,-7.50497,4.96743,0,0,0,0,0,0,0,0,0,0,0, 0,0,0,0,0,7,0,0,0,0
7280,0,244,-56.5,64,32,-8.0053,5.2986,0,0,0,0,0,0,0,0,0,0,0, 0,0,0,0,0,8,0,0,0,0
7280,1,290,-55.4,68,32,-8.39599,5.79201,0,0,0,0,0,0,0,0,0,0,0, 0,0,0,0,0,8,0,0,0,0
7280,2,242,-55.4,72,32,-8.88987,6.13271,0,0,0,0,0,0,0,0,0,0,0, 0,0,0,0,0,8,0,0,0,0
7280,3,154,-53.4,76,32,-9.15212,6.79696,0,0,0,0,0,0,0,0,0,0,0, 0,0,0,0,0,8,0,0,0,0
7280,4,104,-48,80,32,-8.91774,8.02957,0,0,0,0,0,0,0,0,0,0,0, 0,0,0,0,0,8,0,0,0,0
7280,5,85,-42.9,84,32,-8.57708,9.23004,0,0,0,0,0,0,0,0,0,0,0, 0,0,0,0,0,8,0,0,0,0
7280,6,22,0.1,216,30.75,0.0565486,32.4,0,0,0,0,0,0,0,0,0,0,0, 0,0,0,0,0,8,0,0,0,0
7280,7,23,-1.8,216,31,-1.01771,32.384,0,0,0,0,0,0,0,0,0,0,0, 0,0,0,0,0,8,0,0,0,0
7280,8,138,-57.4,60,32,-7.58207,4.84894,0,0,0,0,0,0,0,0,0,0,0, 0,0,0,0,0,8,0,0,0,0
7320,0,244,-56.5,64,32,-8.0053,5.2986,0,1334,0,0,0,0,0,0,0,0,0, 0,0,0,0,0,9,0,0,0,0
7320,1,289,-56.5,68,32,-8.50564,5.62976,0,1334,0,0,0,0,0,0,0,0,0, 0,0,0,0,0,9,0,0,0,0
7320,2,17,-8.4,228,31.75,-4.99604,33.8331,0,1334,0,0,0,0,0,0,0,0,0, 0,0,0,0,0,9,0,0,0,0
7320,3,242,-55.4,72,32,-8.88987,6.13271,0,1334,0,0,0,0,0,0,0,0,0, 0,0,0,0,0,9,0,0,0,0
7320,4,154,-53.4,76,32,-9.15212,6.79696,0,1334,0,0,0,0,0,0,0,0,0, 0,0,0,0,0,9,0,0,0,0
7320,5,107,-46.7,80,32,-8.73327,8.22982,0,1334,0,0,0,0,0,0,0,0,0, 0,0,0,0,0,9,0,0,0,0
7320,6,32,0.6,208,30.75,0.32672,31.1983,0,1334,0,0,0,0,0,0,0,0,0, 0,0,0,0,0,9,0,0,0,0
7320,7,39,1.8,208,31.25,0.980016,31.1846,0,1334,0,0,0,0,0,0,0,0,0, 0,0,0,0,0,9,0,0,0,0
7320,8,25,1.3,208,32.25,0.707845,31.192,0,1334,0,0,0,0,0,0,0,0,0, 0,0,0,0,0,9,0,0,0,0
7320,9,89,-43.6,84,32,-8.68921,9.12457,0,1334,0,0,0,0,0,0,0,0,0, 0,0,0,0,0,9,0,0,0,0
7320,10,32,-3,212,31.75,-1.66428,31.7564,0,1334,0,0,0,0,0,0,0,0,0, 0,0,0,0,0,9,0,0,0,0
7320,11,27,0.1,216,30.75,0.0565486,32.4,0,1334,0,0,0,0,0,0,0,0,0, 0,0,0,0,0,9,0,0,0,0
7320,12,35,-1.2,216,31.25,-0.678535,32.3929,0,1334,0,0,0,0,0,0,0,0,0, 0,0,0,0,0,9,0,0,0,0
7320,13,23,-3,216,32.25,-1.69569,32.3556,0,1334,0,0,0,0,0,0,0,0,0, 0,0,0,0,0,9,0,0,0,0
7320,14,137,-56.5,60,32,-7.50497,4.96743,0,1334,0,0,0,0,0,0,0,0,0, 0,0,0,0,0,9,0,0,0,0
7360,0,244,-56.5,64,32,-8.0053,5.2986,0,0,0,0,0,0,0,0,0,0,0, 0,0,0,0,0,10,0,0,0,0
7360,1,289,-56.5,68,32,-8.50564,5.62976,0,0,0,0,0,0,0,0,0,0,0, 0,0,0,0,0,10,0,0,0,0
7360,2,240,-55.4,72,32,-8.88987,6.13271,0,0,0,0,0,0,0,0,0,0,0, 0,0,0,0,0,10,0,0,0,0
7360,3,150,-54.4,76,32,-9.26935,6.6362,0,0,0,0,0,0,0,0,0,0,0, 0,0,0,0,0,10,0,0,0,0
7360,4,100,-48,80,32,-8.91774,8.02957,0,0,0,0,0,0,0,0,0,0,0, 0,0,0,0,0,10,0,0,0,0
7360,5,37,-3,212,31.75,-1.66428,31.7564,0,0,0,0,0,0,0,0,0,0,0, 0,0,0,0,0,10,0,0,0,0
7360,6,39,-3.6,212,32.25,-1.99674,31.7372,0,0,0,0,0,0,0,0,0,0,0, 0,0,0,0,0,10,0,0,0,0
7360,7,31,-6.6,212,33,-3.655,31.5893,0,0,0,0,0,0,0,0,0,0,0, 0,0,0,0,0,10,0,0,0,0
7360,8,17,-4.2,216,30.75,-2.37292,32.313,0,0,0,0,0,0,0,0,0,0,0, 0,0,0,0,0,10,0,0,0,0
7360,9,137,-57.4,60,32,-7.58207,4.84894,0,0,0,0,0,0,0,0,0,0,0, 0,0,0,0,0,10,0,0,0,0
7400,0,243,-56.5,64,32,-8.0053,5.2986,0,7936,0,0,0,0,0,0,0,0,0, 0,0,0,0,0,11,0,0,0,0
7400,1,287,-56.5,68,32,-8.50564,5.62976,0,7936,0,0,0,0,0,0,0,0,0, 0,0,0,0,0,11,0,0,0,0
7400,2,240,-55.4,72,32,-8.88987,6.13271,0,7936,0,0,0,0,0,0,0,0,0, 0,0,0,0,0,11,0,0,0,0
7400,3,152,-54.4,76,32,-9.26935,6.6362,0,7936,0,0,0,0,0,0,0,0,0, 0,0,0,0,0,11,0,0,0,0
7400,4,96,-53.4,80,32,-9.63381,7.1547,0,7936,0,0,0,0,0,0,0,0,0, 0,0,0,0,0,11,0,0,0,0
7400,5,20,-4.2,208,31.75,-2.28503,31.1162,0,7936,0,0,0,0,0,0,0,0,0, 0,0,0,0,0,11,0,0,0,0
7400,6,22,1.8,208,32.5,0.980016,31.1846,0,7936,0,0,0,0,0,0,0,0,0, 0,0,0,0,0,11,0,0,0,0
7400,7,30,2.4,212,31.75,1.33165,31.7721,0,7936,0,0,0,0,0,0,0,0,0, 0,0,0,0,0,11,0,0,0,0
7400,8,29,-1.8,216,31.75,-1.01771,32.384,0,7936,0,0,0,0,0,0,0,0,0, 0,0,0,0,0,11,0,0,0,0
7400,9,137,-57.4,60,32,-7.58207,4.84894,0,7936,0,0,0,0,0,0,0,0,0, 0,0,0,0,0,11,0,0,0,0
7400,10,19,-3.6,220,33,-2.07209,32.9349,0,7936,0,0,0,0,0,0,0,0,0, 0,0,0,0,0,11,0,0,0,0
7440,0,243,-56.5,64,32,-8.0053,5.2986,0,1139,0,0,0,0,0,0,0,0,0, 0,0,0,0,0,12,0,0,0,0
7440,1,288,-55.4,68,32,-8.39599,5.79201,0,1139,0,0,0,0,0,0,0,0,0, 0,0,0,0,0,12,0,0,0,0
7440,2,242,-54.4,72,32,-8.78149,6.28693,0,1139,0,0,0,0,0,0,0,0,0, 0,0,0,0,0,12,0,0,0,0
7440,3,152,-53.4,76,32,-9.15212,6.79696,0,1139,0,0,0,0,0,0,0,0,0, 0,0,0,0,0,12,0,0,0,0
7440,4,18,-20.3,204,41,-10.6162,28.6994,0,1139,0,0,0,0,0,0,0,0,0, 0,0,0,0,0,12,0,0,0,0
7440,5,97,-54.4,80,32,-9.75721,6.98548,0,1139,0,0,0,0,0,0,0,0,0, 0,0,0,0,0,12,0,0,0,0
7440,6,23,5.4,212,31.25,2.99264,31.6589,0,1139,0,0,0,0,0,0,0,0,0, 0,0,0,0,0,12,0,0,0,0
7440,7,18,-4.8,216,31.75,-2.71116,32.2864,0,1139,0,0,0,0,0,0,0,0,0, 0,0,0,0,0,12,0,0,0,0
7440,8,29,-4.2,216,32.75,-2.37292,32.313,0,1139,0,0,0,0,0,0,0,0,0, 0,0,0,0,0,12,0,0,0,0
7440,9,29,-4.2,216,33,-2.37292,32.313,0,1139,0,0,0,0,0,0,0,0,0, 0,0,0,0,0,12,0,0,0,0
7440,10,137,-56.5,60,32,-7.50497,4.96743,0,1139,0,0,0,0,0,0,0,0,0, 0,0,0,0,0,12,0,0,0,0
7480,0,243,-56.5,64,32,-8.0053,5.2986,0,86,0,0,0,0,0,0,0,0,0, 0,0,0,0,0,13,0,0,0,0
7480,1,12,53.9,384,12,46.5402,33.9377,0,86,0,0,0,0,0,0,0,0,0, 0,0,0,0,0,13,0,0,0,0
7480,2,288,-55.4,68,32,-8.39599,5.79201,0,86,0,0,0,0,0,0,0,0,0, 0,0,0,0,0,13,0,0,0,0
7480,3,241,-55.4,72,32,-8.88987,6.13271,0,86,0,0,0,0,0,0,0,0,0, 0,0,0,0,0,13,0,0,0,0
7480,4,154,-53.4,76,32,-9.15212,6.79696,0,86,0,0,0,0,0,0,0,0,0, 0,0,0,0,0,13,0,0,0,0
7480,5,99,-49.8,80,32,-9.16555,7.74549,0,86,0,0,0,0,0,0,0,0,0, 0,0,0,0,0,13,0,0,0,0
7480,6,139,-57.4,60,32,-7.58207,4.84894,0,86,0,0,0,0,0,0,0,0,0, 0,0,0,0,0,13,0,0,0,0
7480,7,27,0.6,220,32.75,0.345569,32.9982,0,86,0,0,0,0,0,0,0,0,0, 0,0,0,0,0,13,0,0,0,0
7480,8,24,1.3,220,33,0.748682,32.9915,0,86,0,0,0,0,0,0,0,0,0, 0,0,0,0,0,13,0,0,0,0
7520,0,246,-56.5,64,32,-8.0053,5.2986,0,0,0,0,0,0,0,0,0,0,0, 0,0,0,0,0,14,0,0,0,0
7520,1,289,-55.4,68,32,-8.39599,5.79201,0,0,0,0,0,0,0,0,0,0,0, 0,0,0,0,0,14,0,0,0,0
7520,2,241,-54.4,72,32,-8.78149,6.28693,0,0,0,0,0,0,0,0,0,0,0, 0,0,0,0,0,14,0,0,0,0
7520,3,154,-51.6,76,32,-8.93411,7.08108,0,0,0,0,0,0,0,0,0,0,0, 0,0,0,0,0,14,0,0,0,0
7520,4,104,-44.2,80,32,-8.36598,8.60293,0,0,0,0,0,0,0,0,0,0,0, 0,0,0,0,0,14,0,0,0,0
7520,5,25,-4.8,208,31.75,-2.61075,31.0906,0,0,0,0,0,0,0,0,0,0,0, 0,0,0,0,0,14,0,0,0,0
7520,6,24,-3.6,208,32.25,-1.95906,31.1384,0,0,0,0,0,0,0,0,0,0,0, 0,0,0,0,0,14,0,0,0,0
7520,7,91,-40.5,84,32,-8.18305,9.58112,0,0,0,0,0,0,0,0,0,0,0, 0,0,0,0,0,14,0,0,0,0
7520,8,20,-0.6,212,33,-0.333003,31.7983,0,0,0,0,0,0,0,0,0,0,0, 0,0,0,0,0,14,0,0,0,0
7520,9,143,-56.5,60,32,-7.50497,4.96743,0,0,0,0,0,0,0,0,0,0,0, 0,0,0,0,0,14,0,0,0,0
7560,0,248,-56.5,64,32,-8.0053,5.2986,0,0,0,0,0,0,0,0,0,0,0, 0,0,0,0,0,15,0,0,0,0
7560,1,291,-55.4,68,32,-8.39599,5.79201,0,0,0,0,0,0,0,0,0,0,0, 0,0,0,0,0,15,0,0,0,0
7560,2,22,-0.6,228,31.75,-0.358135,34.1981,0,0,0,0,0,0,0,0,0,0,0, 0,0,0,0,0,15,0,0,0,0
7560,3,240,-55.4,72,32,-8.88987,6.13271,0,0,0,0,0,0,0,0,0,0,0, 0,0,0,0,0,15,0,0,0,0
7560,4,151,-53.4,76,32,-9.15212,6.79696,0,0,0,0,0,0,0,0,0,0,0, 0,0,0,0,0,15,0,0,0,0
7560,5,101,-43.6,80,32,-8.27543,8.69006,0,0,0,0,0,0,0,0,0,0,0, 0,0,0,0,0,15,0,0,0,0
7560,6,87,-38.7,84,32,-7.87806,9.83342,0,0,0,0,0,0,0,0,0,0,0, 0,0,0,0,0,15,0,0,0,0
7560,7,25,-6.6,216,31.75,-3.72396,32.1853,0,0,0,0,0,0,0,0,0,0,0, 0,0,0,0,0,15,0,0,0,0
7560,8,32,-5.4,216,32.75,-3.04911,32.2562,0,0,0,0,0,0,0,0,0,0,0, 0,0,0,0,0,15,0,0,0,0
7560,9,28,-5.4,216,33,-3.04911,32.2562,0,0,0,0,0,0,0,0,0,0,0, 0,0,0,0,0,15,0,0,0,0
7560,10,141,-55.4,60,32,-7.40823,5.11059,0,0,0,0,0,0,0,0,0,0,0, 0,0,0,0,0,15,0,0,0,0
7560,11,41,-4.2,220,31.25,-2.41686,32.9114,0,0,0,0,0,0,0,0,0,0,0, 0,0,0,0,0,15,0,0,0,0
7560,12,44,-6,220,32.25,-3.44944,32.8192,0,0,0,0,0,0,0,0,0,0,0, 0,0,0,0,0,15,0,0,0,0
7560,13,36,-6,220,33,-3.44944,32.8192,0,0,0,0,0,0,0,0,0,0,0, 0,0,0,0,0,15,0,0,0,0
7600,0,250,-55.4,64,32,-7.90211,5.4513,0,0,0,0,0,0,0,0,0,0,0, 0,0,0,0,0,0,0,0,0,0
7600,1,294,-55.4,68,32,-8.39599,5.79201,0,0,0,0,0,0,0,0,0,0,0, 0,0,0,0,0,0,0,0,0,0
7600,2,242,-54.4,72,32,-8.78149,6.28693,0,0,0,0,0,0,0,0,0,0,0, 0,0,0,0,0,0,0,0,0,0
7600,3,155,-51.6,76,32,-8.93411,7.08108,0,0,0,0,0,0,0,0,0,0,0, 0,0,0,0,0,0,0,0,0,0
7600,4,108,-45.9,80,32,-8.61752,8.35095,0,0,0,0,0,0,0,0,0,0,0, 0,0,0,0,0,0,0,0,0,0
7600,5,85,-44.2,84,32,-8.78428,9.03307,0,0,0,0,0,0,0,0,0,0,0, 0,0,0,0,0,0,0,0,0,0
7600,6,15,1.8,212,32.75,0.998862,31.7843,0,0,0,0,0,0,0,0,0,0,0, 0,0,0,0,0,0,0,0,0,0
7600,7,143,-54.4,60,32,-7.31791,5.23911,0,0,0,0,0,0,0,0,0,0,0, 0,0,0,0,0,0,0,0,0,0
7640,0,248,-55.4,64,32,-7.90211,5.4513,0,0,0,0,0,0,0,0,0,0,0, 0,0,0,0,0,1,0,0,0,0
7640,1,22,0.6,224,31.75,0.351852,33.5982,0,0,0,0,0,0,0,0,0,0,0, 0,0,0,0,0,1,0,0,0,0
7640,2,290,-54.4,68,32,-8.29363,5.93765,0,0,0,0,0,0,0,0,0,0,0, 0,0,0,0,0,1,0,0,0,0
7640,3,241,-54.4,72,32,-8.78149,6.28693,0,0,0,0,0,0,0,0,0,0,0, 0,0,0,0,0,1,0,0,0,0
7640,4,154,-53.4,76,32,-9.15212,6.79696,0,0,0,0,0,0,0,0,0,0,0, 0,0,0,0,0,1,0,0,0,0
7640,5,103,-49.8,80,32,-9.16555,7.74549,0,0,0,0,0,0,0,0,0,0,0, 0,0,0,0,0,1,0,0,0,0
7640,6,140,-54.4,60,32,-7.31791,5.23911,0,0,0,0,0,0,0,0,0,0,0, 0,0,0,0,0,1,0,0,0,0
7640,7,27,-1.8,220,31.75,-1.03656,32.9837,0,0,0,0,0,0,0,0,0,0,0, 0,0,0,0,0,1,0,0,0,0
7680,0,246,-55.4,64,32,-7.90211,5.4513,0,0,0,0,0,0,0,0,0,0,0, 0,0,0,0,0,2,0,0,0,0
7680,1,289,-55.4,68,32,-8.39599,5.79201,0,0,0,0,0,0,0,0,0,0,0, 0,0,0,0,0,2,0,0,0,0
7680,2,241,-54.4,72,32,-8.78149,6.28693,0,0,0,0,0,0,0,0,0,0,0, 0,0,0,0,0,2,0,0,0,0
7680,3,152,-54.4,76,32,-9.26935,6.6362,0,0,0,0,0,0,0,0,0,0,0, 0,0,0,0,0,2,0,0,0,0
7680,4,103,-51.6,80,32,-9.40432,7.45377,0,0,0,0,0,0,0,0,0,0,0, 0,0,0,0,0,2,0,0,0,0
7680,5,33,-6,212,31.5,-3.32401,31.6258,0,0,0,0,0,0,0,0,0,0,0, 0,0,0,0,0,2,0,0,0,0
7680,6,22,-15.7,216,32.25,-8.76746,31.1912,0,0,0,0,0,0,0,0,0,0,0, 0,0,0,0,0,2,0,0,0,0
7680,7,141,-54.4,60,32,-7.31791,5.23911,0,0,0,0,0,0,0,0,0,0,0, 0,0,0,0,0,2,0,0,0,0
7680,8,21,-3.6,220,31.75,-2.07209,32.9349,0,0,0,0,0,0,0,0,0,0,0, 0,0,0,0,0,2,0,0,0,0
7680,9,20,0.1,220,33,0.0575958,33,0,0,0,0,0,0,0,0,0,0,0, 0,0,0,0,0,2,0,0,0,0
7720,0,246,-55.4,64,32,-7.90211,5.4513,0,0,0,0,0,0,0,0,0,0,0, 0,0,0,0,0,3,0,0,0,0
7720,1,290,-55.4,68,32,-8.39599,5.79201,0,0,0,0,0,0,0,0,0,0,0, 0,0,0,0,0,3,0,0,0,0
7720,2,241,-54.4,72,32,-8.78149,6.28693,0,0,0,0,0,0,0,0,0,0,0, 0,0,0,0,0,3,0,0,0,0
7720,3,153,-54.4,76,32,-9.26935,6.6362,0,0,0,0,0,0,0,0,0,0,0, 0,0,0,0,0,3,0,0,0,0
7720,4,102,-51.6,80,32,-9.40432,7.45377,0,0,0,0,0,0,0,0,0,0,0, 0,0,0,0,0,3,0,0,0,0
7720,5,23,-6.6,212,33,-3.655,31.5893,0,0,0,0,0,0,0,0,0,0,0, 0,0,0,0,0,3,0,0,0,0
7720,6,33,0.1,216,31.75,0.0565486,32.4,0,0,0,0,0,0,0,0,0,0,0, 0,0,0,0,0,3,0,0,0,0
7720,7,43,-2.4,216,32.75,-1.35677,32.3716,0,0,0,0,0,0,0,0,0,0,0, 0,0,0,0,0,3,0,0,0,0
7720,8,41,-3,216,33,-1.69569,32.3556,0,0,0,0,0,0,0,0,0,0,0, 0,0,0,0,0,3,0,0,0,0
7720,9,140,-55.4,60,32,-7.40823,5.11059,0,0,0,0,0,0,0,0,0,0,0, 0,0,0,0,0,3,0,0,0,0
7720,10,30,-2.4,220,32.75,-1.3819,32.9711,0,0,0,0,0,0,0,0,0,0,0, 0,0,0,0,0,3,0,0,0,0
7720,11,29,-0.6,220,33,-0.345569,32.9982,0,0,0,0,0,0,0,0,0,0,0, 0,0,0,0,0,3,0,0,0,0
7760,0,247,-56.5,64,32,-8.0053,5.2986,0,0,0,0,0,0,0,0,0,0,0, 0,0,0,0,0,4,0,0,0,0
7760,1,290,-55.4,68,32,-8.39599,5.79201,0,0,0,0,0,0,0,0,0,0,0, 0,0,0,0,0,4,0,0,0,0
7760,2,239,-54.4,72,32,-8.78149,6.28693,0,0,0,0,0,0,0,0,0,0,0, 0,0,0,0,0,4,0,0,0,0
7760,3,154,-53.4,76,32,-9.15212,6.79696,0,0,0,0,0,0,0,0,0,0,0, 0,0,0,0,0,4,0,0,0,0
7760,4,109,-45,80,32,-8.48528,8.48528,0,0,0,0,0,0,0,0,0,0,0, 0,0,0,0,0,4,0,0,0,0
7760,5,35,0.6,208,31.75,0.32672,31.1983,0,0,0,0,0,0,0,0,0,0,0, 0,0,0,0,0,4,0,0,0,0
7760,6,34,-0.6,208,32.25,-0.32672,31.1983,0,0,0,0,0,0,0,0,0,0,0, 0,0,0,0,0,4,0,0,0,0
7760,7,26,0.1,208,33,0.0544542,31.2,0,0,0,0,0,0,0,0,0,0,0, 0,0,0,0,0,4,0,0,0,0
7760,8,94,-41.7,84,32,-8.3819,9.40764,0,0,0,0,0,0,0,0,0,0,0, 0,0,0,0,0,4,0,0,0,0
7760,9,52,-0.6,212,31.75,-0.333003,31.7983,0,0,0,0,0,0,0,0,0,0,0, 0,0,0,0,0,4,0,0,0,0
7760,10,49,-0.6,212,32.25,-0.333003,31.7983,0,0,0,0,0,0,0,0,0,0,0, 0,0,0,0,0,4,0,0,0,0
7760,11,30,1.8,212,33,0.998862,31.7843,0,0,0,0,0,0,0,0,0,0,0, 0,0,0,0,0,4,0,0,0,0
7760,12,20,-0.6,216,30.75,-0.339286,32.3982,0,0,0,0,0,0,0,0,0,0,0, 0,0,0,0,0,4,0,0,0,0
7760,13,36,-2.4,216,31.25,-1.35677,32.3716,0,0,0,0,0,0,0,0,0,0,0, 0,0,0,0,0,4,0,0,0,0
7760,14,33,-4.8,216,32.25,-2.71116,32.2864,0,0,0,0,0,0,0,0,0,0,0, 0,0,0,0,0,4,0,0,0,0
7760,15,139,-55.4,60,32,-7.40823,5.11059,0,0,0,0,0,0,0,0,0,0,0, 0,0,0,0,0,4,0,0,0,0
7760,16,20,-6.6,220,30.75,-3.79293,32.7813,0,0,0,0,0,0,0,0,0,0,0, 0,0,0,0,0,4,0,0,0,0
7800,0,247,-55.4,64,32,-7.90211,5.4513,0,0,0,0,0,0,0,0,0,0,0, 0,0,0,0,0,5,0,0,0,0
7800,1,290,-55.4,68,32,-8.39599,5.79201,0,0,0,0,0,0,0,0,0,0,0, 0,0,0,0,0,5,0,0,0,0
7800,2,244,-54.4,72,32,-8.78149,6.28693,0,0,0,0,0,0,0,0,0,0,0, 0,0,0,0,0,5,0,0,0,0
7800,3,160,-51.6,76,32,-8.93411,7.08108,0,0,0,0,0,0,0,0,0,0,0, 0,0,0,0,0,5,0,0,0,0
7800,4,117,-45.9,80,32,-8.61752,8.35095,0,0,0,0,0,0,0,0,0,0,0, 0,0,0,0,0,5,0,0,0,0
7800,5,14,-2.4,208,31.75,-1.30652,31.1726,0,0,0,0,0,0,0,0,0,0,0, 0,0,0,0,0,5,0,0,0,0
7800,6,96,-43.6,84,32,-8.68921,9.12457,0,0,0,0,0,0,0,0,0,0,0, 0,0,0,0,0,5,0,0,0,0
7800,7,25,-10.8,212,32.5,-5.95873,31.2367,0,0,0,0,0,0,0,0,0,0,0, 0,0,0,0,0,5,0,0,0,0
7800,8,139,-55.4,60,32,-7.40823,5.11059,0,0,0,0,0,0,0,0,0,0,0, 0,0,0,0,0,5,0,0,0,0
7840,0,245,-55.4,64,32,-7.90211,5.4513,0,0,0,0,0,0,0,0,0,0,0, 0,0,0,0,0,6,0,0,0,0
7840,1,291,-55.4,68,32,-8.39599,5.79201,0,0,0,0,0,0,0,0,0,0,0, 0,0,0,0,0,6,0,0,0,0
7840,2,21,-3.6,228,31.75,-2.14744,34.1325,0,0,0,0,0,0,0,0,0,0,0, 0,0,0,0,0,6,0,0,0,0
7840,3,242,-54.4,72,32,-8.78149,6.28693,0,0,0,0,0,0,0,0,0,0,0, 0,0,0,0,0,6,0,0,0,0
7840,4,159,-51.6,76,32,-8.93411,7.08108,0,0,0,0,0,0,0,0,0,0,0, 0,0,0,0,0,6,0,0,0,0
7840,5,22,-3,204,32.5,-1.60148,30.5581,0,0,0,0,0,0,0,0,0,0,0, 0,0,0,0,0,6,0,0,0,0
7840,6,113,-48,80,32,-8.91774,8.02957,0,0,0,0,0,0,0,0,0,0,0, 0,0,0,0,0,6,0,0,0,0
7840,7,39,-3,208,31.75,-1.63288,31.1572,0,0,0,0,0,0,0,0,0,0,0, 0,0,0,0,0,6,0,0,0,0
7840,8,37,-3,208,33,-1.63288,31.1572,0,0,0,0,0,0,0,0,0,0,0, 0,0,0,0,0,6,0,0,0,0
7840,9,15,-1.8,464,1.25,-2.18619,69.5657,0,0,0,0,0,0,0,0,0,0,0, 0,0,0,0,0,6,0,0,0,0
7840,10,90,-45,84,32,-8.90955,8.90955,0,0,0,0,0,0,0,0,0,0,0, 0,0,0,0,0,6,0,0,0,0
7840,11,34,-3.6,212,31.75,-1.99674,31.7372,0,0,0,0,0,0,0,0,0,0,0, 0,0,0,0,0,6,0,0,0,0
7840,12,31,-4.8,212,33,-2.66096,31.6885,0,0,0,0,0,0,0,0,0,0,0, 0,0,0,0,0,6,0,0,0,0
7840,13,138,-55.4,60,32,-7.40823,5.11059,0,0,0,0,0,0,0,0,0,0,0, 0,0,0,0,0,6,0,0,0,0
7880,0,245,-55.4,64,32,-7.90211,5.4513,0,0,0,0,0,0,0,0,0,0,0, 0,0,0,0,0,7,0,0,0,0
7880,1,289,-55.4,68,32,-8.39599,5.79201,0,0,0,0,0,0,0,0,0,0,0, 0,0,0,0,0,7,0,0,0,0
7880,2,19,3.6,228,31.25,2.14744,34.1325,0,0,0,0,0,0,0,0,0,0,0, 0,0,0,0,0,7,0,0,0,0
7880,3,244,-55.4,72,32,-8.88987,6.13271,0,0,0,0,0,0,0,0,0,0,0, 0,0,0,0,0,7,0,0,0,0
7880,4,25,1.8,232,31.25,1.09309,34.7828,0,0,0,0,0,0,0,0,0,0,0, 0,0,0,0,0,7,0,0,0,0
7880,5,15,-2.4,232,32.25,-1.45727,34.7695,0,0,0,0,0,0,0,0,0,0,0, 0,0,0,0,0,7,0,0,0,0
7880,6,159,-53.4,76,32,-9.15212,6.79696,0,0,0,0,0,0,0,0,0,0,0, 0,0,0,0,0,7,0,0,0,0
7880,7,108,-49.8,80,32,-9.16555,7.74549,0,0,0,0,0,0,0,0,0,0,0, 0,0,0,0,0,7,0,0,0,0
7880,8,84,-46.7,84,32,-9.16994,8.64131,0,0,0,0,0,0,0,0,0,0,0, 0,0,0,0,0,7,0,0,0,0
7880,9,24,-6,216,31.75,-3.38672,32.2225,0,0,0,0,0,0,0,0,0,0,0, 0,0,0,0,0,7,0,0,0,0
7880,10,26,-1.8,216,33,-1.01771,32.384,0,0,0,0,0,0,0,0,0,0,0, 0,0,0,0,0,7,0,0,0,0
7880,11,138,-55.4,60,32,-7.40823,5.11059,0,0,0,0,0,0,0,0,0,0,0, 0,0,0,0,0,7,0,0,0,0
7920,0,244,-55.4,64,32,-7.90211,5.4513,0,0,0,0,0,0,0,0,0,0,0, 0,0,0,0,0,8,0,0,0,0
7920,1,287,-55.4,68,32,-8.39599,5.79201,0,0,0,0,0,0,0,0,0,0,0, 0,0,0,0,0,8,0,0,0,0
7920,2,240,-55.4,72,32,-8.88987,6.13271,0,0,0,0,0,0,0,0,0,0,0, 0,0,0,0,0,8,0,0,0,0
7920,3,156,-54.4,76,32,-9.26935,6.6362,0,0,0,0,0,0,0,0,0,0,0, 0,0,0,0,0,8,0,0,0,0
7920,4,106,-49.8,80,32,-9.16555,7.74549,0,0,0,0,0,0,0,0,0,0,0, 0,0,0,0,0,8,0,0,0,0
7920,5,87,-44.2,84,32,-8.78428,9.03307,0,0,0,0,0,0,0,0,0,0,0, 0,0,0,0,0,8,0,0,0,0
7920,6,136,-55.4,60,32,-7.40823,5.11059,0,0,0,0,0,0,0,0,0,0,0, 0,0,0,0,0,8,0,0,0,0
7920,7,21,-6.6,220,30.75,-3.79293,32.7813,0,0,0,0,0,0,0,0,0,0,0, 0,0,0,0,0,8,0,0,0,0
7920,8,22,-6,220,31,-3.44944,32.8192,0,0,0,0,0,0,0,0,0,0,0, 0,0,0,0,0,8,0,0,0,0
7960,0,243,-56.5,64,32,-8.0053,5.2986,0,1334,0,0,0,0,0,0,0,0,0, 0,0,0,0,0,9,0,0,0,0
7960,1,288,-56.5,68,32,-8.50564,5.62976,0,1334,0,0,0,0,0,0,0,0,0, 0,0,0,0,0,9,0,0,0,0
7960,2,240,-55.4,72,32,-8.88987,6.13271,0,1334,0,0,0,0,0,0,0,0,0, 0,0,0,0,0,9,0,0,0,0
7960,3,154,-54.4,76,32,-9.26935,6.6362,0,1334,0,0,0,0,0,0,0,0,0, 0,0,0,0,0,9,0,0,0,0
7960,4,105,-49.8,80,32,-9.16555,7.74549,0,1334,0,0,0,0,0,0,0,0,0, 0,0,0,0,0,9,0,0,0,0
7960,5,17,0.6,208,31.75,0.32672,31.1983,0,1334,0,0,0,0,0,0,0,0,0, 0,0,0,0,0,9,0,0,0,0
7960,6,25,-2.4,216,31.75,-1.35677,32.3716,0,1334,0,0,0,0,0,0,0,0,0, 0,0,0,0,0,9,0,0,0,0
7960,7,25,1.8,216,33,1.01771,32.384,0,1334,0,0,0,0,0,0,0,0,0, 0,0,0,0,0,9,0,0,0,0
7960,8,138,-56.5,60,32,-7.50497,4.96743,0,1334,0,0,0,0,0,0,0,0,0, 0,0,0,0,0,9,0,0,0,0
8000,0,245,-56.5,64,32,-8.0053,5.2986,0,0,0,0,0,0,0,0,0,0,0, 0,0,0,0,0,10,0,0,0,0
8000,1,291,-56.5,68,32,-8.50564,5.62976,0,0,0,0,0,0,0,0,0,0,0, 0,0,0,0,0,10,0,0,0,0
8000,2,239,-56.5,72,32,-9.00597,5.96092,0,0,0,0,0,0,0,0,0,0,0, 0,0,0,0,0,10,0,0,0,0
8000,3,149,-54.4,76,32,-9.26935,6.6362,0,0,0,0,0,0,0,0,0,0,0, 0,0,0,0,0,10,0,0,0,0
8000,4,99,-46.7,80,32,-8.73327,8.22982,0,0,0,0,0,0,0,0,0,0,0, 0,0,0,0,0,10,0,0,0,0
8000,5,27,-1.8,208,33,-0.980016,31.1846,0,0,0,0,0,0,0,0,0,0,0, 0,0,0,0,0,10,0,0,0,0
8000,6,21,-5.4,212,31.75,-2.99264,31.6589,0,0,0,0,0,0,0,0,0,0,0, 0,0,0,0,0,10,0,0,0,0
8000,7,19,2.4,212,33,1.33165,31.7721,0,0,0,0,0,0,0,0,0,0,0, 0,0,0,0,0,10,0,0,0,0
8000,8,27,-4.8,216,32.75,-2.71116,32.2864,0,0,0,0,0,0,0,0,0,0,0, 0,0,0,0,0,10,0,0,0,0
8000,9,26,-5.4,216,33,-3.04911,32.2562,0,0,0,0,0,0,0,0,0,0,0, 0,0,0,0,0,10,0,0,0,0
8000,10,139,-55.4,60,32,-7.40823,5.11059,0,0,0,0,0,0,0,0,0,0,0, 0,0,0,0,0,10,0,0,0,0
8000,11,21,-3.6,220,31.75,-2.07209,32.9349,0,0,0,0,0,0,0,0,0,0,0, 0,0,0,0,0,10,0,0,0,0
8000,12,23,-5.4,220,33,-3.10557,32.8535,0,0,0,0,0,0,0,0,0,0,0, 0,0,0,0,0,10,0,0,0,0
8040,0,249,-55.4,64,32,-7.90211,5.4513,0,7936,0,0,0,0,0,0,0,0,0, 0,0,0,0,0,11,0,0,0,0
8040,1,290,-55.4,68,32,-8.39599,5.79201,0,7936,0,0,0,0,0,0,0,0,0, 0,0,0,0,0,11,0,0,0,0
8040,2,242,-55.4,72,32,-8.88987,6.13271,0,7936,0,0,0,0,0,0,0,0,0, 0,0,0,0,0,11,0,0,0,0
8040,3,153,-54.4,76,32,-9.26935,6.6362,0,7936,0,0,0,0,0,0,0,0,0, 0,0,0,0,0,11,0,0,0,0
8040,4,29,0.1,236,31.25,0.0617846,35.3999,0,7936,0,0,0,0,0,0,0,0,0, 0,0,0,0,0,11,0,0,0,0
8040,5,26,0.1,236,32.25,0.0617846,35.3999,0,7936,0,0,0,0,0,0,0,0,0, 0,0,0,0,0,11,0,0,0,0
8040,6,102,-46.7,80,32,-8.73327,8.22982,0,7936,0,0,0,0,0,0,0,0,0, 0,0,0,0,0,11,0,0,0,0
8040,7,82,-42.3,84,32,-8.47996,9.31935,0,7936,0,0,0,0,0,0,0,0,0, 0,0,0,0,0,11,0,0,0,0
8040,8,141,-54.4,60,32,-7.31791,5.23911,0,7936,0,0,0,0,0,0,0,0,0, 0,0,0,0,0,11,0,0,0,0
8080,0,247,-54.4,64,32,-7.80577,5.58838,0,1139,0,0,0,0,0,0,0,0,0, 0,0,0,0,0,12,0,0,0,0
8080,1,292,-54.4,68,32,-8.29363,5.93765,0,1139,0,0,0,0,0,0,0,0,0, 0,0,0,0,0,12,0,0,0,0
8080,2,243,-54.4,72,32,-8.78149,6.28693,0,1139,0,0,0,0,0,0,0,0,0, 0,0,0,0,0,12,0,0,0,0
8080,3,153,-54.4,76,32,-9.26935,6.6362,0,1139,0,0,0,0,0,0,0,0,0, 0,0,0,0,0,12,0,0,0,0
8080,4,103,-46.7,80,32,-8.73327,8.22982,0,1139,0,0,0,0,0,0,0,0,0, 0,0,0,0,0,12,0,0,0,0
8080,5,27,0.6,208,31.75,0.32672,31.1983,0,1139,0,0,0,0,0,0,0,0,0, 0,0,0,0,0,12,0,0,0,0
8080,6,82,-43.6,84,32,-8.68921,9.12457,0,1139,0,0,0,0,0,0,0,0,0, 0,0,0,0,0,12,0,0,0,0
8080,7,139,-54.4,60,32,-7.31791,5.23911,0,1139,0,0,0,0,0,0,0,0,0, 0,0,0,0,0,12,0,0,0,0
8120,0,248,-54.4,64,32,-7.80577,5.58838,0,86,0,0,0,0,0,0,0,0,0, 0,0,0,0,0,13,0,0,0,0
8120,1,25,-1.8,224,31.5,-1.0554,33.5834,0,86,0,0,0,0,0,0,0,0,0, 0,0,0,0,0,13,0,0,0,0
8120,2,20,-1.8,224,32.25,-1.0554,33.5834,0,86,0,0,0,0,0,0,0,0,0, 0,0,0,0,0,13,0,0,0,0
8120,3,291,-54.4,68,32,-8.29363,5.93765,0,86,0,0,0,0,0,0,0,0,0, 0,0,0,0,0,13,0,0,0,0
8120,4,244,-54.4,72,32,-8.78149,6.28693,0,86,0,0,0,0,0,0,0,0,0, 0,0,0,0,0,13,0,0,0,0
8120,5,155,-51.6,76,32,-8.93411,7.08108,0,86,0,0,0,0,0,0,0,0,0, 0,0,0,0,0,13,0,0,0,0
8120,6,113,-45,80,32,-8.48528,8.48528,0,86,0,0,0,0,0,0,0,0,0, 0,0,0,0,0,13,0,0,0,0
8120,7,95,-42.3,84,32,-8.47996,9.31935,0,86,0,0,0,0,0,0,0,0,0, 0,0,0,0,0,13,0,0,0,0
8120,8,138,-54.4,60,32,-7.31791,5.23911,0,86,0,0,0,0,0,0,0,0,0, 0,0,0,0,0,13,0,0,0,0
8160,0,246,-55.4,64,32,-7.90211,5.4513,0,0,0,0,0,0,0,0,0,0,0, 0,0,0,0,0,14,0,0,0,0
8160,1,293,-55.4,68,32,-8.39599,5.79201,0,0,0,0,0,0,0,0,0,0,0, 0,0,0,0,0,14,0,0,0,0
8160,2,241,-54.4,72,32,-8.78149,6.28693,0,0,0,0,0,0,0,0,0,0,0, 0,0,0,0,0,14,0,0,0,0
8160,3,153,-51.6,76,32,-8.93411,7.08108,0,0,0,0,0,0,0,0,0,0,0, 0,0,0,0,0,14,0,0,0,0
8160,4,111,-43.6,80,32,-8.27543,8.69006,0,0,0,0,0,0,0,0,0,0,0, 0,0,0,0,0,14,0,0,0,0
8160,5,99,-38.7,84,32,-7.87806,9.83342,0,0,0,0,0,0,0,0,0,0,0, 0,0,0,0,0,14,0,0,0,0
8160,6,42,-1.2,216,31.75,-0.678535,32.3929,0,0,0,0,0,0,0,0,0,0,0, 0,0,0,0,0,14,0,0,0,0
8160,7,53,-0.6,216,32.5,-0.339286,32.3982,0,0,0,0,0,0,0,0,0,0,0, 0,0,0,0,0,14,0,0,0,0
8160,8,32,0.1,216,33,0.0565486,32.4,0,0,0,0,0,0,0,0,0,0,0, 0,0,0,0,0,14,0,0,0,0
8160,9,137,-55.4,60,32,-7.40823,5.11059,0,0,0,0,0,0,0,0,0,0,0, 0,0,0,0,0,14,0,0,0,0
8200,0,247,-54.4,64,32,-7.80577,5.58838,0,0,0,0,0,0,0,0,0,0,0, 0,0,0,0,0,15,0,0,0,0
8200,1,293,-54.4,68,32,-8.29363,5.93765,0,0,0,0,0,0,0,0,0,0,0, 0,0,0,0,0,15,0,0,0,0
8200,2,245,-54.4,72,32,-8.78149,6.28693,0,0,0,0,0,0,0,0,0,0,0, 0,0,0,0,0,15,0,0,0,0
8200,3,157,-51.6,76,32,-8.93411,7.08108,0,0,0,0,0,0,0,0,0,0,0, 0,0,0,0,0,15,0,0,0,0
8200,4,113,-44.2,80,32,-8.36598,8.60293,0,0,0,0,0,0,0,0,0,0,0, 0,0,0,0,0,15,0,0,0,0
8200,5,100,-40.5,84,32,-8.18305,9.58112,0,0,0,0,0,0,0,0,0,0,0, 0,0,0,0,0,15,0,0,0,0
8200,6,25,-1.2,212,31.75,-0.665969,31.793,0,0,0,0,0,0,0,0,0,0,0, 0,0,0,0,0,15,0,0,0,0
8200,7,33,0.1,212,32.5,0.0555014,31.7999,0,0,0,0,0,0,0,0,0,0,0, 0,0,0,0,0,15,0,0,0,0
8200,8,141,-53.4,60,32,-7.22536,5.36602,0,0,0,0,0,0,0,0,0,0,0, 0,0,0,0,0,15,0,0,0,0
8240,0,251,-54.4,64,32,-7.80577,5.58838,0,0,0,0,0,0,0,0,0,0,0, 0,0,0,0,0,0,0,0,0,0
8240,1,294,-54.4,68,32,-8.29363,5.93765,0,0,0,0,0,0,0,0,0,0,0, 0,0,0,0,0,0,0,0,0,0
8240,2,40,64.6,8,33,1.084,0.514722,0,0,0,0,0,0,0,0,0,0,0, 0,0,0,0,0,0,0,0,0,0
8240,3,245,-54.4,72,32,-8.78149,6.28693,0,0,0,0,0,0,0,0,0,0,0, 0,0,0,0,0,0,0,0,0,0
8240,4,23,-1.2,232,31.75,-0.728796,34.7924,0,0,0,0,0,0,0,0,0,0,0, 0,0,0,0,0,0,0,0,0,0
8240,5,23,-0.6,232,32.25,-0.364418,34.7981,0,0,0,0,0,0,0,0,0,0,0, 0,0,0,0,0,0,0,0,0,0
8240,6,159,-51.6,76,32,-8.93411,7.08108,0,0,0,0,0,0,0,0,0,0,0, 0,0,0,0,0,0,0,0,0,0
8240,7,25,2.4,236,31.5,1.4824,35.3689,0,0,0,0,0,0,0,0,0,0,0, 0,0,0,0,0,0,0,0,0,0
8240,8,117,-43.6,80,32,-8.27543,8.69006,0,0,0,0,0,0,0,0,0,0,0, 0,0,0,0,0,0,0,0,0,0
8240,9,23,-7.8,208,33,-4.23433,30.9113,0,0,0,0,0,0,0,0,0,0,0, 0,0,0,0,0,0,0,0,0,0
8240,10,105,-39.3,84,32,-7.9806,9.75039,0,0,0,0,0,0,0,0,0,0,0, 0,0,0,0,0,0,0,0,0,0
8240,11,140,-54.4,60,32,-7.31791,5.23911,0,0,0,0,0,0,0,0,0,0,0, 0,0,0,0,0,0,0,0,0,0
8280,0,248,-54.4,64,32,-7.80577,5.58838,0,0,0,0,0,0,0,0,0,0,0, 0,0,0,0,0,1,0,0,0,0
8280,1,293,-55.4,68,32,-8.39599,5.79201,0,0,0,0,0,0,0,0,0,0,0, 0,0,0,0,0,1,0,0,0,0
8280,2,17,-7.2,228,32.5,-4.2864,33.9303,0,0,0,0,0,0,0,0,0,0,0, 0,0,0,0,0,1,0,0,0,0
8280,3,246,-54.4,72,32,-8.78149,6.28693,0,0,0,0,0,0,0,0,0,0,0, 0,0,0,0,0,1,0,0,0,0
8280,4,159,-51.6,76,32,-8.93411,7.08108,0,0,0,0,0,0,0,0,0,0,0, 0,0,0,0,0,1,0,0,0,0
8280,5,115,-43.6,80,32,-8.27543,8.69006,0,0,0,0,0,0,0,0,0,0,0, 0,0,0,0,0,1,0,0,0,0
8280,6,18,-1.8,208,31.75,-0.980016,31.1846,0,0,0,0,0,0,0,0,0,0,0, 0,0,0,0,0,1,0,0,0,0
8280,7,98,-41.1,84,32,-8.28293,9.4949,0,0,0,0,0,0,0,0,0,0,0, 0,0,0,0,0,1,0,0,0,0
8280,8,139,-55.4,60,32,-7.40823,5.11059,0,0,0,0,0,0,0,0,0,0,0, 0,0,0,0,0,1,0,0,0,0
8320,0,246,-55.4,64,32,-7.90211,5.4513,0,0,0,0,0,0,0,0,0,0,0, 0,0,0,0,0,2,0,0,0,0
8320,1,290,-55.4,68,32,-8.39599,5.79201,0,0,0,0,0,0,0,0,0,0,0, 0,0,0,0,0,2,0,0,0,0
8320,2,41,68.6,8,33,1.11727,0.437852,0,0,0,0,0,0,0,0,0,0,0, 0,0,0,0,0,2,0,0,0,0
8320,3,244,-54.4,72,32,-8.78149,6.28693,0,0,0,0,0,0,0,0,0,0,0, 0,0,0,0,0,2,0,0,0,0
8320,4,156,-51.6,76,32,-8.93411,7.08108,0,0,0,0,0,0,0,0,0,0,0, 0,0,0,0,0,2,0,0,0,0
8320,5,108,-45.9,80,32,-8.61752,8.35095,0,0,0,0,0,0,0,0,0,0,0, 0,0,0,0,0,2,0,0,0,0
8320,6,19,-2.4,208,32.5,-1.30652,31.1726,0,0,0,0,0,0,0,0,0,0,0, 0,0,0,0,0,2,0,0,0,0
8320,7,90,-42.3,84,32,-8.47996,9.31935,0,0,0,0,0,0,0,0,0,0,0, 0,0,0,0,0,2,0,0,0,0
8320,8,42,-1.8,212,31.25,-0.998862,31.7843,0,0,0,0,0,0,0,0,0,0,0, 0,0,0,0,0,2,0,0,0,0
8320,9,40,-2.4,212,32.25,-1.33165,31.7721,0,0,0,0,0,0,0,0,0,0,0, 0,0,0,0,0,2,0,0,0,0
8320,10,47,-1.2,216,31.75,-0.678535,32.3929,0,0,0,0,0,0,0,0,0,0,0, 0,0,0,0,0,2,0,0,0,0
8320,11,47,-1.2,216,32.25,-0.678535,32.3929,0,0,0,0,0,0,0,0,0,0,0, 0,0,0,0,0,2,0,0,0,0
8320,12,33,-0.6,216,33,-0.339286,32.3982,0,0,0,0,0,0,0,0,0,0,0, 0,0,0,0,0,2,0,0,0,0
8320,13,18,-6,216,34,-3.38672,32.2225,0,0,0,0,0,0,0,0,0,0,0, 0,0,0,0,0,2,0,0,0,0
8320,14,138,-56.5,60,32,-7.50497,4.96743,0,0,0,0,0,0,0,0,0,0,0, 0,0,0,0,0,2,0,0,0,0
8360,0,244,-56.5,64,32,-8.0053,5.2986,0,0,0,0,0,0,0,0,0,0,0, 0,0,0,0,0,3,0,0,0,0
8360,1,289,-55.4,68,32,-8.39599,5.79201,0,0,0,0,0,0,0,0,0,0,0, 0,0,0,0,0,3,0,0,0,0
8360,2,243,-55.4,72,32,-8.88987,6.13271,0,0,0,0,0,0,0,0,0,0,0, 0,0,0,0,0,3,0,0,0,0
8360,3,157,-51.6,76,32,-8.93411,7.08108,0,0,0,0,0,0,0,0,0,0,0, 0,0,0,0,0,3,0,0,0,0
8360,4,112,-44.2,80,32,-8.36598,8.60293,0,0,0,0,0,0,0,0,0,0,0, 0,0,0,0,0,3,0,0,0,0
8360,5,99,-39.9,84,32,-8.08227,9.66628,0,0,0,0,0,0,0,0,0,0,0, 0,0,0,0,0,3,0,0,0,0
8360,6,34,-4.2,212,31.75,-2.32897,31.7146,0,0,0,0,0,0,0,0,0,0,0, 0,0,0,0,0,3,0,0,0,0
8360,7,20,-0.6,216,31.75,-0.339286,32.3982,0,0,0,0,0,0,0,0,0,0,0, 0,0,0,0,0,3,0,0,0,0
8360,8,139,-56.5,60,32,-7.50497,4.96743,0,0,0,0,0,0,0,0,0,0,0, 0,0,0,0,0,3,0,0,0,0
8400,0,245,-56.5,64,32,-8.0053,5.2986,0,0,0,0,0,0,0,0,0,0,0, 0,0,0,0,0,4,0,0,0,0
8400,1,289,-56.5,68,32,-8.50564,5.62976,0,0,0,0,0,0,0,0,0,0,0, 0,0,0,0,0,4,0,0,0,0
8400,2,242,-55.4,72,32,-8.88987,6.13271,0,0,0,0,0,0,0,0,0,0,0, 0,0,0,0,0,4,0,0,0,0
8400,3,154,-51.6,76,32,-8.93411,7.08108,0,0,0,0,0,0,0,0,0,0,0, 0,0,0,0,0,4,0,0,0,0
8400,4,110,-43.6,80,32,-8.27543,8.69006,0,0,0,0,0,0,0,0,0,0,0, 0,0,0,0,0,4,0,0,0,0
8400,5,21,2.4,208,31.75,1.30652,31.1726,0,0,0,0,0,0,0,0,0,0,0, 0,0,0,0,0,4,0,0,0,0
8400,6,95,-39.9,84,32,-8.08227,9.66628,0,0,0,0,0,0,0,0,0,0,0, 0,0,0,0,0,4,0,0,0,0
8400,7,22,-0.6,212,31.75,-0.333003,31.7983,0,0,0,0,0,0,0,0,0,0,0, 0,0,0,0,0,4,0,0,0,0
8400,8,19,-5.4,212,33,-2.99264,31.6589,0,0,0,0,0,0,0,0,0,0,0, 0,0,0,0,0,4,0,0,0,0
8400,9,139,-56.5,60,32,-7.50497,4.96743,0,0,0,0,0,0,0,0,0,0,0, 0,0,0,0,0,4,0,0,0,0
8440,0,245,-56.5,64,32,-8.0053,5.2986,0,0,0,0,0,0,0,0,0,0,0, 0,0,0,0,0,5,0,0,0,0
8440,1,289,-56.5,68,32,-8.50564,5.62976,0,0,0,0,0,0,0,0,0,0,0, 0,0,0,0,0,5,0,0,0,0
8440,2,240,-55.4,72,32,-8.88987,6.13271,0,0,0,0,0,0,0,0,0,0,0, 0,0,0,0,0,5,0,0,0,0
8440,3,156,-51.6,76,32,-8.93411,7.08108,0,0,0,0,0,0,0,0,0,0,0, 0,0,0,0,0,5,0,0,0,0
8440,4,110,-44.2,80,32,-8.36598,8.60293,0,0,0,0,0,0,0,0,0,0,0, 0,0,0,0,0,5,0,0,0,0
8440,5,23,-2.4,208,32.25,-1.30652,31.1726,0,0,0,0,0,0,0,0,0,0,0, 0,0,0,0,0,5,0,0,0,0
8440,6,91,-41.7,84,32,-8.3819,9.40764,0,0,0,0,0,0,0,0,0,0,0, 0,0,0,0,0,5,0,0,0,0
8440,7,19,-1.2,212,31.5,-0.665969,31.793,0,0,0,0,0,0,0,0,0,0,0, 0,0,0,0,0,5,0,0,0,0
8440,8,142,-55.4,60,32,-7.40823,5.11059,0,0,0,0,0,0,0,0,0,0,0, 0,0,0,0,0,5,0,0,0,0
8440,9,25,4.2,220,31.75,2.41686,32.9114,0,0,0,0,0,0,0,0,0,0,0, 0,0,0,0,0,5,0,0,0,0
8480,0,245,-55.4,64,32,-7.90211,5.4513,0,0,0,0,0,0,0,0,0,0,0, 0,0,0,0,0,6,0,0,0,0
8480,1,290,-55.4,68,32,-8.39599,5.79201,0,0,0,0,0,0,0,0,0,0,0, 0,0,0,0,0,6,0,0,0,0
8480,2,240,-55.4,72,32,-8.88987,6.13271,0,0,0,0,0,0,0,0,0,0,0, 0,0,0,0,0,6,0,0,0,0
8480,3,155,-51.6,76,32,-8.93411,7.08108,0,0,0,0,0,0,0,0,0,0,0, 0,0,0,0,0,6,0,0,0,0
8480,4,114,-43.6,80,32,-8.27543,8.69006,0,0,0,0,0,0,0,0,0,0,0, 0,0,0,0,0,6,0,0,0,0
8480,5,97,-41.1,84,32,-8.28293,9.4949,0,0,0,0,0,0,0,0,0,0,0, 0,0,0,0,0,6,0,0,0,0
8480,6,26,-1.2,212,30.75,-0.665969,31.793,0,0,0,0,0,0,0,0,0,0,0, 0,0,0,0,0,6,0,0,0,0
8480,7,32,0.1,212,31.25,0.0555014,31.7999,0,0,0,0,0,0,0,0,0,0,0, 0,0,0,0,0,6,0,0,0,0
8480,8,23,-3,216,30.75,-1.69569,32.3556,0,0,0,0,0,0,0,0,0,0,0, 0,0,0,0,0,6,0,0,0,0
8480,9,28,-3.6,216,31.25,-2.03441,32.3361,0,0,0,0,0,0,0,0,0,0,0, 0,0,0,0,0,6,0,0,0,0
8480,10,140,-54.4,60,32,-7.31791,5.23911,0,0,0,0,0,0,0,0,0,0,0, 0,0,0,0,0,6,0,0,0,0
8520,0,247,-55.4,64,32,-7.90211,5.4513,0,0,0,0,0,0,0,0,0,0,0, 0,0,0,0,0,7,0,0,0,0
8520,1,288,-55.4,68,32,-8.39599,5.79201,0,0,0,0,0,0,0,0,0,0,0, 0,0,0,0,0,7,0,0,0,0
8520,2,239,-55.4,72,32,-8.88987,6.13271,0,0,0,0,0,0,0,0,0,0,0, 0,0,0,0,0,7,0,0,0,0
8520,3,151,-49.8,76,32,-8.70727,7.35822,0,0,0,0,0,0,0,0,0,0,0, 0,0,0,0,0,7,0,0,0,0
8520,4,110,-42.3,80,32,-8.07615,8.87557,0,0,0,0,0,0,0,0,0,0,0, 0,0,0,0,0,7,0,0,0,0
8520,5,27,0.1,208,31.75,0.0544542,31.2,0,0,0,0,0,0,0,0,0,0,0, 0,0,0,0,0,7,0,0,0,0
8520,6,95,-39.3,84,32,-7.9806,9.75039,0,0,0,0,0,0,0,0,0,0,0, 0,0,0,0,0,7,0,0,0,0
8520,7,28,-4.2,212,31.75,-2.32897,31.7146,0,0,0,0,0,0,0,0,0,0,0, 0,0,0,0,0,7,0,0,0,0
8520,8,27,-1.8,212,33,-0.998862,31.7843,0,0,0,0,0,0,0,0,0,0,0, 0,0,0,0,0,7,0,0,0,0
8520,9,48,-0.6,216,31.75,-0.339286,32.3982,0,0,0,0,0,0,0,0,0,0,0, 0,0,0,0,0,7,0,0,0,0
8520,10,33,2.4,216,33,1.35677,32.3716,0,0,0,0,0,0,0,0,0,0,0, 0,0,0,0,0,7,0,0,0,0
8520,11,139,-54.4,60,32,-7.31791,5.23911,0,0,0,0,0,0,0,0,0,0,0, 0,0,0,0,0,7,0,0,0,0
8560,0,246,-55.4,64,32,-7.90211,5.4513,0,0,0,0,0,0,0,0,0,0,0, 0,0,0,0,0,8,0,0,0,0
8560,1,290,-55.4,68,32,-8.39599,5.79201,0,0,0,0,0,0,0,0,0,0,0, 0,0,0,0,0,8,0,0,0,0
8560,2,243,-54.4,72,32,-8.78149,6.28693,0,0,0,0,0,0,0,0,0,0,0, 0,0,0,0,0,8,0,0,0,0
8560,3,157,-49.8,76,32,-8.70727,7.35822,0,0,0,0,0,0,0,0,0,0,0, 0,0,0,0,0,8,0,0,0,0
8560,4,113,-43.6,80,32,-8.27543,8.69006,0,0,0,0,0,0,0,0,0,0,0, 0,0,0,0,0,8,0,0,0,0
8560,5,19,-1.2,208,31.25,-0.653404,31.1932,0,0,0,0,0,0,0,0,0,0,0, 0,0,0,0,0,8,0,0,0,0
8560,6,92,-41.7,84,32,-8.3819,9.40764,0,0,0,0,0,0,0,0,0,0,0, 0,0,0,0,0,8,0,0,0,0
8560,7,20,3.6,212,30.75,1.99674,31.7372,0,0,0,0,0,0,0,0,0,0,0, 0,0,0,0,0,8,0,0,0,0
8560,8,38,-1.8,212,31.75,-0.998862,31.7843,0,0,0,0,0,0,0,0,0,0,0, 0,0,0,0,0,8,0,0,0,0
8560,9,26,-3,212,33,-1.66428,31.7564,0,0,0,0,0,0,0,0,0,0,0, 0,0,0,0,0,8,0,0,0,0
8560,10,21,0.6,216,30.75,0.339286,32.3982,0,0,0,0,0,0,0,0,0,0,0, 0,0,0,0,0,8,0,0,0,0
8560,11,38,-3.6,216,31.75,-2.03441,32.3361,0,0,0,0,0,0,0,0,0,0,0, 0,0,0,0,0,8,0,0,0,0
8560,12,30,-2.4,216,32.25,-1.35677,32.3716,0,0,0,0,0,0,0,0,0,0,0, 0,0,0,0,0,8,0,0,0,0
8560,13,140,-55.4,60,32,-7.40823,5.11059,0,0,0,0,0,0,0,0,0,0,0, 0,0,0,0,0,8,0,0,0,0
8600,0,246,-55.4,64,32,-7.90211,5.4513,0,1334,0,0,0,0,0,0,0,0,0, 0,0,0,0,0,9,0,0,0,0
8600,1,288,-55.4,68,32,-8.39599,5.79201,0,1334,0,0,0,0,0,0,0,0,0, 0,0,0,0,0,9,0,0,0,0
8600,2,242,-55.4,72,32,-8.88987,6.13271,0,1334,0,0,0,0,0,0,0,0,0, 0,0,0,0,0,9,0,0,0,0
8600,3,158,-49.8,76,32,-8.70727,7.35822,0,1334,0,0,0,0,0,0,0,0,0, 0,0,0,0,0,9,0,0,0,0
8600,4,115,-43.6,80,32,-8.27543,8.69006,0,1334,0,0,0,0,0,0,0,0,0, 0,0,0,0,0,9,0,0,0,0
8600,5,24,3.1,208,31.75,1.68726,31.1543,0,1334,0,0,0,0,0,0,0,0,0, 0,0,0,0,0,9,0,0,0,0
8600,6,95,-41.7,84,32,-8.3819,9.40764,0,1334,0,0,0,0,0,0,0,0,0, 0,0,0,0,0,9,0,0,0,0
8600,7,139,-55.4,60,32,-7.40823,5.11059,0,1334,0,0,0,0,0,0,0,0,0, 0,0,0,0,0,9,0,0,0,0
8600,8,41,-0.6,220,31.25,-0.345569,32.9982,0,1334,0,0,0,0,0,0,0,0,0, 0,0,0,0,0,9,0,0,0,0
8600,9,29,-1.2,220,32.25,-0.6911,32.9928,0,1334,0,0,0,0,0,0,0,0,0, 0,0,0,0,0,9,0,0,0,0
8640,0,244,-56.5,64,32,-8.0053,5.2986,0,0,0,0,0,0,0,0,0,0,0, 0,0,0,0,0,10,0,0,0,0
8640,1,18,-7.8,224,31.75,-4.56004,33.2891,0,0,0,0,0,0,0,0,0,0,0, 0,0,0,0,0,10,0,0,0,0
8640,2,288,-56.5,68,32,-8.50564,5.62976,0,0,0,0,0,0,0,0,0,0,0, 0,0,0,0,0,10,0,0,0,0
8640,3,240,-55.4,72,32,-8.88987,6.13271,0,0,0,0,0,0,0,0,0,0,0, 0,0,0,0,0,10,0,0,0,0
8640,4,156,-53.4,76,32,-9.15212,6.79696,0,0,0,0,0,0,0,0,0,0,0, 0,0,0,0,0,10,0,0,0,0
8640,5,111,-44.2,80,32,-8.36598,8.60293,0,0,0,0,0,0,0,0,0,0,0, 0,0,0,0,0,10,0,0,0,0
8640,6,92,-42.3,84,32,-8.47996,9.31935,0,0,0,0,0,0,0,0,0,0,0, 0,0,0,0,0,10,0,0,0,0
8640,7,33,-1.2,216,31.75,-0.678535,32.3929,0,0,0,0,0,0,0,0,0,0,0, 0,0,0,0,0,10,0,0,0,0
8640,8,25,0.6,216,33,0.339286,32.3982,0,0,0,0,0,0,0,0,0,0,0, 0,0,0,0,0,10,0,0,0,0
8640,9,140,-55.4,60,32,-7.40823,5.11059,0,0,0,0,0,0,0,0,0,0,0, 0,0,0,0,0,10,0,0,0,0
8640,10,29,6.6,220,31.5,3.79293,32.7813,0,0,0,0,0,0,0,0,0,0,0, 0,0,0,0,0,10,0,0,0,0
8680,0,245,-56.5,64,32,-8.0053,5.2986,0,7936,0,0,0,0,0,0,0,0,0, 0,0,0,0,0,11,0,0,0,0
8680,1,289,-56.5,68,32,-8.50564,5.62976,0,7936,0,0,0,0,0,0,0,0,0, 0,0,0,0,0,11,0,0,0,0
8680,2,241,-56.5,72,32,-9.00597,5.96092,0,7936,0,0,0,0,0,0,0,0,0, 0,0,0,0,0,11,0,0,0,0
8680,3,153,-53.4,76,32,-9.15212,6.79696,0,7936,0,0,0,0,0,0,0,0,0, 0,0,0,0,0,11,0,0,0,0
8680,4,110,-45.9,80,32,-8.61752,8.35095,0,7936,0,0,0,0,0,0,0,0,0, 0,0,0,0,0,11,0,0,0,0
8680,5,22,-4.2,208,31.75,-2.28503,31.1162,0,7936,0,0,0,0,0,0,0,0,0, 0,0,0,0,0,11,0,0,0,0
8680,6,91,-42.9,84,32,-8.57708,9.23004,0,7936,0,0,0,0,0,0,0,0,0, 0,0,0,0,0,11,0,0,0,0
8680,7,140,-56.5,60,32,-7.50497,4.96743,0,7936,0,0,0,0,0,0,0,0,0, 0,0,0,0,0,11,0,0,0,0
8720,0,245,-56.5,64,32,-8.0053,5.2986,0,1139,0,0,0,0,0,0,0,0,0, 0,0,0,0,0,12,0,0,0,0
8720,1,291,-56.5,68,32,-8.50564,5.62976,0,1139,0,0,0,0,0,0,0,0,0, 0,0,0,0,0,12,0,0,0,0
8720,2,241,-56.5,72,32,-9.00597,5.96092,0,1139,0,0,0,0,0,0,0,0,0, 0,0,0,0,0,12,0,0,0,0
8720,3,154,-54.4,76,32,-9.26935,6.6362,0,1139,0,0,0,0,0,0,0,0,0, 0,0,0,0,0,12,0,0,0,0
8720,4,110,-45.9,80,32,-8.61752,8.35095,0,1139,0,0,0,0,0,0,0,0,0, 0,0,0,0,0,12,0,0,0,0
8720,5,94,-42.3,84,32,-8.47996,9.31935,0,1139,0,0,0,0,0,0,0,0,0, 0,0,0,0,0,12,0,0,0,0
8720,6,138,-56.5,60,32,-7.50497,4.96743,0,1139,0,0,0,0,0,0,0,0,0, 0,0,0,0,0,12,0,0,0,0
8760,0,245,-56.5,64,32,-8.0053,5.2986,0,86,0,0,0,0,0,0,0,0,0, 0,0,0,0,0,13,0,0,0,0
8760,1,288,-56.5,68,32,-8.50564,5.62976,0,86,0,0,0,0,0,0,0,0,0, 0,0,0,0,0,13,0,0,0,0
8760,2,240,-56.5,72,32,-9.00597,5.96092,0,86,0,0,0,0,0,0,0,0,0, 0,0,0,0,0,13,0,0,0,0
8760,3,152,-55.4,76,32,-9.38375,6.47342,0,86,0,0,0,0,0,0,0,0,0, 0,0,0,0,0,13,0,0,0,0
8760,4,110,-45,80,32,-8.48528,8.48528,0,86,0,0,0,0,0,0,0,0,0, 0,0,0,0,0,13,0,0,0,0
8760,5,24,-1.8,208,31.75,-0.980016,31.1846,0,86,0,0,0,0,0,0,0,0,0, 0,0,0,0,0,13,0,0,0,0
8760,6,23,-1.8,208,33,-0.980016,31.1846,0,86,0,0,0,0,0,0,0,0,0, 0,0,0,0,0,13,0,0,0,0
8760,7,96,-41.1,84,32,-8.28293,9.4949,0,86,0,0,0,0,0,0,0,0,0, 0,0,0,0,0,13,0,0,0,0
8760,8,33,-2.4,212,31.75,-1.33165,31.7721,0,86,0,0,0,0,0,0,0,0,0, 0,0,0,0,0,13,0,0,0,0
8760,9,35,-2.4,212,32.75,-1.33165,31.7721,0,86,0,0,0,0,0,0,0,0,0, 0,0,0,0,0,13,0,0,0,0
8760,10,27,-2.4,212,33,-1.33165,31.7721,0,86,0,0,0,0,0,0,0,0,0, 0,0,0,0,0,13,0,0,0,0
8760,11,139,-56.5,60,32,-7.50497,4.96743,0,86,0,0,0,0,0,0,0,0,0, 0,0,0,0,0,13,0,0,0,0
8760,12,24,-3.6,220,30.75,-2.07209,32.9349,0,86,0,0,0,0,0,0,0,0,0, 0,0,0,0,0,13,0,0,0,0
8760,13,33,-4.2,220,31,-2.41686,32.9114,0,86,0,0,0,0,0,0,0,0,0, 0,0,0,0,0,13,0,0,0,0
8800,0,245,-56.5,64,32,-8.0053,5.2986,0,0,0,0,0,0,0,0,0,0,0, 0,0,0,0,0,14,0,0,0,0
8800,1,289,-56.5,68,32,-8.50564,5.62976,0,0,0,0,0,0,0,0,0,0,0, 0,0,0,0,0,14,0,0,0,0
8800,2,238,-56.5,72,32,-9.00597,5.96092,0,0,0,0,0,0,0,0,0,0,0, 0,0,0,0,0,14,0,0,0,0
8800,3,149,-54.4,76,32,-9.26935,6.6362,0,0,0,0,0,0,0,0,0,0,0, 0,0,0,0,0,14,0,0,0,0
8800,4,111,-42.3,80,32,-8.07615,8.87557,0,0,0,0,0,0,0,0,0,0,0, 0,0,0,0,0,14,0,0,0,0
8800,5,108,-37,84,32,-7.58287,10.0628,0,0,0,0,0,0,0,0,0,0,0, 0,0,0,0,0,14,0,0,0,0
8800,6,138,-56.5,60,32,-7.50497,4.96743,0,0,0,0,0,0,0,0,0,0,0, 0,0,0,0,0,14,0,0,0,0
8840,0,245,-56.5,64,32,-8.0053,5.2986,0,0,0,0,0,0,0,0,0,0,0, 0,0,0,0,0,15,0,0,0,0
8840,1,288,-56.5,68,32,-8.50564,5.62976,0,0,0,0,0,0,0,0,0,0,0, 0,0,0,0,0,15,0,0,0,0
8840,2,241,-56.5,72,32,-9.00597,5.96092,0,0,0,0,0,0,0,0,0,0,0, 0,0,0,0,0,15,0,0,0,0
8840,3,156,-53.4,76,32,-9.15212,6.79696,0,0,0,0,0,0,0,0,0,0,0, 0,0,0,0,0,15,0,0,0,0
8840,4,119,-42.3,80,32,-8.07615,8.87557,0,0,0,0,0,0,0,0,0,0,0, 0,0,0,0,0,15,0,0,0,0
8840,5,107,-38.1,84,32,-7.77465,9.91538,0,0,0,0,0,0,0,0,0,0,0, 0,0,0,0,0,15,0,0,0,0
8840,6,29,-3,212,31.75,-1.66428,31.7564,0,0,0,0,0,0,0,0,0,0,0, 0,0,0,0,0,15,0,0,0,0
8840,7,20,-4.2,216,31.75,-2.37292,32.313,0,0,0,0,0,0,0,0,0,0,0, 0,0,0,0,0,15,0,0,0,0
8840,8,138,-55.4,60,32,-7.40823,5.11059,0,0,0,0,0,0,0,0,0,0,0, 0,0,0,0,0,15,0,0,0,0
8880,0,245,-56.5,64,32,-8.0053,5.2986,0,0,0,0,0,0,0,0,0,0,0, 0,0,0,0,0,0,0,0,0,0
8880,1,289,-55.4,68,32,-8.39599,5.79201,0,0,0,0,0,0,0,0,0,0,0, 0,0,0,0,0,0,0,0,0,0
8880,2,242,-55.4,72,32,-8.88987,6.13271,0,0,0,0,0,0,0,0,0,0,0, 0,0,0,0,0,0,0,0,0,0
8880,3,158,-49.8,76,32,-8.70727,7.35822,0,0,0,0,0,0,0,0,0,0,0, 0,0,0,0,0,0,0,0,0,0
8880,4,123,-42.3,80,32,-8.07615,8.87557,0,0,0,0,0,0,0,0,0,0,0, 0,0,0,0,0,0,0,0,0,0
8880,5,22,-6.6,208,33,-3.58604,30.9932,0,0,0,0,0,0,0,0,0,0,0, 0,0,0,0,0,0,0,0,0,0
8880,6,113,-38.1,84,32,-7.77465,9.91538,0,0,0,0,0,0,0,0,0,0,0, 0,0,0,0,0,0,0,0,0,0
8880,7,139,-55.4,60,32,-7.40823,5.11059,0,0,0,0,0,0,0,0,0,0,0, 0,0,0,0,0,0,0,0,0,0
8920,0,246,-55.4,64,32,-7.90211,5.4513,0,0,0,0,0,0,0,0,0,0,0, 0,0,0,0,0,1,0,0,0,0
8920,1,288,-55.4,68,32,-8.39599,5.79201,0,0,0,0,0,0,0,0,0,0,0, 0,0,0,0,0,1,0,0,0,0
8920,2,15,-5.4,228,31.5,-3.2185,34.0482,0,0,0,0,0,0,0,0,0,0,0, 0,0,0,0,0,1,0,0,0,0
8920,3,242,-54.4,72,32,-8.78149,6.28693,0,0,0,0,0,0,0,0,0,0,0, 0,0,0,0,0,1,0,0,0,0
8920,4,162,-49.8,76,32,-8.70727,7.35822,0,0,0,0,0,0,0,0,0,0,0, 0,0,0,0,0,1,0,0,0,0
8920,5,125,-42.3,80,32,-8.07615,8.87557,0,0,0,0,0,0,0,0,0,0,0, 0,0,0,0,0,1,0,0,0,0
8920,6,29,-0.6,208,31.75,-0.32672,31.1983,0,0,0,0,0,0,0,0,0,0,0, 0,0,0,0,0,1,0,0,0,0
8920,7,30,-1.2,208,33,-0.653404,31.1932,0,0,0,0,0,0,0,0,0,0,0, 0,0,0,0,0,1,0,0,0,0
8920,8,110,-38.7,84,32,-7.87806,9.83342,0,0,0,0,0,0,0,0,0,0,0, 0,0,0,0,0,1,0,0,0,0
8920,9,32,-0.6,212,33,-0.333003,31.7983,0,0,0,0,0,0,0,0,0,0,0, 0,0,0,0,0,1,0,0,0,0
8920,10,22,-1.2,216,31.75,-0.678535,32.3929,0,0,0,0,0,0,0,0,0,0,0, 0,0,0,0,0,1,0,0,0,0
8920,11,138,-56.5,60,32,-7.50497,4.96743,0,0,0,0,0,0,0,0,0,0,0, 0,0,0,0,0,1,0,0,0,0
8960,0,245,-55.4,64,32,-7.90211,5.4513,0,0,0,0,0,0,0,0,0,0,0, 0,0,0,0,0,2,0,0,0,0
8960,1,290,-55.4,68,32,-8.39599,5.79201,0,0,0,0,0,0,0,0,0,0,0, 0,0,0,0,0,2,0,0,0,0
8960,2,243,-54.4,72,32,-8.78149,6.28693,0,0,0,0,0,0,0,0,0,0,0, 0,0,0,0,0,2,0,0,0,0
8960,3,162,-49.8,76,32,-8.70727,7.35822,0,0,0,0,0,0,0,0,0,0,0, 0,0,0,0,0,2,0,0,0,0
8960,4,119,-43.6,80,32,-8.27543,8.69006,0,0,0,0,0,0,0,0,0,0,0, 0,0,0,0,0,2,0,0,0,0
8960,5,35,2.4,208,31.75,1.30652,31.1726,0,0,0,0,0,0,0,0,0,0,0, 0,0,0,0,0,2,0,0,0,0
8960,6,25,3.1,208,33,1.68726,31.1543,0,0,0,0,0,0,0,0,0,0,0, 0,0,0,0,0,2,0,0,0,0
8960,7,101,-41.1,84,32,-8.28293,9.4949,0,0,0,0,0,0,0,0,0,0,0, 0,0,0,0,0,2,0,0,0,0
8960,8,21,0.1,212,31.75,0.0555014,31.7999,0,0,0,0,0,0,0,0,0,0,0, 0,0,0,0,0,2,0,0,0,0
8960,9,25,-0.6,212,33,-0.333003,31.7983,0,0,0,0,0,0,0,0,0,0,0, 0,0,0,0,0,2,0,0,0,0
8960,10,139,-56.5,60,32,-7.50497,4.96743,0,0,0,0,0,0,0,0,0,0,0, 0,0,0,0,0,2,0,0,0,0
9000,0,245,-56.5,64,32,-8.0053,5.2986,0,0,0,0,0,0,0,0,0,0,0, 0,0,0,0,0,3,0,0,0,0
9000,1,293,-55.4,68,32,-8.39599,5.79201,0,0,0,0,0,0,0,0,0,0,0, 0,0,0,0,0,3,0,0,0,0
9000,2,243,-54.4,72,32,-8.78149,6.28693,0,0,0,0,0,0,0,0,0,0,0, 0,0,0,0,0,3,0,0,0,0
9000,3,19,0.6,232,31.75,0.364418,34.7981,0,0,0,0,0,0,0,0,0,0,0, 0,0,0,0,0,3,0,0,0,0
9000,4,161,-49.8,76,32,-8.70727,7.35822,0,0,0,0,0,0,0,0,0,0,0, 0,0,0,0,0,3,0,0,0,0
9000,5,119,-43.6,80,32,-8.27543,8.69006,0,0,0,0,0,0,0,0,0,0,0, 0,0,0,0,0,3,0,0,0,0
9000,6,102,-41.1,84,32,-8.28293,9.4949,0,0,0,0,0,0,0,0,0,0,0, 0,0,0,0,0,3,0,0,0,0
9000,7,29,-0.6,212,32.25,-0.333003,31.7983,0,0,0,0,0,0,0,0,0,0,0, 0,0,0,0,0,3,0,0,0,0
9000,8,140,-56.5,60,32,-7.50497,4.96743,0,0,0,0,0,0,0,0,0,0,0, 0,0,0,0,0,3,0,0,0,0
9040,0,247,-56.5,64,32,-8.0053,5.2986,0,0,0,0,0,0,0,0,0,0,0, 0,0,0,0,0,4,0,0,0,0
9040,1,17,-8.4,224,31.75,-4.90839,33.2396,0,0,0,0,0,0,0,0,0,0,0, 0,0,0,0,0,4,0,0,0,0
9040,2,292,-55.4,68,32,-8.39599,5.79201,0,0,0,0,0,0,0,0,0,0,0, 0,0,0,0,0,4,0,0,0,0
9040,3,244,-54.4,72,32,-8.78149,6.28693,0,0,0,0,0,0,0,0,0,0,0, 0,0,0,0,0,4,0,0,0,0
9040,4,159,-51.6,76,32,-8.93411,7.08108,0,0,0,0,0,0,0,0,0,0,0, 0,0,0,0,0,4,0,0,0,0
9040,5,114,-45,80,32,-8.48528,8.48528,0,0,0,0,0,0,0,0,0,0,0, 0,0,0,0,0,4,0,0,0,0
9040,6,23,2.4,208,31.75,1.30652,31.1726,0,0,0,0,0,0,0,0,0,0,0, 0,0,0,0,0,4,0,0,0,0
9040,7,24,2.4,208,32.75,1.30652,31.1726,0,0,0,0,0,0,0,0,0,0,0, 0,0,0,0,0,4,0,0,0,0
9040,8,21,0.1,240,32.5,0.0628318,35.9999,0,0,0,0,0,0,0,0,0,0,0, 0,0,0,0,0,4,0,0,0,0
9040,9,98,-41.7,84,32,-8.3819,9.40764,0,0,0,0,0,0,0,0,0,0,0, 0,0,0,0,0,4,0,0,0,0
9040,10,23,-4.8,216,32.5,-2.71116,32.2864,0,0,0,0,0,0,0,0,0,0,0, 0,0,0,0,0,4,0,0,0,0
9040,11,140,-56.5,60,32,-7.50497,4.96743,0,0,0,0,0,0,0,0,0,0,0, 0,0,0,0,0,4,0,0,0,0
9080,0,248,-56.5,64,32,-8.0053,5.2986,0,0,0,0,0,0,0,0,0,0,0, 0,0,0,0,0,5,0,0,0,0
9080,1,293,-55.4,68,32,-8.39599,5.79201,0,0,0,0,0,0,0,0,0,0,0, 0,0,0,0,0,5,0,0,0,0
9080,2,42,63.6,8,33,1.07485,0.533562,0,0,0,0,0,0,0,0,0,0,0, 0,0,0,0,0,5,0,0,0,0
9080,3,242,-55.4,72,32,-8.88987,6.13271,0,0,0,0,0,0,0,0,0,0,0, 0,0,0,0,0,5,0,0,0,0
9080,4,153,-51.6,76,32,-8.93411,7.08108,0,0,0,0,0,0,0,0,0,0,0, 0,0,0,0,0,5,0,0,0,0
9080,5,16,-2.4,204,33,-1.2814,30.5732,0,0,0,0,0,0,0,0,0,0,0, 0,0,0,0,0,5,0,0,0,0
9080,6,112,-42.9,80,32,-8.16865,8.79051,0,0,0,0,0,0,0,0,0,0,0, 0,0,0,0,0,5,0,0,0,0
9080,7,24,1.8,208,32.5,0.980016,31.1846,0,0,0,0,0,0,0,0,0,0,0, 0,0,0,0,0,5,0,0,0,0
9080,8,100,-39.3,84,32,-7.9806,9.75039,0,0,0,0,0,0,0,0,0,0,0, 0,0,0,0,0,5,0,0,0,0
9080,9,20,1.3,212,31.75,0.721457,31.7918,0,0,0,0,0,0,0,0,0,0,0, 0,0,0,0,0,5,0,0,0,0
9080,10,138,-57.4,60,32,-7.58207,4.84894,0,0,0,0,0,0,0,0,0,0,0, 0,0,0,0,0,5,0,0,0,0
9080,11,17,4.8,220,31.5,2.76137,32.8843,0,0,0,0,0,0,0,0,0,0,0, 0,0,0,0,0,5,0,0,0,0
9120,0,244,-56.5,64,32,-8.0053,5.2986,0,0,0,0,0,0,0,0,0,0,0, 0,0,0,0,0,6,0,0,0,0
9120,1,289,-55.4,68,32,-8.39599,5.79201,0,0,0,0,0,0,0,0,0,0,0, 0,0,0,0,0,6,0,0,0,0
9120,2,241,-54.4,72,32,-8.78149,6.28693,0,0,0,0,0,0,0,0,0,0,0, 0,0,0,0,0,6,0,0,0,0
9120,3,157,-51.6,76,32,-8.93411,7.08108,0,0,0,0,0,0,0,0,0,0,0, 0,0,0,0,0,6,0,0,0,0
9120,4,116,-42.9,80,32,-8.16865,8.79051,0,0,0,0,0,0,0,0,0,0,0, 0,0,0,0,0,6,0,0,0,0
9120,5,15,-3,208,33,-1.63288,31.1572,0,0,0,0,0,0,0,0,0,0,0, 0,0,0,0,0,6,0,0,0,0
9120,6,102,-38.7,84,32,-7.87806,9.83342,0,0,0,0,0,0,0,0,0,0,0, 0,0,0,0,0,6,0,0,0,0
9120,7,19,6.1,216,31.75,3.44296,32.2165,0,0,0,0,0,0,0,0,0,0,0, 0,0,0,0,0,6,0,0,0,0
9120,8,137,-57.4,60,32,-7.58207,4.84894,0,0,0,0,0,0,0,0,0,0,0, 0,0,0,0,0,6,0,0,0,0
9160,0,244,-57.4,64,32,-8.08754,5.1722,0,0,0,0,0,0,0,0,0,0,0, 0,0,0,0,0,7,0,0,0,0
9160,1,17,7.2,224,31.25,4.2112,33.3351,0,0,0,0,0,0,0,0,0,0,0, 0,0,0,0,0,7,0,0,0,0
9160,2,16,4.2,224,32.25,2.4608,33.5098,0,0,0,0,0,0,0,0,0,0,0, 0,0,0,0,0,7,0,0,0,0
9160,3,289,-56.5,68,32,-8.50564,5.62976,0,0,0,0,0,0,0,0,0,0,0, 0,0,0,0,0,7,0,0,0,0
9160,4,242,-55.4,72,32,-8.88987,6.13271,0,0,0,0,0,0,0,0,0,0,0, 0,0,0,0,0,7,0,0,0,0
9160,5,156,-53.4,76,32,-9.15212,6.79696,0,0,0,0,0,0,0,0,0,0,0, 0,0,0,0,0,7,0,0,0,0
9160,6,112,-45,80,32,-8.48528,8.48528,0,0,0,0,0,0,0,0,0,0,0, 0,0,0,0,0,7,0,0,0,0
9160,7,98,-41.1,84,32,-8.28293,9.4949,0,0,0,0,0,0,0,0,0,0,0, 0,0,0,0,0,7,0,0,0,0
9160,8,138,-58.4,60,32,-7.66554,4.71587,0,0,0,0,0,0,0,0,0,0,0, 0,0,0,0,0,7,0,0,0,0
9160,9,28,0.6,220,31.75,0.345569,32.9982,0,0,0,0,0,0,0,0,0,0,0, 0,0,0,0,0,7,0,0,0,0
9200,0,245,-56.5,64,32,-8.0053,5.2986,0,0,0,0,0,0,0,0,0,0,0, 0,0,0,0,0,8,0,0,0,0
9200,1,291,-56.5,68,32,-8.50564,5.62976,0,0,0,0,0,0,0,0,0,0,0, 0,0,0,0,0,8,0,0,0,0
9200,2,25,-3,228,31.75,-1.78989,34.1531,0,0,0,0,0,0,0,0,0,0,0, 0,0,0,0,0,8,0,0,0,0
9200,3,243,-55.4,72,32,-8.88987,6.13271,0,0,0,0,0,0,0,0,0,0,0, 0,0,0,0,0,8,0,0,0,0
9200,4,153,-54.4,76,32,-9.26935,6.6362,0,0,0,0,0,0,0,0,0,0,0, 0,0,0,0,0,8,0,0,0,0
9200,5,20,-1.8,236,31.5,-1.11194,35.3825,0,0,0,0,0,0,0,0,0,0,0, 0,0,0,0,0,8,0,0,0,0
9200,6,111,-46.7,80,32,-8.73327,8.22982,0,0,0,0,0,0,0,0,0,0,0, 0,0,0,0,0,8,0,0,0,0
9200,7,17,-1.2,240,31,-0.753927,35.9921,0,0,0,0,0,0,0,0,0,0,0, 0,0,0,0,0,8,0,0,0,0
9200,8,96,-42.3,84,32,-8.47996,9.31935,0,0,0,0,0,0,0,0,0,0,0, 0,0,0,0,0,8,0,0,0,0
9200,9,33,-1.8,216,31.75,-1.01771,32.384,0,0,0,0,0,0,0,0,0,0,0, 0,0,0,0,0,8,0,0,0,0
9200,10,31,-3,216,32.25,-1.69569,32.3556,0,0,0,0,0,0,0,0,0,0,0, 0,0,0,0,0,8,0,0,0,0
9200,11,138,-57.4,60,32,-7.58207,4.84894,0,0,0,0,0,0,0,0,0,0,0, 0,0,0,0,0,8,0,0,0,0
9200,12,26,-0.6,220,31.75,-0.345569,32.9982,0,0,0,0,0,0,0,0,0,0,0, 0,0,0,0,0,8,0,0,0,0
9200,13,23,0.1,220,32.25,0.0575958,33,0,0,0,0,0,0,0,0,0,0,0, 0,0,0,0,0,8,0,0,0,0
9240,0,247,-56.5,64,32,-8.0053,5.2986,0,1334,0,0,0,0,0,0,0,0,0, 0,0,0,0,0,9,0,0,0,0
9240,1,292,-56.5,68,32,-8.50564,5.62976,0,1334,0,0,0,0,0,0,0,0,0, 0,0,0,0,0,9,0,0,0,0
9240,2,242,-55.4,72,32,-8.88987,6.13271,0,1334,0,0,0,0,0,0,0,0,0, 0,0,0,0,0,9,0,0,0,0
9240,3,154,-54.4,76,32,-9.26935,6.6362,0,1334,0,0,0,0,0,0,0,0,0, 0,0,0,0,0,9,0,0,0,0
9240,4,108,-46.7,80,32,-8.73327,8.22982,0,1334,0,0,0,0,0,0,0,0,0, 0,0,0,0,0,9,0,0,0,0
9240,5,93,-41.1,84,32,-8.28293,9.4949,0,1334,0,0,0,0,0,0,0,0,0, 0,0,0,0,0,9,0,0,0,0
9240,6,22,6.1,212,31.25,3.3792,31.6199,0,1334,0,0,0,0,0,0,0,0,0, 0,0,0,0,0,9,0,0,0,0
9240,7,138,-58.4,60,32,-7.66554,4.71587,0,1334,0,0,0,0,0,0,0,0,0, 0,0,0,0,0,9,0,0,0,0
9280,0,246,-56.5,64,32,-8.0053,5.2986,0,0,0,0,0,0,0,0,0,0,0, 0,0,0,0,0,10,0,0,0,0
9280,1,291,-55.4,68,32,-8.39599,5.79201,0,0,0,0,0,0,0,0,0,0,0, 0,0,0,0,0,10,0,0,0,0
9280,2,243,-55.4,72,32,-8.88987,6.13271,0,0,0,0,0,0,0,0,0,0,0, 0,0,0,0,0,10,0,0,0,0
9280,3,156,-55.4,76,32,-9.38375,6.47342,0,0,0,0,0,0,0,0,0,0,0, 0,0,0,0,0,10,0,0,0,0
9280,4,110,-48,80,32,-8.91774,8.02957,0,0,0,0,0,0,0,0,0,0,0, 0,0,0,0,0,10,0,0,0,0
9280,5,95,-42.3,84,32,-8.47996,9.31935,0,0,0,0,0,0,0,0,0,0,0, 0,0,0,0,0,10,0,0,0,0
9280,6,139,-57.4,60,32,-7.58207,4.84894,0,0,0,0,0,0,0,0,0,0,0, 0,0,0,0,0,10,0,0,0,0
9320,0,246,-56.5,64,32,-8.0053,5.2986,0,7936,0,0,0,0,0,0,0,0,0, 0,0,0,0,0,11,0,0,0,0
9320,1,291,-56.5,68,32,-8.50564,5.62976,0,7936,0,0,0,0,0,0,0,0,0, 0,0,0,0,0,11,0,0,0,0
9320,2,243,-55.4,72,32,-8.88987,6.13271,0,7936,0,0,0,0,0,0,0,0,0, 0,0,0,0,0,11,0,0,0,0
9320,3,157,-55.4,76,32,-9.38375,6.47342,0,7936,0,0,0,0,0,0,0,0,0, 0,0,0,0,0,11,0,0,0,0
9320,4,110,-49.8,80,32,-9.16555,7.74549,0,7936,0,0,0,0,0,0,0,0,0, 0,0,0,0,0,11,0,0,0,0
9320,5,96,-41.7,84,32,-8.3819,9.40764,0,7936,0,0,0,0,0,0,0,0,0, 0,0,0,0,0,11,0,0,0,0
9320,6,24,2.4,216,31.75,1.35677,32.3716,0,7936,0,0,0,0,0,0,0,0,0, 0,0,0,0,0,11,0,0,0,0
9320,7,140,-57.4,60,32,-7.58207,4.84894,0,7936,0,0,0,0,0,0,0,0,0, 0,0,0,0,0,11,0,0,0,0
9360,0,248,-56.5,64,32,-8.0053,5.2986,0,1139,0,0,0,0,0,0,0,0,0, 0,0,0,0,0,12,0,0,0,0
9360,1,291,-56.5,68,32,-8.50564,5.62976,0,1139,0,0,0,0,0,0,0,0,0, 0,0,0,0,0,12,0,0,0,0
9360,2,245,-56.5,72,32,-9.00597,5.96092,0,1139,0,0,0,0,0,0,0,0,0, 0,0,0,0,0,12,0,0,0,0
9360,3,156,-55.4,76,32,-9.38375,6.47342,0,1139,0,0,0,0,0,0,0,0,0, 0,0,0,0,0,12,0,0,0,0
9360,4,107,-53.4,80,32,-9.63381,7.1547,0,1139,0,0,0,0,0,0,0,0,0, 0,0,0,0,0,12,0,0,0,0
9360,5,89,-46.7,84,32,-9.16994,8.64131,0,1139,0,0,0,0,0,0,0,0,0, 0,0,0,0,0,12,0,0,0,0
9360,6,141,-57.4,60,32,-7.58207,4.84894,0,1139,0,0,0,0,0,0,0,0,0, 0,0,0,0,0,12,0,0,0,0
9400,0,249,-57.4,64,32,-8.08754,5.1722,0,86,0,0,0,0,0,0,0,0,0, 0,0,0,0,0,13,0,0,0,0
9400,1,292,-56.5,68,32,-8.50564,5.62976,0,86,0,0,0,0,0,0,0,0,0, 0,0,0,0,0,13,0,0,0,0
9400,2,245,-55.4,72,32,-8.88987,6.13271,0,86,0,0,0,0,0,0,0,0,0, 0,0,0,0,0,13,0,0,0,0
9400,3,159,-53.4,76,32,-9.15212,6.79696,0,86,0,0,0,0,0,0,0,0,0, 0,0,0,0,0,13,0,0,0,0
9400,4,110,-48,80,32,-8.91774,8.02957,0,86,0,0,0,0,0,0,0,0,0, 0,0,0,0,0,13,0,0,0,0
9400,5,91,-44.2,84,32,-8.78428,9.03307,0,86,0,0,0,0,0,0,0,0,0, 0,0,0,0,0,13,0,0,0,0
9400,6,29,3.6,216,31.75,2.03441,32.3361,0,86,0,0,0,0,0,0,0,0,0, 0,0,0,0,0,13,0,0,0,0
9400,7,15,3.1,216,35,1.75215,32.3526,0,86,0,0,0,0,0,0,0,0,0, 0,0,0,0,0,13,0,0,0,0
9400,8,141,-56.5,60,32,-7.50497,4.96743,0,86,0,0,0,0,0,0,0,0,0, 0,0,0,0,0,13,0,0,0,0
9440,0,248,-56.5,64,32,-8.0053,5.2986,0,0,0,0,0,0,0,0,0,0,0, 0,0,0,0,0,14,0,0,0,0
9440,1,293,-55.4,68,32,-8.39599,5.79201,0,0,0,0,0,0,0,0,0,0,0, 0,0,0,0,0,14,0,0,0,0
9440,2,244,-55.4,72,32,-8.88987,6.13271,0,0,0,0,0,0,0,0,0,0,0, 0,0,0,0,0,14,0,0,0,0
9440,3,157,-53.4,76,32,-9.15212,6.79696,0,0,0,0,0,0,0,0,0,0,0, 0,0,0,0,0,14,0,0,0,0
9440,4,110,-48,80,32,-8.91774,8.02957,0,0,0,0,0,0,0,0,0,0,0, 0,0,0,0,0,14,0,0,0,0
9440,5,91,-44.2,84,32,-8.78428,9.03307,0,0,0,0,0,0,0,0,0,0,0, 0,0,0,0,0,14,0,0,0,0
9440,6,139,-57.4,60,32,-7.58207,4.84894,0,0,0,0,0,0,0,0,0,0,0, 0,0,0,0,0,14,0,0,0,0
9480,0,247,-56.5,64,32,-8.0053,5.2986,0,0,0,0,0,0,0,0,0,0,0, 0,0,0,0,0,15,0,0,0,0
9480,1,291,-56.5,68,32,-8.50564,5.62976,0,0,0,0,0,0,0,0,0,0,0, 0,0,0,0,0,15,0,0,0,0
9480,2,243,-55.4,72,32,-8.88987,6.13271,0,0,0,0,0,0,0,0,0,0,0, 0,0,0,0,0,15,0,0,0,0
9480,3,156,-53.4,76,32,-9.15212,6.79696,0,0,0,0,0,0,0,0,0,0,0, 0,0,0,0,0,15,0,0,0,0
9480,4,107,-48,80,32,-8.91774,8.02957,0,0,0,0,0,0,0,0,0,0,0, 0,0,0,0,0,15,0,0,0,0
9480,5,90,-43.6,84,32,-8.68921,9.12457,0,0,0,0,0,0,0,0,0,0,0, 0,0,0,0,0,15,0,0,0,0
9480,6,139,-58.4,60,32,-7.66554,4.71587,0,0,0,0,0,0,0,0,0,0,0, 0,0,0,0,0,15,0,0,0,0
9520,0,245,-57.4,64,32,-8.08754,5.1722,0,0,0,0,0,0,0,0,0,0,0, 0,0,0,0,0,0,0,0,0,0
9520,1,17,-5.4,224,32.25,-3.16204,33.4509,0,0,0,0,0,0,0,0,0,0,0, 0,0,0,0,0,0,0,0,0,0
9520,2,289,-56.5,68,32,-8.50564,5.62976,0,0,0,0,0,0,0,0,0,0,0, 0,0,0,0,0,0,0,0,0,0
9520,3,240,-55.4,72,32,-8.88987,6.13271,0,0,0,0,0,0,0,0,0,0,0, 0,0,0,0,0,0,0,0,0,0
9520,4,150,-54.4,76,32,-9.26935,6.6362,0,0,0,0,0,0,0,0,0,0,0, 0,0,0,0,0,0,0,0,0,0
9520,5,100,-48,80,32,-8.91774,8.02957,0,0,0,0,0,0,0,0,0,0,0, 0,0,0,0,0,0,0,0,0,0
9520,6,82,-42.3,84,32,-8.47996,9.31935,0,0,0,0,0,0,0,0,0,0,0, 0,0,0,0,0,0,0,0,0,0
9520,7,139,-57.4,60,32,-7.58207,4.84894,0,0,0,0,0,0,0,0,0,0,0, 0,0,0,0,0,0,0,0,0,0
9560,0,245,-56.5,64,32,-8.0053,5.2986,0,0,0,0,0,0,0,0,0,0,0, 0,0,0,0,0,1,0,0,0,0
9560,1,289,-56.5,68,32,-8.50564,5.62976,0,0,0,0,0,0,0,0,0,0,0, 0,0,0,0,0,1,0,0,0,0
9560,2,242,-55.4,72,32,-8.88987,6.13271,0,0,0,0,0,0,0,0,0,0,0, 0,0,0,0,0,1,0,0,0,0
9560,3,155,-53.4,76,32,-9.15212,6.79696,0,0,0,0,0,0,0,0,0,0,0, 0,0,0,0,0,1,0,0,0,0
9560,4,104,-53.4,80,32,-9.63381,7.1547,0,0,0,0,0,0,0,0,0,0,0, 0,0,0,0,0,1,0,0,0,0
9560,5,81,-49.8,84,32,-9.62383,8.13277,0,0,0,0,0,0,0,0,0,0,0, 0,0,0,0,0,1,0,0,0,0
9560,6,17,-1.2,216,30.75,-0.678535,32.3929,0,0,0,0,0,0,0,0,0,0,0, 0,0,0,0,0,1,0,0,0,0
9560,7,20,-1.2,216,31,-0.678535,32.3929,0,0,0,0,0,0,0,0,0,0,0, 0,0,0,0,0,1,0,0,0,0
9560,8,139,-56.5,60,32,-7.50497,4.96743,0,0,0,0,0,0,0,0,0,0,0, 0,0,0,0,0,1,0,0,0,0
9560,9,25,-3,220,31.25,-1.72709,32.9548,0,0,0,0,0,0,0,0,0,0,0, 0,0,0,0,0,1,0,0,0,0
9600,0,245,-56.5,64,32,-8.0053,5.2986,0,0,0,0,0,0,0,0,0,0,0, 0,0,0,0,0,2,0,0,0,0
9600,1,28,0.1,224,31.25,0.058643,33.5999,0,0,0,0,0,0,0,0,0,0,0, 0,0,0,0,0,2,0,0,0,0
9600,2,17,-0.6,224,32.25,-0.351852,33.5982,0,0,0,0,0,0,0,0,0,0,0, 0,0,0,0,0,2,0,0,0,0
9600,3,290,-55.4,68,32,-8.39599,5.79201,0,0,0,0,0,0,0,0,0,0,0, 0,0,0,0,0,2,0,0,0,0
9600,4,243,-55.4,72,32,-8.88987,6.13271,0,0,0,0,0,0,0,0,0,0,0, 0,0,0,0,0,2,0,0,0,0
9600,5,158,-53.4,76,32,-9.15212,6.79696,0,0,0,0,0,0,0,0,0,0,0, 0,0,0,0,0,2,0,0,0,0
9600,6,103,-54.4,80,32,-9.75721,6.98548,0,0,0,0,0,0,0,0,0,0,0, 0,0,0,0,0,2,0,0,0,0
9600,7,139,-57.4,60,32,-7.58207,4.84894,0,0,0,0,0,0,0,0,0,0,0, 0,0,0,0,0,2,0,0,0,0
9640,0,244,-57.4,64,32,-8.08754,5.1722,0,0,0,0,0,0,0,0,0,0,0, 0,0,0,0,0,3,0,0,0,0
9640,1,31,1.8,224,31.25,1.0554,33.5834,0,0,0,0,0,0,0,0,0,0,0, 0,0,0,0,0,3,0,0,0,0
9640,2,291,-56.5,68,32,-8.50564,5.62976,0,0,0,0,0,0,0,0,0,0,0, 0,0,0,0,0,3,0,0,0,0
9640,3,243,-55.4,72,32,-8.88987,6.13271,0,0,0,0,0,0,0,0,0,0,0, 0,0,0,0,0,3,0,0,0,0
9640,4,159,-53.4,76,32,-9.15212,6.79696,0,0,0,0,0,0,0,0,0,0,0, 0,0,0,0,0,3,0,0,0,0
9640,5,108,-49.8,80,32,-9.16555,7.74549,0,0,0,0,0,0,0,0,0,0,0, 0,0,0,0,0,3,0,0,0,0
9640,6,86,-46.7,84,32,-9.16994,8.64131,0,0,0,0,0,0,0,0,0,0,0, 0,0,0,0,0,3,0,0,0,0
9640,7,139,-57.4,60,32,-7.58207,4.84894,0,0,0,0,0,0,0,0,0,0,0, 0,0,0,0,0,3,0,0,0,0
9640,8,21,-3,220,31,-1.72709,32.9548,0,0,0,0,0,0,0,0,0,0,0, 0,0,0,0,0,3,0,0,0,0
9680,0,245,-57.4,64,32,-8.08754,5.1722,0,0,0,0,0,0,0,0,0,0,0, 0,0,0,0,0,4,0,0,0,0
9680,1,289,-56.5,68,32,-8.50564,5.62976,0,0,0,0,0,0,0,0,0,0,0, 0,0,0,0,0,4,0,0,0,0
9680,2,241,-55.4,72,32,-8.88987,6.13271,0,0,0,0,0,0,0,0,0,0,0, 0,0,0,0,0,4,0,0,0,0
9680,3,156,-53.4,76,32,-9.15212,6.79696,0,0,0,0,0,0,0,0,0,0,0, 0,0,0,0,0,4,0,0,0,0
9680,4,109,-49.8,80,32,-9.16555,7.74549,0,0,0,0,0,0,0,0,0,0,0, 0,0,0,0,0,4,0,0,0,0
9680,5,87,-48,84,32,-9.36363,8.43105,0,0,0,0,0,0,0,0,0,0,0, 0,0,0,0,0,4,0,0,0,0
9680,6,138,-58.4,60,32,-7.66554,4.71587,0,0,0,0,0,0,0,0,0,0,0, 0,0,0,0,0,4,0,0,0,0
9720,0,245,-57.4,64,32,-8.08754,5.1722,0,0,0,0,0,0,0,0,0,0,0, 0,0,0,0,0,5,0,0,0,0
9720,1,290,-56.5,68,32,-8.50564,5.62976,0,0,0,0,0,0,0,0,0,0,0, 0,0,0,0,0,5,0,0,0,0
9720,2,242,-56.5,72,32,-9.00597,5.96092,0,0,0,0,0,0,0,0,0,0,0, 0,0,0,0,0,5,0,0,0,0
9720,3,156,-54.4,76,32,-9.26935,6.6362,0,0,0,0,0,0,0,0,0,0,0, 0,0,0,0,0,5,0,0,0,0
9720,4,111,-48,80,32,-8.91774,8.02957,0,0,0,0,0,0,0,0,0,0,0, 0,0,0,0,0,5,0,0,0,0
9720,5,91,-44.2,84,32,-8.78428,9.03307,0,0,0,0,0,0,0,0,0,0,0, 0,0,0,0,0,5,0,0,0,0
9720,6,20,0.6,216,31.25,0.339286,32.3982,0,0,0,0,0,0,0,0,0,0,0, 0,0,0,0,0,5,0,0,0,0
9720,7,139,-57.4,60,32,-7.58207,4.84894,0,0,0,0,0,0,0,0,0,0,0, 0,0,0,0,0,5,0,0,0,0
9760,0,246,-56.5,64,32,-8.0053,5.2986,0,0,0,0,0,0,0,0,0,0,0, 0,0,0,0,0,6,0,0,0,0
9760,1,24,-0.6,224,31.5,-0.351852,33.5982,0,0,0,0,0,0,0,0,0,0,0, 0,0,0,0,0,6,0,0,0,0
9760,2,290,-56.5,68,32,-8.50564,5.62976,0,0,0,0,0,0,0,0,0,0,0, 0,0,0,0,0,6,0,0,0,0
9760,3,242,-55.4,72,32,-8.88987,6.13271,0,0,0,0,0,0,0,0,0,0,0, 0,0,0,0,0,6,0,0,0,0
9760,4,153,-54.4,76,32,-9.26935,6.6362,0,0,0,0,0,0,0,0,0,0,0, 0,0,0,0,0,6,0,0,0,0
9760,5,106,-49.8,80,32,-9.16555,7.74549,0,0,0,0,0,0,0,0,0,0,0, 0,0,0,0,0,6,0,0,0,0
9760,6,88,-45.9,84,32,-9.04839,8.7685,0,0,0,0,0,0,0,0,0,0,0, 0,0,0,0,0,6,0,0,0,0
9760,7,138,-57.4,60,32,-7.58207,4.84894,0,0,0,0,0,0,0,0,0,0,0, 0,0,0,0,0,6,0,0,0,0
9760,8,22,0.6,220,31.75,0.345569,32.9982,0,0,0,0,0,0,0,0,0,0,0, 0,0,0,0,0,6,0,0,0,0
9800,0,245,-57.4,64,32,-8.08754,5.1722,0,0,0,0,0,0,0,0,0,0,0, 0,0,0,0,0,7,0,0,0,0
9800,1,288,-56.5,68,32,-8.50564,5.62976,0,0,0,0,0,0,0,0,0,0,0, 0,0,0,0,0,7,0,0,0,0
9800,2,43,67.6,8,33,1.10946,0.457284,0,0,0,0,0,0,0,0,0,0,0, 0,0,0,0,0,7,0,0,0,0
9800,3,239,-56.5,72,32,-9.00597,5.96092,0,0,0,0,0,0,0,0,0,0,0, 0,0,0,0,0,7,0,0,0,0
9800,4,152,-55.4,76,32,-9.38375,6.47342,0,0,0,0,0,0,0,0,0,0,0, 0,0,0,0,0,7,0,0,0,0
9800,5,106,-49.8,80,32,-9.16555,7.74549,0,0,0,0,0,0,0,0,0,0,0, 0,0,0,0,0,7,0,0,0,0
9800,6,95,-42.9,84,32,-8.57708,9.23004,0,0,0,0,0,0,0,0,0,0,0, 0,0,0,0,0,7,0,0,0,0
9800,7,23,-1.2,212,31.75,-0.665969,31.793,0,0,0,0,0,0,0,0,0,0,0, 0,0,0,0,0,7,0,0,0,0
9800,8,21,-1.2,212,32.25,-0.665969,31.793,0,0,0,0,0,0,0,0,0,0,0, 0,0,0,0,0,7,0,0,0,0
9800,9,138,-58.4,60,32,-7.66554,4.71587,0,0,0,0,0,0,0,0,0,0,0, 0,0,0,0,0,7,0,0,0,0
9840,0,244,-57.4,64,32,-8.08754,5.1722,0,0,0,0,0,0,0,0,0,0,0, 0,0,0,0,0,8,0,0,0,0
9840,1,289,-57.4,68,32,-8.59301,5.49546,0,0,0,0,0,0,0,0,0,0,0, 0,0,0,0,0,8,0,0,0,0
9840,2,240,-56.5,72,32,-9.00597,5.96092,0,0,0,0,0,0,0,0,0,0,0, 0,0,0,0,0,8,0,0,0,0
9840,3,154,-54.4,76,32,-9.26935,6.6362,0,0,0,0,0,0,0,0,0,0,0, 0,0,0,0,0,8,0,0,0,0
9840,4,112,-45,80,32,-8.48528,8.48528,0,0,0,0,0,0,0,0,0,0,0, 0,0,0,0,0,8,0,0,0,0
9840,5,99,-41.7,84,32,-8.3819,9.40764,0,0,0,0,0,0,0,0,0,0,0, 0,0,0,0,0,8,0,0,0,0
9840,6,25,-4.8,212,32.5,-2.66096,31.6885,0,0,0,0,0,0,0,0,0,0,0, 0,0,0,0,0,8,0,0,0,0
9840,7,140,-58.4,60,32,-7.66554,4.71587,0,0,0,0,0,0,0,0,0,0,0, 0,0,0,0,0,8,0,0,0,0
9880,0,244,-58.4,64,32,-8.17658,5.03026,0,1334,0,0,0,0,0,0,0,0,0, 0,0,0,0,0,9,0,0,0,0
9880,1,288,-57.4,68,32,-8.59301,5.49546,0,1334,0,0,0,0,0,0,0,0,0, 0,0,0,0,0,9,0,0,0,0
9880,2,241,-57.4,72,32,-9.09849,5.81872,0,1334,0,0,0,0,0,0,0,0,0, 0,0,0,0,0,9,0,0,0,0
9880,3,152,-55.4,76,32,-9.38375,6.47342,0,1334,0,0,0,0,0,0,0,0,0, 0,0,0,0,0,9,0,0,0,0
9880,4,106,-48,80,32,-8.91774,8.02957,0,1334,0,0,0,0,0,0,0,0,0, 0,0,0,0,0,9,0,0,0,0
9880,5,89,-43.6,84,32,-8.68921,9.12457,0,1334,0,0,0,0,0,0,0,0,0, 0,0,0,0,0,9,0,0,0,0
9880,6,138,-58.4,60,32,-7.66554,4.71587,0,1334,0,0,0,0,0,0,0,0,0, 0,0,0,0,0,9,0,0,0,0
9920,0,244,-57.4,64,32,-8.08754,5.1722,0,0,0,0,0,0,0,0,0,0,0, 0,0,0,0,0,10,0,0,0,0
9920,1,290,-57.4,68,32,-8.59301,5.49546,0,0,0,0,0,0,0,0,0,0,0, 0,0,0,0,0,10,0,0,0,0
9920,2,243,-56.5,72,32,-9.00597,5.96092,0,0,0,0,0,0,0,0,0,0,0, 0,0,0,0,0,10,0,0,0,0
9920,3,158,-55.4,76,32,-9.38375,6.47342,0,0,0,0,0,0,0,0,0,0,0, 0,0,0,0,0,10,0,0,0,0
9920,4,108,-51.6,80,32,-9.40432,7.45377,0,0,0,0,0,0,0,0,0,0,0, 0,0,0,0,0,10,0,0,0,0
9920,5,14,0.1,208,32.5,0.0544542,31.2,0,0,0,0,0,0,0,0,0,0,0, 0,0,0,0,0,10,0,0,0,0
9920,6,85,-51.6,84,32,-9.87454,7.82646,0,0,0,0,0,0,0,0,0,0,0, 0,0,0,0,0,10,0,0,0,0
9920,7,140,-58.4,60,32,-7.66554,4.71587,0,0,0,0,0,0,0,0,0,0,0, 0,0,0,0,0,10,0,0,0,0
9960,0,245,-57.4,64,32,-8.08754,5.1722,0,7936,0,0,0,0,0,0,0,0,0, 0,0,0,0,0,11,0,0,0,0
9960,1,292,-56.5,68,32,-8.50564,5.62976,0,7936,0,0,0,0,0,0,0,0,0, 0,0,0,0,0,11,0,0,0,0
9960,2,245,-55.4,72,32,-8.88987,6.13271,0,7936,0,0,0,0,0,0,0,0,0, 0,0,0,0,0,11,0,0,0,0
9960,3,160,-53.4,76,32,-9.15212,6.79696,0,7936,0,0,0,0,0,0,0,0,0, 0,0,0,0,0,11,0,0,0,0
9960,4,112,-46.7,80,32,-8.73327,8.22982,0,7936,0,0,0,0,0,0,0,0,0, 0,0,0,0,0,11,0,0,0,0
9960,5,90,-45,84,32,-8.90955,8.90955,0,7936,0,0,0,0,0,0,0,0,0, 0,0,0,0,0,11,0,0,0,0
9960,6,139,-57.4,60,32,-7.58207,4.84894,0,7936,0,0,0,0,0,0,0,0,0, 0,0,0,0,0,11,0,0,0,0
10000,0,244,-56.5,64,32,-8.0053,5.2986,0,1139,0,0,0,0,0,0,0,0,0, 0,0,0,0,0,12,0,0,0,0
10000,1,290,-56.5,68,32,-8.50564,5.62976,0,1139,0,0,0,0,0,0,0,0,0, 0,0,0,0,0,12,0,0,0,0
10000,2,244,-55.4,72,32,-8.88987,6.13271,0,1139,0,0,0,0,0,0,0,0,0, 0,0,0,0,0,12,0,0,0,0
10000,3,161,-53.4,76,32,-9.15212,6.79696,0,1139,0,0,0,0,0,0,0,0,0, 0,0,0,0,0,12,0,0,0,0
10000,4,115,-45.9,80,32,-8.61752,8.35095,0,1139,0,0,0,0,0,0,0,0,0, 0,0,0,0,0,12,0,0,0,0
10000,5,93,-43.6,84,32,-8.68921,9.12457,0,1139,0,0,0,0,0,0,0,0,0, 0,0,0,0,0,12,0,0,0,0
10000,6,140,-57.4,60,32,-7.58207,4.84894,0,1139,0,0,0,0,0,0,0,0,0, 0,0,0,0,0,12,0,0,0,0
10040,0,246,-56.5,64,32,-8.0053,5.2986,0,86,0,0,0,0,0,0,0,0,0, 0,0,0,0,0,13,0,0,0,0
10040,1,292,-56.5,68,32,-8.50564,5.62976,0,86,0,0,0,0,0,0,0,0,0, 0,0,0,0,0,13,0,0,0,0
10040,2,43,71.1,8,33,1.1353,0.388701,0,86,0,0,0,0,0,0,0,0,0, 0,0,0,0,0,13,0,0,0,0
10040,3,244,-56.5,72,32,-9.00597,5.96092,0,86,0,0,0,0,0,0,0,0,0, 0,0,0,0,0,13,0,0,0,0
10040,4,157,-54.4,76,32,-9.26935,6.6362,0,86,0,0,0,0,0,0,0,0,0, 0,0,0,0,0,13,0,0,0,0
10040,5,108,-48,80,32,-8.91774,8.02957,0,86,0,0,0,0,0,0,0,0,0, 0,0,0,0,0,13,0,0,0,0
10040,6,90,-44.2,84,32,-8.78428,9.03307,0,86,0,0,0,0,0,0,0,0,0, 0,0,0,0,0,13,0,0,0,0
10040,7,142,-57.4,60,32,-7.58207,4.84894,0,86,0,0,0,0,0,0,0,0,0, 0,0,0,0,0,13,0,0,0,0
10080,0,245,-57.4,64,32,-8.08754,5.1722,0,0,0,0,0,0,0,0,0,0,0, 0,0,0,0,0,14,0,0,0,0
10080,1,293,-56.5,68,32,-8.50564,5.62976,0,0,0,0,0,0,0,0,0,0,0, 0,0,0,0,0,14,0,0,0,0
10080,2,244,-55.4,72,32,-8.88987,6.13271,0,0,0,0,0,0,0,0,0,0,0, 0,0,0,0,0,14,0,0,0,0
10080,3,157,-54.4,76,32,-9.26935,6.6362,0,0,0,0,0,0,0,0,0,0,0, 0,0,0,0,0,14,0,0,0,0
10080,4,111,-46.7,80,32,-8.73327,8.22982,0,0,0,0,0,0,0,0,0,0,0, 0,0,0,0,0,14,0,0,0,0
10080,5,91,-43.6,84,32,-8.68921,9.12457,0,0,0,0,0,0,0,0,0,0,0, 0,0,0,0,0,14,0,0,0,0
10080,6,138,-57.4,60,32,-7.58207,4.84894,0,0,0,0,0,0,0,0,0,0,0, 0,0,0,0,0,14,0,0,0,0
10120,0,246,-56.5,64,32,-8.0053,5.2986,0,0,0,0,0,0,0,0,0,0,0, 0,0,0,0,0,15,0,0,0,0
10120,1,292,-56.5,68,32,-8.50564,5.62976,0,0,0,0,0,0,0,0,0,0,0, 0,0,0,0,0,15,0,0,0,0
10120,2,245,-55.4,72,32,-8.88987,6.13271,0,0,0,0,0,0,0,0,0,0,0, 0,0,0,0,0,15,0,0,0,0
10120,3,160,-53.4,76,32,-9.15212,6.79696,0,0,0,0,0,0,0,0,0,0,0, 0,0,0,0,0,15,0,0,0,0
10120,4,17,-5.4,236,31.75,-3.33143,35.2429,0,0,0,0,0,0,0,0,0,0,0, 0,0,0,0,0,15,0,0,0,0
10120,5,114,-45.9,80,32,-8.61752,8.35095,0,0,0,0,0,0,0,0,0,0,0, 0,0,0,0,0,15,0,0,0,0
10120,6,96,-42.9,84,32,-8.57708,9.23004,0,0,0,0,0,0,0,0,0,0,0, 0,0,0,0,0,15,0,0,0,0
10120,7,18,-4.8,212,32.25,-2.66096,31.6885,0,0,0,0,0,0,0,0,0,0,0, 0,0,0,0,0,15,0,0,0,0
10120,8,140,-56.5,60,32,-7.50497,4.96743,0,0,0,0,0,0,0,0,0,0,0, 0,0,0,0,0,15,0,0,0,0
10160,0,247,-56.5,64,32,-8.0053,5.2986,0,0,0,0,0,0,0,0,0,0,0, 0,0,0,0,0,0,0,0,0,0
10160,1,293,-56.5,68,32,-8.50564,5.62976,0,0,0,0,0,0,0,0,0,0,0, 0,0,0,0,0,0,0,0,0,0
10160,2,42,72.4,8,33,1.14383,0.362844,0,0,0,0,0,0,0,0,0,0,0, 0,0,0,0,0,0,0,0,0,0
10160,3,245,-55.4,72,32,-8.88987,6.13271,0,0,0,0,0,0,0,0,0,0,0, 0,0,0,0,0,0,0,0,0,0
10160,4,161,-51.6,76,32,-8.93411,7.08108,0,0,0,0,0,0,0,0,0,0,0, 0,0,0,0,0,0,0,0,0,0
10160,5,116,-45.9,80,32,-8.61752,8.35095,0,0,0,0,0,0,0,0,0,0,0, 0,0,0,0,0,0,0,0,0,0
10160,6,98,-42.9,84,32,-8.57708,9.23004,0,0,0,0,0,0,0,0,0,0,0, 0,0,0,0,0,0,0,0,0,0
10160,7,138,-56.5,60,32,-7.50497,4.96743,0,0,0,0,0,0,0,0,0,0,0, 0,0,0,0,0,0,0,0,0,0
10200,0,245,-56.5,64,32,-8.0053,5.2986,0,0,0,0,0,0,0,0,0,0,0, 0,0,0,0,0,1,0,0,0,0
10200,1,290,-56.5,68,32,-8.50564,5.62976,0,0,0,0,0,0,0,0,0,0,0, 0,0,0,0,0,1,0,0,0,0
10200,2,243,-56.5,72,32,-9.00597,5.96092,0,0,0,0,0,0,0,0,0,0,0, 0,0,0,0,0,1,0,0,0,0
10200,3,157,-54.4,76,32,-9.26935,6.6362,0,0,0,0,0,0,0,0,0,0,0, 0,0,0,0,0,1,0,0,0,0
10200,4,111,-46.7,80,32,-8.73327,8.22982,0,0,0,0,0,0,0,0,0,0,0, 0,0,0,0,0,1,0,0,0,0
10200,5,90,-42.9,84,32,-8.57708,9.23004,0,0,0,0,0,0,0,0,0,0,0, 0,0,0,0,0,1,0,0,0,0
10200,6,136,-56.5,60,32,-7.50497,4.96743,0,0,0,0,0,0,0,0,0,0,0, 0,0,0,0,0,1,0,0,0,0
10200,7,17,1.3,220,31.75,0.748682,32.9915,0,0,0,0,0,0,0,0,0,0,0, 0,0,0,0,0,1,0,0,0,0
10240,0,244,-56.5,64,32,-8.0053,5.2986,0,0,0,0,0,0,0,0,0,0,0, 0,0,0,0,0,2,0,0,0,0
10240,1,289,-56.5,68,32,-8.50564,5.62976,0,0,0,0,0,0,0,0,0,0,0, 0,0,0,0,0,2,0,0,0,0
10240,2,242,-56.5,72,32,-9.00597,5.96092,0,0,0,0,0,0,0,0,0,0,0, 0,0,0,0,0,2,0,0,0,0
10240,3,158,-53.4,76,32,-9.15212,6.79696,0,0,0,0,0,0,0,0,0,0,0, 0,0,0,0,0,2,0,0,0,0
10240,4,114,-45.9,80,32,-8.61752,8.35095,0,0,0,0,0,0,0,0,0,0,0, 0,0,0,0,0,2,0,0,0,0
10240,5,98,-41.7,84,32,-8.3819,9.40764,0,0,0,0,0,0,0,0,0,0,0, 0,0,0,0,0,2,0,0,0,0
10240,6,137,-55.4,60,32,-7.40823,5.11059,0,0,0,0,0,0,0,0,0,0,0, 0,0,0,0,0,2,0,0,0,0
10280,0,243,-56.5,64,32,-8.0053,5.2986,0,0,0,0,0,0,0,0,0,0,0, 0,0,0,0,0,3,0,0,0,0
10280,1,289,-56.5,68,32,-8.50564,5.62976,0,0,0,0,0,0,0,0,0,0,0, 0,0,0,0,0,3,0,0,0,0
10280,2,37,68.6,8,33,1.11727,0.437852,0,0,0,0,0,0,0,0,0,0,0, 0,0,0,0,0,3,0,0,0,0
10280,3,242,-56.5,72,32,-9.00597,5.96092,0,0,0,0,0,0,0,0,0,0,0, 0,0,0,0,0,3,0,0,0,0
10280,4,158,-54.4,76,32,-9.26935,6.6362,0,0,0,0,0,0,0,0,0,0,0, 0,0,0,0,0,3,0,0,0,0
10280,5,111,-46.7,80,32,-8.73327,8.22982,0,0,0,0,0,0,0,0,0,0,0, 0,0,0,0,0,3,0,0,0,0
10280,6,20,-1.2,240,31.75,-0.753927,35.9921,0,0,0,0,0,0,0,0,0,0,0, 0,0,0,0,0,3,0,0,0,0
10280,7,90,-42.9,84,32,-8.57708,9.23004,0,0,0,0,0,0,0,0,0,0,0, 0,0,0,0,0,3,0,0,0,0
10280,8,139,-56.5,60,32,-7.50497,4.96743,0,0,0,0,0,0,0,0,0,0,0, 0,0,0,0,0,3,0,0,0,0
10320,0,243,-56.5,64,32,-8.0053,5.2986,0,0,0,0,0,0,0,0,0,0,0, 0,0,0,0,0,4,0,0,0,0
10320,1,287,-56.5,68,32,-8.50564,5.62976,0,0,0,0,0,0,0,0,0,0,0, 0,0,0,0,0,4,0,0,0,0
10320,2,242,-56.5,72,32,-9.00597,5.96092,0,0,0,0,0,0,0,0,0,0,0, 0,0,0,0,0,4,0,0,0,0
10320,3,19,3.6,232,31.5,2.18511,34.7313,0,0,0,0,0,0,0,0,0,0,0, 0,0,0,0,0,4,0,0,0,0
10320,4,155,-55.4,76,32,-9.38375,6.47342,0,0,0,0,0,0,0,0,0,0,0, 0,0,0,0,0,4,0,0,0,0
10320,5,106,-49.8,80,32,-9.16555,7.74549,0,0,0,0,0,0,0,0,0,0,0, 0,0,0,0,0,4,0,0,0,0
10320,6,84,-45,84,32,-8.90955,8.90955,0,0,0,0,0,0,0,0,0,0,0, 0,0,0,0,0,4,0,0,0,0
10320,7,138,-56.5,60,32,-7.50497,4.96743,0,0,0,0,0,0,0,0,0,0,0, 0,0,0,0,0,4,0,0,0,0
10360,0,245,-56.5,64,32,-8.0053,5.2986,0,0,0,0,0,0,0,0,0,0,0, 0,0,0,0,0,5,0,0,0,0
10360,1,289,-56.5,68,32,-8.50564,5.62976,0,0,0,0,0,0,0,0,0,0,0, 0,0,0,0,0,5,0,0,0,0
10360,2,40,67.6,8,33,1.10946,0.457284,0,0,0,0,0,0,0,0,0,0,0, 0,0,0,0,0,5,0,0,0,0
10360,3,241,-56.5,72,32,-9.00597,5.96092,0,0,0,0,0,0,0,0,0,0,0, 0,0,0,0,0,5,0,0,0,0
10360,4,153,-55.4,76,32,-9.38375,6.47342,0,0,0,0,0,0,0,0,0,0,0, 0,0,0,0,0,5,0,0,0,0
10360,5,19,-1.8,236,33,-1.11194,35.3825,0,0,0,0,0,0,0,0,0,0,0, 0,0,0,0,0,5,0,0,0,0
10360,6,102,-49.8,80,32,-9.16555,7.74549,0,0,0,0,0,0,0,0,0,0,0, 0,0,0,0,0,5,0,0,0,0
10360,7,23,-1.8,208,32.5,-0.980016,31.1846,0,0,0,0,0,0,0,0,0,0,0, 0,0,0,0,0,5,0,0,0,0
10360,8,24,0.1,240,31.75,0.0628318,35.9999,0,0,0,0,0,0,0,0,0,0,0, 0,0,0,0,0,5,0,0,0,0
10360,9,138,-56.5,60,32,-7.50497,4.96743,0,0,0,0,0,0,0,0,0,0,0, 0,0,0,0,0,5,0,0,0,0
10400,0,244,-57.4,64,32,-8.08754,5.1722,0,0,0,0,0,0,0,0,0,0,0, 0,0,0,0,0,6,0,0,0,0
10400,1,287,-57.4,68,32,-8.59301,5.49546,0,0,0,0,0,0,0,0,0,0,0, 0,0,0,0,0,6,0,0,0,0
10400,2,238,-56.5,72,32,-9.00597,5.96092,0,0,0,0,0,0,0,0,0,0,0, 0,0,0,0,0,6,0,0,0,0
10400,3,147,-55.4,76,32,-9.38375,6.47342,0,0,0,0,0,0,0,0,0,0,0, 0,0,0,0,0,6,0,0,0,0
10400,4,97,-49.8,80,32,-9.16555,7.74549,0,0,0,0,0,0,0,0,0,0,0, 0,0,0,0,0,6,0,0,0,0
10400,5,137,-57.4,60,32,-7.58207,4.84894,0,0,0,0,0,0,0,0,0,0,0, 0,0,0,0,0,6,0,0,0,0
10440,0,243,-57.4,64,32,-8.08754,5.1722,0,0,0,0,0,0,0,0,0,0,0, 0,0,0,0,0,7,0,0,0,0
10440,1,13,-15,416,49.25,-16.1503,60.2738,0,0,0,0,0,0,0,0,0,0,0, 0,0,0,0,0,7,0,0,0,0
10440,2,287,-56.5,68,32,-8.50564,5.62976,0,0,0,0,0,0,0,0,0,0,0, 0,0,0,0,0,7,0,0,0,0
10440,3,239,-56.5,72,32,-9.00597,5.96092,0,0,0,0,0,0,0,0,0,0,0, 0,0,0,0,0,7,0,0,0,0
10440,4,149,-54.4,76,32,-9.26935,6.6362,0,0,0,0,0,0,0,0,0,0,0, 0,0,0,0,0,7,0,0,0,0
10440,5,100,-46.7,80,32,-8.73327,8.22982,0,0,0,0,0,0,0,0,0,0,0, 0,0,0,0,0,7,0,0,0,0
10440,6,85,-43.6,84,32,-8.68921,9.12457,0,0,0,0,0,0,0,0,0,0,0, 0,0,0,0,0,7,0,0,0,0
10440,7,138,-56.5,60,32,-7.50497,4.96743,0,0,0,0,0,0,0,0,0,0,0, 0,0,0,0,0,7,0,0,0,0
10480,0,244,-56.5,64,32,-8.0053,5.2986,0,0,0,0,0,0,0,0,0,0,0, 0,0,0,0,0,8,0,0,0,0
10480,1,288,-56.5,68,32,-8.50564,5.62976,0,0,0,0,0,0,0,0,0,0,0, 0,0,0,0,0,8,0,0,0,0
10480,2,39,75.1,8,33,1.15965,0.308559,0,0,0,0,0,0,0,0,0,0,0, 0,0,0,0,0,8,0,0,0,0
10480,3,239,-56.5,72,32,-9.00597,5.96092,0,0,0,0,0,0,0,0,0,0,0, 0,0,0,0,0,8,0,0,0,0
10480,4,19,1.3,232,32.25,0.789519,34.791,0,0,0,0,0,0,0,0,0,0,0, 0,0,0,0,0,8,0,0,0,0
10480,5,151,-56.5,76,32,-9.5063,6.29208,0,0,0,0,0,0,0,0,0,0,0, 0,0,0,0,0,8,0,0,0,0
10480,6,103,-53.4,80,32,-9.63381,7.1547,0,0,0,0,0,0,0,0,0,0,0, 0,0,0,0,0,8,0,0,0,0
10480,7,85,-46.7,84,32,-9.16994,8.64131,0,0,0,0,0,0,0,0,0,0,0, 0,0,0,0,0,8,0,0,0,0
10480,8,137,-58.4,60,32,-7.66554,4.71587,0,0,0,0,0,0,0,0,0,0,0, 0,0,0,0,0,8,0,0,0,0
10520,0,242,-57.4,64,32,-8.08754,5.1722,0,1334,0,0,0,0,0,0,0,0,0, 0,0,0,0,0,9,0,0,0,0
10520,1,285,-57.4,68,32,-8.59301,5.49546,0,1334,0,0,0,0,0,0,0,0,0, 0,0,0,0,0,9,0,0,0,0
10520,2,239,-56.5,72,32,-9.00597,5.96092,0,1334,0,0,0,0,0,0,0,0,0, 0,0,0,0,0,9,0,0,0,0
10520,3,151,-55.4,76,32,-9.38375,6.47342,0,1334,0,0,0,0,0,0,0,0,0, 0,0,0,0,0,9,0,0,0,0
10520,4,17,-3.6,236,32.25,-2.22278,35.3301,0,1334,0,0,0,0,0,0,0,0,0, 0,0,0,0,0,9,0,0,0,0
10520,5,105,-48,80,32,-8.91774,8.02957,0,1334,0,0,0,0,0,0,0,0,0, 0,0,0,0,0,9,0,0,0,0
10520,6,87,-42.3,84,32,-8.47996,9.31935,0,1334,0,0,0,0,0,0,0,0,0, 0,0,0,0,0,9,0,0,0,0
10520,7,137,-58.4,60,32,-7.66554,4.71587,0,1334,0,0,0,0,0,0,0,0,0, 0,0,0,0,0,9,0,0,0,0
10560,0,241,-57.4,64,32,-8.08754,5.1722,0,0,0,0,0,0,0,0,0,0,0, 0,0,0,0,0,10,0,0,0,0
10560,1,285,-57.4,68,32,-8.59301,5.49546,0,0,0,0,0,0,0,0,0,0,0, 0,0,0,0,0,10,0,0,0,0
10560,2,238,-56.5,72,32,-9.00597,5.96092,0,0,0,0,0,0,0,0,0,0,0, 0,0,0,0,0,10,0,0,0,0
10560,3,153,-54.4,76,32,-9.26935,6.6362,0,0,0,0,0,0,0,0,0,0,0, 0,0,0,0,0,10,0,0,0,0
10560,4,112,-45,80,32,-8.48528,8.48528,0,0,0,0,0,0,0,0,0,0,0, 0,0,0,0,0,10,0,0,0,0
10560,5,21,-4.8,240,31.5,-3.0124,35.8737,0,0,0,0,0,0,0,0,0,0,0, 0,0,0,0,0,10,0,0,0,0
10560,6,98,-40.5,84,32,-8.18305,9.58112,0,0,0,0,0,0,0,0,0,0,0, 0,0,0,0,0,10,0,0,0,0
10560,7,137,-58.4,60,32,-7.66554,4.71587,0,0,0,0,0,0,0,0,0,0,0, 0,0,0,0,0,10,0,0,0,0
10600,0,243,-57.4,64,32,-8.08754,5.1722,0,7936,0,0,0,0,0,0,0,0,0, 0,0,0,0,0,11,0,0,0,0
10600,1,287,-56.5,68,32,-8.50564,5.62976,0,7936,0,0,0,0,0,0,0,0,0, 0,0,0,0,0,11,0,0,0,0
10600,2,240,-56.5,72,32,-9.00597,5.96092,0,7936,0,0,0,0,0,0,0,0,0, 0,0,0,0,0,11,0,0,0,0
10600,3,158,-53.4,76,32,-9.15212,6.79696,0,7936,0,0,0,0,0,0,0,0,0, 0,0,0,0,0,11,0,0,0,0
10600,4,114,-45,80,32,-8.48528,8.48528,0,7936,0,0,0,0,0,0,0,0,0, 0,0,0,0,0,11,0,0,0,0
10600,5,97,-41.7,84,32,-8.3819,9.40764,0,7936,0,0,0,0,0,0,0,0,0, 0,0,0,0,0,11,0,0,0,0
10600,6,136,-56.5,60,32,-7.50497,4.96743,0,7936,0,0,0,0,0,0,0,0,0, 0,0,0,0,0,11,0,0,0,0
10640,0,245,-56.5,64,32,-8.0053,5.2986,0,1139,0,0,0,0,0,0,0,0,0, 0,0,0,0,0,12,0,0,0,0
10640,1,291,-56.5,68,32,-8.50564,5.62976,0,1139,0,0,0,0,0,0,0,0,0, 0,0,0,0,0,12,0,0,0,0
10640,2,241,-55.4,72,32,-8.88987,6.13271,0,1139,0,0,0,0,0,0,0,0,0, 0,0,0,0,0,12,0,0,0,0
10640,3,154,-53.4,76,32,-9.15212,6.79696,0,1139,0,0,0,0,0,0,0,0,0, 0,0,0,0,0,12,0,0,0,0
10640,4,107,-46.7,80,32,-8.73327,8.22982,0,1139,0,0,0,0,0,0,0,0,0, 0,0,0,0,0,12,0,0,0,0
10640,5,88,-42.3,84,32,-8.47996,9.31935,0,1139,0,0,0,0,0,0,0,0,0, 0,0,0,0,0,12,0,0,0,0
10640,6,137,-57.4,60,32,-7.58207,4.84894,0,1139,0,0,0,0,0,0,0,0,0, 0,0,0,0,0,12,0,0,0,0
10680,0,243,-56.5,64,32,-8.0053,5.2986,0,86,0,0,0,0,0,0,0,0,0, 0,0,0,0,0,13,0,0,0,0
10680,1,288,-56.5,68,32,-8.50564,5.62976,0,86,0,0,0,0,0,0,0,0,0, 0,0,0,0,0,13,0,0,0,0
10680,2,242,-55.4,72,32,-8.88987,6.13271,0,86,0,0,0,0,0,0,0,0,0, 0,0,0,0,0,13,0,0,0,0
10680,3,155,-54.4,76,32,-9.26935,6.6362,0,86,0,0,0,0,0,0,0,0,0, 0,0,0,0,0,13,0,0,0,0
10680,4,104,-48,80,32,-8.91774,8.02957,0,86,0,0,0,0,0,0,0,0,0, 0,0,0,0,0,13,0,0,0,0
10680,5,82,-43.6,84,32,-8.68921,9.12457,0,86,0,0,0,0,0,0,0,0,0, 0,0,0,0,0,13,0,0,0,0
10680,6,138,-57.4,60,32,-7.58207,4.84894,0,86,0,0,0,0,0,0,0,0,0, 0,0,0,0,0,13,0,0,0,0
10720,0,243,-57.4,64,32,-8.08754,5.1722,0,0,0,0,0,0,0,0,0,0,0, 0,0,0,0,0,14,0,0,0,0
10720,1,289,-56.5,68,32,-8.50564,5.62976,0,0,0,0,0,0,0,0,0,0,0, 0,0,0,0,0,14,0,0,0,0
10720,2,240,-56.5,72,32,-9.00597,5.96092,0,0,0,0,0,0,0,0,0,0,0, 0,0,0,0,0,14,0,0,0,0
10720,3,152,-54.4,76,32,-9.26935,6.6362,0,0,0,0,0,0,0,0,0,0,0, 0,0,0,0,0,14,0,0,0,0
10720,4,100,-49.8,80,32,-9.16555,7.74549,0,0,0,0,0,0,0,0,0,0,0, 0,0,0,0,0,14,0,0,0,0
10720,5,137,-57.4,60,32,-7.58207,4.84894,0,0,0,0,0,0,0,0,0,0,0, 0,0,0,0,0,14,0,0,0,0
10760,0,243,-57.4,64,32,-8.08754,5.1722,0,0,0,0,0,0,0,0,0,0,0, 0,0,0,0,0,15,0,0,0,0
10760,1,289,-56.5,68,32,-8.50564,5.62976,0,0,0,0,0,0,0,0,0,0,0, 0,0,0,0,0,15,0,0,0,0
10760,2,46,71.1,8,33,1.1353,0.388701,0,0,0,0,0,0,0,0,0,0,0, 0,0,0,0,0,15,0,0,0,0
10760,3,241,-56.5,72,32,-9.00597,5.96092,0,0,0,0,0,0,0,0,0,0,0, 0,0,0,0,0,15,0,0,0,0
10760,4,150,-54.4,76,32,-9.26935,6.6362,0,0,0,0,0,0,0,0,0,0,0, 0,0,0,0,0,15,0,0,0,0
10760,5,99,-48,80,32,-8.91774,8.02957,0,0,0,0,0,0,0,0,0,0,0, 0,0,0,0,0,15,0,0,0,0
10760,6,137,-58.4,60,32,-7.66554,4.71587,0,0,0,0,0,0,0,0,0,0,0, 0,0,0,0,0,15,0,0,0,0
10800,0,243,-58.4,64,32,-8.17658,5.03026,0,0,0,0,0,0,0,0,0,0,0, 0,0,0,0,0,0,0,0,0,0
10800,1,288,-57.4,68,32,-8.59301,5.49546,0,0,0,0,0,0,0,0,0,0,0, 0,0,0,0,0,0,0,0,0,0
10800,2,239,-56.5,72,32,-9.00597,5.96092,0,0,0,0,0,0,0,0,0,0,0, 0,0,0,0,0,0,0,0,0,0
10800,3,149,-56.5,76,32,-9.5063,6.29208,0,0,0,0,0,0,0,0,0,0,0, 0,0,0,0,0,0,0,0,0,0
10800,4,96,-56.5,80,32,-10.0066,6.62324,0,0,0,0,0,0,0,0,0,0,0, 0,0,0,0,0,0,0,0,0,0
10800,5,136,-58.4,60,32,-7.66554,4.71587,0,0,0,0,0,0,0,0,0,0,0, 0,0,0,0,0,0,0,0,0,0
10800,6,20,-3.6,220,31.5,-2.07209,32.9349,0,0,0,0,0,0,0,0,0,0,0, 0,0,0,0,0,0,0,0,0,0
10840,0,242,-58.4,64,32,-8.17658,5.03026,0,0,0,0,0,0,0,0,0,0,0, 0,0,0,0,0,1,0,0,0,0
10840,1,13,7.2,416,25.75,7.82079,61.908,0,0,0,0,0,0,0,0,0,0,0, 0,0,0,0,0,1,0,0,0,0
10840,2,288,-57.4,68,32,-8.59301,5.49546,0,0,0,0,0,0,0,0,0,0,0, 0,0,0,0,0,1,0,0,0,0
10840,3,45,67.6,8,33,1.10946,0.457284,0,0,0,0,0,0,0,0,0,0,0, 0,0,0,0,0,1,0,0,0,0
10840,4,238,-56.5,72,32,-9.00597,5.96092,0,0,0,0,0,0,0,0,0,0,0, 0,0,0,0,0,1,0,0,0,0
10840,5,151,-56.5,76,32,-9.5063,6.29208,0,0,0,0,0,0,0,0,0,0,0, 0,0,0,0,0,1,0,0,0,0
10840,6,96,-55.4,80,32,-9.87764,6.81413,0,0,0,0,0,0,0,0,0,0,0, 0,0,0,0,0,1,0,0,0,0
10840,7,136,-58.4,60,32,-7.66554,4.71587,0,0,0,0,0,0,0,0,0,0,0, 0,0,0,0,0,1,0,0,0,0
10880,0,242,-57.4,64,32,-8.08754,5.1722,0,0,0,0,0,0,0,0,0,0,0, 0,0,0,0,0,2,0,0,0,0
10880,1,287,-56.5,68,32,-8.50564,5.62976,0,0,0,0,0,0,0,0,0,0,0, 0,0,0,0,0,2,0,0,0,0
10880,2,238,-56.5,72,32,-9.00597,5.96092,0,0,0,0,0,0,0,0,0,0,0, 0,0,0,0,0,2,0,0,0,0
10880,3,151,-55.4,76,32,-9.38375,6.47342,0,0,0,0,0,0,0,0,0,0,0, 0,0,0,0,0,2,0,0,0,0
10880,4,98,-51.6,80,32,-9.40432,7.45377,0,0,0,0,0,0,0,0,0,0,0, 0,0,0,0,0,2,0,0,0,0
10880,5,139,-58.4,60,32,-7.66554,4.71587,0,0,0,0,0,0,0,0,0,0,0, 0,0,0,0,0,2,0,0,0,0
10920,0,246,-57.4,64,32,-8.08754,5.1722,0,0,0,0,0,0,0,0,0,0,0, 0,0,0,0,0,3,0,0,0,0
10920,1,290,-56.5,68,32,-8.50564,5.62976,0,0,0,0,0,0,0,0,0,0,0, 0,0,0,0,0,3,0,0,0,0
10920,2,241,-55.4,72,32,-8.88987,6.13271,0,0,0,0,0,0,0,0,0,0,0, 0,0,0,0,0,3,0,0,0,0
10920,3,153,-54.4,76,32,-9.26935,6.6362,0,0,0,0,0,0,0,0,0,0,0, 0,0,0,0,0,3,0,0,0,0
10920,4,100,-48,80,32,-8.91774,8.02957,0,0,0,0,0,0,0,0,0,0,0, 0,0,0,0,0,3,0,0,0,0
10920,5,140,-57.4,60,32,-7.58207,4.84894,0,0,0,0,0,0,0,0,0,0,0, 0,0,0,0,0,3,0,0,0,0
10960,0,245,-56.5,64,32,-8.0053,5.2986,0,0,0,0,0,0,0,0,0,0,0, 0,0,0,0,0,4,0,0,0,0
10960,1,289,-55.4,68,32,-8.39599,5.79201,0,0,0,0,0,0,0,0,0,0,0, 0,0,0,0,0,4,0,0,0,0
10960,2,243,-54.4,72,32,-8.78149,6.28693,0,0,0,0,0,0,0,0,0,0,0, 0,0,0,0,0,4,0,0,0,0
10960,3,158,-51.6,76,32,-8.93411,7.08108,0,0,0,0,0,0,0,0,0,0,0, 0,0,0,0,0,4,0,0,0,0
10960,4,110,-45.9,80,32,-8.61752,8.35095,0,0,0,0,0,0,0,0,0,0,0, 0,0,0,0,0,4,0,0,0,0
10960,5,85,-46.7,84,32,-9.16994,8.64131,0,0,0,0,0,0,0,0,0,0,0, 0,0,0,0,0,4,0,0,0,0
10960,6,140,-56.5,60,32,-7.50497,4.96743,0,0,0,0,0,0,0,0,0,0,0, 0,0,0,0,0,4,0,0,0,0
11000,0,248,-56.5,64,32,-8.0053,5.2986,0,0,0,0,0,0,0,0,0,0,0, 0,0,0,0,0,5,0,0,0,0
11000,1,292,-55.4,68,32,-8.39599,5.79201,0,0,0,0,0,0,0,0,0,0,0, 0,0,0,0,0,5,0,0,0,0
11000,2,245,-54.4,72,32,-8.78149,6.28693,0,0,0,0,0,0,0,0,0,0,0, 0,0,0,0,0,5,0,0,0,0
11000,3,160,-51.6,76,32,-8.93411,7.08108,0,0,0,0,0,0,0,0,0,0,0, 0,0,0,0,0,5,0,0,0,0
11000,4,108,-49.8,80,32,-9.16555,7.74549,0,0,0,0,0,0,0,0,0,0,0, 0,0,0,0,0,5,0,0,0,0
11000,5,139,-56.5,60,32,-7.50497,4.96743,0,0,0,0,0,0,0,0,0,0,0, 0,0,0,0,0,5,0,0,0,0
11040,0,245,-56.5,64,32,-8.0053,5.2986,0,0,0,0,0,0,0,0,0,0,0, 0,0,0,0,0,6,0,0,0,0
11040,1,290,-55.4,68,32,-8.39599,5.79201,0,0,0,0,0,0,0,0,0,0,0, 0,0,0,0,0,6,0,0,0,0
11040,2,25,4.8,228,31.5,2.86178,34.0801,0,0,0,0,0,0,0,0,0,0,0, 0,0,0,0,0,6,0,0,0,0
11040,3,245,-54.4,72,32,-8.78149,6.28693,0,0,0,0,0,0,0,0,0,0,0, 0,0,0,0,0,6,0,0,0,0
11040,4,160,-53.4,76,32,-9.15212,6.79696,0,0,0,0,0,0,0,0,0,0,0, 0,0,0,0,0,6,0,0,0,0
11040,5,110,-48,80,32,-8.91774,8.02957,0,0,0,0,0,0,0,0,0,0,0, 0,0,0,0,0,6,0,0,0,0
11040,6,83,-49.8,84,32,-9.62383,8.13277,0,0,0,0,0,0,0,0,0,0,0, 0,0,0,0,0,6,0,0,0,0
11040,7,138,-56.5,60,32,-7.50497,4.96743,0,0,0,0,0,0,0,0,0,0,0, 0,0,0,0,0,6,0,0,0,0
11080,0,246,-56.5,64,32,-8.0053,5.2986,0,0,0,0,0,0,0,0,0,0,0, 0,0,0,0,0,7,0,0,0,0
11080,1,23,0.1,224,31.75,0.058643,33.5999,0,0,0,0,0,0,0,0,0,0,0, 0,0,0,0,0,7,0,0,0,0
11080,2,289,-56.5,68,32,-8.50564,5.62976,0,0,0,0,0,0,0,0,0,0,0, 0,0,0,0,0,7,0,0,0,0
11080,3,41,72.4,8,33,1.14383,0.362844,0,0,0,0,0,0,0,0,0,0,0, 0,0,0,0,0,7,0,0,0,0
11080,4,241,-55.4,72,32,-8.88987,6.13271,0,0,0,0,0,0,0,0,0,0,0, 0,0,0,0,0,7,0,0,0,0
11080,5,157,-54.4,76,32,-9.26935,6.6362,0,0,0,0,0,0,0,0,0,0,0, 0,0,0,0,0,7,0,0,0,0
11080,6,106,-51.6,80,32,-9.40432,7.45377,0,0,0,0,0,0,0,0,0,0,0, 0,0,0,0,0,7,0,0,0,0
11080,7,136,-57.4,60,32,-7.58207,4.84894,0,0,0,0,0,0,0,0,0,0,0, 0,0,0,0,0,7,0,0,0,0
11120,0,244,-57.4,64,32,-8.08754,5.1722,0,0,0,0,0,0,0,0,0,0,0, 0,0,0,0,0,8,0,0,0,0
11120,1,288,-57.4,68,32,-8.59301,5.49546,0,0,0,0,0,0,0,0,0,0,0, 0,0,0,0,0,8,0,0,0,0
11120,2,240,-56.5,72,32,-9.00597,5.96092,0,0,0,0,0,0,0,0,0,0,0, 0,0,0,0,0,8,0,0,0,0
11120,3,150,-55.4,76,32,-9.38375,6.47342,0,0,0,0,0,0,0,0,0,0,0, 0,0,0,0,0,8,0,0,0,0
11120,4,97,-55.4,80,32,-9.87764,6.81413,0,0,0,0,0,0,0,0,0,0,0, 0,0,0,0,0,8,0,0,0,0
11120,5,137,-58.4,60,32,-7.66554,4.71587,0,0,0,0,0,0,0,0,0,0,0, 0,0,0,0,0,8,0,0,0,0
11160,0,242,-57.4,64,32,-8.08754,5.1722,0,1334,0,0,0,0,0,0,0,0,0, 0,0,0,0,0,9,0,0,0,0
11160,1,288,-56.5,68,32,-8.50564,5.62976,0,1334,0,0,0,0,0,0,0,0,0, 0,0,0,0,0,9,0,0,0,0
11160,2,241,-56.5,72,32,-9.00597,5.96092,0,1334,0,0,0,0,0,0,0,0,0, 0,0,0,0,0,9,0,0,0,0
11160,3,154,-55.4,76,32,-9.38375,6.47342,0,1334,0,0,0,0,0,0,0,0,0, 0,0,0,0,0,9,0,0,0,0
11160,4,98,-57.4,80,32,-10.1094,6.46525,0,1334,0,0,0,0,0,0,0,0,0, 0,0,0,0,0,9,0,0,0,0
11160,5,138,-57.4,60,32,-7.58207,4.84894,0,1334,0,0,0,0,0,0,0,0,0, 0,0,0,0,0,9,0,0,0,0
11200,0,242,-56.5,64,32,-8.0053,5.2986,0,0,0,0,0,0,0,0,0,0,0, 0,0,0,0,0,10,0,0,0,0
11200,1,288,-55.4,68,32,-8.39599,5.79201,0,0,0,0,0,0,0,0,0,0,0, 0,0,0,0,0,10,0,0,0,0
11200,2,240,-55.4,72,32,-8.88987,6.13271,0,0,0,0,0,0,0,0,0,0,0, 0,0,0,0,0,10,0,0,0,0
11200,3,152,-54.4,76,32,-9.26935,6.6362,0,0,0,0,0,0,0,0,0,0,0, 0,0,0,0,0,10,0,0,0,0
11200,4,99,-55.4,80,32,-9.87764,6.81413,0,0,0,0,0,0,0,0,0,0,0, 0,0,0,0,0,10,0,0,0,0
11200,5,137,-56.5,60,32,-7.50497,4.96743,0,0,0,0,0,0,0,0,0,0,0, 0,0,0,0,0,10,0,0,0,0
11240,0,242,-56.5,64,32,-8.0053,5.2986,0,7936,0,0,0,0,0,0,0,0,0, 0,0,0,0,0,11,0,0,0,0
11240,1,288,-55.4,68,32,-8.39599,5.79201,0,7936,0,0,0,0,0,0,0,0,0, 0,0,0,0,0,11,0,0,0,0
11240,2,238,-55.4,72,32,-8.88987,6.13271,0,7936,0,0,0,0,0,0,0,0,0, 0,0,0,0,0,11,0,0,0,0
11240,3,151,-54.4,76,32,-9.26935,6.6362,0,7936,0,0,0,0,0,0,0,0,0, 0,0,0,0,0,11,0,0,0,0
11240,4,99,-55.4,80,32,-9.87764,6.81413,0,7936,0,0,0,0,0,0,0,0,0, 0,0,0,0,0,11,0,0,0,0
11240,5,137,-56.5,60,32,-7.50497,4.96743,0,7936,0,0,0,0,0,0,0,0,0, 0,0,0,0,0,11,0,0,0,0
11280,0,243,-56.5,64,32,-8.0053,5.2986,0,1139,0,0,0,0,0,0,0,0,0, 0,0,0,0,0,12,0,0,0,0
11280,1,286,-55.4,68,32,-8.39599,5.79201,0,1139,0,0,0,0,0,0,0,0,0, 0,0,0,0,0,12,0,0,0,0
11280,2,237,-55.4,72,32,-8.88987,6.13271,0,1139,0,0,0,0,0,0,0,0,0, 0,0,0,0,0,12,0,0,0,0
11280,3,153,-53.4,76,32,-9.15212,6.79696,0,1139,0,0,0,0,0,0,0,0,0, 0,0,0,0,0,12,0,0,0,0
11280,4,104,-49.8,80,32,-9.16555,7.74549,0,1139,0,0,0,0,0,0,0,0,0, 0,0,0,0,0,12,0,0,0,0
11280,5,136,-56.5,60,32,-7.50497,4.96743,0,1139,0,0,0,0,0,0,0,0,0, 0,0,0,0,0,12,0,0,0,0
11320,0,242,-56.5,64,32,-8.0053,5.2986,0,86,0,0,0,0,0,0,0,0,0, 0,0,0,0,0,13,0,0,0,0
11320,1,288,-55.4,68,32,-8.39599,5.79201,0,86,0,0,0,0,0,0,0,0,0, 0,0,0,0,0,13,0,0,0,0
11320,2,242,-54.4,72,32,-8.78149,6.28693,0,86,0,0,0,0,0,0,0,0,0, 0,0,0,0,0,13,0,0,0,0
11320,3,153,-51.6,76,32,-8.93411,7.08108,0,86,0,0,0,0,0,0,0,0,0, 0,0,0,0,0,13,0,0,0,0
11320,4,101,-48,80,32,-8.91774,8.02957,0,86,0,0,0,0,0,0,0,0,0, 0,0,0,0,0,13,0,0,0,0
11320,5,137,-56.5,60,32,-7.50497,4.96743,0,86,0,0,0,0,0,0,0,0,0, 0,0,0,0,0,13,0,0,0,0
11360,0,242,-56.5,64,32,-8.0053,5.2986,0,0,0,0,0,0,0,0,0,0,0, 0,0,0,0,0,14,0,0,0,0
11360,1,288,-55.4,68,32,-8.39599,5.79201,0,0,0,0,0,0,0,0,0,0,0, 0,0,0,0,0,14,0,0,0,0
11360,2,241,-54.4,72,32,-8.78149,6.28693,0,0,0,0,0,0,0,0,0,0,0, 0,0,0,0,0,14,0,0,0,0
11360,3,155,-51.6,76,32,-8.93411,7.08108,0,0,0,0,0,0,0,0,0,0,0, 0,0,0,0,0,14,0,0,0,0
11360,4,100,-51.6,80,32,-9.40432,7.45377,0,0,0,0,0,0,0,0,0,0,0, 0,0,0,0,0,14,0,0,0,0
11360,5,137,-56.5,60,32,-7.50497,4.96743,0,0,0,0,0,0,0,0,0,0,0, 0,0,0,0,0,14,0,0,0,0
11400,0,244,-57.4,64,32,-8.08754,5.1722,0,0,0,0,0,0,0,0,0,0,0, 0,0,0,0,0,15,0,0,0,0
11400,1,290,-56.5,68,32,-8.50564,5.62976,0,0,0,0,0,0,0,0,0,0,0, 0,0,0,0,0,15,0,0,0,0
11400,2,242,-55.4,72,32,-8.88987,6.13271,0,0,0,0,0,0,0,0,0,0,0, 0,0,0,0,0,15,0,0,0,0
11400,3,153,-53.4,76,32,-9.15212,6.79696,0,0,0,0,0,0,0,0,0,0,0, 0,0,0,0,0,15,0,0,0,0
11400,4,98,-49.8,80,32,-9.16555,7.74549,0,0,0,0,0,0,0,0,0,0,0, 0,0,0,0,0,15,0,0,0,0
11400,5,15,1.8,216,31.75,1.01771,32.384,0,0,0,0,0,0,0,0,0,0,0, 0,0,0,0,0,15,0,0,0,0
11400,6,136,-57.4,60,32,-7.58207,4.84894,0,0,0,0,0,0,0,0,0,0,0, 0,0,0,0,0,15,0,0,0,0
11440,0,243,-57.4,64,32,-8.08754,5.1722,0,0,0,0,0,0,0,0,0,0,0, 0,0,0,0,0,0,0,0,0,0
11440,1,290,-56.5,68,32,-8.50564,5.62976,0,0,0,0,0,0,0,0,0,0,0, 0,0,0,0,0,0,0,0,0,0
11440,2,43,68.6,8,33,1.11727,0.437852,0,0,0,0,0,0,0,0,0,0,0, 0,0,0,0,0,0,0,0,0,0
11440,3,243,-55.4,72,32,-8.88987,6.13271,0,0,0,0,0,0,0,0,0,0,0, 0,0,0,0,0,0,0,0,0,0
11440,4,155,-51.6,76,32,-8.93411,7.08108,0,0,0,0,0,0,0,0,0,0,0, 0,0,0,0,0,0,0,0,0,0
11440,5,102,-49.8,80,32,-9.16555,7.74549,0,0,0,0,0,0,0,0,0,0,0, 0,0,0,0,0,0,0,0,0,0
11440,6,136,-56.5,60,32,-7.50497,4.96743,0,0,0,0,0,0,0,0,0,0,0, 0,0,0,0,0,0,0,0,0,0
11480,0,243,-56.5,64,32,-8.0053,5.2986,0,0,0,0,0,0,0,0,0,0,0, 0,0,0,0,0,1,0,0,0,0
11480,1,288,-56.5,68,32,-8.50564,5.62976,0,0,0,0,0,0,0,0,0,0,0, 0,0,0,0,0,1,0,0,0,0
11480,2,242,-55.4,72,32,-8.88987,6.13271,0,0,0,0,0,0,0,0,0,0,0, 0,0,0,0,0,1,0,0,0,0
11480,3,155,-51.6,76,32,-8.93411,7.08108,0,0,0,0,0,0,0,0,0,0,0, 0,0,0,0,0,1,0,0,0,0
11480,4,99,-49.8,80,32,-9.16555,7.74549,0,0,0,0,0,0,0,0,0,0,0, 0,0,0,0,0,1,0,0,0,0
11480,5,137,-56.5,60,32,-7.50497,4.96743,0,0,0,0,0,0,0,0,0,0,0, 0,0,0,0,0,1,0,0,0,0
11520,0,243,-56.5,64,32,-8.0053,5.2986,0,0,0,0,0,0,0,0,0,0,0, 0,0,0,0,0,2,0,0,0,0
11520,1,286,-56.5,68,32,-8.50564,5.62976,0,0,0,0,0,0,0,0,0,0,0, 0,0,0,0,0,2,0,0,0,0
11520,2,240,-55.4,72,32,-8.88987,6.13271,0,0,0,0,0,0,0,0,0,0,0, 0,0,0,0,0,2,0,0,0,0
11520,3,153,-53.4,76,32,-9.15212,6.79696,0,0,0,0,0,0,0,0,0,0,0, 0,0,0,0,0,2,0,0,0,0
11520,4,103,-48,80,32,-8.91774,8.02957,0,0,0,0,0,0,0,0,0,0,0, 0,0,0,0,0,2,0,0,0,0
11520,5,137,-57.4,60,32,-7.58207,4.84894,0,0,0,0,0,0,0,0,0,0,0, 0,0,0,0,0,2,0,0,0,0
11560,0,243,-56.5,64,32,-8.0053,5.2986,0,0,0,0,0,0,0,0,0,0,0, 0,0,0,0,0,3,0,0,0,0
11560,1,287,-56.5,68,32,-8.50564,5.62976,0,0,0,0,0,0,0,0,0,0,0, 0,0,0,0,0,3,0,0,0,0
11560,2,14,-22.9,388,1.5,-22.647,53.613,0,0,0,0,0,0,0,0,0,0,0, 0,0,0,0,0,3,0,0,0,0
11560,3,239,-55.4,72,32,-8.88987,6.13271,0,0,0,0,0,0,0,0,0,0,0, 0,0,0,0,0,3,0,0,0,0
11560,4,152,-53.4,76,32,-9.15212,6.79696,0,0,0,0,0,0,0,0,0,0,0, 0,0,0,0,0,3,0,0,0,0
11560,5,103,-49.8,80,32,-9.16555,7.74549,0,0,0,0,0,0,0,0,0,0,0, 0,0,0,0,0,3,0,0,0,0
11560,6,138,-56.5,60,32,-7.50497,4.96743,0,0,0,0,0,0,0,0,0,0,0, 0,0,0,0,0,3,0,0,0,0
11600,0,242,-57.4,64,32,-8.08754,5.1722,0,0,0,0,0,0,0,0,0,0,0, 0,0,0,0,0,4,0,0,0,0
11600,1,288,-56.5,68,32,-8.50564,5.62976,0,0,0,0,0,0,0,0,0,0,0, 0,0,0,0,0,4,0,0,0,0
11600,2,238,-56.5,72,32,-9.00597,5.96092,0,0,0,0,0,0,0,0,0,0,0, 0,0,0,0,0,4,0,0,0,0
11600,3,151,-54.4,76,32,-9.26935,6.6362,0,0,0,0,0,0,0,0,0,0,0, 0,0,0,0,0,4,0,0,0,0
11600,4,100,-48,80,32,-8.91774,8.02957,0,0,0,0,0,0,0,0,0,0,0, 0,0,0,0,0,4,0,0,0,0
11600,5,137,-56.5,60,32,-7.50497,4.96743,0,0,0,0,0,0,0,0,0,0,0, 0,0,0,0,0,4,0,0,0,0
11640,0,242,-56.5,64,32,-8.0053,5.2986,0,0,0,0,0,0,0,0,0,0,0, 0,0,0,0,0,5,0,0,0,0
11640,1,288,-56.5,68,32,-8.50564,5.62976,0,0,0,0,0,0,0,0,0,0,0, 0,0,0,0,0,5,0,0,0,0
11640,2,241,-55.4,72,32,-8.88987,6.13271,0,0,0,0,0,0,0,0,0,0,0, 0,0,0,0,0,5,0,0,0,0
11640,3,156,-53.4,76,32,-9.15212,6.79696,0,0,0,0,0,0,0,0,0,0,0, 0,0,0,0,0,5,0,0,0,0
11640,4,103,-51.6,80,32,-9.40432,7.45377,0,0,0,0,0,0,0,0,0,0,0, 0,0,0,0,0,5,0,0,0,0
11640,5,138,-56.5,60,32,-7.50497,4.96743,0,0,0,0,0,0,0,0,0,0,0, 0,0,0,0,0,5,0,0,0,0
11680,0,245,-56.5,64,32,-8.0053,5.2986,0,0,0,0,0,0,0,0,0,0,0, 0,0,0,0,0,6,0,0,0,0
11680,1,289,-55.4,68,32,-8.39599,5.79201,0,0,0,0,0,0,0,0,0,0,0, 0,0,0,0,0,6,0,0,0,0
11680,2,242,-55.4,72,32,-8.88987,6.13271,0,0,0,0,0,0,0,0,0,0,0, 0,0,0,0,0,6,0,0,0,0
11680,3,156,-53.4,76,32,-9.15212,6.79696,0,0,0,0,0,0,0,0,0,0,0, 0,0,0,0,0,6,0,0,0,0
11680,4,102,-53.4,80,32,-9.63381,7.1547,0,0,0,0,0,0,0,0,0,0,0, 0,0,0,0,0,6,0,0,0,0
11680,5,139,-56.5,60,32,-7.50497,4.96743,0,0,0,0,0,0,0,0,0,0,0, 0,0,0,0,0,6,0,0,0,0
11680,6,20,0.6,220,31.25,0.345569,32.9982,0,0,0,0,0,0,0,0,0,0,0, 0,0,0,0,0,6,0,0,0,0
11680,7,20,9.9,220,32.25,5.67366,32.5086,0,0,0,0,0,0,0,0,0,0,0, 0,0,0,0,0,6,0,0,0,0
11720,0,245,-56.5,64,32,-8.0053,5.2986,0,0,0,0,0,0,0,0,0,0,0, 0,0,0,0,0,7,0,0,0,0
11720,1,290,-56.5,68,32,-8.50564,5.62976,0,0,0,0,0,0,0,0,0,0,0, 0,0,0,0,0,7,0,0,0,0
11720,2,244,-55.4,72,32,-8.88987,6.13271,0,0,0,0,0,0,0,0,0,0,0, 0,0,0,0,0,7,0,0,0,0
11720,3,157,-54.4,76,32,-9.26935,6.6362,0,0,0,0,0,0,0,0,0,0,0, 0,0,0,0,0,7,0,0,0,0
11720,4,103,-51.6,80,32,-9.40432,7.45377,0,0,0,0,0,0,0,0,0,0,0, 0,0,0,0,0,7,0,0,0,0
11720,5,139,-56.5,60,32,-7.50497,4.96743,0,0,0,0,0,0,0,0,0,0,0, 0,0,0,0,0,7,0,0,0,0
11760,0,245,-56.5,64,32,-8.0053,5.2986,0,0,0,0,0,0,0,0,0,0,0, 0,0,0,0,0,8,0,0,0,0
11760,1,289,-55.4,68,32,-8.39599,5.79201,0,0,0,0,0,0,0,0,0,0,0, 0,0,0,0,0,8,0,0,0,0
11760,2,243,-55.4,72,32,-8.88987,6.13271,0,0,0,0,0,0,0,0,0,0,0, 0,0,0,0,0,8,0,0,0,0
11760,3,154,-54.4,76,32,-9.26935,6.6362,0,0,0,0,0,0,0,0,0,0,0, 0,0,0,0,0,8,0,0,0,0
11760,4,103,-51.6,80,32,-9.40432,7.45377,0,0,0,0,0,0,0,0,0,0,0, 0,0,0,0,0,8,0,0,0,0
11760,5,137,-55.4,60,32,-7.40823,5.11059,0,0,0,0,0,0,0,0,0,0,0, 0,0,0,0,0,8,0,0,0,0
11800,0,244,-56.5,64,32,-8.0053,5.2986,0,1334,0,0,0,0,0,0,0,0,0, 0,0,0,0,0,9,0,0,0,0
11800,1,23,5.4,224,31.75,3.16204,33.4509,0,1334,0,0,0,0,0,0,0,0,0, 0,0,0,0,0,9,0,0,0,0
11800,2,289,-56.5,68,32,-8.50564,5.62976,0,1334,0,0,0,0,0,0,0,0,0, 0,0,0,0,0,9,0,0,0,0
11800,3,23,3.6,228,31.75,2.14744,34.1325,0,1334,0,0,0,0,0,0,0,0,0, 0,0,0,0,0,9,0,0,0,0
11800,4,242,-55.4,72,32,-8.88987,6.13271,0,1334,0,0,0,0,0,0,0,0,0, 0,0,0,0,0,9,0,0,0,0
11800,5,152,-54.4,76,32,-9.26935,6.6362,0,1334,0,0,0,0,0,0,0,0,0, 0,0,0,0,0,9,0,0,0,0
11800,6,100,-53.4,80,32,-9.63381,7.1547,0,1334,0,0,0,0,0,0,0,0,0, 0,0,0,0,0,9,0,0,0,0
11800,7,137,-55.4,60,32,-7.40823,5.11059,0,1334,0,0,0,0,0,0,0,0,0, 0,0,0,0,0,9,0,0,0,0
11840,0,244,-56.5,64,32,-8.0053,5.2986,0,0,0,0,0,0,0,0,0,0,0, 0,0,0,0,0,10,0,0,0,0
11840,1,288,-56.5,68,32,-8.50564,5.62976,0,0,0,0,0,0,0,0,0,0,0, 0,0,0,0,0,10,0,0,0,0
11840,2,240,-56.5,72,32,-9.00597,5.96092,0,0,0,0,0,0,0,0,0,0,0, 0,0,0,0,0,10,0,0,0,0
11840,3,148,-55.4,76,32,-9.38375,6.47342,0,0,0,0,0,0,0,0,0,0,0, 0,0,0,0,0,10,0,0,0,0
11840,4,94,-53.4,80,32,-9.63381,7.1547,0,0,0,0,0,0,0,0,0,0,0, 0,0,0,0,0,10,0,0,0,0
11840,5,14,-6,212,31.75,-3.32401,31.6258,0,0,0,0,0,0,0,0,0,0,0, 0,0,0,0,0,10,0,0,0,0
11840,6,13,-75,404,21.25,-58.5351,15.6844,0,0,0,0,0,0,0,0,0,0,0, 0,0,0,0,0,10,0,0,0,0
11840,7,138,-56.5,60,32,-7.50497,4.96743,0,0,0,0,0,0,0,0,0,0,0, 0,0,0,0,0,10,0,0,0,0
11880,0,244,-56.5,64,32,-8.0053,5.2986,0,7936,0,0,0,0,0,0,0,0,0, 0,0,0,0,0,11,0,0,0,0
11880,1,288,-56.5,68,32,-8.50564,5.62976,0,7936,0,0,0,0,0,0,0,0,0, 0,0,0,0,0,11,0,0,0,0
11880,2,240,-55.4,72,32,-8.88987,6.13271,0,7936,0,0,0,0,0,0,0,0,0, 0,0,0,0,0,11,0,0,0,0
11880,3,149,-54.4,76,32,-9.26935,6.6362,0,7936,0,0,0,0,0,0,0,0,0, 0,0,0,0,0,11,0,0,0,0
11880,4,101,-48,80,32,-8.91774,8.02957,0,7936,0,0,0,0,0,0,0,0,0, 0,0,0,0,0,11,0,0,0,0
11880,5,13,75.1,496,42.75,71.8984,19.1307,0,7936,0,0,0,0,0,0,0,0,0, 0,0,0,0,0,11,0,0,0,0
11880,6,138,-56.5,60,32,-7.50497,4.96743,0,7936,0,0,0,0,0,0,0,0,0, 0,0,0,0,0,11,0,0,0,0
11920,0,245,-56.5,64,32,-8.0053,5.2986,0,1139,0,0,0,0,0,0,0,0,0, 0,0,0,0,0,12,0,0,0,0
11920,1,291,-55.4,68,32,-8.39599,5.79201,0,1139,0,0,0,0,0,0,0,0,0, 0,0,0,0,0,12,0,0,0,0
11920,2,21,0.1,228,31.75,0.0596902,34.1999,0,1139,0,0,0,0,0,0,0,0,0, 0,0,0,0,0,12,0,0,0,0
11920,3,243,-54.4,72,32,-8.78149,6.28693,0,1139,0,0,0,0,0,0,0,0,0, 0,0,0,0,0,12,0,0,0,0
11920,4,153,-51.6,76,32,-8.93411,7.08108,0,1139,0,0,0,0,0,0,0,0,0, 0,0,0,0,0,12,0,0,0,0
11920,5,105,-45.9,80,32,-8.61752,8.35095,0,1139,0,0,0,0,0,0,0,0,0, 0,0,0,0,0,12,0,0,0,0
11920,6,139,-56.5,60,32,-7.50497,4.96743,0,1139,0,0,0,0,0,0,0,0,0, 0,0,0,0,0,12,0,0,0,0
11960,0,247,-55.4,64,32,-7.90211,5.4513,0,86,0,0,0,0,0,0,0,0,0, 0,0,0,0,0,13,0,0,0,0
11960,1,294,-55.4,68,32,-8.39599,5.79201,0,86,0,0,0,0,0,0,0,0,0, 0,0,0,0,0,13,0,0,0,0
11960,2,38,69.6,8,33,1.12474,0.418287,0,86,0,0,0,0,0,0,0,0,0, 0,0,0,0,0,13,0,0,0,0
11960,3,245,-54.4,72,32,-8.78149,6.28693,0,86,0,0,0,0,0,0,0,0,0, 0,0,0,0,0,13,0,0,0,0
11960,4,23,1.8,232,31.75,1.09309,34.7828,0,86,0,0,0,0,0,0,0,0,0, 0,0,0,0,0,13,0,0,0,0
11960,5,157,-49.8,76,32,-8.70727,7.35822,0,86,0,0,0,0,0,0,0,0,0, 0,0,0,0,0,13,0,0,0,0
11960,6,107,-45.9,80,32,-8.61752,8.35095,0,86,0,0,0,0,0,0,0,0,0, 0,0,0,0,0,13,0,0,0,0
11960,7,12,-32.1,400,1.75,-31.8839,50.8273,0,86,0,0,0,0,0,0,0,0,0, 0,0,0,0,0,13,0,0,0,0
11960,8,140,-55.4,60,32,-7.40823,5.11059,0,86,0,0,0,0,0,0,0,0,0, 0,0,0,0,0,13,0,0,0,0
12000,0,246,-56.5,64,32,-8.0053,5.2986,0,0,0,0,0,0,0,0,0,0,0, 0,0,0,0,0,14,0,0,0,0
12000,1,291,-55.4,68,32,-8.39599,5.79201,0,0,0,0,0,0,0,0,0,0,0, 0,0,0,0,0,14,0,0,0,0
12000,2,20,6.1,228,31.25,3.63423,34.0064,0,0,0,0,0,0,0,0,0,0,0, 0,0,0,0,0,14,0,0,0,0
12000,3,243,-54.4,72,32,-8.78149,6.28693,0,0,0,0,0,0,0,0,0,0,0, 0,0,0,0,0,14,0,0,0,0
12000,4,158,-51.6,76,32,-8.93411,7.08108,0,0,0,0,0,0,0,0,0,0,0, 0,0,0,0,0,14,0,0,0,0
12000,5,107,-46.7,80,32,-8.73327,8.22982,0,0,0,0,0,0,0,0,0,0,0, 0,0,0,0,0,14,0,0,0,0
12000,6,139,-55.4,60,32,-7.40823,5.11059,0,0,0,0,0,0,0,0,0,0,0, 0,0,0,0,0,14,0,0,0,0
12040,0,244,-56.5,64,32,-8.0053,5.2986,0,0,0,0,0,0,0,0,0,0,0, 0,0,0,0,0,15,0,0,0,0
12040,1,290,-56.5,68,32,-8.50564,5.62976,0,0,0,0,0,0,0,0,0,0,0, 0,0,0,0,0,15,0,0,0,0
12040,2,22,4.2,228,32.25,2.50475,34.1082,0,0,0,0,0,0,0,0,0,0,0, 0,0,0,0,0,15,0,0,0,0
12040,3,242,-55.4,72,32,-8.88987,6.13271,0,0,0,0,0,0,0,0,0,0,0, 0,0,0,0,0,15,0,0,0,0
12040,4,159,-51.6,76,32,-8.93411,7.08108,0,0,0,0,0,0,0,0,0,0,0, 0,0,0,0,0,15,0,0,0,0
12040,5,111,-45,80,32,-8.48528,8.48528,0,0,0,0,0,0,0,0,0,0,0, 0,0,0,0,0,15,0,0,0,0
12040,6,90,-42.3,84,32,-8.47996,9.31935,0,0,0,0,0,0,0,0,0,0,0, 0,0,0,0,0,15,0,0,0,0
12040,7,138,-55.4,60,32,-7.40823,5.11059,0,0,0,0,0,0,0,0,0,0,0, 0,0,0,0,0,15,0,0,0,0
12080,0,244,-56.5,64,32,-8.0053,5.2986,0,0,0,0,0,0,0,0,0,0,0, 0,0,0,0,0,0,0,0,0,0
12080,1,28,1.3,224,31.25,0.762294,33.5914,0,0,0,0,0,0,0,0,0,0,0, 0,0,0,0,0,0,0,0,0,0
12080,2,28,3.1,224,32.25,1.81705,33.5508,0,0,0,0,0,0,0,0,0,0,0, 0,0,0,0,0,0,0,0,0,0
12080,3,290,-55.4,68,32,-8.39599,5.79201,0,0,0,0,0,0,0,0,0,0,0, 0,0,0,0,0,0,0,0,0,0
12080,4,241,-55.4,72,32,-8.88987,6.13271,0,0,0,0,0,0,0,0,0,0,0, 0,0,0,0,0,0,0,0,0,0
12080,5,158,-51.6,76,32,-8.93411,7.08108,0,0,0,0,0,0,0,0,0,0,0, 0,0,0,0,0,0,0,0,0,0
12080,6,113,-43.6,80,32,-8.27543,8.69006,0,0,0,0,0,0,0,0,0,0,0, 0,0,0,0,0,0,0,0,0,0
12080,7,95,-41.1,84,32,-8.28293,9.4949,0,0,0,0,0,0,0,0,0,0,0, 0,0,0,0,0,0,0,0,0,0
12080,8,139,-55.4,60,32,-7.40823,5.11059,0,0,0,0,0,0,0,0,0,0,0, 0,0,0,0,0,0,0,0,0,0
12080,9,27,0.6,220,31.75,0.345569,32.9982,0,0,0,0,0,0,0,0,0,0,0, 0,0,0,0,0,0,0,0,0,0
12080,10,27,0.6,220,32.25,0.345569,32.9982,0,0,0,0,0,0,0,0,0,0,0, 0,0,0,0,0,0,0,0,0,0
12120,0,245,-55.4,64,32,-7.90211,5.4513,0,0,0,0,0,0,0,0,0,0,0, 0,0,0,0,0,1,0,0,0,0
12120,1,290,-55.4,68,32,-8.39599,5.79201,0,0,0,0,0,0,0,0,0,0,0, 0,0,0,0,0,1,0,0,0,0
12120,2,240,-55.4,72,32,-8.88987,6.13271,0,0,0,0,0,0,0,0,0,0,0, 0,0,0,0,0,1,0,0,0,0
12120,3,157,-51.6,76,32,-8.93411,7.08108,0,0,0,0,0,0,0,0,0,0,0, 0,0,0,0,0,1,0,0,0,0
12120,4,113,-44.2,80,32,-8.36598,8.60293,0,0,0,0,0,0,0,0,0,0,0, 0,0,0,0,0,1,0,0,0,0
12120,5,89,-42.9,84,32,-8.57708,9.23004,0,0,0,0,0,0,0,0,0,0,0, 0,0,0,0,0,1,0,0,0,0
12120,6,142,-55.4,60,32,-7.40823,5.11059,0,0,0,0,0,0,0,0,0,0,0, 0,0,0,0,0,1,0,0,0,0
12160,0,245,-56.5,64,32,-8.0053,5.2986,0,0,0,0,0,0,0,0,0,0,0, 0,0,0,0,0,2,0,0,0,0
12160,1,28,1.8,224,31.75,1.0554,33.5834,0,0,0,0,0,0,0,0,0,0,0, 0,0,0,0,0,2,0,0,0,0
12160,2,291,-56.5,68,32,-8.50564,5.62976,0,0,0,0,0,0,0,0,0,0,0, 0,0,0,0,0,2,0,0,0,0
12160,3,241,-56.5,72,32,-9.00597,5.96092,0,0,0,0,0,0,0,0,0,0,0, 0,0,0,0,0,2,0,0,0,0
12160,4,154,-53.4,76,32,-9.15212,6.79696,0,0,0,0,0,0,0,0,0,0,0, 0,0,0,0,0,2,0,0,0,0
12160,5,107,-44.2,80,32,-8.36598,8.60293,0,0,0,0,0,0,0,0,0,0,0, 0,0,0,0,0,2,0,0,0,0
12160,6,140,-55.4,60,32,-7.40823,5.11059,0,0,0,0,0,0,0,0,0,0,0, 0,0,0,0,0,2,0,0,0,0
12200,0,248,-55.4,64,32,-7.90211,5.4513,0,0,0,0,0,0,0,0,0,0,0, 0,0,0,0,0,3,0,0,0,0
12200,1,292,-56.5,68,32,-8.50564,5.62976,0,0,0,0,0,0,0,0,0,0,0, 0,0,0,0,0,3,0,0,0,0
12200,2,241,-55.4,72,32,-8.88987,6.13271,0,0,0,0,0,0,0,0,0,0,0, 0,0,0,0,0,3,0,0,0,0
12200,3,157,-51.6,76,32,-8.93411,7.08108,0,0,0,0,0,0,0,0,0,0,0, 0,0,0,0,0,3,0,0,0,0
12200,4,108,-45.9,80,32,-8.61752,8.35095,0,0,0,0,0,0,0,0,0,0,0, 0,0,0,0,0,3,0,0,0,0
12200,5,15,3.1,208,32.5,1.68726,31.1543,0,0,0,0,0,0,0,0,0,0,0, 0,0,0,0,0,3,0,0,0,0
12200,6,139,-55.4,60,32,-7.40823,5.11059,0,0,0,0,0,0,0,0,0,0,0, 0,0,0,0,0,3,0,0,0,0
12240,0,245,-56.5,64,32,-8.0053,5.2986,0,0,0,0,0,0,0,0,0,0,0, 0,0,0,0,0,4,0,0,0,0
12240,1,17,-1.8,224,32.25,-1.0554,33.5834,0,0,0,0,0,0,0,0,0,0,0, 0,0,0,0,0,4,0,0,0,0
12240,2,290,-55.4,68,32,-8.39599,5.79201,0,0,0,0,0,0,0,0,0,0,0, 0,0,0,0,0,4,0,0,0,0
12240,3,25,4.8,228,31.25,2.86178,34.0801,0,0,0,0,0,0,0,0,0,0,0, 0,0,0,0,0,4,0,0,0,0
12240,4,25,6.1,228,32.25,3.63423,34.0064,0,0,0,0,0,0,0,0,0,0,0, 0,0,0,0,0,4,0,0,0,0
12240,5,45,75.1,8,33,1.15965,0.308559,0,0,0,0,0,0,0,0,0,0,0, 0,0,0,0,0,4,0,0,0,0
12240,6,243,-55.4,72,32,-8.88987,6.13271,0,0,0,0,0,0,0,0,0,0,0, 0,0,0,0,0,4,0,0,0,0
12240,7,155,-53.4,76,32,-9.15212,6.79696,0,0,0,0,0,0,0,0,0,0,0, 0,0,0,0,0,4,0,0,0,0
12240,8,105,-48,80,32,-8.91774,8.02957,0,0,0,0,0,0,0,0,0,0,0, 0,0,0,0,0,4,0,0,0,0
12240,9,138,-56.5,60,32,-7.50497,4.96743,0,0,0,0,0,0,0,0,0,0,0, 0,0,0,0,0,4,0,0,0,0
12280,0,246,-56.5,64,32,-8.0053,5.2986,0,0,0,0,0,0,0,0,0,0,0, 0,0,0,0,0,5,0,0,0,0
12280,1,290,-56.5,68,32,-8.50564,5.62976,0,0,0,0,0,0,0,0,0,0,0, 0,0,0,0,0,5,0,0,0,0
12280,2,15,7.2,228,31.25,4.2864,33.9303,0,0,0,0,0,0,0,0,0,0,0, 0,0,0,0,0,5,0,0,0,0
12280,3,245,-55.4,72,32,-8.88987,6.13271,0,0,0,0,0,0,0,0,0,0,0, 0,0,0,0,0,5,0,0,0,0
12280,4,159,-53.4,76,32,-9.15212,6.79696,0,0,0,0,0,0,0,0,0,0,0, 0,0,0,0,0,5,0,0,0,0
12280,5,108,-51.6,80,32,-9.40432,7.45377,0,0,0,0,0,0,0,0,0,0,0, 0,0,0,0,0,5,0,0,0,0
12280,6,20,1.8,216,32.25,1.01771,32.384,0,0,0,0,0,0,0,0,0,0,0, 0,0,0,0,0,5,0,0,0,0
12280,7,140,-56.5,60,32,-7.50497,4.96743,0,0,0,0,0,0,0,0,0,0,0, 0,0,0,0,0,5,0,0,0,0
12320,0,245,-56.5,64,32,-8.0053,5.2986,0,0,0,0,0,0,0,0,0,0,0, 0,0,0,0,0,6,0,0,0,0
12320,1,291,-55.4,68,32,-8.39599,5.79201,0,0,0,0,0,0,0,0,0,0,0, 0,0,0,0,0,6,0,0,0,0
12320,2,244,-54.4,72,32,-8.78149,6.28693,0,0,0,0,0,0,0,0,0,0,0, 0,0,0,0,0,6,0,0,0,0
12320,3,161,-51.6,76,32,-8.93411,7.08108,0,0,0,0,0,0,0,0,0,0,0, 0,0,0,0,0,6,0,0,0,0
12320,4,106,-49.8,80,32,-9.16555,7.74549,0,0,0,0,0,0,0,0,0,0,0, 0,0,0,0,0,6,0,0,0,0
12320,5,138,-55.4,60,32,-7.40823,5.11059,0,0,0,0,0,0,0,0,0,0,0, 0,0,0,0,0,6,0,0,0,0
12360,0,245,-56.5,64,32,-8.0053,5.2986,0,0,0,0,0,0,0,0,0,0,0, 0,0,0,0,0,7,0,0,0,0
12360,1,290,-55.4,68,32,-8.39599,5.79201,0,0,0,0,0,0,0,0,0,0,0, 0,0,0,0,0,7,0,0,0,0
12360,2,244,-55.4,72,32,-8.88987,6.13271,0,0,0,0,0,0,0,0,0,0,0, 0,0,0,0,0,7,0,0,0,0
12360,3,157,-51.6,76,32,-8.93411,7.08108,0,0,0,0,0,0,0,0,0,0,0, 0,0,0,0,0,7,0,0,0,0
12360,4,102,-48,80,32,-8.91774,8.02957,0,0,0,0,0,0,0,0,0,0,0, 0,0,0,0,0,7,0,0,0,0
12360,5,139,-55.4,60,32,-7.40823,5.11059,0,0,0,0,0,0,0,0,0,0,0, 0,0,0,0,0,7,0,0,0,0
12400,0,248,-55.4,64,32,-7.90211,5.4513,0,0,0,0,0,0,0,0,0,0,0, 0,0,0,0,0,8,0,0,0,0
12400,1,292,-55.4,68,32,-8.39599,5.79201,0,0,0,0,0,0,0,0,0,0,0, 0,0,0,0,0,8,0,0,0,0
12400,2,18,-3.6,228,30.75,-2.14744,34.1325,0,0,0,0,0,0,0,0,0,0,0, 0,0,0,0,0,8,0,0,0,0
12400,3,26,-0.6,228,31.25,-0.358135,34.1981,0,0,0,0,0,0,0,0,0,0,0, 0,0,0,0,0,8,0,0,0,0
12400,4,244,-54.4,72,32,-8.78149,6.28693,0,0,0,0,0,0,0,0,0,0,0, 0,0,0,0,0,8,0,0,0,0
12400,5,14,4.8,232,32.5,2.91199,34.678,0,0,0,0,0,0,0,0,0,0,0, 0,0,0,0,0,8,0,0,0,0
12400,6,161,-49.8,76,32,-8.70727,7.35822,0,0,0,0,0,0,0,0,0,0,0, 0,0,0,0,0,8,0,0,0,0
12400,7,109,-48,80,32,-8.91774,8.02957,0,0,0,0,0,0,0,0,0,0,0, 0,0,0,0,0,8,0,0,0,0
12400,8,83,-49.8,84,32,-9.62383,8.13277,0,0,0,0,0,0,0,0,0,0,0, 0,0,0,0,0,8,0,0,0,0
12400,9,14,-0.6,376,59,-0.590609,56.3969,0,0,0,0,0,0,0,0,0,0,0, 0,0,0,0,0,8,0,0,0,0
12400,10,138,-55.4,60,32,-7.40823,5.11059,0,0,0,0,0,0,0,0,0,0,0, 0,0,0,0,0,8,0,0,0,0
12440,0,245,-55.4,64,32,-7.90211,5.4513,0,1334,0,0,0,0,0,0,0,0,0, 0,0,0,0,0,9,0,0,0,0
12440,1,22,-1.2,224,31.75,-0.703665,33.5926,0,1334,0,0,0,0,0,0,0,0,0, 0,0,0,0,0,9,0,0,0,0
12440,2,291,-55.4,68,32,-8.39599,5.79201,0,1334,0,0,0,0,0,0,0,0,0, 0,0,0,0,0,9,0,0,0,0
12440,3,42,72.4,8,33,1.14383,0.362844,0,1334,0,0,0,0,0,0,0,0,0, 0,0,0,0,0,9,0,0,0,0
12440,4,245,-54.4,72,32,-8.78149,6.28693,0,1334,0,0,0,0,0,0,0,0,0, 0,0,0,0,0,9,0,0,0,0
12440,5,9,-22,392,36.75,-22.0269,54.5184,0,1334,0,0,0,0,0,0,0,0,0, 0,0,0,0,0,9,0,0,0,0
12440,6,157,-51.6,76,32,-8.93411,7.08108,0,1334,0,0,0,0,0,0,0,0,0, 0,0,0,0,0,9,0,0,0,0
12440,7,107,-48,80,32,-8.91774,8.02957,0,1334,0,0,0,0,0,0,0,0,0, 0,0,0,0,0,9,0,0,0,0
12440,8,139,-55.4,60,32,-7.40823,5.11059,0,1334,0,0,0,0,0,0,0,0,0, 0,0,0,0,0,9,0,0,0,0
12480,0,248,-55.4,64,32,-7.90211,5.4513,0,0,0,0,0,0,0,0,0,0,0, 0,0,0,0,0,10,0,0,0,0
12480,1,293,-55.4,68,32,-8.39599,5.79201,0,0,0,0,0,0,0,0,0,0,0, 0,0,0,0,0,10,0,0,0,0
12480,2,45,66.6,8,33,1.10131,0.476577,0,0,0,0,0,0,0,0,0,0,0, 0,0,0,0,0,10,0,0,0,0
12480,3,246,-54.4,72,32,-8.78149,6.28693,0,0,0,0,0,0,0,0,0,0,0, 0,0,0,0,0,10,0,0,0,0
12480,4,160,-51.6,76,32,-8.93411,7.08108,0,0,0,0,0,0,0,0,0,0,0, 0,0,0,0,0,10,0,0,0,0
12480,5,105,-49.8,80,32,-9.16555,7.74549,0,0,0,0,0,0,0,0,0,0,0, 0,0,0,0,0,10,0,0,0,0
12480,6,142,-54.4,60,32,-7.31791,5.23911,0,0,0,0,0,0,0,0,0,0,0, 0,0,0,0,0,10,0,0,0,0
12520,0,252,-55.4,64,32,-7.90211,5.4513,0,7936,0,0,0,0,0,0,0,0,0, 0,0,0,0,0,11,0,0,0,0
12520,1,17,1.8,224,30.75,1.0554,33.5834,0,7936,0,0,0,0,0,0,0,0,0, 0,0,0,0,0,11,0,0,0,0
12520,2,295,-54.4,68,32,-8.29363,5.93765,0,7936,0,0,0,0,0,0,0,0,0, 0,0,0,0,0,11,0,0,0,0
12520,3,246,-54.4,72,32,-8.78149,6.28693,0,7936,0,0,0,0,0,0,0,0,0, 0,0,0,0,0,11,0,0,0,0
12520,4,157,-51.6,76,32,-8.93411,7.08108,0,7936,0,0,0,0,0,0,0,0,0, 0,0,0,0,0,11,0,0,0,0
12520,5,104,-51.6,80,32,-9.40432,7.45377,0,7936,0,0,0,0,0,0,0,0,0, 0,0,0,0,0,11,0,0,0,0
12520,6,140,-54.4,60,32,-7.31791,5.23911,0,7936,0,0,0,0,0,0,0,0,0, 0,0,0,0,0,11,0,0,0,0
12560,0,247,-56.5,64,32,-8.0053,5.2986,0,1139,0,0,0,0,0,0,0,0,0, 0,0,0,0,0,12,0,0,0,0
12560,1,290,-55.4,68,32,-8.39599,5.79201,0,1139,0,0,0,0,0,0,0,0,0, 0,0,0,0,0,12,0,0,0,0
12560,2,36,3.6,228,31.75,2.14744,34.1325,0,1139,0,0,0,0,0,0,0,0,0, 0,0,0,0,0,12,0,0,0,0
12560,3,31,0.1,228,32.25,0.0596902,34.1999,0,1139,0,0,0,0,0,0,0,0,0, 0,0,0,0,0,12,0,0,0,0
12560,4,240,-55.4,72,32,-8.88987,6.13271,0,1139,0,0,0,0,0,0,0,0,0, 0,0,0,0,0,12,0,0,0,0
12560,5,24,0.6,232,31.5,0.364418,34.7981,0,1139,0,0,0,0,0,0,0,0,0, 0,0,0,0,0,12,0,0,0,0
12560,6,150,-53.4,76,32,-9.15212,6.79696,0,1139,0,0,0,0,0,0,0,0,0, 0,0,0,0,0,12,0,0,0,0
12560,7,14,2.4,236,32.5,1.4824,35.3689,0,1139,0,0,0,0,0,0,0,0,0, 0,0,0,0,0,12,0,0,0,0
12560,8,100,-49.8,80,32,-9.16555,7.74549,0,1139,0,0,0,0,0,0,0,0,0, 0,0,0,0,0,12,0,0,0,0
12560,9,140,-55.4,60,32,-7.40823,5.11059,0,1139,0,0,0,0,0,0,0,0,0, 0,0,0,0,0,12,0,0,0,0
12600,0,247,-55.4,64,32,-7.90211,5.4513,0,86,0,0,0,0,0,0,0,0,0, 0,0,0,0,0,13,0,0,0,0
12600,1,18,4.2,224,32.25,2.4608,33.5098,0,86,0,0,0,0,0,0,0,0,0, 0,0,0,0,0,13,0,0,0,0
12600,2,290,-54.4,68,32,-8.29363,5.93765,0,86,0,0,0,0,0,0,0,0,0, 0,0,0,0,0,13,0,0,0,0
12600,3,244,-54.4,72,32,-8.78149,6.28693,0,86,0,0,0,0,0,0,0,0,0, 0,0,0,0,0,13,0,0,0,0
12600,4,157,-51.6,76,32,-8.93411,7.08108,0,86,0,0,0,0,0,0,0,0,0, 0,0,0,0,0,13,0,0,0,0
12600,5,23,0.6,236,32.25,0.370701,35.3981,0,86,0,0,0,0,0,0,0,0,0, 0,0,0,0,0,13,0,0,0,0
12600,6,109,-48,80,32,-8.91774,8.02957,0,86,0,0,0,0,0,0,0,0,0, 0,0,0,0,0,13,0,0,0,0
12600,7,83,-48,84,32,-9.36363,8.43105,0,86,0,0,0,0,0,0,0,0,0, 0,0,0,0,0,13,0,0,0,0
12600,8,143,-55.4,60,32,-7.40823,5.11059,0,86,0,0,0,0,0,0,0,0,0, 0,0,0,0,0,13,0,0,0,0
12640,0,250,-55.4,64,32,-7.90211,5.4513,0,0,0,0,0,0,0,0,0,0,0, 0,0,0,0,0,14,0,0,0,0
12640,1,295,-55.4,68,32,-8.39599,5.79201,0,0,0,0,0,0,0,0,0,0,0, 0,0,0,0,0,14,0,0,0,0
12640,2,24,1.8,228,31.75,1.07425,34.1831,0,0,0,0,0,0,0,0,0,0,0, 0,0,0,0,0,14,0,0,0,0
12640,3,22,2.4,228,32.25,1.43215,34.17,0,0,0,0,0,0,0,0,0,0,0, 0,0,0,0,0,14,0,0,0,0
12640,4,245,-54.4,72,32,-8.78149,6.28693,0,0,0,0,0,0,0,0,0,0,0, 0,0,0,0,0,14,0,0,0,0
12640,5,162,-51.6,76,32,-8.93411,7.08108,0,0,0,0,0,0,0,0,0,0,0, 0,0,0,0,0,14,0,0,0,0
12640,6,20,4.8,236,31.5,2.9622,35.2758,0,0,0,0,0,0,0,0,0,0,0, 0,0,0,0,0,14,0,0,0,0
12640,7,112,-46.7,80,32,-8.73327,8.22982,0,0,0,0,0,0,0,0,0,0,0, 0,0,0,0,0,14,0,0,0,0
12640,8,85,-46.7,84,32,-9.16994,8.64131,0,0,0,0,0,0,0,0,0,0,0, 0,0,0,0,0,14,0,0,0,0
12640,9,141,-55.4,60,32,-7.40823,5.11059,0,0,0,0,0,0,0,0,0,0,0, 0,0,0,0,0,14,0,0,0,0
12680,0,248,-55.4,64,32,-7.90211,5.4513,0,0,0,0,0,0,0,0,0,0,0, 0,0,0,0,0,15,0,0,0,0
12680,1,294,-55.4,68,32,-8.39599,5.79201,0,0,0,0,0,0,0,0,0,0,0, 0,0,0,0,0,15,0,0,0,0
12680,2,24,3.1,228,31.75,1.8495,34.15,0,0,0,0,0,0,0,0,0,0,0, 0,0,0,0,0,15,0,0,0,0
12680,3,26,1.3,228,32.25,0.775907,34.1912,0,0,0,0,0,0,0,0,0,0,0, 0,0,0,0,0,15,0,0,0,0
12680,4,246,-54.4,72,32,-8.78149,6.28693,0,0,0,0,0,0,0,0,0,0,0, 0,0,0,0,0,15,0,0,0,0
12680,5,162,-51.6,76,32,-8.93411,7.08108,0,0,0,0,0,0,0,0,0,0,0, 0,0,0,0,0,15,0,0,0,0
12680,6,112,-46.7,80,32,-8.73327,8.22982,0,0,0,0,0,0,0,0,0,0,0, 0,0,0,0,0,15,0,0,0,0
12680,7,83,-49.8,84,32,-9.62383,8.13277,0,0,0,0,0,0,0,0,0,0,0, 0,0,0,0,0,15,0,0,0,0
12680,8,140,-55.4,60,32,-7.40823,5.11059,0,0,0,0,0,0,0,0,0,0,0, 0,0,0,0,0,15,0,0,0,0
12680,9,17,3.1,220,31.5,1.7846,32.9517,0,0,0,0,0,0,0,0,0,0,0, 0,0,0,0,0,15,0,0,0,0
12720,0,247,-56.5,64,32,-8.0053,5.2986,0,0,0,0,0,0,0,0,0,0,0, 0,0,0,0,0,0,0,0,0,0
12720,1,293,-55.4,68,32,-8.39599,5.79201,0,0,0,0,0,0,0,0,0,0,0, 0,0,0,0,0,0,0,0,0,0
12720,2,246,-55.4,72,32,-8.88987,6.13271,0,0,0,0,0,0,0,0,0,0,0, 0,0,0,0,0,0,0,0,0,0
12720,3,161,-51.6,76,32,-8.93411,7.08108,0,0,0,0,0,0,0,0,0,0,0, 0,0,0,0,0,0,0,0,0,0
12720,4,111,-49.8,80,32,-9.16555,7.74549,0,0,0,0,0,0,0,0,0,0,0, 0,0,0,0,0,0,0,0,0,0
12720,5,139,-55.4,60,32,-7.40823,5.11059,0,0,0,0,0,0,0,0,0,0,0, 0,0,0,0,0,0,0,0,0,0
12760,0,245,-55.4,64,32,-7.90211,5.4513,0,0,0,0,0,0,0,0,0,0,0, 0,0,0,0,0,1,0,0,0,0
12760,1,290,-55.4,68,32,-8.39599,5.79201,0,0,0,0,0,0,0,0,0,0,0, 0,0,0,0,0,1,0,0,0,0
12760,2,38,69.6,8,33,1.12474,0.418287,0,0,0,0,0,0,0,0,0,0,0, 0,0,0,0,0,1,0,0,0,0
12760,3,246,-54.4,72,32,-8.78149,6.28693,0,0,0,0,0,0,0,0,0,0,0, 0,0,0,0,0,1,0,0,0,0
12760,4,160,-51.6,76,32,-8.93411,7.08108,0,0,0,0,0,0,0,0,0,0,0, 0,0,0,0,0,1,0,0,0,0
12760,5,106,-51.6,80,32,-9.40432,7.45377,0,0,0,0,0,0,0,0,0,0,0, 0,0,0,0,0,1,0,0,0,0
12760,6,140,-55.4,60,32,-7.40823,5.11059,0,0,0,0,0,0,0,0,0,0,0, 0,0,0,0,0,1,0,0,0,0
12800,0,247,-55.4,64,32,-7.90211,5.4513,0,0,0,0,0,0,0,0,0,0,0, 0,0,0,0,0,2,0,0,0,0
12800,1,291,-55.4,68,32,-8.39599,5.79201,0,0,0,0,0,0,0,0,0,0,0, 0,0,0,0,0,2,0,0,0,0
12800,2,243,-55.4,72,32,-8.88987,6.13271,0,0,0,0,0,0,0,0,0,0,0, 0,0,0,0,0,2,0,0,0,0
12800,3,157,-53.4,76,32,-9.15212,6.79696,0,0,0,0,0,0,0,0,0,0,0, 0,0,0,0,0,2,0,0,0,0
12800,4,103,-51.6,80,32,-9.40432,7.45377,0,0,0,0,0,0,0,0,0,0,0, 0,0,0,0,0,2,0,0,0,0
12800,5,141,-55.4,60,32,-7.40823,5.11059,0,0,0,0,0,0,0,0,0,0,0, 0,0,0,0,0,2,0,0,0,0
12840,0,246,-56.5,64,32,-8.0053,5.2986,0,0,0,0,0,0,0,0,0,0,0, 0,0,0,0,0,3,0,0,0,0
12840,1,291,-56.5,68,32,-8.50564,5.62976,0,0,0,0,0,0,0,0,0,0,0, 0,0,0,0,0,3,0,0,0,0
12840,2,47,66.6,8,33,1.10131,0.476577,0,0,0,0,0,0,0,0,0,0,0, 0,0,0,0,0,3,0,0,0,0
12840,3,241,-55.4,72,32,-8.88987,6.13271,0,0,0,0,0,0,0,0,0,0,0, 0,0,0,0,0,3,0,0,0,0
12840,4,151,-55.4,76,32,-9.38375,6.47342,0,0,0,0,0,0,0,0,0,0,0, 0,0,0,0,0,3,0,0,0,0
12840,5,96,-56.5,80,32,-10.0066,6.62324,0,0,0,0,0,0,0,0,0,0,0, 0,0,0,0,0,3,0,0,0,0
12840,6,139,-56.5,60,32,-7.50497,4.96743,0,0,0,0,0,0,0,0,0,0,0, 0,0,0,0,0,3,0,0,0,0
12880,0,246,-56.5,64,32,-8.0053,5.2986,0,0,0,0,0,0,0,0,0,0,0, 0,0,0,0,0,4,0,0,0,0
12880,1,290,-56.5,68,32,-8.50564,5.62976,0,0,0,0,0,0,0,0,0,0,0, 0,0,0,0,0,4,0,0,0,0
12880,2,241,-55.4,72,32,-8.88987,6.13271,0,0,0,0,0,0,0,0,0,0,0, 0,0,0,0,0,4,0,0,0,0
12880,3,153,-56.5,76,32,-9.5063,6.29208,0,0,0,0,0,0,0,0,0,0,0, 0,0,0,0,0,4,0,0,0,0
12880,4,98,-57.4,80,32,-10.1094,6.46525,0,0,0,0,0,0,0,0,0,0,0, 0,0,0,0,0,4,0,0,0,0
12880,5,139,-56.5,60,32,-7.50497,4.96743,0,0,0,0,0,0,0,0,0,0,0, 0,0,0,0,0,4,0,0,0,0
12920,0,245,-56.5,64,32,-8.0053,5.2986,0,0,0,0,0,0,0,0,0,0,0, 0,0,0,0,0,5,0,0,0,0
12920,1,289,-56.5,68,32,-8.50564,5.62976,0,0,0,0,0,0,0,0,0,0,0, 0,0,0,0,0,5,0,0,0,0
12920,2,243,-55.4,72,32,-8.88987,6.13271,0,0,0,0,0,0,0,0,0,0,0, 0,0,0,0,0,5,0,0,0,0
12920,3,153,-56.5,76,32,-9.5063,6.29208,0,0,0,0,0,0,0,0,0,0,0, 0,0,0,0,0,5,0,0,0,0
12920,4,97,-58.4,80,32,-10.2207,6.28783,0,0,0,0,0,0,0,0,0,0,0, 0,0,0,0,0,5,0,0,0,0
12920,5,140,-55.4,60,32,-7.40823,5.11059,0,0,0,0,0,0,0,0,0,0,0, 0,0,0,0,0,5,0,0,0,0
12960,0,246,-56.5,64,32,-8.0053,5.2986,0,0,0,0,0,0,0,0,0,0,0, 0,0,0,0,0,6,0,0,0,0
12960,1,293,-55.4,68,32,-8.39599,5.79201,0,0,0,0,0,0,0,0,0,0,0, 0,0,0,0,0,6,0,0,0,0
12960,2,245,-55.4,72,32,-8.88987,6.13271,0,0,0,0,0,0,0,0,0,0,0, 0,0,0,0,0,6,0,0,0,0
12960,3,156,-56.5,76,32,-9.5063,6.29208,0,0,0,0,0,0,0,0,0,0,0, 0,0,0,0,0,6,0,0,0,0
12960,4,100,-59.4,80,32,-10.3289,6.1085,0,0,0,0,0,0,0,0,0,0,0, 0,0,0,0,0,6,0,0,0,0
12960,5,139,-55.4,60,32,-7.40823,5.11059,0,0,0,0,0,0,0,0,0,0,0, 0,0,0,0,0,6,0,0,0,0
13000,0,246,-55.4,64,32,-7.90211,5.4513,0,0,0,0,0,0,0,0,0,0,0, 0,0,0,0,0,7,0,0,0,0
13000,1,292,-55.4,68,32,-8.39599,5.79201,0,0,0,0,0,0,0,0,0,0,0, 0,0,0,0,0,7,0,0,0,0
13000,2,247,-55.4,72,32,-8.88987,6.13271,0,0,0,0,0,0,0,0,0,0,0, 0,0,0,0,0,7,0,0,0,0
13000,3,161,-55.4,76,32,-9.38375,6.47342,0,0,0,0,0,0,0,0,0,0,0, 0,0,0,0,0,7,0,0,0,0
13000,4,18,6.1,236,32.75,3.76175,35.1996,0,0,0,0,0,0,0,0,0,0,0, 0,0,0,0,0,7,0,0,0,0
13000,5,14,6.6,236,33,4.06878,35.1654,0,0,0,0,0,0,0,0,0,0,0, 0,0,0,0,0,7,0,0,0,0
13000,6,101,-57.4,80,32,-10.1094,6.46525,0,0,0,0,0,0,0,0,0,0,0, 0,0,0,0,0,7,0,0,0,0
13000,7,140,-54.4,60,32,-7.31791,5.23911,0,0,0,0,0,0,0,0,0,0,0, 0,0,0,0,0,7,0,0,0,0
13040,0,247,-55.4,64,32,-7.90211,5.4513,0,0,0,0,0,0,0,0,0,0,0, 0,0,0,0,0,8,0,0,0,0
13040,1,292,-55.4,68,32,-8.39599,5.79201,0,0,0,0,0,0,0,0,0,0,0, 0,0,0,0,0,8,0,0,0,0
13040,2,44,75.1,8,33,1.15965,0.308559,0,0,0,0,0,0,0,0,0,0,0, 0,0,0,0,0,8,0,0,0,0
13040,3,247,-54.4,72,32,-8.78149,6.28693,0,0,0,0,0,0,0,0,0,0,0, 0,0,0,0,0,8,0,0,0,0
13040,4,19,3.1,232,31.75,1.88194,34.7491,0,0,0,0,0,0,0,0,0,0,0, 0,0,0,0,0,8,0,0,0,0
13040,5,162,-54.4,76,32,-9.26935,6.6362,0,0,0,0,0,0,0,0,0,0,0, 0,0,0,0,0,8,0,0,0,0
13040,6,108,-54.4,80,32,-9.75721,6.98548,0,0,0,0,0,0,0,0,0,0,0, 0,0,0,0,0,8,0,0,0,0
13040,7,142,-54.4,60,32,-7.31791,5.23911,0,0,0,0,0,0,0,0,0,0,0, 0,0,0,0,0,8,0,0,0,0
13080,0,250,-55.4,64,32,-7.90211,5.4513,0,1334,0,0,0,0,0,0,0,0,0, 0,0,0,0,0,9,0,0,0,0
13080,1,294,-55.4,68,32,-8.39599,5.79201,0,1334,0,0,0,0,0,0,0,0,0, 0,0,0,0,0,9,0,0,0,0
13080,2,245,-55.4,72,32,-8.88987,6.13271,0,1334,0,0,0,0,0,0,0,0,0, 0,0,0,0,0,9,0,0,0,0
13080,3,156,-54.4,76,32,-9.26935,6.6362,0,1334,0,0,0,0,0,0,0,0,0, 0,0,0,0,0,9,0,0,0,0
13080,4,105,-49.8,80,32,-9.16555,7.74549,0,1334,0,0,0,0,0,0,0,0,0, 0,0,0,0,0,9,0,0,0,0
13080,5,142,-54.4,60,32,-7.31791,5.23911,0,1334,0,0,0,0,0,0,0,0,0, 0,0,0,0,0,9,0,0,0,0
13120,0,248,-55.4,64,32,-7.90211,5.4513,0,0,0,0,0,0,0,0,0,0,0, 0,0,0,0,0,10,0,0,0,0
13120,1,292,-55.4,68,32,-8.39599,5.79201,0,0,0,0,0,0,0,0,0,0,0, 0,0,0,0,0,10,0,0,0,0
13120,2,247,-55.4,72,32,-8.88987,6.13271,0,0,0,0,0,0,0,0,0,0,0, 0,0,0,0,0,10,0,0,0,0
13120,3,161,-53.4,76,32,-9.15212,6.79696,0,0,0,0,0,0,0,0,0,0,0, 0,0,0,0,0,10,0,0,0,0
13120,4,108,-51.6,80,32,-9.40432,7.45377,0,0,0,0,0,0,0,0,0,0,0, 0,0,0,0,0,10,0,0,0,0
13120,5,141,-55.4,60,32,-7.40823,5.11059,0,0,0,0,0,0,0,0,0,0,0, 0,0,0,0,0,10,0,0,0,0
13160,0,248,-56.5,64,32,-8.0053,5.2986,0,7936,0,0,0,0,0,0,0,0,0, 0,0,0,0,0,11,0,0,0,0
13160,1,292,-56.5,68,32,-8.50564,5.62976,0,7936,0,0,0,0,0,0,0,0,0, 0,0,0,0,0,11,0,0,0,0
13160,2,245,-56.5,72,32,-9.00597,5.96092,0,7936,0,0,0,0,0,0,0,0,0, 0,0,0,0,0,11,0,0,0,0
13160,3,157,-54.4,76,32,-9.26935,6.6362,0,7936,0,0,0,0,0,0,0,0,0, 0,0,0,0,0,11,0,0,0,0
13160,4,106,-51.6,80,32,-9.40432,7.45377,0,7936,0,0,0,0,0,0,0,0,0, 0,0,0,0,0,11,0,0,0,0
13160,5,138,-56.5,60,32,-7.50497,4.96743,0,7936,0,0,0,0,0,0,0,0,0, 0,0,0,0,0,11,0,0,0,0
13200,0,245,-56.5,64,32,-8.0053,5.2986,0,1139,0,0,0,0,0,0,0,0,0, 0,0,0,0,0,12,0,0,0,0
13200,1,290,-56.5,68,32,-8.50564,5.62976,0,1139,0,0,0,0,0,0,0,0,0, 0,0,0,0,0,12,0,0,0,0
13200,2,41,69.6,8,33,1.12474,0.418287,0,1139,0,0,0,0,0,0,0,0,0, 0,0,0,0,0,12,0,0,0,0
13200,3,243,-56.5,72,32,-9.00597,5.96092,0,1139,0,0,0,0,0,0,0,0,0, 0,0,0,0,0,12,0,0,0,0
13200,4,159,-54.4,76,32,-9.26935,6.6362,0,1139,0,0,0,0,0,0,0,0,0, 0,0,0,0,0,12,0,0,0,0
13200,5,105,-51.6,80,32,-9.40432,7.45377,0,1139,0,0,0,0,0,0,0,0,0, 0,0,0,0,0,12,0,0,0,0
13200,6,139,-56.5,60,32,-7.50497,4.96743,0,1139,0,0,0,0,0,0,0,0,0, 0,0,0,0,0,12,0,0,0,0
13240,0,246,-56.5,64,32,-8.0053,5.2986,0,86,0,0,0,0,0,0,0,0,0, 0,0,0,0,0,13,0,0,0,0
13240,1,291,-56.5,68,32,-8.50564,5.62976,0,86,0,0,0,0,0,0,0,0,0, 0,0,0,0,0,13,0,0,0,0
13240,2,242,-56.5,72,32,-9.00597,5.96092,0,86,0,0,0,0,0,0,0,0,0, 0,0,0,0,0,13,0,0,0,0
13240,3,153,-55.4,76,32,-9.38375,6.47342,0,86,0,0,0,0,0,0,0,0,0, 0,0,0,0,0,13,0,0,0,0
13240,4,101,-49.8,80,32,-9.16555,7.74549,0,86,0,0,0,0,0,0,0,0,0, 0,0,0,0,0,13,0,0,0,0
13240,5,11,-22.9,496,20.25,-28.9508,68.5362,0,86,0,0,0,0,0,0,0,0,0, 0,0,0,0,0,13,0,0,0,0
13240,6,138,-57.4,60,32,-7.58207,4.84894,0,86,0,0,0,0,0,0,0,0,0, 0,0,0,0,0,13,0,0,0,0
13280,0,245,-56.5,64,32,-8.0053,5.2986,0,0,0,0,0,0,0,0,0,0,0, 0,0,0,0,0,14,0,0,0,0
13280,1,291,-56.5,68,32,-8.50564,5.62976,0,0,0,0,0,0,0,0,0,0,0, 0,0,0,0,0,14,0,0,0,0
13280,2,242,-56.5,72,32,-9.00597,5.96092,0,0,0,0,0,0,0,0,0,0,0, 0,0,0,0,0,14,0,0,0,0
13280,3,9,64.6,168,32.25,22.764,10.8092,0,0,0,0,0,0,0,0,0,0,0, 0,0,0,0,0,14,0,0,0,0
13280,4,156,-54.4,76,32,-9.26935,6.6362,0,0,0,0,0,0,0,0,0,0,0, 0,0,0,0,0,14,0,0,0,0
13280,5,107,-49.8,80,32,-9.16555,7.74549,0,0,0,0,0,0,0,0,0,0,0, 0,0,0,0,0,14,0,0,0,0
13280,6,137,-57.4,60,32,-7.58207,4.84894,0,0,0,0,0,0,0,0,0,0,0, 0,0,0,0,0,14,0,0,0,0
13320,0,245,-57.4,64,32,-8.08754,5.1722,0,0,0,0,0,0,0,0,0,0,0, 0,0,0,0,0,15,0,0,0,0
13320,1,291,-56.5,68,32,-8.50564,5.62976,0,0,0,0,0,0,0,0,0,0,0, 0,0,0,0,0,15,0,0,0,0
13320,2,243,-56.5,72,32,-9.00597,5.96092,0,0,0,0,0,0,0,0,0,0,0, 0,0,0,0,0,15,0,0,0,0
13320,3,156,-55.4,76,32,-9.38375,6.47342,0,0,0,0,0,0,0,0,0,0,0, 0,0,0,0,0,15,0,0,0,0
13320,4,105,-49.8,80,32,-9.16555,7.74549,0,0,0,0,0,0,0,0,0,0,0, 0,0,0,0,0,15,0,0,0,0
13320,5,139,-56.5,60,32,-7.50497,4.96743,0,0,0,0,0,0,0,0,0,0,0, 0,0,0,0,0,15,0,0,0,0
13320,6,17,-3,220,32.25,-1.72709,32.9548,0,0,0,0,0,0,0,0,0,0,0, 0,0,0,0,0,15,0,0,0,0
13360,0,243,-56.5,64,32,-8.0053,5.2986,0,0,0,0,0,0,0,0,0,0,0, 0,0,0,0,0,0,0,0,0,0
13360,1,288,-56.5,68,32,-8.50564,5.62976,0,0,0,0,0,0,0,0,0,0,0, 0,0,0,0,0,0,0,0,0,0
13360,2,27,75.1,8,30.75,1.15965,0.308559,0,0,0,0,0,0,0,0,0,0,0, 0,0,0,0,0,0,0,0,0,0
13360,3,244,-56.5,72,32,-9.00597,5.96092,0,0,0,0,0,0,0,0,0,0,0, 0,0,0,0,0,0,0,0,0,0
13360,4,159,-55.4,76,32,-9.38375,6.47342,0,0,0,0,0,0,0,0,0,0,0, 0,0,0,0,0,0,0,0,0,0
13360,5,110,-51.6,80,32,-9.40432,7.45377,0,0,0,0,0,0,0,0,0,0,0, 0,0,0,0,0,0,0,0,0,0
13360,6,83,-51.6,84,32,-9.87454,7.82646,0,0,0,0,0,0,0,0,0,0,0, 0,0,0,0,0,0,0,0,0,0
13360,7,138,-55.4,60,32,-7.40823,5.11059,0,0,0,0,0,0,0,0,0,0,0, 0,0,0,0,0,0,0,0,0,0
13360,8,21,-1.8,220,31.75,-1.03656,32.9837,0,0,0,0,0,0,0,0,0,0,0, 0,0,0,0,0,0,0,0,0,0
13400,0,244,-56.5,64,32,-8.0053,5.2986,0,0,0,0,0,0,0,0,0,0,0, 0,0,0,0,0,1,0,0,0,0
13400,1,290,-56.5,68,32,-8.50564,5.62976,0,0,0,0,0,0,0,0,0,0,0, 0,0,0,0,0,1,0,0,0,0
13400,2,245,-56.5,72,32,-9.00597,5.96092,0,0,0,0,0,0,0,0,0,0,0, 0,0,0,0,0,1,0,0,0,0
13400,3,160,-54.4,76,32,-9.26935,6.6362,0,0,0,0,0,0,0,0,0,0,0, 0,0,0,0,0,1,0,0,0,0
13400,4,108,-51.6,80,32,-9.40432,7.45377,0,0,0,0,0,0,0,0,0,0,0, 0,0,0,0,0,1,0,0,0,0
13400,5,82,-51.6,84,32,-9.87454,7.82646,0,0,0,0,0,0,0,0,0,0,0, 0,0,0,0,0,1,0,0,0,0
13400,6,140,-54.4,60,32,-7.31791,5.23911,0,0,0,0,0,0,0,0,0,0,0, 0,0,0,0,0,1,0,0,0,0
13440,0,249,-56.5,64,32,-8.0053,5.2986,0,0,0,0,0,0,0,0,0,0,0, 0,0,0,0,0,2,0,0,0,0
13440,1,294,-56.5,68,32,-8.50564,5.62976,0,0,0,0,0,0,0,0,0,0,0, 0,0,0,0,0,2,0,0,0,0
13440,2,245,-56.5,72,32,-9.00597,5.96092,0,0,0,0,0,0,0,0,0,0,0, 0,0,0,0,0,2,0,0,0,0
13440,3,158,-55.4,76,32,-9.38375,6.47342,0,0,0,0,0,0,0,0,0,0,0, 0,0,0,0,0,2,0,0,0,0
13440,4,107,-51.6,80,32,-9.40432,7.45377,0,0,0,0,0,0,0,0,0,0,0, 0,0,0,0,0,2,0,0,0,0
13440,5,142,-55.4,60,32,-7.40823,5.11059,0,0,0,0,0,0,0,0,0,0,0, 0,0,0,0,0,2,0,0,0,0
13480,0,249,-55.4,64,32,-7.90211,5.4513,0,0,0,0,0,0,0,0,0,0,0, 0,0,0,0,0,3,0,0,0,0
13480,1,294,-55.4,68,32,-8.39599,5.79201,0,0,0,0,0,0,0,0,0,0,0, 0,0,0,0,0,3,0,0,0,0
13480,2,47,72.4,8,33,1.14383,0.362844,0,0,0,0,0,0,0,0,0,0,0, 0,0,0,0,0,3,0,0,0,0
13480,3,246,-55.4,72,32,-8.88987,6.13271,0,0,0,0,0,0,0,0,0,0,0, 0,0,0,0,0,3,0,0,0,0
13480,4,157,-54.4,76,32,-9.26935,6.6362,0,0,0,0,0,0,0,0,0,0,0, 0,0,0,0,0,3,0,0,0,0
13480,5,105,-49.8,80,32,-9.16555,7.74549,0,0,0,0,0,0,0,0,0,0,0, 0,0,0,0,0,3,0,0,0,0
13480,6,30,3.1,212,31.5,1.71971,31.7535,0,0,0,0,0,0,0,0,0,0,0, 0,0,0,0,0,3,0,0,0,0
13480,7,140,-54.4,60,32,-7.31791,5.23911,0,0,0,0,0,0,0,0,0,0,0, 0,0,0,0,0,3,0,0,0,0
13520,0,249,-55.4,64,32,-7.90211,5.4513,0,0,0,0,0,0,0,0,0,0,0, 0,0,0,0,0,4,0,0,0,0
13520,1,291,-55.4,68,32,-8.39599,5.79201,0,0,0,0,0,0,0,0,0,0,0, 0,0,0,0,0,4,0,0,0,0
13520,2,243,-56.5,72,32,-9.00597,5.96092,0,0,0,0,0,0,0,0,0,0,0, 0,0,0,0,0,4,0,0,0,0
13520,3,14,1.3,232,31.75,0.789519,34.791,0,0,0,0,0,0,0,0,0,0,0, 0,0,0,0,0,4,0,0,0,0
13520,4,154,-54.4,76,32,-9.26935,6.6362,0,0,0,0,0,0,0,0,0,0,0, 0,0,0,0,0,4,0,0,0,0
13520,5,105,-49.8,80,32,-9.16555,7.74549,0,0,0,0,0,0,0,0,0,0,0, 0,0,0,0,0,4,0,0,0,0
13520,6,23,0.1,216,31.5,0.0565486,32.4,0,0,0,0,0,0,0,0,0,0,0, 0,0,0,0,0,4,0,0,0,0
13520,7,16,8.3,216,33,4.67714,32.0606,0,0,0,0,0,0,0,0,0,0,0, 0,0,0,0,0,4,0,0,0,0
13520,8,140,-54.4,60,32,-7.31791,5.23911,0,0,0,0,0,0,0,0,0,0,0, 0,0,0,0,0,4,0,0,0,0
13560,0,244,-56.5,64,32,-8.0053,5.2986,0,0,0,0,0,0,0,0,0,0,0, 0,0,0,0,0,5,0,0,0,0
13560,1,290,-56.5,68,32,-8.50564,5.62976,0,0,0,0,0,0,0,0,0,0,0, 0,0,0,0,0,5,0,0,0,0
13560,2,242,-56.5,72,32,-9.00597,5.96092,0,0,0,0,0,0,0,0,0,0,0, 0,0,0,0,0,5,0,0,0,0
13560,3,154,-55.4,76,32,-9.38375,6.47342,0,0,0,0,0,0,0,0,0,0,0, 0,0,0,0,0,5,0,0,0,0
13560,4,106,-46.7,80,32,-8.73327,8.22982,0,0,0,0,0,0,0,0,0,0,0, 0,0,0,0,0,5,0,0,0,0
13560,5,20,9.4,208,31.75,5.09577,30.7811,0,0,0,0,0,0,0,0,0,0,0, 0,0,0,0,0,5,0,0,0,0
13560,6,141,-55.4,60,32,-7.40823,5.11059,0,0,0,0,0,0,0,0,0,0,0, 0,0,0,0,0,5,0,0,0,0
13600,0,247,-56.5,64,32,-8.0053,5.2986,0,0,0,0,0,0,0,0,0,0,0, 0,0,0,0,0,6,0,0,0,0
13600,1,292,-56.5,68,32,-8.50564,5.62976,0,0,0,0,0,0,0,0,0,0,0, 0,0,0,0,0,6,0,0,0,0
13600,2,243,-56.5,72,32,-9.00597,5.96092,0,0,0,0,0,0,0,0,0,0,0, 0,0,0,0,0,6,0,0,0,0
13600,3,155,-53.4,76,32,-9.15212,6.79696,0,0,0,0,0,0,0,0,0,0,0, 0,0,0,0,0,6,0,0,0,0
13600,4,112,-44.2,80,32,-8.36598,8.60293,0,0,0,0,0,0,0,0,0,0,0, 0,0,0,0,0,6,0,0,0,0
13600,5,88,-41.1,84,32,-8.28293,9.4949,0,0,0,0,0,0,0,0,0,0,0, 0,0,0,0,0,6,0,0,0,0
13600,6,29,-2.4,212,31.75,-1.33165,31.7721,0,0,0,0,0,0,0,0,0,0,0, 0,0,0,0,0,6,0,0,0,0
13600,7,24,-3,212,32.25,-1.66428,31.7564,0,0,0,0,0,0,0,0,0,0,0, 0,0,0,0,0,6,0,0,0,0
13600,8,28,1.3,216,31.25,0.73507,32.3917,0,0,0,0,0,0,0,0,0,0,0, 0,0,0,0,0,6,0,0,0,0
13600,9,28,1.3,216,32.25,0.73507,32.3917,0,0,0,0,0,0,0,0,0,0,0, 0,0,0,0,0,6,0,0,0,0
13600,10,139,-55.4,60,32,-7.40823,5.11059,0,0,0,0,0,0,0,0,0,0,0, 0,0,0,0,0,6,0,0,0,0
13640,0,246,-56.5,64,32,-8.0053,5.2986,0,0,0,0,0,0,0,0,0,0,0, 0,0,0,0,0,7,0,0,0,0
13640,1,18,-6.6,224,32.25,-3.86189,33.3773,0,0,0,0,0,0,0,0,0,0,0, 0,0,0,0,0,7,0,0,0,0
13640,2,15,75.1,384,20,55.6633,14.8108,0,0,0,0,0,0,0,0,0,0,0, 0,0,0,0,0,7,0,0,0,0
13640,3,290,-56.5,68,32,-8.50564,5.62976,0,0,0,0,0,0,0,0,0,0,0, 0,0,0,0,0,7,0,0,0,0
13640,4,241,-56.5,72,32,-9.00597,5.96092,0,0,0,0,0,0,0,0,0,0,0, 0,0,0,0,0,7,0,0,0,0
13640,5,155,-54.4,76,32,-9.26935,6.6362,0,0,0,0,0,0,0,0,0,0,0, 0,0,0,0,0,7,0,0,0,0
13640,6,105,-48,80,32,-8.91774,8.02957,0,0,0,0,0,0,0,0,0,0,0, 0,0,0,0,0,7,0,0,0,0
13640,7,17,3.6,216,31.75,2.03441,32.3361,0,0,0,0,0,0,0,0,0,0,0, 0,0,0,0,0,7,0,0,0,0
13640,8,137,-56.5,60,32,-7.50497,4.96743,0,0,0,0,0,0,0,0,0,0,0, 0,0,0,0,0,7,0,0,0,0
13640,9,13,-44.2,508,56.75,-53.124,54.6286,0,0,0,0,0,0,0,0,0,0,0, 0,0,0,0,0,7,0,0,0,0
13680,0,243,-57.4,64,32,-8.08754,5.1722,0,0,0,0,0,0,0,0,0,0,0, 0,0,0,0,0,8,0,0,0,0
13680,1,289,-57.4,68,32,-8.59301,5.49546,0,0,0,0,0,0,0,0,0,0,0, 0,0,0,0,0,8,0,0,0,0
13680,2,241,-56.5,72,32,-9.00597,5.96092,0,0,0,0,0,0,0,0,0,0,0, 0,0,0,0,0,8,0,0,0,0
13680,3,159,-53.4,76,32,-9.15212,6.79696,0,0,0,0,0,0,0,0,0,0,0, 0,0,0,0,0,8,0,0,0,0
13680,4,116,-44.2,80,32,-8.36598,8.60293,0,0,0,0,0,0,0,0,0,0,0, 0,0,0,0,0,8,0,0,0,0
13680,5,96,-42.3,84,32,-8.47996,9.31935,0,0,0,0,0,0,0,0,0,0,0, 0,0,0,0,0,8,0,0,0,0
13680,6,137,-56.5,60,32,-7.50497,4.96743,0,0,0,0,0,0,0,0,0,0,0, 0,0,0,0,0,8,0,0,0,0
13720,0,243,-56.5,64,32,-8.0053,5.2986,0,1334,0,0,0,0,0,0,0,0,0, 0,0,0,0,0,9,0,0,0,0
13720,1,288,-56.5,68,32,-8.50564,5.62976,0,1334,0,0,0,0,0,0,0,0,0, 0,0,0,0,0,9,0,0,0,0
13720,2,243,-56.5,72,32,-9.00597,5.96092,0,1334,0,0,0,0,0,0,0,0,0, 0,0,0,0,0,9,0,0,0,0
13720,3,159,-54.4,76,32,-9.26935,6.6362,0,1334,0,0,0,0,0,0,0,0,0, 0,0,0,0,0,9,0,0,0,0
13720,4,113,-45.9,80,32,-8.61752,8.35095,0,1334,0,0,0,0,0,0,0,0,0, 0,0,0,0,0,9,0,0,0,0
13720,5,88,-43.6,84,32,-8.68921,9.12457,0,1334,0,0,0,0,0,0,0,0,0, 0,0,0,0,0,9,0,0,0,0
13720,6,136,-57.4,60,32,-7.58207,4.84894,0,1334,0,0,0,0,0,0,0,0,0, 0,0,0,0,0,9,0,0,0,0
13720,7,26,-2.4,220,31.5,-1.3819,32.9711,0,1334,0,0,0,0,0,0,0,0,0, 0,0,0,0,0,9,0,0,0,0
13760,0,245,-57.4,64,32,-8.08754,5.1722,0,0,0,0,0,0,0,0,0,0,0, 0,0,0,0,0,10,0,0,0,0
13760,1,291,-57.4,68,32,-8.59301,5.49546,0,0,0,0,0,0,0,0,0,0,0, 0,0,0,0,0,10,0,0,0,0
13760,2,25,-3.6,228,31.25,-2.14744,34.1325,0,0,0,0,0,0,0,0,0,0,0, 0,0,0,0,0,10,0,0,0,0
13760,3,244,-56.5,72,32,-9.00597,5.96092,0,0,0,0,0,0,0,0,0,0,0, 0,0,0,0,0,10,0,0,0,0
13760,4,157,-53.4,76,32,-9.15212,6.79696,0,0,0,0,0,0,0,0,0,0,0, 0,0,0,0,0,10,0,0,0,0
13760,5,115,-44.2,80,32,-8.36598,8.60293,0,0,0,0,0,0,0,0,0,0,0, 0,0,0,0,0,10,0,0,0,0
13760,6,15,-7.8,208,32.5,-4.23433,30.9113,0,0,0,0,0,0,0,0,0,0,0, 0,0,0,0,0,10,0,0,0,0
13760,7,14,-0.6,432,32.5,-0.678572,64.7964,0,0,0,0,0,0,0,0,0,0,0, 0,0,0,0,0,10,0,0,0,0
13760,8,100,-41.1,84,32,-8.28293,9.4949,0,0,0,0,0,0,0,0,0,0,0, 0,0,0,0,0,10,0,0,0,0
13760,9,136,-57.4,60,32,-7.58207,4.84894,0,0,0,0,0,0,0,0,0,0,0, 0,0,0,0,0,10,0,0,0,0
13800,0,244,-56.5,64,32,-8.0053,5.2986,0,7936,0,0,0,0,0,0,0,0,0, 0,0,0,0,0,11,0,0,0,0
13800,1,289,-56.5,68,32,-8.50564,5.62976,0,7936,0,0,0,0,0,0,0,0,0, 0,0,0,0,0,11,0,0,0,0
13800,2,42,68.6,8,33,1.11727,0.437852,0,7936,0,0,0,0,0,0,0,0,0, 0,0,0,0,0,11,0,0,0,0
13800,3,244,-55.4,72,32,-8.88987,6.13271,0,7936,0,0,0,0,0,0,0,0,0, 0,0,0,0,0,11,0,0,0,0
13800,4,159,-53.4,76,32,-9.15212,6.79696,0,7936,0,0,0,0,0,0,0,0,0, 0,0,0,0,0,11,0,0,0,0
13800,5,117,-43.6,80,32,-8.27543,8.69006,0,7936,0,0,0,0,0,0,0,0,0, 0,0,0,0,0,11,0,0,0,0
13800,6,103,-40.5,84,32,-8.18305,9.58112,0,7936,0,0,0,0,0,0,0,0,0, 0,0,0,0,0,11,0,0,0,0
13800,7,25,0.6,212,31.75,0.333003,31.7983,0,7936,0,0,0,0,0,0,0,0,0, 0,0,0,0,0,11,0,0,0,0
13800,8,27,-1.8,212,32.25,-0.998862,31.7843,0,7936,0,0,0,0,0,0,0,0,0, 0,0,0,0,0,11,0,0,0,0
13800,9,21,-3,216,31.25,-1.69569,32.3556,0,7936,0,0,0,0,0,0,0,0,0, 0,0,0,0,0,11,0,0,0,0
13800,10,22,-4.8,216,33,-2.71116,32.2864,0,7936,0,0,0,0,0,0,0,0,0, 0,0,0,0,0,11,0,0,0,0
13800,11,137,-56.5,60,32,-7.50497,4.96743,0,7936,0,0,0,0,0,0,0,0,0, 0,0,0,0,0,11,0,0,0,0
13840,0,243,-56.5,64,32,-8.0053,5.2986,0,1139,0,0,0,0,0,0,0,0,0, 0,0,0,0,0,12,0,0,0,0
13840,1,289,-56.5,68,32,-8.50564,5.62976,0,1139,0,0,0,0,0,0,0,0,0, 0,0,0,0,0,12,0,0,0,0
13840,2,242,-55.4,72,32,-8.88987,6.13271,0,1139,0,0,0,0,0,0,0,0,0, 0,0,0,0,0,12,0,0,0,0
13840,3,156,-53.4,76,32,-9.15212,6.79696,0,1139,0,0,0,0,0,0,0,0,0, 0,0,0,0,0,12,0,0,0,0
13840,4,18,-7.8,236,31.25,-4.80433,35.0725,0,1139,0,0,0,0,0,0,0,0,0, 0,0,0,0,0,12,0,0,0,0
13840,5,113,-44.2,80,32,-8.36598,8.60293,0,1139,0,0,0,0,0,0,0,0,0, 0,0,0,0,0,12,0,0,0,0
13840,6,95,-39.9,84,32,-8.08227,9.66628,0,1139,0,0,0,0,0,0,0,0,0, 0,0,0,0,0,12,0,0,0,0
13840,7,136,-56.5,60,32,-7.50497,4.96743,0,1139,0,0,0,0,0,0,0,0,0, 0,0,0,0,0,12,0,0,0,0
13880,0,242,-56.5,64,32,-8.0053,5.2986,0,86,0,0,0,0,0,0,0,0,0, 0,0,0,0,0,13,0,0,0,0
13880,1,20,4.2,224,31.5,2.4608,33.5098,0,86,0,0,0,0,0,0,0,0,0, 0,0,0,0,0,13,0,0,0,0
13880,2,288,-56.5,68,32,-8.50564,5.62976,0,86,0,0,0,0,0,0,0,0,0, 0,0,0,0,0,13,0,0,0,0
13880,3,241,-56.5,72,32,-9.00597,5.96092,0,86,0,0,0,0,0,0,0,0,0, 0,0,0,0,0,13,0,0,0,0
13880,4,155,-53.4,76,32,-9.15212,6.79696,0,86,0,0,0,0,0,0,0,0,0, 0,0,0,0,0,13,0,0,0,0
13880,5,112,-45,80,32,-8.48528,8.48528,0,86,0,0,0,0,0,0,0,0,0, 0,0,0,0,0,13,0,0,0,0
13880,6,36,-2.4,208,31.75,-1.30652,31.1726,0,86,0,0,0,0,0,0,0,0,0, 0,0,0,0,0,13,0,0,0,0
13880,7,34,0.6,208,32.25,0.32672,31.1983,0,86,0,0,0,0,0,0,0,0,0, 0,0,0,0,0,13,0,0,0,0
13880,8,26,2.4,208,33,1.30652,31.1726,0,86,0,0,0,0,0,0,0,0,0, 0,0,0,0,0,13,0,0,0,0
13880,9,100,-40.5,84,32,-8.18305,9.58112,0,86,0,0,0,0,0,0,0,0,0, 0,0,0,0,0,13,0,0,0,0
13880,10,24,0.6,212,31.75,0.333003,31.7983,0,86,0,0,0,0,0,0,0,0,0, 0,0,0,0,0,13,0,0,0,0
13880,11,21,-4.8,212,33,-2.66096,31.6885,0,86,0,0,0,0,0,0,0,0,0, 0,0,0,0,0,13,0,0,0,0
13880,12,22,-1.2,216,31.75,-0.678535,32.3929,0,86,0,0,0,0,0,0,0,0,0, 0,0,0,0,0,13,0,0,0,0
13880,13,136,-56.5,60,32,-7.50497,4.96743,0,86,0,0,0,0,0,0,0,0,0, 0,0,0,0,0,13,0,0,0,0
13920,0,245,-56.5,64,32,-8.0053,5.2986,0,0,0,0,0,0,0,0,0,0,0, 0,0,0,0,0,14,0,0,0,0
13920,1,289,-56.5,68,32,-8.50564,5.62976,0,0,0,0,0,0,0,0,0,0,0, 0,0,0,0,0,14,0,0,0,0
13920,2,242,-55.4,72,32,-8.88987,6.13271,0,0,0,0,0,0,0,0,0,0,0, 0,0,0,0,0,14,0,0,0,0
13920,3,160,-49.8,76,32,-8.70727,7.35822,0,0,0,0,0,0,0,0,0,0,0, 0,0,0,0,0,14,0,0,0,0
13920,4,113,-44.2,80,32,-8.36598,8.60293,0,0,0,0,0,0,0,0,0,0,0, 0,0,0,0,0,14,0,0,0,0
13920,5,90,-42.3,84,32,-8.47996,9.31935,0,0,0,0,0,0,0,0,0,0,0, 0,0,0,0,0,14,0,0,0,0
13920,6,19,4.8,212,31.75,2.66096,31.6885,0,0,0,0,0,0,0,0,0,0,0, 0,0,0,0,0,14,0,0,0,0
13920,7,138,-55.4,60,32,-7.40823,5.11059,0,0,0,0,0,0,0,0,0,0,0, 0,0,0,0,0,14,0,0,0,0
13960,0,243,-55.4,64,32,-7.90211,5.4513,0,0,0,0,0,0,0,0,0,0,0, 0,0,0,0,0,15,0,0,0,0
13960,1,288,-55.4,68,32,-8.39599,5.79201,0,0,0,0,0,0,0,0,0,0,0, 0,0,0,0,0,15,0,0,0,0
13960,2,241,-54.4,72,32,-8.78149,6.28693,0,0,0,0,0,0,0,0,0,0,0, 0,0,0,0,0,15,0,0,0,0
13960,3,157,-49.8,76,32,-8.70727,7.35822,0,0,0,0,0,0,0,0,0,0,0, 0,0,0,0,0,15,0,0,0,0
13960,4,114,-42.9,80,32,-8.16865,8.79051,0,0,0,0,0,0,0,0,0,0,0, 0,0,0,0,0,15,0,0,0,0
13960,5,99,-39.9,84,32,-8.08227,9.66628,0,0,0,0,0,0,0,0,0,0,0, 0,0,0,0,0,15,0,0,0,0
13960,6,137,-55.4,60,32,-7.40823,5.11059,0,0,0,0,0,0,0,0,0,0,0, 0,0,0,0,0,15,0,0,0,0
14000,0,244,-56.5,64,32,-8.0053,5.2986,0,0,0,0,0,0,0,0,0,0,0, 0,0,0,0,0,0,0,0,0,0
14000,1,288,-56.5,68,32,-8.50564,5.62976,0,0,0,0,0,0,0,0,0,0,0, 0,0,0,0,0,0,0,0,0,0
14000,2,47,71.1,8,33,1.1353,0.388701,0,0,0,0,0,0,0,0,0,0,0, 0,0,0,0,0,0,0,0,0,0
14000,3,240,-55.4,72,32,-8.88987,6.13271,0,0,0,0,0,0,0,0,0,0,0, 0,0,0,0,0,0,0,0,0,0
14000,4,155,-51.6,76,32,-8.93411,7.08108,0,0,0,0,0,0,0,0,0,0,0, 0,0,0,0,0,0,0,0,0,0
14000,5,113,-42.9,80,32,-8.16865,8.79051,0,0,0,0,0,0,0,0,0,0,0, 0,0,0,0,0,0,0,0,0,0
14000,6,94,-39.9,84,32,-8.08227,9.66628,0,0,0,0,0,0,0,0,0,0,0, 0,0,0,0,0,0,0,0,0,0
14000,7,19,1.8,212,31.75,0.998862,31.7843,0,0,0,0,0,0,0,0,0,0,0, 0,0,0,0,0,0,0,0,0,0
14000,8,21,-4.8,216,31.75,-2.71116,32.2864,0,0,0,0,0,0,0,0,0,0,0, 0,0,0,0,0,0,0,0,0,0
14000,9,137,-58.4,60,32,-7.66554,4.71587,0,0,0,0,0,0,0,0,0,0,0, 0,0,0,0,0,0,0,0,0,0
14040,0,242,-57.4,64,32,-8.08754,5.1722,0,0,0,0,0,0,0,0,0,0,0, 0,0,0,0,0,1,0,0,0,0
14040,1,288,-56.5,68,32,-8.50564,5.62976,0,0,0,0,0,0,0,0,0,0,0, 0,0,0,0,0,1,0,0,0,0
14040,2,44,72.4,8,33,1.14383,0.362844,0,0,0,0,0,0,0,0,0,0,0, 0,0,0,0,0,1,0,0,0,0
14040,3,243,-55.4,72,32,-8.88987,6.13271,0,0,0,0,0,0,0,0,0,0,0, 0,0,0,0,0,1,0,0,0,0
14040,4,159,-53.4,76,32,-9.15212,6.79696,0,0,0,0,0,0,0,0,0,0,0, 0,0,0,0,0,1,0,0,0,0
14040,5,109,-45.9,80,32,-8.61752,8.35095,0,0,0,0,0,0,0,0,0,0,0, 0,0,0,0,0,1,0,0,0,0
14040,6,83,-46.7,84,32,-9.16994,8.64131,0,0,0,0,0,0,0,0,0,0,0, 0,0,0,0,0,1,0,0,0,0
14040,7,138,-56.5,60,32,-7.50497,4.96743,0,0,0,0,0,0,0,0,0,0,0, 0,0,0,0,0,1,0,0,0,0
14080,0,246,-56.5,64,32,-8.0053,5.2986,0,0,0,0,0,0,0,0,0,0,0, 0,0,0,0,0,2,0,0,0,0
14080,1,290,-56.5,68,32,-8.50564,5.62976,0,0,0,0,0,0,0,0,0,0,0, 0,0,0,0,0,2,0,0,0,0
14080,2,244,-55.4,72,32,-8.88987,6.13271,0,0,0,0,0,0,0,0,0,0,0, 0,0,0,0,0,2,0,0,0,0
14080,3,19,1.3,232,31.5,0.789519,34.791,0,0,0,0,0,0,0,0,0,0,0, 0,0,0,0,0,2,0,0,0,0
14080,4,161,-51.6,76,32,-8.93411,7.08108,0,0,0,0,0,0,0,0,0,0,0, 0,0,0,0,0,2,0,0,0,0
14080,5,110,-46.7,80,32,-8.73327,8.22982,0,0,0,0,0,0,0,0,0,0,0, 0,0,0,0,0,2,0,0,0,0
14080,6,18,0.1,212,31.5,0.0555014,31.7999,0,0,0,0,0,0,0,0,0,0,0, 0,0,0,0,0,2,0,0,0,0
14080,7,140,-55.4,60,32,-7.40823,5.11059,0,0,0,0,0,0,0,0,0,0,0, 0,0,0,0,0,2,0,0,0,0
14120,0,246,-55.4,64,32,-7.90211,5.4513,0,0,0,0,0,0,0,0,0,0,0, 0,0,0,0,0,3,0,0,0,0
14120,1,293,-55.4,68,32,-8.39599,5.79201,0,0,0,0,0,0,0,0,0,0,0, 0,0,0,0,0,3,0,0,0,0
14120,2,244,-55.4,72,32,-8.88987,6.13271,0,0,0,0,0,0,0,0,0,0,0, 0,0,0,0,0,3,0,0,0,0
14120,3,158,-51.6,76,32,-8.93411,7.08108,0,0,0,0,0,0,0,0,0,0,0, 0,0,0,0,0,3,0,0,0,0
14120,4,104,-49.8,80,32,-9.16555,7.74549,0,0,0,0,0,0,0,0,0,0,0, 0,0,0,0,0,3,0,0,0,0
14120,5,25,4.2,208,31.25,2.28503,31.1162,0,0,0,0,0,0,0,0,0,0,0, 0,0,0,0,0,3,0,0,0,0
14120,6,34,-1.8,212,31.75,-0.998862,31.7843,0,0,0,0,0,0,0,0,0,0,0, 0,0,0,0,0,3,0,0,0,0
14120,7,27,-5.4,212,33,-2.99264,31.6589,0,0,0,0,0,0,0,0,0,0,0, 0,0,0,0,0,3,0,0,0,0
14120,8,26,-3,216,31.75,-1.69569,32.3556,0,0,0,0,0,0,0,0,0,0,0, 0,0,0,0,0,3,0,0,0,0
14120,9,138,-56.5,60,32,-7.50497,4.96743,0,0,0,0,0,0,0,0,0,0,0, 0,0,0,0,0,3,0,0,0,0
14160,0,247,-56.5,64,32,-8.0053,5.2986,0,0,0,0,0,0,0,0,0,0,0, 0,0,0,0,0,4,0,0,0,0
14160,1,292,-55.4,68,32,-8.39599,5.79201,0,0,0,0,0,0,0,0,0,0,0, 0,0,0,0,0,4,0,0,0,0
14160,2,245,-55.4,72,32,-8.88987,6.13271,0,0,0,0,0,0,0,0,0,0,0, 0,0,0,0,0,4,0,0,0,0
14160,3,159,-49.8,76,32,-8.70727,7.35822,0,0,0,0,0,0,0,0,0,0,0, 0,0,0,0,0,4,0,0,0,0
14160,4,17,5.4,236,31.75,3.33143,35.2429,0,0,0,0,0,0,0,0,0,0,0, 0,0,0,0,0,4,0,0,0,0
14160,5,111,-44.2,80,32,-8.36598,8.60293,0,0,0,0,0,0,0,0,0,0,0, 0,0,0,0,0,4,0,0,0,0
14160,6,89,-43.6,84,32,-8.68921,9.12457,0,0,0,0,0,0,0,0,0,0,0, 0,0,0,0,0,4,0,0,0,0
14160,7,28,4.8,216,31.25,2.71116,32.2864,0,0,0,0,0,0,0,0,0,0,0, 0,0,0,0,0,4,0,0,0,0
14160,8,141,-55.4,60,32,-7.40823,5.11059,0,0,0,0,0,0,0,0,0,0,0, 0,0,0,0,0,4,0,0,0,0
14200,0,251,-55.4,64,32,-7.90211,5.4513,0,0,0,0,0,0,0,0,0,0,0, 0,0,0,0,0,5,0,0,0,0
14200,1,294,-55.4,68,32,-8.39599,5.79201,0,0,0,0,0,0,0,0,0,0,0, 0,0,0,0,0,5,0,0,0,0
14200,2,245,-55.4,72,32,-8.88987,6.13271,0,0,0,0,0,0,0,0,0,0,0, 0,0,0,0,0,5,0,0,0,0
14200,3,158,-51.6,76,32,-8.93411,7.08108,0,0,0,0,0,0,0,0,0,0,0, 0,0,0,0,0,5,0,0,0,0
14200,4,109,-45.9,80,32,-8.61752,8.35095,0,0,0,0,0,0,0,0,0,0,0, 0,0,0,0,0,5,0,0,0,0
14200,5,20,1.3,208,32.75,0.707845,31.192,0,0,0,0,0,0,0,0,0,0,0, 0,0,0,0,0,5,0,0,0,0
14200,6,27,-6,216,31.75,-3.38672,32.2225,0,0,0,0,0,0,0,0,0,0,0, 0,0,0,0,0,5,0,0,0,0
14200,7,26,-2.4,216,32.75,-1.35677,32.3716,0,0,0,0,0,0,0,0,0,0,0, 0,0,0,0,0,5,0,0,0,0
14200,8,21,0.6,216,33,0.339286,32.3982,0,0,0,0,0,0,0,0,0,0,0, 0,0,0,0,0,5,0,0,0,0
14200,9,141,-55.4,60,32,-7.40823,5.11059,0,0,0,0,0,0,0,0,0,0,0, 0,0,0,0,0,5,0,0,0,0
14240,0,249,-56.5,64,32,-8.0053,5.2986,0,0,0,0,0,0,0,0,0,0,0, 0,0,0,0,0,6,0,0,0,0
14240,1,291,-56.5,68,32,-8.50564,5.62976,0,0,0,0,0,0,0,0,0,0,0, 0,0,0,0,0,6,0,0,0,0
14240,2,242,-56.5,72,32,-9.00597,5.96092,0,0,0,0,0,0,0,0,0,0,0, 0,0,0,0,0,6,0,0,0,0
14240,3,151,-51.6,76,32,-8.93411,7.08108,0,0,0,0,0,0,0,0,0,0,0, 0,0,0,0,0,6,0,0,0,0
14240,4,109,-41.7,80,32,-7.98276,8.95966,0,0,0,0,0,0,0,0,0,0,0, 0,0,0,0,0,6,0,0,0,0
14240,5,87,-39.3,84,32,-7.9806,9.75039,0,0,0,0,0,0,0,0,0,0,0, 0,0,0,0,0,6,0,0,0,0
14240,6,19,-3.6,212,32.75,-1.99674,31.7372,0,0,0,0,0,0,0,0,0,0,0, 0,0,0,0,0,6,0,0,0,0
14240,7,139,-56.5,60,32,-7.50497,4.96743,0,0,0,0,0,0,0,0,0,0,0, 0,0,0,0,0,6,0,0,0,0
14280,0,245,-56.5,64,32,-8.0053,5.2986,0,0,0,0,0,0,0,0,0,0,0, 0,0,0,0,0,7,0,0,0,0
14280,1,290,-56.5,68,32,-8.50564,5.62976,0,0,0,0,0,0,0,0,0,0,0, 0,0,0,0,0,7,0,0,0,0
14280,2,47,69.6,8,33,1.12474,0.418287,0,0,0,0,0,0,0,0,0,0,0, 0,0,0,0,0,7,0,0,0,0
14280,3,241,-56.5,72,32,-9.00597,5.96092,0,0,0,0,0,0,0,0,0,0,0, 0,0,0,0,0,7,0,0,0,0
14280,4,154,-54.4,76,32,-9.26935,6.6362,0,0,0,0,0,0,0,0,0,0,0, 0,0,0,0,0,7,0,0,0,0
14280,5,103,-51.6,80,32,-9.40432,7.45377,0,0,0,0,0,0,0,0,0,0,0, 0,0,0,0,0,7,0,0,0,0
14280,6,18,4.8,212,33,2.66096,31.6885,0,0,0,0,0,0,0,0,0,0,0, 0,0,0,0,0,7,0,0,0,0
14280,7,139,-56.5,60,32,-7.50497,4.96743,0,0,0,0,0,0,0,0,0,0,0, 0,0,0,0,0,7,0,0,0,0
14320,0,242,-56.5,64,32,-8.0053,5.2986,0,0,0,0,0,0,0,0,0,0,0, 0,0,0,0,0,8,0,0,0,0
14320,1,288,-56.5,68,32,-8.50564,5.62976,0,0,0,0,0,0,0,0,0,0,0, 0,0,0,0,0,8,0,0,0,0
14320,2,241,-56.5,72,32,-9.00597,5.96092,0,0,0,0,0,0,0,0,0,0,0, 0,0,0,0,0,8,0,0,0,0
14320,3,155,-53.4,76,32,-9.15212,6.79696,0,0,0,0,0,0,0,0,0,0,0, 0,0,0,0,0,8,0,0,0,0
14320,4,104,-48,80,32,-8.91774,8.02957,0,0,0,0,0,0,0,0,0,0,0, 0,0,0,0,0,8,0,0,0,0
14320,5,28,2.4,208,31.75,1.30652,31.1726,0,0,0,0,0,0,0,0,0,0,0, 0,0,0,0,0,8,0,0,0,0
14320,6,24,1.3,212,32.25,0.721457,31.7918,0,0,0,0,0,0,0,0,0,0,0, 0,0,0,0,0,8,0,0,0,0
14320,7,21,2.4,212,33,1.33165,31.7721,0,0,0,0,0,0,0,0,0,0,0, 0,0,0,0,0,8,0,0,0,0
14320,8,19,-0.6,216,31.75,-0.339286,32.3982,0,0,0,0,0,0,0,0,0,0,0, 0,0,0,0,0,8,0,0,0,0
14320,9,137,-56.5,60,32,-7.50497,4.96743,0,0,0,0,0,0,0,0,0,0,0, 0,0,0,0,0,8,0,0,0,0
14360,0,244,-56.5,64,32,-8.0053,5.2986,0,1334,0,0,0,0,0,0,0,0,0, 0,0,0,0,0,9,0,0,0,0
14360,1,288,-56.5,68,32,-8.50564,5.62976,0,1334,0,0,0,0,0,0,0,0,0, 0,0,0,0,0,9,0,0,0,0
14360,2,241,-55.4,72,32,-8.88987,6.13271,0,1334,0,0,0,0,0,0,0,0,0, 0,0,0,0,0,9,0,0,0,0
14360,3,156,-53.4,76,32,-9.15212,6.79696,0,1334,0,0,0,0,0,0,0,0,0, 0,0,0,0,0,9,0,0,0,0
14360,4,105,-49.8,80,32,-9.16555,7.74549,0,1334,0,0,0,0,0,0,0,0,0, 0,0,0,0,0,9,0,0,0,0
14360,5,136,-55.4,60,32,-7.40823,5.11059,0,1334,0,0,0,0,0,0,0,0,0, 0,0,0,0,0,9,0,0,0,0
14400,0,244,-55.4,64,32,-7.90211,5.4513,0,0,0,0,0,0,0,0,0,0,0, 0,0,0,0,0,10,0,0,0,0
14400,1,289,-55.4,68,32,-8.39599,5.79201,0,0,0,0,0,0,0,0,0,0,0, 0,0,0,0,0,10,0,0,0,0
14400,2,244,-54.4,72,32,-8.78149,6.28693,0,0,0,0,0,0,0,0,0,0,0, 0,0,0,0,0,10,0,0,0,0
14400,3,161,-51.6,76,32,-8.93411,7.08108,0,0,0,0,0,0,0,0,0,0,0, 0,0,0,0,0,10,0,0,0,0
14400,4,111,-45.9,80,32,-8.61752,8.35095,0,0,0,0,0,0,0,0,0,0,0, 0,0,0,0,0,10,0,0,0,0
14400,5,82,-45.9,84,32,-9.04839,8.7685,0,0,0,0,0,0,0,0,0,0,0, 0,0,0,0,0,10,0,0,0,0
14400,6,25,-1.8,212,31.75,-0.998862,31.7843,0,0,0,0,0,0,0,0,0,0,0, 0,0,0,0,0,10,0,0,0,0
14400,7,141,-55.4,60,32,-7.40823,5.11059,0,0,0,0,0,0,0,0,0,0,0, 0,0,0,0,0,10,0,0,0,0
14440,0,247,-56.5,64,32,-8.0053,5.2986,0,7936,0,0,0,0,0,0,0,0,0, 0,0,0,0,0,11,0,0,0,0
14440,1,292,-56.5,68,32,-8.50564,5.62976,0,7936,0,0,0,0,0,0,0,0,0, 0,0,0,0,0,11,0,0,0,0
14440,2,244,-56.5,72,32,-9.00597,5.96092,0,7936,0,0,0,0,0,0,0,0,0, 0,0,0,0,0,11,0,0,0,0
14440,3,154,-55.4,76,32,-9.38375,6.47342,0,7936,0,0,0,0,0,0,0,0,0, 0,0,0,0,0,11,0,0,0,0
14440,4,99,-54.4,80,32,-9.75721,6.98548,0,7936,0,0,0,0,0,0,0,0,0, 0,0,0,0,0,11,0,0,0,0
14440,5,140,-57.4,60,32,-7.58207,4.84894,0,7936,0,0,0,0,0,0,0,0,0, 0,0,0,0,0,11,0,0,0,0
14480,0,244,-56.5,64,32,-8.0053,5.2986,0,1139,0,0,0,0,0,0,0,0,0, 0,0,0,0,0,12,0,0,0,0
14480,1,289,-56.5,68,32,-8.50564,5.62976,0,1139,0,0,0,0,0,0,0,0,0, 0,0,0,0,0,12,0,0,0,0
14480,2,242,-55.4,72,32,-8.88987,6.13271,0,1139,0,0,0,0,0,0,0,0,0, 0,0,0,0,0,12,0,0,0,0
14480,3,155,-55.4,76,32,-9.38375,6.47342,0,1139,0,0,0,0,0,0,0,0,0, 0,0,0,0,0,12,0,0,0,0
14480,4,103,-53.4,80,32,-9.63381,7.1547,0,1139,0,0,0,0,0,0,0,0,0, 0,0,0,0,0,12,0,0,0,0
14480,5,138,-56.5,60,32,-7.50497,4.96743,0,1139,0,0,0,0,0,0,0,0,0, 0,0,0,0,0,12,0,0,0,0
14520,0,246,-56.5,64,32,-8.0053,5.2986,0,86,0,0,0,0,0,0,0,0,0, 0,0,0,0,0,13,0,0,0,0
14520,1,290,-56.5,68,32,-8.50564,5.62976,0,86,0,0,0,0,0,0,0,0,0, 0,0,0,0,0,13,0,0,0,0
14520,2,242,-55.4,72,32,-8.88987,6.13271,0,86,0,0,0,0,0,0,0,0,0, 0,0,0,0,0,13,0,0,0,0
14520,3,155,-53.4,76,32,-9.15212,6.79696,0,86,0,0,0,0,0,0,0,0,0, 0,0,0,0,0,13,0,0,0,0
14520,4,104,-46.7,80,32,-8.73327,8.22982,0,86,0,0,0,0,0,0,0,0,0, 0,0,0,0,0,13,0,0,0,0
14520,5,137,-56.5,60,32,-7.50497,4.96743,0,86,0,0,0,0,0,0,0,0,0, 0,0,0,0,0,13,0,0,0,0
14560,0,244,-56.5,64,32,-8.0053,5.2986,0,0,0,0,0,0,0,0,0,0,0, 0,0,0,0,0,14,0,0,0,0
14560,1,291,-55.4,68,32,-8.39599,5.79201,0,0,0,0,0,0,0,0,0,0,0, 0,0,0,0,0,14,0,0,0,0
14560,2,244,-55.4,72,32,-8.88987,6.13271,0,0,0,0,0,0,0,0,0,0,0, 0,0,0,0,0,14,0,0,0,0
14560,3,157,-53.4,76,32,-9.15212,6.79696,0,0,0,0,0,0,0,0,0,0,0, 0,0,0,0,0,14,0,0,0,0
14560,4,107,-49.8,80,32,-9.16555,7.74549,0,0,0,0,0,0,0,0,0,0,0, 0,0,0,0,0,14,0,0,0,0
14560,5,82,-49.8,84,32,-9.62383,8.13277,0,0,0,0,0,0,0,0,0,0,0, 0,0,0,0,0,14,0,0,0,0
14560,6,21,-5.4,216,32.5,-3.04911,32.2562,0,0,0,0,0,0,0,0,0,0,0, 0,0,0,0,0,14,0,0,0,0
14560,7,139,-55.4,60,32,-7.40823,5.11059,0,0,0,0,0,0,0,0,0,0,0, 0,0,0,0,0,14,0,0,0,0
14600,0,246,-55.4,64,32,-7.90211,5.4513,0,0,0,0,0,0,0,0,0,0,0, 0,0,0,0,0,15,0,0,0,0
14600,1,291,-55.4,68,32,-8.39599,5.79201,0,0,0,0,0,0,0,0,0,0,0, 0,0,0,0,0,15,0,0,0,0
14600,2,242,-55.4,72,32,-8.88987,6.13271,0,0,0,0,0,0,0,0,0,0,0, 0,0,0,0,0,15,0,0,0,0
14600,3,154,-54.4,76,32,-9.26935,6.6362,0,0,0,0,0,0,0,0,0,0,0, 0,0,0,0,0,15,0,0,0,0
14600,4,104,-45.9,80,32,-8.61752,8.35095,0,0,0,0,0,0,0,0,0,0,0, 0,0,0,0,0,15,0,0,0,0
14600,5,22,-6.6,208,31.75,-3.58604,30.9932,0,0,0,0,0,0,0,0,0,0,0, 0,0,0,0,0,15,0,0,0,0
14600,6,22,-3.6,208,33,-1.95906,31.1384,0,0,0,0,0,0,0,0,0,0,0, 0,0,0,0,0,15,0,0,0,0
14600,7,83,-45,84,32,-8.90955,8.90955,0,0,0,0,0,0,0,0,0,0,0, 0,0,0,0,0,15,0,0,0,0
14600,8,25,2.4,216,32.75,1.35677,32.3716,0,0,0,0,0,0,0,0,0,0,0, 0,0,0,0,0,15,0,0,0,0
14600,9,24,0.6,216,33,0.339286,32.3982,0,0,0,0,0,0,0,0,0,0,0, 0,0,0,0,0,15,0,0,0,0
14600,10,142,-54.4,60,32,-7.31791,5.23911,0,0,0,0,0,0,0,0,0,0,0, 0,0,0,0,0,15,0,0,0,0
14640,0,249,-55.4,64,32,-7.90211,5.4513,0,0,0,0,0,0,0,0,0,0,0, 0,0,0,0,0,0,0,0,0,0
14640,1,294,-55.4,68,32,-8.39599,5.79201,0,0,0,0,0,0,0,0,0,0,0, 0,0,0,0,0,0,0,0,0,0
14640,2,45,68.6,8,33,1.11727,0.437852,0,0,0,0,0,0,0,0,0,0,0, 0,0,0,0,0,0,0,0,0,0
14640,3,243,-55.4,72,32,-8.88987,6.13271,0,0,0,0,0,0,0,0,0,0,0, 0,0,0,0,0,0,0,0,0,0
14640,4,155,-51.6,76,32,-8.93411,7.08108,0,0,0,0,0,0,0,0,0,0,0, 0,0,0,0,0,0,0,0,0,0
14640,5,110,-45.9,80,32,-8.61752,8.35095,0,0,0,0,0,0,0,0,0,0,0, 0,0,0,0,0,0,0,0,0,0
14640,6,88,-43.6,84,32,-8.68921,9.12457,0,0,0,0,0,0,0,0,0,0,0, 0,0,0,0,0,0,0,0,0,0
14640,7,17,-1.2,212,31.75,-0.665969,31.793,0,0,0,0,0,0,0,0,0,0,0, 0,0,0,0,0,0,0,0,0,0
14640,8,24,-3,216,33,-1.69569,32.3556,0,0,0,0,0,0,0,0,0,0,0, 0,0,0,0,0,0,0,0,0,0
14640,9,142,-55.4,60,32,-7.40823,5.11059,0,0,0,0,0,0,0,0,0,0,0, 0,0,0,0,0,0,0,0,0,0
14680,0,250,-55.4,64,32,-7.90211,5.4513,0,0,0,0,0,0,0,0,0,0,0, 0,0,0,0,0,1,0,0,0,0
14680,1,295,-55.4,68,32,-8.39599,5.79201,0,0,0,0,0,0,0,0,0,0,0, 0,0,0,0,0,1,0,0,0,0
14680,2,42,66.6,8,33,1.10131,0.476577,0,0,0,0,0,0,0,0,0,0,0, 0,0,0,0,0,1,0,0,0,0
14680,3,246,-55.4,72,32,-8.88987,6.13271,0,0,0,0,0,0,0,0,0,0,0, 0,0,0,0,0,1,0,0,0,0
14680,4,155,-55.4,76,32,-9.38375,6.47342,0,0,0,0,0,0,0,0,0,0,0, 0,0,0,0,0,1,0,0,0,0
14680,5,13,75.1,396,46.75,57.4027,15.2737,0,0,0,0,0,0,0,0,0,0,0, 0,0,0,0,0,1,0,0,0,0
14680,6,100,-54.4,80,32,-9.75721,6.98548,0,0,0,0,0,0,0,0,0,0,0, 0,0,0,0,0,1,0,0,0,0
14680,7,20,-6,212,31.75,-3.32401,31.6258,0,0,0,0,0,0,0,0,0,0,0, 0,0,0,0,0,1,0,0,0,0
14680,8,17,-3,216,31.75,-1.69569,32.3556,0,0,0,0,0,0,0,0,0,0,0, 0,0,0,0,0,1,0,0,0,0
14680,9,22,-6,216,33,-3.38672,32.2225,0,0,0,0,0,0,0,0,0,0,0, 0,0,0,0,0,1,0,0,0,0
14680,10,140,-57.4,60,32,-7.58207,4.84894,0,0,0,0,0,0,0,0,0,0,0, 0,0,0,0,0,1,0,0,0,0
14720,0,248,-56.5,64,32,-8.0053,5.2986,0,0,0,0,0,0,0,0,0,0,0, 0,0,0,0,0,2,0,0,0,0
14720,1,292,-56.5,68,32,-8.50564,5.62976,0,0,0,0,0,0,0,0,0,0,0, 0,0,0,0,0,2,0,0,0,0
14720,2,244,-55.4,72,32,-8.88987,6.13271,0,0,0,0,0,0,0,0,0,0,0, 0,0,0,0,0,2,0,0,0,0
14720,3,158,-54.4,76,32,-9.26935,6.6362,0,0,0,0,0,0,0,0,0,0,0, 0,0,0,0,0,2,0,0,0,0
14720,4,104,-53.4,80,32,-9.63381,7.1547,0,0,0,0,0,0,0,0,0,0,0, 0,0,0,0,0,2,0,0,0,0
14720,5,139,-57.4,60,32,-7.58207,4.84894,0,0,0,0,0,0,0,0,0,0,0, 0,0,0,0,0,2,0,0,0,0
14760,0,247,-56.5,64,32,-8.0053,5.2986,0,0,0,0,0,0,0,0,0,0,0, 0,0,0,0,0,3,0,0,0,0
14760,1,291,-56.5,68,32,-8.50564,5.62976,0,0,0,0,0,0,0,0,0,0,0, 0,0,0,0,0,3,0,0,0,0
14760,2,244,-56.5,72,32,-9.00597,5.96092,0,0,0,0,0,0,0,0,0,0,0, 0,0,0,0,0,3,0,0,0,0
14760,3,159,-53.4,76,32,-9.15212,6.79696,0,0,0,0,0,0,0,0,0,0,0, 0,0,0,0,0,3,0,0,0,0
14760,4,112,-45,80,32,-8.48528,8.48528,0,0,0,0,0,0,0,0,0,0,0, 0,0,0,0,0,3,0,0,0,0
14760,5,90,-42.9,84,32,-8.57708,9.23004,0,0,0,0,0,0,0,0,0,0,0, 0,0,0,0,0,3,0,0,0,0
14760,6,137,-57.4,60,32,-7.58207,4.84894,0,0,0,0,0,0,0,0,0,0,0, 0,0,0,0,0,3,0,0,0,0
14800,0,243,-57.4,64,32,-8.08754,5.1722,0,0,0,0,0,0,0,0,0,0,0, 0,0,0,0,0,4,0,0,0,0
14800,1,289,-56.5,68,32,-8.50564,5.62976,0,0,0,0,0,0,0,0,0,0,0, 0,0,0,0,0,4,0,0,0,0
14800,2,242,-56.5,72,32,-9.00597,5.96092,0,0,0,0,0,0,0,0,0,0,0, 0,0,0,0,0,4,0,0,0,0
14800,3,154,-54.4,76,32,-9.26935,6.6362,0,0,0,0,0,0,0,0,0,0,0, 0,0,0,0,0,4,0,0,0,0
14800,4,19,2.4,236,31.75,1.4824,35.3689,0,0,0,0,0,0,0,0,0,0,0, 0,0,0,0,0,4,0,0,0,0
14800,5,104,-49.8,80,32,-9.16555,7.74549,0,0,0,0,0,0,0,0,0,0,0, 0,0,0,0,0,4,0,0,0,0
14800,6,84,-45,84,32,-8.90955,8.90955,0,0,0,0,0,0,0,0,0,0,0, 0,0,0,0,0,4,0,0,0,0
14800,7,138,-58.4,60,32,-7.66554,4.71587,0,0,0,0,0,0,0,0,0,0,0, 0,0,0,0,0,4,0,0,0,0
14840,0,244,-57.4,64,32,-8.08754,5.1722,0,0,0,0,0,0,0,0,0,0,0, 0,0,0,0,0,5,0,0,0,0
14840,1,290,-56.5,68,32,-8.50564,5.62976,0,0,0,0,0,0,0,0,0,0,0, 0,0,0,0,0,5,0,0,0,0
14840,2,241,-55.4,72,32,-8.88987,6.13271,0,0,0,0,0,0,0,0,0,0,0, 0,0,0,0,0,5,0,0,0,0
14840,3,156,-53.4,76,32,-9.15212,6.79696,0,0,0,0,0,0,0,0,0,0,0, 0,0,0,0,0,5,0,0,0,0
14840,4,110,-46.7,80,32,-8.73327,8.22982,0,0,0,0,0,0,0,0,0,0,0, 0,0,0,0,0,5,0,0,0,0
14840,5,88,-45,84,32,-8.90955,8.90955,0,0,0,0,0,0,0,0,0,0,0, 0,0,0,0,0,5,0,0,0,0
14840,6,137,-57.4,60,32,-7.58207,4.84894,0,0,0,0,0,0,0,0,0,0,0, 0,0,0,0,0,5,0,0,0,0
14880,0,244,-56.5,64,32,-8.0053,5.2986,0,0,0,0,0,0,0,0,0,0,0, 0,0,0,0,0,6,0,0,0,0
14880,1,289,-56.5,68,32,-8.50564,5.62976,0,0,0,0,0,0,0,0,0,0,0, 0,0,0,0,0,6,0,0,0,0
14880,2,241,-56.5,72,32,-9.00597,5.96092,0,0,0,0,0,0,0,0,0,0,0, 0,0,0,0,0,6,0,0,0,0
14880,3,156,-54.4,76,32,-9.26935,6.6362,0,0,0,0,0,0,0,0,0,0,0, 0,0,0,0,0,6,0,0,0,0
14880,4,113,-46.7,80,32,-8.73327,8.22982,0,0,0,0,0,0,0,0,0,0,0, 0,0,0,0,0,6,0,0,0,0
14880,5,96,-42.9,84,32,-8.57708,9.23004,0,0,0,0,0,0,0,0,0,0,0, 0,0,0,0,0,6,0,0,0,0
14880,6,138,-58.4,60,32,-7.66554,4.71587,0,0,0,0,0,0,0,0,0,0,0, 0,0,0,0,0,6,0,0,0,0
14920,0,243,-56.5,64,32,-8.0053,5.2986,0,0,0,0,0,0,0,0,0,0,0, 0,0,0,0,0,7,0,0,0,0
14920,1,288,-56.5,68,32,-8.50564,5.62976,0,0,0,0,0,0,0,0,0,0,0, 0,0,0,0,0,7,0,0,0,0
14920,2,240,-55.4,72,32,-8.88987,6.13271,0,0,0,0,0,0,0,0,0,0,0, 0,0,0,0,0,7,0,0,0,0
14920,3,156,-51.6,76,32,-8.93411,7.08108,0,0,0,0,0,0,0,0,0,0,0, 0,0,0,0,0,7,0,0,0,0
14920,4,118,-43.6,80,32,-8.27543,8.69006,0,0,0,0,0,0,0,0,0,0,0, 0,0,0,0,0,7,0,0,0,0
14920,5,100,-41.7,84,32,-8.3819,9.40764,0,0,0,0,0,0,0,0,0,0,0, 0,0,0,0,0,7,0,0,0,0
14920,6,138,-57.4,60,32,-7.58207,4.84894,0,0,0,0,0,0,0,0,0,0,0, 0,0,0,0,0,7,0,0,0,0
14960,0,245,-57.4,64,32,-8.08754,5.1722,0,0,0,0,0,0,0,0,0,0,0, 0,0,0,0,0,8,0,0,0,0
14960,1,289,-56.5,68,32,-8.50564,5.62976,0,0,0,0,0,0,0,0,0,0,0, 0,0,0,0,0,8,0,0,0,0
14960,2,240,-56.5,72,32,-9.00597,5.96092,0,0,0,0,0,0,0,0,0,0,0, 0,0,0,0,0,8,0,0,0,0
14960,3,152,-51.6,76,32,-8.93411,7.08108,0,0,0,0,0,0,0,0,0,0,0, 0,0,0,0,0,8,0,0,0,0
14960,4,106,-44.2,80,32,-8.36598,8.60293,0,0,0,0,0,0,0,0,0,0,0, 0,0,0,0,0,8,0,0,0,0
14960,5,83,-42.9,84,32,-8.57708,9.23004,0,0,0,0,0,0,0,0,0,0,0, 0,0,0,0,0,8,0,0,0,0
14960,6,139,-56.5,60,32,-7.50497,4.96743,0,0,0,0,0,0,0,0,0,0,0, 0,0,0,0,0,8,0,0,0,0
15000,0,247,-56.5,64,32,-8.0053,5.2986,0,1334,0,0,0,0,0,0,0,0,0, 0,0,0,0,0,9,0,0,0,0
15000,1,291,-56.5,68,32,-8.50564,5.62976,0,1334,0,0,0,0,0,0,0,0,0, 0,0,0,0,0,9,0,0,0,0
15000,2,42,71.1,8,33,1.1353,0.388701,0,1334,0,0,0,0,0,0,0,0,0, 0,0,0,0,0,9,0,0,0,0
15000,3,241,-56.5,72,32,-9.00597,5.96092,0,1334,0,0,0,0,0,0,0,0,0, 0,0,0,0,0,9,0,0,0,0
15000,4,156,-54.4,76,32,-9.26935,6.6362,0,1334,0,0,0,0,0,0,0,0,0, 0,0,0,0,0,9,0,0,0,0
15000,5,105,-49.8,80,32,-9.16555,7.74549,0,1334,0,0,0,0,0,0,0,0,0, 0,0,0,0,0,9,0,0,0,0
15000,6,81,-48,84,32,-9.36363,8.43105,0,1334,0,0,0,0,0,0,0,0,0, 0,0,0,0,0,9,0,0,0,0
15000,7,138,-58.4,60,32,-7.66554,4.71587,0,1334,0,0,0,0,0,0,0,0,0, 0,0,0,0,0,9,0,0,0,0
15040,0,245,-57.4,64,32,-8.08754,5.1722,0,0,0,0,0,0,0,0,0,0,0, 0,0,0,0,0,10,0,0,0,0
15040,1,290,-56.5,68,32,-8.50564,5.62976,0,0,0,0,0,0,0,0,0,0,0, 0,0,0,0,0,10,0,0,0,0
15040,2,42,72.4,8,33,1.14383,0.362844,0,0,0,0,0,0,0,0,0,0,0, 0,0,0,0,0,10,0,0,0,0
15040,3,243,-55.4,72,32,-8.88987,6.13271,0,0,0,0,0,0,0,0,0,0,0, 0,0,0,0,0,10,0,0,0,0
15040,4,160,-51.6,76,32,-8.93411,7.08108,0,0,0,0,0,0,0,0,0,0,0, 0,0,0,0,0,10,0,0,0,0
15040,5,114,-44.2,80,32,-8.36598,8.60293,0,0,0,0,0,0,0,0,0,0,0, 0,0,0,0,0,10,0,0,0,0
15040,6,95,-42.3,84,32,-8.47996,9.31935,0,0,0,0,0,0,0,0,0,0,0, 0,0,0,0,0,10,0,0,0,0
15040,7,138,-58.4,60,32,-7.66554,4.71587,0,0,0,0,0,0,0,0,0,0,0, 0,0,0,0,0,10,0,0,0,0
15080,0,245,-58.4,64,32,-8.17658,5.03026,0,7936,0,0,0,0,0,0,0,0,0, 0,0,0,0,0,11,0,0,0,0
15080,1,289,-56.5,68,32,-8.50564,5.62976,0,7936,0,0,0,0,0,0,0,0,0, 0,0,0,0,0,11,0,0,0,0
15080,2,243,-56.5,72,32,-9.00597,5.96092,0,7936,0,0,0,0,0,0,0,0,0, 0,0,0,0,0,11,0,0,0,0
15080,3,155,-54.4,76,32,-9.26935,6.6362,0,7936,0,0,0,0,0,0,0,0,0, 0,0,0,0,0,11,0,0,0,0
15080,4,104,-51.6,80,32,-9.40432,7.45377,0,7936,0,0,0,0,0,0,0,0,0, 0,0,0,0,0,11,0,0,0,0
15080,5,138,-57.4,60,32,-7.58207,4.84894,0,7936,0,0,0,0,0,0,0,0,0, 0,0,0,0,0,11,0,0,0,0
15120,0,245,-57.4,64,32,-8.08754,5.1722,0,1139,0,0,0,0,0,0,0,0,0, 0,0,0,0,0,12,0,0,0,0
15120,1,289,-56.5,68,32,-8.50564,5.62976,0,1139,0,0,0,0,0,0,0,0,0, 0,0,0,0,0,12,0,0,0,0
15120,2,244,-56.5,72,32,-9.00597,5.96092,0,1139,0,0,0,0,0,0,0,0,0, 0,0,0,0,0,12,0,0,0,0
15120,3,158,-54.4,76,32,-9.26935,6.6362,0,1139,0,0,0,0,0,0,0,0,0, 0,0,0,0,0,12,0,0,0,0
15120,4,111,-45,80,32,-8.48528,8.48528,0,1139,0,0,0,0,0,0,0,0,0, 0,0,0,0,0,12,0,0,0,0
15120,5,94,-42.3,84,32,-8.47996,9.31935,0,1139,0,0,0,0,0,0,0,0,0, 0,0,0,0,0,12,0,0,0,0
15120,6,25,3.1,216,31.75,1.75215,32.3526,0,1139,0,0,0,0,0,0,0,0,0, 0,0,0,0,0,12,0,0,0,0
15120,7,25,3.1,216,32.25,1.75215,32.3526,0,1139,0,0,0,0,0,0,0,0,0, 0,0,0,0,0,12,0,0,0,0
15120,8,138,-57.4,60,32,-7.58207,4.84894,0,1139,0,0,0,0,0,0,0,0,0, 0,0,0,0,0,12,0,0,0,0
15160,0,245,-57.4,64,32,-8.08754,5.1722,0,86,0,0,0,0,0,0,0,0,0, 0,0,0,0,0,13,0,0,0,0
15160,1,289,-57.4,68,32,-8.59301,5.49546,0,86,0,0,0,0,0,0,0,0,0, 0,0,0,0,0,13,0,0,0,0
15160,2,243,-56.5,72,32,-9.00597,5.96092,0,86,0,0,0,0,0,0,0,0,0, 0,0,0,0,0,13,0,0,0,0
15160,3,158,-54.4,76,32,-9.26935,6.6362,0,86,0,0,0,0,0,0,0,0,0, 0,0,0,0,0,13,0,0,0,0
15160,4,111,-46.7,80,32,-8.73327,8.22982,0,86,0,0,0,0,0,0,0,0,0, 0,0,0,0,0,13,0,0,0,0
15160,5,90,-43.6,84,32,-8.68921,9.12457,0,86,0,0,0,0,0,0,0,0,0, 0,0,0,0,0,13,0,0,0,0
15160,6,139,-58.4,60,32,-7.66554,4.71587,0,86,0,0,0,0,0,0,0,0,0, 0,0,0,0,0,13,0,0,0,0
15200,0,244,-57.4,64,32,-8.08754,5.1722,0,0,0,0,0,0,0,0,0,0,0, 0,0,0,0,0,14,0,0,0,0
15200,1,289,-56.5,68,32,-8.50564,5.62976,0,0,0,0,0,0,0,0,0,0,0, 0,0,0,0,0,14,0,0,0,0
15200,2,242,-56.5,72,32,-9.00597,5.96092,0,0,0,0,0,0,0,0,0,0,0, 0,0,0,0,0,14,0,0,0,0
15200,3,160,-53.4,76,32,-9.15212,6.79696,0,0,0,0,0,0,0,0,0,0,0, 0,0,0,0,0,14,0,0,0,0
15200,4,112,-46.7,80,32,-8.73327,8.22982,0,0,0,0,0,0,0,0,0,0,0, 0,0,0,0,0,14,0,0,0,0
15200,5,18,-6,208,32.75,-3.26129,31.0291,0,0,0,0,0,0,0,0,0,0,0, 0,0,0,0,0,14,0,0,0,0
15200,6,14,-7.8,208,33,-4.23433,30.9113,0,0,0,0,0,0,0,0,0,0,0, 0,0,0,0,0,14,0,0,0,0
15200,7,87,-45,84,32,-8.90955,8.90955,0,0,0,0,0,0,0,0,0,0,0, 0,0,0,0,0,14,0,0,0,0
15200,8,139,-58.4,60,32,-7.66554,4.71587,0,0,0,0,0,0,0,0,0,0,0, 0,0,0,0,0,14,0,0,0,0
15240,0,243,-58.4,64,32,-8.17658,5.03026,0,0,0,0,0,0,0,0,0,0,0, 0,0,0,0,0,15,0,0,0,0
15240,1,288,-57.4,68,32,-8.59301,5.49546,0,0,0,0,0,0,0,0,0,0,0, 0,0,0,0,0,15,0,0,0,0
15240,2,44,64.6,8,33,1.084,0.514722,0,0,0,0,0,0,0,0,0,0,0, 0,0,0,0,0,15,0,0,0,0
15240,3,240,-56.5,72,32,-9.00597,5.96092,0,0,0,0,0,0,0,0,0,0,0, 0,0,0,0,0,15,0,0,0,0
15240,4,155,-54.4,76,32,-9.26935,6.6362,0,0,0,0,0,0,0,0,0,0,0, 0,0,0,0,0,15,0,0,0,0
15240,5,109,-45,80,32,-8.48528,8.48528,0,0,0,0,0,0,0,0,0,0,0, 0,0,0,0,0,15,0,0,0,0
15240,6,86,-42.9,84,32,-8.57708,9.23004,0,0,0,0,0,0,0,0,0,0,0, 0,0,0,0,0,15,0,0,0,0
15240,7,33,-4.8,212,31.75,-2.66096,31.6885,0,0,0,0,0,0,0,0,0,0,0, 0,0,0,0,0,15,0,0,0,0
15240,8,21,1.3,212,33,0.721457,31.7918,0,0,0,0,0,0,0,0,0,0,0, 0,0,0,0,0,15,0,0,0,0
15240,9,135,-58.4,60,32,-7.66554,4.71587,0,0,0,0,0,0,0,0,0,0,0, 0,0,0,0,0,15,0,0,0,0
15280,0,243,-57.4,64,32,-8.08754,5.1722,0,0,0,0,0,0,0,0,0,0,0, 0,0,0,0,0,0,0,0,0,0
15280,1,289,-56.5,68,32,-8.50564,5.62976,0,0,0,0,0,0,0,0,0,0,0, 0,0,0,0,0,0,0,0,0,0
15280,2,241,-56.5,72,32,-9.00597,5.96092,0,0,0,0,0,0,0,0,0,0,0, 0,0,0,0,0,0,0,0,0,0
15280,3,156,-53.4,76,32,-9.15212,6.79696,0,0,0,0,0,0,0,0,0,0,0, 0,0,0,0,0,0,0,0,0,0
15280,4,111,-45,80,32,-8.48528,8.48528,0,0,0,0,0,0,0,0,0,0,0, 0,0,0,0,0,0,0,0,0,0
15280,5,88,-43.6,84,32,-8.68921,9.12457,0,0,0,0,0,0,0,0,0,0,0, 0,0,0,0,0,0,0,0,0,0
15280,6,135,-57.4,60,32,-7.58207,4.84894,0,0,0,0,0,0,0,0,0,0,0, 0,0,0,0,0,0,0,0,0,0
15320,0,244,-57.4,64,32,-8.08754,5.1722,0,0,0,0,0,0,0,0,0,0,0, 0,0,0,0,0,1,0,0,0,0
15320,1,289,-56.5,68,32,-8.50564,5.62976,0,0,0,0,0,0,0,0,0,0,0, 0,0,0,0,0,1,0,0,0,0
15320,2,240,-56.5,72,32,-9.00597,5.96092,0,0,0,0,0,0,0,0,0,0,0, 0,0,0,0,0,1,0,0,0,0
15320,3,155,-54.4,76,32,-9.26935,6.6362,0,0,0,0,0,0,0,0,0,0,0, 0,0,0,0,0,1,0,0,0,0
15320,4,107,-48,80,32,-8.91774,8.02957,0,0,0,0,0,0,0,0,0,0,0, 0,0,0,0,0,1,0,0,0,0
15320,5,88,-45,84,32,-8.90955,8.90955,0,0,0,0,0,0,0,0,0,0,0, 0,0,0,0,0,1,0,0,0,0
15320,6,12,-75,500,40,-72.4444,19.4114,0,0,0,0,0,0,0,0,0,0,0, 0,0,0,0,0,1,0,0,0,0
15320,7,137,-56.5,60,32,-7.50497,4.96743,0,0,0,0,0,0,0,0,0,0,0, 0,0,0,0,0,1,0,0,0,0
15360,0,245,-56.5,64,32,-8.0053,5.2986,0,0,0,0,0,0,0,0,0,0,0, 0,0,0,0,0,2,0,0,0,0
15360,1,290,-56.5,68,32,-8.50564,5.62976,0,0,0,0,0,0,0,0,0,0,0, 0,0,0,0,0,2,0,0,0,0
15360,2,241,-56.5,72,32,-9.00597,5.96092,0,0,0,0,0,0,0,0,0,0,0, 0,0,0,0,0,2,0,0,0,0
15360,3,153,-55.4,76,32,-9.38375,6.47342,0,0,0,0,0,0,0,0,0,0,0, 0,0,0,0,0,2,0,0,0,0
15360,4,104,-46.7,80,32,-8.73327,8.22982,0,0,0,0,0,0,0,0,0,0,0, 0,0,0,0,0,2,0,0,0,0
15360,5,13,0.1,496,59.25,0.129852,74.3999,0,0,0,0,0,0,0,0,0,0,0, 0,0,0,0,0,2,0,0,0,0
15360,6,89,-43.6,84,32,-8.68921,9.12457,0,0,0,0,0,0,0,0,0,0,0, 0,0,0,0,0,2,0,0,0,0
15360,7,138,-56.5,60,32,-7.50497,4.96743,0,0,0,0,0,0,0,0,0,0,0, 0,0,0,0,0,2,0,0,0,0
15400,0,246,-56.5,64,32,-8.0053,5.2986,0,0,0,0,0,0,0,0,0,0,0, 0,0,0,0,0,3,0,0,0,0
15400,1,291,-56.5,68,32,-8.50564,5.62976,0,0,0,0,0,0,0,0,0,0,0, 0,0,0,0,0,3,0,0,0,0
15400,2,243,-55.4,72,32,-8.88987,6.13271,0,0,0,0,0,0,0,0,0,0,0, 0,0,0,0,0,3,0,0,0,0
15400,3,158,-53.4,76,32,-9.15212,6.79696,0,0,0,0,0,0,0,0,0,0,0, 0,0,0,0,0,3,0,0,0,0
15400,4,111,-45.9,80,32,-8.61752,8.35095,0,0,0,0,0,0,0,0,0,0,0, 0,0,0,0,0,3,0,0,0,0
15400,5,89,-44.2,84,32,-8.78428,9.03307,0,0,0,0,0,0,0,0,0,0,0, 0,0,0,0,0,3,0,0,0,0
15400,6,139,-56.5,60,32,-7.50497,4.96743,0,0,0,0,0,0,0,0,0,0,0, 0,0,0,0,0,3,0,0,0,0
15440,0,246,-56.5,64,32,-8.0053,5.2986,0,0,0,0,0,0,0,0,0,0,0, 0,0,0,0,0,4,0,0,0,0
15440,1,292,-56.5,68,32,-8.50564,5.62976,0,0,0,0,0,0,0,0,0,0,0, 0,0,0,0,0,4,0,0,0,0
15440,2,246,-55.4,72,32,-8.88987,6.13271,0,0,0,0,0,0,0,0,0,0,0, 0,0,0,0,0,4,0,0,0,0
15440,3,159,-53.4,76,32,-9.15212,6.79696,0,0,0,0,0,0,0,0,0,0,0, 0,0,0,0,0,4,0,0,0,0
15440,4,111,-45,80,32,-8.48528,8.48528,0,0,0,0,0,0,0,0,0,0,0, 0,0,0,0,0,4,0,0,0,0
15440,5,95,-41.7,84,32,-8.3819,9.40764,0,0,0,0,0,0,0,0,0,0,0, 0,0,0,0,0,4,0,0,0,0
15440,6,140,-55.4,60,32,-7.40823,5.11059,0,0,0,0,0,0,0,0,0,0,0, 0,0,0,0,0,4,0,0,0,0
15480,0,248,-55.4,64,32,-7.90211,5.4513,0,0,0,0,0,0,0,0,0,0,0, 0,0,0,0,0,5,0,0,0,0
15480,1,294,-55.4,68,32,-8.39599,5.79201,0,0,0,0,0,0,0,0,0,0,0, 0,0,0,0,0,5,0,0,0,0
15480,2,247,-54.4,72,32,-8.78149,6.28693,0,0,0,0,0,0,0,0,0,0,0, 0,0,0,0,0,5,0,0,0,0
15480,3,159,-53.4,76,32,-9.15212,6.79696,0,0,0,0,0,0,0,0,0,0,0, 0,0,0,0,0,5,0,0,0,0
15480,4,107,-46.7,80,32,-8.73327,8.22982,0,0,0,0,0,0,0,0,0,0,0, 0,0,0,0,0,5,0,0,0,0
15480,5,86,-43.6,84,32,-8.68921,9.12457,0,0,0,0,0,0,0,0,0,0,0, 0,0,0,0,0,5,0,0,0,0
15480,6,143,-54.4,60,32,-7.31791,5.23911,0,0,0,0,0,0,0,0,0,0,0, 0,0,0,0,0,5,0,0,0,0
15520,0,249,-55.4,64,32,-7.90211,5.4513,0,0,0,0,0,0,0,0,0,0,0, 0,0,0,0,0,6,0,0,0,0
15520,1,295,-55.4,68,32,-8.39599,5.79201,0,0,0,0,0,0,0,0,0,0,0, 0,0,0,0,0,6,0,0,0,0
15520,2,244,-55.4,72,32,-8.88987,6.13271,0,0,0,0,0,0,0,0,0,0,0, 0,0,0,0,0,6,0,0,0,0
15520,3,154,-53.4,76,32,-9.15212,6.79696,0,0,0,0,0,0,0,0,0,0,0, 0,0,0,0,0,6,0,0,0,0
15520,4,103,-45.9,80,32,-8.61752,8.35095,0,0,0,0,0,0,0,0,0,0,0, 0,0,0,0,0,6,0,0,0,0
15520,5,86,-41.1,84,32,-8.28293,9.4949,0,0,0,0,0,0,0,0,0,0,0, 0,0,0,0,0,6,0,0,0,0
15520,6,26,-2.4,212,31.25,-1.33165,31.7721,0,0,0,0,0,0,0,0,0,0,0, 0,0,0,0,0,6,0,0,0,0
15520,7,141,-55.4,60,32,-7.40823,5.11059,0,0,0,0,0,0,0,0,0,0,0, 0,0,0,0,0,6,0,0,0,0
15560,0,248,-55.4,64,32,-7.90211,5.4513,0,0,0,0,0,0,0,0,0,0,0, 0,0,0,0,0,7,0,0,0,0
15560,1,293,-55.4,68,32,-8.39599,5.79201,0,0,0,0,0,0,0,0,0,0,0, 0,0,0,0,0,7,0,0,0,0
15560,2,46,67.6,8,33,1.10946,0.457284,0,0,0,0,0,0,0,0,0,0,0, 0,0,0,0,0,7,0,0,0,0
15560,3,245,-55.4,72,32,-8.88987,6.13271,0,0,0,0,0,0,0,0,0,0,0, 0,0,0,0,0,7,0,0,0,0
15560,4,154,-54.4,76,32,-9.26935,6.6362,0,0,0,0,0,0,0,0,0,0,0, 0,0,0,0,0,7,0,0,0,0
15560,5,99,-48,80,32,-8.91774,8.02957,0,0,0,0,0,0,0,0,0,0,0, 0,0,0,0,0,7,0,0,0,0
15560,6,83,-41.7,84,32,-8.3819,9.40764,0,0,0,0,0,0,0,0,0,0,0, 0,0,0,0,0,7,0,0,0,0
15560,7,140,-55.4,60,32,-7.40823,5.11059,0,0,0,0,0,0,0,0,0,0,0, 0,0,0,0,0,7,0,0,0,0
15560,8,26,1.3,220,31.75,0.748682,32.9915,0,0,0,0,0,0,0,0,0,0,0, 0,0,0,0,0,7,0,0,0,0
15600,0,246,-56.5,64,32,-8.0053,5.2986,0,0,0,0,0,0,0,0,0,0,0, 0,0,0,0,0,8,0,0,0,0
15600,1,291,-55.4,68,32,-8.39599,5.79201,0,0,0,0,0,0,0,0,0,0,0, 0,0,0,0,0,8,0,0,0,0
15600,2,25,3.1,228,31.5,1.8495,34.15,0,0,0,0,0,0,0,0,0,0,0, 0,0,0,0,0,8,0,0,0,0
15600,3,43,64.6,8,33,1.084,0.514722,0,0,0,0,0,0,0,0,0,0,0, 0,0,0,0,0,8,0,0,0,0
15600,4,241,-55.4,72,32,-8.88987,6.13271,0,0,0,0,0,0,0,0,0,0,0, 0,0,0,0,0,8,0,0,0,0
15600,5,154,-53.4,76,32,-9.15212,6.79696,0,0,0,0,0,0,0,0,0,0,0, 0,0,0,0,0,8,0,0,0,0
15600,6,104,-45,80,32,-8.48528,8.48528,0,0,0,0,0,0,0,0,0,0,0, 0,0,0,0,0,8,0,0,0,0
15600,7,88,-41.1,84,32,-8.28293,9.4949,0,0,0,0,0,0,0,0,0,0,0, 0,0,0,0,0,8,0,0,0,0
15600,8,141,-56.5,60,32,-7.50497,4.96743,0,0,0,0,0,0,0,0,0,0,0, 0,0,0,0,0,8,0,0,0,0
15640,0,245,-56.5,64,32,-8.0053,5.2986,0,1334,0,0,0,0,0,0,0,0,0, 0,0,0,0,0,9,0,0,0,0
15640,1,289,-55.4,68,32,-8.39599,5.79201,0,1334,0,0,0,0,0,0,0,0,0, 0,0,0,0,0,9,0,0,0,0
15640,2,241,-55.4,72,32,-8.88987,6.13271,0,1334,0,0,0,0,0,0,0,0,0, 0,0,0,0,0,9,0,0,0,0
15640,3,153,-53.4,76,32,-9.15212,6.79696,0,1334,0,0,0,0,0,0,0,0,0, 0,0,0,0,0,9,0,0,0,0
15640,4,104,-45,80,32,-8.48528,8.48528,0,1334,0,0,0,0,0,0,0,0,0, 0,0,0,0,0,9,0,0,0,0
15640,5,82,-42.9,84,32,-8.57708,9.23004,0,1334,0,0,0,0,0,0,0,0,0, 0,0,0,0,0,9,0,0,0,0
15640,6,138,-55.4,60,32,-7.40823,5.11059,0,1334,0,0,0,0,0,0,0,0,0, 0,0,0,0,0,9,0,0,0,0
15680,0,243,-56.5,64,32,-8.0053,5.2986,0,0,0,0,0,0,0,0,0,0,0, 0,0,0,0,0,10,0,0,0,0
15680,1,289,-55.4,68,32,-8.39599,5.79201,0,0,0,0,0,0,0,0,0,0,0, 0,0,0,0,0,10,0,0,0,0
15680,2,45,68.6,8,33,1.11727,0.437852,0,0,0,0,0,0,0,0,0,0,0, 0,0,0,0,0,10,0,0,0,0
15680,3,241,-55.4,72,32,-8.88987,6.13271,0,0,0,0,0,0,0,0,0,0,0, 0,0,0,0,0,10,0,0,0,0
15680,4,153,-51.6,76,32,-8.93411,7.08108,0,0,0,0,0,0,0,0,0,0,0, 0,0,0,0,0,10,0,0,0,0
15680,5,106,-45,80,32,-8.48528,8.48528,0,0,0,0,0,0,0,0,0,0,0, 0,0,0,0,0,10,0,0,0,0
15680,6,28,3.1,240,31.5,1.94684,35.9473,0,0,0,0,0,0,0,0,0,0,0, 0,0,0,0,0,10,0,0,0,0
15680,7,25,2.4,240,32.25,1.50752,35.9684,0,0,0,0,0,0,0,0,0,0,0, 0,0,0,0,0,10,0,0,0,0
15680,8,137,-55.4,60,32,-7.40823,5.11059,0,0,0,0,0,0,0,0,0,0,0, 0,0,0,0,0,10,0,0,0,0
15720,0,244,-56.5,64,32,-8.0053,5.2986,0,7936,0,0,0,0,0,0,0,0,0, 0,0,0,0,0,11,0,0,0,0
15720,1,289,-55.4,68,32,-8.39599,5.79201,0,7936,0,0,0,0,0,0,0,0,0, 0,0,0,0,0,11,0,0,0,0
15720,2,240,-55.4,72,32,-8.88987,6.13271,0,7936,0,0,0,0,0,0,0,0,0, 0,0,0,0,0,11,0,0,0,0
15720,3,154,-49.8,76,32,-8.70727,7.35822,0,7936,0,0,0,0,0,0,0,0,0, 0,0,0,0,0,11,0,0,0,0
15720,4,112,-42.3,80,32,-8.07615,8.87557,0,7936,0,0,0,0,0,0,0,0,0, 0,0,0,0,0,11,0,0,0,0
15720,5,96,-39.9,84,32,-8.08227,9.66628,0,7936,0,0,0,0,0,0,0,0,0, 0,0,0,0,0,11,0,0,0,0
15720,6,136,-55.4,60,32,-7.40823,5.11059,0,7936,0,0,0,0,0,0,0,0,0, 0,0,0,0,0,11,0,0,0,0
15760,0,247,-55.4,64,32,-7.90211,5.4513,0,1139,0,0,0,0,0,0,0,0,0, 0,0,0,0,0,12,0,0,0,0
15760,1,293,-55.4,68,32,-8.39599,5.79201,0,1139,0,0,0,0,0,0,0,0,0, 0,0,0,0,0,12,0,0,0,0
15760,2,42,71.1,8,33,1.1353,0.388701,0,1139,0,0,0,0,0,0,0,0,0, 0,0,0,0,0,12,0,0,0,0
15760,3,246,-54.4,72,32,-8.78149,6.28693,0,1139,0,0,0,0,0,0,0,0,0, 0,0,0,0,0,12,0,0,0,0
15760,4,165,-46.7,76,32,-8.29661,7.81833,0,1139,0,0,0,0,0,0,0,0,0, 0,0,0,0,0,12,0,0,0,0
15760,5,124,-41.7,80,32,-7.98276,8.95966,0,1139,0,0,0,0,0,0,0,0,0, 0,0,0,0,0,12,0,0,0,0
15760,6,96,-40.5,84,32,-8.18305,9.58112,0,1139,0,0,0,0,0,0,0,0,0, 0,0,0,0,0,12,0,0,0,0
15760,7,12,-30.3,436,16.5,-32.9961,56.4661,0,1139,0,0,0,0,0,0,0,0,0, 0,0,0,0,0,12,0,0,0,0
15760,8,139,-54.4,60,32,-7.31791,5.23911,0,1139,0,0,0,0,0,0,0,0,0, 0,0,0,0,0,12,0,0,0,0
15800,0,249,-55.4,64,32,-7.90211,5.4513,0,86,0,0,0,0,0,0,0,0,0, 0,0,0,0,0,13,0,0,0,0
15800,1,295,-55.4,68,32,-8.39599,5.79201,0,86,0,0,0,0,0,0,0,0,0, 0,0,0,0,0,13,0,0,0,0
15800,2,249,-54.4,72,32,-8.78149,6.28693,0,86,0,0,0,0,0,0,0,0,0, 0,0,0,0,0,13,0,0,0,0
15800,3,164,-49.8,76,32,-8.70727,7.35822,0,86,0,0,0,0,0,0,0,0,0, 0,0,0,0,0,13,0,0,0,0
15800,4,117,-44.2,80,32,-8.36598,8.60293,0,86,0,0,0,0,0,0,0,0,0, 0,0,0,0,0,13,0,0,0,0
15800,5,93,-42.3,84,32,-8.47996,9.31935,0,86,0,0,0,0,0,0,0,0,0, 0,0,0,0,0,13,0,0,0,0
15800,6,138,-55.4,60,32,-7.40823,5.11059,0,86,0,0,0,0,0,0,0,0,0, 0,0,0,0,0,13,0,0,0,0
15840,0,245,-55.4,64,32,-7.90211,5.4513,0,0,0,0,0,0,0,0,0,0,0, 0,0,0,0,0,14,0,0,0,0
15840,1,292,-55.4,68,32,-8.39599,5.79201,0,0,0,0,0,0,0,0,0,0,0, 0,0,0,0,0,14,0,0,0,0
15840,2,246,-54.4,72,32,-8.78149,6.28693,0,0,0,0,0,0,0,0,0,0,0, 0,0,0,0,0,14,0,0,0,0
15840,3,162,-48,76,32,-8.47185,7.62809,0,0,0,0,0,0,0,0,0,0,0, 0,0,0,0,0,14,0,0,0,0
15840,4,120,-43.6,80,32,-8.27543,8.69006,0,0,0,0,0,0,0,0,0,0,0, 0,0,0,0,0,14,0,0,0,0
15840,5,97,-41.1,84,32,-8.28293,9.4949,0,0,0,0,0,0,0,0,0,0,0, 0,0,0,0,0,14,0,0,0,0
15840,6,20,-0.6,212,31.75,-0.333003,31.7983,0,0,0,0,0,0,0,0,0,0,0, 0,0,0,0,0,14,0,0,0,0
15840,7,139,-55.4,60,32,-7.40823,5.11059,0,0,0,0,0,0,0,0,0,0,0, 0,0,0,0,0,14,0,0,0,0
15880,0,244,-55.4,64,32,-7.90211,5.4513,0,0,0,0,0,0,0,0,0,0,0, 0,0,0,0,0,15,0,0,0,0
15880,1,291,-55.4,68,32,-8.39599,5.79201,0,0,0,0,0,0,0,0,0,0,0, 0,0,0,0,0,15,0,0,0,0
15880,2,243,-54.4,72,32,-8.78149,6.28693,0,0,0,0,0,0,0,0,0,0,0, 0,0,0,0,0,15,0,0,0,0
15880,3,158,-49.8,76,32,-8.70727,7.35822,0,0,0,0,0,0,0,0,0,0,0, 0,0,0,0,0,15,0,0,0,0
15880,4,116,-42.9,80,32,-8.16865,8.79051,0,0,0,0,0,0,0,0,0,0,0, 0,0,0,0,0,15,0,0,0,0
15880,5,97,-40.5,84,32,-8.18305,9.58112,0,0,0,0,0,0,0,0,0,0,0, 0,0,0,0,0,15,0,0,0,0
15880,6,137,-57.4,60,32,-7.58207,4.84894,0,0,0,0,0,0,0,0,0,0,0, 0,0,0,0,0,15,0,0,0,0
15920,0,242,-56.5,64,32,-8.0053,5.2986,0,0,0,0,0,0,0,0,0,0,0, 0,0,0,0,0,0,0,0,0,0
15920,1,289,-56.5,68,32,-8.50564,5.62976,0,0,0,0,0,0,0,0,0,0,0, 0,0,0,0,0,0,0,0,0,0
15920,2,242,-55.4,72,32,-8.88987,6.13271,0,0,0,0,0,0,0,0,0,0,0, 0,0,0,0,0,0,0,0,0,0
15920,3,158,-51.6,76,32,-8.93411,7.08108,0,0,0,0,0,0,0,0,0,0,0, 0,0,0,0,0,0,0,0,0,0
15920,4,113,-43.6,80,32,-8.27543,8.69006,0,0,0,0,0,0,0,0,0,0,0, 0,0,0,0,0,0,0,0,0,0
15920,5,27,5.4,240,31.5,3.3879,35.8402,0,0,0,0,0,0,0,0,0,0,0, 0,0,0,0,0,0,0,0,0,0
15920,6,89,-42.3,84,32,-8.47996,9.31935,0,0,0,0,0,0,0,0,0,0,0, 0,0,0,0,0,0,0,0,0,0
15920,7,27,-4.2,212,31.75,-2.32897,31.7146,0,0,0,0,0,0,0,0,0,0,0, 0,0,0,0,0,0,0,0,0,0
15920,8,136,-56.5,60,32,-7.50497,4.96743,0,0,0,0,0,0,0,0,0,0,0, 0,0,0,0,0,0,0,0,0,0
15960,0,242,-57.4,64,32,-8.08754,5.1722,0,0,0,0,0,0,0,0,0,0,0, 0,0,0,0,0,1,0,0,0,0
15960,1,289,-57.4,68,32,-8.59301,5.49546,0,0,0,0,0,0,0,0,0,0,0, 0,0,0,0,0,1,0,0,0,0
15960,2,238,-57.4,72,32,-9.09849,5.81872,0,0,0,0,0,0,0,0,0,0,0, 0,0,0,0,0,1,0,0,0,0
15960,3,149,-54.4,76,32,-9.26935,6.6362,0,0,0,0,0,0,0,0,0,0,0, 0,0,0,0,0,1,0,0,0,0
15960,4,23,-3.6,204,31.25,-1.92139,30.5396,0,0,0,0,0,0,0,0,0,0,0, 0,0,0,0,0,1,0,0,0,0
15960,5,20,0.1,204,32.25,0.0534071,30.6,0,0,0,0,0,0,0,0,0,0,0, 0,0,0,0,0,1,0,0,0,0
15960,6,102,-45,80,32,-8.48528,8.48528,0,0,0,0,0,0,0,0,0,0,0, 0,0,0,0,0,1,0,0,0,0
15960,7,84,-42.3,84,32,-8.47996,9.31935,0,0,0,0,0,0,0,0,0,0,0, 0,0,0,0,0,1,0,0,0,0
15960,8,135,-57.4,60,32,-7.58207,4.84894,0,0,0,0,0,0,0,0,0,0,0, 0,0,0,0,0,1,0,0,0,0
16000,0,242,-56.5,64,32,-8.0053,5.2986,0,0,0,0,0,0,0,0,0,0,0, 0,0,0,0,0,2,0,0,0,0
16000,1,287,-56.5,68,32,-8.50564,5.62976,0,0,0,0,0,0,0,0,0,0,0, 0,0,0,0,0,2,0,0,0,0
16000,2,241,-55.4,72,32,-8.88987,6.13271,0,0,0,0,0,0,0,0,0,0,0, 0,0,0,0,0,2,0,0,0,0
16000,3,155,-53.4,76,32,-9.15212,6.79696,0,0,0,0,0,0,0,0,0,0,0, 0,0,0,0,0,2,0,0,0,0
16000,4,109,-45.9,80,32,-8.61752,8.35095,0,0,0,0,0,0,0,0,0,0,0, 0,0,0,0,0,2,0,0,0,0
16000,5,82,-43.6,84,32,-8.68921,9.12457,0,0,0,0,0,0,0,0,0,0,0, 0,0,0,0,0,2,0,0,0,0
16000,6,137,-55.4,60,32,-7.40823,5.11059,0,0,0,0,0,0,0,0,0,0,0, 0,0,0,0,0,2,0,0,0,0
16040,0,244,-56.5,64,32,-8.0053,5.2986,0,0,0,0,0,0,0,0,0,0,0, 0,0,0,0,0,3,0,0,0,0
16040,1,291,-55.4,68,32,-8.39599,5.79201,0,0,0,0,0,0,0,0,0,0,0, 0,0,0,0,0,3,0,0,0,0
16040,2,242,-55.4,72,32,-8.88987,6.13271,0,0,0,0,0,0,0,0,0,0,0, 0,0,0,0,0,3,0,0,0,0
16040,3,155,-53.4,76,32,-9.15212,6.79696,0,0,0,0,0,0,0,0,0,0,0, 0,0,0,0,0,3,0,0,0,0
16040,4,109,-45,80,32,-8.48528,8.48528,0,0,0,0,0,0,0,0,0,0,0, 0,0,0,0,0,3,0,0,0,0
16040,5,89,-42.3,84,32,-8.47996,9.31935,0,0,0,0,0,0,0,0,0,0,0, 0,0,0,0,0,3,0,0,0,0
16040,6,137,-55.4,60,32,-7.40823,5.11059,0,0,0,0,0,0,0,0,0,0,0, 0,0,0,0,0,3,0,0,0,0
16080,0,243,-55.4,64,32,-7.90211,5.4513,0,0,0,0,0,0,0,0,0,0,0, 0,0,0,0,0,4,0,0,0,0
16080,1,289,-55.4,68,32,-8.39599,5.79201,0,0,0,0,0,0,0,0,0,0,0, 0,0,0,0,0,4,0,0,0,0
16080,2,241,-55.4,72,32,-8.88987,6.13271,0,0,0,0,0,0,0,0,0,0,0, 0,0,0,0,0,4,0,0,0,0
16080,3,158,-51.6,76,32,-8.93411,7.08108,0,0,0,0,0,0,0,0,0,0,0, 0,0,0,0,0,4,0,0,0,0
16080,4,113,-45,80,32,-8.48528,8.48528,0,0,0,0,0,0,0,0,0,0,0, 0,0,0,0,0,4,0,0,0,0
16080,5,24,-0.6,208,31.25,-0.32672,31.1983,0,0,0,0,0,0,0,0,0,0,0, 0,0,0,0,0,4,0,0,0,0
16080,6,24,-3,208,32.25,-1.63288,31.1572,0,0,0,0,0,0,0,0,0,0,0, 0,0,0,0,0,4,0,0,0,0
16080,7,89,-44.2,84,32,-8.78428,9.03307,0,0,0,0,0,0,0,0,0,0,0, 0,0,0,0,0,4,0,0,0,0
16080,8,136,-56.5,60,32,-7.50497,4.96743,0,0,0,0,0,0,0,0,0,0,0, 0,0,0,0,0,4,0,0,0,0
16120,0,245,-55.4,64,32,-7.90211,5.4513,0,0,0,0,0,0,0,0,0,0,0, 0,0,0,0,0,5,0,0,0,0
16120,1,290,-55.4,68,32,-8.39599,5.79201,0,0,0,0,0,0,0,0,0,0,0, 0,0,0,0,0,5,0,0,0,0
16120,2,245,-55.4,72,32,-8.88987,6.13271,0,0,0,0,0,0,0,0,0,0,0, 0,0,0,0,0,5,0,0,0,0
16120,3,159,-53.4,76,32,-9.15212,6.79696,0,0,0,0,0,0,0,0,0,0,0, 0,0,0,0,0,5,0,0,0,0
16120,4,107,-49.8,80,32,-9.16555,7.74549,0,0,0,0,0,0,0,0,0,0,0, 0,0,0,0,0,5,0,0,0,0
16120,5,22,-6.6,208,31.25,-3.58604,30.9932,0,0,0,0,0,0,0,0,0,0,0, 0,0,0,0,0,5,0,0,0,0
16120,6,81,-49.8,84,32,-9.62383,8.13277,0,0,0,0,0,0,0,0,0,0,0, 0,0,0,0,0,5,0,0,0,0
16120,7,136,-55.4,60,32,-7.40823,5.11059,0,0,0,0,0,0,0,0,0,0,0, 0,0,0,0,0,5,0,0,0,0
16160,0,244,-55.4,64,32,-7.90211,5.4513,0,0,0,0,0,0,0,0,0,0,0, 0,0,0,0,0,6,0,0,0,0
16160,1,289,-55.4,68,32,-8.39599,5.79201,0,0,0,0,0,0,0,0,0,0,0, 0,0,0,0,0,6,0,0,0,0
16160,2,244,-55.4,72,32,-8.88987,6.13271,0,0,0,0,0,0,0,0,0,0,0, 0,0,0,0,0,6,0,0,0,0
16160,3,160,-53.4,76,32,-9.15212,6.79696,0,0,0,0,0,0,0,0,0,0,0, 0,0,0,0,0,6,0,0,0,0
16160,4,113,-48,80,32,-8.91774,8.02957,0,0,0,0,0,0,0,0,0,0,0, 0,0,0,0,0,6,0,0,0,0
16160,5,18,3.1,208,31.5,1.68726,31.1543,0,0,0,0,0,0,0,0,0,0,0, 0,0,0,0,0,6,0,0,0,0
16160,6,91,-46.7,84,32,-9.16994,8.64131,0,0,0,0,0,0,0,0,0,0,0, 0,0,0,0,0,6,0,0,0,0
16160,7,135,-55.4,60,32,-7.40823,5.11059,0,0,0,0,0,0,0,0,0,0,0, 0,0,0,0,0,6,0,0,0,0
16200,0,243,-55.4,64,32,-7.90211,5.4513,0,0,0,0,0,0,0,0,0,0,0, 0,0,0,0,0,7,0,0,0,0
16200,1,290,-55.4,68,32,-8.39599,5.79201,0,0,0,0,0,0,0,0,0,0,0, 0,0,0,0,0,7,0,0,0,0
16200,2,243,-55.4,72,32,-8.88987,6.13271,0,0,0,0,0,0,0,0,0,0,0, 0,0,0,0,0,7,0,0,0,0
16200,3,161,-53.4,76,32,-9.15212,6.79696,0,0,0,0,0,0,0,0,0,0,0, 0,0,0,0,0,7,0,0,0,0
16200,4,115,-45,80,32,-8.48528,8.48528,0,0,0,0,0,0,0,0,0,0,0, 0,0,0,0,0,7,0,0,0,0
16200,5,97,-41.7,84,32,-8.3819,9.40764,0,0,0,0,0,0,0,0,0,0,0, 0,0,0,0,0,7,0,0,0,0
16200,6,135,-55.4,60,32,-7.40823,5.11059,0,0,0,0,0,0,0,0,0,0,0, 0,0,0,0,0,7,0,0,0,0
16240,0,245,-56.5,64,32,-8.0053,5.2986,0,0,0,0,0,0,0,0,0,0,0, 0,0,0,0,0,8,0,0,0,0
16240,1,291,-55.4,68,32,-8.39599,5.79201,0,0,0,0,0,0,0,0,0,0,0, 0,0,0,0,0,8,0,0,0,0
16240,2,243,-55.4,72,32,-8.88987,6.13271,0,0,0,0,0,0,0,0,0,0,0, 0,0,0,0,0,8,0,0,0,0
16240,3,155,-53.4,76,32,-9.15212,6.79696,0,0,0,0,0,0,0,0,0,0,0, 0,0,0,0,0,8,0,0,0,0
16240,4,19,0.6,204,31.75,0.320437,30.5983,0,0,0,0,0,0,0,0,0,0,0, 0,0,0,0,0,8,0,0,0,0
16240,5,18,5.4,204,32.25,2.87971,30.4642,0,0,0,0,0,0,0,0,0,0,0, 0,0,0,0,0,8,0,0,0,0
16240,6,103,-46.7,80,32,-8.73327,8.22982,0,0,0,0,0,0,0,0,0,0,0, 0,0,0,0,0,8,0,0,0,0
16240,7,23,-4.2,212,31.25,-2.32897,31.7146,0,0,0,0,0,0,0,0,0,0,0, 0,0,0,0,0,8,0,0,0,0
16240,8,138,-55.4,60,32,-7.40823,5.11059,0,0,0,0,0,0,0,0,0,0,0, 0,0,0,0,0,8,0,0,0,0
16280,0,246,-55.4,64,32,-7.90211,5.4513,0,1334,0,0,0,0,0,0,0,0,0, 0,0,0,0,0,9,0,0,0,0
16280,1,291,-55.4,68,32,-8.39599,5.79201,0,1334,0,0,0,0,0,0,0,0,0, 0,0,0,0,0,9,0,0,0,0
16280,2,48,72.4,8,33,1.14383,0.362844,0,1334,0,0,0,0,0,0,0,0,0, 0,0,0,0,0,9,0,0,0,0
16280,3,241,-55.4,72,32,-8.88987,6.13271,0,1334,0,0,0,0,0,0,0,0,0, 0,0,0,0,0,9,0,0,0,0
16280,4,153,-54.4,76,32,-9.26935,6.6362,0,1334,0,0,0,0,0,0,0,0,0, 0,0,0,0,0,9,0,0,0,0
16280,5,22,-7.2,204,31.5,-3.8352,30.3587,0,1334,0,0,0,0,0,0,0,0,0, 0,0,0,0,0,9,0,0,0,0
16280,6,105,-46.7,80,32,-8.73327,8.22982,0,1334,0,0,0,0,0,0,0,0,0, 0,0,0,0,0,9,0,0,0,0
16280,7,21,-5.4,208,31.75,-2.93618,31.0615,0,1334,0,0,0,0,0,0,0,0,0, 0,0,0,0,0,9,0,0,0,0
16280,8,87,-42.9,84,32,-8.57708,9.23004,0,1334,0,0,0,0,0,0,0,0,0, 0,0,0,0,0,9,0,0,0,0
16280,9,18,6.6,244,30.5,4.2067,36.3574,0,1334,0,0,0,0,0,0,0,0,0, 0,0,0,0,0,9,0,0,0,0
16280,10,138,-54.4,60,32,-7.31791,5.23911,0,1334,0,0,0,0,0,0,0,0,0, 0,0,0,0,0,9,0,0,0,0
16320,0,245,-55.4,64,32,-7.90211,5.4513,0,0,0,0,0,0,0,0,0,0,0, 0,0,0,0,0,10,0,0,0,0
16320,1,291,-55.4,68,32,-8.39599,5.79201,0,0,0,0,0,0,0,0,0,0,0, 0,0,0,0,0,10,0,0,0,0
16320,2,12,57.7,420,15.25,53.2515,33.6642,0,0,0,0,0,0,0,0,0,0,0, 0,0,0,0,0,10,0,0,0,0
16320,3,242,-55.4,72,32,-8.88987,6.13271,0,0,0,0,0,0,0,0,0,0,0, 0,0,0,0,0,10,0,0,0,0
16320,4,155,-53.4,76,32,-9.15212,6.79696,0,0,0,0,0,0,0,0,0,0,0, 0,0,0,0,0,10,0,0,0,0
16320,5,110,-45,80,32,-8.48528,8.48528,0,0,0,0,0,0,0,0,0,0,0, 0,0,0,0,0,10,0,0,0,0
16320,6,19,-1.2,208,30.75,-0.653404,31.1932,0,0,0,0,0,0,0,0,0,0,0, 0,0,0,0,0,10,0,0,0,0
16320,7,31,-3,208,31.25,-1.63288,31.1572,0,0,0,0,0,0,0,0,0,0,0, 0,0,0,0,0,10,0,0,0,0
16320,8,91,-42.3,84,32,-8.47996,9.31935,0,0,0,0,0,0,0,0,0,0,0, 0,0,0,0,0,10,0,0,0,0
16320,9,38,-6,212,31.75,-3.32401,31.6258,0,0,0,0,0,0,0,0,0,0,0, 0,0,0,0,0,10,0,0,0,0
16320,10,32,-6.6,212,32.25,-3.655,31.5893,0,0,0,0,0,0,0,0,0,0,0, 0,0,0,0,0,10,0,0,0,0
16320,11,138,-55.4,60,32,-7.40823,5.11059,0,0,0,0,0,0,0,0,0,0,0, 0,0,0,0,0,10,0,0,0,0
16360,0,244,-56.5,64,32,-8.0053,5.2986,0,7936,0,0,0,0,0,0,0,0,0, 0,0,0,0,0,11,0,0,0,0
16360,1,289,-56.5,68,32,-8.50564,5.62976,0,7936,0,0,0,0,0,0,0,0,0, 0,0,0,0,0,11,0,0,0,0
16360,2,241,-56.5,72,32,-9.00597,5.96092,0,7936,0,0,0,0,0,0,0,0,0, 0,0,0,0,0,11,0,0,0,0
16360,3,23,5.4,232,31.75,3.27497,34.6456,0,7936,0,0,0,0,0,0,0,0,0, 0,0,0,0,0,11,0,0,0,0
16360,4,155,-54.4,76,32,-9.26935,6.6362,0,7936,0,0,0,0,0,0,0,0,0, 0,0,0,0,0,11,0,0,0,0
16360,5,108,-45.9,80,32,-8.61752,8.35095,0,7936,0,0,0,0,0,0,0,0,0, 0,0,0,0,0,11,0,0,0,0
16360,6,83,-45,84,32,-8.90955,8.90955,0,7936,0,0,0,0,0,0,0,0,0, 0,0,0,0,0,11,0,0,0,0
16360,7,138,-55.4,60,32,-7.40823,5.11059,0,7936,0,0,0,0,0,0,0,0,0, 0,0,0,0,0,11,0,0,0,0
16400,0,244,-56.5,64,32,-8.0053,5.2986,0,1139,0,0,0,0,0,0,0,0,0, 0,0,0,0,0,12,0,0,0,0
16400,1,289,-56.5,68,32,-8.50564,5.62976,0,1139,0,0,0,0,0,0,0,0,0, 0,0,0,0,0,12,0,0,0,0
16400,2,44,75.1,8,33,1.15965,0.308559,0,1139,0,0,0,0,0,0,0,0,0, 0,0,0,0,0,12,0,0,0,0
16400,3,242,-56.5,72,32,-9.00597,5.96092,0,1139,0,0,0,0,0,0,0,0,0, 0,0,0,0,0,12,0,0,0,0
16400,4,157,-53.4,76,32,-9.15212,6.79696,0,1139,0,0,0,0,0,0,0,0,0, 0,0,0,0,0,12,0,0,0,0
16400,5,110,-46.7,80,32,-8.73327,8.22982,0,1139,0,0,0,0,0,0,0,0,0, 0,0,0,0,0,12,0,0,0,0
16400,6,18,-0.6,208,31.75,-0.32672,31.1983,0,1139,0,0,0,0,0,0,0,0,0, 0,0,0,0,0,12,0,0,0,0
16400,7,22,1.3,240,31.25,0.816744,35.9907,0,1139,0,0,0,0,0,0,0,0,0, 0,0,0,0,0,12,0,0,0,0
16400,8,84,-45.9,84,32,-9.04839,8.7685,0,1139,0,0,0,0,0,0,0,0,0, 0,0,0,0,0,12,0,0,0,0
16400,9,19,6.6,244,30.75,4.2067,36.3574,0,1139,0,0,0,0,0,0,0,0,0, 0,0,0,0,0,12,0,0,0,0
16400,10,25,5.4,244,31,3.44436,36.4376,0,1139,0,0,0,0,0,0,0,0,0, 0,0,0,0,0,12,0,0,0,0
16400,11,26,-4.8,216,32.25,-2.71116,32.2864,0,1139,0,0,0,0,0,0,0,0,0, 0,0,0,0,0,12,0,0,0,0
16400,12,139,-55.4,60,32,-7.40823,5.11059,0,1139,0,0,0,0,0,0,0,0,0, 0,0,0,0,0,12,0,0,0,0
16440,0,245,-56.5,64,32,-8.0053,5.2986,0,86,0,0,0,0,0,0,0,0,0, 0,0,0,0,0,13,0,0,0,0
16440,1,31,0.6,224,31.75,0.351852,33.5982,0,86,0,0,0,0,0,0,0,0,0, 0,0,0,0,0,13,0,0,0,0
16440,2,30,1.8,224,32.25,1.0554,33.5834,0,86,0,0,0,0,0,0,0,0,0, 0,0,0,0,0,13,0,0,0,0
16440,3,290,-56.5,68,32,-8.50564,5.62976,0,86,0,0,0,0,0,0,0,0,0, 0,0,0,0,0,13,0,0,0,0
16440,4,243,-56.5,72,32,-9.00597,5.96092,0,86,0,0,0,0,0,0,0,0,0, 0,0,0,0,0,13,0,0,0,0
16440,5,158,-53.4,76,32,-9.15212,6.79696,0,86,0,0,0,0,0,0,0,0,0, 0,0,0,0,0,13,0,0,0,0
16440,6,113,-44.2,80,32,-8.36598,8.60293,0,86,0,0,0,0,0,0,0,0,0, 0,0,0,0,0,13,0,0,0,0
16440,7,91,-41.7,84,32,-8.3819,9.40764,0,86,0,0,0,0,0,0,0,0,0, 0,0,0,0,0,13,0,0,0,0
16440,8,23,-3,216,30.75,-1.69569,32.3556,0,86,0,0,0,0,0,0,0,0,0, 0,0,0,0,0,13,0,0,0,0
16440,9,30,-3.6,216,31,-2.03441,32.3361,0,86,0,0,0,0,0,0,0,0,0, 0,0,0,0,0,13,0,0,0,0
16440,10,136,-56.5,60,32,-7.50497,4.96743,0,86,0,0,0,0,0,0,0,0,0, 0,0,0,0,0,13,0,0,0,0
16480,0,244,-57.4,64,32,-8.08754,5.1722,0,0,0,0,0,0,0,0,0,0,0, 0,0,0,0,0,14,0,0,0,0
16480,1,19,-9,224,31.5,-5.2562,33.1863,0,0,0,0,0,0,0,0,0,0,0, 0,0,0,0,0,14,0,0,0,0
16480,2,291,-56.5,68,32,-8.50564,5.62976,0,0,0,0,0,0,0,0,0,0,0, 0,0,0,0,0,14,0,0,0,0
16480,3,14,12.1,228,31.75,7.16896,33.4402,0,0,0,0,0,0,0,0,0,0,0, 0,0,0,0,0,14,0,0,0,0
16480,4,245,-56.5,72,32,-9.00597,5.96092,0,0,0,0,0,0,0,0,0,0,0, 0,0,0,0,0,14,0,0,0,0
16480,5,162,-51.6,76,32,-8.93411,7.08108,0,0,0,0,0,0,0,0,0,0,0, 0,0,0,0,0,14,0,0,0,0
16480,6,21,2.4,236,31.75,1.4824,35.3689,0,0,0,0,0,0,0,0,0,0,0, 0,0,0,0,0,14,0,0,0,0
16480,7,23,5.4,236,33,3.33143,35.2429,0,0,0,0,0,0,0,0,0,0,0, 0,0,0,0,0,14,0,0,0,0
16480,8,120,-44.2,80,32,-8.36598,8.60293,0,0,0,0,0,0,0,0,0,0,0, 0,0,0,0,0,14,0,0,0,0
16480,9,99,-41.7,84,32,-8.3819,9.40764,0,0,0,0,0,0,0,0,0,0,0, 0,0,0,0,0,14,0,0,0,0
16480,10,23,-1.2,216,31.25,-0.678535,32.3929,0,0,0,0,0,0,0,0,0,0,0, 0,0,0,0,0,14,0,0,0,0
16480,11,23,-4.2,216,32.25,-2.37292,32.313,0,0,0,0,0,0,0,0,0,0,0, 0,0,0,0,0,14,0,0,0,0
16480,12,136,-57.4,60,32,-7.58207,4.84894,0,0,0,0,0,0,0,0,0,0,0, 0,0,0,0,0,14,0,0,0,0
16480,13,18,1.3,220,33,0.748682,32.9915,0,0,0,0,0,0,0,0,0,0,0, 0,0,0,0,0,14,0,0,0,0
16520,0,243,-57.4,64,32,-8.08754,5.1722,0,0,0,0,0,0,0,0,0,0,0, 0,0,0,0,0,15,0,0,0,0
16520,1,289,-57.4,68,32,-8.59301,5.49546,0,0,0,0,0,0,0,0,0,0,0, 0,0,0,0,0,15,0,0,0,0
16520,2,43,72.4,8,33,1.14383,0.362844,0,0,0,0,0,0,0,0,0,0,0, 0,0,0,0,0,15,0,0,0,0
16520,3,243,-56.5,72,32,-9.00597,5.96092,0,0,0,0,0,0,0,0,0,0,0, 0,0,0,0,0,15,0,0,0,0
16520,4,159,-53.4,76,32,-9.15212,6.79696,0,0,0,0,0,0,0,0,0,0,0, 0,0,0,0,0,15,0,0,0,0
16520,5,115,-44.2,80,32,-8.36598,8.60293,0,0,0,0,0,0,0,0,0,0,0, 0,0,0,0,0,15,0,0,0,0
16520,6,95,-41.7,84,32,-8.3819,9.40764,0,0,0,0,0,0,0,0,0,0,0, 0,0,0,0,0,15,0,0,0,0
16520,7,15,-4.2,212,30.75,-2.32897,31.7146,0,0,0,0,0,0,0,0,0,0,0, 0,0,0,0,0,15,0,0,0,0
16520,8,25,1.3,212,31.75,0.721457,31.7918,0,0,0,0,0,0,0,0,0,0,0, 0,0,0,0,0,15,0,0,0,0
16520,9,20,0.6,216,30.75,0.339286,32.3982,0,0,0,0,0,0,0,0,0,0,0, 0,0,0,0,0,15,0,0,0,0
16520,10,136,-56.5,60,32,-7.50497,4.96743,0,0,0,0,0,0,0,0,0,0,0, 0,0,0,0,0,15,0,0,0,0
16560,0,242,-56.5,64,32,-8.0053,5.2986,0,0,0,0,0,0,0,0,0,0,0, 0,0,0,0,0,0,0,0,0,0
16560,1,21,6.6,224,31.25,3.86189,33.3773,0,0,0,0,0,0,0,0,0,0,0, 0,0,0,0,0,0,0,0,0,0
16560,2,289,-56.5,68,32,-8.50564,5.62976,0,0,0,0,0,0,0,0,0,0,0, 0,0,0,0,0,0,0,0,0,0
16560,3,243,-55.4,72,32,-8.88987,6.13271,0,0,0,0,0,0,0,0,0,0,0, 0,0,0,0,0,0,0,0,0,0
16560,4,160,-51.6,76,32,-8.93411,7.08108,0,0,0,0,0,0,0,0,0,0,0, 0,0,0,0,0,0,0,0,0,0
16560,5,119,-45,80,32,-8.48528,8.48528,0,0,0,0,0,0,0,0,0,0,0, 0,0,0,0,0,0,0,0,0,0
16560,6,97,-42.3,84,32,-8.47996,9.31935,0,0,0,0,0,0,0,0,0,0,0, 0,0,0,0,0,0,0,0,0,0
16560,7,135,-56.5,60,32,-7.50497,4.96743,0,0,0,0,0,0,0,0,0,0,0, 0,0,0,0,0,0,0,0,0,0
16600,0,243,-56.5,64,32,-8.0053,5.2986,0,0,0,0,0,0,0,0,0,0,0, 0,0,0,0,0,1,0,0,0,0
16600,1,15,5.4,224,32.5,3.16204,33.4509,0,0,0,0,0,0,0,0,0,0,0, 0,0,0,0,0,1,0,0,0,0
16600,2,287,-56.5,68,32,-8.50564,5.62976,0,0,0,0,0,0,0,0,0,0,0, 0,0,0,0,0,1,0,0,0,0
16600,3,242,-56.5,72,32,-9.00597,5.96092,0,0,0,0,0,0,0,0,0,0,0, 0,0,0,0,0,1,0,0,0,0
16600,4,156,-54.4,76,32,-9.26935,6.6362,0,0,0,0,0,0,0,0,0,0,0, 0,0,0,0,0,1,0,0,0,0
16600,5,109,-46.7,80,32,-8.73327,8.22982,0,0,0,0,0,0,0,0,0,0,0, 0,0,0,0,0,1,0,0,0,0
16600,6,94,-42.3,84,32,-8.47996,9.31935,0,0,0,0,0,0,0,0,0,0,0, 0,0,0,0,0,1,0,0,0,0
16600,7,19,-10.8,216,31.75,-6.07116,31.8261,0,0,0,0,0,0,0,0,0,0,0, 0,0,0,0,0,1,0,0,0,0
16600,8,135,-55.4,60,32,-7.40823,5.11059,0,0,0,0,0,0,0,0,0,0,0, 0,0,0,0,0,1,0,0,0,0
16640,0,243,-56.5,64,32,-8.0053,5.2986,0,0,0,0,0,0,0,0,0,0,0, 0,0,0,0,0,2,0,0,0,0
16640,1,16,-3,224,32.5,-1.75849,33.554,0,0,0,0,0,0,0,0,0,0,0, 0,0,0,0,0,2,0,0,0,0
16640,2,289,-56.5,68,32,-8.50564,5.62976,0,0,0,0,0,0,0,0,0,0,0, 0,0,0,0,0,2,0,0,0,0
16640,3,241,-55.4,72,32,-8.88987,6.13271,0,0,0,0,0,0,0,0,0,0,0, 0,0,0,0,0,2,0,0,0,0
16640,4,154,-54.4,76,32,-9.26935,6.6362,0,0,0,0,0,0,0,0,0,0,0, 0,0,0,0,0,2,0,0,0,0
16640,5,109,-45,80,32,-8.48528,8.48528,0,0,0,0,0,0,0,0,0,0,0, 0,0,0,0,0,2,0,0,0,0
16640,6,92,-41.1,84,32,-8.28293,9.4949,0,0,0,0,0,0,0,0,0,0,0, 0,0,0,0,0,2,0,0,0,0
16640,7,29,-4.8,212,32.25,-2.66096,31.6885,0,0,0,0,0,0,0,0,0,0,0, 0,0,0,0,0,2,0,0,0,0
16640,8,136,-55.4,60,32,-7.40823,5.11059,0,0,0,0,0,0,0,0,0,0,0, 0,0,0,0,0,2,0,0,0,0
16640,9,24,-2.4,220,31.75,-1.3819,32.9711,0,0,0,0,0,0,0,0,0,0,0, 0,0,0,0,0,2,0,0,0,0
16640,10,25,-3,220,32.25,-1.72709,32.9548,0,0,0,0,0,0,0,0,0,0,0, 0,0,0,0,0,2,0,0,0,0
16680,0,244,-56.5,64,32,-8.0053,5.2986,0,0,0,0,0,0,0,0,0,0,0, 0,0,0,0,0,3,0,0,0,0
16680,1,289,-56.5,68,32,-8.50564,5.62976,0,0,0,0,0,0,0,0,0,0,0, 0,0,0,0,0,3,0,0,0,0
16680,2,21,4.2,228,31.75,2.50475,34.1082,0,0,0,0,0,0,0,0,0,0,0, 0,0,0,0,0,3,0,0,0,0
16680,3,240,-55.4,72,32,-8.88987,6.13271,0,0,0,0,0,0,0,0,0,0,0, 0,0,0,0,0,3,0,0,0,0
16680,4,154,-54.4,76,32,-9.26935,6.6362,0,0,0,0,0,0,0,0,0,0,0, 0,0,0,0,0,3,0,0,0,0
16680,5,104,-48,80,32,-8.91774,8.02957,0,0,0,0,0,0,0,0,0,0,0, 0,0,0,0,0,3,0,0,0,0
16680,6,26,-4.2,208,31.75,-2.28503,31.1162,0,0,0,0,0,0,0,0,0,0,0, 0,0,0,0,0,3,0,0,0,0
16680,7,85,-44.2,84,32,-8.78428,9.03307,0,0,0,0,0,0,0,0,0,0,0, 0,0,0,0,0,3,0,0,0,0
16680,8,136,-54.4,60,32,-7.31791,5.23911,0,0,0,0,0,0,0,0,0,0,0, 0,0,0,0,0,3,0,0,0,0
16680,9,20,-6.6,220,31.75,-3.79293,32.7813,0,0,0,0,0,0,0,0,0,0,0, 0,0,0,0,0,3,0,0,0,0
16680,10,20,1.3,220,33,0.748682,32.9915,0,0,0,0,0,0,0,0,0,0,0, 0,0,0,0,0,3,0,0,0,0
16720,0,243,-56.5,64,32,-8.0053,5.2986,0,0,0,0,0,0,0,0,0,0,0, 0,0,0,0,0,4,0,0,0,0
16720,1,288,-55.4,68,32,-8.39599,5.79201,0,0,0,0,0,0,0,0,0,0,0, 0,0,0,0,0,4,0,0,0,0
16720,2,21,-4.2,228,33,-2.50475,34.1082,0,0,0,0,0,0,0,0,0,0,0, 0,0,0,0,0,4,0,0,0,0
16720,3,37,72.4,8,33,1.14383,0.362844,0,0,0,0,0,0,0,0,0,0,0, 0,0,0,0,0,4,0,0,0,0
16720,4,241,-55.4,72,32,-8.88987,6.13271,0,0,0,0,0,0,0,0,0,0,0, 0,0,0,0,0,4,0,0,0,0
16720,5,22,0.6,232,33,0.364418,34.7981,0,0,0,0,0,0,0,0,0,0,0, 0,0,0,0,0,4,0,0,0,0
16720,6,158,-49.8,76,32,-8.70727,7.35822,0,0,0,0,0,0,0,0,0,0,0, 0,0,0,0,0,4,0,0,0,0
16720,7,116,-43.6,80,32,-8.27543,8.69006,0,0,0,0,0,0,0,0,0,0,0, 0,0,0,0,0,4,0,0,0,0
16720,8,95,-41.7,84,32,-8.3819,9.40764,0,0,0,0,0,0,0,0,0,0,0, 0,0,0,0,0,4,0,0,0,0
16720,9,23,-2.4,212,30.75,-1.33165,31.7721,0,0,0,0,0,0,0,0,0,0,0, 0,0,0,0,0,4,0,0,0,0
16720,10,36,-2.4,212,31.25,-1.33165,31.7721,0,0,0,0,0,0,0,0,0,0,0, 0,0,0,0,0,4,0,0,0,0
16720,11,27,3.1,212,32.25,1.71971,31.7535,0,0,0,0,0,0,0,0,0,0,0, 0,0,0,0,0,4,0,0,0,0
16720,12,136,-55.4,60,32,-7.40823,5.11059,0,0,0,0,0,0,0,0,0,0,0, 0,0,0,0,0,4,0,0,0,0
16720,13,27,-5.4,220,31.75,-3.10557,32.8535,0,0,0,0,0,0,0,0,0,0,0, 0,0,0,0,0,4,0,0,0,0
16760,0,242,-56.5,64,32,-8.0053,5.2986,0,0,0,0,0,0,0,0,0,0,0, 0,0,0,0,0,5,0,0,0,0
16760,1,288,-56.5,68,32,-8.50564,5.62976,0,0,0,0,0,0,0,0,0,0,0, 0,0,0,0,0,5,0,0,0,0
16760,2,240,-55.4,72,32,-8.88987,6.13271,0,0,0,0,0,0,0,0,0,0,0, 0,0,0,0,0,5,0,0,0,0
16760,3,156,-53.4,76,32,-9.15212,6.79696,0,0,0,0,0,0,0,0,0,0,0, 0,0,0,0,0,5,0,0,0,0
16760,4,22,2.4,236,31.75,1.4824,35.3689,0,0,0,0,0,0,0,0,0,0,0, 0,0,0,0,0,5,0,0,0,0
16760,5,19,0.6,236,33,0.370701,35.3981,0,0,0,0,0,0,0,0,0,0,0, 0,0,0,0,0,5,0,0,0,0
16760,6,113,-44.2,80,32,-8.36598,8.60293,0,0,0,0,0,0,0,0,0,0,0, 0,0,0,0,0,5,0,0,0,0
16760,7,103,-39.3,84,32,-7.9806,9.75039,0,0,0,0,0,0,0,0,0,0,0, 0,0,0,0,0,5,0,0,0,0
16760,8,21,0.1,212,32.5,0.0555014,31.7999,0,0,0,0,0,0,0,0,0,0,0, 0,0,0,0,0,5,0,0,0,0
16760,9,25,-6.6,216,31.75,-3.72396,32.1853,0,0,0,0,0,0,0,0,0,0,0, 0,0,0,0,0,5,0,0,0,0
16760,10,137,-55.4,60,32,-7.40823,5.11059,0,0,0,0,0,0,0,0,0,0,0, 0,0,0,0,0,5,0,0,0,0
16800,0,244,-56.5,64,32,-8.0053,5.2986,0,0,0,0,0,0,0,0,0,0,0, 0,0,0,0,0,6,0,0,0,0
16800,1,288,-55.4,68,32,-8.39599,5.79201,0,0,0,0,0,0,0,0,0,0,0, 0,0,0,0,0,6,0,0,0,0
16800,2,242,-55.4,72,32,-8.88987,6.13271,0,0,0,0,0,0,0,0,0,0,0, 0,0,0,0,0,6,0,0,0,0
16800,3,156,-53.4,76,32,-9.15212,6.79696,0,0,0,0,0,0,0,0,0,0,0, 0,0,0,0,0,6,0,0,0,0
16800,4,23,3.1,236,31.25,1.91439,35.3482,0,0,0,0,0,0,0,0,0,0,0, 0,0,0,0,0,6,0,0,0,0
16800,5,116,-43.6,80,32,-8.27543,8.69006,0,0,0,0,0,0,0,0,0,0,0, 0,0,0,0,0,6,0,0,0,0
16800,6,104,-38.7,84,32,-7.87806,9.83342,0,0,0,0,0,0,0,0,0,0,0, 0,0,0,0,0,6,0,0,0,0
16800,7,136,-55.4,60,32,-7.40823,5.11059,0,0,0,0,0,0,0,0,0,0,0, 0,0,0,0,0,6,0,0,0,0
16840,0,244,-56.5,64,32,-8.0053,5.2986,0,0,0,0,0,0,0,0,0,0,0, 0,0,0,0,0,7,0,0,0,0
16840,1,290,-56.5,68,32,-8.50564,5.62976,0,0,0,0,0,0,0,0,0,0,0, 0,0,0,0,0,7,0,0,0,0
16840,2,242,-56.5,72,32,-9.00597,5.96092,0,0,0,0,0,0,0,0,0,0,0, 0,0,0,0,0,7,0,0,0,0
16840,3,153,-54.4,76,32,-9.26935,6.6362,0,0,0,0,0,0,0,0,0,0,0, 0,0,0,0,0,7,0,0,0,0
16840,4,111,-43.6,80,32,-8.27543,8.69006,0,0,0,0,0,0,0,0,0,0,0, 0,0,0,0,0,7,0,0,0,0
16840,5,28,1.8,208,32.5,0.980016,31.1846,0,0,0,0,0,0,0,0,0,0,0, 0,0,0,0,0,7,0,0,0,0
16840,6,101,-38.1,84,32,-7.77465,9.91538,0,0,0,0,0,0,0,0,0,0,0, 0,0,0,0,0,7,0,0,0,0
16840,7,27,0.6,212,31.75,0.333003,31.7983,0,0,0,0,0,0,0,0,0,0,0, 0,0,0,0,0,7,0,0,0,0
16840,8,20,-1.8,216,31.75,-1.01771,32.384,0,0,0,0,0,0,0,0,0,0,0, 0,0,0,0,0,7,0,0,0,0
16840,9,136,-55.4,60,32,-7.40823,5.11059,0,0,0,0,0,0,0,0,0,0,0, 0,0,0,0,0,7,0,0,0,0
16880,0,244,-55.4,64,32,-7.90211,5.4513,0,0,0,0,0,0,0,0,0,0,0, 0,0,0,0,0,8,0,0,0,0
16880,1,289,-56.5,68,32,-8.50564,5.62976,0,0,0,0,0,0,0,0,0,0,0, 0,0,0,0,0,8,0,0,0,0
16880,2,242,-55.4,72,32,-8.88987,6.13271,0,0,0,0,0,0,0,0,0,0,0, 0,0,0,0,0,8,0,0,0,0
16880,3,155,-54.4,76,32,-9.26935,6.6362,0,0,0,0,0,0,0,0,0,0,0, 0,0,0,0,0,8,0,0,0,0
16880,4,112,-45,80,32,-8.48528,8.48528,0,0,0,0,0,0,0,0,0,0,0, 0,0,0,0,0,8,0,0,0,0
16880,5,94,-41.7,84,32,-8.3819,9.40764,0,0,0,0,0,0,0,0,0,0,0, 0,0,0,0,0,8,0,0,0,0
16880,6,26,-0.6,212,31.75,-0.333003,31.7983,0,0,0,0,0,0,0,0,0,0,0, 0,0,0,0,0,8,0,0,0,0
16880,7,137,-55.4,60,32,-7.40823,5.11059,0,0,0,0,0,0,0,0,0,0,0, 0,0,0,0,0,8,0,0,0,0
16920,0,243,-56.5,64,32,-8.0053,5.2986,0,1334,0,0,0,0,0,0,0,0,0, 0,0,0,0,0,9,0,0,0,0
16920,1,289,-56.5,68,32,-8.50564,5.62976,0,1334,0,0,0,0,0,0,0,0,0, 0,0,0,0,0,9,0,0,0,0
16920,2,31,75.1,8,30.75,1.15965,0.308559,0,1334,0,0,0,0,0,0,0,0,0, 0,0,0,0,0,9,0,0,0,0
16920,3,242,-55.4,72,32,-8.88987,6.13271,0,1334,0,0,0,0,0,0,0,0,0, 0,0,0,0,0,9,0,0,0,0
16920,4,155,-54.4,76,32,-9.26935,6.6362,0,1334,0,0,0,0,0,0,0,0,0, 0,0,0,0,0,9,0,0,0,0
16920,5,106,-46.7,80,32,-8.73327,8.22982,0,1334,0,0,0,0,0,0,0,0,0, 0,0,0,0,0,9,0,0,0,0
16920,6,88,-42.9,84,32,-8.57708,9.23004,0,1334,0,0,0,0,0,0,0,0,0, 0,0,0,0,0,9,0,0,0,0
16920,7,33,-3.6,212,31.75,-1.99674,31.7372,0,1334,0,0,0,0,0,0,0,0,0, 0,0,0,0,0,9,0,0,0,0
16920,8,30,-3,212,32.25,-1.66428,31.7564,0,1334,0,0,0,0,0,0,0,0,0, 0,0,0,0,0,9,0,0,0,0
16920,9,21,-8.4,216,31,-4.73309,32.0524,0,1334,0,0,0,0,0,0,0,0,0, 0,0,0,0,0,9,0,0,0,0
16920,10,20,-7.8,216,32.25,-4.39718,32.1002,0,1334,0,0,0,0,0,0,0,0,0, 0,0,0,0,0,9,0,0,0,0
16920,11,136,-55.4,60,32,-7.40823,5.11059,0,1334,0,0,0,0,0,0,0,0,0, 0,0,0,0,0,9,0,0,0,0
16920,12,33,-1.8,220,31.75,-1.03656,32.9837,0,1334,0,0,0,0,0,0,0,0,0, 0,0,0,0,0,9,0,0,0,0
16960,0,244,-56.5,64,32,-8.0053,5.2986,0,0,0,0,0,0,0,0,0,0,0, 0,0,0,0,0,10,0,0,0,0
16960,1,288,-55.4,68,32,-8.39599,5.79201,0,0,0,0,0,0,0,0,0,0,0, 0,0,0,0,0,10,0,0,0,0
16960,2,241,-55.4,72,32,-8.88987,6.13271,0,0,0,0,0,0,0,0,0,0,0, 0,0,0,0,0,10,0,0,0,0
16960,3,154,-54.4,76,32,-9.26935,6.6362,0,0,0,0,0,0,0,0,0,0,0, 0,0,0,0,0,10,0,0,0,0
16960,4,106,-46.7,80,32,-8.73327,8.22982,0,0,0,0,0,0,0,0,0,0,0, 0,0,0,0,0,10,0,0,0,0
16960,5,91,-43.6,84,32,-8.68921,9.12457,0,0,0,0,0,0,0,0,0,0,0, 0,0,0,0,0,10,0,0,0,0
16960,6,139,-55.4,60,32,-7.40823,5.11059,0,0,0,0,0,0,0,0,0,0,0, 0,0,0,0,0,10,0,0,0,0
17000,0,243,-55.4,64,32,-7.90211,5.4513,0,7936,0,0,0,0,0,0,0,0,0, 0,0,0,0,0,11,0,0,0,0
17000,1,289,-55.4,68,32,-8.39599,5.79201,0,7936,0,0,0,0,0,0,0,0,0, 0,0,0,0,0,11,0,0,0,0
17000,2,241,-55.4,72,32,-8.88987,6.13271,0,7936,0,0,0,0,0,0,0,0,0, 0,0,0,0,0,11,0,0,0,0
17000,3,154,-53.4,76,32,-9.15212,6.79696,0,7936,0,0,0,0,0,0,0,0,0, 0,0,0,0,0,11,0,0,0,0
17000,4,107,-45,80,32,-8.48528,8.48528,0,7936,0,0,0,0,0,0,0,0,0, 0,0,0,0,0,11,0,0,0,0
17000,5,87,-41.7,84,32,-8.3819,9.40764,0,7936,0,0,0,0,0,0,0,0,0, 0,0,0,0,0,11,0,0,0,0
17000,6,32,-6,216,31.25,-3.38672,32.2225,0,7936,0,0,0,0,0,0,0,0,0, 0,0,0,0,0,11,0,0,0,0
17000,7,138,-55.4,60,32,-7.40823,5.11059,0,7936,0,0,0,0,0,0,0,0,0, 0,0,0,0,0,11,0,0,0,0
17040,0,245,-55.4,64,32,-7.90211,5.4513,0,1139,0,0,0,0,0,0,0,0,0, 0,0,0,0,0,12,0,0,0,0
17040,1,291,-55.4,68,32,-8.39599,5.79201,0,1139,0,0,0,0,0,0,0,0,0, 0,0,0,0,0,12,0,0,0,0
17040,2,244,-55.4,72,32,-8.88987,6.13271,0,1139,0,0,0,0,0,0,0,0,0, 0,0,0,0,0,12,0,0,0,0
17040,3,157,-51.6,76,32,-8.93411,7.08108,0,1139,0,0,0,0,0,0,0,0,0, 0,0,0,0,0,12,0,0,0,0
17040,4,111,-45,80,32,-8.48528,8.48528,0,1139,0,0,0,0,0,0,0,0,0, 0,0,0,0,0,12,0,0,0,0
17040,5,87,-42.3,84,32,-8.47996,9.31935,0,1139,0,0,0,0,0,0,0,0,0, 0,0,0,0,0,12,0,0,0,0
17040,6,22,0.6,216,31,0.339286,32.3982,0,1139,0,0,0,0,0,0,0,0,0, 0,0,0,0,0,12,0,0,0,0
17040,7,141,-54.4,60,32,-7.31791,5.23911,0,1139,0,0,0,0,0,0,0,0,0, 0,0,0,0,0,12,0,0,0,0
17080,0,248,-55.4,64,32,-7.90211,5.4513,0,86,0,0,0,0,0,0,0,0,0, 0,0,0,0,0,13,0,0,0,0
17080,1,294,-55.4,68,32,-8.39599,5.79201,0,86,0,0,0,0,0,0,0,0,0, 0,0,0,0,0,13,0,0,0,0
17080,2,42,65.6,8,33,1.09282,0.495725,0,86,0,0,0,0,0,0,0,0,0, 0,0,0,0,0,13,0,0,0,0
17080,3,243,-55.4,72,32,-8.88987,6.13271,0,86,0,0,0,0,0,0,0,0,0, 0,0,0,0,0,13,0,0,0,0
17080,4,18,5.4,232,31.75,3.27497,34.6456,0,86,0,0,0,0,0,0,0,0,0, 0,0,0,0,0,13,0,0,0,0
17080,5,153,-53.4,76,32,-9.15212,6.79696,0,86,0,0,0,0,0,0,0,0,0, 0,0,0,0,0,13,0,0,0,0
17080,6,17,7.8,236,32.5,4.80433,35.0725,0,86,0,0,0,0,0,0,0,0,0, 0,0,0,0,0,13,0,0,0,0
17080,7,100,-45,80,32,-8.48528,8.48528,0,86,0,0,0,0,0,0,0,0,0, 0,0,0,0,0,13,0,0,0,0
17080,8,24,-2.4,208,31.5,-1.30652,31.1726,0,86,0,0,0,0,0,0,0,0,0, 0,0,0,0,0,13,0,0,0,0
17080,9,140,-55.4,60,32,-7.40823,5.11059,0,86,0,0,0,0,0,0,0,0,0, 0,0,0,0,0,13,0,0,0,0
17120,0,247,-56.5,64,32,-8.0053,5.2986,0,0,0,0,0,0,0,0,0,0,0, 0,0,0,0,0,14,0,0,0,0
17120,1,291,-55.4,68,32,-8.39599,5.79201,0,0,0,0,0,0,0,0,0,0,0, 0,0,0,0,0,14,0,0,0,0
17120,2,18,6.1,228,32.25,3.63423,34.0064,0,0,0,0,0,0,0,0,0,0,0, 0,0,0,0,0,14,0,0,0,0
17120,3,244,-54.4,72,32,-8.78149,6.28693,0,0,0,0,0,0,0,0,0,0,0, 0,0,0,0,0,14,0,0,0,0
17120,4,156,-51.6,76,32,-8.93411,7.08108,0,0,0,0,0,0,0,0,0,0,0, 0,0,0,0,0,14,0,0,0,0
17120,5,105,-45.9,80,32,-8.61752,8.35095,0,0,0,0,0,0,0,0,0,0,0, 0,0,0,0,0,14,0,0,0,0
17120,6,139,-55.4,60,32,-7.40823,5.11059,0,0,0,0,0,0,0,0,0,0,0, 0,0,0,0,0,14,0,0,0,0
17160,0,248,-55.4,64,32,-7.90211,5.4513,0,0,0,0,0,0,0,0,0,0,0, 0,0,0,0,0,15,0,0,0,0
17160,1,291,-55.4,68,32,-8.39599,5.79201,0,0,0,0,0,0,0,0,0,0,0, 0,0,0,0,0,15,0,0,0,0
17160,2,244,-54.4,72,32,-8.78149,6.28693,0,0,0,0,0,0,0,0,0,0,0, 0,0,0,0,0,15,0,0,0,0
17160,3,157,-51.6,76,32,-8.93411,7.08108,0,0,0,0,0,0,0,0,0,0,0, 0,0,0,0,0,15,0,0,0,0
17160,4,113,-45,80,32,-8.48528,8.48528,0,0,0,0,0,0,0,0,0,0,0, 0,0,0,0,0,15,0,0,0,0
17160,5,91,-42.9,84,32,-8.57708,9.23004,0,0,0,0,0,0,0,0,0,0,0, 0,0,0,0,0,15,0,0,0,0
17160,6,15,-7.8,216,31.25,-4.39718,32.1002,0,0,0,0,0,0,0,0,0,0,0, 0,0,0,0,0,15,0,0,0,0
17160,7,139,-55.4,60,32,-7.40823,5.11059,0,0,0,0,0,0,0,0,0,0,0, 0,0,0,0,0,15,0,0,0,0
17200,0,247,-55.4,64,32,-7.90211,5.4513,0,0,0,0,0,0,0,0,0,0,0, 0,0,0,0,0,0,0,0,0,0
17200,1,292,-54.4,68,32,-8.29363,5.93765,0,0,0,0,0,0,0,0,0,0,0, 0,0,0,0,0,0,0,0,0,0
17200,2,246,-54.4,72,32,-8.78149,6.28693,0,0,0,0,0,0,0,0,0,0,0, 0,0,0,0,0,0,0,0,0,0
17200,3,160,-49.8,76,32,-8.70727,7.35822,0,0,0,0,0,0,0,0,0,0,0, 0,0,0,0,0,0,0,0,0,0
17200,4,109,-45.9,80,32,-8.61752,8.35095,0,0,0,0,0,0,0,0,0,0,0, 0,0,0,0,0,0,0,0,0,0
17200,5,81,-46.7,84,32,-9.16994,8.64131,0,0,0,0,0,0,0,0,0,0,0, 0,0,0,0,0,0,0,0,0,0
17200,6,139,-55.4,60,32,-7.40823,5.11059,0,0,0,0,0,0,0,0,0,0,0, 0,0,0,0,0,0,0,0,0,0
17240,0,245,-56.5,64,32,-8.0053,5.2986,0,0,0,0,0,0,0,0,0,0,0, 0,0,0,0,0,1,0,0,0,0
17240,1,292,-55.4,68,32,-8.39599,5.79201,0,0,0,0,0,0,0,0,0,0,0, 0,0,0,0,0,1,0,0,0,0
17240,2,245,-53.4,72,32,-8.67043,6.43923,0,0,0,0,0,0,0,0,0,0,0, 0,0,0,0,0,1,0,0,0,0
17240,3,161,-48,76,32,-8.47185,7.62809,0,0,0,0,0,0,0,0,0,0,0, 0,0,0,0,0,1,0,0,0,0
17240,4,116,-44.2,80,32,-8.36598,8.60293,0,0,0,0,0,0,0,0,0,0,0, 0,0,0,0,0,1,0,0,0,0
17240,5,87,-43.6,84,32,-8.68921,9.12457,0,0,0,0,0,0,0,0,0,0,0, 0,0,0,0,0,1,0,0,0,0
17240,6,139,-57.4,60,32,-7.58207,4.84894,0,0,0,0,0,0,0,0,0,0,0, 0,0,0,0,0,1,0,0,0,0
17280,0,246,-56.5,64,32,-8.0053,5.2986,0,0,0,0,0,0,0,0,0,0,0, 0,0,0,0,0,2,0,0,0,0
17280,1,291,-55.4,68,32,-8.39599,5.79201,0,0,0,0,0,0,0,0,0,0,0, 0,0,0,0,0,2,0,0,0,0
17280,2,42,67.6,8,33,1.10946,0.457284,0,0,0,0,0,0,0,0,0,0,0, 0,0,0,0,0,2,0,0,0,0
17280,3,242,-54.4,72,32,-8.78149,6.28693,0,0,0,0,0,0,0,0,0,0,0, 0,0,0,0,0,2,0,0,0,0
17280,4,157,-53.4,76,32,-9.15212,6.79696,0,0,0,0,0,0,0,0,0,0,0, 0,0,0,0,0,2,0,0,0,0
17280,5,106,-49.8,80,32,-9.16555,7.74549,0,0,0,0,0,0,0,0,0,0,0, 0,0,0,0,0,2,0,0,0,0
17280,6,137,-57.4,60,32,-7.58207,4.84894,0,0,0,0,0,0,0,0,0,0,0, 0,0,0,0,0,2,0,0,0,0
17320,0,245,-56.5,64,32,-8.0053,5.2986,0,0,0,0,0,0,0,0,0,0,0, 0,0,0,0,0,3,0,0,0,0
17320,1,289,-55.4,68,32,-8.39599,5.79201,0,0,0,0,0,0,0,0,0,0,0, 0,0,0,0,0,3,0,0,0,0
17320,2,242,-55.4,72,32,-8.88987,6.13271,0,0,0,0,0,0,0,0,0,0,0, 0,0,0,0,0,3,0,0,0,0
17320,3,153,-53.4,76,32,-9.15212,6.79696,0,0,0,0,0,0,0,0,0,0,0, 0,0,0,0,0,3,0,0,0,0
17320,4,104,-46.7,80,32,-8.73327,8.22982,0,0,0,0,0,0,0,0,0,0,0, 0,0,0,0,0,3,0,0,0,0
17320,5,142,-56.5,60,32,-7.50497,4.96743,0,0,0,0,0,0,0,0,0,0,0, 0,0,0,0,0,3,0,0,0,0
17360,0,248,-56.5,64,32,-8.0053,5.2986,0,0,0,0,0,0,0,0,0,0,0, 0,0,0,0,0,4,0,0,0,0
17360,1,292,-56.5,68,32,-8.50564,5.62976,0,0,0,0,0,0,0,0,0,0,0, 0,0,0,0,0,4,0,0,0,0
17360,2,241,-54.4,72,32,-8.78149,6.28693,0,0,0,0,0,0,0,0,0,0,0, 0,0,0,0,0,4,0,0,0,0
17360,3,154,-53.4,76,32,-9.15212,6.79696,0,0,0,0,0,0,0,0,0,0,0, 0,0,0,0,0,4,0,0,0,0
17360,4,105,-46.7,80,32,-8.73327,8.22982,0,0,0,0,0,0,0,0,0,0,0, 0,0,0,0,0,4,0,0,0,0
17360,5,142,-57.4,60,32,-7.58207,4.84894,0,0,0,0,0,0,0,0,0,0,0, 0,0,0,0,0,4,0,0,0,0
17400,0,246,-56.5,64,32,-8.0053,5.2986,0,0,0,0,0,0,0,0,0,0,0, 0,0,0,0,0,5,0,0,0,0
17400,1,291,-56.5,68,32,-8.50564,5.62976,0,0,0,0,0,0,0,0,0,0,0, 0,0,0,0,0,5,0,0,0,0
17400,2,239,-55.4,72,32,-8.88987,6.13271,0,0,0,0,0,0,0,0,0,0,0, 0,0,0,0,0,5,0,0,0,0
17400,3,149,-53.4,76,32,-9.15212,6.79696,0,0,0,0,0,0,0,0,0,0,0, 0,0,0,0,0,5,0,0,0,0
17400,4,100,-45,80,32,-8.48528,8.48528,0,0,0,0,0,0,0,0,0,0,0, 0,0,0,0,0,5,0,0,0,0
17400,5,19,0.6,212,32.25,0.333003,31.7983,0,0,0,0,0,0,0,0,0,0,0, 0,0,0,0,0,5,0,0,0,0
17400,6,139,-57.4,60,32,-7.58207,4.84894,0,0,0,0,0,0,0,0,0,0,0, 0,0,0,0,0,5,0,0,0,0
17440,0,246,-56.5,64,32,-8.0053,5.2986,0,0,0,0,0,0,0,0,0,0,0, 0,0,0,0,0,6,0,0,0,0
17440,1,290,-56.5,68,32,-8.50564,5.62976,0,0,0,0,0,0,0,0,0,0,0, 0,0,0,0,0,6,0,0,0,0
17440,2,241,-55.4,72,32,-8.88987,6.13271,0,0,0,0,0,0,0,0,0,0,0, 0,0,0,0,0,6,0,0,0,0
17440,3,153,-53.4,76,32,-9.15212,6.79696,0,0,0,0,0,0,0,0,0,0,0, 0,0,0,0,0,6,0,0,0,0
17440,4,98,-49.8,80,32,-9.16555,7.74549,0,0,0,0,0,0,0,0,0,0,0, 0,0,0,0,0,6,0,0,0,0
17440,5,139,-58.4,60,32,-7.66554,4.71587,0,0,0,0,0,0,0,0,0,0,0, 0,0,0,0,0,6,0,0,0,0
17480,0,244,-57.4,64,32,-8.08754,5.1722,0,0,0,0,0,0,0,0,0,0,0, 0,0,0,0,0,7,0,0,0,0
17480,1,25,-1.2,224,31.75,-0.703665,33.5926,0,0,0,0,0,0,0,0,0,0,0, 0,0,0,0,0,7,0,0,0,0
17480,2,290,-56.5,68,32,-8.50564,5.62976,0,0,0,0,0,0,0,0,0,0,0, 0,0,0,0,0,7,0,0,0,0
17480,3,41,67.6,8,33,1.10946,0.457284,0,0,0,0,0,0,0,0,0,0,0, 0,0,0,0,0,7,0,0,0,0
17480,4,243,-55.4,72,32,-8.88987,6.13271,0,0,0,0,0,0,0,0,0,0,0, 0,0,0,0,0,7,0,0,0,0
17480,5,155,-51.6,76,32,-8.93411,7.08108,0,0,0,0,0,0,0,0,0,0,0, 0,0,0,0,0,7,0,0,0,0
17480,6,107,-46.7,80,32,-8.73327,8.22982,0,0,0,0,0,0,0,0,0,0,0, 0,0,0,0,0,7,0,0,0,0
17480,7,86,-45.9,84,32,-9.04839,8.7685,0,0,0,0,0,0,0,0,0,0,0, 0,0,0,0,0,7,0,0,0,0
17480,8,26,-3,216,31.75,-1.69569,32.3556,0,0,0,0,0,0,0,0,0,0,0, 0,0,0,0,0,7,0,0,0,0
17480,9,141,-57.4,60,32,-7.58207,4.84894,0,0,0,0,0,0,0,0,0,0,0, 0,0,0,0,0,7,0,0,0,0
17520,0,247,-56.5,64,32,-8.0053,5.2986,0,0,0,0,0,0,0,0,0,0,0, 0,0,0,0,0,8,0,0,0,0
17520,1,293,-56.5,68,32,-8.50564,5.62976,0,0,0,0,0,0,0,0,0,0,0, 0,0,0,0,0,8,0,0,0,0
17520,2,243,-55.4,72,32,-8.88987,6.13271,0,0,0,0,0,0,0,0,0,0,0, 0,0,0,0,0,8,0,0,0,0
17520,3,153,-54.4,76,32,-9.26935,6.6362,0,0,0,0,0,0,0,0,0,0,0, 0,0,0,0,0,8,0,0,0,0
17520,4,105,-46.7,80,32,-8.73327,8.22982,0,0,0,0,0,0,0,0,0,0,0, 0,0,0,0,0,8,0,0,0,0
17520,5,90,-40.5,84,32,-8.18305,9.58112,0,0,0,0,0,0,0,0,0,0,0, 0,0,0,0,0,8,0,0,0,0
17520,6,141,-57.4,60,32,-7.58207,4.84894,0,0,0,0,0,0,0,0,0,0,0, 0,0,0,0,0,8,0,0,0,0
17560,0,247,-57.4,64,32,-8.08754,5.1722,0,1334,0,0,0,0,0,0,0,0,0, 0,0,0,0,0,9,0,0,0,0
17560,1,292,-56.5,68,32,-8.50564,5.62976,0,1334,0,0,0,0,0,0,0,0,0, 0,0,0,0,0,9,0,0,0,0
17560,2,243,-55.4,72,32,-8.88987,6.13271,0,1334,0,0,0,0,0,0,0,0,0, 0,0,0,0,0,9,0,0,0,0
17560,3,155,-53.4,76,32,-9.15212,6.79696,0,1334,0,0,0,0,0,0,0,0,0, 0,0,0,0,0,9,0,0,0,0
17560,4,105,-46.7,80,32,-8.73327,8.22982,0,1334,0,0,0,0,0,0,0,0,0, 0,0,0,0,0,9,0,0,0,0
17560,5,81,-43.6,84,32,-8.68921,9.12457,0,1334,0,0,0,0,0,0,0,0,0, 0,0,0,0,0,9,0,0,0,0
17560,6,142,-57.4,60,32,-7.58207,4.84894,0,1334,0,0,0,0,0,0,0,0,0, 0,0,0,0,0,9,0,0,0,0
17600,0,248,-57.4,64,32,-8.08754,5.1722,0,0,0,0,0,0,0,0,0,0,0, 0,0,0,0,0,10,0,0,0,0
17600,1,294,-56.5,68,32,-8.50564,5.62976,0,0,0,0,0,0,0,0,0,0,0, 0,0,0,0,0,10,0,0,0,0
17600,2,243,-55.4,72,32,-8.88987,6.13271,0,0,0,0,0,0,0,0,0,0,0, 0,0,0,0,0,10,0,0,0,0
17600,3,151,-53.4,76,32,-9.15212,6.79696,0,0,0,0,0,0,0,0,0,0,0, 0,0,0,0,0,10,0,0,0,0
17600,4,101,-45.9,80,32,-8.61752,8.35095,0,0,0,0,0,0,0,0,0,0,0, 0,0,0,0,0,10,0,0,0,0
17600,5,21,1.3,212,31.25,0.721457,31.7918,0,0,0,0,0,0,0,0,0,0,0, 0,0,0,0,0,10,0,0,0,0
17600,6,24,-2.4,216,31.75,-1.35677,32.3716,0,0,0,0,0,0,0,0,0,0,0, 0,0,0,0,0,10,0,0,0,0
17600,7,140,-57.4,60,32,-7.58207,4.84894,0,0,0,0,0,0,0,0,0,0,0, 0,0,0,0,0,10,0,0,0,0
17600,8,25,-1.8,220,31.75,-1.03656,32.9837,0,0,0,0,0,0,0,0,0,0,0, 0,0,0,0,0,10,0,0,0,0
17600,9,18,0.6,220,32.25,0.345569,32.9982,0,0,0,0,0,0,0,0,0,0,0, 0,0,0,0,0,10,0,0,0,0
17640,0,249,-57.4,64,32,-8.08754,5.1722,0,7936,0,0,0,0,0,0,0,0,0, 0,0,0,0,0,11,0,0,0,0
17640,1,293,-56.5,68,32,-8.50564,5.62976,0,7936,0,0,0,0,0,0,0,0,0, 0,0,0,0,0,11,0,0,0,0
17640,2,45,67.6,8,33,1.10946,0.457284,0,7936,0,0,0,0,0,0,0,0,0, 0,0,0,0,0,11,0,0,0,0
17640,3,244,-55.4,72,32,-8.88987,6.13271,0,7936,0,0,0,0,0,0,0,0,0, 0,0,0,0,0,11,0,0,0,0
17640,4,156,-51.6,76,32,-8.93411,7.08108,0,7936,0,0,0,0,0,0,0,0,0, 0,0,0,0,0,11,0,0,0,0
17640,5,105,-45.9,80,32,-8.61752,8.35095,0,7936,0,0,0,0,0,0,0,0,0, 0,0,0,0,0,11,0,0,0,0
17640,6,82,-44.2,84,32,-8.78428,9.03307,0,7936,0,0,0,0,0,0,0,0,0, 0,0,0,0,0,11,0,0,0,0
17640,7,140,-58.4,60,32,-7.66554,4.71587,0,7936,0,0,0,0,0,0,0,0,0, 0,0,0,0,0,11,0,0,0,0
17640,8,23,-4.8,220,31.25,-2.76137,32.8843,0,7936,0,0,0,0,0,0,0,0,0, 0,0,0,0,0,11,0,0,0,0
17680,0,248,-57.4,64,32,-8.08754,5.1722,0,1139,0,0,0,0,0,0,0,0,0, 0,0,0,0,0,12,0,0,0,0
17680,1,292,-56.5,68,32,-8.50564,5.62976,0,1139,0,0,0,0,0,0,0,0,0, 0,0,0,0,0,12,0,0,0,0
17680,2,242,-56.5,72,32,-9.00597,5.96092,0,1139,0,0,0,0,0,0,0,0,0, 0,0,0,0,0,12,0,0,0,0
17680,3,13,9.9,488,19.25,12.5852,72.11,0,1139,0,0,0,0,0,0,0,0,0, 0,0,0,0,0,12,0,0,0,0
17680,4,152,-55.4,76,32,-9.38375,6.47342,0,1139,0,0,0,0,0,0,0,0,0, 0,0,0,0,0,12,0,0,0,0
17680,5,100,-51.6,80,32,-9.40432,7.45377,0,1139,0,0,0,0,0,0,0,0,0, 0,0,0,0,0,12,0,0,0,0
17680,6,33,-1.8,212,31.5,-0.998862,31.7843,0,1139,0,0,0,0,0,0,0,0,0, 0,0,0,0,0,12,0,0,0,0
17680,7,33,-1.8,216,31.25,-1.01771,32.384,0,1139,0,0,0,0,0,0,0,0,0, 0,0,0,0,0,12,0,0,0,0
17680,8,29,-1.2,216,32.25,-0.678535,32.3929,0,1139,0,0,0,0,0,0,0,0,0, 0,0,0,0,0,12,0,0,0,0
17680,9,139,-58.4,60,32,-7.66554,4.71587,0,1139,0,0,0,0,0,0,0,0,0, 0,0,0,0,0,12,0,0,0,0
17680,10,18,-0.6,220,32.25,-0.345569,32.9982,0,1139,0,0,0,0,0,0,0,0,0, 0,0,0,0,0,12,0,0,0,0
17720,0,245,-57.4,64,32,-8.08754,5.1722,0,86,0,0,0,0,0,0,0,0,0, 0,0,0,0,0,13,0,0,0,0
17720,1,291,-56.5,68,32,-8.50564,5.62976,0,86,0,0,0,0,0,0,0,0,0, 0,0,0,0,0,13,0,0,0,0
17720,2,242,-56.5,72,32,-9.00597,5.96092,0,86,0,0,0,0,0,0,0,0,0, 0,0,0,0,0,13,0,0,0,0
17720,3,151,-54.4,76,32,-9.26935,6.6362,0,86,0,0,0,0,0,0,0,0,0, 0,0,0,0,0,13,0,0,0,0
17720,4,99,-49.8,80,32,-9.16555,7.74549,0,86,0,0,0,0,0,0,0,0,0, 0,0,0,0,0,13,0,0,0,0
17720,5,17,1.3,208,31.25,0.707845,31.192,0,86,0,0,0,0,0,0,0,0,0, 0,0,0,0,0,13,0,0,0,0
17720,6,139,-58.4,60,32,-7.66554,4.71587,0,86,0,0,0,0,0,0,0,0,0, 0,0,0,0,0,13,0,0,0,0
17760,0,243,-57.4,64,32,-8.08754,5.1722,0,0,0,0,0,0,0,0,0,0,0, 0,0,0,0,0,14,0,0,0,0
17760,1,10,75.1,448,10.25,64.9405,17.2793,0,0,0,0,0,0,0,0,0,0,0, 0,0,0,0,0,14,0,0,0,0
17760,2,289,-56.5,68,32,-8.50564,5.62976,0,0,0,0,0,0,0,0,0,0,0, 0,0,0,0,0,14,0,0,0,0
17760,3,241,-56.5,72,32,-9.00597,5.96092,0,0,0,0,0,0,0,0,0,0,0, 0,0,0,0,0,14,0,0,0,0
17760,4,155,-53.4,76,32,-9.15212,6.79696,0,0,0,0,0,0,0,0,0,0,0, 0,0,0,0,0,14,0,0,0,0
17760,5,105,-45.9,80,32,-8.61752,8.35095,0,0,0,0,0,0,0,0,0,0,0, 0,0,0,0,0,14,0,0,0,0
17760,6,84,-43.6,84,32,-8.68921,9.12457,0,0,0,0,0,0,0,0,0,0,0, 0,0,0,0,0,14,0,0,0,0
17760,7,139,-58.4,60,32,-7.66554,4.71587,0,0,0,0,0,0,0,0,0,0,0, 0,0,0,0,0,14,0,0,0,0
17800,0,246,-57.4,64,32,-8.08754,5.1722,0,0,0,0,0,0,0,0,0,0,0, 0,0,0,0,0,15,0,0,0,0
17800,1,17,-3,224,32.5,-1.75849,33.554,0,0,0,0,0,0,0,0,0,0,0, 0,0,0,0,0,15,0,0,0,0
17800,2,290,-56.5,68,32,-8.50564,5.62976,0,0,0,0,0,0,0,0,0,0,0, 0,0,0,0,0,15,0,0,0,0
17800,3,242,-55.4,72,32,-8.88987,6.13271,0,0,0,0,0,0,0,0,0,0,0, 0,0,0,0,0,15,0,0,0,0
17800,4,155,-53.4,76,32,-9.15212,6.79696,0,0,0,0,0,0,0,0,0,0,0, 0,0,0,0,0,15,0,0,0,0
17800,5,107,-46.7,80,32,-8.73327,8.22982,0,0,0,0,0,0,0,0,0,0,0, 0,0,0,0,0,15,0,0,0,0
17800,6,85,-44.2,84,32,-8.78428,9.03307,0,0,0,0,0,0,0,0,0,0,0, 0,0,0,0,0,15,0,0,0,0
17800,7,32,0.1,212,31.75,0.0555014,31.7999,0,0,0,0,0,0,0,0,0,0,0, 0,0,0,0,0,15,0,0,0,0
17800,8,36,-2.4,216,31.25,-1.35677,32.3716,0,0,0,0,0,0,0,0,0,0,0, 0,0,0,0,0,15,0,0,0,0
17800,9,25,-1.8,216,32.25,-1.01771,32.384,0,0,0,0,0,0,0,0,0,0,0, 0,0,0,0,0,15,0,0,0,0
17800,10,138,-58.4,60,32,-7.66554,4.71587,0,0,0,0,0,0,0,0,0,0,0, 0,0,0,0,0,15,0,0,0,0
17840,0,247,-57.4,64,32,-8.08754,5.1722,0,0,0,0,0,0,0,0,0,0,0, 0,0,0,0,0,0,0,0,0,0
17840,1,19,-2.4,224,31.75,-1.40702,33.5705,0,0,0,0,0,0,0,0,0,0,0, 0,0,0,0,0,0,0,0,0,0
17840,2,291,-56.5,68,32,-8.50564,5.62976,0,0,0,0,0,0,0,0,0,0,0, 0,0,0,0,0,0,0,0,0,0
17840,3,244,-55.4,72,32,-8.88987,6.13271,0,0,0,0,0,0,0,0,0,0,0, 0,0,0,0,0,0,0,0,0,0
17840,4,154,-53.4,76,32,-9.15212,6.79696,0,0,0,0,0,0,0,0,0,0,0, 0,0,0,0,0,0,0,0,0,0
17840,5,109,-45.9,80,32,-8.61752,8.35095,0,0,0,0,0,0,0,0,0,0,0, 0,0,0,0,0,0,0,0,0,0
17840,6,89,-45,84,32,-8.90955,8.90955,0,0,0,0,0,0,0,0,0,0,0, 0,0,0,0,0,0,0,0,0,0
17840,7,138,-58.4,60,32,-7.66554,4.71587,0,0,0,0,0,0,0,0,0,0,0, 0,0,0,0,0,0,0,0,0,0
17880,0,246,-57.4,64,32,-8.08754,5.1722,0,0,0,0,0,0,0,0,0,0,0, 0,0,0,0,0,1,0,0,0,0
17880,1,15,4.8,224,32.25,2.81158,33.4822,0,0,0,0,0,0,0,0,0,0,0, 0,0,0,0,0,1,0,0,0,0
17880,2,290,-56.5,68,32,-8.50564,5.62976,0,0,0,0,0,0,0,0,0,0,0, 0,0,0,0,0,1,0,0,0,0
17880,3,241,-55.4,72,32,-8.88987,6.13271,0,0,0,0,0,0,0,0,0,0,0, 0,0,0,0,0,1,0,0,0,0
17880,4,155,-51.6,76,32,-8.93411,7.08108,0,0,0,0,0,0,0,0,0,0,0, 0,0,0,0,0,1,0,0,0,0
17880,5,110,-44.2,80,32,-8.36598,8.60293,0,0,0,0,0,0,0,0,0,0,0, 0,0,0,0,0,1,0,0,0,0
17880,6,90,-42.9,84,32,-8.57708,9.23004,0,0,0,0,0,0,0,0,0,0,0, 0,0,0,0,0,1,0,0,0,0
17880,7,26,2.4,216,31.25,1.35677,32.3716,0,0,0,0,0,0,0,0,0,0,0, 0,0,0,0,0,1,0,0,0,0
17880,8,22,3.1,216,32.25,1.75215,32.3526,0,0,0,0,0,0,0,0,0,0,0, 0,0,0,0,0,1,0,0,0,0
17880,9,137,-58.4,60,32,-7.66554,4.71587,0,0,0,0,0,0,0,0,0,0,0, 0,0,0,0,0,1,0,0,0,0
17920,0,246,-56.5,64,32,-8.0053,5.2986,0,0,0,0,0,0,0,0,0,0,0, 0,0,0,0,0,2,0,0,0,0
17920,1,292,-56.5,68,32,-8.50564,5.62976,0,0,0,0,0,0,0,0,0,0,0, 0,0,0,0,0,2,0,0,0,0
17920,2,16,-8.4,228,31.5,-4.99604,33.8331,0,0,0,0,0,0,0,0,0,0,0, 0,0,0,0,0,2,0,0,0,0
17920,3,245,-54.4,72,32,-8.78149,6.28693,0,0,0,0,0,0,0,0,0,0,0, 0,0,0,0,0,2,0,0,0,0
17920,4,159,-51.6,76,32,-8.93411,7.08108,0,0,0,0,0,0,0,0,0,0,0, 0,0,0,0,0,2,0,0,0,0
17920,5,110,-45.9,80,32,-8.61752,8.35095,0,0,0,0,0,0,0,0,0,0,0, 0,0,0,0,0,2,0,0,0,0
17920,6,87,-45,84,32,-8.90955,8.90955,0,0,0,0,0,0,0,0,0,0,0, 0,0,0,0,0,2,0,0,0,0
17920,7,25,-1.2,216,32.25,-0.678535,32.3929,0,0,0,0,0,0,0,0,0,0,0, 0,0,0,0,0,2,0,0,0,0
17920,8,139,-57.4,60,32,-7.58207,4.84894,0,0,0,0,0,0,0,0,0,0,0, 0,0,0,0,0,2,0,0,0,0
17960,0,247,-57.4,64,32,-8.08754,5.1722,0,0,0,0,0,0,0,0,0,0,0, 0,0,0,0,0,3,0,0,0,0
17960,1,292,-56.5,68,32,-8.50564,5.62976,0,0,0,0,0,0,0,0,0,0,0, 0,0,0,0,0,3,0,0,0,0
17960,2,243,-55.4,72,32,-8.88987,6.13271,0,0,0,0,0,0,0,0,0,0,0, 0,0,0,0,0,3,0,0,0,0
17960,3,156,-51.6,76,32,-8.93411,7.08108,0,0,0,0,0,0,0,0,0,0,0, 0,0,0,0,0,3,0,0,0,0
17960,4,108,-45,80,32,-8.48528,8.48528,0,0,0,0,0,0,0,0,0,0,0, 0,0,0,0,0,3,0,0,0,0
17960,5,87,-44.2,84,32,-8.78428,9.03307,0,0,0,0,0,0,0,0,0,0,0, 0,0,0,0,0,3,0,0,0,0
17960,6,139,-57.4,60,32,-7.58207,4.84894,0,0,0,0,0,0,0,0,0,0,0, 0,0,0,0,0,3,0,0,0,0
18000,0,246,-56.5,64,32,-8.0053,5.2986,0,0,0,0,0,0,0,0,0,0,0, 0,0,0,0,0,4,0,0,0,0
18000,1,292,-56.5,68,32,-8.50564,5.62976,0,0,0,0,0,0,0,0,0,0,0, 0,0,0,0,0,4,0,0,0,0
18000,2,242,-54.4,72,32,-8.78149,6.28693,0,0,0,0,0,0,0,0,0,0,0, 0,0,0,0,0,4,0,0,0,0
18000,3,156,-51.6,76,32,-8.93411,7.08108,0,0,0,0,0,0,0,0,0,0,0, 0,0,0,0,0,4,0,0,0,0
18000,4,111,-45,80,32,-8.48528,8.48528,0,0,0,0,0,0,0,0,0,0,0, 0,0,0,0,0,4,0,0,0,0
18000,5,89,-43.6,84,32,-8.68921,9.12457,0,0,0,0,0,0,0,0,0,0,0, 0,0,0,0,0,4,0,0,0,0
18000,6,140,-57.4,60,32,-7.58207,4.84894,0,0,0,0,0,0,0,0,0,0,0, 0,0,0,0,0,4,0,0,0,0
18040,0,249,-57.4,64,32,-8.08754,5.1722,0,0,0,0,0,0,0,0,0,0,0, 0,0,0,0,0,5,0,0,0,0
18040,1,292,-56.5,68,32,-8.50564,5.62976,0,0,0,0,0,0,0,0,0,0,0, 0,0,0,0,0,5,0,0,0,0
18040,2,242,-55.4,72,32,-8.88987,6.13271,0,0,0,0,0,0,0,0,0,0,0, 0,0,0,0,0,5,0,0,0,0
18040,3,153,-51.6,76,32,-8.93411,7.08108,0,0,0,0,0,0,0,0,0,0,0, 0,0,0,0,0,5,0,0,0,0
18040,4,109,-45,80,32,-8.48528,8.48528,0,0,0,0,0,0,0,0,0,0,0, 0,0,0,0,0,5,0,0,0,0
18040,5,90,-42.3,84,32,-8.47996,9.31935,0,0,0,0,0,0,0,0,0,0,0, 0,0,0,0,0,5,0,0,0,0
18040,6,140,-58.4,60,32,-7.66554,4.71587,0,0,0,0,0,0,0,0,0,0,0, 0,0,0,0,0,5,0,0,0,0
18080,0,246,-57.4,64,32,-8.08754,5.1722,0,0,0,0,0,0,0,0,0,0,0, 0,0,0,0,0,6,0,0,0,0
18080,1,290,-56.5,68,32,-8.50564,5.62976,0,0,0,0,0,0,0,0,0,0,0, 0,0,0,0,0,6,0,0,0,0
18080,2,241,-55.4,72,32,-8.88987,6.13271,0,0,0,0,0,0,0,0,0,0,0, 0,0,0,0,0,6,0,0,0,0
18080,3,156,-51.6,76,32,-8.93411,7.08108,0,0,0,0,0,0,0,0,0,0,0, 0,0,0,0,0,6,0,0,0,0
18080,4,112,-44.2,80,32,-8.36598,8.60293,0,0,0,0,0,0,0,0,0,0,0, 0,0,0,0,0,6,0,0,0,0
18080,5,91,-42.3,84,32,-8.47996,9.31935,0,0,0,0,0,0,0,0,0,0,0, 0,0,0,0,0,6,0,0,0,0
18080,6,140,-58.4,60,32,-7.66554,4.71587,0,0,0,0,0,0,0,0,0,0,0, 0,0,0,0,0,6,0,0,0,0
18080,7,17,-1.8,220,32.25,-1.03656,32.9837,0,0,0,0,0,0,0,0,0,0,0, 0,0,0,0,0,6,0,0,0,0
18120,0,246,-58.4,64,32,-8.17658,5.03026,0,0,0,0,0,0,0,0,0,0,0, 0,0,0,0,0,7,0,0,0,0
18120,1,21,1.3,224,31.75,0.762294,33.5914,0,0,0,0,0,0,0,0,0,0,0, 0,0,0,0,0,7,0,0,0,0
18120,2,290,-57.4,68,32,-8.59301,5.49546,0,0,0,0,0,0,0,0,0,0,0, 0,0,0,0,0,7,0,0,0,0
18120,3,48,66.6,8,33,1.10131,0.476577,0,0,0,0,0,0,0,0,0,0,0, 0,0,0,0,0,7,0,0,0,0
18120,4,239,-56.5,72,32,-9.00597,5.96092,0,0,0,0,0,0,0,0,0,0,0, 0,0,0,0,0,7,0,0,0,0
18120,5,20,2.4,232,31.5,1.45727,34.7695,0,0,0,0,0,0,0,0,0,0,0, 0,0,0,0,0,7,0,0,0,0
18120,6,147,-53.4,76,32,-9.15212,6.79696,0,0,0,0,0,0,0,0,0,0,0, 0,0,0,0,0,7,0,0,0,0
18120,7,102,-44.2,80,32,-8.36598,8.60293,0,0,0,0,0,0,0,0,0,0,0, 0,0,0,0,0,7,0,0,0,0
18120,8,86,-41.7,84,32,-8.3819,9.40764,0,0,0,0,0,0,0,0,0,0,0, 0,0,0,0,0,7,0,0,0,0
18120,9,139,-59.4,60,32,-7.74668,4.58137,0,0,0,0,0,0,0,0,0,0,0, 0,0,0,0,0,7,0,0,0,0
18160,0,246,-58.4,64,32,-8.17658,5.03026,0,0,0,0,0,0,0,0,0,0,0, 0,0,0,0,0,8,0,0,0,0
18160,1,289,-57.4,68,32,-8.59301,5.49546,0,0,0,0,0,0,0,0,0,0,0, 0,0,0,0,0,8,0,0,0,0
18160,2,240,-56.5,72,32,-9.00597,5.96092,0,0,0,0,0,0,0,0,0,0,0, 0,0,0,0,0,8,0,0,0,0
18160,3,152,-53.4,76,32,-9.15212,6.79696,0,0,0,0,0,0,0,0,0,0,0, 0,0,0,0,0,8,0,0,0,0
18160,4,106,-46.7,80,32,-8.73327,8.22982,0,0,0,0,0,0,0,0,0,0,0, 0,0,0,0,0,8,0,0,0,0
18160,5,87,-44.2,84,32,-8.78428,9.03307,0,0,0,0,0,0,0,0,0,0,0, 0,0,0,0,0,8,0,0,0,0
18160,6,139,-58.4,60,32,-7.66554,4.71587,0,0,0,0,0,0,0,0,0,0,0, 0,0,0,0,0,8,0,0,0,0
18160,7,22,-3,220,30.75,-1.72709,32.9548,0,0,0,0,0,0,0,0,0,0,0, 0,0,0,0,0,8,0,0,0,0
18160,8,22,-1.8,220,31.25,-1.03656,32.9837,0,0,0,0,0,0,0,0,0,0,0, 0,0,0,0,0,8,0,0,0,0
18200,0,245,-58.4,64,32,-8.17658,5.03026,0,1334,0,0,0,0,0,0,0,0,0, 0,0,0,0,0,9,0,0,0,0
18200,1,289,-57.4,68,32,-8.59301,5.49546,0,1334,0,0,0,0,0,0,0,0,0, 0,0,0,0,0,9,0,0,0,0
18200,2,22,1.8,228,31.25,1.07425,34.1831,0,1334,0,0,0,0,0,0,0,0,0, 0,0,0,0,0,9,0,0,0,0
18200,3,20,0.1,228,32.25,0.0596902,34.1999,0,1334,0,0,0,0,0,0,0,0,0, 0,0,0,0,0,9,0,0,0,0
18200,4,242,-56.5,72,32,-9.00597,5.96092,0,1334,0,0,0,0,0,0,0,0,0, 0,0,0,0,0,9,0,0,0,0
18200,5,156,-53.4,76,32,-9.15212,6.79696,0,1334,0,0,0,0,0,0,0,0,0, 0,0,0,0,0,9,0,0,0,0
18200,6,109,-45.9,80,32,-8.61752,8.35095,0,1334,0,0,0,0,0,0,0,0,0, 0,0,0,0,0,9,0,0,0,0
18200,7,85,-44.2,84,32,-8.78428,9.03307,0,1334,0,0,0,0,0,0,0,0,0, 0,0,0,0,0,9,0,0,0,0
18200,8,139,-58.4,60,32,-7.66554,4.71587,0,1334,0,0,0,0,0,0,0,0,0, 0,0,0,0,0,9,0,0,0,0
18200,9,35,2.4,220,31.5,1.3819,32.9711,0,1334,0,0,0,0,0,0,0,0,0, 0,0,0,0,0,9,0,0,0,0
18200,10,18,1.3,220,33,0.748682,32.9915,0,1334,0,0,0,0,0,0,0,0,0, 0,0,0,0,0,9,0,0,0,0
18240,0,247,-58.4,64,32,-8.17658,5.03026,0,0,0,0,0,0,0,0,0,0,0, 0,0,0,0,0,10,0,0,0,0
18240,1,290,-56.5,68,32,-8.50564,5.62976,0,0,0,0,0,0,0,0,0,0,0, 0,0,0,0,0,10,0,0,0,0
18240,2,40,71.1,8,33,1.1353,0.388701,0,0,0,0,0,0,0,0,0,0,0, 0,0,0,0,0,10,0,0,0,0
18240,3,242,-55.4,72,32,-8.88987,6.13271,0,0,0,0,0,0,0,0,0,0,0, 0,0,0,0,0,10,0,0,0,0
18240,4,157,-53.4,76,32,-9.15212,6.79696,0,0,0,0,0,0,0,0,0,0,0, 0,0,0,0,0,10,0,0,0,0
18240,5,104,-48,80,32,-8.91774,8.02957,0,0,0,0,0,0,0,0,0,0,0, 0,0,0,0,0,10,0,0,0,0
18240,6,23,1.8,216,31.25,1.01771,32.384,0,0,0,0,0,0,0,0,0,0,0, 0,0,0,0,0,10,0,0,0,0
18240,7,138,-58.4,60,32,-7.66554,4.71587,0,0,0,0,0,0,0,0,0,0,0, 0,0,0,0,0,10,0,0,0,0
18280,0,246,-57.4,64,32,-8.08754,5.1722,0,7936,0,0,0,0,0,0,0,0,0, 0,0,0,0,0,11,0,0,0,0
18280,1,290,-56.5,68,32,-8.50564,5.62976,0,7936,0,0,0,0,0,0,0,0,0, 0,0,0,0,0,11,0,0,0,0
18280,2,47,68.6,8,33,1.11727,0.437852,0,7936,0,0,0,0,0,0,0,0,0, 0,0,0,0,0,11,0,0,0,0
18280,3,241,-56.5,72,32,-9.00597,5.96092,0,7936,0,0,0,0,0,0,0,0,0, 0,0,0,0,0,11,0,0,0,0
18280,4,154,-53.4,76,32,-9.15212,6.79696,0,7936,0,0,0,0,0,0,0,0,0, 0,0,0,0,0,11,0,0,0,0
18280,5,106,-49.8,80,32,-9.16555,7.74549,0,7936,0,0,0,0,0,0,0,0,0, 0,0,0,0,0,11,0,0,0,0
18280,6,82,-49.8,84,32,-9.62383,8.13277,0,7936,0,0,0,0,0,0,0,0,0, 0,0,0,0,0,11,0,0,0,0
18280,7,140,-57.4,60,32,-7.58207,4.84894,0,7936,0,0,0,0,0,0,0,0,0, 0,0,0,0,0,11,0,0,0,0
18320,0,245,-57.4,64,32,-8.08754,5.1722,0,1139,0,0,0,0,0,0,0,0,0, 0,0,0,0,0,12,0,0,0,0
18320,1,289,-56.5,68,32,-8.50564,5.62976,0,1139,0,0,0,0,0,0,0,0,0, 0,0,0,0,0,12,0,0,0,0
18320,2,42,71.1,8,33,1.1353,0.388701,0,1139,0,0,0,0,0,0,0,0,0, 0,0,0,0,0,12,0,0,0,0
18320,3,240,-56.5,72,32,-9.00597,5.96092,0,1139,0,0,0,0,0,0,0,0,0, 0,0,0,0,0,12,0,0,0,0
18320,4,151,-54.4,76,32,-9.26935,6.6362,0,1139,0,0,0,0,0,0,0,0,0, 0,0,0,0,0,12,0,0,0,0
18320,5,103,-49.8,80,32,-9.16555,7.74549,0,1139,0,0,0,0,0,0,0,0,0, 0,0,0,0,0,12,0,0,0,0
18320,6,139,-57.4,60,32,-7.58207,4.84894,0,1139,0,0,0,0,0,0,0,0,0, 0,0,0,0,0,12,0,0,0,0
18360,0,245,-57.4,64,32,-8.08754,5.1722,0,86,0,0,0,0,0,0,0,0,0, 0,0,0,0,0,13,0,0,0,0
18360,1,287,-57.4,68,32,-8.59301,5.49546,0,86,0,0,0,0,0,0,0,0,0, 0,0,0,0,0,13,0,0,0,0
18360,2,18,5.4,228,31.75,3.2185,34.0482,0,86,0,0,0,0,0,0,0,0,0, 0,0,0,0,0,13,0,0,0,0
18360,3,237,-56.5,72,32,-9.00597,5.96092,0,86,0,0,0,0,0,0,0,0,0, 0,0,0,0,0,13,0,0,0,0
18360,4,146,-54.4,76,32,-9.26935,6.6362,0,86,0,0,0,0,0,0,0,0,0, 0,0,0,0,0,13,0,0,0,0
18360,5,97,-46.7,80,32,-8.73327,8.22982,0,86,0,0,0,0,0,0,0,0,0, 0,0,0,0,0,13,0,0,0,0
18360,6,139,-57.4,60,32,-7.58207,4.84894,0,86,0,0,0,0,0,0,0,0,0, 0,0,0,0,0,13,0,0,0,0
18360,7,17,4.2,220,31.75,2.41686,32.9114,0,86,0,0,0,0,0,0,0,0,0, 0,0,0,0,0,13,0,0,0,0
18400,0,246,-57.4,64,32,-8.08754,5.1722,0,0,0,0,0,0,0,0,0,0,0, 0,0,0,0,0,14,0,0,0,0
18400,1,288,-56.5,68,32,-8.50564,5.62976,0,0,0,0,0,0,0,0,0,0,0, 0,0,0,0,0,14,0,0,0,0
18400,2,240,-56.5,72,32,-9.00597,5.96092,0,0,0,0,0,0,0,0,0,0,0, 0,0,0,0,0,14,0,0,0,0
18400,3,149,-54.4,76,32,-9.26935,6.6362,0,0,0,0,0,0,0,0,0,0,0, 0,0,0,0,0,14,0,0,0,0
18400,4,102,-46.7,80,32,-8.73327,8.22982,0,0,0,0,0,0,0,0,0,0,0, 0,0,0,0,0,14,0,0,0,0
18400,5,138,-57.4,60,32,-7.58207,4.84894,0,0,0,0,0,0,0,0,0,0,0, 0,0,0,0,0,14,0,0,0,0
18440,0,245,-57.4,64,32,-8.08754,5.1722,0,0,0,0,0,0,0,0,0,0,0, 0,0,0,0,0,15,0,0,0,0
18440,1,289,-56.5,68,32,-8.50564,5.62976,0,0,0,0,0,0,0,0,0,0,0, 0,0,0,0,0,15,0,0,0,0
18440,2,239,-56.5,72,32,-9.00597,5.96092,0,0,0,0,0,0,0,0,0,0,0, 0,0,0,0,0,15,0,0,0,0
18440,3,151,-53.4,76,32,-9.15212,6.79696,0,0,0,0,0,0,0,0,0,0,0, 0,0,0,0,0,15,0,0,0,0
18440,4,26,7.2,236,31.25,4.4368,35.1209,0,0,0,0,0,0,0,0,0,0,0, 0,0,0,0,0,15,0,0,0,0
18440,5,25,5.4,236,32.25,3.33143,35.2429,0,0,0,0,0,0,0,0,0,0,0, 0,0,0,0,0,15,0,0,0,0
18440,6,108,-44.2,80,32,-8.36598,8.60293,0,0,0,0,0,0,0,0,0,0,0, 0,0,0,0,0,15,0,0,0,0
18440,7,12,-12.6,432,10.75,-14.1357,63.2394,0,0,0,0,0,0,0,0,0,0,0, 0,0,0,0,0,15,0,0,0,0
18440,8,84,-42.9,84,32,-8.57708,9.23004,0,0,0,0,0,0,0,0,0,0,0, 0,0,0,0,0,15,0,0,0,0
18440,9,139,-57.4,60,32,-7.58207,4.84894,0,0,0,0,0,0,0,0,0,0,0, 0,0,0,0,0,15,0,0,0,0
18440,10,17,-3,220,30.75,-1.72709,32.9548,0,0,0,0,0,0,0,0,0,0,0, 0,0,0,0,0,15,0,0,0,0
18440,11,30,-2.4,220,31.25,-1.3819,32.9711,0,0,0,0,0,0,0,0,0,0,0, 0,0,0,0,0,15,0,0,0,0
18440,12,28,-0.6,220,32.25,-0.345569,32.9982,0,0,0,0,0,0,0,0,0,0,0, 0,0,0,0,0,15,0,0,0,0
18480,0,245,-56.5,64,32,-8.0053,5.2986,0,0,0,0,0,0,0,0,0,0,0, 0,0,0,0,0,0,0,0,0,0
18480,1,27,0.6,224,31.25,0.351852,33.5982,0,0,0,0,0,0,0,0,0,0,0, 0,0,0,0,0,0,0,0,0,0
18480,2,19,3.6,224,32.25,2.10976,33.5337,0,0,0,0,0,0,0,0,0,0,0, 0,0,0,0,0,0,0,0,0,0
18480,3,289,-56.5,68,32,-8.50564,5.62976,0,0,0,0,0,0,0,0,0,0,0, 0,0,0,0,0,0,0,0,0,0
18480,4,240,-55.4,72,32,-8.88987,6.13271,0,0,0,0,0,0,0,0,0,0,0, 0,0,0,0,0,0,0,0,0,0
18480,5,151,-51.6,76,32,-8.93411,7.08108,0,0,0,0,0,0,0,0,0,0,0, 0,0,0,0,0,0,0,0,0,0
18480,6,107,-45,80,32,-8.48528,8.48528,0,0,0,0,0,0,0,0,0,0,0, 0,0,0,0,0,0,0,0,0,0
18480,7,84,-45,84,32,-8.90955,8.90955,0,0,0,0,0,0,0,0,0,0,0, 0,0,0,0,0,0,0,0,0,0
18480,8,139,-56.5,60,32,-7.50497,4.96743,0,0,0,0,0,0,0,0,0,0,0, 0,0,0,0,0,0,0,0,0,0
18480,9,27,-1.2,220,30.75,-0.6911,32.9928,0,0,0,0,0,0,0,0,0,0,0, 0,0,0,0,0,0,0,0,0,0
18480,10,38,0.1,220,31.75,0.0575958,33,0,0,0,0,0,0,0,0,0,0,0, 0,0,0,0,0,0,0,0,0,0
18480,11,28,-0.6,220,32.25,-0.345569,32.9982,0,0,0,0,0,0,0,0,0,0,0, 0,0,0,0,0,0,0,0,0,0
18520,0,247,-56.5,64,32,-8.0053,5.2986,0,0,0,0,0,0,0,0,0,0,0, 0,0,0,0,0,1,0,0,0,0
18520,1,290,-56.5,68,32,-8.50564,5.62976,0,0,0,0,0,0,0,0,0,0,0, 0,0,0,0,0,1,0,0,0,0
18520,2,240,-56.5,72,32,-9.00597,5.96092,0,0,0,0,0,0,0,0,0,0,0, 0,0,0,0,0,1,0,0,0,0
18520,3,154,-51.6,76,32,-8.93411,7.08108,0,0,0,0,0,0,0,0,0,0,0, 0,0,0,0,0,1,0,0,0,0
18520,4,109,-44.2,80,32,-8.36598,8.60293,0,0,0,0,0,0,0,0,0,0,0, 0,0,0,0,0,1,0,0,0,0
18520,5,88,-43.6,84,32,-8.68921,9.12457,0,0,0,0,0,0,0,0,0,0,0, 0,0,0,0,0,1,0,0,0,0
18520,6,142,-56.5,60,32,-7.50497,4.96743,0,0,0,0,0,0,0,0,0,0,0, 0,0,0,0,0,1,0,0,0,0
18560,0,245,-56.5,64,32,-8.0053,5.2986,0,0,0,0,0,0,0,0,0,0,0, 0,0,0,0,0,2,0,0,0,0
18560,1,29,1.3,224,31.75,0.762294,33.5914,0,0,0,0,0,0,0,0,0,0,0, 0,0,0,0,0,2,0,0,0,0
18560,2,21,-3.6,224,33,-2.10976,33.5337,0,0,0,0,0,0,0,0,0,0,0, 0,0,0,0,0,2,0,0,0,0
18560,3,290,-56.5,68,32,-8.50564,5.62976,0,0,0,0,0,0,0,0,0,0,0, 0,0,0,0,0,2,0,0,0,0
18560,4,242,-55.4,72,32,-8.88987,6.13271,0,0,0,0,0,0,0,0,0,0,0, 0,0,0,0,0,2,0,0,0,0
18560,5,154,-53.4,76,32,-9.15212,6.79696,0,0,0,0,0,0,0,0,0,0,0, 0,0,0,0,0,2,0,0,0,0
18560,6,108,-45,80,32,-8.48528,8.48528,0,0,0,0,0,0,0,0,0,0,0, 0,0,0,0,0,2,0,0,0,0
18560,7,90,-43.6,84,32,-8.68921,9.12457,0,0,0,0,0,0,0,0,0,0,0, 0,0,0,0,0,2,0,0,0,0
18560,8,22,-5.4,216,31.5,-3.04911,32.2562,0,0,0,0,0,0,0,0,0,0,0, 0,0,0,0,0,2,0,0,0,0
18560,9,142,-55.4,60,32,-7.40823,5.11059,0,0,0,0,0,0,0,0,0,0,0, 0,0,0,0,0,2,0,0,0,0
18600,0,248,-56.5,64,32,-8.0053,5.2986,0,0,0,0,0,0,0,0,0,0,0, 0,0,0,0,0,3,0,0,0,0
18600,1,291,-56.5,68,32,-8.50564,5.62976,0,0,0,0,0,0,0,0,0,0,0, 0,0,0,0,0,3,0,0,0,0
18600,2,19,-3,228,32.25,-1.78989,34.1531,0,0,0,0,0,0,0,0,0,0,0, 0,0,0,0,0,3,0,0,0,0
18600,3,241,-56.5,72,32,-9.00597,5.96092,0,0,0,0,0,0,0,0,0,0,0, 0,0,0,0,0,3,0,0,0,0
18600,4,156,-51.6,76,32,-8.93411,7.08108,0,0,0,0,0,0,0,0,0,0,0, 0,0,0,0,0,3,0,0,0,0
18600,5,115,-43.6,80,32,-8.27543,8.69006,0,0,0,0,0,0,0,0,0,0,0, 0,0,0,0,0,3,0,0,0,0
18600,6,98,-41.1,84,32,-8.28293,9.4949,0,0,0,0,0,0,0,0,0,0,0, 0,0,0,0,0,3,0,0,0,0
18600,7,141,-55.4,60,32,-7.40823,5.11059,0,0,0,0,0,0,0,0,0,0,0, 0,0,0,0,0,3,0,0,0,0
18640,0,247,-56.5,64,32,-8.0053,5.2986,0,0,0,0,0,0,0,0,0,0,0, 0,0,0,0,0,4,0,0,0,0
18640,1,290,-56.5,68,32,-8.50564,5.62976,0,0,0,0,0,0,0,0,0,0,0, 0,0,0,0,0,4,0,0,0,0
18640,2,239,-56.5,72,32,-9.00597,5.96092,0,0,0,0,0,0,0,0,0,0,0, 0,0,0,0,0,4,0,0,0,0
18640,3,149,-54.4,76,32,-9.26935,6.6362,0,0,0,0,0,0,0,0,0,0,0, 0,0,0,0,0,4,0,0,0,0
18640,4,99,-45,80,32,-8.48528,8.48528,0,0,0,0,0,0,0,0,0,0,0, 0,0,0,0,0,4,0,0,0,0
18640,5,141,-56.5,60,32,-7.50497,4.96743,0,0,0,0,0,0,0,0,0,0,0, 0,0,0,0,0,4,0,0,0,0
18680,0,247,-56.5,64,32,-8.0053,5.2986,0,0,0,0,0,0,0,0,0,0,0, 0,0,0,0,0,5,0,0,0,0
18680,1,290,-56.5,68,32,-8.50564,5.62976,0,0,0,0,0,0,0,0,0,0,0, 0,0,0,0,0,5,0,0,0,0
18680,2,241,-56.5,72,32,-9.00597,5.96092,0,0,0,0,0,0,0,0,0,0,0, 0,0,0,0,0,5,0,0,0,0
18680,3,17,2.4,232,31.75,1.45727,34.7695,0,0,0,0,0,0,0,0,0,0,0, 0,0,0,0,0,5,0,0,0,0
18680,4,150,-55.4,76,32,-9.38375,6.47342,0,0,0,0,0,0,0,0,0,0,0, 0,0,0,0,0,5,0,0,0,0
18680,5,99,-49.8,80,32,-9.16555,7.74549,0,0,0,0,0,0,0,0,0,0,0, 0,0,0,0,0,5,0,0,0,0
18680,6,140,-56.5,60,32,-7.50497,4.96743,0,0,0,0,0,0,0,0,0,0,0, 0,0,0,0,0,5,0,0,0,0
18720,0,244,-57.4,64,32,-8.08754,5.1722,0,0,0,0,0,0,0,0,0,0,0, 0,0,0,0,0,6,0,0,0,0
18720,1,290,-57.4,68,32,-8.59301,5.49546,0,0,0,0,0,0,0,0,0,0,0, 0,0,0,0,0,6,0,0,0,0
18720,2,240,-56.5,72,32,-9.00597,5.96092,0,0,0,0,0,0,0,0,0,0,0, 0,0,0,0,0,6,0,0,0,0
18720,3,149,-55.4,76,32,-9.38375,6.47342,0,0,0,0,0,0,0,0,0,0,0, 0,0,0,0,0,6,0,0,0,0
18720,4,98,-51.6,80,32,-9.40432,7.45377,0,0,0,0,0,0,0,0,0,0,0, 0,0,0,0,0,6,0,0,0,0
18720,5,138,-56.5,60,32,-7.50497,4.96743,0,0,0,0,0,0,0,0,0,0,0, 0,0,0,0,0,6,0,0,0,0
18720,6,20,1.8,220,32.25,1.03656,32.9837,0,0,0,0,0,0,0,0,0,0,0, 0,0,0,0,0,6,0,0,0,0
18760,0,244,-57.4,64,32,-8.08754,5.1722,0,0,0,0,0,0,0,0,0,0,0, 0,0,0,0,0,7,0,0,0,0
18760,1,22,-3.6,224,32.25,-2.10976,33.5337,0,0,0,0,0,0,0,0,0,0,0, 0,0,0,0,0,7,0,0,0,0
18760,2,288,-57.4,68,32,-8.59301,5.49546,0,0,0,0,0,0,0,0,0,0,0, 0,0,0,0,0,7,0,0,0,0
18760,3,238,-57.4,72,32,-9.09849,5.81872,0,0,0,0,0,0,0,0,0,0,0, 0,0,0,0,0,7,0,0,0,0
18760,4,149,-55.4,76,32,-9.38375,6.47342,0,0,0,0,0,0,0,0,0,0,0, 0,0,0,0,0,7,0,0,0,0
18760,5,98,-51.6,80,32,-9.40432,7.45377,0,0,0,0,0,0,0,0,0,0,0, 0,0,0,0,0,7,0,0,0,0
18760,6,18,-3,216,31.75,-1.69569,32.3556,0,0,0,0,0,0,0,0,0,0,0, 0,0,0,0,0,7,0,0,0,0
18760,7,138,-56.5,60,32,-7.50497,4.96743,0,0,0,0,0,0,0,0,0,0,0, 0,0,0,0,0,7,0,0,0,0
18800,0,246,-56.5,64,32,-8.0053,5.2986,0,0,0,0,0,0,0,0,0,0,0, 0,0,0,0,0,8,0,0,0,0
18800,1,288,-56.5,68,32,-8.50564,5.62976,0,0,0,0,0,0,0,0,0,0,0, 0,0,0,0,0,8,0,0,0,0
18800,2,238,-56.5,72,32,-9.00597,5.96092,0,0,0,0,0,0,0,0,0,0,0, 0,0,0,0,0,8,0,0,0,0
18800,3,151,-54.4,76,32,-9.26935,6.6362,0,0,0,0,0,0,0,0,0,0,0, 0,0,0,0,0,8,0,0,0,0
18800,4,106,-45.9,80,32,-8.61752,8.35095,0,0,0,0,0,0,0,0,0,0,0, 0,0,0,0,0,8,0,0,0,0
18800,5,86,-44.2,84,32,-8.78428,9.03307,0,0,0,0,0,0,0,0,0,0,0, 0,0,0,0,0,8,0,0,0,0
18800,6,139,-55.4,60,32,-7.40823,5.11059,0,0,0,0,0,0,0,0,0,0,0, 0,0,0,0,0,8,0,0,0,0
18800,7,17,3.1,220,31.5,1.7846,32.9517,0,0,0,0,0,0,0,0,0,0,0, 0,0,0,0,0,8,0,0,0,0
18840,0,246,-56.5,64,32,-8.0053,5.2986,0,1334,0,0,0,0,0,0,0,0,0, 0,0,0,0,0,9,0,0,0,0
18840,1,290,-56.5,68,32,-8.50564,5.62976,0,1334,0,0,0,0,0,0,0,0,0, 0,0,0,0,0,9,0,0,0,0
18840,2,42,71.1,8,33,1.1353,0.388701,0,1334,0,0,0,0,0,0,0,0,0, 0,0,0,0,0,9,0,0,0,0
18840,3,239,-55.4,72,32,-8.88987,6.13271,0,1334,0,0,0,0,0,0,0,0,0, 0,0,0,0,0,9,0,0,0,0
18840,4,152,-51.6,76,32,-8.93411,7.08108,0,1334,0,0,0,0,0,0,0,0,0, 0,0,0,0,0,9,0,0,0,0
18840,5,106,-45,80,32,-8.48528,8.48528,0,1334,0,0,0,0,0,0,0,0,0, 0,0,0,0,0,9,0,0,0,0
18840,6,84,-44.2,84,32,-8.78428,9.03307,0,1334,0,0,0,0,0,0,0,0,0, 0,0,0,0,0,9,0,0,0,0
18840,7,139,-56.5,60,32,-7.50497,4.96743,0,1334,0,0,0,0,0,0,0,0,0, 0,0,0,0,0,9,0,0,0,0
18880,0,245,-56.5,64,32,-8.0053,5.2986,0,0,0,0,0,0,0,0,0,0,0, 0,0,0,0,0,10,0,0,0,0
18880,1,289,-56.5,68,32,-8.50564,5.62976,0,0,0,0,0,0,0,0,0,0,0, 0,0,0,0,0,10,0,0,0,0
18880,2,240,-55.4,72,32,-8.88987,6.13271,0,0,0,0,0,0,0,0,0,0,0, 0,0,0,0,0,10,0,0,0,0
18880,3,156,-49.8,76,32,-8.70727,7.35822,0,0,0,0,0,0,0,0,0,0,0, 0,0,0,0,0,10,0,0,0,0
18880,4,113,-44.2,80,32,-8.36598,8.60293,0,0,0,0,0,0,0,0,0,0,0, 0,0,0,0,0,10,0,0,0,0
18880,5,97,-42.3,84,32,-8.47996,9.31935,0,0,0,0,0,0,0,0,0,0,0, 0,0,0,0,0,10,0,0,0,0
18880,6,137,-56.5,60,32,-7.50497,4.96743,0,0,0,0,0,0,0,0,0,0,0, 0,0,0,0,0,10,0,0,0,0
18920,0,246,-56.5,64,32,-8.0053,5.2986,0,7936,0,0,0,0,0,0,0,0,0, 0,0,0,0,0,11,0,0,0,0
18920,1,290,-56.5,68,32,-8.50564,5.62976,0,7936,0,0,0,0,0,0,0,0,0, 0,0,0,0,0,11,0,0,0,0
18920,2,42,65.6,8,33,1.09282,0.495725,0,7936,0,0,0,0,0,0,0,0,0, 0,0,0,0,0,11,0,0,0,0
18920,3,240,-55.4,72,32,-8.88987,6.13271,0,7936,0,0,0,0,0,0,0,0,0, 0,0,0,0,0,11,0,0,0,0
18920,4,156,-49.8,76,32,-8.70727,7.35822,0,7936,0,0,0,0,0,0,0,0,0, 0,0,0,0,0,11,0,0,0,0
18920,5,115,-43.6,80,32,-8.27543,8.69006,0,7936,0,0,0,0,0,0,0,0,0, 0,0,0,0,0,11,0,0,0,0
18920,6,97,-41.7,84,32,-8.3819,9.40764,0,7936,0,0,0,0,0,0,0,0,0, 0,0,0,0,0,11,0,0,0,0
18920,7,139,-56.5,60,32,-7.50497,4.96743,0,7936,0,0,0,0,0,0,0,0,0, 0,0,0,0,0,11,0,0,0,0
18960,0,247,-56.5,64,32,-8.0053,5.2986,0,1139,0,0,0,0,0,0,0,0,0, 0,0,0,0,0,12,0,0,0,0
18960,1,290,-56.5,68,32,-8.50564,5.62976,0,1139,0,0,0,0,0,0,0,0,0, 0,0,0,0,0,12,0,0,0,0
18960,2,243,-55.4,72,32,-8.88987,6.13271,0,1139,0,0,0,0,0,0,0,0,0, 0,0,0,0,0,12,0,0,0,0
18960,3,159,-51.6,76,32,-8.93411,7.08108,0,1139,0,0,0,0,0,0,0,0,0, 0,0,0,0,0,12,0,0,0,0
18960,4,115,-43.6,80,32,-8.27543,8.69006,0,1139,0,0,0,0,0,0,0,0,0, 0,0,0,0,0,12,0,0,0,0
18960,5,95,-42.3,84,32,-8.47996,9.31935,0,1139,0,0,0,0,0,0,0,0,0, 0,0,0,0,0,12,0,0,0,0
18960,6,23,-6,216,31.75,-3.38672,32.2225,0,1139,0,0,0,0,0,0,0,0,0, 0,0,0,0,0,12,0,0,0,0
18960,7,22,-4.2,216,32.25,-2.37292,32.313,0,1139,0,0,0,0,0,0,0,0,0, 0,0,0,0,0,12,0,0,0,0
18960,8,140,-56.5,60,32,-7.50497,4.96743,0,1139,0,0,0,0,0,0,0,0,0, 0,0,0,0,0,12,0,0,0,0
18960,9,22,2.4,220,31.75,1.3819,32.9711,0,1139,0,0,0,0,0,0,0,0,0, 0,0,0,0,0,12,0,0,0,0
19000,0,248,-56.5,64,32,-8.0053,5.2986,0,86,0,0,0,0,0,0,0,0,0, 0,0,0,0,0,13,0,0,0,0
19000,1,17,-0.6,224,31.25,-0.351852,33.5982,0,86,0,0,0,0,0,0,0,0,0, 0,0,0,0,0,13,0,0,0,0
19000,2,291,-56.5,68,32,-8.50564,5.62976,0,86,0,0,0,0,0,0,0,0,0, 0,0,0,0,0,13,0,0,0,0
19000,3,241,-56.5,72,32,-9.00597,5.96092,0,86,0,0,0,0,0,0,0,0,0, 0,0,0,0,0,13,0,0,0,0
19000,4,158,-49.8,76,32,-8.70727,7.35822,0,86,0,0,0,0,0,0,0,0,0, 0,0,0,0,0,13,0,0,0,0
19000,5,117,-43.6,80,32,-8.27543,8.69006,0,86,0,0,0,0,0,0,0,0,0, 0,0,0,0,0,13,0,0,0,0
19000,6,100,-41.7,84,32,-8.3819,9.40764,0,86,0,0,0,0,0,0,0,0,0, 0,0,0,0,0,13,0,0,0,0
19000,7,22,-4.8,216,31.75,-2.71116,32.2864,0,86,0,0,0,0,0,0,0,0,0, 0,0,0,0,0,13,0,0,0,0
19000,8,140,-56.5,60,32,-7.50497,4.96743,0,86,0,0,0,0,0,0,0,0,0, 0,0,0,0,0,13,0,0,0,0
19040,0,245,-57.4,64,32,-8.08754,5.1722,0,0,0,0,0,0,0,0,0,0,0, 0,0,0,0,0,14,0,0,0,0
19040,1,27,0.1,224,31.75,0.058643,33.5999,0,0,0,0,0,0,0,0,0,0,0, 0,0,0,0,0,14,0,0,0,0
19040,2,289,-57.4,68,32,-8.59301,5.49546,0,0,0,0,0,0,0,0,0,0,0, 0,0,0,0,0,14,0,0,0,0
19040,3,239,-56.5,72,32,-9.00597,5.96092,0,0,0,0,0,0,0,0,0,0,0, 0,0,0,0,0,14,0,0,0,0
19040,4,151,-51.6,76,32,-8.93411,7.08108,0,0,0,0,0,0,0,0,0,0,0, 0,0,0,0,0,14,0,0,0,0
19040,5,112,-42.3,80,32,-8.07615,8.87557,0,0,0,0,0,0,0,0,0,0,0, 0,0,0,0,0,14,0,0,0,0
19040,6,97,-39.9,84,32,-8.08227,9.66628,0,0,0,0,0,0,0,0,0,0,0, 0,0,0,0,0,14,0,0,0,0
19040,7,138,-57.4,60,32,-7.58207,4.84894,0,0,0,0,0,0,0,0,0,0,0, 0,0,0,0,0,14,0,0,0,0
19040,8,17,2.4,220,31.75,1.3819,32.9711,0,0,0,0,0,0,0,0,0,0,0, 0,0,0,0,0,14,0,0,0,0
19080,0,247,-57.4,64,32,-8.08754,5.1722,0,0,0,0,0,0,0,0,0,0,0, 0,0,0,0,0,15,0,0,0,0
19080,1,289,-56.5,68,32,-8.50564,5.62976,0,0,0,0,0,0,0,0,0,0,0, 0,0,0,0,0,15,0,0,0,0
19080,2,241,-56.5,72,32,-9.00597,5.96092,0,0,0,0,0,0,0,0,0,0,0, 0,0,0,0,0,15,0,0,0,0
19080,3,153,-51.6,76,32,-8.93411,7.08108,0,0,0,0,0,0,0,0,0,0,0, 0,0,0,0,0,15,0,0,0,0
19080,4,114,-42.9,80,32,-8.16865,8.79051,0,0,0,0,0,0,0,0,0,0,0, 0,0,0,0,0,15,0,0,0,0
19080,5,96,-41.1,84,32,-8.28293,9.4949,0,0,0,0,0,0,0,0,0,0,0, 0,0,0,0,0,15,0,0,0,0
19080,6,138,-57.4,60,32,-7.58207,4.84894,0,0,0,0,0,0,0,0,0,0,0, 0,0,0,0,0,15,0,0,0,0
19120,0,244,-57.4,64,32,-8.08754,5.1722,0,0,0,0,0,0,0,0,0,0,0, 0,0,0,0,0,0,0,0,0,0
19120,1,289,-56.5,68,32,-8.50564,5.62976,0,0,0,0,0,0,0,0,0,0,0, 0,0,0,0,0,0,0,0,0,0
19120,2,239,-56.5,72,32,-9.00597,5.96092,0,0,0,0,0,0,0,0,0,0,0, 0,0,0,0,0,0,0,0,0,0
19120,3,152,-53.4,76,32,-9.15212,6.79696,0,0,0,0,0,0,0,0,0,0,0, 0,0,0,0,0,0,0,0,0,0
19120,4,108,-45,80,32,-8.48528,8.48528,0,0,0,0,0,0,0,0,0,0,0, 0,0,0,0,0,0,0,0,0,0
19120,5,86,-44.2,84,32,-8.78428,9.03307,0,0,0,0,0,0,0,0,0,0,0, 0,0,0,0,0,0,0,0,0,0
19120,6,137,-57.4,60,32,-7.58207,4.84894,0,0,0,0,0,0,0,0,0,0,0, 0,0,0,0,0,0,0,0,0,0
19120,7,18,5.4,220,32.25,3.10557,32.8535,0,0,0,0,0,0,0,0,0,0,0, 0,0,0,0,0,0,0,0,0,0
19160,0,244,-57.4,64,32,-8.08754,5.1722,0,0,0,0,0,0,0,0,0,0,0, 0,0,0,0,0,1,0,0,0,0
19160,1,288,-56.5,68,32,-8.50564,5.62976,0,0,0,0,0,0,0,0,0,0,0, 0,0,0,0,0,1,0,0,0,0
19160,2,44,69.6,8,33,1.12474,0.418287,0,0,0,0,0,0,0,0,0,0,0, 0,0,0,0,0,1,0,0,0,0
19160,3,241,-56.5,72,32,-9.00597,5.96092,0,0,0,0,0,0,0,0,0,0,0, 0,0,0,0,0,1,0,0,0,0
19160,4,157,-51.6,76,32,-8.93411,7.08108,0,0,0,0,0,0,0,0,0,0,0, 0,0,0,0,0,1,0,0,0,0
19160,5,118,-42.9,80,32,-8.16865,8.79051,0,0,0,0,0,0,0,0,0,0,0, 0,0,0,0,0,1,0,0,0,0
19160,6,97,-41.7,84,32,-8.3819,9.40764,0,0,0,0,0,0,0,0,0,0,0, 0,0,0,0,0,1,0,0,0,0
19160,7,20,-0.6,216,32.5,-0.339286,32.3982,0,0,0,0,0,0,0,0,0,0,0, 0,0,0,0,0,1,0,0,0,0
19160,8,138,-57.4,60,32,-7.58207,4.84894,0,0,0,0,0,0,0,0,0,0,0, 0,0,0,0,0,1,0,0,0,0
19160,9,42,1.8,220,31.75,1.03656,32.9837,0,0,0,0,0,0,0,0,0,0,0, 0,0,0,0,0,1,0,0,0,0
19160,10,39,0.6,220,32.25,0.345569,32.9982,0,0,0,0,0,0,0,0,0,0,0, 0,0,0,0,0,1,0,0,0,0
19200,0,245,-57.4,64,32,-8.08754,5.1722,0,0,0,0,0,0,0,0,0,0,0, 0,0,0,0,0,2,0,0,0,0
19200,1,37,-2.4,224,31.25,-1.40702,33.5705,0,0,0,0,0,0,0,0,0,0,0, 0,0,0,0,0,2,0,0,0,0
19200,2,35,-3.6,224,32.25,-2.10976,33.5337,0,0,0,0,0,0,0,0,0,0,0, 0,0,0,0,0,2,0,0,0,0
19200,3,289,-56.5,68,32,-8.50564,5.62976,0,0,0,0,0,0,0,0,0,0,0, 0,0,0,0,0,2,0,0,0,0
19200,4,238,-56.5,72,32,-9.00597,5.96092,0,0,0,0,0,0,0,0,0,0,0, 0,0,0,0,0,2,0,0,0,0
19200,5,155,-53.4,76,32,-9.15212,6.79696,0,0,0,0,0,0,0,0,0,0,0, 0,0,0,0,0,2,0,0,0,0
19200,6,114,-43.6,80,32,-8.27543,8.69006,0,0,0,0,0,0,0,0,0,0,0, 0,0,0,0,0,2,0,0,0,0
19200,7,94,-42.3,84,32,-8.47996,9.31935,0,0,0,0,0,0,0,0,0,0,0, 0,0,0,0,0,2,0,0,0,0
19200,8,138,-57.4,60,32,-7.58207,4.84894,0,0,0,0,0,0,0,0,0,0,0, 0,0,0,0,0,2,0,0,0,0
19240,0,244,-58.4,64,32,-8.17658,5.03026,0,0,0,0,0,0,0,0,0,0,0, 0,0,0,0,0,3,0,0,0,0
19240,1,288,-57.4,68,32,-8.59301,5.49546,0,0,0,0,0,0,0,0,0,0,0, 0,0,0,0,0,3,0,0,0,0
19240,2,24,-4.8,228,31.75,-2.86178,34.0801,0,0,0,0,0,0,0,0,0,0,0, 0,0,0,0,0,3,0,0,0,0
19240,3,30,-1.8,228,32.5,-1.07425,34.1831,0,0,0,0,0,0,0,0,0,0,0, 0,0,0,0,0,3,0,0,0,0
19240,4,18,-3.6,228,33,-2.14744,34.1325,0,0,0,0,0,0,0,0,0,0,0, 0,0,0,0,0,3,0,0,0,0
19240,5,238,-56.5,72,32,-9.00597,5.96092,0,0,0,0,0,0,0,0,0,0,0, 0,0,0,0,0,3,0,0,0,0
19240,6,151,-51.6,76,32,-8.93411,7.08108,0,0,0,0,0,0,0,0,0,0,0, 0,0,0,0,0,3,0,0,0,0
19240,7,107,-42.9,80,32,-8.16865,8.79051,0,0,0,0,0,0,0,0,0,0,0, 0,0,0,0,0,3,0,0,0,0
19240,8,85,-41.1,84,32,-8.28293,9.4949,0,0,0,0,0,0,0,0,0,0,0, 0,0,0,0,0,3,0,0,0,0
19240,9,137,-58.4,60,32,-7.66554,4.71587,0,0,0,0,0,0,0,0,0,0,0, 0,0,0,0,0,3,0,0,0,0
19240,10,16,0.6,220,31.25,0.345569,32.9982,0,0,0,0,0,0,0,0,0,0,0, 0,0,0,0,0,3,0,0,0,0
19280,0,244,-57.4,64,32,-8.08754,5.1722,0,0,0,0,0,0,0,0,0,0,0, 0,0,0,0,0,4,0,0,0,0
19280,1,289,-56.5,68,32,-8.50564,5.62976,0,0,0,0,0,0,0,0,0,0,0, 0,0,0,0,0,4,0,0,0,0
19280,2,241,-56.5,72,32,-9.00597,5.96092,0,0,0,0,0,0,0,0,0,0,0, 0,0,0,0,0,4,0,0,0,0
19280,3,155,-51.6,76,32,-8.93411,7.08108,0,0,0,0,0,0,0,0,0,0,0, 0,0,0,0,0,4,0,0,0,0
19280,4,110,-42.9,80,32,-8.16865,8.79051,0,0,0,0,0,0,0,0,0,0,0, 0,0,0,0,0,4,0,0,0,0
19280,5,88,-41.7,84,32,-8.3819,9.40764,0,0,0,0,0,0,0,0,0,0,0, 0,0,0,0,0,4,0,0,0,0
19280,6,139,-57.4,60,32,-7.58207,4.84894,0,0,0,0,0,0,0,0,0,0,0, 0,0,0,0,0,4,0,0,0,0
19320,0,245,-57.4,64,32,-8.08754,5.1722,0,0,0,0,0,0,0,0,0,0,0, 0,0,0,0,0,5,0,0,0,0
19320,1,290,-56.5,68,32,-8.50564,5.62976,0,0,0,0,0,0,0,0,0,0,0, 0,0,0,0,0,5,0,0,0,0
19320,2,240,-56.5,72,32,-9.00597,5.96092,0,0,0,0,0,0,0,0,0,0,0, 0,0,0,0,0,5,0,0,0,0
19320,3,153,-51.6,76,32,-8.93411,7.08108,0,0,0,0,0,0,0,0,0,0,0, 0,0,0,0,0,5,0,0,0,0
19320,4,109,-42.9,80,32,-8.16865,8.79051,0,0,0,0,0,0,0,0,0,0,0, 0,0,0,0,0,5,0,0,0,0
19320,5,91,-42.3,84,32,-8.47996,9.31935,0,0,0,0,0,0,0,0,0,0,0, 0,0,0,0,0,5,0,0,0,0
19320,6,140,-57.4,60,32,-7.58207,4.84894,0,0,0,0,0,0,0,0,0,0,0, 0,0,0,0,0,5,0,0,0,0
19360,0,245,-56.5,64,32,-8.0053,5.2986,0,0,0,0,0,0,0,0,0,0,0, 0,0,0,0,0,6,0,0,0,0
19360,1,288,-56.5,68,32,-8.50564,5.62976,0,0,0,0,0,0,0,0,0,0,0, 0,0,0,0,0,6,0,0,0,0
19360,2,42,63.6,8,33,1.07485,0.533562,0,0,0,0,0,0,0,0,0,0,0, 0,0,0,0,0,6,0,0,0,0
19360,3,239,-55.4,72,32,-8.88987,6.13271,0,0,0,0,0,0,0,0,0,0,0, 0,0,0,0,0,6,0,0,0,0
19360,4,153,-51.6,76,32,-8.93411,7.08108,0,0,0,0,0,0,0,0,0,0,0, 0,0,0,0,0,6,0,0,0,0
19360,5,116,-42.3,80,32,-8.07615,8.87557,0,0,0,0,0,0,0,0,0,0,0, 0,0,0,0,0,6,0,0,0,0
19360,6,98,-41.1,84,32,-8.28293,9.4949,0,0,0,0,0,0,0,0,0,0,0, 0,0,0,0,0,6,0,0,0,0
19360,7,139,-57.4,60,32,-7.58207,4.84894,0,0,0,0,0,0,0,0,0,0,0, 0,0,0,0,0,6,0,0,0,0
19400,0,245,-57.4,64,32,-8.08754,5.1722,0,0,0,0,0,0,0,0,0,0,0, 0,0,0,0,0,7,0,0,0,0
19400,1,288,-56.5,68,32,-8.50564,5.62976,0,0,0,0,0,0,0,0,0,0,0, 0,0,0,0,0,7,0,0,0,0
19400,2,20,-3.6,228,31.25,-2.14744,34.1325,0,0,0,0,0,0,0,0,0,0,0, 0,0,0,0,0,7,0,0,0,0
19400,3,238,-56.5,72,32,-9.00597,5.96092,0,0,0,0,0,0,0,0,0,0,0, 0,0,0,0,0,7,0,0,0,0
19400,4,153,-49.8,76,32,-8.70727,7.35822,0,0,0,0,0,0,0,0,0,0,0, 0,0,0,0,0,7,0,0,0,0
19400,5,113,-42.3,80,32,-8.07615,8.87557,0,0,0,0,0,0,0,0,0,0,0, 0,0,0,0,0,7,0,0,0,0
19400,6,93,-40.5,84,32,-8.18305,9.58112,0,0,0,0,0,0,0,0,0,0,0, 0,0,0,0,0,7,0,0,0,0
19400,7,11,31.1,468,63.75,36.2606,60.1099,0,0,0,0,0,0,0,0,0,0,0, 0,0,0,0,0,7,0,0,0,0
19400,8,140,-56.5,60,32,-7.50497,4.96743,0,0,0,0,0,0,0,0,0,0,0, 0,0,0,0,0,7,0,0,0,0
19440,0,247,-57.4,64,32,-8.08754,5.1722,0,0,0,0,0,0,0,0,0,0,0, 0,0,0,0,0,8,0,0,0,0
19440,1,289,-56.5,68,32,-8.50564,5.62976,0,0,0,0,0,0,0,0,0,0,0, 0,0,0,0,0,8,0,0,0,0
19440,2,239,-55.4,72,32,-8.88987,6.13271,0,0,0,0,0,0,0,0,0,0,0, 0,0,0,0,0,8,0,0,0,0
19440,3,154,-49.8,76,32,-8.70727,7.35822,0,0,0,0,0,0,0,0,0,0,0, 0,0,0,0,0,8,0,0,0,0
19440,4,116,-41.7,80,32,-7.98276,8.95966,0,0,0,0,0,0,0,0,0,0,0, 0,0,0,0,0,8,0,0,0,0
19440,5,99,-39.3,84,32,-7.9806,9.75039,0,0,0,0,0,0,0,0,0,0,0, 0,0,0,0,0,8,0,0,0,0
19440,6,140,-56.5,60,32,-7.50497,4.96743,0,0,0,0,0,0,0,0,0,0,0, 0,0,0,0,0,8,0,0,0,0
19480,0,247,-56.5,64,32,-8.0053,5.2986,0,1334,0,0,0,0,0,0,0,0,0, 0,0,0,0,0,9,0,0,0,0
19480,1,291,-56.5,68,32,-8.50564,5.62976,0,1334,0,0,0,0,0,0,0,0,0, 0,0,0,0,0,9,0,0,0,0
19480,2,240,-55.4,72,32,-8.88987,6.13271,0,1334,0,0,0,0,0,0,0,0,0, 0,0,0,0,0,9,0,0,0,0
19480,3,18,2.4,232,31.25,1.45727,34.7695,0,1334,0,0,0,0,0,0,0,0,0, 0,0,0,0,0,9,0,0,0,0
19480,4,156,-49.8,76,32,-8.70727,7.35822,0,1334,0,0,0,0,0,0,0,0,0, 0,0,0,0,0,9,0,0,0,0
19480,5,120,-41.7,80,32,-7.98276,8.95966,0,1334,0,0,0,0,0,0,0,0,0, 0,0,0,0,0,9,0,0,0,0
19480,6,102,-40.5,84,32,-8.18305,9.58112,0,1334,0,0,0,0,0,0,0,0,0, 0,0,0,0,0,9,0,0,0,0
19480,7,140,-56.5,60,32,-7.50497,4.96743,0,1334,0,0,0,0,0,0,0,0,0, 0,0,0,0,0,9,0,0,0,0
19520,0,246,-56.5,64,32,-8.0053,5.2986,0,0,0,0,0,0,0,0,0,0,0, 0,0,0,0,0,10,0,0,0,0
19520,1,289,-56.5,68,32,-8.50564,5.62976,0,0,0,0,0,0,0,0,0,0,0, 0,0,0,0,0,10,0,0,0,0
19520,2,21,-6,228,32.5,-3.57487,34.0126,0,0,0,0,0,0,0,0,0,0,0, 0,0,0,0,0,10,0,0,0,0
19520,3,49,69.6,8,33,1.12474,0.418287,0,0,0,0,0,0,0,0,0,0,0, 0,0,0,0,0,10,0,0,0,0
19520,4,240,-55.4,72,32,-8.88987,6.13271,0,0,0,0,0,0,0,0,0,0,0, 0,0,0,0,0,10,0,0,0,0
19520,5,155,-51.6,76,32,-8.93411,7.08108,0,0,0,0,0,0,0,0,0,0,0, 0,0,0,0,0,10,0,0,0,0
19520,6,111,-44.2,80,32,-8.36598,8.60293,0,0,0,0,0,0,0,0,0,0,0, 0,0,0,0,0,10,0,0,0,0
19520,7,85,-42.9,84,32,-8.57708,9.23004,0,0,0,0,0,0,0,0,0,0,0, 0,0,0,0,0,10,0,0,0,0
19520,8,140,-56.5,60,32,-7.50497,4.96743,0,0,0,0,0,0,0,0,0,0,0, 0,0,0,0,0,10,0,0,0,0
19560,0,247,-56.5,64,32,-8.0053,5.2986,0,7936,0,0,0,0,0,0,0,0,0, 0,0,0,0,0,11,0,0,0,0
19560,1,289,-56.5,68,32,-8.50564,5.62976,0,7936,0,0,0,0,0,0,0,0,0, 0,0,0,0,0,11,0,0,0,0
19560,2,241,-55.4,72,32,-8.88987,6.13271,0,7936,0,0,0,0,0,0,0,0,0, 0,0,0,0,0,11,0,0,0,0
19560,3,158,-51.6,76,32,-8.93411,7.08108,0,7936,0,0,0,0,0,0,0,0,0, 0,0,0,0,0,11,0,0,0,0
19560,4,106,-45,80,32,-8.48528,8.48528,0,7936,0,0,0,0,0,0,0,0,0, 0,0,0,0,0,11,0,0,0,0
19560,5,140,-56.5,60,32,-7.50497,4.96743,0,7936,0,0,0,0,0,0,0,0,0, 0,0,0,0,0,11,0,0,0,0
19600,0,247,-56.5,64,32,-8.0053,5.2986,0,1139,0,0,0,0,0,0,0,0,0, 0,0,0,0,0,12,0,0,0,0
19600,1,289,-56.5,68,32,-8.50564,5.62976,0,1139,0,0,0,0,0,0,0,0,0, 0,0,0,0,0,12,0,0,0,0
19600,2,241,-55.4,72,32,-8.88987,6.13271,0,1139,0,0,0,0,0,0,0,0,0, 0,0,0,0,0,12,0,0,0,0
19600,3,155,-51.6,76,32,-8.93411,7.08108,0,1139,0,0,0,0,0,0,0,0,0, 0,0,0,0,0,12,0,0,0,0
19600,4,109,-44.2,80,32,-8.36598,8.60293,0,1139,0,0,0,0,0,0,0,0,0, 0,0,0,0,0,12,0,0,0,0
19600,5,88,-41.7,84,32,-8.3819,9.40764,0,1139,0,0,0,0,0,0,0,0,0, 0,0,0,0,0,12,0,0,0,0
19600,6,139,-56.5,60,32,-7.50497,4.96743,0,1139,0,0,0,0,0,0,0,0,0, 0,0,0,0,0,12,0,0,0,0
19640,0,247,-56.5,64,32,-8.0053,5.2986,0,86,0,0,0,0,0,0,0,0,0, 0,0,0,0,0,13,0,0,0,0
19640,1,290,-56.5,68,32,-8.50564,5.62976,0,86,0,0,0,0,0,0,0,0,0, 0,0,0,0,0,13,0,0,0,0
19640,2,241,-55.4,72,32,-8.88987,6.13271,0,86,0,0,0,0,0,0,0,0,0, 0,0,0,0,0,13,0,0,0,0
19640,3,153,-53.4,76,32,-9.15212,6.79696,0,86,0,0,0,0,0,0,0,0,0, 0,0,0,0,0,13,0,0,0,0
19640,4,104,-45.9,80,32,-8.61752,8.35095,0,86,0,0,0,0,0,0,0,0,0, 0,0,0,0,0,13,0,0,0,0
19640,5,82,-42.9,84,32,-8.57708,9.23004,0,86,0,0,0,0,0,0,0,0,0, 0,0,0,0,0,13,0,0,0,0
19640,6,140,-57.4,60,32,-7.58207,4.84894,0,86,0,0,0,0,0,0,0,0,0, 0,0,0,0,0,13,0,0,0,0
19680,0,246,-57.4,64,32,-8.08754,5.1722,0,0,0,0,0,0,0,0,0,0,0, 0,0,0,0,0,14,0,0,0,0
19680,1,289,-56.5,68,32,-8.50564,5.62976,0,0,0,0,0,0,0,0,0,0,0, 0,0,0,0,0,14,0,0,0,0
19680,2,241,-56.5,72,32,-9.00597,5.96092,0,0,0,0,0,0,0,0,0,0,0, 0,0,0,0,0,14,0,0,0,0
19680,3,153,-53.4,76,32,-9.15212,6.79696,0,0,0,0,0,0,0,0,0,0,0, 0,0,0,0,0,14,0,0,0,0
19680,4,102,-46.7,80,32,-8.73327,8.22982,0,0,0,0,0,0,0,0,0,0,0, 0,0,0,0,0,14,0,0,0,0
19680,5,139,-57.4,60,32,-7.58207,4.84894,0,0,0,0,0,0,0,0,0,0,0, 0,0,0,0,0,14,0,0,0,0
19720,0,246,-57.4,64,32,-8.08754,5.1722,0,0,0,0,0,0,0,0,0,0,0, 0,0,0,0,0,15,0,0,0,0
19720,1,287,-57.4,68,32,-8.59301,5.49546,0,0,0,0,0,0,0,0,0,0,0, 0,0,0,0,0,15,0,0,0,0
19720,2,239,-56.5,72,32,-9.00597,5.96092,0,0,0,0,0,0,0,0,0,0,0, 0,0,0,0,0,15,0,0,0,0
19720,3,151,-51.6,76,32,-8.93411,7.08108,0,0,0,0,0,0,0,0,0,0,0, 0,0,0,0,0,15,0,0,0,0
19720,4,103,-45,80,32,-8.48528,8.48528,0,0,0,0,0,0,0,0,0,0,0, 0,0,0,0,0,15,0,0,0,0
19720,5,139,-57.4,60,32,-7.58207,4.84894,0,0,0,0,0,0,0,0,0,0,0, 0,0,0,0,0,15,0,0,0,0
19760,0,246,-57.4,64,32,-8.08754,5.1722,0,0,0,0,0,0,0,0,0,0,0, 0,0,0,0,0,0,0,0,0,0
19760,1,289,-56.5,68,32,-8.50564,5.62976,0,0,0,0,0,0,0,0,0,0,0, 0,0,0,0,0,0,0,0,0,0
19760,2,240,-56.5,72,32,-9.00597,5.96092,0,0,0,0,0,0,0,0,0,0,0, 0,0,0,0,0,0,0,0,0,0
19760,3,153,-53.4,76,32,-9.15212,6.79696,0,0,0,0,0,0,0,0,0,0,0, 0,0,0,0,0,0,0,0,0,0
19760,4,105,-45.9,80,32,-8.61752,8.35095,0,0,0,0,0,0,0,0,0,0,0, 0,0,0,0,0,0,0,0,0,0
19760,5,12,26.6,496,11,33.3133,66.5251,0,0,0,0,0,0,0,0,0,0,0, 0,0,0,0,0,0,0,0,0,0
19760,6,140,-57.4,60,32,-7.58207,4.84894,0,0,0,0,0,0,0,0,0,0,0, 0,0,0,0,0,0,0,0,0,0
19800,0,246,-57.4,64,32,-8.08754,5.1722,0,0,0,0,0,0,0,0,0,0,0, 0,0,0,0,0,1,0,0,0,0
19800,1,289,-57.4,68,32,-8.59301,5.49546,0,0,0,0,0,0,0,0,0,0,0, 0,0,0,0,0,1,0,0,0,0
19800,2,241,-56.5,72,32,-9.00597,5.96092,0,0,0,0,0,0,0,0,0,0,0, 0,0,0,0,0,1,0,0,0,0
19800,3,153,-53.4,76,32,-9.15212,6.79696,0,0,0,0,0,0,0,0,0,0,0, 0,0,0,0,0,1,0,0,0,0
19800,4,102,-48,80,32,-8.91774,8.02957,0,0,0,0,0,0,0,0,0,0,0, 0,0,0,0,0,1,0,0,0,0
19800,5,140,-57.4,60,32,-7.58207,4.84894,0,0,0,0,0,0,0,0,0,0,0, 0,0,0,0,0,1,0,0,0,0
19840,0,247,-57.4,64,32,-8.08754,5.1722,0,0,0,0,0,0,0,0,0,0,0, 0,0,0,0,0,2,0,0,0,0
19840,1,291,-56.5,68,32,-8.50564,5.62976,0,0,0,0,0,0,0,0,0,0,0, 0,0,0,0,0,2,0,0,0,0
19840,2,19,-2.4,228,31.75,-1.43215,34.17,0,0,0,0,0,0,0,0,0,0,0, 0,0,0,0,0,2,0,0,0,0
19840,3,240,-56.5,72,32,-9.00597,5.96092,0,0,0,0,0,0,0,0,0,0,0, 0,0,0,0,0,2,0,0,0,0
19840,4,156,-53.4,76,32,-9.15212,6.79696,0,0,0,0,0,0,0,0,0,0,0, 0,0,0,0,0,2,0,0,0,0
19840,5,104,-46.7,80,32,-8.73327,8.22982,0,0,0,0,0,0,0,0,0,0,0, 0,0,0,0,0,2,0,0,0,0
19840,6,141,-56.5,60,32,-7.50497,4.96743,0,0,0,0,0,0,0,0,0,0,0, 0,0,0,0,0,2,0,0,0,0
19880,0,247,-56.5,64,32,-8.0053,5.2986,0,0,0,0,0,0,0,0,0,0,0, 0,0,0,0,0,3,0,0,0,0
19880,1,291,-56.5,68,32,-8.50564,5.62976,0,0,0,0,0,0,0,0,0,0,0, 0,0,0,0,0,3,0,0,0,0
19880,2,44,72.4,8,33,1.14383,0.362844,0,0,0,0,0,0,0,0,0,0,0, 0,0,0,0,0,3,0,0,0,0
19880,3,242,-56.5,72,32,-9.00597,5.96092,0,0,0,0,0,0,0,0,0,0,0, 0,0,0,0,0,3,0,0,0,0
19880,4,28,-2.4,232,31.75,-1.45727,34.7695,0,0,0,0,0,0,0,0,0,0,0, 0,0,0,0,0,3,0,0,0,0
19880,5,26,-3,232,32.25,-1.82129,34.7523,0,0,0,0,0,0,0,0,0,0,0, 0,0,0,0,0,3,0,0,0,0
19880,6,152,-54.4,76,32,-9.26935,6.6362,0,0,0,0,0,0,0,0,0,0,0, 0,0,0,0,0,3,0,0,0,0
19880,7,95,-53.4,80,32,-9.63381,7.1547,0,0,0,0,0,0,0,0,0,0,0, 0,0,0,0,0,3,0,0,0,0
19880,8,140,-56.5,60,32,-7.50497,4.96743,0,0,0,0,0,0,0,0,0,0,0, 0,0,0,0,0,3,0,0,0,0
19920,0,248,-56.5,64,32,-8.0053,5.2986,0,0,0,0,0,0,0,0,0,0,0, 0,0,0,0,0,4,0,0,0,0
19920,1,292,-56.5,68,32,-8.50564,5.62976,0,0,0,0,0,0,0,0,0,0,0, 0,0,0,0,0,4,0,0,0,0
19920,2,243,-56.5,72,32,-9.00597,5.96092,0,0,0,0,0,0,0,0,0,0,0, 0,0,0,0,0,4,0,0,0,0
19920,3,158,-53.4,76,32,-9.15212,6.79696,0,0,0,0,0,0,0,0,0,0,0, 0,0,0,0,0,4,0,0,0,0
19920,4,103,-49.8,80,32,-9.16555,7.74549,0,0,0,0,0,0,0,0,0,0,0, 0,0,0,0,0,4,0,0,0,0
19920,5,140,-56.5,60,32,-7.50497,4.96743,0,0,0,0,0,0,0,0,0,0,0, 0,0,0,0,0,4,0,0,0,0
19960,0,247,-56.5,64,32,-8.0053,5.2986,0,0,0,0,0,0,0,0,0,0,0, 0,0,0,0,0,5,0,0,0,0
19960,1,293,-56.5,68,32,-8.50564,5.62976,0,0,0,0,0,0,0,0,0,0,0, 0,0,0,0,0,5,0,0,0,0
19960,2,245,-55.4,72,32,-8.88987,6.13271,0,0,0,0,0,0,0,0,0,0,0, 0,0,0,0,0,5,0,0,0,0
19960,3,157,-53.4,76,32,-9.15212,6.79696,0,0,0,0,0,0,0,0,0,0,0, 0,0,0,0,0,5,0,0,0,0
19960,4,100,-51.6,80,32,-9.40432,7.45377,0,0,0,0,0,0,0,0,0,0,0, 0,0,0,0,0,5,0,0,0,0
19960,5,140,-56.5,60,32,-7.50497,4.96743,0,0,0,0,0,0,0,0,0,0,0, 0,0,0,0,0,5,0,0,0,0
20000,0,249,-56.5,64,32,-8.0053,5.2986,0,0,0,0,0,0,0,0,0,0,0, 0,0,0,0,0,6,0,0,0,0
20000,1,291,-56.5,68,32,-8.50564,5.62976,0,0,0,0,0,0,0,0,0,0,0, 0,0,0,0,0,6,0,0,0,0
20000,2,43,68.6,8,33,1.11727,0.437852,0,0,0,0,0,0,0,0,0,0,0, 0,0,0,0,0,6,0,0,0,0
20000,3,243,-55.4,72,32,-8.88987,6.13271,0,0,0,0,0,0,0,0,0,0,0, 0,0,0,0,0,6,0,0,0,0
20000,4,28,-6.6,232,31.25,-3.99981,34.5694,0,0,0,0,0,0,0,0,0,0,0, 0,0,0,0,0,6,0,0,0,0
20000,5,27,-2.4,232,32.25,-1.45727,34.7695,0,0,0,0,0,0,0,0,0,0,0, 0,0,0,0,0,6,0,0,0,0
20000,6,156,-51.6,76,32,-8.93411,7.08108,0,0,0,0,0,0,0,0,0,0,0, 0,0,0,0,0,6,0,0,0,0
20000,7,17,-4.8,236,32.25,-2.9622,35.2758,0,0,0,0,0,0,0,0,0,0,0, 0,0,0,0,0,6,0,0,0,0
20000,8,105,-48,80,32,-8.91774,8.02957,0,0,0,0,0,0,0,0,0,0,0, 0,0,0,0,0,6,0,0,0,0
20000,9,81,-46.7,84,32,-9.16994,8.64131,0,0,0,0,0,0,0,0,0,0,0, 0,0,0,0,0,6,0,0,0,0
20000,10,16,-4.8,212,31.75,-2.66096,31.6885,0,0,0,0,0,0,0,0,0,0,0, 0,0,0,0,0,6,0,0,0,0
20000,11,23,-2.4,216,31.25,-1.35677,32.3716,0,0,0,0,0,0,0,0,0,0,0, 0,0,0,0,0,6,0,0,0,0
20000,12,12,1.3,408,63.5,1.38846,61.1842,0,0,0,0,0,0,0,0,0,0,0, 0,0,0,0,0,6,0,0,0,0
20000,13,139,-56.5,60,32,-7.50497,4.96743,0,0,0,0,0,0,0,0,0,0,0, 0,0,0,0,0,6,0,0,0,0
20040,0,245,-56.5,64,32,-8.0053,5.2986,0,0,0,0,0,0,0,0,0,0,0, 0,0,0,0,0,7,0,0,0,0
20040,1,290,-56.5,68,32,-8.50564,5.62976,0,0,0,0,0,0,0,0,0,0,0, 0,0,0,0,0,7,0,0,0,0
20040,2,240,-56.5,72,32,-9.00597,5.96092,0,0,0,0,0,0,0,0,0,0,0, 0,0,0,0,0,7,0,0,0,0
20040,3,153,-54.4,76,32,-9.26935,6.6362,0,0,0,0,0,0,0,0,0,0,0, 0,0,0,0,0,7,0,0,0,0
20040,4,99,-53.4,80,32,-9.63381,7.1547,0,0,0,0,0,0,0,0,0,0,0, 0,0,0,0,0,7,0,0,0,0
20040,5,16,1.3,216,31.75,0.73507,32.3917,0,0,0,0,0,0,0,0,0,0,0, 0,0,0,0,0,7,0,0,0,0
20040,6,139,-56.5,60,32,-7.50497,4.96743,0,0,0,0,0,0,0,0,0,0,0, 0,0,0,0,0,7,0,0,0,0
20080,0,245,-57.4,64,32,-8.08754,5.1722,0,0,0,0,0,0,0,0,0,0,0, 0,0,0,0,0,8,0,0,0,0
20080,1,289,-56.5,68,32,-8.50564,5.62976,0,0,0,0,0,0,0,0,0,0,0, 0,0,0,0,0,8,0,0,0,0
20080,2,241,-56.5,72,32,-9.00597,5.96092,0,0,0,0,0,0,0,0,0,0,0, 0,0,0,0,0,8,0,0,0,0
20080,3,156,-53.4,76,32,-9.15212,6.79696,0,0,0,0,0,0,0,0,0,0,0, 0,0,0,0,0,8,0,0,0,0
20080,4,106,-48,80,32,-8.91774,8.02957,0,0,0,0,0,0,0,0,0,0,0, 0,0,0,0,0,8,0,0,0,0
20080,5,138,-57.4,60,32,-7.58207,4.84894,0,0,0,0,0,0,0,0,0,0,0, 0,0,0,0,0,8,0,0,0,0
20120,0,244,-57.4,64,32,-8.08754,5.1722,0,1334,0,0,0,0,0,0,0,0,0, 0,0,0,0,0,9,0,0,0,0
20120,1,288,-57.4,68,32,-8.59301,5.49546,0,1334,0,0,0,0,0,0,0,0,0, 0,0,0,0,0,9,0,0,0,0
20120,2,240,-56.5,72,32,-9.00597,5.96092,0,1334,0,0,0,0,0,0,0,0,0, 0,0,0,0,0,9,0,0,0,0
20120,3,151,-54.4,76,32,-9.26935,6.6362,0,1334,0,0,0,0,0,0,0,0,0, 0,0,0,0,0,9,0,0,0,0
20120,4,102,-48,80,32,-8.91774,8.02957,0,1334,0,0,0,0,0,0,0,0,0, 0,0,0,0,0,9,0,0,0,0
20120,5,137,-57.4,60,32,-7.58207,4.84894,0,1334,0,0,0,0,0,0,0,0,0, 0,0,0,0,0,9,0,0,0,0
20160,0,246,-56.5,64,32,-8.0053,5.2986,0,0,0,0,0,0,0,0,0,0,0, 0,0,0,0,0,10,0,0,0,0
20160,1,290,-56.5,68,32,-8.50564,5.62976,0,0,0,0,0,0,0,0,0,0,0, 0,0,0,0,0,10,0,0,0,0
20160,2,241,-56.5,72,32,-9.00597,5.96092,0,0,0,0,0,0,0,0,0,0,0, 0,0,0,0,0,10,0,0,0,0
20160,3,153,-54.4,76,32,-9.26935,6.6362,0,0,0,0,0,0,0,0,0,0,0, 0,0,0,0,0,10,0,0,0,0
20160,4,103,-49.8,80,32,-9.16555,7.74549,0,0,0,0,0,0,0,0,0,0,0, 0,0,0,0,0,10,0,0,0,0
20160,5,139,-56.5,60,32,-7.50497,4.96743,0,0,0,0,0,0,0,0,0,0,0, 0,0,0,0,0,10,0,0,0,0
20200,0,246,-57.4,64,32,-8.08754,5.1722,0,7936,0,0,0,0,0,0,0,0,0, 0,0,0,0,0,11,0,0,0,0
20200,1,291,-56.5,68,32,-8.50564,5.62976,0,7936,0,0,0,0,0,0,0,0,0, 0,0,0,0,0,11,0,0,0,0
20200,2,242,-56.5,72,32,-9.00597,5.96092,0,7936,0,0,0,0,0,0,0,0,0, 0,0,0,0,0,11,0,0,0,0
20200,3,153,-55.4,76,32,-9.38375,6.47342,0,7936,0,0,0,0,0,0,0,0,0, 0,0,0,0,0,11,0,0,0,0
20200,4,102,-53.4,80,32,-9.63381,7.1547,0,7936,0,0,0,0,0,0,0,0,0, 0,0,0,0,0,11,0,0,0,0
20200,5,140,-57.4,60,32,-7.58207,4.84894,0,7936,0,0,0,0,0,0,0,0,0, 0,0,0,0,0,11,0,0,0,0
20200,6,25,-2.4,220,31.25,-1.3819,32.9711,0,7936,0,0,0,0,0,0,0,0,0, 0,0,0,0,0,11,0,0,0,0
20200,7,19,-3,220,32.25,-1.72709,32.9548,0,7936,0,0,0,0,0,0,0,0,0, 0,0,0,0,0,11,0,0,0,0
20240,0,247,-57.4,64,32,-8.08754,5.1722,0,1139,0,0,0,0,0,0,0,0,0, 0,0,0,0,0,12,0,0,0,0
20240,1,289,-56.5,68,32,-8.50564,5.62976,0,1139,0,0,0,0,0,0,0,0,0, 0,0,0,0,0,12,0,0,0,0
20240,2,242,-56.5,72,32,-9.00597,5.96092,0,1139,0,0,0,0,0,0,0,0,0, 0,0,0,0,0,12,0,0,0,0
20240,3,154,-55.4,76,32,-9.38375,6.47342,0,1139,0,0,0,0,0,0,0,0,0, 0,0,0,0,0,12,0,0,0,0
20240,4,103,-53.4,80,32,-9.63381,7.1547,0,1139,0,0,0,0,0,0,0,0,0, 0,0,0,0,0,12,0,0,0,0
20240,5,23,-6.6,212,31.75,-3.655,31.5893,0,1139,0,0,0,0,0,0,0,0,0, 0,0,0,0,0,12,0,0,0,0
20240,6,32,-1.2,216,31.25,-0.678535,32.3929,0,1139,0,0,0,0,0,0,0,0,0, 0,0,0,0,0,12,0,0,0,0
20240,7,25,0.6,216,32.25,0.339286,32.3982,0,1139,0,0,0,0,0,0,0,0,0, 0,0,0,0,0,12,0,0,0,0
20240,8,141,-56.5,60,32,-7.50497,4.96743,0,1139,0,0,0,0,0,0,0,0,0, 0,0,0,0,0,12,0,0,0,0
20280,0,248,-57.4,64,32,-8.08754,5.1722,0,86,0,0,0,0,0,0,0,0,0, 0,0,0,0,0,13,0,0,0,0
20280,1,292,-56.5,68,32,-8.50564,5.62976,0,86,0,0,0,0,0,0,0,0,0, 0,0,0,0,0,13,0,0,0,0
20280,2,243,-56.5,72,32,-9.00597,5.96092,0,86,0,0,0,0,0,0,0,0,0, 0,0,0,0,0,13,0,0,0,0
20280,3,155,-54.4,76,32,-9.26935,6.6362,0,86,0,0,0,0,0,0,0,0,0, 0,0,0,0,0,13,0,0,0,0
20280,4,104,-48,80,32,-8.91774,8.02957,0,86,0,0,0,0,0,0,0,0,0, 0,0,0,0,0,13,0,0,0,0
20280,5,19,-4.8,212,32.5,-2.66096,31.6885,0,86,0,0,0,0,0,0,0,0,0, 0,0,0,0,0,13,0,0,0,0
20280,6,141,-58.4,60,32,-7.66554,4.71587,0,86,0,0,0,0,0,0,0,0,0, 0,0,0,0,0,13,0,0,0,0
20320,0,247,-57.4,64,32,-8.08754,5.1722,0,0,0,0,0,0,0,0,0,0,0, 0,0,0,0,0,14,0,0,0,0
20320,1,293,-56.5,68,32,-8.50564,5.62976,0,0,0,0,0,0,0,0,0,0,0, 0,0,0,0,0,14,0,0,0,0
20320,2,15,-75,292,37,-42.3076,11.3363,0,0,0,0,0,0,0,0,0,0,0, 0,0,0,0,0,14,0,0,0,0
20320,3,246,-55.4,72,32,-8.88987,6.13271,0,0,0,0,0,0,0,0,0,0,0, 0,0,0,0,0,14,0,0,0,0
20320,4,158,-53.4,76,32,-9.15212,6.79696,0,0,0,0,0,0,0,0,0,0,0, 0,0,0,0,0,14,0,0,0,0
20320,5,106,-49.8,80,32,-9.16555,7.74549,0,0,0,0,0,0,0,0,0,0,0, 0,0,0,0,0,14,0,0,0,0
20320,6,32,-1.2,212,31,-0.665969,31.793,0,0,0,0,0,0,0,0,0,0,0, 0,0,0,0,0,14,0,0,0,0
20320,7,30,-3.6,216,31.75,-2.03441,32.3361,0,0,0,0,0,0,0,0,0,0,0, 0,0,0,0,0,14,0,0,0,0
20320,8,28,-0.6,216,32.25,-0.339286,32.3982,0,0,0,0,0,0,0,0,0,0,0, 0,0,0,0,0,14,0,0,0,0
20320,9,139,-58.4,60,32,-7.66554,4.71587,0,0,0,0,0,0,0,0,0,0,0, 0,0,0,0,0,14,0,0,0,0
20360,0,247,-57.4,64,32,-8.08754,5.1722,0,0,0,0,0,0,0,0,0,0,0, 0,0,0,0,0,15,0,0,0,0
20360,1,290,-56.5,68,32,-8.50564,5.62976,0,0,0,0,0,0,0,0,0,0,0, 0,0,0,0,0,15,0,0,0,0
20360,2,243,-56.5,72,32,-9.00597,5.96092,0,0,0,0,0,0,0,0,0,0,0, 0,0,0,0,0,15,0,0,0,0
20360,3,155,-54.4,76,32,-9.26935,6.6362,0,0,0,0,0,0,0,0,0,0,0, 0,0,0,0,0,15,0,0,0,0
20360,4,103,-51.6,80,32,-9.40432,7.45377,0,0,0,0,0,0,0,0,0,0,0, 0,0,0,0,0,15,0,0,0,0
20360,5,142,-58.4,60,32,-7.66554,4.71587,0,0,0,0,0,0,0,0,0,0,0, 0,0,0,0,0,15,0,0,0,0
20400,0,247,-58.4,64,32,-8.17658,5.03026,0,0,0,0,0,0,0,0,0,0,0, 0,0,0,0,0,0,0,0,0,0
20400,1,13,-53.4,480,63.5,-57.8029,42.9282,0,0,0,0,0,0,0,0,0,0,0, 0,0,0,0,0,0,0,0,0,0
20400,2,291,-56.5,68,32,-8.50564,5.62976,0,0,0,0,0,0,0,0,0,0,0, 0,0,0,0,0,0,0,0,0,0
20400,3,19,-1.2,228,31.75,-0.716231,34.1925,0,0,0,0,0,0,0,0,0,0,0, 0,0,0,0,0,0,0,0,0,0
20400,4,42,66.6,8,33,1.10131,0.476577,0,0,0,0,0,0,0,0,0,0,0, 0,0,0,0,0,0,0,0,0,0
20400,5,242,-56.5,72,32,-9.00597,5.96092,0,0,0,0,0,0,0,0,0,0,0, 0,0,0,0,0,0,0,0,0,0
20400,6,13,68.6,456,4.25,63.6842,24.9576,0,0,0,0,0,0,0,0,0,0,0, 0,0,0,0,0,0,0,0,0,0
20400,7,154,-53.4,76,32,-9.15212,6.79696,0,0,0,0,0,0,0,0,0,0,0, 0,0,0,0,0,0,0,0,0,0
20400,8,25,-4.8,236,31,-2.9622,35.2758,0,0,0,0,0,0,0,0,0,0,0, 0,0,0,0,0,0,0,0,0,0
20400,9,104,-49.8,80,32,-9.16555,7.74549,0,0,0,0,0,0,0,0,0,0,0, 0,0,0,0,0,0,0,0,0,0
20400,10,82,-48,84,32,-9.36363,8.43105,0,0,0,0,0,0,0,0,0,0,0, 0,0,0,0,0,0,0,0,0,0
20400,11,15,1.8,212,32.25,0.998862,31.7843,0,0,0,0,0,0,0,0,0,0,0, 0,0,0,0,0,0,0,0,0,0
20400,12,140,-58.4,60,32,-7.66554,4.71587,0,0,0,0,0,0,0,0,0,0,0, 0,0,0,0,0,0,0,0,0,0
20440,0,245,-58.4,64,32,-8.17658,5.03026,0,0,0,0,0,0,0,0,0,0,0, 0,0,0,0,0,1,0,0,0,0
20440,1,291,-56.5,68,32,-8.50564,5.62976,0,0,0,0,0,0,0,0,0,0,0, 0,0,0,0,0,1,0,0,0,0
20440,2,242,-56.5,72,32,-9.00597,5.96092,0,0,0,0,0,0,0,0,0,0,0, 0,0,0,0,0,1,0,0,0,0
20440,3,154,-54.4,76,32,-9.26935,6.6362,0,0,0,0,0,0,0,0,0,0,0, 0,0,0,0,0,1,0,0,0,0
20440,4,102,-49.8,80,32,-9.16555,7.74549,0,0,0,0,0,0,0,0,0,0,0, 0,0,0,0,0,1,0,0,0,0
20440,5,139,-58.4,60,32,-7.66554,4.71587,0,0,0,0,0,0,0,0,0,0,0, 0,0,0,0,0,1,0,0,0,0
20480,0,245,-57.4,64,32,-8.08754,5.1722,0,0,0,0,0,0,0,0,0,0,0, 0,0,0,0,0,2,0,0,0,0
20480,1,291,-56.5,68,32,-8.50564,5.62976,0,0,0,0,0,0,0,0,0,0,0, 0,0,0,0,0,2,0,0,0,0
20480,2,243,-56.5,72,32,-9.00597,5.96092,0,0,0,0,0,0,0,0,0,0,0, 0,0,0,0,0,2,0,0,0,0
20480,3,155,-53.4,76,32,-9.15212,6.79696,0,0,0,0,0,0,0,0,0,0,0, 0,0,0,0,0,2,0,0,0,0
20480,4,105,-48,80,32,-8.91774,8.02957,0,0,0,0,0,0,0,0,0,0,0, 0,0,0,0,0,2,0,0,0,0
20480,5,22,-1.8,212,31.5,-0.998862,31.7843,0,0,0,0,0,0,0,0,0,0,0, 0,0,0,0,0,2,0,0,0,0
20480,6,141,-57.4,60,32,-7.58207,4.84894,0,0,0,0,0,0,0,0,0,0,0, 0,0,0,0,0,2,0,0,0,0
20520,0,247,-57.4,64,32,-8.08754,5.1722,0,0,0,0,0,0,0,0,0,0,0, 0,0,0,0,0,3,0,0,0,0
20520,1,292,-56.5,68,32,-8.50564,5.62976,0,0,0,0,0,0,0,0,0,0,0, 0,0,0,0,0,3,0,0,0,0
20520,2,243,-55.4,72,32,-8.88987,6.13271,0,0,0,0,0,0,0,0,0,0,0, 0,0,0,0,0,3,0,0,0,0
20520,3,14,0.1,232,33,0.0607374,34.7999,0,0,0,0,0,0,0,0,0,0,0, 0,0,0,0,0,3,0,0,0,0
20520,4,155,-51.6,76,32,-8.93411,7.08108,0,0,0,0,0,0,0,0,0,0,0, 0,0,0,0,0,3,0,0,0,0
20520,5,107,-45,80,32,-8.48528,8.48528,0,0,0,0,0,0,0,0,0,0,0, 0,0,0,0,0,3,0,0,0,0
20520,6,82,-44.2,84,32,-8.78428,9.03307,0,0,0,0,0,0,0,0,0,0,0, 0,0,0,0,0,3,0,0,0,0
20520,7,19,-3.6,216,32.25,-2.03441,32.3361,0,0,0,0,0,0,0,0,0,0,0, 0,0,0,0,0,3,0,0,0,0
20520,8,140,-57.4,60,32,-7.58207,4.84894,0,0,0,0,0,0,0,0,0,0,0, 0,0,0,0,0,3,0,0,0,0
20560,0,248,-57.4,64,32,-8.08754,5.1722,0,0,0,0,0,0,0,0,0,0,0, 0,0,0,0,0,4,0,0,0,0
20560,1,293,-56.5,68,32,-8.50564,5.62976,0,0,0,0,0,0,0,0,0,0,0, 0,0,0,0,0,4,0,0,0,0
20560,2,244,-55.4,72,32,-8.88987,6.13271,0,0,0,0,0,0,0,0,0,0,0, 0,0,0,0,0,4,0,0,0,0
20560,3,156,-51.6,76,32,-8.93411,7.08108,0,0,0,0,0,0,0,0,0,0,0, 0,0,0,0,0,4,0,0,0,0
20560,4,106,-45,80,32,-8.48528,8.48528,0,0,0,0,0,0,0,0,0,0,0, 0,0,0,0,0,4,0,0,0,0
20560,5,12,-74.8,468,16,-67.7442,18.4057,0,0,0,0,0,0,0,0,0,0,0, 0,0,0,0,0,4,0,0,0,0
20560,6,141,-56.5,60,32,-7.50497,4.96743,0,0,0,0,0,0,0,0,0,0,0, 0,0,0,0,0,4,0,0,0,0
20600,0,249,-56.5,64,32,-8.0053,5.2986,0,0,0,0,0,0,0,0,0,0,0, 0,0,0,0,0,5,0,0,0,0
20600,1,295,-56.5,68,32,-8.50564,5.62976,0,0,0,0,0,0,0,0,0,0,0, 0,0,0,0,0,5,0,0,0,0
20600,2,245,-55.4,72,32,-8.88987,6.13271,0,0,0,0,0,0,0,0,0,0,0, 0,0,0,0,0,5,0,0,0,0
20600,3,155,-51.6,76,32,-8.93411,7.08108,0,0,0,0,0,0,0,0,0,0,0, 0,0,0,0,0,5,0,0,0,0
20600,4,106,-45,80,32,-8.48528,8.48528,0,0,0,0,0,0,0,0,0,0,0, 0,0,0,0,0,5,0,0,0,0
20600,5,143,-56.5,60,32,-7.50497,4.96743,0,0,0,0,0,0,0,0,0,0,0, 0,0,0,0,0,5,0,0,0,0
20640,0,249,-56.5,64,32,-8.0053,5.2986,0,0,0,0,0,0,0,0,0,0,0, 0,0,0,0,0,6,0,0,0,0
20640,1,293,-56.5,68,32,-8.50564,5.62976,0,0,0,0,0,0,0,0,0,0,0, 0,0,0,0,0,6,0,0,0,0
20640,2,245,-55.4,72,32,-8.88987,6.13271,0,0,0,0,0,0,0,0,0,0,0, 0,0,0,0,0,6,0,0,0,0
20640,3,154,-53.4,76,32,-9.15212,6.79696,0,0,0,0,0,0,0,0,0,0,0, 0,0,0,0,0,6,0,0,0,0
20640,4,101,-46.7,80,32,-8.73327,8.22982,0,0,0,0,0,0,0,0,0,0,0, 0,0,0,0,0,6,0,0,0,0
20640,5,21,-4.8,216,30.75,-2.71116,32.2864,0,0,0,0,0,0,0,0,0,0,0, 0,0,0,0,0,6,0,0,0,0
20640,6,29,-3.6,216,31.25,-2.03441,32.3361,0,0,0,0,0,0,0,0,0,0,0, 0,0,0,0,0,6,0,0,0,0
20640,7,142,-57.4,60,32,-7.58207,4.84894,0,0,0,0,0,0,0,0,0,0,0, 0,0,0,0,0,6,0,0,0,0
20680,0,247,-57.4,64,32,-8.08754,5.1722,0,0,0,0,0,0,0,0,0,0,0, 0,0,0,0,0,7,0,0,0,0
20680,1,292,-56.5,68,32,-8.50564,5.62976,0,0,0,0,0,0,0,0,0,0,0, 0,0,0,0,0,7,0,0,0,0
20680,2,240,-55.4,72,32,-8.88987,6.13271,0,0,0,0,0,0,0,0,0,0,0, 0,0,0,0,0,7,0,0,0,0
20680,3,151,-53.4,76,32,-9.15212,6.79696,0,0,0,0,0,0,0,0,0,0,0, 0,0,0,0,0,7,0,0,0,0
20680,4,98,-45.9,80,32,-8.61752,8.35095,0,0,0,0,0,0,0,0,0,0,0, 0,0,0,0,0,7,0,0,0,0
20680,5,28,1.3,208,30.75,0.707845,31.192,0,0,0,0,0,0,0,0,0,0,0, 0,0,0,0,0,7,0,0,0,0
20680,6,29,-1.8,208,31.25,-0.980016,31.1846,0,0,0,0,0,0,0,0,0,0,0, 0,0,0,0,0,7,0,0,0,0
20680,7,139,-57.4,60,32,-7.58207,4.84894,0,0,0,0,0,0,0,0,0,0,0, 0,0,0,0,0,7,0,0,0,0
20680,8,20,0.6,220,30.75,0.345569,32.9982,0,0,0,0,0,0,0,0,0,0,0, 0,0,0,0,0,7,0,0,0,0
20680,9,22,0.6,220,31,0.345569,32.9982,0,0,0,0,0,0,0,0,0,0,0, 0,0,0,0,0,7,0,0,0,0
20720,0,248,-57.4,64,32,-8.08754,5.1722,0,0,0,0,0,0,0,0,0,0,0, 0,0,0,0,0,8,0,0,0,0
20720,1,290,-56.5,68,32,-8.50564,5.62976,0,0,0,0,0,0,0,0,0,0,0, 0,0,0,0,0,8,0,0,0,0
20720,2,241,-55.4,72,32,-8.88987,6.13271,0,0,0,0,0,0,0,0,0,0,0, 0,0,0,0,0,8,0,0,0,0
20720,3,158,-51.6,76,32,-8.93411,7.08108,0,0,0,0,0,0,0,0,0,0,0, 0,0,0,0,0,8,0,0,0,0
20720,4,107,-45.9,80,32,-8.61752,8.35095,0,0,0,0,0,0,0,0,0,0,0, 0,0,0,0,0,8,0,0,0,0
20720,5,23,-3.6,216,30.75,-2.03441,32.3361,0,0,0,0,0,0,0,0,0,0,0, 0,0,0,0,0,8,0,0,0,0
20720,6,30,-1.8,216,31.25,-1.01771,32.384,0,0,0,0,0,0,0,0,0,0,0, 0,0,0,0,0,8,0,0,0,0
20720,7,140,-57.4,60,32,-7.58207,4.84894,0,0,0,0,0,0,0,0,0,0,0, 0,0,0,0,0,8,0,0,0,0
20760,0,246,-57.4,64,32,-8.08754,5.1722,0,1334,0,0,0,0,0,0,0,0,0, 0,0,0,0,0,9,0,0,0,0
20760,1,288,-56.5,68,32,-8.50564,5.62976,0,1334,0,0,0,0,0,0,0,0,0, 0,0,0,0,0,9,0,0,0,0
20760,2,241,-55.4,72,32,-8.88987,6.13271,0,1334,0,0,0,0,0,0,0,0,0, 0,0,0,0,0,9,0,0,0,0
20760,3,155,-51.6,76,32,-8.93411,7.08108,0,1334,0,0,0,0,0,0,0,0,0, 0,0,0,0,0,9,0,0,0,0
20760,4,103,-46.7,80,32,-8.73327,8.22982,0,1334,0,0,0,0,0,0,0,0,0, 0,0,0,0,0,9,0,0,0,0
20760,5,18,-1.8,212,32.25,-0.998862,31.7843,0,1334,0,0,0,0,0,0,0,0,0, 0,0,0,0,0,9,0,0,0,0
20760,6,140,-57.4,60,32,-7.58207,4.84894,0,1334,0,0,0,0,0,0,0,0,0, 0,0,0,0,0,9,0,0,0,0
20800,0,245,-56.5,64,32,-8.0053,5.2986,0,0,0,0,0,0,0,0,0,0,0, 0,0,0,0,0,10,0,0,0,0
20800,1,289,-56.5,68,32,-8.50564,5.62976,0,0,0,0,0,0,0,0,0,0,0, 0,0,0,0,0,10,0,0,0,0
20800,2,241,-55.4,72,32,-8.88987,6.13271,0,0,0,0,0,0,0,0,0,0,0, 0,0,0,0,0,10,0,0,0,0
20800,3,152,-51.6,76,32,-8.93411,7.08108,0,0,0,0,0,0,0,0,0,0,0, 0,0,0,0,0,10,0,0,0,0
20800,4,104,-45.9,80,32,-8.61752,8.35095,0,0,0,0,0,0,0,0,0,0,0, 0,0,0,0,0,10,0,0,0,0
20800,5,17,-1.2,208,31.25,-0.653404,31.1932,0,0,0,0,0,0,0,0,0,0,0, 0,0,0,0,0,10,0,0,0,0
20800,6,28,-2.4,212,30.75,-1.33165,31.7721,0,0,0,0,0,0,0,0,0,0,0, 0,0,0,0,0,10,0,0,0,0
20800,7,45,-4.2,212,31.25,-2.32897,31.7146,0,0,0,0,0,0,0,0,0,0,0, 0,0,0,0,0,10,0,0,0,0
20800,8,33,-3,212,32.25,-1.66428,31.7564,0,0,0,0,0,0,0,0,0,0,0, 0,0,0,0,0,10,0,0,0,0
20800,9,14,-1.2,212,34,-0.665969,31.793,0,0,0,0,0,0,0,0,0,0,0, 0,0,0,0,0,10,0,0,0,0
20800,10,29,-0.6,216,32.25,-0.339286,32.3982,0,0,0,0,0,0,0,0,0,0,0, 0,0,0,0,0,10,0,0,0,0
20800,11,138,-57.4,60,32,-7.58207,4.84894,0,0,0,0,0,0,0,0,0,0,0, 0,0,0,0,0,10,0,0,0,0
20840,0,245,-56.5,64,32,-8.0053,5.2986,0,7936,0,0,0,0,0,0,0,0,0, 0,0,0,0,0,11,0,0,0,0
20840,1,288,-56.5,68,32,-8.50564,5.62976,0,7936,0,0,0,0,0,0,0,0,0, 0,0,0,0,0,11,0,0,0,0
20840,2,241,-55.4,72,32,-8.88987,6.13271,0,7936,0,0,0,0,0,0,0,0,0, 0,0,0,0,0,11,0,0,0,0
20840,3,154,-51.6,76,32,-8.93411,7.08108,0,7936,0,0,0,0,0,0,0,0,0, 0,0,0,0,0,11,0,0,0,0
20840,4,104,-45,80,32,-8.48528,8.48528,0,7936,0,0,0,0,0,0,0,0,0, 0,0,0,0,0,11,0,0,0,0
20840,5,27,-3,216,31.25,-1.69569,32.3556,0,7936,0,0,0,0,0,0,0,0,0, 0,0,0,0,0,11,0,0,0,0
20840,6,21,-3.6,216,32.25,-2.03441,32.3361,0,7936,0,0,0,0,0,0,0,0,0, 0,0,0,0,0,11,0,0,0,0
20840,7,139,-56.5,60,32,-7.50497,4.96743,0,7936,0,0,0,0,0,0,0,0,0, 0,0,0,0,0,11,0,0,0,0
20840,8,21,0.1,220,30.75,0.0575958,33,0,7936,0,0,0,0,0,0,0,0,0, 0,0,0,0,0,11,0,0,0,0
20840,9,23,2.4,220,32.25,1.3819,32.9711,0,7936,0,0,0,0,0,0,0,0,0, 0,0,0,0,0,11,0,0,0,0
20880,0,245,-56.5,64,32,-8.0053,5.2986,0,1139,0,0,0,0,0,0,0,0,0, 0,0,0,0,0,12,0,0,0,0
20880,1,290,-56.5,68,32,-8.50564,5.62976,0,1139,0,0,0,0,0,0,0,0,0, 0,0,0,0,0,12,0,0,0,0
20880,2,42,71.1,8,33,1.1353,0.388701,0,1139,0,0,0,0,0,0,0,0,0, 0,0,0,0,0,12,0,0,0,0
20880,3,239,-55.4,72,32,-8.88987,6.13271,0,1139,0,0,0,0,0,0,0,0,0, 0,0,0,0,0,12,0,0,0,0
20880,4,148,-51.6,76,32,-8.93411,7.08108,0,1139,0,0,0,0,0,0,0,0,0, 0,0,0,0,0,12,0,0,0,0
20880,5,100,-45.9,80,32,-8.61752,8.35095,0,1139,0,0,0,0,0,0,0,0,0, 0,0,0,0,0,12,0,0,0,0
20880,6,138,-57.4,60,32,-7.58207,4.84894,0,1139,0,0,0,0,0,0,0,0,0, 0,0,0,0,0,12,0,0,0,0
20880,7,21,0.6,220,32.25,0.345569,32.9982,0,1139,0,0,0,0,0,0,0,0,0, 0,0,0,0,0,12,0,0,0,0
20920,0,247,-56.5,64,32,-8.0053,5.2986,0,86,0,0,0,0,0,0,0,0,0, 0,0,0,0,0,13,0,0,0,0
20920,1,292,-55.4,68,32,-8.39599,5.79201,0,86,0,0,0,0,0,0,0,0,0, 0,0,0,0,0,13,0,0,0,0
20920,2,24,-3.6,228,32.5,-2.14744,34.1325,0,86,0,0,0,0,0,0,0,0,0, 0,0,0,0,0,13,0,0,0,0
20920,3,240,-55.4,72,32,-8.88987,6.13271,0,86,0,0,0,0,0,0,0,0,0, 0,0,0,0,0,13,0,0,0,0
20920,4,154,-53.4,76,32,-9.15212,6.79696,0,86,0,0,0,0,0,0,0,0,0, 0,0,0,0,0,13,0,0,0,0
20920,5,100,-49.8,80,32,-9.16555,7.74549,0,86,0,0,0,0,0,0,0,0,0, 0,0,0,0,0,13,0,0,0,0
20920,6,23,-6.6,216,31.75,-3.72396,32.1853,0,86,0,0,0,0,0,0,0,0,0, 0,0,0,0,0,13,0,0,0,0
20920,7,141,-56.5,60,32,-7.50497,4.96743,0,86,0,0,0,0,0,0,0,0,0, 0,0,0,0,0,13,0,0,0,0
20920,8,17,-6,220,30.75,-3.44944,32.8192,0,86,0,0,0,0,0,0,0,0,0, 0,0,0,0,0,13,0,0,0,0
20920,9,27,-1.2,220,31.25,-0.6911,32.9928,0,86,0,0,0,0,0,0,0,0,0, 0,0,0,0,0,13,0,0,0,0
20920,10,22,-0.6,220,32.25,-0.345569,32.9982,0,86,0,0,0,0,0,0,0,0,0, 0,0,0,0,0,13,0,0,0,0
20960,0,249,-56.5,64,32,-8.0053,5.2986,0,0,0,0,0,0,0,0,0,0,0, 0,0,0,0,0,14,0,0,0,0
20960,1,24,3.6,224,31.25,2.10976,33.5337,0,0,0,0,0,0,0,0,0,0,0, 0,0,0,0,0,14,0,0,0,0
20960,2,292,-56.5,68,32,-8.50564,5.62976,0,0,0,0,0,0,0,0,0,0,0, 0,0,0,0,0,14,0,0,0,0
20960,3,36,1.3,228,31.75,0.775907,34.1912,0,0,0,0,0,0,0,0,0,0,0, 0,0,0,0,0,14,0,0,0,0
20960,4,31,2.4,228,32.25,1.43215,34.17,0,0,0,0,0,0,0,0,0,0,0, 0,0,0,0,0,14,0,0,0,0
20960,5,244,-55.4,72,32,-8.88987,6.13271,0,0,0,0,0,0,0,0,0,0,0, 0,0,0,0,0,14,0,0,0,0
20960,6,13,0.6,232,31.75,0.364418,34.7981,0,0,0,0,0,0,0,0,0,0,0, 0,0,0,0,0,14,0,0,0,0
20960,7,154,-53.4,76,32,-9.15212,6.79696,0,0,0,0,0,0,0,0,0,0,0, 0,0,0,0,0,14,0,0,0,0
20960,8,98,-51.6,80,32,-9.40432,7.45377,0,0,0,0,0,0,0,0,0,0,0, 0,0,0,0,0,14,0,0,0,0
20960,9,27,-4.8,212,31.25,-2.66096,31.6885,0,0,0,0,0,0,0,0,0,0,0, 0,0,0,0,0,14,0,0,0,0
20960,10,23,-5.4,212,32.25,-2.99264,31.6589,0,0,0,0,0,0,0,0,0,0,0, 0,0,0,0,0,14,0,0,0,0
20960,11,25,-2.4,216,30.75,-1.35677,32.3716,0,0,0,0,0,0,0,0,0,0,0, 0,0,0,0,0,14,0,0,0,0
20960,12,43,-1.8,216,31.25,-1.01771,32.384,0,0,0,0,0,0,0,0,0,0,0, 0,0,0,0,0,14,0,0,0,0
20960,13,28,0.6,216,32.25,0.339286,32.3982,0,0,0,0,0,0,0,0,0,0,0, 0,0,0,0,0,14,0,0,0,0
20960,14,141,-56.5,60,32,-7.50497,4.96743,0,0,0,0,0,0,0,0,0,0,0, 0,0,0,0,0,14,0,0,0,0
20960,15,21,3.1,220,31.75,1.7846,32.9517,0,0,0,0,0,0,0,0,0,0,0, 0,0,0,0,0,14,0,0,0,0
21000,0,248,-56.5,64,32,-8.0053,5.2986,0,0,0,0,0,0,0,0,0,0,0, 0,0,0,0,0,15,0,0,0,0
21000,1,292,-55.4,68,32,-8.39599,5.79201,0,0,0,0,0,0,0,0,0,0,0, 0,0,0,0,0,15,0,0,0,0
21000,2,43,72.4,8,33,1.14383,0.362844,0,0,0,0,0,0,0,0,0,0,0, 0,0,0,0,0,15,0,0,0,0
21000,3,244,-55.4,72,32,-8.88987,6.13271,0,0,0,0,0,0,0,0,0,0,0, 0,0,0,0,0,15,0,0,0,0
21000,4,157,-51.6,76,32,-8.93411,7.08108,0,0,0,0,0,0,0,0,0,0,0, 0,0,0,0,0,15,0,0,0,0
21000,5,104,-48,80,32,-8.91774,8.02957,0,0,0,0,0,0,0,0,0,0,0, 0,0,0,0,0,15,0,0,0,0
21000,6,20,-1.8,212,30.75,-0.998862,31.7843,0,0,0,0,0,0,0,0,0,0,0, 0,0,0,0,0,15,0,0,0,0
21000,7,33,-3,212,31.25,-1.66428,31.7564,0,0,0,0,0,0,0,0,0,0,0, 0,0,0,0,0,15,0,0,0,0
21000,8,31,-6.6,212,32.25,-3.655,31.5893,0,0,0,0,0,0,0,0,0,0,0, 0,0,0,0,0,15,0,0,0,0
21000,9,52,-1.8,216,31.25,-1.01771,32.384,0,0,0,0,0,0,0,0,0,0,0, 0,0,0,0,0,15,0,0,0,0
21000,10,39,-1.2,216,32.25,-0.678535,32.3929,0,0,0,0,0,0,0,0,0,0,0, 0,0,0,0,0,15,0,0,0,0
21000,11,141,-56.5,60,32,-7.50497,4.96743,0,0,0,0,0,0,0,0,0,0,0, 0,0,0,0,0,15,0,0,0,0
21040,0,251,-56.5,64,32,-8.0053,5.2986,0,0,0,0,0,0,0,0,0,0,0, 0,0,0,0,0,0,0,0,0,0
21040,1,33,-1.2,224,31.25,-0.703665,33.5926,0,0,0,0,0,0,0,0,0,0,0, 0,0,0,0,0,0,0,0,0,0
21040,2,23,-1.8,224,32.25,-1.0554,33.5834,0,0,0,0,0,0,0,0,0,0,0, 0,0,0,0,0,0,0,0,0,0
21040,3,293,-55.4,68,32,-8.39599,5.79201,0,0,0,0,0,0,0,0,0,0,0, 0,0,0,0,0,0,0,0,0,0
21040,4,244,-54.4,72,32,-8.78149,6.28693,0,0,0,0,0,0,0,0,0,0,0, 0,0,0,0,0,0,0,0,0,0
21040,5,156,-51.6,76,32,-8.93411,7.08108,0,0,0,0,0,0,0,0,0,0,0, 0,0,0,0,0,0,0,0,0,0
21040,6,103,-46.7,80,32,-8.73327,8.22982,0,0,0,0,0,0,0,0,0,0,0, 0,0,0,0,0,0,0,0,0,0
21040,7,18,0.6,208,31,0.32672,31.1983,0,0,0,0,0,0,0,0,0,0,0, 0,0,0,0,0,0,0,0,0,0
21040,8,20,-0.6,212,30.75,-0.333003,31.7983,0,0,0,0,0,0,0,0,0,0,0, 0,0,0,0,0,0,0,0,0,0
21040,9,29,-1.2,212,31.25,-0.665969,31.793,0,0,0,0,0,0,0,0,0,0,0, 0,0,0,0,0,0,0,0,0,0
21040,10,21,0.1,212,32.25,0.0555014,31.7999,0,0,0,0,0,0,0,0,0,0,0, 0,0,0,0,0,0,0,0,0,0
21040,11,17,4.2,216,32.25,2.37292,32.313,0,0,0,0,0,0,0,0,0,0,0, 0,0,0,0,0,0,0,0,0,0
21040,12,141,-56.5,60,32,-7.50497,4.96743,0,0,0,0,0,0,0,0,0,0,0, 0,0,0,0,0,0,0,0,0,0
21040,13,18,-1.2,220,30.75,-0.6911,32.9928,0,0,0,0,0,0,0,0,0,0,0, 0,0,0,0,0,0,0,0,0,0
21040,14,31,-2.4,220,31.75,-1.3819,32.9711,0,0,0,0,0,0,0,0,0,0,0, 0,0,0,0,0,0,0,0,0,0
21040,15,29,-1.2,220,32.25,-0.6911,32.9928,0,0,0,0,0,0,0,0,0,0,0, 0,0,0,0,0,0,0,0,0,0
21080,0,249,-56.5,64,32,-8.0053,5.2986,0,0,0,0,0,0,0,0,0,0,0, 0,0,0,0,0,1,0,0,0,0
21080,1,292,-55.4,68,32,-8.39599,5.79201,0,0,0,0,0,0,0,0,0,0,0, 0,0,0,0,0,1,0,0,0,0
21080,2,243,-54.4,72,32,-8.78149,6.28693,0,0,0,0,0,0,0,0,0,0,0, 0,0,0,0,0,1,0,0,0,0
21080,3,155,-49.8,76,32,-8.70727,7.35822,0,0,0,0,0,0,0,0,0,0,0, 0,0,0,0,0,1,0,0,0,0
21080,4,106,-44.2,80,32,-8.36598,8.60293,0,0,0,0,0,0,0,0,0,0,0, 0,0,0,0,0,1,0,0,0,0
21080,5,83,-42.3,84,32,-8.47996,9.31935,0,0,0,0,0,0,0,0,0,0,0, 0,0,0,0,0,1,0,0,0,0
21080,6,28,-3,216,30.75,-1.69569,32.3556,0,0,0,0,0,0,0,0,0,0,0, 0,0,0,0,0,1,0,0,0,0
21080,7,38,-3,216,31,-1.69569,32.3556,0,0,0,0,0,0,0,0,0,0,0, 0,0,0,0,0,1,0,0,0,0
21080,8,23,-2.4,216,32.25,-1.35677,32.3716,0,0,0,0,0,0,0,0,0,0,0, 0,0,0,0,0,1,0,0,0,0
21080,9,140,-57.4,60,32,-7.58207,4.84894,0,0,0,0,0,0,0,0,0,0,0, 0,0,0,0,0,1,0,0,0,0
21080,10,40,-3,220,31.25,-1.72709,32.9548,0,0,0,0,0,0,0,0,0,0,0, 0,0,0,0,0,1,0,0,0,0
21080,11,34,-3,220,32.25,-1.72709,32.9548,0,0,0,0,0,0,0,0,0,0,0, 0,0,0,0,0,1,0,0,0,0
21120,0,247,-56.5,64,32,-8.0053,5.2986,0,0,0,0,0,0,0,0,0,0,0, 0,0,0,0,0,2,0,0,0,0
21120,1,292,-55.4,68,32,-8.39599,5.79201,0,0,0,0,0,0,0,0,0,0,0, 0,0,0,0,0,2,0,0,0,0
21120,2,242,-54.4,72,32,-8.78149,6.28693,0,0,0,0,0,0,0,0,0,0,0, 0,0,0,0,0,2,0,0,0,0
21120,3,21,-4.2,232,32.25,-2.54869,34.7065,0,0,0,0,0,0,0,0,0,0,0, 0,0,0,0,0,2,0,0,0,0
21120,4,155,-49.8,76,32,-8.70727,7.35822,0,0,0,0,0,0,0,0,0,0,0, 0,0,0,0,0,2,0,0,0,0
21120,5,20,-0.6,236,31.25,-0.370701,35.3981,0,0,0,0,0,0,0,0,0,0,0, 0,0,0,0,0,2,0,0,0,0
21120,6,105,-44.2,80,32,-8.36598,8.60293,0,0,0,0,0,0,0,0,0,0,0, 0,0,0,0,0,2,0,0,0,0
21120,7,82,-41.7,84,32,-8.3819,9.40764,0,0,0,0,0,0,0,0,0,0,0, 0,0,0,0,0,2,0,0,0,0
21120,8,141,-57.4,60,32,-7.58207,4.84894,0,0,0,0,0,0,0,0,0,0,0, 0,0,0,0,0,2,0,0,0,0
21120,9,18,1.3,220,32.25,0.748682,32.9915,0,0,0,0,0,0,0,0,0,0,0, 0,0,0,0,0,2,0,0,0,0
21160,0,249,-56.5,64,32,-8.0053,5.2986,0,0,0,0,0,0,0,0,0,0,0, 0,0,0,0,0,3,0,0,0,0
21160,1,291,-56.5,68,32,-8.50564,5.62976,0,0,0,0,0,0,0,0,0,0,0, 0,0,0,0,0,3,0,0,0,0
21160,2,240,-55.4,72,32,-8.88987,6.13271,0,0,0,0,0,0,0,0,0,0,0, 0,0,0,0,0,3,0,0,0,0
21160,3,152,-49.8,76,32,-8.70727,7.35822,0,0,0,0,0,0,0,0,0,0,0, 0,0,0,0,0,3,0,0,0,0
21160,4,103,-42.9,80,32,-8.16865,8.79051,0,0,0,0,0,0,0,0,0,0,0, 0,0,0,0,0,3,0,0,0,0
21160,5,81,-40.5,84,32,-8.18305,9.58112,0,0,0,0,0,0,0,0,0,0,0, 0,0,0,0,0,3,0,0,0,0
21160,6,28,-4.2,212,31.75,-2.32897,31.7146,0,0,0,0,0,0,0,0,0,0,0, 0,0,0,0,0,3,0,0,0,0
21160,7,28,-3.6,212,32.25,-1.99674,31.7372,0,0,0,0,0,0,0,0,0,0,0, 0,0,0,0,0,3,0,0,0,0
21160,8,47,-1.8,216,30.75,-1.01771,32.384,0,0,0,0,0,0,0,0,0,0,0, 0,0,0,0,0,3,0,0,0,0
21160,9,71,-2.4,216,31.25,-1.35677,32.3716,0,0,0,0,0,0,0,0,0,0,0, 0,0,0,0,0,3,0,0,0,0
21160,10,47,-1.8,216,32.25,-1.01771,32.384,0,0,0,0,0,0,0,0,0,0,0, 0,0,0,0,0,3,0,0,0,0
21160,11,141,-57.4,60,32,-7.58207,4.84894,0,0,0,0,0,0,0,0,0,0,0, 0,0,0,0,0,3,0,0,0,0
21160,12,26,-4.8,220,32.25,-2.76137,32.8843,0,0,0,0,0,0,0,0,0,0,0, 0,0,0,0,0,3,0,0,0,0
21200,0,248,-56.5,64,32,-8.0053,5.2986,0,0,0,0,0,0,0,0,0,0,0, 0,0,0,0,0,4,0,0,0,0
21200,1,292,-55.4,68,32,-8.39599,5.79201,0,0,0,0,0,0,0,0,0,0,0, 0,0,0,0,0,4,0,0,0,0
21200,2,50,72.4,8,33,1.14383,0.362844,0,0,0,0,0,0,0,0,0,0,0, 0,0,0,0,0,4,0,0,0,0
21200,3,244,-54.4,72,32,-8.78149,6.28693,0,0,0,0,0,0,0,0,0,0,0, 0,0,0,0,0,4,0,0,0,0
21200,4,156,-49.8,76,32,-8.70727,7.35822,0,0,0,0,0,0,0,0,0,0,0, 0,0,0,0,0,4,0,0,0,0
21200,5,109,-44.2,80,32,-8.36598,8.60293,0,0,0,0,0,0,0,0,0,0,0, 0,0,0,0,0,4,0,0,0,0
21200,6,86,-42.3,84,32,-8.47996,9.31935,0,0,0,0,0,0,0,0,0,0,0, 0,0,0,0,0,4,0,0,0,0
21200,7,21,-1.8,216,30.75,-1.01771,32.384,0,0,0,0,0,0,0,0,0,0,0, 0,0,0,0,0,4,0,0,0,0
21200,8,27,-1.8,216,31,-1.01771,32.384,0,0,0,0,0,0,0,0,0,0,0, 0,0,0,0,0,4,0,0,0,0
21200,9,141,-57.4,60,32,-7.58207,4.84894,0,0,0,0,0,0,0,0,0,0,0, 0,0,0,0,0,4,0,0,0,0
21200,10,11,-18.4,476,17.25,-22.5373,67.7497,0,0,0,0,0,0,0,0,0,0,0, 0,0,0,0,0,4,0,0,0,0
21240,0,249,-56.5,64,32,-8.0053,5.2986,0,0,0,0,0,0,0,0,0,0,0, 0,0,0,0,0,5,0,0,0,0
21240,1,295,-55.4,68,32,-8.39599,5.79201,0,0,0,0,0,0,0,0,0,0,0, 0,0,0,0,0,5,0,0,0,0
21240,2,246,-54.4,72,32,-8.78149,6.28693,0,0,0,0,0,0,0,0,0,0,0, 0,0,0,0,0,5,0,0,0,0
21240,3,26,0.6,232,31.5,0.364418,34.7981,0,0,0,0,0,0,0,0,0,0,0, 0,0,0,0,0,5,0,0,0,0
21240,4,158,-49.8,76,32,-8.70727,7.35822,0,0,0,0,0,0,0,0,0,0,0, 0,0,0,0,0,5,0,0,0,0
21240,5,106,-45.9,80,32,-8.61752,8.35095,0,0,0,0,0,0,0,0,0,0,0, 0,0,0,0,0,5,0,0,0,0
21240,6,82,-45,84,32,-8.90955,8.90955,0,0,0,0,0,0,0,0,0,0,0, 0,0,0,0,0,5,0,0,0,0
21240,7,17,-1.2,216,30.75,-0.678535,32.3929,0,0,0,0,0,0,0,0,0,0,0, 0,0,0,0,0,5,0,0,0,0
21240,8,30,-3.6,216,31.25,-2.03441,32.3361,0,0,0,0,0,0,0,0,0,0,0, 0,0,0,0,0,5,0,0,0,0
21240,9,26,-3.6,216,32.25,-2.03441,32.3361,0,0,0,0,0,0,0,0,0,0,0, 0,0,0,0,0,5,0,0,0,0
21240,10,142,-56.5,60,32,-7.50497,4.96743,0,0,0,0,0,0,0,0,0,0,0, 0,0,0,0,0,5,0,0,0,0
21280,0,249,-56.5,64,32,-8.0053,5.2986,0,0,0,0,0,0,0,0,0,0,0, 0,0,0,0,0,6,0,0,0,0
21280,1,294,-55.4,68,32,-8.39599,5.79201,0,0,0,0,0,0,0,0,0,0,0, 0,0,0,0,0,6,0,0,0,0
21280,2,246,-54.4,72,32,-8.78149,6.28693,0,0,0,0,0,0,0,0,0,0,0, 0,0,0,0,0,6,0,0,0,0
21280,3,17,-4.8,232,32.25,-2.91199,34.678,0,0,0,0,0,0,0,0,0,0,0, 0,0,0,0,0,6,0,0,0,0
21280,4,160,-49.8,76,32,-8.70727,7.35822,0,0,0,0,0,0,0,0,0,0,0, 0,0,0,0,0,6,0,0,0,0
21280,5,109,-45.9,80,32,-8.61752,8.35095,0,0,0,0,0,0,0,0,0,0,0, 0,0,0,0,0,6,0,0,0,0
21280,6,33,-1.8,212,31.25,-0.998862,31.7843,0,0,0,0,0,0,0,0,0,0,0, 0,0,0,0,0,6,0,0,0,0
21280,7,26,-3,212,32.25,-1.66428,31.7564,0,0,0,0,0,0,0,0,0,0,0, 0,0,0,0,0,6,0,0,0,0
21280,8,17,-0.6,216,30.75,-0.339286,32.3982,0,0,0,0,0,0,0,0,0,0,0, 0,0,0,0,0,6,0,0,0,0
21280,9,29,-3,216,31.25,-1.69569,32.3556,0,0,0,0,0,0,0,0,0,0,0, 0,0,0,0,0,6,0,0,0,0
21280,10,25,-4.2,216,32.25,-2.37292,32.313,0,0,0,0,0,0,0,0,0,0,0, 0,0,0,0,0,6,0,0,0,0
21280,11,142,-56.5,60,32,-7.50497,4.96743,0,0,0,0,0,0,0,0,0,0,0, 0,0,0,0,0,6,0,0,0,0
21320,0,249,-56.5,64,32,-8.0053,5.2986,0,0,0,0,0,0,0,0,0,0,0, 0,0,0,0,0,7,0,0,0,0
21320,1,293,-55.4,68,32,-8.39599,5.79201,0,0,0,0,0,0,0,0,0,0,0, 0,0,0,0,0,7,0,0,0,0
21320,2,246,-54.4,72,32,-8.78149,6.28693,0,0,0,0,0,0,0,0,0,0,0, 0,0,0,0,0,7,0,0,0,0
21320,3,159,-51.6,76,32,-8.93411,7.08108,0,0,0,0,0,0,0,0,0,0,0, 0,0,0,0,0,7,0,0,0,0
21320,4,105,-48,80,32,-8.91774,8.02957,0,0,0,0,0,0,0,0,0,0,0, 0,0,0,0,0,7,0,0,0,0
21320,5,141,-57.4,60,32,-7.58207,4.84894,0,0,0,0,0,0,0,0,0,0,0, 0,0,0,0,0,7,0,0,0,0
21360,0,248,-56.5,64,32,-8.0053,5.2986,0,0,0,0,0,0,0,0,0,0,0, 0,0,0,0,0,8,0,0,0,0
21360,1,292,-56.5,68,32,-8.50564,5.62976,0,0,0,0,0,0,0,0,0,0,0, 0,0,0,0,0,8,0,0,0,0
21360,2,21,-4.8,228,31.75,-2.86178,34.0801,0,0,0,0,0,0,0,0,0,0,0, 0,0,0,0,0,8,0,0,0,0
21360,3,38,63.6,8,33,1.07485,0.533562,0,0,0,0,0,0,0,0,0,0,0, 0,0,0,0,0,8,0,0,0,0
21360,4,242,-54.4,72,32,-8.78149,6.28693,0,0,0,0,0,0,0,0,0,0,0, 0,0,0,0,0,8,0,0,0,0
21360,5,158,-49.8,76,32,-8.70727,7.35822,0,0,0,0,0,0,0,0,0,0,0, 0,0,0,0,0,8,0,0,0,0
21360,6,109,-45.9,80,32,-8.61752,8.35095,0,0,0,0,0,0,0,0,0,0,0, 0,0,0,0,0,8,0,0,0,0
21360,7,83,-48,84,32,-9.36363,8.43105,0,0,0,0,0,0,0,0,0,0,0, 0,0,0,0,0,8,0,0,0,0
21360,8,140,-57.4,60,32,-7.58207,4.84894,0,0,0,0,0,0,0,0,0,0,0, 0,0,0,0,0,8,0,0,0,0
21400,0,246,-56.5,64,32,-8.0053,5.2986,0,1334,0,0,0,0,0,0,0,0,0, 0,0,0,0,0,9,0,0,0,0
21400,1,292,-55.4,68,32,-8.39599,5.79201,0,1334,0,0,0,0,0,0,0,0,0, 0,0,0,0,0,9,0,0,0,0
21400,2,245,-54.4,72,32,-8.78149,6.28693,0,1334,0,0,0,0,0,0,0,0,0, 0,0,0,0,0,9,0,0,0,0
21400,3,157,-51.6,76,32,-8.93411,7.08108,0,1334,0,0,0,0,0,0,0,0,0, 0,0,0,0,0,9,0,0,0,0
21400,4,105,-46.7,80,32,-8.73327,8.22982,0,1334,0,0,0,0,0,0,0,0,0, 0,0,0,0,0,9,0,0,0,0
21400,5,85,-45.9,84,32,-9.04839,8.7685,0,1334,0,0,0,0,0,0,0,0,0, 0,0,0,0,0,9,0,0,0,0
21400,6,140,-57.4,60,32,-7.58207,4.84894,0,1334,0,0,0,0,0,0,0,0,0, 0,0,0,0,0,9,0,0,0,0
21400,7,28,1.3,220,31.25,0.748682,32.9915,0,1334,0,0,0,0,0,0,0,0,0, 0,0,0,0,0,9,0,0,0,0
21400,8,22,-0.6,220,32.25,-0.345569,32.9982,0,1334,0,0,0,0,0,0,0,0,0, 0,0,0,0,0,9,0,0,0,0
21440,0,246,-56.5,64,32,-8.0053,5.2986,0,0,0,0,0,0,0,0,0,0,0, 0,0,0,0,0,10,0,0,0,0
21440,1,27,-1.2,224,31.75,-0.703665,33.5926,0,0,0,0,0,0,0,0,0,0,0, 0,0,0,0,0,10,0,0,0,0
21440,2,32,-1.2,224,32.5,-0.703665,33.5926,0,0,0,0,0,0,0,0,0,0,0, 0,0,0,0,0,10,0,0,0,0
21440,3,292,-55.4,68,32,-8.39599,5.79201,0,0,0,0,0,0,0,0,0,0,0, 0,0,0,0,0,10,0,0,0,0
21440,4,48,69.6,8,33,1.12474,0.418287,0,0,0,0,0,0,0,0,0,0,0, 0,0,0,0,0,10,0,0,0,0
21440,5,244,-55.4,72,32,-8.88987,6.13271,0,0,0,0,0,0,0,0,0,0,0, 0,0,0,0,0,10,0,0,0,0
21440,6,20,0.1,232,31.75,0.0607374,34.7999,0,0,0,0,0,0,0,0,0,0,0, 0,0,0,0,0,10,0,0,0,0
21440,7,18,-0.6,232,32.25,-0.364418,34.7981,0,0,0,0,0,0,0,0,0,0,0, 0,0,0,0,0,10,0,0,0,0
21440,8,155,-53.4,76,32,-9.15212,6.79696,0,0,0,0,0,0,0,0,0,0,0, 0,0,0,0,0,10,0,0,0,0
21440,9,105,-46.7,80,32,-8.73327,8.22982,0,0,0,0,0,0,0,0,0,0,0, 0,0,0,0,0,10,0,0,0,0
21440,10,83,-45,84,32,-8.90955,8.90955,0,0,0,0,0,0,0,0,0,0,0, 0,0,0,0,0,10,0,0,0,0
21440,11,17,5.4,212,30.75,2.99264,31.6589,0,0,0,0,0,0,0,0,0,0,0, 0,0,0,0,0,10,0,0,0,0
21440,12,17,-7.2,216,30.75,-4.0608,32.1445,0,0,0,0,0,0,0,0,0,0,0, 0,0,0,0,0,10,0,0,0,0
21440,13,141,-58.4,60,32,-7.66554,4.71587,0,0,0,0,0,0,0,0,0,0,0, 0,0,0,0,0,10,0,0,0,0
21480,0,248,-57.4,64,32,-8.08754,5.1722,0,7936,0,0,0,0,0,0,0,0,0, 0,0,0,0,0,11,0,0,0,0
21480,1,292,-56.5,68,32,-8.50564,5.62976,0,7936,0,0,0,0,0,0,0,0,0, 0,0,0,0,0,11,0,0,0,0
21480,2,242,-55.4,72,32,-8.88987,6.13271,0,7936,0,0,0,0,0,0,0,0,0, 0,0,0,0,0,11,0,0,0,0
21480,3,155,-53.4,76,32,-9.15212,6.79696,0,7936,0,0,0,0,0,0,0,0,0, 0,0,0,0,0,11,0,0,0,0
21480,4,105,-46.7,80,32,-8.73327,8.22982,0,7936,0,0,0,0,0,0,0,0,0, 0,0,0,0,0,11,0,0,0,0
21480,5,22,-5.4,216,30.75,-3.04911,32.2562,0,7936,0,0,0,0,0,0,0,0,0, 0,0,0,0,0,11,0,0,0,0
21480,6,20,0.1,216,32.25,0.0565486,32.4,0,7936,0,0,0,0,0,0,0,0,0, 0,0,0,0,0,11,0,0,0,0
21480,7,140,-57.4,60,32,-7.58207,4.84894,0,7936,0,0,0,0,0,0,0,0,0, 0,0,0,0,0,11,0,0,0,0
21480,8,21,0.1,220,31.25,0.0575958,33,0,7936,0,0,0,0,0,0,0,0,0, 0,0,0,0,0,11,0,0,0,0
21520,0,248,-57.4,64,32,-8.08754,5.1722,0,1139,0,0,0,0,0,0,0,0,0, 0,0,0,0,0,12,0,0,0,0
21520,1,293,-56.5,68,32,-8.50564,5.62976,0,1139,0,0,0,0,0,0,0,0,0, 0,0,0,0,0,12,0,0,0,0
21520,2,47,71.1,8,33,1.1353,0.388701,0,1139,0,0,0,0,0,0,0,0,0, 0,0,0,0,0,12,0,0,0,0
21520,3,243,-55.4,72,32,-8.88987,6.13271,0,1139,0,0,0,0,0,0,0,0,0, 0,0,0,0,0,12,0,0,0,0
21520,4,154,-51.6,76,32,-8.93411,7.08108,0,1139,0,0,0,0,0,0,0,0,0, 0,0,0,0,0,12,0,0,0,0
21520,5,103,-45.9,80,32,-8.61752,8.35095,0,1139,0,0,0,0,0,0,0,0,0, 0,0,0,0,0,12,0,0,0,0
21520,6,83,-43.6,84,32,-8.68921,9.12457,0,1139,0,0,0,0,0,0,0,0,0, 0,0,0,0,0,12,0,0,0,0
21520,7,141,-57.4,60,32,-7.58207,4.84894,0,1139,0,0,0,0,0,0,0,0,0, 0,0,0,0,0,12,0,0,0,0
21560,0,249,-56.5,64,32,-8.0053,5.2986,0,86,0,0,0,0,0,0,0,0,0, 0,0,0,0,0,13,0,0,0,0
21560,1,293,-56.5,68,32,-8.50564,5.62976,0,86,0,0,0,0,0,0,0,0,0, 0,0,0,0,0,13,0,0,0,0
21560,2,244,-55.4,72,32,-8.88987,6.13271,0,86,0,0,0,0,0,0,0,0,0, 0,0,0,0,0,13,0,0,0,0
21560,3,155,-51.6,76,32,-8.93411,7.08108,0,86,0,0,0,0,0,0,0,0,0, 0,0,0,0,0,13,0,0,0,0
21560,4,103,-45.9,80,32,-8.61752,8.35095,0,86,0,0,0,0,0,0,0,0,0, 0,0,0,0,0,13,0,0,0,0
21560,5,84,-42.9,84,32,-8.57708,9.23004,0,86,0,0,0,0,0,0,0,0,0, 0,0,0,0,0,13,0,0,0,0
21560,6,143,-57.4,60,32,-7.58207,4.84894,0,86,0,0,0,0,0,0,0,0,0, 0,0,0,0,0,13,0,0,0,0
21600,0,249,-57.4,64,32,-8.08754,5.1722,0,0,0,0,0,0,0,0,0,0,0, 0,0,0,0,0,14,0,0,0,0
21600,1,291,-56.5,68,32,-8.50564,5.62976,0,0,0,0,0,0,0,0,0,0,0, 0,0,0,0,0,14,0,0,0,0
21600,2,241,-56.5,72,32,-9.00597,5.96092,0,0,0,0,0,0,0,0,0,0,0, 0,0,0,0,0,14,0,0,0,0
21600,3,150,-53.4,76,32,-9.15212,6.79696,0,0,0,0,0,0,0,0,0,0,0, 0,0,0,0,0,14,0,0,0,0
21600,4,101,-45,80,32,-8.48528,8.48528,0,0,0,0,0,0,0,0,0,0,0, 0,0,0,0,0,14,0,0,0,0
21600,5,139,-57.4,60,32,-7.58207,4.84894,0,0,0,0,0,0,0,0,0,0,0, 0,0,0,0,0,14,0,0,0,0
21600,6,31,0.1,220,31.25,0.0575958,33,0,0,0,0,0,0,0,0,0,0,0, 0,0,0,0,0,14,0,0,0,0
21600,7,27,2.4,220,32.25,1.3819,32.9711,0,0,0,0,0,0,0,0,0,0,0, 0,0,0,0,0,14,0,0,0,0
21640,0,248,-57.4,64,32,-8.08754,5.1722,0,0,0,0,0,0,0,0,0,0,0, 0,0,0,0,0,15,0,0,0,0
21640,1,292,-56.5,68,32,-8.50564,5.62976,0,0,0,0,0,0,0,0,0,0,0, 0,0,0,0,0,15,0,0,0,0
21640,2,243,-55.4,72,32,-8.88987,6.13271,0,0,0,0,0,0,0,0,0,0,0, 0,0,0,0,0,15,0,0,0,0
21640,3,156,-51.6,76,32,-8.93411,7.08108,0,0,0,0,0,0,0,0,0,0,0, 0,0,0,0,0,15,0,0,0,0
21640,4,107,-46.7,80,32,-8.73327,8.22982,0,0,0,0,0,0,0,0,0,0,0, 0,0,0,0,0,15,0,0,0,0
21640,5,140,-57.4,60,32,-7.58207,4.84894,0,0,0,0,0,0,0,0,0,0,0, 0,0,0,0,0,15,0,0,0,0
21640,6,15,8.8,252,59,5.78286,37.355,0,0,0,0,0,0,0,0,0,0,0, 0,0,0,0,0,15,0,0,0,0
21680,0,248,-56.5,64,32,-8.0053,5.2986,0,0,0,0,0,0,0,0,0,0,0, 0,0,0,0,0,0,0,0,0,0
21680,1,292,-56.5,68,32,-8.50564,5.62976,0,0,0,0,0,0,0,0,0,0,0, 0,0,0,0,0,0,0,0,0,0
21680,2,45,65.6,8,33,1.09282,0.495725,0,0,0,0,0,0,0,0,0,0,0, 0,0,0,0,0,0,0,0,0,0
21680,3,243,-55.4,72,32,-8.88987,6.13271,0,0,0,0,0,0,0,0,0,0,0, 0,0,0,0,0,0,0,0,0,0
21680,4,158,-51.6,76,32,-8.93411,7.08108,0,0,0,0,0,0,0,0,0,0,0, 0,0,0,0,0,0,0,0,0,0
21680,5,107,-48,80,32,-8.91774,8.02957,0,0,0,0,0,0,0,0,0,0,0, 0,0,0,0,0,0,0,0,0,0
21680,6,140,-57.4,60,32,-7.58207,4.84894,0,0,0,0,0,0,0,0,0,0,0, 0,0,0,0,0,0,0,0,0,0
21680,7,18,-2.4,220,31.75,-1.3819,32.9711,0,0,0,0,0,0,0,0,0,0,0, 0,0,0,0,0,0,0,0,0,0
21680,8,12,53.2,220,35,26.4241,19.7678,0,0,0,0,0,0,0,0,0,0,0, 0,0,0,0,0,0,0,0,0,0
21720,0,249,-56.5,64,32,-8.0053,5.2986,0,0,0,0,0,0,0,0,0,0,0, 0,0,0,0,0,1,0,0,0,0
21720,1,291,-56.5,68,32,-8.50564,5.62976,0,0,0,0,0,0,0,0,0,0,0, 0,0,0,0,0,1,0,0,0,0
21720,2,245,-55.4,72,32,-8.88987,6.13271,0,0,0,0,0,0,0,0,0,0,0, 0,0,0,0,0,1,0,0,0,0
21720,3,157,-51.6,76,32,-8.93411,7.08108,0,0,0,0,0,0,0,0,0,0,0, 0,0,0,0,0,1,0,0,0,0
21720,4,105,-48,80,32,-8.91774,8.02957,0,0,0,0,0,0,0,0,0,0,0, 0,0,0,0,0,1,0,0,0,0
21720,5,24,-3.6,216,32.25,-2.03441,32.3361,0,0,0,0,0,0,0,0,0,0,0, 0,0,0,0,0,1,0,0,0,0
21720,6,141,-57.4,60,32,-7.58207,4.84894,0,0,0,0,0,0,0,0,0,0,0, 0,0,0,0,0,1,0,0,0,0
21760,0,249,-57.4,64,32,-8.08754,5.1722,0,0,0,0,0,0,0,0,0,0,0, 0,0,0,0,0,2,0,0,0,0
21760,1,292,-56.5,68,32,-8.50564,5.62976,0,0,0,0,0,0,0,0,0,0,0, 0,0,0,0,0,2,0,0,0,0
21760,2,244,-55.4,72,32,-8.88987,6.13271,0,0,0,0,0,0,0,0,0,0,0, 0,0,0,0,0,2,0,0,0,0
21760,3,157,-51.6,76,32,-8.93411,7.08108,0,0,0,0,0,0,0,0,0,0,0, 0,0,0,0,0,2,0,0,0,0
21760,4,106,-48,80,32,-8.91774,8.02957,0,0,0,0,0,0,0,0,0,0,0, 0,0,0,0,0,2,0,0,0,0
21760,5,29,1.3,216,31.25,0.73507,32.3917,0,0,0,0,0,0,0,0,0,0,0, 0,0,0,0,0,2,0,0,0,0
21760,6,139,-57.4,60,32,-7.58207,4.84894,0,0,0,0,0,0,0,0,0,0,0, 0,0,0,0,0,2,0,0,0,0
21800,0,246,-57.4,64,32,-8.08754,5.1722,0,0,0,0,0,0,0,0,0,0,0, 0,0,0,0,0,3,0,0,0,0
21800,1,291,-56.5,68,32,-8.50564,5.62976,0,0,0,0,0,0,0,0,0,0,0, 0,0,0,0,0,3,0,0,0,0
21800,2,28,2.4,228,31.25,1.43215,34.17,0,0,0,0,0,0,0,0,0,0,0, 0,0,0,0,0,3,0,0,0,0
21800,3,26,2.4,228,32.25,1.43215,34.17,0,0,0,0,0,0,0,0,0,0,0, 0,0,0,0,0,3,0,0,0,0
21800,4,244,-55.4,72,32,-8.88987,6.13271,0,0,0,0,0,0,0,0,0,0,0, 0,0,0,0,0,3,0,0,0,0
21800,5,158,-51.6,76,32,-8.93411,7.08108,0,0,0,0,0,0,0,0,0,0,0, 0,0,0,0,0,3,0,0,0,0
21800,6,105,-46.7,80,32,-8.73327,8.22982,0,0,0,0,0,0,0,0,0,0,0, 0,0,0,0,0,3,0,0,0,0
21800,7,19,1.8,216,30.75,1.01771,32.384,0,0,0,0,0,0,0,0,0,0,0, 0,0,0,0,0,3,0,0,0,0
21800,8,139,-58.4,60,32,-7.66554,4.71587,0,0,0,0,0,0,0,0,0,0,0, 0,0,0,0,0,3,0,0,0,0
21840,0,246,-57.4,64,32,-8.08754,5.1722,0,0,0,0,0,0,0,0,0,0,0, 0,0,0,0,0,4,0,0,0,0
21840,1,293,-56.5,68,32,-8.50564,5.62976,0,0,0,0,0,0,0,0,0,0,0, 0,0,0,0,0,4,0,0,0,0
21840,2,20,4.8,228,32.5,2.86178,34.0801,0,0,0,0,0,0,0,0,0,0,0, 0,0,0,0,0,4,0,0,0,0
21840,3,244,-55.4,72,32,-8.88987,6.13271,0,0,0,0,0,0,0,0,0,0,0, 0,0,0,0,0,4,0,0,0,0
21840,4,158,-49.8,76,32,-8.70727,7.35822,0,0,0,0,0,0,0,0,0,0,0, 0,0,0,0,0,4,0,0,0,0
21840,5,110,-45,80,32,-8.48528,8.48528,0,0,0,0,0,0,0,0,0,0,0, 0,0,0,0,0,4,0,0,0,0
21840,6,86,-43.6,84,32,-8.68921,9.12457,0,0,0,0,0,0,0,0,0,0,0, 0,0,0,0,0,4,0,0,0,0
21840,7,23,1.3,216,30.75,0.73507,32.3917,0,0,0,0,0,0,0,0,0,0,0, 0,0,0,0,0,4,0,0,0,0
21840,8,35,1.3,216,31.25,0.73507,32.3917,0,0,0,0,0,0,0,0,0,0,0, 0,0,0,0,0,4,0,0,0,0
21840,9,27,0.1,216,32.25,0.0565486,32.4,0,0,0,0,0,0,0,0,0,0,0, 0,0,0,0,0,4,0,0,0,0
21840,10,139,-58.4,60,32,-7.66554,4.71587,0,0,0,0,0,0,0,0,0,0,0, 0,0,0,0,0,4,0,0,0,0
21880,0,246,-57.4,64,32,-8.08754,5.1722,0,0,0,0,0,0,0,0,0,0,0, 0,0,0,0,0,5,0,0,0,0
21880,1,20,0.1,224,31.25,0.058643,33.5999,0,0,0,0,0,0,0,0,0,0,0, 0,0,0,0,0,5,0,0,0,0
21880,2,27,1.3,224,32.25,0.762294,33.5914,0,0,0,0,0,0,0,0,0,0,0, 0,0,0,0,0,5,0,0,0,0
21880,3,16,0.6,224,33,0.351852,33.5982,0,0,0,0,0,0,0,0,0,0,0, 0,0,0,0,0,5,0,0,0,0
21880,4,291,-56.5,68,32,-8.50564,5.62976,0,0,0,0,0,0,0,0,0,0,0, 0,0,0,0,0,5,0,0,0,0
21880,5,36,1.8,228,31.5,1.07425,34.1831,0,0,0,0,0,0,0,0,0,0,0, 0,0,0,0,0,5,0,0,0,0
21880,6,41,65.6,8,33,1.09282,0.495725,0,0,0,0,0,0,0,0,0,0,0, 0,0,0,0,0,5,0,0,0,0
21880,7,243,-55.4,72,32,-8.88987,6.13271,0,0,0,0,0,0,0,0,0,0,0, 0,0,0,0,0,5,0,0,0,0
21880,8,158,-51.6,76,32,-8.93411,7.08108,0,0,0,0,0,0,0,0,0,0,0, 0,0,0,0,0,5,0,0,0,0
21880,9,111,-44.2,80,32,-8.36598,8.60293,0,0,0,0,0,0,0,0,0,0,0, 0,0,0,0,0,5,0,0,0,0
21880,10,89,-42.9,84,32,-8.57708,9.23004,0,0,0,0,0,0,0,0,0,0,0, 0,0,0,0,0,5,0,0,0,0
21880,11,140,-59.4,60,32,-7.74668,4.58137,0,0,0,0,0,0,0,0,0,0,0, 0,0,0,0,0,5,0,0,0,0
21880,12,24,-1.2,220,30.75,-0.6911,32.9928,0,0,0,0,0,0,0,0,0,0,0, 0,0,0,0,0,5,0,0,0,0
21880,13,36,-0.6,220,31.25,-0.345569,32.9982,0,0,0,0,0,0,0,0,0,0,0, 0,0,0,0,0,5,0,0,0,0
21880,14,23,-1.8,220,32.25,-1.03656,32.9837,0,0,0,0,0,0,0,0,0,0,0, 0,0,0,0,0,5,0,0,0,0
21920,0,244,-58.4,64,32,-8.17658,5.03026,0,0,0,0,0,0,0,0,0,0,0, 0,0,0,0,0,6,0,0,0,0
21920,1,289,-56.5,68,32,-8.50564,5.62976,0,0,0,0,0,0,0,0,0,0,0, 0,0,0,0,0,6,0,0,0,0
21920,2,38,71.1,8,33,1.1353,0.388701,0,0,0,0,0,0,0,0,0,0,0, 0,0,0,0,0,6,0,0,0,0
21920,3,242,-55.4,72,32,-8.88987,6.13271,0,0,0,0,0,0,0,0,0,0,0, 0,0,0,0,0,6,0,0,0,0
21920,4,157,-51.6,76,32,-8.93411,7.08108,0,0,0,0,0,0,0,0,0,0,0, 0,0,0,0,0,6,0,0,0,0
21920,5,18,-1.2,236,32.5,-0.741362,35.3922,0,0,0,0,0,0,0,0,0,0,0, 0,0,0,0,0,6,0,0,0,0
21920,6,109,-44.2,80,32,-8.36598,8.60293,0,0,0,0,0,0,0,0,0,0,0, 0,0,0,0,0,6,0,0,0,0
21920,7,85,-42.9,84,32,-8.57708,9.23004,0,0,0,0,0,0,0,0,0,0,0, 0,0,0,0,0,6,0,0,0,0
21920,8,140,-58.4,60,32,-7.66554,4.71587,0,0,0,0,0,0,0,0,0,0,0, 0,0,0,0,0,6,0,0,0,0
21920,9,25,-1.2,220,31.5,-0.6911,32.9928,0,0,0,0,0,0,0,0,0,0,0, 0,0,0,0,0,6,0,0,0,0
21960,0,247,-57.4,64,32,-8.08754,5.1722,0,0,0,0,0,0,0,0,0,0,0, 0,0,0,0,0,7,0,0,0,0
21960,1,290,-56.5,68,32,-8.50564,5.62976,0,0,0,0,0,0,0,0,0,0,0, 0,0,0,0,0,7,0,0,0,0
21960,2,21,2.4,228,30.75,1.43215,34.17,0,0,0,0,0,0,0,0,0,0,0, 0,0,0,0,0,7,0,0,0,0
21960,3,31,0.1,228,31.25,0.0596902,34.1999,0,0,0,0,0,0,0,0,0,0,0, 0,0,0,0,0,7,0,0,0,0
21960,4,23,-4.8,228,32.25,-2.86178,34.0801,0,0,0,0,0,0,0,0,0,0,0, 0,0,0,0,0,7,0,0,0,0
21960,5,242,-55.4,72,32,-8.88987,6.13271,0,0,0,0,0,0,0,0,0,0,0, 0,0,0,0,0,7,0,0,0,0
21960,6,27,-1.8,232,31.75,-1.09309,34.7828,0,0,0,0,0,0,0,0,0,0,0, 0,0,0,0,0,7,0,0,0,0
21960,7,26,-1.8,232,32.25,-1.09309,34.7828,0,0,0,0,0,0,0,0,0,0,0, 0,0,0,0,0,7,0,0,0,0
21960,8,156,-51.6,76,32,-8.93411,7.08108,0,0,0,0,0,0,0,0,0,0,0, 0,0,0,0,0,7,0,0,0,0
21960,9,104,-46.7,80,32,-8.73327,8.22982,0,0,0,0,0,0,0,0,0,0,0, 0,0,0,0,0,7,0,0,0,0
21960,10,139,-58.4,60,32,-7.66554,4.71587,0,0,0,0,0,0,0,0,0,0,0, 0,0,0,0,0,7,0,0,0,0
22000,0,247,-56.5,64,32,-8.0053,5.2986,0,0,0,0,0,0,0,0,0,0,0, 0,0,0,0,0,8,0,0,0,0
22000,1,294,-55.4,68,32,-8.39599,5.79201,0,0,0,0,0,0,0,0,0,0,0, 0,0,0,0,0,8,0,0,0,0
22000,2,246,-54.4,72,32,-8.78149,6.28693,0,0,0,0,0,0,0,0,0,0,0, 0,0,0,0,0,8,0,0,0,0
22000,3,156,-51.6,76,32,-8.93411,7.08108,0,0,0,0,0,0,0,0,0,0,0, 0,0,0,0,0,8,0,0,0,0
22000,4,104,-48,80,32,-8.91774,8.02957,0,0,0,0,0,0,0,0,0,0,0, 0,0,0,0,0,8,0,0,0,0
22000,5,23,-3.6,216,31.25,-2.03441,32.3361,0,0,0,0,0,0,0,0,0,0,0, 0,0,0,0,0,8,0,0,0,0
22000,6,141,-57.4,60,32,-7.58207,4.84894,0,0,0,0,0,0,0,0,0,0,0, 0,0,0,0,0,8,0,0,0,0
22040,0,248,-56.5,64,32,-8.0053,5.2986,0,1334,0,0,0,0,0,0,0,0,0, 0,0,0,0,0,9,0,0,0,0
22040,1,295,-55.4,68,32,-8.39599,5.79201,0,1334,0,0,0,0,0,0,0,0,0, 0,0,0,0,0,9,0,0,0,0
22040,2,246,-54.4,72,32,-8.78149,6.28693,0,1334,0,0,0,0,0,0,0,0,0, 0,0,0,0,0,9,0,0,0,0
22040,3,156,-51.6,76,32,-8.93411,7.08108,0,1334,0,0,0,0,0,0,0,0,0, 0,0,0,0,0,9,0,0,0,0
22040,4,13,-14.4,396,15.25,-14.7722,57.5338,0,1334,0,0,0,0,0,0,0,0,0, 0,0,0,0,0,9,0,0,0,0
22040,5,100,-48,80,32,-8.91774,8.02957,0,1334,0,0,0,0,0,0,0,0,0, 0,0,0,0,0,9,0,0,0,0
22040,6,142,-58.4,60,32,-7.66554,4.71587,0,1334,0,0,0,0,0,0,0,0,0, 0,0,0,0,0,9,0,0,0,0
22080,0,247,-57.4,64,32,-8.08754,5.1722,0,0,0,0,0,0,0,0,0,0,0, 0,0,0,0,0,10,0,0,0,0
22080,1,294,-56.5,68,32,-8.50564,5.62976,0,0,0,0,0,0,0,0,0,0,0, 0,0,0,0,0,10,0,0,0,0
22080,2,245,-54.4,72,32,-8.78149,6.28693,0,0,0,0,0,0,0,0,0,0,0, 0,0,0,0,0,10,0,0,0,0
22080,3,152,-51.6,76,32,-8.93411,7.08108,0,0,0,0,0,0,0,0,0,0,0, 0,0,0,0,0,10,0,0,0,0
22080,4,95,-48,80,32,-8.91774,8.02957,0,0,0,0,0,0,0,0,0,0,0, 0,0,0,0,0,10,0,0,0,0
22080,5,140,-58.4,60,32,-7.66554,4.71587,0,0,0,0,0,0,0,0,0,0,0, 0,0,0,0,0,10,0,0,0,0
22120,0,248,-57.4,64,32,-8.08754,5.1722,0,7936,0,0,0,0,0,0,0,0,0, 0,0,0,0,0,11,0,0,0,0
22120,1,293,-56.5,68,32,-8.50564,5.62976,0,7936,0,0,0,0,0,0,0,0,0, 0,0,0,0,0,11,0,0,0,0
22120,2,43,68.6,8,33,1.11727,0.437852,0,7936,0,0,0,0,0,0,0,0,0, 0,0,0,0,0,11,0,0,0,0
22120,3,244,-54.4,72,32,-8.78149,6.28693,0,7936,0,0,0,0,0,0,0,0,0, 0,0,0,0,0,11,0,0,0,0
22120,4,156,-49.8,76,32,-8.70727,7.35822,0,7936,0,0,0,0,0,0,0,0,0, 0,0,0,0,0,11,0,0,0,0
22120,5,103,-45.9,80,32,-8.61752,8.35095,0,7936,0,0,0,0,0,0,0,0,0, 0,0,0,0,0,11,0,0,0,0
22120,6,139,-58.4,60,32,-7.66554,4.71587,0,7936,0,0,0,0,0,0,0,0,0, 0,0,0,0,0,11,0,0,0,0
22160,0,246,-57.4,64,32,-8.08754,5.1722,0,1139,0,0,0,0,0,0,0,0,0, 0,0,0,0,0,12,0,0,0,0
22160,1,290,-56.5,68,32,-8.50564,5.62976,0,1139,0,0,0,0,0,0,0,0,0, 0,0,0,0,0,12,0,0,0,0
22160,2,37,75.1,8,33,1.15965,0.308559,0,1139,0,0,0,0,0,0,0,0,0, 0,0,0,0,0,12,0,0,0,0
22160,3,242,-55.4,72,32,-8.88987,6.13271,0,1139,0,0,0,0,0,0,0,0,0, 0,0,0,0,0,12,0,0,0,0
22160,4,154,-49.8,76,32,-8.70727,7.35822,0,1139,0,0,0,0,0,0,0,0,0, 0,0,0,0,0,12,0,0,0,0
22160,5,102,-45.9,80,32,-8.61752,8.35095,0,1139,0,0,0,0,0,0,0,0,0, 0,0,0,0,0,12,0,0,0,0
22160,6,140,-58.4,60,32,-7.66554,4.71587,0,1139,0,0,0,0,0,0,0,0,0, 0,0,0,0,0,12,0,0,0,0
22200,0,245,-57.4,64,32,-8.08754,5.1722,0,86,0,0,0,0,0,0,0,0,0, 0,0,0,0,0,13,0,0,0,0
22200,1,30,-1.2,224,31.75,-0.703665,33.5926,0,86,0,0,0,0,0,0,0,0,0, 0,0,0,0,0,13,0,0,0,0
22200,2,288,-56.5,68,32,-8.50564,5.62976,0,86,0,0,0,0,0,0,0,0,0, 0,0,0,0,0,13,0,0,0,0
22200,3,45,67.6,8,33,1.10946,0.457284,0,86,0,0,0,0,0,0,0,0,0, 0,0,0,0,0,13,0,0,0,0
22200,4,239,-55.4,72,32,-8.88987,6.13271,0,86,0,0,0,0,0,0,0,0,0, 0,0,0,0,0,13,0,0,0,0
22200,5,153,-51.6,76,32,-8.93411,7.08108,0,86,0,0,0,0,0,0,0,0,0, 0,0,0,0,0,13,0,0,0,0
22200,6,100,-45.9,80,32,-8.61752,8.35095,0,86,0,0,0,0,0,0,0,0,0, 0,0,0,0,0,13,0,0,0,0
22200,7,139,-58.4,60,32,-7.66554,4.71587,0,86,0,0,0,0,0,0,0,0,0, 0,0,0,0,0,13,0,0,0,0
22240,0,245,-58.4,64,32,-8.17658,5.03026,0,0,0,0,0,0,0,0,0,0,0, 0,0,0,0,0,14,0,0,0,0
22240,1,25,0.6,224,31.25,0.351852,33.5982,0,0,0,0,0,0,0,0,0,0,0, 0,0,0,0,0,14,0,0,0,0
22240,2,288,-56.5,68,32,-8.50564,5.62976,0,0,0,0,0,0,0,0,0,0,0, 0,0,0,0,0,14,0,0,0,0
22240,3,39,3.1,228,31.25,1.8495,34.15,0,0,0,0,0,0,0,0,0,0,0, 0,0,0,0,0,14,0,0,0,0
22240,4,32,2.4,228,32.25,1.43215,34.17,0,0,0,0,0,0,0,0,0,0,0, 0,0,0,0,0,14,0,0,0,0
22240,5,242,-55.4,72,32,-8.88987,6.13271,0,0,0,0,0,0,0,0,0,0,0, 0,0,0,0,0,14,0,0,0,0
22240,6,153,-49.8,76,32,-8.70727,7.35822,0,0,0,0,0,0,0,0,0,0,0, 0,0,0,0,0,14,0,0,0,0
22240,7,103,-45.9,80,32,-8.61752,8.35095,0,0,0,0,0,0,0,0,0,0,0, 0,0,0,0,0,14,0,0,0,0
22240,8,138,-59.4,60,32,-7.74668,4.58137,0,0,0,0,0,0,0,0,0,0,0, 0,0,0,0,0,14,0,0,0,0
22280,0,245,-58.4,64,32,-8.17658,5.03026,0,0,0,0,0,0,0,0,0,0,0, 0,0,0,0,0,15,0,0,0,0
22280,1,17,-2.4,224,31.75,-1.40702,33.5705,0,0,0,0,0,0,0,0,0,0,0, 0,0,0,0,0,15,0,0,0,0
22280,2,288,-56.5,68,32,-8.50564,5.62976,0,0,0,0,0,0,0,0,0,0,0, 0,0,0,0,0,15,0,0,0,0
22280,3,240,-55.4,72,32,-8.88987,6.13271,0,0,0,0,0,0,0,0,0,0,0, 0,0,0,0,0,15,0,0,0,0
22280,4,155,-51.6,76,32,-8.93411,7.08108,0,0,0,0,0,0,0,0,0,0,0, 0,0,0,0,0,15,0,0,0,0
22280,5,104,-45.9,80,32,-8.61752,8.35095,0,0,0,0,0,0,0,0,0,0,0, 0,0,0,0,0,15,0,0,0,0
22280,6,140,-59.4,60,32,-7.74668,4.58137,0,0,0,0,0,0,0,0,0,0,0, 0,0,0,0,0,15,0,0,0,0
22320,0,244,-58.4,64,32,-8.17658,5.03026,0,0,0,0,0,0,0,0,0,0,0, 0,0,0,0,0,0,0,0,0,0
22320,1,289,-56.5,68,32,-8.50564,5.62976,0,0,0,0,0,0,0,0,0,0,0, 0,0,0,0,0,0,0,0,0,0
22320,2,241,-55.4,72,32,-8.88987,6.13271,0,0,0,0,0,0,0,0,0,0,0, 0,0,0,0,0,0,0,0,0,0
22320,3,155,-49.8,76,32,-8.70727,7.35822,0,0,0,0,0,0,0,0,0,0,0, 0,0,0,0,0,0,0,0,0,0
22320,4,105,-45,80,32,-8.48528,8.48528,0,0,0,0,0,0,0,0,0,0,0, 0,0,0,0,0,0,0,0,0,0
22320,5,19,1.8,216,32.25,1.01771,32.384,0,0,0,0,0,0,0,0,0,0,0, 0,0,0,0,0,0,0,0,0,0
22320,6,140,-59.4,60,32,-7.74668,4.58137,0,0,0,0,0,0,0,0,0,0,0, 0,0,0,0,0,0,0,0,0,0
22360,0,244,-58.4,64,32,-8.17658,5.03026,0,0,0,0,0,0,0,0,0,0,0, 0,0,0,0,0,1,0,0,0,0
22360,1,26,-2.4,224,31.25,-1.40702,33.5705,0,0,0,0,0,0,0,0,0,0,0, 0,0,0,0,0,1,0,0,0,0
22360,2,19,0.6,224,32.25,0.351852,33.5982,0,0,0,0,0,0,0,0,0,0,0, 0,0,0,0,0,1,0,0,0,0
22360,3,290,-57.4,68,32,-8.59301,5.49546,0,0,0,0,0,0,0,0,0,0,0, 0,0,0,0,0,1,0,0,0,0
22360,4,241,-55.4,72,32,-8.88987,6.13271,0,0,0,0,0,0,0,0,0,0,0, 0,0,0,0,0,1,0,0,0,0
22360,5,154,-49.8,76,32,-8.70727,7.35822,0,0,0,0,0,0,0,0,0,0,0, 0,0,0,0,0,1,0,0,0,0
22360,6,106,-43.6,80,32,-8.27543,8.69006,0,0,0,0,0,0,0,0,0,0,0, 0,0,0,0,0,1,0,0,0,0
22360,7,139,-59.4,60,32,-7.74668,4.58137,0,0,0,0,0,0,0,0,0,0,0, 0,0,0,0,0,1,0,0,0,0
22400,0,246,-58.4,64,32,-8.17658,5.03026,0,0,0,0,0,0,0,0,0,0,0, 0,0,0,0,0,2,0,0,0,0
22400,1,289,-56.5,68,32,-8.50564,5.62976,0,0,0,0,0,0,0,0,0,0,0, 0,0,0,0,0,2,0,0,0,0
22400,2,243,-55.4,72,32,-8.88987,6.13271,0,0,0,0,0,0,0,0,0,0,0, 0,0,0,0,0,2,0,0,0,0
22400,3,158,-48,76,32,-8.47185,7.62809,0,0,0,0,0,0,0,0,0,0,0, 0,0,0,0,0,2,0,0,0,0
22400,4,110,-44.2,80,32,-8.36598,8.60293,0,0,0,0,0,0,0,0,0,0,0, 0,0,0,0,0,2,0,0,0,0
22400,5,139,-59.4,60,32,-7.74668,4.58137,0,0,0,0,0,0,0,0,0,0,0, 0,0,0,0,0,2,0,0,0,0
22400,6,23,-1.8,220,31.75,-1.03656,32.9837,0,0,0,0,0,0,0,0,0,0,0, 0,0,0,0,0,2,0,0,0,0
22400,7,20,-2.4,220,32.25,-1.3819,32.9711,0,0,0,0,0,0,0,0,0,0,0, 0,0,0,0,0,2,0,0,0,0
22440,0,247,-58.4,64,32,-8.17658,5.03026,0,0,0,0,0,0,0,0,0,0,0, 0,0,0,0,0,3,0,0,0,0
22440,1,30,-1.8,224,31.75,-1.0554,33.5834,0,0,0,0,0,0,0,0,0,0,0, 0,0,0,0,0,3,0,0,0,0
22440,2,24,-6,224,32.25,-3.51216,33.4159,0,0,0,0,0,0,0,0,0,0,0, 0,0,0,0,0,3,0,0,0,0
22440,3,289,-57.4,68,32,-8.59301,5.49546,0,0,0,0,0,0,0,0,0,0,0, 0,0,0,0,0,3,0,0,0,0
22440,4,38,68.6,8,33,1.11727,0.437852,0,0,0,0,0,0,0,0,0,0,0, 0,0,0,0,0,3,0,0,0,0
22440,5,243,-55.4,72,32,-8.88987,6.13271,0,0,0,0,0,0,0,0,0,0,0, 0,0,0,0,0,3,0,0,0,0
22440,6,158,-49.8,76,32,-8.70727,7.35822,0,0,0,0,0,0,0,0,0,0,0, 0,0,0,0,0,3,0,0,0,0
22440,7,107,-45,80,32,-8.48528,8.48528,0,0,0,0,0,0,0,0,0,0,0, 0,0,0,0,0,3,0,0,0,0
22440,8,20,0.6,216,32.25,0.339286,32.3982,0,0,0,0,0,0,0,0,0,0,0, 0,0,0,0,0,3,0,0,0,0
22440,9,139,-59.4,60,32,-7.74668,4.58137,0,0,0,0,0,0,0,0,0,0,0, 0,0,0,0,0,3,0,0,0,0
22440,10,36,-0.6,220,31.75,-0.345569,32.9982,0,0,0,0,0,0,0,0,0,0,0, 0,0,0,0,0,3,0,0,0,0
22440,11,33,1.3,220,32.25,0.748682,32.9915,0,0,0,0,0,0,0,0,0,0,0, 0,0,0,0,0,3,0,0,0,0
22480,0,247,-58.4,64,32,-8.17658,5.03026,0,0,0,0,0,0,0,0,0,0,0, 0,0,0,0,0,4,0,0,0,0
22480,1,27,1.3,224,30.75,0.762294,33.5914,0,0,0,0,0,0,0,0,0,0,0, 0,0,0,0,0,4,0,0,0,0
22480,2,48,-1.8,224,31.25,-1.0554,33.5834,0,0,0,0,0,0,0,0,0,0,0, 0,0,0,0,0,4,0,0,0,0
22480,3,37,-2.4,224,32.25,-1.40702,33.5705,0,0,0,0,0,0,0,0,0,0,0, 0,0,0,0,0,4,0,0,0,0
22480,4,291,-56.5,68,32,-8.50564,5.62976,0,0,0,0,0,0,0,0,0,0,0, 0,0,0,0,0,4,0,0,0,0
22480,5,242,-55.4,72,32,-8.88987,6.13271,0,0,0,0,0,0,0,0,0,0,0, 0,0,0,0,0,4,0,0,0,0
22480,6,155,-49.8,76,32,-8.70727,7.35822,0,0,0,0,0,0,0,0,0,0,0, 0,0,0,0,0,4,0,0,0,0
22480,7,104,-45.9,80,32,-8.61752,8.35095,0,0,0,0,0,0,0,0,0,0,0, 0,0,0,0,0,4,0,0,0,0
22480,8,140,-59.4,60,32,-7.74668,4.58137,0,0,0,0,0,0,0,0,0,0,0, 0,0,0,0,0,4,0,0,0,0
22480,9,33,0.1,220,31.25,0.0575958,33,0,0,0,0,0,0,0,0,0,0,0, 0,0,0,0,0,4,0,0,0,0
22480,10,24,0.1,220,32.25,0.0575958,33,0,0,0,0,0,0,0,0,0,0,0, 0,0,0,0,0,4,0,0,0,0
22520,0,247,-58.4,64,32,-8.17658,5.03026,0,0,0,0,0,0,0,0,0,0,0, 0,0,0,0,0,5,0,0,0,0
22520,1,36,-3,224,30.75,-1.75849,33.554,0,0,0,0,0,0,0,0,0,0,0, 0,0,0,0,0,5,0,0,0,0
22520,2,59,-2.4,224,31.25,-1.40702,33.5705,0,0,0,0,0,0,0,0,0,0,0, 0,0,0,0,0,5,0,0,0,0
22520,3,45,-2.4,224,32.25,-1.40702,33.5705,0,0,0,0,0,0,0,0,0,0,0, 0,0,0,0,0,5,0,0,0,0
22520,4,292,-56.5,68,32,-8.50564,5.62976,0,0,0,0,0,0,0,0,0,0,0, 0,0,0,0,0,5,0,0,0,0
22520,5,31,-5.4,228,30.75,-3.2185,34.0482,0,0,0,0,0,0,0,0,0,0,0, 0,0,0,0,0,5,0,0,0,0
22520,6,49,-3.6,228,31.25,-2.14744,34.1325,0,0,0,0,0,0,0,0,0,0,0, 0,0,0,0,0,5,0,0,0,0
22520,7,38,-4.2,228,32.25,-2.50475,34.1082,0,0,0,0,0,0,0,0,0,0,0, 0,0,0,0,0,5,0,0,0,0
22520,8,43,71.1,8,33,1.1353,0.388701,0,0,0,0,0,0,0,0,0,0,0, 0,0,0,0,0,5,0,0,0,0
22520,9,243,-55.4,72,32,-8.88987,6.13271,0,0,0,0,0,0,0,0,0,0,0, 0,0,0,0,0,5,0,0,0,0
22520,10,157,-49.8,76,32,-8.70727,7.35822,0,0,0,0,0,0,0,0,0,0,0, 0,0,0,0,0,5,0,0,0,0
22520,11,105,-45,80,32,-8.48528,8.48528,0,0,0,0,0,0,0,0,0,0,0, 0,0,0,0,0,5,0,0,0,0
22520,12,140,-59.4,60,32,-7.74668,4.58137,0,0,0,0,0,0,0,0,0,0,0, 0,0,0,0,0,5,0,0,0,0
22560,0,246,-58.4,64,32,-8.17658,5.03026,0,0,0,0,0,0,0,0,0,0,0, 0,0,0,0,0,6,0,0,0,0
22560,1,23,-2.4,224,31.25,-1.40702,33.5705,0,0,0,0,0,0,0,0,0,0,0, 0,0,0,0,0,6,0,0,0,0
22560,2,22,-3.6,224,32.25,-2.10976,33.5337,0,0,0,0,0,0,0,0,0,0,0, 0,0,0,0,0,6,0,0,0,0
22560,3,291,-57.4,68,32,-8.59301,5.49546,0,0,0,0,0,0,0,0,0,0,0, 0,0,0,0,0,6,0,0,0,0
22560,4,242,-55.4,72,32,-8.88987,6.13271,0,0,0,0,0,0,0,0,0,0,0, 0,0,0,0,0,6,0,0,0,0
22560,5,156,-51.6,76,32,-8.93411,7.08108,0,0,0,0,0,0,0,0,0,0,0, 0,0,0,0,0,6,0,0,0,0
22560,6,103,-46.7,80,32,-8.73327,8.22982,0,0,0,0,0,0,0,0,0,0,0, 0,0,0,0,0,6,0,0,0,0
22560,7,140,-60.3,60,32,-7.81768,4.45913,0,0,0,0,0,0,0,0,0,0,0, 0,0,0,0,0,6,0,0,0,0
22600,0,246,-58.4,64,32,-8.17658,5.03026,0,0,0,0,0,0,0,0,0,0,0, 0,0,0,0,0,7,0,0,0,0
22600,1,288,-57.4,68,32,-8.59301,5.49546,0,0,0,0,0,0,0,0,0,0,0, 0,0,0,0,0,7,0,0,0,0
22600,2,52,69.6,8,33,1.12474,0.418287,0,0,0,0,0,0,0,0,0,0,0, 0,0,0,0,0,7,0,0,0,0
22600,3,243,-56.5,72,32,-9.00597,5.96092,0,0,0,0,0,0,0,0,0,0,0, 0,0,0,0,0,7,0,0,0,0
22600,4,31,2.4,232,31.75,1.45727,34.7695,0,0,0,0,0,0,0,0,0,0,0, 0,0,0,0,0,7,0,0,0,0
22600,5,26,0.6,232,32.25,0.364418,34.7981,0,0,0,0,0,0,0,0,0,0,0, 0,0,0,0,0,7,0,0,0,0
22600,6,157,-51.6,76,32,-8.93411,7.08108,0,0,0,0,0,0,0,0,0,0,0, 0,0,0,0,0,7,0,0,0,0
22600,7,102,-46.7,80,32,-8.73327,8.22982,0,0,0,0,0,0,0,0,0,0,0, 0,0,0,0,0,7,0,0,0,0
22600,8,139,-59.4,60,32,-7.74668,4.58137,0,0,0,0,0,0,0,0,0,0,0, 0,0,0,0,0,7,0,0,0,0
22640,0,246,-58.4,64,32,-8.17658,5.03026,0,0,0,0,0,0,0,0,0,0,0, 0,0,0,0,0,8,0,0,0,0
22640,1,291,-57.4,68,32,-8.59301,5.49546,0,0,0,0,0,0,0,0,0,0,0, 0,0,0,0,0,8,0,0,0,0
22640,2,20,1.8,228,30.75,1.07425,34.1831,0,0,0,0,0,0,0,0,0,0,0, 0,0,0,0,0,8,0,0,0,0
22640,3,35,0.1,228,31.25,0.0596902,34.1999,0,0,0,0,0,0,0,0,0,0,0, 0,0,0,0,0,8,0,0,0,0
22640,4,30,1.3,228,32.25,0.775907,34.1912,0,0,0,0,0,0,0,0,0,0,0, 0,0,0,0,0,8,0,0,0,0
22640,5,242,-56.5,72,32,-9.00597,5.96092,0,0,0,0,0,0,0,0,0,0,0, 0,0,0,0,0,8,0,0,0,0
22640,6,21,5.4,232,31.5,3.27497,34.6456,0,0,0,0,0,0,0,0,0,0,0, 0,0,0,0,0,8,0,0,0,0
22640,7,156,-51.6,76,32,-8.93411,7.08108,0,0,0,0,0,0,0,0,0,0,0, 0,0,0,0,0,8,0,0,0,0
22640,8,104,-46.7,80,32,-8.73327,8.22982,0,0,0,0,0,0,0,0,0,0,0, 0,0,0,0,0,8,0,0,0,0
22640,9,139,-59.4,60,32,-7.74668,4.58137,0,0,0,0,0,0,0,0,0,0,0, 0,0,0,0,0,8,0,0,0,0
22680,0,245,-58.4,64,32,-8.17658,5.03026,0,1334,0,0,0,0,0,0,0,0,0, 0,0,0,0,0,9,0,0,0,0
22680,1,15,7.2,384,24.25,7.21919,57.1458,0,1334,0,0,0,0,0,0,0,0,0, 0,0,0,0,0,9,0,0,0,0
22680,2,291,-57.4,68,32,-8.59301,5.49546,0,1334,0,0,0,0,0,0,0,0,0, 0,0,0,0,0,9,0,0,0,0
22680,3,244,-55.4,72,32,-8.88987,6.13271,0,1334,0,0,0,0,0,0,0,0,0, 0,0,0,0,0,9,0,0,0,0
22680,4,159,-51.6,76,32,-8.93411,7.08108,0,1334,0,0,0,0,0,0,0,0,0, 0,0,0,0,0,9,0,0,0,0
22680,5,108,-46.7,80,32,-8.73327,8.22982,0,1334,0,0,0,0,0,0,0,0,0, 0,0,0,0,0,9,0,0,0,0
22680,6,137,-59.4,60,32,-7.74668,4.58137,0,1334,0,0,0,0,0,0,0,0,0, 0,0,0,0,0,9,0,0,0,0
22720,0,243,-58.4,64,32,-8.17658,5.03026,0,0,0,0,0,0,0,0,0,0,0, 0,0,0,0,0,10,0,0,0,0
22720,1,34,0.6,224,31.5,0.351852,33.5982,0,0,0,0,0,0,0,0,0,0,0, 0,0,0,0,0,10,0,0,0,0
22720,2,289,-57.4,68,32,-8.59301,5.49546,0,0,0,0,0,0,0,0,0,0,0, 0,0,0,0,0,10,0,0,0,0
22720,3,42,69.6,8,33,1.12474,0.418287,0,0,0,0,0,0,0,0,0,0,0, 0,0,0,0,0,10,0,0,0,0
22720,4,243,-56.5,72,32,-9.00597,5.96092,0,0,0,0,0,0,0,0,0,0,0, 0,0,0,0,0,10,0,0,0,0
22720,5,158,-51.6,76,32,-8.93411,7.08108,0,0,0,0,0,0,0,0,0,0,0, 0,0,0,0,0,10,0,0,0,0
22720,6,107,-45.9,80,32,-8.61752,8.35095,0,0,0,0,0,0,0,0,0,0,0, 0,0,0,0,0,10,0,0,0,0
22720,7,83,-45,84,32,-8.90955,8.90955,0,0,0,0,0,0,0,0,0,0,0, 0,0,0,0,0,10,0,0,0,0
22720,8,138,-60.3,60,32,-7.81768,4.45913,0,0,0,0,0,0,0,0,0,0,0, 0,0,0,0,0,10,0,0,0,0
22720,9,25,-3,220,30.75,-1.72709,32.9548,0,0,0,0,0,0,0,0,0,0,0, 0,0,0,0,0,10,0,0,0,0
22720,10,43,-2.4,220,31.25,-1.3819,32.9711,0,0,0,0,0,0,0,0,0,0,0, 0,0,0,0,0,10,0,0,0,0
22720,11,32,-4.2,220,32.25,-2.41686,32.9114,0,0,0,0,0,0,0,0,0,0,0, 0,0,0,0,0,10,0,0,0,0
22760,0,244,-59.4,64,32,-8.26312,4.8868,0,7936,0,0,0,0,0,0,0,0,0, 0,0,0,0,0,11,0,0,0,0
22760,1,288,-57.4,68,32,-8.59301,5.49546,0,7936,0,0,0,0,0,0,0,0,0, 0,0,0,0,0,11,0,0,0,0
22760,2,242,-56.5,72,32,-9.00597,5.96092,0,7936,0,0,0,0,0,0,0,0,0, 0,0,0,0,0,11,0,0,0,0
22760,3,155,-51.6,76,32,-8.93411,7.08108,0,7936,0,0,0,0,0,0,0,0,0, 0,0,0,0,0,11,0,0,0,0
22760,4,105,-45.9,80,32,-8.61752,8.35095,0,7936,0,0,0,0,0,0,0,0,0, 0,0,0,0,0,11,0,0,0,0
22760,5,138,-60.3,60,32,-7.81768,4.45913,0,7936,0,0,0,0,0,0,0,0,0, 0,0,0,0,0,11,0,0,0,0
22760,6,14,-0.6,220,30.75,-0.345569,32.9982,0,7936,0,0,0,0,0,0,0,0,0, 0,0,0,0,0,11,0,0,0,0
22760,7,24,0.6,220,31.25,0.345569,32.9982,0,7936,0,0,0,0,0,0,0,0,0, 0,0,0,0,0,11,0,0,0,0
22800,0,245,-58.4,64,32,-8.17658,5.03026,0,1139,0,0,0,0,0,0,0,0,0, 0,0,0,0,0,12,0,0,0,0
22800,1,290,-57.4,68,32,-8.59301,5.49546,0,1139,0,0,0,0,0,0,0,0,0, 0,0,0,0,0,12,0,0,0,0
22800,2,242,-56.5,72,32,-9.00597,5.96092,0,1139,0,0,0,0,0,0,0,0,0, 0,0,0,0,0,12,0,0,0,0
22800,3,156,-51.6,76,32,-8.93411,7.08108,0,1139,0,0,0,0,0,0,0,0,0, 0,0,0,0,0,12,0,0,0,0
22800,4,105,-45.9,80,32,-8.61752,8.35095,0,1139,0,0,0,0,0,0,0,0,0, 0,0,0,0,0,12,0,0,0,0
22800,5,140,-60.3,60,32,-7.81768,4.45913,0,1139,0,0,0,0,0,0,0,0,0, 0,0,0,0,0,12,0,0,0,0
22800,6,17,-4.8,220,30.75,-2.76137,32.8843,0,1139,0,0,0,0,0,0,0,0,0, 0,0,0,0,0,12,0,0,0,0
22840,0,248,-59.4,64,32,-8.26312,4.8868,0,86,0,0,0,0,0,0,0,0,0, 0,0,0,0,0,13,0,0,0,0
22840,1,23,0.1,224,30.75,0.058643,33.5999,0,86,0,0,0,0,0,0,0,0,0, 0,0,0,0,0,13,0,0,0,0
22840,2,34,-1.8,224,31.25,-1.0554,33.5834,0,86,0,0,0,0,0,0,0,0,0, 0,0,0,0,0,13,0,0,0,0
22840,3,28,2.4,224,32.25,1.40702,33.5705,0,86,0,0,0,0,0,0,0,0,0, 0,0,0,0,0,13,0,0,0,0
22840,4,290,-58.4,68,32,-8.68761,5.34466,0,86,0,0,0,0,0,0,0,0,0, 0,0,0,0,0,13,0,0,0,0
22840,5,23,2.4,228,30.75,1.43215,34.17,0,86,0,0,0,0,0,0,0,0,0, 0,0,0,0,0,13,0,0,0,0
22840,6,32,1.3,228,31.25,0.775907,34.1912,0,86,0,0,0,0,0,0,0,0,0, 0,0,0,0,0,13,0,0,0,0
22840,7,239,-56.5,72,32,-9.00597,5.96092,0,86,0,0,0,0,0,0,0,0,0, 0,0,0,0,0,13,0,0,0,0
22840,8,149,-51.6,76,32,-8.93411,7.08108,0,86,0,0,0,0,0,0,0,0,0, 0,0,0,0,0,13,0,0,0,0
22840,9,98,-45,80,32,-8.48528,8.48528,0,86,0,0,0,0,0,0,0,0,0, 0,0,0,0,0,13,0,0,0,0
22840,10,140,-60.3,60,32,-7.81768,4.45913,0,86,0,0,0,0,0,0,0,0,0, 0,0,0,0,0,13,0,0,0,0
22880,0,247,-58.4,64,32,-8.17658,5.03026,0,0,0,0,0,0,0,0,0,0,0, 0,0,0,0,0,14,0,0,0,0
22880,1,29,-1.8,224,31.75,-1.0554,33.5834,0,0,0,0,0,0,0,0,0,0,0, 0,0,0,0,0,14,0,0,0,0
22880,2,28,-3.6,224,32.25,-2.10976,33.5337,0,0,0,0,0,0,0,0,0,0,0, 0,0,0,0,0,14,0,0,0,0
22880,3,292,-56.5,68,32,-8.50564,5.62976,0,0,0,0,0,0,0,0,0,0,0, 0,0,0,0,0,14,0,0,0,0
22880,4,243,-55.4,72,32,-8.88987,6.13271,0,0,0,0,0,0,0,0,0,0,0, 0,0,0,0,0,14,0,0,0,0
22880,5,154,-51.6,76,32,-8.93411,7.08108,0,0,0,0,0,0,0,0,0,0,0, 0,0,0,0,0,14,0,0,0,0
22880,6,103,-45.9,80,32,-8.61752,8.35095,0,0,0,0,0,0,0,0,0,0,0, 0,0,0,0,0,14,0,0,0,0
22880,7,139,-58.4,60,32,-7.66554,4.71587,0,0,0,0,0,0,0,0,0,0,0, 0,0,0,0,0,14,0,0,0,0
22920,0,246,-58.4,64,32,-8.17658,5.03026,0,0,0,0,0,0,0,0,0,0,0, 0,0,0,0,0,15,0,0,0,0
22920,1,291,-56.5,68,32,-8.50564,5.62976,0,0,0,0,0,0,0,0,0,0,0, 0,0,0,0,0,15,0,0,0,0
22920,2,241,-55.4,72,32,-8.88987,6.13271,0,0,0,0,0,0,0,0,0,0,0, 0,0,0,0,0,15,0,0,0,0
22920,3,157,-51.6,76,32,-8.93411,7.08108,0,0,0,0,0,0,0,0,0,0,0, 0,0,0,0,0,15,0,0,0,0
22920,4,105,-45.9,80,32,-8.61752,8.35095,0,0,0,0,0,0,0,0,0,0,0, 0,0,0,0,0,15,0,0,0,0
22920,5,15,3.1,240,31.75,1.94684,35.9473,0,0,0,0,0,0,0,0,0,0,0, 0,0,0,0,0,15,0,0,0,0
22920,6,139,-58.4,60,32,-7.66554,4.71587,0,0,0,0,0,0,0,0,0,0,0, 0,0,0,0,0,15,0,0,0,0
22960,0,247,-58.4,64,32,-8.17658,5.03026,0,0,0,0,0,0,0,0,0,0,0, 0,0,0,0,0,0,0,0,0,0
22960,1,290,-57.4,68,32,-8.59301,5.49546,0,0,0,0,0,0,0,0,0,0,0, 0,0,0,0,0,0,0,0,0,0
22960,2,242,-55.4,72,32,-8.88987,6.13271,0,0,0,0,0,0,0,0,0,0,0, 0,0,0,0,0,0,0,0,0,0
22960,3,21,3.6,232,32.25,2.18511,34.7313,0,0,0,0,0,0,0,0,0,0,0, 0,0,0,0,0,0,0,0,0,0
22960,4,156,-51.6,76,32,-8.93411,7.08108,0,0,0,0,0,0,0,0,0,0,0, 0,0,0,0,0,0,0,0,0,0
22960,5,102,-48,80,32,-8.91774,8.02957,0,0,0,0,0,0,0,0,0,0,0, 0,0,0,0,0,0,0,0,0,0
22960,6,140,-60.3,60,32,-7.81768,4.45913,0,0,0,0,0,0,0,0,0,0,0, 0,0,0,0,0,0,0,0,0,0
23000,0,245,-58.4,64,32,-8.17658,5.03026,0,0,0,0,0,0,0,0,0,0,0, 0,0,0,0,0,1,0,0,0,0
23000,1,290,-57.4,68,32,-8.59301,5.49546,0,0,0,0,0,0,0,0,0,0,0, 0,0,0,0,0,1,0,0,0,0
23000,2,20,-1.8,228,32.25,-1.07425,34.1831,0,0,0,0,0,0,0,0,0,0,0, 0,0,0,0,0,1,0,0,0,0
23000,3,242,-55.4,72,32,-8.88987,6.13271,0,0,0,0,0,0,0,0,0,0,0, 0,0,0,0,0,1,0,0,0,0
23000,4,156,-53.4,76,32,-9.15212,6.79696,0,0,0,0,0,0,0,0,0,0,0, 0,0,0,0,0,1,0,0,0,0
23000,5,99,-51.6,80,32,-9.40432,7.45377,0,0,0,0,0,0,0,0,0,0,0, 0,0,0,0,0,1,0,0,0,0
23000,6,139,-59.4,60,32,-7.74668,4.58137,0,0,0,0,0,0,0,0,0,0,0, 0,0,0,0,0,1,0,0,0,0
23040,0,245,-58.4,64,32,-8.17658,5.03026,0,0,0,0,0,0,0,0,0,0,0, 0,0,0,0,0,2,0,0,0,0
23040,1,17,-1.8,224,32.25,-1.0554,33.5834,0,0,0,0,0,0,0,0,0,0,0, 0,0,0,0,0,2,0,0,0,0
23040,2,290,-56.5,68,32,-8.50564,5.62976,0,0,0,0,0,0,0,0,0,0,0, 0,0,0,0,0,2,0,0,0,0
23040,3,242,-55.4,72,32,-8.88987,6.13271,0,0,0,0,0,0,0,0,0,0,0, 0,0,0,0,0,2,0,0,0,0
23040,4,39,-3.6,232,30.75,-2.18511,34.7313,0,0,0,0,0,0,0,0,0,0,0, 0,0,0,0,0,2,0,0,0,0
23040,5,41,-4.8,232,31,-2.91199,34.678,0,0,0,0,0,0,0,0,0,0,0, 0,0,0,0,0,2,0,0,0,0
23040,6,156,-53.4,76,32,-9.15212,6.79696,0,0,0,0,0,0,0,0,0,0,0, 0,0,0,0,0,2,0,0,0,0
23040,7,100,-53.4,80,32,-9.63381,7.1547,0,0,0,0,0,0,0,0,0,0,0, 0,0,0,0,0,2,0,0,0,0
23040,8,137,-59.4,60,32,-7.74668,4.58137,0,0,0,0,0,0,0,0,0,0,0, 0,0,0,0,0,2,0,0,0,0
23080,0,245,-57.4,64,32,-8.08754,5.1722,0,0,0,0,0,0,0,0,0,0,0, 0,0,0,0,0,3,0,0,0,0
23080,1,288,-56.5,68,32,-8.50564,5.62976,0,0,0,0,0,0,0,0,0,0,0, 0,0,0,0,0,3,0,0,0,0
23080,2,243,-55.4,72,32,-8.88987,6.13271,0,0,0,0,0,0,0,0,0,0,0, 0,0,0,0,0,3,0,0,0,0
23080,3,156,-53.4,76,32,-9.15212,6.79696,0,0,0,0,0,0,0,0,0,0,0, 0,0,0,0,0,3,0,0,0,0
23080,4,101,-53.4,80,32,-9.63381,7.1547,0,0,0,0,0,0,0,0,0,0,0, 0,0,0,0,0,3,0,0,0,0
23080,5,139,-59.4,60,32,-7.74668,4.58137,0,0,0,0,0,0,0,0,0,0,0, 0,0,0,0,0,3,0,0,0,0
23120,0,245,-58.4,64,32,-8.17658,5.03026,0,0,0,0,0,0,0,0,0,0,0, 0,0,0,0,0,4,0,0,0,0
23120,1,290,-56.5,68,32,-8.50564,5.62976,0,0,0,0,0,0,0,0,0,0,0, 0,0,0,0,0,4,0,0,0,0
23120,2,18,0.1,228,30.75,0.0596902,34.1999,0,0,0,0,0,0,0,0,0,0,0, 0,0,0,0,0,4,0,0,0,0
23120,3,23,1.3,228,31,0.775907,34.1912,0,0,0,0,0,0,0,0,0,0,0, 0,0,0,0,0,4,0,0,0,0
23120,4,18,1.3,228,32.25,0.775907,34.1912,0,0,0,0,0,0,0,0,0,0,0, 0,0,0,0,0,4,0,0,0,0
23120,5,242,-55.4,72,32,-8.88987,6.13271,0,0,0,0,0,0,0,0,0,0,0, 0,0,0,0,0,4,0,0,0,0
23120,6,153,-53.4,76,32,-9.15212,6.79696,0,0,0,0,0,0,0,0,0,0,0, 0,0,0,0,0,4,0,0,0,0
23120,7,97,-51.6,80,32,-9.40432,7.45377,0,0,0,0,0,0,0,0,0,0,0, 0,0,0,0,0,4,0,0,0,0
23120,8,139,-59.4,60,32,-7.74668,4.58137,0,0,0,0,0,0,0,0,0,0,0, 0,0,0,0,0,4,0,0,0,0
23160,0,244,-57.4,64,32,-8.08754,5.1722,0,0,0,0,0,0,0,0,0,0,0, 0,0,0,0,0,5,0,0,0,0
23160,1,288,-56.5,68,32,-8.50564,5.62976,0,0,0,0,0,0,0,0,0,0,0, 0,0,0,0,0,5,0,0,0,0
23160,2,241,-56.5,72,32,-9.00597,5.96092,0,0,0,0,0,0,0,0,0,0,0, 0,0,0,0,0,5,0,0,0,0
23160,3,152,-53.4,76,32,-9.15212,6.79696,0,0,0,0,0,0,0,0,0,0,0, 0,0,0,0,0,5,0,0,0,0
23160,4,20,6.6,236,31.75,4.06878,35.1654,0,0,0,0,0,0,0,0,0,0,0, 0,0,0,0,0,5,0,0,0,0
23160,5,101,-49.8,80,32,-9.16555,7.74549,0,0,0,0,0,0,0,0,0,0,0, 0,0,0,0,0,5,0,0,0,0
23160,6,23,0.1,240,31.25,0.0628318,35.9999,0,0,0,0,0,0,0,0,0,0,0, 0,0,0,0,0,5,0,0,0,0
23160,7,19,3.6,240,33,2.26046,35.929,0,0,0,0,0,0,0,0,0,0,0, 0,0,0,0,0,5,0,0,0,0
23160,8,138,-59.4,60,32,-7.74668,4.58137,0,0,0,0,0,0,0,0,0,0,0, 0,0,0,0,0,5,0,0,0,0
23200,0,245,-58.4,64,32,-8.17658,5.03026,0,0,0,0,0,0,0,0,0,0,0, 0,0,0,0,0,6,0,0,0,0
23200,1,288,-57.4,68,32,-8.59301,5.49546,0,0,0,0,0,0,0,0,0,0,0, 0,0,0,0,0,6,0,0,0,0
23200,2,26,-4.8,228,31.25,-2.86178,34.0801,0,0,0,0,0,0,0,0,0,0,0, 0,0,0,0,0,6,0,0,0,0
23200,3,240,-56.5,72,32,-9.00597,5.96092,0,0,0,0,0,0,0,0,0,0,0, 0,0,0,0,0,6,0,0,0,0
23200,4,151,-53.4,76,32,-9.15212,6.79696,0,0,0,0,0,0,0,0,0,0,0, 0,0,0,0,0,6,0,0,0,0
23200,5,25,-1.2,236,31.5,-0.741362,35.3922,0,0,0,0,0,0,0,0,0,0,0, 0,0,0,0,0,6,0,0,0,0
23200,6,101,-48,80,32,-8.91774,8.02957,0,0,0,0,0,0,0,0,0,0,0, 0,0,0,0,0,6,0,0,0,0
23200,7,139,-59.4,60,32,-7.74668,4.58137,0,0,0,0,0,0,0,0,0,0,0, 0,0,0,0,0,6,0,0,0,0
23200,8,21,3.1,220,31.5,1.7846,32.9517,0,0,0,0,0,0,0,0,0,0,0, 0,0,0,0,0,6,0,0,0,0
23240,0,245,-58.4,64,32,-8.17658,5.03026,0,0,0,0,0,0,0,0,0,0,0, 0,0,0,0,0,7,0,0,0,0
23240,1,289,-56.5,68,32,-8.50564,5.62976,0,0,0,0,0,0,0,0,0,0,0, 0,0,0,0,0,7,0,0,0,0
23240,2,239,-56.5,72,32,-9.00597,5.96092,0,0,0,0,0,0,0,0,0,0,0, 0,0,0,0,0,7,0,0,0,0
23240,3,148,-54.4,76,32,-9.26935,6.6362,0,0,0,0,0,0,0,0,0,0,0, 0,0,0,0,0,7,0,0,0,0
23240,4,97,-51.6,80,32,-9.40432,7.45377,0,0,0,0,0,0,0,0,0,0,0, 0,0,0,0,0,7,0,0,0,0
23240,5,139,-58.4,60,32,-7.66554,4.71587,0,0,0,0,0,0,0,0,0,0,0, 0,0,0,0,0,7,0,0,0,0
23280,0,245,-57.4,64,32,-8.08754,5.1722,0,0,0,0,0,0,0,0,0,0,0, 0,0,0,0,0,8,0,0,0,0
23280,1,289,-56.5,68,32,-8.50564,5.62976,0,0,0,0,0,0,0,0,0,0,0, 0,0,0,0,0,8,0,0,0,0
23280,2,241,-55.4,72,32,-8.88987,6.13271,0,0,0,0,0,0,0,0,0,0,0, 0,0,0,0,0,8,0,0,0,0
23280,3,150,-53.4,76,32,-9.15212,6.79696,0,0,0,0,0,0,0,0,0,0,0, 0,0,0,0,0,8,0,0,0,0
23280,4,95,-53.4,80,32,-9.63381,7.1547,0,0,0,0,0,0,0,0,0,0,0, 0,0,0,0,0,8,0,0,0,0
23280,5,139,-58.4,60,32,-7.66554,4.71587,0,0,0,0,0,0,0,0,0,0,0, 0,0,0,0,0,8,0,0,0,0
23320,0,246,-57.4,64,32,-8.08754,5.1722,0,1334,0,0,0,0,0,0,0,0,0, 0,0,0,0,0,9,0,0,0,0
23320,1,291,-56.5,68,32,-8.50564,5.62976,0,1334,0,0,0,0,0,0,0,0,0, 0,0,0,0,0,9,0,0,0,0
23320,2,241,-55.4,72,32,-8.88987,6.13271,0,1334,0,0,0,0,0,0,0,0,0, 0,0,0,0,0,9,0,0,0,0
23320,3,149,-53.4,76,32,-9.15212,6.79696,0,1334,0,0,0,0,0,0,0,0,0, 0,0,0,0,0,9,0,0,0,0
23320,4,95,-49.8,80,32,-9.16555,7.74549,0,1334,0,0,0,0,0,0,0,0,0, 0,0,0,0,0,9,0,0,0,0
23320,5,140,-57.4,60,32,-7.58207,4.84894,0,1334,0,0,0,0,0,0,0,0,0, 0,0,0,0,0,9,0,0,0,0
23360,0,248,-56.5,64,32,-8.0053,5.2986,0,0,0,0,0,0,0,0,0,0,0, 0,0,0,0,0,10,0,0,0,0
23360,1,21,1.8,224,31.75,1.0554,33.5834,0,0,0,0,0,0,0,0,0,0,0, 0,0,0,0,0,10,0,0,0,0
23360,2,290,-56.5,68,32,-8.50564,5.62976,0,0,0,0,0,0,0,0,0,0,0, 0,0,0,0,0,10,0,0,0,0
23360,3,17,-6.6,228,30.75,-3.93085,33.9733,0,0,0,0,0,0,0,0,0,0,0, 0,0,0,0,0,10,0,0,0,0
23360,4,243,-55.4,72,32,-8.88987,6.13271,0,0,0,0,0,0,0,0,0,0,0, 0,0,0,0,0,10,0,0,0,0
23360,5,154,-51.6,76,32,-8.93411,7.08108,0,0,0,0,0,0,0,0,0,0,0, 0,0,0,0,0,10,0,0,0,0
23360,6,102,-48,80,32,-8.91774,8.02957,0,0,0,0,0,0,0,0,0,0,0, 0,0,0,0,0,10,0,0,0,0
23360,7,140,-58.4,60,32,-7.66554,4.71587,0,0,0,0,0,0,0,0,0,0,0, 0,0,0,0,0,10,0,0,0,0
23400,0,245,-57.4,64,32,-8.08754,5.1722,0,7936,0,0,0,0,0,0,0,0,0, 0,0,0,0,0,11,0,0,0,0
23400,1,289,-56.5,68,32,-8.50564,5.62976,0,7936,0,0,0,0,0,0,0,0,0, 0,0,0,0,0,11,0,0,0,0
23400,2,242,-55.4,72,32,-8.88987,6.13271,0,7936,0,0,0,0,0,0,0,0,0, 0,0,0,0,0,11,0,0,0,0
23400,3,155,-53.4,76,32,-9.15212,6.79696,0,7936,0,0,0,0,0,0,0,0,0, 0,0,0,0,0,11,0,0,0,0
23400,4,22,-1.2,236,31.25,-0.741362,35.3922,0,7936,0,0,0,0,0,0,0,0,0, 0,0,0,0,0,11,0,0,0,0
23400,5,103,-49.8,80,32,-9.16555,7.74549,0,7936,0,0,0,0,0,0,0,0,0, 0,0,0,0,0,11,0,0,0,0
23400,6,140,-57.4,60,32,-7.58207,4.84894,0,7936,0,0,0,0,0,0,0,0,0, 0,0,0,0,0,11,0,0,0,0
23440,0,246,-57.4,64,32,-8.08754,5.1722,0,1139,0,0,0,0,0,0,0,0,0, 0,0,0,0,0,12,0,0,0,0
23440,1,23,-1.8,224,31.5,-1.0554,33.5834,0,1139,0,0,0,0,0,0,0,0,0, 0,0,0,0,0,12,0,0,0,0
23440,2,290,-56.5,68,32,-8.50564,5.62976,0,1139,0,0,0,0,0,0,0,0,0, 0,0,0,0,0,12,0,0,0,0
23440,3,21,-3.6,228,31.75,-2.14744,34.1325,0,1139,0,0,0,0,0,0,0,0,0, 0,0,0,0,0,12,0,0,0,0
23440,4,245,-55.4,72,32,-8.88987,6.13271,0,1139,0,0,0,0,0,0,0,0,0, 0,0,0,0,0,12,0,0,0,0
23440,5,157,-51.6,76,32,-8.93411,7.08108,0,1139,0,0,0,0,0,0,0,0,0, 0,0,0,0,0,12,0,0,0,0
23440,6,107,-48,80,32,-8.91774,8.02957,0,1139,0,0,0,0,0,0,0,0,0, 0,0,0,0,0,12,0,0,0,0
23440,7,140,-58.4,60,32,-7.66554,4.71587,0,1139,0,0,0,0,0,0,0,0,0, 0,0,0,0,0,12,0,0,0,0
23480,0,246,-57.4,64,32,-8.08754,5.1722,0,86,0,0,0,0,0,0,0,0,0, 0,0,0,0,0,13,0,0,0,0
23480,1,290,-56.5,68,32,-8.50564,5.62976,0,86,0,0,0,0,0,0,0,0,0, 0,0,0,0,0,13,0,0,0,0
23480,2,242,-55.4,72,32,-8.88987,6.13271,0,86,0,0,0,0,0,0,0,0,0, 0,0,0,0,0,13,0,0,0,0
23480,3,155,-51.6,76,32,-8.93411,7.08108,0,86,0,0,0,0,0,0,0,0,0, 0,0,0,0,0,13,0,0,0,0
23480,4,102,-48,80,32,-8.91774,8.02957,0,86,0,0,0,0,0,0,0,0,0, 0,0,0,0,0,13,0,0,0,0
23480,5,20,0.1,244,31.75,0.063879,36.5999,0,86,0,0,0,0,0,0,0,0,0, 0,0,0,0,0,13,0,0,0,0
23480,6,25,-4.8,244,32.25,-3.06261,36.4716,0,86,0,0,0,0,0,0,0,0,0, 0,0,0,0,0,13,0,0,0,0
23480,7,138,-58.4,60,32,-7.66554,4.71587,0,86,0,0,0,0,0,0,0,0,0, 0,0,0,0,0,13,0,0,0,0
23480,8,22,-1.2,220,31.5,-0.6911,32.9928,0,86,0,0,0,0,0,0,0,0,0, 0,0,0,0,0,13,0,0,0,0
23480,9,14,45.3,348,11.25,37.1037,36.7172,0,86,0,0,0,0,0,0,0,0,0, 0,0,0,0,0,13,0,0,0,0
23520,0,246,-57.4,64,32,-8.08754,5.1722,0,0,0,0,0,0,0,0,0,0,0, 0,0,0,0,0,14,0,0,0,0
23520,1,292,-56.5,68,32,-8.50564,5.62976,0,0,0,0,0,0,0,0,0,0,0, 0,0,0,0,0,14,0,0,0,0
23520,2,243,-55.4,72,32,-8.88987,6.13271,0,0,0,0,0,0,0,0,0,0,0, 0,0,0,0,0,14,0,0,0,0
23520,3,15,3.6,232,33,2.18511,34.7313,0,0,0,0,0,0,0,0,0,0,0, 0,0,0,0,0,14,0,0,0,0
23520,4,155,-51.6,76,32,-8.93411,7.08108,0,0,0,0,0,0,0,0,0,0,0, 0,0,0,0,0,14,0,0,0,0
23520,5,103,-45.9,80,32,-8.61752,8.35095,0,0,0,0,0,0,0,0,0,0,0, 0,0,0,0,0,14,0,0,0,0
23520,6,138,-59.4,60,32,-7.74668,4.58137,0,0,0,0,0,0,0,0,0,0,0, 0,0,0,0,0,14,0,0,0,0
23560,0,246,-57.4,64,32,-8.08754,5.1722,0,0,0,0,0,0,0,0,0,0,0, 0,0,0,0,0,15,0,0,0,0
23560,1,290,-57.4,68,32,-8.59301,5.49546,0,0,0,0,0,0,0,0,0,0,0, 0,0,0,0,0,15,0,0,0,0
23560,2,241,-55.4,72,32,-8.88987,6.13271,0,0,0,0,0,0,0,0,0,0,0, 0,0,0,0,0,15,0,0,0,0
23560,3,152,-51.6,76,32,-8.93411,7.08108,0,0,0,0,0,0,0,0,0,0,0, 0,0,0,0,0,15,0,0,0,0
23560,4,102,-45.9,80,32,-8.61752,8.35095,0,0,0,0,0,0,0,0,0,0,0, 0,0,0,0,0,15,0,0,0,0
23560,5,139,-59.4,60,32,-7.74668,4.58137,0,0,0,0,0,0,0,0,0,0,0, 0,0,0,0,0,15,0,0,0,0
23600,0,247,-58.4,64,32,-8.17658,5.03026,0,0,0,0,0,0,0,0,0,0,0, 0,0,0,0,0,0,0,0,0,0
23600,1,18,1.3,224,31.75,0.762294,33.5914,0,0,0,0,0,0,0,0,0,0,0, 0,0,0,0,0,0,0,0,0,0
23600,2,289,-57.4,68,32,-8.59301,5.49546,0,0,0,0,0,0,0,0,0,0,0, 0,0,0,0,0,0,0,0,0,0
23600,3,47,71.1,8,33,1.1353,0.388701,0,0,0,0,0,0,0,0,0,0,0, 0,0,0,0,0,0,0,0,0,0
23600,4,239,-56.5,72,32,-9.00597,5.96092,0,0,0,0,0,0,0,0,0,0,0, 0,0,0,0,0,0,0,0,0,0
23600,5,147,-53.4,76,32,-9.15212,6.79696,0,0,0,0,0,0,0,0,0,0,0, 0,0,0,0,0,0,0,0,0,0
23600,6,21,0.6,236,31.75,0.370701,35.3981,0,0,0,0,0,0,0,0,0,0,0, 0,0,0,0,0,0,0,0,0,0
23600,7,98,-45,80,32,-8.48528,8.48528,0,0,0,0,0,0,0,0,0,0,0, 0,0,0,0,0,0,0,0,0,0
23600,8,139,-59.4,60,32,-7.74668,4.58137,0,0,0,0,0,0,0,0,0,0,0, 0,0,0,0,0,0,0,0,0,0
23640,0,246,-57.4,64,32,-8.08754,5.1722,0,0,0,0,0,0,0,0,0,0,0, 0,0,0,0,0,1,0,0,0,0
23640,1,290,-56.5,68,32,-8.50564,5.62976,0,0,0,0,0,0,0,0,0,0,0, 0,0,0,0,0,1,0,0,0,0
23640,2,241,-56.5,72,32,-9.00597,5.96092,0,0,0,0,0,0,0,0,0,0,0, 0,0,0,0,0,1,0,0,0,0
23640,3,17,1.3,232,33,0.789519,34.791,0,0,0,0,0,0,0,0,0,0,0, 0,0,0,0,0,1,0,0,0,0
23640,4,151,-53.4,76,32,-9.15212,6.79696,0,0,0,0,0,0,0,0,0,0,0, 0,0,0,0,0,1,0,0,0,0
23640,5,102,-46.7,80,32,-8.73327,8.22982,0,0,0,0,0,0,0,0,0,0,0, 0,0,0,0,0,1,0,0,0,0
23640,6,139,-59.4,60,32,-7.74668,4.58137,0,0,0,0,0,0,0,0,0,0,0, 0,0,0,0,0,1,0,0,0,0
23680,0,245,-58.4,64,32,-8.17658,5.03026,0,0,0,0,0,0,0,0,0,0,0, 0,0,0,0,0,2,0,0,0,0
23680,1,289,-57.4,68,32,-8.59301,5.49546,0,0,0,0,0,0,0,0,0,0,0, 0,0,0,0,0,2,0,0,0,0
23680,2,239,-56.5,72,32,-9.00597,5.96092,0,0,0,0,0,0,0,0,0,0,0, 0,0,0,0,0,2,0,0,0,0
23680,3,152,-53.4,76,32,-9.15212,6.79696,0,0,0,0,0,0,0,0,0,0,0, 0,0,0,0,0,2,0,0,0,0
23680,4,103,-45.9,80,32,-8.61752,8.35095,0,0,0,0,0,0,0,0,0,0,0, 0,0,0,0,0,2,0,0,0,0
23680,5,139,-59.4,60,32,-7.74668,4.58137,0,0,0,0,0,0,0,0,0,0,0, 0,0,0,0,0,2,0,0,0,0
23720,0,245,-58.4,64,32,-8.17658,5.03026,0,0,0,0,0,0,0,0,0,0,0, 0,0,0,0,0,3,0,0,0,0
23720,1,289,-57.4,68,32,-8.59301,5.49546,0,0,0,0,0,0,0,0,0,0,0, 0,0,0,0,0,3,0,0,0,0
23720,2,240,-56.5,72,32,-9.00597,5.96092,0,0,0,0,0,0,0,0,0,0,0, 0,0,0,0,0,3,0,0,0,0
23720,3,154,-51.6,76,32,-8.93411,7.08108,0,0,0,0,0,0,0,0,0,0,0, 0,0,0,0,0,3,0,0,0,0
23720,4,105,-45.9,80,32,-8.61752,8.35095,0,0,0,0,0,0,0,0,0,0,0, 0,0,0,0,0,3,0,0,0,0
23720,5,139,-59.4,60,32,-7.74668,4.58137,0,0,0,0,0,0,0,0,0,0,0, 0,0,0,0,0,3,0,0,0,0
23760,0,245,-58.4,64,32,-8.17658,5.03026,0,0,0,0,0,0,0,0,0,0,0, 0,0,0,0,0,4,0,0,0,0
23760,1,289,-57.4,68,32,-8.59301,5.49546,0,0,0,0,0,0,0,0,0,0,0, 0,0,0,0,0,4,0,0,0,0
23760,2,23,1.3,228,31.25,0.775907,34.1912,0,0,0,0,0,0,0,0,0,0,0, 0,0,0,0,0,4,0,0,0,0
23760,3,21,3.1,228,32.25,1.8495,34.15,0,0,0,0,0,0,0,0,0,0,0, 0,0,0,0,0,4,0,0,0,0
23760,4,242,-55.4,72,32,-8.88987,6.13271,0,0,0,0,0,0,0,0,0,0,0, 0,0,0,0,0,4,0,0,0,0
23760,5,21,3.1,232,33,1.88194,34.7491,0,0,0,0,0,0,0,0,0,0,0, 0,0,0,0,0,4,0,0,0,0
23760,6,154,-53.4,76,32,-9.15212,6.79696,0,0,0,0,0,0,0,0,0,0,0, 0,0,0,0,0,4,0,0,0,0
23760,7,26,-3.6,236,31,-2.22278,35.3301,0,0,0,0,0,0,0,0,0,0,0, 0,0,0,0,0,4,0,0,0,0
23760,8,103,-45.9,80,32,-8.61752,8.35095,0,0,0,0,0,0,0,0,0,0,0, 0,0,0,0,0,4,0,0,0,0
23760,9,139,-60.3,60,32,-7.81768,4.45913,0,0,0,0,0,0,0,0,0,0,0, 0,0,0,0,0,4,0,0,0,0
23800,0,245,-59.4,64,32,-8.26312,4.8868,0,0,0,0,0,0,0,0,0,0,0, 0,0,0,0,0,5,0,0,0,0
23800,1,288,-57.4,68,32,-8.59301,5.49546,0,0,0,0,0,0,0,0,0,0,0, 0,0,0,0,0,5,0,0,0,0
23800,2,18,3.6,228,32.25,2.14744,34.1325,0,0,0,0,0,0,0,0,0,0,0, 0,0,0,0,0,5,0,0,0,0
23800,3,240,-56.5,72,32,-9.00597,5.96092,0,0,0,0,0,0,0,0,0,0,0, 0,0,0,0,0,5,0,0,0,0
23800,4,154,-51.6,76,32,-8.93411,7.08108,0,0,0,0,0,0,0,0,0,0,0, 0,0,0,0,0,5,0,0,0,0
23800,5,17,3.1,236,31.75,1.91439,35.3482,0,0,0,0,0,0,0,0,0,0,0, 0,0,0,0,0,5,0,0,0,0
23800,6,31,5.4,236,32.5,3.33143,35.2429,0,0,0,0,0,0,0,0,0,0,0, 0,0,0,0,0,5,0,0,0,0
23800,7,21,5.4,236,33,3.33143,35.2429,0,0,0,0,0,0,0,0,0,0,0, 0,0,0,0,0,5,0,0,0,0
23800,8,106,-45,80,32,-8.48528,8.48528,0,0,0,0,0,0,0,0,0,0,0, 0,0,0,0,0,5,0,0,0,0
23800,9,140,-59.4,60,32,-7.74668,4.58137,0,0,0,0,0,0,0,0,0,0,0, 0,0,0,0,0,5,0,0,0,0
23840,0,245,-58.4,64,32,-8.17658,5.03026,0,0,0,0,0,0,0,0,0,0,0, 0,0,0,0,0,6,0,0,0,0
23840,1,289,-57.4,68,32,-8.59301,5.49546,0,0,0,0,0,0,0,0,0,0,0, 0,0,0,0,0,6,0,0,0,0
23840,2,40,65.6,8,33,1.09282,0.495725,0,0,0,0,0,0,0,0,0,0,0, 0,0,0,0,0,6,0,0,0,0
23840,3,240,-55.4,72,32,-8.88987,6.13271,0,0,0,0,0,0,0,0,0,0,0, 0,0,0,0,0,6,0,0,0,0
23840,4,24,-6,232,31.5,-3.63759,34.6094,0,0,0,0,0,0,0,0,0,0,0, 0,0,0,0,0,6,0,0,0,0
23840,5,154,-51.6,76,32,-8.93411,7.08108,0,0,0,0,0,0,0,0,0,0,0, 0,0,0,0,0,6,0,0,0,0
23840,6,109,-44.2,80,32,-8.36598,8.60293,0,0,0,0,0,0,0,0,0,0,0, 0,0,0,0,0,6,0,0,0,0
23840,7,22,-1.8,240,31.75,-1.13079,35.9822,0,0,0,0,0,0,0,0,0,0,0, 0,0,0,0,0,6,0,0,0,0
23840,8,82,-43.6,84,32,-8.68921,9.12457,0,0,0,0,0,0,0,0,0,0,0, 0,0,0,0,0,6,0,0,0,0
23840,9,140,-59.4,60,32,-7.74668,4.58137,0,0,0,0,0,0,0,0,0,0,0, 0,0,0,0,0,6,0,0,0,0
23880,0,245,-58.4,64,32,-8.17658,5.03026,0,0,0,0,0,0,0,0,0,0,0, 0,0,0,0,0,7,0,0,0,0
23880,1,290,-56.5,68,32,-8.50564,5.62976,0,0,0,0,0,0,0,0,0,0,0, 0,0,0,0,0,7,0,0,0,0
23880,2,29,1.8,228,31.75,1.07425,34.1831,0,0,0,0,0,0,0,0,0,0,0, 0,0,0,0,0,7,0,0,0,0
23880,3,27,1.3,228,32.25,0.775907,34.1912,0,0,0,0,0,0,0,0,0,0,0, 0,0,0,0,0,7,0,0,0,0
23880,4,240,-55.4,72,32,-8.88987,6.13271,0,0,0,0,0,0,0,0,0,0,0, 0,0,0,0,0,7,0,0,0,0
23880,5,154,-51.6,76,32,-8.93411,7.08108,0,0,0,0,0,0,0,0,0,0,0, 0,0,0,0,0,7,0,0,0,0
23880,6,106,-45,80,32,-8.48528,8.48528,0,0,0,0,0,0,0,0,0,0,0, 0,0,0,0,0,7,0,0,0,0
23880,7,140,-58.4,60,32,-7.66554,4.71587,0,0,0,0,0,0,0,0,0,0,0, 0,0,0,0,0,7,0,0,0,0
23920,0,247,-57.4,64,32,-8.08754,5.1722,0,0,0,0,0,0,0,0,0,0,0, 0,0,0,0,0,8,0,0,0,0
23920,1,290,-57.4,68,32,-8.59301,5.49546,0,0,0,0,0,0,0,0,0,0,0, 0,0,0,0,0,8,0,0,0,0
23920,2,45,69.6,8,33,1.12474,0.418287,0,0,0,0,0,0,0,0,0,0,0, 0,0,0,0,0,8,0,0,0,0
23920,3,239,-56.5,72,32,-9.00597,5.96092,0,0,0,0,0,0,0,0,0,0,0, 0,0,0,0,0,8,0,0,0,0
23920,4,153,-51.6,76,32,-8.93411,7.08108,0,0,0,0,0,0,0,0,0,0,0, 0,0,0,0,0,8,0,0,0,0
23920,5,104,-45.9,80,32,-8.61752,8.35095,0,0,0,0,0,0,0,0,0,0,0, 0,0,0,0,0,8,0,0,0,0
23920,6,139,-59.4,60,32,-7.74668,4.58137,0,0,0,0,0,0,0,0,0,0,0, 0,0,0,0,0,8,0,0,0,0
23960,0,246,-58.4,64,32,-8.17658,5.03026,0,1334,0,0,0,0,0,0,0,0,0, 0,0,0,0,0,9,0,0,0,0
23960,1,30,1.8,224,31.75,1.0554,33.5834,0,1334,0,0,0,0,0,0,0,0,0, 0,0,0,0,0,9,0,0,0,0
23960,2,30,3.1,224,32.25,1.81705,33.5508,0,1334,0,0,0,0,0,0,0,0,0, 0,0,0,0,0,9,0,0,0,0
23960,3,289,-57.4,68,32,-8.59301,5.49546,0,1334,0,0,0,0,0,0,0,0,0, 0,0,0,0,0,9,0,0,0,0
23960,4,16,2.4,228,33,1.43215,34.17,0,1334,0,0,0,0,0,0,0,0,0, 0,0,0,0,0,9,0,0,0,0
23960,5,239,-56.5,72,32,-9.00597,5.96092,0,1334,0,0,0,0,0,0,0,0,0, 0,0,0,0,0,9,0,0,0,0
23960,6,152,-53.4,76,32,-9.15212,6.79696,0,1334,0,0,0,0,0,0,0,0,0, 0,0,0,0,0,9,0,0,0,0
23960,7,102,-46.7,80,32,-8.73327,8.22982,0,1334,0,0,0,0,0,0,0,0,0, 0,0,0,0,0,9,0,0,0,0
23960,8,139,-58.4,60,32,-7.66554,4.71587,0,1334,0,0,0,0,0,0,0,0,0, 0,0,0,0,0,9,0,0,0,0
24000,0,245,-58.4,64,32,-8.17658,5.03026,0,0,0,0,0,0,0,0,0,0,0, 0,0,0,0,0,10,0,0,0,0
24000,1,289,-57.4,68,32,-8.59301,5.49546,0,0,0,0,0,0,0,0,0,0,0, 0,0,0,0,0,10,0,0,0,0
24000,2,239,-55.4,72,32,-8.88987,6.13271,0,0,0,0,0,0,0,0,0,0,0, 0,0,0,0,0,10,0,0,0,0
24000,3,153,-53.4,76,32,-9.15212,6.79696,0,0,0,0,0,0,0,0,0,0,0, 0,0,0,0,0,10,0,0,0,0
24000,4,104,-46.7,80,32,-8.73327,8.22982,0,0,0,0,0,0,0,0,0,0,0, 0,0,0,0,0,10,0,0,0,0
24000,5,140,-59.4,60,32,-7.74668,4.58137,0,0,0,0,0,0,0,0,0,0,0, 0,0,0,0,0,10,0,0,0,0
24040,0,243,-58.4,64,32,-8.17658,5.03026,0,7936,0,0,0,0,0,0,0,0,0, 0,0,0,0,0,11,0,0,0,0
24040,1,24,0.1,224,31.25,0.058643,33.5999,0,7936,0,0,0,0,0,0,0,0,0, 0,0,0,0,0,11,0,0,0,0
24040,2,25,0.6,224,32.25,0.351852,33.5982,0,7936,0,0,0,0,0,0,0,0,0, 0,0,0,0,0,11,0,0,0,0
24040,3,288,-57.4,68,32,-8.59301,5.49546,0,7936,0,0,0,0,0,0,0,0,0, 0,0,0,0,0,11,0,0,0,0
24040,4,44,66.6,8,33,1.10131,0.476577,0,7936,0,0,0,0,0,0,0,0,0, 0,0,0,0,0,11,0,0,0,0
24040,5,240,-56.5,72,32,-9.00597,5.96092,0,7936,0,0,0,0,0,0,0,0,0, 0,0,0,0,0,11,0,0,0,0
24040,6,147,-54.4,76,32,-9.26935,6.6362,0,7936,0,0,0,0,0,0,0,0,0, 0,0,0,0,0,11,0,0,0,0
24040,7,96,-48,80,32,-8.91774,8.02957,0,7936,0,0,0,0,0,0,0,0,0, 0,0,0,0,0,11,0,0,0,0
24040,8,138,-60.3,60,32,-7.81768,4.45913,0,7936,0,0,0,0,0,0,0,0,0, 0,0,0,0,0,11,0,0,0,0
24080,0,244,-58.4,64,32,-8.17658,5.03026,0,1139,0,0,0,0,0,0,0,0,0, 0,0,0,0,0,12,0,0,0,0
24080,1,289,-57.4,68,32,-8.59301,5.49546,0,1139,0,0,0,0,0,0,0,0,0, 0,0,0,0,0,12,0,0,0,0
24080,2,46,66.6,8,33,1.10131,0.476577,0,1139,0,0,0,0,0,0,0,0,0, 0,0,0,0,0,12,0,0,0,0
24080,3,240,-56.5,72,32,-9.00597,5.96092,0,1139,0,0,0,0,0,0,0,0,0, 0,0,0,0,0,12,0,0,0,0
24080,4,153,-53.4,76,32,-9.15212,6.79696,0,1139,0,0,0,0,0,0,0,0,0, 0,0,0,0,0,12,0,0,0,0
24080,5,101,-49.8,80,32,-9.16555,7.74549,0,1139,0,0,0,0,0,0,0,0,0, 0,0,0,0,0,12,0,0,0,0
24080,6,140,-59.4,60,32,-7.74668,4.58137,0,1139,0,0,0,0,0,0,0,0,0, 0,0,0,0,0,12,0,0,0,0
24120,0,245,-58.4,64,32,-8.17658,5.03026,0,86,0,0,0,0,0,0,0,0,0, 0,0,0,0,0,13,0,0,0,0
24120,1,20,-2.4,224,31.75,-1.40702,33.5705,0,86,0,0,0,0,0,0,0,0,0, 0,0,0,0,0,13,0,0,0,0
24120,2,16,-4.8,224,32.25,-2.81158,33.4822,0,86,0,0,0,0,0,0,0,0,0, 0,0,0,0,0,13,0,0,0,0
24120,3,288,-57.4,68,32,-8.59301,5.49546,0,86,0,0,0,0,0,0,0,0,0, 0,0,0,0,0,13,0,0,0,0
24120,4,45,75.1,8,33,1.15965,0.308559,0,86,0,0,0,0,0,0,0,0,0, 0,0,0,0,0,13,0,0,0,0
24120,5,239,-56.5,72,32,-9.00597,5.96092,0,86,0,0,0,0,0,0,0,0,0, 0,0,0,0,0,13,0,0,0,0
24120,6,24,1.3,232,32.25,0.789519,34.791,0,86,0,0,0,0,0,0,0,0,0, 0,0,0,0,0,13,0,0,0,0
24120,7,154,-53.4,76,32,-9.15212,6.79696,0,86,0,0,0,0,0,0,0,0,0, 0,0,0,0,0,13,0,0,0,0
24120,8,103,-49.8,80,32,-9.16555,7.74549,0,86,0,0,0,0,0,0,0,0,0, 0,0,0,0,0,13,0,0,0,0
24120,9,137,-59.4,60,32,-7.74668,4.58137,0,86,0,0,0,0,0,0,0,0,0, 0,0,0,0,0,13,0,0,0,0
24160,0,244,-58.4,64,32,-8.17658,5.03026,0,0,0,0,0,0,0,0,0,0,0, 0,0,0,0,0,14,0,0,0,0
24160,1,21,-1.8,224,32.25,-1.0554,33.5834,0,0,0,0,0,0,0,0,0,0,0, 0,0,0,0,0,14,0,0,0,0
24160,2,289,-57.4,68,32,-8.59301,5.49546,0,0,0,0,0,0,0,0,0,0,0, 0,0,0,0,0,14,0,0,0,0
24160,3,242,-56.5,72,32,-9.00597,5.96092,0,0,0,0,0,0,0,0,0,0,0, 0,0,0,0,0,14,0,0,0,0
24160,4,154,-53.4,76,32,-9.15212,6.79696,0,0,0,0,0,0,0,0,0,0,0, 0,0,0,0,0,14,0,0,0,0
24160,5,104,-46.7,80,32,-8.73327,8.22982,0,0,0,0,0,0,0,0,0,0,0, 0,0,0,0,0,14,0,0,0,0
24160,6,139,-59.4,60,32,-7.74668,4.58137,0,0,0,0,0,0,0,0,0,0,0, 0,0,0,0,0,14,0,0,0,0
24200,0,247,-57.4,64,32,-8.08754,5.1722,0,0,0,0,0,0,0,0,0,0,0, 0,0,0,0,0,15,0,0,0,0
24200,1,23,5.4,224,31.5,3.16204,33.4509,0,0,0,0,0,0,0,0,0,0,0, 0,0,0,0,0,15,0,0,0,0
24200,2,291,-56.5,68,32,-8.50564,5.62976,0,0,0,0,0,0,0,0,0,0,0, 0,0,0,0,0,15,0,0,0,0
24200,3,241,-55.4,72,32,-8.88987,6.13271,0,0,0,0,0,0,0,0,0,0,0, 0,0,0,0,0,15,0,0,0,0
24200,4,17,-7.8,232,31.75,-4.7229,34.478,0,0,0,0,0,0,0,0,0,0,0, 0,0,0,0,0,15,0,0,0,0
24200,5,153,-53.4,76,32,-9.15212,6.79696,0,0,0,0,0,0,0,0,0,0,0, 0,0,0,0,0,15,0,0,0,0
24200,6,101,-46.7,80,32,-8.73327,8.22982,0,0,0,0,0,0,0,0,0,0,0, 0,0,0,0,0,15,0,0,0,0
24200,7,139,-58.4,60,32,-7.66554,4.71587,0,0,0,0,0,0,0,0,0,0,0, 0,0,0,0,0,15,0,0,0,0
24240,0,247,-57.4,64,32,-8.08754,5.1722,0,0,0,0,0,0,0,0,0,0,0, 0,0,0,0,0,0,0,0,0,0
24240,1,292,-56.5,68,32,-8.50564,5.62976,0,0,0,0,0,0,0,0,0,0,0, 0,0,0,0,0,0,0,0,0,0
24240,2,242,-55.4,72,32,-8.88987,6.13271,0,0,0,0,0,0,0,0,0,0,0, 0,0,0,0,0,0,0,0,0,0
24240,3,153,-53.4,76,32,-9.15212,6.79696,0,0,0,0,0,0,0,0,0,0,0, 0,0,0,0,0,0,0,0,0,0
24240,4,99,-49.8,80,32,-9.16555,7.74549,0,0,0,0,0,0,0,0,0,0,0, 0,0,0,0,0,0,0,0,0,0
24240,5,139,-58.4,60,32,-7.66554,4.71587,0,0,0,0,0,0,0,0,0,0,0, 0,0,0,0,0,0,0,0,0,0
24280,0,246,-57.4,64,32,-8.08754,5.1722,0,0,0,0,0,0,0,0,0,0,0, 0,0,0,0,0,1,0,0,0,0
24280,1,290,-56.5,68,32,-8.50564,5.62976,0,0,0,0,0,0,0,0,0,0,0, 0,0,0,0,0,1,0,0,0,0
24280,2,26,5.4,228,31.75,3.2185,34.0482,0,0,0,0,0,0,0,0,0,0,0, 0,0,0,0,0,1,0,0,0,0
24280,3,241,-55.4,72,32,-8.88987,6.13271,0,0,0,0,0,0,0,0,0,0,0, 0,0,0,0,0,1,0,0,0,0
24280,4,153,-53.4,76,32,-9.15212,6.79696,0,0,0,0,0,0,0,0,0,0,0, 0,0,0,0,0,1,0,0,0,0
24280,5,99,-51.6,80,32,-9.40432,7.45377,0,0,0,0,0,0,0,0,0,0,0, 0,0,0,0,0,1,0,0,0,0
24280,6,142,-57.4,60,32,-7.58207,4.84894,0,0,0,0,0,0,0,0,0,0,0, 0,0,0,0,0,1,0,0,0,0
24320,0,251,-56.5,64,32,-8.0053,5.2986,0,0,0,0,0,0,0,0,0,0,0, 0,0,0,0,0,2,0,0,0,0
24320,1,295,-56.5,68,32,-8.50564,5.62976,0,0,0,0,0,0,0,0,0,0,0, 0,0,0,0,0,2,0,0,0,0
24320,2,243,-55.4,72,32,-8.88987,6.13271,0,0,0,0,0,0,0,0,0,0,0, 0,0,0,0,0,2,0,0,0,0
24320,3,17,-3,232,31.25,-1.82129,34.7523,0,0,0,0,0,0,0,0,0,0,0, 0,0,0,0,0,2,0,0,0,0
24320,4,155,-53.4,76,32,-9.15212,6.79696,0,0,0,0,0,0,0,0,0,0,0, 0,0,0,0,0,2,0,0,0,0
24320,5,100,-51.6,80,32,-9.40432,7.45377,0,0,0,0,0,0,0,0,0,0,0, 0,0,0,0,0,2,0,0,0,0
24320,6,140,-57.4,60,32,-7.58207,4.84894,0,0,0,0,0,0,0,0,0,0,0, 0,0,0,0,0,2,0,0,0,0
24360,0,247,-57.4,64,32,-8.08754,5.1722,0,0,0,0,0,0,0,0,0,0,0, 0,0,0,0,0,3,0,0,0,0
24360,1,292,-56.5,68,32,-8.50564,5.62976,0,0,0,0,0,0,0,0,0,0,0, 0,0,0,0,0,3,0,0,0,0
24360,2,47,65.6,8,33,1.09282,0.495725,0,0,0,0,0,0,0,0,0,0,0, 0,0,0,0,0,3,0,0,0,0
24360,3,242,-55.4,72,32,-8.88987,6.13271,0,0,0,0,0,0,0,0,0,0,0, 0,0,0,0,0,3,0,0,0,0
24360,4,154,-53.4,76,32,-9.15212,6.79696,0,0,0,0,0,0,0,0,0,0,0, 0,0,0,0,0,3,0,0,0,0
24360,5,100,-51.6,80,32,-9.40432,7.45377,0,0,0,0,0,0,0,0,0,0,0, 0,0,0,0,0,3,0,0,0,0
24360,6,140,-57.4,60,32,-7.58207,4.84894,0,0,0,0,0,0,0,0,0,0,0, 0,0,0,0,0,3,0,0,0,0
24400,0,247,-57.4,64,32,-8.08754,5.1722,0,0,0,0,0,0,0,0,0,0,0, 0,0,0,0,0,4,0,0,0,0
24400,1,288,-56.5,68,32,-8.50564,5.62976,0,0,0,0,0,0,0,0,0,0,0, 0,0,0,0,0,4,0,0,0,0
24400,2,243,-55.4,72,32,-8.88987,6.13271,0,0,0,0,0,0,0,0,0,0,0, 0,0,0,0,0,4,0,0,0,0
24400,3,155,-53.4,76,32,-9.15212,6.79696,0,0,0,0,0,0,0,0,0,0,0, 0,0,0,0,0,4,0,0,0,0
24400,4,102,-49.8,80,32,-9.16555,7.74549,0,0,0,0,0,0,0,0,0,0,0, 0,0,0,0,0,4,0,0,0,0
24400,5,140,-57.4,60,32,-7.58207,4.84894,0,0,0,0,0,0,0,0,0,0,0, 0,0,0,0,0,4,0,0,0,0
24440,0,245,-57.4,64,32,-8.08754,5.1722,0,0,0,0,0,0,0,0,0,0,0, 0,0,0,0,0,5,0,0,0,0
24440,1,290,-56.5,68,32,-8.50564,5.62976,0,0,0,0,0,0,0,0,0,0,0, 0,0,0,0,0,5,0,0,0,0
24440,2,243,-55.4,72,32,-8.88987,6.13271,0,0,0,0,0,0,0,0,0,0,0, 0,0,0,0,0,5,0,0,0,0
24440,3,156,-53.4,76,32,-9.15212,6.79696,0,0,0,0,0,0,0,0,0,0,0, 0,0,0,0,0,5,0,0,0,0
24440,4,14,4.2,236,32.75,2.59263,35.3049,0,0,0,0,0,0,0,0,0,0,0, 0,0,0,0,0,5,0,0,0,0
24440,5,105,-48,80,32,-8.91774,8.02957,0,0,0,0,0,0,0,0,0,0,0, 0,0,0,0,0,5,0,0,0,0
24440,6,15,-4.2,240,31,-2.63657,35.9033,0,0,0,0,0,0,0,0,0,0,0, 0,0,0,0,0,5,0,0,0,0
24440,7,138,-58.4,60,32,-7.66554,4.71587,0,0,0,0,0,0,0,0,0,0,0, 0,0,0,0,0,5,0,0,0,0
24440,8,21,4.2,220,31.25,2.41686,32.9114,0,0,0,0,0,0,0,0,0,0,0, 0,0,0,0,0,5,0,0,0,0
24440,9,26,3.1,220,32.25,1.7846,32.9517,0,0,0,0,0,0,0,0,0,0,0, 0,0,0,0,0,5,0,0,0,0
24440,10,17,1.3,220,33,0.748682,32.9915,0,0,0,0,0,0,0,0,0,0,0, 0,0,0,0,0,5,0,0,0,0
24480,0,246,-57.4,64,32,-8.08754,5.1722,0,0,0,0,0,0,0,0,0,0,0, 0,0,0,0,0,6,0,0,0,0
24480,1,24,9.4,224,31.5,5.48775,33.1488,0,0,0,0,0,0,0,0,0,0,0, 0,0,0,0,0,6,0,0,0,0
24480,2,291,-56.5,68,32,-8.50564,5.62976,0,0,0,0,0,0,0,0,0,0,0, 0,0,0,0,0,6,0,0,0,0
24480,3,243,-55.4,72,32,-8.88987,6.13271,0,0,0,0,0,0,0,0,0,0,0, 0,0,0,0,0,6,0,0,0,0
24480,4,156,-51.6,76,32,-8.93411,7.08108,0,0,0,0,0,0,0,0,0,0,0, 0,0,0,0,0,6,0,0,0,0
24480,5,107,-46.7,80,32,-8.73327,8.22982,0,0,0,0,0,0,0,0,0,0,0, 0,0,0,0,0,6,0,0,0,0
24480,6,140,-58.4,60,32,-7.66554,4.71587,0,0,0,0,0,0,0,0,0,0,0, 0,0,0,0,0,6,0,0,0,0
24520,0,248,-57.4,64,32,-8.08754,5.1722,0,0,0,0,0,0,0,0,0,0,0, 0,0,0,0,0,7,0,0,0,0
24520,1,292,-56.5,68,32,-8.50564,5.62976,0,0,0,0,0,0,0,0,0,0,0, 0,0,0,0,0,7,0,0,0,0
24520,2,243,-55.4,72,32,-8.88987,6.13271,0,0,0,0,0,0,0,0,0,0,0, 0,0,0,0,0,7,0,0,0,0
24520,3,155,-53.4,76,32,-9.15212,6.79696,0,0,0,0,0,0,0,0,0,0,0, 0,0,0,0,0,7,0,0,0,0
24520,4,104,-46.7,80,32,-8.73327,8.22982,0,0,0,0,0,0,0,0,0,0,0, 0,0,0,0,0,7,0,0,0,0
24520,5,140,-58.4,60,32,-7.66554,4.71587,0,0,0,0,0,0,0,0,0,0,0, 0,0,0,0,0,7,0,0,0,0
24560,0,246,-57.4,64,32,-8.08754,5.1722,0,0,0,0,0,0,0,0,0,0,0, 0,0,0,0,0,8,0,0,0,0
24560,1,290,-56.5,68,32,-8.50564,5.62976,0,0,0,0,0,0,0,0,0,0,0, 0,0,0,0,0,8,0,0,0,0
24560,2,241,-55.4,72,32,-8.88987,6.13271,0,0,0,0,0,0,0,0,0,0,0, 0,0,0,0,0,8,0,0,0,0
24560,3,154,-53.4,76,32,-9.15212,6.79696,0,0,0,0,0,0,0,0,0,0,0, 0,0,0,0,0,8,0,0,0,0
24560,4,104,-48,80,32,-8.91774,8.02957,0,0,0,0,0,0,0,0,0,0,0, 0,0,0,0,0,8,0,0,0,0
24560,5,138,-59.4,60,32,-7.74668,4.58137,0,0,0,0,0,0,0,0,0,0,0, 0,0,0,0,0,8,0,0,0,0
24600,0,245,-58.4,64,32,-8.17658,5.03026,0,1334,0,0,0,0,0,0,0,0,0, 0,0,0,0,0,9,0,0,0,0
24600,1,289,-57.4,68,32,-8.59301,5.49546,0,1334,0,0,0,0,0,0,0,0,0, 0,0,0,0,0,9,0,0,0,0
24600,2,238,-56.5,72,32,-9.00597,5.96092,0,1334,0,0,0,0,0,0,0,0,0, 0,0,0,0,0,9,0,0,0,0
24600,3,149,-53.4,76,32,-9.15212,6.79696,0,1334,0,0,0,0,0,0,0,0,0, 0,0,0,0,0,9,0,0,0,0
24600,4,98,-46.7,80,32,-8.73327,8.22982,0,1334,0,0,0,0,0,0,0,0,0, 0,0,0,0,0,9,0,0,0,0
24600,5,139,-58.4,60,32,-7.66554,4.71587,0,1334,0,0,0,0,0,0,0,0,0, 0,0,0,0,0,9,0,0,0,0
24640,0,247,-57.4,64,32,-8.08754,5.1722,0,0,0,0,0,0,0,0,0,0,0, 0,0,0,0,0,10,0,0,0,0
24640,1,291,-56.5,68,32,-8.50564,5.62976,0,0,0,0,0,0,0,0,0,0,0, 0,0,0,0,0,10,0,0,0,0
24640,2,243,-55.4,72,32,-8.88987,6.13271,0,0,0,0,0,0,0,0,0,0,0, 0,0,0,0,0,10,0,0,0,0
24640,3,155,-51.6,76,32,-8.93411,7.08108,0,0,0,0,0,0,0,0,0,0,0, 0,0,0,0,0,10,0,0,0,0
24640,4,105,-48,80,32,-8.91774,8.02957,0,0,0,0,0,0,0,0,0,0,0, 0,0,0,0,0,10,0,0,0,0
24640,5,141,-58.4,60,32,-7.66554,4.71587,0,0,0,0,0,0,0,0,0,0,0, 0,0,0,0,0,10,0,0,0,0
24680,0,247,-57.4,64,32,-8.08754,5.1722,0,7936,0,0,0,0,0,0,0,0,0, 0,0,0,0,0,11,0,0,0,0
24680,1,292,-56.5,68,32,-8.50564,5.62976,0,7936,0,0,0,0,0,0,0,0,0, 0,0,0,0,0,11,0,0,0,0
24680,2,244,-55.4,72,32,-8.88987,6.13271,0,7936,0,0,0,0,0,0,0,0,0, 0,0,0,0,0,11,0,0,0,0
24680,3,156,-53.4,76,32,-9.15212,6.79696,0,7936,0,0,0,0,0,0,0,0,0, 0,0,0,0,0,11,0,0,0,0
24680,4,18,-0.6,236,31.5,-0.370701,35.3981,0,7936,0,0,0,0,0,0,0,0,0, 0,0,0,0,0,11,0,0,0,0
24680,5,102,-49.8,80,32,-9.16555,7.74549,0,7936,0,0,0,0,0,0,0,0,0, 0,0,0,0,0,11,0,0,0,0
24680,6,138,-59.4,60,32,-7.74668,4.58137,0,7936,0,0,0,0,0,0,0,0,0, 0,0,0,0,0,11,0,0,0,0
24720,0,247,-57.4,64,32,-8.08754,5.1722,0,1139,0,0,0,0,0,0,0,0,0, 0,0,0,0,0,12,0,0,0,0
24720,1,292,-56.5,68,32,-8.50564,5.62976,0,1139,0,0,0,0,0,0,0,0,0, 0,0,0,0,0,12,0,0,0,0
24720,2,243,-55.4,72,32,-8.88987,6.13271,0,1139,0,0,0,0,0,0,0,0,0, 0,0,0,0,0,12,0,0,0,0
24720,3,155,-51.6,76,32,-8.93411,7.08108,0,1139,0,0,0,0,0,0,0,0,0, 0,0,0,0,0,12,0,0,0,0
24720,4,25,0.1,236,31.75,0.0617846,35.3999,0,1139,0,0,0,0,0,0,0,0,0, 0,0,0,0,0,12,0,0,0,0
24720,5,20,-0.6,236,32.25,-0.370701,35.3981,0,1139,0,0,0,0,0,0,0,0,0, 0,0,0,0,0,12,0,0,0,0
24720,6,105,-46.7,80,32,-8.73327,8.22982,0,1139,0,0,0,0,0,0,0,0,0, 0,0,0,0,0,12,0,0,0,0
24720,7,140,-58.4,60,32,-7.66554,4.71587,0,1139,0,0,0,0,0,0,0,0,0, 0,0,0,0,0,12,0,0,0,0
24760,0,246,-57.4,64,32,-8.08754,5.1722,0,86,0,0,0,0,0,0,0,0,0, 0,0,0,0,0,13,0,0,0,0
24760,1,292,-56.5,68,32,-8.50564,5.62976,0,86,0,0,0,0,0,0,0,0,0, 0,0,0,0,0,13,0,0,0,0
24760,2,21,3.1,228,31.25,1.8495,34.15,0,86,0,0,0,0,0,0,0,0,0, 0,0,0,0,0,13,0,0,0,0
24760,3,14,0.6,228,32.25,0.358135,34.1981,0,86,0,0,0,0,0,0,0,0,0, 0,0,0,0,0,13,0,0,0,0
24760,4,244,-54.4,72,32,-8.78149,6.28693,0,86,0,0,0,0,0,0,0,0,0, 0,0,0,0,0,13,0,0,0,0
24760,5,156,-51.6,76,32,-8.93411,7.08108,0,86,0,0,0,0,0,0,0,0,0, 0,0,0,0,0,13,0,0,0,0
24760,6,104,-46.7,80,32,-8.73327,8.22982,0,86,0,0,0,0,0,0,0,0,0, 0,0,0,0,0,13,0,0,0,0
24760,7,139,-57.4,60,32,-7.58207,4.84894,0,86,0,0,0,0,0,0,0,0,0, 0,0,0,0,0,13,0,0,0,0
24760,8,17,-0.6,220,33,-0.345569,32.9982,0,86,0,0,0,0,0,0,0,0,0, 0,0,0,0,0,13,0,0,0,0
24800,0,249,-56.5,64,32,-8.0053,5.2986,0,0,0,0,0,0,0,0,0,0,0, 0,0,0,0,0,14,0,0,0,0
24800,1,294,-55.4,68,32,-8.39599,5.79201,0,0,0,0,0,0,0,0,0,0,0, 0,0,0,0,0,14,0,0,0,0
24800,2,245,-54.4,72,32,-8.78149,6.28693,0,0,0,0,0,0,0,0,0,0,0, 0,0,0,0,0,14,0,0,0,0
24800,3,157,-51.6,76,32,-8.93411,7.08108,0,0,0,0,0,0,0,0,0,0,0, 0,0,0,0,0,14,0,0,0,0
24800,4,105,-48,80,32,-8.91774,8.02957,0,0,0,0,0,0,0,0,0,0,0, 0,0,0,0,0,14,0,0,0,0
24800,5,138,-58.4,60,32,-7.66554,4.71587,0,0,0,0,0,0,0,0,0,0,0, 0,0,0,0,0,14,0,0,0,0
24800,6,17,7.2,220,32.25,4.136,32.7398,0,0,0,0,0,0,0,0,0,0,0, 0,0,0,0,0,14,0,0,0,0
24840,0,247,-57.4,64,32,-8.08754,5.1722,0,0,0,0,0,0,0,0,0,0,0, 0,0,0,0,0,15,0,0,0,0
24840,1,290,-56.5,68,32,-8.50564,5.62976,0,0,0,0,0,0,0,0,0,0,0, 0,0,0,0,0,15,0,0,0,0
24840,2,242,-55.4,72,32,-8.88987,6.13271,0,0,0,0,0,0,0,0,0,0,0, 0,0,0,0,0,15,0,0,0,0
24840,3,154,-53.4,76,32,-9.15212,6.79696,0,0,0,0,0,0,0,0,0,0,0, 0,0,0,0,0,15,0,0,0,0
24840,4,17,-1.2,236,31.75,-0.741362,35.3922,0,0,0,0,0,0,0,0,0,0,0, 0,0,0,0,0,15,0,0,0,0
24840,5,100,-49.8,80,32,-9.16555,7.74549,0,0,0,0,0,0,0,0,0,0,0, 0,0,0,0,0,15,0,0,0,0
24840,6,139,-57.4,60,32,-7.58207,4.84894,0,0,0,0,0,0,0,0,0,0,0, 0,0,0,0,0,15,0,0,0,0
24880,0,245,-56.5,64,32,-8.0053,5.2986,0,0,0,0,0,0,0,0,0,0,0, 0,0,0,0,0,0,0,0,0,0
24880,1,290,-56.5,68,32,-8.50564,5.62976,0,0,0,0,0,0,0,0,0,0,0, 0,0,0,0,0,0,0,0,0,0
24880,2,18,6.1,228,33,3.63423,34.0064,0,0,0,0,0,0,0,0,0,0,0, 0,0,0,0,0,0,0,0,0,0
24880,3,241,-55.4,72,32,-8.88987,6.13271,0,0,0,0,0,0,0,0,0,0,0, 0,0,0,0,0,0,0,0,0,0
24880,4,154,-53.4,76,32,-9.15212,6.79696,0,0,0,0,0,0,0,0,0,0,0, 0,0,0,0,0,0,0,0,0,0
24880,5,99,-51.6,80,32,-9.40432,7.45377,0,0,0,0,0,0,0,0,0,0,0, 0,0,0,0,0,0,0,0,0,0
24880,6,138,-57.4,60,32,-7.58207,4.84894,0,0,0,0,0,0,0,0,0,0,0, 0,0,0,0,0,0,0,0,0,0
24920,0,246,-57.4,64,32,-8.08754,5.1722,0,0,0,0,0,0,0,0,0,0,0, 0,0,0,0,0,1,0,0,0,0
24920,1,289,-56.5,68,32,-8.50564,5.62976,0,0,0,0,0,0,0,0,0,0,0, 0,0,0,0,0,1,0,0,0,0
24920,2,239,-55.4,72,32,-8.88987,6.13271,0,0,0,0,0,0,0,0,0,0,0, 0,0,0,0,0,1,0,0,0,0
24920,3,150,-53.4,76,32,-9.15212,6.79696,0,0,0,0,0,0,0,0,0,0,0, 0,0,0,0,0,1,0,0,0,0
24920,4,97,-49.8,80,32,-9.16555,7.74549,0,0,0,0,0,0,0,0,0,0,0, 0,0,0,0,0,1,0,0,0,0
24920,5,140,-58.4,60,32,-7.66554,4.71587,0,0,0,0,0,0,0,0,0,0,0, 0,0,0,0,0,1,0,0,0,0
24960,0,246,-57.4,64,32,-8.08754,5.1722,0,0,0,0,0,0,0,0,0,0,0, 0,0,0,0,0,2,0,0,0,0
24960,1,290,-56.5,68,32,-8.50564,5.62976,0,0,0,0,0,0,0,0,0,0,0, 0,0,0,0,0,2,0,0,0,0
24960,2,15,0.1,228,31.25,0.0596902,34.1999,0,0,0,0,0,0,0,0,0,0,0, 0,0,0,0,0,2,0,0,0,0
24960,3,240,-55.4,72,32,-8.88987,6.13271,0,0,0,0,0,0,0,0,0,0,0, 0,0,0,0,0,2,0,0,0,0
24960,4,151,-54.4,76,32,-9.26935,6.6362,0,0,0,0,0,0,0,0,0,0,0, 0,0,0,0,0,2,0,0,0,0
24960,5,94,-53.4,80,32,-9.63381,7.1547,0,0,0,0,0,0,0,0,0,0,0, 0,0,0,0,0,2,0,0,0,0
24960,6,139,-58.4,60,32,-7.66554,4.71587,0,0,0,0,0,0,0,0,0,0,0, 0,0,0,0,0,2,0,0,0,0
25000,0,246,-57.4,64,32,-8.08754,5.1722,0,0,0,0,0,0,0,0,0,0,0, 0,0,0,0,0,3,0,0,0,0
25000,1,290,-56.5,68,32,-8.50564,5.62976,0,0,0,0,0,0,0,0,0,0,0, 0,0,0,0,0,3,0,0,0,0
25000,2,239,-55.4,72,32,-8.88987,6.13271,0,0,0,0,0,0,0,0,0,0,0, 0,0,0,0,0,3,0,0,0,0
25000,3,26,3.6,232,32.25,2.18511,34.7313,0,0,0,0,0,0,0,0,0,0,0, 0,0,0,0,0,3,0,0,0,0
25000,4,20,4.2,232,33,2.54869,34.7065,0,0,0,0,0,0,0,0,0,0,0, 0,0,0,0,0,3,0,0,0,0
25000,5,151,-54.4,76,32,-9.26935,6.6362,0,0,0,0,0,0,0,0,0,0,0, 0,0,0,0,0,3,0,0,0,0
25000,6,94,-53.4,80,32,-9.63381,7.1547,0,0,0,0,0,0,0,0,0,0,0, 0,0,0,0,0,3,0,0,0,0
25000,7,140,-58.4,60,32,-7.66554,4.71587,0,0,0,0,0,0,0,0,0,0,0, 0,0,0,0,0,3,0,0,0,0
25040,0,247,-57.4,64,32,-8.08754,5.1722,0,0,0,0,0,0,0,0,0,0,0, 0,0,0,0,0,4,0,0,0,0
25040,1,290,-56.5,68,32,-8.50564,5.62976,0,0,0,0,0,0,0,0,0,0,0, 0,0,0,0,0,4,0,0,0,0
25040,2,240,-56.5,72,32,-9.00597,5.96092,0,0,0,0,0,0,0,0,0,0,0, 0,0,0,0,0,4,0,0,0,0
25040,3,151,-55.4,76,32,-9.38375,6.47342,0,0,0,0,0,0,0,0,0,0,0, 0,0,0,0,0,4,0,0,0,0
25040,4,95,-53.4,80,32,-9.63381,7.1547,0,0,0,0,0,0,0,0,0,0,0, 0,0,0,0,0,4,0,0,0,0
25040,5,139,-58.4,60,32,-7.66554,4.71587,0,0,0,0,0,0,0,0,0,0,0, 0,0,0,0,0,4,0,0,0,0
25080,0,245,-58.4,64,32,-8.17658,5.03026,0,0,0,0,0,0,0,0,0,0,0, 0,0,0,0,0,5,0,0,0,0
25080,1,288,-57.4,68,32,-8.59301,5.49546,0,0,0,0,0,0,0,0,0,0,0, 0,0,0,0,0,5,0,0,0,0
25080,2,242,-56.5,72,32,-9.00597,5.96092,0,0,0,0,0,0,0,0,0,0,0, 0,0,0,0,0,5,0,0,0,0
25080,3,152,-54.4,76,32,-9.26935,6.6362,0,0,0,0,0,0,0,0,0,0,0, 0,0,0,0,0,5,0,0,0,0
25080,4,98,-53.4,80,32,-9.63381,7.1547,0,0,0,0,0,0,0,0,0,0,0, 0,0,0,0,0,5,0,0,0,0
25080,5,19,-4.2,244,31.25,-2.68052,36.5017,0,0,0,0,0,0,0,0,0,0,0, 0,0,0,0,0,5,0,0,0,0
25080,6,139,-59.4,60,32,-7.74668,4.58137,0,0,0,0,0,0,0,0,0,0,0, 0,0,0,0,0,5,0,0,0,0
25120,0,245,-58.4,64,32,-8.17658,5.03026,0,0,0,0,0,0,0,0,0,0,0, 0,0,0,0,0,6,0,0,0,0
25120,1,289,-56.5,68,32,-8.50564,5.62976,0,0,0,0,0,0,0,0,0,0,0, 0,0,0,0,0,6,0,0,0,0
25120,2,41,75.1,8,33,1.15965,0.308559,0,0,0,0,0,0,0,0,0,0,0, 0,0,0,0,0,6,0,0,0,0
25120,3,242,-55.4,72,32,-8.88987,6.13271,0,0,0,0,0,0,0,0,0,0,0, 0,0,0,0,0,6,0,0,0,0
25120,4,155,-53.4,76,32,-9.15212,6.79696,0,0,0,0,0,0,0,0,0,0,0, 0,0,0,0,0,6,0,0,0,0
25120,5,100,-51.6,80,32,-9.40432,7.45377,0,0,0,0,0,0,0,0,0,0,0, 0,0,0,0,0,6,0,0,0,0
25120,6,140,-60.3,60,32,-7.81768,4.45913,0,0,0,0,0,0,0,0,0,0,0, 0,0,0,0,0,6,0,0,0,0
25160,0,244,-58.4,64,32,-8.17658,5.03026,0,0,0,0,0,0,0,0,0,0,0, 0,0,0,0,0,7,0,0,0,0
25160,1,292,-56.5,68,32,-8.50564,5.62976,0,0,0,0,0,0,0,0,0,0,0, 0,0,0,0,0,7,0,0,0,0
25160,2,242,-55.4,72,32,-8.88987,6.13271,0,0,0,0,0,0,0,0,0,0,0, 0,0,0,0,0,7,0,0,0,0
25160,3,157,-54.4,76,32,-9.26935,6.6362,0,0,0,0,0,0,0,0,0,0,0, 0,0,0,0,0,7,0,0,0,0
25160,4,102,-51.6,80,32,-9.40432,7.45377,0,0,0,0,0,0,0,0,0,0,0, 0,0,0,0,0,7,0,0,0,0
25160,5,139,-59.4,60,32,-7.74668,4.58137,0,0,0,0,0,0,0,0,0,0,0, 0,0,0,0,0,7,0,0,0,0
25200,0,247,-58.4,64,32,-8.17658,5.03026,0,0,0,0,0,0,0,0,0,0,0, 0,0,0,0,0,8,0,0,0,0
25200,1,291,-56.5,68,32,-8.50564,5.62976,0,0,0,0,0,0,0,0,0,0,0, 0,0,0,0,0,8,0,0,0,0
25200,2,244,-55.4,72,32,-8.88987,6.13271,0,0,0,0,0,0,0,0,0,0,0, 0,0,0,0,0,8,0,0,0,0
25200,3,155,-54.4,76,32,-9.26935,6.6362,0,0,0,0,0,0,0,0,0,0,0, 0,0,0,0,0,8,0,0,0,0
25200,4,102,-49.8,80,32,-9.16555,7.74549,0,0,0,0,0,0,0,0,0,0,0, 0,0,0,0,0,8,0,0,0,0
25200,5,140,-58.4,60,32,-7.66554,4.71587,0,0,0,0,0,0,0,0,0,0,0, 0,0,0,0,0,8,0,0,0,0
25240,0,247,-57.4,64,32,-8.08754,5.1722,0,1334,0,0,0,0,0,0,0,0,0, 0,0,0,0,0,9,0,0,0,0
25240,1,292,-56.5,68,32,-8.50564,5.62976,0,1334,0,0,0,0,0,0,0,0,0, 0,0,0,0,0,9,0,0,0,0
25240,2,18,0.1,228,31.75,0.0596902,34.1999,0,1334,0,0,0,0,0,0,0,0,0, 0,0,0,0,0,9,0,0,0,0
25240,3,244,-56.5,72,32,-9.00597,5.96092,0,1334,0,0,0,0,0,0,0,0,0, 0,0,0,0,0,9,0,0,0,0
25240,4,155,-54.4,76,32,-9.26935,6.6362,0,1334,0,0,0,0,0,0,0,0,0, 0,0,0,0,0,9,0,0,0,0
25240,5,101,-51.6,80,32,-9.40432,7.45377,0,1334,0,0,0,0,0,0,0,0,0, 0,0,0,0,0,9,0,0,0,0
25240,6,140,-58.4,60,32,-7.66554,4.71587,0,1334,0,0,0,0,0,0,0,0,0, 0,0,0,0,0,9,0,0,0,0
25280,0,248,-58.4,64,32,-8.17658,5.03026,0,0,0,0,0,0,0,0,0,0,0, 0,0,0,0,0,10,0,0,0,0
25280,1,292,-56.5,68,32,-8.50564,5.62976,0,0,0,0,0,0,0,0,0,0,0, 0,0,0,0,0,10,0,0,0,0
25280,2,45,72.4,8,33,1.14383,0.362844,0,0,0,0,0,0,0,0,0,0,0, 0,0,0,0,0,10,0,0,0,0
25280,3,243,-56.5,72,32,-9.00597,5.96092,0,0,0,0,0,0,0,0,0,0,0, 0,0,0,0,0,10,0,0,0,0
25280,4,152,-55.4,76,32,-9.38375,6.47342,0,0,0,0,0,0,0,0,0,0,0, 0,0,0,0,0,10,0,0,0,0
25280,5,99,-53.4,80,32,-9.63381,7.1547,0,0,0,0,0,0,0,0,0,0,0, 0,0,0,0,0,10,0,0,0,0
25280,6,141,-58.4,60,32,-7.66554,4.71587,0,0,0,0,0,0,0,0,0,0,0, 0,0,0,0,0,10,0,0,0,0
25320,0,250,-57.4,64,32,-8.08754,5.1722,0,7936,0,0,0,0,0,0,0,0,0, 0,0,0,0,0,11,0,0,0,0
25320,1,294,-56.5,68,32,-8.50564,5.62976,0,7936,0,0,0,0,0,0,0,0,0, 0,0,0,0,0,11,0,0,0,0
25320,2,18,3.1,228,31.75,1.8495,34.15,0,7936,0,0,0,0,0,0,0,0,0, 0,0,0,0,0,11,0,0,0,0
25320,3,40,75.1,8,33,1.15965,0.308559,0,7936,0,0,0,0,0,0,0,0,0, 0,0,0,0,0,11,0,0,0,0
25320,4,245,-55.4,72,32,-8.88987,6.13271,0,7936,0,0,0,0,0,0,0,0,0, 0,0,0,0,0,11,0,0,0,0
25320,5,151,-55.4,76,32,-9.38375,6.47342,0,7936,0,0,0,0,0,0,0,0,0, 0,0,0,0,0,11,0,0,0,0
25320,6,95,-54.4,80,32,-9.75721,6.98548,0,7936,0,0,0,0,0,0,0,0,0, 0,0,0,0,0,11,0,0,0,0
25320,7,141,-58.4,60,32,-7.66554,4.71587,0,7936,0,0,0,0,0,0,0,0,0, 0,0,0,0,0,11,0,0,0,0
25360,0,247,-57.4,64,32,-8.08754,5.1722,0,1139,0,0,0,0,0,0,0,0,0, 0,0,0,0,0,12,0,0,0,0
25360,1,292,-56.5,68,32,-8.50564,5.62976,0,1139,0,0,0,0,0,0,0,0,0, 0,0,0,0,0,12,0,0,0,0
25360,2,242,-56.5,72,32,-9.00597,5.96092,0,1139,0,0,0,0,0,0,0,0,0, 0,0,0,0,0,12,0,0,0,0
25360,3,152,-55.4,76,32,-9.38375,6.47342,0,1139,0,0,0,0,0,0,0,0,0, 0,0,0,0,0,12,0,0,0,0
25360,4,94,-53.4,80,32,-9.63381,7.1547,0,1139,0,0,0,0,0,0,0,0,0, 0,0,0,0,0,12,0,0,0,0
25360,5,140,-59.4,60,32,-7.74668,4.58137,0,1139,0,0,0,0,0,0,0,0,0, 0,0,0,0,0,12,0,0,0,0
25360,6,15,4.2,220,31.75,2.41686,32.9114,0,1139,0,0,0,0,0,0,0,0,0, 0,0,0,0,0,12,0,0,0,0
25400,0,247,-58.4,64,32,-8.17658,5.03026,0,86,0,0,0,0,0,0,0,0,0, 0,0,0,0,0,13,0,0,0,0
25400,1,291,-57.4,68,32,-8.59301,5.49546,0,86,0,0,0,0,0,0,0,0,0, 0,0,0,0,0,13,0,0,0,0
25400,2,242,-56.5,72,32,-9.00597,5.96092,0,86,0,0,0,0,0,0,0,0,0, 0,0,0,0,0,13,0,0,0,0
25400,3,154,-54.4,76,32,-9.26935,6.6362,0,86,0,0,0,0,0,0,0,0,0, 0,0,0,0,0,13,0,0,0,0
25400,4,97,-53.4,80,32,-9.63381,7.1547,0,86,0,0,0,0,0,0,0,0,0, 0,0,0,0,0,13,0,0,0,0
25400,5,140,-59.4,60,32,-7.74668,4.58137,0,86,0,0,0,0,0,0,0,0,0, 0,0,0,0,0,13,0,0,0,0
25400,6,16,3.1,220,33,1.7846,32.9517,0,86,0,0,0,0,0,0,0,0,0, 0,0,0,0,0,13,0,0,0,0
25440,0,246,-58.4,64,32,-8.17658,5.03026,0,0,0,0,0,0,0,0,0,0,0, 0,0,0,0,0,14,0,0,0,0
25440,1,26,3.1,224,31.75,1.81705,33.5508,0,0,0,0,0,0,0,0,0,0,0, 0,0,0,0,0,14,0,0,0,0
25440,2,34,1.3,224,32.25,0.762294,33.5914,0,0,0,0,0,0,0,0,0,0,0, 0,0,0,0,0,14,0,0,0,0
25440,3,26,-0.6,224,33,-0.351852,33.5982,0,0,0,0,0,0,0,0,0,0,0, 0,0,0,0,0,14,0,0,0,0
25440,4,291,-56.5,68,32,-8.50564,5.62976,0,0,0,0,0,0,0,0,0,0,0, 0,0,0,0,0,14,0,0,0,0
25440,5,244,-56.5,72,32,-9.00597,5.96092,0,0,0,0,0,0,0,0,0,0,0, 0,0,0,0,0,14,0,0,0,0
25440,6,29,1.3,232,31.75,0.789519,34.791,0,0,0,0,0,0,0,0,0,0,0, 0,0,0,0,0,14,0,0,0,0
25440,7,154,-54.4,76,32,-9.26935,6.6362,0,0,0,0,0,0,0,0,0,0,0, 0,0,0,0,0,14,0,0,0,0
25440,8,99,-53.4,80,32,-9.63381,7.1547,0,0,0,0,0,0,0,0,0,0,0, 0,0,0,0,0,14,0,0,0,0
25440,9,139,-59.4,60,32,-7.74668,4.58137,0,0,0,0,0,0,0,0,0,0,0, 0,0,0,0,0,14,0,0,0,0
25440,10,18,7.2,220,33,4.136,32.7398,0,0,0,0,0,0,0,0,0,0,0, 0,0,0,0,0,14,0,0,0,0
25480,0,247,-58.4,64,32,-8.17658,5.03026,0,0,0,0,0,0,0,0,0,0,0, 0,0,0,0,0,15,0,0,0,0
25480,1,26,5.4,224,31.75,3.16204,33.4509,0,0,0,0,0,0,0,0,0,0,0, 0,0,0,0,0,15,0,0,0,0
25480,2,42,2.4,224,32.75,1.40702,33.5705,0,0,0,0,0,0,0,0,0,0,0, 0,0,0,0,0,15,0,0,0,0
25480,3,36,1.8,224,33,1.0554,33.5834,0,0,0,0,0,0,0,0,0,0,0, 0,0,0,0,0,15,0,0,0,0
25480,4,292,-56.5,68,32,-8.50564,5.62976,0,0,0,0,0,0,0,0,0,0,0, 0,0,0,0,0,15,0,0,0,0
25480,5,33,3.6,228,31.75,2.14744,34.1325,0,0,0,0,0,0,0,0,0,0,0, 0,0,0,0,0,15,0,0,0,0
25480,6,33,-0.6,228,33,-0.358135,34.1981,0,0,0,0,0,0,0,0,0,0,0, 0,0,0,0,0,15,0,0,0,0
25480,7,245,-56.5,72,32,-9.00597,5.96092,0,0,0,0,0,0,0,0,0,0,0, 0,0,0,0,0,15,0,0,0,0
25480,8,155,-53.4,76,32,-9.15212,6.79696,0,0,0,0,0,0,0,0,0,0,0, 0,0,0,0,0,15,0,0,0,0
25480,9,102,-53.4,80,32,-9.63381,7.1547,0,0,0,0,0,0,0,0,0,0,0, 0,0,0,0,0,15,0,0,0,0
25480,10,140,-59.4,60,32,-7.74668,4.58137,0,0,0,0,0,0,0,0,0,0,0, 0,0,0,0,0,15,0,0,0,0
25520,0,247,-58.4,64,32,-8.17658,5.03026,0,0,0,0,0,0,0,0,0,0,0, 0,0,0,0,0,0,0,0,0,0
25520,1,20,7.2,224,32.25,4.2112,33.3351,0,0,0,0,0,0,0,0,0,0,0, 0,0,0,0,0,0,0,0,0,0
25520,2,292,-57.4,68,32,-8.59301,5.49546,0,0,0,0,0,0,0,0,0,0,0, 0,0,0,0,0,0,0,0,0,0
25520,3,244,-56.5,72,32,-9.00597,5.96092,0,0,0,0,0,0,0,0,0,0,0, 0,0,0,0,0,0,0,0,0,0
25520,4,156,-54.4,76,32,-9.26935,6.6362,0,0,0,0,0,0,0,0,0,0,0, 0,0,0,0,0,0,0,0,0,0
25520,5,99,-51.6,80,32,-9.40432,7.45377,0,0,0,0,0,0,0,0,0,0,0, 0,0,0,0,0,0,0,0,0,0
25520,6,139,-60.3,60,32,-7.81768,4.45913,0,0,0,0,0,0,0,0,0,0,0, 0,0,0,0,0,0,0,0,0,0
25560,0,244,-58.4,64,32,-8.17658,5.03026,0,0,0,0,0,0,0,0,0,0,0, 0,0,0,0,0,1,0,0,0,0
25560,1,290,-57.4,68,32,-8.59301,5.49546,0,0,0,0,0,0,0,0,0,0,0, 0,0,0,0,0,1,0,0,0,0
25560,2,243,-56.5,72,32,-9.00597,5.96092,0,0,0,0,0,0,0,0,0,0,0, 0,0,0,0,0,1,0,0,0,0
25560,3,155,-53.4,76,32,-9.15212,6.79696,0,0,0,0,0,0,0,0,0,0,0, 0,0,0,0,0,1,0,0,0,0
25560,4,99,-53.4,80,32,-9.63381,7.1547,0,0,0,0,0,0,0,0,0,0,0, 0,0,0,0,0,1,0,0,0,0
25560,5,138,-59.4,60,32,-7.74668,4.58137,0,0,0,0,0,0,0,0,0,0,0, 0,0,0,0,0,1,0,0,0,0
25600,0,243,-58.4,64,32,-8.17658,5.03026,0,0,0,0,0,0,0,0,0,0,0, 0,0,0,0,0,2,0,0,0,0
25600,1,289,-57.4,68,32,-8.59301,5.49546,0,0,0,0,0,0,0,0,0,0,0, 0,0,0,0,0,2,0,0,0,0
25600,2,240,-56.5,72,32,-9.00597,5.96092,0,0,0,0,0,0,0,0,0,0,0, 0,0,0,0,0,2,0,0,0,0
25600,3,150,-53.4,76,32,-9.15212,6.79696,0,0,0,0,0,0,0,0,0,0,0, 0,0,0,0,0,2,0,0,0,0
25600,4,94,-53.4,80,32,-9.63381,7.1547,0,0,0,0,0,0,0,0,0,0,0, 0,0,0,0,0,2,0,0,0,0
25600,5,139,-59.4,60,32,-7.74668,4.58137,0,0,0,0,0,0,0,0,0,0,0, 0,0,0,0,0,2,0,0,0,0
25600,6,18,5.4,220,31.5,3.10557,32.8535,0,0,0,0,0,0,0,0,0,0,0, 0,0,0,0,0,2,0,0,0,0
25640,0,245,-58.4,64,32,-8.17658,5.03026,0,0,0,0,0,0,0,0,0,0,0, 0,0,0,0,0,3,0,0,0,0
25640,1,289,-56.5,68,32,-8.50564,5.62976,0,0,0,0,0,0,0,0,0,0,0, 0,0,0,0,0,3,0,0,0,0
25640,2,241,-55.4,72,32,-8.88987,6.13271,0,0,0,0,0,0,0,0,0,0,0, 0,0,0,0,0,3,0,0,0,0
25640,3,155,-53.4,76,32,-9.15212,6.79696,0,0,0,0,0,0,0,0,0,0,0, 0,0,0,0,0,3,0,0,0,0
25640,4,98,-51.6,80,32,-9.40432,7.45377,0,0,0,0,0,0,0,0,0,0,0, 0,0,0,0,0,3,0,0,0,0
25640,5,137,-59.4,60,32,-7.74668,4.58137,0,0,0,0,0,0,0,0,0,0,0, 0,0,0,0,0,3,0,0,0,0
25680,0,244,-58.4,64,32,-8.17658,5.03026,0,0,0,0,0,0,0,0,0,0,0, 0,0,0,0,0,4,0,0,0,0
25680,1,17,3.6,224,31.75,2.10976,33.5337,0,0,0,0,0,0,0,0,0,0,0, 0,0,0,0,0,4,0,0,0,0
25680,2,27,4.2,224,32.5,2.4608,33.5098,0,0,0,0,0,0,0,0,0,0,0, 0,0,0,0,0,4,0,0,0,0
25680,3,289,-56.5,68,32,-8.50564,5.62976,0,0,0,0,0,0,0,0,0,0,0, 0,0,0,0,0,4,0,0,0,0
25680,4,242,-55.4,72,32,-8.88987,6.13271,0,0,0,0,0,0,0,0,0,0,0, 0,0,0,0,0,4,0,0,0,0
25680,5,154,-53.4,76,32,-9.15212,6.79696,0,0,0,0,0,0,0,0,0,0,0, 0,0,0,0,0,4,0,0,0,0
25680,6,99,-53.4,80,32,-9.63381,7.1547,0,0,0,0,0,0,0,0,0,0,0, 0,0,0,0,0,4,0,0,0,0
25680,7,138,-60.3,60,32,-7.81768,4.45913,0,0,0,0,0,0,0,0,0,0,0, 0,0,0,0,0,4,0,0,0,0
25720,0,246,-58.4,64,32,-8.17658,5.03026,0,0,0,0,0,0,0,0,0,0,0, 0,0,0,0,0,5,0,0,0,0
25720,1,291,-56.5,68,32,-8.50564,5.62976,0,0,0,0,0,0,0,0,0,0,0, 0,0,0,0,0,5,0,0,0,0
25720,2,242,-55.4,72,32,-8.88987,6.13271,0,0,0,0,0,0,0,0,0,0,0, 0,0,0,0,0,5,0,0,0,0
25720,3,152,-53.4,76,32,-9.15212,6.79696,0,0,0,0,0,0,0,0,0,0,0, 0,0,0,0,0,5,0,0,0,0
25720,4,99,-51.6,80,32,-9.40432,7.45377,0,0,0,0,0,0,0,0,0,0,0, 0,0,0,0,0,5,0,0,0,0
25720,5,138,-59.4,60,32,-7.74668,4.58137,0,0,0,0,0,0,0,0,0,0,0, 0,0,0,0,0,5,0,0,0,0
25760,0,245,-58.4,64,32,-8.17658,5.03026,0,0,0,0,0,0,0,0,0,0,0, 0,0,0,0,0,6,0,0,0,0
25760,1,291,-56.5,68,32,-8.50564,5.62976,0,0,0,0,0,0,0,0,0,0,0, 0,0,0,0,0,6,0,0,0,0
25760,2,243,-55.4,72,32,-8.88987,6.13271,0,0,0,0,0,0,0,0,0,0,0, 0,0,0,0,0,6,0,0,0,0
25760,3,155,-53.4,76,32,-9.15212,6.79696,0,0,0,0,0,0,0,0,0,0,0, 0,0,0,0,0,6,0,0,0,0
25760,4,103,-51.6,80,32,-9.40432,7.45377,0,0,0,0,0,0,0,0,0,0,0, 0,0,0,0,0,6,0,0,0,0
25760,5,141,-59.4,60,32,-7.74668,4.58137,0,0,0,0,0,0,0,0,0,0,0, 0,0,0,0,0,6,0,0,0,0
25800,0,245,-58.4,64,32,-8.17658,5.03026,0,0,0,0,0,0,0,0,0,0,0, 0,0,0,0,0,7,0,0,0,0
25800,1,288,-57.4,68,32,-8.59301,5.49546,0,0,0,0,0,0,0,0,0,0,0, 0,0,0,0,0,7,0,0,0,0
25800,2,241,-56.5,72,32,-9.00597,5.96092,0,0,0,0,0,0,0,0,0,0,0, 0,0,0,0,0,7,0,0,0,0
25800,3,155,-53.4,76,32,-9.15212,6.79696,0,0,0,0,0,0,0,0,0,0,0, 0,0,0,0,0,7,0,0,0,0
25800,4,103,-51.6,80,32,-9.40432,7.45377,0,0,0,0,0,0,0,0,0,0,0, 0,0,0,0,0,7,0,0,0,0
25800,5,137,-59.4,60,32,-7.74668,4.58137,0,0,0,0,0,0,0,0,0,0,0, 0,0,0,0,0,7,0,0,0,0
25840,0,246,-58.4,64,32,-8.17658,5.03026,0,0,0,0,0,0,0,0,0,0,0, 0,0,0,0,0,8,0,0,0,0
25840,1,290,-57.4,68,32,-8.59301,5.49546,0,0,0,0,0,0,0,0,0,0,0, 0,0,0,0,0,8,0,0,0,0
25840,2,242,-56.5,72,32,-9.00597,5.96092,0,0,0,0,0,0,0,0,0,0,0, 0,0,0,0,0,8,0,0,0,0
25840,3,155,-53.4,76,32,-9.15212,6.79696,0,0,0,0,0,0,0,0,0,0,0, 0,0,0,0,0,8,0,0,0,0
25840,4,104,-49.8,80,32,-9.16555,7.74549,0,0,0,0,0,0,0,0,0,0,0, 0,0,0,0,0,8,0,0,0,0
25840,5,20,5.4,244,31.75,3.44436,36.4376,0,0,0,0,0,0,0,0,0,0,0, 0,0,0,0,0,8,0,0,0,0
25840,6,141,-59.4,60,32,-7.74668,4.58137,0,0,0,0,0,0,0,0,0,0,0, 0,0,0,0,0,8,0,0,0,0
25880,0,245,-58.4,64,32,-8.17658,5.03026,0,1334,0,0,0,0,0,0,0,0,0, 0,0,0,0,0,9,0,0,0,0
25880,1,16,0.6,224,31.75,0.351852,33.5982,0,1334,0,0,0,0,0,0,0,0,0, 0,0,0,0,0,9,0,0,0,0
25880,2,291,-57.4,68,32,-8.59301,5.49546,0,1334,0,0,0,0,0,0,0,0,0, 0,0,0,0,0,9,0,0,0,0
25880,3,241,-56.5,72,32,-9.00597,5.96092,0,1334,0,0,0,0,0,0,0,0,0, 0,0,0,0,0,9,0,0,0,0
25880,4,155,-54.4,76,32,-9.26935,6.6362,0,1334,0,0,0,0,0,0,0,0,0, 0,0,0,0,0,9,0,0,0,0
25880,5,103,-51.6,80,32,-9.40432,7.45377,0,1334,0,0,0,0,0,0,0,0,0, 0,0,0,0,0,9,0,0,0,0
25880,6,21,3.1,244,32.75,1.97928,36.5464,0,1334,0,0,0,0,0,0,0,0,0, 0,0,0,0,0,9,0,0,0,0
25880,7,22,3.1,244,33,1.97928,36.5464,0,1334,0,0,0,0,0,0,0,0,0, 0,0,0,0,0,9,0,0,0,0
25880,8,140,-58.4,60,32,-7.66554,4.71587,0,1334,0,0,0,0,0,0,0,0,0, 0,0,0,0,0,9,0,0,0,0
25920,0,248,-58.4,64,32,-8.17658,5.03026,0,0,0,0,0,0,0,0,0,0,0, 0,0,0,0,0,10,0,0,0,0
25920,1,292,-57.4,68,32,-8.59301,5.49546,0,0,0,0,0,0,0,0,0,0,0, 0,0,0,0,0,10,0,0,0,0
25920,2,243,-56.5,72,32,-9.00597,5.96092,0,0,0,0,0,0,0,0,0,0,0, 0,0,0,0,0,10,0,0,0,0
25920,3,154,-54.4,76,32,-9.26935,6.6362,0,0,0,0,0,0,0,0,0,0,0, 0,0,0,0,0,10,0,0,0,0
25920,4,102,-51.6,80,32,-9.40432,7.45377,0,0,0,0,0,0,0,0,0,0,0, 0,0,0,0,0,10,0,0,0,0
25920,5,141,-58.4,60,32,-7.66554,4.71587,0,0,0,0,0,0,0,0,0,0,0, 0,0,0,0,0,10,0,0,0,0
25920,6,23,1.3,220,31.5,0.748682,32.9915,0,0,0,0,0,0,0,0,0,0,0, 0,0,0,0,0,10,0,0,0,0
25960,0,248,-57.4,64,32,-8.08754,5.1722,0,7936,0,0,0,0,0,0,0,0,0, 0,0,0,0,0,11,0,0,0,0
25960,1,292,-56.5,68,32,-8.50564,5.62976,0,7936,0,0,0,0,0,0,0,0,0, 0,0,0,0,0,11,0,0,0,0
25960,2,241,-56.5,72,32,-9.00597,5.96092,0,7936,0,0,0,0,0,0,0,0,0, 0,0,0,0,0,11,0,0,0,0
25960,3,154,-54.4,76,32,-9.26935,6.6362,0,7936,0,0,0,0,0,0,0,0,0, 0,0,0,0,0,11,0,0,0,0
25960,4,99,-53.4,80,32,-9.63381,7.1547,0,7936,0,0,0,0,0,0,0,0,0, 0,0,0,0,0,11,0,0,0,0
25960,5,142,-57.4,60,32,-7.58207,4.84894,0,7936,0,0,0,0,0,0,0,0,0, 0,0,0,0,0,11,0,0,0,0
26000,0,251,-56.5,64,32,-8.0053,5.2986,0,1139,0,0,0,0,0,0,0,0,0, 0,0,0,0,0,12,0,0,0,0
26000,1,293,-56.5,68,32,-8.50564,5.62976,0,1139,0,0,0,0,0,0,0,0,0, 0,0,0,0,0,12,0,0,0,0
26000,2,243,-55.4,72,32,-8.88987,6.13271,0,1139,0,0,0,0,0,0,0,0,0, 0,0,0,0,0,12,0,0,0,0
26000,3,155,-53.4,76,32,-9.15212,6.79696,0,1139,0,0,0,0,0,0,0,0,0, 0,0,0,0,0,12,0,0,0,0
26000,4,99,-49.8,80,32,-9.16555,7.74549,0,1139,0,0,0,0,0,0,0,0,0, 0,0,0,0,0,12,0,0,0,0
26000,5,142,-57.4,60,32,-7.58207,4.84894,0,1139,0,0,0,0,0,0,0,0,0, 0,0,0,0,0,12,0,0,0,0
26040,0,248,-57.4,64,32,-8.08754,5.1722,0,86,0,0,0,0,0,0,0,0,0, 0,0,0,0,0,13,0,0,0,0
26040,1,292,-56.5,68,32,-8.50564,5.62976,0,86,0,0,0,0,0,0,0,0,0, 0,0,0,0,0,13,0,0,0,0
26040,2,46,71.1,8,33,1.1353,0.388701,0,86,0,0,0,0,0,0,0,0,0, 0,0,0,0,0,13,0,0,0,0
26040,3,242,-55.4,72,32,-8.88987,6.13271,0,86,0,0,0,0,0,0,0,0,0, 0,0,0,0,0,13,0,0,0,0
26040,4,151,-53.4,76,32,-9.15212,6.79696,0,86,0,0,0,0,0,0,0,0,0, 0,0,0,0,0,13,0,0,0,0
26040,5,98,-48,80,32,-8.91774,8.02957,0,86,0,0,0,0,0,0,0,0,0, 0,0,0,0,0,13,0,0,0,0
26040,6,138,-58.4,60,32,-7.66554,4.71587,0,86,0,0,0,0,0,0,0,0,0, 0,0,0,0,0,13,0,0,0,0
26080,0,247,-57.4,64,32,-8.08754,5.1722,0,0,0,0,0,0,0,0,0,0,0, 0,0,0,0,0,14,0,0,0,0
26080,1,291,-56.5,68,32,-8.50564,5.62976,0,0,0,0,0,0,0,0,0,0,0, 0,0,0,0,0,14,0,0,0,0
26080,2,243,-56.5,72,32,-9.00597,5.96092,0,0,0,0,0,0,0,0,0,0,0, 0,0,0,0,0,14,0,0,0,0
26080,3,155,-53.4,76,32,-9.15212,6.79696,0,0,0,0,0,0,0,0,0,0,0, 0,0,0,0,0,14,0,0,0,0
26080,4,102,-49.8,80,32,-9.16555,7.74549,0,0,0,0,0,0,0,0,0,0,0, 0,0,0,0,0,14,0,0,0,0
26080,5,141,-58.4,60,32,-7.66554,4.71587,0,0,0,0,0,0,0,0,0,0,0, 0,0,0,0,0,14,0,0,0,0
26120,0,248,-57.4,64,32,-8.08754,5.1722,0,0,0,0,0,0,0,0,0,0,0, 0,0,0,0,0,15,0,0,0,0
26120,1,292,-56.5,68,32,-8.50564,5.62976,0,0,0,0,0,0,0,0,0,0,0, 0,0,0,0,0,15,0,0,0,0
26120,2,245,-55.4,72,32,-8.88987,6.13271,0,0,0,0,0,0,0,0,0,0,0, 0,0,0,0,0,15,0,0,0,0
26120,3,159,-51.6,76,32,-8.93411,7.08108,0,0,0,0,0,0,0,0,0,0,0, 0,0,0,0,0,15,0,0,0,0
26120,4,104,-48,80,32,-8.91774,8.02957,0,0,0,0,0,0,0,0,0,0,0, 0,0,0,0,0,15,0,0,0,0
26120,5,139,-58.4,60,32,-7.66554,4.71587,0,0,0,0,0,0,0,0,0,0,0, 0,0,0,0,0,15,0,0,0,0
26160,0,248,-58.4,64,32,-8.17658,5.03026,0,0,0,0,0,0,0,0,0,0,0, 0,0,0,0,0,0,0,0,0,0
26160,1,293,-56.5,68,32,-8.50564,5.62976,0,0,0,0,0,0,0,0,0,0,0, 0,0,0,0,0,0,0,0,0,0
26160,2,243,-55.4,72,32,-8.88987,6.13271,0,0,0,0,0,0,0,0,0,0,0, 0,0,0,0,0,0,0,0,0,0
26160,3,156,-53.4,76,32,-9.15212,6.79696,0,0,0,0,0,0,0,0,0,0,0, 0,0,0,0,0,0,0,0,0,0
26160,4,101,-49.8,80,32,-9.16555,7.74549,0,0,0,0,0,0,0,0,0,0,0, 0,0,0,0,0,0,0,0,0,0
26160,5,139,-58.4,60,32,-7.66554,4.71587,0,0,0,0,0,0,0,0,0,0,0, 0,0,0,0,0,0,0,0,0,0
26200,0,248,-57.4,64,32,-8.08754,5.1722,0,0,0,0,0,0,0,0,0,0,0, 0,0,0,0,0,1,0,0,0,0
26200,1,292,-57.4,68,32,-8.59301,5.49546,0,0,0,0,0,0,0,0,0,0,0, 0,0,0,0,0,1,0,0,0,0
26200,2,245,-55.4,72,32,-8.88987,6.13271,0,0,0,0,0,0,0,0,0,0,0, 0,0,0,0,0,1,0,0,0,0
26200,3,157,-51.6,76,32,-8.93411,7.08108,0,0,0,0,0,0,0,0,0,0,0, 0,0,0,0,0,1,0,0,0,0
26200,4,103,-48,80,32,-8.91774,8.02957,0,0,0,0,0,0,0,0,0,0,0, 0,0,0,0,0,1,0,0,0,0
26200,5,141,-58.4,60,32,-7.66554,4.71587,0,0,0,0,0,0,0,0,0,0,0, 0,0,0,0,0,1,0,0,0,0
26240,0,247,-57.4,64,32,-8.08754,5.1722,0,0,0,0,0,0,0,0,0,0,0, 0,0,0,0,0,2,0,0,0,0
26240,1,293,-56.5,68,32,-8.50564,5.62976,0,0,0,0,0,0,0,0,0,0,0, 0,0,0,0,0,2,0,0,0,0
26240,2,46,69.6,8,33,1.12474,0.418287,0,0,0,0,0,0,0,0,0,0,0, 0,0,0,0,0,2,0,0,0,0
26240,3,244,-55.4,72,32,-8.88987,6.13271,0,0,0,0,0,0,0,0,0,0,0, 0,0,0,0,0,2,0,0,0,0
26240,4,158,-53.4,76,32,-9.15212,6.79696,0,0,0,0,0,0,0,0,0,0,0, 0,0,0,0,0,2,0,0,0,0
26240,5,14,-22.5,428,47.75,-24.5683,59.3131,0,0,0,0,0,0,0,0,0,0,0, 0,0,0,0,0,2,0,0,0,0
26240,6,105,-48,80,32,-8.91774,8.02957,0,0,0,0,0,0,0,0,0,0,0, 0,0,0,0,0,2,0,0,0,0
26240,7,139,-58.4,60,32,-7.66554,4.71587,0,0,0,0,0,0,0,0,0,0,0, 0,0,0,0,0,2,0,0,0,0
26280,0,247,-57.4,64,32,-8.08754,5.1722,0,0,0,0,0,0,0,0,0,0,0, 0,0,0,0,0,3,0,0,0,0
26280,1,294,-57.4,68,32,-8.59301,5.49546,0,0,0,0,0,0,0,0,0,0,0, 0,0,0,0,0,3,0,0,0,0
26280,2,245,-55.4,72,32,-8.88987,6.13271,0,0,0,0,0,0,0,0,0,0,0, 0,0,0,0,0,3,0,0,0,0
26280,3,157,-51.6,76,32,-8.93411,7.08108,0,0,0,0,0,0,0,0,0,0,0, 0,0,0,0,0,3,0,0,0,0
26280,4,105,-46.7,80,32,-8.73327,8.22982,0,0,0,0,0,0,0,0,0,0,0, 0,0,0,0,0,3,0,0,0,0
26280,5,138,-59.4,60,32,-7.74668,4.58137,0,0,0,0,0,0,0,0,0,0,0, 0,0,0,0,0,3,0,0,0,0
26320,0,244,-58.4,64,32,-8.17658,5.03026,0,0,0,0,0,0,0,0,0,0,0, 0,0,0,0,0,4,0,0,0,0
26320,1,290,-57.4,68,32,-8.59301,5.49546,0,0,0,0,0,0,0,0,0,0,0, 0,0,0,0,0,4,0,0,0,0
26320,2,241,-56.5,72,32,-9.00597,5.96092,0,0,0,0,0,0,0,0,0,0,0, 0,0,0,0,0,4,0,0,0,0
26320,3,155,-51.6,76,32,-8.93411,7.08108,0,0,0,0,0,0,0,0,0,0,0, 0,0,0,0,0,4,0,0,0,0
26320,4,103,-48,80,32,-8.91774,8.02957,0,0,0,0,0,0,0,0,0,0,0, 0,0,0,0,0,4,0,0,0,0
26320,5,139,-59.4,60,32,-7.74668,4.58137,0,0,0,0,0,0,0,0,0,0,0, 0,0,0,0,0,4,0,0,0,0
26360,0,245,-58.4,64,32,-8.17658,5.03026,0,0,0,0,0,0,0,0,0,0,0, 0,0,0,0,0,5,0,0,0,0
26360,1,290,-57.4,68,32,-8.59301,5.49546,0,0,0,0,0,0,0,0,0,0,0, 0,0,0,0,0,5,0,0,0,0
26360,2,243,-55.4,72,32,-8.88987,6.13271,0,0,0,0,0,0,0,0,0,0,0, 0,0,0,0,0,5,0,0,0,0
26360,3,155,-53.4,76,32,-9.15212,6.79696,0,0,0,0,0,0,0,0,0,0,0, 0,0,0,0,0,5,0,0,0,0
26360,4,103,-49.8,80,32,-9.16555,7.74549,0,0,0,0,0,0,0,0,0,0,0, 0,0,0,0,0,5,0,0,0,0
26360,5,15,6.1,244,31,3.88926,36.3928,0,0,0,0,0,0,0,0,0,0,0, 0,0,0,0,0,5,0,0,0,0
26360,6,141,-58.4,60,32,-7.66554,4.71587,0,0,0,0,0,0,0,0,0,0,0, 0,0,0,0,0,5,0,0,0,0
26400,0,248,-57.4,64,32,-8.08754,5.1722,0,0,0,0,0,0,0,0,0,0,0, 0,0,0,0,0,6,0,0,0,0
26400,1,292,-56.5,68,32,-8.50564,5.62976,0,0,0,0,0,0,0,0,0,0,0, 0,0,0,0,0,6,0,0,0,0
26400,2,243,-55.4,72,32,-8.88987,6.13271,0,0,0,0,0,0,0,0,0,0,0, 0,0,0,0,0,6,0,0,0,0
26400,3,154,-53.4,76,32,-9.15212,6.79696,0,0,0,0,0,0,0,0,0,0,0, 0,0,0,0,0,6,0,0,0,0
26400,4,20,3.1,236,32.5,1.91439,35.3482,0,0,0,0,0,0,0,0,0,0,0, 0,0,0,0,0,6,0,0,0,0
26400,5,101,-49.8,80,32,-9.16555,7.74549,0,0,0,0,0,0,0,0,0,0,0, 0,0,0,0,0,6,0,0,0,0
26400,6,141,-57.4,60,32,-7.58207,4.84894,0,0,0,0,0,0,0,0,0,0,0, 0,0,0,0,0,6,0,0,0,0
26440,0,246,-56.5,64,32,-8.0053,5.2986,0,0,0,0,0,0,0,0,0,0,0, 0,0,0,0,0,7,0,0,0,0
26440,1,293,-56.5,68,32,-8.50564,5.62976,0,0,0,0,0,0,0,0,0,0,0, 0,0,0,0,0,7,0,0,0,0
26440,2,18,1.3,228,32.5,0.775907,34.1912,0,0,0,0,0,0,0,0,0,0,0, 0,0,0,0,0,7,0,0,0,0
26440,3,244,-55.4,72,32,-8.88987,6.13271,0,0,0,0,0,0,0,0,0,0,0, 0,0,0,0,0,7,0,0,0,0
26440,4,156,-53.4,76,32,-9.15212,6.79696,0,0,0,0,0,0,0,0,0,0,0, 0,0,0,0,0,7,0,0,0,0
26440,5,15,7.2,236,31.75,4.4368,35.1209,0,0,0,0,0,0,0,0,0,0,0, 0,0,0,0,0,7,0,0,0,0
26440,6,101,-51.6,80,32,-9.40432,7.45377,0,0,0,0,0,0,0,0,0,0,0, 0,0,0,0,0,7,0,0,0,0
26440,7,141,-56.5,60,32,-7.50497,4.96743,0,0,0,0,0,0,0,0,0,0,0, 0,0,0,0,0,7,0,0,0,0
26480,0,248,-56.5,64,32,-8.0053,5.2986,0,0,0,0,0,0,0,0,0,0,0, 0,0,0,0,0,8,0,0,0,0
26480,1,20,5.4,224,31.75,3.16204,33.4509,0,0,0,0,0,0,0,0,0,0,0, 0,0,0,0,0,8,0,0,0,0
26480,2,292,-56.5,68,32,-8.50564,5.62976,0,0,0,0,0,0,0,0,0,0,0, 0,0,0,0,0,8,0,0,0,0
26480,3,23,1.8,228,31.75,1.07425,34.1831,0,0,0,0,0,0,0,0,0,0,0, 0,0,0,0,0,8,0,0,0,0
26480,4,23,1.3,228,32.5,0.775907,34.1912,0,0,0,0,0,0,0,0,0,0,0, 0,0,0,0,0,8,0,0,0,0
26480,5,245,-55.4,72,32,-8.88987,6.13271,0,0,0,0,0,0,0,0,0,0,0, 0,0,0,0,0,8,0,0,0,0
26480,6,157,-53.4,76,32,-9.15212,6.79696,0,0,0,0,0,0,0,0,0,0,0, 0,0,0,0,0,8,0,0,0,0
26480,7,102,-51.6,80,32,-9.40432,7.45377,0,0,0,0,0,0,0,0,0,0,0, 0,0,0,0,0,8,0,0,0,0
26480,8,17,1.3,248,31.5,0.843969,37.1904,0,0,0,0,0,0,0,0,0,0,0, 0,0,0,0,0,8,0,0,0,0
26480,9,139,-57.4,60,32,-7.58207,4.84894,0,0,0,0,0,0,0,0,0,0,0, 0,0,0,0,0,8,0,0,0,0
26520,0,247,-56.5,64,32,-8.0053,5.2986,0,1334,0,0,0,0,0,0,0,0,0, 0,0,0,0,0,9,0,0,0,0
26520,1,291,-56.5,68,32,-8.50564,5.62976,0,1334,0,0,0,0,0,0,0,0,0, 0,0,0,0,0,9,0,0,0,0
26520,2,21,1.3,228,31.75,0.775907,34.1912,0,1334,0,0,0,0,0,0,0,0,0, 0,0,0,0,0,9,0,0,0,0
26520,3,242,-55.4,72,32,-8.88987,6.13271,0,1334,0,0,0,0,0,0,0,0,0, 0,0,0,0,0,9,0,0,0,0
26520,4,20,5.4,232,31.75,3.27497,34.6456,0,1334,0,0,0,0,0,0,0,0,0, 0,0,0,0,0,9,0,0,0,0
26520,5,156,-53.4,76,32,-9.15212,6.79696,0,1334,0,0,0,0,0,0,0,0,0, 0,0,0,0,0,9,0,0,0,0
26520,6,104,-49.8,80,32,-9.16555,7.74549,0,1334,0,0,0,0,0,0,0,0,0, 0,0,0,0,0,9,0,0,0,0
26520,7,20,11.1,240,31.75,6.93079,35.3265,0,1334,0,0,0,0,0,0,0,0,0, 0,0,0,0,0,9,0,0,0,0
26520,8,139,-58.4,60,32,-7.66554,4.71587,0,1334,0,0,0,0,0,0,0,0,0, 0,0,0,0,0,9,0,0,0,0
26560,0,246,-58.4,64,32,-8.17658,5.03026,0,0,0,0,0,0,0,0,0,0,0, 0,0,0,0,0,10,0,0,0,0
26560,1,24,4.2,224,32.25,2.4608,33.5098,0,0,0,0,0,0,0,0,0,0,0, 0,0,0,0,0,10,0,0,0,0
26560,2,291,-56.5,68,32,-8.50564,5.62976,0,0,0,0,0,0,0,0,0,0,0, 0,0,0,0,0,10,0,0,0,0
26560,3,39,65.6,8,33,1.09282,0.495725,0,0,0,0,0,0,0,0,0,0,0, 0,0,0,0,0,10,0,0,0,0
26560,4,241,-56.5,72,32,-9.00597,5.96092,0,0,0,0,0,0,0,0,0,0,0, 0,0,0,0,0,10,0,0,0,0
26560,5,153,-53.4,76,32,-9.15212,6.79696,0,0,0,0,0,0,0,0,0,0,0, 0,0,0,0,0,10,0,0,0,0
26560,6,99,-48,80,32,-8.91774,8.02957,0,0,0,0,0,0,0,0,0,0,0, 0,0,0,0,0,10,0,0,0,0
26560,7,23,1.3,240,32.25,0.816744,35.9907,0,0,0,0,0,0,0,0,0,0,0, 0,0,0,0,0,10,0,0,0,0
26560,8,20,5.4,244,31.75,3.44436,36.4376,0,0,0,0,0,0,0,0,0,0,0, 0,0,0,0,0,10,0,0,0,0
26560,9,137,-59.4,60,32,-7.74668,4.58137,0,0,0,0,0,0,0,0,0,0,0, 0,0,0,0,0,10,0,0,0,0
26600,0,245,-58.4,64,32,-8.17658,5.03026,0,7936,0,0,0,0,0,0,0,0,0, 0,0,0,0,0,11,0,0,0,0
26600,1,292,-56.5,68,32,-8.50564,5.62976,0,7936,0,0,0,0,0,0,0,0,0, 0,0,0,0,0,11,0,0,0,0
26600,2,44,75.1,8,33,1.15965,0.308559,0,7936,0,0,0,0,0,0,0,0,0, 0,0,0,0,0,11,0,0,0,0
26600,3,242,-55.4,72,32,-8.88987,6.13271,0,7936,0,0,0,0,0,0,0,0,0, 0,0,0,0,0,11,0,0,0,0
26600,4,156,-53.4,76,32,-9.15212,6.79696,0,7936,0,0,0,0,0,0,0,0,0, 0,0,0,0,0,11,0,0,0,0
26600,5,104,-49.8,80,32,-9.16555,7.74549,0,7936,0,0,0,0,0,0,0,0,0, 0,0,0,0,0,11,0,0,0,0
26600,6,137,-60.3,60,32,-7.81768,4.45913,0,7936,0,0,0,0,0,0,0,0,0, 0,0,0,0,0,11,0,0,0,0
26640,0,245,-58.4,64,32,-8.17658,5.03026,0,1139,0,0,0,0,0,0,0,0,0, 0,0,0,0,0,12,0,0,0,0
26640,1,289,-56.5,68,32,-8.50564,5.62976,0,1139,0,0,0,0,0,0,0,0,0, 0,0,0,0,0,12,0,0,0,0
26640,2,242,-55.4,72,32,-8.88987,6.13271,0,1139,0,0,0,0,0,0,0,0,0, 0,0,0,0,0,12,0,0,0,0
26640,3,155,-51.6,76,32,-8.93411,7.08108,0,1139,0,0,0,0,0,0,0,0,0, 0,0,0,0,0,12,0,0,0,0
26640,4,107,-46.7,80,32,-8.73327,8.22982,0,1139,0,0,0,0,0,0,0,0,0, 0,0,0,0,0,12,0,0,0,0
26640,5,82,-48,84,32,-9.36363,8.43105,0,1139,0,0,0,0,0,0,0,0,0, 0,0,0,0,0,12,0,0,0,0
26640,6,139,-58.4,60,32,-7.66554,4.71587,0,1139,0,0,0,0,0,0,0,0,0, 0,0,0,0,0,12,0,0,0,0
26640,7,20,9.4,220,31.75,5.38976,32.5569,0,1139,0,0,0,0,0,0,0,0,0, 0,0,0,0,0,12,0,0,0,0
26680,0,245,-57.4,64,32,-8.08754,5.1722,0,86,0,0,0,0,0,0,0,0,0, 0,0,0,0,0,13,0,0,0,0
26680,1,291,-56.5,68,32,-8.50564,5.62976,0,86,0,0,0,0,0,0,0,0,0, 0,0,0,0,0,13,0,0,0,0
26680,2,243,-55.4,72,32,-8.88987,6.13271,0,86,0,0,0,0,0,0,0,0,0, 0,0,0,0,0,13,0,0,0,0
26680,3,19,6.1,232,31.75,3.69799,34.603,0,86,0,0,0,0,0,0,0,0,0, 0,0,0,0,0,13,0,0,0,0
26680,4,157,-51.6,76,32,-8.93411,7.08108,0,86,0,0,0,0,0,0,0,0,0, 0,0,0,0,0,13,0,0,0,0
26680,5,107,-46.7,80,32,-8.73327,8.22982,0,86,0,0,0,0,0,0,0,0,0, 0,0,0,0,0,13,0,0,0,0
26680,6,20,-1.2,244,31.5,-0.766493,36.592,0,86,0,0,0,0,0,0,0,0,0, 0,0,0,0,0,13,0,0,0,0
26680,7,140,-56.5,60,32,-7.50497,4.96743,0,86,0,0,0,0,0,0,0,0,0, 0,0,0,0,0,13,0,0,0,0
26720,0,249,-56.5,64,32,-8.0053,5.2986,0,0,0,0,0,0,0,0,0,0,0, 0,0,0,0,0,14,0,0,0,0
26720,1,292,-56.5,68,32,-8.50564,5.62976,0,0,0,0,0,0,0,0,0,0,0, 0,0,0,0,0,14,0,0,0,0
26720,2,242,-55.4,72,32,-8.88987,6.13271,0,0,0,0,0,0,0,0,0,0,0, 0,0,0,0,0,14,0,0,0,0
26720,3,157,-51.6,76,32,-8.93411,7.08108,0,0,0,0,0,0,0,0,0,0,0, 0,0,0,0,0,14,0,0,0,0
26720,4,107,-46.7,80,32,-8.73327,8.22982,0,0,0,0,0,0,0,0,0,0,0, 0,0,0,0,0,14,0,0,0,0
26720,5,81,-48,84,32,-9.36363,8.43105,0,0,0,0,0,0,0,0,0,0,0, 0,0,0,0,0,14,0,0,0,0
26720,6,140,-57.4,60,32,-7.58207,4.84894,0,0,0,0,0,0,0,0,0,0,0, 0,0,0,0,0,14,0,0,0,0
26760,0,247,-56.5,64,32,-8.0053,5.2986,0,0,0,0,0,0,0,0,0,0,0, 0,0,0,0,0,15,0,0,0,0
26760,1,291,-56.5,68,32,-8.50564,5.62976,0,0,0,0,0,0,0,0,0,0,0, 0,0,0,0,0,15,0,0,0,0
26760,2,244,-55.4,72,32,-8.88987,6.13271,0,0,0,0,0,0,0,0,0,0,0, 0,0,0,0,0,15,0,0,0,0
26760,3,157,-51.6,76,32,-8.93411,7.08108,0,0,0,0,0,0,0,0,0,0,0, 0,0,0,0,0,15,0,0,0,0
26760,4,18,6.1,236,33,3.76175,35.1996,0,0,0,0,0,0,0,0,0,0,0, 0,0,0,0,0,15,0,0,0,0
26760,5,109,-46.7,80,32,-8.73327,8.22982,0,0,0,0,0,0,0,0,0,0,0, 0,0,0,0,0,15,0,0,0,0
26760,6,81,-48,84,32,-9.36363,8.43105,0,0,0,0,0,0,0,0,0,0,0, 0,0,0,0,0,15,0,0,0,0
26760,7,139,-58.4,60,32,-7.66554,4.71587,0,0,0,0,0,0,0,0,0,0,0, 0,0,0,0,0,15,0,0,0,0
26800,0,246,-57.4,64,32,-8.08754,5.1722,0,0,0,0,0,0,0,0,0,0,0, 0,0,0,0,0,0,0,0,0,0
26800,1,291,-57.4,68,32,-8.59301,5.49546,0,0,0,0,0,0,0,0,0,0,0, 0,0,0,0,0,0,0,0,0,0
26800,2,242,-56.5,72,32,-9.00597,5.96092,0,0,0,0,0,0,0,0,0,0,0, 0,0,0,0,0,0,0,0,0,0
26800,3,158,-53.4,76,32,-9.15212,6.79696,0,0,0,0,0,0,0,0,0,0,0, 0,0,0,0,0,0,0,0,0,0
26800,4,108,-48,80,32,-8.91774,8.02957,0,0,0,0,0,0,0,0,0,0,0, 0,0,0,0,0,0,0,0,0,0
26800,5,20,1.8,240,31.25,1.13079,35.9822,0,0,0,0,0,0,0,0,0,0,0, 0,0,0,0,0,0,0,0,0,0
26800,6,23,4.8,244,32.25,3.06261,36.4716,0,0,0,0,0,0,0,0,0,0,0, 0,0,0,0,0,0,0,0,0,0
26800,7,20,7.8,248,32.25,5.04862,36.8558,0,0,0,0,0,0,0,0,0,0,0, 0,0,0,0,0,0,0,0,0,0
26800,8,139,-59.4,60,32,-7.74668,4.58137,0,0,0,0,0,0,0,0,0,0,0, 0,0,0,0,0,0,0,0,0,0
26840,0,246,-58.4,64,32,-8.17658,5.03026,0,0,0,0,0,0,0,0,0,0,0, 0,0,0,0,0,1,0,0,0,0
26840,1,291,-57.4,68,32,-8.59301,5.49546,0,0,0,0,0,0,0,0,0,0,0, 0,0,0,0,0,1,0,0,0,0
26840,2,243,-55.4,72,32,-8.88987,6.13271,0,0,0,0,0,0,0,0,0,0,0, 0,0,0,0,0,1,0,0,0,0
26840,3,160,-51.6,76,32,-8.93411,7.08108,0,0,0,0,0,0,0,0,0,0,0, 0,0,0,0,0,1,0,0,0,0
26840,4,26,0.6,236,31.25,0.370701,35.3981,0,0,0,0,0,0,0,0,0,0,0, 0,0,0,0,0,1,0,0,0,0
26840,5,25,3.1,236,32.25,1.91439,35.3482,0,0,0,0,0,0,0,0,0,0,0, 0,0,0,0,0,1,0,0,0,0
26840,6,16,0.6,236,33,0.370701,35.3981,0,0,0,0,0,0,0,0,0,0,0, 0,0,0,0,0,1,0,0,0,0
26840,7,108,-46.7,80,32,-8.73327,8.22982,0,0,0,0,0,0,0,0,0,0,0, 0,0,0,0,0,1,0,0,0,0
26840,8,24,1.3,244,31.75,0.830356,36.5906,0,0,0,0,0,0,0,0,0,0,0, 0,0,0,0,0,1,0,0,0,0
26840,9,19,0.1,244,32.25,0.063879,36.5999,0,0,0,0,0,0,0,0,0,0,0, 0,0,0,0,0,1,0,0,0,0
26840,10,138,-58.4,60,32,-7.66554,4.71587,0,0,0,0,0,0,0,0,0,0,0, 0,0,0,0,0,1,0,0,0,0
26880,0,248,-57.4,64,32,-8.08754,5.1722,0,0,0,0,0,0,0,0,0,0,0, 0,0,0,0,0,2,0,0,0,0
26880,1,19,6.1,224,32.25,3.57047,33.4098,0,0,0,0,0,0,0,0,0,0,0, 0,0,0,0,0,2,0,0,0,0
26880,2,291,-56.5,68,32,-8.50564,5.62976,0,0,0,0,0,0,0,0,0,0,0, 0,0,0,0,0,2,0,0,0,0
26880,3,244,-55.4,72,32,-8.88987,6.13271,0,0,0,0,0,0,0,0,0,0,0, 0,0,0,0,0,2,0,0,0,0
26880,4,160,-51.6,76,32,-8.93411,7.08108,0,0,0,0,0,0,0,0,0,0,0, 0,0,0,0,0,2,0,0,0,0
26880,5,20,4.8,236,31.75,2.9622,35.2758,0,0,0,0,0,0,0,0,0,0,0, 0,0,0,0,0,2,0,0,0,0
26880,6,108,-46.7,80,32,-8.73327,8.22982,0,0,0,0,0,0,0,0,0,0,0, 0,0,0,0,0,2,0,0,0,0
26880,7,140,-57.4,60,32,-7.58207,4.84894,0,0,0,0,0,0,0,0,0,0,0, 0,0,0,0,0,2,0,0,0,0
26920,0,246,-57.4,64,32,-8.08754,5.1722,0,0,0,0,0,0,0,0,0,0,0, 0,0,0,0,0,3,0,0,0,0
26920,1,291,-56.5,68,32,-8.50564,5.62976,0,0,0,0,0,0,0,0,0,0,0, 0,0,0,0,0,3,0,0,0,0
26920,2,244,-55.4,72,32,-8.88987,6.13271,0,0,0,0,0,0,0,0,0,0,0, 0,0,0,0,0,3,0,0,0,0
26920,3,17,8.3,232,31.75,5.0236,34.4355,0,0,0,0,0,0,0,0,0,0,0, 0,0,0,0,0,3,0,0,0,0
26920,4,19,6.1,232,33,3.69799,34.603,0,0,0,0,0,0,0,0,0,0,0, 0,0,0,0,0,3,0,0,0,0
26920,5,157,-51.6,76,32,-8.93411,7.08108,0,0,0,0,0,0,0,0,0,0,0, 0,0,0,0,0,3,0,0,0,0
26920,6,108,-46.7,80,32,-8.73327,8.22982,0,0,0,0,0,0,0,0,0,0,0, 0,0,0,0,0,3,0,0,0,0
26920,7,139,-57.4,60,32,-7.58207,4.84894,0,0,0,0,0,0,0,0,0,0,0, 0,0,0,0,0,3,0,0,0,0
26920,8,14,17.9,412,13.25,18.9946,58.8085,0,0,0,0,0,0,0,0,0,0,0, 0,0,0,0,0,3,0,0,0,0
26960,0,246,-57.4,64,32,-8.08754,5.1722,0,0,0,0,0,0,0,0,0,0,0, 0,0,0,0,0,4,0,0,0,0
26960,1,291,-56.5,68,32,-8.50564,5.62976,0,0,0,0,0,0,0,0,0,0,0, 0,0,0,0,0,4,0,0,0,0
26960,2,19,1.3,228,31.5,0.775907,34.1912,0,0,0,0,0,0,0,0,0,0,0, 0,0,0,0,0,4,0,0,0,0
26960,3,244,-55.4,72,32,-8.88987,6.13271,0,0,0,0,0,0,0,0,0,0,0, 0,0,0,0,0,4,0,0,0,0
26960,4,28,7.2,232,31.75,4.3616,34.5256,0,0,0,0,0,0,0,0,0,0,0, 0,0,0,0,0,4,0,0,0,0
26960,5,158,-51.6,76,32,-8.93411,7.08108,0,0,0,0,0,0,0,0,0,0,0, 0,0,0,0,0,4,0,0,0,0
26960,6,108,-46.7,80,32,-8.73327,8.22982,0,0,0,0,0,0,0,0,0,0,0, 0,0,0,0,0,4,0,0,0,0
26960,7,139,-57.4,60,32,-7.58207,4.84894,0,0,0,0,0,0,0,0,0,0,0, 0,0,0,0,0,4,0,0,0,0
27000,0,247,-56.5,64,32,-8.0053,5.2986,0,0,0,0,0,0,0,0,0,0,0, 0,0,0,0,0,5,0,0,0,0
27000,1,292,-56.5,68,32,-8.50564,5.62976,0,0,0,0,0,0,0,0,0,0,0, 0,0,0,0,0,5,0,0,0,0
27000,2,34,-0.6,228,31.5,-0.358135,34.1981,0,0,0,0,0,0,0,0,0,0,0, 0,0,0,0,0,5,0,0,0,0
27000,3,23,0.1,228,32.25,0.0596902,34.1999,0,0,0,0,0,0,0,0,0,0,0, 0,0,0,0,0,5,0,0,0,0
27000,4,243,-55.4,72,32,-8.88987,6.13271,0,0,0,0,0,0,0,0,0,0,0, 0,0,0,0,0,5,0,0,0,0
27000,5,156,-51.6,76,32,-8.93411,7.08108,0,0,0,0,0,0,0,0,0,0,0, 0,0,0,0,0,5,0,0,0,0
27000,6,106,-46.7,80,32,-8.73327,8.22982,0,0,0,0,0,0,0,0,0,0,0, 0,0,0,0,0,5,0,0,0,0
27000,7,141,-56.5,60,32,-7.50497,4.96743,0,0,0,0,0,0,0,0,0,0,0, 0,0,0,0,0,5,0,0,0,0
27040,0,249,-56.5,64,32,-8.0053,5.2986,0,0,0,0,0,0,0,0,0,0,0, 0,0,0,0,0,6,0,0,0,0
27040,1,293,-56.5,68,32,-8.50564,5.62976,0,0,0,0,0,0,0,0,0,0,0, 0,0,0,0,0,6,0,0,0,0
27040,2,243,-55.4,72,32,-8.88987,6.13271,0,0,0,0,0,0,0,0,0,0,0, 0,0,0,0,0,6,0,0,0,0
27040,3,23,0.6,232,31.75,0.364418,34.7981,0,0,0,0,0,0,0,0,0,0,0, 0,0,0,0,0,6,0,0,0,0
27040,4,157,-51.6,76,32,-8.93411,7.08108,0,0,0,0,0,0,0,0,0,0,0, 0,0,0,0,0,6,0,0,0,0
27040,5,106,-46.7,80,32,-8.73327,8.22982,0,0,0,0,0,0,0,0,0,0,0, 0,0,0,0,0,6,0,0,0,0
27040,6,139,-57.4,60,32,-7.58207,4.84894,0,0,0,0,0,0,0,0,0,0,0, 0,0,0,0,0,6,0,0,0,0
27080,0,246,-57.4,64,32,-8.08754,5.1722,0,0,0,0,0,0,0,0,0,0,0, 0,0,0,0,0,7,0,0,0,0
27080,1,290,-56.5,68,32,-8.50564,5.62976,0,0,0,0,0,0,0,0,0,0,0, 0,0,0,0,0,7,0,0,0,0
27080,2,26,2.4,228,31.75,1.43215,34.17,0,0,0,0,0,0,0,0,0,0,0, 0,0,0,0,0,7,0,0,0,0
27080,3,26,4.2,228,32.25,2.50475,34.1082,0,0,0,0,0,0,0,0,0,0,0, 0,0,0,0,0,7,0,0,0,0
27080,4,245,-55.4,72,32,-8.88987,6.13271,0,0,0,0,0,0,0,0,0,0,0, 0,0,0,0,0,7,0,0,0,0
27080,5,158,-51.6,76,32,-8.93411,7.08108,0,0,0,0,0,0,0,0,0,0,0, 0,0,0,0,0,7,0,0,0,0
27080,6,108,-45.9,80,32,-8.61752,8.35095,0,0,0,0,0,0,0,0,0,0,0, 0,0,0,0,0,7,0,0,0,0
27080,7,82,-46.7,84,32,-9.16994,8.64131,0,0,0,0,0,0,0,0,0,0,0, 0,0,0,0,0,7,0,0,0,0
27080,8,139,-57.4,60,32,-7.58207,4.84894,0,0,0,0,0,0,0,0,0,0,0, 0,0,0,0,0,7,0,0,0,0
27120,0,246,-56.5,64,32,-8.0053,5.2986,0,0,0,0,0,0,0,0,0,0,0, 0,0,0,0,0,8,0,0,0,0
27120,1,19,3.6,224,31.75,2.10976,33.5337,0,0,0,0,0,0,0,0,0,0,0, 0,0,0,0,0,8,0,0,0,0
27120,2,292,-56.5,68,32,-8.50564,5.62976,0,0,0,0,0,0,0,0,0,0,0, 0,0,0,0,0,8,0,0,0,0
27120,3,243,-55.4,72,32,-8.88987,6.13271,0,0,0,0,0,0,0,0,0,0,0, 0,0,0,0,0,8,0,0,0,0
27120,4,29,2.4,232,31.25,1.45727,34.7695,0,0,0,0,0,0,0,0,0,0,0, 0,0,0,0,0,8,0,0,0,0
27120,5,157,-53.4,76,32,-9.15212,6.79696,0,0,0,0,0,0,0,0,0,0,0, 0,0,0,0,0,8,0,0,0,0
27120,6,17,-1.2,236,31.75,-0.741362,35.3922,0,0,0,0,0,0,0,0,0,0,0, 0,0,0,0,0,8,0,0,0,0
27120,7,19,-3,236,33,-1.85269,35.3515,0,0,0,0,0,0,0,0,0,0,0, 0,0,0,0,0,8,0,0,0,0
27120,8,109,-48,80,32,-8.91774,8.02957,0,0,0,0,0,0,0,0,0,0,0, 0,0,0,0,0,8,0,0,0,0
27120,9,82,-49.8,84,32,-9.62383,8.13277,0,0,0,0,0,0,0,0,0,0,0, 0,0,0,0,0,8,0,0,0,0
27120,10,140,-57.4,60,32,-7.58207,4.84894,0,0,0,0,0,0,0,0,0,0,0, 0,0,0,0,0,8,0,0,0,0
27160,0,246,-57.4,64,32,-8.08754,5.1722,0,1334,0,0,0,0,0,0,0,0,0, 0,0,0,0,0,9,0,0,0,0
27160,1,292,-56.5,68,32,-8.50564,5.62976,0,1334,0,0,0,0,0,0,0,0,0, 0,0,0,0,0,9,0,0,0,0
27160,2,44,3.1,228,31.75,1.8495,34.15,0,1334,0,0,0,0,0,0,0,0,0, 0,0,0,0,0,9,0,0,0,0
27160,3,46,1.8,228,32.25,1.07425,34.1831,0,1334,0,0,0,0,0,0,0,0,0, 0,0,0,0,0,9,0,0,0,0
27160,4,30,1.8,228,33,1.07425,34.1831,0,1334,0,0,0,0,0,0,0,0,0, 0,0,0,0,0,9,0,0,0,0
27160,5,40,66.6,8,33,1.10131,0.476577,0,1334,0,0,0,0,0,0,0,0,0, 0,0,0,0,0,9,0,0,0,0
27160,6,244,-55.4,72,32,-8.88987,6.13271,0,1334,0,0,0,0,0,0,0,0,0, 0,0,0,0,0,9,0,0,0,0
27160,7,159,-51.6,76,32,-8.93411,7.08108,0,1334,0,0,0,0,0,0,0,0,0, 0,0,0,0,0,9,0,0,0,0
27160,8,21,1.3,236,31.5,0.803132,35.3909,0,1334,0,0,0,0,0,0,0,0,0, 0,0,0,0,0,9,0,0,0,0
27160,9,107,-48,80,32,-8.91774,8.02957,0,1334,0,0,0,0,0,0,0,0,0, 0,0,0,0,0,9,0,0,0,0
27160,10,83,-53.4,84,32,-10.1155,7.51243,0,1334,0,0,0,0,0,0,0,0,0, 0,0,0,0,0,9,0,0,0,0
27160,11,139,-58.4,60,32,-7.66554,4.71587,0,1334,0,0,0,0,0,0,0,0,0, 0,0,0,0,0,9,0,0,0,0
27160,12,16,6.6,220,31.75,3.79293,32.7813,0,1334,0,0,0,0,0,0,0,0,0, 0,0,0,0,0,9,0,0,0,0
27200,0,247,-57.4,64,32,-8.08754,5.1722,0,0,0,0,0,0,0,0,0,0,0, 0,0,0,0,0,10,0,0,0,0
27200,1,292,-56.5,68,32,-8.50564,5.62976,0,0,0,0,0,0,0,0,0,0,0, 0,0,0,0,0,10,0,0,0,0
27200,2,32,2.4,228,31.75,1.43215,34.17,0,0,0,0,0,0,0,0,0,0,0, 0,0,0,0,0,10,0,0,0,0
27200,3,23,0.1,228,33,0.0596902,34.1999,0,0,0,0,0,0,0,0,0,0,0, 0,0,0,0,0,10,0,0,0,0
27200,4,244,-55.4,72,32,-8.88987,6.13271,0,0,0,0,0,0,0,0,0,0,0, 0,0,0,0,0,10,0,0,0,0
27200,5,20,2.4,232,31.25,1.45727,34.7695,0,0,0,0,0,0,0,0,0,0,0, 0,0,0,0,0,10,0,0,0,0
27200,6,33,0.6,232,32.25,0.364418,34.7981,0,0,0,0,0,0,0,0,0,0,0, 0,0,0,0,0,10,0,0,0,0
27200,7,25,3.1,232,33,1.88194,34.7491,0,0,0,0,0,0,0,0,0,0,0, 0,0,0,0,0,10,0,0,0,0
27200,8,159,-51.6,76,32,-8.93411,7.08108,0,0,0,0,0,0,0,0,0,0,0, 0,0,0,0,0,10,0,0,0,0
27200,9,108,-49.8,80,32,-9.16555,7.74549,0,0,0,0,0,0,0,0,0,0,0, 0,0,0,0,0,10,0,0,0,0
27200,10,83,-53.4,84,32,-10.1155,7.51243,0,0,0,0,0,0,0,0,0,0,0, 0,0,0,0,0,10,0,0,0,0
27200,11,140,-58.4,60,32,-7.66554,4.71587,0,0,0,0,0,0,0,0,0,0,0, 0,0,0,0,0,10,0,0,0,0
27240,0,247,-57.4,64,32,-8.08754,5.1722,0,7936,0,0,0,0,0,0,0,0,0, 0,0,0,0,0,11,0,0,0,0
27240,1,29,4.2,224,31.25,2.4608,33.5098,0,7936,0,0,0,0,0,0,0,0,0, 0,0,0,0,0,11,0,0,0,0
27240,2,31,5.4,224,32.25,3.16204,33.4509,0,7936,0,0,0,0,0,0,0,0,0, 0,0,0,0,0,11,0,0,0,0
27240,3,292,-56.5,68,32,-8.50564,5.62976,0,7936,0,0,0,0,0,0,0,0,0, 0,0,0,0,0,11,0,0,0,0
27240,4,244,-55.4,72,32,-8.88987,6.13271,0,7936,0,0,0,0,0,0,0,0,0, 0,0,0,0,0,11,0,0,0,0
27240,5,159,-51.6,76,32,-8.93411,7.08108,0,7936,0,0,0,0,0,0,0,0,0, 0,0,0,0,0,11,0,0,0,0
27240,6,107,-49.8,80,32,-9.16555,7.74549,0,7936,0,0,0,0,0,0,0,0,0, 0,0,0,0,0,11,0,0,0,0
27240,7,81,-54.4,84,32,-10.2451,7.33475,0,7936,0,0,0,0,0,0,0,0,0, 0,0,0,0,0,11,0,0,0,0
27240,8,140,-58.4,60,32,-7.66554,4.71587,0,7936,0,0,0,0,0,0,0,0,0, 0,0,0,0,0,11,0,0,0,0
27240,9,18,-2.4,220,31.75,-1.3819,32.9711,0,7936,0,0,0,0,0,0,0,0,0, 0,0,0,0,0,11,0,0,0,0
27280,0,247,-58.4,64,32,-8.17658,5.03026,0,1139,0,0,0,0,0,0,0,0,0, 0,0,0,0,0,12,0,0,0,0
27280,1,290,-56.5,68,32,-8.50564,5.62976,0,1139,0,0,0,0,0,0,0,0,0, 0,0,0,0,0,12,0,0,0,0
27280,2,28,0.6,228,31.25,0.358135,34.1981,0,1139,0,0,0,0,0,0,0,0,0, 0,0,0,0,0,12,0,0,0,0
27280,3,29,0.1,228,32.25,0.0596902,34.1999,0,1139,0,0,0,0,0,0,0,0,0, 0,0,0,0,0,12,0,0,0,0
27280,4,244,-56.5,72,32,-9.00597,5.96092,0,1139,0,0,0,0,0,0,0,0,0, 0,0,0,0,0,12,0,0,0,0
27280,5,50,3.6,232,31.5,2.18511,34.7313,0,1139,0,0,0,0,0,0,0,0,0, 0,0,0,0,0,12,0,0,0,0
27280,6,38,2.4,232,32.25,1.45727,34.7695,0,1139,0,0,0,0,0,0,0,0,0, 0,0,0,0,0,12,0,0,0,0
27280,7,24,0.1,232,33,0.0607374,34.7999,0,1139,0,0,0,0,0,0,0,0,0, 0,0,0,0,0,12,0,0,0,0
27280,8,158,-53.4,76,32,-9.15212,6.79696,0,1139,0,0,0,0,0,0,0,0,0, 0,0,0,0,0,12,0,0,0,0
27280,9,107,-49.8,80,32,-9.16555,7.74549,0,1139,0,0,0,0,0,0,0,0,0, 0,0,0,0,0,12,0,0,0,0
27280,10,141,-58.4,60,32,-7.66554,4.71587,0,1139,0,0,0,0,0,0,0,0,0, 0,0,0,0,0,12,0,0,0,0
27320,0,246,-57.4,64,32,-8.08754,5.1722,0,86,0,0,0,0,0,0,0,0,0, 0,0,0,0,0,13,0,0,0,0
27320,1,293,-56.5,68,32,-8.50564,5.62976,0,86,0,0,0,0,0,0,0,0,0, 0,0,0,0,0,13,0,0,0,0
27320,2,25,4.2,228,31.75,2.50475,34.1082,0,86,0,0,0,0,0,0,0,0,0, 0,0,0,0,0,13,0,0,0,0
27320,3,244,-55.4,72,32,-8.88987,6.13271,0,86,0,0,0,0,0,0,0,0,0, 0,0,0,0,0,13,0,0,0,0
27320,4,157,-53.4,76,32,-9.15212,6.79696,0,86,0,0,0,0,0,0,0,0,0, 0,0,0,0,0,13,0,0,0,0
27320,5,104,-51.6,80,32,-9.40432,7.45377,0,86,0,0,0,0,0,0,0,0,0, 0,0,0,0,0,13,0,0,0,0
27320,6,140,-57.4,60,32,-7.58207,4.84894,0,86,0,0,0,0,0,0,0,0,0, 0,0,0,0,0,13,0,0,0,0
27360,0,247,-57.4,64,32,-8.08754,5.1722,0,0,0,0,0,0,0,0,0,0,0, 0,0,0,0,0,14,0,0,0,0
27360,1,27,4.8,224,31.75,2.81158,33.4822,0,0,0,0,0,0,0,0,0,0,0, 0,0,0,0,0,14,0,0,0,0
27360,2,291,-56.5,68,32,-8.50564,5.62976,0,0,0,0,0,0,0,0,0,0,0, 0,0,0,0,0,14,0,0,0,0
27360,3,241,-55.4,72,32,-8.88987,6.13271,0,0,0,0,0,0,0,0,0,0,0, 0,0,0,0,0,14,0,0,0,0
27360,4,40,5.4,232,31.25,3.27497,34.6456,0,0,0,0,0,0,0,0,0,0,0, 0,0,0,0,0,14,0,0,0,0
27360,5,38,2.4,232,32.25,1.45727,34.7695,0,0,0,0,0,0,0,0,0,0,0, 0,0,0,0,0,14,0,0,0,0
27360,6,151,-53.4,76,32,-9.15212,6.79696,0,0,0,0,0,0,0,0,0,0,0, 0,0,0,0,0,14,0,0,0,0
27360,7,99,-48,80,32,-8.91774,8.02957,0,0,0,0,0,0,0,0,0,0,0, 0,0,0,0,0,14,0,0,0,0
27360,8,139,-58.4,60,32,-7.66554,4.71587,0,0,0,0,0,0,0,0,0,0,0, 0,0,0,0,0,14,0,0,0,0
27360,9,23,-1.2,220,31.25,-0.6911,32.9928,0,0,0,0,0,0,0,0,0,0,0, 0,0,0,0,0,14,0,0,0,0
27400,0,246,-57.4,64,32,-8.08754,5.1722,0,0,0,0,0,0,0,0,0,0,0, 0,0,0,0,0,15,0,0,0,0
27400,1,14,4.8,224,30.75,2.81158,33.4822,0,0,0,0,0,0,0,0,0,0,0, 0,0,0,0,0,15,0,0,0,0
27400,2,290,-56.5,68,32,-8.50564,5.62976,0,0,0,0,0,0,0,0,0,0,0, 0,0,0,0,0,15,0,0,0,0
27400,3,24,0.6,228,31.75,0.358135,34.1981,0,0,0,0,0,0,0,0,0,0,0, 0,0,0,0,0,15,0,0,0,0
27400,4,27,4.2,228,32.75,2.50475,34.1082,0,0,0,0,0,0,0,0,0,0,0, 0,0,0,0,0,15,0,0,0,0
27400,5,23,5.4,228,33,3.2185,34.0482,0,0,0,0,0,0,0,0,0,0,0, 0,0,0,0,0,15,0,0,0,0
27400,6,242,-55.4,72,32,-8.88987,6.13271,0,0,0,0,0,0,0,0,0,0,0, 0,0,0,0,0,15,0,0,0,0
27400,7,36,3.1,232,31.75,1.88194,34.7491,0,0,0,0,0,0,0,0,0,0,0, 0,0,0,0,0,15,0,0,0,0
27400,8,33,0.6,232,32.25,0.364418,34.7981,0,0,0,0,0,0,0,0,0,0,0, 0,0,0,0,0,15,0,0,0,0
27400,9,22,-0.6,232,33,-0.364418,34.7981,0,0,0,0,0,0,0,0,0,0,0, 0,0,0,0,0,15,0,0,0,0
27400,10,154,-53.4,76,32,-9.15212,6.79696,0,0,0,0,0,0,0,0,0,0,0, 0,0,0,0,0,15,0,0,0,0
27400,11,103,-48,80,32,-8.91774,8.02957,0,0,0,0,0,0,0,0,0,0,0, 0,0,0,0,0,15,0,0,0,0
27400,12,138,-58.4,60,32,-7.66554,4.71587,0,0,0,0,0,0,0,0,0,0,0, 0,0,0,0,0,15,0,0,0,0
27440,0,246,-57.4,64,32,-8.08754,5.1722,0,0,0,0,0,0,0,0,0,0,0, 0,0,0,0,0,0,0,0,0,0
27440,1,29,0.1,224,31.75,0.058643,33.5999,0,0,0,0,0,0,0,0,0,0,0, 0,0,0,0,0,0,0,0,0,0
27440,2,25,1.8,224,32.25,1.0554,33.5834,0,0,0,0,0,0,0,0,0,0,0, 0,0,0,0,0,0,0,0,0,0
27440,3,293,-56.5,68,32,-8.50564,5.62976,0,0,0,0,0,0,0,0,0,0,0, 0,0,0,0,0,0,0,0,0,0
27440,4,16,3.6,228,33,2.14744,34.1325,0,0,0,0,0,0,0,0,0,0,0, 0,0,0,0,0,0,0,0,0,0
27440,5,45,68.6,8,33,1.11727,0.437852,0,0,0,0,0,0,0,0,0,0,0, 0,0,0,0,0,0,0,0,0,0
27440,6,242,-55.4,72,32,-8.88987,6.13271,0,0,0,0,0,0,0,0,0,0,0, 0,0,0,0,0,0,0,0,0,0
27440,7,23,7.2,232,31.75,4.3616,34.5256,0,0,0,0,0,0,0,0,0,0,0, 0,0,0,0,0,0,0,0,0,0
27440,8,23,8.3,232,33,5.0236,34.4355,0,0,0,0,0,0,0,0,0,0,0, 0,0,0,0,0,0,0,0,0,0
27440,9,154,-53.4,76,32,-9.15212,6.79696,0,0,0,0,0,0,0,0,0,0,0, 0,0,0,0,0,0,0,0,0,0
27440,10,104,-49.8,80,32,-9.16555,7.74549,0,0,0,0,0,0,0,0,0,0,0, 0,0,0,0,0,0,0,0,0,0
27440,11,142,-56.5,60,32,-7.50497,4.96743,0,0,0,0,0,0,0,0,0,0,0, 0,0,0,0,0,0,0,0,0,0
27480,0,250,-56.5,64,32,-8.0053,5.2986,0,0,0,0,0,0,0,0,0,0,0, 0,0,0,0,0,1,0,0,0,0
27480,1,24,0.1,224,31.75,0.058643,33.5999,0,0,0,0,0,0,0,0,0,0,0, 0,0,0,0,0,1,0,0,0,0
27480,2,23,0.1,224,32.5,0.058643,33.5999,0,0,0,0,0,0,0,0,0,0,0, 0,0,0,0,0,1,0,0,0,0
27480,3,296,-55.4,68,32,-8.39599,5.79201,0,0,0,0,0,0,0,0,0,0,0, 0,0,0,0,0,1,0,0,0,0
27480,4,30,3.1,228,31.75,1.8495,34.15,0,0,0,0,0,0,0,0,0,0,0, 0,0,0,0,0,1,0,0,0,0
27480,5,246,-54.4,72,32,-8.78149,6.28693,0,0,0,0,0,0,0,0,0,0,0, 0,0,0,0,0,1,0,0,0,0
27480,6,36,-0.6,232,31.25,-0.364418,34.7981,0,0,0,0,0,0,0,0,0,0,0, 0,0,0,0,0,1,0,0,0,0
27480,7,37,1.8,232,32.25,1.09309,34.7828,0,0,0,0,0,0,0,0,0,0,0, 0,0,0,0,0,1,0,0,0,0
27480,8,158,-51.6,76,32,-8.93411,7.08108,0,0,0,0,0,0,0,0,0,0,0, 0,0,0,0,0,1,0,0,0,0
27480,9,22,-1.8,236,32.25,-1.11194,35.3825,0,0,0,0,0,0,0,0,0,0,0, 0,0,0,0,0,1,0,0,0,0
27480,10,108,-48,80,32,-8.91774,8.02957,0,0,0,0,0,0,0,0,0,0,0, 0,0,0,0,0,1,0,0,0,0
27480,11,83,-53.4,84,32,-10.1155,7.51243,0,0,0,0,0,0,0,0,0,0,0, 0,0,0,0,0,1,0,0,0,0
27480,12,139,-57.4,60,32,-7.58207,4.84894,0,0,0,0,0,0,0,0,0,0,0, 0,0,0,0,0,1,0,0,0,0
27520,0,248,-56.5,64,32,-8.0053,5.2986,0,0,0,0,0,0,0,0,0,0,0, 0,0,0,0,0,2,0,0,0,0
27520,1,39,-3,224,31.5,-1.75849,33.554,0,0,0,0,0,0,0,0,0,0,0, 0,0,0,0,0,2,0,0,0,0
27520,2,293,-56.5,68,32,-8.50564,5.62976,0,0,0,0,0,0,0,0,0,0,0, 0,0,0,0,0,2,0,0,0,0
27520,3,245,-54.4,72,32,-8.78149,6.28693,0,0,0,0,0,0,0,0,0,0,0, 0,0,0,0,0,2,0,0,0,0
27520,4,158,-51.6,76,32,-8.93411,7.08108,0,0,0,0,0,0,0,0,0,0,0, 0,0,0,0,0,2,0,0,0,0
27520,5,110,-48,80,32,-8.91774,8.02957,0,0,0,0,0,0,0,0,0,0,0, 0,0,0,0,0,2,0,0,0,0
27520,6,84,-53.4,84,32,-10.1155,7.51243,0,0,0,0,0,0,0,0,0,0,0, 0,0,0,0,0,2,0,0,0,0
27520,7,140,-57.4,60,32,-7.58207,4.84894,0,0,0,0,0,0,0,0,0,0,0, 0,0,0,0,0,2,0,0,0,0
27560,0,247,-56.5,64,32,-8.0053,5.2986,0,0,0,0,0,0,0,0,0,0,0, 0,0,0,0,0,3,0,0,0,0
27560,1,292,-55.4,68,32,-8.39599,5.79201,0,0,0,0,0,0,0,0,0,0,0, 0,0,0,0,0,3,0,0,0,0
27560,2,245,-54.4,72,32,-8.78149,6.28693,0,0,0,0,0,0,0,0,0,0,0, 0,0,0,0,0,3,0,0,0,0
27560,3,158,-51.6,76,32,-8.93411,7.08108,0,0,0,0,0,0,0,0,0,0,0, 0,0,0,0,0,3,0,0,0,0
27560,4,109,-46.7,80,32,-8.73327,8.22982,0,0,0,0,0,0,0,0,0,0,0, 0,0,0,0,0,3,0,0,0,0
27560,5,85,-48,84,32,-9.36363,8.43105,0,0,0,0,0,0,0,0,0,0,0, 0,0,0,0,0,3,0,0,0,0
27560,6,139,-58.4,60,32,-7.66554,4.71587,0,0,0,0,0,0,0,0,0,0,0, 0,0,0,0,0,3,0,0,0,0
27600,0,247,-57.4,64,32,-8.08754,5.1722,0,0,0,0,0,0,0,0,0,0,0, 0,0,0,0,0,4,0,0,0,0
27600,1,20,5.4,224,31.25,3.16204,33.4509,0,0,0,0,0,0,0,0,0,0,0, 0,0,0,0,0,4,0,0,0,0
27600,2,21,8.8,224,32.25,5.14032,33.2045,0,0,0,0,0,0,0,0,0,0,0, 0,0,0,0,0,4,0,0,0,0
27600,3,292,-55.4,68,32,-8.39599,5.79201,0,0,0,0,0,0,0,0,0,0,0, 0,0,0,0,0,4,0,0,0,0
27600,4,246,-54.4,72,32,-8.78149,6.28693,0,0,0,0,0,0,0,0,0,0,0, 0,0,0,0,0,4,0,0,0,0
27600,5,160,-49.8,76,32,-8.70727,7.35822,0,0,0,0,0,0,0,0,0,0,0, 0,0,0,0,0,4,0,0,0,0
27600,6,112,-46.7,80,32,-8.73327,8.22982,0,0,0,0,0,0,0,0,0,0,0, 0,0,0,0,0,4,0,0,0,0
27600,7,85,-49.8,84,32,-9.62383,8.13277,0,0,0,0,0,0,0,0,0,0,0, 0,0,0,0,0,4,0,0,0,0
27600,8,13,40.9,116,45.75,11.3925,13.1518,0,0,0,0,0,0,0,0,0,0,0, 0,0,0,0,0,4,0,0,0,0
27600,9,142,-57.4,60,32,-7.58207,4.84894,0,0,0,0,0,0,0,0,0,0,0, 0,0,0,0,0,4,0,0,0,0
27640,0,251,-56.5,64,32,-8.0053,5.2986,0,0,0,0,0,0,0,0,0,0,0, 0,0,0,0,0,5,0,0,0,0
27640,1,295,-56.5,68,32,-8.50564,5.62976,0,0,0,0,0,0,0,0,0,0,0, 0,0,0,0,0,5,0,0,0,0
27640,2,246,-54.4,72,32,-8.78149,6.28693,0,0,0,0,0,0,0,0,0,0,0, 0,0,0,0,0,5,0,0,0,0
27640,3,159,-51.6,76,32,-8.93411,7.08108,0,0,0,0,0,0,0,0,0,0,0, 0,0,0,0,0,5,0,0,0,0
27640,4,108,-46.7,80,32,-8.73327,8.22982,0,0,0,0,0,0,0,0,0,0,0, 0,0,0,0,0,5,0,0,0,0
27640,5,84,-48,84,32,-9.36363,8.43105,0,0,0,0,0,0,0,0,0,0,0, 0,0,0,0,0,5,0,0,0,0
27640,6,139,-57.4,60,32,-7.58207,4.84894,0,0,0,0,0,0,0,0,0,0,0, 0,0,0,0,0,5,0,0,0,0
27680,0,245,-56.5,64,32,-8.0053,5.2986,0,0,0,0,0,0,0,0,0,0,0, 0,0,0,0,0,6,0,0,0,0
27680,1,26,1.3,224,31.75,0.762294,33.5914,0,0,0,0,0,0,0,0,0,0,0, 0,0,0,0,0,6,0,0,0,0
27680,2,291,-56.5,68,32,-8.50564,5.62976,0,0,0,0,0,0,0,0,0,0,0, 0,0,0,0,0,6,0,0,0,0
27680,3,36,-0.6,228,31.75,-0.358135,34.1981,0,0,0,0,0,0,0,0,0,0,0, 0,0,0,0,0,6,0,0,0,0
27680,4,38,0.1,228,32.25,0.0596902,34.1999,0,0,0,0,0,0,0,0,0,0,0, 0,0,0,0,0,6,0,0,0,0
27680,5,23,1.3,228,33,0.775907,34.1912,0,0,0,0,0,0,0,0,0,0,0, 0,0,0,0,0,6,0,0,0,0
27680,6,242,-55.4,72,32,-8.88987,6.13271,0,0,0,0,0,0,0,0,0,0,0, 0,0,0,0,0,6,0,0,0,0
27680,7,26,3.6,232,31.75,2.18511,34.7313,0,0,0,0,0,0,0,0,0,0,0, 0,0,0,0,0,6,0,0,0,0
27680,8,39,4.2,232,32.5,2.54869,34.7065,0,0,0,0,0,0,0,0,0,0,0, 0,0,0,0,0,6,0,0,0,0
27680,9,23,6.1,232,33,3.69799,34.603,0,0,0,0,0,0,0,0,0,0,0, 0,0,0,0,0,6,0,0,0,0
27680,10,156,-51.6,76,32,-8.93411,7.08108,0,0,0,0,0,0,0,0,0,0,0, 0,0,0,0,0,6,0,0,0,0
27680,11,108,-45.9,80,32,-8.61752,8.35095,0,0,0,0,0,0,0,0,0,0,0, 0,0,0,0,0,6,0,0,0,0
27680,12,86,-46.7,84,32,-9.16994,8.64131,0,0,0,0,0,0,0,0,0,0,0, 0,0,0,0,0,6,0,0,0,0
27680,13,139,-58.4,60,32,-7.66554,4.71587,0,0,0,0,0,0,0,0,0,0,0, 0,0,0,0,0,6,0,0,0,0
27720,0,245,-57.4,64,32,-8.08754,5.1722,0,0,0,0,0,0,0,0,0,0,0, 0,0,0,0,0,7,0,0,0,0
27720,1,289,-56.5,68,32,-8.50564,5.62976,0,0,0,0,0,0,0,0,0,0,0, 0,0,0,0,0,7,0,0,0,0
27720,2,242,-55.4,72,32,-8.88987,6.13271,0,0,0,0,0,0,0,0,0,0,0, 0,0,0,0,0,7,0,0,0,0
27720,3,156,-51.6,76,32,-8.93411,7.08108,0,0,0,0,0,0,0,0,0,0,0, 0,0,0,0,0,7,0,0,0,0
27720,4,26,1.3,236,31.75,0.803132,35.3909,0,0,0,0,0,0,0,0,0,0,0, 0,0,0,0,0,7,0,0,0,0
27720,5,24,-1.8,236,32.25,-1.11194,35.3825,0,0,0,0,0,0,0,0,0,0,0, 0,0,0,0,0,7,0,0,0,0
27720,6,109,-45,80,32,-8.48528,8.48528,0,0,0,0,0,0,0,0,0,0,0, 0,0,0,0,0,7,0,0,0,0
27720,7,12,-32.7,464,14.25,-37.6007,58.5691,0,0,0,0,0,0,0,0,0,0,0, 0,0,0,0,0,7,0,0,0,0
27720,8,87,-46.7,84,32,-9.16994,8.64131,0,0,0,0,0,0,0,0,0,0,0, 0,0,0,0,0,7,0,0,0,0
27720,9,140,-57.4,60,32,-7.58207,4.84894,0,0,0,0,0,0,0,0,0,0,0, 0,0,0,0,0,7,0,0,0,0
27760,0,248,-56.5,64,32,-8.0053,5.2986,0,0,0,0,0,0,0,0,0,0,0, 0,0,0,0,0,8,0,0,0,0
27760,1,291,-56.5,68,32,-8.50564,5.62976,0,0,0,0,0,0,0,0,0,0,0, 0,0,0,0,0,8,0,0,0,0
27760,2,244,-55.4,72,32,-8.88987,6.13271,0,0,0,0,0,0,0,0,0,0,0, 0,0,0,0,0,8,0,0,0,0
27760,3,32,0.6,232,31.75,0.364418,34.7981,0,0,0,0,0,0,0,0,0,0,0, 0,0,0,0,0,8,0,0,0,0
27760,4,37,0.1,232,32.25,0.0607374,34.7999,0,0,0,0,0,0,0,0,0,0,0, 0,0,0,0,0,8,0,0,0,0
27760,5,23,2.4,232,33,1.45727,34.7695,0,0,0,0,0,0,0,0,0,0,0, 0,0,0,0,0,8,0,0,0,0
27760,6,158,-51.6,76,32,-8.93411,7.08108,0,0,0,0,0,0,0,0,0,0,0, 0,0,0,0,0,8,0,0,0,0
27760,7,109,-45.9,80,32,-8.61752,8.35095,0,0,0,0,0,0,0,0,0,0,0, 0,0,0,0,0,8,0,0,0,0
27760,8,19,10.6,240,31.5,6.62225,35.3857,0,0,0,0,0,0,0,0,0,0,0, 0,0,0,0,0,8,0,0,0,0
27760,9,86,-46.7,84,32,-9.16994,8.64131,0,0,0,0,0,0,0,0,0,0,0, 0,0,0,0,0,8,0,0,0,0
27760,10,139,-57.4,60,32,-7.58207,4.84894,0,0,0,0,0,0,0,0,0,0,0, 0,0,0,0,0,8,0,0,0,0
27800,0,249,-56.5,64,32,-8.0053,5.2986,0,1334,0,0,0,0,0,0,0,0,0, 0,0,0,0,0,9,0,0,0,0
27800,1,49,1.3,224,31.75,0.762294,33.5914,0,1334,0,0,0,0,0,0,0,0,0, 0,0,0,0,0,9,0,0,0,0
27800,2,54,0.1,224,32.25,0.058643,33.5999,0,1334,0,0,0,0,0,0,0,0,0, 0,0,0,0,0,9,0,0,0,0
27800,3,39,-1.2,224,33,-0.703665,33.5926,0,1334,0,0,0,0,0,0,0,0,0, 0,0,0,0,0,9,0,0,0,0
27800,4,293,-55.4,68,32,-8.39599,5.79201,0,1334,0,0,0,0,0,0,0,0,0, 0,0,0,0,0,9,0,0,0,0
27800,5,29,-4.2,228,31.75,-2.50475,34.1082,0,1334,0,0,0,0,0,0,0,0,0, 0,0,0,0,0,9,0,0,0,0
27800,6,24,-0.6,228,33,-0.358135,34.1981,0,1334,0,0,0,0,0,0,0,0,0, 0,0,0,0,0,9,0,0,0,0
27800,7,245,-54.4,72,32,-8.78149,6.28693,0,1334,0,0,0,0,0,0,0,0,0, 0,0,0,0,0,9,0,0,0,0
27800,8,23,-0.6,232,31.75,-0.364418,34.7981,0,1334,0,0,0,0,0,0,0,0,0, 0,0,0,0,0,9,0,0,0,0
27800,9,160,-49.8,76,32,-8.70727,7.35822,0,1334,0,0,0,0,0,0,0,0,0, 0,0,0,0,0,9,0,0,0,0
27800,10,112,-45.9,80,32,-8.61752,8.35095,0,1334,0,0,0,0,0,0,0,0,0, 0,0,0,0,0,9,0,0,0,0
27800,11,86,-46.7,84,32,-9.16994,8.64131,0,1334,0,0,0,0,0,0,0,0,0, 0,0,0,0,0,9,0,0,0,0
27800,12,141,-56.5,60,32,-7.50497,4.96743,0,1334,0,0,0,0,0,0,0,0,0, 0,0,0,0,0,9,0,0,0,0
27840,0,248,-56.5,64,32,-8.0053,5.2986,0,0,0,0,0,0,0,0,0,0,0, 0,0,0,0,0,10,0,0,0,0
27840,1,37,-0.6,224,31.75,-0.351852,33.5982,0,0,0,0,0,0,0,0,0,0,0, 0,0,0,0,0,10,0,0,0,0
27840,2,34,0.1,224,32.25,0.058643,33.5999,0,0,0,0,0,0,0,0,0,0,0, 0,0,0,0,0,10,0,0,0,0
27840,3,295,-56.5,68,32,-8.50564,5.62976,0,0,0,0,0,0,0,0,0,0,0, 0,0,0,0,0,10,0,0,0,0
27840,4,245,-55.4,72,32,-8.88987,6.13271,0,0,0,0,0,0,0,0,0,0,0, 0,0,0,0,0,10,0,0,0,0
27840,5,159,-51.6,76,32,-8.93411,7.08108,0,0,0,0,0,0,0,0,0,0,0, 0,0,0,0,0,10,0,0,0,0
27840,6,113,-45.9,80,32,-8.61752,8.35095,0,0,0,0,0,0,0,0,0,0,0, 0,0,0,0,0,10,0,0,0,0
27840,7,86,-46.7,84,32,-9.16994,8.64131,0,0,0,0,0,0,0,0,0,0,0, 0,0,0,0,0,10,0,0,0,0
27840,8,15,1.8,248,31.75,1.16848,37.1816,0,0,0,0,0,0,0,0,0,0,0, 0,0,0,0,0,10,0,0,0,0
27840,9,20,-1.2,248,32.5,-0.779058,37.1918,0,0,0,0,0,0,0,0,0,0,0, 0,0,0,0,0,10,0,0,0,0
27840,10,141,-57.4,60,32,-7.58207,4.84894,0,0,0,0,0,0,0,0,0,0,0, 0,0,0,0,0,10,0,0,0,0
27880,0,249,-57.4,64,32,-8.08754,5.1722,0,7936,0,0,0,0,0,0,0,0,0, 0,0,0,0,0,11,0,0,0,0
27880,1,17,3.6,224,32.25,2.10976,33.5337,0,7936,0,0,0,0,0,0,0,0,0, 0,0,0,0,0,11,0,0,0,0
27880,2,294,-56.5,68,32,-8.50564,5.62976,0,7936,0,0,0,0,0,0,0,0,0, 0,0,0,0,0,11,0,0,0,0
27880,3,47,64.6,8,33,1.084,0.514722,0,7936,0,0,0,0,0,0,0,0,0, 0,0,0,0,0,11,0,0,0,0
27880,4,246,-55.4,72,32,-8.88987,6.13271,0,7936,0,0,0,0,0,0,0,0,0, 0,0,0,0,0,11,0,0,0,0
27880,5,160,-51.6,76,32,-8.93411,7.08108,0,7936,0,0,0,0,0,0,0,0,0, 0,0,0,0,0,11,0,0,0,0
27880,6,113,-46.7,80,32,-8.73327,8.22982,0,7936,0,0,0,0,0,0,0,0,0, 0,0,0,0,0,11,0,0,0,0
27880,7,88,-45.9,84,32,-9.04839,8.7685,0,7936,0,0,0,0,0,0,0,0,0, 0,0,0,0,0,11,0,0,0,0
27880,8,142,-57.4,60,32,-7.58207,4.84894,0,7936,0,0,0,0,0,0,0,0,0, 0,0,0,0,0,11,0,0,0,0
27880,9,25,0.6,220,31.5,0.345569,32.9982,0,7936,0,0,0,0,0,0,0,0,0, 0,0,0,0,0,11,0,0,0,0
27920,0,250,-57.4,64,32,-8.08754,5.1722,0,1139,0,0,0,0,0,0,0,0,0, 0,0,0,0,0,12,0,0,0,0
27920,1,293,-56.5,68,32,-8.50564,5.62976,0,1139,0,0,0,0,0,0,0,0,0, 0,0,0,0,0,12,0,0,0,0
27920,2,29,-0.6,228,30.75,-0.358135,34.1981,0,1139,0,0,0,0,0,0,0,0,0, 0,0,0,0,0,12,0,0,0,0
27920,3,37,-0.6,228,31,-0.358135,34.1981,0,1139,0,0,0,0,0,0,0,0,0, 0,0,0,0,0,12,0,0,0,0
27920,4,29,-1.8,228,32.25,-1.07425,34.1831,0,1139,0,0,0,0,0,0,0,0,0, 0,0,0,0,0,12,0,0,0,0
27920,5,44,65.6,8,33,1.09282,0.495725,0,1139,0,0,0,0,0,0,0,0,0, 0,0,0,0,0,12,0,0,0,0
27920,6,246,-55.4,72,32,-8.88987,6.13271,0,1139,0,0,0,0,0,0,0,0,0, 0,0,0,0,0,12,0,0,0,0
27920,7,160,-51.6,76,32,-8.93411,7.08108,0,1139,0,0,0,0,0,0,0,0,0, 0,0,0,0,0,12,0,0,0,0
27920,8,112,-45.9,80,32,-8.61752,8.35095,0,1139,0,0,0,0,0,0,0,0,0, 0,0,0,0,0,12,0,0,0,0
27920,9,88,-45,84,32,-8.90955,8.90955,0,1139,0,0,0,0,0,0,0,0,0, 0,0,0,0,0,12,0,0,0,0
27920,10,141,-57.4,60,32,-7.58207,4.84894,0,1139,0,0,0,0,0,0,0,0,0, 0,0,0,0,0,12,0,0,0,0
27960,0,249,-57.4,64,32,-8.08754,5.1722,0,86,0,0,0,0,0,0,0,0,0, 0,0,0,0,0,13,0,0,0,0
27960,1,18,1.3,224,31.5,0.762294,33.5914,0,86,0,0,0,0,0,0,0,0,0, 0,0,0,0,0,13,0,0,0,0
27960,2,294,-56.5,68,32,-8.50564,5.62976,0,86,0,0,0,0,0,0,0,0,0, 0,0,0,0,0,13,0,0,0,0
27960,3,20,3.6,228,30.75,2.14744,34.1325,0,86,0,0,0,0,0,0,0,0,0, 0,0,0,0,0,13,0,0,0,0
27960,4,34,3.6,228,31.75,2.14744,34.1325,0,86,0,0,0,0,0,0,0,0,0, 0,0,0,0,0,13,0,0,0,0
27960,5,34,69.6,8,33,1.12474,0.418287,0,86,0,0,0,0,0,0,0,0,0, 0,0,0,0,0,13,0,0,0,0
27960,6,244,-55.4,72,32,-8.88987,6.13271,0,86,0,0,0,0,0,0,0,0,0, 0,0,0,0,0,13,0,0,0,0
27960,7,158,-51.6,76,32,-8.93411,7.08108,0,86,0,0,0,0,0,0,0,0,0, 0,0,0,0,0,13,0,0,0,0
27960,8,111,-45.9,80,32,-8.61752,8.35095,0,86,0,0,0,0,0,0,0,0,0, 0,0,0,0,0,13,0,0,0,0
27960,9,89,-45,84,32,-8.90955,8.90955,0,86,0,0,0,0,0,0,0,0,0, 0,0,0,0,0,13,0,0,0,0
27960,10,139,-58.4,60,32,-7.66554,4.71587,0,86,0,0,0,0,0,0,0,0,0, 0,0,0,0,0,13,0,0,0,0
28000,0,248,-58.4,64,32,-8.17658,5.03026,0,0,0,0,0,0,0,0,0,0,0, 0,0,0,0,0,14,0,0,0,0
28000,1,31,-1.2,224,31.75,-0.703665,33.5926,0,0,0,0,0,0,0,0,0,0,0, 0,0,0,0,0,14,0,0,0,0
28000,2,31,-2.4,224,32.25,-1.40702,33.5705,0,0,0,0,0,0,0,0,0,0,0, 0,0,0,0,0,14,0,0,0,0
28000,3,292,-56.5,68,32,-8.50564,5.62976,0,0,0,0,0,0,0,0,0,0,0, 0,0,0,0,0,14,0,0,0,0
28000,4,244,-56.5,72,32,-9.00597,5.96092,0,0,0,0,0,0,0,0,0,0,0, 0,0,0,0,0,14,0,0,0,0
28000,5,159,-53.4,76,32,-9.15212,6.79696,0,0,0,0,0,0,0,0,0,0,0, 0,0,0,0,0,14,0,0,0,0
28000,6,112,-45.9,80,32,-8.61752,8.35095,0,0,0,0,0,0,0,0,0,0,0, 0,0,0,0,0,14,0,0,0,0
28000,7,89,-45,84,32,-8.90955,8.90955,0,0,0,0,0,0,0,0,0,0,0, 0,0,0,0,0,14,0,0,0,0
28000,8,138,-58.4,60,32,-7.66554,4.71587,0,0,0,0,0,0,0,0,0,0,0, 0,0,0,0,0,14,0,0,0,0
28040,0,245,-58.4,64,32,-8.17658,5.03026,0,0,0,0,0,0,0,0,0,0,0, 0,0,0,0,0,15,0,0,0,0
28040,1,289,-56.5,68,32,-8.50564,5.62976,0,0,0,0,0,0,0,0,0,0,0, 0,0,0,0,0,15,0,0,0,0
28040,2,35,75.1,8,33,1.15965,0.308559,0,0,0,0,0,0,0,0,0,0,0, 0,0,0,0,0,15,0,0,0,0
28040,3,242,-55.4,72,32,-8.88987,6.13271,0,0,0,0,0,0,0,0,0,0,0, 0,0,0,0,0,15,0,0,0,0
28040,4,159,-51.6,76,32,-8.93411,7.08108,0,0,0,0,0,0,0,0,0,0,0, 0,0,0,0,0,15,0,0,0,0
28040,5,112,-45.9,80,32,-8.61752,8.35095,0,0,0,0,0,0,0,0,0,0,0, 0,0,0,0,0,15,0,0,0,0
28040,6,89,-45,84,32,-8.90955,8.90955,0,0,0,0,0,0,0,0,0,0,0, 0,0,0,0,0,15,0,0,0,0
28040,7,138,-58.4,60,32,-7.66554,4.71587,0,0,0,0,0,0,0,0,0,0,0, 0,0,0,0,0,15,0,0,0,0
28080,0,246,-57.4,64,32,-8.08754,5.1722,0,0,0,0,0,0,0,0,0,0,0, 0,0,0,0,0,0,0,0,0,0
28080,1,289,-56.5,68,32,-8.50564,5.62976,0,0,0,0,0,0,0,0,0,0,0, 0,0,0,0,0,0,0,0,0,0
28080,2,23,5.4,228,31.75,3.2185,34.0482,0,0,0,0,0,0,0,0,0,0,0, 0,0,0,0,0,0,0,0,0,0
28080,3,242,-56.5,72,32,-9.00597,5.96092,0,0,0,0,0,0,0,0,0,0,0, 0,0,0,0,0,0,0,0,0,0
28080,4,157,-51.6,76,32,-8.93411,7.08108,0,0,0,0,0,0,0,0,0,0,0, 0,0,0,0,0,0,0,0,0,0
28080,5,110,-45.9,80,32,-8.61752,8.35095,0,0,0,0,0,0,0,0,0,0,0, 0,0,0,0,0,0,0,0,0,0
28080,6,89,-45.9,84,32,-9.04839,8.7685,0,0,0,0,0,0,0,0,0,0,0, 0,0,0,0,0,0,0,0,0,0
28080,7,137,-58.4,60,32,-7.66554,4.71587,0,0,0,0,0,0,0,0,0,0,0, 0,0,0,0,0,0,0,0,0,0
28120,0,245,-58.4,64,32,-8.17658,5.03026,0,0,0,0,0,0,0,0,0,0,0, 0,0,0,0,0,1,0,0,0,0
28120,1,15,4.2,224,30.75,2.4608,33.5098,0,0,0,0,0,0,0,0,0,0,0, 0,0,0,0,0,1,0,0,0,0
28120,2,289,-56.5,68,32,-8.50564,5.62976,0,0,0,0,0,0,0,0,0,0,0, 0,0,0,0,0,1,0,0,0,0
28120,3,32,-0.6,228,31.75,-0.358135,34.1981,0,0,0,0,0,0,0,0,0,0,0, 0,0,0,0,0,1,0,0,0,0
28120,4,241,-55.4,72,32,-8.88987,6.13271,0,0,0,0,0,0,0,0,0,0,0, 0,0,0,0,0,1,0,0,0,0
28120,5,157,-51.6,76,32,-8.93411,7.08108,0,0,0,0,0,0,0,0,0,0,0, 0,0,0,0,0,1,0,0,0,0
28120,6,109,-46.7,80,32,-8.73327,8.22982,0,0,0,0,0,0,0,0,0,0,0, 0,0,0,0,0,1,0,0,0,0
28120,7,86,-46.7,84,32,-9.16994,8.64131,0,0,0,0,0,0,0,0,0,0,0, 0,0,0,0,0,1,0,0,0,0
28120,8,141,-57.4,60,32,-7.58207,4.84894,0,0,0,0,0,0,0,0,0,0,0, 0,0,0,0,0,1,0,0,0,0
28120,9,20,4.2,220,31.25,2.41686,32.9114,0,0,0,0,0,0,0,0,0,0,0, 0,0,0,0,0,1,0,0,0,0
28160,0,248,-57.4,64,32,-8.08754,5.1722,0,0,0,0,0,0,0,0,0,0,0, 0,0,0,0,0,2,0,0,0,0
28160,1,294,-56.5,68,32,-8.50564,5.62976,0,0,0,0,0,0,0,0,0,0,0, 0,0,0,0,0,2,0,0,0,0
28160,2,41,1.8,228,31.75,1.07425,34.1831,0,0,0,0,0,0,0,0,0,0,0, 0,0,0,0,0,2,0,0,0,0
28160,3,25,4.8,228,33,2.86178,34.0801,0,0,0,0,0,0,0,0,0,0,0, 0,0,0,0,0,2,0,0,0,0
28160,4,245,-55.4,72,32,-8.88987,6.13271,0,0,0,0,0,0,0,0,0,0,0, 0,0,0,0,0,2,0,0,0,0
28160,5,159,-51.6,76,32,-8.93411,7.08108,0,0,0,0,0,0,0,0,0,0,0, 0,0,0,0,0,2,0,0,0,0
28160,6,25,0.6,236,31.5,0.370701,35.3981,0,0,0,0,0,0,0,0,0,0,0, 0,0,0,0,0,2,0,0,0,0
28160,7,111,-46.7,80,32,-8.73327,8.22982,0,0,0,0,0,0,0,0,0,0,0, 0,0,0,0,0,2,0,0,0,0
28160,8,84,-48,84,32,-9.36363,8.43105,0,0,0,0,0,0,0,0,0,0,0, 0,0,0,0,0,2,0,0,0,0
28160,9,140,-57.4,60,32,-7.58207,4.84894,0,0,0,0,0,0,0,0,0,0,0, 0,0,0,0,0,2,0,0,0,0
28200,0,246,-57.4,64,32,-8.08754,5.1722,0,0,0,0,0,0,0,0,0,0,0, 0,0,0,0,0,3,0,0,0,0
28200,1,291,-56.5,68,32,-8.50564,5.62976,0,0,0,0,0,0,0,0,0,0,0, 0,0,0,0,0,3,0,0,0,0
28200,2,42,69.6,8,33,1.12474,0.418287,0,0,0,0,0,0,0,0,0,0,0, 0,0,0,0,0,3,0,0,0,0
28200,3,244,-55.4,72,32,-8.88987,6.13271,0,0,0,0,0,0,0,0,0,0,0, 0,0,0,0,0,3,0,0,0,0
28200,4,160,-49.8,76,32,-8.70727,7.35822,0,0,0,0,0,0,0,0,0,0,0, 0,0,0,0,0,3,0,0,0,0
28200,5,11,28.1,460,44.75,32.4998,60.8668,0,0,0,0,0,0,0,0,0,0,0, 0,0,0,0,0,3,0,0,0,0
28200,6,109,-46.7,80,32,-8.73327,8.22982,0,0,0,0,0,0,0,0,0,0,0, 0,0,0,0,0,3,0,0,0,0
28200,7,86,-48,84,32,-9.36363,8.43105,0,0,0,0,0,0,0,0,0,0,0, 0,0,0,0,0,3,0,0,0,0
28200,8,139,-58.4,60,32,-7.66554,4.71587,0,0,0,0,0,0,0,0,0,0,0, 0,0,0,0,0,3,0,0,0,0
28240,0,246,-57.4,64,32,-8.08754,5.1722,0,0,0,0,0,0,0,0,0,0,0, 0,0,0,0,0,4,0,0,0,0
28240,1,292,-56.5,68,32,-8.50564,5.62976,0,0,0,0,0,0,0,0,0,0,0, 0,0,0,0,0,4,0,0,0,0
28240,2,246,-55.4,72,32,-8.88987,6.13271,0,0,0,0,0,0,0,0,0,0,0, 0,0,0,0,0,4,0,0,0,0
28240,3,161,-51.6,76,32,-8.93411,7.08108,0,0,0,0,0,0,0,0,0,0,0, 0,0,0,0,0,4,0,0,0,0
28240,4,109,-46.7,80,32,-8.73327,8.22982,0,0,0,0,0,0,0,0,0,0,0, 0,0,0,0,0,4,0,0,0,0
28240,5,85,-48,84,32,-9.36363,8.43105,0,0,0,0,0,0,0,0,0,0,0, 0,0,0,0,0,4,0,0,0,0
28240,6,139,-58.4,60,32,-7.66554,4.71587,0,0,0,0,0,0,0,0,0,0,0, 0,0,0,0,0,4,0,0,0,0
28280,0,246,-56.5,64,32,-8.0053,5.2986,0,0,0,0,0,0,0,0,0,0,0, 0,0,0,0,0,5,0,0,0,0
28280,1,292,-56.5,68,32,-8.50564,5.62976,0,0,0,0,0,0,0,0,0,0,0, 0,0,0,0,0,5,0,0,0,0
28280,2,244,-55.4,72,32,-8.88987,6.13271,0,0,0,0,0,0,0,0,0,0,0, 0,0,0,0,0,5,0,0,0,0
28280,3,158,-51.6,76,32,-8.93411,7.08108,0,0,0,0,0,0,0,0,0,0,0, 0,0,0,0,0,5,0,0,0,0
28280,4,27,3.1,236,31.5,1.91439,35.3482,0,0,0,0,0,0,0,0,0,0,0, 0,0,0,0,0,5,0,0,0,0
28280,5,110,-46.7,80,32,-8.73327,8.22982,0,0,0,0,0,0,0,0,0,0,0, 0,0,0,0,0,5,0,0,0,0
28280,6,85,-46.7,84,32,-9.16994,8.64131,0,0,0,0,0,0,0,0,0,0,0, 0,0,0,0,0,5,0,0,0,0
28280,7,139,-57.4,60,32,-7.58207,4.84894,0,0,0,0,0,0,0,0,0,0,0, 0,0,0,0,0,5,0,0,0,0
28280,8,19,2.4,220,32.25,1.3819,32.9711,0,0,0,0,0,0,0,0,0,0,0, 0,0,0,0,0,5,0,0,0,0
28320,0,248,-56.5,64,32,-8.0053,5.2986,0,0,0,0,0,0,0,0,0,0,0, 0,0,0,0,0,6,0,0,0,0
28320,1,291,-56.5,68,32,-8.50564,5.62976,0,0,0,0,0,0,0,0,0,0,0, 0,0,0,0,0,6,0,0,0,0
28320,2,245,-55.4,72,32,-8.88987,6.13271,0,0,0,0,0,0,0,0,0,0,0, 0,0,0,0,0,6,0,0,0,0
28320,3,159,-51.6,76,32,-8.93411,7.08108,0,0,0,0,0,0,0,0,0,0,0, 0,0,0,0,0,6,0,0,0,0
28320,4,110,-45.9,80,32,-8.61752,8.35095,0,0,0,0,0,0,0,0,0,0,0, 0,0,0,0,0,6,0,0,0,0
28320,5,86,-45,84,32,-8.90955,8.90955,0,0,0,0,0,0,0,0,0,0,0, 0,0,0,0,0,6,0,0,0,0
28320,6,139,-57.4,60,32,-7.58207,4.84894,0,0,0,0,0,0,0,0,0,0,0, 0,0,0,0,0,6,0,0,0,0
28360,0,248,-56.5,64,32,-8.0053,5.2986,0,0,0,0,0,0,0,0,0,0,0, 0,0,0,0,0,7,0,0,0,0
28360,1,294,-56.5,68,32,-8.50564,5.62976,0,0,0,0,0,0,0,0,0,0,0, 0,0,0,0,0,7,0,0,0,0
28360,2,246,-55.4,72,32,-8.88987,6.13271,0,0,0,0,0,0,0,0,0,0,0, 0,0,0,0,0,7,0,0,0,0
28360,3,158,-51.6,76,32,-8.93411,7.08108,0,0,0,0,0,0,0,0,0,0,0, 0,0,0,0,0,7,0,0,0,0
28360,4,108,-45,80,32,-8.48528,8.48528,0,0,0,0,0,0,0,0,0,0,0, 0,0,0,0,0,7,0,0,0,0
28360,5,85,-44.2,84,32,-8.78428,9.03307,0,0,0,0,0,0,0,0,0,0,0, 0,0,0,0,0,7,0,0,0,0
28360,6,139,-58.4,60,32,-7.66554,4.71587,0,0,0,0,0,0,0,0,0,0,0, 0,0,0,0,0,7,0,0,0,0
28360,7,12,-75,476,44.75,-68.9671,18.4797,0,0,0,0,0,0,0,0,0,0,0, 0,0,0,0,0,7,0,0,0,0
28400,0,245,-57.4,64,32,-8.08754,5.1722,0,0,0,0,0,0,0,0,0,0,0, 0,0,0,0,0,8,0,0,0,0
28400,1,289,-56.5,68,32,-8.50564,5.62976,0,0,0,0,0,0,0,0,0,0,0, 0,0,0,0,0,8,0,0,0,0
28400,2,25,2.4,228,31.5,1.43215,34.17,0,0,0,0,0,0,0,0,0,0,0, 0,0,0,0,0,8,0,0,0,0
28400,3,243,-55.4,72,32,-8.88987,6.13271,0,0,0,0,0,0,0,0,0,0,0, 0,0,0,0,0,8,0,0,0,0
28400,4,157,-51.6,76,32,-8.93411,7.08108,0,0,0,0,0,0,0,0,0,0,0, 0,0,0,0,0,8,0,0,0,0
28400,5,108,-45.9,80,32,-8.61752,8.35095,0,0,0,0,0,0,0,0,0,0,0, 0,0,0,0,0,8,0,0,0,0
28400,6,84,-45,84,32,-8.90955,8.90955,0,0,0,0,0,0,0,0,0,0,0, 0,0,0,0,0,8,0,0,0,0
28400,7,138,-58.4,60,32,-7.66554,4.71587,0,0,0,0,0,0,0,0,0,0,0, 0,0,0,0,0,8,0,0,0,0
28440,0,245,-57.4,64,32,-8.08754,5.1722,0,1334,0,0,0,0,0,0,0,0,0, 0,0,0,0,0,9,0,0,0,0
28440,1,23,6.1,224,31.75,3.57047,33.4098,0,1334,0,0,0,0,0,0,0,0,0, 0,0,0,0,0,9,0,0,0,0
28440,2,291,-56.5,68,32,-8.50564,5.62976,0,1334,0,0,0,0,0,0,0,0,0, 0,0,0,0,0,9,0,0,0,0
28440,3,244,-55.4,72,32,-8.88987,6.13271,0,1334,0,0,0,0,0,0,0,0,0, 0,0,0,0,0,9,0,0,0,0
28440,4,156,-51.6,76,32,-8.93411,7.08108,0,1334,0,0,0,0,0,0,0,0,0, 0,0,0,0,0,9,0,0,0,0
28440,5,110,-45,80,32,-8.48528,8.48528,0,1334,0,0,0,0,0,0,0,0,0, 0,0,0,0,0,9,0,0,0,0
28440,6,86,-44.2,84,32,-8.78428,9.03307,0,1334,0,0,0,0,0,0,0,0,0, 0,0,0,0,0,9,0,0,0,0
28440,7,14,4.8,244,32.25,3.06261,36.4716,0,1334,0,0,0,0,0,0,0,0,0, 0,0,0,0,0,9,0,0,0,0
28440,8,139,-58.4,60,32,-7.66554,4.71587,0,1334,0,0,0,0,0,0,0,0,0, 0,0,0,0,0,9,0,0,0,0
28480,0,246,-56.5,64,32,-8.0053,5.2986,0,0,0,0,0,0,0,0,0,0,0, 0,0,0,0,0,10,0,0,0,0
28480,1,292,-56.5,68,32,-8.50564,5.62976,0,0,0,0,0,0,0,0,0,0,0, 0,0,0,0,0,10,0,0,0,0
28480,2,244,-55.4,72,32,-8.88987,6.13271,0,0,0,0,0,0,0,0,0,0,0, 0,0,0,0,0,10,0,0,0,0
28480,3,13,31.8,424,58.5,33.5144,54.0532,0,0,0,0,0,0,0,0,0,0,0, 0,0,0,0,0,10,0,0,0,0
28480,4,159,-51.6,76,32,-8.93411,7.08108,0,0,0,0,0,0,0,0,0,0,0, 0,0,0,0,0,10,0,0,0,0
28480,5,111,-45,80,32,-8.48528,8.48528,0,0,0,0,0,0,0,0,0,0,0, 0,0,0,0,0,10,0,0,0,0
28480,6,87,-44.2,84,32,-8.78428,9.03307,0,0,0,0,0,0,0,0,0,0,0, 0,0,0,0,0,10,0,0,0,0
28480,7,140,-57.4,60,32,-7.58207,4.84894,0,0,0,0,0,0,0,0,0,0,0, 0,0,0,0,0,10,0,0,0,0
28520,0,249,-56.5,64,32,-8.0053,5.2986,0,7936,0,0,0,0,0,0,0,0,0, 0,0,0,0,0,11,0,0,0,0
28520,1,294,-56.5,68,32,-8.50564,5.62976,0,7936,0,0,0,0,0,0,0,0,0, 0,0,0,0,0,11,0,0,0,0
28520,2,42,62.7,8,33,1.06634,0.550379,0,7936,0,0,0,0,0,0,0,0,0, 0,0,0,0,0,11,0,0,0,0
28520,3,246,-55.4,72,32,-8.88987,6.13271,0,7936,0,0,0,0,0,0,0,0,0, 0,0,0,0,0,11,0,0,0,0
28520,4,160,-51.6,76,32,-8.93411,7.08108,0,7936,0,0,0,0,0,0,0,0,0, 0,0,0,0,0,11,0,0,0,0
28520,5,112,-44.2,80,32,-8.36598,8.60293,0,7936,0,0,0,0,0,0,0,0,0, 0,0,0,0,0,11,0,0,0,0
28520,6,87,-44.2,84,32,-8.78428,9.03307,0,7936,0,0,0,0,0,0,0,0,0, 0,0,0,0,0,11,0,0,0,0
28520,7,142,-57.4,60,32,-7.58207,4.84894,0,7936,0,0,0,0,0,0,0,0,0, 0,0,0,0,0,11,0,0,0,0
28560,0,249,-56.5,64,32,-8.0053,5.2986,0,1139,0,0,0,0,0,0,0,0,0, 0,0,0,0,0,12,0,0,0,0
28560,1,294,-56.5,68,32,-8.50564,5.62976,0,1139,0,0,0,0,0,0,0,0,0, 0,0,0,0,0,12,0,0,0,0
28560,2,45,69.6,8,33,1.12474,0.418287,0,1139,0,0,0,0,0,0,0,0,0, 0,0,0,0,0,12,0,0,0,0
28560,3,243,-55.4,72,32,-8.88987,6.13271,0,1139,0,0,0,0,0,0,0,0,0, 0,0,0,0,0,12,0,0,0,0
28560,4,159,-51.6,76,32,-8.93411,7.08108,0,1139,0,0,0,0,0,0,0,0,0, 0,0,0,0,0,12,0,0,0,0
28560,5,111,-45,80,32,-8.48528,8.48528,0,1139,0,0,0,0,0,0,0,0,0, 0,0,0,0,0,12,0,0,0,0
28560,6,86,-45,84,32,-8.90955,8.90955,0,1139,0,0,0,0,0,0,0,0,0, 0,0,0,0,0,12,0,0,0,0
28560,7,138,-58.4,60,32,-7.66554,4.71587,0,1139,0,0,0,0,0,0,0,0,0, 0,0,0,0,0,12,0,0,0,0
28600,0,246,-57.4,64,32,-8.08754,5.1722,0,86,0,0,0,0,0,0,0,0,0, 0,0,0,0,0,13,0,0,0,0
28600,1,289,-56.5,68,32,-8.50564,5.62976,0,86,0,0,0,0,0,0,0,0,0, 0,0,0,0,0,13,0,0,0,0
28600,2,38,69.6,8,33,1.12474,0.418287,0,86,0,0,0,0,0,0,0,0,0, 0,0,0,0,0,13,0,0,0,0
28600,3,242,-56.5,72,32,-9.00597,5.96092,0,86,0,0,0,0,0,0,0,0,0, 0,0,0,0,0,13,0,0,0,0
28600,4,156,-51.6,76,32,-8.93411,7.08108,0,86,0,0,0,0,0,0,0,0,0, 0,0,0,0,0,13,0,0,0,0
28600,5,109,-45,80,32,-8.48528,8.48528,0,86,0,0,0,0,0,0,0,0,0, 0,0,0,0,0,13,0,0,0,0
28600,6,85,-45,84,32,-8.90955,8.90955,0,86,0,0,0,0,0,0,0,0,0, 0,0,0,0,0,13,0,0,0,0
28600,7,139,-58.4,60,32,-7.66554,4.71587,0,86,0,0,0,0,0,0,0,0,0, 0,0,0,0,0,13,0,0,0,0
28640,0,243,-58.4,64,32,-8.17658,5.03026,0,0,0,0,0,0,0,0,0,0,0, 0,0,0,0,0,14,0,0,0,0
28640,1,288,-56.5,68,32,-8.50564,5.62976,0,0,0,0,0,0,0,0,0,0,0, 0,0,0,0,0,14,0,0,0,0
28640,2,41,67.6,8,33,1.10946,0.457284,0,0,0,0,0,0,0,0,0,0,0, 0,0,0,0,0,14,0,0,0,0
28640,3,240,-56.5,72,32,-9.00597,5.96092,0,0,0,0,0,0,0,0,0,0,0, 0,0,0,0,0,14,0,0,0,0
28640,4,155,-53.4,76,32,-9.15212,6.79696,0,0,0,0,0,0,0,0,0,0,0, 0,0,0,0,0,14,0,0,0,0
28640,5,109,-45.9,80,32,-8.61752,8.35095,0,0,0,0,0,0,0,0,0,0,0, 0,0,0,0,0,14,0,0,0,0
28640,6,84,-45.9,84,32,-9.04839,8.7685,0,0,0,0,0,0,0,0,0,0,0, 0,0,0,0,0,14,0,0,0,0
28640,7,138,-58.4,60,32,-7.66554,4.71587,0,0,0,0,0,0,0,0,0,0,0, 0,0,0,0,0,14,0,0,0,0
28680,0,245,-58.4,64,32,-8.17658,5.03026,0,0,0,0,0,0,0,0,0,0,0, 0,0,0,0,0,15,0,0,0,0
28680,1,23,4.8,224,31.75,2.81158,33.4822,0,0,0,0,0,0,0,0,0,0,0, 0,0,0,0,0,15,0,0,0,0
28680,2,22,0.6,224,33,0.351852,33.5982,0,0,0,0,0,0,0,0,0,0,0, 0,0,0,0,0,15,0,0,0,0
28680,3,289,-56.5,68,32,-8.50564,5.62976,0,0,0,0,0,0,0,0,0,0,0, 0,0,0,0,0,15,0,0,0,0
28680,4,39,72.4,8,33,1.14383,0.362844,0,0,0,0,0,0,0,0,0,0,0, 0,0,0,0,0,15,0,0,0,0
28680,5,240,-56.5,72,32,-9.00597,5.96092,0,0,0,0,0,0,0,0,0,0,0, 0,0,0,0,0,15,0,0,0,0
28680,6,156,-53.4,76,32,-9.15212,6.79696,0,0,0,0,0,0,0,0,0,0,0, 0,0,0,0,0,15,0,0,0,0
28680,7,108,-45.9,80,32,-8.61752,8.35095,0,0,0,0,0,0,0,0,0,0,0, 0,0,0,0,0,15,0,0,0,0
28680,8,82,-46.7,84,32,-9.16994,8.64131,0,0,0,0,0,0,0,0,0,0,0, 0,0,0,0,0,15,0,0,0,0
28680,9,137,-58.4,60,32,-7.66554,4.71587,0,0,0,0,0,0,0,0,0,0,0, 0,0,0,0,0,15,0,0,0,0
28720,0,244,-57.4,64,32,-8.08754,5.1722,0,0,0,0,0,0,0,0,0,0,0, 0,0,0,0,0,0,0,0,0,0
28720,1,288,-56.5,68,32,-8.50564,5.62976,0,0,0,0,0,0,0,0,0,0,0, 0,0,0,0,0,0,0,0,0,0
28720,2,240,-56.5,72,32,-9.00597,5.96092,0,0,0,0,0,0,0,0,0,0,0, 0,0,0,0,0,0,0,0,0,0
28720,3,156,-51.6,76,32,-8.93411,7.08108,0,0,0,0,0,0,0,0,0,0,0, 0,0,0,0,0,0,0,0,0,0
28720,4,108,-45.9,80,32,-8.61752,8.35095,0,0,0,0,0,0,0,0,0,0,0, 0,0,0,0,0,0,0,0,0,0
28720,5,82,-45.9,84,32,-9.04839,8.7685,0,0,0,0,0,0,0,0,0,0,0, 0,0,0,0,0,0,0,0,0,0
28720,6,138,-58.4,60,32,-7.66554,4.71587,0,0,0,0,0,0,0,0,0,0,0, 0,0,0,0,0,0,0,0,0,0
28760,0,243,-57.4,64,32,-8.08754,5.1722,0,0,0,0,0,0,0,0,0,0,0, 0,0,0,0,0,1,0,0,0,0
28760,1,287,-56.5,68,32,-8.50564,5.62976,0,0,0,0,0,0,0,0,0,0,0, 0,0,0,0,0,1,0,0,0,0
28760,2,241,-55.4,72,32,-8.88987,6.13271,0,0,0,0,0,0,0,0,0,0,0, 0,0,0,0,0,1,0,0,0,0
28760,3,155,-51.6,76,32,-8.93411,7.08108,0,0,0,0,0,0,0,0,0,0,0, 0,0,0,0,0,1,0,0,0,0
28760,4,108,-45.9,80,32,-8.61752,8.35095,0,0,0,0,0,0,0,0,0,0,0, 0,0,0,0,0,1,0,0,0,0
28760,5,83,-45.9,84,32,-9.04839,8.7685,0,0,0,0,0,0,0,0,0,0,0, 0,0,0,0,0,1,0,0,0,0
28760,6,139,-58.4,60,32,-7.66554,4.71587,0,0,0,0,0,0,0,0,0,0,0, 0,0,0,0,0,1,0,0,0,0
28800,0,244,-57.4,64,32,-8.08754,5.1722,0,0,0,0,0,0,0,0,0,0,0, 0,0,0,0,0,2,0,0,0,0
28800,1,290,-56.5,68,32,-8.50564,5.62976,0,0,0,0,0,0,0,0,0,0,0, 0,0,0,0,0,2,0,0,0,0
28800,2,241,-56.5,72,32,-9.00597,5.96092,0,0,0,0,0,0,0,0,0,0,0, 0,0,0,0,0,2,0,0,0,0
28800,3,25,0.1,232,31.75,0.0607374,34.7999,0,0,0,0,0,0,0,0,0,0,0, 0,0,0,0,0,2,0,0,0,0
28800,4,26,0.6,232,32.25,0.364418,34.7981,0,0,0,0,0,0,0,0,0,0,0, 0,0,0,0,0,2,0,0,0,0
28800,5,151,-51.6,76,32,-8.93411,7.08108,0,0,0,0,0,0,0,0,0,0,0, 0,0,0,0,0,2,0,0,0,0
28800,6,105,-44.2,80,32,-8.36598,8.60293,0,0,0,0,0,0,0,0,0,0,0, 0,0,0,0,0,2,0,0,0,0
28800,7,82,-43.6,84,32,-8.68921,9.12457,0,0,0,0,0,0,0,0,0,0,0, 0,0,0,0,0,2,0,0,0,0
28800,8,137,-58.4,60,32,-7.66554,4.71587,0,0,0,0,0,0,0,0,0,0,0, 0,0,0,0,0,2,0,0,0,0
28840,0,244,-57.4,64,32,-8.08754,5.1722,0,0,0,0,0,0,0,0,0,0,0, 0,0,0,0,0,3,0,0,0,0
28840,1,289,-56.5,68,32,-8.50564,5.62976,0,0,0,0,0,0,0,0,0,0,0, 0,0,0,0,0,3,0,0,0,0
28840,2,243,-55.4,72,32,-8.88987,6.13271,0,0,0,0,0,0,0,0,0,0,0, 0,0,0,0,0,3,0,0,0,0
28840,3,17,1.3,232,31.75,0.789519,34.791,0,0,0,0,0,0,0,0,0,0,0, 0,0,0,0,0,3,0,0,0,0
28840,4,158,-51.6,76,32,-8.93411,7.08108,0,0,0,0,0,0,0,0,0,0,0, 0,0,0,0,0,3,0,0,0,0
28840,5,110,-45.9,80,32,-8.61752,8.35095,0,0,0,0,0,0,0,0,0,0,0, 0,0,0,0,0,3,0,0,0,0
28840,6,84,-45.9,84,32,-9.04839,8.7685,0,0,0,0,0,0,0,0,0,0,0, 0,0,0,0,0,3,0,0,0,0
28840,7,138,-58.4,60,32,-7.66554,4.71587,0,0,0,0,0,0,0,0,0,0,0, 0,0,0,0,0,3,0,0,0,0
28880,0,245,-57.4,64,32,-8.08754,5.1722,0,0,0,0,0,0,0,0,0,0,0, 0,0,0,0,0,4,0,0,0,0
28880,1,290,-56.5,68,32,-8.50564,5.62976,0,0,0,0,0,0,0,0,0,0,0, 0,0,0,0,0,4,0,0,0,0
28880,2,243,-55.4,72,32,-8.88987,6.13271,0,0,0,0,0,0,0,0,0,0,0, 0,0,0,0,0,4,0,0,0,0
28880,3,22,-2.4,232,31.75,-1.45727,34.7695,0,0,0,0,0,0,0,0,0,0,0, 0,0,0,0,0,4,0,0,0,0
28880,4,159,-51.6,76,32,-8.93411,7.08108,0,0,0,0,0,0,0,0,0,0,0, 0,0,0,0,0,4,0,0,0,0
28880,5,112,-45,80,32,-8.48528,8.48528,0,0,0,0,0,0,0,0,0,0,0, 0,0,0,0,0,4,0,0,0,0
28880,6,84,-45,84,32,-8.90955,8.90955,0,0,0,0,0,0,0,0,0,0,0, 0,0,0,0,0,4,0,0,0,0
28880,7,136,-59.4,60,32,-7.74668,4.58137,0,0,0,0,0,0,0,0,0,0,0, 0,0,0,0,0,4,0,0,0,0
28920,0,243,-58.4,64,32,-8.17658,5.03026,0,0,0,0,0,0,0,0,0,0,0, 0,0,0,0,0,5,0,0,0,0
28920,1,24,4.2,224,31.75,2.4608,33.5098,0,0,0,0,0,0,0,0,0,0,0, 0,0,0,0,0,5,0,0,0,0
28920,2,31,4.2,224,32.25,2.4608,33.5098,0,0,0,0,0,0,0,0,0,0,0, 0,0,0,0,0,5,0,0,0,0
28920,3,30,3.1,224,33,1.81705,33.5508,0,0,0,0,0,0,0,0,0,0,0, 0,0,0,0,0,5,0,0,0,0
28920,4,289,-56.5,68,32,-8.50564,5.62976,0,0,0,0,0,0,0,0,0,0,0, 0,0,0,0,0,5,0,0,0,0
28920,5,242,-55.4,72,32,-8.88987,6.13271,0,0,0,0,0,0,0,0,0,0,0, 0,0,0,0,0,5,0,0,0,0
28920,6,23,1.3,232,31.75,0.789519,34.791,0,0,0,0,0,0,0,0,0,0,0, 0,0,0,0,0,5,0,0,0,0
28920,7,21,0.1,232,33,0.0607374,34.7999,0,0,0,0,0,0,0,0,0,0,0, 0,0,0,0,0,5,0,0,0,0
28920,8,159,-51.6,76,32,-8.93411,7.08108,0,0,0,0,0,0,0,0,0,0,0, 0,0,0,0,0,5,0,0,0,0
28920,9,111,-44.2,80,32,-8.36598,8.60293,0,0,0,0,0,0,0,0,0,0,0, 0,0,0,0,0,5,0,0,0,0
28920,10,86,-44.2,84,32,-8.78428,9.03307,0,0,0,0,0,0,0,0,0,0,0, 0,0,0,0,0,5,0,0,0,0
28920,11,138,-58.4,60,32,-7.66554,4.71587,0,0,0,0,0,0,0,0,0,0,0, 0,0,0,0,0,5,0,0,0,0
28960,0,246,-57.4,64,32,-8.08754,5.1722,0,0,0,0,0,0,0,0,0,0,0, 0,0,0,0,0,6,0,0,0,0
28960,1,291,-56.5,68,32,-8.50564,5.62976,0,0,0,0,0,0,0,0,0,0,0, 0,0,0,0,0,6,0,0,0,0
28960,2,28,3.1,228,33,1.8495,34.15,0,0,0,0,0,0,0,0,0,0,0, 0,0,0,0,0,6,0,0,0,0
28960,3,243,-55.4,72,32,-8.88987,6.13271,0,0,0,0,0,0,0,0,0,0,0, 0,0,0,0,0,6,0,0,0,0
28960,4,157,-51.6,76,32,-8.93411,7.08108,0,0,0,0,0,0,0,0,0,0,0, 0,0,0,0,0,6,0,0,0,0
28960,5,112,-45,80,32,-8.48528,8.48528,0,0,0,0,0,0,0,0,0,0,0, 0,0,0,0,0,6,0,0,0,0
28960,6,89,-43.6,84,32,-8.68921,9.12457,0,0,0,0,0,0,0,0,0,0,0, 0,0,0,0,0,6,0,0,0,0
28960,7,139,-58.4,60,32,-7.66554,4.71587,0,0,0,0,0,0,0,0,0,0,0, 0,0,0,0,0,6,0,0,0,0
29000,0,247,-57.4,64,32,-8.08754,5.1722,0,0,0,0,0,0,0,0,0,0,0, 0,0,0,0,0,7,0,0,0,0
29000,1,292,-56.5,68,32,-8.50564,5.62976,0,0,0,0,0,0,0,0,0,0,0, 0,0,0,0,0,7,0,0,0,0
29000,2,18,-4.2,228,31.75,-2.50475,34.1082,0,0,0,0,0,0,0,0,0,0,0, 0,0,0,0,0,7,0,0,0,0
29000,3,17,-3,228,33,-1.78989,34.1531,0,0,0,0,0,0,0,0,0,0,0, 0,0,0,0,0,7,0,0,0,0
29000,4,244,-55.4,72,32,-8.88987,6.13271,0,0,0,0,0,0,0,0,0,0,0, 0,0,0,0,0,7,0,0,0,0
29000,5,156,-51.6,76,32,-8.93411,7.08108,0,0,0,0,0,0,0,0,0,0,0, 0,0,0,0,0,7,0,0,0,0
29000,6,111,-44.2,80,32,-8.36598,8.60293,0,0,0,0,0,0,0,0,0,0,0, 0,0,0,0,0,7,0,0,0,0
29000,7,89,-44.2,84,32,-8.78428,9.03307,0,0,0,0,0,0,0,0,0,0,0, 0,0,0,0,0,7,0,0,0,0
29000,8,138,-58.4,60,32,-7.66554,4.71587,0,0,0,0,0,0,0,0,0,0,0, 0,0,0,0,0,7,0,0,0,0
29000,9,17,3.1,220,33,1.7846,32.9517,0,0,0,0,0,0,0,0,0,0,0, 0,0,0,0,0,7,0,0,0,0
29040,0,245,-57.4,64,32,-8.08754,5.1722,0,0,0,0,0,0,0,0,0,0,0, 0,0,0,0,0,8,0,0,0,0
29040,1,29,3.6,224,31.75,2.10976,33.5337,0,0,0,0,0,0,0,0,0,0,0, 0,0,0,0,0,8,0,0,0,0
29040,2,23,0.6,224,33,0.351852,33.5982,0,0,0,0,0,0,0,0,0,0,0, 0,0,0,0,0,8,0,0,0,0
29040,3,291,-56.5,68,32,-8.50564,5.62976,0,0,0,0,0,0,0,0,0,0,0, 0,0,0,0,0,8,0,0,0,0
29040,4,243,-55.4,72,32,-8.88987,6.13271,0,0,0,0,0,0,0,0,0,0,0, 0,0,0,0,0,8,0,0,0,0
29040,5,18,7.2,232,31.75,4.3616,34.5256,0,0,0,0,0,0,0,0,0,0,0, 0,0,0,0,0,8,0,0,0,0
29040,6,156,-51.6,76,32,-8.93411,7.08108,0,0,0,0,0,0,0,0,0,0,0, 0,0,0,0,0,8,0,0,0,0
29040,7,110,-45,80,32,-8.48528,8.48528,0,0,0,0,0,0,0,0,0,0,0, 0,0,0,0,0,8,0,0,0,0
29040,8,83,-44.2,84,32,-8.78428,9.03307,0,0,0,0,0,0,0,0,0,0,0, 0,0,0,0,0,8,0,0,0,0
29040,9,139,-58.4,60,32,-7.66554,4.71587,0,0,0,0,0,0,0,0,0,0,0, 0,0,0,0,0,8,0,0,0,0
29080,0,247,-57.4,64,32,-8.08754,5.1722,0,1334,0,0,0,0,0,0,0,0,0, 0,0,0,0,0,9,0,0,0,0
29080,1,290,-56.5,68,32,-8.50564,5.62976,0,1334,0,0,0,0,0,0,0,0,0, 0,0,0,0,0,9,0,0,0,0
29080,2,25,3.1,228,31.75,1.8495,34.15,0,1334,0,0,0,0,0,0,0,0,0, 0,0,0,0,0,9,0,0,0,0
29080,3,243,-55.4,72,32,-8.88987,6.13271,0,1334,0,0,0,0,0,0,0,0,0, 0,0,0,0,0,9,0,0,0,0
29080,4,17,7.2,232,32.5,4.3616,34.5256,0,1334,0,0,0,0,0,0,0,0,0, 0,0,0,0,0,9,0,0,0,0
29080,5,156,-51.6,76,32,-8.93411,7.08108,0,1334,0,0,0,0,0,0,0,0,0, 0,0,0,0,0,9,0,0,0,0
29080,6,109,-44.2,80,32,-8.36598,8.60293,0,1334,0,0,0,0,0,0,0,0,0, 0,0,0,0,0,9,0,0,0,0
29080,7,85,-43.6,84,32,-8.68921,9.12457,0,1334,0,0,0,0,0,0,0,0,0, 0,0,0,0,0,9,0,0,0,0
29080,8,138,-58.4,60,32,-7.66554,4.71587,0,1334,0,0,0,0,0,0,0,0,0, 0,0,0,0,0,9,0,0,0,0
29120,0,244,-57.4,64,32,-8.08754,5.1722,0,0,0,0,0,0,0,0,0,0,0, 0,0,0,0,0,10,0,0,0,0
29120,1,12,-59.4,384,40.75,-49.5787,29.3208,0,0,0,0,0,0,0,0,0,0,0, 0,0,0,0,0,10,0,0,0,0
29120,2,290,-56.5,68,32,-8.50564,5.62976,0,0,0,0,0,0,0,0,0,0,0, 0,0,0,0,0,10,0,0,0,0
29120,3,241,-55.4,72,32,-8.88987,6.13271,0,0,0,0,0,0,0,0,0,0,0, 0,0,0,0,0,10,0,0,0,0
29120,4,157,-51.6,76,32,-8.93411,7.08108,0,0,0,0,0,0,0,0,0,0,0, 0,0,0,0,0,10,0,0,0,0
29120,5,111,-44.2,80,32,-8.36598,8.60293,0,0,0,0,0,0,0,0,0,0,0, 0,0,0,0,0,10,0,0,0,0
29120,6,85,-44.2,84,32,-8.78428,9.03307,0,0,0,0,0,0,0,0,0,0,0, 0,0,0,0,0,10,0,0,0,0
29120,7,137,-58.4,60,32,-7.66554,4.71587,0,0,0,0,0,0,0,0,0,0,0, 0,0,0,0,0,10,0,0,0,0
29160,0,244,-57.4,64,32,-8.08754,5.1722,0,7936,0,0,0,0,0,0,0,0,0, 0,0,0,0,0,11,0,0,0,0
29160,1,290,-56.5,68,32,-8.50564,5.62976,0,7936,0,0,0,0,0,0,0,0,0, 0,0,0,0,0,11,0,0,0,0
29160,2,243,-55.4,72,32,-8.88987,6.13271,0,7936,0,0,0,0,0,0,0,0,0, 0,0,0,0,0,11,0,0,0,0
29160,3,157,-51.6,76,32,-8.93411,7.08108,0,7936,0,0,0,0,0,0,0,0,0, 0,0,0,0,0,11,0,0,0,0
29160,4,112,-44.2,80,32,-8.36598,8.60293,0,7936,0,0,0,0,0,0,0,0,0, 0,0,0,0,0,11,0,0,0,0
29160,5,87,-44.2,84,32,-8.78428,9.03307,0,7936,0,0,0,0,0,0,0,0,0, 0,0,0,0,0,11,0,0,0,0
29160,6,140,-58.4,60,32,-7.66554,4.71587,0,7936,0,0,0,0,0,0,0,0,0, 0,0,0,0,0,11,0,0,0,0
29200,0,248,-57.4,64,32,-8.08754,5.1722,0,1139,0,0,0,0,0,0,0,0,0, 0,0,0,0,0,12,0,0,0,0
29200,1,293,-56.5,68,32,-8.50564,5.62976,0,1139,0,0,0,0,0,0,0,0,0, 0,0,0,0,0,12,0,0,0,0
29200,2,245,-55.4,72,32,-8.88987,6.13271,0,1139,0,0,0,0,0,0,0,0,0, 0,0,0,0,0,12,0,0,0,0
29200,3,157,-51.6,76,32,-8.93411,7.08108,0,1139,0,0,0,0,0,0,0,0,0, 0,0,0,0,0,12,0,0,0,0
29200,4,114,-45,80,32,-8.48528,8.48528,0,1139,0,0,0,0,0,0,0,0,0, 0,0,0,0,0,12,0,0,0,0
29200,5,86,-44.2,84,32,-8.78428,9.03307,0,1139,0,0,0,0,0,0,0,0,0, 0,0,0,0,0,12,0,0,0,0
29200,6,140,-57.4,60,32,-7.58207,4.84894,0,1139,0,0,0,0,0,0,0,0,0, 0,0,0,0,0,12,0,0,0,0
29240,0,246,-56.5,64,32,-8.0053,5.2986,0,86,0,0,0,0,0,0,0,0,0, 0,0,0,0,0,13,0,0,0,0
29240,1,292,-56.5,68,32,-8.50564,5.62976,0,86,0,0,0,0,0,0,0,0,0, 0,0,0,0,0,13,0,0,0,0
29240,2,244,-55.4,72,32,-8.88987,6.13271,0,86,0,0,0,0,0,0,0,0,0, 0,0,0,0,0,13,0,0,0,0
29240,3,158,-51.6,76,32,-8.93411,7.08108,0,86,0,0,0,0,0,0,0,0,0, 0,0,0,0,0,13,0,0,0,0
29240,4,114,-44.2,80,32,-8.36598,8.60293,0,86,0,0,0,0,0,0,0,0,0, 0,0,0,0,0,13,0,0,0,0
29240,5,89,-43.6,84,32,-8.68921,9.12457,0,86,0,0,0,0,0,0,0,0,0, 0,0,0,0,0,13,0,0,0,0
29240,6,139,-57.4,60,32,-7.58207,4.84894,0,86,0,0,0,0,0,0,0,0,0, 0,0,0,0,0,13,0,0,0,0
29280,0,246,-57.4,64,32,-8.08754,5.1722,0,0,0,0,0,0,0,0,0,0,0, 0,0,0,0,0,14,0,0,0,0
29280,1,290,-56.5,68,32,-8.50564,5.62976,0,0,0,0,0,0,0,0,0,0,0, 0,0,0,0,0,14,0,0,0,0
29280,2,17,1.3,228,32.25,0.775907,34.1912,0,0,0,0,0,0,0,0,0,0,0, 0,0,0,0,0,14,0,0,0,0
29280,3,244,-55.4,72,32,-8.88987,6.13271,0,0,0,0,0,0,0,0,0,0,0, 0,0,0,0,0,14,0,0,0,0
29280,4,18,2.4,232,33,1.45727,34.7695,0,0,0,0,0,0,0,0,0,0,0, 0,0,0,0,0,14,0,0,0,0
29280,5,159,-51.6,76,32,-8.93411,7.08108,0,0,0,0,0,0,0,0,0,0,0, 0,0,0,0,0,14,0,0,0,0
29280,6,114,-44.2,80,32,-8.36598,8.60293,0,0,0,0,0,0,0,0,0,0,0, 0,0,0,0,0,14,0,0,0,0
29280,7,89,-43.6,84,32,-8.68921,9.12457,0,0,0,0,0,0,0,0,0,0,0, 0,0,0,0,0,14,0,0,0,0
29280,8,141,-57.4,60,32,-7.58207,4.84894,0,0,0,0,0,0,0,0,0,0,0, 0,0,0,0,0,14,0,0,0,0
29320,0,248,-56.5,64,32,-8.0053,5.2986,0,0,0,0,0,0,0,0,0,0,0, 0,0,0,0,0,15,0,0,0,0
29320,1,15,-1.2,224,31.75,-0.703665,33.5926,0,0,0,0,0,0,0,0,0,0,0, 0,0,0,0,0,15,0,0,0,0
29320,2,293,-56.5,68,32,-8.50564,5.62976,0,0,0,0,0,0,0,0,0,0,0, 0,0,0,0,0,15,0,0,0,0
29320,3,25,-5.4,228,31.75,-3.2185,34.0482,0,0,0,0,0,0,0,0,0,0,0, 0,0,0,0,0,15,0,0,0,0
29320,4,22,-3.6,228,33,-2.14744,34.1325,0,0,0,0,0,0,0,0,0,0,0, 0,0,0,0,0,15,0,0,0,0
29320,5,244,-55.4,72,32,-8.88987,6.13271,0,0,0,0,0,0,0,0,0,0,0, 0,0,0,0,0,15,0,0,0,0
29320,6,158,-49.8,76,32,-8.70727,7.35822,0,0,0,0,0,0,0,0,0,0,0, 0,0,0,0,0,15,0,0,0,0
29320,7,113,-45,80,32,-8.48528,8.48528,0,0,0,0,0,0,0,0,0,0,0, 0,0,0,0,0,15,0,0,0,0
29320,8,87,-43.6,84,32,-8.68921,9.12457,0,0,0,0,0,0,0,0,0,0,0, 0,0,0,0,0,15,0,0,0,0
29320,9,141,-57.4,60,32,-7.58207,4.84894,0,0,0,0,0,0,0,0,0,0,0, 0,0,0,0,0,15,0,0,0,0
29320,10,20,4.2,220,31.75,2.41686,32.9114,0,0,0,0,0,0,0,0,0,0,0, 0,0,0,0,0,15,0,0,0,0
29360,0,248,-56.5,64,32,-8.0053,5.2986,0,0,0,0,0,0,0,0,0,0,0, 0,0,0,0,0,0,0,0,0,0
29360,1,291,-56.5,68,32,-8.50564,5.62976,0,0,0,0,0,0,0,0,0,0,0, 0,0,0,0,0,0,0,0,0,0
29360,2,47,68.6,8,33,1.11727,0.437852,0,0,0,0,0,0,0,0,0,0,0, 0,0,0,0,0,0,0,0,0,0
29360,3,243,-55.4,72,32,-8.88987,6.13271,0,0,0,0,0,0,0,0,0,0,0, 0,0,0,0,0,0,0,0,0,0
29360,4,157,-51.6,76,32,-8.93411,7.08108,0,0,0,0,0,0,0,0,0,0,0, 0,0,0,0,0,0,0,0,0,0
29360,5,110,-44.2,80,32,-8.36598,8.60293,0,0,0,0,0,0,0,0,0,0,0, 0,0,0,0,0,0,0,0,0,0
29360,6,84,-44.2,84,32,-8.78428,9.03307,0,0,0,0,0,0,0,0,0,0,0, 0,0,0,0,0,0,0,0,0,0
29360,7,139,-57.4,60,32,-7.58207,4.84894,0,0,0,0,0,0,0,0,0,0,0, 0,0,0,0,0,0,0,0,0,0
29400,0,248,-57.4,64,32,-8.08754,5.1722,0,0,0,0,0,0,0,0,0,0,0, 0,0,0,0,0,1,0,0,0,0
29400,1,294,-56.5,68,32,-8.50564,5.62976,0,0,0,0,0,0,0,0,0,0,0, 0,0,0,0,0,1,0,0,0,0
29400,2,22,-0.6,228,33,-0.358135,34.1981,0,0,0,0,0,0,0,0,0,0,0, 0,0,0,0,0,1,0,0,0,0
29400,3,246,-55.4,72,32,-8.88987,6.13271,0,0,0,0,0,0,0,0,0,0,0, 0,0,0,0,0,1,0,0,0,0
29400,4,31,-4.2,232,33,-2.54869,34.7065,0,0,0,0,0,0,0,0,0,0,0, 0,0,0,0,0,1,0,0,0,0
29400,5,158,-51.6,76,32,-8.93411,7.08108,0,0,0,0,0,0,0,0,0,0,0, 0,0,0,0,0,1,0,0,0,0
29400,6,19,-2.4,236,33,-1.4824,35.3689,0,0,0,0,0,0,0,0,0,0,0, 0,0,0,0,0,1,0,0,0,0
29400,7,110,-45,80,32,-8.48528,8.48528,0,0,0,0,0,0,0,0,0,0,0, 0,0,0,0,0,1,0,0,0,0
29400,8,84,-44.2,84,32,-8.78428,9.03307,0,0,0,0,0,0,0,0,0,0,0, 0,0,0,0,0,1,0,0,0,0
29400,9,139,-57.4,60,32,-7.58207,4.84894,0,0,0,0,0,0,0,0,0,0,0, 0,0,0,0,0,1,0,0,0,0
29440,0,246,-57.4,64,32,-8.08754,5.1722,0,0,0,0,0,0,0,0,0,0,0, 0,0,0,0,0,2,0,0,0,0
29440,1,292,-56.5,68,32,-8.50564,5.62976,0,0,0,0,0,0,0,0,0,0,0, 0,0,0,0,0,2,0,0,0,0
29440,2,40,66.6,8,33,1.10131,0.476577,0,0,0,0,0,0,0,0,0,0,0, 0,0,0,0,0,2,0,0,0,0
29440,3,244,-55.4,72,32,-8.88987,6.13271,0,0,0,0,0,0,0,0,0,0,0, 0,0,0,0,0,2,0,0,0,0
29440,4,22,6.6,232,31.25,3.99981,34.5694,0,0,0,0,0,0,0,0,0,0,0, 0,0,0,0,0,2,0,0,0,0
29440,5,9,6.6,296,10,5.10321,44.1058,0,0,0,0,0,0,0,0,0,0,0, 0,0,0,0,0,2,0,0,0,0
29440,6,158,-49.8,76,32,-8.70727,7.35822,0,0,0,0,0,0,0,0,0,0,0, 0,0,0,0,0,2,0,0,0,0
29440,7,109,-44.2,80,32,-8.36598,8.60293,0,0,0,0,0,0,0,0,0,0,0, 0,0,0,0,0,2,0,0,0,0
29440,8,81,-44.2,84,32,-8.78428,9.03307,0,0,0,0,0,0,0,0,0,0,0, 0,0,0,0,0,2,0,0,0,0
29440,9,140,-58.4,60,32,-7.66554,4.71587,0,0,0,0,0,0,0,0,0,0,0, 0,0,0,0,0,2,0,0,0,0
29480,0,249,-56.5,64,32,-8.0053,5.2986,0,0,0,0,0,0,0,0,0,0,0, 0,0,0,0,0,3,0,0,0,0
29480,1,296,-55.4,68,32,-8.39599,5.79201,0,0,0,0,0,0,0,0,0,0,0, 0,0,0,0,0,3,0,0,0,0
29480,2,246,-54.4,72,32,-8.78149,6.28693,0,0,0,0,0,0,0,0,0,0,0, 0,0,0,0,0,3,0,0,0,0
29480,3,22,-2.4,232,31.75,-1.45727,34.7695,0,0,0,0,0,0,0,0,0,0,0, 0,0,0,0,0,3,0,0,0,0
29480,4,24,-2.4,232,33,-1.45727,34.7695,0,0,0,0,0,0,0,0,0,0,0, 0,0,0,0,0,3,0,0,0,0
29480,5,159,-49.8,76,32,-8.70727,7.35822,0,0,0,0,0,0,0,0,0,0,0, 0,0,0,0,0,3,0,0,0,0
29480,6,109,-45,80,32,-8.48528,8.48528,0,0,0,0,0,0,0,0,0,0,0, 0,0,0,0,0,3,0,0,0,0
29480,7,82,-45,84,32,-8.90955,8.90955,0,0,0,0,0,0,0,0,0,0,0, 0,0,0,0,0,3,0,0,0,0
29480,8,140,-57.4,60,32,-7.58207,4.84894,0,0,0,0,0,0,0,0,0,0,0, 0,0,0,0,0,3,0,0,0,0
29520,0,247,-56.5,64,32,-8.0053,5.2986,0,0,0,0,0,0,0,0,0,0,0, 0,0,0,0,0,4,0,0,0,0
29520,1,292,-56.5,68,32,-8.50564,5.62976,0,0,0,0,0,0,0,0,0,0,0, 0,0,0,0,0,4,0,0,0,0
29520,2,12,-21.6,388,18.75,-21.4249,54.113,0,0,0,0,0,0,0,0,0,0,0, 0,0,0,0,0,4,0,0,0,0
29520,3,42,71.1,8,33,1.1353,0.388701,0,0,0,0,0,0,0,0,0,0,0, 0,0,0,0,0,4,0,0,0,0
29520,4,243,-55.4,72,32,-8.88987,6.13271,0,0,0,0,0,0,0,0,0,0,0, 0,0,0,0,0,4,0,0,0,0
29520,5,17,-11.4,232,33,-6.87848,34.1134,0,0,0,0,0,0,0,0,0,0,0, 0,0,0,0,0,4,0,0,0,0
29520,6,158,-49.8,76,32,-8.70727,7.35822,0,0,0,0,0,0,0,0,0,0,0, 0,0,0,0,0,4,0,0,0,0
29520,7,111,-45,80,32,-8.48528,8.48528,0,0,0,0,0,0,0,0,0,0,0, 0,0,0,0,0,4,0,0,0,0
29520,8,81,-45,84,32,-8.90955,8.90955,0,0,0,0,0,0,0,0,0,0,0, 0,0,0,0,0,4,0,0,0,0
29520,9,140,-58.4,60,32,-7.66554,4.71587,0,0,0,0,0,0,0,0,0,0,0, 0,0,0,0,0,4,0,0,0,0
29560,0,246,-57.4,64,32,-8.08754,5.1722,0,0,0,0,0,0,0,0,0,0,0, 0,0,0,0,0,5,0,0,0,0
29560,1,30,5.4,224,31.5,3.16204,33.4509,0,0,0,0,0,0,0,0,0,0,0, 0,0,0,0,0,5,0,0,0,0
29560,2,290,-56.5,68,32,-8.50564,5.62976,0,0,0,0,0,0,0,0,0,0,0, 0,0,0,0,0,5,0,0,0,0
29560,3,243,-55.4,72,32,-8.88987,6.13271,0,0,0,0,0,0,0,0,0,0,0, 0,0,0,0,0,5,0,0,0,0
29560,4,157,-49.8,76,32,-8.70727,7.35822,0,0,0,0,0,0,0,0,0,0,0, 0,0,0,0,0,5,0,0,0,0
29560,5,110,-45,80,32,-8.48528,8.48528,0,0,0,0,0,0,0,0,0,0,0, 0,0,0,0,0,5,0,0,0,0
29560,6,140,-58.4,60,32,-7.66554,4.71587,0,0,0,0,0,0,0,0,0,0,0, 0,0,0,0,0,5,0,0,0,0
29600,0,245,-57.4,64,32,-8.08754,5.1722,0,0,0,0,0,0,0,0,0,0,0, 0,0,0,0,0,6,0,0,0,0
29600,1,292,-56.5,68,32,-8.50564,5.62976,0,0,0,0,0,0,0,0,0,0,0, 0,0,0,0,0,6,0,0,0,0
29600,2,243,-55.4,72,32,-8.88987,6.13271,0,0,0,0,0,0,0,0,0,0,0, 0,0,0,0,0,6,0,0,0,0
29600,3,157,-51.6,76,32,-8.93411,7.08108,0,0,0,0,0,0,0,0,0,0,0, 0,0,0,0,0,6,0,0,0,0
29600,4,109,-45,80,32,-8.48528,8.48528,0,0,0,0,0,0,0,0,0,0,0, 0,0,0,0,0,6,0,0,0,0
29600,5,82,-45,84,32,-8.90955,8.90955,0,0,0,0,0,0,0,0,0,0,0, 0,0,0,0,0,6,0,0,0,0
29600,6,140,-58.4,60,32,-7.66554,4.71587,0,0,0,0,0,0,0,0,0,0,0, 0,0,0,0,0,6,0,0,0,0
29640,0,246,-58.4,64,32,-8.17658,5.03026,0,0,0,0,0,0,0,0,0,0,0, 0,0,0,0,0,7,0,0,0,0
29640,1,290,-56.5,68,32,-8.50564,5.62976,0,0,0,0,0,0,0,0,0,0,0, 0,0,0,0,0,7,0,0,0,0
29640,2,19,-4.8,228,33,-2.86178,34.0801,0,0,0,0,0,0,0,0,0,0,0, 0,0,0,0,0,7,0,0,0,0
29640,3,45,69.6,8,33,1.12474,0.418287,0,0,0,0,0,0,0,0,0,0,0, 0,0,0,0,0,7,0,0,0,0
29640,4,243,-55.4,72,32,-8.88987,6.13271,0,0,0,0,0,0,0,0,0,0,0, 0,0,0,0,0,7,0,0,0,0
29640,5,158,-51.6,76,32,-8.93411,7.08108,0,0,0,0,0,0,0,0,0,0,0, 0,0,0,0,0,7,0,0,0,0
29640,6,111,-44.2,80,32,-8.36598,8.60293,0,0,0,0,0,0,0,0,0,0,0, 0,0,0,0,0,7,0,0,0,0
29640,7,84,-43.6,84,32,-8.68921,9.12457,0,0,0,0,0,0,0,0,0,0,0, 0,0,0,0,0,7,0,0,0,0
29640,8,139,-59.4,60,32,-7.74668,4.58137,0,0,0,0,0,0,0,0,0,0,0, 0,0,0,0,0,7,0,0,0,0
29640,9,24,1.3,220,31.75,0.748682,32.9915,0,0,0,0,0,0,0,0,0,0,0, 0,0,0,0,0,7,0,0,0,0
29680,0,245,-58.4,64,32,-8.17658,5.03026,0,0,0,0,0,0,0,0,0,0,0, 0,0,0,0,0,8,0,0,0,0
29680,1,288,-56.5,68,32,-8.50564,5.62976,0,0,0,0,0,0,0,0,0,0,0, 0,0,0,0,0,8,0,0,0,0
29680,2,23,-6,228,31.75,-3.57487,34.0126,0,0,0,0,0,0,0,0,0,0,0, 0,0,0,0,0,8,0,0,0,0
29680,3,241,-55.4,72,32,-8.88987,6.13271,0,0,0,0,0,0,0,0,0,0,0, 0,0,0,0,0,8,0,0,0,0
29680,4,155,-51.6,76,32,-8.93411,7.08108,0,0,0,0,0,0,0,0,0,0,0, 0,0,0,0,0,8,0,0,0,0
29680,5,108,-44.2,80,32,-8.36598,8.60293,0,0,0,0,0,0,0,0,0,0,0, 0,0,0,0,0,8,0,0,0,0
29680,6,140,-57.4,60,32,-7.58207,4.84894,0,0,0,0,0,0,0,0,0,0,0, 0,0,0,0,0,8,0,0,0,0
29720,0,246,-56.5,64,32,-8.0053,5.2986,0,1334,0,0,0,0,0,0,0,0,0, 0,0,0,0,0,9,0,0,0,0
29720,1,291,-56.5,68,32,-8.50564,5.62976,0,1334,0,0,0,0,0,0,0,0,0, 0,0,0,0,0,9,0,0,0,0
29720,2,242,-55.4,72,32,-8.88987,6.13271,0,1334,0,0,0,0,0,0,0,0,0, 0,0,0,0,0,9,0,0,0,0
29720,3,155,-51.6,76,32,-8.93411,7.08108,0,1334,0,0,0,0,0,0,0,0,0, 0,0,0,0,0,9,0,0,0,0
29720,4,106,-44.2,80,32,-8.36598,8.60293,0,1334,0,0,0,0,0,0,0,0,0, 0,0,0,0,0,9,0,0,0,0
29720,5,81,-43.6,84,32,-8.68921,9.12457,0,1334,0,0,0,0,0,0,0,0,0, 0,0,0,0,0,9,0,0,0,0
29720,6,140,-57.4,60,32,-7.58207,4.84894,0,1334,0,0,0,0,0,0,0,0,0, 0,0,0,0,0,9,0,0,0,0
29760,0,249,-57.4,64,32,-8.08754,5.1722,0,0,0,0,0,0,0,0,0,0,0, 0,0,0,0,0,10,0,0,0,0
29760,1,16,-1.8,224,31.75,-1.0554,33.5834,0,0,0,0,0,0,0,0,0,0,0, 0,0,0,0,0,10,0,0,0,0
29760,2,292,-56.5,68,32,-8.50564,5.62976,0,0,0,0,0,0,0,0,0,0,0, 0,0,0,0,0,10,0,0,0,0
29760,3,243,-55.4,72,32,-8.88987,6.13271,0,0,0,0,0,0,0,0,0,0,0, 0,0,0,0,0,10,0,0,0,0
29760,4,23,3.6,232,32.25,2.18511,34.7313,0,0,0,0,0,0,0,0,0,0,0, 0,0,0,0,0,10,0,0,0,0
29760,5,155,-51.6,76,32,-8.93411,7.08108,0,0,0,0,0,0,0,0,0,0,0, 0,0,0,0,0,10,0,0,0,0
29760,6,108,-44.2,80,32,-8.36598,8.60293,0,0,0,0,0,0,0,0,0,0,0, 0,0,0,0,0,10,0,0,0,0
29760,7,85,-42.9,84,32,-8.57708,9.23004,0,0,0,0,0,0,0,0,0,0,0, 0,0,0,0,0,10,0,0,0,0
29760,8,141,-57.4,60,32,-7.58207,4.84894,0,0,0,0,0,0,0,0,0,0,0, 0,0,0,0,0,10,0,0,0,0
29800,0,247,-57.4,64,32,-8.08754,5.1722,0,7936,0,0,0,0,0,0,0,0,0, 0,0,0,0,0,11,0,0,0,0
29800,1,20,-4.2,224,32.5,-2.4608,33.5098,0,7936,0,0,0,0,0,0,0,0,0, 0,0,0,0,0,11,0,0,0,0
29800,2,293,-56.5,68,32,-8.50564,5.62976,0,7936,0,0,0,0,0,0,0,0,0, 0,0,0,0,0,11,0,0,0,0
29800,3,19,0.6,228,31.75,0.358135,34.1981,0,7936,0,0,0,0,0,0,0,0,0, 0,0,0,0,0,11,0,0,0,0
29800,4,242,-56.5,72,32,-9.00597,5.96092,0,7936,0,0,0,0,0,0,0,0,0, 0,0,0,0,0,11,0,0,0,0
29800,5,154,-51.6,76,32,-8.93411,7.08108,0,7936,0,0,0,0,0,0,0,0,0, 0,0,0,0,0,11,0,0,0,0
29800,6,106,-44.2,80,32,-8.36598,8.60293,0,7936,0,0,0,0,0,0,0,0,0, 0,0,0,0,0,11,0,0,0,0
29800,7,84,-42.9,84,32,-8.57708,9.23004,0,7936,0,0,0,0,0,0,0,0,0, 0,0,0,0,0,11,0,0,0,0
29800,8,141,-57.4,60,32,-7.58207,4.84894,0,7936,0,0,0,0,0,0,0,0,0, 0,0,0,0,0,11,0,0,0,0
29840,0,247,-57.4,64,32,-8.08754,5.1722,0,1139,0,0,0,0,0,0,0,0,0, 0,0,0,0,0,12,0,0,0,0
29840,1,291,-56.5,68,32,-8.50564,5.62976,0,1139,0,0,0,0,0,0,0,0,0, 0,0,0,0,0,12,0,0,0,0
29840,2,243,-56.5,72,32,-9.00597,5.96092,0,1139,0,0,0,0,0,0,0,0,0, 0,0,0,0,0,12,0,0,0,0
29840,3,154,-53.4,76,32,-9.15212,6.79696,0,1139,0,0,0,0,0,0,0,0,0, 0,0,0,0,0,12,0,0,0,0
29840,4,107,-44.2,80,32,-8.36598,8.60293,0,1139,0,0,0,0,0,0,0,0,0, 0,0,0,0,0,12,0,0,0,0
29840,5,84,-43.6,84,32,-8.68921,9.12457,0,1139,0,0,0,0,0,0,0,0,0, 0,0,0,0,0,12,0,0,0,0
29840,6,140,-58.4,60,32,-7.66554,4.71587,0,1139,0,0,0,0,0,0,0,0,0, 0,0,0,0,0,12,0,0,0,0
29880,0,248,-57.4,64,32,-8.08754,5.1722,0,86,0,0,0,0,0,0,0,0,0, 0,0,0,0,0,13,0,0,0,0
29880,1,292,-56.5,68,32,-8.50564,5.62976,0,86,0,0,0,0,0,0,0,0,0, 0,0,0,0,0,13,0,0,0,0
29880,2,26,-4.2,228,31.75,-2.50475,34.1082,0,86,0,0,0,0,0,0,0,0,0, 0,0,0,0,0,13,0,0,0,0
29880,3,242,-56.5,72,32,-9.00597,5.96092,0,86,0,0,0,0,0,0,0,0,0, 0,0,0,0,0,13,0,0,0,0
29880,4,156,-53.4,76,32,-9.15212,6.79696,0,86,0,0,0,0,0,0,0,0,0, 0,0,0,0,0,13,0,0,0,0
29880,5,106,-45,80,32,-8.48528,8.48528,0,86,0,0,0,0,0,0,0,0,0, 0,0,0,0,0,13,0,0,0,0
29880,6,83,-43.6,84,32,-8.68921,9.12457,0,86,0,0,0,0,0,0,0,0,0, 0,0,0,0,0,13,0,0,0,0
29880,7,140,-58.4,60,32,-7.66554,4.71587,0,86,0,0,0,0,0,0,0,0,0, 0,0,0,0,0,13,0,0,0,0
29920,0,248,-57.4,64,32,-8.08754,5.1722,0,0,0,0,0,0,0,0,0,0,0, 0,0,0,0,0,14,0,0,0,0
29920,1,292,-56.5,68,32,-8.50564,5.62976,0,0,0,0,0,0,0,0,0,0,0, 0,0,0,0,0,14,0,0,0,0
29920,2,239,-56.5,72,32,-9.00597,5.96092,0,0,0,0,0,0,0,0,0,0,0, 0,0,0,0,0,14,0,0,0,0
29920,3,17,0.6,232,31.75,0.364418,34.7981,0,0,0,0,0,0,0,0,0,0,0, 0,0,0,0,0,14,0,0,0,0
29920,4,151,-53.4,76,32,-9.15212,6.79696,0,0,0,0,0,0,0,0,0,0,0, 0,0,0,0,0,14,0,0,0,0
29920,5,17,5.4,236,31.75,3.33143,35.2429,0,0,0,0,0,0,0,0,0,0,0, 0,0,0,0,0,14,0,0,0,0
29920,6,104,-44.2,80,32,-8.36598,8.60293,0,0,0,0,0,0,0,0,0,0,0, 0,0,0,0,0,14,0,0,0,0
29920,7,82,-42.9,84,32,-8.57708,9.23004,0,0,0,0,0,0,0,0,0,0,0, 0,0,0,0,0,14,0,0,0,0
29920,8,139,-58.4,60,32,-7.66554,4.71587,0,0,0,0,0,0,0,0,0,0,0, 0,0,0,0,0,14,0,0,0,0
29960,0,246,-57.4,64,32,-8.08754,5.1722,0,0,0,0,0,0,0,0,0,0,0, 0,0,0,0,0,15,0,0,0,0
29960,1,291,-56.5,68,32,-8.50564,5.62976,0,0,0,0,0,0,0,0,0,0,0, 0,0,0,0,0,15,0,0,0,0
29960,2,240,-56.5,72,32,-9.00597,5.96092,0,0,0,0,0,0,0,0,0,0,0, 0,0,0,0,0,15,0,0,0,0
29960,3,155,-53.4,76,32,-9.15212,6.79696,0,0,0,0,0,0,0,0,0,0,0, 0,0,0,0,0,15,0,0,0,0
29960,4,107,-45,80,32,-8.48528,8.48528,0,0,0,0,0,0,0,0,0,0,0, 0,0,0,0,0,15,0,0,0,0
29960,5,83,-43.6,84,32,-8.68921,9.12457,0,0,0,0,0,0,0,0,0,0,0, 0,0,0,0,0,15,0,0,0,0
29960,6,139,-57.4,60,32,-7.58207,4.84894,0,0,0,0,0,0,0,0,0,0,0, 0,0,0,0,0,15,0,0,0,0
30000,0,246,-57.4,64,32,-8.08754,5.1722,0,0,0,0,0,0,0,0,0,0,0, 0,0,0,0,0,0,0,0,0,0
30000,1,290,-56.5,68,32,-8.50564,5.62976,0,0,0,0,0,0,0,0,0,0,0, 0,0,0,0,0,0,0,0,0,0
30000,2,21,-1.2,228,31.75,-0.716231,34.1925,0,0,0,0,0,0,0,0,0,0,0, 0,0,0,0,0,0,0,0,0,0
30000,3,33,-2.4,228,32.5,-1.43215,34.17,0,0,0,0,0,0,0,0,0,0,0, 0,0,0,0,0,0,0,0,0,0
30000,4,23,-4.8,228,33,-2.86178,34.0801,0,0,0,0,0,0,0,0,0,0,0, 0,0,0,0,0,0,0,0,0,0
30000,5,242,-55.4,72,32,-8.88987,6.13271,0,0,0,0,0,0,0,0,0,0,0, 0,0,0,0,0,0,0,0,0,0
30000,6,156,-51.6,76,32,-8.93411,7.08108,0,0,0,0,0,0,0,0,0,0,0, 0,0,0,0,0,0,0,0,0,0
30000,7,109,-45,80,32,-8.48528,8.48528,0,0,0,0,0,0,0,0,0,0,0, 0,0,0,0,0,0,0,0,0,0
30000,8,83,-44.2,84,32,-8.78428,9.03307,0,0,0,0,0,0,0,0,0,0,0, 0,0,0,0,0,0,0,0,0,0
30000,9,139,-58.4,60,32,-7.66554,4.71587,0,0,0,0,0,0,0,0,0,0,0, 0,0,0,0,0,0,0,0,0,0
30040,0,248,-57.4,64,32,-8.08754,5.1722,0,0,0,0,0,0,0,0,0,0,0, 0,0,0,0,0,1,0,0,0,0
30040,1,20,3.1,224,32.5,1.81705,33.5508,0,0,0,0,0,0,0,0,0,0,0, 0,0,0,0,0,1,0,0,0,0
30040,2,293,-56.5,68,32,-8.50564,5.62976,0,0,0,0,0,0,0,0,0,0,0, 0,0,0,0,0,1,0,0,0,0
30040,3,22,0.1,228,33,0.0596902,34.1999,0,0,0,0,0,0,0,0,0,0,0, 0,0,0,0,0,1,0,0,0,0
30040,4,43,65.6,8,33,1.09282,0.495725,0,0,0,0,0,0,0,0,0,0,0, 0,0,0,0,0,1,0,0,0,0
30040,5,244,-55.4,72,32,-8.88987,6.13271,0,0,0,0,0,0,0,0,0,0,0, 0,0,0,0,0,1,0,0,0,0
30040,6,157,-51.6,76,32,-8.93411,7.08108,0,0,0,0,0,0,0,0,0,0,0, 0,0,0,0,0,1,0,0,0,0
30040,7,108,-45,80,32,-8.48528,8.48528,0,0,0,0,0,0,0,0,0,0,0, 0,0,0,0,0,1,0,0,0,0
30040,8,84,-44.2,84,32,-8.78428,9.03307,0,0,0,0,0,0,0,0,0,0,0, 0,0,0,0,0,1,0,0,0,0
30040,9,140,-57.4,60,32,-7.58207,4.84894,0,0,0,0,0,0,0,0,0,0,0, 0,0,0,0,0,1,0,0,0,0
30080,0,246,-57.4,64,32,-8.08754,5.1722,0,0,0,0,0,0,0,0,0,0,0, 0,0,0,0,0,2,0,0,0,0
30080,1,17,-8.4,224,31.75,-4.90839,33.2396,0,0,0,0,0,0,0,0,0,0,0, 0,0,0,0,0,2,0,0,0,0
30080,2,291,-56.5,68,32,-8.50564,5.62976,0,0,0,0,0,0,0,0,0,0,0, 0,0,0,0,0,2,0,0,0,0
30080,3,20,0.1,228,31.75,0.0596902,34.1999,0,0,0,0,0,0,0,0,0,0,0, 0,0,0,0,0,2,0,0,0,0
30080,4,242,-56.5,72,32,-9.00597,5.96092,0,0,0,0,0,0,0,0,0,0,0, 0,0,0,0,0,2,0,0,0,0
30080,5,156,-53.4,76,32,-9.15212,6.79696,0,0,0,0,0,0,0,0,0,0,0, 0,0,0,0,0,2,0,0,0,0
30080,6,107,-45,80,32,-8.48528,8.48528,0,0,0,0,0,0,0,0,0,0,0, 0,0,0,0,0,2,0,0,0,0
30080,7,84,-44.2,84,32,-8.78428,9.03307,0,0,0,0,0,0,0,0,0,0,0, 0,0,0,0,0,2,0,0,0,0
30080,8,138,-58.4,60,32,-7.66554,4.71587,0,0,0,0,0,0,0,0,0,0,0, 0,0,0,0,0,2,0,0,0,0
30120,0,244,-57.4,64,32,-8.08754,5.1722,0,0,0,0,0,0,0,0,0,0,0, 0,0,0,0,0,3,0,0,0,0
30120,1,291,-56.5,68,32,-8.50564,5.62976,0,0,0,0,0,0,0,0,0,0,0, 0,0,0,0,0,3,0,0,0,0
30120,2,28,-0.6,228,31.75,-0.358135,34.1981,0,0,0,0,0,0,0,0,0,0,0, 0,0,0,0,0,3,0,0,0,0
30120,3,242,-56.5,72,32,-9.00597,5.96092,0,0,0,0,0,0,0,0,0,0,0, 0,0,0,0,0,3,0,0,0,0
30120,4,157,-51.6,76,32,-8.93411,7.08108,0,0,0,0,0,0,0,0,0,0,0, 0,0,0,0,0,3,0,0,0,0
30120,5,110,-45,80,32,-8.48528,8.48528,0,0,0,0,0,0,0,0,0,0,0, 0,0,0,0,0,3,0,0,0,0
30120,6,84,-43.6,84,32,-8.68921,9.12457,0,0,0,0,0,0,0,0,0,0,0, 0,0,0,0,0,3,0,0,0,0
30120,7,140,-58.4,60,32,-7.66554,4.71587,0,0,0,0,0,0,0,0,0,0,0, 0,0,0,0,0,3,0,0,0,0
30160,0,247,-57.4,64,32,-8.08754,5.1722,0,0,0,0,0,0,0,0,0,0,0, 0,0,0,0,0,4,0,0,0,0
30160,1,291,-56.5,68,32,-8.50564,5.62976,0,0,0,0,0,0,0,0,0,0,0, 0,0,0,0,0,4,0,0,0,0
30160,2,244,-55.4,72,32,-8.88987,6.13271,0,0,0,0,0,0,0,0,0,0,0, 0,0,0,0,0,4,0,0,0,0
30160,3,159,-51.6,76,32,-8.93411,7.08108,0,0,0,0,0,0,0,0,0,0,0, 0,0,0,0,0,4,0,0,0,0
30160,4,111,-45,80,32,-8.48528,8.48528,0,0,0,0,0,0,0,0,0,0,0, 0,0,0,0,0,4,0,0,0,0
30160,5,84,-44.2,84,32,-8.78428,9.03307,0,0,0,0,0,0,0,0,0,0,0, 0,0,0,0,0,4,0,0,0,0
30160,6,140,-58.4,60,32,-7.66554,4.71587,0,0,0,0,0,0,0,0,0,0,0, 0,0,0,0,0,4,0,0,0,0
30200,0,247,-57.4,64,32,-8.08754,5.1722,0,0,0,0,0,0,0,0,0,0,0, 0,0,0,0,0,5,0,0,0,0
30200,1,290,-57.4,68,32,-8.59301,5.49546,0,0,0,0,0,0,0,0,0,0,0, 0,0,0,0,0,5,0,0,0,0
30200,2,47,71.1,8,33,1.1353,0.388701,0,0,0,0,0,0,0,0,0,0,0, 0,0,0,0,0,5,0,0,0,0
30200,3,243,-56.5,72,32,-9.00597,5.96092,0,0,0,0,0,0,0,0,0,0,0, 0,0,0,0,0,5,0,0,0,0
30200,4,158,-51.6,76,32,-8.93411,7.08108,0,0,0,0,0,0,0,0,0,0,0, 0,0,0,0,0,5,0,0,0,0
30200,5,111,-44.2,80,32,-8.36598,8.60293,0,0,0,0,0,0,0,0,0,0,0, 0,0,0,0,0,5,0,0,0,0
30200,6,83,-43.6,84,32,-8.68921,9.12457,0,0,0,0,0,0,0,0,0,0,0, 0,0,0,0,0,5,0,0,0,0
30200,7,141,-58.4,60,32,-7.66554,4.71587,0,0,0,0,0,0,0,0,0,0,0, 0,0,0,0,0,5,0,0,0,0
30240,0,246,-58.4,64,32,-8.17658,5.03026,0,0,0,0,0,0,0,0,0,0,0, 0,0,0,0,0,6,0,0,0,0
30240,1,291,-57.4,68,32,-8.59301,5.49546,0,0,0,0,0,0,0,0,0,0,0, 0,0,0,0,0,6,0,0,0,0
30240,2,242,-56.5,72,32,-9.00597,5.96092,0,0,0,0,0,0,0,0,0,0,0, 0,0,0,0,0,6,0,0,0,0
30240,3,159,-51.6,76,32,-8.93411,7.08108,0,0,0,0,0,0,0,0,0,0,0, 0,0,0,0,0,6,0,0,0,0
30240,4,112,-44.2,80,32,-8.36598,8.60293,0,0,0,0,0,0,0,0,0,0,0, 0,0,0,0,0,6,0,0,0,0
30240,5,86,-42.9,84,32,-8.57708,9.23004,0,0,0,0,0,0,0,0,0,0,0, 0,0,0,0,0,6,0,0,0,0
30240,6,140,-58.4,60,32,-7.66554,4.71587,0,0,0,0,0,0,0,0,0,0,0, 0,0,0,0,0,6,0,0,0,0
30280,0,246,-57.4,64,32,-8.08754,5.1722,0,0,0,0,0,0,0,0,0,0,0, 0,0,0,0,0,7,0,0,0,0
30280,1,292,-56.5,68,32,-8.50564,5.62976,0,0,0,0,0,0,0,0,0,0,0, 0,0,0,0,0,7,0,0,0,0
30280,2,244,-55.4,72,32,-8.88987,6.13271,0,0,0,0,0,0,0,0,0,0,0, 0,0,0,0,0,7,0,0,0,0
30280,3,161,-51.6,76,32,-8.93411,7.08108,0,0,0,0,0,0,0,0,0,0,0, 0,0,0,0,0,7,0,0,0,0
30280,4,112,-44.2,80,32,-8.36598,8.60293,0,0,0,0,0,0,0,0,0,0,0, 0,0,0,0,0,7,0,0,0,0
30280,5,86,-42.3,84,32,-8.47996,9.31935,0,0,0,0,0,0,0,0,0,0,0, 0,0,0,0,0,7,0,0,0,0
30280,6,138,-58.4,60,32,-7.66554,4.71587,0,0,0,0,0,0,0,0,0,0,0, 0,0,0,0,0,7,0,0,0,0
30280,7,19,2.4,220,32.5,1.3819,32.9711,0,0,0,0,0,0,0,0,0,0,0, 0,0,0,0,0,7,0,0,0,0
30320,0,244,-57.4,64,32,-8.08754,5.1722,0,0,0,0,0,0,0,0,0,0,0, 0,0,0,0,0,8,0,0,0,0
30320,1,290,-56.5,68,32,-8.50564,5.62976,0,0,0,0,0,0,0,0,0,0,0, 0,0,0,0,0,8,0,0,0,0
30320,2,41,67.6,8,33,1.10946,0.457284,0,0,0,0,0,0,0,0,0,0,0, 0,0,0,0,0,8,0,0,0,0
30320,3,242,-56.5,72,32,-9.00597,5.96092,0,0,0,0,0,0,0,0,0,0,0, 0,0,0,0,0,8,0,0,0,0
30320,4,159,-51.6,76,32,-8.93411,7.08108,0,0,0,0,0,0,0,0,0,0,0, 0,0,0,0,0,8,0,0,0,0
30320,5,113,-44.2,80,32,-8.36598,8.60293,0,0,0,0,0,0,0,0,0,0,0, 0,0,0,0,0,8,0,0,0,0
30320,6,88,-42.3,84,32,-8.47996,9.31935,0,0,0,0,0,0,0,0,0,0,0, 0,0,0,0,0,8,0,0,0,0
30320,7,137,-58.4,60,32,-7.66554,4.71587,0,0,0,0,0,0,0,0,0,0,0, 0,0,0,0,0,8,0,0,0,0
30360,0,248,-57.4,64,32,-8.08754,5.1722,0,1334,0,0,0,0,0,0,0,0,0, 0,0,0,0,0,9,0,0,0,0
30360,1,290,-56.5,68,32,-8.50564,5.62976,0,1334,0,0,0,0,0,0,0,0,0, 0,0,0,0,0,9,0,0,0,0
30360,2,24,-0.6,228,31.75,-0.358135,34.1981,0,1334,0,0,0,0,0,0,0,0,0, 0,0,0,0,0,9,0,0,0,0
30360,3,39,71.1,8,33,1.1353,0.388701,0,1334,0,0,0,0,0,0,0,0,0, 0,0,0,0,0,9,0,0,0,0
30360,4,243,-56.5,72,32,-9.00597,5.96092,0,1334,0,0,0,0,0,0,0,0,0, 0,0,0,0,0,9,0,0,0,0
30360,5,158,-51.6,76,32,-8.93411,7.08108,0,1334,0,0,0,0,0,0,0,0,0, 0,0,0,0,0,9,0,0,0,0
30360,6,112,-44.2,80,32,-8.36598,8.60293,0,1334,0,0,0,0,0,0,0,0,0, 0,0,0,0,0,9,0,0,0,0
30360,7,91,-41.7,84,32,-8.3819,9.40764,0,1334,0,0,0,0,0,0,0,0,0, 0,0,0,0,0,9,0,0,0,0
30360,8,139,-58.4,60,32,-7.66554,4.71587,0,1334,0,0,0,0,0,0,0,0,0, 0,0,0,0,0,9,0,0,0,0
30400,0,246,-57.4,64,32,-8.08754,5.1722,0,0,0,0,0,0,0,0,0,0,0, 0,0,0,0,0,10,0,0,0,0
30400,1,289,-56.5,68,32,-8.50564,5.62976,0,0,0,0,0,0,0,0,0,0,0, 0,0,0,0,0,10,0,0,0,0
30400,2,24,7.2,228,32.25,4.2864,33.9303,0,0,0,0,0,0,0,0,0,0,0, 0,0,0,0,0,10,0,0,0,0
30400,3,242,-56.5,72,32,-9.00597,5.96092,0,0,0,0,0,0,0,0,0,0,0, 0,0,0,0,0,10,0,0,0,0
30400,4,158,-51.6,76,32,-8.93411,7.08108,0,0,0,0,0,0,0,0,0,0,0, 0,0,0,0,0,10,0,0,0,0
30400,5,111,-45,80,32,-8.48528,8.48528,0,0,0,0,0,0,0,0,0,0,0, 0,0,0,0,0,10,0,0,0,0
30400,6,88,-42.3,84,32,-8.47996,9.31935,0,0,0,0,0,0,0,0,0,0,0, 0,0,0,0,0,10,0,0,0,0
30400,7,137,-59.4,60,32,-7.74668,4.58137,0,0,0,0,0,0,0,0,0,0,0, 0,0,0,0,0,10,0,0,0,0
30400,8,17,-0.6,220,32.25,-0.345569,32.9982,0,0,0,0,0,0,0,0,0,0,0, 0,0,0,0,0,10,0,0,0,0
30440,0,244,-58.4,64,32,-8.17658,5.03026,0,7936,0,0,0,0,0,0,0,0,0, 0,0,0,0,0,11,0,0,0,0
30440,1,288,-57.4,68,32,-8.59301,5.49546,0,7936,0,0,0,0,0,0,0,0,0, 0,0,0,0,0,11,0,0,0,0
30440,2,23,-6.6,228,31.75,-3.93085,33.9733,0,7936,0,0,0,0,0,0,0,0,0, 0,0,0,0,0,11,0,0,0,0
30440,3,241,-56.5,72,32,-9.00597,5.96092,0,7936,0,0,0,0,0,0,0,0,0, 0,0,0,0,0,11,0,0,0,0
30440,4,156,-51.6,76,32,-8.93411,7.08108,0,7936,0,0,0,0,0,0,0,0,0, 0,0,0,0,0,11,0,0,0,0
30440,5,26,0.1,236,31.75,0.0617846,35.3999,0,7936,0,0,0,0,0,0,0,0,0, 0,0,0,0,0,11,0,0,0,0
30440,6,23,1.8,236,32.25,1.11194,35.3825,0,7936,0,0,0,0,0,0,0,0,0, 0,0,0,0,0,11,0,0,0,0
30440,7,112,-44.2,80,32,-8.36598,8.60293,0,7936,0,0,0,0,0,0,0,0,0, 0,0,0,0,0,11,0,0,0,0
30440,8,86,-42.3,84,32,-8.47996,9.31935,0,7936,0,0,0,0,0,0,0,0,0, 0,0,0,0,0,11,0,0,0,0
30440,9,137,-59.4,60,32,-7.74668,4.58137,0,7936,0,0,0,0,0,0,0,0,0, 0,0,0,0,0,11,0,0,0,0
30440,10,20,0.1,220,33,0.0575958,33,0,7936,0,0,0,0,0,0,0,0,0, 0,0,0,0,0,11,0,0,0,0
30480,0,244,-58.4,64,32,-8.17658,5.03026,0,1139,0,0,0,0,0,0,0,0,0, 0,0,0,0,0,12,0,0,0,0
30480,1,289,-57.4,68,32,-8.59301,5.49546,0,1139,0,0,0,0,0,0,0,0,0, 0,0,0,0,0,12,0,0,0,0
30480,2,241,-56.5,72,32,-9.00597,5.96092,0,1139,0,0,0,0,0,0,0,0,0, 0,0,0,0,0,12,0,0,0,0
30480,3,24,6.1,232,31.75,3.69799,34.603,0,1139,0,0,0,0,0,0,0,0,0, 0,0,0,0,0,12,0,0,0,0
30480,4,159,-51.6,76,32,-8.93411,7.08108,0,1139,0,0,0,0,0,0,0,0,0, 0,0,0,0,0,12,0,0,0,0
30480,5,112,-44.2,80,32,-8.36598,8.60293,0,1139,0,0,0,0,0,0,0,0,0, 0,0,0,0,0,12,0,0,0,0
30480,6,89,-42.3,84,32,-8.47996,9.31935,0,1139,0,0,0,0,0,0,0,0,0, 0,0,0,0,0,12,0,0,0,0
30480,7,140,-58.4,60,32,-7.66554,4.71587,0,1139,0,0,0,0,0,0,0,0,0, 0,0,0,0,0,12,0,0,0,0
30520,0,248,-57.4,64,32,-8.08754,5.1722,0,86,0,0,0,0,0,0,0,0,0, 0,0,0,0,0,13,0,0,0,0
30520,1,22,-6.6,224,31.75,-3.86189,33.3773,0,86,0,0,0,0,0,0,0,0,0, 0,0,0,0,0,13,0,0,0,0
30520,2,18,-7.8,224,33,-4.56004,33.2891,0,86,0,0,0,0,0,0,0,0,0, 0,0,0,0,0,13,0,0,0,0
30520,3,293,-56.5,68,32,-8.50564,5.62976,0,86,0,0,0,0,0,0,0,0,0, 0,0,0,0,0,13,0,0,0,0
30520,4,243,-55.4,72,32,-8.88987,6.13271,0,86,0,0,0,0,0,0,0,0,0, 0,0,0,0,0,13,0,0,0,0
30520,5,158,-49.8,76,32,-8.70727,7.35822,0,86,0,0,0,0,0,0,0,0,0, 0,0,0,0,0,13,0,0,0,0
30520,6,112,-44.2,80,32,-8.36598,8.60293,0,86,0,0,0,0,0,0,0,0,0, 0,0,0,0,0,13,0,0,0,0
30520,7,88,-42.3,84,32,-8.47996,9.31935,0,86,0,0,0,0,0,0,0,0,0, 0,0,0,0,0,13,0,0,0,0
30520,8,139,-58.4,60,32,-7.66554,4.71587,0,86,0,0,0,0,0,0,0,0,0, 0,0,0,0,0,13,0,0,0,0
30560,0,248,-57.4,64,32,-8.08754,5.1722,0,0,0,0,0,0,0,0,0,0,0, 0,0,0,0,0,14,0,0,0,0
30560,1,290,-56.5,68,32,-8.50564,5.62976,0,0,0,0,0,0,0,0,0,0,0, 0,0,0,0,0,14,0,0,0,0
30560,2,243,-55.4,72,32,-8.88987,6.13271,0,0,0,0,0,0,0,0,0,0,0, 0,0,0,0,0,14,0,0,0,0
30560,3,158,-51.6,76,32,-8.93411,7.08108,0,0,0,0,0,0,0,0,0,0,0, 0,0,0,0,0,14,0,0,0,0
30560,4,111,-45,80,32,-8.48528,8.48528,0,0,0,0,0,0,0,0,0,0,0, 0,0,0,0,0,14,0,0,0,0
30560,5,87,-42.3,84,32,-8.47996,9.31935,0,0,0,0,0,0,0,0,0,0,0, 0,0,0,0,0,14,0,0,0,0
30560,6,138,-59.4,60,32,-7.74668,4.58137,0,0,0,0,0,0,0,0,0,0,0, 0,0,0,0,0,14,0,0,0,0
30600,0,245,-58.4,64,32,-8.17658,5.03026,0,0,0,0,0,0,0,0,0,0,0, 0,0,0,0,0,15,0,0,0,0
30600,1,14,-75,480,55.5,-69.5467,18.635,0,0,0,0,0,0,0,0,0,0,0, 0,0,0,0,0,15,0,0,0,0
30600,2,291,-57.4,68,32,-8.59301,5.49546,0,0,0,0,0,0,0,0,0,0,0, 0,0,0,0,0,15,0,0,0,0
30600,3,45,71.1,8,33,1.1353,0.388701,0,0,0,0,0,0,0,0,0,0,0, 0,0,0,0,0,15,0,0,0,0
30600,4,242,-55.4,72,32,-8.88987,6.13271,0,0,0,0,0,0,0,0,0,0,0, 0,0,0,0,0,15,0,0,0,0
30600,5,158,-51.6,76,32,-8.93411,7.08108,0,0,0,0,0,0,0,0,0,0,0, 0,0,0,0,0,15,0,0,0,0
30600,6,111,-45,80,32,-8.48528,8.48528,0,0,0,0,0,0,0,0,0,0,0, 0,0,0,0,0,15,0,0,0,0
30600,7,85,-42.9,84,32,-8.57708,9.23004,0,0,0,0,0,0,0,0,0,0,0, 0,0,0,0,0,15,0,0,0,0
30600,8,140,-59.4,60,32,-7.74668,4.58137,0,0,0,0,0,0,0,0,0,0,0, 0,0,0,0,0,15,0,0,0,0
30600,9,29,-3,220,31.5,-1.72709,32.9548,0,0,0,0,0,0,0,0,0,0,0, 0,0,0,0,0,15,0,0,0,0
30600,10,21,-4.8,220,33,-2.76137,32.8843,0,0,0,0,0,0,0,0,0,0,0, 0,0,0,0,0,15,0,0,0,0
30640,0,247,-58.4,64,32,-8.17658,5.03026,0,0,0,0,0,0,0,0,0,0,0, 0,0,0,0,0,0,0,0,0,0
30640,1,21,-3,224,33,-1.75849,33.554,0,0,0,0,0,0,0,0,0,0,0, 0,0,0,0,0,0,0,0,0,0
30640,2,290,-57.4,68,32,-8.59301,5.49546,0,0,0,0,0,0,0,0,0,0,0, 0,0,0,0,0,0,0,0,0,0
30640,3,17,-0.6,228,31.75,-0.358135,34.1981,0,0,0,0,0,0,0,0,0,0,0, 0,0,0,0,0,0,0,0,0,0
30640,4,243,-56.5,72,32,-9.00597,5.96092,0,0,0,0,0,0,0,0,0,0,0, 0,0,0,0,0,0,0,0,0,0
30640,5,158,-51.6,76,32,-8.93411,7.08108,0,0,0,0,0,0,0,0,0,0,0, 0,0,0,0,0,0,0,0,0,0
30640,6,109,-45,80,32,-8.48528,8.48528,0,0,0,0,0,0,0,0,0,0,0, 0,0,0,0,0,0,0,0,0,0
30640,7,83,-43.6,84,32,-8.68921,9.12457,0,0,0,0,0,0,0,0,0,0,0, 0,0,0,0,0,0,0,0,0,0
30640,8,141,-58.4,60,32,-7.66554,4.71587,0,0,0,0,0,0,0,0,0,0,0, 0,0,0,0,0,0,0,0,0,0
30680,0,249,-57.4,64,32,-8.08754,5.1722,0,0,0,0,0,0,0,0,0,0,0, 0,0,0,0,0,1,0,0,0,0
30680,1,291,-57.4,68,32,-8.59301,5.49546,0,0,0,0,0,0,0,0,0,0,0, 0,0,0,0,0,1,0,0,0,0
30680,2,243,-56.5,72,32,-9.00597,5.96092,0,0,0,0,0,0,0,0,0,0,0, 0,0,0,0,0,1,0,0,0,0
30680,3,156,-53.4,76,32,-9.15212,6.79696,0,0,0,0,0,0,0,0,0,0,0, 0,0,0,0,0,1,0,0,0,0
30680,4,108,-45.9,80,32,-8.61752,8.35095,0,0,0,0,0,0,0,0,0,0,0, 0,0,0,0,0,1,0,0,0,0
30680,5,81,-45,84,32,-8.90955,8.90955,0,0,0,0,0,0,0,0,0,0,0, 0,0,0,0,0,1,0,0,0,0
30680,6,141,-58.4,60,32,-7.66554,4.71587,0,0,0,0,0,0,0,0,0,0,0, 0,0,0,0,0,1,0,0,0,0
30720,0,246,-57.4,64,32,-8.08754,5.1722,0,0,0,0,0,0,0,0,0,0,0, 0,0,0,0,0,2,0,0,0,0
30720,1,290,-56.5,68,32,-8.50564,5.62976,0,0,0,0,0,0,0,0,0,0,0, 0,0,0,0,0,2,0,0,0,0
30720,2,242,-56.5,72,32,-9.00597,5.96092,0,0,0,0,0,0,0,0,0,0,0, 0,0,0,0,0,2,0,0,0,0
30720,3,155,-51.6,76,32,-8.93411,7.08108,0,0,0,0,0,0,0,0,0,0,0, 0,0,0,0,0,2,0,0,0,0
30720,4,105,-45.9,80,32,-8.61752,8.35095,0,0,0,0,0,0,0,0,0,0,0, 0,0,0,0,0,2,0,0,0,0
30720,5,140,-57.4,60,32,-7.58207,4.84894,0,0,0,0,0,0,0,0,0,0,0, 0,0,0,0,0,2,0,0,0,0
30760,0,246,-57.4,64,32,-8.08754,5.1722,0,0,0,0,0,0,0,0,0,0,0, 0,0,0,0,0,3,0,0,0,0
30760,1,291,-56.5,68,32,-8.50564,5.62976,0,0,0,0,0,0,0,0,0,0,0, 0,0,0,0,0,3,0,0,0,0
30760,2,241,-55.4,72,32,-8.88987,6.13271,0,0,0,0,0,0,0,0,0,0,0, 0,0,0,0,0,3,0,0,0,0
30760,3,18,9.4,232,32.25,5.68374,34.3327,0,0,0,0,0,0,0,0,0,0,0, 0,0,0,0,0,3,0,0,0,0
30760,4,155,-53.4,76,32,-9.15212,6.79696,0,0,0,0,0,0,0,0,0,0,0, 0,0,0,0,0,3,0,0,0,0
30760,5,104,-45.9,80,32,-8.61752,8.35095,0,0,0,0,0,0,0,0,0,0,0, 0,0,0,0,0,3,0,0,0,0
30760,6,140,-58.4,60,32,-7.66554,4.71587,0,0,0,0,0,0,0,0,0,0,0, 0,0,0,0,0,3,0,0,0,0
30800,0,244,-57.4,64,32,-8.08754,5.1722,0,0,0,0,0,0,0,0,0,0,0, 0,0,0,0,0,4,0,0,0,0
30800,1,290,-56.5,68,32,-8.50564,5.62976,0,0,0,0,0,0,0,0,0,0,0, 0,0,0,0,0,4,0,0,0,0
30800,2,240,-55.4,72,32,-8.88987,6.13271,0,0,0,0,0,0,0,0,0,0,0, 0,0,0,0,0,4,0,0,0,0
30800,3,153,-53.4,76,32,-9.15212,6.79696,0,0,0,0,0,0,0,0,0,0,0, 0,0,0,0,0,4,0,0,0,0
30800,4,21,3.1,236,31.75,1.91439,35.3482,0,0,0,0,0,0,0,0,0,0,0, 0,0,0,0,0,4,0,0,0,0
30800,5,103,-46.7,80,32,-8.73327,8.22982,0,0,0,0,0,0,0,0,0,0,0, 0,0,0,0,0,4,0,0,0,0
30800,6,140,-57.4,60,32,-7.58207,4.84894,0,0,0,0,0,0,0,0,0,0,0, 0,0,0,0,0,4,0,0,0,0
30840,0,245,-58.4,64,32,-8.17658,5.03026,0,0,0,0,0,0,0,0,0,0,0, 0,0,0,0,0,5,0,0,0,0
30840,1,289,-56.5,68,32,-8.50564,5.62976,0,0,0,0,0,0,0,0,0,0,0, 0,0,0,0,0,5,0,0,0,0
30840,2,241,-56.5,72,32,-9.00597,5.96092,0,0,0,0,0,0,0,0,0,0,0, 0,0,0,0,0,5,0,0,0,0
30840,3,153,-53.4,76,32,-9.15212,6.79696,0,0,0,0,0,0,0,0,0,0,0, 0,0,0,0,0,5,0,0,0,0
30840,4,104,-45.9,80,32,-8.61752,8.35095,0,0,0,0,0,0,0,0,0,0,0, 0,0,0,0,0,5,0,0,0,0
30840,5,140,-58.4,60,32,-7.66554,4.71587,0,0,0,0,0,0,0,0,0,0,0, 0,0,0,0,0,5,0,0,0,0
30880,0,248,-57.4,64,32,-8.08754,5.1722,0,0,0,0,0,0,0,0,0,0,0, 0,0,0,0,0,6,0,0,0,0
30880,1,292,-56.5,68,32,-8.50564,5.62976,0,0,0,0,0,0,0,0,0,0,0, 0,0,0,0,0,6,0,0,0,0
30880,2,242,-55.4,72,32,-8.88987,6.13271,0,0,0,0,0,0,0,0,0,0,0, 0,0,0,0,0,6,0,0,0,0
30880,3,155,-51.6,76,32,-8.93411,7.08108,0,0,0,0,0,0,0,0,0,0,0, 0,0,0,0,0,6,0,0,0,0
30880,4,108,-46.7,80,32,-8.73327,8.22982,0,0,0,0,0,0,0,0,0,0,0, 0,0,0,0,0,6,0,0,0,0
30880,5,140,-57.4,60,32,-7.58207,4.84894,0,0,0,0,0,0,0,0,0,0,0, 0,0,0,0,0,6,0,0,0,0
30880,6,14,14.7,156,12.75,5.93794,22.6341,0,0,0,0,0,0,0,0,0,0,0, 0,0,0,0,0,6,0,0,0,0
30920,0,246,-57.4,64,32,-8.08754,5.1722,0,0,0,0,0,0,0,0,0,0,0, 0,0,0,0,0,7,0,0,0,0
30920,1,291,-56.5,68,32,-8.50564,5.62976,0,0,0,0,0,0,0,0,0,0,0, 0,0,0,0,0,7,0,0,0,0
30920,2,243,-55.4,72,32,-8.88987,6.13271,0,0,0,0,0,0,0,0,0,0,0, 0,0,0,0,0,7,0,0,0,0
30920,3,156,-51.6,76,32,-8.93411,7.08108,0,0,0,0,0,0,0,0,0,0,0, 0,0,0,0,0,7,0,0,0,0
30920,4,106,-45.9,80,32,-8.61752,8.35095,0,0,0,0,0,0,0,0,0,0,0, 0,0,0,0,0,7,0,0,0,0
30920,5,139,-58.4,60,32,-7.66554,4.71587,0,0,0,0,0,0,0,0,0,0,0, 0,0,0,0,0,7,0,0,0,0
30920,6,17,9.4,220,31.5,5.38976,32.5569,0,0,0,0,0,0,0,0,0,0,0, 0,0,0,0,0,7,0,0,0,0
30960,0,246,-57.4,64,32,-8.08754,5.1722,0,0,0,0,0,0,0,0,0,0,0, 0,0,0,0,0,8,0,0,0,0
30960,1,23,6.1,224,31.75,3.57047,33.4098,0,0,0,0,0,0,0,0,0,0,0, 0,0,0,0,0,8,0,0,0,0
30960,2,290,-56.5,68,32,-8.50564,5.62976,0,0,0,0,0,0,0,0,0,0,0, 0,0,0,0,0,8,0,0,0,0
30960,3,44,69.6,8,33,1.12474,0.418287,0,0,0,0,0,0,0,0,0,0,0, 0,0,0,0,0,8,0,0,0,0
30960,4,242,-55.4,72,32,-8.88987,6.13271,0,0,0,0,0,0,0,0,0,0,0, 0,0,0,0,0,8,0,0,0,0
30960,5,155,-51.6,76,32,-8.93411,7.08108,0,0,0,0,0,0,0,0,0,0,0, 0,0,0,0,0,8,0,0,0,0
30960,6,107,-45.9,80,32,-8.61752,8.35095,0,0,0,0,0,0,0,0,0,0,0, 0,0,0,0,0,8,0,0,0,0
30960,7,140,-57.4,60,32,-7.58207,4.84894,0,0,0,0,0,0,0,0,0,0,0, 0,0,0,0,0,8,0,0,0,0
31000,0,247,-56.5,64,32,-8.0053,5.2986,0,1334,0,0,0,0,0,0,0,0,0, 0,0,0,0,0,9,0,0,0,0
31000,1,291,-56.5,68,32,-8.50564,5.62976,0,1334,0,0,0,0,0,0,0,0,0, 0,0,0,0,0,9,0,0,0,0
31000,2,38,72.4,8,33,1.14383,0.362844,0,1334,0,0,0,0,0,0,0,0,0, 0,0,0,0,0,9,0,0,0,0
31000,3,242,-55.4,72,32,-8.88987,6.13271,0,1334,0,0,0,0,0,0,0,0,0, 0,0,0,0,0,9,0,0,0,0
31000,4,157,-49.8,76,32,-8.70727,7.35822,0,1334,0,0,0,0,0,0,0,0,0, 0,0,0,0,0,9,0,0,0,0
31000,5,109,-45.9,80,32,-8.61752,8.35095,0,1334,0,0,0,0,0,0,0,0,0, 0,0,0,0,0,9,0,0,0,0
31000,6,142,-56.5,60,32,-7.50497,4.96743,0,1334,0,0,0,0,0,0,0,0,0, 0,0,0,0,0,9,0,0,0,0
31040,0,246,-56.5,64,32,-8.0053,5.2986,0,0,0,0,0,0,0,0,0,0,0, 0,0,0,0,0,10,0,0,0,0
31040,1,291,-55.4,68,32,-8.39599,5.79201,0,0,0,0,0,0,0,0,0,0,0, 0,0,0,0,0,10,0,0,0,0
31040,2,36,69.6,8,33,1.12474,0.418287,0,0,0,0,0,0,0,0,0,0,0, 0,0,0,0,0,10,0,0,0,0
31040,3,244,-55.4,72,32,-8.88987,6.13271,0,0,0,0,0,0,0,0,0,0,0, 0,0,0,0,0,10,0,0,0,0
31040,4,160,-49.8,76,32,-8.70727,7.35822,0,0,0,0,0,0,0,0,0,0,0, 0,0,0,0,0,10,0,0,0,0
31040,5,110,-45.9,80,32,-8.61752,8.35095,0,0,0,0,0,0,0,0,0,0,0, 0,0,0,0,0,10,0,0,0,0
31040,6,142,-56.5,60,32,-7.50497,4.96743,0,0,0,0,0,0,0,0,0,0,0, 0,0,0,0,0,10,0,0,0,0
31080,0,250,-56.5,64,32,-8.0053,5.2986,0,7936,0,0,0,0,0,0,0,0,0, 0,0,0,0,0,11,0,0,0,0
31080,1,294,-55.4,68,32,-8.39599,5.79201,0,7936,0,0,0,0,0,0,0,0,0, 0,0,0,0,0,11,0,0,0,0
31080,2,245,-54.4,72,32,-8.78149,6.28693,0,7936,0,0,0,0,0,0,0,0,0, 0,0,0,0,0,11,0,0,0,0
31080,3,158,-49.8,76,32,-8.70727,7.35822,0,7936,0,0,0,0,0,0,0,0,0, 0,0,0,0,0,11,0,0,0,0
31080,4,108,-45,80,32,-8.48528,8.48528,0,7936,0,0,0,0,0,0,0,0,0, 0,0,0,0,0,11,0,0,0,0
31080,5,143,-56.5,60,32,-7.50497,4.96743,0,7936,0,0,0,0,0,0,0,0,0, 0,0,0,0,0,11,0,0,0,0
31120,0,251,-55.4,64,32,-7.90211,5.4513,0,1139,0,0,0,0,0,0,0,0,0, 0,0,0,0,0,12,0,0,0,0
31120,1,294,-55.4,68,32,-8.39599,5.79201,0,1139,0,0,0,0,0,0,0,0,0, 0,0,0,0,0,12,0,0,0,0
31120,2,244,-54.4,72,32,-8.78149,6.28693,0,1139,0,0,0,0,0,0,0,0,0, 0,0,0,0,0,12,0,0,0,0
31120,3,158,-51.6,76,32,-8.93411,7.08108,0,1139,0,0,0,0,0,0,0,0,0, 0,0,0,0,0,12,0,0,0,0
31120,4,108,-45.9,80,32,-8.61752,8.35095,0,1139,0,0,0,0,0,0,0,0,0, 0,0,0,0,0,12,0,0,0,0
31120,5,81,-44.2,84,32,-8.78428,9.03307,0,1139,0,0,0,0,0,0,0,0,0, 0,0,0,0,0,12,0,0,0,0
31120,6,141,-56.5,60,32,-7.50497,4.96743,0,1139,0,0,0,0,0,0,0,0,0, 0,0,0,0,0,12,0,0,0,0
31160,0,248,-56.5,64,32,-8.0053,5.2986,0,86,0,0,0,0,0,0,0,0,0, 0,0,0,0,0,13,0,0,0,0
31160,1,290,-56.5,68,32,-8.50564,5.62976,0,86,0,0,0,0,0,0,0,0,0, 0,0,0,0,0,13,0,0,0,0
31160,2,242,-55.4,72,32,-8.88987,6.13271,0,86,0,0,0,0,0,0,0,0,0, 0,0,0,0,0,13,0,0,0,0
31160,3,157,-51.6,76,32,-8.93411,7.08108,0,86,0,0,0,0,0,0,0,0,0, 0,0,0,0,0,13,0,0,0,0
31160,4,107,-45.9,80,32,-8.61752,8.35095,0,86,0,0,0,0,0,0,0,0,0, 0,0,0,0,0,13,0,0,0,0
31160,5,139,-58.4,60,32,-7.66554,4.71587,0,86,0,0,0,0,0,0,0,0,0, 0,0,0,0,0,13,0,0,0,0
31200,0,245,-57.4,64,32,-8.08754,5.1722,0,0,0,0,0,0,0,0,0,0,0, 0,0,0,0,0,14,0,0,0,0
31200,1,291,-56.5,68,32,-8.50564,5.62976,0,0,0,0,0,0,0,0,0,0,0, 0,0,0,0,0,14,0,0,0,0
31200,2,25,-1.2,228,31.75,-0.716231,34.1925,0,0,0,0,0,0,0,0,0,0,0, 0,0,0,0,0,14,0,0,0,0
31200,3,243,-55.4,72,32,-8.88987,6.13271,0,0,0,0,0,0,0,0,0,0,0, 0,0,0,0,0,14,0,0,0,0
31200,4,22,1.8,232,31.75,1.09309,34.7828,0,0,0,0,0,0,0,0,0,0,0, 0,0,0,0,0,14,0,0,0,0
31200,5,157,-53.4,76,32,-9.15212,6.79696,0,0,0,0,0,0,0,0,0,0,0, 0,0,0,0,0,14,0,0,0,0
31200,6,107,-46.7,80,32,-8.73327,8.22982,0,0,0,0,0,0,0,0,0,0,0, 0,0,0,0,0,14,0,0,0,0
31200,7,27,2.4,240,32.5,1.50752,35.9684,0,0,0,0,0,0,0,0,0,0,0, 0,0,0,0,0,14,0,0,0,0
31200,8,22,1.3,240,33,0.816744,35.9907,0,0,0,0,0,0,0,0,0,0,0, 0,0,0,0,0,14,0,0,0,0
31200,9,140,-56.5,60,32,-7.50497,4.96743,0,0,0,0,0,0,0,0,0,0,0, 0,0,0,0,0,14,0,0,0,0
31240,0,247,-57.4,64,32,-8.08754,5.1722,0,0,0,0,0,0,0,0,0,0,0, 0,0,0,0,0,15,0,0,0,0
31240,1,291,-56.5,68,32,-8.50564,5.62976,0,0,0,0,0,0,0,0,0,0,0, 0,0,0,0,0,15,0,0,0,0
31240,2,245,-56.5,72,32,-9.00597,5.96092,0,0,0,0,0,0,0,0,0,0,0, 0,0,0,0,0,15,0,0,0,0
31240,3,158,-54.4,76,32,-9.26935,6.6362,0,0,0,0,0,0,0,0,0,0,0, 0,0,0,0,0,15,0,0,0,0
31240,4,108,-48,80,32,-8.91774,8.02957,0,0,0,0,0,0,0,0,0,0,0, 0,0,0,0,0,15,0,0,0,0
31240,5,13,-25.9,368,59.25,-24.1115,49.6556,0,0,0,0,0,0,0,0,0,0,0, 0,0,0,0,0,15,0,0,0,0
31240,6,140,-58.4,60,32,-7.66554,4.71587,0,0,0,0,0,0,0,0,0,0,0, 0,0,0,0,0,15,0,0,0,0
31280,0,246,-58.4,64,32,-8.17658,5.03026,0,0,0,0,0,0,0,0,0,0,0, 0,0,0,0,0,0,0,0,0,0
31280,1,290,-57.4,68,32,-8.59301,5.49546,0,0,0,0,0,0,0,0,0,0,0, 0,0,0,0,0,0,0,0,0,0
31280,2,20,-6.6,228,32.25,-3.93085,33.9733,0,0,0,0,0,0,0,0,0,0,0, 0,0,0,0,0,0,0,0,0,0
31280,3,41,71.1,8,33,1.1353,0.388701,0,0,0,0,0,0,0,0,0,0,0, 0,0,0,0,0,0,0,0,0,0
31280,4,244,-56.5,72,32,-9.00597,5.96092,0,0,0,0,0,0,0,0,0,0,0, 0,0,0,0,0,0,0,0,0,0
31280,5,158,-54.4,76,32,-9.26935,6.6362,0,0,0,0,0,0,0,0,0,0,0, 0,0,0,0,0,0,0,0,0,0
31280,6,106,-49.8,80,32,-9.16555,7.74549,0,0,0,0,0,0,0,0,0,0,0, 0,0,0,0,0,0,0,0,0,0
31280,7,21,-4.8,244,33,-3.06261,36.4716,0,0,0,0,0,0,0,0,0,0,0, 0,0,0,0,0,0,0,0,0,0
31280,8,139,-58.4,60,32,-7.66554,4.71587,0,0,0,0,0,0,0,0,0,0,0, 0,0,0,0,0,0,0,0,0,0
31320,0,246,-58.4,64,32,-8.17658,5.03026,0,0,0,0,0,0,0,0,0,0,0, 0,0,0,0,0,1,0,0,0,0
31320,1,290,-57.4,68,32,-8.59301,5.49546,0,0,0,0,0,0,0,0,0,0,0, 0,0,0,0,0,1,0,0,0,0
31320,2,242,-56.5,72,32,-9.00597,5.96092,0,0,0,0,0,0,0,0,0,0,0, 0,0,0,0,0,1,0,0,0,0
31320,3,157,-53.4,76,32,-9.15212,6.79696,0,0,0,0,0,0,0,0,0,0,0, 0,0,0,0,0,1,0,0,0,0
31320,4,106,-49.8,80,32,-9.16555,7.74549,0,0,0,0,0,0,0,0,0,0,0, 0,0,0,0,0,1,0,0,0,0
31320,5,140,-57.4,60,32,-7.58207,4.84894,0,0,0,0,0,0,0,0,0,0,0, 0,0,0,0,0,1,0,0,0,0
31360,0,248,-57.4,64,32,-8.08754,5.1722,0,0,0,0,0,0,0,0,0,0,0, 0,0,0,0,0,2,0,0,0,0
31360,1,293,-56.5,68,32,-8.50564,5.62976,0,0,0,0,0,0,0,0,0,0,0, 0,0,0,0,0,2,0,0,0,0
31360,2,243,-55.4,72,32,-8.88987,6.13271,0,0,0,0,0,0,0,0,0,0,0, 0,0,0,0,0,2,0,0,0,0
31360,3,17,0.6,232,31.75,0.364418,34.7981,0,0,0,0,0,0,0,0,0,0,0, 0,0,0,0,0,2,0,0,0,0
31360,4,157,-53.4,76,32,-9.15212,6.79696,0,0,0,0,0,0,0,0,0,0,0, 0,0,0,0,0,2,0,0,0,0
31360,5,106,-48,80,32,-8.91774,8.02957,0,0,0,0,0,0,0,0,0,0,0, 0,0,0,0,0,2,0,0,0,0
31360,6,139,-57.4,60,32,-7.58207,4.84894,0,0,0,0,0,0,0,0,0,0,0, 0,0,0,0,0,2,0,0,0,0
31400,0,246,-57.4,64,32,-8.08754,5.1722,0,0,0,0,0,0,0,0,0,0,0, 0,0,0,0,0,3,0,0,0,0
31400,1,290,-56.5,68,32,-8.50564,5.62976,0,0,0,0,0,0,0,0,0,0,0, 0,0,0,0,0,3,0,0,0,0
31400,2,18,-4.2,228,31.75,-2.50475,34.1082,0,0,0,0,0,0,0,0,0,0,0, 0,0,0,0,0,3,0,0,0,0
31400,3,242,-55.4,72,32,-8.88987,6.13271,0,0,0,0,0,0,0,0,0,0,0, 0,0,0,0,0,3,0,0,0,0
31400,4,156,-53.4,76,32,-9.15212,6.79696,0,0,0,0,0,0,0,0,0,0,0, 0,0,0,0,0,3,0,0,0,0
31400,5,105,-48,80,32,-8.91774,8.02957,0,0,0,0,0,0,0,0,0,0,0, 0,0,0,0,0,3,0,0,0,0
31400,6,140,-57.4,60,32,-7.58207,4.84894,0,0,0,0,0,0,0,0,0,0,0, 0,0,0,0,0,3,0,0,0,0
31440,0,248,-56.5,64,32,-8.0053,5.2986,0,0,0,0,0,0,0,0,0,0,0, 0,0,0,0,0,4,0,0,0,0
31440,1,23,-7.2,224,32.75,-4.2112,33.3351,0,0,0,0,0,0,0,0,0,0,0, 0,0,0,0,0,4,0,0,0,0
31440,2,19,-7.2,224,33,-4.2112,33.3351,0,0,0,0,0,0,0,0,0,0,0, 0,0,0,0,0,4,0,0,0,0
31440,3,291,-55.4,68,32,-8.39599,5.79201,0,0,0,0,0,0,0,0,0,0,0, 0,0,0,0,0,4,0,0,0,0
31440,4,243,-54.4,72,32,-8.78149,6.28693,0,0,0,0,0,0,0,0,0,0,0, 0,0,0,0,0,4,0,0,0,0
31440,5,157,-51.6,76,32,-8.93411,7.08108,0,0,0,0,0,0,0,0,0,0,0, 0,0,0,0,0,4,0,0,0,0
31440,6,103,-49.8,80,32,-9.16555,7.74549,0,0,0,0,0,0,0,0,0,0,0, 0,0,0,0,0,4,0,0,0,0
31440,7,141,-56.5,60,32,-7.50497,4.96743,0,0,0,0,0,0,0,0,0,0,0, 0,0,0,0,0,4,0,0,0,0
31480,0,249,-56.5,64,32,-8.0053,5.2986,0,0,0,0,0,0,0,0,0,0,0, 0,0,0,0,0,5,0,0,0,0
31480,1,23,-4.2,224,31.75,-2.4608,33.5098,0,0,0,0,0,0,0,0,0,0,0, 0,0,0,0,0,5,0,0,0,0
31480,2,33,-4.8,224,32.75,-2.81158,33.4822,0,0,0,0,0,0,0,0,0,0,0, 0,0,0,0,0,5,0,0,0,0
31480,3,28,-4.8,224,33,-2.81158,33.4822,0,0,0,0,0,0,0,0,0,0,0, 0,0,0,0,0,5,0,0,0,0
31480,4,294,-55.4,68,32,-8.39599,5.79201,0,0,0,0,0,0,0,0,0,0,0, 0,0,0,0,0,5,0,0,0,0
31480,5,246,-54.4,72,32,-8.78149,6.28693,0,0,0,0,0,0,0,0,0,0,0, 0,0,0,0,0,5,0,0,0,0
31480,6,23,-4.8,232,33,-2.91199,34.678,0,0,0,0,0,0,0,0,0,0,0, 0,0,0,0,0,5,0,0,0,0
31480,7,157,-53.4,76,32,-9.15212,6.79696,0,0,0,0,0,0,0,0,0,0,0, 0,0,0,0,0,5,0,0,0,0
31480,8,105,-49.8,80,32,-9.16555,7.74549,0,0,0,0,0,0,0,0,0,0,0, 0,0,0,0,0,5,0,0,0,0
31480,9,142,-56.5,60,32,-7.50497,4.96743,0,0,0,0,0,0,0,0,0,0,0, 0,0,0,0,0,5,0,0,0,0
31520,0,249,-55.4,64,32,-7.90211,5.4513,0,0,0,0,0,0,0,0,0,0,0, 0,0,0,0,0,6,0,0,0,0
31520,1,294,-55.4,68,32,-8.39599,5.79201,0,0,0,0,0,0,0,0,0,0,0, 0,0,0,0,0,6,0,0,0,0
31520,2,245,-55.4,72,32,-8.88987,6.13271,0,0,0,0,0,0,0,0,0,0,0, 0,0,0,0,0,6,0,0,0,0
31520,3,157,-53.4,76,32,-9.15212,6.79696,0,0,0,0,0,0,0,0,0,0,0, 0,0,0,0,0,6,0,0,0,0
31520,4,104,-49.8,80,32,-9.16555,7.74549,0,0,0,0,0,0,0,0,0,0,0, 0,0,0,0,0,6,0,0,0,0
31520,5,142,-55.4,60,32,-7.40823,5.11059,0,0,0,0,0,0,0,0,0,0,0, 0,0,0,0,0,6,0,0,0,0
31560,0,250,-56.5,64,32,-8.0053,5.2986,0,0,0,0,0,0,0,0,0,0,0, 0,0,0,0,0,7,0,0,0,0
31560,1,23,-2.4,224,31.75,-1.40702,33.5705,0,0,0,0,0,0,0,0,0,0,0, 0,0,0,0,0,7,0,0,0,0
31560,2,36,-1.8,224,32.75,-1.0554,33.5834,0,0,0,0,0,0,0,0,0,0,0, 0,0,0,0,0,7,0,0,0,0
31560,3,31,-1.8,224,33,-1.0554,33.5834,0,0,0,0,0,0,0,0,0,0,0, 0,0,0,0,0,7,0,0,0,0
31560,4,295,-55.4,68,32,-8.39599,5.79201,0,0,0,0,0,0,0,0,0,0,0, 0,0,0,0,0,7,0,0,0,0
31560,5,22,-4.2,228,31.75,-2.50475,34.1082,0,0,0,0,0,0,0,0,0,0,0, 0,0,0,0,0,7,0,0,0,0
31560,6,27,-4.2,228,33,-2.50475,34.1082,0,0,0,0,0,0,0,0,0,0,0, 0,0,0,0,0,7,0,0,0,0
31560,7,16,-13.2,452,17,-15.4822,66.0087,0,0,0,0,0,0,0,0,0,0,0, 0,0,0,0,0,7,0,0,0,0
31560,8,246,-55.4,72,32,-8.88987,6.13271,0,0,0,0,0,0,0,0,0,0,0, 0,0,0,0,0,7,0,0,0,0
31560,9,19,-1.2,232,33,-0.728796,34.7924,0,0,0,0,0,0,0,0,0,0,0, 0,0,0,0,0,7,0,0,0,0
31560,10,157,-53.4,76,32,-9.15212,6.79696,0,0,0,0,0,0,0,0,0,0,0, 0,0,0,0,0,7,0,0,0,0
31560,11,103,-49.8,80,32,-9.16555,7.74549,0,0,0,0,0,0,0,0,0,0,0, 0,0,0,0,0,7,0,0,0,0
31560,12,142,-56.5,60,32,-7.50497,4.96743,0,0,0,0,0,0,0,0,0,0,0, 0,0,0,0,0,7,0,0,0,0
31600,0,250,-56.5,64,32,-8.0053,5.2986,0,0,0,0,0,0,0,0,0,0,0, 0,0,0,0,0,8,0,0,0,0
31600,1,20,3.6,224,31.5,2.10976,33.5337,0,0,0,0,0,0,0,0,0,0,0, 0,0,0,0,0,8,0,0,0,0
31600,2,294,-56.5,68,32,-8.50564,5.62976,0,0,0,0,0,0,0,0,0,0,0, 0,0,0,0,0,8,0,0,0,0
31600,3,244,-55.4,72,32,-8.88987,6.13271,0,0,0,0,0,0,0,0,0,0,0, 0,0,0,0,0,8,0,0,0,0
31600,4,158,-53.4,76,32,-9.15212,6.79696,0,0,0,0,0,0,0,0,0,0,0, 0,0,0,0,0,8,0,0,0,0
31600,5,105,-51.6,80,32,-9.40432,7.45377,0,0,0,0,0,0,0,0,0,0,0, 0,0,0,0,0,8,0,0,0,0
31600,6,141,-56.5,60,32,-7.50497,4.96743,0,0,0,0,0,0,0,0,0,0,0, 0,0,0,0,0,8,0,0,0,0
31640,0,248,-56.5,64,32,-8.0053,5.2986,0,1334,0,0,0,0,0,0,0,0,0, 0,0,0,0,0,9,0,0,0,0
31640,1,292,-56.5,68,32,-8.50564,5.62976,0,1334,0,0,0,0,0,0,0,0,0, 0,0,0,0,0,9,0,0,0,0
31640,2,27,2.4,228,33,1.43215,34.17,0,1334,0,0,0,0,0,0,0,0,0, 0,0,0,0,0,9,0,0,0,0
31640,3,41,67.6,8,33,1.10946,0.457284,0,1334,0,0,0,0,0,0,0,0,0, 0,0,0,0,0,9,0,0,0,0
31640,4,244,-55.4,72,32,-8.88987,6.13271,0,1334,0,0,0,0,0,0,0,0,0, 0,0,0,0,0,9,0,0,0,0
31640,5,18,0.6,232,33,0.364418,34.7981,0,1334,0,0,0,0,0,0,0,0,0, 0,0,0,0,0,9,0,0,0,0
31640,6,156,-54.4,76,32,-9.26935,6.6362,0,1334,0,0,0,0,0,0,0,0,0, 0,0,0,0,0,9,0,0,0,0
31640,7,103,-53.4,80,32,-9.63381,7.1547,0,1334,0,0,0,0,0,0,0,0,0, 0,0,0,0,0,9,0,0,0,0
31640,8,141,-56.5,60,32,-7.50497,4.96743,0,1334,0,0,0,0,0,0,0,0,0, 0,0,0,0,0,9,0,0,0,0
31640,9,22,-0.6,220,31.75,-0.345569,32.9982,0,1334,0,0,0,0,0,0,0,0,0, 0,0,0,0,0,9,0,0,0,0
31680,0,249,-56.5,64,32,-8.0053,5.2986,0,0,0,0,0,0,0,0,0,0,0, 0,0,0,0,0,10,0,0,0,0
31680,1,292,-56.5,68,32,-8.50564,5.62976,0,0,0,0,0,0,0,0,0,0,0, 0,0,0,0,0,10,0,0,0,0
31680,2,244,-55.4,72,32,-8.88987,6.13271,0,0,0,0,0,0,0,0,0,0,0, 0,0,0,0,0,10,0,0,0,0
31680,3,158,-53.4,76,32,-9.15212,6.79696,0,0,0,0,0,0,0,0,0,0,0, 0,0,0,0,0,10,0,0,0,0
31680,4,103,-51.6,80,32,-9.40432,7.45377,0,0,0,0,0,0,0,0,0,0,0, 0,0,0,0,0,10,0,0,0,0
31680,5,141,-56.5,60,32,-7.50497,4.96743,0,0,0,0,0,0,0,0,0,0,0, 0,0,0,0,0,10,0,0,0,0
31720,0,249,-56.5,64,32,-8.0053,5.2986,0,7936,0,0,0,0,0,0,0,0,0, 0,0,0,0,0,11,0,0,0,0
31720,1,292,-55.4,68,32,-8.39599,5.79201,0,7936,0,0,0,0,0,0,0,0,0, 0,0,0,0,0,11,0,0,0,0
31720,2,17,1.8,228,31.75,1.07425,34.1831,0,7936,0,0,0,0,0,0,0,0,0, 0,0,0,0,0,11,0,0,0,0
31720,3,243,-55.4,72,32,-8.88987,6.13271,0,7936,0,0,0,0,0,0,0,0,0, 0,0,0,0,0,11,0,0,0,0
31720,4,20,-4.2,232,33,-2.54869,34.7065,0,7936,0,0,0,0,0,0,0,0,0, 0,0,0,0,0,11,0,0,0,0
31720,5,156,-53.4,76,32,-9.15212,6.79696,0,7936,0,0,0,0,0,0,0,0,0, 0,0,0,0,0,11,0,0,0,0
31720,6,104,-49.8,80,32,-9.16555,7.74549,0,7936,0,0,0,0,0,0,0,0,0, 0,0,0,0,0,11,0,0,0,0
31720,7,142,-56.5,60,32,-7.50497,4.96743,0,7936,0,0,0,0,0,0,0,0,0, 0,0,0,0,0,11,0,0,0,0
31720,8,21,3.6,220,33,2.07209,32.9349,0,7936,0,0,0,0,0,0,0,0,0, 0,0,0,0,0,11,0,0,0,0
31760,0,247,-56.5,64,32,-8.0053,5.2986,0,1139,0,0,0,0,0,0,0,0,0, 0,0,0,0,0,12,0,0,0,0
31760,1,23,-2.4,224,31.75,-1.40702,33.5705,0,1139,0,0,0,0,0,0,0,0,0, 0,0,0,0,0,12,0,0,0,0
31760,2,25,-6,224,33,-3.51216,33.4159,0,1139,0,0,0,0,0,0,0,0,0, 0,0,0,0,0,12,0,0,0,0
31760,3,291,-56.5,68,32,-8.50564,5.62976,0,1139,0,0,0,0,0,0,0,0,0, 0,0,0,0,0,12,0,0,0,0
31760,4,18,0.1,228,32.5,0.0596902,34.1999,0,1139,0,0,0,0,0,0,0,0,0, 0,0,0,0,0,12,0,0,0,0
31760,5,243,-55.4,72,32,-8.88987,6.13271,0,1139,0,0,0,0,0,0,0,0,0, 0,0,0,0,0,12,0,0,0,0
31760,6,155,-54.4,76,32,-9.26935,6.6362,0,1139,0,0,0,0,0,0,0,0,0, 0,0,0,0,0,12,0,0,0,0
31760,7,20,1.3,236,31.75,0.803132,35.3909,0,1139,0,0,0,0,0,0,0,0,0, 0,0,0,0,0,12,0,0,0,0
31760,8,101,-53.4,80,32,-9.63381,7.1547,0,1139,0,0,0,0,0,0,0,0,0, 0,0,0,0,0,12,0,0,0,0
31760,9,141,-57.4,60,32,-7.58207,4.84894,0,1139,0,0,0,0,0,0,0,0,0, 0,0,0,0,0,12,0,0,0,0
31760,10,23,1.3,220,31.75,0.748682,32.9915,0,1139,0,0,0,0,0,0,0,0,0, 0,0,0,0,0,12,0,0,0,0
31760,11,13,-5.4,380,46.5,-5.36417,56.747,0,1139,0,0,0,0,0,0,0,0,0, 0,0,0,0,0,12,0,0,0,0
31800,0,247,-57.4,64,32,-8.08754,5.1722,0,86,0,0,0,0,0,0,0,0,0, 0,0,0,0,0,13,0,0,0,0
31800,1,28,-1.8,224,31.75,-1.0554,33.5834,0,86,0,0,0,0,0,0,0,0,0, 0,0,0,0,0,13,0,0,0,0
31800,2,39,-0.6,224,32.75,-0.351852,33.5982,0,86,0,0,0,0,0,0,0,0,0, 0,0,0,0,0,13,0,0,0,0
31800,3,36,-0.6,224,33,-0.351852,33.5982,0,86,0,0,0,0,0,0,0,0,0, 0,0,0,0,0,13,0,0,0,0
31800,4,291,-56.5,68,32,-8.50564,5.62976,0,86,0,0,0,0,0,0,0,0,0, 0,0,0,0,0,13,0,0,0,0
31800,5,242,-56.5,72,32,-9.00597,5.96092,0,86,0,0,0,0,0,0,0,0,0, 0,0,0,0,0,13,0,0,0,0
31800,6,155,-54.4,76,32,-9.26935,6.6362,0,86,0,0,0,0,0,0,0,0,0, 0,0,0,0,0,13,0,0,0,0
31800,7,101,-53.4,80,32,-9.63381,7.1547,0,86,0,0,0,0,0,0,0,0,0, 0,0,0,0,0,13,0,0,0,0
31800,8,142,-56.5,60,32,-7.50497,4.96743,0,86,0,0,0,0,0,0,0,0,0, 0,0,0,0,0,13,0,0,0,0
31840,0,249,-56.5,64,32,-8.0053,5.2986,0,0,0,0,0,0,0,0,0,0,0, 0,0,0,0,0,14,0,0,0,0
31840,1,28,-4.2,224,31.75,-2.4608,33.5098,0,0,0,0,0,0,0,0,0,0,0, 0,0,0,0,0,14,0,0,0,0
31840,2,40,-3.6,224,32.5,-2.10976,33.5337,0,0,0,0,0,0,0,0,0,0,0, 0,0,0,0,0,14,0,0,0,0
31840,3,25,-3.6,224,33,-2.10976,33.5337,0,0,0,0,0,0,0,0,0,0,0, 0,0,0,0,0,14,0,0,0,0
31840,4,293,-56.5,68,32,-8.50564,5.62976,0,0,0,0,0,0,0,0,0,0,0, 0,0,0,0,0,14,0,0,0,0
31840,5,20,-7.8,228,33,-4.64147,33.8836,0,0,0,0,0,0,0,0,0,0,0, 0,0,0,0,0,14,0,0,0,0
31840,6,243,-56.5,72,32,-9.00597,5.96092,0,0,0,0,0,0,0,0,0,0,0, 0,0,0,0,0,14,0,0,0,0
31840,7,154,-54.4,76,32,-9.26935,6.6362,0,0,0,0,0,0,0,0,0,0,0, 0,0,0,0,0,14,0,0,0,0
31840,8,101,-54.4,80,32,-9.75721,6.98548,0,0,0,0,0,0,0,0,0,0,0, 0,0,0,0,0,14,0,0,0,0
31840,9,23,-6.6,244,31.75,-4.2067,36.3574,0,0,0,0,0,0,0,0,0,0,0, 0,0,0,0,0,14,0,0,0,0
31840,10,18,-8.4,244,32.25,-5.34664,36.2074,0,0,0,0,0,0,0,0,0,0,0, 0,0,0,0,0,14,0,0,0,0
31840,11,21,-3,248,31.5,-1.9469,37.149,0,0,0,0,0,0,0,0,0,0,0, 0,0,0,0,0,14,0,0,0,0
31840,12,145,-55.4,60,32,-7.40823,5.11059,0,0,0,0,0,0,0,0,0,0,0, 0,0,0,0,0,14,0,0,0,0
31880,0,251,-55.4,64,32,-7.90211,5.4513,0,0,0,0,0,0,0,0,0,0,0, 0,0,0,0,0,15,0,0,0,0
31880,1,292,-56.5,68,32,-8.50564,5.62976,0,0,0,0,0,0,0,0,0,0,0, 0,0,0,0,0,15,0,0,0,0
31880,2,242,-56.5,72,32,-9.00597,5.96092,0,0,0,0,0,0,0,0,0,0,0, 0,0,0,0,0,15,0,0,0,0
31880,3,26,-2.4,232,33,-1.45727,34.7695,0,0,0,0,0,0,0,0,0,0,0, 0,0,0,0,0,15,0,0,0,0
31880,4,153,-55.4,76,32,-9.38375,6.47342,0,0,0,0,0,0,0,0,0,0,0, 0,0,0,0,0,15,0,0,0,0
31880,5,100,-54.4,80,32,-9.75721,6.98548,0,0,0,0,0,0,0,0,0,0,0, 0,0,0,0,0,15,0,0,0,0
31880,6,141,-56.5,60,32,-7.50497,4.96743,0,0,0,0,0,0,0,0,0,0,0, 0,0,0,0,0,15,0,0,0,0
31920,0,246,-56.5,64,32,-8.0053,5.2986,0,0,0,0,0,0,0,0,0,0,0, 0,0,0,0,0,0,0,0,0,0
31920,1,288,-56.5,68,32,-8.50564,5.62976,0,0,0,0,0,0,0,0,0,0,0, 0,0,0,0,0,0,0,0,0,0
31920,2,241,-56.5,72,32,-9.00597,5.96092,0,0,0,0,0,0,0,0,0,0,0, 0,0,0,0,0,0,0,0,0,0
31920,3,152,-54.4,76,32,-9.26935,6.6362,0,0,0,0,0,0,0,0,0,0,0, 0,0,0,0,0,0,0,0,0,0
31920,4,101,-53.4,80,32,-9.63381,7.1547,0,0,0,0,0,0,0,0,0,0,0, 0,0,0,0,0,0,0,0,0,0
31920,5,140,-57.4,60,32,-7.58207,4.84894,0,0,0,0,0,0,0,0,0,0,0, 0,0,0,0,0,0,0,0,0,0
31960,0,246,-57.4,64,32,-8.08754,5.1722,0,0,0,0,0,0,0,0,0,0,0, 0,0,0,0,0,1,0,0,0,0
31960,1,289,-57.4,68,32,-8.59301,5.49546,0,0,0,0,0,0,0,0,0,0,0, 0,0,0,0,0,1,0,0,0,0
31960,2,21,0.1,228,31.75,0.0596902,34.1999,0,0,0,0,0,0,0,0,0,0,0, 0,0,0,0,0,1,0,0,0,0
31960,3,38,67.6,8,33,1.10946,0.457284,0,0,0,0,0,0,0,0,0,0,0, 0,0,0,0,0,1,0,0,0,0
31960,4,241,-56.5,72,32,-9.00597,5.96092,0,0,0,0,0,0,0,0,0,0,0, 0,0,0,0,0,1,0,0,0,0
31960,5,155,-54.4,76,32,-9.26935,6.6362,0,0,0,0,0,0,0,0,0,0,0, 0,0,0,0,0,1,0,0,0,0
31960,6,101,-53.4,80,32,-9.63381,7.1547,0,0,0,0,0,0,0,0,0,0,0, 0,0,0,0,0,1,0,0,0,0
31960,7,139,-57.4,60,32,-7.58207,4.84894,0,0,0,0,0,0,0,0,0,0,0, 0,0,0,0,0,1,0,0,0,0
32000,0,245,-57.4,64,32,-8.08754,5.1722,0,0,0,0,0,0,0,0,0,0,0, 0,0,0,0,0,2,0,0,0,0
32000,1,30,1.8,224,31.5,1.0554,33.5834,0,0,0,0,0,0,0,0,0,0,0, 0,0,0,0,0,2,0,0,0,0
32000,2,26,1.3,224,32.25,0.762294,33.5914,0,0,0,0,0,0,0,0,0,0,0, 0,0,0,0,0,2,0,0,0,0
32000,3,292,-56.5,68,32,-8.50564,5.62976,0,0,0,0,0,0,0,0,0,0,0, 0,0,0,0,0,2,0,0,0,0
32000,4,21,-1.2,228,33,-0.716231,34.1925,0,0,0,0,0,0,0,0,0,0,0, 0,0,0,0,0,2,0,0,0,0
32000,5,242,-56.5,72,32,-9.00597,5.96092,0,0,0,0,0,0,0,0,0,0,0, 0,0,0,0,0,2,0,0,0,0
32000,6,156,-53.4,76,32,-9.15212,6.79696,0,0,0,0,0,0,0,0,0,0,0, 0,0,0,0,0,2,0,0,0,0
32000,7,102,-51.6,80,32,-9.40432,7.45377,0,0,0,0,0,0,0,0,0,0,0, 0,0,0,0,0,2,0,0,0,0
32000,8,137,-58.4,60,32,-7.66554,4.71587,0,0,0,0,0,0,0,0,0,0,0, 0,0,0,0,0,2,0,0,0,0
32040,0,245,-57.4,64,32,-8.08754,5.1722,0,0,0,0,0,0,0,0,0,0,0, 0,0,0,0,0,3,0,0,0,0
32040,1,289,-56.5,68,32,-8.50564,5.62976,0,0,0,0,0,0,0,0,0,0,0, 0,0,0,0,0,3,0,0,0,0
32040,2,17,7.2,228,32.5,4.2864,33.9303,0,0,0,0,0,0,0,0,0,0,0, 0,0,0,0,0,3,0,0,0,0
32040,3,243,-55.4,72,32,-8.88987,6.13271,0,0,0,0,0,0,0,0,0,0,0, 0,0,0,0,0,3,0,0,0,0
32040,4,156,-53.4,76,32,-9.15212,6.79696,0,0,0,0,0,0,0,0,0,0,0, 0,0,0,0,0,3,0,0,0,0
32040,5,102,-49.8,80,32,-9.16555,7.74549,0,0,0,0,0,0,0,0,0,0,0, 0,0,0,0,0,3,0,0,0,0
32040,6,138,-58.4,60,32,-7.66554,4.71587,0,0,0,0,0,0,0,0,0,0,0, 0,0,0,0,0,3,0,0,0,0
32080,0,245,-58.4,64,32,-8.17658,5.03026,0,0,0,0,0,0,0,0,0,0,0, 0,0,0,0,0,4,0,0,0,0
32080,1,290,-57.4,68,32,-8.59301,5.49546,0,0,0,0,0,0,0,0,0,0,0, 0,0,0,0,0,4,0,0,0,0
32080,2,240,-56.5,72,32,-9.00597,5.96092,0,0,0,0,0,0,0,0,0,0,0, 0,0,0,0,0,4,0,0,0,0
32080,3,150,-54.4,76,32,-9.26935,6.6362,0,0,0,0,0,0,0,0,0,0,0, 0,0,0,0,0,4,0,0,0,0
32080,4,97,-48,80,32,-8.91774,8.02957,0,0,0,0,0,0,0,0,0,0,0, 0,0,0,0,0,4,0,0,0,0
32080,5,140,-58.4,60,32,-7.66554,4.71587,0,0,0,0,0,0,0,0,0,0,0, 0,0,0,0,0,4,0,0,0,0
32120,0,249,-57.4,64,32,-8.08754,5.1722,0,0,0,0,0,0,0,0,0,0,0, 0,0,0,0,0,5,0,0,0,0
32120,1,294,-56.5,68,32,-8.50564,5.62976,0,0,0,0,0,0,0,0,0,0,0, 0,0,0,0,0,5,0,0,0,0
32120,2,43,72.4,8,33,1.14383,0.362844,0,0,0,0,0,0,0,0,0,0,0, 0,0,0,0,0,5,0,0,0,0
32120,3,244,-55.4,72,32,-8.88987,6.13271,0,0,0,0,0,0,0,0,0,0,0, 0,0,0,0,0,5,0,0,0,0
32120,4,25,-3.6,232,31.75,-2.18511,34.7313,0,0,0,0,0,0,0,0,0,0,0, 0,0,0,0,0,5,0,0,0,0
32120,5,155,-53.4,76,32,-9.15212,6.79696,0,0,0,0,0,0,0,0,0,0,0, 0,0,0,0,0,5,0,0,0,0
32120,6,100,-49.8,80,32,-9.16555,7.74549,0,0,0,0,0,0,0,0,0,0,0, 0,0,0,0,0,5,0,0,0,0
32120,7,140,-58.4,60,32,-7.66554,4.71587,0,0,0,0,0,0,0,0,0,0,0, 0,0,0,0,0,5,0,0,0,0
32160,0,246,-57.4,64,32,-8.08754,5.1722,0,0,0,0,0,0,0,0,0,0,0, 0,0,0,0,0,6,0,0,0,0
32160,1,27,-8.4,224,33,-4.90839,33.2396,0,0,0,0,0,0,0,0,0,0,0, 0,0,0,0,0,6,0,0,0,0
32160,2,291,-56.5,68,32,-8.50564,5.62976,0,0,0,0,0,0,0,0,0,0,0, 0,0,0,0,0,6,0,0,0,0
32160,3,240,-55.4,72,32,-8.88987,6.13271,0,0,0,0,0,0,0,0,0,0,0, 0,0,0,0,0,6,0,0,0,0
32160,4,153,-54.4,76,32,-9.26935,6.6362,0,0,0,0,0,0,0,0,0,0,0, 0,0,0,0,0,6,0,0,0,0
32160,5,99,-49.8,80,32,-9.16555,7.74549,0,0,0,0,0,0,0,0,0,0,0, 0,0,0,0,0,6,0,0,0,0
32160,6,22,3.6,216,33,2.03441,32.3361,0,0,0,0,0,0,0,0,0,0,0, 0,0,0,0,0,6,0,0,0,0
32160,7,139,-58.4,60,32,-7.66554,4.71587,0,0,0,0,0,0,0,0,0,0,0, 0,0,0,0,0,6,0,0,0,0
32160,8,18,-5.4,220,31.75,-3.10557,32.8535,0,0,0,0,0,0,0,0,0,0,0, 0,0,0,0,0,6,0,0,0,0
32160,9,28,-2.4,220,32.75,-1.3819,32.9711,0,0,0,0,0,0,0,0,0,0,0, 0,0,0,0,0,6,0,0,0,0
32160,10,27,-3,220,33,-1.72709,32.9548,0,0,0,0,0,0,0,0,0,0,0, 0,0,0,0,0,6,0,0,0,0
32200,0,245,-58.4,64,32,-8.17658,5.03026,0,0,0,0,0,0,0,0,0,0,0, 0,0,0,0,0,7,0,0,0,0
32200,1,290,-57.4,68,32,-8.59301,5.49546,0,0,0,0,0,0,0,0,0,0,0, 0,0,0,0,0,7,0,0,0,0
32200,2,241,-56.5,72,32,-9.00597,5.96092,0,0,0,0,0,0,0,0,0,0,0, 0,0,0,0,0,7,0,0,0,0
32200,3,154,-54.4,76,32,-9.26935,6.6362,0,0,0,0,0,0,0,0,0,0,0, 0,0,0,0,0,7,0,0,0,0
32200,4,100,-49.8,80,32,-9.16555,7.74549,0,0,0,0,0,0,0,0,0,0,0, 0,0,0,0,0,7,0,0,0,0
32200,5,141,-58.4,60,32,-7.66554,4.71587,0,0,0,0,0,0,0,0,0,0,0, 0,0,0,0,0,7,0,0,0,0
32200,6,21,-0.6,220,33,-0.345569,32.9982,0,0,0,0,0,0,0,0,0,0,0, 0,0,0,0,0,7,0,0,0,0
32240,0,247,-57.4,64,32,-8.08754,5.1722,0,0,0,0,0,0,0,0,0,0,0, 0,0,0,0,0,8,0,0,0,0
32240,1,27,-1.8,224,32.75,-1.0554,33.5834,0,0,0,0,0,0,0,0,0,0,0, 0,0,0,0,0,8,0,0,0,0
32240,2,30,-2.4,224,33,-1.40702,33.5705,0,0,0,0,0,0,0,0,0,0,0, 0,0,0,0,0,8,0,0,0,0
32240,3,291,-56.5,68,32,-8.50564,5.62976,0,0,0,0,0,0,0,0,0,0,0, 0,0,0,0,0,8,0,0,0,0
32240,4,242,-55.4,72,32,-8.88987,6.13271,0,0,0,0,0,0,0,0,0,0,0, 0,0,0,0,0,8,0,0,0,0
32240,5,154,-53.4,76,32,-9.15212,6.79696,0,0,0,0,0,0,0,0,0,0,0, 0,0,0,0,0,8,0,0,0,0
32240,6,101,-49.8,80,32,-9.16555,7.74549,0,0,0,0,0,0,0,0,0,0,0, 0,0,0,0,0,8,0,0,0,0
32240,7,139,-58.4,60,32,-7.66554,4.71587,0,0,0,0,0,0,0,0,0,0,0, 0,0,0,0,0,8,0,0,0,0
32280,0,248,-57.4,64,32,-8.08754,5.1722,0,1334,0,0,0,0,0,0,0,0,0, 0,0,0,0,0,9,0,0,0,0
32280,1,292,-56.5,68,32,-8.50564,5.62976,0,1334,0,0,0,0,0,0,0,0,0, 0,0,0,0,0,9,0,0,0,0
32280,2,26,-6,228,32.75,-3.57487,34.0126,0,1334,0,0,0,0,0,0,0,0,0, 0,0,0,0,0,9,0,0,0,0
32280,3,26,-6.6,228,33,-3.93085,33.9733,0,1334,0,0,0,0,0,0,0,0,0, 0,0,0,0,0,9,0,0,0,0
32280,4,243,-55.4,72,32,-8.88987,6.13271,0,1334,0,0,0,0,0,0,0,0,0, 0,0,0,0,0,9,0,0,0,0
32280,5,156,-53.4,76,32,-9.15212,6.79696,0,1334,0,0,0,0,0,0,0,0,0, 0,0,0,0,0,9,0,0,0,0
32280,6,102,-49.8,80,32,-9.16555,7.74549,0,1334,0,0,0,0,0,0,0,0,0, 0,0,0,0,0,9,0,0,0,0
32280,7,141,-58.4,60,32,-7.66554,4.71587,0,1334,0,0,0,0,0,0,0,0,0, 0,0,0,0,0,9,0,0,0,0
32320,0,247,-57.4,64,32,-8.08754,5.1722,0,0,0,0,0,0,0,0,0,0,0, 0,0,0,0,0,10,0,0,0,0
32320,1,291,-56.5,68,32,-8.50564,5.62976,0,0,0,0,0,0,0,0,0,0,0, 0,0,0,0,0,10,0,0,0,0
32320,2,243,-55.4,72,32,-8.88987,6.13271,0,0,0,0,0,0,0,0,0,0,0, 0,0,0,0,0,10,0,0,0,0
32320,3,156,-53.4,76,32,-9.15212,6.79696,0,0,0,0,0,0,0,0,0,0,0, 0,0,0,0,0,10,0,0,0,0
32320,4,101,-49.8,80,32,-9.16555,7.74549,0,0,0,0,0,0,0,0,0,0,0, 0,0,0,0,0,10,0,0,0,0
32320,5,140,-57.4,60,32,-7.58207,4.84894,0,0,0,0,0,0,0,0,0,0,0, 0,0,0,0,0,10,0,0,0,0
32360,0,246,-57.4,64,32,-8.08754,5.1722,0,7936,0,0,0,0,0,0,0,0,0, 0,0,0,0,0,11,0,0,0,0
32360,1,291,-56.5,68,32,-8.50564,5.62976,0,7936,0,0,0,0,0,0,0,0,0, 0,0,0,0,0,11,0,0,0,0
32360,2,242,-56.5,72,32,-9.00597,5.96092,0,7936,0,0,0,0,0,0,0,0,0, 0,0,0,0,0,11,0,0,0,0
32360,3,17,-0.6,232,31.75,-0.364418,34.7981,0,7936,0,0,0,0,0,0,0,0,0, 0,0,0,0,0,11,0,0,0,0
32360,4,154,-53.4,76,32,-9.15212,6.79696,0,7936,0,0,0,0,0,0,0,0,0, 0,0,0,0,0,11,0,0,0,0
32360,5,102,-49.8,80,32,-9.16555,7.74549,0,7936,0,0,0,0,0,0,0,0,0, 0,0,0,0,0,11,0,0,0,0
32360,6,18,3.6,240,31.75,2.26046,35.929,0,7936,0,0,0,0,0,0,0,0,0, 0,0,0,0,0,11,0,0,0,0
32360,7,141,-58.4,60,32,-7.66554,4.71587,0,7936,0,0,0,0,0,0,0,0,0, 0,0,0,0,0,11,0,0,0,0
32360,8,23,-3.6,220,31.75,-2.07209,32.9349,0,7936,0,0,0,0,0,0,0,0,0, 0,0,0,0,0,11,0,0,0,0
32360,9,26,-7.2,220,33,-4.136,32.7398,0,7936,0,0,0,0,0,0,0,0,0, 0,0,0,0,0,11,0,0,0,0
32400,0,247,-58.4,64,32,-8.17658,5.03026,0,1139,0,0,0,0,0,0,0,0,0, 0,0,0,0,0,12,0,0,0,0
32400,1,291,-57.4,68,32,-8.59301,5.49546,0,1139,0,0,0,0,0,0,0,0,0, 0,0,0,0,0,12,0,0,0,0
32400,2,241,-56.5,72,32,-9.00597,5.96092,0,1139,0,0,0,0,0,0,0,0,0, 0,0,0,0,0,12,0,0,0,0
32400,3,153,-53.4,76,32,-9.15212,6.79696,0,1139,0,0,0,0,0,0,0,0,0, 0,0,0,0,0,12,0,0,0,0
32400,4,21,-6,236,31.75,-3.70031,35.2061,0,1139,0,0,0,0,0,0,0,0,0, 0,0,0,0,0,12,0,0,0,0
32400,5,17,-0.6,236,33,-0.370701,35.3981,0,1139,0,0,0,0,0,0,0,0,0, 0,0,0,0,0,12,0,0,0,0
32400,6,100,-49.8,80,32,-9.16555,7.74549,0,1139,0,0,0,0,0,0,0,0,0, 0,0,0,0,0,12,0,0,0,0
32400,7,140,-58.4,60,32,-7.66554,4.71587,0,1139,0,0,0,0,0,0,0,0,0, 0,0,0,0,0,12,0,0,0,0
32440,0,244,-58.4,64,32,-8.17658,5.03026,0,86,0,0,0,0,0,0,0,0,0, 0,0,0,0,0,13,0,0,0,0
32440,1,287,-57.4,68,32,-8.59301,5.49546,0,86,0,0,0,0,0,0,0,0,0, 0,0,0,0,0,13,0,0,0,0
32440,2,32,-3,228,31.75,-1.78989,34.1531,0,86,0,0,0,0,0,0,0,0,0, 0,0,0,0,0,13,0,0,0,0
32440,3,50,-2.4,228,32.75,-1.43215,34.17,0,86,0,0,0,0,0,0,0,0,0, 0,0,0,0,0,13,0,0,0,0
32440,4,48,-3,228,33,-1.78989,34.1531,0,86,0,0,0,0,0,0,0,0,0, 0,0,0,0,0,13,0,0,0,0
32440,5,242,-56.5,72,32,-9.00597,5.96092,0,86,0,0,0,0,0,0,0,0,0, 0,0,0,0,0,13,0,0,0,0
32440,6,153,-54.4,76,32,-9.26935,6.6362,0,86,0,0,0,0,0,0,0,0,0, 0,0,0,0,0,13,0,0,0,0
32440,7,15,1.8,236,32.5,1.11194,35.3825,0,86,0,0,0,0,0,0,0,0,0, 0,0,0,0,0,13,0,0,0,0
32440,8,99,-51.6,80,32,-9.40432,7.45377,0,86,0,0,0,0,0,0,0,0,0, 0,0,0,0,0,13,0,0,0,0
32440,9,19,-0.6,244,32.25,-0.383267,36.598,0,86,0,0,0,0,0,0,0,0,0, 0,0,0,0,0,13,0,0,0,0
32440,10,138,-58.4,60,32,-7.66554,4.71587,0,86,0,0,0,0,0,0,0,0,0, 0,0,0,0,0,13,0,0,0,0
32480,0,245,-57.4,64,32,-8.08754,5.1722,0,0,0,0,0,0,0,0,0,0,0, 0,0,0,0,0,14,0,0,0,0
32480,1,18,-1.2,224,31.75,-0.703665,33.5926,0,0,0,0,0,0,0,0,0,0,0, 0,0,0,0,0,14,0,0,0,0
32480,2,290,-57.4,68,32,-8.59301,5.49546,0,0,0,0,0,0,0,0,0,0,0, 0,0,0,0,0,14,0,0,0,0
32480,3,41,75.1,8,33,1.15965,0.308559,0,0,0,0,0,0,0,0,0,0,0, 0,0,0,0,0,14,0,0,0,0
32480,4,242,-56.5,72,32,-9.00597,5.96092,0,0,0,0,0,0,0,0,0,0,0, 0,0,0,0,0,14,0,0,0,0
32480,5,18,3.1,232,32.5,1.88194,34.7491,0,0,0,0,0,0,0,0,0,0,0, 0,0,0,0,0,14,0,0,0,0
32480,6,154,-55.4,76,32,-9.38375,6.47342,0,0,0,0,0,0,0,0,0,0,0, 0,0,0,0,0,14,0,0,0,0
32480,7,100,-51.6,80,32,-9.40432,7.45377,0,0,0,0,0,0,0,0,0,0,0, 0,0,0,0,0,14,0,0,0,0
32480,8,140,-57.4,60,32,-7.58207,4.84894,0,0,0,0,0,0,0,0,0,0,0, 0,0,0,0,0,14,0,0,0,0
32520,0,247,-57.4,64,32,-8.08754,5.1722,0,0,0,0,0,0,0,0,0,0,0, 0,0,0,0,0,15,0,0,0,0
32520,1,21,-10.2,224,33,-5.95005,33.069,0,0,0,0,0,0,0,0,0,0,0, 0,0,0,0,0,15,0,0,0,0
32520,2,291,-56.5,68,32,-8.50564,5.62976,0,0,0,0,0,0,0,0,0,0,0, 0,0,0,0,0,15,0,0,0,0
32520,3,243,-55.4,72,32,-8.88987,6.13271,0,0,0,0,0,0,0,0,0,0,0, 0,0,0,0,0,15,0,0,0,0
32520,4,155,-53.4,76,32,-9.15212,6.79696,0,0,0,0,0,0,0,0,0,0,0, 0,0,0,0,0,15,0,0,0,0
32520,5,101,-48,80,32,-8.91774,8.02957,0,0,0,0,0,0,0,0,0,0,0, 0,0,0,0,0,15,0,0,0,0
32520,6,29,3.1,240,31.75,1.94684,35.9473,0,0,0,0,0,0,0,0,0,0,0, 0,0,0,0,0,15,0,0,0,0
32520,7,141,-56.5,60,32,-7.50497,4.96743,0,0,0,0,0,0,0,0,0,0,0, 0,0,0,0,0,15,0,0,0,0
32560,0,248,-56.5,64,32,-8.0053,5.2986,0,0,0,0,0,0,0,0,0,0,0, 0,0,0,0,0,0,0,0,0,0
32560,1,27,-3,224,31.75,-1.75849,33.554,0,0,0,0,0,0,0,0,0,0,0, 0,0,0,0,0,0,0,0,0,0
32560,2,294,-55.4,68,32,-8.39599,5.79201,0,0,0,0,0,0,0,0,0,0,0, 0,0,0,0,0,0,0,0,0,0
32560,3,25,-4.8,228,32.5,-2.86178,34.0801,0,0,0,0,0,0,0,0,0,0,0, 0,0,0,0,0,0,0,0,0,0
32560,4,245,-55.4,72,32,-8.88987,6.13271,0,0,0,0,0,0,0,0,0,0,0, 0,0,0,0,0,0,0,0,0,0
32560,5,155,-53.4,76,32,-9.15212,6.79696,0,0,0,0,0,0,0,0,0,0,0, 0,0,0,0,0,0,0,0,0,0
32560,6,105,-48,80,32,-8.91774,8.02957,0,0,0,0,0,0,0,0,0,0,0, 0,0,0,0,0,0,0,0,0,0
32560,7,142,-56.5,60,32,-7.50497,4.96743,0,0,0,0,0,0,0,0,0,0,0, 0,0,0,0,0,0,0,0,0,0
32560,8,29,-1.8,220,31.75,-1.03656,32.9837,0,0,0,0,0,0,0,0,0,0,0, 0,0,0,0,0,0,0,0,0,0
32560,9,30,-1.2,220,33,-0.6911,32.9928,0,0,0,0,0,0,0,0,0,0,0, 0,0,0,0,0,0,0,0,0,0
32600,0,250,-56.5,64,32,-8.0053,5.2986,0,0,0,0,0,0,0,0,0,0,0, 0,0,0,0,0,1,0,0,0,0
32600,1,295,-55.4,68,32,-8.39599,5.79201,0,0,0,0,0,0,0,0,0,0,0, 0,0,0,0,0,1,0,0,0,0
32600,2,27,-1.2,228,31.75,-0.716231,34.1925,0,0,0,0,0,0,0,0,0,0,0, 0,0,0,0,0,1,0,0,0,0
32600,3,27,1.3,228,33,0.775907,34.1912,0,0,0,0,0,0,0,0,0,0,0, 0,0,0,0,0,1,0,0,0,0
32600,4,46,75.1,8,33,1.15965,0.308559,0,0,0,0,0,0,0,0,0,0,0, 0,0,0,0,0,1,0,0,0,0
32600,5,247,-55.4,72,32,-8.88987,6.13271,0,0,0,0,0,0,0,0,0,0,0, 0,0,0,0,0,1,0,0,0,0
32600,6,28,2.4,232,31.75,1.45727,34.7695,0,0,0,0,0,0,0,0,0,0,0, 0,0,0,0,0,1,0,0,0,0
32600,7,27,3.1,232,33,1.88194,34.7491,0,0,0,0,0,0,0,0,0,0,0, 0,0,0,0,0,1,0,0,0,0
32600,8,156,-53.4,76,32,-9.15212,6.79696,0,0,0,0,0,0,0,0,0,0,0, 0,0,0,0,0,1,0,0,0,0
32600,9,103,-48,80,32,-8.91774,8.02957,0,0,0,0,0,0,0,0,0,0,0, 0,0,0,0,0,1,0,0,0,0
32600,10,25,3.1,240,31.5,1.94684,35.9473,0,0,0,0,0,0,0,0,0,0,0, 0,0,0,0,0,1,0,0,0,0
32600,11,140,-57.4,60,32,-7.58207,4.84894,0,0,0,0,0,0,0,0,0,0,0, 0,0,0,0,0,1,0,0,0,0
32600,12,30,-5.4,220,31.75,-3.10557,32.8535,0,0,0,0,0,0,0,0,0,0,0, 0,0,0,0,0,1,0,0,0,0
32600,13,26,-1.2,220,33,-0.6911,32.9928,0,0,0,0,0,0,0,0,0,0,0, 0,0,0,0,0,1,0,0,0,0
32640,0,248,-57.4,64,32,-8.08754,5.1722,0,0,0,0,0,0,0,0,0,0,0, 0,0,0,0,0,2,0,0,0,0
32640,1,18,1.3,224,33,0.762294,33.5914,0,0,0,0,0,0,0,0,0,0,0, 0,0,0,0,0,2,0,0,0,0
32640,2,293,-56.5,68,32,-8.50564,5.62976,0,0,0,0,0,0,0,0,0,0,0, 0,0,0,0,0,2,0,0,0,0
32640,3,245,-55.4,72,32,-8.88987,6.13271,0,0,0,0,0,0,0,0,0,0,0, 0,0,0,0,0,2,0,0,0,0
32640,4,21,3.1,232,31.75,1.88194,34.7491,0,0,0,0,0,0,0,0,0,0,0, 0,0,0,0,0,2,0,0,0,0
32640,5,157,-53.4,76,32,-9.15212,6.79696,0,0,0,0,0,0,0,0,0,0,0, 0,0,0,0,0,2,0,0,0,0
32640,6,33,1.8,236,31.75,1.11194,35.3825,0,0,0,0,0,0,0,0,0,0,0, 0,0,0,0,0,2,0,0,0,0
32640,7,41,1.8,236,32.75,1.11194,35.3825,0,0,0,0,0,0,0,0,0,0,0, 0,0,0,0,0,2,0,0,0,0
32640,8,37,1.8,236,33,1.11194,35.3825,0,0,0,0,0,0,0,0,0,0,0, 0,0,0,0,0,2,0,0,0,0
32640,9,103,-48,80,32,-8.91774,8.02957,0,0,0,0,0,0,0,0,0,0,0, 0,0,0,0,0,2,0,0,0,0
32640,10,20,1.3,240,33,0.816744,35.9907,0,0,0,0,0,0,0,0,0,0,0, 0,0,0,0,0,2,0,0,0,0
32640,11,139,-58.4,60,32,-7.66554,4.71587,0,0,0,0,0,0,0,0,0,0,0, 0,0,0,0,0,2,0,0,0,0
32640,12,23,2.4,220,31.75,1.3819,32.9711,0,0,0,0,0,0,0,0,0,0,0, 0,0,0,0,0,2,0,0,0,0
32640,13,22,-1.2,220,33,-0.6911,32.9928,0,0,0,0,0,0,0,0,0,0,0, 0,0,0,0,0,2,0,0,0,0
32680,0,246,-57.4,64,32,-8.08754,5.1722,0,0,0,0,0,0,0,0,0,0,0, 0,0,0,0,0,3,0,0,0,0
32680,1,292,-56.5,68,32,-8.50564,5.62976,0,0,0,0,0,0,0,0,0,0,0, 0,0,0,0,0,3,0,0,0,0
32680,2,243,-55.4,72,32,-8.88987,6.13271,0,0,0,0,0,0,0,0,0,0,0, 0,0,0,0,0,3,0,0,0,0
32680,3,21,1.8,232,31.75,1.09309,34.7828,0,0,0,0,0,0,0,0,0,0,0, 0,0,0,0,0,3,0,0,0,0
32680,4,156,-53.4,76,32,-9.15212,6.79696,0,0,0,0,0,0,0,0,0,0,0, 0,0,0,0,0,3,0,0,0,0
32680,5,17,2.4,236,31.75,1.4824,35.3689,0,0,0,0,0,0,0,0,0,0,0, 0,0,0,0,0,3,0,0,0,0
32680,6,103,-48,80,32,-8.91774,8.02957,0,0,0,0,0,0,0,0,0,0,0, 0,0,0,0,0,3,0,0,0,0
32680,7,140,-57.4,60,32,-7.58207,4.84894,0,0,0,0,0,0,0,0,0,0,0, 0,0,0,0,0,3,0,0,0,0
32720,0,249,-57.4,64,32,-8.08754,5.1722,0,0,0,0,0,0,0,0,0,0,0, 0,0,0,0,0,4,0,0,0,0
32720,1,291,-56.5,68,32,-8.50564,5.62976,0,0,0,0,0,0,0,0,0,0,0, 0,0,0,0,0,4,0,0,0,0
32720,2,244,-56.5,72,32,-9.00597,5.96092,0,0,0,0,0,0,0,0,0,0,0, 0,0,0,0,0,4,0,0,0,0
32720,3,20,3.6,232,33,2.18511,34.7313,0,0,0,0,0,0,0,0,0,0,0, 0,0,0,0,0,4,0,0,0,0
32720,4,156,-53.4,76,32,-9.15212,6.79696,0,0,0,0,0,0,0,0,0,0,0, 0,0,0,0,0,4,0,0,0,0
32720,5,102,-48,80,32,-8.91774,8.02957,0,0,0,0,0,0,0,0,0,0,0, 0,0,0,0,0,4,0,0,0,0
32720,6,138,-57.4,60,32,-7.58207,4.84894,0,0,0,0,0,0,0,0,0,0,0, 0,0,0,0,0,4,0,0,0,0
32760,0,246,-57.4,64,32,-8.08754,5.1722,0,0,0,0,0,0,0,0,0,0,0, 0,0,0,0,0,5,0,0,0,0
32760,1,289,-57.4,68,32,-8.59301,5.49546,0,0,0,0,0,0,0,0,0,0,0, 0,0,0,0,0,5,0,0,0,0
32760,2,242,-56.5,72,32,-9.00597,5.96092,0,0,0,0,0,0,0,0,0,0,0, 0,0,0,0,0,5,0,0,0,0
32760,3,155,-53.4,76,32,-9.15212,6.79696,0,0,0,0,0,0,0,0,0,0,0, 0,0,0,0,0,5,0,0,0,0
32760,4,102,-48,80,32,-8.91774,8.02957,0,0,0,0,0,0,0,0,0,0,0, 0,0,0,0,0,5,0,0,0,0
32760,5,138,-58.4,60,32,-7.66554,4.71587,0,0,0,0,0,0,0,0,0,0,0, 0,0,0,0,0,5,0,0,0,0
32760,6,21,-3,220,33,-1.72709,32.9548,0,0,0,0,0,0,0,0,0,0,0, 0,0,0,0,0,5,0,0,0,0
32800,0,247,-57.4,64,32,-8.08754,5.1722,0,0,0,0,0,0,0,0,0,0,0, 0,0,0,0,0,6,0,0,0,0
32800,1,24,-4.2,224,32.75,-2.4608,33.5098,0,0,0,0,0,0,0,0,0,0,0, 0,0,0,0,0,6,0,0,0,0
32800,2,24,-4.2,224,33,-2.4608,33.5098,0,0,0,0,0,0,0,0,0,0,0, 0,0,0,0,0,6,0,0,0,0
32800,3,290,-56.5,68,32,-8.50564,5.62976,0,0,0,0,0,0,0,0,0,0,0, 0,0,0,0,0,6,0,0,0,0
32800,4,241,-55.4,72,32,-8.88987,6.13271,0,0,0,0,0,0,0,0,0,0,0, 0,0,0,0,0,6,0,0,0,0
32800,5,153,-53.4,76,32,-9.15212,6.79696,0,0,0,0,0,0,0,0,0,0,0, 0,0,0,0,0,6,0,0,0,0
32800,6,102,-48,80,32,-8.91774,8.02957,0,0,0,0,0,0,0,0,0,0,0, 0,0,0,0,0,6,0,0,0,0
32800,7,139,-58.4,60,32,-7.66554,4.71587,0,0,0,0,0,0,0,0,0,0,0, 0,0,0,0,0,6,0,0,0,0
32840,0,248,-56.5,64,32,-8.0053,5.2986,0,0,0,0,0,0,0,0,0,0,0, 0,0,0,0,0,7,0,0,0,0
32840,1,24,-1.2,224,31.25,-0.703665,33.5926,0,0,0,0,0,0,0,0,0,0,0, 0,0,0,0,0,7,0,0,0,0
32840,2,292,-56.5,68,32,-8.50564,5.62976,0,0,0,0,0,0,0,0,0,0,0, 0,0,0,0,0,7,0,0,0,0
32840,3,242,-55.4,72,32,-8.88987,6.13271,0,0,0,0,0,0,0,0,0,0,0, 0,0,0,0,0,7,0,0,0,0
32840,4,154,-53.4,76,32,-9.15212,6.79696,0,0,0,0,0,0,0,0,0,0,0, 0,0,0,0,0,7,0,0,0,0
32840,5,101,-48,80,32,-8.91774,8.02957,0,0,0,0,0,0,0,0,0,0,0, 0,0,0,0,0,7,0,0,0,0
32840,6,139,-57.4,60,32,-7.58207,4.84894,0,0,0,0,0,0,0,0,0,0,0, 0,0,0,0,0,7,0,0,0,0
32840,7,22,1.8,220,31.75,1.03656,32.9837,0,0,0,0,0,0,0,0,0,0,0, 0,0,0,0,0,7,0,0,0,0
32880,0,247,-57.4,64,32,-8.08754,5.1722,0,0,0,0,0,0,0,0,0,0,0, 0,0,0,0,0,8,0,0,0,0
32880,1,291,-56.5,68,32,-8.50564,5.62976,0,0,0,0,0,0,0,0,0,0,0, 0,0,0,0,0,8,0,0,0,0
32880,2,42,1.3,228,31.75,0.775907,34.1912,0,0,0,0,0,0,0,0,0,0,0, 0,0,0,0,0,8,0,0,0,0
32880,3,34,1.8,228,33,1.07425,34.1831,0,0,0,0,0,0,0,0,0,0,0, 0,0,0,0,0,8,0,0,0,0
32880,4,242,-56.5,72,32,-9.00597,5.96092,0,0,0,0,0,0,0,0,0,0,0, 0,0,0,0,0,8,0,0,0,0
32880,5,21,4.2,232,32.5,2.54869,34.7065,0,0,0,0,0,0,0,0,0,0,0, 0,0,0,0,0,8,0,0,0,0
32880,6,153,-54.4,76,32,-9.26935,6.6362,0,0,0,0,0,0,0,0,0,0,0, 0,0,0,0,0,8,0,0,0,0
32880,7,101,-49.8,80,32,-9.16555,7.74549,0,0,0,0,0,0,0,0,0,0,0, 0,0,0,0,0,8,0,0,0,0
32880,8,140,-56.5,60,32,-7.50497,4.96743,0,0,0,0,0,0,0,0,0,0,0, 0,0,0,0,0,8,0,0,0,0
32880,9,23,-3.6,220,31.75,-2.07209,32.9349,0,0,0,0,0,0,0,0,0,0,0, 0,0,0,0,0,8,0,0,0,0
32880,10,27,-3,220,32.75,-1.72709,32.9548,0,0,0,0,0,0,0,0,0,0,0, 0,0,0,0,0,8,0,0,0,0
32880,11,23,-3.6,220,33,-2.07209,32.9349,0,0,0,0,0,0,0,0,0,0,0, 0,0,0,0,0,8,0,0,0,0
32920,0,248,-56.5,64,32,-8.0053,5.2986,0,1334,0,0,0,0,0,0,0,0,0, 0,0,0,0,0,9,0,0,0,0
32920,1,293,-56.5,68,32,-8.50564,5.62976,0,1334,0,0,0,0,0,0,0,0,0, 0,0,0,0,0,9,0,0,0,0
32920,2,46,67.6,8,33,1.10946,0.457284,0,1334,0,0,0,0,0,0,0,0,0, 0,0,0,0,0,9,0,0,0,0
32920,3,244,-55.4,72,32,-8.88987,6.13271,0,1334,0,0,0,0,0,0,0,0,0, 0,0,0,0,0,9,0,0,0,0
32920,4,154,-54.4,76,32,-9.26935,6.6362,0,1334,0,0,0,0,0,0,0,0,0, 0,0,0,0,0,9,0,0,0,0
32920,5,100,-49.8,80,32,-9.16555,7.74549,0,1334,0,0,0,0,0,0,0,0,0, 0,0,0,0,0,9,0,0,0,0
32920,6,139,-57.4,60,32,-7.58207,4.84894,0,1334,0,0,0,0,0,0,0,0,0, 0,0,0,0,0,9,0,0,0,0
32920,7,22,-4.2,220,33,-2.41686,32.9114,0,1334,0,0,0,0,0,0,0,0,0, 0,0,0,0,0,9,0,0,0,0
32960,0,246,-57.4,64,32,-8.08754,5.1722,0,0,0,0,0,0,0,0,0,0,0, 0,0,0,0,0,10,0,0,0,0
32960,1,292,-56.5,68,32,-8.50564,5.62976,0,0,0,0,0,0,0,0,0,0,0, 0,0,0,0,0,10,0,0,0,0
32960,2,243,-56.5,72,32,-9.00597,5.96092,0,0,0,0,0,0,0,0,0,0,0, 0,0,0,0,0,10,0,0,0,0
32960,3,155,-54.4,76,32,-9.26935,6.6362,0,0,0,0,0,0,0,0,0,0,0, 0,0,0,0,0,10,0,0,0,0
32960,4,14,6.6,236,31.75,4.06878,35.1654,0,0,0,0,0,0,0,0,0,0,0, 0,0,0,0,0,10,0,0,0,0
32960,5,101,-51.6,80,32,-9.40432,7.45377,0,0,0,0,0,0,0,0,0,0,0, 0,0,0,0,0,10,0,0,0,0
32960,6,22,-3,216,31.75,-1.69569,32.3556,0,0,0,0,0,0,0,0,0,0,0, 0,0,0,0,0,10,0,0,0,0
32960,7,29,-3.6,216,32.25,-2.03441,32.3361,0,0,0,0,0,0,0,0,0,0,0, 0,0,0,0,0,10,0,0,0,0
32960,8,27,-1.8,216,33,-1.01771,32.384,0,0,0,0,0,0,0,0,0,0,0, 0,0,0,0,0,10,0,0,0,0
32960,9,139,-57.4,60,32,-7.58207,4.84894,0,0,0,0,0,0,0,0,0,0,0, 0,0,0,0,0,10,0,0,0,0
32960,10,24,-4.2,220,31.75,-2.41686,32.9114,0,0,0,0,0,0,0,0,0,0,0, 0,0,0,0,0,10,0,0,0,0
32960,11,29,-7.2,220,32.75,-4.136,32.7398,0,0,0,0,0,0,0,0,0,0,0, 0,0,0,0,0,10,0,0,0,0
32960,12,28,-8.4,220,33,-4.82074,32.646,0,0,0,0,0,0,0,0,0,0,0, 0,0,0,0,0,10,0,0,0,0
33000,0,247,-57.4,64,32,-8.08754,5.1722,0,7936,0,0,0,0,0,0,0,0,0, 0,0,0,0,0,11,0,0,0,0
33000,1,293,-56.5,68,32,-8.50564,5.62976,0,7936,0,0,0,0,0,0,0,0,0, 0,0,0,0,0,11,0,0,0,0
33000,2,23,5.4,228,31.25,3.2185,34.0482,0,7936,0,0,0,0,0,0,0,0,0, 0,0,0,0,0,11,0,0,0,0
33000,3,243,-56.5,72,32,-9.00597,5.96092,0,7936,0,0,0,0,0,0,0,0,0, 0,0,0,0,0,11,0,0,0,0
33000,4,154,-54.4,76,32,-9.26935,6.6362,0,7936,0,0,0,0,0,0,0,0,0, 0,0,0,0,0,11,0,0,0,0
33000,5,29,1.3,236,31.5,0.803132,35.3909,0,7936,0,0,0,0,0,0,0,0,0, 0,0,0,0,0,11,0,0,0,0
33000,6,102,-49.8,80,32,-9.16555,7.74549,0,7936,0,0,0,0,0,0,0,0,0, 0,0,0,0,0,11,0,0,0,0
33000,7,143,-56.5,60,32,-7.50497,4.96743,0,7936,0,0,0,0,0,0,0,0,0, 0,0,0,0,0,11,0,0,0,0
33000,8,24,-1.8,220,32.75,-1.03656,32.9837,0,7936,0,0,0,0,0,0,0,0,0, 0,0,0,0,0,11,0,0,0,0
33000,9,21,-3,220,33,-1.72709,32.9548,0,7936,0,0,0,0,0,0,0,0,0, 0,0,0,0,0,11,0,0,0,0
33040,0,249,-56.5,64,32,-8.0053,5.2986,0,1139,0,0,0,0,0,0,0,0,0, 0,0,0,0,0,12,0,0,0,0
33040,1,292,-56.5,68,32,-8.50564,5.62976,0,1139,0,0,0,0,0,0,0,0,0, 0,0,0,0,0,12,0,0,0,0
33040,2,23,1.3,228,31.75,0.775907,34.1912,0,1139,0,0,0,0,0,0,0,0,0, 0,0,0,0,0,12,0,0,0,0
33040,3,26,2.4,228,32.25,1.43215,34.17,0,1139,0,0,0,0,0,0,0,0,0, 0,0,0,0,0,12,0,0,0,0
33040,4,39,66.6,8,33,1.10131,0.476577,0,1139,0,0,0,0,0,0,0,0,0, 0,0,0,0,0,12,0,0,0,0
33040,5,244,-55.4,72,32,-8.88987,6.13271,0,1139,0,0,0,0,0,0,0,0,0, 0,0,0,0,0,12,0,0,0,0
33040,6,155,-53.4,76,32,-9.15212,6.79696,0,1139,0,0,0,0,0,0,0,0,0, 0,0,0,0,0,12,0,0,0,0
33040,7,100,-49.8,80,32,-9.16555,7.74549,0,1139,0,0,0,0,0,0,0,0,0, 0,0,0,0,0,12,0,0,0,0
33040,8,19,-2.4,216,31.75,-1.35677,32.3716,0,1139,0,0,0,0,0,0,0,0,0, 0,0,0,0,0,12,0,0,0,0
33040,9,19,0.1,216,33,0.0565486,32.4,0,1139,0,0,0,0,0,0,0,0,0, 0,0,0,0,0,12,0,0,0,0
33040,10,142,-57.4,60,32,-7.58207,4.84894,0,1139,0,0,0,0,0,0,0,0,0, 0,0,0,0,0,12,0,0,0,0
33040,11,20,-3,220,31.75,-1.72709,32.9548,0,1139,0,0,0,0,0,0,0,0,0, 0,0,0,0,0,12,0,0,0,0
33040,12,23,-3,220,33,-1.72709,32.9548,0,1139,0,0,0,0,0,0,0,0,0, 0,0,0,0,0,12,0,0,0,0
33080,0,248,-57.4,64,32,-8.08754,5.1722,0,86,0,0,0,0,0,0,0,0,0, 0,0,0,0,0,13,0,0,0,0
33080,1,292,-56.5,68,32,-8.50564,5.62976,0,86,0,0,0,0,0,0,0,0,0, 0,0,0,0,0,13,0,0,0,0
33080,2,242,-55.4,72,32,-8.88987,6.13271,0,86,0,0,0,0,0,0,0,0,0, 0,0,0,0,0,13,0,0,0,0
33080,3,155,-54.4,76,32,-9.26935,6.6362,0,86,0,0,0,0,0,0,0,0,0, 0,0,0,0,0,13,0,0,0,0
33080,4,100,-49.8,80,32,-9.16555,7.74549,0,86,0,0,0,0,0,0,0,0,0, 0,0,0,0,0,13,0,0,0,0
33080,5,140,-58.4,60,32,-7.66554,4.71587,0,86,0,0,0,0,0,0,0,0,0, 0,0,0,0,0,13,0,0,0,0
33120,0,246,-57.4,64,32,-8.08754,5.1722,0,0,0,0,0,0,0,0,0,0,0, 0,0,0,0,0,14,0,0,0,0
33120,1,24,0.6,224,31.75,0.351852,33.5982,0,0,0,0,0,0,0,0,0,0,0, 0,0,0,0,0,14,0,0,0,0
33120,2,33,-3,224,33,-1.75849,33.554,0,0,0,0,0,0,0,0,0,0,0, 0,0,0,0,0,14,0,0,0,0
33120,3,292,-56.5,68,32,-8.50564,5.62976,0,0,0,0,0,0,0,0,0,0,0, 0,0,0,0,0,14,0,0,0,0
33120,4,33,-1.8,228,31.75,-1.07425,34.1831,0,0,0,0,0,0,0,0,0,0,0, 0,0,0,0,0,14,0,0,0,0
33120,5,33,2.4,228,32.75,1.43215,34.17,0,0,0,0,0,0,0,0,0,0,0, 0,0,0,0,0,14,0,0,0,0
33120,6,27,4.2,228,33,2.50475,34.1082,0,0,0,0,0,0,0,0,0,0,0, 0,0,0,0,0,14,0,0,0,0
33120,7,241,-56.5,72,32,-9.00597,5.96092,0,0,0,0,0,0,0,0,0,0,0, 0,0,0,0,0,14,0,0,0,0
33120,8,155,-53.4,76,32,-9.15212,6.79696,0,0,0,0,0,0,0,0,0,0,0, 0,0,0,0,0,14,0,0,0,0
33120,9,16,-1.2,236,31.75,-0.741362,35.3922,0,0,0,0,0,0,0,0,0,0,0, 0,0,0,0,0,14,0,0,0,0
33120,10,99,-51.6,80,32,-9.40432,7.45377,0,0,0,0,0,0,0,0,0,0,0, 0,0,0,0,0,14,0,0,0,0
33120,11,141,-58.4,60,32,-7.66554,4.71587,0,0,0,0,0,0,0,0,0,0,0, 0,0,0,0,0,14,0,0,0,0
33120,12,25,-1.2,220,31.75,-0.6911,32.9928,0,0,0,0,0,0,0,0,0,0,0, 0,0,0,0,0,14,0,0,0,0
33120,13,37,-5.4,220,32.5,-3.10557,32.8535,0,0,0,0,0,0,0,0,0,0,0, 0,0,0,0,0,14,0,0,0,0
33160,0,246,-57.4,64,32,-8.08754,5.1722,0,0,0,0,0,0,0,0,0,0,0, 0,0,0,0,0,15,0,0,0,0
33160,1,289,-56.5,68,32,-8.50564,5.62976,0,0,0,0,0,0,0,0,0,0,0, 0,0,0,0,0,15,0,0,0,0
33160,2,242,-56.5,72,32,-9.00597,5.96092,0,0,0,0,0,0,0,0,0,0,0, 0,0,0,0,0,15,0,0,0,0
33160,3,152,-54.4,76,32,-9.26935,6.6362,0,0,0,0,0,0,0,0,0,0,0, 0,0,0,0,0,15,0,0,0,0
33160,4,99,-51.6,80,32,-9.40432,7.45377,0,0,0,0,0,0,0,0,0,0,0, 0,0,0,0,0,15,0,0,0,0
33160,5,140,-58.4,60,32,-7.66554,4.71587,0,0,0,0,0,0,0,0,0,0,0, 0,0,0,0,0,15,0,0,0,0
33200,0,247,-57.4,64,32,-8.08754,5.1722,0,0,0,0,0,0,0,0,0,0,0, 0,0,0,0,0,0,0,0,0,0
33200,1,27,-4.2,224,32.75,-2.4608,33.5098,0,0,0,0,0,0,0,0,0,0,0, 0,0,0,0,0,0,0,0,0,0
33200,2,27,-4.2,224,33,-2.4608,33.5098,0,0,0,0,0,0,0,0,0,0,0, 0,0,0,0,0,0,0,0,0,0
33200,3,290,-56.5,68,32,-8.50564,5.62976,0,0,0,0,0,0,0,0,0,0,0, 0,0,0,0,0,0,0,0,0,0
33200,4,23,0.1,228,32.75,0.0596902,34.1999,0,0,0,0,0,0,0,0,0,0,0, 0,0,0,0,0,0,0,0,0,0
33200,5,20,-4.2,228,33.25,-2.50475,34.1082,0,0,0,0,0,0,0,0,0,0,0, 0,0,0,0,0,0,0,0,0,0
33200,6,36,75.1,8,33,1.15965,0.308559,0,0,0,0,0,0,0,0,0,0,0, 0,0,0,0,0,0,0,0,0,0
33200,7,242,-55.4,72,32,-8.88987,6.13271,0,0,0,0,0,0,0,0,0,0,0, 0,0,0,0,0,0,0,0,0,0
33200,8,18,8.8,232,33,5.32391,34.3903,0,0,0,0,0,0,0,0,0,0,0, 0,0,0,0,0,0,0,0,0,0
33200,9,153,-53.4,76,32,-9.15212,6.79696,0,0,0,0,0,0,0,0,0,0,0, 0,0,0,0,0,0,0,0,0,0
33200,10,28,-0.6,236,31.75,-0.370701,35.3981,0,0,0,0,0,0,0,0,0,0,0, 0,0,0,0,0,0,0,0,0,0
33200,11,36,2.4,236,32.75,1.4824,35.3689,0,0,0,0,0,0,0,0,0,0,0, 0,0,0,0,0,0,0,0,0,0
33200,12,32,3.1,236,33,1.91439,35.3482,0,0,0,0,0,0,0,0,0,0,0, 0,0,0,0,0,0,0,0,0,0
33200,13,98,-51.6,80,32,-9.40432,7.45377,0,0,0,0,0,0,0,0,0,0,0, 0,0,0,0,0,0,0,0,0,0
33200,14,23,-1.8,216,33,-1.01771,32.384,0,0,0,0,0,0,0,0,0,0,0, 0,0,0,0,0,0,0,0,0,0
33200,15,141,-56.5,60,32,-7.50497,4.96743,0,0,0,0,0,0,0,0,0,0,0, 0,0,0,0,0,0,0,0,0,0
33200,16,23,-3,220,33,-1.72709,32.9548,0,0,0,0,0,0,0,0,0,0,0, 0,0,0,0,0,0,0,0,0,0
33240,0,247,-56.5,64,32,-8.0053,5.2986,0,0,0,0,0,0,0,0,0,0,0, 0,0,0,0,0,1,0,0,0,0
33240,1,20,0.1,224,33,0.058643,33.5999,0,0,0,0,0,0,0,0,0,0,0, 0,0,0,0,0,1,0,0,0,0
33240,2,291,-56.5,68,32,-8.50564,5.62976,0,0,0,0,0,0,0,0,0,0,0, 0,0,0,0,0,1,0,0,0,0
33240,3,242,-55.4,72,32,-8.88987,6.13271,0,0,0,0,0,0,0,0,0,0,0, 0,0,0,0,0,1,0,0,0,0
33240,4,154,-53.4,76,32,-9.15212,6.79696,0,0,0,0,0,0,0,0,0,0,0, 0,0,0,0,0,1,0,0,0,0
33240,5,99,-51.6,80,32,-9.40432,7.45377,0,0,0,0,0,0,0,0,0,0,0, 0,0,0,0,0,1,0,0,0,0
33240,6,140,-57.4,60,32,-7.58207,4.84894,0,0,0,0,0,0,0,0,0,0,0, 0,0,0,0,0,1,0,0,0,0
33240,7,29,-0.6,220,32.25,-0.345569,32.9982,0,0,0,0,0,0,0,0,0,0,0, 0,0,0,0,0,1,0,0,0,0
33240,8,27,-1.8,220,33,-1.03656,32.9837,0,0,0,0,0,0,0,0,0,0,0, 0,0,0,0,0,1,0,0,0,0
33280,0,247,-57.4,64,32,-8.08754,5.1722,0,0,0,0,0,0,0,0,0,0,0, 0,0,0,0,0,2,0,0,0,0
33280,1,28,1.3,224,31.75,0.762294,33.5914,0,0,0,0,0,0,0,0,0,0,0, 0,0,0,0,0,2,0,0,0,0
33280,2,34,-1.8,224,32.25,-1.0554,33.5834,0,0,0,0,0,0,0,0,0,0,0, 0,0,0,0,0,2,0,0,0,0
33280,3,29,-3.6,224,33,-2.10976,33.5337,0,0,0,0,0,0,0,0,0,0,0, 0,0,0,0,0,2,0,0,0,0
33280,4,291,-56.5,68,32,-8.50564,5.62976,0,0,0,0,0,0,0,0,0,0,0, 0,0,0,0,0,2,0,0,0,0
33280,5,243,-55.4,72,32,-8.88987,6.13271,0,0,0,0,0,0,0,0,0,0,0, 0,0,0,0,0,2,0,0,0,0
33280,6,17,10.6,232,31.75,6.40151,34.2062,0,0,0,0,0,0,0,0,0,0,0, 0,0,0,0,0,2,0,0,0,0
33280,7,154,-53.4,76,32,-9.15212,6.79696,0,0,0,0,0,0,0,0,0,0,0, 0,0,0,0,0,2,0,0,0,0
33280,8,100,-51.6,80,32,-9.40432,7.45377,0,0,0,0,0,0,0,0,0,0,0, 0,0,0,0,0,2,0,0,0,0
33280,9,19,-1.8,240,33,-1.13079,35.9822,0,0,0,0,0,0,0,0,0,0,0, 0,0,0,0,0,2,0,0,0,0
33280,10,140,-57.4,60,32,-7.58207,4.84894,0,0,0,0,0,0,0,0,0,0,0, 0,0,0,0,0,2,0,0,0,0
33280,11,21,1.8,220,31.75,1.03656,32.9837,0,0,0,0,0,0,0,0,0,0,0, 0,0,0,0,0,2,0,0,0,0
33280,12,17,0.1,220,33,0.0575958,33,0,0,0,0,0,0,0,0,0,0,0, 0,0,0,0,0,2,0,0,0,0
33320,0,248,-56.5,64,32,-8.0053,5.2986,0,0,0,0,0,0,0,0,0,0,0, 0,0,0,0,0,3,0,0,0,0
33320,1,293,-56.5,68,32,-8.50564,5.62976,0,0,0,0,0,0,0,0,0,0,0, 0,0,0,0,0,3,0,0,0,0
33320,2,244,-55.4,72,32,-8.88987,6.13271,0,0,0,0,0,0,0,0,0,0,0, 0,0,0,0,0,3,0,0,0,0
33320,3,155,-54.4,76,32,-9.26935,6.6362,0,0,0,0,0,0,0,0,0,0,0, 0,0,0,0,0,3,0,0,0,0
33320,4,100,-51.6,80,32,-9.40432,7.45377,0,0,0,0,0,0,0,0,0,0,0, 0,0,0,0,0,3,0,0,0,0
33320,5,17,-5.4,216,32.75,-3.04911,32.2562,0,0,0,0,0,0,0,0,0,0,0, 0,0,0,0,0,3,0,0,0,0
33320,6,140,-58.4,60,32,-7.66554,4.71587,0,0,0,0,0,0,0,0,0,0,0, 0,0,0,0,0,3,0,0,0,0
33360,0,249,-57.4,64,32,-8.08754,5.1722,0,0,0,0,0,0,0,0,0,0,0, 0,0,0,0,0,4,0,0,0,0
33360,1,293,-56.5,68,32,-8.50564,5.62976,0,0,0,0,0,0,0,0,0,0,0, 0,0,0,0,0,4,0,0,0,0
33360,2,245,-56.5,72,32,-9.00597,5.96092,0,0,0,0,0,0,0,0,0,0,0, 0,0,0,0,0,4,0,0,0,0
33360,3,155,-54.4,76,32,-9.26935,6.6362,0,0,0,0,0,0,0,0,0,0,0, 0,0,0,0,0,4,0,0,0,0
33360,4,100,-53.4,80,32,-9.63381,7.1547,0,0,0,0,0,0,0,0,0,0,0, 0,0,0,0,0,4,0,0,0,0
33360,5,141,-58.4,60,32,-7.66554,4.71587,0,0,0,0,0,0,0,0,0,0,0, 0,0,0,0,0,4,0,0,0,0
33400,0,248,-57.4,64,32,-8.08754,5.1722,0,0,0,0,0,0,0,0,0,0,0, 0,0,0,0,0,5,0,0,0,0
33400,1,293,-57.4,68,32,-8.59301,5.49546,0,0,0,0,0,0,0,0,0,0,0, 0,0,0,0,0,5,0,0,0,0
33400,2,245,-56.5,72,32,-9.00597,5.96092,0,0,0,0,0,0,0,0,0,0,0, 0,0,0,0,0,5,0,0,0,0
33400,3,156,-55.4,76,32,-9.38375,6.47342,0,0,0,0,0,0,0,0,0,0,0, 0,0,0,0,0,5,0,0,0,0
33400,4,101,-53.4,80,32,-9.63381,7.1547,0,0,0,0,0,0,0,0,0,0,0, 0,0,0,0,0,5,0,0,0,0
33400,5,140,-58.4,60,32,-7.66554,4.71587,0,0,0,0,0,0,0,0,0,0,0, 0,0,0,0,0,5,0,0,0,0
33440,0,249,-58.4,64,32,-8.17658,5.03026,0,0,0,0,0,0,0,0,0,0,0, 0,0,0,0,0,6,0,0,0,0
33440,1,12,-75,416,21,-60.2738,16.1503,0,0,0,0,0,0,0,0,0,0,0, 0,0,0,0,0,6,0,0,0,0
33440,2,292,-57.4,68,32,-8.59301,5.49546,0,0,0,0,0,0,0,0,0,0,0, 0,0,0,0,0,6,0,0,0,0
33440,3,16,0.6,228,31.75,0.358135,34.1981,0,0,0,0,0,0,0,0,0,0,0, 0,0,0,0,0,6,0,0,0,0
33440,4,46,72.4,8,33,1.14383,0.362844,0,0,0,0,0,0,0,0,0,0,0, 0,0,0,0,0,6,0,0,0,0
33440,5,244,-57.4,72,32,-9.09849,5.81872,0,0,0,0,0,0,0,0,0,0,0, 0,0,0,0,0,6,0,0,0,0
33440,6,154,-55.4,76,32,-9.38375,6.47342,0,0,0,0,0,0,0,0,0,0,0, 0,0,0,0,0,6,0,0,0,0
33440,7,19,2.4,236,31.75,1.4824,35.3689,0,0,0,0,0,0,0,0,0,0,0, 0,0,0,0,0,6,0,0,0,0
33440,8,101,-51.6,80,32,-9.40432,7.45377,0,0,0,0,0,0,0,0,0,0,0, 0,0,0,0,0,6,0,0,0,0
33440,9,139,-57.4,60,32,-7.58207,4.84894,0,0,0,0,0,0,0,0,0,0,0, 0,0,0,0,0,6,0,0,0,0
33480,0,246,-57.4,64,32,-8.08754,5.1722,0,0,0,0,0,0,0,0,0,0,0, 0,0,0,0,0,7,0,0,0,0
33480,1,293,-57.4,68,32,-8.59301,5.49546,0,0,0,0,0,0,0,0,0,0,0, 0,0,0,0,0,7,0,0,0,0
33480,2,25,-1.2,228,31.75,-0.716231,34.1925,0,0,0,0,0,0,0,0,0,0,0, 0,0,0,0,0,7,0,0,0,0
33480,3,25,-0.6,228,32.25,-0.358135,34.1981,0,0,0,0,0,0,0,0,0,0,0, 0,0,0,0,0,7,0,0,0,0
33480,4,245,-56.5,72,32,-9.00597,5.96092,0,0,0,0,0,0,0,0,0,0,0, 0,0,0,0,0,7,0,0,0,0
33480,5,155,-55.4,76,32,-9.38375,6.47342,0,0,0,0,0,0,0,0,0,0,0, 0,0,0,0,0,7,0,0,0,0
33480,6,100,-51.6,80,32,-9.40432,7.45377,0,0,0,0,0,0,0,0,0,0,0, 0,0,0,0,0,7,0,0,0,0
33480,7,18,0.6,216,33,0.339286,32.3982,0,0,0,0,0,0,0,0,0,0,0, 0,0,0,0,0,7,0,0,0,0
33480,8,141,-57.4,60,32,-7.58207,4.84894,0,0,0,0,0,0,0,0,0,0,0, 0,0,0,0,0,7,0,0,0,0
33480,9,17,-3.6,220,33,-2.07209,32.9349,0,0,0,0,0,0,0,0,0,0,0, 0,0,0,0,0,7,0,0,0,0
33520,0,249,-57.4,64,32,-8.08754,5.1722,0,0,0,0,0,0,0,0,0,0,0, 0,0,0,0,0,8,0,0,0,0
33520,1,292,-57.4,68,32,-8.59301,5.49546,0,0,0,0,0,0,0,0,0,0,0, 0,0,0,0,0,8,0,0,0,0
33520,2,243,-57.4,72,32,-9.09849,5.81872,0,0,0,0,0,0,0,0,0,0,0, 0,0,0,0,0,8,0,0,0,0
33520,3,155,-55.4,76,32,-9.38375,6.47342,0,0,0,0,0,0,0,0,0,0,0, 0,0,0,0,0,8,0,0,0,0
33520,4,101,-51.6,80,32,-9.40432,7.45377,0,0,0,0,0,0,0,0,0,0,0, 0,0,0,0,0,8,0,0,0,0
33520,5,141,-58.4,60,32,-7.66554,4.71587,0,0,0,0,0,0,0,0,0,0,0, 0,0,0,0,0,8,0,0,0,0
33560,0,248,-57.4,64,32,-8.08754,5.1722,0,1334,0,0,0,0,0,0,0,0,0, 0,0,0,0,0,9,0,0,0,0
33560,1,292,-56.5,68,32,-8.50564,5.62976,0,1334,0,0,0,0,0,0,0,0,0, 0,0,0,0,0,9,0,0,0,0
33560,2,243,-56.5,72,32,-9.00597,5.96092,0,1334,0,0,0,0,0,0,0,0,0, 0,0,0,0,0,9,0,0,0,0
33560,3,157,-54.4,76,32,-9.26935,6.6362,0,1334,0,0,0,0,0,0,0,0,0, 0,0,0,0,0,9,0,0,0,0
33560,4,101,-51.6,80,32,-9.40432,7.45377,0,1334,0,0,0,0,0,0,0,0,0, 0,0,0,0,0,9,0,0,0,0
33560,5,141,-57.4,60,32,-7.58207,4.84894,0,1334,0,0,0,0,0,0,0,0,0, 0,0,0,0,0,9,0,0,0,0
33600,0,249,-57.4,64,32,-8.08754,5.1722,0,0,0,0,0,0,0,0,0,0,0, 0,0,0,0,0,10,0,0,0,0
33600,1,291,-56.5,68,32,-8.50564,5.62976,0,0,0,0,0,0,0,0,0,0,0, 0,0,0,0,0,10,0,0,0,0
33600,2,245,-56.5,72,32,-9.00597,5.96092,0,0,0,0,0,0,0,0,0,0,0, 0,0,0,0,0,10,0,0,0,0
33600,3,154,-54.4,76,32,-9.26935,6.6362,0,0,0,0,0,0,0,0,0,0,0, 0,0,0,0,0,10,0,0,0,0
33600,4,102,-51.6,80,32,-9.40432,7.45377,0,0,0,0,0,0,0,0,0,0,0, 0,0,0,0,0,10,0,0,0,0
33600,5,24,-1.8,216,31.75,-1.01771,32.384,0,0,0,0,0,0,0,0,0,0,0, 0,0,0,0,0,10,0,0,0,0
33600,6,22,-3,216,33,-1.69569,32.3556,0,0,0,0,0,0,0,0,0,0,0, 0,0,0,0,0,10,0,0,0,0
33600,7,141,-57.4,60,32,-7.58207,4.84894,0,0,0,0,0,0,0,0,0,0,0, 0,0,0,0,0,10,0,0,0,0
33600,8,40,-0.6,220,31.75,-0.345569,32.9982,0,0,0,0,0,0,0,0,0,0,0, 0,0,0,0,0,10,0,0,0,0
33600,9,44,-2.4,220,32.25,-1.3819,32.9711,0,0,0,0,0,0,0,0,0,0,0, 0,0,0,0,0,10,0,0,0,0
33600,10,30,-0.6,220,33,-0.345569,32.9982,0,0,0,0,0,0,0,0,0,0,0, 0,0,0,0,0,10,0,0,0,0
33640,0,247,-57.4,64,32,-8.08754,5.1722,0,7936,0,0,0,0,0,0,0,0,0, 0,0,0,0,0,11,0,0,0,0
33640,1,292,-57.4,68,32,-8.59301,5.49546,0,7936,0,0,0,0,0,0,0,0,0, 0,0,0,0,0,11,0,0,0,0
33640,2,242,-56.5,72,32,-9.00597,5.96092,0,7936,0,0,0,0,0,0,0,0,0, 0,0,0,0,0,11,0,0,0,0
33640,3,156,-54.4,76,32,-9.26935,6.6362,0,7936,0,0,0,0,0,0,0,0,0, 0,0,0,0,0,11,0,0,0,0
33640,4,104,-51.6,80,32,-9.40432,7.45377,0,7936,0,0,0,0,0,0,0,0,0, 0,0,0,0,0,11,0,0,0,0
33640,5,141,-58.4,60,32,-7.66554,4.71587,0,7936,0,0,0,0,0,0,0,0,0, 0,0,0,0,0,11,0,0,0,0
33680,0,250,-57.4,64,32,-8.08754,5.1722,0,1139,0,0,0,0,0,0,0,0,0, 0,0,0,0,0,12,0,0,0,0
33680,1,293,-56.5,68,32,-8.50564,5.62976,0,1139,0,0,0,0,0,0,0,0,0, 0,0,0,0,0,12,0,0,0,0
33680,2,245,-56.5,72,32,-9.00597,5.96092,0,1139,0,0,0,0,0,0,0,0,0, 0,0,0,0,0,12,0,0,0,0
33680,3,157,-55.4,76,32,-9.38375,6.47342,0,1139,0,0,0,0,0,0,0,0,0, 0,0,0,0,0,12,0,0,0,0
33680,4,103,-51.6,80,32,-9.40432,7.45377,0,1139,0,0,0,0,0,0,0,0,0, 0,0,0,0,0,12,0,0,0,0
33680,5,23,-3,216,31.5,-1.69569,32.3556,0,1139,0,0,0,0,0,0,0,0,0, 0,0,0,0,0,12,0,0,0,0
33680,6,140,-58.4,60,32,-7.66554,4.71587,0,1139,0,0,0,0,0,0,0,0,0, 0,0,0,0,0,12,0,0,0,0
33720,0,247,-57.4,64,32,-8.08754,5.1722,0,86,0,0,0,0,0,0,0,0,0, 0,0,0,0,0,13,0,0,0,0
33720,1,292,-57.4,68,32,-8.59301,5.49546,0,86,0,0,0,0,0,0,0,0,0, 0,0,0,0,0,13,0,0,0,0
33720,2,244,-56.5,72,32,-9.00597,5.96092,0,86,0,0,0,0,0,0,0,0,0, 0,0,0,0,0,13,0,0,0,0
33720,3,156,-54.4,76,32,-9.26935,6.6362,0,86,0,0,0,0,0,0,0,0,0, 0,0,0,0,0,13,0,0,0,0
33720,4,104,-49.8,80,32,-9.16555,7.74549,0,86,0,0,0,0,0,0,0,0,0, 0,0,0,0,0,13,0,0,0,0
33720,5,139,-57.4,60,32,-7.58207,4.84894,0,86,0,0,0,0,0,0,0,0,0, 0,0,0,0,0,13,0,0,0,0
33760,0,247,-57.4,64,32,-8.08754,5.1722,0,0,0,0,0,0,0,0,0,0,0, 0,0,0,0,0,14,0,0,0,0
33760,1,293,-56.5,68,32,-8.50564,5.62976,0,0,0,0,0,0,0,0,0,0,0, 0,0,0,0,0,14,0,0,0,0
33760,2,246,-55.4,72,32,-8.88987,6.13271,0,0,0,0,0,0,0,0,0,0,0, 0,0,0,0,0,14,0,0,0,0
33760,3,158,-54.4,76,32,-9.26935,6.6362,0,0,0,0,0,0,0,0,0,0,0, 0,0,0,0,0,14,0,0,0,0
33760,4,104,-49.8,80,32,-9.16555,7.74549,0,0,0,0,0,0,0,0,0,0,0, 0,0,0,0,0,14,0,0,0,0
33760,5,138,-58.4,60,32,-7.66554,4.71587,0,0,0,0,0,0,0,0,0,0,0, 0,0,0,0,0,14,0,0,0,0
33800,0,247,-57.4,64,32,-8.08754,5.1722,0,0,0,0,0,0,0,0,0,0,0, 0,0,0,0,0,15,0,0,0,0
33800,1,292,-56.5,68,32,-8.50564,5.62976,0,0,0,0,0,0,0,0,0,0,0, 0,0,0,0,0,15,0,0,0,0
33800,2,40,71.1,8,33,1.1353,0.388701,0,0,0,0,0,0,0,0,0,0,0, 0,0,0,0,0,15,0,0,0,0
33800,3,245,-56.5,72,32,-9.00597,5.96092,0,0,0,0,0,0,0,0,0,0,0, 0,0,0,0,0,15,0,0,0,0
33800,4,158,-54.4,76,32,-9.26935,6.6362,0,0,0,0,0,0,0,0,0,0,0, 0,0,0,0,0,15,0,0,0,0
33800,5,105,-51.6,80,32,-9.40432,7.45377,0,0,0,0,0,0,0,0,0,0,0, 0,0,0,0,0,15,0,0,0,0
33800,6,138,-58.4,60,32,-7.66554,4.71587,0,0,0,0,0,0,0,0,0,0,0, 0,0,0,0,0,15,0,0,0,0
33840,0,247,-58.4,64,32,-8.17658,5.03026,0,0,0,0,0,0,0,0,0,0,0, 0,0,0,0,0,0,0,0,0,0
33840,1,293,-57.4,68,32,-8.59301,5.49546,0,0,0,0,0,0,0,0,0,0,0, 0,0,0,0,0,0,0,0,0,0
33840,2,243,-56.5,72,32,-9.00597,5.96092,0,0,0,0,0,0,0,0,0,0,0, 0,0,0,0,0,0,0,0,0,0
33840,3,157,-54.4,76,32,-9.26935,6.6362,0,0,0,0,0,0,0,0,0,0,0, 0,0,0,0,0,0,0,0,0,0
33840,4,104,-49.8,80,32,-9.16555,7.74549,0,0,0,0,0,0,0,0,0,0,0, 0,0,0,0,0,0,0,0,0,0
33840,5,140,-58.4,60,32,-7.66554,4.71587,0,0,0,0,0,0,0,0,0,0,0, 0,0,0,0,0,0,0,0,0,0
33880,0,245,-58.4,64,32,-8.17658,5.03026,0,0,0,0,0,0,0,0,0,0,0, 0,0,0,0,0,1,0,0,0,0
33880,1,25,-2.4,224,31.25,-1.40702,33.5705,0,0,0,0,0,0,0,0,0,0,0, 0,0,0,0,0,1,0,0,0,0
33880,2,25,-2.4,224,32.25,-1.40702,33.5705,0,0,0,0,0,0,0,0,0,0,0, 0,0,0,0,0,1,0,0,0,0
33880,3,292,-57.4,68,32,-8.59301,5.49546,0,0,0,0,0,0,0,0,0,0,0, 0,0,0,0,0,1,0,0,0,0
33880,4,243,-56.5,72,32,-9.00597,5.96092,0,0,0,0,0,0,0,0,0,0,0, 0,0,0,0,0,1,0,0,0,0
33880,5,155,-54.4,76,32,-9.26935,6.6362,0,0,0,0,0,0,0,0,0,0,0, 0,0,0,0,0,1,0,0,0,0
33880,6,20,-7.8,236,31.25,-4.80433,35.0725,0,0,0,0,0,0,0,0,0,0,0, 0,0,0,0,0,1,0,0,0,0
33880,7,102,-49.8,80,32,-9.16555,7.74549,0,0,0,0,0,0,0,0,0,0,0, 0,0,0,0,0,1,0,0,0,0
33880,8,140,-58.4,60,32,-7.66554,4.71587,0,0,0,0,0,0,0,0,0,0,0, 0,0,0,0,0,1,0,0,0,0
33880,9,19,-1.2,220,32.25,-0.6911,32.9928,0,0,0,0,0,0,0,0,0,0,0, 0,0,0,0,0,1,0,0,0,0
33920,0,247,-58.4,64,32,-8.17658,5.03026,0,0,0,0,0,0,0,0,0,0,0, 0,0,0,0,0,2,0,0,0,0
33920,1,291,-57.4,68,32,-8.59301,5.49546,0,0,0,0,0,0,0,0,0,0,0, 0,0,0,0,0,2,0,0,0,0
33920,2,40,72.4,8,33,1.14383,0.362844,0,0,0,0,0,0,0,0,0,0,0, 0,0,0,0,0,2,0,0,0,0
33920,3,244,-56.5,72,32,-9.00597,5.96092,0,0,0,0,0,0,0,0,0,0,0, 0,0,0,0,0,2,0,0,0,0
33920,4,20,-1.2,232,31.75,-0.728796,34.7924,0,0,0,0,0,0,0,0,0,0,0, 0,0,0,0,0,2,0,0,0,0
33920,5,156,-53.4,76,32,-9.15212,6.79696,0,0,0,0,0,0,0,0,0,0,0, 0,0,0,0,0,2,0,0,0,0
33920,6,103,-48,80,32,-8.91774,8.02957,0,0,0,0,0,0,0,0,0,0,0, 0,0,0,0,0,2,0,0,0,0
33920,7,139,-59.4,60,32,-7.74668,4.58137,0,0,0,0,0,0,0,0,0,0,0, 0,0,0,0,0,2,0,0,0,0
33920,8,30,-6,220,31.75,-3.44944,32.8192,0,0,0,0,0,0,0,0,0,0,0, 0,0,0,0,0,2,0,0,0,0
33960,0,246,-58.4,64,32,-8.17658,5.03026,0,0,0,0,0,0,0,0,0,0,0, 0,0,0,0,0,3,0,0,0,0
33960,1,17,-6.6,224,31.75,-3.86189,33.3773,0,0,0,0,0,0,0,0,0,0,0, 0,0,0,0,0,3,0,0,0,0
33960,2,290,-57.4,68,32,-8.59301,5.49546,0,0,0,0,0,0,0,0,0,0,0, 0,0,0,0,0,3,0,0,0,0
33960,3,243,-56.5,72,32,-9.00597,5.96092,0,0,0,0,0,0,0,0,0,0,0, 0,0,0,0,0,3,0,0,0,0
33960,4,156,-53.4,76,32,-9.15212,6.79696,0,0,0,0,0,0,0,0,0,0,0, 0,0,0,0,0,3,0,0,0,0
33960,5,103,-49.8,80,32,-9.16555,7.74549,0,0,0,0,0,0,0,0,0,0,0, 0,0,0,0,0,3,0,0,0,0
33960,6,24,-5.4,240,31.25,-3.3879,35.8402,0,0,0,0,0,0,0,0,0,0,0, 0,0,0,0,0,3,0,0,0,0
33960,7,138,-59.4,60,32,-7.74668,4.58137,0,0,0,0,0,0,0,0,0,0,0, 0,0,0,0,0,3,0,0,0,0
34000,0,246,-58.4,64,32,-8.17658,5.03026,0,0,0,0,0,0,0,0,0,0,0, 0,0,0,0,0,4,0,0,0,0
34000,1,291,-56.5,68,32,-8.50564,5.62976,0,0,0,0,0,0,0,0,0,0,0, 0,0,0,0,0,4,0,0,0,0
34000,2,245,-56.5,72,32,-9.00597,5.96092,0,0,0,0,0,0,0,0,0,0,0, 0,0,0,0,0,4,0,0,0,0
34000,3,158,-53.4,76,32,-9.15212,6.79696,0,0,0,0,0,0,0,0,0,0,0, 0,0,0,0,0,4,0,0,0,0
34000,4,23,-6,236,31.25,-3.70031,35.2061,0,0,0,0,0,0,0,0,0,0,0, 0,0,0,0,0,4,0,0,0,0
34000,5,19,-4.8,236,32.25,-2.9622,35.2758,0,0,0,0,0,0,0,0,0,0,0, 0,0,0,0,0,4,0,0,0,0
34000,6,104,-49.8,80,32,-9.16555,7.74549,0,0,0,0,0,0,0,0,0,0,0, 0,0,0,0,0,4,0,0,0,0
34000,7,14,-13.8,240,31.5,-8.5872,34.9608,0,0,0,0,0,0,0,0,0,0,0, 0,0,0,0,0,4,0,0,0,0
34000,8,17,4.2,216,32.25,2.37292,32.313,0,0,0,0,0,0,0,0,0,0,0, 0,0,0,0,0,4,0,0,0,0
34000,9,140,-58.4,60,32,-7.66554,4.71587,0,0,0,0,0,0,0,0,0,0,0, 0,0,0,0,0,4,0,0,0,0
34040,0,247,-58.4,64,32,-8.17658,5.03026,0,0,0,0,0,0,0,0,0,0,0, 0,0,0,0,0,5,0,0,0,0
34040,1,292,-57.4,68,32,-8.59301,5.49546,0,0,0,0,0,0,0,0,0,0,0, 0,0,0,0,0,5,0,0,0,0
34040,2,245,-56.5,72,32,-9.00597,5.96092,0,0,0,0,0,0,0,0,0,0,0, 0,0,0,0,0,5,0,0,0,0
34040,3,156,-53.4,76,32,-9.15212,6.79696,0,0,0,0,0,0,0,0,0,0,0, 0,0,0,0,0,5,0,0,0,0
34040,4,104,-48,80,32,-8.91774,8.02957,0,0,0,0,0,0,0,0,0,0,0, 0,0,0,0,0,5,0,0,0,0
34040,5,138,-58.4,60,32,-7.66554,4.71587,0,0,0,0,0,0,0,0,0,0,0, 0,0,0,0,0,5,0,0,0,0
34080,0,247,-57.4,64,32,-8.08754,5.1722,0,0,0,0,0,0,0,0,0,0,0, 0,0,0,0,0,6,0,0,0,0
34080,1,292,-56.5,68,32,-8.50564,5.62976,0,0,0,0,0,0,0,0,0,0,0, 0,0,0,0,0,6,0,0,0,0
34080,2,243,-55.4,72,32,-8.88987,6.13271,0,0,0,0,0,0,0,0,0,0,0, 0,0,0,0,0,6,0,0,0,0
34080,3,156,-53.4,76,32,-9.15212,6.79696,0,0,0,0,0,0,0,0,0,0,0, 0,0,0,0,0,6,0,0,0,0
34080,4,105,-48,80,32,-8.91774,8.02957,0,0,0,0,0,0,0,0,0,0,0, 0,0,0,0,0,6,0,0,0,0
34080,5,141,-58.4,60,32,-7.66554,4.71587,0,0,0,0,0,0,0,0,0,0,0, 0,0,0,0,0,6,0,0,0,0
34120,0,247,-57.4,64,32,-8.08754,5.1722,0,0,0,0,0,0,0,0,0,0,0, 0,0,0,0,0,7,0,0,0,0
34120,1,292,-56.5,68,32,-8.50564,5.62976,0,0,0,0,0,0,0,0,0,0,0, 0,0,0,0,0,7,0,0,0,0
34120,2,245,-55.4,72,32,-8.88987,6.13271,0,0,0,0,0,0,0,0,0,0,0, 0,0,0,0,0,7,0,0,0,0
34120,3,155,-53.4,76,32,-9.15212,6.79696,0,0,0,0,0,0,0,0,0,0,0, 0,0,0,0,0,7,0,0,0,0
34120,4,103,-48,80,32,-8.91774,8.02957,0,0,0,0,0,0,0,0,0,0,0, 0,0,0,0,0,7,0,0,0,0
34120,5,16,1.8,244,31.25,1.14963,36.5819,0,0,0,0,0,0,0,0,0,0,0, 0,0,0,0,0,7,0,0,0,0
34120,6,139,-57.4,60,32,-7.58207,4.84894,0,0,0,0,0,0,0,0,0,0,0, 0,0,0,0,0,7,0,0,0,0
34160,0,249,-57.4,64,32,-8.08754,5.1722,0,0,0,0,0,0,0,0,0,0,0, 0,0,0,0,0,8,0,0,0,0
34160,1,291,-56.5,68,32,-8.50564,5.62976,0,0,0,0,0,0,0,0,0,0,0, 0,0,0,0,0,8,0,0,0,0
34160,2,242,-55.4,72,32,-8.88987,6.13271,0,0,0,0,0,0,0,0,0,0,0, 0,0,0,0,0,8,0,0,0,0
34160,3,154,-53.4,76,32,-9.15212,6.79696,0,0,0,0,0,0,0,0,0,0,0, 0,0,0,0,0,8,0,0,0,0
34160,4,104,-48,80,32,-8.91774,8.02957,0,0,0,0,0,0,0,0,0,0,0, 0,0,0,0,0,8,0,0,0,0
34160,5,140,-57.4,60,32,-7.58207,4.84894,0,0,0,0,0,0,0,0,0,0,0, 0,0,0,0,0,8,0,0,0,0
34200,0,248,-57.4,64,32,-8.08754,5.1722,0,1334,0,0,0,0,0,0,0,0,0, 0,0,0,0,0,9,0,0,0,0
34200,1,292,-56.5,68,32,-8.50564,5.62976,0,1334,0,0,0,0,0,0,0,0,0, 0,0,0,0,0,9,0,0,0,0
34200,2,242,-55.4,72,32,-8.88987,6.13271,0,1334,0,0,0,0,0,0,0,0,0, 0,0,0,0,0,9,0,0,0,0
34200,3,156,-53.4,76,32,-9.15212,6.79696,0,1334,0,0,0,0,0,0,0,0,0, 0,0,0,0,0,9,0,0,0,0
34200,4,103,-48,80,32,-8.91774,8.02957,0,1334,0,0,0,0,0,0,0,0,0, 0,0,0,0,0,9,0,0,0,0
34200,5,141,-58.4,60,32,-7.66554,4.71587,0,1334,0,0,0,0,0,0,0,0,0, 0,0,0,0,0,9,0,0,0,0
34240,0,247,-57.4,64,32,-8.08754,5.1722,0,0,0,0,0,0,0,0,0,0,0, 0,0,0,0,0,10,0,0,0,0
34240,1,292,-56.5,68,32,-8.50564,5.62976,0,0,0,0,0,0,0,0,0,0,0, 0,0,0,0,0,10,0,0,0,0
34240,2,17,6.6,228,31.75,3.93085,33.9733,0,0,0,0,0,0,0,0,0,0,0, 0,0,0,0,0,10,0,0,0,0
34240,3,244,-56.5,72,32,-9.00597,5.96092,0,0,0,0,0,0,0,0,0,0,0, 0,0,0,0,0,10,0,0,0,0
34240,4,21,0.1,232,31.75,0.0607374,34.7999,0,0,0,0,0,0,0,0,0,0,0, 0,0,0,0,0,10,0,0,0,0
34240,5,156,-53.4,76,32,-9.15212,6.79696,0,0,0,0,0,0,0,0,0,0,0, 0,0,0,0,0,10,0,0,0,0
34240,6,103,-48,80,32,-8.91774,8.02957,0,0,0,0,0,0,0,0,0,0,0, 0,0,0,0,0,10,0,0,0,0
34240,7,140,-58.4,60,32,-7.66554,4.71587,0,0,0,0,0,0,0,0,0,0,0, 0,0,0,0,0,10,0,0,0,0
34280,0,247,-57.4,64,32,-8.08754,5.1722,0,7936,0,0,0,0,0,0,0,0,0, 0,0,0,0,0,11,0,0,0,0
34280,1,293,-56.5,68,32,-8.50564,5.62976,0,7936,0,0,0,0,0,0,0,0,0, 0,0,0,0,0,11,0,0,0,0
34280,2,242,-55.4,72,32,-8.88987,6.13271,0,7936,0,0,0,0,0,0,0,0,0, 0,0,0,0,0,11,0,0,0,0
34280,3,155,-53.4,76,32,-9.15212,6.79696,0,7936,0,0,0,0,0,0,0,0,0, 0,0,0,0,0,11,0,0,0,0
34280,4,25,1.3,236,31.75,0.803132,35.3909,0,7936,0,0,0,0,0,0,0,0,0, 0,0,0,0,0,11,0,0,0,0
34280,5,25,-1.2,236,32.25,-0.741362,35.3922,0,7936,0,0,0,0,0,0,0,0,0, 0,0,0,0,0,11,0,0,0,0
34280,6,104,-46.7,80,32,-8.73327,8.22982,0,7936,0,0,0,0,0,0,0,0,0, 0,0,0,0,0,11,0,0,0,0
34280,7,140,-59.4,60,32,-7.74668,4.58137,0,7936,0,0,0,0,0,0,0,0,0, 0,0,0,0,0,11,0,0,0,0
34320,0,243,-58.4,64,32,-8.17658,5.03026,0,1139,0,0,0,0,0,0,0,0,0, 0,0,0,0,0,12,0,0,0,0
34320,1,290,-57.4,68,32,-8.59301,5.49546,0,1139,0,0,0,0,0,0,0,0,0, 0,0,0,0,0,12,0,0,0,0
34320,2,242,-56.5,72,32,-9.00597,5.96092,0,1139,0,0,0,0,0,0,0,0,0, 0,0,0,0,0,12,0,0,0,0
34320,3,18,3.6,232,31.75,2.18511,34.7313,0,1139,0,0,0,0,0,0,0,0,0, 0,0,0,0,0,12,0,0,0,0
34320,4,155,-53.4,76,32,-9.15212,6.79696,0,1139,0,0,0,0,0,0,0,0,0, 0,0,0,0,0,12,0,0,0,0
34320,5,104,-46.7,80,32,-8.73327,8.22982,0,1139,0,0,0,0,0,0,0,0,0, 0,0,0,0,0,12,0,0,0,0
34320,6,140,-60.3,60,32,-7.81768,4.45913,0,1139,0,0,0,0,0,0,0,0,0, 0,0,0,0,0,12,0,0,0,0
34360,0,246,-58.4,64,32,-8.17658,5.03026,0,86,0,0,0,0,0,0,0,0,0, 0,0,0,0,0,13,0,0,0,0
34360,1,290,-57.4,68,32,-8.59301,5.49546,0,86,0,0,0,0,0,0,0,0,0, 0,0,0,0,0,13,0,0,0,0
34360,2,16,7.2,228,31.75,4.2864,33.9303,0,86,0,0,0,0,0,0,0,0,0, 0,0,0,0,0,13,0,0,0,0
34360,3,242,-56.5,72,32,-9.00597,5.96092,0,86,0,0,0,0,0,0,0,0,0, 0,0,0,0,0,13,0,0,0,0
34360,4,154,-53.4,76,32,-9.15212,6.79696,0,86,0,0,0,0,0,0,0,0,0, 0,0,0,0,0,13,0,0,0,0
34360,5,107,-46.7,80,32,-8.73327,8.22982,0,86,0,0,0,0,0,0,0,0,0, 0,0,0,0,0,13,0,0,0,0
34360,6,143,-60.3,60,32,-7.81768,4.45913,0,86,0,0,0,0,0,0,0,0,0, 0,0,0,0,0,13,0,0,0,0
34400,0,246,-58.4,64,32,-8.17658,5.03026,0,0,0,0,0,0,0,0,0,0,0, 0,0,0,0,0,14,0,0,0,0
34400,1,291,-57.4,68,32,-8.59301,5.49546,0,0,0,0,0,0,0,0,0,0,0, 0,0,0,0,0,14,0,0,0,0
34400,2,243,-56.5,72,32,-9.00597,5.96092,0,0,0,0,0,0,0,0,0,0,0, 0,0,0,0,0,14,0,0,0,0
34400,3,157,-53.4,76,32,-9.15212,6.79696,0,0,0,0,0,0,0,0,0,0,0, 0,0,0,0,0,14,0,0,0,0
34400,4,17,-6.6,236,32.5,-4.06878,35.1654,0,0,0,0,0,0,0,0,0,0,0, 0,0,0,0,0,14,0,0,0,0
34400,5,106,-46.7,80,32,-8.73327,8.22982,0,0,0,0,0,0,0,0,0,0,0, 0,0,0,0,0,14,0,0,0,0
34400,6,143,-58.4,60,32,-7.66554,4.71587,0,0,0,0,0,0,0,0,0,0,0, 0,0,0,0,0,14,0,0,0,0
34440,0,249,-57.4,64,32,-8.08754,5.1722,0,0,0,0,0,0,0,0,0,0,0, 0,0,0,0,0,15,0,0,0,0
34440,1,293,-56.5,68,32,-8.50564,5.62976,0,0,0,0,0,0,0,0,0,0,0, 0,0,0,0,0,15,0,0,0,0
34440,2,49,69.6,8,33,1.12474,0.418287,0,0,0,0,0,0,0,0,0,0,0, 0,0,0,0,0,15,0,0,0,0
34440,3,244,-56.5,72,32,-9.00597,5.96092,0,0,0,0,0,0,0,0,0,0,0, 0,0,0,0,0,15,0,0,0,0
34440,4,158,-53.4,76,32,-9.15212,6.79696,0,0,0,0,0,0,0,0,0,0,0, 0,0,0,0,0,15,0,0,0,0
34440,5,19,-3,236,31.75,-1.85269,35.3515,0,0,0,0,0,0,0,0,0,0,0, 0,0,0,0,0,15,0,0,0,0
34440,6,106,-46.7,80,32,-8.73327,8.22982,0,0,0,0,0,0,0,0,0,0,0, 0,0,0,0,0,15,0,0,0,0
34440,7,81,-45,84,32,-8.90955,8.90955,0,0,0,0,0,0,0,0,0,0,0, 0,0,0,0,0,15,0,0,0,0
34440,8,142,-58.4,60,32,-7.66554,4.71587,0,0,0,0,0,0,0,0,0,0,0, 0,0,0,0,0,15,0,0,0,0
34480,0,249,-57.4,64,32,-8.08754,5.1722,0,0,0,0,0,0,0,0,0,0,0, 0,0,0,0,0,0,0,0,0,0
34480,1,295,-56.5,68,32,-8.50564,5.62976,0,0,0,0,0,0,0,0,0,0,0, 0,0,0,0,0,0,0,0,0,0
34480,2,244,-55.4,72,32,-8.88987,6.13271,0,0,0,0,0,0,0,0,0,0,0, 0,0,0,0,0,0,0,0,0,0
34480,3,158,-53.4,76,32,-9.15212,6.79696,0,0,0,0,0,0,0,0,0,0,0, 0,0,0,0,0,0,0,0,0,0
34480,4,106,-46.7,80,32,-8.73327,8.22982,0,0,0,0,0,0,0,0,0,0,0, 0,0,0,0,0,0,0,0,0,0
34480,5,142,-57.4,60,32,-7.58207,4.84894,0,0,0,0,0,0,0,0,0,0,0, 0,0,0,0,0,0,0,0,0,0
34520,0,247,-57.4,64,32,-8.08754,5.1722,0,0,0,0,0,0,0,0,0,0,0, 0,0,0,0,0,1,0,0,0,0
34520,1,292,-56.5,68,32,-8.50564,5.62976,0,0,0,0,0,0,0,0,0,0,0, 0,0,0,0,0,1,0,0,0,0
34520,2,243,-55.4,72,32,-8.88987,6.13271,0,0,0,0,0,0,0,0,0,0,0, 0,0,0,0,0,1,0,0,0,0
34520,3,155,-51.6,76,32,-8.93411,7.08108,0,0,0,0,0,0,0,0,0,0,0, 0,0,0,0,0,1,0,0,0,0
34520,4,105,-46.7,80,32,-8.73327,8.22982,0,0,0,0,0,0,0,0,0,0,0, 0,0,0,0,0,1,0,0,0,0
34520,5,139,-58.4,60,32,-7.66554,4.71587,0,0,0,0,0,0,0,0,0,0,0, 0,0,0,0,0,1,0,0,0,0
34560,0,246,-58.4,64,32,-8.17658,5.03026,0,0,0,0,0,0,0,0,0,0,0, 0,0,0,0,0,2,0,0,0,0
34560,1,292,-56.5,68,32,-8.50564,5.62976,0,0,0,0,0,0,0,0,0,0,0, 0,0,0,0,0,2,0,0,0,0
34560,2,242,-55.4,72,32,-8.88987,6.13271,0,0,0,0,0,0,0,0,0,0,0, 0,0,0,0,0,2,0,0,0,0
34560,3,156,-53.4,76,32,-9.15212,6.79696,0,0,0,0,0,0,0,0,0,0,0, 0,0,0,0,0,2,0,0,0,0
34560,4,105,-46.7,80,32,-8.73327,8.22982,0,0,0,0,0,0,0,0,0,0,0, 0,0,0,0,0,2,0,0,0,0
34560,5,141,-58.4,60,32,-7.66554,4.71587,0,0,0,0,0,0,0,0,0,0,0, 0,0,0,0,0,2,0,0,0,0
34560,6,16,-2.4,220,32.5,-1.3819,32.9711,0,0,0,0,0,0,0,0,0,0,0, 0,0,0,0,0,2,0,0,0,0
34600,0,248,-57.4,64,32,-8.08754,5.1722,0,0,0,0,0,0,0,0,0,0,0, 0,0,0,0,0,3,0,0,0,0
34600,1,292,-56.5,68,32,-8.50564,5.62976,0,0,0,0,0,0,0,0,0,0,0, 0,0,0,0,0,3,0,0,0,0
34600,2,45,71.1,8,33,1.1353,0.388701,0,0,0,0,0,0,0,0,0,0,0, 0,0,0,0,0,3,0,0,0,0
34600,3,243,-56.5,72,32,-9.00597,5.96092,0,0,0,0,0,0,0,0,0,0,0, 0,0,0,0,0,3,0,0,0,0
34600,4,156,-53.4,76,32,-9.15212,6.79696,0,0,0,0,0,0,0,0,0,0,0, 0,0,0,0,0,3,0,0,0,0
34600,5,104,-46.7,80,32,-8.73327,8.22982,0,0,0,0,0,0,0,0,0,0,0, 0,0,0,0,0,3,0,0,0,0
34600,6,141,-58.4,60,32,-7.66554,4.71587,0,0,0,0,0,0,0,0,0,0,0, 0,0,0,0,0,3,0,0,0,0
34640,0,247,-58.4,64,32,-8.17658,5.03026,0,0,0,0,0,0,0,0,0,0,0, 0,0,0,0,0,4,0,0,0,0
34640,1,18,1.3,224,31.5,0.762294,33.5914,0,0,0,0,0,0,0,0,0,0,0, 0,0,0,0,0,4,0,0,0,0
34640,2,292,-56.5,68,32,-8.50564,5.62976,0,0,0,0,0,0,0,0,0,0,0, 0,0,0,0,0,4,0,0,0,0
34640,3,243,-55.4,72,32,-8.88987,6.13271,0,0,0,0,0,0,0,0,0,0,0, 0,0,0,0,0,4,0,0,0,0
34640,4,156,-53.4,76,32,-9.15212,6.79696,0,0,0,0,0,0,0,0,0,0,0, 0,0,0,0,0,4,0,0,0,0
34640,5,105,-48,80,32,-8.91774,8.02957,0,0,0,0,0,0,0,0,0,0,0, 0,0,0,0,0,4,0,0,0,0
34640,6,139,-58.4,60,32,-7.66554,4.71587,0,0,0,0,0,0,0,0,0,0,0, 0,0,0,0,0,4,0,0,0,0
34680,0,247,-57.4,64,32,-8.08754,5.1722,0,0,0,0,0,0,0,0,0,0,0, 0,0,0,0,0,5,0,0,0,0
34680,1,291,-56.5,68,32,-8.50564,5.62976,0,0,0,0,0,0,0,0,0,0,0, 0,0,0,0,0,5,0,0,0,0
34680,2,42,69.6,8,33,1.12474,0.418287,0,0,0,0,0,0,0,0,0,0,0, 0,0,0,0,0,5,0,0,0,0
34680,3,243,-55.4,72,32,-8.88987,6.13271,0,0,0,0,0,0,0,0,0,0,0, 0,0,0,0,0,5,0,0,0,0
34680,4,156,-53.4,76,32,-9.15212,6.79696,0,0,0,0,0,0,0,0,0,0,0, 0,0,0,0,0,5,0,0,0,0
34680,5,105,-48,80,32,-8.91774,8.02957,0,0,0,0,0,0,0,0,0,0,0, 0,0,0,0,0,5,0,0,0,0
34680,6,141,-58.4,60,32,-7.66554,4.71587,0,0,0,0,0,0,0,0,0,0,0, 0,0,0,0,0,5,0,0,0,0
34720,0,249,-57.4,64,32,-8.08754,5.1722,0,0,0,0,0,0,0,0,0,0,0, 0,0,0,0,0,6,0,0,0,0
34720,1,293,-56.5,68,32,-8.50564,5.62976,0,0,0,0,0,0,0,0,0,0,0, 0,0,0,0,0,6,0,0,0,0
34720,2,39,69.6,8,33,1.12474,0.418287,0,0,0,0,0,0,0,0,0,0,0, 0,0,0,0,0,6,0,0,0,0
34720,3,245,-55.4,72,32,-8.88987,6.13271,0,0,0,0,0,0,0,0,0,0,0, 0,0,0,0,0,6,0,0,0,0
34720,4,156,-53.4,76,32,-9.15212,6.79696,0,0,0,0,0,0,0,0,0,0,0, 0,0,0,0,0,6,0,0,0,0
34720,5,104,-48,80,32,-8.91774,8.02957,0,0,0,0,0,0,0,0,0,0,0, 0,0,0,0,0,6,0,0,0,0
34720,6,143,-57.4,60,32,-7.58207,4.84894,0,0,0,0,0,0,0,0,0,0,0, 0,0,0,0,0,6,0,0,0,0
34760,0,250,-56.5,64,32,-8.0053,5.2986,0,0,0,0,0,0,0,0,0,0,0, 0,0,0,0,0,7,0,0,0,0
34760,1,294,-56.5,68,32,-8.50564,5.62976,0,0,0,0,0,0,0,0,0,0,0, 0,0,0,0,0,7,0,0,0,0
34760,2,243,-55.4,72,32,-8.88987,6.13271,0,0,0,0,0,0,0,0,0,0,0, 0,0,0,0,0,7,0,0,0,0
34760,3,155,-53.4,76,32,-9.15212,6.79696,0,0,0,0,0,0,0,0,0,0,0, 0,0,0,0,0,7,0,0,0,0
34760,4,104,-48,80,32,-8.91774,8.02957,0,0,0,0,0,0,0,0,0,0,0, 0,0,0,0,0,7,0,0,0,0
34760,5,142,-56.5,60,32,-7.50497,4.96743,0,0,0,0,0,0,0,0,0,0,0, 0,0,0,0,0,7,0,0,0,0
34800,0,250,-56.5,64,32,-8.0053,5.2986,0,0,0,0,0,0,0,0,0,0,0, 0,0,0,0,0,8,0,0,0,0
34800,1,295,-55.4,68,32,-8.39599,5.79201,0,0,0,0,0,0,0,0,0,0,0, 0,0,0,0,0,8,0,0,0,0
34800,2,20,-1.8,228,31.75,-1.07425,34.1831,0,0,0,0,0,0,0,0,0,0,0, 0,0,0,0,0,8,0,0,0,0
34800,3,24,-1.2,228,32.25,-0.716231,34.1925,0,0,0,0,0,0,0,0,0,0,0, 0,0,0,0,0,8,0,0,0,0
34800,4,245,-55.4,72,32,-8.88987,6.13271,0,0,0,0,0,0,0,0,0,0,0, 0,0,0,0,0,8,0,0,0,0
34800,5,157,-53.4,76,32,-9.15212,6.79696,0,0,0,0,0,0,0,0,0,0,0, 0,0,0,0,0,8,0,0,0,0
34800,6,105,-49.8,80,32,-9.16555,7.74549,0,0,0,0,0,0,0,0,0,0,0, 0,0,0,0,0,8,0,0,0,0
34800,7,142,-56.5,60,32,-7.50497,4.96743,0,0,0,0,0,0,0,0,0,0,0, 0,0,0,0,0,8,0,0,0,0
34840,0,251,-55.4,64,32,-7.90211,5.4513,0,1334,0,0,0,0,0,0,0,0,0, 0,0,0,0,0,9,0,0,0,0
34840,1,294,-55.4,68,32,-8.39599,5.79201,0,1334,0,0,0,0,0,0,0,0,0, 0,0,0,0,0,9,0,0,0,0
34840,2,25,-5.4,228,32.25,-3.2185,34.0482,0,1334,0,0,0,0,0,0,0,0,0, 0,0,0,0,0,9,0,0,0,0
34840,3,46,66.6,8,33,1.10131,0.476577,0,1334,0,0,0,0,0,0,0,0,0, 0,0,0,0,0,9,0,0,0,0
34840,4,246,-55.4,72,32,-8.88987,6.13271,0,1334,0,0,0,0,0,0,0,0,0, 0,0,0,0,0,9,0,0,0,0
34840,5,14,0.6,232,31.25,0.364418,34.7981,0,1334,0,0,0,0,0,0,0,0,0, 0,0,0,0,0,9,0,0,0,0
34840,6,155,-53.4,76,32,-9.15212,6.79696,0,1334,0,0,0,0,0,0,0,0,0, 0,0,0,0,0,9,0,0,0,0
34840,7,104,-48,80,32,-8.91774,8.02957,0,1334,0,0,0,0,0,0,0,0,0, 0,0,0,0,0,9,0,0,0,0
34840,8,144,-55.4,60,32,-7.40823,5.11059,0,1334,0,0,0,0,0,0,0,0,0, 0,0,0,0,0,9,0,0,0,0
34880,0,250,-56.5,64,32,-8.0053,5.2986,0,0,0,0,0,0,0,0,0,0,0, 0,0,0,0,0,10,0,0,0,0
34880,1,293,-55.4,68,32,-8.39599,5.79201,0,0,0,0,0,0,0,0,0,0,0, 0,0,0,0,0,10,0,0,0,0
34880,2,43,68.6,8,33,1.11727,0.437852,0,0,0,0,0,0,0,0,0,0,0, 0,0,0,0,0,10,0,0,0,0
34880,3,244,-55.4,72,32,-8.88987,6.13271,0,0,0,0,0,0,0,0,0,0,0, 0,0,0,0,0,10,0,0,0,0
34880,4,156,-53.4,76,32,-9.15212,6.79696,0,0,0,0,0,0,0,0,0,0,0, 0,0,0,0,0,10,0,0,0,0
34880,5,103,-48,80,32,-8.91774,8.02957,0,0,0,0,0,0,0,0,0,0,0, 0,0,0,0,0,10,0,0,0,0
34880,6,141,-56.5,60,32,-7.50497,4.96743,0,0,0,0,0,0,0,0,0,0,0, 0,0,0,0,0,10,0,0,0,0
34880,7,23,0.6,220,31.5,0.345569,32.9982,0,0,0,0,0,0,0,0,0,0,0, 0,0,0,0,0,10,0,0,0,0
34920,0,248,-56.5,64,32,-8.0053,5.2986,0,7936,0,0,0,0,0,0,0,0,0, 0,0,0,0,0,11,0,0,0,0
34920,1,293,-56.5,68,32,-8.50564,5.62976,0,7936,0,0,0,0,0,0,0,0,0, 0,0,0,0,0,11,0,0,0,0
34920,2,41,71.1,8,33,1.1353,0.388701,0,7936,0,0,0,0,0,0,0,0,0, 0,0,0,0,0,11,0,0,0,0
34920,3,244,-55.4,72,32,-8.88987,6.13271,0,7936,0,0,0,0,0,0,0,0,0, 0,0,0,0,0,11,0,0,0,0
34920,4,155,-53.4,76,32,-9.15212,6.79696,0,7936,0,0,0,0,0,0,0,0,0, 0,0,0,0,0,11,0,0,0,0
34920,5,106,-46.7,80,32,-8.73327,8.22982,0,7936,0,0,0,0,0,0,0,0,0, 0,0,0,0,0,11,0,0,0,0
34920,6,15,-3.6,244,31.75,-2.29813,36.5278,0,7936,0,0,0,0,0,0,0,0,0, 0,0,0,0,0,11,0,0,0,0
34920,7,138,-58.4,60,32,-7.66554,4.71587,0,7936,0,0,0,0,0,0,0,0,0, 0,0,0,0,0,11,0,0,0,0
34960,0,244,-57.4,64,32,-8.08754,5.1722,0,1139,0,0,0,0,0,0,0,0,0, 0,0,0,0,0,12,0,0,0,0
34960,1,290,-56.5,68,32,-8.50564,5.62976,0,1139,0,0,0,0,0,0,0,0,0, 0,0,0,0,0,12,0,0,0,0
34960,2,36,71.1,8,33,1.1353,0.388701,0,1139,0,0,0,0,0,0,0,0,0, 0,0,0,0,0,12,0,0,0,0
34960,3,243,-56.5,72,32,-9.00597,5.96092,0,1139,0,0,0,0,0,0,0,0,0, 0,0,0,0,0,12,0,0,0,0
34960,4,155,-53.4,76,32,-9.15212,6.79696,0,1139,0,0,0,0,0,0,0,0,0, 0,0,0,0,0,12,0,0,0,0
34960,5,105,-46.7,80,32,-8.73327,8.22982,0,1139,0,0,0,0,0,0,0,0,0, 0,0,0,0,0,12,0,0,0,0
34960,6,138,-57.4,60,32,-7.58207,4.84894,0,1139,0,0,0,0,0,0,0,0,0, 0,0,0,0,0,12,0,0,0,0
35000,0,245,-57.4,64,32,-8.08754,5.1722,0,86,0,0,0,0,0,0,0,0,0, 0,0,0,0,0,13,0,0,0,0
35000,1,290,-56.5,68,32,-8.50564,5.62976,0,86,0,0,0,0,0,0,0,0,0, 0,0,0,0,0,13,0,0,0,0
35000,2,244,-55.4,72,32,-8.88987,6.13271,0,86,0,0,0,0,0,0,0,0,0, 0,0,0,0,0,13,0,0,0,0
35000,3,157,-53.4,76,32,-9.15212,6.79696,0,86,0,0,0,0,0,0,0,0,0, 0,0,0,0,0,13,0,0,0,0
35000,4,107,-45.9,80,32,-8.61752,8.35095,0,86,0,0,0,0,0,0,0,0,0, 0,0,0,0,0,13,0,0,0,0
35000,5,140,-58.4,60,32,-7.66554,4.71587,0,86,0,0,0,0,0,0,0,0,0, 0,0,0,0,0,13,0,0,0,0
35040,0,247,-57.4,64,32,-8.08754,5.1722,0,0,0,0,0,0,0,0,0,0,0, 0,0,0,0,0,14,0,0,0,0
35040,1,291,-56.5,68,32,-8.50564,5.62976,0,0,0,0,0,0,0,0,0,0,0, 0,0,0,0,0,14,0,0,0,0
35040,2,242,-55.4,72,32,-8.88987,6.13271,0,0,0,0,0,0,0,0,0,0,0, 0,0,0,0,0,14,0,0,0,0
35040,3,157,-51.6,76,32,-8.93411,7.08108,0,0,0,0,0,0,0,0,0,0,0, 0,0,0,0,0,14,0,0,0,0
35040,4,106,-45.9,80,32,-8.61752,8.35095,0,0,0,0,0,0,0,0,0,0,0, 0,0,0,0,0,14,0,0,0,0
35040,5,138,-59.4,60,32,-7.74668,4.58137,0,0,0,0,0,0,0,0,0,0,0, 0,0,0,0,0,14,0,0,0,0
35080,0,246,-57.4,64,32,-8.08754,5.1722,0,0,0,0,0,0,0,0,0,0,0, 0,0,0,0,0,15,0,0,0,0
35080,1,291,-56.5,68,32,-8.50564,5.62976,0,0,0,0,0,0,0,0,0,0,0, 0,0,0,0,0,15,0,0,0,0
35080,2,243,-55.4,72,32,-8.88987,6.13271,0,0,0,0,0,0,0,0,0,0,0, 0,0,0,0,0,15,0,0,0,0
35080,3,159,-51.6,76,32,-8.93411,7.08108,0,0,0,0,0,0,0,0,0,0,0, 0,0,0,0,0,15,0,0,0,0
35080,4,107,-48,80,32,-8.91774,8.02957,0,0,0,0,0,0,0,0,0,0,0, 0,0,0,0,0,15,0,0,0,0
35080,5,22,-1.8,244,32.25,-1.14963,36.5819,0,0,0,0,0,0,0,0,0,0,0, 0,0,0,0,0,15,0,0,0,0
35080,6,14,-75,344,27.75,-49.8418,13.3551,0,0,0,0,0,0,0,0,0,0,0, 0,0,0,0,0,15,0,0,0,0
35080,7,140,-58.4,60,32,-7.66554,4.71587,0,0,0,0,0,0,0,0,0,0,0, 0,0,0,0,0,15,0,0,0,0
35120,0,246,-56.5,64,32,-8.0053,5.2986,0,0,0,0,0,0,0,0,0,0,0, 0,0,0,0,0,0,0,0,0,0
35120,1,295,-56.5,68,32,-8.50564,5.62976,0,0,0,0,0,0,0,0,0,0,0, 0,0,0,0,0,0,0,0,0,0
35120,2,245,-55.4,72,32,-8.88987,6.13271,0,0,0,0,0,0,0,0,0,0,0, 0,0,0,0,0,0,0,0,0,0
35120,3,160,-53.4,76,32,-9.15212,6.79696,0,0,0,0,0,0,0,0,0,0,0, 0,0,0,0,0,0,0,0,0,0
35120,4,106,-48,80,32,-8.91774,8.02957,0,0,0,0,0,0,0,0,0,0,0, 0,0,0,0,0,0,0,0,0,0
35120,5,140,-58.4,60,32,-7.66554,4.71587,0,0,0,0,0,0,0,0,0,0,0, 0,0,0,0,0,0,0,0,0,0
35160,0,246,-57.4,64,32,-8.08754,5.1722,0,0,0,0,0,0,0,0,0,0,0, 0,0,0,0,0,1,0,0,0,0
35160,1,32,-3,224,31.25,-1.75849,33.554,0,0,0,0,0,0,0,0,0,0,0, 0,0,0,0,0,1,0,0,0,0
35160,2,291,-56.5,68,32,-8.50564,5.62976,0,0,0,0,0,0,0,0,0,0,0, 0,0,0,0,0,1,0,0,0,0
35160,3,21,-4.8,228,30.75,-2.86178,34.0801,0,0,0,0,0,0,0,0,0,0,0, 0,0,0,0,0,1,0,0,0,0
35160,4,33,-3,228,31.75,-1.78989,34.1531,0,0,0,0,0,0,0,0,0,0,0, 0,0,0,0,0,1,0,0,0,0
35160,5,30,-1.8,228,32.25,-1.07425,34.1831,0,0,0,0,0,0,0,0,0,0,0, 0,0,0,0,0,1,0,0,0,0
35160,6,245,-55.4,72,32,-8.88987,6.13271,0,0,0,0,0,0,0,0,0,0,0, 0,0,0,0,0,1,0,0,0,0
35160,7,159,-53.4,76,32,-9.15212,6.79696,0,0,0,0,0,0,0,0,0,0,0, 0,0,0,0,0,1,0,0,0,0
35160,8,105,-51.6,80,32,-9.40432,7.45377,0,0,0,0,0,0,0,0,0,0,0, 0,0,0,0,0,1,0,0,0,0
35160,9,18,-1.2,244,31.25,-0.766493,36.592,0,0,0,0,0,0,0,0,0,0,0, 0,0,0,0,0,1,0,0,0,0
35160,10,141,-57.4,60,32,-7.58207,4.84894,0,0,0,0,0,0,0,0,0,0,0, 0,0,0,0,0,1,0,0,0,0
35200,0,249,-57.4,64,32,-8.08754,5.1722,0,0,0,0,0,0,0,0,0,0,0, 0,0,0,0,0,2,0,0,0,0
35200,1,293,-56.5,68,32,-8.50564,5.62976,0,0,0,0,0,0,0,0,0,0,0, 0,0,0,0,0,2,0,0,0,0
35200,2,40,69.6,8,33,1.12474,0.418287,0,0,0,0,0,0,0,0,0,0,0, 0,0,0,0,0,2,0,0,0,0
35200,3,244,-55.4,72,32,-8.88987,6.13271,0,0,0,0,0,0,0,0,0,0,0, 0,0,0,0,0,2,0,0,0,0
35200,4,159,-53.4,76,32,-9.15212,6.79696,0,0,0,0,0,0,0,0,0,0,0, 0,0,0,0,0,2,0,0,0,0
35200,5,103,-53.4,80,32,-9.63381,7.1547,0,0,0,0,0,0,0,0,0,0,0, 0,0,0,0,0,2,0,0,0,0
35200,6,142,-57.4,60,32,-7.58207,4.84894,0,0,0,0,0,0,0,0,0,0,0, 0,0,0,0,0,2,0,0,0,0
35200,7,25,-1.8,220,31.25,-1.03656,32.9837,0,0,0,0,0,0,0,0,0,0,0, 0,0,0,0,0,2,0,0,0,0
35240,0,248,-56.5,64,32,-8.0053,5.2986,0,0,0,0,0,0,0,0,0,0,0, 0,0,0,0,0,3,0,0,0,0
35240,1,33,-3.6,224,31.75,-2.10976,33.5337,0,0,0,0,0,0,0,0,0,0,0, 0,0,0,0,0,3,0,0,0,0
35240,2,31,-5.4,224,32.25,-3.16204,33.4509,0,0,0,0,0,0,0,0,0,0,0, 0,0,0,0,0,3,0,0,0,0
35240,3,291,-56.5,68,32,-8.50564,5.62976,0,0,0,0,0,0,0,0,0,0,0, 0,0,0,0,0,3,0,0,0,0
35240,4,243,-55.4,72,32,-8.88987,6.13271,0,0,0,0,0,0,0,0,0,0,0, 0,0,0,0,0,3,0,0,0,0
35240,5,157,-54.4,76,32,-9.26935,6.6362,0,0,0,0,0,0,0,0,0,0,0, 0,0,0,0,0,3,0,0,0,0
35240,6,100,-53.4,80,32,-9.63381,7.1547,0,0,0,0,0,0,0,0,0,0,0, 0,0,0,0,0,3,0,0,0,0
35240,7,17,2.4,248,31.75,1.55777,37.1674,0,0,0,0,0,0,0,0,0,0,0, 0,0,0,0,0,3,0,0,0,0
35240,8,141,-58.4,60,32,-7.66554,4.71587,0,0,0,0,0,0,0,0,0,0,0, 0,0,0,0,0,3,0,0,0,0
35280,0,246,-57.4,64,32,-8.08754,5.1722,0,0,0,0,0,0,0,0,0,0,0, 0,0,0,0,0,4,0,0,0,0
35280,1,291,-56.5,68,32,-8.50564,5.62976,0,0,0,0,0,0,0,0,0,0,0, 0,0,0,0,0,4,0,0,0,0
35280,2,242,-55.4,72,32,-8.88987,6.13271,0,0,0,0,0,0,0,0,0,0,0, 0,0,0,0,0,4,0,0,0,0
35280,3,157,-53.4,76,32,-9.15212,6.79696,0,0,0,0,0,0,0,0,0,0,0, 0,0,0,0,0,4,0,0,0,0
35280,4,15,-4.2,236,31.75,-2.59263,35.3049,0,0,0,0,0,0,0,0,0,0,0, 0,0,0,0,0,4,0,0,0,0
35280,5,102,-53.4,80,32,-9.63381,7.1547,0,0,0,0,0,0,0,0,0,0,0, 0,0,0,0,0,4,0,0,0,0
35280,6,138,-59.4,60,32,-7.74668,4.58137,0,0,0,0,0,0,0,0,0,0,0, 0,0,0,0,0,4,0,0,0,0
35320,0,244,-58.4,64,32,-8.17658,5.03026,0,0,0,0,0,0,0,0,0,0,0, 0,0,0,0,0,5,0,0,0,0
35320,1,290,-57.4,68,32,-8.59301,5.49546,0,0,0,0,0,0,0,0,0,0,0, 0,0,0,0,0,5,0,0,0,0
35320,2,242,-56.5,72,32,-9.00597,5.96092,0,0,0,0,0,0,0,0,0,0,0, 0,0,0,0,0,5,0,0,0,0
35320,3,158,-53.4,76,32,-9.15212,6.79696,0,0,0,0,0,0,0,0,0,0,0, 0,0,0,0,0,5,0,0,0,0
35320,4,101,-54.4,80,32,-9.75721,6.98548,0,0,0,0,0,0,0,0,0,0,0, 0,0,0,0,0,5,0,0,0,0
35320,5,139,-58.4,60,32,-7.66554,4.71587,0,0,0,0,0,0,0,0,0,0,0, 0,0,0,0,0,5,0,0,0,0
35360,0,245,-58.4,64,32,-8.17658,5.03026,0,0,0,0,0,0,0,0,0,0,0, 0,0,0,0,0,6,0,0,0,0
35360,1,291,-57.4,68,32,-8.59301,5.49546,0,0,0,0,0,0,0,0,0,0,0, 0,0,0,0,0,6,0,0,0,0
35360,2,243,-55.4,72,32,-8.88987,6.13271,0,0,0,0,0,0,0,0,0,0,0, 0,0,0,0,0,6,0,0,0,0
35360,3,157,-53.4,76,32,-9.15212,6.79696,0,0,0,0,0,0,0,0,0,0,0, 0,0,0,0,0,6,0,0,0,0
35360,4,100,-53.4,80,32,-9.63381,7.1547,0,0,0,0,0,0,0,0,0,0,0, 0,0,0,0,0,6,0,0,0,0
35360,5,141,-57.4,60,32,-7.58207,4.84894,0,0,0,0,0,0,0,0,0,0,0, 0,0,0,0,0,6,0,0,0,0
35400,0,248,-56.5,64,32,-8.0053,5.2986,0,0,0,0,0,0,0,0,0,0,0, 0,0,0,0,0,7,0,0,0,0
35400,1,292,-56.5,68,32,-8.50564,5.62976,0,0,0,0,0,0,0,0,0,0,0, 0,0,0,0,0,7,0,0,0,0
35400,2,244,-55.4,72,32,-8.88987,6.13271,0,0,0,0,0,0,0,0,0,0,0, 0,0,0,0,0,7,0,0,0,0
35400,3,158,-53.4,76,32,-9.15212,6.79696,0,0,0,0,0,0,0,0,0,0,0, 0,0,0,0,0,7,0,0,0,0
35400,4,99,-51.6,80,32,-9.40432,7.45377,0,0,0,0,0,0,0,0,0,0,0, 0,0,0,0,0,7,0,0,0,0
35400,5,144,-56.5,60,32,-7.50497,4.96743,0,0,0,0,0,0,0,0,0,0,0, 0,0,0,0,0,7,0,0,0,0
35440,0,248,-56.5,64,32,-8.0053,5.2986,0,0,0,0,0,0,0,0,0,0,0, 0,0,0,0,0,8,0,0,0,0
35440,1,26,-5.4,224,31.75,-3.16204,33.4509,0,0,0,0,0,0,0,0,0,0,0, 0,0,0,0,0,8,0,0,0,0
35440,2,292,-56.5,68,32,-8.50564,5.62976,0,0,0,0,0,0,0,0,0,0,0, 0,0,0,0,0,8,0,0,0,0
35440,3,244,-55.4,72,32,-8.88987,6.13271,0,0,0,0,0,0,0,0,0,0,0, 0,0,0,0,0,8,0,0,0,0
35440,4,157,-53.4,76,32,-9.15212,6.79696,0,0,0,0,0,0,0,0,0,0,0, 0,0,0,0,0,8,0,0,0,0
35440,5,21,-6,236,31.75,-3.70031,35.2061,0,0,0,0,0,0,0,0,0,0,0, 0,0,0,0,0,8,0,0,0,0
35440,6,21,-1.8,236,32.25,-1.11194,35.3825,0,0,0,0,0,0,0,0,0,0,0, 0,0,0,0,0,8,0,0,0,0
35440,7,100,-53.4,80,32,-9.63381,7.1547,0,0,0,0,0,0,0,0,0,0,0, 0,0,0,0,0,8,0,0,0,0
35440,8,13,-9.6,240,32.5,-6.00368,35.4959,0,0,0,0,0,0,0,0,0,0,0, 0,0,0,0,0,8,0,0,0,0
35440,9,142,-56.5,60,32,-7.50497,4.96743,0,0,0,0,0,0,0,0,0,0,0, 0,0,0,0,0,8,0,0,0,0
35480,0,249,-56.5,64,32,-8.0053,5.2986,0,1334,0,0,0,0,0,0,0,0,0, 0,0,0,0,0,9,0,0,0,0
35480,1,26,-1.2,224,31.75,-0.703665,33.5926,0,1334,0,0,0,0,0,0,0,0,0, 0,0,0,0,0,9,0,0,0,0
35480,2,293,-55.4,68,32,-8.39599,5.79201,0,1334,0,0,0,0,0,0,0,0,0, 0,0,0,0,0,9,0,0,0,0
35480,3,245,-54.4,72,32,-8.78149,6.28693,0,1334,0,0,0,0,0,0,0,0,0, 0,0,0,0,0,9,0,0,0,0
35480,4,155,-51.6,76,32,-8.93411,7.08108,0,1334,0,0,0,0,0,0,0,0,0, 0,0,0,0,0,9,0,0,0,0
35480,5,98,-51.6,80,32,-9.40432,7.45377,0,1334,0,0,0,0,0,0,0,0,0, 0,0,0,0,0,9,0,0,0,0
35480,6,14,9.9,464,24.75,11.9663,68.5636,0,1334,0,0,0,0,0,0,0,0,0, 0,0,0,0,0,9,0,0,0,0
35480,7,138,-58.4,60,32,-7.66554,4.71587,0,1334,0,0,0,0,0,0,0,0,0, 0,0,0,0,0,9,0,0,0,0
35520,0,245,-57.4,64,32,-8.08754,5.1722,0,0,0,0,0,0,0,0,0,0,0, 0,0,0,0,0,10,0,0,0,0
35520,1,289,-56.5,68,32,-8.50564,5.62976,0,0,0,0,0,0,0,0,0,0,0, 0,0,0,0,0,10,0,0,0,0
35520,2,243,-55.4,72,32,-8.88987,6.13271,0,0,0,0,0,0,0,0,0,0,0, 0,0,0,0,0,10,0,0,0,0
35520,3,156,-53.4,76,32,-9.15212,6.79696,0,0,0,0,0,0,0,0,0,0,0, 0,0,0,0,0,10,0,0,0,0
35520,4,96,-53.4,80,32,-9.63381,7.1547,0,0,0,0,0,0,0,0,0,0,0, 0,0,0,0,0,10,0,0,0,0
35520,5,140,-59.4,60,32,-7.74668,4.58137,0,0,0,0,0,0,0,0,0,0,0, 0,0,0,0,0,10,0,0,0,0
35560,0,244,-58.4,64,32,-8.17658,5.03026,0,7936,0,0,0,0,0,0,0,0,0, 0,0,0,0,0,11,0,0,0,0
35560,1,291,-57.4,68,32,-8.59301,5.49546,0,7936,0,0,0,0,0,0,0,0,0, 0,0,0,0,0,11,0,0,0,0
35560,2,242,-56.5,72,32,-9.00597,5.96092,0,7936,0,0,0,0,0,0,0,0,0, 0,0,0,0,0,11,0,0,0,0
35560,3,155,-54.4,76,32,-9.26935,6.6362,0,7936,0,0,0,0,0,0,0,0,0, 0,0,0,0,0,11,0,0,0,0
35560,4,99,-51.6,80,32,-9.40432,7.45377,0,7936,0,0,0,0,0,0,0,0,0, 0,0,0,0,0,11,0,0,0,0
35560,5,24,-1.8,216,31.5,-1.01771,32.384,0,7936,0,0,0,0,0,0,0,0,0, 0,0,0,0,0,11,0,0,0,0
35560,6,139,-57.4,60,32,-7.58207,4.84894,0,7936,0,0,0,0,0,0,0,0,0, 0,0,0,0,0,11,0,0,0,0
35600,0,247,-56.5,64,32,-8.0053,5.2986,0,1139,0,0,0,0,0,0,0,0,0, 0,0,0,0,0,12,0,0,0,0
35600,1,292,-55.4,68,32,-8.39599,5.79201,0,1139,0,0,0,0,0,0,0,0,0, 0,0,0,0,0,12,0,0,0,0
35600,2,27,0.6,228,31.25,0.358135,34.1981,0,1139,0,0,0,0,0,0,0,0,0, 0,0,0,0,0,12,0,0,0,0
35600,3,21,-3,228,32.25,-1.78989,34.1531,0,1139,0,0,0,0,0,0,0,0,0, 0,0,0,0,0,12,0,0,0,0
35600,4,244,-55.4,72,32,-8.88987,6.13271,0,1139,0,0,0,0,0,0,0,0,0, 0,0,0,0,0,12,0,0,0,0
35600,5,15,-0.6,232,31,-0.364418,34.7981,0,1139,0,0,0,0,0,0,0,0,0, 0,0,0,0,0,12,0,0,0,0
35600,6,154,-53.4,76,32,-9.15212,6.79696,0,1139,0,0,0,0,0,0,0,0,0, 0,0,0,0,0,12,0,0,0,0
35600,7,20,-6,236,32.5,-3.70031,35.2061,0,1139,0,0,0,0,0,0,0,0,0, 0,0,0,0,0,12,0,0,0,0
35600,8,98,-51.6,80,32,-9.40432,7.45377,0,1139,0,0,0,0,0,0,0,0,0, 0,0,0,0,0,12,0,0,0,0
35600,9,140,-56.5,60,32,-7.50497,4.96743,0,1139,0,0,0,0,0,0,0,0,0, 0,0,0,0,0,12,0,0,0,0
35640,0,246,-56.5,64,32,-8.0053,5.2986,0,86,0,0,0,0,0,0,0,0,0, 0,0,0,0,0,13,0,0,0,0
35640,1,291,-56.5,68,32,-8.50564,5.62976,0,86,0,0,0,0,0,0,0,0,0, 0,0,0,0,0,13,0,0,0,0
35640,2,44,75.1,8,33,1.15965,0.308559,0,86,0,0,0,0,0,0,0,0,0, 0,0,0,0,0,13,0,0,0,0
35640,3,244,-55.4,72,32,-8.88987,6.13271,0,86,0,0,0,0,0,0,0,0,0, 0,0,0,0,0,13,0,0,0,0
35640,4,26,0.6,232,31.25,0.364418,34.7981,0,86,0,0,0,0,0,0,0,0,0, 0,0,0,0,0,13,0,0,0,0
35640,5,156,-53.4,76,32,-9.15212,6.79696,0,86,0,0,0,0,0,0,0,0,0, 0,0,0,0,0,13,0,0,0,0
35640,6,98,-53.4,80,32,-9.63381,7.1547,0,86,0,0,0,0,0,0,0,0,0, 0,0,0,0,0,13,0,0,0,0
35640,7,137,-57.4,60,32,-7.58207,4.84894,0,86,0,0,0,0,0,0,0,0,0, 0,0,0,0,0,13,0,0,0,0
35680,0,245,-56.5,64,32,-8.0053,5.2986,0,0,0,0,0,0,0,0,0,0,0, 0,0,0,0,0,14,0,0,0,0
35680,1,292,-56.5,68,32,-8.50564,5.62976,0,0,0,0,0,0,0,0,0,0,0, 0,0,0,0,0,14,0,0,0,0
35680,2,45,71.1,8,33,1.1353,0.388701,0,0,0,0,0,0,0,0,0,0,0, 0,0,0,0,0,14,0,0,0,0
35680,3,243,-55.4,72,32,-8.88987,6.13271,0,0,0,0,0,0,0,0,0,0,0, 0,0,0,0,0,14,0,0,0,0
35680,4,19,-6.6,232,32.25,-3.99981,34.5694,0,0,0,0,0,0,0,0,0,0,0, 0,0,0,0,0,14,0,0,0,0
35680,5,154,-54.4,76,32,-9.26935,6.6362,0,0,0,0,0,0,0,0,0,0,0, 0,0,0,0,0,14,0,0,0,0
35680,6,98,-53.4,80,32,-9.63381,7.1547,0,0,0,0,0,0,0,0,0,0,0, 0,0,0,0,0,14,0,0,0,0
35680,7,139,-57.4,60,32,-7.58207,4.84894,0,0,0,0,0,0,0,0,0,0,0, 0,0,0,0,0,14,0,0,0,0
35680,8,14,-27.1,412,16.75,-28.1527,55.0152,0,0,0,0,0,0,0,0,0,0,0, 0,0,0,0,0,14,0,0,0,0
35720,0,247,-56.5,64,32,-8.0053,5.2986,0,0,0,0,0,0,0,0,0,0,0, 0,0,0,0,0,15,0,0,0,0
35720,1,292,-56.5,68,32,-8.50564,5.62976,0,0,0,0,0,0,0,0,0,0,0, 0,0,0,0,0,15,0,0,0,0
35720,2,243,-55.4,72,32,-8.88987,6.13271,0,0,0,0,0,0,0,0,0,0,0, 0,0,0,0,0,15,0,0,0,0
35720,3,156,-54.4,76,32,-9.26935,6.6362,0,0,0,0,0,0,0,0,0,0,0, 0,0,0,0,0,15,0,0,0,0
35720,4,98,-55.4,80,32,-9.87764,6.81413,0,0,0,0,0,0,0,0,0,0,0, 0,0,0,0,0,15,0,0,0,0
35720,5,142,-57.4,60,32,-7.58207,4.84894,0,0,0,0,0,0,0,0,0,0,0, 0,0,0,0,0,15,0,0,0,0
35760,0,248,-56.5,64,32,-8.0053,5.2986,0,0,0,0,0,0,0,0,0,0,0, 0,0,0,0,0,0,0,0,0,0
35760,1,292,-56.5,68,32,-8.50564,5.62976,0,0,0,0,0,0,0,0,0,0,0, 0,0,0,0,0,0,0,0,0,0
35760,2,244,-55.4,72,32,-8.88987,6.13271,0,0,0,0,0,0,0,0,0,0,0, 0,0,0,0,0,0,0,0,0,0
35760,3,156,-54.4,76,32,-9.26935,6.6362,0,0,0,0,0,0,0,0,0,0,0, 0,0,0,0,0,0,0,0,0,0
35760,4,98,-56.5,80,32,-10.0066,6.62324,0,0,0,0,0,0,0,0,0,0,0, 0,0,0,0,0,0,0,0,0,0
35760,5,141,-56.5,60,32,-7.50497,4.96743,0,0,0,0,0,0,0,0,0,0,0, 0,0,0,0,0,0,0,0,0,0
35800,0,248,-56.5,64,32,-8.0053,5.2986,0,0,0,0,0,0,0,0,0,0,0, 0,0,0,0,0,1,0,0,0,0
35800,1,294,-55.4,68,32,-8.39599,5.79201,0,0,0,0,0,0,0,0,0,0,0, 0,0,0,0,0,1,0,0,0,0
35800,2,245,-55.4,72,32,-8.88987,6.13271,0,0,0,0,0,0,0,0,0,0,0, 0,0,0,0,0,1,0,0,0,0
35800,3,156,-54.4,76,32,-9.26935,6.6362,0,0,0,0,0,0,0,0,0,0,0, 0,0,0,0,0,1,0,0,0,0
35800,4,97,-55.4,80,32,-9.87764,6.81413,0,0,0,0,0,0,0,0,0,0,0, 0,0,0,0,0,1,0,0,0,0
35800,5,142,-56.5,60,32,-7.50497,4.96743,0,0,0,0,0,0,0,0,0,0,0, 0,0,0,0,0,1,0,0,0,0
35840,0,250,-56.5,64,32,-8.0053,5.2986,0,0,0,0,0,0,0,0,0,0,0, 0,0,0,0,0,2,0,0,0,0
35840,1,295,-55.4,68,32,-8.39599,5.79201,0,0,0,0,0,0,0,0,0,0,0, 0,0,0,0,0,2,0,0,0,0
35840,2,244,-54.4,72,32,-8.78149,6.28693,0,0,0,0,0,0,0,0,0,0,0, 0,0,0,0,0,2,0,0,0,0
35840,3,26,-1.8,232,30.75,-1.09309,34.7828,0,0,0,0,0,0,0,0,0,0,0, 0,0,0,0,0,2,0,0,0,0
35840,4,39,-3.6,232,31.25,-2.18511,34.7313,0,0,0,0,0,0,0,0,0,0,0, 0,0,0,0,0,2,0,0,0,0
35840,5,26,-2.4,232,32.25,-1.45727,34.7695,0,0,0,0,0,0,0,0,0,0,0, 0,0,0,0,0,2,0,0,0,0
35840,6,156,-53.4,76,32,-9.15212,6.79696,0,0,0,0,0,0,0,0,0,0,0, 0,0,0,0,0,2,0,0,0,0
35840,7,23,-4.2,236,31.25,-2.59263,35.3049,0,0,0,0,0,0,0,0,0,0,0, 0,0,0,0,0,2,0,0,0,0
35840,8,101,-51.6,80,32,-9.40432,7.45377,0,0,0,0,0,0,0,0,0,0,0, 0,0,0,0,0,2,0,0,0,0
35840,9,28,-2.4,240,31.75,-1.50752,35.9684,0,0,0,0,0,0,0,0,0,0,0, 0,0,0,0,0,2,0,0,0,0
35840,10,15,-75,408,26.75,-59.1147,15.8397,0,0,0,0,0,0,0,0,0,0,0, 0,0,0,0,0,2,0,0,0,0
35840,11,142,-56.5,60,32,-7.50497,4.96743,0,0,0,0,0,0,0,0,0,0,0, 0,0,0,0,0,2,0,0,0,0
35880,0,249,-56.5,64,32,-8.0053,5.2986,0,0,0,0,0,0,0,0,0,0,0, 0,0,0,0,0,3,0,0,0,0
35880,1,28,-0.6,224,31.25,-0.351852,33.5982,0,0,0,0,0,0,0,0,0,0,0, 0,0,0,0,0,3,0,0,0,0
35880,2,27,-0.6,224,32.25,-0.351852,33.5982,0,0,0,0,0,0,0,0,0,0,0, 0,0,0,0,0,3,0,0,0,0
35880,3,294,-56.5,68,32,-8.50564,5.62976,0,0,0,0,0,0,0,0,0,0,0, 0,0,0,0,0,3,0,0,0,0
35880,4,245,-55.4,72,32,-8.88987,6.13271,0,0,0,0,0,0,0,0,0,0,0, 0,0,0,0,0,3,0,0,0,0
35880,5,20,-0.6,232,32.25,-0.364418,34.7981,0,0,0,0,0,0,0,0,0,0,0, 0,0,0,0,0,3,0,0,0,0
35880,6,154,-54.4,76,32,-9.26935,6.6362,0,0,0,0,0,0,0,0,0,0,0, 0,0,0,0,0,3,0,0,0,0
35880,7,99,-51.6,80,32,-9.40432,7.45377,0,0,0,0,0,0,0,0,0,0,0, 0,0,0,0,0,3,0,0,0,0
35880,8,139,-58.4,60,32,-7.66554,4.71587,0,0,0,0,0,0,0,0,0,0,0, 0,0,0,0,0,3,0,0,0,0
35880,9,21,-6.6,220,31,-3.79293,32.7813,0,0,0,0,0,0,0,0,0,0,0, 0,0,0,0,0,3,0,0,0,0
35920,0,246,-57.4,64,32,-8.08754,5.1722,0,0,0,0,0,0,0,0,0,0,0, 0,0,0,0,0,4,0,0,0,0
35920,1,291,-56.5,68,32,-8.50564,5.62976,0,0,0,0,0,0,0,0,0,0,0, 0,0,0,0,0,4,0,0,0,0
35920,2,25,0.6,228,30.75,0.358135,34.1981,0,0,0,0,0,0,0,0,0,0,0, 0,0,0,0,0,4,0,0,0,0
35920,3,33,0.6,228,31,0.358135,34.1981,0,0,0,0,0,0,0,0,0,0,0, 0,0,0,0,0,4,0,0,0,0
35920,4,21,-3.6,228,32.25,-2.14744,34.1325,0,0,0,0,0,0,0,0,0,0,0, 0,0,0,0,0,4,0,0,0,0
35920,5,243,-55.4,72,32,-8.88987,6.13271,0,0,0,0,0,0,0,0,0,0,0, 0,0,0,0,0,4,0,0,0,0
35920,6,20,3.6,232,30.75,2.18511,34.7313,0,0,0,0,0,0,0,0,0,0,0, 0,0,0,0,0,4,0,0,0,0
35920,7,29,2.4,232,31.25,1.45727,34.7695,0,0,0,0,0,0,0,0,0,0,0, 0,0,0,0,0,4,0,0,0,0
35920,8,22,0.6,232,32.25,0.364418,34.7981,0,0,0,0,0,0,0,0,0,0,0, 0,0,0,0,0,4,0,0,0,0
35920,9,154,-54.4,76,32,-9.26935,6.6362,0,0,0,0,0,0,0,0,0,0,0, 0,0,0,0,0,4,0,0,0,0
35920,10,101,-51.6,80,32,-9.40432,7.45377,0,0,0,0,0,0,0,0,0,0,0, 0,0,0,0,0,4,0,0,0,0
35920,11,140,-58.4,60,32,-7.66554,4.71587,0,0,0,0,0,0,0,0,0,0,0, 0,0,0,0,0,4,0,0,0,0
35960,0,246,-57.4,64,32,-8.08754,5.1722,0,0,0,0,0,0,0,0,0,0,0, 0,0,0,0,0,5,0,0,0,0
35960,1,291,-56.5,68,32,-8.50564,5.62976,0,0,0,0,0,0,0,0,0,0,0, 0,0,0,0,0,5,0,0,0,0
35960,2,242,-55.4,72,32,-8.88987,6.13271,0,0,0,0,0,0,0,0,0,0,0, 0,0,0,0,0,5,0,0,0,0
35960,3,18,-6,232,30.75,-3.63759,34.6094,0,0,0,0,0,0,0,0,0,0,0, 0,0,0,0,0,5,0,0,0,0
35960,4,32,-5.4,232,31.25,-3.27497,34.6456,0,0,0,0,0,0,0,0,0,0,0, 0,0,0,0,0,5,0,0,0,0
35960,5,25,-6.6,232,32.25,-3.99981,34.5694,0,0,0,0,0,0,0,0,0,0,0, 0,0,0,0,0,5,0,0,0,0
35960,6,151,-54.4,76,32,-9.26935,6.6362,0,0,0,0,0,0,0,0,0,0,0, 0,0,0,0,0,5,0,0,0,0
35960,7,23,-4.2,236,30.75,-2.59263,35.3049,0,0,0,0,0,0,0,0,0,0,0, 0,0,0,0,0,5,0,0,0,0
35960,8,35,-4.2,236,31.25,-2.59263,35.3049,0,0,0,0,0,0,0,0,0,0,0, 0,0,0,0,0,5,0,0,0,0
35960,9,27,-6,236,32.25,-3.70031,35.2061,0,0,0,0,0,0,0,0,0,0,0, 0,0,0,0,0,5,0,0,0,0
35960,10,99,-51.6,80,32,-9.40432,7.45377,0,0,0,0,0,0,0,0,0,0,0, 0,0,0,0,0,5,0,0,0,0
35960,11,17,-0.6,240,30.75,-0.376984,35.998,0,0,0,0,0,0,0,0,0,0,0, 0,0,0,0,0,5,0,0,0,0
35960,12,16,-6.6,244,31.75,-4.2067,36.3574,0,0,0,0,0,0,0,0,0,0,0, 0,0,0,0,0,5,0,0,0,0
35960,13,20,-6,244,32.5,-3.82574,36.3995,0,0,0,0,0,0,0,0,0,0,0, 0,0,0,0,0,5,0,0,0,0
35960,14,139,-58.4,60,32,-7.66554,4.71587,0,0,0,0,0,0,0,0,0,0,0, 0,0,0,0,0,5,0,0,0,0
36000,0,245,-58.4,64,32,-8.17658,5.03026,0,0,0,0,0,0,0,0,0,0,0, 0,0,0,0,0,6,0,0,0,0
36000,1,24,-3.6,224,31.25,-2.10976,33.5337,0,0,0,0,0,0,0,0,0,0,0, 0,0,0,0,0,6,0,0,0,0
36000,2,288,-56.5,68,32,-8.50564,5.62976,0,0,0,0,0,0,0,0,0,0,0, 0,0,0,0,0,6,0,0,0,0
36000,3,20,-3.6,228,30.75,-2.14744,34.1325,0,0,0,0,0,0,0,0,0,0,0, 0,0,0,0,0,6,0,0,0,0
36000,4,34,-3.6,228,31.25,-2.14744,34.1325,0,0,0,0,0,0,0,0,0,0,0, 0,0,0,0,0,6,0,0,0,0
36000,5,241,-56.5,72,32,-9.00597,5.96092,0,0,0,0,0,0,0,0,0,0,0, 0,0,0,0,0,6,0,0,0,0
36000,6,25,-9.6,232,31,-5.80355,34.3127,0,0,0,0,0,0,0,0,0,0,0, 0,0,0,0,0,6,0,0,0,0
36000,7,152,-54.4,76,32,-9.26935,6.6362,0,0,0,0,0,0,0,0,0,0,0, 0,0,0,0,0,6,0,0,0,0
36000,8,20,0.1,236,30.75,0.0617846,35.3999,0,0,0,0,0,0,0,0,0,0,0, 0,0,0,0,0,6,0,0,0,0
36000,9,25,-1.2,236,31,-0.741362,35.3922,0,0,0,0,0,0,0,0,0,0,0, 0,0,0,0,0,6,0,0,0,0
36000,10,102,-46.7,80,32,-8.73327,8.22982,0,0,0,0,0,0,0,0,0,0,0, 0,0,0,0,0,6,0,0,0,0
36000,11,18,-1.2,240,31.25,-0.753927,35.9921,0,0,0,0,0,0,0,0,0,0,0, 0,0,0,0,0,6,0,0,0,0
36000,12,85,-44.2,84,32,-8.78428,9.03307,0,0,0,0,0,0,0,0,0,0,0, 0,0,0,0,0,6,0,0,0,0
36000,13,141,-57.4,60,32,-7.58207,4.84894,0,0,0,0,0,0,0,0,0,0,0, 0,0,0,0,0,6,0,0,0,0
36040,0,246,-57.4,64,32,-8.08754,5.1722,0,0,0,0,0,0,0,0,0,0,0, 0,0,0,0,0,7,0,0,0,0
36040,1,289,-57.4,68,32,-8.59301,5.49546,0,0,0,0,0,0,0,0,0,0,0, 0,0,0,0,0,7,0,0,0,0
36040,2,18,-6,228,30.75,-3.57487,34.0126,0,0,0,0,0,0,0,0,0,0,0, 0,0,0,0,0,7,0,0,0,0
36040,3,241,-56.5,72,32,-9.00597,5.96092,0,0,0,0,0,0,0,0,0,0,0, 0,0,0,0,0,7,0,0,0,0
36040,4,153,-53.4,76,32,-9.15212,6.79696,0,0,0,0,0,0,0,0,0,0,0, 0,0,0,0,0,7,0,0,0,0
36040,5,109,-45,80,32,-8.48528,8.48528,0,0,0,0,0,0,0,0,0,0,0, 0,0,0,0,0,7,0,0,0,0
36040,6,89,-42.9,84,32,-8.57708,9.23004,0,0,0,0,0,0,0,0,0,0,0, 0,0,0,0,0,7,0,0,0,0
36040,7,17,-3.6,244,31.75,-2.29813,36.5278,0,0,0,0,0,0,0,0,0,0,0, 0,0,0,0,0,7,0,0,0,0
36040,8,140,-60.3,60,32,-7.81768,4.45913,0,0,0,0,0,0,0,0,0,0,0, 0,0,0,0,0,7,0,0,0,0
36080,0,246,-58.4,64,32,-8.17658,5.03026,0,0,0,0,0,0,0,0,0,0,0, 0,0,0,0,0,8,0,0,0,0
36080,1,290,-57.4,68,32,-8.59301,5.49546,0,0,0,0,0,0,0,0,0,0,0, 0,0,0,0,0,8,0,0,0,0
36080,2,29,-2.4,228,30.75,-1.43215,34.17,0,0,0,0,0,0,0,0,0,0,0, 0,0,0,0,0,8,0,0,0,0
36080,3,43,-1.2,228,31.25,-0.716231,34.1925,0,0,0,0,0,0,0,0,0,0,0, 0,0,0,0,0,8,0,0,0,0
36080,4,30,-2.4,228,32.25,-1.43215,34.17,0,0,0,0,0,0,0,0,0,0,0, 0,0,0,0,0,8,0,0,0,0
36080,5,239,-56.5,72,32,-9.00597,5.96092,0,0,0,0,0,0,0,0,0,0,0, 0,0,0,0,0,8,0,0,0,0
36080,6,28,-5.4,232,30.75,-3.27497,34.6456,0,0,0,0,0,0,0,0,0,0,0, 0,0,0,0,0,8,0,0,0,0
36080,7,46,-4.8,232,31.25,-2.91199,34.678,0,0,0,0,0,0,0,0,0,0,0, 0,0,0,0,0,8,0,0,0,0
36080,8,36,-3,232,32.25,-1.82129,34.7523,0,0,0,0,0,0,0,0,0,0,0, 0,0,0,0,0,8,0,0,0,0
36080,9,154,-54.4,76,32,-9.26935,6.6362,0,0,0,0,0,0,0,0,0,0,0, 0,0,0,0,0,8,0,0,0,0
36080,10,28,-4.2,236,31.25,-2.59263,35.3049,0,0,0,0,0,0,0,0,0,0,0, 0,0,0,0,0,8,0,0,0,0
36080,11,17,-3.6,236,32.25,-2.22278,35.3301,0,0,0,0,0,0,0,0,0,0,0, 0,0,0,0,0,8,0,0,0,0
36080,12,112,-45,80,32,-8.48528,8.48528,0,0,0,0,0,0,0,0,0,0,0, 0,0,0,0,0,8,0,0,0,0
36080,13,95,-42.3,84,32,-8.47996,9.31935,0,0,0,0,0,0,0,0,0,0,0, 0,0,0,0,0,8,0,0,0,0
36080,14,139,-58.4,60,32,-7.66554,4.71587,0,0,0,0,0,0,0,0,0,0,0, 0,0,0,0,0,8,0,0,0,0
36120,0,245,-58.4,64,32,-8.17658,5.03026,0,1334,0,0,0,0,0,0,0,0,0, 0,0,0,0,0,9,0,0,0,0
36120,1,22,-4.2,224,30.75,-2.4608,33.5098,0,1334,0,0,0,0,0,0,0,0,0, 0,0,0,0,0,9,0,0,0,0
36120,2,35,-3.6,224,31.25,-2.10976,33.5337,0,1334,0,0,0,0,0,0,0,0,0, 0,0,0,0,0,9,0,0,0,0
36120,3,289,-56.5,68,32,-8.50564,5.62976,0,1334,0,0,0,0,0,0,0,0,0, 0,0,0,0,0,9,0,0,0,0
36120,4,26,-3.6,228,30.75,-2.14744,34.1325,0,1334,0,0,0,0,0,0,0,0,0, 0,0,0,0,0,9,0,0,0,0
36120,5,38,-1.2,228,31.25,-0.716231,34.1925,0,1334,0,0,0,0,0,0,0,0,0, 0,0,0,0,0,9,0,0,0,0
36120,6,242,-56.5,72,32,-9.00597,5.96092,0,1334,0,0,0,0,0,0,0,0,0, 0,0,0,0,0,9,0,0,0,0
36120,7,155,-53.4,76,32,-9.15212,6.79696,0,1334,0,0,0,0,0,0,0,0,0, 0,0,0,0,0,9,0,0,0,0
36120,8,108,-46.7,80,32,-8.73327,8.22982,0,1334,0,0,0,0,0,0,0,0,0, 0,0,0,0,0,9,0,0,0,0
36120,9,87,-44.2,84,32,-8.78428,9.03307,0,1334,0,0,0,0,0,0,0,0,0, 0,0,0,0,0,9,0,0,0,0
36120,10,140,-57.4,60,32,-7.58207,4.84894,0,1334,0,0,0,0,0,0,0,0,0, 0,0,0,0,0,9,0,0,0,0
36160,0,246,-57.4,64,32,-8.08754,5.1722,0,0,0,0,0,0,0,0,0,0,0, 0,0,0,0,0,10,0,0,0,0
36160,1,290,-56.5,68,32,-8.50564,5.62976,0,0,0,0,0,0,0,0,0,0,0, 0,0,0,0,0,10,0,0,0,0
36160,2,30,0.6,228,30.75,0.358135,34.1981,0,0,0,0,0,0,0,0,0,0,0, 0,0,0,0,0,10,0,0,0,0
36160,3,35,-2.4,228,31,-1.43215,34.17,0,0,0,0,0,0,0,0,0,0,0, 0,0,0,0,0,10,0,0,0,0
36160,4,242,-56.5,72,32,-9.00597,5.96092,0,0,0,0,0,0,0,0,0,0,0, 0,0,0,0,0,10,0,0,0,0
36160,5,36,-3.6,232,30.75,-2.18511,34.7313,0,0,0,0,0,0,0,0,0,0,0, 0,0,0,0,0,10,0,0,0,0
36160,6,49,-4.2,232,31.25,-2.54869,34.7065,0,0,0,0,0,0,0,0,0,0,0, 0,0,0,0,0,10,0,0,0,0
36160,7,32,-5.4,232,32.25,-3.27497,34.6456,0,0,0,0,0,0,0,0,0,0,0, 0,0,0,0,0,10,0,0,0,0
36160,8,153,-54.4,76,32,-9.26935,6.6362,0,0,0,0,0,0,0,0,0,0,0, 0,0,0,0,0,10,0,0,0,0
36160,9,20,-8.4,236,30.75,-5.17134,35.0202,0,0,0,0,0,0,0,0,0,0,0, 0,0,0,0,0,10,0,0,0,0
36160,10,106,-48,80,32,-8.91774,8.02957,0,0,0,0,0,0,0,0,0,0,0, 0,0,0,0,0,10,0,0,0,0
36160,11,87,-43.6,84,32,-8.68921,9.12457,0,0,0,0,0,0,0,0,0,0,0, 0,0,0,0,0,10,0,0,0,0
36160,12,138,-58.4,60,32,-7.66554,4.71587,0,0,0,0,0,0,0,0,0,0,0, 0,0,0,0,0,10,0,0,0,0
36200,0,247,-57.4,64,32,-8.08754,5.1722,0,7936,0,0,0,0,0,0,0,0,0, 0,0,0,0,0,11,0,0,0,0
36200,1,289,-56.5,68,32,-8.50564,5.62976,0,7936,0,0,0,0,0,0,0,0,0, 0,0,0,0,0,11,0,0,0,0
36200,2,241,-56.5,72,32,-9.00597,5.96092,0,7936,0,0,0,0,0,0,0,0,0, 0,0,0,0,0,11,0,0,0,0
36200,3,20,-5.4,232,32.25,-3.27497,34.6456,0,7936,0,0,0,0,0,0,0,0,0, 0,0,0,0,0,11,0,0,0,0
36200,4,154,-54.4,76,32,-9.26935,6.6362,0,7936,0,0,0,0,0,0,0,0,0, 0,0,0,0,0,11,0,0,0,0
36200,5,106,-46.7,80,32,-8.73327,8.22982,0,7936,0,0,0,0,0,0,0,0,0, 0,0,0,0,0,11,0,0,0,0
36200,6,15,1.8,240,32.25,1.13079,35.9822,0,7936,0,0,0,0,0,0,0,0,0, 0,0,0,0,0,11,0,0,0,0
36200,7,83,-45,84,32,-8.90955,8.90955,0,7936,0,0,0,0,0,0,0,0,0, 0,0,0,0,0,11,0,0,0,0
36200,8,140,-58.4,60,32,-7.66554,4.71587,0,7936,0,0,0,0,0,0,0,0,0, 0,0,0,0,0,11,0,0,0,0
36240,0,246,-57.4,64,32,-8.08754,5.1722,0,1139,0,0,0,0,0,0,0,0,0, 0,0,0,0,0,12,0,0,0,0
36240,1,291,-56.5,68,32,-8.50564,5.62976,0,1139,0,0,0,0,0,0,0,0,0, 0,0,0,0,0,12,0,0,0,0
36240,2,242,-56.5,72,32,-9.00597,5.96092,0,1139,0,0,0,0,0,0,0,0,0, 0,0,0,0,0,12,0,0,0,0
36240,3,22,-3.6,232,31.75,-2.18511,34.7313,0,1139,0,0,0,0,0,0,0,0,0, 0,0,0,0,0,12,0,0,0,0
36240,4,154,-54.4,76,32,-9.26935,6.6362,0,1139,0,0,0,0,0,0,0,0,0, 0,0,0,0,0,12,0,0,0,0
36240,5,103,-46.7,80,32,-8.73327,8.22982,0,1139,0,0,0,0,0,0,0,0,0, 0,0,0,0,0,12,0,0,0,0
36240,6,82,-44.2,84,32,-8.78428,9.03307,0,1139,0,0,0,0,0,0,0,0,0, 0,0,0,0,0,12,0,0,0,0
36240,7,138,-58.4,60,32,-7.66554,4.71587,0,1139,0,0,0,0,0,0,0,0,0, 0,0,0,0,0,12,0,0,0,0
36280,0,245,-57.4,64,32,-8.08754,5.1722,0,86,0,0,0,0,0,0,0,0,0, 0,0,0,0,0,13,0,0,0,0
36280,1,291,-57.4,68,32,-8.59301,5.49546,0,86,0,0,0,0,0,0,0,0,0, 0,0,0,0,0,13,0,0,0,0
36280,2,42,66.6,8,33,1.10131,0.476577,0,86,0,0,0,0,0,0,0,0,0, 0,0,0,0,0,13,0,0,0,0
36280,3,241,-56.5,72,32,-9.00597,5.96092,0,86,0,0,0,0,0,0,0,0,0, 0,0,0,0,0,13,0,0,0,0
36280,4,36,-1.2,232,31.25,-0.728796,34.7924,0,86,0,0,0,0,0,0,0,0,0, 0,0,0,0,0,13,0,0,0,0
36280,5,26,-2.4,232,32.25,-1.45727,34.7695,0,86,0,0,0,0,0,0,0,0,0, 0,0,0,0,0,13,0,0,0,0
36280,6,153,-54.4,76,32,-9.26935,6.6362,0,86,0,0,0,0,0,0,0,0,0, 0,0,0,0,0,13,0,0,0,0
36280,7,104,-48,80,32,-8.91774,8.02957,0,86,0,0,0,0,0,0,0,0,0, 0,0,0,0,0,13,0,0,0,0
36280,8,139,-58.4,60,32,-7.66554,4.71587,0,86,0,0,0,0,0,0,0,0,0, 0,0,0,0,0,13,0,0,0,0
36320,0,244,-58.4,64,32,-8.17658,5.03026,0,0,0,0,0,0,0,0,0,0,0, 0,0,0,0,0,14,0,0,0,0
36320,1,290,-57.4,68,32,-8.59301,5.49546,0,0,0,0,0,0,0,0,0,0,0, 0,0,0,0,0,14,0,0,0,0
36320,2,34,1.8,228,31.75,1.07425,34.1831,0,0,0,0,0,0,0,0,0,0,0, 0,0,0,0,0,14,0,0,0,0
36320,3,31,4.2,228,32.25,2.50475,34.1082,0,0,0,0,0,0,0,0,0,0,0, 0,0,0,0,0,14,0,0,0,0
36320,4,241,-56.5,72,32,-9.00597,5.96092,0,0,0,0,0,0,0,0,0,0,0, 0,0,0,0,0,14,0,0,0,0
36320,5,31,-1.8,232,31.75,-1.09309,34.7828,0,0,0,0,0,0,0,0,0,0,0, 0,0,0,0,0,14,0,0,0,0
36320,6,155,-53.4,76,32,-9.15212,6.79696,0,0,0,0,0,0,0,0,0,0,0, 0,0,0,0,0,14,0,0,0,0
36320,7,20,-0.6,236,31.75,-0.370701,35.3981,0,0,0,0,0,0,0,0,0,0,0, 0,0,0,0,0,14,0,0,0,0
36320,8,104,-45.9,80,32,-8.61752,8.35095,0,0,0,0,0,0,0,0,0,0,0, 0,0,0,0,0,14,0,0,0,0
36320,9,81,-43.6,84,32,-8.68921,9.12457,0,0,0,0,0,0,0,0,0,0,0, 0,0,0,0,0,14,0,0,0,0
36320,10,138,-58.4,60,32,-7.66554,4.71587,0,0,0,0,0,0,0,0,0,0,0, 0,0,0,0,0,14,0,0,0,0
36360,0,246,-58.4,64,32,-8.17658,5.03026,0,0,0,0,0,0,0,0,0,0,0, 0,0,0,0,0,15,0,0,0,0
36360,1,291,-57.4,68,32,-8.59301,5.49546,0,0,0,0,0,0,0,0,0,0,0, 0,0,0,0,0,15,0,0,0,0
36360,2,40,67.6,8,33,1.10946,0.457284,0,0,0,0,0,0,0,0,0,0,0, 0,0,0,0,0,15,0,0,0,0
36360,3,243,-56.5,72,32,-9.00597,5.96092,0,0,0,0,0,0,0,0,0,0,0, 0,0,0,0,0,15,0,0,0,0
36360,4,155,-54.4,76,32,-9.26935,6.6362,0,0,0,0,0,0,0,0,0,0,0, 0,0,0,0,0,15,0,0,0,0
36360,5,104,-46.7,80,32,-8.73327,8.22982,0,0,0,0,0,0,0,0,0,0,0, 0,0,0,0,0,15,0,0,0,0
36360,6,81,-44.2,84,32,-8.78428,9.03307,0,0,0,0,0,0,0,0,0,0,0, 0,0,0,0,0,15,0,0,0,0
36360,7,138,-58.4,60,32,-7.66554,4.71587,0,0,0,0,0,0,0,0,0,0,0, 0,0,0,0,0,15,0,0,0,0
36400,0,244,-58.4,64,32,-8.17658,5.03026,0,0,0,0,0,0,0,0,0,0,0, 0,0,0,0,0,0,0,0,0,0
36400,1,288,-57.4,68,32,-8.59301,5.49546,0,0,0,0,0,0,0,0,0,0,0, 0,0,0,0,0,0,0,0,0,0
36400,2,241,-56.5,72,32,-9.00597,5.96092,0,0,0,0,0,0,0,0,0,0,0, 0,0,0,0,0,0,0,0,0,0
36400,3,154,-55.4,76,32,-9.38375,6.47342,0,0,0,0,0,0,0,0,0,0,0, 0,0,0,0,0,0,0,0,0,0
36400,4,103,-49.8,80,32,-9.16555,7.74549,0,0,0,0,0,0,0,0,0,0,0, 0,0,0,0,0,0,0,0,0,0
36400,5,141,-58.4,60,32,-7.66554,4.71587,0,0,0,0,0,0,0,0,0,0,0, 0,0,0,0,0,0,0,0,0,0
36440,0,247,-57.4,64,32,-8.08754,5.1722,0,0,0,0,0,0,0,0,0,0,0, 0,0,0,0,0,1,0,0,0,0
36440,1,290,-57.4,68,32,-8.59301,5.49546,0,0,0,0,0,0,0,0,0,0,0, 0,0,0,0,0,1,0,0,0,0
36440,2,242,-56.5,72,32,-9.00597,5.96092,0,0,0,0,0,0,0,0,0,0,0, 0,0,0,0,0,1,0,0,0,0
36440,3,155,-54.4,76,32,-9.26935,6.6362,0,0,0,0,0,0,0,0,0,0,0, 0,0,0,0,0,1,0,0,0,0
36440,4,103,-49.8,80,32,-9.16555,7.74549,0,0,0,0,0,0,0,0,0,0,0, 0,0,0,0,0,1,0,0,0,0
36440,5,138,-58.4,60,32,-7.66554,4.71587,0,0,0,0,0,0,0,0,0,0,0, 0,0,0,0,0,1,0,0,0,0
36480,0,246,-58.4,64,32,-8.17658,5.03026,0,0,0,0,0,0,0,0,0,0,0, 0,0,0,0,0,2,0,0,0,0
36480,1,291,-56.5,68,32,-8.50564,5.62976,0,0,0,0,0,0,0,0,0,0,0, 0,0,0,0,0,2,0,0,0,0
36480,2,41,69.6,8,33,1.12474,0.418287,0,0,0,0,0,0,0,0,0,0,0, 0,0,0,0,0,2,0,0,0,0
36480,3,244,-56.5,72,32,-9.00597,5.96092,0,0,0,0,0,0,0,0,0,0,0, 0,0,0,0,0,2,0,0,0,0
36480,4,156,-54.4,76,32,-9.26935,6.6362,0,0,0,0,0,0,0,0,0,0,0, 0,0,0,0,0,2,0,0,0,0
36480,5,13,12.1,204,5.25,6.41433,29.9202,0,0,0,0,0,0,0,0,0,0,0, 0,0,0,0,0,2,0,0,0,0
36480,6,21,-1.8,236,31.25,-1.11194,35.3825,0,0,0,0,0,0,0,0,0,0,0, 0,0,0,0,0,2,0,0,0,0
36480,7,103,-48,80,32,-8.91774,8.02957,0,0,0,0,0,0,0,0,0,0,0, 0,0,0,0,0,2,0,0,0,0
36480,8,17,-1.8,244,31,-1.14963,36.5819,0,0,0,0,0,0,0,0,0,0,0, 0,0,0,0,0,2,0,0,0,0
36480,9,140,-57.4,60,32,-7.58207,4.84894,0,0,0,0,0,0,0,0,0,0,0, 0,0,0,0,0,2,0,0,0,0
36520,0,248,-57.4,64,32,-8.08754,5.1722,0,0,0,0,0,0,0,0,0,0,0, 0,0,0,0,0,3,0,0,0,0
36520,1,293,-56.5,68,32,-8.50564,5.62976,0,0,0,0,0,0,0,0,0,0,0, 0,0,0,0,0,3,0,0,0,0
36520,2,19,-6,228,30.75,-3.57487,34.0126,0,0,0,0,0,0,0,0,0,0,0, 0,0,0,0,0,3,0,0,0,0
36520,3,244,-56.5,72,32,-9.00597,5.96092,0,0,0,0,0,0,0,0,0,0,0, 0,0,0,0,0,3,0,0,0,0
36520,4,156,-54.4,76,32,-9.26935,6.6362,0,0,0,0,0,0,0,0,0,0,0, 0,0,0,0,0,3,0,0,0,0
36520,5,105,-46.7,80,32,-8.73327,8.22982,0,0,0,0,0,0,0,0,0,0,0, 0,0,0,0,0,3,0,0,0,0
36520,6,142,-57.4,60,32,-7.58207,4.84894,0,0,0,0,0,0,0,0,0,0,0, 0,0,0,0,0,3,0,0,0,0
36560,0,248,-57.4,64,32,-8.08754,5.1722,0,0,0,0,0,0,0,0,0,0,0, 0,0,0,0,0,4,0,0,0,0
36560,1,292,-56.5,68,32,-8.50564,5.62976,0,0,0,0,0,0,0,0,0,0,0, 0,0,0,0,0,4,0,0,0,0
36560,2,241,-56.5,72,32,-9.00597,5.96092,0,0,0,0,0,0,0,0,0,0,0, 0,0,0,0,0,4,0,0,0,0
36560,3,154,-55.4,76,32,-9.38375,6.47342,0,0,0,0,0,0,0,0,0,0,0, 0,0,0,0,0,4,0,0,0,0
36560,4,104,-48,80,32,-8.91774,8.02957,0,0,0,0,0,0,0,0,0,0,0, 0,0,0,0,0,4,0,0,0,0
36560,5,140,-58.4,60,32,-7.66554,4.71587,0,0,0,0,0,0,0,0,0,0,0, 0,0,0,0,0,4,0,0,0,0
36600,0,247,-57.4,64,32,-8.08754,5.1722,0,0,0,0,0,0,0,0,0,0,0, 0,0,0,0,0,5,0,0,0,0
36600,1,292,-56.5,68,32,-8.50564,5.62976,0,0,0,0,0,0,0,0,0,0,0, 0,0,0,0,0,5,0,0,0,0
36600,2,47,64.6,8,33,1.084,0.514722,0,0,0,0,0,0,0,0,0,0,0, 0,0,0,0,0,5,0,0,0,0
36600,3,242,-56.5,72,32,-9.00597,5.96092,0,0,0,0,0,0,0,0,0,0,0, 0,0,0,0,0,5,0,0,0,0
36600,4,153,-55.4,76,32,-9.38375,6.47342,0,0,0,0,0,0,0,0,0,0,0, 0,0,0,0,0,5,0,0,0,0
36600,5,19,0.1,236,31,0.0617846,35.3999,0,0,0,0,0,0,0,0,0,0,0, 0,0,0,0,0,5,0,0,0,0
36600,6,100,-53.4,80,32,-9.63381,7.1547,0,0,0,0,0,0,0,0,0,0,0, 0,0,0,0,0,5,0,0,0,0
36600,7,141,-58.4,60,32,-7.66554,4.71587,0,0,0,0,0,0,0,0,0,0,0, 0,0,0,0,0,5,0,0,0,0
36640,0,247,-57.4,64,32,-8.08754,5.1722,0,0,0,0,0,0,0,0,0,0,0, 0,0,0,0,0,6,0,0,0,0
36640,1,14,-7.8,224,30.75,-4.56004,33.2891,0,0,0,0,0,0,0,0,0,0,0, 0,0,0,0,0,6,0,0,0,0
36640,2,290,-56.5,68,32,-8.50564,5.62976,0,0,0,0,0,0,0,0,0,0,0, 0,0,0,0,0,6,0,0,0,0
36640,3,243,-56.5,72,32,-9.00597,5.96092,0,0,0,0,0,0,0,0,0,0,0, 0,0,0,0,0,6,0,0,0,0
36640,4,153,-55.4,76,32,-9.38375,6.47342,0,0,0,0,0,0,0,0,0,0,0, 0,0,0,0,0,6,0,0,0,0
36640,5,99,-51.6,80,32,-9.40432,7.45377,0,0,0,0,0,0,0,0,0,0,0, 0,0,0,0,0,6,0,0,0,0
36640,6,20,-5.4,240,31.25,-3.3879,35.8402,0,0,0,0,0,0,0,0,0,0,0, 0,0,0,0,0,6,0,0,0,0
36640,7,142,-56.5,60,32,-7.50497,4.96743,0,0,0,0,0,0,0,0,0,0,0, 0,0,0,0,0,6,0,0,0,0
36680,0,248,-56.5,64,32,-8.0053,5.2986,0,0,0,0,0,0,0,0,0,0,0, 0,0,0,0,0,7,0,0,0,0
36680,1,294,-56.5,68,32,-8.50564,5.62976,0,0,0,0,0,0,0,0,0,0,0, 0,0,0,0,0,7,0,0,0,0
36680,2,21,-1.8,228,31,-1.07425,34.1831,0,0,0,0,0,0,0,0,0,0,0, 0,0,0,0,0,7,0,0,0,0
36680,3,242,-55.4,72,32,-8.88987,6.13271,0,0,0,0,0,0,0,0,0,0,0, 0,0,0,0,0,7,0,0,0,0
36680,4,22,-9,232,31.75,-5.44392,34.3716,0,0,0,0,0,0,0,0,0,0,0, 0,0,0,0,0,7,0,0,0,0
36680,5,156,-54.4,76,32,-9.26935,6.6362,0,0,0,0,0,0,0,0,0,0,0, 0,0,0,0,0,7,0,0,0,0
36680,6,23,-4.2,236,31.75,-2.59263,35.3049,0,0,0,0,0,0,0,0,0,0,0, 0,0,0,0,0,7,0,0,0,0
36680,7,106,-51.6,80,32,-9.40432,7.45377,0,0,0,0,0,0,0,0,0,0,0, 0,0,0,0,0,7,0,0,0,0
36680,8,140,-56.5,60,32,-7.50497,4.96743,0,0,0,0,0,0,0,0,0,0,0, 0,0,0,0,0,7,0,0,0,0
36720,0,248,-56.5,64,32,-8.0053,5.2986,0,0,0,0,0,0,0,0,0,0,0, 0,0,0,0,0,8,0,0,0,0
36720,1,293,-55.4,68,32,-8.39599,5.79201,0,0,0,0,0,0,0,0,0,0,0, 0,0,0,0,0,8,0,0,0,0
36720,2,244,-54.4,72,32,-8.78149,6.28693,0,0,0,0,0,0,0,0,0,0,0, 0,0,0,0,0,8,0,0,0,0
36720,3,157,-53.4,76,32,-9.15212,6.79696,0,0,0,0,0,0,0,0,0,0,0, 0,0,0,0,0,8,0,0,0,0
36720,4,110,-45.9,80,32,-8.61752,8.35095,0,0,0,0,0,0,0,0,0,0,0, 0,0,0,0,0,8,0,0,0,0
36720,5,85,-48,84,32,-9.36363,8.43105,0,0,0,0,0,0,0,0,0,0,0, 0,0,0,0,0,8,0,0,0,0
36720,6,141,-56.5,60,32,-7.50497,4.96743,0,0,0,0,0,0,0,0,0,0,0, 0,0,0,0,0,8,0,0,0,0
36760,0,252,-56.5,64,32,-8.0053,5.2986,0,1334,0,0,0,0,0,0,0,0,0, 0,0,0,0,0,9,0,0,0,0
36760,1,297,-55.4,68,32,-8.39599,5.79201,0,1334,0,0,0,0,0,0,0,0,0, 0,0,0,0,0,9,0,0,0,0
36760,2,244,-55.4,72,32,-8.88987,6.13271,0,1334,0,0,0,0,0,0,0,0,0, 0,0,0,0,0,9,0,0,0,0
36760,3,17,-3,232,31.5,-1.82129,34.7523,0,1334,0,0,0,0,0,0,0,0,0, 0,0,0,0,0,9,0,0,0,0
36760,4,156,-53.4,76,32,-9.15212,6.79696,0,1334,0,0,0,0,0,0,0,0,0, 0,0,0,0,0,9,0,0,0,0
36760,5,104,-48,80,32,-8.91774,8.02957,0,1334,0,0,0,0,0,0,0,0,0, 0,0,0,0,0,9,0,0,0,0
36760,6,141,-57.4,60,32,-7.58207,4.84894,0,1334,0,0,0,0,0,0,0,0,0, 0,0,0,0,0,9,0,0,0,0
36800,0,245,-57.4,64,32,-8.08754,5.1722,0,0,0,0,0,0,0,0,0,0,0, 0,0,0,0,0,10,0,0,0,0
36800,1,290,-56.5,68,32,-8.50564,5.62976,0,0,0,0,0,0,0,0,0,0,0, 0,0,0,0,0,10,0,0,0,0
36800,2,15,1.3,228,32.25,0.775907,34.1912,0,0,0,0,0,0,0,0,0,0,0, 0,0,0,0,0,10,0,0,0,0
36800,3,240,-56.5,72,32,-9.00597,5.96092,0,0,0,0,0,0,0,0,0,0,0, 0,0,0,0,0,10,0,0,0,0
36800,4,155,-54.4,76,32,-9.26935,6.6362,0,0,0,0,0,0,0,0,0,0,0, 0,0,0,0,0,10,0,0,0,0
36800,5,107,-46.7,80,32,-8.73327,8.22982,0,0,0,0,0,0,0,0,0,0,0, 0,0,0,0,0,10,0,0,0,0
36800,6,86,-46.7,84,32,-9.16994,8.64131,0,0,0,0,0,0,0,0,0,0,0, 0,0,0,0,0,10,0,0,0,0
36800,7,138,-58.4,60,32,-7.66554,4.71587,0,0,0,0,0,0,0,0,0,0,0, 0,0,0,0,0,10,0,0,0,0
36800,8,14,-3,220,31.5,-1.72709,32.9548,0,0,0,0,0,0,0,0,0,0,0, 0,0,0,0,0,10,0,0,0,0
36840,0,245,-57.4,64,32,-8.08754,5.1722,0,7936,0,0,0,0,0,0,0,0,0, 0,0,0,0,0,11,0,0,0,0
36840,1,288,-56.5,68,32,-8.50564,5.62976,0,7936,0,0,0,0,0,0,0,0,0, 0,0,0,0,0,11,0,0,0,0
36840,2,240,-55.4,72,32,-8.88987,6.13271,0,7936,0,0,0,0,0,0,0,0,0, 0,0,0,0,0,11,0,0,0,0
36840,3,157,-54.4,76,32,-9.26935,6.6362,0,7936,0,0,0,0,0,0,0,0,0, 0,0,0,0,0,11,0,0,0,0
36840,4,18,1.3,236,31.75,0.803132,35.3909,0,7936,0,0,0,0,0,0,0,0,0, 0,0,0,0,0,11,0,0,0,0
36840,5,109,-49.8,80,32,-9.16555,7.74549,0,7936,0,0,0,0,0,0,0,0,0, 0,0,0,0,0,11,0,0,0,0
36840,6,140,-56.5,60,32,-7.50497,4.96743,0,7936,0,0,0,0,0,0,0,0,0, 0,0,0,0,0,11,0,0,0,0
36880,0,247,-57.4,64,32,-8.08754,5.1722,0,1139,0,0,0,0,0,0,0,0,0, 0,0,0,0,0,12,0,0,0,0
36880,1,290,-56.5,68,32,-8.50564,5.62976,0,1139,0,0,0,0,0,0,0,0,0, 0,0,0,0,0,12,0,0,0,0
36880,2,239,-56.5,72,32,-9.00597,5.96092,0,1139,0,0,0,0,0,0,0,0,0, 0,0,0,0,0,12,0,0,0,0
36880,3,154,-55.4,76,32,-9.38375,6.47342,0,1139,0,0,0,0,0,0,0,0,0, 0,0,0,0,0,12,0,0,0,0
36880,4,106,-53.4,80,32,-9.63381,7.1547,0,1139,0,0,0,0,0,0,0,0,0, 0,0,0,0,0,12,0,0,0,0
36880,5,82,-54.4,84,32,-10.2451,7.33475,0,1139,0,0,0,0,0,0,0,0,0, 0,0,0,0,0,12,0,0,0,0
36880,6,140,-57.4,60,32,-7.58207,4.84894,0,1139,0,0,0,0,0,0,0,0,0, 0,0,0,0,0,12,0,0,0,0
36920,0,246,-57.4,64,32,-8.08754,5.1722,0,86,0,0,0,0,0,0,0,0,0, 0,0,0,0,0,13,0,0,0,0
36920,1,292,-56.5,68,32,-8.50564,5.62976,0,86,0,0,0,0,0,0,0,0,0, 0,0,0,0,0,13,0,0,0,0
36920,2,243,-56.5,72,32,-9.00597,5.96092,0,86,0,0,0,0,0,0,0,0,0, 0,0,0,0,0,13,0,0,0,0
36920,3,154,-55.4,76,32,-9.38375,6.47342,0,86,0,0,0,0,0,0,0,0,0, 0,0,0,0,0,13,0,0,0,0
36920,4,102,-54.4,80,32,-9.75721,6.98548,0,86,0,0,0,0,0,0,0,0,0, 0,0,0,0,0,13,0,0,0,0
36920,5,140,-58.4,60,32,-7.66554,4.71587,0,86,0,0,0,0,0,0,0,0,0, 0,0,0,0,0,13,0,0,0,0
36960,0,249,-57.4,64,32,-8.08754,5.1722,0,0,0,0,0,0,0,0,0,0,0, 0,0,0,0,0,14,0,0,0,0
36960,1,290,-57.4,68,32,-8.59301,5.49546,0,0,0,0,0,0,0,0,0,0,0, 0,0,0,0,0,14,0,0,0,0
36960,2,242,-56.5,72,32,-9.00597,5.96092,0,0,0,0,0,0,0,0,0,0,0, 0,0,0,0,0,14,0,0,0,0
36960,3,152,-56.5,76,32,-9.5063,6.29208,0,0,0,0,0,0,0,0,0,0,0, 0,0,0,0,0,14,0,0,0,0
36960,4,103,-54.4,80,32,-9.75721,6.98548,0,0,0,0,0,0,0,0,0,0,0, 0,0,0,0,0,14,0,0,0,0
36960,5,141,-56.5,60,32,-7.50497,4.96743,0,0,0,0,0,0,0,0,0,0,0, 0,0,0,0,0,14,0,0,0,0
37000,0,249,-56.5,64,32,-8.0053,5.2986,0,0,0,0,0,0,0,0,0,0,0, 0,0,0,0,0,15,0,0,0,0
37000,1,295,-56.5,68,32,-8.50564,5.62976,0,0,0,0,0,0,0,0,0,0,0, 0,0,0,0,0,15,0,0,0,0
37000,2,245,-56.5,72,32,-9.00597,5.96092,0,0,0,0,0,0,0,0,0,0,0, 0,0,0,0,0,15,0,0,0,0
37000,3,21,1.8,232,31.75,1.09309,34.7828,0,0,0,0,0,0,0,0,0,0,0, 0,0,0,0,0,15,0,0,0,0
37000,4,32,1.8,232,32.5,1.09309,34.7828,0,0,0,0,0,0,0,0,0,0,0, 0,0,0,0,0,15,0,0,0,0
37000,5,156,-55.4,76,32,-9.38375,6.47342,0,0,0,0,0,0,0,0,0,0,0, 0,0,0,0,0,15,0,0,0,0
37000,6,101,-55.4,80,32,-9.87764,6.81413,0,0,0,0,0,0,0,0,0,0,0, 0,0,0,0,0,15,0,0,0,0
37000,7,142,-57.4,60,32,-7.58207,4.84894,0,0,0,0,0,0,0,0,0,0,0, 0,0,0,0,0,15,0,0,0,0
37040,0,248,-57.4,64,32,-8.08754,5.1722,0,0,0,0,0,0,0,0,0,0,0, 0,0,0,0,0,0,0,0,0,0
37040,1,292,-57.4,68,32,-8.59301,5.49546,0,0,0,0,0,0,0,0,0,0,0, 0,0,0,0,0,0,0,0,0,0
37040,2,243,-56.5,72,32,-9.00597,5.96092,0,0,0,0,0,0,0,0,0,0,0, 0,0,0,0,0,0,0,0,0,0
37040,3,156,-55.4,76,32,-9.38375,6.47342,0,0,0,0,0,0,0,0,0,0,0, 0,0,0,0,0,0,0,0,0,0
37040,4,103,-51.6,80,32,-9.40432,7.45377,0,0,0,0,0,0,0,0,0,0,0, 0,0,0,0,0,0,0,0,0,0
37040,5,17,-4.2,240,32.25,-2.63657,35.9033,0,0,0,0,0,0,0,0,0,0,0, 0,0,0,0,0,0,0,0,0,0
37040,6,21,2.4,216,31.75,1.35677,32.3716,0,0,0,0,0,0,0,0,0,0,0, 0,0,0,0,0,0,0,0,0,0
37040,7,21,1.8,216,33,1.01771,32.384,0,0,0,0,0,0,0,0,0,0,0, 0,0,0,0,0,0,0,0,0,0
37040,8,143,-59.4,60,32,-7.74668,4.58137,0,0,0,0,0,0,0,0,0,0,0, 0,0,0,0,0,0,0,0,0,0
37080,0,245,-58.4,64,32,-8.17658,5.03026,0,0,0,0,0,0,0,0,0,0,0, 0,0,0,0,0,1,0,0,0,0
37080,1,18,4.8,224,31.75,2.81158,33.4822,0,0,0,0,0,0,0,0,0,0,0, 0,0,0,0,0,1,0,0,0,0
37080,2,290,-57.4,68,32,-8.59301,5.49546,0,0,0,0,0,0,0,0,0,0,0, 0,0,0,0,0,1,0,0,0,0
37080,3,242,-56.5,72,32,-9.00597,5.96092,0,0,0,0,0,0,0,0,0,0,0, 0,0,0,0,0,1,0,0,0,0
37080,4,155,-54.4,76,32,-9.26935,6.6362,0,0,0,0,0,0,0,0,0,0,0, 0,0,0,0,0,1,0,0,0,0
37080,5,105,-51.6,80,32,-9.40432,7.45377,0,0,0,0,0,0,0,0,0,0,0, 0,0,0,0,0,1,0,0,0,0
37080,6,23,0.6,240,31.75,0.376984,35.998,0,0,0,0,0,0,0,0,0,0,0, 0,0,0,0,0,1,0,0,0,0
37080,7,26,-4.2,240,32.5,-2.63657,35.9033,0,0,0,0,0,0,0,0,0,0,0, 0,0,0,0,0,1,0,0,0,0
37080,8,19,8.8,244,31.5,5.59928,36.1692,0,0,0,0,0,0,0,0,0,0,0, 0,0,0,0,0,1,0,0,0,0
37080,9,27,-3,248,31.5,-1.9469,37.149,0,0,0,0,0,0,0,0,0,0,0, 0,0,0,0,0,1,0,0,0,0
37080,10,20,-0.6,248,32.25,-0.38955,37.198,0,0,0,0,0,0,0,0,0,0,0, 0,0,0,0,0,1,0,0,0,0
37080,11,138,-58.4,60,32,-7.66554,4.71587,0,0,0,0,0,0,0,0,0,0,0, 0,0,0,0,0,1,0,0,0,0
37120,0,243,-58.4,64,32,-8.17658,5.03026,0,0,0,0,0,0,0,0,0,0,0, 0,0,0,0,0,2,0,0,0,0
37120,1,289,-57.4,68,32,-8.59301,5.49546,0,0,0,0,0,0,0,0,0,0,0, 0,0,0,0,0,2,0,0,0,0
37120,2,23,-1.2,228,31.75,-0.716231,34.1925,0,0,0,0,0,0,0,0,0,0,0, 0,0,0,0,0,2,0,0,0,0
37120,3,242,-57.4,72,32,-9.09849,5.81872,0,0,0,0,0,0,0,0,0,0,0, 0,0,0,0,0,2,0,0,0,0
37120,4,19,-4.8,232,31,-2.91199,34.678,0,0,0,0,0,0,0,0,0,0,0, 0,0,0,0,0,2,0,0,0,0
37120,5,154,-54.4,76,32,-9.26935,6.6362,0,0,0,0,0,0,0,0,0,0,0, 0,0,0,0,0,2,0,0,0,0
37120,6,20,-5.4,236,30.75,-3.33143,35.2429,0,0,0,0,0,0,0,0,0,0,0, 0,0,0,0,0,2,0,0,0,0
37120,7,25,-6.6,236,31,-4.06878,35.1654,0,0,0,0,0,0,0,0,0,0,0, 0,0,0,0,0,2,0,0,0,0
37120,8,104,-49.8,80,32,-9.16555,7.74549,0,0,0,0,0,0,0,0,0,0,0, 0,0,0,0,0,2,0,0,0,0
37120,9,20,4.2,216,31.75,2.37292,32.313,0,0,0,0,0,0,0,0,0,0,0, 0,0,0,0,0,2,0,0,0,0
37120,10,17,1.3,216,33,0.73507,32.3917,0,0,0,0,0,0,0,0,0,0,0, 0,0,0,0,0,2,0,0,0,0
37120,11,138,-59.4,60,32,-7.74668,4.58137,0,0,0,0,0,0,0,0,0,0,0, 0,0,0,0,0,2,0,0,0,0
37120,12,21,4.8,220,31.75,2.76137,32.8843,0,0,0,0,0,0,0,0,0,0,0, 0,0,0,0,0,2,0,0,0,0
37120,13,29,0.6,220,32.5,0.345569,32.9982,0,0,0,0,0,0,0,0,0,0,0, 0,0,0,0,0,2,0,0,0,0
37160,0,246,-57.4,64,32,-8.08754,5.1722,0,0,0,0,0,0,0,0,0,0,0, 0,0,0,0,0,3,0,0,0,0
37160,1,291,-56.5,68,32,-8.50564,5.62976,0,0,0,0,0,0,0,0,0,0,0, 0,0,0,0,0,3,0,0,0,0
37160,2,243,-56.5,72,32,-9.00597,5.96092,0,0,0,0,0,0,0,0,0,0,0, 0,0,0,0,0,3,0,0,0,0
37160,3,154,-56.5,76,32,-9.5063,6.29208,0,0,0,0,0,0,0,0,0,0,0, 0,0,0,0,0,3,0,0,0,0
37160,4,20,-6.6,236,32.25,-4.06878,35.1654,0,0,0,0,0,0,0,0,0,0,0, 0,0,0,0,0,3,0,0,0,0
37160,5,102,-56.5,80,32,-10.0066,6.62324,0,0,0,0,0,0,0,0,0,0,0, 0,0,0,0,0,3,0,0,0,0
37160,6,20,3.6,240,32.25,2.26046,35.929,0,0,0,0,0,0,0,0,0,0,0, 0,0,0,0,0,3,0,0,0,0
37160,7,141,-58.4,60,32,-7.66554,4.71587,0,0,0,0,0,0,0,0,0,0,0, 0,0,0,0,0,3,0,0,0,0
37200,0,248,-57.4,64,32,-8.08754,5.1722,0,0,0,0,0,0,0,0,0,0,0, 0,0,0,0,0,4,0,0,0,0
37200,1,19,-3,224,31.75,-1.75849,33.554,0,0,0,0,0,0,0,0,0,0,0, 0,0,0,0,0,4,0,0,0,0
37200,2,23,1.3,224,32.75,0.762294,33.5914,0,0,0,0,0,0,0,0,0,0,0, 0,0,0,0,0,4,0,0,0,0
37200,3,21,1.8,224,33,1.0554,33.5834,0,0,0,0,0,0,0,0,0,0,0, 0,0,0,0,0,4,0,0,0,0
37200,4,293,-57.4,68,32,-8.59301,5.49546,0,0,0,0,0,0,0,0,0,0,0, 0,0,0,0,0,4,0,0,0,0
37200,5,243,-56.5,72,32,-9.00597,5.96092,0,0,0,0,0,0,0,0,0,0,0, 0,0,0,0,0,4,0,0,0,0
37200,6,154,-56.5,76,32,-9.5063,6.29208,0,0,0,0,0,0,0,0,0,0,0, 0,0,0,0,0,4,0,0,0,0
37200,7,100,-57.4,80,32,-10.1094,6.46525,0,0,0,0,0,0,0,0,0,0,0, 0,0,0,0,0,4,0,0,0,0
37200,8,14,11.1,216,33,6.23771,31.7939,0,0,0,0,0,0,0,0,0,0,0, 0,0,0,0,0,4,0,0,0,0
37200,9,143,-58.4,60,32,-7.66554,4.71587,0,0,0,0,0,0,0,0,0,0,0, 0,0,0,0,0,4,0,0,0,0
37240,0,251,-57.4,64,32,-8.08754,5.1722,0,0,0,0,0,0,0,0,0,0,0, 0,0,0,0,0,5,0,0,0,0
37240,1,297,-56.5,68,32,-8.50564,5.62976,0,0,0,0,0,0,0,0,0,0,0, 0,0,0,0,0,5,0,0,0,0
37240,2,246,-56.5,72,32,-9.00597,5.96092,0,0,0,0,0,0,0,0,0,0,0, 0,0,0,0,0,5,0,0,0,0
37240,3,155,-54.4,76,32,-9.26935,6.6362,0,0,0,0,0,0,0,0,0,0,0, 0,0,0,0,0,5,0,0,0,0
37240,4,99,-54.4,80,32,-9.75721,6.98548,0,0,0,0,0,0,0,0,0,0,0, 0,0,0,0,0,5,0,0,0,0
37240,5,140,-57.4,60,32,-7.58207,4.84894,0,0,0,0,0,0,0,0,0,0,0, 0,0,0,0,0,5,0,0,0,0
37240,6,23,3.1,220,33,1.7846,32.9517,0,0,0,0,0,0,0,0,0,0,0, 0,0,0,0,0,5,0,0,0,0
37280,0,247,-58.4,64,32,-8.17658,5.03026,0,0,0,0,0,0,0,0,0,0,0, 0,0,0,0,0,6,0,0,0,0
37280,1,20,0.1,224,31.75,0.058643,33.5999,0,0,0,0,0,0,0,0,0,0,0, 0,0,0,0,0,6,0,0,0,0
37280,2,21,3.1,224,33,1.81705,33.5508,0,0,0,0,0,0,0,0,0,0,0, 0,0,0,0,0,6,0,0,0,0
37280,3,290,-57.4,68,32,-8.59301,5.49546,0,0,0,0,0,0,0,0,0,0,0, 0,0,0,0,0,6,0,0,0,0
37280,4,33,75.1,8,30.75,1.15965,0.308559,0,0,0,0,0,0,0,0,0,0,0, 0,0,0,0,0,6,0,0,0,0
37280,5,240,-57.4,72,32,-9.09849,5.81872,0,0,0,0,0,0,0,0,0,0,0, 0,0,0,0,0,6,0,0,0,0
37280,6,155,-56.5,76,32,-9.5063,6.29208,0,0,0,0,0,0,0,0,0,0,0, 0,0,0,0,0,6,0,0,0,0
37280,7,103,-58.4,80,32,-10.2207,6.28783,0,0,0,0,0,0,0,0,0,0,0, 0,0,0,0,0,6,0,0,0,0
37280,8,139,-58.4,60,32,-7.66554,4.71587,0,0,0,0,0,0,0,0,0,0,0, 0,0,0,0,0,6,0,0,0,0
37320,0,245,-58.4,64,32,-8.17658,5.03026,0,0,0,0,0,0,0,0,0,0,0, 0,0,0,0,0,7,0,0,0,0
37320,1,288,-58.4,68,32,-8.68761,5.34466,0,0,0,0,0,0,0,0,0,0,0, 0,0,0,0,0,7,0,0,0,0
37320,2,238,-58.4,72,32,-9.19865,5.65905,0,0,0,0,0,0,0,0,0,0,0, 0,0,0,0,0,7,0,0,0,0
37320,3,151,-58.4,76,32,-9.70969,5.97344,0,0,0,0,0,0,0,0,0,0,0, 0,0,0,0,0,7,0,0,0,0
37320,4,99,-61.2,80,32,-10.5157,5.78104,0,0,0,0,0,0,0,0,0,0,0, 0,0,0,0,0,7,0,0,0,0
37320,5,138,-59.4,60,32,-7.74668,4.58137,0,0,0,0,0,0,0,0,0,0,0, 0,0,0,0,0,7,0,0,0,0
37360,0,243,-58.4,64,32,-8.17658,5.03026,0,0,0,0,0,0,0,0,0,0,0, 0,0,0,0,0,8,0,0,0,0
37360,1,286,-58.4,68,32,-8.68761,5.34466,0,0,0,0,0,0,0,0,0,0,0, 0,0,0,0,0,8,0,0,0,0
37360,2,46,66.6,8,33,1.10131,0.476577,0,0,0,0,0,0,0,0,0,0,0, 0,0,0,0,0,8,0,0,0,0
37360,3,238,-56.5,72,32,-9.00597,5.96092,0,0,0,0,0,0,0,0,0,0,0, 0,0,0,0,0,8,0,0,0,0
37360,4,151,-56.5,76,32,-9.5063,6.29208,0,0,0,0,0,0,0,0,0,0,0, 0,0,0,0,0,8,0,0,0,0
37360,5,17,-3,236,31,-1.85269,35.3515,0,0,0,0,0,0,0,0,0,0,0, 0,0,0,0,0,8,0,0,0,0
37360,6,99,-58.4,80,32,-10.2207,6.28783,0,0,0,0,0,0,0,0,0,0,0, 0,0,0,0,0,8,0,0,0,0
37360,7,139,-58.4,60,32,-7.66554,4.71587,0,0,0,0,0,0,0,0,0,0,0, 0,0,0,0,0,8,0,0,0,0
37400,0,245,-57.4,64,32,-8.08754,5.1722,0,1334,0,0,0,0,0,0,0,0,0, 0,0,0,0,0,9,0,0,0,0
37400,1,290,-56.5,68,32,-8.50564,5.62976,0,1334,0,0,0,0,0,0,0,0,0, 0,0,0,0,0,9,0,0,0,0
37400,2,17,3.6,228,31.25,2.14744,34.1325,0,1334,0,0,0,0,0,0,0,0,0, 0,0,0,0,0,9,0,0,0,0
37400,3,243,-55.4,72,32,-8.88987,6.13271,0,1334,0,0,0,0,0,0,0,0,0, 0,0,0,0,0,9,0,0,0,0
37400,4,151,-54.4,76,32,-9.26935,6.6362,0,1334,0,0,0,0,0,0,0,0,0, 0,0,0,0,0,9,0,0,0,0
37400,5,98,-57.4,80,32,-10.1094,6.46525,0,1334,0,0,0,0,0,0,0,0,0, 0,0,0,0,0,9,0,0,0,0
37400,6,17,1.8,244,31.75,1.14963,36.5819,0,1334,0,0,0,0,0,0,0,0,0, 0,0,0,0,0,9,0,0,0,0
37400,7,139,-57.4,60,32,-7.58207,4.84894,0,1334,0,0,0,0,0,0,0,0,0, 0,0,0,0,0,9,0,0,0,0
37440,0,249,-56.5,64,32,-8.0053,5.2986,0,0,0,0,0,0,0,0,0,0,0, 0,0,0,0,0,10,0,0,0,0
37440,1,295,-55.4,68,32,-8.39599,5.79201,0,0,0,0,0,0,0,0,0,0,0, 0,0,0,0,0,10,0,0,0,0
37440,2,244,-55.4,72,32,-8.88987,6.13271,0,0,0,0,0,0,0,0,0,0,0, 0,0,0,0,0,10,0,0,0,0
37440,3,155,-54.4,76,32,-9.26935,6.6362,0,0,0,0,0,0,0,0,0,0,0, 0,0,0,0,0,10,0,0,0,0
37440,4,101,-56.5,80,32,-10.0066,6.62324,0,0,0,0,0,0,0,0,0,0,0, 0,0,0,0,0,10,0,0,0,0
37440,5,139,-58.4,60,32,-7.66554,4.71587,0,0,0,0,0,0,0,0,0,0,0, 0,0,0,0,0,10,0,0,0,0
37480,0,244,-57.4,64,32,-8.08754,5.1722,0,7936,0,0,0,0,0,0,0,0,0, 0,0,0,0,0,11,0,0,0,0
37480,1,289,-56.5,68,32,-8.50564,5.62976,0,7936,0,0,0,0,0,0,0,0,0, 0,0,0,0,0,11,0,0,0,0
37480,2,242,-55.4,72,32,-8.88987,6.13271,0,7936,0,0,0,0,0,0,0,0,0, 0,0,0,0,0,11,0,0,0,0
37480,3,155,-51.6,76,32,-8.93411,7.08108,0,7936,0,0,0,0,0,0,0,0,0, 0,0,0,0,0,11,0,0,0,0
37480,4,109,-45.9,80,32,-8.61752,8.35095,0,7936,0,0,0,0,0,0,0,0,0, 0,0,0,0,0,11,0,0,0,0
37480,5,90,-43.6,84,32,-8.68921,9.12457,0,7936,0,0,0,0,0,0,0,0,0, 0,0,0,0,0,11,0,0,0,0
37480,6,139,-58.4,60,32,-7.66554,4.71587,0,7936,0,0,0,0,0,0,0,0,0, 0,0,0,0,0,11,0,0,0,0
37520,0,244,-57.4,64,32,-8.08754,5.1722,0,1139,0,0,0,0,0,0,0,0,0, 0,0,0,0,0,12,0,0,0,0
37520,1,289,-57.4,68,32,-8.59301,5.49546,0,1139,0,0,0,0,0,0,0,0,0, 0,0,0,0,0,12,0,0,0,0
37520,2,241,-56.5,72,32,-9.00597,5.96092,0,1139,0,0,0,0,0,0,0,0,0, 0,0,0,0,0,12,0,0,0,0
37520,3,153,-54.4,76,32,-9.26935,6.6362,0,1139,0,0,0,0,0,0,0,0,0, 0,0,0,0,0,12,0,0,0,0
37520,4,106,-46.7,80,32,-8.73327,8.22982,0,1139,0,0,0,0,0,0,0,0,0, 0,0,0,0,0,12,0,0,0,0
37520,5,29,0.6,240,31.75,0.376984,35.998,0,1139,0,0,0,0,0,0,0,0,0, 0,0,0,0,0,12,0,0,0,0
37520,6,25,-3,240,33,-1.88409,35.9507,0,1139,0,0,0,0,0,0,0,0,0, 0,0,0,0,0,12,0,0,0,0
37520,7,86,-43.6,84,32,-8.68921,9.12457,0,1139,0,0,0,0,0,0,0,0,0, 0,0,0,0,0,12,0,0,0,0
37520,8,139,-58.4,60,32,-7.66554,4.71587,0,1139,0,0,0,0,0,0,0,0,0, 0,0,0,0,0,12,0,0,0,0
37520,9,20,7.2,220,32.5,4.136,32.7398,0,1139,0,0,0,0,0,0,0,0,0, 0,0,0,0,0,12,0,0,0,0
37560,0,247,-58.4,64,32,-8.17658,5.03026,0,86,0,0,0,0,0,0,0,0,0, 0,0,0,0,0,13,0,0,0,0
37560,1,294,-56.5,68,32,-8.50564,5.62976,0,86,0,0,0,0,0,0,0,0,0, 0,0,0,0,0,13,0,0,0,0
37560,2,244,-56.5,72,32,-9.00597,5.96092,0,86,0,0,0,0,0,0,0,0,0, 0,0,0,0,0,13,0,0,0,0
37560,3,157,-53.4,76,32,-9.15212,6.79696,0,86,0,0,0,0,0,0,0,0,0, 0,0,0,0,0,13,0,0,0,0
37560,4,113,-45.9,80,32,-8.61752,8.35095,0,86,0,0,0,0,0,0,0,0,0, 0,0,0,0,0,13,0,0,0,0
37560,5,91,-43.6,84,32,-8.68921,9.12457,0,86,0,0,0,0,0,0,0,0,0, 0,0,0,0,0,13,0,0,0,0
37560,6,141,-58.4,60,32,-7.66554,4.71587,0,86,0,0,0,0,0,0,0,0,0, 0,0,0,0,0,13,0,0,0,0
37600,0,247,-58.4,64,32,-8.17658,5.03026,0,0,0,0,0,0,0,0,0,0,0, 0,0,0,0,0,14,0,0,0,0
37600,1,20,-1.2,224,33,-0.703665,33.5926,0,0,0,0,0,0,0,0,0,0,0, 0,0,0,0,0,14,0,0,0,0
37600,2,289,-57.4,68,32,-8.59301,5.49546,0,0,0,0,0,0,0,0,0,0,0, 0,0,0,0,0,14,0,0,0,0
37600,3,240,-56.5,72,32,-9.00597,5.96092,0,0,0,0,0,0,0,0,0,0,0, 0,0,0,0,0,14,0,0,0,0
37600,4,154,-53.4,76,32,-9.15212,6.79696,0,0,0,0,0,0,0,0,0,0,0, 0,0,0,0,0,14,0,0,0,0
37600,5,110,-45,80,32,-8.48528,8.48528,0,0,0,0,0,0,0,0,0,0,0, 0,0,0,0,0,14,0,0,0,0
37600,6,85,-42.3,84,32,-8.47996,9.31935,0,0,0,0,0,0,0,0,0,0,0, 0,0,0,0,0,14,0,0,0,0
37600,7,140,-58.4,60,32,-7.66554,4.71587,0,0,0,0,0,0,0,0,0,0,0, 0,0,0,0,0,14,0,0,0,0
37600,8,17,2.4,220,31.75,1.3819,32.9711,0,0,0,0,0,0,0,0,0,0,0, 0,0,0,0,0,14,0,0,0,0
37640,0,245,-57.4,64,32,-8.08754,5.1722,0,0,0,0,0,0,0,0,0,0,0, 0,0,0,0,0,15,0,0,0,0
37640,1,289,-56.5,68,32,-8.50564,5.62976,0,0,0,0,0,0,0,0,0,0,0, 0,0,0,0,0,15,0,0,0,0
37640,2,47,69.6,8,33,1.12474,0.418287,0,0,0,0,0,0,0,0,0,0,0, 0,0,0,0,0,15,0,0,0,0
37640,3,239,-56.5,72,32,-9.00597,5.96092,0,0,0,0,0,0,0,0,0,0,0, 0,0,0,0,0,15,0,0,0,0
37640,4,152,-54.4,76,32,-9.26935,6.6362,0,0,0,0,0,0,0,0,0,0,0, 0,0,0,0,0,15,0,0,0,0
37640,5,101,-49.8,80,32,-9.16555,7.74549,0,0,0,0,0,0,0,0,0,0,0, 0,0,0,0,0,15,0,0,0,0
37640,6,24,0.6,240,31.75,0.376984,35.998,0,0,0,0,0,0,0,0,0,0,0, 0,0,0,0,0,15,0,0,0,0
37640,7,19,-0.6,244,31.75,-0.383267,36.598,0,0,0,0,0,0,0,0,0,0,0, 0,0,0,0,0,15,0,0,0,0
37640,8,20,3.6,244,33,2.29813,36.5278,0,0,0,0,0,0,0,0,0,0,0, 0,0,0,0,0,15,0,0,0,0
37640,9,141,-57.4,60,32,-7.58207,4.84894,0,0,0,0,0,0,0,0,0,0,0, 0,0,0,0,0,15,0,0,0,0
37640,10,20,6.6,220,33,3.79293,32.7813,0,0,0,0,0,0,0,0,0,0,0, 0,0,0,0,0,15,0,0,0,0
37680,0,248,-56.5,64,32,-8.0053,5.2986,0,0,0,0,0,0,0,0,0,0,0, 0,0,0,0,0,0,0,0,0,0
37680,1,291,-56.5,68,32,-8.50564,5.62976,0,0,0,0,0,0,0,0,0,0,0, 0,0,0,0,0,0,0,0,0,0
37680,2,243,-56.5,72,32,-9.00597,5.96092,0,0,0,0,0,0,0,0,0,0,0, 0,0,0,0,0,0,0,0,0,0
37680,3,151,-55.4,76,32,-9.38375,6.47342,0,0,0,0,0,0,0,0,0,0,0, 0,0,0,0,0,0,0,0,0,0
37680,4,97,-54.4,80,32,-9.75721,6.98548,0,0,0,0,0,0,0,0,0,0,0, 0,0,0,0,0,0,0,0,0,0
37680,5,17,7.2,244,31.75,4.5872,36.3114,0,0,0,0,0,0,0,0,0,0,0, 0,0,0,0,0,0,0,0,0,0
37680,6,139,-56.5,60,32,-7.50497,4.96743,0,0,0,0,0,0,0,0,0,0,0, 0,0,0,0,0,0,0,0,0,0
37680,7,13,6.1,220,31.75,3.50671,32.8132,0,0,0,0,0,0,0,0,0,0,0, 0,0,0,0,0,0,0,0,0,0
37720,0,248,-56.5,64,32,-8.0053,5.2986,0,0,0,0,0,0,0,0,0,0,0, 0,0,0,0,0,1,0,0,0,0
37720,1,292,-56.5,68,32,-8.50564,5.62976,0,0,0,0,0,0,0,0,0,0,0, 0,0,0,0,0,1,0,0,0,0
37720,2,242,-56.5,72,32,-9.00597,5.96092,0,0,0,0,0,0,0,0,0,0,0, 0,0,0,0,0,1,0,0,0,0
37720,3,153,-56.5,76,32,-9.5063,6.29208,0,0,0,0,0,0,0,0,0,0,0, 0,0,0,0,0,1,0,0,0,0
37720,4,98,-55.4,80,32,-9.87764,6.81413,0,0,0,0,0,0,0,0,0,0,0, 0,0,0,0,0,1,0,0,0,0
37720,5,19,-3.6,244,32.75,-2.29813,36.5278,0,0,0,0,0,0,0,0,0,0,0, 0,0,0,0,0,1,0,0,0,0
37720,6,139,-56.5,60,32,-7.50497,4.96743,0,0,0,0,0,0,0,0,0,0,0, 0,0,0,0,0,1,0,0,0,0
37760,0,247,-56.5,64,32,-8.0053,5.2986,0,0,0,0,0,0,0,0,0,0,0, 0,0,0,0,0,2,0,0,0,0
37760,1,290,-56.5,68,32,-8.50564,5.62976,0,0,0,0,0,0,0,0,0,0,0, 0,0,0,0,0,2,0,0,0,0
37760,2,243,-55.4,72,32,-8.88987,6.13271,0,0,0,0,0,0,0,0,0,0,0, 0,0,0,0,0,2,0,0,0,0
37760,3,157,-56.5,76,32,-9.5063,6.29208,0,0,0,0,0,0,0,0,0,0,0, 0,0,0,0,0,2,0,0,0,0
37760,4,103,-56.5,80,32,-10.0066,6.62324,0,0,0,0,0,0,0,0,0,0,0, 0,0,0,0,0,2,0,0,0,0
37760,5,20,0.1,240,31.75,0.0628318,35.9999,0,0,0,0,0,0,0,0,0,0,0, 0,0,0,0,0,2,0,0,0,0
37760,6,21,-0.6,244,33,-0.383267,36.598,0,0,0,0,0,0,0,0,0,0,0, 0,0,0,0,0,2,0,0,0,0
37760,7,17,1.3,216,33,0.73507,32.3917,0,0,0,0,0,0,0,0,0,0,0, 0,0,0,0,0,2,0,0,0,0
37760,8,139,-56.5,60,32,-7.50497,4.96743,0,0,0,0,0,0,0,0,0,0,0, 0,0,0,0,0,2,0,0,0,0
37800,0,246,-57.4,64,32,-8.08754,5.1722,0,0,0,0,0,0,0,0,0,0,0, 0,0,0,0,0,3,0,0,0,0
37800,1,290,-56.5,68,32,-8.50564,5.62976,0,0,0,0,0,0,0,0,0,0,0, 0,0,0,0,0,3,0,0,0,0
37800,2,242,-56.5,72,32,-9.00597,5.96092,0,0,0,0,0,0,0,0,0,0,0, 0,0,0,0,0,3,0,0,0,0
37800,3,157,-54.4,76,32,-9.26935,6.6362,0,0,0,0,0,0,0,0,0,0,0, 0,0,0,0,0,3,0,0,0,0
37800,4,17,-3,236,33,-1.85269,35.3515,0,0,0,0,0,0,0,0,0,0,0, 0,0,0,0,0,3,0,0,0,0
37800,5,105,-53.4,80,32,-9.63381,7.1547,0,0,0,0,0,0,0,0,0,0,0, 0,0,0,0,0,3,0,0,0,0
37800,6,141,-56.5,60,32,-7.50497,4.96743,0,0,0,0,0,0,0,0,0,0,0, 0,0,0,0,0,3,0,0,0,0
37840,0,247,-56.5,64,32,-8.0053,5.2986,0,0,0,0,0,0,0,0,0,0,0, 0,0,0,0,0,4,0,0,0,0
37840,1,291,-56.5,68,32,-8.50564,5.62976,0,0,0,0,0,0,0,0,0,0,0, 0,0,0,0,0,4,0,0,0,0
37840,2,43,75.1,8,33,1.15965,0.308559,0,0,0,0,0,0,0,0,0,0,0, 0,0,0,0,0,4,0,0,0,0
37840,3,241,-56.5,72,32,-9.00597,5.96092,0,0,0,0,0,0,0,0,0,0,0, 0,0,0,0,0,4,0,0,0,0
37840,4,155,-54.4,76,32,-9.26935,6.6362,0,0,0,0,0,0,0,0,0,0,0, 0,0,0,0,0,4,0,0,0,0
37840,5,107,-48,80,32,-8.91774,8.02957,0,0,0,0,0,0,0,0,0,0,0, 0,0,0,0,0,4,0,0,0,0
37840,6,140,-57.4,60,32,-7.58207,4.84894,0,0,0,0,0,0,0,0,0,0,0, 0,0,0,0,0,4,0,0,0,0
37880,0,249,-56.5,64,32,-8.0053,5.2986,0,0,0,0,0,0,0,0,0,0,0, 0,0,0,0,0,5,0,0,0,0
37880,1,293,-56.5,68,32,-8.50564,5.62976,0,0,0,0,0,0,0,0,0,0,0, 0,0,0,0,0,5,0,0,0,0
37880,2,245,-56.5,72,32,-9.00597,5.96092,0,0,0,0,0,0,0,0,0,0,0, 0,0,0,0,0,5,0,0,0,0
37880,3,158,-54.4,76,32,-9.26935,6.6362,0,0,0,0,0,0,0,0,0,0,0, 0,0,0,0,0,5,0,0,0,0
37880,4,104,-54.4,80,32,-9.75721,6.98548,0,0,0,0,0,0,0,0,0,0,0, 0,0,0,0,0,5,0,0,0,0
37880,5,141,-57.4,60,32,-7.58207,4.84894,0,0,0,0,0,0,0,0,0,0,0, 0,0,0,0,0,5,0,0,0,0
37920,0,248,-57.4,64,32,-8.08754,5.1722,0,0,0,0,0,0,0,0,0,0,0, 0,0,0,0,0,6,0,0,0,0
37920,1,293,-56.5,68,32,-8.50564,5.62976,0,0,0,0,0,0,0,0,0,0,0, 0,0,0,0,0,6,0,0,0,0
37920,2,245,-55.4,72,32,-8.88987,6.13271,0,0,0,0,0,0,0,0,0,0,0, 0,0,0,0,0,6,0,0,0,0
37920,3,157,-53.4,76,32,-9.15212,6.79696,0,0,0,0,0,0,0,0,0,0,0, 0,0,0,0,0,6,0,0,0,0
37920,4,103,-54.4,80,32,-9.75721,6.98548,0,0,0,0,0,0,0,0,0,0,0, 0,0,0,0,0,6,0,0,0,0
37920,5,138,-58.4,60,32,-7.66554,4.71587,0,0,0,0,0,0,0,0,0,0,0, 0,0,0,0,0,6,0,0,0,0
37960,0,244,-58.4,64,32,-8.17658,5.03026,0,0,0,0,0,0,0,0,0,0,0, 0,0,0,0,0,7,0,0,0,0
37960,1,287,-57.4,68,32,-8.59301,5.49546,0,0,0,0,0,0,0,0,0,0,0, 0,0,0,0,0,7,0,0,0,0
37960,2,239,-57.4,72,32,-9.09849,5.81872,0,0,0,0,0,0,0,0,0,0,0, 0,0,0,0,0,7,0,0,0,0
37960,3,152,-54.4,76,32,-9.26935,6.6362,0,0,0,0,0,0,0,0,0,0,0, 0,0,0,0,0,7,0,0,0,0
37960,4,110,-45.9,80,32,-8.61752,8.35095,0,0,0,0,0,0,0,0,0,0,0, 0,0,0,0,0,7,0,0,0,0
37960,5,28,0.6,240,31.5,0.376984,35.998,0,0,0,0,0,0,0,0,0,0,0, 0,0,0,0,0,7,0,0,0,0
37960,6,84,-44.2,84,32,-8.78428,9.03307,0,0,0,0,0,0,0,0,0,0,0, 0,0,0,0,0,7,0,0,0,0
37960,7,25,-3,244,32.75,-1.9155,36.5498,0,0,0,0,0,0,0,0,0,0,0, 0,0,0,0,0,7,0,0,0,0
37960,8,24,-3.6,244,33,-2.29813,36.5278,0,0,0,0,0,0,0,0,0,0,0, 0,0,0,0,0,7,0,0,0,0
37960,9,138,-57.4,60,32,-7.58207,4.84894,0,0,0,0,0,0,0,0,0,0,0, 0,0,0,0,0,7,0,0,0,0
38000,0,245,-57.4,64,32,-8.08754,5.1722,0,0,0,0,0,0,0,0,0,0,0, 0,0,0,0,0,8,0,0,0,0
38000,1,291,-56.5,68,32,-8.50564,5.62976,0,0,0,0,0,0,0,0,0,0,0, 0,0,0,0,0,8,0,0,0,0
38000,2,243,-56.5,72,32,-9.00597,5.96092,0,0,0,0,0,0,0,0,0,0,0, 0,0,0,0,0,8,0,0,0,0
38000,3,157,-53.4,76,32,-9.15212,6.79696,0,0,0,0,0,0,0,0,0,0,0, 0,0,0,0,0,8,0,0,0,0
38000,4,106,-48,80,32,-8.91774,8.02957,0,0,0,0,0,0,0,0,0,0,0, 0,0,0,0,0,8,0,0,0,0
38000,5,139,-56.5,60,32,-7.50497,4.96743,0,0,0,0,0,0,0,0,0,0,0, 0,0,0,0,0,8,0,0,0,0
38040,0,246,-57.4,64,32,-8.08754,5.1722,0,1334,0,0,0,0,0,0,0,0,0, 0,0,0,0,0,9,0,0,0,0
38040,1,291,-56.5,68,32,-8.50564,5.62976,0,1334,0,0,0,0,0,0,0,0,0, 0,0,0,0,0,9,0,0,0,0
38040,2,243,-56.5,72,32,-9.00597,5.96092,0,1334,0,0,0,0,0,0,0,0,0, 0,0,0,0,0,9,0,0,0,0
38040,3,154,-54.4,76,32,-9.26935,6.6362,0,1334,0,0,0,0,0,0,0,0,0, 0,0,0,0,0,9,0,0,0,0
38040,4,111,-46.7,80,32,-8.73327,8.22982,0,1334,0,0,0,0,0,0,0,0,0, 0,0,0,0,0,9,0,0,0,0
38040,5,90,-45.9,84,32,-9.04839,8.7685,0,1334,0,0,0,0,0,0,0,0,0, 0,0,0,0,0,9,0,0,0,0
38040,6,138,-56.5,60,32,-7.50497,4.96743,0,1334,0,0,0,0,0,0,0,0,0, 0,0,0,0,0,9,0,0,0,0
38080,0,247,-58.4,64,32,-8.17658,5.03026,0,0,0,0,0,0,0,0,0,0,0, 0,0,0,0,0,10,0,0,0,0
38080,1,290,-58.4,68,32,-8.68761,5.34466,0,0,0,0,0,0,0,0,0,0,0, 0,0,0,0,0,10,0,0,0,0
38080,2,243,-57.4,72,32,-9.09849,5.81872,0,0,0,0,0,0,0,0,0,0,0, 0,0,0,0,0,10,0,0,0,0
38080,3,157,-55.4,76,32,-9.38375,6.47342,0,0,0,0,0,0,0,0,0,0,0, 0,0,0,0,0,10,0,0,0,0
38080,4,110,-49.8,80,32,-9.16555,7.74549,0,0,0,0,0,0,0,0,0,0,0, 0,0,0,0,0,10,0,0,0,0
38080,5,23,-0.6,240,31.25,-0.376984,35.998,0,0,0,0,0,0,0,0,0,0,0, 0,0,0,0,0,10,0,0,0,0
38080,6,84,-51.6,84,32,-9.87454,7.82646,0,0,0,0,0,0,0,0,0,0,0, 0,0,0,0,0,10,0,0,0,0
38080,7,139,-58.4,60,32,-7.66554,4.71587,0,0,0,0,0,0,0,0,0,0,0, 0,0,0,0,0,10,0,0,0,0
38120,0,245,-58.4,64,32,-8.17658,5.03026,0,7936,0,0,0,0,0,0,0,0,0, 0,0,0,0,0,11,0,0,0,0
38120,1,289,-57.4,68,32,-8.59301,5.49546,0,7936,0,0,0,0,0,0,0,0,0, 0,0,0,0,0,11,0,0,0,0
38120,2,242,-56.5,72,32,-9.00597,5.96092,0,7936,0,0,0,0,0,0,0,0,0, 0,0,0,0,0,11,0,0,0,0
38120,3,158,-53.4,76,32,-9.15212,6.79696,0,7936,0,0,0,0,0,0,0,0,0, 0,0,0,0,0,11,0,0,0,0
38120,4,111,-46.7,80,32,-8.73327,8.22982,0,7936,0,0,0,0,0,0,0,0,0, 0,0,0,0,0,11,0,0,0,0
38120,5,88,-48,84,32,-9.36363,8.43105,0,7936,0,0,0,0,0,0,0,0,0, 0,0,0,0,0,11,0,0,0,0
38120,6,138,-57.4,60,32,-7.58207,4.84894,0,7936,0,0,0,0,0,0,0,0,0, 0,0,0,0,0,11,0,0,0,0
38160,0,246,-57.4,64,32,-8.08754,5.1722,0,1139,0,0,0,0,0,0,0,0,0, 0,0,0,0,0,12,0,0,0,0
38160,1,291,-57.4,68,32,-8.59301,5.49546,0,1139,0,0,0,0,0,0,0,0,0, 0,0,0,0,0,12,0,0,0,0
38160,2,244,-55.4,72,32,-8.88987,6.13271,0,1139,0,0,0,0,0,0,0,0,0, 0,0,0,0,0,12,0,0,0,0
38160,3,160,-53.4,76,32,-9.15212,6.79696,0,1139,0,0,0,0,0,0,0,0,0, 0,0,0,0,0,12,0,0,0,0
38160,4,21,-3,236,32.5,-1.85269,35.3515,0,1139,0,0,0,0,0,0,0,0,0, 0,0,0,0,0,12,0,0,0,0
38160,5,113,-46.7,80,32,-8.73327,8.22982,0,1139,0,0,0,0,0,0,0,0,0, 0,0,0,0,0,12,0,0,0,0
38160,6,88,-45.9,84,32,-9.04839,8.7685,0,1139,0,0,0,0,0,0,0,0,0, 0,0,0,0,0,12,0,0,0,0
38160,7,140,-56.5,60,32,-7.50497,4.96743,0,1139,0,0,0,0,0,0,0,0,0, 0,0,0,0,0,12,0,0,0,0
38200,0,247,-57.4,64,32,-8.08754,5.1722,0,86,0,0,0,0,0,0,0,0,0, 0,0,0,0,0,13,0,0,0,0
38200,1,292,-57.4,68,32,-8.59301,5.49546,0,86,0,0,0,0,0,0,0,0,0, 0,0,0,0,0,13,0,0,0,0
38200,2,245,-56.5,72,32,-9.00597,5.96092,0,86,0,0,0,0,0,0,0,0,0, 0,0,0,0,0,13,0,0,0,0
38200,3,161,-53.4,76,32,-9.15212,6.79696,0,86,0,0,0,0,0,0,0,0,0, 0,0,0,0,0,13,0,0,0,0
38200,4,112,-45.9,80,32,-8.61752,8.35095,0,86,0,0,0,0,0,0,0,0,0, 0,0,0,0,0,13,0,0,0,0
38200,5,96,-42.3,84,32,-8.47996,9.31935,0,86,0,0,0,0,0,0,0,0,0, 0,0,0,0,0,13,0,0,0,0
38200,6,139,-57.4,60,32,-7.58207,4.84894,0,86,0,0,0,0,0,0,0,0,0, 0,0,0,0,0,13,0,0,0,0
38240,0,246,-57.4,64,32,-8.08754,5.1722,0,0,0,0,0,0,0,0,0,0,0, 0,0,0,0,0,14,0,0,0,0
38240,1,291,-57.4,68,32,-8.59301,5.49546,0,0,0,0,0,0,0,0,0,0,0, 0,0,0,0,0,14,0,0,0,0
38240,2,243,-56.5,72,32,-9.00597,5.96092,0,0,0,0,0,0,0,0,0,0,0, 0,0,0,0,0,14,0,0,0,0
38240,3,159,-53.4,76,32,-9.15212,6.79696,0,0,0,0,0,0,0,0,0,0,0, 0,0,0,0,0,14,0,0,0,0
38240,4,116,-44.2,80,32,-8.36598,8.60293,0,0,0,0,0,0,0,0,0,0,0, 0,0,0,0,0,14,0,0,0,0
38240,5,92,-42.9,84,32,-8.57708,9.23004,0,0,0,0,0,0,0,0,0,0,0, 0,0,0,0,0,14,0,0,0,0
38240,6,139,-58.4,60,32,-7.66554,4.71587,0,0,0,0,0,0,0,0,0,0,0, 0,0,0,0,0,14,0,0,0,0
38280,0,245,-58.4,64,32,-8.17658,5.03026,0,0,0,0,0,0,0,0,0,0,0, 0,0,0,0,0,15,0,0,0,0
38280,1,291,-57.4,68,32,-8.59301,5.49546,0,0,0,0,0,0,0,0,0,0,0, 0,0,0,0,0,15,0,0,0,0
38280,2,242,-56.5,72,32,-9.00597,5.96092,0,0,0,0,0,0,0,0,0,0,0, 0,0,0,0,0,15,0,0,0,0
38280,3,155,-55.4,76,32,-9.38375,6.47342,0,0,0,0,0,0,0,0,0,0,0, 0,0,0,0,0,15,0,0,0,0
38280,4,107,-48,80,32,-8.91774,8.02957,0,0,0,0,0,0,0,0,0,0,0, 0,0,0,0,0,15,0,0,0,0
38280,5,86,-46.7,84,32,-9.16994,8.64131,0,0,0,0,0,0,0,0,0,0,0, 0,0,0,0,0,15,0,0,0,0
38280,6,139,-56.5,60,32,-7.50497,4.96743,0,0,0,0,0,0,0,0,0,0,0, 0,0,0,0,0,15,0,0,0,0
38320,0,247,-56.5,64,32,-8.0053,5.2986,0,0,0,0,0,0,0,0,0,0,0, 0,0,0,0,0,0,0,0,0,0
38320,1,290,-56.5,68,32,-8.50564,5.62976,0,0,0,0,0,0,0,0,0,0,0, 0,0,0,0,0,0,0,0,0,0
38320,2,242,-56.5,72,32,-9.00597,5.96092,0,0,0,0,0,0,0,0,0,0,0, 0,0,0,0,0,0,0,0,0,0
38320,3,156,-53.4,76,32,-9.15212,6.79696,0,0,0,0,0,0,0,0,0,0,0, 0,0,0,0,0,0,0,0,0,0
38320,4,110,-48,80,32,-8.91774,8.02957,0,0,0,0,0,0,0,0,0,0,0, 0,0,0,0,0,0,0,0,0,0
38320,5,84,-48,84,32,-9.36363,8.43105,0,0,0,0,0,0,0,0,0,0,0, 0,0,0,0,0,0,0,0,0,0
38320,6,138,-56.5,60,32,-7.50497,4.96743,0,0,0,0,0,0,0,0,0,0,0, 0,0,0,0,0,0,0,0,0,0
38360,0,244,-56.5,64,32,-8.0053,5.2986,0,0,0,0,0,0,0,0,0,0,0, 0,0,0,0,0,1,0,0,0,0
38360,1,289,-56.5,68,32,-8.50564,5.62976,0,0,0,0,0,0,0,0,0,0,0, 0,0,0,0,0,1,0,0,0,0
38360,2,241,-55.4,72,32,-8.88987,6.13271,0,0,0,0,0,0,0,0,0,0,0, 0,0,0,0,0,1,0,0,0,0
38360,3,158,-51.6,76,32,-8.93411,7.08108,0,0,0,0,0,0,0,0,0,0,0, 0,0,0,0,0,1,0,0,0,0
38360,4,109,-45,80,32,-8.48528,8.48528,0,0,0,0,0,0,0,0,0,0,0, 0,0,0,0,0,1,0,0,0,0
38360,5,17,-1.2,240,32.25,-0.753927,35.9921,0,0,0,0,0,0,0,0,0,0,0, 0,0,0,0,0,1,0,0,0,0
38360,6,138,-56.5,60,32,-7.50497,4.96743,0,0,0,0,0,0,0,0,0,0,0, 0,0,0,0,0,1,0,0,0,0
38400,0,244,-56.5,64,32,-8.0053,5.2986,0,0,0,0,0,0,0,0,0,0,0, 0,0,0,0,0,2,0,0,0,0
38400,1,288,-56.5,68,32,-8.50564,5.62976,0,0,0,0,0,0,0,0,0,0,0, 0,0,0,0,0,2,0,0,0,0
38400,2,240,-55.4,72,32,-8.88987,6.13271,0,0,0,0,0,0,0,0,0,0,0, 0,0,0,0,0,2,0,0,0,0
38400,3,157,-53.4,76,32,-9.15212,6.79696,0,0,0,0,0,0,0,0,0,0,0, 0,0,0,0,0,2,0,0,0,0
38400,4,109,-46.7,80,32,-8.73327,8.22982,0,0,0,0,0,0,0,0,0,0,0, 0,0,0,0,0,2,0,0,0,0
38400,5,83,-45,84,32,-8.90955,8.90955,0,0,0,0,0,0,0,0,0,0,0, 0,0,0,0,0,2,0,0,0,0
38400,6,138,-58.4,60,32,-7.66554,4.71587,0,0,0,0,0,0,0,0,0,0,0, 0,0,0,0,0,2,0,0,0,0
38440,0,244,-57.4,64,32,-8.08754,5.1722,0,0,0,0,0,0,0,0,0,0,0, 0,0,0,0,0,3,0,0,0,0
38440,1,290,-56.5,68,32,-8.50564,5.62976,0,0,0,0,0,0,0,0,0,0,0, 0,0,0,0,0,3,0,0,0,0
38440,2,242,-55.4,72,32,-8.88987,6.13271,0,0,0,0,0,0,0,0,0,0,0, 0,0,0,0,0,3,0,0,0,0
38440,3,159,-53.4,76,32,-9.15212,6.79696,0,0,0,0,0,0,0,0,0,0,0, 0,0,0,0,0,3,0,0,0,0
38440,4,111,-48,80,32,-8.91774,8.02957,0,0,0,0,0,0,0,0,0,0,0, 0,0,0,0,0,3,0,0,0,0
38440,5,84,-51.6,84,32,-9.87454,7.82646,0,0,0,0,0,0,0,0,0,0,0, 0,0,0,0,0,3,0,0,0,0
38440,6,140,-57.4,60,32,-7.58207,4.84894,0,0,0,0,0,0,0,0,0,0,0, 0,0,0,0,0,3,0,0,0,0
38480,0,246,-56.5,64,32,-8.0053,5.2986,0,0,0,0,0,0,0,0,0,0,0, 0,0,0,0,0,4,0,0,0,0
38480,1,291,-56.5,68,32,-8.50564,5.62976,0,0,0,0,0,0,0,0,0,0,0, 0,0,0,0,0,4,0,0,0,0
38480,2,47,71.1,8,33,1.1353,0.388701,0,0,0,0,0,0,0,0,0,0,0, 0,0,0,0,0,4,0,0,0,0
38480,3,241,-56.5,72,32,-9.00597,5.96092,0,0,0,0,0,0,0,0,0,0,0, 0,0,0,0,0,4,0,0,0,0
38480,4,155,-54.4,76,32,-9.26935,6.6362,0,0,0,0,0,0,0,0,0,0,0, 0,0,0,0,0,4,0,0,0,0
38480,5,106,-51.6,80,32,-9.40432,7.45377,0,0,0,0,0,0,0,0,0,0,0, 0,0,0,0,0,4,0,0,0,0
38480,6,138,-56.5,60,32,-7.50497,4.96743,0,0,0,0,0,0,0,0,0,0,0, 0,0,0,0,0,4,0,0,0,0
38520,0,245,-56.5,64,32,-8.0053,5.2986,0,0,0,0,0,0,0,0,0,0,0, 0,0,0,0,0,5,0,0,0,0
38520,1,288,-56.5,68,32,-8.50564,5.62976,0,0,0,0,0,0,0,0,0,0,0, 0,0,0,0,0,5,0,0,0,0
38520,2,41,67.6,8,33,1.10946,0.457284,0,0,0,0,0,0,0,0,0,0,0, 0,0,0,0,0,5,0,0,0,0
38520,3,240,-56.5,72,32,-9.00597,5.96092,0,0,0,0,0,0,0,0,0,0,0, 0,0,0,0,0,5,0,0,0,0
38520,4,156,-53.4,76,32,-9.15212,6.79696,0,0,0,0,0,0,0,0,0,0,0, 0,0,0,0,0,5,0,0,0,0
38520,5,107,-49.8,80,32,-9.16555,7.74549,0,0,0,0,0,0,0,0,0,0,0, 0,0,0,0,0,5,0,0,0,0
38520,6,82,-53.4,84,32,-10.1155,7.51243,0,0,0,0,0,0,0,0,0,0,0, 0,0,0,0,0,5,0,0,0,0
38520,7,140,-56.5,60,32,-7.50497,4.96743,0,0,0,0,0,0,0,0,0,0,0, 0,0,0,0,0,5,0,0,0,0
38560,0,243,-56.5,64,32,-8.0053,5.2986,0,0,0,0,0,0,0,0,0,0,0, 0,0,0,0,0,6,0,0,0,0
38560,1,289,-56.5,68,32,-8.50564,5.62976,0,0,0,0,0,0,0,0,0,0,0, 0,0,0,0,0,6,0,0,0,0
38560,2,241,-55.4,72,32,-8.88987,6.13271,0,0,0,0,0,0,0,0,0,0,0, 0,0,0,0,0,6,0,0,0,0
38560,3,158,-51.6,76,32,-8.93411,7.08108,0,0,0,0,0,0,0,0,0,0,0, 0,0,0,0,0,6,0,0,0,0
38560,4,107,-51.6,80,32,-9.40432,7.45377,0,0,0,0,0,0,0,0,0,0,0, 0,0,0,0,0,6,0,0,0,0
38560,5,140,-55.4,60,32,-7.40823,5.11059,0,0,0,0,0,0,0,0,0,0,0, 0,0,0,0,0,6,0,0,0,0
38600,0,251,-55.4,64,32,-7.90211,5.4513,0,0,0,0,0,0,0,0,0,0,0, 0,0,0,0,0,7,0,0,0,0
38600,1,297,-55.4,68,32,-8.39599,5.79201,0,0,0,0,0,0,0,0,0,0,0, 0,0,0,0,0,7,0,0,0,0
38600,2,249,-54.4,72,32,-8.78149,6.28693,0,0,0,0,0,0,0,0,0,0,0, 0,0,0,0,0,7,0,0,0,0
38600,3,160,-53.4,76,32,-9.15212,6.79696,0,0,0,0,0,0,0,0,0,0,0, 0,0,0,0,0,7,0,0,0,0
38600,4,105,-51.6,80,32,-9.40432,7.45377,0,0,0,0,0,0,0,0,0,0,0, 0,0,0,0,0,7,0,0,0,0
38600,5,145,-54.4,60,32,-7.31791,5.23911,0,0,0,0,0,0,0,0,0,0,0, 0,0,0,0,0,7,0,0,0,0
38640,0,252,-55.4,64,32,-7.90211,5.4513,0,0,0,0,0,0,0,0,0,0,0, 0,0,0,0,0,8,0,0,0,0
38640,1,296,-55.4,68,32,-8.39599,5.79201,0,0,0,0,0,0,0,0,0,0,0, 0,0,0,0,0,8,0,0,0,0
38640,2,244,-54.4,72,32,-8.78149,6.28693,0,0,0,0,0,0,0,0,0,0,0, 0,0,0,0,0,8,0,0,0,0
38640,3,156,-53.4,76,32,-9.15212,6.79696,0,0,0,0,0,0,0,0,0,0,0, 0,0,0,0,0,8,0,0,0,0
38640,4,23,0.6,236,31.75,0.370701,35.3981,0,0,0,0,0,0,0,0,0,0,0, 0,0,0,0,0,8,0,0,0,0
38640,5,23,-3.6,236,33,-2.22278,35.3301,0,0,0,0,0,0,0,0,0,0,0, 0,0,0,0,0,8,0,0,0,0
38640,6,105,-51.6,80,32,-9.40432,7.45377,0,0,0,0,0,0,0,0,0,0,0, 0,0,0,0,0,8,0,0,0,0
38640,7,141,-54.4,60,32,-7.31791,5.23911,0,0,0,0,0,0,0,0,0,0,0, 0,0,0,0,0,8,0,0,0,0
38680,0,248,-55.4,64,32,-7.90211,5.4513,0,1334,0,0,0,0,0,0,0,0,0, 0,0,0,0,0,9,0,0,0,0
38680,1,292,-55.4,68,32,-8.39599,5.79201,0,1334,0,0,0,0,0,0,0,0,0, 0,0,0,0,0,9,0,0,0,0
38680,2,12,-74.8,452,2.5,-65.4281,17.7764,0,1334,0,0,0,0,0,0,0,0,0, 0,0,0,0,0,9,0,0,0,0
38680,3,243,-54.4,72,32,-8.78149,6.28693,0,1334,0,0,0,0,0,0,0,0,0, 0,0,0,0,0,9,0,0,0,0
38680,4,157,-51.6,76,32,-8.93411,7.08108,0,1334,0,0,0,0,0,0,0,0,0, 0,0,0,0,0,9,0,0,0,0
38680,5,108,-49.8,80,32,-9.16555,7.74549,0,1334,0,0,0,0,0,0,0,0,0, 0,0,0,0,0,9,0,0,0,0
38680,6,19,-6.6,240,31.75,-4.13774,35.7614,0,1334,0,0,0,0,0,0,0,0,0, 0,0,0,0,0,9,0,0,0,0
38680,7,26,-4.2,240,32.75,-2.63657,35.9033,0,1334,0,0,0,0,0,0,0,0,0, 0,0,0,0,0,9,0,0,0,0
38680,8,26,-3.6,240,33,-2.26046,35.929,0,1334,0,0,0,0,0,0,0,0,0, 0,0,0,0,0,9,0,0,0,0
38680,9,14,3.1,240,56.5,1.94684,35.9473,0,1334,0,0,0,0,0,0,0,0,0, 0,0,0,0,0,9,0,0,0,0
38680,10,82,-55.4,84,32,-10.3715,7.15483,0,1334,0,0,0,0,0,0,0,0,0, 0,0,0,0,0,9,0,0,0,0
38680,11,138,-55.4,60,32,-7.40823,5.11059,0,1334,0,0,0,0,0,0,0,0,0, 0,0,0,0,0,9,0,0,0,0
38720,0,245,-56.5,64,32,-8.0053,5.2986,0,0,0,0,0,0,0,0,0,0,0, 0,0,0,0,0,10,0,0,0,0
38720,1,289,-56.5,68,32,-8.50564,5.62976,0,0,0,0,0,0,0,0,0,0,0, 0,0,0,0,0,10,0,0,0,0
38720,2,241,-55.4,72,32,-8.88987,6.13271,0,0,0,0,0,0,0,0,0,0,0, 0,0,0,0,0,10,0,0,0,0
38720,3,154,-53.4,76,32,-9.15212,6.79696,0,0,0,0,0,0,0,0,0,0,0, 0,0,0,0,0,10,0,0,0,0
38720,4,104,-51.6,80,32,-9.40432,7.45377,0,0,0,0,0,0,0,0,0,0,0, 0,0,0,0,0,10,0,0,0,0
38720,5,136,-57.4,60,32,-7.58207,4.84894,0,0,0,0,0,0,0,0,0,0,0, 0,0,0,0,0,10,0,0,0,0
38760,0,245,-58.4,64,32,-8.17658,5.03026,0,7936,0,0,0,0,0,0,0,0,0, 0,0,0,0,0,11,0,0,0,0
38760,1,289,-57.4,68,32,-8.59301,5.49546,0,7936,0,0,0,0,0,0,0,0,0, 0,0,0,0,0,11,0,0,0,0
38760,2,242,-56.5,72,32,-9.00597,5.96092,0,7936,0,0,0,0,0,0,0,0,0, 0,0,0,0,0,11,0,0,0,0
38760,3,27,-1.2,232,31.5,-0.728796,34.7924,0,7936,0,0,0,0,0,0,0,0,0, 0,0,0,0,0,11,0,0,0,0
38760,4,23,-3,232,32.25,-1.82129,34.7523,0,7936,0,0,0,0,0,0,0,0,0, 0,0,0,0,0,11,0,0,0,0
38760,5,157,-53.4,76,32,-9.15212,6.79696,0,7936,0,0,0,0,0,0,0,0,0, 0,0,0,0,0,11,0,0,0,0
38760,6,106,-51.6,80,32,-9.40432,7.45377,0,7936,0,0,0,0,0,0,0,0,0, 0,0,0,0,0,11,0,0,0,0
38760,7,29,0.6,240,31.75,0.376984,35.998,0,7936,0,0,0,0,0,0,0,0,0, 0,0,0,0,0,11,0,0,0,0
38760,8,22,0.1,240,33,0.0628318,35.9999,0,7936,0,0,0,0,0,0,0,0,0, 0,0,0,0,0,11,0,0,0,0
38760,9,140,-55.4,60,32,-7.40823,5.11059,0,7936,0,0,0,0,0,0,0,0,0, 0,0,0,0,0,11,0,0,0,0
38800,0,246,-56.5,64,32,-8.0053,5.2986,0,1139,0,0,0,0,0,0,0,0,0, 0,0,0,0,0,12,0,0,0,0
38800,1,292,-55.4,68,32,-8.39599,5.79201,0,1139,0,0,0,0,0,0,0,0,0, 0,0,0,0,0,12,0,0,0,0
38800,2,246,-55.4,72,32,-8.88987,6.13271,0,1139,0,0,0,0,0,0,0,0,0, 0,0,0,0,0,12,0,0,0,0
38800,3,158,-53.4,76,32,-9.15212,6.79696,0,1139,0,0,0,0,0,0,0,0,0, 0,0,0,0,0,12,0,0,0,0
38800,4,106,-49.8,80,32,-9.16555,7.74549,0,1139,0,0,0,0,0,0,0,0,0, 0,0,0,0,0,12,0,0,0,0
38800,5,21,-6,240,31.75,-3.76302,35.8028,0,1139,0,0,0,0,0,0,0,0,0, 0,0,0,0,0,12,0,0,0,0
38800,6,20,-1.8,240,33,-1.13079,35.9822,0,1139,0,0,0,0,0,0,0,0,0, 0,0,0,0,0,12,0,0,0,0
38800,7,82,-51.6,84,32,-9.87454,7.82646,0,1139,0,0,0,0,0,0,0,0,0, 0,0,0,0,0,12,0,0,0,0
38800,8,139,-54.4,60,32,-7.31791,5.23911,0,1139,0,0,0,0,0,0,0,0,0, 0,0,0,0,0,12,0,0,0,0
38840,0,248,-55.4,64,32,-7.90211,5.4513,0,86,0,0,0,0,0,0,0,0,0, 0,0,0,0,0,13,0,0,0,0
38840,1,292,-55.4,68,32,-8.39599,5.79201,0,86,0,0,0,0,0,0,0,0,0, 0,0,0,0,0,13,0,0,0,0
38840,2,244,-54.4,72,32,-8.78149,6.28693,0,86,0,0,0,0,0,0,0,0,0, 0,0,0,0,0,13,0,0,0,0
38840,3,156,-54.4,76,32,-9.26935,6.6362,0,86,0,0,0,0,0,0,0,0,0, 0,0,0,0,0,13,0,0,0,0
38840,4,100,-55.4,80,32,-9.87764,6.81413,0,86,0,0,0,0,0,0,0,0,0, 0,0,0,0,0,13,0,0,0,0
38840,5,20,5.4,244,31.75,3.44436,36.4376,0,86,0,0,0,0,0,0,0,0,0, 0,0,0,0,0,13,0,0,0,0
38840,6,140,-54.4,60,32,-7.31791,5.23911,0,86,0,0,0,0,0,0,0,0,0, 0,0,0,0,0,13,0,0,0,0
38880,0,245,-55.4,64,32,-7.90211,5.4513,0,0,0,0,0,0,0,0,0,0,0, 0,0,0,0,0,14,0,0,0,0
38880,1,291,-55.4,68,32,-8.39599,5.79201,0,0,0,0,0,0,0,0,0,0,0, 0,0,0,0,0,14,0,0,0,0
38880,2,243,-55.4,72,32,-8.88987,6.13271,0,0,0,0,0,0,0,0,0,0,0, 0,0,0,0,0,14,0,0,0,0
38880,3,20,3.1,232,32.5,1.88194,34.7491,0,0,0,0,0,0,0,0,0,0,0, 0,0,0,0,0,14,0,0,0,0
38880,4,18,1.3,232,33,0.789519,34.791,0,0,0,0,0,0,0,0,0,0,0, 0,0,0,0,0,14,0,0,0,0
38880,5,156,-54.4,76,32,-9.26935,6.6362,0,0,0,0,0,0,0,0,0,0,0, 0,0,0,0,0,14,0,0,0,0
38880,6,101,-54.4,80,32,-9.75721,6.98548,0,0,0,0,0,0,0,0,0,0,0, 0,0,0,0,0,14,0,0,0,0
38880,7,138,-55.4,60,32,-7.40823,5.11059,0,0,0,0,0,0,0,0,0,0,0, 0,0,0,0,0,14,0,0,0,0
38920,0,246,-55.4,64,32,-7.90211,5.4513,0,0,0,0,0,0,0,0,0,0,0, 0,0,0,0,0,15,0,0,0,0
38920,1,292,-55.4,68,32,-8.39599,5.79201,0,0,0,0,0,0,0,0,0,0,0, 0,0,0,0,0,15,0,0,0,0
38920,2,41,66.6,8,33,1.10131,0.476577,0,0,0,0,0,0,0,0,0,0,0, 0,0,0,0,0,15,0,0,0,0
38920,3,243,-55.4,72,32,-8.88987,6.13271,0,0,0,0,0,0,0,0,0,0,0, 0,0,0,0,0,15,0,0,0,0
38920,4,156,-53.4,76,32,-9.15212,6.79696,0,0,0,0,0,0,0,0,0,0,0, 0,0,0,0,0,15,0,0,0,0
38920,5,105,-49.8,80,32,-9.16555,7.74549,0,0,0,0,0,0,0,0,0,0,0, 0,0,0,0,0,15,0,0,0,0
38920,6,81,-55.4,84,32,-10.3715,7.15483,0,0,0,0,0,0,0,0,0,0,0, 0,0,0,0,0,15,0,0,0,0
38920,7,141,-54.4,60,32,-7.31791,5.23911,0,0,0,0,0,0,0,0,0,0,0, 0,0,0,0,0,15,0,0,0,0
38960,0,249,-55.4,64,32,-7.90211,5.4513,0,0,0,0,0,0,0,0,0,0,0, 0,0,0,0,0,0,0,0,0,0
38960,1,292,-55.4,68,32,-8.39599,5.79201,0,0,0,0,0,0,0,0,0,0,0, 0,0,0,0,0,0,0,0,0,0
38960,2,244,-54.4,72,32,-8.78149,6.28693,0,0,0,0,0,0,0,0,0,0,0, 0,0,0,0,0,0,0,0,0,0
38960,3,158,-51.6,76,32,-8.93411,7.08108,0,0,0,0,0,0,0,0,0,0,0, 0,0,0,0,0,0,0,0,0,0
38960,4,26,-3.6,236,31.75,-2.22278,35.3301,0,0,0,0,0,0,0,0,0,0,0, 0,0,0,0,0,0,0,0,0,0
38960,5,32,-5.4,236,33,-3.33143,35.2429,0,0,0,0,0,0,0,0,0,0,0, 0,0,0,0,0,0,0,0,0,0
38960,6,108,-53.4,80,32,-9.63381,7.1547,0,0,0,0,0,0,0,0,0,0,0, 0,0,0,0,0,0,0,0,0,0
38960,7,28,-3.6,244,32.75,-2.29813,36.5278,0,0,0,0,0,0,0,0,0,0,0, 0,0,0,0,0,0,0,0,0,0
38960,8,29,-4.2,244,33,-2.68052,36.5017,0,0,0,0,0,0,0,0,0,0,0, 0,0,0,0,0,0,0,0,0,0
38960,9,136,-56.5,60,32,-7.50497,4.96743,0,0,0,0,0,0,0,0,0,0,0, 0,0,0,0,0,0,0,0,0,0
39000,0,245,-57.4,64,32,-8.08754,5.1722,0,0,0,0,0,0,0,0,0,0,0, 0,0,0,0,0,1,0,0,0,0
39000,1,290,-57.4,68,32,-8.59301,5.49546,0,0,0,0,0,0,0,0,0,0,0, 0,0,0,0,0,1,0,0,0,0
39000,2,241,-56.5,72,32,-9.00597,5.96092,0,0,0,0,0,0,0,0,0,0,0, 0,0,0,0,0,1,0,0,0,0
39000,3,152,-54.4,76,32,-9.26935,6.6362,0,0,0,0,0,0,0,0,0,0,0, 0,0,0,0,0,1,0,0,0,0
39000,4,101,-55.4,80,32,-9.87764,6.81413,0,0,0,0,0,0,0,0,0,0,0, 0,0,0,0,0,1,0,0,0,0
39000,5,137,-56.5,60,32,-7.50497,4.96743,0,0,0,0,0,0,0,0,0,0,0, 0,0,0,0,0,1,0,0,0,0
39040,0,244,-56.5,64,32,-8.0053,5.2986,0,0,0,0,0,0,0,0,0,0,0, 0,0,0,0,0,2,0,0,0,0
39040,1,289,-56.5,68,32,-8.50564,5.62976,0,0,0,0,0,0,0,0,0,0,0, 0,0,0,0,0,2,0,0,0,0
39040,2,31,-2.4,228,32.5,-1.43215,34.17,0,0,0,0,0,0,0,0,0,0,0, 0,0,0,0,0,2,0,0,0,0
39040,3,240,-55.4,72,32,-8.88987,6.13271,0,0,0,0,0,0,0,0,0,0,0, 0,0,0,0,0,2,0,0,0,0
39040,4,154,-53.4,76,32,-9.15212,6.79696,0,0,0,0,0,0,0,0,0,0,0, 0,0,0,0,0,2,0,0,0,0
39040,5,107,-51.6,80,32,-9.40432,7.45377,0,0,0,0,0,0,0,0,0,0,0, 0,0,0,0,0,2,0,0,0,0
39040,6,137,-56.5,60,32,-7.50497,4.96743,0,0,0,0,0,0,0,0,0,0,0, 0,0,0,0,0,2,0,0,0,0
39080,0,242,-56.5,64,32,-8.0053,5.2986,0,0,0,0,0,0,0,0,0,0,0, 0,0,0,0,0,3,0,0,0,0
39080,1,287,-56.5,68,32,-8.50564,5.62976,0,0,0,0,0,0,0,0,0,0,0, 0,0,0,0,0,3,0,0,0,0
39080,2,240,-56.5,72,32,-9.00597,5.96092,0,0,0,0,0,0,0,0,0,0,0, 0,0,0,0,0,3,0,0,0,0
39080,3,24,-1.2,232,31.75,-0.728796,34.7924,0,0,0,0,0,0,0,0,0,0,0, 0,0,0,0,0,3,0,0,0,0
39080,4,153,-54.4,76,32,-9.26935,6.6362,0,0,0,0,0,0,0,0,0,0,0, 0,0,0,0,0,3,0,0,0,0
39080,5,104,-49.8,80,32,-9.16555,7.74549,0,0,0,0,0,0,0,0,0,0,0, 0,0,0,0,0,3,0,0,0,0
39080,6,18,-2.4,240,31.75,-1.50752,35.9684,0,0,0,0,0,0,0,0,0,0,0, 0,0,0,0,0,3,0,0,0,0
39080,7,18,-3.6,240,33,-2.26046,35.929,0,0,0,0,0,0,0,0,0,0,0, 0,0,0,0,0,3,0,0,0,0
39080,8,17,0.1,244,33,0.063879,36.5999,0,0,0,0,0,0,0,0,0,0,0, 0,0,0,0,0,3,0,0,0,0
39080,9,137,-57.4,60,32,-7.58207,4.84894,0,0,0,0,0,0,0,0,0,0,0, 0,0,0,0,0,3,0,0,0,0
39120,0,244,-57.4,64,32,-8.08754,5.1722,0,0,0,0,0,0,0,0,0,0,0, 0,0,0,0,0,4,0,0,0,0
39120,1,288,-56.5,68,32,-8.50564,5.62976,0,0,0,0,0,0,0,0,0,0,0, 0,0,0,0,0,4,0,0,0,0
39120,2,240,-55.4,72,32,-8.88987,6.13271,0,0,0,0,0,0,0,0,0,0,0, 0,0,0,0,0,4,0,0,0,0
39120,3,22,0.6,232,31.75,0.364418,34.7981,0,0,0,0,0,0,0,0,0,0,0, 0,0,0,0,0,4,0,0,0,0
39120,4,38,0.1,232,32.5,0.0607374,34.7999,0,0,0,0,0,0,0,0,0,0,0, 0,0,0,0,0,4,0,0,0,0
39120,5,29,-0.6,232,33,-0.364418,34.7981,0,0,0,0,0,0,0,0,0,0,0, 0,0,0,0,0,4,0,0,0,0
39120,6,155,-53.4,76,32,-9.15212,6.79696,0,0,0,0,0,0,0,0,0,0,0, 0,0,0,0,0,4,0,0,0,0
39120,7,22,-6,236,31.5,-3.70031,35.2061,0,0,0,0,0,0,0,0,0,0,0, 0,0,0,0,0,4,0,0,0,0
39120,8,105,-48,80,32,-8.91774,8.02957,0,0,0,0,0,0,0,0,0,0,0, 0,0,0,0,0,4,0,0,0,0
39120,9,137,-57.4,60,32,-7.58207,4.84894,0,0,0,0,0,0,0,0,0,0,0, 0,0,0,0,0,4,0,0,0,0
39160,0,242,-57.4,64,32,-8.08754,5.1722,0,0,0,0,0,0,0,0,0,0,0, 0,0,0,0,0,5,0,0,0,0
39160,1,288,-56.5,68,32,-8.50564,5.62976,0,0,0,0,0,0,0,0,0,0,0, 0,0,0,0,0,5,0,0,0,0
39160,2,45,64.6,8,33,1.084,0.514722,0,0,0,0,0,0,0,0,0,0,0, 0,0,0,0,0,5,0,0,0,0
39160,3,240,-56.5,72,32,-9.00597,5.96092,0,0,0,0,0,0,0,0,0,0,0, 0,0,0,0,0,5,0,0,0,0
39160,4,156,-54.4,76,32,-9.26935,6.6362,0,0,0,0,0,0,0,0,0,0,0, 0,0,0,0,0,5,0,0,0,0
39160,5,103,-53.4,80,32,-9.63381,7.1547,0,0,0,0,0,0,0,0,0,0,0, 0,0,0,0,0,5,0,0,0,0
39160,6,137,-57.4,60,32,-7.58207,4.84894,0,0,0,0,0,0,0,0,0,0,0, 0,0,0,0,0,5,0,0,0,0
39200,0,244,-57.4,64,32,-8.08754,5.1722,0,0,0,0,0,0,0,0,0,0,0, 0,0,0,0,0,6,0,0,0,0
39200,1,290,-57.4,68,32,-8.59301,5.49546,0,0,0,0,0,0,0,0,0,0,0, 0,0,0,0,0,6,0,0,0,0
39200,2,241,-56.5,72,32,-9.00597,5.96092,0,0,0,0,0,0,0,0,0,0,0, 0,0,0,0,0,6,0,0,0,0
39200,3,154,-54.4,76,32,-9.26935,6.6362,0,0,0,0,0,0,0,0,0,0,0, 0,0,0,0,0,6,0,0,0,0
39200,4,106,-51.6,80,32,-9.40432,7.45377,0,0,0,0,0,0,0,0,0,0,0, 0,0,0,0,0,6,0,0,0,0
39200,5,137,-57.4,60,32,-7.58207,4.84894,0,0,0,0,0,0,0,0,0,0,0, 0,0,0,0,0,6,0,0,0,0
39240,0,244,-57.4,64,32,-8.08754,5.1722,0,0,0,0,0,0,0,0,0,0,0, 0,0,0,0,0,7,0,0,0,0
39240,1,290,-57.4,68,32,-8.59301,5.49546,0,0,0,0,0,0,0,0,0,0,0, 0,0,0,0,0,7,0,0,0,0
39240,2,41,67.6,8,33,1.10946,0.457284,0,0,0,0,0,0,0,0,0,0,0, 0,0,0,0,0,7,0,0,0,0
39240,3,242,-56.5,72,32,-9.00597,5.96092,0,0,0,0,0,0,0,0,0,0,0, 0,0,0,0,0,7,0,0,0,0
39240,4,22,-4.2,232,31.75,-2.54869,34.7065,0,0,0,0,0,0,0,0,0,0,0, 0,0,0,0,0,7,0,0,0,0
39240,5,26,-6,232,33,-3.63759,34.6094,0,0,0,0,0,0,0,0,0,0,0, 0,0,0,0,0,7,0,0,0,0
39240,6,155,-54.4,76,32,-9.26935,6.6362,0,0,0,0,0,0,0,0,0,0,0, 0,0,0,0,0,7,0,0,0,0
39240,7,41,0.1,236,31.75,0.0617846,35.3999,0,0,0,0,0,0,0,0,0,0,0, 0,0,0,0,0,7,0,0,0,0
39240,8,52,-0.6,236,32.75,-0.370701,35.3981,0,0,0,0,0,0,0,0,0,0,0, 0,0,0,0,0,7,0,0,0,0
39240,9,46,-1.2,236,33,-0.741362,35.3922,0,0,0,0,0,0,0,0,0,0,0, 0,0,0,0,0,7,0,0,0,0
39240,10,105,-49.8,80,32,-9.16555,7.74549,0,0,0,0,0,0,0,0,0,0,0, 0,0,0,0,0,7,0,0,0,0
39240,11,24,0.6,240,31.75,0.376984,35.998,0,0,0,0,0,0,0,0,0,0,0, 0,0,0,0,0,7,0,0,0,0
39240,12,34,-1.8,240,32.75,-1.13079,35.9822,0,0,0,0,0,0,0,0,0,0,0, 0,0,0,0,0,7,0,0,0,0
39240,13,33,-2.4,240,33,-1.50752,35.9684,0,0,0,0,0,0,0,0,0,0,0, 0,0,0,0,0,7,0,0,0,0
39240,14,142,-56.5,60,32,-7.50497,4.96743,0,0,0,0,0,0,0,0,0,0,0, 0,0,0,0,0,7,0,0,0,0
39280,0,250,-56.5,64,32,-8.0053,5.2986,0,0,0,0,0,0,0,0,0,0,0, 0,0,0,0,0,8,0,0,0,0
39280,1,294,-55.4,68,32,-8.39599,5.79201,0,0,0,0,0,0,0,0,0,0,0, 0,0,0,0,0,8,0,0,0,0
39280,2,25,-3,228,33,-1.78989,34.1531,0,0,0,0,0,0,0,0,0,0,0, 0,0,0,0,0,8,0,0,0,0
39280,3,246,-54.4,72,32,-8.78149,6.28693,0,0,0,0,0,0,0,0,0,0,0, 0,0,0,0,0,8,0,0,0,0
39280,4,27,-5.4,232,31.75,-3.27497,34.6456,0,0,0,0,0,0,0,0,0,0,0, 0,0,0,0,0,8,0,0,0,0
39280,5,48,-3,232,32.75,-1.82129,34.7523,0,0,0,0,0,0,0,0,0,0,0, 0,0,0,0,0,8,0,0,0,0
39280,6,48,-1.8,232,33,-1.09309,34.7828,0,0,0,0,0,0,0,0,0,0,0, 0,0,0,0,0,8,0,0,0,0
39280,7,158,-51.6,76,32,-8.93411,7.08108,0,0,0,0,0,0,0,0,0,0,0, 0,0,0,0,0,8,0,0,0,0
39280,8,40,-1.8,236,31.75,-1.11194,35.3825,0,0,0,0,0,0,0,0,0,0,0, 0,0,0,0,0,8,0,0,0,0
39280,9,56,-1.8,236,32.75,-1.11194,35.3825,0,0,0,0,0,0,0,0,0,0,0, 0,0,0,0,0,8,0,0,0,0
39280,10,52,-2.4,236,33,-1.4824,35.3689,0,0,0,0,0,0,0,0,0,0,0, 0,0,0,0,0,8,0,0,0,0
39280,11,106,-46.7,80,32,-8.73327,8.22982,0,0,0,0,0,0,0,0,0,0,0, 0,0,0,0,0,8,0,0,0,0
39280,12,141,-55.4,60,32,-7.40823,5.11059,0,0,0,0,0,0,0,0,0,0,0, 0,0,0,0,0,8,0,0,0,0
39320,0,250,-56.5,64,32,-8.0053,5.2986,0,1334,0,0,0,0,0,0,0,0,0, 0,0,0,0,0,9,0,0,0,0
39320,1,18,-1.2,224,31.5,-0.703665,33.5926,0,1334,0,0,0,0,0,0,0,0,0, 0,0,0,0,0,9,0,0,0,0
39320,2,294,-55.4,68,32,-8.39599,5.79201,0,1334,0,0,0,0,0,0,0,0,0, 0,0,0,0,0,9,0,0,0,0
39320,3,245,-55.4,72,32,-8.88987,6.13271,0,1334,0,0,0,0,0,0,0,0,0, 0,0,0,0,0,9,0,0,0,0
39320,4,156,-53.4,76,32,-9.15212,6.79696,0,1334,0,0,0,0,0,0,0,0,0, 0,0,0,0,0,9,0,0,0,0
39320,5,17,-2.4,236,31.75,-1.4824,35.3689,0,1334,0,0,0,0,0,0,0,0,0, 0,0,0,0,0,9,0,0,0,0
39320,6,24,1.3,236,32.75,0.803132,35.3909,0,1334,0,0,0,0,0,0,0,0,0, 0,0,0,0,0,9,0,0,0,0
39320,7,22,2.4,236,33,1.4824,35.3689,0,1334,0,0,0,0,0,0,0,0,0, 0,0,0,0,0,9,0,0,0,0
39320,8,102,-51.6,80,32,-9.40432,7.45377,0,1334,0,0,0,0,0,0,0,0,0, 0,0,0,0,0,9,0,0,0,0
39320,9,23,1.8,244,33,1.14963,36.5819,0,1334,0,0,0,0,0,0,0,0,0, 0,0,0,0,0,9,0,0,0,0
39320,10,140,-56.5,60,32,-7.50497,4.96743,0,1334,0,0,0,0,0,0,0,0,0, 0,0,0,0,0,9,0,0,0,0
39360,0,246,-56.5,64,32,-8.0053,5.2986,0,0,0,0,0,0,0,0,0,0,0, 0,0,0,0,0,10,0,0,0,0
39360,1,290,-56.5,68,32,-8.50564,5.62976,0,0,0,0,0,0,0,0,0,0,0, 0,0,0,0,0,10,0,0,0,0
39360,2,21,2.4,228,33,1.43215,34.17,0,0,0,0,0,0,0,0,0,0,0, 0,0,0,0,0,10,0,0,0,0
39360,3,242,-55.4,72,32,-8.88987,6.13271,0,0,0,0,0,0,0,0,0,0,0, 0,0,0,0,0,10,0,0,0,0
39360,4,25,-4.8,232,31.75,-2.91199,34.678,0,0,0,0,0,0,0,0,0,0,0, 0,0,0,0,0,10,0,0,0,0
39360,5,154,-54.4,76,32,-9.26935,6.6362,0,0,0,0,0,0,0,0,0,0,0, 0,0,0,0,0,10,0,0,0,0
39360,6,25,-6.6,236,33,-4.06878,35.1654,0,0,0,0,0,0,0,0,0,0,0, 0,0,0,0,0,10,0,0,0,0
39360,7,104,-51.6,80,32,-9.40432,7.45377,0,0,0,0,0,0,0,0,0,0,0, 0,0,0,0,0,10,0,0,0,0
39360,8,19,-2.4,240,33,-1.50752,35.9684,0,0,0,0,0,0,0,0,0,0,0, 0,0,0,0,0,10,0,0,0,0
39360,9,140,-56.5,60,32,-7.50497,4.96743,0,0,0,0,0,0,0,0,0,0,0, 0,0,0,0,0,10,0,0,0,0
39400,0,246,-56.5,64,32,-8.0053,5.2986,0,7936,0,0,0,0,0,0,0,0,0, 0,0,0,0,0,11,0,0,0,0
39400,1,290,-56.5,68,32,-8.50564,5.62976,0,7936,0,0,0,0,0,0,0,0,0, 0,0,0,0,0,11,0,0,0,0
39400,2,240,-56.5,72,32,-9.00597,5.96092,0,7936,0,0,0,0,0,0,0,0,0, 0,0,0,0,0,11,0,0,0,0
39400,3,152,-55.4,76,32,-9.38375,6.47342,0,7936,0,0,0,0,0,0,0,0,0, 0,0,0,0,0,11,0,0,0,0
39400,4,99,-54.4,80,32,-9.75721,6.98548,0,7936,0,0,0,0,0,0,0,0,0, 0,0,0,0,0,11,0,0,0,0
39400,5,139,-57.4,60,32,-7.58207,4.84894,0,7936,0,0,0,0,0,0,0,0,0, 0,0,0,0,0,11,0,0,0,0
39440,0,248,-57.4,64,32,-8.08754,5.1722,0,1139,0,0,0,0,0,0,0,0,0, 0,0,0,0,0,12,0,0,0,0
39440,1,292,-56.5,68,32,-8.50564,5.62976,0,1139,0,0,0,0,0,0,0,0,0, 0,0,0,0,0,12,0,0,0,0
39440,2,243,-55.4,72,32,-8.88987,6.13271,0,1139,0,0,0,0,0,0,0,0,0, 0,0,0,0,0,12,0,0,0,0
39440,3,159,-54.4,76,32,-9.26935,6.6362,0,1139,0,0,0,0,0,0,0,0,0, 0,0,0,0,0,12,0,0,0,0
39440,4,107,-49.8,80,32,-9.16555,7.74549,0,1139,0,0,0,0,0,0,0,0,0, 0,0,0,0,0,12,0,0,0,0
39440,5,18,3.6,240,32.75,2.26046,35.929,0,1139,0,0,0,0,0,0,0,0,0, 0,0,0,0,0,12,0,0,0,0
39440,6,140,-55.4,60,32,-7.40823,5.11059,0,1139,0,0,0,0,0,0,0,0,0, 0,0,0,0,0,12,0,0,0,0
39480,0,249,-55.4,64,32,-7.90211,5.4513,0,86,0,0,0,0,0,0,0,0,0, 0,0,0,0,0,13,0,0,0,0
39480,1,20,2.4,224,31.75,1.40702,33.5705,0,86,0,0,0,0,0,0,0,0,0, 0,0,0,0,0,13,0,0,0,0
39480,2,21,1.8,224,33,1.0554,33.5834,0,86,0,0,0,0,0,0,0,0,0, 0,0,0,0,0,13,0,0,0,0
39480,3,294,-55.4,68,32,-8.39599,5.79201,0,86,0,0,0,0,0,0,0,0,0, 0,0,0,0,0,13,0,0,0,0
39480,4,27,-1.2,228,32.5,-0.716231,34.1925,0,86,0,0,0,0,0,0,0,0,0, 0,0,0,0,0,13,0,0,0,0
39480,5,243,-54.4,72,32,-8.78149,6.28693,0,86,0,0,0,0,0,0,0,0,0, 0,0,0,0,0,13,0,0,0,0
39480,6,21,0.1,232,31.75,0.0607374,34.7999,0,86,0,0,0,0,0,0,0,0,0, 0,0,0,0,0,13,0,0,0,0
39480,7,24,-1.2,232,33,-0.728796,34.7924,0,86,0,0,0,0,0,0,0,0,0, 0,0,0,0,0,13,0,0,0,0
39480,8,156,-51.6,76,32,-8.93411,7.08108,0,86,0,0,0,0,0,0,0,0,0, 0,0,0,0,0,13,0,0,0,0
39480,9,32,-2.4,236,32.75,-1.4824,35.3689,0,86,0,0,0,0,0,0,0,0,0, 0,0,0,0,0,13,0,0,0,0
39480,10,108,-45.9,80,32,-8.61752,8.35095,0,86,0,0,0,0,0,0,0,0,0, 0,0,0,0,0,13,0,0,0,0
39480,11,28,-3.6,240,31.75,-2.26046,35.929,0,86,0,0,0,0,0,0,0,0,0, 0,0,0,0,0,13,0,0,0,0
39480,12,23,-6,240,33,-3.76302,35.8028,0,86,0,0,0,0,0,0,0,0,0, 0,0,0,0,0,13,0,0,0,0
39480,13,85,-44.2,84,32,-8.78428,9.03307,0,86,0,0,0,0,0,0,0,0,0, 0,0,0,0,0,13,0,0,0,0
39480,14,141,-55.4,60,32,-7.40823,5.11059,0,86,0,0,0,0,0,0,0,0,0, 0,0,0,0,0,13,0,0,0,0
39480,15,15,-3,220,31.75,-1.72709,32.9548,0,86,0,0,0,0,0,0,0,0,0, 0,0,0,0,0,13,0,0,0,0
39520,0,249,-55.4,64,32,-7.90211,5.4513,0,0,0,0,0,0,0,0,0,0,0, 0,0,0,0,0,14,0,0,0,0
39520,1,295,-54.4,68,32,-8.29363,5.93765,0,0,0,0,0,0,0,0,0,0,0, 0,0,0,0,0,14,0,0,0,0
39520,2,29,-3,228,31.75,-1.78989,34.1531,0,0,0,0,0,0,0,0,0,0,0, 0,0,0,0,0,14,0,0,0,0
39520,3,29,-1.8,228,33,-1.07425,34.1831,0,0,0,0,0,0,0,0,0,0,0, 0,0,0,0,0,14,0,0,0,0
39520,4,248,-53.4,72,32,-8.67043,6.43923,0,0,0,0,0,0,0,0,0,0,0, 0,0,0,0,0,14,0,0,0,0
39520,5,20,-2.4,232,31.75,-1.45727,34.7695,0,0,0,0,0,0,0,0,0,0,0, 0,0,0,0,0,14,0,0,0,0
39520,6,162,-49.8,76,32,-8.70727,7.35822,0,0,0,0,0,0,0,0,0,0,0, 0,0,0,0,0,14,0,0,0,0
39520,7,26,4.8,236,31.75,2.9622,35.2758,0,0,0,0,0,0,0,0,0,0,0, 0,0,0,0,0,14,0,0,0,0
39520,8,32,3.1,236,33,1.91439,35.3482,0,0,0,0,0,0,0,0,0,0,0, 0,0,0,0,0,14,0,0,0,0
39520,9,110,-48,80,32,-8.91774,8.02957,0,0,0,0,0,0,0,0,0,0,0, 0,0,0,0,0,14,0,0,0,0
39520,10,83,-46.7,84,32,-9.16994,8.64131,0,0,0,0,0,0,0,0,0,0,0, 0,0,0,0,0,14,0,0,0,0
39520,11,139,-54.4,60,32,-7.31791,5.23911,0,0,0,0,0,0,0,0,0,0,0, 0,0,0,0,0,14,0,0,0,0
39560,0,247,-55.4,64,32,-7.90211,5.4513,0,0,0,0,0,0,0,0,0,0,0, 0,0,0,0,0,15,0,0,0,0
39560,1,20,0.1,224,32.5,0.058643,33.5999,0,0,0,0,0,0,0,0,0,0,0, 0,0,0,0,0,15,0,0,0,0
39560,2,293,-55.4,68,32,-8.39599,5.79201,0,0,0,0,0,0,0,0,0,0,0, 0,0,0,0,0,15,0,0,0,0
39560,3,242,-55.4,72,32,-8.88987,6.13271,0,0,0,0,0,0,0,0,0,0,0, 0,0,0,0,0,15,0,0,0,0
39560,4,17,-7.2,232,31.75,-4.3616,34.5256,0,0,0,0,0,0,0,0,0,0,0, 0,0,0,0,0,15,0,0,0,0
39560,5,36,-6,232,32.75,-3.63759,34.6094,0,0,0,0,0,0,0,0,0,0,0, 0,0,0,0,0,15,0,0,0,0
39560,6,38,-6.6,232,33,-3.99981,34.5694,0,0,0,0,0,0,0,0,0,0,0, 0,0,0,0,0,15,0,0,0,0
39560,7,154,-54.4,76,32,-9.26935,6.6362,0,0,0,0,0,0,0,0,0,0,0, 0,0,0,0,0,15,0,0,0,0
39560,8,102,-49.8,80,32,-9.16555,7.74549,0,0,0,0,0,0,0,0,0,0,0, 0,0,0,0,0,15,0,0,0,0
39560,9,139,-55.4,60,32,-7.40823,5.11059,0,0,0,0,0,0,0,0,0,0,0, 0,0,0,0,0,15,0,0,0,0
39560,10,19,1.8,220,31.75,1.03656,32.9837,0,0,0,0,0,0,0,0,0,0,0, 0,0,0,0,0,15,0,0,0,0
39600,0,247,-56.5,64,32,-8.0053,5.2986,0,0,0,0,0,0,0,0,0,0,0, 0,0,0,0,0,0,0,0,0,0
39600,1,293,-55.4,68,32,-8.39599,5.79201,0,0,0,0,0,0,0,0,0,0,0, 0,0,0,0,0,0,0,0,0,0
39600,2,18,-9,228,33.75,-5.35006,33.7789,0,0,0,0,0,0,0,0,0,0,0, 0,0,0,0,0,0,0,0,0,0
39600,3,244,-54.4,72,32,-8.78149,6.28693,0,0,0,0,0,0,0,0,0,0,0, 0,0,0,0,0,0,0,0,0,0
39600,4,18,0.6,232,31.75,0.364418,34.7981,0,0,0,0,0,0,0,0,0,0,0, 0,0,0,0,0,0,0,0,0,0
39600,5,23,-3,232,33.25,-1.82129,34.7523,0,0,0,0,0,0,0,0,0,0,0, 0,0,0,0,0,0,0,0,0,0
39600,6,158,-49.8,76,32,-8.70727,7.35822,0,0,0,0,0,0,0,0,0,0,0, 0,0,0,0,0,0,0,0,0,0
39600,7,20,-7.2,236,33,-4.4368,35.1209,0,0,0,0,0,0,0,0,0,0,0, 0,0,0,0,0,0,0,0,0,0
39600,8,109,-45.9,80,32,-8.61752,8.35095,0,0,0,0,0,0,0,0,0,0,0, 0,0,0,0,0,0,0,0,0,0
39600,9,18,-2.4,240,33,-1.50752,35.9684,0,0,0,0,0,0,0,0,0,0,0, 0,0,0,0,0,0,0,0,0,0
39600,10,139,-58.4,60,32,-7.66554,4.71587,0,0,0,0,0,0,0,0,0,0,0, 0,0,0,0,0,0,0,0,0,0
39640,0,246,-58.4,64,32,-8.17658,5.03026,0,0,0,0,0,0,0,0,0,0,0, 0,0,0,0,0,1,0,0,0,0
39640,1,290,-57.4,68,32,-8.59301,5.49546,0,0,0,0,0,0,0,0,0,0,0, 0,0,0,0,0,1,0,0,0,0
39640,2,243,-56.5,72,32,-9.00597,5.96092,0,0,0,0,0,0,0,0,0,0,0, 0,0,0,0,0,1,0,0,0,0
39640,3,156,-54.4,76,32,-9.26935,6.6362,0,0,0,0,0,0,0,0,0,0,0, 0,0,0,0,0,1,0,0,0,0
39640,4,106,-49.8,80,32,-9.16555,7.74549,0,0,0,0,0,0,0,0,0,0,0, 0,0,0,0,0,1,0,0,0,0
39640,5,19,6.1,212,31.25,3.3792,31.6199,0,0,0,0,0,0,0,0,0,0,0, 0,0,0,0,0,1,0,0,0,0
39640,6,139,-56.5,60,32,-7.50497,4.96743,0,0,0,0,0,0,0,0,0,0,0, 0,0,0,0,0,1,0,0,0,0
39680,0,246,-56.5,64,32,-8.0053,5.2986,0,0,0,0,0,0,0,0,0,0,0, 0,0,0,0,0,2,0,0,0,0
39680,1,290,-56.5,68,32,-8.50564,5.62976,0,0,0,0,0,0,0,0,0,0,0, 0,0,0,0,0,2,0,0,0,0
39680,2,22,-6,228,33,-3.57487,34.0126,0,0,0,0,0,0,0,0,0,0,0, 0,0,0,0,0,2,0,0,0,0
39680,3,241,-55.4,72,32,-8.88987,6.13271,0,0,0,0,0,0,0,0,0,0,0, 0,0,0,0,0,2,0,0,0,0
39680,4,17,-3,232,31.75,-1.82129,34.7523,0,0,0,0,0,0,0,0,0,0,0, 0,0,0,0,0,2,0,0,0,0
39680,5,20,-4.8,232,33,-2.91199,34.678,0,0,0,0,0,0,0,0,0,0,0, 0,0,0,0,0,2,0,0,0,0
39680,6,157,-51.6,76,32,-8.93411,7.08108,0,0,0,0,0,0,0,0,0,0,0, 0,0,0,0,0,2,0,0,0,0
39680,7,112,-45.9,80,32,-8.61752,8.35095,0,0,0,0,0,0,0,0,0,0,0, 0,0,0,0,0,2,0,0,0,0
39680,8,86,-48,84,32,-9.36363,8.43105,0,0,0,0,0,0,0,0,0,0,0, 0,0,0,0,0,2,0,0,0,0
39680,9,141,-55.4,60,32,-7.40823,5.11059,0,0,0,0,0,0,0,0,0,0,0, 0,0,0,0,0,2,0,0,0,0
39720,0,249,-55.4,64,32,-7.90211,5.4513,0,0,0,0,0,0,0,0,0,0,0, 0,0,0,0,0,3,0,0,0,0
39720,1,293,-55.4,68,32,-8.39599,5.79201,0,0,0,0,0,0,0,0,0,0,0, 0,0,0,0,0,3,0,0,0,0
39720,2,18,-1.2,228,31.75,-0.716231,34.1925,0,0,0,0,0,0,0,0,0,0,0, 0,0,0,0,0,3,0,0,0,0
39720,3,245,-54.4,72,32,-8.78149,6.28693,0,0,0,0,0,0,0,0,0,0,0, 0,0,0,0,0,3,0,0,0,0
39720,4,24,-3.6,232,31.75,-2.18511,34.7313,0,0,0,0,0,0,0,0,0,0,0, 0,0,0,0,0,3,0,0,0,0
39720,5,28,-3.6,232,33,-2.18511,34.7313,0,0,0,0,0,0,0,0,0,0,0, 0,0,0,0,0,3,0,0,0,0
39720,6,161,-49.8,76,32,-8.70727,7.35822,0,0,0,0,0,0,0,0,0,0,0, 0,0,0,0,0,3,0,0,0,0
39720,7,12,-9.6,268,50,-6.7041,39.637,0,0,0,0,0,0,0,0,0,0,0, 0,0,0,0,0,3,0,0,0,0
39720,8,112,-45,80,32,-8.48528,8.48528,0,0,0,0,0,0,0,0,0,0,0, 0,0,0,0,0,3,0,0,0,0
39720,9,24,0.6,240,32.5,0.376984,35.998,0,0,0,0,0,0,0,0,0,0,0, 0,0,0,0,0,3,0,0,0,0
39720,10,19,1.3,240,33,0.816744,35.9907,0,0,0,0,0,0,0,0,0,0,0, 0,0,0,0,0,3,0,0,0,0
39720,11,85,-45.9,84,32,-9.04839,8.7685,0,0,0,0,0,0,0,0,0,0,0, 0,0,0,0,0,3,0,0,0,0
39720,12,139,-54.4,60,32,-7.31791,5.23911,0,0,0,0,0,0,0,0,0,0,0, 0,0,0,0,0,3,0,0,0,0
39760,0,247,-55.4,64,32,-7.90211,5.4513,0,0,0,0,0,0,0,0,0,0,0, 0,0,0,0,0,4,0,0,0,0
39760,1,291,-55.4,68,32,-8.39599,5.79201,0,0,0,0,0,0,0,0,0,0,0, 0,0,0,0,0,4,0,0,0,0
39760,2,25,-3,228,32.75,-1.78989,34.1531,0,0,0,0,0,0,0,0,0,0,0, 0,0,0,0,0,4,0,0,0,0
39760,3,25,-2.4,228,33,-1.43215,34.17,0,0,0,0,0,0,0,0,0,0,0, 0,0,0,0,0,4,0,0,0,0
39760,4,242,-54.4,72,32,-8.78149,6.28693,0,0,0,0,0,0,0,0,0,0,0, 0,0,0,0,0,4,0,0,0,0
39760,5,158,-49.8,76,32,-8.70727,7.35822,0,0,0,0,0,0,0,0,0,0,0, 0,0,0,0,0,4,0,0,0,0
39760,6,115,-43.6,80,32,-8.27543,8.69006,0,0,0,0,0,0,0,0,0,0,0, 0,0,0,0,0,4,0,0,0,0
39760,7,94,-42.9,84,32,-8.57708,9.23004,0,0,0,0,0,0,0,0,0,0,0, 0,0,0,0,0,4,0,0,0,0
39760,8,24,4.2,216,31.25,2.37292,32.313,0,0,0,0,0,0,0,0,0,0,0, 0,0,0,0,0,4,0,0,0,0
39760,9,137,-55.4,60,32,-7.40823,5.11059,0,0,0,0,0,0,0,0,0,0,0, 0,0,0,0,0,4,0,0,0,0
39760,10,24,3.1,220,31.25,1.7846,32.9517,0,0,0,0,0,0,0,0,0,0,0, 0,0,0,0,0,4,0,0,0,0
39760,11,20,6.6,220,32.25,3.79293,32.7813,0,0,0,0,0,0,0,0,0,0,0, 0,0,0,0,0,4,0,0,0,0
39800,0,244,-56.5,64,32,-8.0053,5.2986,0,0,0,0,0,0,0,0,0,0,0, 0,0,0,0,0,5,0,0,0,0
39800,1,289,-57.4,68,32,-8.59301,5.49546,0,0,0,0,0,0,0,0,0,0,0, 0,0,0,0,0,5,0,0,0,0
39800,2,22,0.6,228,33,0.358135,34.1981,0,0,0,0,0,0,0,0,0,0,0, 0,0,0,0,0,5,0,0,0,0
39800,3,242,-56.5,72,32,-9.00597,5.96092,0,0,0,0,0,0,0,0,0,0,0, 0,0,0,0,0,5,0,0,0,0
39800,4,155,-53.4,76,32,-9.15212,6.79696,0,0,0,0,0,0,0,0,0,0,0, 0,0,0,0,0,5,0,0,0,0
39800,5,26,-2.4,236,31.75,-1.4824,35.3689,0,0,0,0,0,0,0,0,0,0,0, 0,0,0,0,0,5,0,0,0,0
39800,6,34,-3,236,32.75,-1.85269,35.3515,0,0,0,0,0,0,0,0,0,0,0, 0,0,0,0,0,5,0,0,0,0
39800,7,30,-4.2,236,33,-2.59263,35.3049,0,0,0,0,0,0,0,0,0,0,0, 0,0,0,0,0,5,0,0,0,0
39800,8,113,-44.2,80,32,-8.36598,8.60293,0,0,0,0,0,0,0,0,0,0,0, 0,0,0,0,0,5,0,0,0,0
39800,9,91,-43.6,84,32,-8.68921,9.12457,0,0,0,0,0,0,0,0,0,0,0, 0,0,0,0,0,5,0,0,0,0
39800,10,17,-1.8,216,31,-1.01771,32.384,0,0,0,0,0,0,0,0,0,0,0, 0,0,0,0,0,5,0,0,0,0
39800,11,139,-56.5,60,32,-7.50497,4.96743,0,0,0,0,0,0,0,0,0,0,0, 0,0,0,0,0,5,0,0,0,0
39840,0,244,-56.5,64,32,-8.0053,5.2986,0,0,0,0,0,0,0,0,0,0,0, 0,0,0,0,0,6,0,0,0,0
39840,1,26,0.1,224,32.75,0.058643,33.5999,0,0,0,0,0,0,0,0,0,0,0, 0,0,0,0,0,6,0,0,0,0
39840,2,30,1.3,224,33,0.762294,33.5914,0,0,0,0,0,0,0,0,0,0,0, 0,0,0,0,0,6,0,0,0,0
39840,3,290,-56.5,68,32,-8.50564,5.62976,0,0,0,0,0,0,0,0,0,0,0, 0,0,0,0,0,6,0,0,0,0
39840,4,25,-5.4,228,31.75,-3.2185,34.0482,0,0,0,0,0,0,0,0,0,0,0, 0,0,0,0,0,6,0,0,0,0
39840,5,45,-4.8,228,32.75,-2.86178,34.0801,0,0,0,0,0,0,0,0,0,0,0, 0,0,0,0,0,6,0,0,0,0
39840,6,46,-4.2,228,33,-2.50475,34.1082,0,0,0,0,0,0,0,0,0,0,0, 0,0,0,0,0,6,0,0,0,0
39840,7,243,-56.5,72,32,-9.00597,5.96092,0,0,0,0,0,0,0,0,0,0,0, 0,0,0,0,0,6,0,0,0,0
39840,8,32,-3.6,232,33,-2.18511,34.7313,0,0,0,0,0,0,0,0,0,0,0, 0,0,0,0,0,6,0,0,0,0
39840,9,157,-53.4,76,32,-9.15212,6.79696,0,0,0,0,0,0,0,0,0,0,0, 0,0,0,0,0,6,0,0,0,0
39840,10,21,3.6,236,31.75,2.22278,35.3301,0,0,0,0,0,0,0,0,0,0,0, 0,0,0,0,0,6,0,0,0,0
39840,11,22,0.1,236,33,0.0617846,35.3999,0,0,0,0,0,0,0,0,0,0,0, 0,0,0,0,0,6,0,0,0,0
39840,12,112,-44.2,80,32,-8.36598,8.60293,0,0,0,0,0,0,0,0,0,0,0, 0,0,0,0,0,6,0,0,0,0
39840,13,22,-0.6,240,33,-0.376984,35.998,0,0,0,0,0,0,0,0,0,0,0, 0,0,0,0,0,6,0,0,0,0
39840,14,93,-42.9,84,32,-8.57708,9.23004,0,0,0,0,0,0,0,0,0,0,0, 0,0,0,0,0,6,0,0,0,0
39840,15,138,-56.5,60,32,-7.50497,4.96743,0,0,0,0,0,0,0,0,0,0,0, 0,0,0,0,0,6,0,0,0,0
39880,0,244,-56.5,64,32,-8.0053,5.2986,0,0,0,0,0,0,0,0,0,0,0, 0,0,0,0,0,7,0,0,0,0
39880,1,19,0.6,224,33,0.351852,33.5982,0,0,0,0,0,0,0,0,0,0,0, 0,0,0,0,0,7,0,0,0,0
39880,2,290,-57.4,68,32,-8.59301,5.49546,0,0,0,0,0,0,0,0,0,0,0, 0,0,0,0,0,7,0,0,0,0
39880,3,27,-4.2,228,33,-2.50475,34.1082,0,0,0,0,0,0,0,0,0,0,0, 0,0,0,0,0,7,0,0,0,0
39880,4,243,-56.5,72,32,-9.00597,5.96092,0,0,0,0,0,0,0,0,0,0,0, 0,0,0,0,0,7,0,0,0,0
39880,5,155,-51.6,76,32,-8.93411,7.08108,0,0,0,0,0,0,0,0,0,0,0, 0,0,0,0,0,7,0,0,0,0
39880,6,115,-43.6,80,32,-8.27543,8.69006,0,0,0,0,0,0,0,0,0,0,0, 0,0,0,0,0,7,0,0,0,0
39880,7,17,-4.2,240,33,-2.63657,35.9033,0,0,0,0,0,0,0,0,0,0,0, 0,0,0,0,0,7,0,0,0,0
39880,8,98,-41.1,84,32,-8.28293,9.4949,0,0,0,0,0,0,0,0,0,0,0, 0,0,0,0,0,7,0,0,0,0
39880,9,138,-57.4,60,32,-7.58207,4.84894,0,0,0,0,0,0,0,0,0,0,0, 0,0,0,0,0,7,0,0,0,0
39920,0,245,-57.4,64,32,-8.08754,5.1722,0,0,0,0,0,0,0,0,0,0,0, 0,0,0,0,0,8,0,0,0,0
39920,1,291,-57.4,68,32,-8.59301,5.49546,0,0,0,0,0,0,0,0,0,0,0, 0,0,0,0,0,8,0,0,0,0
39920,2,18,0.6,228,31.25,0.358135,34.1981,0,0,0,0,0,0,0,0,0,0,0, 0,0,0,0,0,8,0,0,0,0
39920,3,46,66.6,8,33,1.10131,0.476577,0,0,0,0,0,0,0,0,0,0,0, 0,0,0,0,0,8,0,0,0,0
39920,4,243,-56.5,72,32,-9.00597,5.96092,0,0,0,0,0,0,0,0,0,0,0, 0,0,0,0,0,8,0,0,0,0
39920,5,154,-54.4,76,32,-9.26935,6.6362,0,0,0,0,0,0,0,0,0,0,0, 0,0,0,0,0,8,0,0,0,0
39920,6,13,-1.2,236,31.75,-0.741362,35.3922,0,0,0,0,0,0,0,0,0,0,0, 0,0,0,0,0,8,0,0,0,0
39920,7,107,-45.9,80,32,-8.61752,8.35095,0,0,0,0,0,0,0,0,0,0,0, 0,0,0,0,0,8,0,0,0,0
39920,8,22,0.1,240,32.75,0.0628318,35.9999,0,0,0,0,0,0,0,0,0,0,0, 0,0,0,0,0,8,0,0,0,0
39920,9,26,-0.6,240,33,-0.376984,35.998,0,0,0,0,0,0,0,0,0,0,0, 0,0,0,0,0,8,0,0,0,0
39920,10,90,-42.9,84,32,-8.57708,9.23004,0,0,0,0,0,0,0,0,0,0,0, 0,0,0,0,0,8,0,0,0,0
39920,11,138,-58.4,60,32,-7.66554,4.71587,0,0,0,0,0,0,0,0,0,0,0, 0,0,0,0,0,8,0,0,0,0
39960,0,244,-57.4,64,32,-8.08754,5.1722,0,1334,0,0,0,0,0,0,0,0,0, 0,0,0,0,0,9,0,0,0,0
39960,1,18,0.6,224,33.25,0.351852,33.5982,0,1334,0,0,0,0,0,0,0,0,0, 0,0,0,0,0,9,0,0,0,0
39960,2,288,-57.4,68,32,-8.59301,5.49546,0,1334,0,0,0,0,0,0,0,0,0, 0,0,0,0,0,9,0,0,0,0
39960,3,243,-57.4,72,32,-9.09849,5.81872,0,1334,0,0,0,0,0,0,0,0,0, 0,0,0,0,0,9,0,0,0,0
39960,4,21,0.1,232,31.75,0.0607374,34.7999,0,1334,0,0,0,0,0,0,0,0,0, 0,0,0,0,0,9,0,0,0,0
39960,5,34,-3,232,32.75,-1.82129,34.7523,0,1334,0,0,0,0,0,0,0,0,0, 0,0,0,0,0,9,0,0,0,0
39960,6,31,-3,232,33,-1.82129,34.7523,0,1334,0,0,0,0,0,0,0,0,0, 0,0,0,0,0,9,0,0,0,0
39960,7,156,-56.5,76,32,-9.5063,6.29208,0,1334,0,0,0,0,0,0,0,0,0, 0,0,0,0,0,9,0,0,0,0
39960,8,107,-46.7,80,32,-8.73327,8.22982,0,1334,0,0,0,0,0,0,0,0,0, 0,0,0,0,0,9,0,0,0,0
39960,9,84,-44.2,84,32,-8.78428,9.03307,0,1334,0,0,0,0,0,0,0,0,0, 0,0,0,0,0,9,0,0,0,0
39960,10,137,-56.5,60,32,-7.50497,4.96743,0,1334,0,0,0,0,0,0,0,0,0, 0,0,0,0,0,9,0,0,0,0
40000,0,245,-56.5,64,32,-8.0053,5.2986,0,0,0,0,0,0,0,0,0,0,0, 0,0,0,0,0,10,0,0,0,0
40000,1,14,-31.2,480,39,-37.2979,61.5862,0,0,0,0,0,0,0,0,0,0,0, 0,0,0,0,0,10,0,0,0,0
40000,2,291,-55.4,68,32,-8.39599,5.79201,0,0,0,0,0,0,0,0,0,0,0, 0,0,0,0,0,10,0,0,0,0
40000,3,23,-2.4,228,31.5,-1.43215,34.17,0,0,0,0,0,0,0,0,0,0,0, 0,0,0,0,0,10,0,0,0,0
40000,4,23,-3.6,228,33,-2.14744,34.1325,0,0,0,0,0,0,0,0,0,0,0, 0,0,0,0,0,10,0,0,0,0
40000,5,243,-55.4,72,32,-8.88987,6.13271,0,0,0,0,0,0,0,0,0,0,0, 0,0,0,0,0,10,0,0,0,0
40000,6,35,0.1,232,31.75,0.0607374,34.7999,0,0,0,0,0,0,0,0,0,0,0, 0,0,0,0,0,10,0,0,0,0
40000,7,45,1.3,232,32.75,0.789519,34.791,0,0,0,0,0,0,0,0,0,0,0, 0,0,0,0,0,10,0,0,0,0
40000,8,40,1.3,232,33,0.789519,34.791,0,0,0,0,0,0,0,0,0,0,0, 0,0,0,0,0,10,0,0,0,0
40000,9,156,-53.4,76,32,-9.15212,6.79696,0,0,0,0,0,0,0,0,0,0,0, 0,0,0,0,0,10,0,0,0,0
40000,10,24,-0.6,236,33,-0.370701,35.3981,0,0,0,0,0,0,0,0,0,0,0, 0,0,0,0,0,10,0,0,0,0
40000,11,110,-44.2,80,32,-8.36598,8.60293,0,0,0,0,0,0,0,0,0,0,0, 0,0,0,0,0,10,0,0,0,0
40000,12,21,-4.2,240,33,-2.63657,35.9033,0,0,0,0,0,0,0,0,0,0,0, 0,0,0,0,0,10,0,0,0,0
40000,13,93,-41.7,84,32,-8.3819,9.40764,0,0,0,0,0,0,0,0,0,0,0, 0,0,0,0,0,10,0,0,0,0
40000,14,137,-57.4,60,32,-7.58207,4.84894,0,0,0,0,0,0,0,0,0,0,0, 0,0,0,0,0,10,0,0,0,0
40040,0,242,-56.5,64,32,-8.0053,5.2986,0,7936,0,0,0,0,0,0,0,0,0, 0,0,0,0,0,11,0,0,0,0
40040,1,288,-56.5,68,32,-8.50564,5.62976,0,7936,0,0,0,0,0,0,0,0,0, 0,0,0,0,0,11,0,0,0,0
40040,2,36,75.1,8,33,1.15965,0.308559,0,7936,0,0,0,0,0,0,0,0,0, 0,0,0,0,0,11,0,0,0,0
40040,3,242,-55.4,72,32,-8.88987,6.13271,0,7936,0,0,0,0,0,0,0,0,0, 0,0,0,0,0,11,0,0,0,0
40040,4,23,2.4,232,31.75,1.45727,34.7695,0,7936,0,0,0,0,0,0,0,0,0, 0,0,0,0,0,11,0,0,0,0
40040,5,28,1.8,232,32.25,1.09309,34.7828,0,7936,0,0,0,0,0,0,0,0,0, 0,0,0,0,0,11,0,0,0,0
40040,6,158,-53.4,76,32,-9.15212,6.79696,0,7936,0,0,0,0,0,0,0,0,0, 0,0,0,0,0,11,0,0,0,0
40040,7,26,-4.2,236,31.75,-2.59263,35.3049,0,7936,0,0,0,0,0,0,0,0,0, 0,0,0,0,0,11,0,0,0,0
40040,8,35,-2.4,236,32.75,-1.4824,35.3689,0,7936,0,0,0,0,0,0,0,0,0, 0,0,0,0,0,11,0,0,0,0
40040,9,33,-2.4,236,33,-1.4824,35.3689,0,7936,0,0,0,0,0,0,0,0,0, 0,0,0,0,0,11,0,0,0,0
40040,10,112,-48,80,32,-8.91774,8.02957,0,7936,0,0,0,0,0,0,0,0,0, 0,0,0,0,0,11,0,0,0,0
40040,11,82,-51.6,84,32,-9.87454,7.82646,0,7936,0,0,0,0,0,0,0,0,0, 0,0,0,0,0,11,0,0,0,0
40040,12,136,-56.5,60,32,-7.50497,4.96743,0,7936,0,0,0,0,0,0,0,0,0, 0,0,0,0,0,11,0,0,0,0
40080,0,244,-57.4,64,32,-8.08754,5.1722,0,1140,0,0,0,0,0,0,0,0,0, 0,0,0,0,0,12,0,0,0,0
40080,1,290,-56.5,68,32,-8.50564,5.62976,0,1140,0,0,0,0,0,0,0,0,0, 0,0,0,0,0,12,0,0,0,0
40080,2,24,-1.8,228,33,-1.07425,34.1831,0,1140,0,0,0,0,0,0,0,0,0, 0,0,0,0,0,12,0,0,0,0
40080,3,242,-55.4,72,32,-8.88987,6.13271,0,1140,0,0,0,0,0,0,0,0,0, 0,0,0,0,0,12,0,0,0,0
40080,4,153,-55.4,76,32,-9.38375,6.47342,0,1140,0,0,0,0,0,0,0,0,0, 0,0,0,0,0,12,0,0,0,0
40080,5,100,-54.4,80,32,-9.75721,6.98548,0,1140,0,0,0,0,0,0,0,0,0, 0,0,0,0,0,12,0,0,0,0
40080,6,139,-56.5,60,32,-7.50497,4.96743,0,1140,0,0,0,0,0,0,0,0,0, 0,0,0,0,0,12,0,0,0,0
40120,0,245,-56.5,64,32,-8.0053,5.2986,0,86,0,0,0,0,0,0,0,0,0, 0,0,0,0,0,13,0,0,0,0
40120,1,290,-56.5,68,32,-8.50564,5.62976,0,86,0,0,0,0,0,0,0,0,0, 0,0,0,0,0,13,0,0,0,0
40120,2,26,-3,228,33,-1.78989,34.1531,0,86,0,0,0,0,0,0,0,0,0, 0,0,0,0,0,13,0,0,0,0
40120,3,242,-55.4,72,32,-8.88987,6.13271,0,86,0,0,0,0,0,0,0,0,0, 0,0,0,0,0,13,0,0,0,0
40120,4,154,-54.4,76,32,-9.26935,6.6362,0,86,0,0,0,0,0,0,0,0,0, 0,0,0,0,0,13,0,0,0,0
40120,5,104,-49.8,80,32,-9.16555,7.74549,0,86,0,0,0,0,0,0,0,0,0, 0,0,0,0,0,13,0,0,0,0
40120,6,137,-58.4,60,32,-7.66554,4.71587,0,86,0,0,0,0,0,0,0,0,0, 0,0,0,0,0,13,0,0,0,0
40160,0,247,-57.4,64,32,-8.08754,5.1722,0,0,0,0,0,0,0,0,0,0,0, 0,0,0,0,0,14,0,0,0,0
40160,1,22,-0.6,224,33,-0.351852,33.5982,0,0,0,0,0,0,0,0,0,0,0, 0,0,0,0,0,14,0,0,0,0
40160,2,290,-56.5,68,32,-8.50564,5.62976,0,0,0,0,0,0,0,0,0,0,0, 0,0,0,0,0,14,0,0,0,0
40160,3,245,-55.4,72,32,-8.88987,6.13271,0,0,0,0,0,0,0,0,0,0,0, 0,0,0,0,0,14,0,0,0,0
40160,4,25,0.1,232,33,0.0607374,34.7999,0,0,0,0,0,0,0,0,0,0,0, 0,0,0,0,0,14,0,0,0,0
40160,5,159,-53.4,76,32,-9.15212,6.79696,0,0,0,0,0,0,0,0,0,0,0, 0,0,0,0,0,14,0,0,0,0
40160,6,106,-51.6,80,32,-9.40432,7.45377,0,0,0,0,0,0,0,0,0,0,0, 0,0,0,0,0,14,0,0,0,0
40160,7,137,-54.4,60,32,-7.31791,5.23911,0,0,0,0,0,0,0,0,0,0,0, 0,0,0,0,0,14,0,0,0,0
40200,0,243,-56.5,64,32,-8.0053,5.2986,0,0,0,0,0,0,0,0,0,0,0, 0,0,0,0,0,15,0,0,0,0
40200,1,287,-56.5,68,32,-8.50564,5.62976,0,0,0,0,0,0,0,0,0,0,0, 0,0,0,0,0,15,0,0,0,0
40200,2,240,-55.4,72,32,-8.88987,6.13271,0,0,0,0,0,0,0,0,0,0,0, 0,0,0,0,0,15,0,0,0,0
40200,3,17,-3,232,31.75,-1.82129,34.7523,0,0,0,0,0,0,0,0,0,0,0, 0,0,0,0,0,15,0,0,0,0
40200,4,155,-53.4,76,32,-9.15212,6.79696,0,0,0,0,0,0,0,0,0,0,0, 0,0,0,0,0,15,0,0,0,0
40200,5,108,-46.7,80,32,-8.73327,8.22982,0,0,0,0,0,0,0,0,0,0,0, 0,0,0,0,0,15,0,0,0,0
40200,6,87,-46.7,84,32,-9.16994,8.64131,0,0,0,0,0,0,0,0,0,0,0, 0,0,0,0,0,15,0,0,0,0
40200,7,15,3.6,244,32.25,2.29813,36.5278,0,0,0,0,0,0,0,0,0,0,0, 0,0,0,0,0,15,0,0,0,0
40200,8,12,58.8,276,37.5,35.4121,21.4463,0,0,0,0,0,0,0,0,0,0,0, 0,0,0,0,0,15,0,0,0,0
40200,9,143,-54.4,60,32,-7.31791,5.23911,0,0,0,0,0,0,0,0,0,0,0, 0,0,0,0,0,15,0,0,0,0
40240,0,250,-55.4,64,32,-7.90211,5.4513,0,0,0,0,0,0,0,0,0,0,0, 0,0,0,0,0,0,0,0,0,0
40240,1,293,-55.4,68,32,-8.39599,5.79201,0,0,0,0,0,0,0,0,0,0,0, 0,0,0,0,0,0,0,0,0,0
40240,2,22,-3,228,31.75,-1.78989,34.1531,0,0,0,0,0,0,0,0,0,0,0, 0,0,0,0,0,0,0,0,0,0
40240,3,36,-2.4,228,32.75,-1.43215,34.17,0,0,0,0,0,0,0,0,0,0,0, 0,0,0,0,0,0,0,0,0,0
40240,4,35,-2.4,228,33,-1.43215,34.17,0,0,0,0,0,0,0,0,0,0,0, 0,0,0,0,0,0,0,0,0,0
40240,5,244,-54.4,72,32,-8.78149,6.28693,0,0,0,0,0,0,0,0,0,0,0, 0,0,0,0,0,0,0,0,0,0
40240,6,23,1.8,232,32.25,1.09309,34.7828,0,0,0,0,0,0,0,0,0,0,0, 0,0,0,0,0,0,0,0,0,0
40240,7,157,-53.4,76,32,-9.15212,6.79696,0,0,0,0,0,0,0,0,0,0,0, 0,0,0,0,0,0,0,0,0,0
40240,8,18,-2.4,236,31.75,-1.4824,35.3689,0,0,0,0,0,0,0,0,0,0,0, 0,0,0,0,0,0,0,0,0,0
40240,9,25,-3.6,236,32.75,-2.22278,35.3301,0,0,0,0,0,0,0,0,0,0,0, 0,0,0,0,0,0,0,0,0,0
40240,10,24,-4.2,236,33,-2.59263,35.3049,0,0,0,0,0,0,0,0,0,0,0, 0,0,0,0,0,0,0,0,0,0
40240,11,107,-49.8,80,32,-9.16555,7.74549,0,0,0,0,0,0,0,0,0,0,0, 0,0,0,0,0,0,0,0,0,0
40240,12,20,-5.4,240,33,-3.3879,35.8402,0,0,0,0,0,0,0,0,0,0,0, 0,0,0,0,0,0,0,0,0,0
40240,13,81,-53.4,84,32,-10.1155,7.51243,0,0,0,0,0,0,0,0,0,0,0, 0,0,0,0,0,0,0,0,0,0
40240,14,138,-56.5,60,32,-7.50497,4.96743,0,0,0,0,0,0,0,0,0,0,0, 0,0,0,0,0,0,0,0,0,0
40280,0,246,-56.5,64,32,-8.0053,5.2986,0,0,0,0,0,0,0,0,0,0,0, 0,0,0,0,0,1,0,0,0,0
40280,1,292,-55.4,68,32,-8.39599,5.79201,0,0,0,0,0,0,0,0,0,0,0, 0,0,0,0,0,1,0,0,0,0
40280,2,32,0.1,228,31.75,0.0596902,34.1999,0,0,0,0,0,0,0,0,0,0,0, 0,0,0,0,0,1,0,0,0,0
40280,3,45,-0.6,228,32.75,-0.358135,34.1981,0,0,0,0,0,0,0,0,0,0,0, 0,0,0,0,0,1,0,0,0,0
40280,4,42,-0.6,228,33,-0.358135,34.1981,0,0,0,0,0,0,0,0,0,0,0, 0,0,0,0,0,1,0,0,0,0
40280,5,243,-54.4,72,32,-8.78149,6.28693,0,0,0,0,0,0,0,0,0,0,0, 0,0,0,0,0,1,0,0,0,0
40280,6,23,0.1,232,31.75,0.0607374,34.7999,0,0,0,0,0,0,0,0,0,0,0, 0,0,0,0,0,1,0,0,0,0
40280,7,23,1.8,232,33,1.09309,34.7828,0,0,0,0,0,0,0,0,0,0,0, 0,0,0,0,0,1,0,0,0,0
40280,8,155,-54.4,76,32,-9.26935,6.6362,0,0,0,0,0,0,0,0,0,0,0, 0,0,0,0,0,1,0,0,0,0
40280,9,102,-56.5,80,32,-10.0066,6.62324,0,0,0,0,0,0,0,0,0,0,0, 0,0,0,0,0,1,0,0,0,0
40280,10,81,-62.1,84,32,-11.1354,5.89592,0,0,0,0,0,0,0,0,0,0,0, 0,0,0,0,0,1,0,0,0,0
40280,11,15,1.3,244,31.75,0.830356,36.5906,0,0,0,0,0,0,0,0,0,0,0, 0,0,0,0,0,1,0,0,0,0
40280,12,18,4.8,244,32.25,3.06261,36.4716,0,0,0,0,0,0,0,0,0,0,0, 0,0,0,0,0,1,0,0,0,0
40280,13,140,-54.4,60,32,-7.31791,5.23911,0,0,0,0,0,0,0,0,0,0,0, 0,0,0,0,0,1,0,0,0,0
40280,14,23,-1.8,220,32.75,-1.03656,32.9837,0,0,0,0,0,0,0,0,0,0,0, 0,0,0,0,0,1,0,0,0,0
40280,15,24,-1.8,220,33,-1.03656,32.9837,0,0,0,0,0,0,0,0,0,0,0, 0,0,0,0,0,1,0,0,0,0
40320,0,251,-54.4,64,32,-7.80577,5.58838,0,0,0,0,0,0,0,0,0,0,0, 0,0,0,0,0,2,0,0,0,0
40320,1,26,-0.6,224,31.75,-0.351852,33.5982,0,0,0,0,0,0,0,0,0,0,0, 0,0,0,0,0,2,0,0,0,0
40320,2,35,0.1,224,33,0.058643,33.5999,0,0,0,0,0,0,0,0,0,0,0, 0,0,0,0,0,2,0,0,0,0
40320,3,295,-54.4,68,32,-8.29363,5.93765,0,0,0,0,0,0,0,0,0,0,0, 0,0,0,0,0,2,0,0,0,0
40320,4,20,-0.6,228,31.75,-0.358135,34.1981,0,0,0,0,0,0,0,0,0,0,0, 0,0,0,0,0,2,0,0,0,0
40320,5,34,-4.2,228,32.75,-2.50475,34.1082,0,0,0,0,0,0,0,0,0,0,0, 0,0,0,0,0,2,0,0,0,0
40320,6,35,-4.2,228,33,-2.50475,34.1082,0,0,0,0,0,0,0,0,0,0,0, 0,0,0,0,0,2,0,0,0,0
40320,7,14,-12,388,1,-12.1005,56.9282,0,0,0,0,0,0,0,0,0,0,0, 0,0,0,0,0,2,0,0,0,0
40320,8,244,-54.4,72,32,-8.78149,6.28693,0,0,0,0,0,0,0,0,0,0,0, 0,0,0,0,0,2,0,0,0,0
40320,9,29,-11.4,232,32.75,-6.87848,34.1134,0,0,0,0,0,0,0,0,0,0,0, 0,0,0,0,0,2,0,0,0,0
40320,10,30,-12.6,232,33,-7.59138,33.9619,0,0,0,0,0,0,0,0,0,0,0, 0,0,0,0,0,2,0,0,0,0
40320,11,154,-55.4,76,32,-9.38375,6.47342,0,0,0,0,0,0,0,0,0,0,0, 0,0,0,0,0,2,0,0,0,0
40320,12,102,-58.4,80,32,-10.2207,6.28783,0,0,0,0,0,0,0,0,0,0,0, 0,0,0,0,0,2,0,0,0,0
40320,13,137,-56.5,60,32,-7.50497,4.96743,0,0,0,0,0,0,0,0,0,0,0, 0,0,0,0,0,2,0,0,0,0
40360,0,245,-56.5,64,32,-8.0053,5.2986,0,0,0,0,0,0,0,0,0,0,0, 0,0,0,0,0,3,0,0,0,0
40360,1,291,-55.4,68,32,-8.39599,5.79201,0,0,0,0,0,0,0,0,0,0,0, 0,0,0,0,0,3,0,0,0,0
40360,2,241,-55.4,72,32,-8.88987,6.13271,0,0,0,0,0,0,0,0,0,0,0, 0,0,0,0,0,3,0,0,0,0
40360,3,22,1.8,232,33,1.09309,34.7828,0,0,0,0,0,0,0,0,0,0,0, 0,0,0,0,0,3,0,0,0,0
40360,4,153,-56.5,76,32,-9.5063,6.29208,0,0,0,0,0,0,0,0,0,0,0, 0,0,0,0,0,3,0,0,0,0
40360,5,26,2.4,236,31.75,1.4824,35.3689,0,0,0,0,0,0,0,0,0,0,0, 0,0,0,0,0,3,0,0,0,0
40360,6,22,2.4,236,33,1.4824,35.3689,0,0,0,0,0,0,0,0,0,0,0, 0,0,0,0,0,3,0,0,0,0
40360,7,103,-56.5,80,32,-10.0066,6.62324,0,0,0,0,0,0,0,0,0,0,0, 0,0,0,0,0,3,0,0,0,0
40360,8,17,5.4,216,31.25,3.04911,32.2562,0,0,0,0,0,0,0,0,0,0,0, 0,0,0,0,0,3,0,0,0,0
40360,9,138,-54.4,60,32,-7.31791,5.23911,0,0,0,0,0,0,0,0,0,0,0, 0,0,0,0,0,3,0,0,0,0
40360,10,26,1.8,220,31.75,1.03656,32.9837,0,0,0,0,0,0,0,0,0,0,0, 0,0,0,0,0,3,0,0,0,0
40400,0,244,-55.4,64,32,-7.90211,5.4513,0,0,0,0,0,0,0,0,0,0,0, 0,0,0,0,0,4,0,0,0,0
40400,1,289,-55.4,68,32,-8.39599,5.79201,0,0,0,0,0,0,0,0,0,0,0, 0,0,0,0,0,4,0,0,0,0
40400,2,240,-55.4,72,32,-8.88987,6.13271,0,0,0,0,0,0,0,0,0,0,0, 0,0,0,0,0,4,0,0,0,0
40400,3,18,-1.8,232,31.75,-1.09309,34.7828,0,0,0,0,0,0,0,0,0,0,0, 0,0,0,0,0,4,0,0,0,0
40400,4,25,-2.4,232,32.5,-1.45727,34.7695,0,0,0,0,0,0,0,0,0,0,0, 0,0,0,0,0,4,0,0,0,0
40400,5,153,-55.4,76,32,-9.38375,6.47342,0,0,0,0,0,0,0,0,0,0,0, 0,0,0,0,0,4,0,0,0,0
40400,6,20,6.1,236,33,3.76175,35.1996,0,0,0,0,0,0,0,0,0,0,0, 0,0,0,0,0,4,0,0,0,0
40400,7,105,-53.4,80,32,-9.63381,7.1547,0,0,0,0,0,0,0,0,0,0,0, 0,0,0,0,0,4,0,0,0,0
40400,8,82,-54.4,84,32,-10.2451,7.33475,0,0,0,0,0,0,0,0,0,0,0, 0,0,0,0,0,4,0,0,0,0
40400,9,136,-56.5,60,32,-7.50497,4.96743,0,0,0,0,0,0,0,0,0,0,0, 0,0,0,0,0,4,0,0,0,0
40440,0,241,-56.5,64,32,-8.0053,5.2986,0,0,0,0,0,0,0,0,0,0,0, 0,0,0,0,0,5,0,0,0,0
40440,1,20,-3.6,224,31.75,-2.10976,33.5337,0,0,0,0,0,0,0,0,0,0,0, 0,0,0,0,0,5,0,0,0,0
40440,2,27,-4.2,224,32.75,-2.4608,33.5098,0,0,0,0,0,0,0,0,0,0,0, 0,0,0,0,0,5,0,0,0,0
40440,3,26,-4.2,224,33,-2.4608,33.5098,0,0,0,0,0,0,0,0,0,0,0, 0,0,0,0,0,5,0,0,0,0
40440,4,287,-56.5,68,32,-8.50564,5.62976,0,0,0,0,0,0,0,0,0,0,0, 0,0,0,0,0,5,0,0,0,0
40440,5,237,-56.5,72,32,-9.00597,5.96092,0,0,0,0,0,0,0,0,0,0,0, 0,0,0,0,0,5,0,0,0,0
40440,6,149,-56.5,76,32,-9.5063,6.29208,0,0,0,0,0,0,0,0,0,0,0, 0,0,0,0,0,5,0,0,0,0
40440,7,101,-55.4,80,32,-9.87764,6.81413,0,0,0,0,0,0,0,0,0,0,0, 0,0,0,0,0,5,0,0,0,0
40440,8,18,-0.6,216,33,-0.339286,32.3982,0,0,0,0,0,0,0,0,0,0,0, 0,0,0,0,0,5,0,0,0,0
40440,9,138,-55.4,60,32,-7.40823,5.11059,0,0,0,0,0,0,0,0,0,0,0, 0,0,0,0,0,5,0,0,0,0
40440,10,38,3.1,220,31.75,1.7846,32.9517,0,0,0,0,0,0,0,0,0,0,0, 0,0,0,0,0,5,0,0,0,0
40440,11,41,0.6,220,32.75,0.345569,32.9982,0,0,0,0,0,0,0,0,0,0,0, 0,0,0,0,0,5,0,0,0,0
40440,12,33,0.6,220,33,0.345569,32.9982,0,0,0,0,0,0,0,0,0,0,0, 0,0,0,0,0,5,0,0,0,0
40480,0,242,-55.4,64,32,-7.90211,5.4513,0,0,0,0,0,0,0,0,0,0,0, 0,0,0,0,0,6,0,0,0,0
40480,1,30,-4.8,224,32.75,-2.81158,33.4822,0,0,0,0,0,0,0,0,0,0,0, 0,0,0,0,0,6,0,0,0,0
40480,2,33,-5.4,224,33,-3.16204,33.4509,0,0,0,0,0,0,0,0,0,0,0, 0,0,0,0,0,6,0,0,0,0
40480,3,288,-55.4,68,32,-8.39599,5.79201,0,0,0,0,0,0,0,0,0,0,0, 0,0,0,0,0,6,0,0,0,0
40480,4,241,-55.4,72,32,-8.88987,6.13271,0,0,0,0,0,0,0,0,0,0,0, 0,0,0,0,0,6,0,0,0,0
40480,5,156,-55.4,76,32,-9.38375,6.47342,0,0,0,0,0,0,0,0,0,0,0, 0,0,0,0,0,6,0,0,0,0
40480,6,107,-54.4,80,32,-9.75721,6.98548,0,0,0,0,0,0,0,0,0,0,0, 0,0,0,0,0,6,0,0,0,0
40480,7,20,1.3,240,32.5,0.816744,35.9907,0,0,0,0,0,0,0,0,0,0,0, 0,0,0,0,0,6,0,0,0,0
40480,8,84,-57.4,84,32,-10.6149,6.78851,0,0,0,0,0,0,0,0,0,0,0, 0,0,0,0,0,6,0,0,0,0
40480,9,15,8.3,248,32.25,5.37005,36.8104,0,0,0,0,0,0,0,0,0,0,0, 0,0,0,0,0,6,0,0,0,0
40480,10,136,-55.4,60,32,-7.40823,5.11059,0,0,0,0,0,0,0,0,0,0,0, 0,0,0,0,0,6,0,0,0,0
40520,0,243,-55.4,64,32,-7.90211,5.4513,0,0,0,0,0,0,0,0,0,0,0, 0,0,0,0,0,7,0,0,0,0
40520,1,23,-3,224,33,-1.75849,33.554,0,0,0,0,0,0,0,0,0,0,0, 0,0,0,0,0,7,0,0,0,0
40520,2,290,-55.4,68,32,-8.39599,5.79201,0,0,0,0,0,0,0,0,0,0,0, 0,0,0,0,0,7,0,0,0,0
40520,3,241,-55.4,72,32,-8.88987,6.13271,0,0,0,0,0,0,0,0,0,0,0, 0,0,0,0,0,7,0,0,0,0
40520,4,155,-54.4,76,32,-9.26935,6.6362,0,0,0,0,0,0,0,0,0,0,0, 0,0,0,0,0,7,0,0,0,0
40520,5,104,-54.4,80,32,-9.75721,6.98548,0,0,0,0,0,0,0,0,0,0,0, 0,0,0,0,0,7,0,0,0,0
40520,6,17,-1.2,216,32.25,-0.678535,32.3929,0,0,0,0,0,0,0,0,0,0,0, 0,0,0,0,0,7,0,0,0,0
40520,7,134,-56.5,60,32,-7.50497,4.96743,0,0,0,0,0,0,0,0,0,0,0, 0,0,0,0,0,7,0,0,0,0
40520,8,33,1.3,220,31.75,0.748682,32.9915,0,0,0,0,0,0,0,0,0,0,0, 0,0,0,0,0,7,0,0,0,0
40520,9,31,1.8,220,32.25,1.03656,32.9837,0,0,0,0,0,0,0,0,0,0,0, 0,0,0,0,0,7,0,0,0,0
40560,0,243,-55.4,64,32,-7.90211,5.4513,0,0,0,0,0,0,0,0,0,0,0, 0,0,0,0,0,8,0,0,0,0
40560,1,28,1.3,224,31.25,0.762294,33.5914,0,0,0,0,0,0,0,0,0,0,0, 0,0,0,0,0,8,0,0,0,0
40560,2,289,-55.4,68,32,-8.39599,5.79201,0,0,0,0,0,0,0,0,0,0,0, 0,0,0,0,0,8,0,0,0,0
40560,3,17,3.6,228,33,2.14744,34.1325,0,0,0,0,0,0,0,0,0,0,0, 0,0,0,0,0,8,0,0,0,0
40560,4,241,-55.4,72,32,-8.88987,6.13271,0,0,0,0,0,0,0,0,0,0,0, 0,0,0,0,0,8,0,0,0,0
40560,5,153,-54.4,76,32,-9.26935,6.6362,0,0,0,0,0,0,0,0,0,0,0, 0,0,0,0,0,8,0,0,0,0
40560,6,18,0.6,236,33,0.370701,35.3981,0,0,0,0,0,0,0,0,0,0,0, 0,0,0,0,0,8,0,0,0,0
40560,7,105,-53.4,80,32,-9.63381,7.1547,0,0,0,0,0,0,0,0,0,0,0, 0,0,0,0,0,8,0,0,0,0
40560,8,17,4.8,216,31.75,2.71116,32.2864,0,0,0,0,0,0,0,0,0,0,0, 0,0,0,0,0,8,0,0,0,0
40560,9,133,-57.4,60,32,-7.58207,4.84894,0,0,0,0,0,0,0,0,0,0,0, 0,0,0,0,0,8,0,0,0,0
40600,0,242,-57.4,64,32,-8.08754,5.1722,0,1334,0,0,0,0,0,0,0,0,0, 0,0,0,0,0,9,0,0,0,0
40600,1,288,-56.5,68,32,-8.50564,5.62976,0,1334,0,0,0,0,0,0,0,0,0, 0,0,0,0,0,9,0,0,0,0
40600,2,22,0.6,228,32.75,0.358135,34.1981,0,1334,0,0,0,0,0,0,0,0,0, 0,0,0,0,0,9,0,0,0,0
40600,3,23,1.3,228,33,0.775907,34.1912,0,1334,0,0,0,0,0,0,0,0,0, 0,0,0,0,0,9,0,0,0,0
40600,4,241,-56.5,72,32,-9.00597,5.96092,0,1334,0,0,0,0,0,0,0,0,0, 0,0,0,0,0,9,0,0,0,0
40600,5,156,-54.4,76,32,-9.26935,6.6362,0,1334,0,0,0,0,0,0,0,0,0, 0,0,0,0,0,9,0,0,0,0
40600,6,109,-49.8,80,32,-9.16555,7.74549,0,1334,0,0,0,0,0,0,0,0,0, 0,0,0,0,0,9,0,0,0,0
40600,7,85,-53.4,84,32,-10.1155,7.51243,0,1334,0,0,0,0,0,0,0,0,0, 0,0,0,0,0,9,0,0,0,0
40600,8,140,-55.4,60,32,-7.40823,5.11059,0,1334,0,0,0,0,0,0,0,0,0, 0,0,0,0,0,9,0,0,0,0
40640,0,247,-55.4,64,32,-7.90211,5.4513,0,0,0,0,0,0,0,0,0,0,0, 0,0,0,0,0,10,0,0,0,0
40640,1,43,1.8,224,31.75,1.0554,33.5834,0,0,0,0,0,0,0,0,0,0,0, 0,0,0,0,0,10,0,0,0,0
40640,2,65,-0.6,224,32.75,-0.351852,33.5982,0,0,0,0,0,0,0,0,0,0,0, 0,0,0,0,0,10,0,0,0,0
40640,3,63,-1.2,224,33,-0.703665,33.5926,0,0,0,0,0,0,0,0,0,0,0, 0,0,0,0,0,10,0,0,0,0
40640,4,292,-55.4,68,32,-8.39599,5.79201,0,0,0,0,0,0,0,0,0,0,0, 0,0,0,0,0,10,0,0,0,0
40640,5,31,-1.2,228,31.75,-0.716231,34.1925,0,0,0,0,0,0,0,0,0,0,0, 0,0,0,0,0,10,0,0,0,0
40640,6,243,-54.4,72,32,-8.78149,6.28693,0,0,0,0,0,0,0,0,0,0,0, 0,0,0,0,0,10,0,0,0,0
40640,7,155,-53.4,76,32,-9.15212,6.79696,0,0,0,0,0,0,0,0,0,0,0, 0,0,0,0,0,10,0,0,0,0
40640,8,14,13.2,396,22.25,13.564,57.8306,0,0,0,0,0,0,0,0,0,0,0, 0,0,0,0,0,10,0,0,0,0
40640,9,108,-49.8,80,32,-9.16555,7.74549,0,0,0,0,0,0,0,0,0,0,0, 0,0,0,0,0,10,0,0,0,0
40640,10,85,-51.6,84,32,-9.87454,7.82646,0,0,0,0,0,0,0,0,0,0,0, 0,0,0,0,0,10,0,0,0,0
40640,11,136,-56.5,60,32,-7.50497,4.96743,0,0,0,0,0,0,0,0,0,0,0, 0,0,0,0,0,10,0,0,0,0
40640,12,27,-3,220,31.75,-1.72709,32.9548,0,0,0,0,0,0,0,0,0,0,0, 0,0,0,0,0,10,0,0,0,0
40640,13,46,-3,220,32.75,-1.72709,32.9548,0,0,0,0,0,0,0,0,0,0,0, 0,0,0,0,0,10,0,0,0,0
40640,14,44,-2.4,220,33,-1.3819,32.9711,0,0,0,0,0,0,0,0,0,0,0, 0,0,0,0,0,10,0,0,0,0
40680,0,243,-56.5,64,32,-8.0053,5.2986,0,7936,0,0,0,0,0,0,0,0,0, 0,0,0,0,0,11,0,0,0,0
40680,1,23,2.4,224,31.75,1.40702,33.5705,0,7936,0,0,0,0,0,0,0,0,0, 0,0,0,0,0,11,0,0,0,0
40680,2,27,-1.2,224,33,-0.703665,33.5926,0,7936,0,0,0,0,0,0,0,0,0, 0,0,0,0,0,11,0,0,0,0
40680,3,287,-55.4,68,32,-8.39599,5.79201,0,7936,0,0,0,0,0,0,0,0,0, 0,0,0,0,0,11,0,0,0,0
40680,4,20,-3.6,228,33,-2.14744,34.1325,0,7936,0,0,0,0,0,0,0,0,0, 0,0,0,0,0,11,0,0,0,0
40680,5,239,-55.4,72,32,-8.88987,6.13271,0,7936,0,0,0,0,0,0,0,0,0, 0,0,0,0,0,11,0,0,0,0
40680,6,154,-53.4,76,32,-9.15212,6.79696,0,7936,0,0,0,0,0,0,0,0,0, 0,0,0,0,0,11,0,0,0,0
40680,7,109,-46.7,80,32,-8.73327,8.22982,0,7936,0,0,0,0,0,0,0,0,0, 0,0,0,0,0,11,0,0,0,0
40680,8,87,-45.9,84,32,-9.04839,8.7685,0,7936,0,0,0,0,0,0,0,0,0, 0,0,0,0,0,11,0,0,0,0
40680,9,134,-58.4,60,32,-7.66554,4.71587,0,7936,0,0,0,0,0,0,0,0,0, 0,0,0,0,0,11,0,0,0,0
40680,10,22,-3,220,33,-1.72709,32.9548,0,7936,0,0,0,0,0,0,0,0,0, 0,0,0,0,0,11,0,0,0,0
40720,0,243,-57.4,64,32,-8.08754,5.1722,0,1140,0,0,0,0,0,0,0,0,0, 0,0,0,0,0,12,0,0,0,0
40720,1,285,-56.5,68,32,-8.50564,5.62976,0,1140,0,0,0,0,0,0,0,0,0, 0,0,0,0,0,12,0,0,0,0
40720,2,238,-55.4,72,32,-8.88987,6.13271,0,1140,0,0,0,0,0,0,0,0,0, 0,0,0,0,0,12,0,0,0,0
40720,3,152,-53.4,76,32,-9.15212,6.79696,0,1140,0,0,0,0,0,0,0,0,0, 0,0,0,0,0,12,0,0,0,0
40720,4,104,-48,80,32,-8.91774,8.02957,0,1140,0,0,0,0,0,0,0,0,0, 0,0,0,0,0,12,0,0,0,0
40720,5,139,-55.4,60,32,-7.40823,5.11059,0,1140,0,0,0,0,0,0,0,0,0, 0,0,0,0,0,12,0,0,0,0
40760,0,245,-55.4,64,32,-7.90211,5.4513,0,86,0,0,0,0,0,0,0,0,0, 0,0,0,0,0,13,0,0,0,0
40760,1,24,-2.4,224,31.75,-1.40702,33.5705,0,86,0,0,0,0,0,0,0,0,0, 0,0,0,0,0,13,0,0,0,0
40760,2,28,-1.8,224,33,-1.0554,33.5834,0,86,0,0,0,0,0,0,0,0,0, 0,0,0,0,0,13,0,0,0,0
40760,3,288,-55.4,68,32,-8.39599,5.79201,0,86,0,0,0,0,0,0,0,0,0, 0,0,0,0,0,13,0,0,0,0
40760,4,239,-56.5,72,32,-9.00597,5.96092,0,86,0,0,0,0,0,0,0,0,0, 0,0,0,0,0,13,0,0,0,0
40760,5,20,-1.2,232,31.75,-0.728796,34.7924,0,86,0,0,0,0,0,0,0,0,0, 0,0,0,0,0,13,0,0,0,0
40760,6,26,-3,232,32.75,-1.82129,34.7523,0,86,0,0,0,0,0,0,0,0,0, 0,0,0,0,0,13,0,0,0,0
40760,7,24,-4.2,232,33,-2.54869,34.7065,0,86,0,0,0,0,0,0,0,0,0, 0,0,0,0,0,13,0,0,0,0
40760,8,153,-56.5,76,32,-9.5063,6.29208,0,86,0,0,0,0,0,0,0,0,0, 0,0,0,0,0,13,0,0,0,0
40760,9,101,-53.4,80,32,-9.63381,7.1547,0,86,0,0,0,0,0,0,0,0,0, 0,0,0,0,0,13,0,0,0,0
40760,10,137,-56.5,60,32,-7.50497,4.96743,0,86,0,0,0,0,0,0,0,0,0, 0,0,0,0,0,13,0,0,0,0
40760,11,25,-3.6,220,33,-2.07209,32.9349,0,86,0,0,0,0,0,0,0,0,0, 0,0,0,0,0,13,0,0,0,0
40800,0,246,-56.5,64,32,-8.0053,5.2986,0,0,0,0,0,0,0,0,0,0,0, 0,0,0,0,0,14,0,0,0,0
40800,1,290,-56.5,68,32,-8.50564,5.62976,0,0,0,0,0,0,0,0,0,0,0, 0,0,0,0,0,14,0,0,0,0
40800,2,21,-4.2,228,32.75,-2.50475,34.1082,0,0,0,0,0,0,0,0,0,0,0, 0,0,0,0,0,14,0,0,0,0
40800,3,22,-3.6,228,33,-2.14744,34.1325,0,0,0,0,0,0,0,0,0,0,0, 0,0,0,0,0,14,0,0,0,0
40800,4,242,-56.5,72,32,-9.00597,5.96092,0,0,0,0,0,0,0,0,0,0,0, 0,0,0,0,0,14,0,0,0,0
40800,5,155,-54.4,76,32,-9.26935,6.6362,0,0,0,0,0,0,0,0,0,0,0, 0,0,0,0,0,14,0,0,0,0
40800,6,99,-54.4,80,32,-9.75721,6.98548,0,0,0,0,0,0,0,0,0,0,0, 0,0,0,0,0,14,0,0,0,0
40800,7,139,-57.4,60,32,-7.58207,4.84894,0,0,0,0,0,0,0,0,0,0,0, 0,0,0,0,0,14,0,0,0,0
40840,0,247,-56.5,64,32,-8.0053,5.2986,0,0,0,0,0,0,0,0,0,0,0, 0,0,0,0,0,15,0,0,0,0
40840,1,28,0.1,224,32.75,0.058643,33.5999,0,0,0,0,0,0,0,0,0,0,0, 0,0,0,0,0,15,0,0,0,0
40840,2,26,0.6,224,33,0.351852,33.5982,0,0,0,0,0,0,0,0,0,0,0, 0,0,0,0,0,15,0,0,0,0
40840,3,290,-55.4,68,32,-8.39599,5.79201,0,0,0,0,0,0,0,0,0,0,0, 0,0,0,0,0,15,0,0,0,0
40840,4,24,-4.8,228,32.75,-2.86178,34.0801,0,0,0,0,0,0,0,0,0,0,0, 0,0,0,0,0,15,0,0,0,0
40840,5,25,-3.6,228,33,-2.14744,34.1325,0,0,0,0,0,0,0,0,0,0,0, 0,0,0,0,0,15,0,0,0,0
40840,6,240,-55.4,72,32,-8.88987,6.13271,0,0,0,0,0,0,0,0,0,0,0, 0,0,0,0,0,15,0,0,0,0
40840,7,153,-53.4,76,32,-9.15212,6.79696,0,0,0,0,0,0,0,0,0,0,0, 0,0,0,0,0,15,0,0,0,0
40840,8,98,-53.4,80,32,-9.63381,7.1547,0,0,0,0,0,0,0,0,0,0,0, 0,0,0,0,0,15,0,0,0,0
40840,9,138,-56.5,60,32,-7.50497,4.96743,0,0,0,0,0,0,0,0,0,0,0, 0,0,0,0,0,15,0,0,0,0
40840,10,29,1.3,220,32.75,0.748682,32.9915,0,0,0,0,0,0,0,0,0,0,0, 0,0,0,0,0,15,0,0,0,0
40840,11,28,1.3,220,33,0.748682,32.9915,0,0,0,0,0,0,0,0,0,0,0, 0,0,0,0,0,15,0,0,0,0
40880,0,243,-57.4,64,32,-8.08754,5.1722,0,0,0,0,0,0,0,0,0,0,0, 0,0,0,0,0,0,0,0,0,0
40880,1,287,-56.5,68,32,-8.50564,5.62976,0,0,0,0,0,0,0,0,0,0,0, 0,0,0,0,0,0,0,0,0,0
40880,2,31,0.1,228,33,0.0596902,34.1999,0,0,0,0,0,0,0,0,0,0,0, 0,0,0,0,0,0,0,0,0,0
40880,3,240,-56.5,72,32,-9.00597,5.96092,0,0,0,0,0,0,0,0,0,0,0, 0,0,0,0,0,0,0,0,0,0
40880,4,156,-55.4,76,32,-9.38375,6.47342,0,0,0,0,0,0,0,0,0,0,0, 0,0,0,0,0,0,0,0,0,0
40880,5,103,-54.4,80,32,-9.75721,6.98548,0,0,0,0,0,0,0,0,0,0,0, 0,0,0,0,0,0,0,0,0,0
40880,6,20,-5.4,216,32.75,-3.04911,32.2562,0,0,0,0,0,0,0,0,0,0,0, 0,0,0,0,0,0,0,0,0,0
40880,7,141,-55.4,60,32,-7.40823,5.11059,0,0,0,0,0,0,0,0,0,0,0, 0,0,0,0,0,0,0,0,0,0
40920,0,247,-54.4,64,32,-7.80577,5.58838,0,0,0,0,0,0,0,0,0,0,0, 0,0,0,0,0,1,0,0,0,0
40920,1,291,-54.4,68,32,-8.29363,5.93765,0,0,0,0,0,0,0,0,0,0,0, 0,0,0,0,0,1,0,0,0,0
40920,2,23,0.1,228,33.25,0.0596902,34.1999,0,0,0,0,0,0,0,0,0,0,0, 0,0,0,0,0,1,0,0,0,0
40920,3,245,-53.4,72,32,-8.67043,6.43923,0,0,0,0,0,0,0,0,0,0,0, 0,0,0,0,0,1,0,0,0,0
40920,4,29,-0.6,232,31.75,-0.364418,34.7981,0,0,0,0,0,0,0,0,0,0,0, 0,0,0,0,0,1,0,0,0,0
40920,5,38,-2.4,232,32.75,-1.45727,34.7695,0,0,0,0,0,0,0,0,0,0,0, 0,0,0,0,0,1,0,0,0,0
40920,6,35,-2.4,232,33,-1.45727,34.7695,0,0,0,0,0,0,0,0,0,0,0, 0,0,0,0,0,1,0,0,0,0
40920,7,157,-51.6,76,32,-8.93411,7.08108,0,0,0,0,0,0,0,0,0,0,0, 0,0,0,0,0,1,0,0,0,0
40920,8,101,-55.4,80,32,-9.87764,6.81413,0,0,0,0,0,0,0,0,0,0,0, 0,0,0,0,0,1,0,0,0,0
40920,9,139,-55.4,60,32,-7.40823,5.11059,0,0,0,0,0,0,0,0,0,0,0, 0,0,0,0,0,1,0,0,0,0
40920,10,24,-3.6,220,31.75,-2.07209,32.9349,0,0,0,0,0,0,0,0,0,0,0, 0,0,0,0,0,1,0,0,0,0
40920,11,29,-4.2,220,33,-2.41686,32.9114,0,0,0,0,0,0,0,0,0,0,0, 0,0,0,0,0,1,0,0,0,0
40960,0,246,-56.5,64,32,-8.0053,5.2986,0,0,0,0,0,0,0,0,0,0,0, 0,0,0,0,0,2,0,0,0,0
40960,1,24,-3,224,32.75,-1.75849,33.554,0,0,0,0,0,0,0,0,0,0,0, 0,0,0,0,0,2,0,0,0,0
40960,2,26,-3.6,224,33,-2.10976,33.5337,0,0,0,0,0,0,0,0,0,0,0, 0,0,0,0,0,2,0,0,0,0
40960,3,289,-56.5,68,32,-8.50564,5.62976,0,0,0,0,0,0,0,0,0,0,0, 0,0,0,0,0,2,0,0,0,0
40960,4,29,0.1,228,31.75,0.0596902,34.1999,0,0,0,0,0,0,0,0,0,0,0, 0,0,0,0,0,2,0,0,0,0
40960,5,41,-0.6,228,32.75,-0.358135,34.1981,0,0,0,0,0,0,0,0,0,0,0, 0,0,0,0,0,2,0,0,0,0
40960,6,35,-0.6,228,33,-0.358135,34.1981,0,0,0,0,0,0,0,0,0,0,0, 0,0,0,0,0,2,0,0,0,0
40960,7,242,-56.5,72,32,-9.00597,5.96092,0,0,0,0,0,0,0,0,0,0,0, 0,0,0,0,0,2,0,0,0,0
40960,8,22,-5.4,232,33,-3.27497,34.6456,0,0,0,0,0,0,0,0,0,0,0, 0,0,0,0,0,2,0,0,0,0
40960,9,156,-56.5,76,32,-9.5063,6.29208,0,0,0,0,0,0,0,0,0,0,0, 0,0,0,0,0,2,0,0,0,0
40960,10,101,-59.4,80,32,-10.3289,6.1085,0,0,0,0,0,0,0,0,0,0,0, 0,0,0,0,0,2,0,0,0,0
40960,11,137,-57.4,60,32,-7.58207,4.84894,0,0,0,0,0,0,0,0,0,0,0, 0,0,0,0,0,2,0,0,0,0
41000,0,244,-56.5,64,32,-8.0053,5.2986,0,0,0,0,0,0,0,0,0,0,0, 0,0,0,0,0,3,0,0,0,0
41000,1,39,-3,224,31.75,-1.75849,33.554,0,0,0,0,0,0,0,0,0,0,0, 0,0,0,0,0,3,0,0,0,0
41000,2,36,-3,224,33,-1.75849,33.554,0,0,0,0,0,0,0,0,0,0,0, 0,0,0,0,0,3,0,0,0,0
41000,3,289,-55.4,68,32,-8.39599,5.79201,0,0,0,0,0,0,0,0,0,0,0, 0,0,0,0,0,3,0,0,0,0
41000,4,34,-3.6,228,31.75,-2.14744,34.1325,0,0,0,0,0,0,0,0,0,0,0, 0,0,0,0,0,3,0,0,0,0
41000,5,41,-3,228,33,-1.78989,34.1531,0,0,0,0,0,0,0,0,0,0,0, 0,0,0,0,0,3,0,0,0,0
41000,6,241,-55.4,72,32,-8.88987,6.13271,0,0,0,0,0,0,0,0,0,0,0, 0,0,0,0,0,3,0,0,0,0
41000,7,153,-54.4,76,32,-9.26935,6.6362,0,0,0,0,0,0,0,0,0,0,0, 0,0,0,0,0,3,0,0,0,0
41000,8,98,-54.4,80,32,-9.75721,6.98548,0,0,0,0,0,0,0,0,0,0,0, 0,0,0,0,0,3,0,0,0,0
41000,9,25,-3,216,32.75,-1.69569,32.3556,0,0,0,0,0,0,0,0,0,0,0, 0,0,0,0,0,3,0,0,0,0
41000,10,25,-3,216,33,-1.69569,32.3556,0,0,0,0,0,0,0,0,0,0,0, 0,0,0,0,0,3,0,0,0,0
41000,11,142,-55.4,60,32,-7.40823,5.11059,0,0,0,0,0,0,0,0,0,0,0, 0,0,0,0,0,3,0,0,0,0
41040,0,246,-56.5,64,32,-8.0053,5.2986,0,0,0,0,0,0,0,0,0,0,0, 0,0,0,0,0,4,0,0,0,0
41040,1,34,-4.2,224,31.75,-2.4608,33.5098,0,0,0,0,0,0,0,0,0,0,0, 0,0,0,0,0,4,0,0,0,0
41040,2,35,-3.6,224,33,-2.10976,33.5337,0,0,0,0,0,0,0,0,0,0,0, 0,0,0,0,0,4,0,0,0,0
41040,3,291,-56.5,68,32,-8.50564,5.62976,0,0,0,0,0,0,0,0,0,0,0, 0,0,0,0,0,4,0,0,0,0
41040,4,16,-0.6,228,33,-0.358135,34.1981,0,0,0,0,0,0,0,0,0,0,0, 0,0,0,0,0,4,0,0,0,0
41040,5,244,-55.4,72,32,-8.88987,6.13271,0,0,0,0,0,0,0,0,0,0,0, 0,0,0,0,0,4,0,0,0,0
41040,6,153,-55.4,76,32,-9.38375,6.47342,0,0,0,0,0,0,0,0,0,0,0, 0,0,0,0,0,4,0,0,0,0
41040,7,98,-56.5,80,32,-10.0066,6.62324,0,0,0,0,0,0,0,0,0,0,0, 0,0,0,0,0,4,0,0,0,0
41040,8,145,-56.5,60,32,-7.50497,4.96743,0,0,0,0,0,0,0,0,0,0,0, 0,0,0,0,0,4,0,0,0,0
41080,0,249,-56.5,64,32,-8.0053,5.2986,0,0,0,0,0,0,0,0,0,0,0, 0,0,0,0,0,5,0,0,0,0
41080,1,39,-1.8,224,31.75,-1.0554,33.5834,0,0,0,0,0,0,0,0,0,0,0, 0,0,0,0,0,5,0,0,0,0
41080,2,54,-3,224,32.25,-1.75849,33.554,0,0,0,0,0,0,0,0,0,0,0, 0,0,0,0,0,5,0,0,0,0
41080,3,56,-4.2,224,33,-2.4608,33.5098,0,0,0,0,0,0,0,0,0,0,0, 0,0,0,0,0,5,0,0,0,0
41080,4,291,-56.5,68,32,-8.50564,5.62976,0,0,0,0,0,0,0,0,0,0,0, 0,0,0,0,0,5,0,0,0,0
41080,5,241,-55.4,72,32,-8.88987,6.13271,0,0,0,0,0,0,0,0,0,0,0, 0,0,0,0,0,5,0,0,0,0
41080,6,19,4.2,232,31.75,2.54869,34.7065,0,0,0,0,0,0,0,0,0,0,0, 0,0,0,0,0,5,0,0,0,0
41080,7,154,-53.4,76,32,-9.15212,6.79696,0,0,0,0,0,0,0,0,0,0,0, 0,0,0,0,0,5,0,0,0,0
41080,8,102,-49.8,80,32,-9.16555,7.74549,0,0,0,0,0,0,0,0,0,0,0, 0,0,0,0,0,5,0,0,0,0
41080,9,12,22.6,436,30.25,25.1329,60.3779,0,0,0,0,0,0,0,0,0,0,0, 0,0,0,0,0,5,0,0,0,0
41080,10,15,-0.6,216,32.75,-0.339286,32.3982,0,0,0,0,0,0,0,0,0,0,0, 0,0,0,0,0,5,0,0,0,0
41080,11,138,-58.4,60,32,-7.66554,4.71587,0,0,0,0,0,0,0,0,0,0,0, 0,0,0,0,0,5,0,0,0,0
41080,12,22,0.1,220,31.75,0.0575958,33,0,0,0,0,0,0,0,0,0,0,0, 0,0,0,0,0,5,0,0,0,0
41080,13,28,-3,220,33,-1.72709,32.9548,0,0,0,0,0,0,0,0,0,0,0, 0,0,0,0,0,5,0,0,0,0
41120,0,244,-58.4,64,32,-8.17658,5.03026,0,0,0,0,0,0,0,0,0,0,0, 0,0,0,0,0,6,0,0,0,0
41120,1,30,0.1,224,33,0.058643,33.5999,0,0,0,0,0,0,0,0,0,0,0, 0,0,0,0,0,6,0,0,0,0
41120,2,289,-58.4,68,32,-8.68761,5.34466,0,0,0,0,0,0,0,0,0,0,0, 0,0,0,0,0,6,0,0,0,0
41120,3,18,-5.4,228,33,-3.2185,34.0482,0,0,0,0,0,0,0,0,0,0,0, 0,0,0,0,0,6,0,0,0,0
41120,4,239,-57.4,72,32,-9.09849,5.81872,0,0,0,0,0,0,0,0,0,0,0, 0,0,0,0,0,6,0,0,0,0
41120,5,152,-55.4,76,32,-9.38375,6.47342,0,0,0,0,0,0,0,0,0,0,0, 0,0,0,0,0,6,0,0,0,0
41120,6,100,-53.4,80,32,-9.63381,7.1547,0,0,0,0,0,0,0,0,0,0,0, 0,0,0,0,0,6,0,0,0,0
41120,7,30,-4.2,216,31.75,-2.37292,32.313,0,0,0,0,0,0,0,0,0,0,0, 0,0,0,0,0,6,0,0,0,0
41120,8,40,-3,216,32.75,-1.69569,32.3556,0,0,0,0,0,0,0,0,0,0,0, 0,0,0,0,0,6,0,0,0,0
41120,9,34,-4.2,216,33,-2.37292,32.313,0,0,0,0,0,0,0,0,0,0,0, 0,0,0,0,0,6,0,0,0,0
41120,10,138,-58.4,60,32,-7.66554,4.71587,0,0,0,0,0,0,0,0,0,0,0, 0,0,0,0,0,6,0,0,0,0
41120,11,22,-7.8,220,31.75,-4.47861,32.6947,0,0,0,0,0,0,0,0,0,0,0, 0,0,0,0,0,6,0,0,0,0
41120,12,36,-4.2,220,32.75,-2.41686,32.9114,0,0,0,0,0,0,0,0,0,0,0, 0,0,0,0,0,6,0,0,0,0
41120,13,36,-3.6,220,33,-2.07209,32.9349,0,0,0,0,0,0,0,0,0,0,0, 0,0,0,0,0,6,0,0,0,0
41160,0,248,-57.4,64,32,-8.08754,5.1722,0,0,0,0,0,0,0,0,0,0,0, 0,0,0,0,0,7,0,0,0,0
41160,1,292,-56.5,68,32,-8.50564,5.62976,0,0,0,0,0,0,0,0,0,0,0, 0,0,0,0,0,7,0,0,0,0
41160,2,246,-55.4,72,32,-8.88987,6.13271,0,0,0,0,0,0,0,0,0,0,0, 0,0,0,0,0,7,0,0,0,0
41160,3,158,-54.4,76,32,-9.26935,6.6362,0,0,0,0,0,0,0,0,0,0,0, 0,0,0,0,0,7,0,0,0,0
41160,4,103,-53.4,80,32,-9.63381,7.1547,0,0,0,0,0,0,0,0,0,0,0, 0,0,0,0,0,7,0,0,0,0
41160,5,20,-1.2,216,31.75,-0.678535,32.3929,0,0,0,0,0,0,0,0,0,0,0, 0,0,0,0,0,7,0,0,0,0
41160,6,30,-1.2,216,32.25,-0.678535,32.3929,0,0,0,0,0,0,0,0,0,0,0, 0,0,0,0,0,7,0,0,0,0
41160,7,30,-1.8,216,33,-1.01771,32.384,0,0,0,0,0,0,0,0,0,0,0, 0,0,0,0,0,7,0,0,0,0
41160,8,143,-56.5,60,32,-7.50497,4.96743,0,0,0,0,0,0,0,0,0,0,0, 0,0,0,0,0,7,0,0,0,0
41160,9,15,-3.6,220,33,-2.07209,32.9349,0,0,0,0,0,0,0,0,0,0,0, 0,0,0,0,0,7,0,0,0,0
41200,0,250,-56.5,64,32,-8.0053,5.2986,0,0,0,0,0,0,0,0,0,0,0, 0,0,0,0,0,8,0,0,0,0
41200,1,22,-4.2,224,31.75,-2.4608,33.5098,0,0,0,0,0,0,0,0,0,0,0, 0,0,0,0,0,8,0,0,0,0
41200,2,35,-2.4,224,32.75,-1.40702,33.5705,0,0,0,0,0,0,0,0,0,0,0, 0,0,0,0,0,8,0,0,0,0
41200,3,32,-1.2,224,33,-0.703665,33.5926,0,0,0,0,0,0,0,0,0,0,0, 0,0,0,0,0,8,0,0,0,0
41200,4,294,-56.5,68,32,-8.50564,5.62976,0,0,0,0,0,0,0,0,0,0,0, 0,0,0,0,0,8,0,0,0,0
41200,5,245,-55.4,72,32,-8.88987,6.13271,0,0,0,0,0,0,0,0,0,0,0, 0,0,0,0,0,8,0,0,0,0
41200,6,16,1.8,232,33,1.09309,34.7828,0,0,0,0,0,0,0,0,0,0,0, 0,0,0,0,0,8,0,0,0,0
41200,7,156,-55.4,76,32,-9.38375,6.47342,0,0,0,0,0,0,0,0,0,0,0, 0,0,0,0,0,8,0,0,0,0
41200,8,102,-54.4,80,32,-9.75721,6.98548,0,0,0,0,0,0,0,0,0,0,0, 0,0,0,0,0,8,0,0,0,0
41200,9,140,-56.5,60,32,-7.50497,4.96743,0,0,0,0,0,0,0,0,0,0,0, 0,0,0,0,0,8,0,0,0,0
41200,10,17,1.3,220,33,0.748682,32.9915,0,0,0,0,0,0,0,0,0,0,0, 0,0,0,0,0,8,0,0,0,0
41240,0,249,-56.5,64,32,-8.0053,5.2986,0,1334,0,0,0,0,0,0,0,0,0, 0,0,0,0,0,9,0,0,0,0
41240,1,49,-2.4,224,31.75,-1.40702,33.5705,0,1334,0,0,0,0,0,0,0,0,0, 0,0,0,0,0,9,0,0,0,0
41240,2,65,-1.8,224,32.75,-1.0554,33.5834,0,1334,0,0,0,0,0,0,0,0,0, 0,0,0,0,0,9,0,0,0,0
41240,3,61,-1.2,224,33,-0.703665,33.5926,0,1334,0,0,0,0,0,0,0,0,0, 0,0,0,0,0,9,0,0,0,0
41240,4,293,-56.5,68,32,-8.50564,5.62976,0,1334,0,0,0,0,0,0,0,0,0, 0,0,0,0,0,9,0,0,0,0
41240,5,33,0.6,228,31.75,0.358135,34.1981,0,1334,0,0,0,0,0,0,0,0,0, 0,0,0,0,0,9,0,0,0,0
41240,6,51,0.6,228,32.75,0.358135,34.1981,0,1334,0,0,0,0,0,0,0,0,0, 0,0,0,0,0,9,0,0,0,0
41240,7,50,0.6,228,33,0.358135,34.1981,0,1334,0,0,0,0,0,0,0,0,0, 0,0,0,0,0,9,0,0,0,0
41240,8,242,-55.4,72,32,-8.88987,6.13271,0,1334,0,0,0,0,0,0,0,0,0, 0,0,0,0,0,9,0,0,0,0
41240,9,29,-7.2,232,31.75,-4.3616,34.5256,0,1334,0,0,0,0,0,0,0,0,0, 0,0,0,0,0,9,0,0,0,0
41240,10,27,-1.2,232,33,-0.728796,34.7924,0,1334,0,0,0,0,0,0,0,0,0, 0,0,0,0,0,9,0,0,0,0
41240,11,155,-55.4,76,32,-9.38375,6.47342,0,1334,0,0,0,0,0,0,0,0,0, 0,0,0,0,0,9,0,0,0,0
41240,12,102,-53.4,80,32,-9.63381,7.1547,0,1334,0,0,0,0,0,0,0,0,0, 0,0,0,0,0,9,0,0,0,0
41240,13,142,-55.4,60,32,-7.40823,5.11059,0,1334,0,0,0,0,0,0,0,0,0, 0,0,0,0,0,9,0,0,0,0
41240,14,29,-5.4,220,33,-3.10557,32.8535,0,1334,0,0,0,0,0,0,0,0,0, 0,0,0,0,0,9,0,0,0,0
41280,0,252,-56.5,64,32,-8.0053,5.2986,0,0,0,0,0,0,0,0,0,0,0, 0,0,0,0,0,10,0,0,0,0
41280,1,21,-3,224,31.75,-1.75849,33.554,0,0,0,0,0,0,0,0,0,0,0, 0,0,0,0,0,10,0,0,0,0
41280,2,20,-3,224,33,-1.75849,33.554,0,0,0,0,0,0,0,0,0,0,0, 0,0,0,0,0,10,0,0,0,0
41280,3,295,-55.4,68,32,-8.39599,5.79201,0,0,0,0,0,0,0,0,0,0,0, 0,0,0,0,0,10,0,0,0,0
41280,4,247,-55.4,72,32,-8.88987,6.13271,0,0,0,0,0,0,0,0,0,0,0, 0,0,0,0,0,10,0,0,0,0
41280,5,157,-53.4,76,32,-9.15212,6.79696,0,0,0,0,0,0,0,0,0,0,0, 0,0,0,0,0,10,0,0,0,0
41280,6,101,-49.8,80,32,-9.16555,7.74549,0,0,0,0,0,0,0,0,0,0,0, 0,0,0,0,0,10,0,0,0,0
41280,7,141,-55.4,60,32,-7.40823,5.11059,0,0,0,0,0,0,0,0,0,0,0, 0,0,0,0,0,10,0,0,0,0
41280,8,30,-4.2,220,32.75,-2.41686,32.9114,0,0,0,0,0,0,0,0,0,0,0, 0,0,0,0,0,10,0,0,0,0
41280,9,28,-4.2,220,33,-2.41686,32.9114,0,0,0,0,0,0,0,0,0,0,0, 0,0,0,0,0,10,0,0,0,0
41320,0,245,-56.5,64,32,-8.0053,5.2986,0,7936,0,0,0,0,0,0,0,0,0, 0,0,0,0,0,11,0,0,0,0
41320,1,26,3.1,224,33,1.81705,33.5508,0,7936,0,0,0,0,0,0,0,0,0, 0,0,0,0,0,11,0,0,0,0
41320,2,291,-56.5,68,32,-8.50564,5.62976,0,7936,0,0,0,0,0,0,0,0,0, 0,0,0,0,0,11,0,0,0,0
41320,3,242,-56.5,72,32,-9.00597,5.96092,0,7936,0,0,0,0,0,0,0,0,0, 0,0,0,0,0,11,0,0,0,0
41320,4,152,-54.4,76,32,-9.26935,6.6362,0,7936,0,0,0,0,0,0,0,0,0, 0,0,0,0,0,11,0,0,0,0
41320,5,12,-3.6,236,32.5,-2.22278,35.3301,0,7936,0,0,0,0,0,0,0,0,0, 0,0,0,0,0,11,0,0,0,0
41320,6,99,-51.6,80,32,-9.40432,7.45377,0,7936,0,0,0,0,0,0,0,0,0, 0,0,0,0,0,11,0,0,0,0
41320,7,136,-60.3,60,32,-7.81768,4.45913,0,7936,0,0,0,0,0,0,0,0,0, 0,0,0,0,0,11,0,0,0,0
41360,0,245,-59.4,64,32,-8.26312,4.8868,0,1140,0,0,0,0,0,0,0,0,0, 0,0,0,0,0,12,0,0,0,0
41360,1,30,-2.4,224,31.75,-1.40702,33.5705,0,1140,0,0,0,0,0,0,0,0,0, 0,0,0,0,0,12,0,0,0,0
41360,2,42,-4.8,224,32.75,-2.81158,33.4822,0,1140,0,0,0,0,0,0,0,0,0, 0,0,0,0,0,12,0,0,0,0
41360,3,40,-5.4,224,33,-3.16204,33.4509,0,1140,0,0,0,0,0,0,0,0,0, 0,0,0,0,0,12,0,0,0,0
41360,4,288,-58.4,68,32,-8.68761,5.34466,0,1140,0,0,0,0,0,0,0,0,0, 0,0,0,0,0,12,0,0,0,0
41360,5,23,-7.2,228,32.75,-4.2864,33.9303,0,1140,0,0,0,0,0,0,0,0,0, 0,0,0,0,0,12,0,0,0,0
41360,6,24,-6,228,33,-3.57487,34.0126,0,1140,0,0,0,0,0,0,0,0,0, 0,0,0,0,0,12,0,0,0,0
41360,7,241,-58.4,72,32,-9.19865,5.65905,0,1140,0,0,0,0,0,0,0,0,0, 0,0,0,0,0,12,0,0,0,0
41360,8,151,-56.5,76,32,-9.5063,6.29208,0,1140,0,0,0,0,0,0,0,0,0, 0,0,0,0,0,12,0,0,0,0
41360,9,100,-53.4,80,32,-9.63381,7.1547,0,1140,0,0,0,0,0,0,0,0,0, 0,0,0,0,0,12,0,0,0,0
41360,10,9,75.1,436,1.5,63.201,16.8165,0,1140,0,0,0,0,0,0,0,0,0, 0,0,0,0,0,12,0,0,0,0
41360,11,139,-58.4,60,32,-7.66554,4.71587,0,1140,0,0,0,0,0,0,0,0,0, 0,0,0,0,0,12,0,0,0,0
41360,12,25,-8.4,220,33,-4.82074,32.646,0,1140,0,0,0,0,0,0,0,0,0, 0,0,0,0,0,12,0,0,0,0
41400,0,242,-57.4,64,32,-8.08754,5.1722,0,86,0,0,0,0,0,0,0,0,0, 0,0,0,0,0,13,0,0,0,0
41400,1,25,0.1,224,31.75,0.058643,33.5999,0,86,0,0,0,0,0,0,0,0,0, 0,0,0,0,0,13,0,0,0,0
41400,2,48,-2.4,224,32.75,-1.40702,33.5705,0,86,0,0,0,0,0,0,0,0,0, 0,0,0,0,0,13,0,0,0,0
41400,3,46,-2.4,224,33,-1.40702,33.5705,0,86,0,0,0,0,0,0,0,0,0, 0,0,0,0,0,13,0,0,0,0
41400,4,287,-56.5,68,32,-8.50564,5.62976,0,86,0,0,0,0,0,0,0,0,0, 0,0,0,0,0,13,0,0,0,0
41400,5,242,-56.5,72,32,-9.00597,5.96092,0,86,0,0,0,0,0,0,0,0,0, 0,0,0,0,0,13,0,0,0,0
41400,6,155,-54.4,76,32,-9.26935,6.6362,0,86,0,0,0,0,0,0,0,0,0, 0,0,0,0,0,13,0,0,0,0
41400,7,104,-48,80,32,-8.91774,8.02957,0,86,0,0,0,0,0,0,0,0,0, 0,0,0,0,0,13,0,0,0,0
41400,8,138,-56.5,60,32,-7.50497,4.96743,0,86,0,0,0,0,0,0,0,0,0, 0,0,0,0,0,13,0,0,0,0
41400,9,24,-7.8,220,32.75,-4.47861,32.6947,0,86,0,0,0,0,0,0,0,0,0, 0,0,0,0,0,13,0,0,0,0
41400,10,29,-6,220,33,-3.44944,32.8192,0,86,0,0,0,0,0,0,0,0,0, 0,0,0,0,0,13,0,0,0,0
41440,0,244,-57.4,64,32,-8.08754,5.1722,0,0,0,0,0,0,0,0,0,0,0, 0,0,0,0,0,14,0,0,0,0
41440,1,289,-57.4,68,32,-8.59301,5.49546,0,0,0,0,0,0,0,0,0,0,0, 0,0,0,0,0,14,0,0,0,0
41440,2,242,-56.5,72,32,-9.00597,5.96092,0,0,0,0,0,0,0,0,0,0,0, 0,0,0,0,0,14,0,0,0,0
41440,3,153,-53.4,76,32,-9.15212,6.79696,0,0,0,0,0,0,0,0,0,0,0, 0,0,0,0,0,14,0,0,0,0
41440,4,104,-46.7,80,32,-8.73327,8.22982,0,0,0,0,0,0,0,0,0,0,0, 0,0,0,0,0,14,0,0,0,0
41440,5,23,-1.8,216,33,-1.01771,32.384,0,0,0,0,0,0,0,0,0,0,0, 0,0,0,0,0,14,0,0,0,0
41440,6,142,-60.3,60,32,-7.81768,4.45913,0,0,0,0,0,0,0,0,0,0,0, 0,0,0,0,0,14,0,0,0,0
41480,0,246,-58.4,64,32,-8.17658,5.03026,0,0,0,0,0,0,0,0,0,0,0, 0,0,0,0,0,15,0,0,0,0
41480,1,23,-0.6,224,31.75,-0.351852,33.5982,0,0,0,0,0,0,0,0,0,0,0, 0,0,0,0,0,15,0,0,0,0
41480,2,25,-1.8,224,33,-1.0554,33.5834,0,0,0,0,0,0,0,0,0,0,0, 0,0,0,0,0,15,0,0,0,0
41480,3,291,-56.5,68,32,-8.50564,5.62976,0,0,0,0,0,0,0,0,0,0,0, 0,0,0,0,0,15,0,0,0,0
41480,4,244,-55.4,72,32,-8.88987,6.13271,0,0,0,0,0,0,0,0,0,0,0, 0,0,0,0,0,15,0,0,0,0
41480,5,155,-54.4,76,32,-9.26935,6.6362,0,0,0,0,0,0,0,0,0,0,0, 0,0,0,0,0,15,0,0,0,0
41480,6,101,-48,80,32,-8.91774,8.02957,0,0,0,0,0,0,0,0,0,0,0, 0,0,0,0,0,15,0,0,0,0
41480,7,17,-1.8,212,32.25,-0.998862,31.7843,0,0,0,0,0,0,0,0,0,0,0, 0,0,0,0,0,15,0,0,0,0
41480,8,145,-55.4,60,32,-7.40823,5.11059,0,0,0,0,0,0,0,0,0,0,0, 0,0,0,0,0,15,0,0,0,0
41480,9,24,-5.4,220,32.75,-3.10557,32.8535,0,0,0,0,0,0,0,0,0,0,0, 0,0,0,0,0,15,0,0,0,0
41480,10,22,-6,220,33,-3.44944,32.8192,0,0,0,0,0,0,0,0,0,0,0, 0,0,0,0,0,15,0,0,0,0
41520,0,247,-56.5,64,32,-8.0053,5.2986,0,0,0,0,0,0,0,0,0,0,0, 0,0,0,0,0,0,0,0,0,0
41520,1,21,-2.4,224,31.75,-1.40702,33.5705,0,0,0,0,0,0,0,0,0,0,0, 0,0,0,0,0,0,0,0,0,0
41520,2,23,-6,224,33,-3.51216,33.4159,0,0,0,0,0,0,0,0,0,0,0, 0,0,0,0,0,0,0,0,0,0
41520,3,289,-56.5,68,32,-8.50564,5.62976,0,0,0,0,0,0,0,0,0,0,0, 0,0,0,0,0,0,0,0,0,0
41520,4,240,-56.5,72,32,-9.00597,5.96092,0,0,0,0,0,0,0,0,0,0,0, 0,0,0,0,0,0,0,0,0,0
41520,5,151,-54.4,76,32,-9.26935,6.6362,0,0,0,0,0,0,0,0,0,0,0, 0,0,0,0,0,0,0,0,0,0
41520,6,99,-46.7,80,32,-8.73327,8.22982,0,0,0,0,0,0,0,0,0,0,0, 0,0,0,0,0,0,0,0,0,0
41520,7,141,-56.5,60,32,-7.50497,4.96743,0,0,0,0,0,0,0,0,0,0,0, 0,0,0,0,0,0,0,0,0,0
41560,0,247,-56.5,64,32,-8.0053,5.2986,0,0,0,0,0,0,0,0,0,0,0, 0,0,0,0,0,1,0,0,0,0
41560,1,19,-0.6,224,31.75,-0.351852,33.5982,0,0,0,0,0,0,0,0,0,0,0, 0,0,0,0,0,1,0,0,0,0
41560,2,28,-1.2,224,32.25,-0.703665,33.5926,0,0,0,0,0,0,0,0,0,0,0, 0,0,0,0,0,1,0,0,0,0
41560,3,29,0.1,224,33,0.058643,33.5999,0,0,0,0,0,0,0,0,0,0,0, 0,0,0,0,0,1,0,0,0,0
41560,4,294,-56.5,68,32,-8.50564,5.62976,0,0,0,0,0,0,0,0,0,0,0, 0,0,0,0,0,1,0,0,0,0
41560,5,242,-56.5,72,32,-9.00597,5.96092,0,0,0,0,0,0,0,0,0,0,0, 0,0,0,0,0,1,0,0,0,0
41560,6,152,-54.4,76,32,-9.26935,6.6362,0,0,0,0,0,0,0,0,0,0,0, 0,0,0,0,0,1,0,0,0,0
41560,7,103,-45,80,32,-8.48528,8.48528,0,0,0,0,0,0,0,0,0,0,0, 0,0,0,0,0,1,0,0,0,0
41560,8,25,-3.6,212,32.75,-1.99674,31.7372,0,0,0,0,0,0,0,0,0,0,0, 0,0,0,0,0,1,0,0,0,0
41560,9,25,-3,212,33,-1.66428,31.7564,0,0,0,0,0,0,0,0,0,0,0, 0,0,0,0,0,1,0,0,0,0
41560,10,32,-3.6,216,31.75,-2.03441,32.3361,0,0,0,0,0,0,0,0,0,0,0, 0,0,0,0,0,1,0,0,0,0
41560,11,41,-3,216,32.75,-1.69569,32.3556,0,0,0,0,0,0,0,0,0,0,0, 0,0,0,0,0,1,0,0,0,0
41560,12,36,-1.8,216,33,-1.01771,32.384,0,0,0,0,0,0,0,0,0,0,0, 0,0,0,0,0,1,0,0,0,0
41560,13,141,-55.4,60,32,-7.40823,5.11059,0,0,0,0,0,0,0,0,0,0,0, 0,0,0,0,0,1,0,0,0,0
41560,14,29,0.1,220,31.75,0.0575958,33,0,0,0,0,0,0,0,0,0,0,0, 0,0,0,0,0,1,0,0,0,0
41560,15,45,-3.6,220,32.75,-2.07209,32.9349,0,0,0,0,0,0,0,0,0,0,0, 0,0,0,0,0,1,0,0,0,0
41560,16,44,-4.2,220,33,-2.41686,32.9114,0,0,0,0,0,0,0,0,0,0,0, 0,0,0,0,0,1,0,0,0,0
41560,17,21,-3.6,220,34.25,-2.07209,32.9349,0,0,0,0,0,0,0,0,0,0,0, 0,0,0,0,0,1,0,0,0,0
41600,0,246,-56.5,64,32,-8.0053,5.2986,0,0,0,0,0,0,0,0,0,0,0, 0,0,0,0,0,2,0,0,0,0
41600,1,293,-56.5,68,32,-8.50564,5.62976,0,0,0,0,0,0,0,0,0,0,0, 0,0,0,0,0,2,0,0,0,0
41600,2,243,-55.4,72,32,-8.88987,6.13271,0,0,0,0,0,0,0,0,0,0,0, 0,0,0,0,0,2,0,0,0,0
41600,3,153,-54.4,76,32,-9.26935,6.6362,0,0,0,0,0,0,0,0,0,0,0, 0,0,0,0,0,2,0,0,0,0
41600,4,104,-48,80,32,-8.91774,8.02957,0,0,0,0,0,0,0,0,0,0,0, 0,0,0,0,0,2,0,0,0,0
41600,5,141,-55.4,60,32,-7.40823,5.11059,0,0,0,0,0,0,0,0,0,0,0, 0,0,0,0,0,2,0,0,0,0
41640,0,253,-55.4,64,32,-7.90211,5.4513,0,0,0,0,0,0,0,0,0,0,0, 0,0,0,0,0,3,0,0,0,0
41640,1,299,-54.4,68,32,-8.29363,5.93765,0,0,0,0,0,0,0,0,0,0,0, 0,0,0,0,0,3,0,0,0,0
41640,2,20,1.3,228,32.75,0.775907,34.1912,0,0,0,0,0,0,0,0,0,0,0, 0,0,0,0,0,3,0,0,0,0
41640,3,17,1.8,228,33,1.07425,34.1831,0,0,0,0,0,0,0,0,0,0,0, 0,0,0,0,0,3,0,0,0,0
41640,4,247,-54.4,72,32,-8.78149,6.28693,0,0,0,0,0,0,0,0,0,0,0, 0,0,0,0,0,3,0,0,0,0
41640,5,155,-53.4,76,32,-9.15212,6.79696,0,0,0,0,0,0,0,0,0,0,0, 0,0,0,0,0,3,0,0,0,0
41640,6,104,-51.6,80,32,-9.40432,7.45377,0,0,0,0,0,0,0,0,0,0,0, 0,0,0,0,0,3,0,0,0,0
41640,7,21,-3,216,33,-1.69569,32.3556,0,0,0,0,0,0,0,0,0,0,0, 0,0,0,0,0,3,0,0,0,0
41640,8,140,-55.4,60,32,-7.40823,5.11059,0,0,0,0,0,0,0,0,0,0,0, 0,0,0,0,0,3,0,0,0,0
41680,0,251,-55.4,64,32,-7.90211,5.4513,0,0,0,0,0,0,0,0,0,0,0, 0,0,0,0,0,4,0,0,0,0
41680,1,295,-55.4,68,32,-8.39599,5.79201,0,0,0,0,0,0,0,0,0,0,0, 0,0,0,0,0,4,0,0,0,0
41680,2,242,-55.4,72,32,-8.88987,6.13271,0,0,0,0,0,0,0,0,0,0,0, 0,0,0,0,0,4,0,0,0,0
41680,3,151,-53.4,76,32,-9.15212,6.79696,0,0,0,0,0,0,0,0,0,0,0, 0,0,0,0,0,4,0,0,0,0
41680,4,103,-46.7,80,32,-8.73327,8.22982,0,0,0,0,0,0,0,0,0,0,0, 0,0,0,0,0,4,0,0,0,0
41680,5,21,3.6,216,31.75,2.03441,32.3361,0,0,0,0,0,0,0,0,0,0,0, 0,0,0,0,0,4,0,0,0,0
41680,6,27,4.8,216,33,2.71116,32.2864,0,0,0,0,0,0,0,0,0,0,0, 0,0,0,0,0,4,0,0,0,0
41680,7,145,-56.5,60,32,-7.50497,4.96743,0,0,0,0,0,0,0,0,0,0,0, 0,0,0,0,0,4,0,0,0,0
41680,8,19,1.8,220,31.75,1.03656,32.9837,0,0,0,0,0,0,0,0,0,0,0, 0,0,0,0,0,4,0,0,0,0
41680,9,25,1.8,220,32.25,1.03656,32.9837,0,0,0,0,0,0,0,0,0,0,0, 0,0,0,0,0,4,0,0,0,0
41680,10,23,0.1,220,33,0.0575958,33,0,0,0,0,0,0,0,0,0,0,0, 0,0,0,0,0,4,0,0,0,0
41720,0,248,-56.5,64,32,-8.0053,5.2986,0,0,0,0,0,0,0,0,0,0,0, 0,0,0,0,0,5,0,0,0,0
41720,1,17,-0.6,224,31.75,-0.351852,33.5982,0,0,0,0,0,0,0,0,0,0,0, 0,0,0,0,0,5,0,0,0,0
41720,2,24,0.1,224,32.75,0.058643,33.5999,0,0,0,0,0,0,0,0,0,0,0, 0,0,0,0,0,5,0,0,0,0
41720,3,292,-56.5,68,32,-8.50564,5.62976,0,0,0,0,0,0,0,0,0,0,0, 0,0,0,0,0,5,0,0,0,0
41720,4,242,-55.4,72,32,-8.88987,6.13271,0,0,0,0,0,0,0,0,0,0,0, 0,0,0,0,0,5,0,0,0,0
41720,5,155,-54.4,76,32,-9.26935,6.6362,0,0,0,0,0,0,0,0,0,0,0, 0,0,0,0,0,5,0,0,0,0
41720,6,105,-48,80,32,-8.91774,8.02957,0,0,0,0,0,0,0,0,0,0,0, 0,0,0,0,0,5,0,0,0,0
41720,7,81,-46.7,84,32,-9.16994,8.64131,0,0,0,0,0,0,0,0,0,0,0, 0,0,0,0,0,5,0,0,0,0
41720,8,21,-2.4,212,31.75,-1.33165,31.7721,0,0,0,0,0,0,0,0,0,0,0, 0,0,0,0,0,5,0,0,0,0
41720,9,29,1.3,212,32.75,0.721457,31.7918,0,0,0,0,0,0,0,0,0,0,0, 0,0,0,0,0,5,0,0,0,0
41720,10,27,1.8,212,33,0.998862,31.7843,0,0,0,0,0,0,0,0,0,0,0, 0,0,0,0,0,5,0,0,0,0
41720,11,35,-0.6,216,32.75,-0.339286,32.3982,0,0,0,0,0,0,0,0,0,0,0, 0,0,0,0,0,5,0,0,0,0
41720,12,37,0.1,216,33,0.0565486,32.4,0,0,0,0,0,0,0,0,0,0,0, 0,0,0,0,0,5,0,0,0,0
41720,13,139,-57.4,60,32,-7.58207,4.84894,0,0,0,0,0,0,0,0,0,0,0, 0,0,0,0,0,5,0,0,0,0
41760,0,246,-57.4,64,32,-8.08754,5.1722,0,0,0,0,0,0,0,0,0,0,0, 0,0,0,0,0,6,0,0,0,0
41760,1,32,0.1,224,31.75,0.058643,33.5999,0,0,0,0,0,0,0,0,0,0,0, 0,0,0,0,0,6,0,0,0,0
41760,2,43,0.6,224,32.75,0.351852,33.5982,0,0,0,0,0,0,0,0,0,0,0, 0,0,0,0,0,6,0,0,0,0
41760,3,38,0.1,224,33,0.058643,33.5999,0,0,0,0,0,0,0,0,0,0,0, 0,0,0,0,0,6,0,0,0,0
41760,4,290,-56.5,68,32,-8.50564,5.62976,0,0,0,0,0,0,0,0,0,0,0, 0,0,0,0,0,6,0,0,0,0
41760,5,242,-56.5,72,32,-9.00597,5.96092,0,0,0,0,0,0,0,0,0,0,0, 0,0,0,0,0,6,0,0,0,0
41760,6,150,-56.5,76,32,-9.5063,6.29208,0,0,0,0,0,0,0,0,0,0,0, 0,0,0,0,0,6,0,0,0,0
41760,7,17,17.1,48,31.5,2.11709,6.88171,0,0,0,0,0,0,0,0,0,0,0, 0,0,0,0,0,6,0,0,0,0
41760,8,96,-57.4,80,32,-10.1094,6.46525,0,0,0,0,0,0,0,0,0,0,0, 0,0,0,0,0,6,0,0,0,0
41760,9,20,-6,212,31.75,-3.32401,31.6258,0,0,0,0,0,0,0,0,0,0,0, 0,0,0,0,0,6,0,0,0,0
41760,10,25,-4.2,212,33,-2.32897,31.7146,0,0,0,0,0,0,0,0,0,0,0, 0,0,0,0,0,6,0,0,0,0
41760,11,138,-58.4,60,32,-7.66554,4.71587,0,0,0,0,0,0,0,0,0,0,0, 0,0,0,0,0,6,0,0,0,0
41760,12,26,-1.2,220,32.75,-0.6911,32.9928,0,0,0,0,0,0,0,0,0,0,0, 0,0,0,0,0,6,0,0,0,0
41760,13,25,0.6,220,33,0.345569,32.9982,0,0,0,0,0,0,0,0,0,0,0, 0,0,0,0,0,6,0,0,0,0
41800,0,249,-57.4,64,32,-8.08754,5.1722,0,0,0,0,0,0,0,0,0,0,0, 0,0,0,0,0,7,0,0,0,0
41800,1,20,-2.4,224,33,-1.40702,33.5705,0,0,0,0,0,0,0,0,0,0,0, 0,0,0,0,0,7,0,0,0,0
41800,2,291,-56.5,68,32,-8.50564,5.62976,0,0,0,0,0,0,0,0,0,0,0, 0,0,0,0,0,7,0,0,0,0
41800,3,240,-56.5,72,32,-9.00597,5.96092,0,0,0,0,0,0,0,0,0,0,0, 0,0,0,0,0,7,0,0,0,0
41800,4,152,-57.4,76,32,-9.60396,6.14199,0,0,0,0,0,0,0,0,0,0,0, 0,0,0,0,0,7,0,0,0,0
41800,5,96,-58.4,80,32,-10.2207,6.28783,0,0,0,0,0,0,0,0,0,0,0, 0,0,0,0,0,7,0,0,0,0
41800,6,17,-2.4,208,33,-1.30652,31.1726,0,0,0,0,0,0,0,0,0,0,0, 0,0,0,0,0,7,0,0,0,0
41800,7,138,-56.5,60,32,-7.50497,4.96743,0,0,0,0,0,0,0,0,0,0,0, 0,0,0,0,0,7,0,0,0,0
41800,8,30,-1.2,220,32.75,-0.6911,32.9928,0,0,0,0,0,0,0,0,0,0,0, 0,0,0,0,0,7,0,0,0,0
41800,9,29,-1.2,220,33,-0.6911,32.9928,0,0,0,0,0,0,0,0,0,0,0, 0,0,0,0,0,7,0,0,0,0
41840,0,248,-56.5,64,32,-8.0053,5.2986,0,0,0,0,0,0,0,0,0,0,0, 0,0,0,0,0,8,0,0,0,0
41840,1,17,5.4,224,33,3.16204,33.4509,0,0,0,0,0,0,0,0,0,0,0, 0,0,0,0,0,8,0,0,0,0
41840,2,295,-55.4,68,32,-8.39599,5.79201,0,0,0,0,0,0,0,0,0,0,0, 0,0,0,0,0,8,0,0,0,0
41840,3,244,-54.4,72,32,-8.78149,6.28693,0,0,0,0,0,0,0,0,0,0,0, 0,0,0,0,0,8,0,0,0,0
41840,4,155,-53.4,76,32,-9.15212,6.79696,0,0,0,0,0,0,0,0,0,0,0, 0,0,0,0,0,8,0,0,0,0
41840,5,101,-53.4,80,32,-9.63381,7.1547,0,0,0,0,0,0,0,0,0,0,0, 0,0,0,0,0,8,0,0,0,0
41840,6,35,-3,216,31.75,-1.69569,32.3556,0,0,0,0,0,0,0,0,0,0,0, 0,0,0,0,0,8,0,0,0,0
41840,7,45,-1.2,216,32.75,-0.678535,32.3929,0,0,0,0,0,0,0,0,0,0,0, 0,0,0,0,0,8,0,0,0,0
41840,8,42,-0.6,216,33,-0.339286,32.3982,0,0,0,0,0,0,0,0,0,0,0, 0,0,0,0,0,8,0,0,0,0
41840,9,138,-58.4,60,32,-7.66554,4.71587,0,0,0,0,0,0,0,0,0,0,0, 0,0,0,0,0,8,0,0,0,0
41840,10,51,-1.8,220,31.75,-1.03656,32.9837,0,0,0,0,0,0,0,0,0,0,0, 0,0,0,0,0,8,0,0,0,0
41840,11,73,-0.6,220,32.75,-0.345569,32.9982,0,0,0,0,0,0,0,0,0,0,0, 0,0,0,0,0,8,0,0,0,0
41840,12,67,0.1,220,33,0.0575958,33,0,0,0,0,0,0,0,0,0,0,0, 0,0,0,0,0,8,0,0,0,0
41880,0,247,-56.5,64,32,-8.0053,5.2986,0,1334,0,0,0,0,0,0,0,0,0, 0,0,0,0,0,9,0,0,0,0
41880,1,27,-4.2,224,32.75,-2.4608,33.5098,0,1334,0,0,0,0,0,0,0,0,0, 0,0,0,0,0,9,0,0,0,0
41880,2,26,-4.2,224,33,-2.4608,33.5098,0,1334,0,0,0,0,0,0,0,0,0, 0,0,0,0,0,9,0,0,0,0
41880,3,293,-55.4,68,32,-8.39599,5.79201,0,1334,0,0,0,0,0,0,0,0,0, 0,0,0,0,0,9,0,0,0,0
41880,4,45,65.6,8,33,1.09282,0.495725,0,1334,0,0,0,0,0,0,0,0,0, 0,0,0,0,0,9,0,0,0,0
41880,5,243,-54.4,72,32,-8.78149,6.28693,0,1334,0,0,0,0,0,0,0,0,0, 0,0,0,0,0,9,0,0,0,0
41880,6,157,-51.6,76,32,-8.93411,7.08108,0,1334,0,0,0,0,0,0,0,0,0, 0,0,0,0,0,9,0,0,0,0
41880,7,104,-49.8,80,32,-9.16555,7.74549,0,1334,0,0,0,0,0,0,0,0,0, 0,0,0,0,0,9,0,0,0,0
41880,8,20,1.8,208,32.25,0.980016,31.1846,0,1334,0,0,0,0,0,0,0,0,0, 0,0,0,0,0,9,0,0,0,0
41880,9,15,3.1,208,33,1.68726,31.1543,0,1334,0,0,0,0,0,0,0,0,0, 0,0,0,0,0,9,0,0,0,0
41880,10,21,-3,212,31.75,-1.66428,31.7564,0,1334,0,0,0,0,0,0,0,0,0, 0,0,0,0,0,9,0,0,0,0
41880,11,34,-4.8,212,32.75,-2.66096,31.6885,0,1334,0,0,0,0,0,0,0,0,0, 0,0,0,0,0,9,0,0,0,0
41880,12,34,-5.4,212,33,-2.99264,31.6589,0,1334,0,0,0,0,0,0,0,0,0, 0,0,0,0,0,9,0,0,0,0
41880,13,51,-1.8,216,31.75,-1.01771,32.384,0,1334,0,0,0,0,0,0,0,0,0, 0,0,0,0,0,9,0,0,0,0
41880,14,58,-2.4,216,32.75,-1.35677,32.3716,0,1334,0,0,0,0,0,0,0,0,0, 0,0,0,0,0,9,0,0,0,0
41880,15,50,-2.4,216,33,-1.35677,32.3716,0,1334,0,0,0,0,0,0,0,0,0, 0,0,0,0,0,9,0,0,0,0
41880,16,137,-58.4,60,32,-7.66554,4.71587,0,1334,0,0,0,0,0,0,0,0,0, 0,0,0,0,0,9,0,0,0,0
41880,17,35,-1.8,220,31.75,-1.03656,32.9837,0,1334,0,0,0,0,0,0,0,0,0, 0,0,0,0,0,9,0,0,0,0
41880,18,29,0.6,220,33,0.345569,32.9982,0,1334,0,0,0,0,0,0,0,0,0, 0,0,0,0,0,9,0,0,0,0
41920,0,244,-58.4,64,32,-8.17658,5.03026,0,0,0,0,0,0,0,0,0,0,0, 0,0,0,0,0,10,0,0,0,0
41920,1,23,-4.8,224,33,-2.81158,33.4822,0,0,0,0,0,0,0,0,0,0,0, 0,0,0,0,0,10,0,0,0,0
41920,2,286,-57.4,68,32,-8.59301,5.49546,0,0,0,0,0,0,0,0,0,0,0, 0,0,0,0,0,10,0,0,0,0
41920,3,241,-56.5,72,32,-9.00597,5.96092,0,0,0,0,0,0,0,0,0,0,0, 0,0,0,0,0,10,0,0,0,0
41920,4,154,-54.4,76,32,-9.26935,6.6362,0,0,0,0,0,0,0,0,0,0,0, 0,0,0,0,0,10,0,0,0,0
41920,5,104,-53.4,80,32,-9.63381,7.1547,0,0,0,0,0,0,0,0,0,0,0, 0,0,0,0,0,10,0,0,0,0
41920,6,22,-0.6,212,31.75,-0.333003,31.7983,0,0,0,0,0,0,0,0,0,0,0, 0,0,0,0,0,10,0,0,0,0
41920,7,30,-3.6,212,32.75,-1.99674,31.7372,0,0,0,0,0,0,0,0,0,0,0, 0,0,0,0,0,10,0,0,0,0
41920,8,25,-4.2,212,33,-2.32897,31.7146,0,0,0,0,0,0,0,0,0,0,0, 0,0,0,0,0,10,0,0,0,0
41920,9,26,0.6,216,31.75,0.339286,32.3982,0,0,0,0,0,0,0,0,0,0,0, 0,0,0,0,0,10,0,0,0,0
41920,10,39,-0.6,216,32.75,-0.339286,32.3982,0,0,0,0,0,0,0,0,0,0,0, 0,0,0,0,0,10,0,0,0,0
41920,11,39,0.1,216,33,0.0565486,32.4,0,0,0,0,0,0,0,0,0,0,0, 0,0,0,0,0,10,0,0,0,0
41920,12,137,-58.4,60,32,-7.66554,4.71587,0,0,0,0,0,0,0,0,0,0,0, 0,0,0,0,0,10,0,0,0,0
41920,13,35,0.6,220,31.75,0.345569,32.9982,0,0,0,0,0,0,0,0,0,0,0, 0,0,0,0,0,10,0,0,0,0
41920,14,43,-0.6,220,32.75,-0.345569,32.9982,0,0,0,0,0,0,0,0,0,0,0, 0,0,0,0,0,10,0,0,0,0
41920,15,37,-1.2,220,33,-0.6911,32.9928,0,0,0,0,0,0,0,0,0,0,0, 0,0,0,0,0,10,0,0,0,0
41960,0,244,-56.5,64,32,-8.0053,5.2986,0,7936,0,0,0,0,0,0,0,0,0, 0,0,0,0,0,11,0,0,0,0
41960,1,290,-56.5,68,32,-8.50564,5.62976,0,7936,0,0,0,0,0,0,0,0,0, 0,0,0,0,0,11,0,0,0,0
41960,2,243,-55.4,72,32,-8.88987,6.13271,0,7936,0,0,0,0,0,0,0,0,0, 0,0,0,0,0,11,0,0,0,0
41960,3,157,-53.4,76,32,-9.15212,6.79696,0,7936,0,0,0,0,0,0,0,0,0, 0,0,0,0,0,11,0,0,0,0
41960,4,103,-51.6,80,32,-9.40432,7.45377,0,7936,0,0,0,0,0,0,0,0,0, 0,0,0,0,0,11,0,0,0,0
41960,5,22,2.4,216,33,1.35677,32.3716,0,7936,0,0,0,0,0,0,0,0,0, 0,0,0,0,0,11,0,0,0,0
41960,6,140,-55.4,60,32,-7.40823,5.11059,0,7936,0,0,0,0,0,0,0,0,0, 0,0,0,0,0,11,0,0,0,0
42000,0,248,-56.5,64,32,-8.0053,5.2986,0,1140,0,0,0,0,0,0,0,0,0, 0,0,0,0,0,12,0,0,0,0
42000,1,30,0.1,224,31.75,0.058643,33.5999,0,1140,0,0,0,0,0,0,0,0,0, 0,0,0,0,0,12,0,0,0,0
42000,2,40,-1.8,224,32.75,-1.0554,33.5834,0,1140,0,0,0,0,0,0,0,0,0, 0,0,0,0,0,12,0,0,0,0
42000,3,40,-2.4,224,33,-1.40702,33.5705,0,1140,0,0,0,0,0,0,0,0,0, 0,0,0,0,0,12,0,0,0,0
42000,4,291,-56.5,68,32,-8.50564,5.62976,0,1140,0,0,0,0,0,0,0,0,0, 0,0,0,0,0,12,0,0,0,0
42000,5,242,-56.5,72,32,-9.00597,5.96092,0,1140,0,0,0,0,0,0,0,0,0, 0,0,0,0,0,12,0,0,0,0
42000,6,152,-55.4,76,32,-9.38375,6.47342,0,1140,0,0,0,0,0,0,0,0,0, 0,0,0,0,0,12,0,0,0,0
42000,7,98,-54.4,80,32,-9.75721,6.98548,0,1140,0,0,0,0,0,0,0,0,0, 0,0,0,0,0,12,0,0,0,0
42000,8,26,-3.6,216,31.75,-2.03441,32.3361,0,1140,0,0,0,0,0,0,0,0,0, 0,0,0,0,0,12,0,0,0,0
42000,9,40,-3.6,216,32.5,-2.03441,32.3361,0,1140,0,0,0,0,0,0,0,0,0, 0,0,0,0,0,12,0,0,0,0
42000,10,138,-58.4,60,32,-7.66554,4.71587,0,1140,0,0,0,0,0,0,0,0,0, 0,0,0,0,0,12,0,0,0,0
42000,11,20,4.2,220,33,2.41686,32.9114,0,1140,0,0,0,0,0,0,0,0,0, 0,0,0,0,0,12,0,0,0,0
42040,0,242,-56.5,64,32,-8.0053,5.2986,0,86,0,0,0,0,0,0,0,0,0, 0,0,0,0,0,13,0,0,0,0
42040,1,21,4.2,224,31.75,2.4608,33.5098,0,86,0,0,0,0,0,0,0,0,0, 0,0,0,0,0,13,0,0,0,0
42040,2,24,1.8,224,33,1.0554,33.5834,0,86,0,0,0,0,0,0,0,0,0, 0,0,0,0,0,13,0,0,0,0
42040,3,289,-56.5,68,32,-8.50564,5.62976,0,86,0,0,0,0,0,0,0,0,0, 0,0,0,0,0,13,0,0,0,0
42040,4,242,-55.4,72,32,-8.88987,6.13271,0,86,0,0,0,0,0,0,0,0,0, 0,0,0,0,0,13,0,0,0,0
42040,5,158,-53.4,76,32,-9.15212,6.79696,0,86,0,0,0,0,0,0,0,0,0, 0,0,0,0,0,13,0,0,0,0
42040,6,103,-53.4,80,32,-9.63381,7.1547,0,86,0,0,0,0,0,0,0,0,0, 0,0,0,0,0,13,0,0,0,0
42040,7,19,-4.2,208,33,-2.28503,31.1162,0,86,0,0,0,0,0,0,0,0,0, 0,0,0,0,0,13,0,0,0,0
42040,8,29,-1.8,212,32.5,-0.998862,31.7843,0,86,0,0,0,0,0,0,0,0,0, 0,0,0,0,0,13,0,0,0,0
42040,9,32,-5.4,216,33,-3.04911,32.2562,0,86,0,0,0,0,0,0,0,0,0, 0,0,0,0,0,13,0,0,0,0
42040,10,138,-58.4,60,32,-7.66554,4.71587,0,86,0,0,0,0,0,0,0,0,0, 0,0,0,0,0,13,0,0,0,0
42080,0,243,-57.4,64,32,-8.08754,5.1722,0,0,0,0,0,0,0,0,0,0,0, 0,0,0,0,0,14,0,0,0,0
42080,1,20,-1.2,224,33,-0.703665,33.5926,0,0,0,0,0,0,0,0,0,0,0, 0,0,0,0,0,14,0,0,0,0
42080,2,291,-56.5,68,32,-8.50564,5.62976,0,0,0,0,0,0,0,0,0,0,0, 0,0,0,0,0,14,0,0,0,0
42080,3,244,-55.4,72,32,-8.88987,6.13271,0,0,0,0,0,0,0,0,0,0,0, 0,0,0,0,0,14,0,0,0,0
42080,4,154,-54.4,76,32,-9.26935,6.6362,0,0,0,0,0,0,0,0,0,0,0, 0,0,0,0,0,14,0,0,0,0
42080,5,97,-54.4,80,32,-9.75721,6.98548,0,0,0,0,0,0,0,0,0,0,0, 0,0,0,0,0,14,0,0,0,0
42080,6,36,1.3,216,31.75,0.73507,32.3917,0,0,0,0,0,0,0,0,0,0,0, 0,0,0,0,0,14,0,0,0,0
42080,7,47,3.1,216,32.75,1.75215,32.3526,0,0,0,0,0,0,0,0,0,0,0, 0,0,0,0,0,14,0,0,0,0
42080,8,44,3.6,216,33,2.03441,32.3361,0,0,0,0,0,0,0,0,0,0,0, 0,0,0,0,0,14,0,0,0,0
42080,9,139,-56.5,60,32,-7.50497,4.96743,0,0,0,0,0,0,0,0,0,0,0, 0,0,0,0,0,14,0,0,0,0
42080,10,29,-2.4,220,31.75,-1.3819,32.9711,0,0,0,0,0,0,0,0,0,0,0, 0,0,0,0,0,14,0,0,0,0
42080,11,36,-0.6,220,32.75,-0.345569,32.9982,0,0,0,0,0,0,0,0,0,0,0, 0,0,0,0,0,14,0,0,0,0
42080,12,30,0.1,220,33,0.0575958,33,0,0,0,0,0,0,0,0,0,0,0, 0,0,0,0,0,14,0,0,0,0
42120,0,245,-55.4,64,32,-7.90211,5.4513,0,0,0,0,0,0,0,0,0,0,0, 0,0,0,0,0,15,0,0,0,0
42120,1,292,-55.4,68,32,-8.39599,5.79201,0,0,0,0,0,0,0,0,0,0,0, 0,0,0,0,0,15,0,0,0,0
42120,2,243,-54.4,72,32,-8.78149,6.28693,0,0,0,0,0,0,0,0,0,0,0, 0,0,0,0,0,15,0,0,0,0
42120,3,153,-54.4,76,32,-9.26935,6.6362,0,0,0,0,0,0,0,0,0,0,0, 0,0,0,0,0,15,0,0,0,0
42120,4,96,-55.4,80,32,-9.87764,6.81413,0,0,0,0,0,0,0,0,0,0,0, 0,0,0,0,0,15,0,0,0,0
42120,5,38,-3,216,31.75,-1.69569,32.3556,0,0,0,0,0,0,0,0,0,0,0, 0,0,0,0,0,15,0,0,0,0
42120,6,41,-1.2,216,33,-0.678535,32.3929,0,0,0,0,0,0,0,0,0,0,0, 0,0,0,0,0,15,0,0,0,0
42120,7,141,-55.4,60,32,-7.40823,5.11059,0,0,0,0,0,0,0,0,0,0,0, 0,0,0,0,0,15,0,0,0,0
42120,8,31,0.1,220,31.75,0.0575958,33,0,0,0,0,0,0,0,0,0,0,0, 0,0,0,0,0,15,0,0,0,0
42120,9,26,-1.2,220,33,-0.6911,32.9928,0,0,0,0,0,0,0,0,0,0,0, 0,0,0,0,0,15,0,0,0,0
42160,0,244,-56.5,64,32,-8.0053,5.2986,0,0,0,0,0,0,0,0,0,0,0, 0,0,0,0,0,0,0,0,0,0
42160,1,290,-56.5,68,32,-8.50564,5.62976,0,0,0,0,0,0,0,0,0,0,0, 0,0,0,0,0,0,0,0,0,0
42160,2,241,-55.4,72,32,-8.88987,6.13271,0,0,0,0,0,0,0,0,0,0,0, 0,0,0,0,0,0,0,0,0,0
42160,3,151,-54.4,76,32,-9.26935,6.6362,0,0,0,0,0,0,0,0,0,0,0, 0,0,0,0,0,0,0,0,0,0
42160,4,98,-54.4,80,32,-9.75721,6.98548,0,0,0,0,0,0,0,0,0,0,0, 0,0,0,0,0,0,0,0,0,0
42160,5,20,-0.6,208,31.75,-0.32672,31.1983,0,0,0,0,0,0,0,0,0,0,0, 0,0,0,0,0,0,0,0,0,0
42160,6,26,-4.2,212,31.75,-2.32897,31.7146,0,0,0,0,0,0,0,0,0,0,0, 0,0,0,0,0,0,0,0,0,0
42160,7,28,-4.2,212,33,-2.32897,31.7146,0,0,0,0,0,0,0,0,0,0,0, 0,0,0,0,0,0,0,0,0,0
42160,8,22,-2.4,216,31.75,-1.35677,32.3716,0,0,0,0,0,0,0,0,0,0,0, 0,0,0,0,0,0,0,0,0,0
42160,9,32,0.1,216,32.75,0.0565486,32.4,0,0,0,0,0,0,0,0,0,0,0, 0,0,0,0,0,0,0,0,0,0
42160,10,28,0.6,216,33,0.339286,32.3982,0,0,0,0,0,0,0,0,0,0,0, 0,0,0,0,0,0,0,0,0,0
42160,11,137,-56.5,60,32,-7.50497,4.96743,0,0,0,0,0,0,0,0,0,0,0, 0,0,0,0,0,0,0,0,0,0
42200,0,244,-57.4,64,32,-8.08754,5.1722,0,0,0,0,0,0,0,0,0,0,0, 0,0,0,0,0,1,0,0,0,0
42200,1,37,0.6,224,31.75,0.351852,33.5982,0,0,0,0,0,0,0,0,0,0,0, 0,0,0,0,0,1,0,0,0,0
42200,2,38,-1.8,224,33,-1.0554,33.5834,0,0,0,0,0,0,0,0,0,0,0, 0,0,0,0,0,1,0,0,0,0
42200,3,291,-56.5,68,32,-8.50564,5.62976,0,0,0,0,0,0,0,0,0,0,0, 0,0,0,0,0,1,0,0,0,0
42200,4,242,-56.5,72,32,-9.00597,5.96092,0,0,0,0,0,0,0,0,0,0,0, 0,0,0,0,0,1,0,0,0,0
42200,5,154,-54.4,76,32,-9.26935,6.6362,0,0,0,0,0,0,0,0,0,0,0, 0,0,0,0,0,1,0,0,0,0
42200,6,97,-56.5,80,32,-10.0066,6.62324,0,0,0,0,0,0,0,0,0,0,0, 0,0,0,0,0,1,0,0,0,0
42200,7,30,1.3,212,32.5,0.721457,31.7918,0,0,0,0,0,0,0,0,0,0,0, 0,0,0,0,0,1,0,0,0,0
42200,8,24,0.1,212,33,0.0555014,31.7999,0,0,0,0,0,0,0,0,0,0,0, 0,0,0,0,0,1,0,0,0,0
42200,9,39,0.1,216,31.75,0.0565486,32.4,0,0,0,0,0,0,0,0,0,0,0, 0,0,0,0,0,1,0,0,0,0
42200,10,140,-55.4,60,32,-7.40823,5.11059,0,0,0,0,0,0,0,0,0,0,0, 0,0,0,0,0,1,0,0,0,0
42200,11,37,-1.2,220,32.75,-0.6911,32.9928,0,0,0,0,0,0,0,0,0,0,0, 0,0,0,0,0,1,0,0,0,0
42200,12,37,-1.8,220,33,-1.03656,32.9837,0,0,0,0,0,0,0,0,0,0,0, 0,0,0,0,0,1,0,0,0,0
42240,0,252,-55.4,64,32,-7.90211,5.4513,0,0,0,0,0,0,0,0,0,0,0, 0,0,0,0,0,2,0,0,0,0
42240,1,29,0.6,224,33,0.351852,33.5982,0,0,0,0,0,0,0,0,0,0,0, 0,0,0,0,0,2,0,0,0,0
42240,2,295,-55.4,68,32,-8.39599,5.79201,0,0,0,0,0,0,0,0,0,0,0, 0,0,0,0,0,2,0,0,0,0
42240,3,246,-55.4,72,32,-8.88987,6.13271,0,0,0,0,0,0,0,0,0,0,0, 0,0,0,0,0,2,0,0,0,0
42240,4,154,-53.4,76,32,-9.15212,6.79696,0,0,0,0,0,0,0,0,0,0,0, 0,0,0,0,0,2,0,0,0,0
42240,5,99,-54.4,80,32,-9.75721,6.98548,0,0,0,0,0,0,0,0,0,0,0, 0,0,0,0,0,2,0,0,0,0
42240,6,20,-4.2,212,33,-2.32897,31.7146,0,0,0,0,0,0,0,0,0,0,0, 0,0,0,0,0,2,0,0,0,0
42240,7,140,-56.5,60,32,-7.50497,4.96743,0,0,0,0,0,0,0,0,0,0,0, 0,0,0,0,0,2,0,0,0,0
42280,0,246,-56.5,64,32,-8.0053,5.2986,0,0,0,0,0,0,0,0,0,0,0, 0,0,0,0,0,3,0,0,0,0
42280,1,22,4.8,224,31.75,2.81158,33.4822,0,0,0,0,0,0,0,0,0,0,0, 0,0,0,0,0,3,0,0,0,0
42280,2,290,-55.4,68,32,-8.39599,5.79201,0,0,0,0,0,0,0,0,0,0,0, 0,0,0,0,0,3,0,0,0,0
42280,3,41,68.6,8,33,1.11727,0.437852,0,0,0,0,0,0,0,0,0,0,0, 0,0,0,0,0,3,0,0,0,0
42280,4,244,-55.4,72,32,-8.88987,6.13271,0,0,0,0,0,0,0,0,0,0,0, 0,0,0,0,0,3,0,0,0,0
42280,5,160,-54.4,76,32,-9.26935,6.6362,0,0,0,0,0,0,0,0,0,0,0, 0,0,0,0,0,3,0,0,0,0
42280,6,104,-55.4,80,32,-9.87764,6.81413,0,0,0,0,0,0,0,0,0,0,0, 0,0,0,0,0,3,0,0,0,0
42280,7,24,-0.6,212,31.75,-0.333003,31.7983,0,0,0,0,0,0,0,0,0,0,0, 0,0,0,0,0,3,0,0,0,0
42280,8,25,-1.2,212,33,-0.665969,31.793,0,0,0,0,0,0,0,0,0,0,0, 0,0,0,0,0,3,0,0,0,0
42280,9,139,-56.5,60,32,-7.50497,4.96743,0,0,0,0,0,0,0,0,0,0,0, 0,0,0,0,0,3,0,0,0,0
42280,10,22,3.1,220,31.75,1.7846,32.9517,0,0,0,0,0,0,0,0,0,0,0, 0,0,0,0,0,3,0,0,0,0
42320,0,248,-56.5,64,32,-8.0053,5.2986,0,0,0,0,0,0,0,0,0,0,0, 0,0,0,0,0,4,0,0,0,0
42320,1,295,-56.5,68,32,-8.50564,5.62976,0,0,0,0,0,0,0,0,0,0,0, 0,0,0,0,0,4,0,0,0,0
42320,2,245,-56.5,72,32,-9.00597,5.96092,0,0,0,0,0,0,0,0,0,0,0, 0,0,0,0,0,4,0,0,0,0
42320,3,155,-55.4,76,32,-9.38375,6.47342,0,0,0,0,0,0,0,0,0,0,0, 0,0,0,0,0,4,0,0,0,0
42320,4,101,-55.4,80,32,-9.87764,6.81413,0,0,0,0,0,0,0,0,0,0,0, 0,0,0,0,0,4,0,0,0,0
42320,5,141,-55.4,60,32,-7.40823,5.11059,0,0,0,0,0,0,0,0,0,0,0, 0,0,0,0,0,4,0,0,0,0
42320,6,23,1.8,220,31.75,1.03656,32.9837,0,0,0,0,0,0,0,0,0,0,0, 0,0,0,0,0,4,0,0,0,0
42360,0,249,-55.4,64,32,-7.90211,5.4513,0,0,0,0,0,0,0,0,0,0,0, 0,0,0,0,0,5,0,0,0,0
42360,1,296,-55.4,68,32,-8.39599,5.79201,0,0,0,0,0,0,0,0,0,0,0, 0,0,0,0,0,5,0,0,0,0
42360,2,246,-55.4,72,32,-8.88987,6.13271,0,0,0,0,0,0,0,0,0,0,0, 0,0,0,0,0,5,0,0,0,0
42360,3,157,-54.4,76,32,-9.26935,6.6362,0,0,0,0,0,0,0,0,0,0,0, 0,0,0,0,0,5,0,0,0,0
42360,4,102,-54.4,80,32,-9.75721,6.98548,0,0,0,0,0,0,0,0,0,0,0, 0,0,0,0,0,5,0,0,0,0
42360,5,21,3.6,212,31.75,1.99674,31.7372,0,0,0,0,0,0,0,0,0,0,0, 0,0,0,0,0,5,0,0,0,0
42360,6,25,2.4,212,33,1.33165,31.7721,0,0,0,0,0,0,0,0,0,0,0, 0,0,0,0,0,5,0,0,0,0
42360,7,31,0.1,216,31.75,0.0565486,32.4,0,0,0,0,0,0,0,0,0,0,0, 0,0,0,0,0,5,0,0,0,0
42360,8,27,0.6,216,33,0.339286,32.3982,0,0,0,0,0,0,0,0,0,0,0, 0,0,0,0,0,5,0,0,0,0
42360,9,137,-56.5,60,32,-7.50497,4.96743,0,0,0,0,0,0,0,0,0,0,0, 0,0,0,0,0,5,0,0,0,0
42360,10,24,5.4,220,31.75,3.10557,32.8535,0,0,0,0,0,0,0,0,0,0,0, 0,0,0,0,0,5,0,0,0,0
42400,0,248,-55.4,64,32,-7.90211,5.4513,0,0,0,0,0,0,0,0,0,0,0, 0,0,0,0,0,6,0,0,0,0
42400,1,295,-55.4,68,32,-8.39599,5.79201,0,0,0,0,0,0,0,0,0,0,0, 0,0,0,0,0,6,0,0,0,0
42400,2,247,-54.4,72,32,-8.78149,6.28693,0,0,0,0,0,0,0,0,0,0,0, 0,0,0,0,0,6,0,0,0,0
42400,3,159,-53.4,76,32,-9.15212,6.79696,0,0,0,0,0,0,0,0,0,0,0, 0,0,0,0,0,6,0,0,0,0
42400,4,104,-51.6,80,32,-9.40432,7.45377,0,0,0,0,0,0,0,0,0,0,0, 0,0,0,0,0,6,0,0,0,0
42400,5,31,-3,216,31.75,-1.69569,32.3556,0,0,0,0,0,0,0,0,0,0,0, 0,0,0,0,0,6,0,0,0,0
42400,6,40,-0.6,216,32.75,-0.339286,32.3982,0,0,0,0,0,0,0,0,0,0,0, 0,0,0,0,0,6,0,0,0,0
42400,7,36,0.1,216,33,0.0565486,32.4,0,0,0,0,0,0,0,0,0,0,0, 0,0,0,0,0,6,0,0,0,0
42400,8,139,-55.4,60,32,-7.40823,5.11059,0,0,0,0,0,0,0,0,0,0,0, 0,0,0,0,0,6,0,0,0,0
42400,9,23,6.1,220,33,3.50671,32.8132,0,0,0,0,0,0,0,0,0,0,0, 0,0,0,0,0,6,0,0,0,0
42440,0,244,-57.4,64,32,-8.08754,5.1722,0,0,0,0,0,0,0,0,0,0,0, 0,0,0,0,0,7,0,0,0,0
42440,1,287,-57.4,68,32,-8.59301,5.49546,0,0,0,0,0,0,0,0,0,0,0, 0,0,0,0,0,7,0,0,0,0
42440,2,39,67.6,8,33,1.10946,0.457284,0,0,0,0,0,0,0,0,0,0,0, 0,0,0,0,0,7,0,0,0,0
42440,3,241,-56.5,72,32,-9.00597,5.96092,0,0,0,0,0,0,0,0,0,0,0, 0,0,0,0,0,7,0,0,0,0
42440,4,153,-55.4,76,32,-9.38375,6.47342,0,0,0,0,0,0,0,0,0,0,0, 0,0,0,0,0,7,0,0,0,0
42440,5,97,-56.5,80,32,-10.0066,6.62324,0,0,0,0,0,0,0,0,0,0,0, 0,0,0,0,0,7,0,0,0,0
42440,6,22,0.1,216,31.75,0.0565486,32.4,0,0,0,0,0,0,0,0,0,0,0, 0,0,0,0,0,7,0,0,0,0
42440,7,27,-3,216,33,-1.69569,32.3556,0,0,0,0,0,0,0,0,0,0,0, 0,0,0,0,0,7,0,0,0,0
42440,8,139,-55.4,60,32,-7.40823,5.11059,0,0,0,0,0,0,0,0,0,0,0, 0,0,0,0,0,7,0,0,0,0
42480,0,248,-56.5,64,32,-8.0053,5.2986,0,0,0,0,0,0,0,0,0,0,0, 0,0,0,0,0,8,0,0,0,0
42480,1,29,4.2,224,31.75,2.4608,33.5098,0,0,0,0,0,0,0,0,0,0,0, 0,0,0,0,0,8,0,0,0,0
42480,2,25,1.8,224,33,1.0554,33.5834,0,0,0,0,0,0,0,0,0,0,0, 0,0,0,0,0,8,0,0,0,0
42480,3,292,-56.5,68,32,-8.50564,5.62976,0,0,0,0,0,0,0,0,0,0,0, 0,0,0,0,0,8,0,0,0,0
42480,4,241,-56.5,72,32,-9.00597,5.96092,0,0,0,0,0,0,0,0,0,0,0, 0,0,0,0,0,8,0,0,0,0
42480,5,155,-54.4,76,32,-9.26935,6.6362,0,0,0,0,0,0,0,0,0,0,0, 0,0,0,0,0,8,0,0,0,0
42480,6,102,-58.4,80,32,-10.2207,6.28783,0,0,0,0,0,0,0,0,0,0,0, 0,0,0,0,0,8,0,0,0,0
42480,7,25,1.8,216,32.75,1.01771,32.384,0,0,0,0,0,0,0,0,0,0,0, 0,0,0,0,0,8,0,0,0,0
42480,8,24,2.4,216,33,1.35677,32.3716,0,0,0,0,0,0,0,0,0,0,0, 0,0,0,0,0,8,0,0,0,0
42480,9,136,-56.5,60,32,-7.50497,4.96743,0,0,0,0,0,0,0,0,0,0,0, 0,0,0,0,0,8,0,0,0,0
42480,10,14,9.4,220,31.75,5.38976,32.5569,0,0,0,0,0,0,0,0,0,0,0, 0,0,0,0,0,8,0,0,0,0
42480,11,25,8.3,220,32.5,4.76375,32.6544,0,0,0,0,0,0,0,0,0,0,0, 0,0,0,0,0,8,0,0,0,0
42520,0,243,-56.5,64,32,-8.0053,5.2986,0,1334,0,0,0,0,0,0,0,0,0, 0,0,0,0,0,9,0,0,0,0
42520,1,28,0.6,224,31.75,0.351852,33.5982,0,1334,0,0,0,0,0,0,0,0,0, 0,0,0,0,0,9,0,0,0,0
42520,2,26,-1.2,224,32.25,-0.703665,33.5926,0,1334,0,0,0,0,0,0,0,0,0, 0,0,0,0,0,9,0,0,0,0
42520,3,287,-56.5,68,32,-8.50564,5.62976,0,1334,0,0,0,0,0,0,0,0,0, 0,0,0,0,0,9,0,0,0,0
42520,4,243,-55.4,72,32,-8.88987,6.13271,0,1334,0,0,0,0,0,0,0,0,0, 0,0,0,0,0,9,0,0,0,0
42520,5,158,-53.4,76,32,-9.15212,6.79696,0,1334,0,0,0,0,0,0,0,0,0, 0,0,0,0,0,9,0,0,0,0
42520,6,107,-55.4,80,32,-9.87764,6.81413,0,1334,0,0,0,0,0,0,0,0,0, 0,0,0,0,0,9,0,0,0,0
42520,7,137,-56.5,60,32,-7.50497,4.96743,0,1334,0,0,0,0,0,0,0,0,0, 0,0,0,0,0,9,0,0,0,0
42560,0,246,-56.5,64,32,-8.0053,5.2986,0,0,0,0,0,0,0,0,0,0,0, 0,0,0,0,0,10,0,0,0,0
42560,1,292,-56.5,68,32,-8.50564,5.62976,0,0,0,0,0,0,0,0,0,0,0, 0,0,0,0,0,10,0,0,0,0
42560,2,246,-55.4,72,32,-8.88987,6.13271,0,0,0,0,0,0,0,0,0,0,0, 0,0,0,0,0,10,0,0,0,0
42560,3,159,-51.6,76,32,-8.93411,7.08108,0,0,0,0,0,0,0,0,0,0,0, 0,0,0,0,0,10,0,0,0,0
42560,4,105,-51.6,80,32,-9.40432,7.45377,0,0,0,0,0,0,0,0,0,0,0, 0,0,0,0,0,10,0,0,0,0
42560,5,140,-55.4,60,32,-7.40823,5.11059,0,0,0,0,0,0,0,0,0,0,0, 0,0,0,0,0,10,0,0,0,0
42600,0,248,-55.4,64,32,-7.90211,5.4513,0,7936,0,0,0,0,0,0,0,0,0, 0,0,0,0,0,11,0,0,0,0
42600,1,17,3.1,224,31.75,1.81705,33.5508,0,7936,0,0,0,0,0,0,0,0,0, 0,0,0,0,0,11,0,0,0,0
42600,2,294,-55.4,68,32,-8.39599,5.79201,0,7936,0,0,0,0,0,0,0,0,0, 0,0,0,0,0,11,0,0,0,0
42600,3,245,-54.4,72,32,-8.78149,6.28693,0,7936,0,0,0,0,0,0,0,0,0, 0,0,0,0,0,11,0,0,0,0
42600,4,160,-51.6,76,32,-8.93411,7.08108,0,7936,0,0,0,0,0,0,0,0,0, 0,0,0,0,0,11,0,0,0,0
42600,5,107,-51.6,80,32,-9.40432,7.45377,0,7936,0,0,0,0,0,0,0,0,0, 0,0,0,0,0,11,0,0,0,0
42600,6,149,-53.4,60,32,-7.22536,5.36602,0,7936,0,0,0,0,0,0,0,0,0, 0,0,0,0,0,11,0,0,0,0
42640,0,253,-55.4,64,32,-7.90211,5.4513,0,1140,0,0,0,0,0,0,0,0,0, 0,0,0,0,0,12,0,0,0,0
42640,1,295,-55.4,68,32,-8.39599,5.79201,0,1140,0,0,0,0,0,0,0,0,0, 0,0,0,0,0,12,0,0,0,0
42640,2,41,69.6,8,33,1.12474,0.418287,0,1140,0,0,0,0,0,0,0,0,0, 0,0,0,0,0,12,0,0,0,0
42640,3,247,-54.4,72,32,-8.78149,6.28693,0,1140,0,0,0,0,0,0,0,0,0, 0,0,0,0,0,12,0,0,0,0
42640,4,164,-49.8,76,32,-8.70727,7.35822,0,1140,0,0,0,0,0,0,0,0,0, 0,0,0,0,0,12,0,0,0,0
42640,5,115,-45,80,32,-8.48528,8.48528,0,1140,0,0,0,0,0,0,0,0,0, 0,0,0,0,0,12,0,0,0,0
42640,6,86,-44.2,84,32,-8.78428,9.03307,0,1140,0,0,0,0,0,0,0,0,0, 0,0,0,0,0,12,0,0,0,0
42640,7,21,-1.8,216,32.75,-1.01771,32.384,0,1140,0,0,0,0,0,0,0,0,0, 0,0,0,0,0,12,0,0,0,0
42640,8,137,-56.5,60,32,-7.50497,4.96743,0,1140,0,0,0,0,0,0,0,0,0, 0,0,0,0,0,12,0,0,0,0
42680,0,245,-55.4,64,32,-7.90211,5.4513,0,86,0,0,0,0,0,0,0,0,0, 0,0,0,0,0,13,0,0,0,0
42680,1,293,-54.4,68,32,-8.29363,5.93765,0,86,0,0,0,0,0,0,0,0,0, 0,0,0,0,0,13,0,0,0,0
42680,2,48,67.6,8,33,1.10946,0.457284,0,86,0,0,0,0,0,0,0,0,0, 0,0,0,0,0,13,0,0,0,0
42680,3,245,-54.4,72,32,-8.78149,6.28693,0,86,0,0,0,0,0,0,0,0,0, 0,0,0,0,0,13,0,0,0,0
42680,4,163,-49.8,76,32,-8.70727,7.35822,0,86,0,0,0,0,0,0,0,0,0, 0,0,0,0,0,13,0,0,0,0
42680,5,116,-45,80,32,-8.48528,8.48528,0,86,0,0,0,0,0,0,0,0,0, 0,0,0,0,0,13,0,0,0,0
42680,6,85,-46.7,84,32,-9.16994,8.64131,0,86,0,0,0,0,0,0,0,0,0, 0,0,0,0,0,13,0,0,0,0
42680,7,27,0.6,212,33,0.333003,31.7983,0,86,0,0,0,0,0,0,0,0,0, 0,0,0,0,0,13,0,0,0,0
42680,8,140,-56.5,60,32,-7.50497,4.96743,0,86,0,0,0,0,0,0,0,0,0, 0,0,0,0,0,13,0,0,0,0
42680,9,23,-1.8,220,31.75,-1.03656,32.9837,0,86,0,0,0,0,0,0,0,0,0, 0,0,0,0,0,13,0,0,0,0
42720,0,246,-55.4,64,32,-7.90211,5.4513,0,0,0,0,0,0,0,0,0,0,0, 0,0,0,0,0,14,0,0,0,0
42720,1,292,-55.4,68,32,-8.39599,5.79201,0,0,0,0,0,0,0,0,0,0,0, 0,0,0,0,0,14,0,0,0,0
42720,2,244,-55.4,72,32,-8.88987,6.13271,0,0,0,0,0,0,0,0,0,0,0, 0,0,0,0,0,14,0,0,0,0
42720,3,159,-51.6,76,32,-8.93411,7.08108,0,0,0,0,0,0,0,0,0,0,0, 0,0,0,0,0,14,0,0,0,0
42720,4,108,-48,80,32,-8.91774,8.02957,0,0,0,0,0,0,0,0,0,0,0, 0,0,0,0,0,14,0,0,0,0
42720,5,26,1.3,212,32.75,0.721457,31.7918,0,0,0,0,0,0,0,0,0,0,0, 0,0,0,0,0,14,0,0,0,0
42720,6,28,1.3,212,33,0.721457,31.7918,0,0,0,0,0,0,0,0,0,0,0, 0,0,0,0,0,14,0,0,0,0
42720,7,137,-54.4,60,32,-7.31791,5.23911,0,0,0,0,0,0,0,0,0,0,0, 0,0,0,0,0,14,0,0,0,0
42760,0,246,-55.4,64,32,-7.90211,5.4513,0,0,0,0,0,0,0,0,0,0,0, 0,0,0,0,0,15,0,0,0,0
42760,1,290,-55.4,68,32,-8.39599,5.79201,0,0,0,0,0,0,0,0,0,0,0, 0,0,0,0,0,15,0,0,0,0
42760,2,240,-56.5,72,32,-9.00597,5.96092,0,0,0,0,0,0,0,0,0,0,0, 0,0,0,0,0,15,0,0,0,0
42760,3,155,-53.4,76,32,-9.15212,6.79696,0,0,0,0,0,0,0,0,0,0,0, 0,0,0,0,0,15,0,0,0,0
42760,4,108,-45.9,80,32,-8.61752,8.35095,0,0,0,0,0,0,0,0,0,0,0, 0,0,0,0,0,15,0,0,0,0
42760,5,19,5.4,212,32.75,2.99264,31.6589,0,0,0,0,0,0,0,0,0,0,0, 0,0,0,0,0,15,0,0,0,0
42760,6,21,5.4,212,33,2.99264,31.6589,0,0,0,0,0,0,0,0,0,0,0, 0,0,0,0,0,15,0,0,0,0
42760,7,137,-58.4,60,32,-7.66554,4.71587,0,0,0,0,0,0,0,0,0,0,0, 0,0,0,0,0,15,0,0,0,0
42800,0,244,-57.4,64,32,-8.08754,5.1722,0,0,0,0,0,0,0,0,0,0,0, 0,0,0,0,0,0,0,0,0,0
42800,1,288,-56.5,68,32,-8.50564,5.62976,0,0,0,0,0,0,0,0,0,0,0, 0,0,0,0,0,0,0,0,0,0
42800,2,242,-56.5,72,32,-9.00597,5.96092,0,0,0,0,0,0,0,0,0,0,0, 0,0,0,0,0,0,0,0,0,0
42800,3,157,-54.4,76,32,-9.26935,6.6362,0,0,0,0,0,0,0,0,0,0,0, 0,0,0,0,0,0,0,0,0,0
42800,4,110,-48,80,32,-8.91774,8.02957,0,0,0,0,0,0,0,0,0,0,0, 0,0,0,0,0,0,0,0,0,0
42800,5,19,-0.6,208,33,-0.32672,31.1983,0,0,0,0,0,0,0,0,0,0,0, 0,0,0,0,0,0,0,0,0,0
42800,6,17,-1.8,212,31.75,-0.998862,31.7843,0,0,0,0,0,0,0,0,0,0,0, 0,0,0,0,0,0,0,0,0,0
42800,7,139,-54.4,60,32,-7.31791,5.23911,0,0,0,0,0,0,0,0,0,0,0, 0,0,0,0,0,0,0,0,0,0
42840,0,244,-56.5,64,32,-8.0053,5.2986,0,0,0,0,0,0,0,0,0,0,0, 0,0,0,0,0,1,0,0,0,0
42840,1,287,-56.5,68,32,-8.50564,5.62976,0,0,0,0,0,0,0,0,0,0,0, 0,0,0,0,0,1,0,0,0,0
42840,2,41,66.6,8,33,1.10131,0.476577,0,0,0,0,0,0,0,0,0,0,0, 0,0,0,0,0,1,0,0,0,0
42840,3,239,-56.5,72,32,-9.00597,5.96092,0,0,0,0,0,0,0,0,0,0,0, 0,0,0,0,0,1,0,0,0,0
42840,4,156,-53.4,76,32,-9.15212,6.79696,0,0,0,0,0,0,0,0,0,0,0, 0,0,0,0,0,1,0,0,0,0
42840,5,111,-45.9,80,32,-8.61752,8.35095,0,0,0,0,0,0,0,0,0,0,0, 0,0,0,0,0,1,0,0,0,0
42840,6,86,-45.9,84,32,-9.04839,8.7685,0,0,0,0,0,0,0,0,0,0,0, 0,0,0,0,0,1,0,0,0,0
42840,7,28,-3.6,216,32.75,-2.03441,32.3361,0,0,0,0,0,0,0,0,0,0,0, 0,0,0,0,0,1,0,0,0,0
42840,8,27,-3.6,216,33,-2.03441,32.3361,0,0,0,0,0,0,0,0,0,0,0, 0,0,0,0,0,1,0,0,0,0
42840,9,139,-55.4,60,32,-7.40823,5.11059,0,0,0,0,0,0,0,0,0,0,0, 0,0,0,0,0,1,0,0,0,0
42880,0,250,-55.4,64,32,-7.90211,5.4513,0,0,0,0,0,0,0,0,0,0,0, 0,0,0,0,0,2,0,0,0,0
42880,1,295,-55.4,68,32,-8.39599,5.79201,0,0,0,0,0,0,0,0,0,0,0, 0,0,0,0,0,2,0,0,0,0
42880,2,245,-53.4,72,32,-8.67043,6.43923,0,0,0,0,0,0,0,0,0,0,0, 0,0,0,0,0,2,0,0,0,0
42880,3,159,-49.8,76,32,-8.70727,7.35822,0,0,0,0,0,0,0,0,0,0,0, 0,0,0,0,0,2,0,0,0,0
42880,4,113,-45,80,32,-8.48528,8.48528,0,0,0,0,0,0,0,0,0,0,0, 0,0,0,0,0,2,0,0,0,0
42880,5,94,-42.9,84,32,-8.57708,9.23004,0,0,0,0,0,0,0,0,0,0,0, 0,0,0,0,0,2,0,0,0,0
42880,6,22,1.3,216,31.75,0.73507,32.3917,0,0,0,0,0,0,0,0,0,0,0, 0,0,0,0,0,2,0,0,0,0
42880,7,143,-53.4,60,32,-7.22536,5.36602,0,0,0,0,0,0,0,0,0,0,0, 0,0,0,0,0,2,0,0,0,0
42880,8,22,0.6,220,33,0.345569,32.9982,0,0,0,0,0,0,0,0,0,0,0, 0,0,0,0,0,2,0,0,0,0
42920,0,244,-56.5,64,32,-8.0053,5.2986,0,0,0,0,0,0,0,0,0,0,0, 0,0,0,0,0,3,0,0,0,0
42920,1,285,-57.4,68,32,-8.59301,5.49546,0,0,0,0,0,0,0,0,0,0,0, 0,0,0,0,0,3,0,0,0,0
42920,2,237,-56.5,72,32,-9.00597,5.96092,0,0,0,0,0,0,0,0,0,0,0, 0,0,0,0,0,3,0,0,0,0
42920,3,155,-53.4,76,32,-9.15212,6.79696,0,0,0,0,0,0,0,0,0,0,0, 0,0,0,0,0,3,0,0,0,0
42920,4,113,-45.9,80,32,-8.61752,8.35095,0,0,0,0,0,0,0,0,0,0,0, 0,0,0,0,0,3,0,0,0,0
42920,5,94,-44.2,84,32,-8.78428,9.03307,0,0,0,0,0,0,0,0,0,0,0, 0,0,0,0,0,3,0,0,0,0
42920,6,23,4.2,216,33,2.37292,32.313,0,0,0,0,0,0,0,0,0,0,0, 0,0,0,0,0,3,0,0,0,0
42920,7,139,-54.4,60,32,-7.31791,5.23911,0,0,0,0,0,0,0,0,0,0,0, 0,0,0,0,0,3,0,0,0,0
42920,8,26,0.1,220,31.75,0.0575958,33,0,0,0,0,0,0,0,0,0,0,0, 0,0,0,0,0,3,0,0,0,0
42920,9,24,0.1,220,33,0.0575958,33,0,0,0,0,0,0,0,0,0,0,0, 0,0,0,0,0,3,0,0,0,0
42960,0,244,-55.4,64,32,-7.90211,5.4513,0,0,0,0,0,0,0,0,0,0,0, 0,0,0,0,0,4,0,0,0,0
42960,1,287,-55.4,68,32,-8.39599,5.79201,0,0,0,0,0,0,0,0,0,0,0, 0,0,0,0,0,4,0,0,0,0
42960,2,238,-55.4,72,32,-8.88987,6.13271,0,0,0,0,0,0,0,0,0,0,0, 0,0,0,0,0,4,0,0,0,0
42960,3,155,-53.4,76,32,-9.15212,6.79696,0,0,0,0,0,0,0,0,0,0,0, 0,0,0,0,0,4,0,0,0,0
42960,4,115,-45,80,32,-8.48528,8.48528,0,0,0,0,0,0,0,0,0,0,0, 0,0,0,0,0,4,0,0,0,0
42960,5,98,-42.9,84,32,-8.57708,9.23004,0,0,0,0,0,0,0,0,0,0,0, 0,0,0,0,0,4,0,0,0,0
42960,6,21,2.4,216,33,1.35677,32.3716,0,0,0,0,0,0,0,0,0,0,0, 0,0,0,0,0,4,0,0,0,0
42960,7,134,-57.4,60,32,-7.58207,4.84894,0,0,0,0,0,0,0,0,0,0,0, 0,0,0,0,0,4,0,0,0,0
43000,0,242,-57.4,64,32,-8.08754,5.1722,0,0,0,0,0,0,0,0,0,0,0, 0,0,0,0,0,5,0,0,0,0
43000,1,289,-56.5,68,32,-8.50564,5.62976,0,0,0,0,0,0,0,0,0,0,0, 0,0,0,0,0,5,0,0,0,0
43000,2,242,-55.4,72,32,-8.88987,6.13271,0,0,0,0,0,0,0,0,0,0,0, 0,0,0,0,0,5,0,0,0,0
43000,3,156,-51.6,76,32,-8.93411,7.08108,0,0,0,0,0,0,0,0,0,0,0, 0,0,0,0,0,5,0,0,0,0
43000,4,111,-45.9,80,32,-8.61752,8.35095,0,0,0,0,0,0,0,0,0,0,0, 0,0,0,0,0,5,0,0,0,0
43000,5,88,-48,84,32,-9.36363,8.43105,0,0,0,0,0,0,0,0,0,0,0, 0,0,0,0,0,5,0,0,0,0
43000,6,25,1.8,212,33,0.998862,31.7843,0,0,0,0,0,0,0,0,0,0,0, 0,0,0,0,0,5,0,0,0,0
43000,7,135,-56.5,60,32,-7.50497,4.96743,0,0,0,0,0,0,0,0,0,0,0, 0,0,0,0,0,5,0,0,0,0
43040,0,244,-56.5,64,32,-8.0053,5.2986,0,0,0,0,0,0,0,0,0,0,0, 0,0,0,0,0,6,0,0,0,0
43040,1,14,3.1,224,31.75,1.81705,33.5508,0,0,0,0,0,0,0,0,0,0,0, 0,0,0,0,0,6,0,0,0,0
43040,2,21,0.1,224,32.75,0.058643,33.5999,0,0,0,0,0,0,0,0,0,0,0, 0,0,0,0,0,6,0,0,0,0
43040,3,19,-1.2,224,33,-0.703665,33.5926,0,0,0,0,0,0,0,0,0,0,0, 0,0,0,0,0,6,0,0,0,0
43040,4,292,-55.4,68,32,-8.39599,5.79201,0,0,0,0,0,0,0,0,0,0,0, 0,0,0,0,0,6,0,0,0,0
43040,5,245,-54.4,72,32,-8.78149,6.28693,0,0,0,0,0,0,0,0,0,0,0, 0,0,0,0,0,6,0,0,0,0
43040,6,161,-49.8,76,32,-8.70727,7.35822,0,0,0,0,0,0,0,0,0,0,0, 0,0,0,0,0,6,0,0,0,0
43040,7,114,-45.9,80,32,-8.61752,8.35095,0,0,0,0,0,0,0,0,0,0,0, 0,0,0,0,0,6,0,0,0,0
43040,8,23,10.6,208,32.75,5.73928,30.6676,0,0,0,0,0,0,0,0,0,0,0, 0,0,0,0,0,6,0,0,0,0
43040,9,86,-51.6,84,32,-9.87454,7.82646,0,0,0,0,0,0,0,0,0,0,0, 0,0,0,0,0,6,0,0,0,0
43040,10,24,2.4,212,31.75,1.33165,31.7721,0,0,0,0,0,0,0,0,0,0,0, 0,0,0,0,0,6,0,0,0,0
43040,11,35,0.6,212,32.75,0.333003,31.7983,0,0,0,0,0,0,0,0,0,0,0, 0,0,0,0,0,6,0,0,0,0
43040,12,30,0.1,212,33,0.0555014,31.7999,0,0,0,0,0,0,0,0,0,0,0, 0,0,0,0,0,6,0,0,0,0
43040,13,34,1.3,216,32.75,0.73507,32.3917,0,0,0,0,0,0,0,0,0,0,0, 0,0,0,0,0,6,0,0,0,0
43040,14,33,0.1,216,33,0.0565486,32.4,0,0,0,0,0,0,0,0,0,0,0, 0,0,0,0,0,6,0,0,0,0
43040,15,140,-56.5,60,32,-7.50497,4.96743,0,0,0,0,0,0,0,0,0,0,0, 0,0,0,0,0,6,0,0,0,0
43080,0,246,-56.5,64,32,-8.0053,5.2986,0,0,0,0,0,0,0,0,0,0,0, 0,0,0,0,0,7,0,0,0,0
43080,1,291,-55.4,68,32,-8.39599,5.79201,0,0,0,0,0,0,0,0,0,0,0, 0,0,0,0,0,7,0,0,0,0
43080,2,242,-54.4,72,32,-8.78149,6.28693,0,0,0,0,0,0,0,0,0,0,0, 0,0,0,0,0,7,0,0,0,0
43080,3,160,-49.8,76,32,-8.70727,7.35822,0,0,0,0,0,0,0,0,0,0,0, 0,0,0,0,0,7,0,0,0,0
43080,4,116,-45,80,32,-8.48528,8.48528,0,0,0,0,0,0,0,0,0,0,0, 0,0,0,0,0,7,0,0,0,0
43080,5,95,-45.9,84,32,-9.04839,8.7685,0,0,0,0,0,0,0,0,0,0,0, 0,0,0,0,0,7,0,0,0,0
43080,6,20,4.2,212,33,2.32897,31.7146,0,0,0,0,0,0,0,0,0,0,0, 0,0,0,0,0,7,0,0,0,0
43080,7,137,-55.4,60,32,-7.40823,5.11059,0,0,0,0,0,0,0,0,0,0,0, 0,0,0,0,0,7,0,0,0,0
43120,0,244,-56.5,64,32,-8.0053,5.2986,0,0,0,0,0,0,0,0,0,0,0, 0,0,0,0,0,8,0,0,0,0
43120,1,288,-55.4,68,32,-8.39599,5.79201,0,0,0,0,0,0,0,0,0,0,0, 0,0,0,0,0,8,0,0,0,0
43120,2,243,-54.4,72,32,-8.78149,6.28693,0,0,0,0,0,0,0,0,0,0,0, 0,0,0,0,0,8,0,0,0,0
43120,3,156,-51.6,76,32,-8.93411,7.08108,0,0,0,0,0,0,0,0,0,0,0, 0,0,0,0,0,8,0,0,0,0
43120,4,114,-45,80,32,-8.48528,8.48528,0,0,0,0,0,0,0,0,0,0,0, 0,0,0,0,0,8,0,0,0,0
43120,5,93,-45.9,84,32,-9.04839,8.7685,0,0,0,0,0,0,0,0,0,0,0, 0,0,0,0,0,8,0,0,0,0
43120,6,138,-56.5,60,32,-7.50497,4.96743,0,0,0,0,0,0,0,0,0,0,0, 0,0,0,0,0,8,0,0,0,0
43160,0,242,-56.5,64,32,-8.0053,5.2986,0,1334,0,0,0,0,0,0,0,0,0, 0,0,0,0,0,9,0,0,0,0
43160,1,288,-56.5,68,32,-8.50564,5.62976,0,1334,0,0,0,0,0,0,0,0,0, 0,0,0,0,0,9,0,0,0,0
43160,2,240,-56.5,72,32,-9.00597,5.96092,0,1334,0,0,0,0,0,0,0,0,0, 0,0,0,0,0,9,0,0,0,0
43160,3,159,-49.8,76,32,-8.70727,7.35822,0,1334,0,0,0,0,0,0,0,0,0, 0,0,0,0,0,9,0,0,0,0
43160,4,120,-42.9,80,32,-8.16865,8.79051,0,1334,0,0,0,0,0,0,0,0,0, 0,0,0,0,0,9,0,0,0,0
43160,5,97,-42.9,84,32,-8.57708,9.23004,0,1334,0,0,0,0,0,0,0,0,0, 0,0,0,0,0,9,0,0,0,0
43160,6,137,-57.4,60,32,-7.58207,4.84894,0,1334,0,0,0,0,0,0,0,0,0, 0,0,0,0,0,9,0,0,0,0
43200,0,244,-57.4,64,32,-8.08754,5.1722,0,0,0,0,0,0,0,0,0,0,0, 0,0,0,0,0,10,0,0,0,0
43200,1,289,-56.5,68,32,-8.50564,5.62976,0,0,0,0,0,0,0,0,0,0,0, 0,0,0,0,0,10,0,0,0,0
43200,2,242,-55.4,72,32,-8.88987,6.13271,0,0,0,0,0,0,0,0,0,0,0, 0,0,0,0,0,10,0,0,0,0
43200,3,158,-51.6,76,32,-8.93411,7.08108,0,0,0,0,0,0,0,0,0,0,0, 0,0,0,0,0,10,0,0,0,0
43200,4,112,-45,80,32,-8.48528,8.48528,0,0,0,0,0,0,0,0,0,0,0, 0,0,0,0,0,10,0,0,0,0
43200,5,85,-45.9,84,32,-9.04839,8.7685,0,0,0,0,0,0,0,0,0,0,0, 0,0,0,0,0,10,0,0,0,0
43200,6,139,-56.5,60,32,-7.50497,4.96743,0,0,0,0,0,0,0,0,0,0,0, 0,0,0,0,0,10,0,0,0,0
43240,0,244,-57.4,64,32,-8.08754,5.1722,0,7936,0,0,0,0,0,0,0,0,0, 0,0,0,0,0,11,0,0,0,0
43240,1,289,-56.5,68,32,-8.50564,5.62976,0,7936,0,0,0,0,0,0,0,0,0, 0,0,0,0,0,11,0,0,0,0
43240,2,49,65.6,8,33,1.09282,0.495725,0,7936,0,0,0,0,0,0,0,0,0, 0,0,0,0,0,11,0,0,0,0
43240,3,243,-55.4,72,32,-8.88987,6.13271,0,7936,0,0,0,0,0,0,0,0,0, 0,0,0,0,0,11,0,0,0,0
43240,4,156,-53.4,76,32,-9.15212,6.79696,0,7936,0,0,0,0,0,0,0,0,0, 0,0,0,0,0,11,0,0,0,0
43240,5,108,-48,80,32,-8.91774,8.02957,0,7936,0,0,0,0,0,0,0,0,0, 0,0,0,0,0,11,0,0,0,0
43240,6,85,-49.8,84,32,-9.62383,8.13277,0,7936,0,0,0,0,0,0,0,0,0, 0,0,0,0,0,11,0,0,0,0
43240,7,139,-59.4,60,32,-7.74668,4.58137,0,7936,0,0,0,0,0,0,0,0,0, 0,0,0,0,0,11,0,0,0,0
43280,0,245,-58.4,64,32,-8.17658,5.03026,0,1140,0,0,0,0,0,0,0,0,0, 0,0,0,0,0,12,0,0,0,0
43280,1,290,-58.4,68,32,-8.68761,5.34466,0,1140,0,0,0,0,0,0,0,0,0, 0,0,0,0,0,12,0,0,0,0
43280,2,244,-57.4,72,32,-9.09849,5.81872,0,1140,0,0,0,0,0,0,0,0,0, 0,0,0,0,0,12,0,0,0,0
43280,3,26,0.1,232,31.75,0.0607374,34.7999,0,1140,0,0,0,0,0,0,0,0,0, 0,0,0,0,0,12,0,0,0,0
43280,4,160,-53.4,76,32,-9.15212,6.79696,0,1140,0,0,0,0,0,0,0,0,0, 0,0,0,0,0,12,0,0,0,0
43280,5,119,-44.2,80,32,-8.36598,8.60293,0,1140,0,0,0,0,0,0,0,0,0, 0,0,0,0,0,12,0,0,0,0
43280,6,95,-42.3,84,32,-8.47996,9.31935,0,1140,0,0,0,0,0,0,0,0,0, 0,0,0,0,0,12,0,0,0,0
43280,7,140,-57.4,60,32,-7.58207,4.84894,0,1140,0,0,0,0,0,0,0,0,0, 0,0,0,0,0,12,0,0,0,0
43320,0,247,-57.4,64,32,-8.08754,5.1722,0,86,0,0,0,0,0,0,0,0,0, 0,0,0,0,0,13,0,0,0,0
43320,1,292,-56.5,68,32,-8.50564,5.62976,0,86,0,0,0,0,0,0,0,0,0, 0,0,0,0,0,13,0,0,0,0
43320,2,244,-54.4,72,32,-8.78149,6.28693,0,86,0,0,0,0,0,0,0,0,0, 0,0,0,0,0,13,0,0,0,0
43320,3,162,-48,76,32,-8.47185,7.62809,0,86,0,0,0,0,0,0,0,0,0, 0,0,0,0,0,13,0,0,0,0
43320,4,119,-43.6,80,32,-8.27543,8.69006,0,86,0,0,0,0,0,0,0,0,0, 0,0,0,0,0,13,0,0,0,0
43320,5,91,-43.6,84,32,-8.68921,9.12457,0,86,0,0,0,0,0,0,0,0,0, 0,0,0,0,0,13,0,0,0,0
43320,6,139,-59.4,60,32,-7.74668,4.58137,0,86,0,0,0,0,0,0,0,0,0, 0,0,0,0,0,13,0,0,0,0
43360,0,244,-58.4,64,32,-8.17658,5.03026,0,0,0,0,0,0,0,0,0,0,0, 0,0,0,0,0,14,0,0,0,0
43360,1,289,-57.4,68,32,-8.59301,5.49546,0,0,0,0,0,0,0,0,0,0,0, 0,0,0,0,0,14,0,0,0,0
43360,2,242,-56.5,72,32,-9.00597,5.96092,0,0,0,0,0,0,0,0,0,0,0, 0,0,0,0,0,14,0,0,0,0
43360,3,160,-53.4,76,32,-9.15212,6.79696,0,0,0,0,0,0,0,0,0,0,0, 0,0,0,0,0,14,0,0,0,0
43360,4,115,-45,80,32,-8.48528,8.48528,0,0,0,0,0,0,0,0,0,0,0, 0,0,0,0,0,14,0,0,0,0
43360,5,19,4.8,240,31.5,3.0124,35.8737,0,0,0,0,0,0,0,0,0,0,0, 0,0,0,0,0,14,0,0,0,0
43360,6,92,-44.2,84,32,-8.78428,9.03307,0,0,0,0,0,0,0,0,0,0,0, 0,0,0,0,0,14,0,0,0,0
43360,7,138,-60.3,60,32,-7.81768,4.45913,0,0,0,0,0,0,0,0,0,0,0, 0,0,0,0,0,14,0,0,0,0
43400,0,245,-59.4,64,32,-8.26312,4.8868,0,0,0,0,0,0,0,0,0,0,0, 0,0,0,0,0,15,0,0,0,0
43400,1,290,-58.4,68,32,-8.68761,5.34466,0,0,0,0,0,0,0,0,0,0,0, 0,0,0,0,0,15,0,0,0,0
43400,2,242,-57.4,72,32,-9.09849,5.81872,0,0,0,0,0,0,0,0,0,0,0, 0,0,0,0,0,15,0,0,0,0
43400,3,158,-53.4,76,32,-9.15212,6.79696,0,0,0,0,0,0,0,0,0,0,0, 0,0,0,0,0,15,0,0,0,0
43400,4,113,-44.2,80,32,-8.36598,8.60293,0,0,0,0,0,0,0,0,0,0,0, 0,0,0,0,0,15,0,0,0,0
43400,5,17,0.6,208,33,0.32672,31.1983,0,0,0,0,0,0,0,0,0,0,0, 0,0,0,0,0,15,0,0,0,0
43400,6,92,-42.9,84,32,-8.57708,9.23004,0,0,0,0,0,0,0,0,0,0,0, 0,0,0,0,0,15,0,0,0,0
43400,7,138,-59.4,60,32,-7.74668,4.58137,0,0,0,0,0,0,0,0,0,0,0, 0,0,0,0,0,15,0,0,0,0
43440,0,245,-58.4,64,32,-8.17658,5.03026,0,0,0,0,0,0,0,0,0,0,0, 0,0,0,0,0,0,0,0,0,0
43440,1,290,-57.4,68,32,-8.59301,5.49546,0,0,0,0,0,0,0,0,0,0,0, 0,0,0,0,0,0,0,0,0,0
43440,2,242,-56.5,72,32,-9.00597,5.96092,0,0,0,0,0,0,0,0,0,0,0, 0,0,0,0,0,0,0,0,0,0
43440,3,159,-53.4,76,32,-9.15212,6.79696,0,0,0,0,0,0,0,0,0,0,0, 0,0,0,0,0,0,0,0,0,0
43440,4,111,-49.8,80,32,-9.16555,7.74549,0,0,0,0,0,0,0,0,0,0,0, 0,0,0,0,0,0,0,0,0,0
43440,5,22,-4.2,208,32.5,-2.28503,31.1162,0,0,0,0,0,0,0,0,0,0,0, 0,0,0,0,0,0,0,0,0,0
43440,6,83,-53.4,84,32,-10.1155,7.51243,0,0,0,0,0,0,0,0,0,0,0, 0,0,0,0,0,0,0,0,0,0
43440,7,142,-55.4,60,32,-7.40823,5.11059,0,0,0,0,0,0,0,0,0,0,0, 0,0,0,0,0,0,0,0,0,0
43480,0,249,-56.5,64,32,-8.0053,5.2986,0,0,0,0,0,0,0,0,0,0,0, 0,0,0,0,0,1,0,0,0,0
43480,1,294,-55.4,68,32,-8.39599,5.79201,0,0,0,0,0,0,0,0,0,0,0, 0,0,0,0,0,1,0,0,0,0
43480,2,29,75.1,8,30.75,1.15965,0.308559,0,0,0,0,0,0,0,0,0,0,0, 0,0,0,0,0,1,0,0,0,0
43480,3,246,-54.4,72,32,-8.78149,6.28693,0,0,0,0,0,0,0,0,0,0,0, 0,0,0,0,0,1,0,0,0,0
43480,4,158,-49.8,76,32,-8.70727,7.35822,0,0,0,0,0,0,0,0,0,0,0, 0,0,0,0,0,1,0,0,0,0
43480,5,107,-45,80,32,-8.48528,8.48528,0,0,0,0,0,0,0,0,0,0,0, 0,0,0,0,0,1,0,0,0,0
43480,6,25,4.2,212,31.75,2.32897,31.7146,0,0,0,0,0,0,0,0,0,0,0, 0,0,0,0,0,1,0,0,0,0
43480,7,38,0.6,212,32.75,0.333003,31.7983,0,0,0,0,0,0,0,0,0,0,0, 0,0,0,0,0,1,0,0,0,0
43480,8,35,0.6,212,33,0.333003,31.7983,0,0,0,0,0,0,0,0,0,0,0, 0,0,0,0,0,1,0,0,0,0
43480,9,138,-58.4,60,32,-7.66554,4.71587,0,0,0,0,0,0,0,0,0,0,0, 0,0,0,0,0,1,0,0,0,0
43520,0,244,-57.4,64,32,-8.08754,5.1722,0,0,0,0,0,0,0,0,0,0,0, 0,0,0,0,0,2,0,0,0,0
43520,1,290,-56.5,68,32,-8.50564,5.62976,0,0,0,0,0,0,0,0,0,0,0, 0,0,0,0,0,2,0,0,0,0
43520,2,243,-56.5,72,32,-9.00597,5.96092,0,0,0,0,0,0,0,0,0,0,0, 0,0,0,0,0,2,0,0,0,0
43520,3,155,-54.4,76,32,-9.26935,6.6362,0,0,0,0,0,0,0,0,0,0,0, 0,0,0,0,0,2,0,0,0,0
43520,4,102,-49.8,80,32,-9.16555,7.74549,0,0,0,0,0,0,0,0,0,0,0, 0,0,0,0,0,2,0,0,0,0
43520,5,26,4.8,212,31.75,2.66096,31.6885,0,0,0,0,0,0,0,0,0,0,0, 0,0,0,0,0,2,0,0,0,0
43520,6,31,2.4,212,33,1.33165,31.7721,0,0,0,0,0,0,0,0,0,0,0, 0,0,0,0,0,2,0,0,0,0
43520,7,20,3.1,216,31.75,1.75215,32.3526,0,0,0,0,0,0,0,0,0,0,0, 0,0,0,0,0,2,0,0,0,0
43520,8,22,7.8,216,33,4.39718,32.1002,0,0,0,0,0,0,0,0,0,0,0, 0,0,0,0,0,2,0,0,0,0
43520,9,141,-57.4,60,32,-7.58207,4.84894,0,0,0,0,0,0,0,0,0,0,0, 0,0,0,0,0,2,0,0,0,0
43560,0,248,-56.5,64,32,-8.0053,5.2986,0,0,0,0,0,0,0,0,0,0,0, 0,0,0,0,0,3,0,0,0,0
43560,1,294,-56.5,68,32,-8.50564,5.62976,0,0,0,0,0,0,0,0,0,0,0, 0,0,0,0,0,3,0,0,0,0
43560,2,244,-56.5,72,32,-9.00597,5.96092,0,0,0,0,0,0,0,0,0,0,0, 0,0,0,0,0,3,0,0,0,0
43560,3,160,-53.4,76,32,-9.15212,6.79696,0,0,0,0,0,0,0,0,0,0,0, 0,0,0,0,0,3,0,0,0,0
43560,4,110,-49.8,80,32,-9.16555,7.74549,0,0,0,0,0,0,0,0,0,0,0, 0,0,0,0,0,3,0,0,0,0
43560,5,82,-51.6,84,32,-9.87454,7.82646,0,0,0,0,0,0,0,0,0,0,0, 0,0,0,0,0,3,0,0,0,0
43560,6,19,2.4,212,33,1.33165,31.7721,0,0,0,0,0,0,0,0,0,0,0, 0,0,0,0,0,3,0,0,0,0
43560,7,138,-57.4,60,32,-7.58207,4.84894,0,0,0,0,0,0,0,0,0,0,0, 0,0,0,0,0,3,0,0,0,0
43600,0,246,-57.4,64,32,-8.08754,5.1722,0,0,0,0,0,0,0,0,0,0,0, 0,0,0,0,0,4,0,0,0,0
43600,1,292,-56.5,68,32,-8.50564,5.62976,0,0,0,0,0,0,0,0,0,0,0, 0,0,0,0,0,4,0,0,0,0
43600,2,244,-55.4,72,32,-8.88987,6.13271,0,0,0,0,0,0,0,0,0,0,0, 0,0,0,0,0,4,0,0,0,0
43600,3,159,-51.6,76,32,-8.93411,7.08108,0,0,0,0,0,0,0,0,0,0,0, 0,0,0,0,0,4,0,0,0,0
43600,4,111,-48,80,32,-8.91774,8.02957,0,0,0,0,0,0,0,0,0,0,0, 0,0,0,0,0,4,0,0,0,0
43600,5,84,-54.4,84,32,-10.2451,7.33475,0,0,0,0,0,0,0,0,0,0,0, 0,0,0,0,0,4,0,0,0,0
43600,6,139,-56.5,60,32,-7.50497,4.96743,0,0,0,0,0,0,0,0,0,0,0, 0,0,0,0,0,4,0,0,0,0
43640,0,247,-56.5,64,32,-8.0053,5.2986,0,0,0,0,0,0,0,0,0,0,0, 0,0,0,0,0,5,0,0,0,0
43640,1,292,-56.5,68,32,-8.50564,5.62976,0,0,0,0,0,0,0,0,0,0,0, 0,0,0,0,0,5,0,0,0,0
43640,2,244,-55.4,72,32,-8.88987,6.13271,0,0,0,0,0,0,0,0,0,0,0, 0,0,0,0,0,5,0,0,0,0
43640,3,157,-53.4,76,32,-9.15212,6.79696,0,0,0,0,0,0,0,0,0,0,0, 0,0,0,0,0,5,0,0,0,0
43640,4,104,-53.4,80,32,-9.63381,7.1547,0,0,0,0,0,0,0,0,0,0,0, 0,0,0,0,0,5,0,0,0,0
43640,5,21,4.2,212,33,2.32897,31.7146,0,0,0,0,0,0,0,0,0,0,0, 0,0,0,0,0,5,0,0,0,0
43640,6,21,9.4,216,33,5.29176,31.9649,0,0,0,0,0,0,0,0,0,0,0, 0,0,0,0,0,5,0,0,0,0
43640,7,141,-56.5,60,32,-7.50497,4.96743,0,0,0,0,0,0,0,0,0,0,0, 0,0,0,0,0,5,0,0,0,0
43680,0,247,-56.5,64,32,-8.0053,5.2986,0,0,0,0,0,0,0,0,0,0,0, 0,0,0,0,0,6,0,0,0,0
43680,1,15,-9,224,33,-5.2562,33.1863,0,0,0,0,0,0,0,0,0,0,0, 0,0,0,0,0,6,0,0,0,0
43680,2,294,-55.4,68,32,-8.39599,5.79201,0,0,0,0,0,0,0,0,0,0,0, 0,0,0,0,0,6,0,0,0,0
43680,3,245,-55.4,72,32,-8.88987,6.13271,0,0,0,0,0,0,0,0,0,0,0, 0,0,0,0,0,6,0,0,0,0
43680,4,158,-53.4,76,32,-9.15212,6.79696,0,0,0,0,0,0,0,0,0,0,0, 0,0,0,0,0,6,0,0,0,0
43680,5,105,-53.4,80,32,-9.63381,7.1547,0,0,0,0,0,0,0,0,0,0,0, 0,0,0,0,0,6,0,0,0,0
43680,6,18,0.1,208,32.25,0.0544542,31.2,0,0,0,0,0,0,0,0,0,0,0, 0,0,0,0,0,6,0,0,0,0
43680,7,18,4.8,212,31.75,2.66096,31.6885,0,0,0,0,0,0,0,0,0,0,0, 0,0,0,0,0,6,0,0,0,0
43680,8,32,3.1,212,32.75,1.71971,31.7535,0,0,0,0,0,0,0,0,0,0,0, 0,0,0,0,0,6,0,0,0,0
43680,9,33,1.3,212,33,0.721457,31.7918,0,0,0,0,0,0,0,0,0,0,0, 0,0,0,0,0,6,0,0,0,0
43680,10,19,-1.2,216,31.75,-0.678535,32.3929,0,0,0,0,0,0,0,0,0,0,0, 0,0,0,0,0,6,0,0,0,0
43680,11,30,1.3,216,32.75,0.73507,32.3917,0,0,0,0,0,0,0,0,0,0,0, 0,0,0,0,0,6,0,0,0,0
43680,12,29,2.4,216,33,1.35677,32.3716,0,0,0,0,0,0,0,0,0,0,0, 0,0,0,0,0,6,0,0,0,0
43680,13,142,-55.4,60,32,-7.40823,5.11059,0,0,0,0,0,0,0,0,0,0,0, 0,0,0,0,0,6,0,0,0,0
43680,14,12,-4.8,476,50.75,-5.9746,71.1496,0,0,0,0,0,0,0,0,0,0,0, 0,0,0,0,0,6,0,0,0,0
43720,0,247,-56.5,64,32,-8.0053,5.2986,0,0,0,0,0,0,0,0,0,0,0, 0,0,0,0,0,7,0,0,0,0
43720,1,291,-56.5,68,32,-8.50564,5.62976,0,0,0,0,0,0,0,0,0,0,0, 0,0,0,0,0,7,0,0,0,0
43720,2,242,-56.5,72,32,-9.00597,5.96092,0,0,0,0,0,0,0,0,0,0,0, 0,0,0,0,0,7,0,0,0,0
43720,3,153,-54.4,76,32,-9.26935,6.6362,0,0,0,0,0,0,0,0,0,0,0, 0,0,0,0,0,7,0,0,0,0
43720,4,24,1.8,236,31.5,1.11194,35.3825,0,0,0,0,0,0,0,0,0,0,0, 0,0,0,0,0,7,0,0,0,0
43720,5,104,-48,80,32,-8.91774,8.02957,0,0,0,0,0,0,0,0,0,0,0, 0,0,0,0,0,7,0,0,0,0
43720,6,18,4.2,208,33,2.28503,31.1162,0,0,0,0,0,0,0,0,0,0,0, 0,0,0,0,0,7,0,0,0,0
43720,7,29,3.1,212,31.75,1.71971,31.7535,0,0,0,0,0,0,0,0,0,0,0, 0,0,0,0,0,7,0,0,0,0
43720,8,27,3.6,212,33,1.99674,31.7372,0,0,0,0,0,0,0,0,0,0,0, 0,0,0,0,0,7,0,0,0,0
43720,9,137,-58.4,60,32,-7.66554,4.71587,0,0,0,0,0,0,0,0,0,0,0, 0,0,0,0,0,7,0,0,0,0
43760,0,243,-59.4,64,32,-8.26312,4.8868,0,0,0,0,0,0,0,0,0,0,0, 0,0,0,0,0,8,0,0,0,0
43760,1,18,-1.2,224,31.75,-0.703665,33.5926,0,0,0,0,0,0,0,0,0,0,0, 0,0,0,0,0,8,0,0,0,0
43760,2,290,-58.4,68,32,-8.68761,5.34466,0,0,0,0,0,0,0,0,0,0,0, 0,0,0,0,0,8,0,0,0,0
43760,3,243,-56.5,72,32,-9.00597,5.96092,0,0,0,0,0,0,0,0,0,0,0, 0,0,0,0,0,8,0,0,0,0
43760,4,14,-12.6,488,10,-15.9681,71.4371,0,0,0,0,0,0,0,0,0,0,0, 0,0,0,0,0,8,0,0,0,0
43760,5,157,-53.4,76,32,-9.15212,6.79696,0,0,0,0,0,0,0,0,0,0,0, 0,0,0,0,0,8,0,0,0,0
43760,6,105,-49.8,80,32,-9.16555,7.74549,0,0,0,0,0,0,0,0,0,0,0, 0,0,0,0,0,8,0,0,0,0
43760,7,139,-56.5,60,32,-7.50497,4.96743,0,0,0,0,0,0,0,0,0,0,0, 0,0,0,0,0,8,0,0,0,0
43800,0,247,-57.4,64,32,-8.08754,5.1722,0,1334,0,0,0,0,0,0,0,0,0, 0,0,0,0,0,9,0,0,0,0
43800,1,291,-57.4,68,32,-8.59301,5.49546,0,1334,0,0,0,0,0,0,0,0,0, 0,0,0,0,0,9,0,0,0,0
43800,2,241,-56.5,72,32,-9.00597,5.96092,0,1334,0,0,0,0,0,0,0,0,0, 0,0,0,0,0,9,0,0,0,0
43800,3,22,-1.8,232,31.75,-1.09309,34.7828,0,1334,0,0,0,0,0,0,0,0,0, 0,0,0,0,0,9,0,0,0,0
43800,4,154,-55.4,76,32,-9.38375,6.47342,0,1334,0,0,0,0,0,0,0,0,0, 0,0,0,0,0,9,0,0,0,0
43800,5,100,-54.4,80,32,-9.75721,6.98548,0,1334,0,0,0,0,0,0,0,0,0, 0,0,0,0,0,9,0,0,0,0
43800,6,17,-0.6,208,31.75,-0.32672,31.1983,0,1334,0,0,0,0,0,0,0,0,0, 0,0,0,0,0,9,0,0,0,0
43800,7,24,3.6,216,31.75,2.03441,32.3361,0,1334,0,0,0,0,0,0,0,0,0, 0,0,0,0,0,9,0,0,0,0
43800,8,21,-0.6,216,33,-0.339286,32.3982,0,1334,0,0,0,0,0,0,0,0,0, 0,0,0,0,0,9,0,0,0,0
43800,9,137,-58.4,60,32,-7.66554,4.71587,0,1334,0,0,0,0,0,0,0,0,0, 0,0,0,0,0,9,0,0,0,0
43840,0,245,-58.4,64,32,-8.17658,5.03026,0,0,0,0,0,0,0,0,0,0,0, 0,0,0,0,0,10,0,0,0,0
43840,1,291,-57.4,68,32,-8.59301,5.49546,0,0,0,0,0,0,0,0,0,0,0, 0,0,0,0,0,10,0,0,0,0
43840,2,244,-57.4,72,32,-9.09849,5.81872,0,0,0,0,0,0,0,0,0,0,0, 0,0,0,0,0,10,0,0,0,0
43840,3,157,-54.4,76,32,-9.26935,6.6362,0,0,0,0,0,0,0,0,0,0,0, 0,0,0,0,0,10,0,0,0,0
43840,4,102,-49.8,80,32,-9.16555,7.74549,0,0,0,0,0,0,0,0,0,0,0, 0,0,0,0,0,10,0,0,0,0
43840,5,138,-56.5,60,32,-7.50497,4.96743,0,0,0,0,0,0,0,0,0,0,0, 0,0,0,0,0,10,0,0,0,0
43880,0,249,-57.4,64,32,-8.08754,5.1722,0,7936,0,0,0,0,0,0,0,0,0, 0,0,0,0,0,11,0,0,0,0
43880,1,294,-56.5,68,32,-8.50564,5.62976,0,7936,0,0,0,0,0,0,0,0,0, 0,0,0,0,0,11,0,0,0,0
43880,2,244,-56.5,72,32,-9.00597,5.96092,0,7936,0,0,0,0,0,0,0,0,0, 0,0,0,0,0,11,0,0,0,0
43880,3,155,-55.4,76,32,-9.38375,6.47342,0,7936,0,0,0,0,0,0,0,0,0, 0,0,0,0,0,11,0,0,0,0
43880,4,100,-55.4,80,32,-9.87764,6.81413,0,7936,0,0,0,0,0,0,0,0,0, 0,0,0,0,0,11,0,0,0,0
43880,5,140,-56.5,60,32,-7.50497,4.96743,0,7936,0,0,0,0,0,0,0,0,0, 0,0,0,0,0,11,0,0,0,0
43920,0,248,-56.5,64,32,-8.0053,5.2986,0,1140,0,0,0,0,0,0,0,0,0, 0,0,0,0,0,12,0,0,0,0
43920,1,296,-56.5,68,32,-8.50564,5.62976,0,1140,0,0,0,0,0,0,0,0,0, 0,0,0,0,0,12,0,0,0,0
43920,2,248,-56.5,72,32,-9.00597,5.96092,0,1140,0,0,0,0,0,0,0,0,0, 0,0,0,0,0,12,0,0,0,0
43920,3,156,-55.4,76,32,-9.38375,6.47342,0,1140,0,0,0,0,0,0,0,0,0, 0,0,0,0,0,12,0,0,0,0
43920,4,100,-58.4,80,32,-10.2207,6.28783,0,1140,0,0,0,0,0,0,0,0,0, 0,0,0,0,0,12,0,0,0,0
43920,5,22,-1.8,240,31.5,-1.13079,35.9822,0,1140,0,0,0,0,0,0,0,0,0, 0,0,0,0,0,12,0,0,0,0
43920,6,21,1.8,216,33,1.01771,32.384,0,1140,0,0,0,0,0,0,0,0,0, 0,0,0,0,0,12,0,0,0,0
43920,7,140,-58.4,60,32,-7.66554,4.71587,0,1140,0,0,0,0,0,0,0,0,0, 0,0,0,0,0,12,0,0,0,0
43960,0,247,-57.4,64,32,-8.08754,5.1722,0,86,0,0,0,0,0,0,0,0,0, 0,0,0,0,0,13,0,0,0,0
43960,1,295,-56.5,68,32,-8.50564,5.62976,0,86,0,0,0,0,0,0,0,0,0, 0,0,0,0,0,13,0,0,0,0
43960,2,47,64.6,8,33,1.084,0.514722,0,86,0,0,0,0,0,0,0,0,0, 0,0,0,0,0,13,0,0,0,0
43960,3,249,-55.4,72,32,-8.88987,6.13271,0,86,0,0,0,0,0,0,0,0,0, 0,0,0,0,0,13,0,0,0,0
43960,4,157,-55.4,76,32,-9.38375,6.47342,0,86,0,0,0,0,0,0,0,0,0, 0,0,0,0,0,13,0,0,0,0
43960,5,102,-60.3,80,32,-10.4236,5.9455,0,86,0,0,0,0,0,0,0,0,0, 0,0,0,0,0,13,0,0,0,0
43960,6,23,3.1,208,31.75,1.68726,31.1543,0,86,0,0,0,0,0,0,0,0,0, 0,0,0,0,0,13,0,0,0,0
43960,7,23,3.1,212,32.25,1.71971,31.7535,0,86,0,0,0,0,0,0,0,0,0, 0,0,0,0,0,13,0,0,0,0
43960,8,21,3.1,212,33,1.71971,31.7535,0,86,0,0,0,0,0,0,0,0,0, 0,0,0,0,0,13,0,0,0,0
43960,9,142,-58.4,60,32,-7.66554,4.71587,0,86,0,0,0,0,0,0,0,0,0, 0,0,0,0,0,13,0,0,0,0
44000,0,247,-58.4,64,32,-8.17658,5.03026,0,0,0,0,0,0,0,0,0,0,0, 0,0,0,0,0,14,0,0,0,0
44000,1,296,-56.5,68,32,-8.50564,5.62976,0,0,0,0,0,0,0,0,0,0,0, 0,0,0,0,0,14,0,0,0,0
44000,2,46,68.6,8,33,1.11727,0.437852,0,0,0,0,0,0,0,0,0,0,0, 0,0,0,0,0,14,0,0,0,0
44000,3,250,-55.4,72,32,-8.88987,6.13271,0,0,0,0,0,0,0,0,0,0,0, 0,0,0,0,0,14,0,0,0,0
44000,4,160,-54.4,76,32,-9.26935,6.6362,0,0,0,0,0,0,0,0,0,0,0, 0,0,0,0,0,14,0,0,0,0
44000,5,103,-56.5,80,32,-10.0066,6.62324,0,0,0,0,0,0,0,0,0,0,0, 0,0,0,0,0,14,0,0,0,0
44000,6,30,1.3,212,31.75,0.721457,31.7918,0,0,0,0,0,0,0,0,0,0,0, 0,0,0,0,0,14,0,0,0,0
44000,7,24,4.8,212,33,2.66096,31.6885,0,0,0,0,0,0,0,0,0,0,0, 0,0,0,0,0,14,0,0,0,0
44000,8,138,-58.4,60,32,-7.66554,4.71587,0,0,0,0,0,0,0,0,0,0,0, 0,0,0,0,0,14,0,0,0,0
44040,0,243,-57.4,64,32,-8.08754,5.1722,0,0,0,0,0,0,0,0,0,0,0, 0,0,0,0,0,15,0,0,0,0
44040,1,290,-56.5,68,32,-8.50564,5.62976,0,0,0,0,0,0,0,0,0,0,0, 0,0,0,0,0,15,0,0,0,0
44040,2,21,1.3,228,32.5,0.775907,34.1912,0,0,0,0,0,0,0,0,0,0,0, 0,0,0,0,0,15,0,0,0,0
44040,3,43,75.1,8,33,1.15965,0.308559,0,0,0,0,0,0,0,0,0,0,0, 0,0,0,0,0,15,0,0,0,0
44040,4,243,-56.5,72,32,-9.00597,5.96092,0,0,0,0,0,0,0,0,0,0,0, 0,0,0,0,0,15,0,0,0,0
44040,5,155,-55.4,76,32,-9.38375,6.47342,0,0,0,0,0,0,0,0,0,0,0, 0,0,0,0,0,15,0,0,0,0
44040,6,103,-56.5,80,32,-10.0066,6.62324,0,0,0,0,0,0,0,0,0,0,0, 0,0,0,0,0,15,0,0,0,0
44040,7,16,-2.4,244,30.75,-1.53265,36.5679,0,0,0,0,0,0,0,0,0,0,0, 0,0,0,0,0,15,0,0,0,0
44040,8,20,-1.2,248,31,-0.779058,37.1918,0,0,0,0,0,0,0,0,0,0,0, 0,0,0,0,0,15,0,0,0,0
44040,9,138,-59.4,60,32,-7.74668,4.58137,0,0,0,0,0,0,0,0,0,0,0, 0,0,0,0,0,15,0,0,0,0
44080,0,243,-58.4,64,32,-8.17658,5.03026,0,0,0,0,0,0,0,0,0,0,0, 0,0,0,0,0,0,0,0,0,0
44080,1,290,-56.5,68,32,-8.50564,5.62976,0,0,0,0,0,0,0,0,0,0,0, 0,0,0,0,0,0,0,0,0,0
44080,2,242,-55.4,72,32,-8.88987,6.13271,0,0,0,0,0,0,0,0,0,0,0, 0,0,0,0,0,0,0,0,0,0
44080,3,154,-55.4,76,32,-9.38375,6.47342,0,0,0,0,0,0,0,0,0,0,0, 0,0,0,0,0,0,0,0,0,0
44080,4,102,-56.5,80,32,-10.0066,6.62324,0,0,0,0,0,0,0,0,0,0,0, 0,0,0,0,0,0,0,0,0,0
44080,5,136,-60.3,60,32,-7.81768,4.45913,0,0,0,0,0,0,0,0,0,0,0, 0,0,0,0,0,0,0,0,0,0
44120,0,243,-57.4,64,32,-8.08754,5.1722,0,0,0,0,0,0,0,0,0,0,0, 0,0,0,0,0,1,0,0,0,0
44120,1,290,-56.5,68,32,-8.50564,5.62976,0,0,0,0,0,0,0,0,0,0,0, 0,0,0,0,0,1,0,0,0,0
44120,2,242,-55.4,72,32,-8.88987,6.13271,0,0,0,0,0,0,0,0,0,0,0, 0,0,0,0,0,1,0,0,0,0
44120,3,155,-53.4,76,32,-9.15212,6.79696,0,0,0,0,0,0,0,0,0,0,0, 0,0,0,0,0,1,0,0,0,0
44120,4,105,-51.6,80,32,-9.40432,7.45377,0,0,0,0,0,0,0,0,0,0,0, 0,0,0,0,0,1,0,0,0,0
44120,5,138,-56.5,60,32,-7.50497,4.96743,0,0,0,0,0,0,0,0,0,0,0, 0,0,0,0,0,1,0,0,0,0
44160,0,246,-56.5,64,32,-8.0053,5.2986,0,0,0,0,0,0,0,0,0,0,0, 0,0,0,0,0,2,0,0,0,0
44160,1,290,-55.4,68,32,-8.39599,5.79201,0,0,0,0,0,0,0,0,0,0,0, 0,0,0,0,0,2,0,0,0,0
44160,2,241,-55.4,72,32,-8.88987,6.13271,0,0,0,0,0,0,0,0,0,0,0, 0,0,0,0,0,2,0,0,0,0
44160,3,153,-54.4,76,32,-9.26935,6.6362,0,0,0,0,0,0,0,0,0,0,0, 0,0,0,0,0,2,0,0,0,0
44160,4,104,-53.4,80,32,-9.63381,7.1547,0,0,0,0,0,0,0,0,0,0,0, 0,0,0,0,0,2,0,0,0,0
44160,5,82,-57.4,84,32,-10.6149,6.78851,0,0,0,0,0,0,0,0,0,0,0, 0,0,0,0,0,2,0,0,0,0
44160,6,138,-57.4,60,32,-7.58207,4.84894,0,0,0,0,0,0,0,0,0,0,0, 0,0,0,0,0,2,0,0,0,0
44200,0,247,-55.4,64,32,-7.90211,5.4513,0,0,0,0,0,0,0,0,0,0,0, 0,0,0,0,0,3,0,0,0,0
44200,1,293,-55.4,68,32,-8.39599,5.79201,0,0,0,0,0,0,0,0,0,0,0, 0,0,0,0,0,3,0,0,0,0
44200,2,243,-54.4,72,32,-8.78149,6.28693,0,0,0,0,0,0,0,0,0,0,0, 0,0,0,0,0,3,0,0,0,0
44200,3,157,-53.4,76,32,-9.15212,6.79696,0,0,0,0,0,0,0,0,0,0,0, 0,0,0,0,0,3,0,0,0,0
44200,4,109,-48,80,32,-8.91774,8.02957,0,0,0,0,0,0,0,0,0,0,0, 0,0,0,0,0,3,0,0,0,0
44200,5,88,-46.7,84,32,-9.16994,8.64131,0,0,0,0,0,0,0,0,0,0,0, 0,0,0,0,0,3,0,0,0,0
44200,6,24,3.1,212,31.75,1.71971,31.7535,0,0,0,0,0,0,0,0,0,0,0, 0,0,0,0,0,3,0,0,0,0
44200,7,38,2.4,212,32.5,1.33165,31.7721,0,0,0,0,0,0,0,0,0,0,0, 0,0,0,0,0,3,0,0,0,0
44200,8,23,3.1,212,33,1.71971,31.7535,0,0,0,0,0,0,0,0,0,0,0, 0,0,0,0,0,3,0,0,0,0
44200,9,142,-54.4,60,32,-7.31791,5.23911,0,0,0,0,0,0,0,0,0,0,0, 0,0,0,0,0,3,0,0,0,0
44240,0,249,-55.4,64,32,-7.90211,5.4513,0,0,0,0,0,0,0,0,0,0,0, 0,0,0,0,0,4,0,0,0,0
44240,1,295,-55.4,68,32,-8.39599,5.79201,0,0,0,0,0,0,0,0,0,0,0, 0,0,0,0,0,4,0,0,0,0
44240,2,247,-55.4,72,32,-8.88987,6.13271,0,0,0,0,0,0,0,0,0,0,0, 0,0,0,0,0,4,0,0,0,0
44240,3,161,-53.4,76,32,-9.15212,6.79696,0,0,0,0,0,0,0,0,0,0,0, 0,0,0,0,0,4,0,0,0,0
44240,4,109,-49.8,80,32,-9.16555,7.74549,0,0,0,0,0,0,0,0,0,0,0, 0,0,0,0,0,4,0,0,0,0
44240,5,138,-59.4,60,32,-7.74668,4.58137,0,0,0,0,0,0,0,0,0,0,0, 0,0,0,0,0,4,0,0,0,0
44280,0,246,-56.5,64,32,-8.0053,5.2986,0,0,0,0,0,0,0,0,0,0,0, 0,0,0,0,0,5,0,0,0,0
44280,1,294,-55.4,68,32,-8.39599,5.79201,0,0,0,0,0,0,0,0,0,0,0, 0,0,0,0,0,5,0,0,0,0
44280,2,246,-55.4,72,32,-8.88987,6.13271,0,0,0,0,0,0,0,0,0,0,0, 0,0,0,0,0,5,0,0,0,0
44280,3,159,-51.6,76,32,-8.93411,7.08108,0,0,0,0,0,0,0,0,0,0,0, 0,0,0,0,0,5,0,0,0,0
44280,4,109,-46.7,80,32,-8.73327,8.22982,0,0,0,0,0,0,0,0,0,0,0, 0,0,0,0,0,5,0,0,0,0
44280,5,84,-48,84,32,-9.36363,8.43105,0,0,0,0,0,0,0,0,0,0,0, 0,0,0,0,0,5,0,0,0,0
44280,6,20,1.3,212,31.5,0.721457,31.7918,0,0,0,0,0,0,0,0,0,0,0, 0,0,0,0,0,5,0,0,0,0
44280,7,23,6.1,216,31.75,3.44296,32.2165,0,0,0,0,0,0,0,0,0,0,0, 0,0,0,0,0,5,0,0,0,0
44280,8,137,-55.4,60,32,-7.40823,5.11059,0,0,0,0,0,0,0,0,0,0,0, 0,0,0,0,0,5,0,0,0,0
44320,0,244,-56.5,64,32,-8.0053,5.2986,0,0,0,0,0,0,0,0,0,0,0, 0,0,0,0,0,6,0,0,0,0
44320,1,290,-55.4,68,32,-8.39599,5.79201,0,0,0,0,0,0,0,0,0,0,0, 0,0,0,0,0,6,0,0,0,0
44320,2,38,69.6,8,33,1.12474,0.418287,0,0,0,0,0,0,0,0,0,0,0, 0,0,0,0,0,6,0,0,0,0
44320,3,240,-55.4,72,32,-8.88987,6.13271,0,0,0,0,0,0,0,0,0,0,0, 0,0,0,0,0,6,0,0,0,0
44320,4,155,-53.4,76,32,-9.15212,6.79696,0,0,0,0,0,0,0,0,0,0,0, 0,0,0,0,0,6,0,0,0,0
44320,5,104,-48,80,32,-8.91774,8.02957,0,0,0,0,0,0,0,0,0,0,0, 0,0,0,0,0,6,0,0,0,0
44320,6,140,-55.4,60,32,-7.40823,5.11059,0,0,0,0,0,0,0,0,0,0,0, 0,0,0,0,0,6,0,0,0,0
44360,0,245,-55.4,64,32,-7.90211,5.4513,0,0,0,0,0,0,0,0,0,0,0, 0,0,0,0,0,7,0,0,0,0
44360,1,289,-56.5,68,32,-8.50564,5.62976,0,0,0,0,0,0,0,0,0,0,0, 0,0,0,0,0,7,0,0,0,0
44360,2,243,-56.5,72,32,-9.00597,5.96092,0,0,0,0,0,0,0,0,0,0,0, 0,0,0,0,0,7,0,0,0,0
44360,3,30,-2.4,232,32.5,-1.45727,34.7695,0,0,0,0,0,0,0,0,0,0,0, 0,0,0,0,0,7,0,0,0,0
44360,4,160,-54.4,76,32,-9.26935,6.6362,0,0,0,0,0,0,0,0,0,0,0, 0,0,0,0,0,7,0,0,0,0
44360,5,20,-2.4,236,31.5,-1.4824,35.3689,0,0,0,0,0,0,0,0,0,0,0, 0,0,0,0,0,7,0,0,0,0
44360,6,114,-49.8,80,32,-9.16555,7.74549,0,0,0,0,0,0,0,0,0,0,0, 0,0,0,0,0,7,0,0,0,0
44360,7,86,-53.4,84,32,-10.1155,7.51243,0,0,0,0,0,0,0,0,0,0,0, 0,0,0,0,0,7,0,0,0,0
44360,8,139,-55.4,60,32,-7.40823,5.11059,0,0,0,0,0,0,0,0,0,0,0, 0,0,0,0,0,7,0,0,0,0
44400,0,245,-58.4,64,32,-8.17658,5.03026,0,0,0,0,0,0,0,0,0,0,0, 0,0,0,0,0,8,0,0,0,0
44400,1,288,-57.4,68,32,-8.59301,5.49546,0,0,0,0,0,0,0,0,0,0,0, 0,0,0,0,0,8,0,0,0,0
44400,2,242,-56.5,72,32,-9.00597,5.96092,0,0,0,0,0,0,0,0,0,0,0, 0,0,0,0,0,8,0,0,0,0
44400,3,159,-51.6,76,32,-8.93411,7.08108,0,0,0,0,0,0,0,0,0,0,0, 0,0,0,0,0,8,0,0,0,0
44400,4,114,-45,80,32,-8.48528,8.48528,0,0,0,0,0,0,0,0,0,0,0, 0,0,0,0,0,8,0,0,0,0
44400,5,16,7.2,208,31.75,3.9104,30.954,0,0,0,0,0,0,0,0,0,0,0, 0,0,0,0,0,8,0,0,0,0
44400,6,94,-42.3,84,32,-8.47996,9.31935,0,0,0,0,0,0,0,0,0,0,0, 0,0,0,0,0,8,0,0,0,0
44400,7,26,1.3,212,31.75,0.721457,31.7918,0,0,0,0,0,0,0,0,0,0,0, 0,0,0,0,0,8,0,0,0,0
44400,8,139,-59.4,60,32,-7.74668,4.58137,0,0,0,0,0,0,0,0,0,0,0, 0,0,0,0,0,8,0,0,0,0
44440,0,245,-57.4,64,32,-8.08754,5.1722,0,1334,0,0,0,0,0,0,0,0,0, 0,0,0,0,0,9,0,0,0,0
44440,1,289,-57.4,68,32,-8.59301,5.49546,0,1334,0,0,0,0,0,0,0,0,0, 0,0,0,0,0,9,0,0,0,0
44440,2,241,-56.5,72,32,-9.00597,5.96092,0,1334,0,0,0,0,0,0,0,0,0, 0,0,0,0,0,9,0,0,0,0
44440,3,24,-1.2,232,31.75,-0.728796,34.7924,0,1334,0,0,0,0,0,0,0,0,0, 0,0,0,0,0,9,0,0,0,0
44440,4,25,0.6,232,32.25,0.364418,34.7981,0,1334,0,0,0,0,0,0,0,0,0, 0,0,0,0,0,9,0,0,0,0
44440,5,159,-49.8,76,32,-8.70727,7.35822,0,1334,0,0,0,0,0,0,0,0,0, 0,0,0,0,0,9,0,0,0,0
44440,6,118,-42.9,80,32,-8.16865,8.79051,0,1334,0,0,0,0,0,0,0,0,0, 0,0,0,0,0,9,0,0,0,0
44440,7,98,-41.1,84,32,-8.28293,9.4949,0,1334,0,0,0,0,0,0,0,0,0, 0,0,0,0,0,9,0,0,0,0
44440,8,137,-58.4,60,32,-7.66554,4.71587,0,1334,0,0,0,0,0,0,0,0,0, 0,0,0,0,0,9,0,0,0,0
44480,0,245,-56.5,64,32,-8.0053,5.2986,0,0,0,0,0,0,0,0,0,0,0, 0,0,0,0,0,10,0,0,0,0
44480,1,33,0.1,224,31.75,0.058643,33.5999,0,0,0,0,0,0,0,0,0,0,0, 0,0,0,0,0,10,0,0,0,0
44480,2,30,3.6,224,33,2.10976,33.5337,0,0,0,0,0,0,0,0,0,0,0, 0,0,0,0,0,10,0,0,0,0
44480,3,291,-56.5,68,32,-8.50564,5.62976,0,0,0,0,0,0,0,0,0,0,0, 0,0,0,0,0,10,0,0,0,0
44480,4,21,-1.8,228,33,-1.07425,34.1831,0,0,0,0,0,0,0,0,0,0,0, 0,0,0,0,0,10,0,0,0,0
44480,5,42,68.6,8,33,1.11727,0.437852,0,0,0,0,0,0,0,0,0,0,0, 0,0,0,0,0,10,0,0,0,0
44480,6,243,-54.4,72,32,-8.78149,6.28693,0,0,0,0,0,0,0,0,0,0,0, 0,0,0,0,0,10,0,0,0,0
44480,7,158,-49.8,76,32,-8.70727,7.35822,0,0,0,0,0,0,0,0,0,0,0, 0,0,0,0,0,10,0,0,0,0
44480,8,108,-45,80,32,-8.48528,8.48528,0,0,0,0,0,0,0,0,0,0,0, 0,0,0,0,0,10,0,0,0,0
44480,9,83,-44.2,84,32,-8.78428,9.03307,0,0,0,0,0,0,0,0,0,0,0, 0,0,0,0,0,10,0,0,0,0
44480,10,25,6.1,216,32.5,3.44296,32.2165,0,0,0,0,0,0,0,0,0,0,0, 0,0,0,0,0,10,0,0,0,0
44480,11,139,-58.4,60,32,-7.66554,4.71587,0,0,0,0,0,0,0,0,0,0,0, 0,0,0,0,0,10,0,0,0,0
44520,0,247,-58.4,64,32,-8.17658,5.03026,0,7936,0,0,0,0,0,0,0,0,0, 0,0,0,0,0,11,0,0,0,0
44520,1,292,-57.4,68,32,-8.59301,5.49546,0,7936,0,0,0,0,0,0,0,0,0, 0,0,0,0,0,11,0,0,0,0
44520,2,242,-56.5,72,32,-9.00597,5.96092,0,7936,0,0,0,0,0,0,0,0,0, 0,0,0,0,0,11,0,0,0,0
44520,3,157,-53.4,76,32,-9.15212,6.79696,0,7936,0,0,0,0,0,0,0,0,0, 0,0,0,0,0,11,0,0,0,0
44520,4,113,-46.7,80,32,-8.73327,8.22982,0,7936,0,0,0,0,0,0,0,0,0, 0,0,0,0,0,11,0,0,0,0
44520,5,90,-45,84,32,-8.90955,8.90955,0,7936,0,0,0,0,0,0,0,0,0, 0,0,0,0,0,11,0,0,0,0
44520,6,26,1.3,216,31.25,0.73507,32.3917,0,7936,0,0,0,0,0,0,0,0,0, 0,0,0,0,0,11,0,0,0,0
44520,7,140,-61.2,60,32,-7.88676,4.33578,0,7936,0,0,0,0,0,0,0,0,0, 0,0,0,0,0,11,0,0,0,0
44560,0,247,-58.4,64,32,-8.17658,5.03026,0,1140,0,0,0,0,0,0,0,0,0, 0,0,0,0,0,12,0,0,0,0
44560,1,294,-57.4,68,32,-8.59301,5.49546,0,1140,0,0,0,0,0,0,0,0,0, 0,0,0,0,0,12,0,0,0,0
44560,2,247,-56.5,72,32,-9.00597,5.96092,0,1140,0,0,0,0,0,0,0,0,0, 0,0,0,0,0,12,0,0,0,0
44560,3,158,-53.4,76,32,-9.15212,6.79696,0,1140,0,0,0,0,0,0,0,0,0, 0,0,0,0,0,12,0,0,0,0
44560,4,111,-45.9,80,32,-8.61752,8.35095,0,1140,0,0,0,0,0,0,0,0,0, 0,0,0,0,0,12,0,0,0,0
44560,5,86,-45,84,32,-8.90955,8.90955,0,1140,0,0,0,0,0,0,0,0,0, 0,0,0,0,0,12,0,0,0,0
44560,6,140,-59.4,60,32,-7.74668,4.58137,0,1140,0,0,0,0,0,0,0,0,0, 0,0,0,0,0,12,0,0,0,0
44600,0,247,-59.4,64,32,-8.26312,4.8868,0,86,0,0,0,0,0,0,0,0,0, 0,0,0,0,0,13,0,0,0,0
44600,1,290,-58.4,68,32,-8.68761,5.34466,0,86,0,0,0,0,0,0,0,0,0, 0,0,0,0,0,13,0,0,0,0
44600,2,242,-58.4,72,32,-9.19865,5.65905,0,86,0,0,0,0,0,0,0,0,0, 0,0,0,0,0,13,0,0,0,0
44600,3,20,-3,232,31.75,-1.82129,34.7523,0,86,0,0,0,0,0,0,0,0,0, 0,0,0,0,0,13,0,0,0,0
44600,4,23,-1.2,232,33,-0.728796,34.7924,0,86,0,0,0,0,0,0,0,0,0, 0,0,0,0,0,13,0,0,0,0
44600,5,153,-55.4,76,32,-9.38375,6.47342,0,86,0,0,0,0,0,0,0,0,0, 0,0,0,0,0,13,0,0,0,0
44600,6,102,-51.6,80,32,-9.40432,7.45377,0,86,0,0,0,0,0,0,0,0,0, 0,0,0,0,0,13,0,0,0,0
44600,7,25,-0.6,216,31.75,-0.339286,32.3982,0,86,0,0,0,0,0,0,0,0,0, 0,0,0,0,0,13,0,0,0,0
44600,8,25,1.3,216,32.25,0.73507,32.3917,0,86,0,0,0,0,0,0,0,0,0, 0,0,0,0,0,13,0,0,0,0
44600,9,28,-0.6,248,32.5,-0.38955,37.198,0,86,0,0,0,0,0,0,0,0,0, 0,0,0,0,0,13,0,0,0,0
44600,10,139,-59.4,60,32,-7.74668,4.58137,0,86,0,0,0,0,0,0,0,0,0, 0,0,0,0,0,13,0,0,0,0
44640,0,246,-57.4,64,32,-8.08754,5.1722,0,0,0,0,0,0,0,0,0,0,0, 0,0,0,0,0,14,0,0,0,0
44640,1,290,-56.5,68,32,-8.50564,5.62976,0,0,0,0,0,0,0,0,0,0,0, 0,0,0,0,0,14,0,0,0,0
44640,2,17,-4.8,228,31.5,-2.86178,34.0801,0,0,0,0,0,0,0,0,0,0,0, 0,0,0,0,0,14,0,0,0,0
44640,3,16,-34.4,388,7.25,-32.8811,48.0216,0,0,0,0,0,0,0,0,0,0,0, 0,0,0,0,0,14,0,0,0,0
44640,4,242,-56.5,72,32,-9.00597,5.96092,0,0,0,0,0,0,0,0,0,0,0, 0,0,0,0,0,14,0,0,0,0
44640,5,157,-55.4,76,32,-9.38375,6.47342,0,0,0,0,0,0,0,0,0,0,0, 0,0,0,0,0,14,0,0,0,0
44640,6,105,-54.4,80,32,-9.75721,6.98548,0,0,0,0,0,0,0,0,0,0,0, 0,0,0,0,0,14,0,0,0,0
44640,7,28,0.1,212,31.75,0.0555014,31.7999,0,0,0,0,0,0,0,0,0,0,0, 0,0,0,0,0,14,0,0,0,0
44640,8,24,3.6,212,32.25,1.99674,31.7372,0,0,0,0,0,0,0,0,0,0,0, 0,0,0,0,0,14,0,0,0,0
44640,9,139,-57.4,60,32,-7.58207,4.84894,0,0,0,0,0,0,0,0,0,0,0, 0,0,0,0,0,14,0,0,0,0
44680,0,244,-58.4,64,32,-8.17658,5.03026,0,0,0,0,0,0,0,0,0,0,0, 0,0,0,0,0,15,0,0,0,0
44680,1,290,-58.4,68,32,-8.68761,5.34466,0,0,0,0,0,0,0,0,0,0,0, 0,0,0,0,0,15,0,0,0,0
44680,2,42,68.6,8,33,1.11727,0.437852,0,0,0,0,0,0,0,0,0,0,0, 0,0,0,0,0,15,0,0,0,0
44680,3,245,-57.4,72,32,-9.09849,5.81872,0,0,0,0,0,0,0,0,0,0,0, 0,0,0,0,0,15,0,0,0,0
44680,4,159,-56.5,76,32,-9.5063,6.29208,0,0,0,0,0,0,0,0,0,0,0, 0,0,0,0,0,15,0,0,0,0
44680,5,22,0.6,236,31.75,0.370701,35.3981,0,0,0,0,0,0,0,0,0,0,0, 0,0,0,0,0,15,0,0,0,0
44680,6,105,-51.6,80,32,-9.40432,7.45377,0,0,0,0,0,0,0,0,0,0,0, 0,0,0,0,0,15,0,0,0,0
44680,7,83,-53.4,84,32,-10.1155,7.51243,0,0,0,0,0,0,0,0,0,0,0, 0,0,0,0,0,15,0,0,0,0
44680,8,33,4.8,216,31.25,2.71116,32.2864,0,0,0,0,0,0,0,0,0,0,0, 0,0,0,0,0,15,0,0,0,0
44680,9,30,3.6,216,32.25,2.03441,32.3361,0,0,0,0,0,0,0,0,0,0,0, 0,0,0,0,0,15,0,0,0,0
44680,10,141,-59.4,60,32,-7.74668,4.58137,0,0,0,0,0,0,0,0,0,0,0, 0,0,0,0,0,15,0,0,0,0
44680,11,28,-0.6,220,31.5,-0.345569,32.9982,0,0,0,0,0,0,0,0,0,0,0, 0,0,0,0,0,15,0,0,0,0
44720,0,247,-57.4,64,32,-8.08754,5.1722,0,0,0,0,0,0,0,0,0,0,0, 0,0,0,0,0,0,0,0,0,0
44720,1,21,0.6,224,32.25,0.351852,33.5982,0,0,0,0,0,0,0,0,0,0,0, 0,0,0,0,0,0,0,0,0,0
44720,2,293,-56.5,68,32,-8.50564,5.62976,0,0,0,0,0,0,0,0,0,0,0, 0,0,0,0,0,0,0,0,0,0
44720,3,245,-54.4,72,32,-8.78149,6.28693,0,0,0,0,0,0,0,0,0,0,0, 0,0,0,0,0,0,0,0,0,0
44720,4,159,-49.8,76,32,-8.70727,7.35822,0,0,0,0,0,0,0,0,0,0,0, 0,0,0,0,0,0,0,0,0,0
44720,5,108,-46.7,80,32,-8.73327,8.22982,0,0,0,0,0,0,0,0,0,0,0, 0,0,0,0,0,0,0,0,0,0
44720,6,82,-51.6,84,32,-9.87454,7.82646,0,0,0,0,0,0,0,0,0,0,0, 0,0,0,0,0,0,0,0,0,0
44720,7,137,-59.4,60,32,-7.74668,4.58137,0,0,0,0,0,0,0,0,0,0,0, 0,0,0,0,0,0,0,0,0,0
44760,0,243,-58.4,64,32,-8.17658,5.03026,0,0,0,0,0,0,0,0,0,0,0, 0,0,0,0,0,1,0,0,0,0
44760,1,291,-57.4,68,32,-8.59301,5.49546,0,0,0,0,0,0,0,0,0,0,0, 0,0,0,0,0,1,0,0,0,0
44760,2,245,-55.4,72,32,-8.88987,6.13271,0,0,0,0,0,0,0,0,0,0,0, 0,0,0,0,0,1,0,0,0,0
44760,3,158,-53.4,76,32,-9.15212,6.79696,0,0,0,0,0,0,0,0,0,0,0, 0,0,0,0,0,1,0,0,0,0
44760,4,108,-48,80,32,-8.91774,8.02957,0,0,0,0,0,0,0,0,0,0,0, 0,0,0,0,0,1,0,0,0,0
44760,5,26,0.6,216,31.25,0.339286,32.3982,0,0,0,0,0,0,0,0,0,0,0, 0,0,0,0,0,1,0,0,0,0
44760,6,140,-58.4,60,32,-7.66554,4.71587,0,0,0,0,0,0,0,0,0,0,0, 0,0,0,0,0,1,0,0,0,0
44800,0,244,-57.4,64,32,-8.08754,5.1722,0,0,0,0,0,0,0,0,0,0,0, 0,0,0,0,0,2,0,0,0,0
44800,1,20,-3.6,224,33,-2.10976,33.5337,0,0,0,0,0,0,0,0,0,0,0, 0,0,0,0,0,2,0,0,0,0
44800,2,289,-56.5,68,32,-8.50564,5.62976,0,0,0,0,0,0,0,0,0,0,0, 0,0,0,0,0,2,0,0,0,0
44800,3,243,-55.4,72,32,-8.88987,6.13271,0,0,0,0,0,0,0,0,0,0,0, 0,0,0,0,0,2,0,0,0,0
44800,4,25,0.1,232,31.75,0.0607374,34.7999,0,0,0,0,0,0,0,0,0,0,0, 0,0,0,0,0,2,0,0,0,0
44800,5,22,0.1,232,33,0.0607374,34.7999,0,0,0,0,0,0,0,0,0,0,0, 0,0,0,0,0,2,0,0,0,0
44800,6,157,-53.4,76,32,-9.15212,6.79696,0,0,0,0,0,0,0,0,0,0,0, 0,0,0,0,0,2,0,0,0,0
44800,7,107,-51.6,80,32,-9.40432,7.45377,0,0,0,0,0,0,0,0,0,0,0, 0,0,0,0,0,2,0,0,0,0
44800,8,84,-55.4,84,32,-10.3715,7.15483,0,0,0,0,0,0,0,0,0,0,0, 0,0,0,0,0,2,0,0,0,0
44800,9,21,3.6,212,32.25,1.99674,31.7372,0,0,0,0,0,0,0,0,0,0,0, 0,0,0,0,0,2,0,0,0,0
44800,10,140,-56.5,60,32,-7.50497,4.96743,0,0,0,0,0,0,0,0,0,0,0, 0,0,0,0,0,2,0,0,0,0
44840,0,245,-56.5,64,32,-8.0053,5.2986,0,0,0,0,0,0,0,0,0,0,0, 0,0,0,0,0,3,0,0,0,0
44840,1,292,-55.4,68,32,-8.39599,5.79201,0,0,0,0,0,0,0,0,0,0,0, 0,0,0,0,0,3,0,0,0,0
44840,2,246,-54.4,72,32,-8.78149,6.28693,0,0,0,0,0,0,0,0,0,0,0, 0,0,0,0,0,3,0,0,0,0
44840,3,159,-51.6,76,32,-8.93411,7.08108,0,0,0,0,0,0,0,0,0,0,0, 0,0,0,0,0,3,0,0,0,0
44840,4,109,-49.8,80,32,-9.16555,7.74549,0,0,0,0,0,0,0,0,0,0,0, 0,0,0,0,0,3,0,0,0,0
44840,5,84,-54.4,84,32,-10.2451,7.33475,0,0,0,0,0,0,0,0,0,0,0, 0,0,0,0,0,3,0,0,0,0
44840,6,24,-4.8,216,31.5,-2.71116,32.2864,0,0,0,0,0,0,0,0,0,0,0, 0,0,0,0,0,3,0,0,0,0
44840,7,135,-57.4,60,32,-7.58207,4.84894,0,0,0,0,0,0,0,0,0,0,0, 0,0,0,0,0,3,0,0,0,0
44880,0,245,-57.4,64,32,-8.08754,5.1722,0,0,0,0,0,0,0,0,0,0,0, 0,0,0,0,0,4,0,0,0,0
44880,1,289,-56.5,68,32,-8.50564,5.62976,0,0,0,0,0,0,0,0,0,0,0, 0,0,0,0,0,4,0,0,0,0
44880,2,41,72.4,8,33,1.14383,0.362844,0,0,0,0,0,0,0,0,0,0,0, 0,0,0,0,0,4,0,0,0,0
44880,3,242,-55.4,72,32,-8.88987,6.13271,0,0,0,0,0,0,0,0,0,0,0, 0,0,0,0,0,4,0,0,0,0
44880,4,159,-51.6,76,32,-8.93411,7.08108,0,0,0,0,0,0,0,0,0,0,0, 0,0,0,0,0,4,0,0,0,0
44880,5,108,-46.7,80,32,-8.73327,8.22982,0,0,0,0,0,0,0,0,0,0,0, 0,0,0,0,0,4,0,0,0,0
44880,6,138,-59.4,60,32,-7.74668,4.58137,0,0,0,0,0,0,0,0,0,0,0, 0,0,0,0,0,4,0,0,0,0
44920,0,244,-57.4,64,32,-8.08754,5.1722,0,0,0,0,0,0,0,0,0,0,0, 0,0,0,0,0,5,0,0,0,0
44920,1,17,0.1,224,32.25,0.058643,33.5999,0,0,0,0,0,0,0,0,0,0,0, 0,0,0,0,0,5,0,0,0,0
44920,2,289,-56.5,68,32,-8.50564,5.62976,0,0,0,0,0,0,0,0,0,0,0, 0,0,0,0,0,5,0,0,0,0
44920,3,242,-56.5,72,32,-9.00597,5.96092,0,0,0,0,0,0,0,0,0,0,0, 0,0,0,0,0,5,0,0,0,0
44920,4,156,-54.4,76,32,-9.26935,6.6362,0,0,0,0,0,0,0,0,0,0,0, 0,0,0,0,0,5,0,0,0,0
44920,5,100,-54.4,80,32,-9.75721,6.98548,0,0,0,0,0,0,0,0,0,0,0, 0,0,0,0,0,5,0,0,0,0
44920,6,138,-59.4,60,32,-7.74668,4.58137,0,0,0,0,0,0,0,0,0,0,0, 0,0,0,0,0,5,0,0,0,0
44960,0,243,-58.4,64,32,-8.17658,5.03026,0,0,0,0,0,0,0,0,0,0,0, 0,0,0,0,0,6,0,0,0,0
44960,1,290,-57.4,68,32,-8.59301,5.49546,0,0,0,0,0,0,0,0,0,0,0, 0,0,0,0,0,6,0,0,0,0
44960,2,242,-56.5,72,32,-9.00597,5.96092,0,0,0,0,0,0,0,0,0,0,0, 0,0,0,0,0,6,0,0,0,0
44960,3,155,-55.4,76,32,-9.38375,6.47342,0,0,0,0,0,0,0,0,0,0,0, 0,0,0,0,0,6,0,0,0,0
44960,4,99,-56.5,80,32,-10.0066,6.62324,0,0,0,0,0,0,0,0,0,0,0, 0,0,0,0,0,6,0,0,0,0
44960,5,49,3.1,212,31.75,1.71971,31.7535,0,0,0,0,0,0,0,0,0,0,0, 0,0,0,0,0,6,0,0,0,0
44960,6,42,2.4,212,32.25,1.33165,31.7721,0,0,0,0,0,0,0,0,0,0,0, 0,0,0,0,0,6,0,0,0,0
44960,7,29,0.6,216,30.75,0.339286,32.3982,0,0,0,0,0,0,0,0,0,0,0, 0,0,0,0,0,6,0,0,0,0
44960,8,50,5.4,216,31.75,3.04911,32.2562,0,0,0,0,0,0,0,0,0,0,0, 0,0,0,0,0,6,0,0,0,0
44960,9,41,4.8,216,32.25,2.71116,32.2864,0,0,0,0,0,0,0,0,0,0,0, 0,0,0,0,0,6,0,0,0,0
44960,10,138,-57.4,60,32,-7.58207,4.84894,0,0,0,0,0,0,0,0,0,0,0, 0,0,0,0,0,6,0,0,0,0
45000,0,246,-57.4,64,32,-8.08754,5.1722,0,0,0,0,0,0,0,0,0,0,0, 0,0,0,0,0,7,0,0,0,0
45000,1,292,-56.5,68,32,-8.50564,5.62976,0,0,0,0,0,0,0,0,0,0,0, 0,0,0,0,0,7,0,0,0,0
45000,2,48,69.6,8,33,1.12474,0.418287,0,0,0,0,0,0,0,0,0,0,0, 0,0,0,0,0,7,0,0,0,0
45000,3,243,-56.5,72,32,-9.00597,5.96092,0,0,0,0,0,0,0,0,0,0,0, 0,0,0,0,0,7,0,0,0,0
45000,4,156,-55.4,76,32,-9.38375,6.47342,0,0,0,0,0,0,0,0,0,0,0, 0,0,0,0,0,7,0,0,0,0
45000,5,100,-54.4,80,32,-9.75721,6.98548,0,0,0,0,0,0,0,0,0,0,0, 0,0,0,0,0,7,0,0,0,0
45000,6,139,-56.5,60,32,-7.50497,4.96743,0,0,0,0,0,0,0,0,0,0,0, 0,0,0,0,0,7,0,0,0,0
45040,0,247,-55.4,64,32,-7.90211,5.4513,0,0,0,0,0,0,0,0,0,0,0, 0,0,0,0,0,8,0,0,0,0
45040,1,291,-55.4,68,32,-8.39599,5.79201,0,0,0,0,0,0,0,0,0,0,0, 0,0,0,0,0,8,0,0,0,0
45040,2,48,71.1,8,33,1.1353,0.388701,0,0,0,0,0,0,0,0,0,0,0, 0,0,0,0,0,8,0,0,0,0
45040,3,248,-54.4,72,32,-8.78149,6.28693,0,0,0,0,0,0,0,0,0,0,0, 0,0,0,0,0,8,0,0,0,0
45040,4,163,-53.4,76,32,-9.15212,6.79696,0,0,0,0,0,0,0,0,0,0,0, 0,0,0,0,0,8,0,0,0,0
45040,5,104,-56.5,80,32,-10.0066,6.62324,0,0,0,0,0,0,0,0,0,0,0, 0,0,0,0,0,8,0,0,0,0
45040,6,21,6.6,212,30.75,3.655,31.5893,0,0,0,0,0,0,0,0,0,0,0, 0,0,0,0,0,8,0,0,0,0
45040,7,30,5.4,212,31.75,2.99264,31.6589,0,0,0,0,0,0,0,0,0,0,0, 0,0,0,0,0,8,0,0,0,0
45040,8,24,3.6,212,32.25,1.99674,31.7372,0,0,0,0,0,0,0,0,0,0,0, 0,0,0,0,0,8,0,0,0,0
45040,9,35,4.2,216,31.5,2.37292,32.313,0,0,0,0,0,0,0,0,0,0,0, 0,0,0,0,0,8,0,0,0,0
45040,10,138,-55.4,60,32,-7.40823,5.11059,0,0,0,0,0,0,0,0,0,0,0, 0,0,0,0,0,8,0,0,0,0
45080,0,248,-56.5,64,32,-8.0053,5.2986,0,1334,0,0,0,0,0,0,0,0,0, 0,0,0,0,0,9,0,0,0,0
45080,1,292,-56.5,68,32,-8.50564,5.62976,0,1334,0,0,0,0,0,0,0,0,0, 0,0,0,0,0,9,0,0,0,0
45080,2,245,-56.5,72,32,-9.00597,5.96092,0,1334,0,0,0,0,0,0,0,0,0, 0,0,0,0,0,9,0,0,0,0
45080,3,155,-55.4,76,32,-9.38375,6.47342,0,1334,0,0,0,0,0,0,0,0,0, 0,0,0,0,0,9,0,0,0,0
45080,4,96,-55.4,80,32,-9.87764,6.81413,0,1334,0,0,0,0,0,0,0,0,0, 0,0,0,0,0,9,0,0,0,0
45080,5,136,-56.5,60,32,-7.50497,4.96743,0,1334,0,0,0,0,0,0,0,0,0, 0,0,0,0,0,9,0,0,0,0
45120,0,247,-56.5,64,32,-8.0053,5.2986,0,0,0,0,0,0,0,0,0,0,0, 0,0,0,0,0,10,0,0,0,0
45120,1,294,-56.5,68,32,-8.50564,5.62976,0,0,0,0,0,0,0,0,0,0,0, 0,0,0,0,0,10,0,0,0,0
45120,2,244,-56.5,72,32,-9.00597,5.96092,0,0,0,0,0,0,0,0,0,0,0, 0,0,0,0,0,10,0,0,0,0
45120,3,153,-56.5,76,32,-9.5063,6.29208,0,0,0,0,0,0,0,0,0,0,0, 0,0,0,0,0,10,0,0,0,0
45120,4,100,-55.4,80,32,-9.87764,6.81413,0,0,0,0,0,0,0,0,0,0,0, 0,0,0,0,0,10,0,0,0,0
45120,5,82,-57.4,84,32,-10.6149,6.78851,0,0,0,0,0,0,0,0,0,0,0, 0,0,0,0,0,10,0,0,0,0
45120,6,29,2.4,212,31.25,1.33165,31.7721,0,0,0,0,0,0,0,0,0,0,0, 0,0,0,0,0,10,0,0,0,0
45120,7,28,0.1,212,32.25,0.0555014,31.7999,0,0,0,0,0,0,0,0,0,0,0, 0,0,0,0,0,10,0,0,0,0
45120,8,136,-56.5,60,32,-7.50497,4.96743,0,0,0,0,0,0,0,0,0,0,0, 0,0,0,0,0,10,0,0,0,0
45160,0,242,-58.4,64,32,-8.17658,5.03026,0,7936,0,0,0,0,0,0,0,0,0, 0,0,0,0,0,11,0,0,0,0
45160,1,286,-58.4,68,32,-8.68761,5.34466,0,7936,0,0,0,0,0,0,0,0,0, 0,0,0,0,0,11,0,0,0,0
45160,2,239,-57.4,72,32,-9.09849,5.81872,0,7936,0,0,0,0,0,0,0,0,0, 0,0,0,0,0,11,0,0,0,0
45160,3,151,-55.4,76,32,-9.38375,6.47342,0,7936,0,0,0,0,0,0,0,0,0, 0,0,0,0,0,11,0,0,0,0
45160,4,105,-48,80,32,-8.91774,8.02957,0,7936,0,0,0,0,0,0,0,0,0, 0,0,0,0,0,11,0,0,0,0
45160,5,90,-43.6,84,32,-8.68921,9.12457,0,7936,0,0,0,0,0,0,0,0,0, 0,0,0,0,0,11,0,0,0,0
45160,6,23,4.2,212,30.75,2.32897,31.7146,0,7936,0,0,0,0,0,0,0,0,0, 0,0,0,0,0,11,0,0,0,0
45160,7,34,3.6,212,31.25,1.99674,31.7372,0,7936,0,0,0,0,0,0,0,0,0, 0,0,0,0,0,11,0,0,0,0
45160,8,23,-0.6,212,32.25,-0.333003,31.7983,0,7936,0,0,0,0,0,0,0,0,0, 0,0,0,0,0,11,0,0,0,0
45160,9,137,-56.5,60,32,-7.50497,4.96743,0,7936,0,0,0,0,0,0,0,0,0, 0,0,0,0,0,11,0,0,0,0
45200,0,243,-57.4,64,32,-8.08754,5.1722,0,1140,0,0,0,0,0,0,0,0,0, 0,0,0,0,0,12,0,0,0,0
45200,1,287,-57.4,68,32,-8.59301,5.49546,0,1140,0,0,0,0,0,0,0,0,0, 0,0,0,0,0,12,0,0,0,0
45200,2,238,-56.5,72,32,-9.00597,5.96092,0,1140,0,0,0,0,0,0,0,0,0, 0,0,0,0,0,12,0,0,0,0
45200,3,150,-55.4,76,32,-9.38375,6.47342,0,1140,0,0,0,0,0,0,0,0,0, 0,0,0,0,0,12,0,0,0,0
45200,4,102,-49.8,80,32,-9.16555,7.74549,0,1140,0,0,0,0,0,0,0,0,0, 0,0,0,0,0,12,0,0,0,0
45200,5,85,-44.2,84,32,-8.78428,9.03307,0,1140,0,0,0,0,0,0,0,0,0, 0,0,0,0,0,12,0,0,0,0
45200,6,135,-56.5,60,32,-7.50497,4.96743,0,1140,0,0,0,0,0,0,0,0,0, 0,0,0,0,0,12,0,0,0,0
45240,0,242,-56.5,64,32,-8.0053,5.2986,0,86,0,0,0,0,0,0,0,0,0, 0,0,0,0,0,13,0,0,0,0
45240,1,289,-55.4,68,32,-8.39599,5.79201,0,86,0,0,0,0,0,0,0,0,0, 0,0,0,0,0,13,0,0,0,0
45240,2,243,-55.4,72,32,-8.88987,6.13271,0,86,0,0,0,0,0,0,0,0,0, 0,0,0,0,0,13,0,0,0,0
45240,3,157,-56.5,76,32,-9.5063,6.29208,0,86,0,0,0,0,0,0,0,0,0, 0,0,0,0,0,13,0,0,0,0
45240,4,104,-54.4,80,32,-9.75721,6.98548,0,86,0,0,0,0,0,0,0,0,0, 0,0,0,0,0,13,0,0,0,0
45240,5,18,3.1,208,30.75,1.68726,31.1543,0,86,0,0,0,0,0,0,0,0,0, 0,0,0,0,0,13,0,0,0,0
45240,6,25,3.1,208,31,1.68726,31.1543,0,86,0,0,0,0,0,0,0,0,0, 0,0,0,0,0,13,0,0,0,0
45240,7,82,-48,84,32,-9.36363,8.43105,0,86,0,0,0,0,0,0,0,0,0, 0,0,0,0,0,13,0,0,0,0
45240,8,135,-55.4,60,32,-7.40823,5.11059,0,86,0,0,0,0,0,0,0,0,0, 0,0,0,0,0,13,0,0,0,0
45280,0,246,-55.4,64,32,-7.90211,5.4513,0,0,0,0,0,0,0,0,0,0,0, 0,0,0,0,0,14,0,0,0,0
45280,1,293,-54.4,68,32,-8.29363,5.93765,0,0,0,0,0,0,0,0,0,0,0, 0,0,0,0,0,14,0,0,0,0
45280,2,246,-54.4,72,32,-8.78149,6.28693,0,0,0,0,0,0,0,0,0,0,0, 0,0,0,0,0,14,0,0,0,0
45280,3,157,-53.4,76,32,-9.15212,6.79696,0,0,0,0,0,0,0,0,0,0,0, 0,0,0,0,0,14,0,0,0,0
45280,4,106,-46.7,80,32,-8.73327,8.22982,0,0,0,0,0,0,0,0,0,0,0, 0,0,0,0,0,14,0,0,0,0
45280,5,89,-42.9,84,32,-8.57708,9.23004,0,0,0,0,0,0,0,0,0,0,0, 0,0,0,0,0,14,0,0,0,0
45280,6,141,-54.4,60,32,-7.31791,5.23911,0,0,0,0,0,0,0,0,0,0,0, 0,0,0,0,0,14,0,0,0,0
45280,7,25,1.8,220,30.75,1.03656,32.9837,0,0,0,0,0,0,0,0,0,0,0, 0,0,0,0,0,14,0,0,0,0
45280,8,28,4.2,220,31.25,2.41686,32.9114,0,0,0,0,0,0,0,0,0,0,0, 0,0,0,0,0,14,0,0,0,0
45320,0,249,-55.4,64,32,-7.90211,5.4513,0,0,0,0,0,0,0,0,0,0,0, 0,0,0,0,0,15,0,0,0,0
45320,1,294,-55.4,68,32,-8.39599,5.79201,0,0,0,0,0,0,0,0,0,0,0, 0,0,0,0,0,15,0,0,0,0
45320,2,244,-54.4,72,32,-8.78149,6.28693,0,0,0,0,0,0,0,0,0,0,0, 0,0,0,0,0,15,0,0,0,0
45320,3,155,-51.6,76,32,-8.93411,7.08108,0,0,0,0,0,0,0,0,0,0,0, 0,0,0,0,0,15,0,0,0,0
45320,4,105,-45.9,80,32,-8.61752,8.35095,0,0,0,0,0,0,0,0,0,0,0, 0,0,0,0,0,15,0,0,0,0
45320,5,88,-45.9,84,32,-9.04839,8.7685,0,0,0,0,0,0,0,0,0,0,0, 0,0,0,0,0,15,0,0,0,0
45320,6,139,-55.4,60,32,-7.40823,5.11059,0,0,0,0,0,0,0,0,0,0,0, 0,0,0,0,0,15,0,0,0,0
45360,0,248,-55.4,64,32,-7.90211,5.4513,0,0,0,0,0,0,0,0,0,0,0, 0,0,0,0,0,0,0,0,0,0
45360,1,291,-56.5,68,32,-8.50564,5.62976,0,0,0,0,0,0,0,0,0,0,0, 0,0,0,0,0,0,0,0,0,0
45360,2,37,67.6,8,33,1.10946,0.457284,0,0,0,0,0,0,0,0,0,0,0, 0,0,0,0,0,0,0,0,0,0
45360,3,241,-56.5,72,32,-9.00597,5.96092,0,0,0,0,0,0,0,0,0,0,0, 0,0,0,0,0,0,0,0,0,0
45360,4,154,-51.6,76,32,-8.93411,7.08108,0,0,0,0,0,0,0,0,0,0,0, 0,0,0,0,0,0,0,0,0,0
45360,5,106,-46.7,80,32,-8.73327,8.22982,0,0,0,0,0,0,0,0,0,0,0, 0,0,0,0,0,0,0,0,0,0
45360,6,83,-54.4,84,32,-10.2451,7.33475,0,0,0,0,0,0,0,0,0,0,0, 0,0,0,0,0,0,0,0,0,0
45360,7,29,1.8,212,31.75,0.998862,31.7843,0,0,0,0,0,0,0,0,0,0,0, 0,0,0,0,0,0,0,0,0,0
45360,8,137,-55.4,60,32,-7.40823,5.11059,0,0,0,0,0,0,0,0,0,0,0, 0,0,0,0,0,0,0,0,0,0
45360,9,39,3.1,220,31.25,1.7846,32.9517,0,0,0,0,0,0,0,0,0,0,0, 0,0,0,0,0,0,0,0,0,0
45360,10,34,4.2,220,32.25,2.41686,32.9114,0,0,0,0,0,0,0,0,0,0,0, 0,0,0,0,0,0,0,0,0,0
45400,0,248,-55.4,64,32,-7.90211,5.4513,0,0,0,0,0,0,0,0,0,0,0, 0,0,0,0,0,1,0,0,0,0
45400,1,293,-54.4,68,32,-8.29363,5.93765,0,0,0,0,0,0,0,0,0,0,0, 0,0,0,0,0,1,0,0,0,0
45400,2,244,-54.4,72,32,-8.78149,6.28693,0,0,0,0,0,0,0,0,0,0,0, 0,0,0,0,0,1,0,0,0,0
45400,3,157,-51.6,76,32,-8.93411,7.08108,0,0,0,0,0,0,0,0,0,0,0, 0,0,0,0,0,1,0,0,0,0
45400,4,105,-49.8,80,32,-9.16555,7.74549,0,0,0,0,0,0,0,0,0,0,0, 0,0,0,0,0,1,0,0,0,0
45400,5,82,-57.4,84,32,-10.6149,6.78851,0,0,0,0,0,0,0,0,0,0,0, 0,0,0,0,0,1,0,0,0,0
45400,6,17,-2.4,244,31.75,-1.53265,36.5679,0,0,0,0,0,0,0,0,0,0,0, 0,0,0,0,0,1,0,0,0,0
45400,7,140,-55.4,60,32,-7.40823,5.11059,0,0,0,0,0,0,0,0,0,0,0, 0,0,0,0,0,1,0,0,0,0
45440,0,249,-55.4,64,32,-7.90211,5.4513,0,0,0,0,0,0,0,0,0,0,0, 0,0,0,0,0,2,0,0,0,0
45440,1,293,-55.4,68,32,-8.39599,5.79201,0,0,0,0,0,0,0,0,0,0,0, 0,0,0,0,0,2,0,0,0,0
45440,2,248,-54.4,72,32,-8.78149,6.28693,0,0,0,0,0,0,0,0,0,0,0, 0,0,0,0,0,2,0,0,0,0
45440,3,160,-54.4,76,32,-9.26935,6.6362,0,0,0,0,0,0,0,0,0,0,0, 0,0,0,0,0,2,0,0,0,0
45440,4,107,-57.4,80,32,-10.1094,6.46525,0,0,0,0,0,0,0,0,0,0,0, 0,0,0,0,0,2,0,0,0,0
45440,5,83,-64.5,84,32,-11.3726,5.42444,0,0,0,0,0,0,0,0,0,0,0, 0,0,0,0,0,2,0,0,0,0
45440,6,18,2.4,216,30.75,1.35677,32.3716,0,0,0,0,0,0,0,0,0,0,0, 0,0,0,0,0,2,0,0,0,0
45440,7,26,3.6,216,31,2.03441,32.3361,0,0,0,0,0,0,0,0,0,0,0, 0,0,0,0,0,2,0,0,0,0
45440,8,24,1.8,216,32.25,1.01771,32.384,0,0,0,0,0,0,0,0,0,0,0, 0,0,0,0,0,2,0,0,0,0
45440,9,146,-54.4,60,32,-7.31791,5.23911,0,0,0,0,0,0,0,0,0,0,0, 0,0,0,0,0,2,0,0,0,0
45440,10,35,1.8,220,31.75,1.03656,32.9837,0,0,0,0,0,0,0,0,0,0,0, 0,0,0,0,0,2,0,0,0,0
45480,0,255,-55.4,64,32,-7.90211,5.4513,0,0,0,0,0,0,0,0,0,0,0, 0,0,0,0,0,3,0,0,0,0
45480,1,299,-55.4,68,32,-8.39599,5.79201,0,0,0,0,0,0,0,0,0,0,0, 0,0,0,0,0,3,0,0,0,0
45480,2,247,-55.4,72,32,-8.88987,6.13271,0,0,0,0,0,0,0,0,0,0,0, 0,0,0,0,0,3,0,0,0,0
45480,3,155,-54.4,76,32,-9.26935,6.6362,0,0,0,0,0,0,0,0,0,0,0, 0,0,0,0,0,3,0,0,0,0
45480,4,103,-53.4,80,32,-9.63381,7.1547,0,0,0,0,0,0,0,0,0,0,0, 0,0,0,0,0,3,0,0,0,0
45480,5,21,3.1,208,30.75,1.68726,31.1543,0,0,0,0,0,0,0,0,0,0,0, 0,0,0,0,0,3,0,0,0,0
45480,6,32,4.2,208,31.75,2.28503,31.1162,0,0,0,0,0,0,0,0,0,0,0, 0,0,0,0,0,3,0,0,0,0
45480,7,25,4.8,208,32.25,2.61075,31.0906,0,0,0,0,0,0,0,0,0,0,0, 0,0,0,0,0,3,0,0,0,0
45480,8,17,6.6,208,33,3.58604,30.9932,0,0,0,0,0,0,0,0,0,0,0, 0,0,0,0,0,3,0,0,0,0
45480,9,86,-57.4,84,32,-10.6149,6.78851,0,0,0,0,0,0,0,0,0,0,0, 0,0,0,0,0,3,0,0,0,0
45480,10,26,4.2,212,30.75,2.32897,31.7146,0,0,0,0,0,0,0,0,0,0,0, 0,0,0,0,0,3,0,0,0,0
45480,11,48,3.1,212,31.25,1.71971,31.7535,0,0,0,0,0,0,0,0,0,0,0, 0,0,0,0,0,3,0,0,0,0
45480,12,38,1.3,212,32.25,0.721457,31.7918,0,0,0,0,0,0,0,0,0,0,0, 0,0,0,0,0,3,0,0,0,0
45480,13,23,2.4,216,30.75,1.35677,32.3716,0,0,0,0,0,0,0,0,0,0,0, 0,0,0,0,0,3,0,0,0,0
45480,14,37,1.3,216,31.25,0.73507,32.3917,0,0,0,0,0,0,0,0,0,0,0, 0,0,0,0,0,3,0,0,0,0
45480,15,28,-1.8,216,32.25,-1.01771,32.384,0,0,0,0,0,0,0,0,0,0,0, 0,0,0,0,0,3,0,0,0,0
45480,16,145,-53.4,60,32,-7.22536,5.36602,0,0,0,0,0,0,0,0,0,0,0, 0,0,0,0,0,3,0,0,0,0
45480,17,33,1.8,220,31.75,1.03656,32.9837,0,0,0,0,0,0,0,0,0,0,0, 0,0,0,0,0,3,0,0,0,0
45520,0,249,-55.4,64,32,-7.90211,5.4513,0,0,0,0,0,0,0,0,0,0,0, 0,0,0,0,0,4,0,0,0,0
45520,1,18,3.1,224,31,1.81705,33.5508,0,0,0,0,0,0,0,0,0,0,0, 0,0,0,0,0,4,0,0,0,0
45520,2,291,-56.5,68,32,-8.50564,5.62976,0,0,0,0,0,0,0,0,0,0,0, 0,0,0,0,0,4,0,0,0,0
45520,3,15,-2.4,228,32.25,-1.43215,34.17,0,0,0,0,0,0,0,0,0,0,0, 0,0,0,0,0,4,0,0,0,0
45520,4,245,-56.5,72,32,-9.00597,5.96092,0,0,0,0,0,0,0,0,0,0,0, 0,0,0,0,0,4,0,0,0,0
45520,5,158,-55.4,76,32,-9.38375,6.47342,0,0,0,0,0,0,0,0,0,0,0, 0,0,0,0,0,4,0,0,0,0
45520,6,108,-55.4,80,32,-9.87764,6.81413,0,0,0,0,0,0,0,0,0,0,0, 0,0,0,0,0,4,0,0,0,0
45520,7,85,-60.3,84,32,-10.9448,6.24278,0,0,0,0,0,0,0,0,0,0,0, 0,0,0,0,0,4,0,0,0,0
45520,8,31,3.6,216,31.75,2.03441,32.3361,0,0,0,0,0,0,0,0,0,0,0, 0,0,0,0,0,4,0,0,0,0
45520,9,27,4.8,216,32.25,2.71116,32.2864,0,0,0,0,0,0,0,0,0,0,0, 0,0,0,0,0,4,0,0,0,0
45520,10,136,-56.5,60,32,-7.50497,4.96743,0,0,0,0,0,0,0,0,0,0,0, 0,0,0,0,0,4,0,0,0,0
45560,0,246,-57.4,64,32,-8.08754,5.1722,0,0,0,0,0,0,0,0,0,0,0, 0,0,0,0,0,5,0,0,0,0
45560,1,291,-56.5,68,32,-8.50564,5.62976,0,0,0,0,0,0,0,0,0,0,0, 0,0,0,0,0,5,0,0,0,0
45560,2,245,-56.5,72,32,-9.00597,5.96092,0,0,0,0,0,0,0,0,0,0,0, 0,0,0,0,0,5,0,0,0,0
45560,3,153,-55.4,76,32,-9.38375,6.47342,0,0,0,0,0,0,0,0,0,0,0, 0,0,0,0,0,5,0,0,0,0
45560,4,102,-55.4,80,32,-9.87764,6.81413,0,0,0,0,0,0,0,0,0,0,0, 0,0,0,0,0,5,0,0,0,0
45560,5,37,5.4,208,31.25,2.93618,31.0615,0,0,0,0,0,0,0,0,0,0,0, 0,0,0,0,0,5,0,0,0,0
45560,6,30,6.6,208,32.25,3.58604,30.9932,0,0,0,0,0,0,0,0,0,0,0, 0,0,0,0,0,5,0,0,0,0
45560,7,142,-56.5,60,32,-7.50497,4.96743,0,0,0,0,0,0,0,0,0,0,0, 0,0,0,0,0,5,0,0,0,0
45600,0,249,-56.5,64,32,-8.0053,5.2986,0,0,0,0,0,0,0,0,0,0,0, 0,0,0,0,0,6,0,0,0,0
45600,1,295,-55.4,68,32,-8.39599,5.79201,0,0,0,0,0,0,0,0,0,0,0, 0,0,0,0,0,6,0,0,0,0
45600,2,247,-54.4,72,32,-8.78149,6.28693,0,0,0,0,0,0,0,0,0,0,0, 0,0,0,0,0,6,0,0,0,0
45600,3,158,-53.4,76,32,-9.15212,6.79696,0,0,0,0,0,0,0,0,0,0,0, 0,0,0,0,0,6,0,0,0,0
45600,4,107,-46.7,80,32,-8.73327,8.22982,0,0,0,0,0,0,0,0,0,0,0, 0,0,0,0,0,6,0,0,0,0
45600,5,84,-49.8,84,32,-9.62383,8.13277,0,0,0,0,0,0,0,0,0,0,0, 0,0,0,0,0,6,0,0,0,0
45600,6,138,-58.4,60,32,-7.66554,4.71587,0,0,0,0,0,0,0,0,0,0,0, 0,0,0,0,0,6,0,0,0,0
45640,0,245,-56.5,64,32,-8.0053,5.2986,0,0,0,0,0,0,0,0,0,0,0, 0,0,0,0,0,7,0,0,0,0
45640,1,292,-55.4,68,32,-8.39599,5.79201,0,0,0,0,0,0,0,0,0,0,0, 0,0,0,0,0,7,0,0,0,0
45640,2,243,-55.4,72,32,-8.88987,6.13271,0,0,0,0,0,0,0,0,0,0,0, 0,0,0,0,0,7,0,0,0,0
45640,3,156,-53.4,76,32,-9.15212,6.79696,0,0,0,0,0,0,0,0,0,0,0, 0,0,0,0,0,7,0,0,0,0
45640,4,110,-45.9,80,32,-8.61752,8.35095,0,0,0,0,0,0,0,0,0,0,0, 0,0,0,0,0,7,0,0,0,0
45640,5,89,-44.2,84,32,-8.78428,9.03307,0,0,0,0,0,0,0,0,0,0,0, 0,0,0,0,0,7,0,0,0,0
45640,6,21,4.8,216,30.75,2.71116,32.2864,0,0,0,0,0,0,0,0,0,0,0, 0,0,0,0,0,7,0,0,0,0
45640,7,33,5.4,216,31.25,3.04911,32.2562,0,0,0,0,0,0,0,0,0,0,0, 0,0,0,0,0,7,0,0,0,0
45640,8,26,7.2,216,32.25,4.0608,32.1445,0,0,0,0,0,0,0,0,0,0,0, 0,0,0,0,0,7,0,0,0,0
45640,9,142,-58.4,60,32,-7.66554,4.71587,0,0,0,0,0,0,0,0,0,0,0, 0,0,0,0,0,7,0,0,0,0
45640,10,21,0.1,220,30.75,0.0575958,33,0,0,0,0,0,0,0,0,0,0,0, 0,0,0,0,0,7,0,0,0,0
45680,0,250,-57.4,64,32,-8.08754,5.1722,0,0,0,0,0,0,0,0,0,0,0, 0,0,0,0,0,8,0,0,0,0
45680,1,292,-57.4,68,32,-8.59301,5.49546,0,0,0,0,0,0,0,0,0,0,0, 0,0,0,0,0,8,0,0,0,0
45680,2,244,-56.5,72,32,-9.00597,5.96092,0,0,0,0,0,0,0,0,0,0,0, 0,0,0,0,0,8,0,0,0,0
45680,3,155,-53.4,76,32,-9.15212,6.79696,0,0,0,0,0,0,0,0,0,0,0, 0,0,0,0,0,8,0,0,0,0
45680,4,114,-43.6,80,32,-8.27543,8.69006,0,0,0,0,0,0,0,0,0,0,0, 0,0,0,0,0,8,0,0,0,0
45680,5,96,-42.3,84,32,-8.47996,9.31935,0,0,0,0,0,0,0,0,0,0,0, 0,0,0,0,0,8,0,0,0,0
45680,6,144,-56.5,60,32,-7.50497,4.96743,0,0,0,0,0,0,0,0,0,0,0, 0,0,0,0,0,8,0,0,0,0
45680,7,24,0.6,220,31,0.345569,32.9982,0,0,0,0,0,0,0,0,0,0,0, 0,0,0,0,0,8,0,0,0,0
45720,0,249,-55.4,64,32,-7.90211,5.4513,0,1334,0,0,0,0,0,0,0,0,0, 0,0,0,0,0,9,0,0,0,0
45720,1,293,-55.4,68,32,-8.39599,5.79201,0,1334,0,0,0,0,0,0,0,0,0, 0,0,0,0,0,9,0,0,0,0
45720,2,243,-54.4,72,32,-8.78149,6.28693,0,1334,0,0,0,0,0,0,0,0,0, 0,0,0,0,0,9,0,0,0,0
45720,3,159,-51.6,76,32,-8.93411,7.08108,0,1334,0,0,0,0,0,0,0,0,0, 0,0,0,0,0,9,0,0,0,0
45720,4,118,-43.6,80,32,-8.27543,8.69006,0,1334,0,0,0,0,0,0,0,0,0, 0,0,0,0,0,9,0,0,0,0
45720,5,97,-42.3,84,32,-8.47996,9.31935,0,1334,0,0,0,0,0,0,0,0,0, 0,0,0,0,0,9,0,0,0,0
45720,6,141,-57.4,60,32,-7.58207,4.84894,0,1334,0,0,0,0,0,0,0,0,0, 0,0,0,0,0,9,0,0,0,0
45720,7,24,5.4,220,30.75,3.10557,32.8535,0,1334,0,0,0,0,0,0,0,0,0, 0,0,0,0,0,9,0,0,0,0
45720,8,27,5.4,220,31,3.10557,32.8535,0,1334,0,0,0,0,0,0,0,0,0, 0,0,0,0,0,9,0,0,0,0
45760,0,246,-58.4,64,32,-8.17658,5.03026,0,0,0,0,0,0,0,0,0,0,0, 0,0,0,0,0,10,0,0,0,0
45760,1,290,-58.4,68,32,-8.68761,5.34466,0,0,0,0,0,0,0,0,0,0,0, 0,0,0,0,0,10,0,0,0,0
45760,2,240,-57.4,72,32,-9.09849,5.81872,0,0,0,0,0,0,0,0,0,0,0, 0,0,0,0,0,10,0,0,0,0
45760,3,157,-53.4,76,32,-9.15212,6.79696,0,0,0,0,0,0,0,0,0,0,0, 0,0,0,0,0,10,0,0,0,0
45760,4,120,-42.9,80,32,-8.16865,8.79051,0,0,0,0,0,0,0,0,0,0,0, 0,0,0,0,0,10,0,0,0,0
45760,5,105,-41.1,84,32,-8.28293,9.4949,0,0,0,0,0,0,0,0,0,0,0, 0,0,0,0,0,10,0,0,0,0
45760,6,141,-56.5,60,32,-7.50497,4.96743,0,0,0,0,0,0,0,0,0,0,0, 0,0,0,0,0,10,0,0,0,0
45800,0,249,-56.5,64,32,-8.0053,5.2986,0,7936,0,0,0,0,0,0,0,0,0, 0,0,0,0,0,11,0,0,0,0
45800,1,296,-55.4,68,32,-8.39599,5.79201,0,7936,0,0,0,0,0,0,0,0,0, 0,0,0,0,0,11,0,0,0,0
45800,2,20,-2.4,228,31.75,-1.43215,34.17,0,7936,0,0,0,0,0,0,0,0,0, 0,0,0,0,0,11,0,0,0,0
45800,3,17,-4.2,228,33,-2.50475,34.1082,0,7936,0,0,0,0,0,0,0,0,0, 0,0,0,0,0,11,0,0,0,0
45800,4,251,-53.4,72,32,-8.67043,6.43923,0,7936,0,0,0,0,0,0,0,0,0, 0,0,0,0,0,11,0,0,0,0
45800,5,162,-48,76,32,-8.47185,7.62809,0,7936,0,0,0,0,0,0,0,0,0, 0,0,0,0,0,11,0,0,0,0
45800,6,118,-42.9,80,32,-8.16865,8.79051,0,7936,0,0,0,0,0,0,0,0,0, 0,0,0,0,0,11,0,0,0,0
45800,7,98,-41.7,84,32,-8.3819,9.40764,0,7936,0,0,0,0,0,0,0,0,0, 0,0,0,0,0,11,0,0,0,0
45800,8,137,-57.4,60,32,-7.58207,4.84894,0,7936,0,0,0,0,0,0,0,0,0, 0,0,0,0,0,11,0,0,0,0
45800,9,21,7.2,220,30.75,4.136,32.7398,0,7936,0,0,0,0,0,0,0,0,0, 0,0,0,0,0,11,0,0,0,0
45800,10,30,6.1,220,31.25,3.50671,32.8132,0,7936,0,0,0,0,0,0,0,0,0, 0,0,0,0,0,11,0,0,0,0
45840,0,246,-56.5,64,32,-8.0053,5.2986,0,1140,0,0,0,0,0,0,0,0,0, 0,0,0,0,0,12,0,0,0,0
45840,1,288,-56.5,68,32,-8.50564,5.62976,0,1140,0,0,0,0,0,0,0,0,0, 0,0,0,0,0,12,0,0,0,0
45840,2,241,-55.4,72,32,-8.88987,6.13271,0,1140,0,0,0,0,0,0,0,0,0, 0,0,0,0,0,12,0,0,0,0
45840,3,155,-51.6,76,32,-8.93411,7.08108,0,1140,0,0,0,0,0,0,0,0,0, 0,0,0,0,0,12,0,0,0,0
45840,4,113,-45.9,80,32,-8.61752,8.35095,0,1140,0,0,0,0,0,0,0,0,0, 0,0,0,0,0,12,0,0,0,0
45840,5,87,-45.9,84,32,-9.04839,8.7685,0,1140,0,0,0,0,0,0,0,0,0, 0,0,0,0,0,12,0,0,0,0
45840,6,138,-58.4,60,32,-7.66554,4.71587,0,1140,0,0,0,0,0,0,0,0,0, 0,0,0,0,0,12,0,0,0,0
45880,0,246,-59.4,64,32,-8.26312,4.8868,0,86,0,0,0,0,0,0,0,0,0, 0,0,0,0,0,13,0,0,0,0
45880,1,290,-57.4,68,32,-8.59301,5.49546,0,86,0,0,0,0,0,0,0,0,0, 0,0,0,0,0,13,0,0,0,0
45880,2,242,-56.5,72,32,-9.00597,5.96092,0,86,0,0,0,0,0,0,0,0,0, 0,0,0,0,0,13,0,0,0,0
45880,3,153,-55.4,76,32,-9.38375,6.47342,0,86,0,0,0,0,0,0,0,0,0, 0,0,0,0,0,13,0,0,0,0
45880,4,102,-48,80,32,-8.91774,8.02957,0,86,0,0,0,0,0,0,0,0,0, 0,0,0,0,0,13,0,0,0,0
45880,5,139,-58.4,60,32,-7.66554,4.71587,0,86,0,0,0,0,0,0,0,0,0, 0,0,0,0,0,13,0,0,0,0
45920,0,244,-57.4,64,32,-8.08754,5.1722,0,0,0,0,0,0,0,0,0,0,0, 0,0,0,0,0,14,0,0,0,0
45920,1,291,-56.5,68,32,-8.50564,5.62976,0,0,0,0,0,0,0,0,0,0,0, 0,0,0,0,0,14,0,0,0,0
45920,2,243,-55.4,72,32,-8.88987,6.13271,0,0,0,0,0,0,0,0,0,0,0, 0,0,0,0,0,14,0,0,0,0
45920,3,155,-54.4,76,32,-9.26935,6.6362,0,0,0,0,0,0,0,0,0,0,0, 0,0,0,0,0,14,0,0,0,0
45920,4,105,-46.7,80,32,-8.73327,8.22982,0,0,0,0,0,0,0,0,0,0,0, 0,0,0,0,0,14,0,0,0,0
45920,5,85,-44.2,84,32,-8.78428,9.03307,0,0,0,0,0,0,0,0,0,0,0, 0,0,0,0,0,14,0,0,0,0
45920,6,22,4.8,212,31.25,2.66096,31.6885,0,0,0,0,0,0,0,0,0,0,0, 0,0,0,0,0,14,0,0,0,0
45920,7,27,9.4,216,31.5,5.29176,31.9649,0,0,0,0,0,0,0,0,0,0,0, 0,0,0,0,0,14,0,0,0,0
45920,8,142,-54.4,60,32,-7.31791,5.23911,0,0,0,0,0,0,0,0,0,0,0, 0,0,0,0,0,14,0,0,0,0
45920,9,28,3.1,220,30.75,1.7846,32.9517,0,0,0,0,0,0,0,0,0,0,0, 0,0,0,0,0,14,0,0,0,0
45920,10,33,4.2,220,31,2.41686,32.9114,0,0,0,0,0,0,0,0,0,0,0, 0,0,0,0,0,14,0,0,0,0
45920,11,20,7.2,220,32.25,4.136,32.7398,0,0,0,0,0,0,0,0,0,0,0, 0,0,0,0,0,14,0,0,0,0
45960,0,247,-55.4,64,32,-7.90211,5.4513,0,0,0,0,0,0,0,0,0,0,0, 0,0,0,0,0,15,0,0,0,0
45960,1,290,-56.5,68,32,-8.50564,5.62976,0,0,0,0,0,0,0,0,0,0,0, 0,0,0,0,0,15,0,0,0,0
45960,2,242,-55.4,72,32,-8.88987,6.13271,0,0,0,0,0,0,0,0,0,0,0, 0,0,0,0,0,15,0,0,0,0
45960,3,157,-53.4,76,32,-9.15212,6.79696,0,0,0,0,0,0,0,0,0,0,0, 0,0,0,0,0,15,0,0,0,0
45960,4,110,-45.9,80,32,-8.61752,8.35095,0,0,0,0,0,0,0,0,0,0,0, 0,0,0,0,0,15,0,0,0,0
45960,5,91,-42.9,84,32,-8.57708,9.23004,0,0,0,0,0,0,0,0,0,0,0, 0,0,0,0,0,15,0,0,0,0
45960,6,32,1.3,216,30.75,0.73507,32.3917,0,0,0,0,0,0,0,0,0,0,0, 0,0,0,0,0,15,0,0,0,0
45960,7,41,1.3,216,31,0.73507,32.3917,0,0,0,0,0,0,0,0,0,0,0, 0,0,0,0,0,15,0,0,0,0
45960,8,30,2.4,216,32.25,1.35677,32.3716,0,0,0,0,0,0,0,0,0,0,0, 0,0,0,0,0,15,0,0,0,0
45960,9,139,-54.4,60,32,-7.31791,5.23911,0,0,0,0,0,0,0,0,0,0,0, 0,0,0,0,0,15,0,0,0,0
46000,0,246,-56.5,64,32,-8.0053,5.2986,0,0,0,0,0,0,0,0,0,0,0, 0,0,0,0,0,0,0,0,0,0
46000,1,28,1.3,224,30.75,0.762294,33.5914,0,0,0,0,0,0,0,0,0,0,0, 0,0,0,0,0,0,0,0,0,0
46000,2,26,1.8,224,31,1.0554,33.5834,0,0,0,0,0,0,0,0,0,0,0, 0,0,0,0,0,0,0,0,0,0
46000,3,289,-56.5,68,32,-8.50564,5.62976,0,0,0,0,0,0,0,0,0,0,0, 0,0,0,0,0,0,0,0,0,0
46000,4,240,-55.4,72,32,-8.88987,6.13271,0,0,0,0,0,0,0,0,0,0,0, 0,0,0,0,0,0,0,0,0,0
46000,5,154,-54.4,76,32,-9.26935,6.6362,0,0,0,0,0,0,0,0,0,0,0, 0,0,0,0,0,0,0,0,0,0
46000,6,103,-51.6,80,32,-9.40432,7.45377,0,0,0,0,0,0,0,0,0,0,0, 0,0,0,0,0,0,0,0,0,0
46000,7,84,-49.8,84,32,-9.62383,8.13277,0,0,0,0,0,0,0,0,0,0,0, 0,0,0,0,0,0,0,0,0,0
46000,8,17,1.8,212,30.75,0.998862,31.7843,0,0,0,0,0,0,0,0,0,0,0, 0,0,0,0,0,0,0,0,0,0
46000,9,18,2.4,212,31,1.33165,31.7721,0,0,0,0,0,0,0,0,0,0,0, 0,0,0,0,0,0,0,0,0,0
46000,10,30,6.1,216,30.75,3.44296,32.2165,0,0,0,0,0,0,0,0,0,0,0, 0,0,0,0,0,0,0,0,0,0
46000,11,41,3.6,216,31.25,2.03441,32.3361,0,0,0,0,0,0,0,0,0,0,0, 0,0,0,0,0,0,0,0,0,0
46000,12,32,-1.2,216,32.25,-0.678535,32.3929,0,0,0,0,0,0,0,0,0,0,0, 0,0,0,0,0,0,0,0,0,0
46000,13,140,-55.4,60,32,-7.40823,5.11059,0,0,0,0,0,0,0,0,0,0,0, 0,0,0,0,0,0,0,0,0,0
46040,0,246,-55.4,64,32,-7.90211,5.4513,0,0,0,0,0,0,0,0,0,0,0, 0,0,0,0,0,1,0,0,0,0
46040,1,33,4.2,224,30.5,2.4608,33.5098,0,0,0,0,0,0,0,0,0,0,0, 0,0,0,0,0,1,0,0,0,0
46040,2,293,-54.4,68,32,-8.29363,5.93765,0,0,0,0,0,0,0,0,0,0,0, 0,0,0,0,0,1,0,0,0,0
46040,3,250,-53.4,72,32,-8.67043,6.43923,0,0,0,0,0,0,0,0,0,0,0, 0,0,0,0,0,1,0,0,0,0
46040,4,162,-53.4,76,32,-9.15212,6.79696,0,0,0,0,0,0,0,0,0,0,0, 0,0,0,0,0,1,0,0,0,0
46040,5,115,-51.6,80,32,-9.40432,7.45377,0,0,0,0,0,0,0,0,0,0,0, 0,0,0,0,0,1,0,0,0,0
46040,6,91,-53.4,84,32,-10.1155,7.51243,0,0,0,0,0,0,0,0,0,0,0, 0,0,0,0,0,1,0,0,0,0
46040,7,134,-56.5,60,32,-7.50497,4.96743,0,0,0,0,0,0,0,0,0,0,0, 0,0,0,0,0,1,0,0,0,0
46080,0,244,-56.5,64,32,-8.0053,5.2986,0,0,0,0,0,0,0,0,0,0,0, 0,0,0,0,0,2,0,0,0,0
46080,1,15,-4.8,224,31.75,-2.81158,33.4822,0,0,0,0,0,0,0,0,0,0,0, 0,0,0,0,0,2,0,0,0,0
46080,2,291,-55.4,68,32,-8.39599,5.79201,0,0,0,0,0,0,0,0,0,0,0, 0,0,0,0,0,2,0,0,0,0
46080,3,244,-54.4,72,32,-8.78149,6.28693,0,0,0,0,0,0,0,0,0,0,0, 0,0,0,0,0,2,0,0,0,0
46080,4,159,-53.4,76,32,-9.15212,6.79696,0,0,0,0,0,0,0,0,0,0,0, 0,0,0,0,0,2,0,0,0,0
46080,5,112,-53.4,80,32,-9.63381,7.1547,0,0,0,0,0,0,0,0,0,0,0, 0,0,0,0,0,2,0,0,0,0
46080,6,89,-59.4,84,32,-10.8454,6.41392,0,0,0,0,0,0,0,0,0,0,0, 0,0,0,0,0,2,0,0,0,0
46080,7,26,4.2,216,31.75,2.37292,32.313,0,0,0,0,0,0,0,0,0,0,0, 0,0,0,0,0,2,0,0,0,0
46080,8,30,3.6,216,32.5,2.03441,32.3361,0,0,0,0,0,0,0,0,0,0,0, 0,0,0,0,0,2,0,0,0,0
46080,9,17,3.6,216,33,2.03441,32.3361,0,0,0,0,0,0,0,0,0,0,0, 0,0,0,0,0,2,0,0,0,0
46080,10,137,-55.4,60,32,-7.40823,5.11059,0,0,0,0,0,0,0,0,0,0,0, 0,0,0,0,0,2,0,0,0,0
46080,11,24,4.2,220,31.75,2.41686,32.9114,0,0,0,0,0,0,0,0,0,0,0, 0,0,0,0,0,2,0,0,0,0
46080,12,20,0.6,220,32.25,0.345569,32.9982,0,0,0,0,0,0,0,0,0,0,0, 0,0,0,0,0,2,0,0,0,0
46120,0,246,-55.4,64,32,-7.90211,5.4513,0,0,0,0,0,0,0,0,0,0,0, 0,0,0,0,0,3,0,0,0,0
46120,1,21,0.1,224,32.25,0.058643,33.5999,0,0,0,0,0,0,0,0,0,0,0, 0,0,0,0,0,3,0,0,0,0
46120,2,296,-55.4,68,32,-8.39599,5.79201,0,0,0,0,0,0,0,0,0,0,0, 0,0,0,0,0,3,0,0,0,0
46120,3,246,-55.4,72,32,-8.88987,6.13271,0,0,0,0,0,0,0,0,0,0,0, 0,0,0,0,0,3,0,0,0,0
46120,4,159,-53.4,76,32,-9.15212,6.79696,0,0,0,0,0,0,0,0,0,0,0, 0,0,0,0,0,3,0,0,0,0
46120,5,107,-51.6,80,32,-9.40432,7.45377,0,0,0,0,0,0,0,0,0,0,0, 0,0,0,0,0,3,0,0,0,0
46120,6,85,-54.4,84,32,-10.2451,7.33475,0,0,0,0,0,0,0,0,0,0,0, 0,0,0,0,0,3,0,0,0,0
46120,7,23,7.2,212,32.25,3.9856,31.5492,0,0,0,0,0,0,0,0,0,0,0, 0,0,0,0,0,3,0,0,0,0
46120,8,137,-56.5,60,32,-7.50497,4.96743,0,0,0,0,0,0,0,0,0,0,0, 0,0,0,0,0,3,0,0,0,0
46160,0,245,-56.5,64,32,-8.0053,5.2986,0,0,0,0,0,0,0,0,0,0,0, 0,0,0,0,0,4,0,0,0,0
46160,1,290,-55.4,68,32,-8.39599,5.79201,0,0,0,0,0,0,0,0,0,0,0, 0,0,0,0,0,4,0,0,0,0
46160,2,244,-54.4,72,32,-8.78149,6.28693,0,0,0,0,0,0,0,0,0,0,0, 0,0,0,0,0,4,0,0,0,0
46160,3,159,-51.6,76,32,-8.93411,7.08108,0,0,0,0,0,0,0,0,0,0,0, 0,0,0,0,0,4,0,0,0,0
46160,4,111,-46.7,80,32,-8.73327,8.22982,0,0,0,0,0,0,0,0,0,0,0, 0,0,0,0,0,4,0,0,0,0
46160,5,86,-45.9,84,32,-9.04839,8.7685,0,0,0,0,0,0,0,0,0,0,0, 0,0,0,0,0,4,0,0,0,0
46160,6,24,-0.6,216,32.5,-0.339286,32.3982,0,0,0,0,0,0,0,0,0,0,0, 0,0,0,0,0,4,0,0,0,0
46160,7,139,-55.4,60,32,-7.40823,5.11059,0,0,0,0,0,0,0,0,0,0,0, 0,0,0,0,0,4,0,0,0,0
46200,0,244,-56.5,64,32,-8.0053,5.2986,0,0,0,0,0,0,0,0,0,0,0, 0,0,0,0,0,5,0,0,0,0
46200,1,23,3.6,224,30.75,2.10976,33.5337,0,0,0,0,0,0,0,0,0,0,0, 0,0,0,0,0,5,0,0,0,0
46200,2,33,27.1,68,31.75,4.64656,9.08017,0,0,0,0,0,0,0,0,0,0,0, 0,0,0,0,0,5,0,0,0,0
46200,3,291,-56.5,68,32,-8.50564,5.62976,0,0,0,0,0,0,0,0,0,0,0, 0,0,0,0,0,5,0,0,0,0
46200,4,242,-55.4,72,32,-8.88987,6.13271,0,0,0,0,0,0,0,0,0,0,0, 0,0,0,0,0,5,0,0,0,0
46200,5,154,-53.4,76,32,-9.15212,6.79696,0,0,0,0,0,0,0,0,0,0,0, 0,0,0,0,0,5,0,0,0,0
46200,6,111,-44.2,80,32,-8.36598,8.60293,0,0,0,0,0,0,0,0,0,0,0, 0,0,0,0,0,5,0,0,0,0
46200,7,93,-42.9,84,32,-8.57708,9.23004,0,0,0,0,0,0,0,0,0,0,0, 0,0,0,0,0,5,0,0,0,0
46200,8,138,-55.4,60,32,-7.40823,5.11059,0,0,0,0,0,0,0,0,0,0,0, 0,0,0,0,0,5,0,0,0,0
46240,0,247,-56.5,64,32,-8.0053,5.2986,0,0,0,0,0,0,0,0,0,0,0, 0,0,0,0,0,6,0,0,0,0
46240,1,292,-56.5,68,32,-8.50564,5.62976,0,0,0,0,0,0,0,0,0,0,0, 0,0,0,0,0,6,0,0,0,0
46240,2,22,-5.4,228,32.25,-3.2185,34.0482,0,0,0,0,0,0,0,0,0,0,0, 0,0,0,0,0,6,0,0,0,0
46240,3,242,-55.4,72,32,-8.88987,6.13271,0,0,0,0,0,0,0,0,0,0,0, 0,0,0,0,0,6,0,0,0,0
46240,4,20,0.6,232,31.75,0.364418,34.7981,0,0,0,0,0,0,0,0,0,0,0, 0,0,0,0,0,6,0,0,0,0
46240,5,152,-55.4,76,32,-9.38375,6.47342,0,0,0,0,0,0,0,0,0,0,0, 0,0,0,0,0,6,0,0,0,0
46240,6,109,-49.8,80,32,-9.16555,7.74549,0,0,0,0,0,0,0,0,0,0,0, 0,0,0,0,0,6,0,0,0,0
46240,7,17,0.6,208,31.75,0.32672,31.1983,0,0,0,0,0,0,0,0,0,0,0, 0,0,0,0,0,6,0,0,0,0
46240,8,90,-46.7,84,32,-9.16994,8.64131,0,0,0,0,0,0,0,0,0,0,0, 0,0,0,0,0,6,0,0,0,0
46240,9,19,-3.6,216,31.75,-2.03441,32.3361,0,0,0,0,0,0,0,0,0,0,0, 0,0,0,0,0,6,0,0,0,0
46240,10,141,-56.5,60,32,-7.50497,4.96743,0,0,0,0,0,0,0,0,0,0,0, 0,0,0,0,0,6,0,0,0,0
46240,11,21,6.1,220,31,3.50671,32.8132,0,0,0,0,0,0,0,0,0,0,0, 0,0,0,0,0,6,0,0,0,0
46280,0,248,-55.4,64,32,-7.90211,5.4513,0,0,0,0,0,0,0,0,0,0,0, 0,0,0,0,0,7,0,0,0,0
46280,1,292,-55.4,68,32,-8.39599,5.79201,0,0,0,0,0,0,0,0,0,0,0, 0,0,0,0,0,7,0,0,0,0
46280,2,248,-54.4,72,32,-8.78149,6.28693,0,0,0,0,0,0,0,0,0,0,0, 0,0,0,0,0,7,0,0,0,0
46280,3,158,-51.6,76,32,-8.93411,7.08108,0,0,0,0,0,0,0,0,0,0,0, 0,0,0,0,0,7,0,0,0,0
46280,4,109,-48,80,32,-8.91774,8.02957,0,0,0,0,0,0,0,0,0,0,0, 0,0,0,0,0,7,0,0,0,0
46280,5,88,-51.6,84,32,-9.87454,7.82646,0,0,0,0,0,0,0,0,0,0,0, 0,0,0,0,0,7,0,0,0,0
46280,6,137,-57.4,60,32,-7.58207,4.84894,0,0,0,0,0,0,0,0,0,0,0, 0,0,0,0,0,7,0,0,0,0
46320,0,243,-57.4,64,32,-8.08754,5.1722,0,0,0,0,0,0,0,0,0,0,0, 0,0,0,0,0,8,0,0,0,0
46320,1,287,-56.5,68,32,-8.50564,5.62976,0,0,0,0,0,0,0,0,0,0,0, 0,0,0,0,0,8,0,0,0,0
46320,2,26,4.2,228,31.5,2.50475,34.1082,0,0,0,0,0,0,0,0,0,0,0, 0,0,0,0,0,8,0,0,0,0
46320,3,32,69.6,8,30.75,1.12474,0.418287,0,0,0,0,0,0,0,0,0,0,0, 0,0,0,0,0,8,0,0,0,0
46320,4,239,-56.5,72,32,-9.00597,5.96092,0,0,0,0,0,0,0,0,0,0,0, 0,0,0,0,0,8,0,0,0,0
46320,5,153,-54.4,76,32,-9.26935,6.6362,0,0,0,0,0,0,0,0,0,0,0, 0,0,0,0,0,8,0,0,0,0
46320,6,108,-48,80,32,-8.91774,8.02957,0,0,0,0,0,0,0,0,0,0,0, 0,0,0,0,0,8,0,0,0,0
46320,7,87,-53.4,84,32,-10.1155,7.51243,0,0,0,0,0,0,0,0,0,0,0, 0,0,0,0,0,8,0,0,0,0
46320,8,20,8.3,212,31,4.59053,31.4669,0,0,0,0,0,0,0,0,0,0,0, 0,0,0,0,0,8,0,0,0,0
46320,9,20,4.2,216,31.75,2.37292,32.313,0,0,0,0,0,0,0,0,0,0,0, 0,0,0,0,0,8,0,0,0,0
46320,10,139,-56.5,60,32,-7.50497,4.96743,0,0,0,0,0,0,0,0,0,0,0, 0,0,0,0,0,8,0,0,0,0
46360,0,245,-56.5,64,32,-8.0053,5.2986,0,1334,0,0,0,0,0,0,0,0,0, 0,0,0,0,0,9,0,0,0,0
46360,1,291,-55.4,68,32,-8.39599,5.79201,0,1334,0,0,0,0,0,0,0,0,0, 0,0,0,0,0,9,0,0,0,0
46360,2,41,62.7,8,33,1.06634,0.550379,0,1334,0,0,0,0,0,0,0,0,0, 0,0,0,0,0,9,0,0,0,0
46360,3,244,-54.4,72,32,-8.78149,6.28693,0,1334,0,0,0,0,0,0,0,0,0, 0,0,0,0,0,9,0,0,0,0
46360,4,162,-53.4,76,32,-9.15212,6.79696,0,1334,0,0,0,0,0,0,0,0,0, 0,0,0,0,0,9,0,0,0,0
46360,5,115,-46.7,80,32,-8.73327,8.22982,0,1334,0,0,0,0,0,0,0,0,0, 0,0,0,0,0,9,0,0,0,0
46360,6,94,-45,84,32,-8.90955,8.90955,0,1334,0,0,0,0,0,0,0,0,0, 0,0,0,0,0,9,0,0,0,0
46360,7,143,-55.4,60,32,-7.40823,5.11059,0,1334,0,0,0,0,0,0,0,0,0, 0,0,0,0,0,9,0,0,0,0
46400,0,248,-56.5,64,32,-8.0053,5.2986,0,0,0,0,0,0,0,0,0,0,0, 0,0,0,0,0,10,0,0,0,0
46400,1,23,7.2,224,30.75,4.2112,33.3351,0,0,0,0,0,0,0,0,0,0,0, 0,0,0,0,0,10,0,0,0,0
46400,2,28,6.6,224,31.25,3.86189,33.3773,0,0,0,0,0,0,0,0,0,0,0, 0,0,0,0,0,10,0,0,0,0
46400,3,20,5.4,224,32.25,3.16204,33.4509,0,0,0,0,0,0,0,0,0,0,0, 0,0,0,0,0,10,0,0,0,0
46400,4,290,-56.5,68,32,-8.50564,5.62976,0,0,0,0,0,0,0,0,0,0,0, 0,0,0,0,0,10,0,0,0,0
46400,5,22,1.3,228,31,0.775907,34.1912,0,0,0,0,0,0,0,0,0,0,0, 0,0,0,0,0,10,0,0,0,0
46400,6,18,3.1,228,32.25,1.8495,34.15,0,0,0,0,0,0,0,0,0,0,0, 0,0,0,0,0,10,0,0,0,0
46400,7,241,-56.5,72,32,-9.00597,5.96092,0,0,0,0,0,0,0,0,0,0,0, 0,0,0,0,0,10,0,0,0,0
46400,8,157,-53.4,76,32,-9.15212,6.79696,0,0,0,0,0,0,0,0,0,0,0, 0,0,0,0,0,10,0,0,0,0
46400,9,116,-45.9,80,32,-8.61752,8.35095,0,0,0,0,0,0,0,0,0,0,0, 0,0,0,0,0,10,0,0,0,0
46400,10,99,-44.2,84,32,-8.78428,9.03307,0,0,0,0,0,0,0,0,0,0,0, 0,0,0,0,0,10,0,0,0,0
46400,11,137,-57.4,60,32,-7.58207,4.84894,0,0,0,0,0,0,0,0,0,0,0, 0,0,0,0,0,10,0,0,0,0
46440,0,243,-57.4,64,32,-8.08754,5.1722,0,7936,0,0,0,0,0,0,0,0,0, 0,0,0,0,0,11,0,0,0,0
46440,1,289,-56.5,68,32,-8.50564,5.62976,0,7936,0,0,0,0,0,0,0,0,0, 0,0,0,0,0,11,0,0,0,0
46440,2,242,-55.4,72,32,-8.88987,6.13271,0,7936,0,0,0,0,0,0,0,0,0, 0,0,0,0,0,11,0,0,0,0
46440,3,159,-51.6,76,32,-8.93411,7.08108,0,7936,0,0,0,0,0,0,0,0,0, 0,0,0,0,0,11,0,0,0,0
46440,4,119,-44.2,80,32,-8.36598,8.60293,0,7936,0,0,0,0,0,0,0,0,0, 0,0,0,0,0,11,0,0,0,0
46440,5,100,-41.1,84,32,-8.28293,9.4949,0,7936,0,0,0,0,0,0,0,0,0, 0,0,0,0,0,11,0,0,0,0
46440,6,143,-57.4,60,32,-7.58207,4.84894,0,7936,0,0,0,0,0,0,0,0,0, 0,0,0,0,0,11,0,0,0,0
46480,0,250,-57.4,64,32,-8.08754,5.1722,0,1140,0,0,0,0,0,0,0,0,0, 0,0,0,0,0,12,0,0,0,0
46480,1,293,-56.5,68,32,-8.50564,5.62976,0,1140,0,0,0,0,0,0,0,0,0, 0,0,0,0,0,12,0,0,0,0
46480,2,245,-56.5,72,32,-9.00597,5.96092,0,1140,0,0,0,0,0,0,0,0,0, 0,0,0,0,0,12,0,0,0,0
46480,3,20,-0.6,232,31.75,-0.364418,34.7981,0,1140,0,0,0,0,0,0,0,0,0, 0,0,0,0,0,12,0,0,0,0
46480,4,162,-53.4,76,32,-9.15212,6.79696,0,1140,0,0,0,0,0,0,0,0,0, 0,0,0,0,0,12,0,0,0,0
46480,5,119,-45,80,32,-8.48528,8.48528,0,1140,0,0,0,0,0,0,0,0,0, 0,0,0,0,0,12,0,0,0,0
46480,6,100,-42.3,84,32,-8.47996,9.31935,0,1140,0,0,0,0,0,0,0,0,0, 0,0,0,0,0,12,0,0,0,0
46480,7,139,-57.4,60,32,-7.58207,4.84894,0,1140,0,0,0,0,0,0,0,0,0, 0,0,0,0,0,12,0,0,0,0
46520,0,247,-57.4,64,32,-8.08754,5.1722,0,86,0,0,0,0,0,0,0,0,0, 0,0,0,0,0,13,0,0,0,0
46520,1,292,-56.5,68,32,-8.50564,5.62976,0,86,0,0,0,0,0,0,0,0,0, 0,0,0,0,0,13,0,0,0,0
46520,2,245,-56.5,72,32,-9.00597,5.96092,0,86,0,0,0,0,0,0,0,0,0, 0,0,0,0,0,13,0,0,0,0
46520,3,159,-55.4,76,32,-9.38375,6.47342,0,86,0,0,0,0,0,0,0,0,0, 0,0,0,0,0,13,0,0,0,0
46520,4,110,-51.6,80,32,-9.40432,7.45377,0,86,0,0,0,0,0,0,0,0,0, 0,0,0,0,0,13,0,0,0,0
46520,5,92,-46.7,84,32,-9.16994,8.64131,0,86,0,0,0,0,0,0,0,0,0, 0,0,0,0,0,13,0,0,0,0
46520,6,138,-60.3,60,32,-7.81768,4.45913,0,86,0,0,0,0,0,0,0,0,0, 0,0,0,0,0,13,0,0,0,0
46560,0,245,-57.4,64,32,-8.08754,5.1722,0,0,0,0,0,0,0,0,0,0,0, 0,0,0,0,0,14,0,0,0,0
46560,1,292,-56.5,68,32,-8.50564,5.62976,0,0,0,0,0,0,0,0,0,0,0, 0,0,0,0,0,14,0,0,0,0
46560,2,247,-55.4,72,32,-8.88987,6.13271,0,0,0,0,0,0,0,0,0,0,0, 0,0,0,0,0,14,0,0,0,0
46560,3,161,-53.4,76,32,-9.15212,6.79696,0,0,0,0,0,0,0,0,0,0,0, 0,0,0,0,0,14,0,0,0,0
46560,4,111,-49.8,80,32,-9.16555,7.74549,0,0,0,0,0,0,0,0,0,0,0, 0,0,0,0,0,14,0,0,0,0
46560,5,87,-48,84,32,-9.36363,8.43105,0,0,0,0,0,0,0,0,0,0,0, 0,0,0,0,0,14,0,0,0,0
46560,6,25,1.3,244,31.25,0.830356,36.5906,0,0,0,0,0,0,0,0,0,0,0, 0,0,0,0,0,14,0,0,0,0
46560,7,23,-1.2,244,32.25,-0.766493,36.592,0,0,0,0,0,0,0,0,0,0,0, 0,0,0,0,0,14,0,0,0,0
46560,8,141,-58.4,60,32,-7.66554,4.71587,0,0,0,0,0,0,0,0,0,0,0, 0,0,0,0,0,14,0,0,0,0
46600,0,249,-57.4,64,32,-8.08754,5.1722,0,0,0,0,0,0,0,0,0,0,0, 0,0,0,0,0,15,0,0,0,0
46600,1,294,-56.5,68,32,-8.50564,5.62976,0,0,0,0,0,0,0,0,0,0,0, 0,0,0,0,0,15,0,0,0,0
46600,2,245,-56.5,72,32,-9.00597,5.96092,0,0,0,0,0,0,0,0,0,0,0, 0,0,0,0,0,15,0,0,0,0
46600,3,155,-56.5,76,32,-9.5063,6.29208,0,0,0,0,0,0,0,0,0,0,0, 0,0,0,0,0,15,0,0,0,0
46600,4,101,-54.4,80,32,-9.75721,6.98548,0,0,0,0,0,0,0,0,0,0,0, 0,0,0,0,0,15,0,0,0,0
46600,5,15,-2.4,216,32.25,-1.35677,32.3716,0,0,0,0,0,0,0,0,0,0,0, 0,0,0,0,0,15,0,0,0,0
46600,6,139,-57.4,60,32,-7.58207,4.84894,0,0,0,0,0,0,0,0,0,0,0, 0,0,0,0,0,15,0,0,0,0
46640,0,248,-56.5,64,32,-8.0053,5.2986,0,0,0,0,0,0,0,0,0,0,0, 0,0,0,0,0,0,0,0,0,0
46640,1,295,-56.5,68,32,-8.50564,5.62976,0,0,0,0,0,0,0,0,0,0,0, 0,0,0,0,0,0,0,0,0,0
46640,2,245,-55.4,72,32,-8.88987,6.13271,0,0,0,0,0,0,0,0,0,0,0, 0,0,0,0,0,0,0,0,0,0
46640,3,156,-55.4,76,32,-9.38375,6.47342,0,0,0,0,0,0,0,0,0,0,0, 0,0,0,0,0,0,0,0,0,0
46640,4,98,-55.4,80,32,-9.87764,6.81413,0,0,0,0,0,0,0,0,0,0,0, 0,0,0,0,0,0,0,0,0,0
46640,5,141,-57.4,60,32,-7.58207,4.84894,0,0,0,0,0,0,0,0,0,0,0, 0,0,0,0,0,0,0,0,0,0
46680,0,247,-57.4,64,32,-8.08754,5.1722,0,0,0,0,0,0,0,0,0,0,0, 0,0,0,0,0,1,0,0,0,0
46680,1,293,-56.5,68,32,-8.50564,5.62976,0,0,0,0,0,0,0,0,0,0,0, 0,0,0,0,0,1,0,0,0,0
46680,2,245,-55.4,72,32,-8.88987,6.13271,0,0,0,0,0,0,0,0,0,0,0, 0,0,0,0,0,1,0,0,0,0
46680,3,156,-55.4,76,32,-9.38375,6.47342,0,0,0,0,0,0,0,0,0,0,0, 0,0,0,0,0,1,0,0,0,0
46680,4,101,-56.5,80,32,-10.0066,6.62324,0,0,0,0,0,0,0,0,0,0,0, 0,0,0,0,0,1,0,0,0,0
46680,5,138,-57.4,60,32,-7.58207,4.84894,0,0,0,0,0,0,0,0,0,0,0, 0,0,0,0,0,1,0,0,0,0
46720,0,248,-56.5,64,32,-8.0053,5.2986,0,0,0,0,0,0,0,0,0,0,0, 0,0,0,0,0,2,0,0,0,0
46720,1,292,-56.5,68,32,-8.50564,5.62976,0,0,0,0,0,0,0,0,0,0,0, 0,0,0,0,0,2,0,0,0,0
46720,2,39,67.6,8,33,1.10946,0.457284,0,0,0,0,0,0,0,0,0,0,0, 0,0,0,0,0,2,0,0,0,0
46720,3,247,-56.5,72,32,-9.00597,5.96092,0,0,0,0,0,0,0,0,0,0,0, 0,0,0,0,0,2,0,0,0,0
46720,4,157,-55.4,76,32,-9.38375,6.47342,0,0,0,0,0,0,0,0,0,0,0, 0,0,0,0,0,2,0,0,0,0
46720,5,97,-58.4,80,32,-10.2207,6.28783,0,0,0,0,0,0,0,0,0,0,0, 0,0,0,0,0,2,0,0,0,0
46720,6,142,-54.4,60,32,-7.31791,5.23911,0,0,0,0,0,0,0,0,0,0,0, 0,0,0,0,0,2,0,0,0,0
46760,0,249,-55.4,64,32,-7.90211,5.4513,0,0,0,0,0,0,0,0,0,0,0, 0,0,0,0,0,3,0,0,0,0
46760,1,291,-56.5,68,32,-8.50564,5.62976,0,0,0,0,0,0,0,0,0,0,0, 0,0,0,0,0,3,0,0,0,0
46760,2,243,-56.5,72,32,-9.00597,5.96092,0,0,0,0,0,0,0,0,0,0,0, 0,0,0,0,0,3,0,0,0,0
46760,3,155,-54.4,76,32,-9.26935,6.6362,0,0,0,0,0,0,0,0,0,0,0, 0,0,0,0,0,3,0,0,0,0
46760,4,99,-57.4,80,32,-10.1094,6.46525,0,0,0,0,0,0,0,0,0,0,0, 0,0,0,0,0,3,0,0,0,0
46760,5,140,-57.4,60,32,-7.58207,4.84894,0,0,0,0,0,0,0,0,0,0,0, 0,0,0,0,0,3,0,0,0,0
46800,0,245,-56.5,64,32,-8.0053,5.2986,0,0,0,0,0,0,0,0,0,0,0, 0,0,0,0,0,4,0,0,0,0
46800,1,290,-56.5,68,32,-8.50564,5.62976,0,0,0,0,0,0,0,0,0,0,0, 0,0,0,0,0,4,0,0,0,0
46800,2,245,-55.4,72,32,-8.88987,6.13271,0,0,0,0,0,0,0,0,0,0,0, 0,0,0,0,0,4,0,0,0,0
46800,3,156,-53.4,76,32,-9.15212,6.79696,0,0,0,0,0,0,0,0,0,0,0, 0,0,0,0,0,4,0,0,0,0
46800,4,98,-56.5,80,32,-10.0066,6.62324,0,0,0,0,0,0,0,0,0,0,0, 0,0,0,0,0,4,0,0,0,0
46800,5,147,-54.4,60,32,-7.31791,5.23911,0,0,0,0,0,0,0,0,0,0,0, 0,0,0,0,0,4,0,0,0,0
46840,0,247,-55.4,64,32,-7.90211,5.4513,0,0,0,0,0,0,0,0,0,0,0, 0,0,0,0,0,5,0,0,0,0
46840,1,290,-56.5,68,32,-8.50564,5.62976,0,0,0,0,0,0,0,0,0,0,0, 0,0,0,0,0,5,0,0,0,0
46840,2,25,3.6,228,31.75,2.14744,34.1325,0,0,0,0,0,0,0,0,0,0,0, 0,0,0,0,0,5,0,0,0,0
46840,3,23,3.1,228,32.25,1.8495,34.15,0,0,0,0,0,0,0,0,0,0,0, 0,0,0,0,0,5,0,0,0,0
46840,4,243,-55.4,72,32,-8.88987,6.13271,0,0,0,0,0,0,0,0,0,0,0, 0,0,0,0,0,5,0,0,0,0
46840,5,157,-54.4,76,32,-9.26935,6.6362,0,0,0,0,0,0,0,0,0,0,0, 0,0,0,0,0,5,0,0,0,0
46840,6,103,-54.4,80,32,-9.75721,6.98548,0,0,0,0,0,0,0,0,0,0,0, 0,0,0,0,0,5,0,0,0,0
46840,7,139,-55.4,60,32,-7.40823,5.11059,0,0,0,0,0,0,0,0,0,0,0, 0,0,0,0,0,5,0,0,0,0
46880,0,247,-55.4,64,32,-7.90211,5.4513,0,0,0,0,0,0,0,0,0,0,0, 0,0,0,0,0,6,0,0,0,0
46880,1,23,4.2,224,30.75,2.4608,33.5098,0,0,0,0,0,0,0,0,0,0,0, 0,0,0,0,0,6,0,0,0,0
46880,2,39,3.1,224,31.25,1.81705,33.5508,0,0,0,0,0,0,0,0,0,0,0, 0,0,0,0,0,6,0,0,0,0
46880,3,32,1.8,224,32.25,1.0554,33.5834,0,0,0,0,0,0,0,0,0,0,0, 0,0,0,0,0,6,0,0,0,0
46880,4,293,-55.4,68,32,-8.39599,5.79201,0,0,0,0,0,0,0,0,0,0,0, 0,0,0,0,0,6,0,0,0,0
46880,5,245,-55.4,72,32,-8.88987,6.13271,0,0,0,0,0,0,0,0,0,0,0, 0,0,0,0,0,6,0,0,0,0
46880,6,156,-54.4,76,32,-9.26935,6.6362,0,0,0,0,0,0,0,0,0,0,0, 0,0,0,0,0,6,0,0,0,0
46880,7,104,-55.4,80,32,-9.87764,6.81413,0,0,0,0,0,0,0,0,0,0,0, 0,0,0,0,0,6,0,0,0,0
46880,8,140,-55.4,60,32,-7.40823,5.11059,0,0,0,0,0,0,0,0,0,0,0, 0,0,0,0,0,6,0,0,0,0
46880,9,31,2.4,220,31.25,1.3819,32.9711,0,0,0,0,0,0,0,0,0,0,0, 0,0,0,0,0,6,0,0,0,0
46920,0,246,-56.5,64,32,-8.0053,5.2986,0,0,0,0,0,0,0,0,0,0,0, 0,0,0,0,0,7,0,0,0,0
46920,1,28,4.8,224,31,2.81158,33.4822,0,0,0,0,0,0,0,0,0,0,0, 0,0,0,0,0,7,0,0,0,0
46920,2,290,-56.5,68,32,-8.50564,5.62976,0,0,0,0,0,0,0,0,0,0,0, 0,0,0,0,0,7,0,0,0,0
46920,3,21,4.2,228,30.75,2.50475,34.1082,0,0,0,0,0,0,0,0,0,0,0, 0,0,0,0,0,7,0,0,0,0
46920,4,25,4.2,228,31,2.50475,34.1082,0,0,0,0,0,0,0,0,0,0,0, 0,0,0,0,0,7,0,0,0,0
46920,5,46,71.1,8,33,1.1353,0.388701,0,0,0,0,0,0,0,0,0,0,0, 0,0,0,0,0,7,0,0,0,0
46920,6,241,-55.4,72,32,-8.88987,6.13271,0,0,0,0,0,0,0,0,0,0,0, 0,0,0,0,0,7,0,0,0,0
46920,7,153,-56.5,76,32,-9.5063,6.29208,0,0,0,0,0,0,0,0,0,0,0, 0,0,0,0,0,7,0,0,0,0
46920,8,100,-56.5,80,32,-10.0066,6.62324,0,0,0,0,0,0,0,0,0,0,0, 0,0,0,0,0,7,0,0,0,0
46920,9,137,-57.4,60,32,-7.58207,4.84894,0,0,0,0,0,0,0,0,0,0,0, 0,0,0,0,0,7,0,0,0,0
46960,0,245,-57.4,64,32,-8.08754,5.1722,0,0,0,0,0,0,0,0,0,0,0, 0,0,0,0,0,8,0,0,0,0
46960,1,291,-57.4,68,32,-8.59301,5.49546,0,0,0,0,0,0,0,0,0,0,0, 0,0,0,0,0,8,0,0,0,0
46960,2,242,-57.4,72,32,-9.09849,5.81872,0,0,0,0,0,0,0,0,0,0,0, 0,0,0,0,0,8,0,0,0,0
46960,3,153,-56.5,76,32,-9.5063,6.29208,0,0,0,0,0,0,0,0,0,0,0, 0,0,0,0,0,8,0,0,0,0
46960,4,103,-51.6,80,32,-9.40432,7.45377,0,0,0,0,0,0,0,0,0,0,0, 0,0,0,0,0,8,0,0,0,0
46960,5,81,-46.7,84,32,-9.16994,8.64131,0,0,0,0,0,0,0,0,0,0,0, 0,0,0,0,0,8,0,0,0,0
46960,6,139,-58.4,60,32,-7.66554,4.71587,0,0,0,0,0,0,0,0,0,0,0, 0,0,0,0,0,8,0,0,0,0
47000,0,245,-57.4,64,32,-8.08754,5.1722,0,1334,0,0,0,0,0,0,0,0,0, 0,0,0,0,0,9,0,0,0,0
47000,1,22,6.6,224,30.75,3.86189,33.3773,0,1334,0,0,0,0,0,0,0,0,0, 0,0,0,0,0,9,0,0,0,0
47000,2,36,6.1,224,31.25,3.57047,33.4098,0,1334,0,0,0,0,0,0,0,0,0, 0,0,0,0,0,9,0,0,0,0
47000,3,24,7.2,224,32.25,4.2112,33.3351,0,1334,0,0,0,0,0,0,0,0,0, 0,0,0,0,0,9,0,0,0,0
47000,4,293,-56.5,68,32,-8.50564,5.62976,0,1334,0,0,0,0,0,0,0,0,0, 0,0,0,0,0,9,0,0,0,0
47000,5,23,-3,228,31.25,-1.78989,34.1531,0,1334,0,0,0,0,0,0,0,0,0, 0,0,0,0,0,9,0,0,0,0
47000,6,249,-54.4,72,32,-8.78149,6.28693,0,1334,0,0,0,0,0,0,0,0,0, 0,0,0,0,0,9,0,0,0,0
47000,7,163,-49.8,76,32,-8.70727,7.35822,0,1334,0,0,0,0,0,0,0,0,0, 0,0,0,0,0,9,0,0,0,0
47000,8,115,-43.6,80,32,-8.27543,8.69006,0,1334,0,0,0,0,0,0,0,0,0, 0,0,0,0,0,9,0,0,0,0
47000,9,98,-41.1,84,32,-8.28293,9.4949,0,1334,0,0,0,0,0,0,0,0,0, 0,0,0,0,0,9,0,0,0,0
47000,10,138,-58.4,60,32,-7.66554,4.71587,0,1334,0,0,0,0,0,0,0,0,0, 0,0,0,0,0,9,0,0,0,0
47040,0,243,-58.4,64,32,-8.17658,5.03026,0,0,0,0,0,0,0,0,0,0,0, 0,0,0,0,0,10,0,0,0,0
47040,1,18,8.8,224,31.75,5.14032,33.2045,0,0,0,0,0,0,0,0,0,0,0, 0,0,0,0,0,10,0,0,0,0
47040,2,288,-56.5,68,32,-8.50564,5.62976,0,0,0,0,0,0,0,0,0,0,0, 0,0,0,0,0,10,0,0,0,0
47040,3,243,-54.4,72,32,-8.78149,6.28693,0,0,0,0,0,0,0,0,0,0,0, 0,0,0,0,0,10,0,0,0,0
47040,4,163,-46.7,76,32,-8.29661,7.81833,0,0,0,0,0,0,0,0,0,0,0, 0,0,0,0,0,10,0,0,0,0
47040,5,124,-42.3,80,32,-8.07615,8.87557,0,0,0,0,0,0,0,0,0,0,0, 0,0,0,0,0,10,0,0,0,0
47040,6,106,-41.1,84,32,-8.28293,9.4949,0,0,0,0,0,0,0,0,0,0,0, 0,0,0,0,0,10,0,0,0,0
47040,7,17,3.1,216,31.25,1.75215,32.3526,0,0,0,0,0,0,0,0,0,0,0, 0,0,0,0,0,10,0,0,0,0
47040,8,138,-57.4,60,32,-7.58207,4.84894,0,0,0,0,0,0,0,0,0,0,0, 0,0,0,0,0,10,0,0,0,0
47080,0,248,-57.4,64,32,-8.08754,5.1722,0,7936,0,0,0,0,0,0,0,0,0, 0,0,0,0,0,11,0,0,0,0
47080,1,294,-56.5,68,32,-8.50564,5.62976,0,7936,0,0,0,0,0,0,0,0,0, 0,0,0,0,0,11,0,0,0,0
47080,2,33,4.2,228,31.25,2.50475,34.1082,0,7936,0,0,0,0,0,0,0,0,0, 0,0,0,0,0,11,0,0,0,0
47080,3,25,4.8,228,32.25,2.86178,34.0801,0,7936,0,0,0,0,0,0,0,0,0, 0,0,0,0,0,11,0,0,0,0
47080,4,246,-55.4,72,32,-8.88987,6.13271,0,7936,0,0,0,0,0,0,0,0,0, 0,0,0,0,0,11,0,0,0,0
47080,5,163,-49.8,76,32,-8.70727,7.35822,0,7936,0,0,0,0,0,0,0,0,0, 0,0,0,0,0,11,0,0,0,0
47080,6,117,-45,80,32,-8.48528,8.48528,0,7936,0,0,0,0,0,0,0,0,0, 0,0,0,0,0,11,0,0,0,0
47080,7,96,-43.6,84,32,-8.68921,9.12457,0,7936,0,0,0,0,0,0,0,0,0, 0,0,0,0,0,11,0,0,0,0
47080,8,140,-56.5,60,32,-7.50497,4.96743,0,7936,0,0,0,0,0,0,0,0,0, 0,0,0,0,0,11,0,0,0,0
47080,9,31,4.8,220,31.75,2.76137,32.8843,0,7936,0,0,0,0,0,0,0,0,0, 0,0,0,0,0,11,0,0,0,0
47080,10,26,6.1,220,32.25,3.50671,32.8132,0,7936,0,0,0,0,0,0,0,0,0, 0,0,0,0,0,11,0,0,0,0
47120,0,245,-56.5,64,32,-8.0053,5.2986,0,1140,0,0,0,0,0,0,0,0,0, 0,0,0,0,0,12,0,0,0,0
47120,1,291,-56.5,68,32,-8.50564,5.62976,0,1140,0,0,0,0,0,0,0,0,0, 0,0,0,0,0,12,0,0,0,0
47120,2,247,-54.4,72,32,-8.78149,6.28693,0,1140,0,0,0,0,0,0,0,0,0, 0,0,0,0,0,12,0,0,0,0
47120,3,166,-48,76,32,-8.47185,7.62809,0,1140,0,0,0,0,0,0,0,0,0, 0,0,0,0,0,12,0,0,0,0
47120,4,127,-43.6,80,32,-8.27543,8.69006,0,1140,0,0,0,0,0,0,0,0,0, 0,0,0,0,0,12,0,0,0,0
47120,5,108,-41.7,84,32,-8.3819,9.40764,0,1140,0,0,0,0,0,0,0,0,0, 0,0,0,0,0,12,0,0,0,0
47120,6,138,-57.4,60,32,-7.58207,4.84894,0,1140,0,0,0,0,0,0,0,0,0, 0,0,0,0,0,12,0,0,0,0
47160,0,247,-56.5,64,32,-8.0053,5.2986,0,86,0,0,0,0,0,0,0,0,0, 0,0,0,0,0,13,0,0,0,0
47160,1,293,-55.4,68,32,-8.39599,5.79201,0,86,0,0,0,0,0,0,0,0,0, 0,0,0,0,0,13,0,0,0,0
47160,2,246,-54.4,72,32,-8.78149,6.28693,0,86,0,0,0,0,0,0,0,0,0, 0,0,0,0,0,13,0,0,0,0
47160,3,160,-51.6,76,32,-8.93411,7.08108,0,86,0,0,0,0,0,0,0,0,0, 0,0,0,0,0,13,0,0,0,0
47160,4,22,7.2,236,32.25,4.4368,35.1209,0,86,0,0,0,0,0,0,0,0,0, 0,0,0,0,0,13,0,0,0,0
47160,5,117,-44.2,80,32,-8.36598,8.60293,0,86,0,0,0,0,0,0,0,0,0, 0,0,0,0,0,13,0,0,0,0
47160,6,96,-41.7,84,32,-8.3819,9.40764,0,86,0,0,0,0,0,0,0,0,0, 0,0,0,0,0,13,0,0,0,0
47160,7,138,-58.4,60,32,-7.66554,4.71587,0,86,0,0,0,0,0,0,0,0,0, 0,0,0,0,0,13,0,0,0,0
47200,0,245,-57.4,64,32,-8.08754,5.1722,0,0,0,0,0,0,0,0,0,0,0, 0,0,0,0,0,14,0,0,0,0
47200,1,290,-56.5,68,32,-8.50564,5.62976,0,0,0,0,0,0,0,0,0,0,0, 0,0,0,0,0,14,0,0,0,0
47200,2,43,67.6,8,33,1.10946,0.457284,0,0,0,0,0,0,0,0,0,0,0, 0,0,0,0,0,14,0,0,0,0
47200,3,245,-54.4,72,32,-8.78149,6.28693,0,0,0,0,0,0,0,0,0,0,0, 0,0,0,0,0,14,0,0,0,0
47200,4,157,-53.4,76,32,-9.15212,6.79696,0,0,0,0,0,0,0,0,0,0,0, 0,0,0,0,0,14,0,0,0,0
47200,5,106,-49.8,80,32,-9.16555,7.74549,0,0,0,0,0,0,0,0,0,0,0, 0,0,0,0,0,14,0,0,0,0
47200,6,84,-45,84,32,-8.90955,8.90955,0,0,0,0,0,0,0,0,0,0,0, 0,0,0,0,0,14,0,0,0,0
47200,7,22,3.6,216,31.75,2.03441,32.3361,0,0,0,0,0,0,0,0,0,0,0, 0,0,0,0,0,14,0,0,0,0
47200,8,142,-56.5,60,32,-7.50497,4.96743,0,0,0,0,0,0,0,0,0,0,0, 0,0,0,0,0,14,0,0,0,0
47240,0,251,-56.5,64,32,-8.0053,5.2986,0,0,0,0,0,0,0,0,0,0,0, 0,0,0,0,0,15,0,0,0,0
47240,1,293,-56.5,68,32,-8.50564,5.62976,0,0,0,0,0,0,0,0,0,0,0, 0,0,0,0,0,15,0,0,0,0
47240,2,243,-55.4,72,32,-8.88987,6.13271,0,0,0,0,0,0,0,0,0,0,0, 0,0,0,0,0,15,0,0,0,0
47240,3,155,-55.4,76,32,-9.38375,6.47342,0,0,0,0,0,0,0,0,0,0,0, 0,0,0,0,0,15,0,0,0,0
47240,4,102,-54.4,80,32,-9.75721,6.98548,0,0,0,0,0,0,0,0,0,0,0, 0,0,0,0,0,15,0,0,0,0
47240,5,139,-58.4,60,32,-7.66554,4.71587,0,0,0,0,0,0,0,0,0,0,0, 0,0,0,0,0,15,0,0,0,0
47280,0,247,-58.4,64,32,-8.17658,5.03026,0,0,0,0,0,0,0,0,0,0,0, 0,0,0,0,0,0,0,0,0,0
47280,1,291,-57.4,68,32,-8.59301,5.49546,0,0,0,0,0,0,0,0,0,0,0, 0,0,0,0,0,0,0,0,0,0
47280,2,243,-56.5,72,32,-9.00597,5.96092,0,0,0,0,0,0,0,0,0,0,0, 0,0,0,0,0,0,0,0,0,0
47280,3,151,-56.5,76,32,-9.5063,6.29208,0,0,0,0,0,0,0,0,0,0,0, 0,0,0,0,0,0,0,0,0,0
47280,4,98,-55.4,80,32,-9.87764,6.81413,0,0,0,0,0,0,0,0,0,0,0, 0,0,0,0,0,0,0,0,0,0
47280,5,141,-57.4,60,32,-7.58207,4.84894,0,0,0,0,0,0,0,0,0,0,0, 0,0,0,0,0,0,0,0,0,0
47320,0,251,-55.4,64,32,-7.90211,5.4513,0,0,0,0,0,0,0,0,0,0,0, 0,0,0,0,0,1,0,0,0,0
47320,1,297,-54.4,68,32,-8.29363,5.93765,0,0,0,0,0,0,0,0,0,0,0, 0,0,0,0,0,1,0,0,0,0
47320,2,250,-53.4,72,32,-8.67043,6.43923,0,0,0,0,0,0,0,0,0,0,0, 0,0,0,0,0,1,0,0,0,0
47320,3,165,-46.7,76,32,-8.29661,7.81833,0,0,0,0,0,0,0,0,0,0,0, 0,0,0,0,0,1,0,0,0,0
47320,4,111,-45,80,32,-8.48528,8.48528,0,0,0,0,0,0,0,0,0,0,0, 0,0,0,0,0,1,0,0,0,0
47320,5,81,-45.9,84,32,-9.04839,8.7685,0,0,0,0,0,0,0,0,0,0,0, 0,0,0,0,0,1,0,0,0,0
47320,6,141,-55.4,60,32,-7.40823,5.11059,0,0,0,0,0,0,0,0,0,0,0, 0,0,0,0,0,1,0,0,0,0
47360,0,249,-55.4,64,32,-7.90211,5.4513,0,0,0,0,0,0,0,0,0,0,0, 0,0,0,0,0,2,0,0,0,0
47360,1,294,-55.4,68,32,-8.39599,5.79201,0,0,0,0,0,0,0,0,0,0,0, 0,0,0,0,0,2,0,0,0,0
47360,2,47,69.6,8,33,1.12474,0.418287,0,0,0,0,0,0,0,0,0,0,0, 0,0,0,0,0,2,0,0,0,0
47360,3,246,-54.4,72,32,-8.78149,6.28693,0,0,0,0,0,0,0,0,0,0,0, 0,0,0,0,0,2,0,0,0,0
47360,4,162,-49.8,76,32,-8.70727,7.35822,0,0,0,0,0,0,0,0,0,0,0, 0,0,0,0,0,2,0,0,0,0
47360,5,116,-43.6,80,32,-8.27543,8.69006,0,0,0,0,0,0,0,0,0,0,0, 0,0,0,0,0,2,0,0,0,0
47360,6,95,-42.9,84,32,-8.57708,9.23004,0,0,0,0,0,0,0,0,0,0,0, 0,0,0,0,0,2,0,0,0,0
47360,7,138,-56.5,60,32,-7.50497,4.96743,0,0,0,0,0,0,0,0,0,0,0, 0,0,0,0,0,2,0,0,0,0
47400,0,250,-56.5,64,32,-8.0053,5.2986,0,0,0,0,0,0,0,0,0,0,0, 0,0,0,0,0,3,0,0,0,0
47400,1,299,-55.4,68,32,-8.39599,5.79201,0,0,0,0,0,0,0,0,0,0,0, 0,0,0,0,0,3,0,0,0,0
47400,2,254,-55.4,72,32,-8.88987,6.13271,0,0,0,0,0,0,0,0,0,0,0, 0,0,0,0,0,3,0,0,0,0
47400,3,21,11.1,232,30.75,6.69976,34.149,0,0,0,0,0,0,0,0,0,0,0, 0,0,0,0,0,3,0,0,0,0
47400,4,165,-55.4,76,32,-9.38375,6.47342,0,0,0,0,0,0,0,0,0,0,0, 0,0,0,0,0,3,0,0,0,0
47400,5,106,-54.4,80,32,-9.75721,6.98548,0,0,0,0,0,0,0,0,0,0,0, 0,0,0,0,0,3,0,0,0,0
47400,6,17,3.6,212,33,1.99674,31.7372,0,0,0,0,0,0,0,0,0,0,0, 0,0,0,0,0,3,0,0,0,0
47400,7,138,-57.4,60,32,-7.58207,4.84894,0,0,0,0,0,0,0,0,0,0,0, 0,0,0,0,0,3,0,0,0,0
47440,0,247,-57.4,64,32,-8.08754,5.1722,0,0,0,0,0,0,0,0,0,0,0, 0,0,0,0,0,4,0,0,0,0
47440,1,292,-55.4,68,32,-8.39599,5.79201,0,0,0,0,0,0,0,0,0,0,0, 0,0,0,0,0,4,0,0,0,0
47440,2,248,-55.4,72,32,-8.88987,6.13271,0,0,0,0,0,0,0,0,0,0,0, 0,0,0,0,0,4,0,0,0,0
47440,3,163,-54.4,76,32,-9.26935,6.6362,0,0,0,0,0,0,0,0,0,0,0, 0,0,0,0,0,4,0,0,0,0
47440,4,109,-54.4,80,32,-9.75721,6.98548,0,0,0,0,0,0,0,0,0,0,0, 0,0,0,0,0,4,0,0,0,0
47440,5,81,-61.2,84,32,-11.0415,6.0701,0,0,0,0,0,0,0,0,0,0,0, 0,0,0,0,0,4,0,0,0,0
47440,6,142,-55.4,60,32,-7.40823,5.11059,0,0,0,0,0,0,0,0,0,0,0, 0,0,0,0,0,4,0,0,0,0
47480,0,248,-55.4,64,32,-7.90211,5.4513,0,0,0,0,0,0,0,0,0,0,0, 0,0,0,0,0,5,0,0,0,0
47480,1,295,-54.4,68,32,-8.29363,5.93765,0,0,0,0,0,0,0,0,0,0,0, 0,0,0,0,0,5,0,0,0,0
47480,2,248,-53.4,72,32,-8.67043,6.43923,0,0,0,0,0,0,0,0,0,0,0, 0,0,0,0,0,5,0,0,0,0
47480,3,163,-49.8,76,32,-8.70727,7.35822,0,0,0,0,0,0,0,0,0,0,0, 0,0,0,0,0,5,0,0,0,0
47480,4,111,-48,80,32,-8.91774,8.02957,0,0,0,0,0,0,0,0,0,0,0, 0,0,0,0,0,5,0,0,0,0
47480,5,137,-56.5,60,32,-7.50497,4.96743,0,0,0,0,0,0,0,0,0,0,0, 0,0,0,0,0,5,0,0,0,0
47520,0,246,-56.5,64,32,-8.0053,5.2986,0,0,0,0,0,0,0,0,0,0,0, 0,0,0,0,0,6,0,0,0,0
47520,1,292,-55.4,68,32,-8.39599,5.79201,0,0,0,0,0,0,0,0,0,0,0, 0,0,0,0,0,6,0,0,0,0
47520,2,25,1.3,228,31.25,0.775907,34.1912,0,0,0,0,0,0,0,0,0,0,0, 0,0,0,0,0,6,0,0,0,0
47520,3,23,-1.2,228,32.25,-0.716231,34.1925,0,0,0,0,0,0,0,0,0,0,0, 0,0,0,0,0,6,0,0,0,0
47520,4,247,-55.4,72,32,-8.88987,6.13271,0,0,0,0,0,0,0,0,0,0,0, 0,0,0,0,0,6,0,0,0,0
47520,5,155,-54.4,76,32,-9.26935,6.6362,0,0,0,0,0,0,0,0,0,0,0, 0,0,0,0,0,6,0,0,0,0
47520,6,106,-54.4,80,32,-9.75721,6.98548,0,0,0,0,0,0,0,0,0,0,0, 0,0,0,0,0,6,0,0,0,0
47520,7,85,-58.4,84,32,-10.7318,6.60222,0,0,0,0,0,0,0,0,0,0,0, 0,0,0,0,0,6,0,0,0,0
47520,8,25,0.6,216,31.75,0.339286,32.3982,0,0,0,0,0,0,0,0,0,0,0, 0,0,0,0,0,6,0,0,0,0
47520,9,26,2.4,216,33,1.35677,32.3716,0,0,0,0,0,0,0,0,0,0,0, 0,0,0,0,0,6,0,0,0,0
47520,10,137,-57.4,60,32,-7.58207,4.84894,0,0,0,0,0,0,0,0,0,0,0, 0,0,0,0,0,6,0,0,0,0
47560,0,244,-57.4,64,32,-8.08754,5.1722,0,0,0,0,0,0,0,0,0,0,0, 0,0,0,0,0,7,0,0,0,0
47560,1,289,-56.5,68,32,-8.50564,5.62976,0,0,0,0,0,0,0,0,0,0,0, 0,0,0,0,0,7,0,0,0,0
47560,2,244,-56.5,72,32,-9.00597,5.96092,0,0,0,0,0,0,0,0,0,0,0, 0,0,0,0,0,7,0,0,0,0
47560,3,158,-49.8,76,32,-8.70727,7.35822,0,0,0,0,0,0,0,0,0,0,0, 0,0,0,0,0,7,0,0,0,0
47560,4,109,-45.9,80,32,-8.61752,8.35095,0,0,0,0,0,0,0,0,0,0,0, 0,0,0,0,0,7,0,0,0,0
47560,5,86,-43.6,84,32,-8.68921,9.12457,0,0,0,0,0,0,0,0,0,0,0, 0,0,0,0,0,7,0,0,0,0
47560,6,22,2.4,212,31.75,1.33165,31.7721,0,0,0,0,0,0,0,0,0,0,0, 0,0,0,0,0,7,0,0,0,0
47560,7,33,4.8,216,32.5,2.71116,32.2864,0,0,0,0,0,0,0,0,0,0,0, 0,0,0,0,0,7,0,0,0,0
47560,8,22,3.1,216,33,1.75215,32.3526,0,0,0,0,0,0,0,0,0,0,0, 0,0,0,0,0,7,0,0,0,0
47560,9,140,-57.4,60,32,-7.58207,4.84894,0,0,0,0,0,0,0,0,0,0,0, 0,0,0,0,0,7,0,0,0,0
47560,10,27,0.6,220,31.75,0.345569,32.9982,0,0,0,0,0,0,0,0,0,0,0, 0,0,0,0,0,7,0,0,0,0
47560,11,20,-4.2,220,33,-2.41686,32.9114,0,0,0,0,0,0,0,0,0,0,0, 0,0,0,0,0,7,0,0,0,0
47600,0,248,-57.4,64,32,-8.08754,5.1722,0,0,0,0,0,0,0,0,0,0,0, 0,0,0,0,0,8,0,0,0,0
47600,1,17,1.3,224,33,0.762294,33.5914,0,0,0,0,0,0,0,0,0,0,0, 0,0,0,0,0,8,0,0,0,0
47600,2,293,-57.4,68,32,-8.59301,5.49546,0,0,0,0,0,0,0,0,0,0,0, 0,0,0,0,0,8,0,0,0,0
47600,3,244,-56.5,72,32,-9.00597,5.96092,0,0,0,0,0,0,0,0,0,0,0, 0,0,0,0,0,8,0,0,0,0
47600,4,161,-51.6,76,32,-8.93411,7.08108,0,0,0,0,0,0,0,0,0,0,0, 0,0,0,0,0,8,0,0,0,0
47600,5,112,-46.7,80,32,-8.73327,8.22982,0,0,0,0,0,0,0,0,0,0,0, 0,0,0,0,0,8,0,0,0,0
47600,6,142,-57.4,60,32,-7.58207,4.84894,0,0,0,0,0,0,0,0,0,0,0, 0,0,0,0,0,8,0,0,0,0
47600,7,29,-0.6,220,31.75,-0.345569,32.9982,0,0,0,0,0,0,0,0,0,0,0, 0,0,0,0,0,8,0,0,0,0
47600,8,29,-1.2,220,32.25,-0.6911,32.9928,0,0,0,0,0,0,0,0,0,0,0, 0,0,0,0,0,8,0,0,0,0
47600,9,20,1.8,220,33,1.03656,32.9837,0,0,0,0,0,0,0,0,0,0,0, 0,0,0,0,0,8,0,0,0,0
47640,0,247,-57.4,64,32,-8.08754,5.1722,0,1334,0,0,0,0,0,0,0,0,0, 0,0,0,0,0,9,0,0,0,0
47640,1,293,-56.5,68,32,-8.50564,5.62976,0,1334,0,0,0,0,0,0,0,0,0, 0,0,0,0,0,9,0,0,0,0
47640,2,246,-55.4,72,32,-8.88987,6.13271,0,1334,0,0,0,0,0,0,0,0,0, 0,0,0,0,0,9,0,0,0,0
47640,3,156,-54.4,76,32,-9.26935,6.6362,0,1334,0,0,0,0,0,0,0,0,0, 0,0,0,0,0,9,0,0,0,0
47640,4,105,-51.6,80,32,-9.40432,7.45377,0,1334,0,0,0,0,0,0,0,0,0, 0,0,0,0,0,9,0,0,0,0
47640,5,84,-49.8,84,32,-9.62383,8.13277,0,1334,0,0,0,0,0,0,0,0,0, 0,0,0,0,0,9,0,0,0,0
47640,6,22,2.4,212,31.25,1.33165,31.7721,0,1334,0,0,0,0,0,0,0,0,0, 0,0,0,0,0,9,0,0,0,0
47640,7,26,1.8,212,32.25,0.998862,31.7843,0,1334,0,0,0,0,0,0,0,0,0, 0,0,0,0,0,9,0,0,0,0
47640,8,19,-3.6,212,33,-1.99674,31.7372,0,1334,0,0,0,0,0,0,0,0,0, 0,0,0,0,0,9,0,0,0,0
47640,9,32,3.6,216,31.75,2.03441,32.3361,0,1334,0,0,0,0,0,0,0,0,0, 0,0,0,0,0,9,0,0,0,0
47640,10,34,-0.6,216,33,-0.339286,32.3982,0,1334,0,0,0,0,0,0,0,0,0, 0,0,0,0,0,9,0,0,0,0
47640,11,139,-60.3,60,32,-7.81768,4.45913,0,1334,0,0,0,0,0,0,0,0,0, 0,0,0,0,0,9,0,0,0,0
47640,12,20,4.8,220,31.75,2.76137,32.8843,0,1334,0,0,0,0,0,0,0,0,0, 0,0,0,0,0,9,0,0,0,0
47640,13,21,1.3,220,33,0.748682,32.9915,0,1334,0,0,0,0,0,0,0,0,0, 0,0,0,0,0,9,0,0,0,0
47680,0,246,-58.4,64,32,-8.17658,5.03026,0,0,0,0,0,0,0,0,0,0,0, 0,0,0,0,0,10,0,0,0,0
47680,1,290,-57.4,68,32,-8.59301,5.49546,0,0,0,0,0,0,0,0,0,0,0, 0,0,0,0,0,10,0,0,0,0
47680,2,38,67.6,8,33,1.10946,0.457284,0,0,0,0,0,0,0,0,0,0,0, 0,0,0,0,0,10,0,0,0,0
47680,3,244,-56.5,72,32,-9.00597,5.96092,0,0,0,0,0,0,0,0,0,0,0, 0,0,0,0,0,10,0,0,0,0
47680,4,158,-54.4,76,32,-9.26935,6.6362,0,0,0,0,0,0,0,0,0,0,0, 0,0,0,0,0,10,0,0,0,0
47680,5,110,-46.7,80,32,-8.73327,8.22982,0,0,0,0,0,0,0,0,0,0,0, 0,0,0,0,0,10,0,0,0,0
47680,6,93,-42.9,84,32,-8.57708,9.23004,0,0,0,0,0,0,0,0,0,0,0, 0,0,0,0,0,10,0,0,0,0
47680,7,142,-56.5,60,32,-7.50497,4.96743,0,0,0,0,0,0,0,0,0,0,0, 0,0,0,0,0,10,0,0,0,0
47720,0,247,-55.4,64,32,-7.90211,5.4513,0,7936,0,0,0,0,0,0,0,0,0, 0,0,0,0,0,11,0,0,0,0
47720,1,293,-55.4,68,32,-8.39599,5.79201,0,7936,0,0,0,0,0,0,0,0,0, 0,0,0,0,0,11,0,0,0,0
47720,2,248,-53.4,72,32,-8.67043,6.43923,0,7936,0,0,0,0,0,0,0,0,0, 0,0,0,0,0,11,0,0,0,0
47720,3,15,3.1,232,32.25,1.88194,34.7491,0,7936,0,0,0,0,0,0,0,0,0, 0,0,0,0,0,11,0,0,0,0
47720,4,167,-45.9,76,32,-8.18664,7.93341,0,7936,0,0,0,0,0,0,0,0,0, 0,0,0,0,0,11,0,0,0,0
47720,5,115,-45,80,32,-8.48528,8.48528,0,7936,0,0,0,0,0,0,0,0,0, 0,0,0,0,0,11,0,0,0,0
47720,6,91,-43.6,84,32,-8.68921,9.12457,0,7936,0,0,0,0,0,0,0,0,0, 0,0,0,0,0,11,0,0,0,0
47720,7,137,-57.4,60,32,-7.58207,4.84894,0,7936,0,0,0,0,0,0,0,0,0, 0,0,0,0,0,11,0,0,0,0
47760,0,246,-57.4,64,32,-8.08754,5.1722,0,1140,0,0,0,0,0,0,0,0,0, 0,0,0,0,0,12,0,0,0,0
47760,1,292,-56.5,68,32,-8.50564,5.62976,0,1140,0,0,0,0,0,0,0,0,0, 0,0,0,0,0,12,0,0,0,0
47760,2,246,-55.4,72,32,-8.88987,6.13271,0,1140,0,0,0,0,0,0,0,0,0, 0,0,0,0,0,12,0,0,0,0
47760,3,160,-54.4,76,32,-9.26935,6.6362,0,1140,0,0,0,0,0,0,0,0,0, 0,0,0,0,0,12,0,0,0,0
47760,4,113,-49.8,80,32,-9.16555,7.74549,0,1140,0,0,0,0,0,0,0,0,0, 0,0,0,0,0,12,0,0,0,0
47760,5,91,-44.2,84,32,-8.78428,9.03307,0,1140,0,0,0,0,0,0,0,0,0, 0,0,0,0,0,12,0,0,0,0
47760,6,37,3.1,212,31.75,1.71971,31.7535,0,1140,0,0,0,0,0,0,0,0,0, 0,0,0,0,0,12,0,0,0,0
47760,7,41,3.6,212,32.25,1.99674,31.7372,0,1140,0,0,0,0,0,0,0,0,0, 0,0,0,0,0,12,0,0,0,0
47760,8,33,3.6,212,33,1.99674,31.7372,0,1140,0,0,0,0,0,0,0,0,0, 0,0,0,0,0,12,0,0,0,0
47760,9,31,-4.2,216,31.75,-2.37292,32.313,0,1140,0,0,0,0,0,0,0,0,0, 0,0,0,0,0,12,0,0,0,0
47760,10,138,-58.4,60,32,-7.66554,4.71587,0,1140,0,0,0,0,0,0,0,0,0, 0,0,0,0,0,12,0,0,0,0
47760,11,29,-27.1,92,33,-6.28652,12.2849,0,1140,0,0,0,0,0,0,0,0,0, 0,0,0,0,0,12,0,0,0,0
47760,12,21,1.3,220,33,0.748682,32.9915,0,1140,0,0,0,0,0,0,0,0,0, 0,0,0,0,0,12,0,0,0,0
47800,0,244,-57.4,64,32,-8.08754,5.1722,0,86,0,0,0,0,0,0,0,0,0, 0,0,0,0,0,13,0,0,0,0
47800,1,290,-56.5,68,32,-8.50564,5.62976,0,86,0,0,0,0,0,0,0,0,0, 0,0,0,0,0,13,0,0,0,0
47800,2,245,-55.4,72,32,-8.88987,6.13271,0,86,0,0,0,0,0,0,0,0,0, 0,0,0,0,0,13,0,0,0,0
47800,3,158,-55.4,76,32,-9.38375,6.47342,0,86,0,0,0,0,0,0,0,0,0, 0,0,0,0,0,13,0,0,0,0
47800,4,102,-57.4,80,32,-10.1094,6.46525,0,86,0,0,0,0,0,0,0,0,0, 0,0,0,0,0,13,0,0,0,0
47800,5,18,2.4,208,31.75,1.30652,31.1726,0,86,0,0,0,0,0,0,0,0,0, 0,0,0,0,0,13,0,0,0,0
47800,6,23,2.4,208,33,1.30652,31.1726,0,86,0,0,0,0,0,0,0,0,0, 0,0,0,0,0,13,0,0,0,0
47800,7,29,-22.9,84,31.75,-4.90296,11.6069,0,86,0,0,0,0,0,0,0,0,0, 0,0,0,0,0,13,0,0,0,0
47800,8,139,-58.4,60,32,-7.66554,4.71587,0,86,0,0,0,0,0,0,0,0,0, 0,0,0,0,0,13,0,0,0,0
47800,9,23,-0.6,220,31.75,-0.345569,32.9982,0,86,0,0,0,0,0,0,0,0,0, 0,0,0,0,0,13,0,0,0,0
47840,0,247,-56.5,64,32,-8.0053,5.2986,0,0,0,0,0,0,0,0,0,0,0, 0,0,0,0,0,14,0,0,0,0
47840,1,293,-56.5,68,32,-8.50564,5.62976,0,0,0,0,0,0,0,0,0,0,0, 0,0,0,0,0,14,0,0,0,0
47840,2,248,-56.5,72,32,-9.00597,5.96092,0,0,0,0,0,0,0,0,0,0,0, 0,0,0,0,0,14,0,0,0,0
47840,3,157,-55.4,76,32,-9.38375,6.47342,0,0,0,0,0,0,0,0,0,0,0, 0,0,0,0,0,14,0,0,0,0
47840,4,110,-45.9,80,32,-8.61752,8.35095,0,0,0,0,0,0,0,0,0,0,0, 0,0,0,0,0,14,0,0,0,0
47840,5,21,1.3,208,31.75,0.707845,31.192,0,0,0,0,0,0,0,0,0,0,0, 0,0,0,0,0,14,0,0,0,0
47840,6,26,1.8,208,32.75,0.980016,31.1846,0,0,0,0,0,0,0,0,0,0,0, 0,0,0,0,0,14,0,0,0,0
47840,7,27,1.8,208,33,0.980016,31.1846,0,0,0,0,0,0,0,0,0,0,0, 0,0,0,0,0,14,0,0,0,0
47840,8,98,-39.9,84,32,-8.08227,9.66628,0,0,0,0,0,0,0,0,0,0,0, 0,0,0,0,0,14,0,0,0,0
47840,9,33,-0.6,216,31.75,-0.339286,32.3982,0,0,0,0,0,0,0,0,0,0,0, 0,0,0,0,0,14,0,0,0,0
47840,10,37,1.8,216,32.75,1.01771,32.384,0,0,0,0,0,0,0,0,0,0,0, 0,0,0,0,0,14,0,0,0,0
47840,11,32,3.1,216,33,1.75215,32.3526,0,0,0,0,0,0,0,0,0,0,0, 0,0,0,0,0,14,0,0,0,0
47840,12,144,-55.4,60,32,-7.40823,5.11059,0,0,0,0,0,0,0,0,0,0,0, 0,0,0,0,0,14,0,0,0,0
47880,0,251,-56.5,64,32,-8.0053,5.2986,0,0,0,0,0,0,0,0,0,0,0, 0,0,0,0,0,15,0,0,0,0
47880,1,18,7.8,224,31.25,4.56004,33.2891,0,0,0,0,0,0,0,0,0,0,0, 0,0,0,0,0,15,0,0,0,0
47880,2,293,-56.5,68,32,-8.50564,5.62976,0,0,0,0,0,0,0,0,0,0,0, 0,0,0,0,0,15,0,0,0,0
47880,3,245,-56.5,72,32,-9.00597,5.96092,0,0,0,0,0,0,0,0,0,0,0, 0,0,0,0,0,15,0,0,0,0
47880,4,162,-51.6,76,32,-8.93411,7.08108,0,0,0,0,0,0,0,0,0,0,0, 0,0,0,0,0,15,0,0,0,0
47880,5,114,-45,80,32,-8.48528,8.48528,0,0,0,0,0,0,0,0,0,0,0, 0,0,0,0,0,15,0,0,0,0
47880,6,22,-1.2,208,31.75,-0.653404,31.1932,0,0,0,0,0,0,0,0,0,0,0, 0,0,0,0,0,15,0,0,0,0
47880,7,30,2.4,208,32.75,1.30652,31.1726,0,0,0,0,0,0,0,0,0,0,0, 0,0,0,0,0,15,0,0,0,0
47880,8,28,1.3,208,33,0.707845,31.192,0,0,0,0,0,0,0,0,0,0,0, 0,0,0,0,0,15,0,0,0,0
47880,9,21,-6.6,216,31.75,-3.72396,32.1853,0,0,0,0,0,0,0,0,0,0,0, 0,0,0,0,0,15,0,0,0,0
47880,10,141,-56.5,60,32,-7.50497,4.96743,0,0,0,0,0,0,0,0,0,0,0, 0,0,0,0,0,15,0,0,0,0
47920,0,249,-56.5,64,32,-8.0053,5.2986,0,0,0,0,0,0,0,0,0,0,0, 0,0,0,0,0,0,0,0,0,0
47920,1,26,3.1,224,31.75,1.81705,33.5508,0,0,0,0,0,0,0,0,0,0,0, 0,0,0,0,0,0,0,0,0,0
47920,2,296,-56.5,68,32,-8.50564,5.62976,0,0,0,0,0,0,0,0,0,0,0, 0,0,0,0,0,0,0,0,0,0
47920,3,43,69.6,8,33,1.12474,0.418287,0,0,0,0,0,0,0,0,0,0,0, 0,0,0,0,0,0,0,0,0,0
47920,4,251,-55.4,72,32,-8.88987,6.13271,0,0,0,0,0,0,0,0,0,0,0, 0,0,0,0,0,0,0,0,0,0
47920,5,165,-49.8,76,32,-8.70727,7.35822,0,0,0,0,0,0,0,0,0,0,0, 0,0,0,0,0,0,0,0,0,0
47920,6,31,0.1,236,31.75,0.0617846,35.3999,0,0,0,0,0,0,0,0,0,0,0, 0,0,0,0,0,0,0,0,0,0
47920,7,29,-0.6,236,32.25,-0.370701,35.3981,0,0,0,0,0,0,0,0,0,0,0, 0,0,0,0,0,0,0,0,0,0
47920,8,117,-44.2,80,32,-8.36598,8.60293,0,0,0,0,0,0,0,0,0,0,0, 0,0,0,0,0,0,0,0,0,0
47920,9,31,3.1,208,31.75,1.68726,31.1543,0,0,0,0,0,0,0,0,0,0,0, 0,0,0,0,0,0,0,0,0,0
47920,10,42,4.2,208,32.75,2.28503,31.1162,0,0,0,0,0,0,0,0,0,0,0, 0,0,0,0,0,0,0,0,0,0
47920,11,38,3.6,208,33,1.95906,31.1384,0,0,0,0,0,0,0,0,0,0,0, 0,0,0,0,0,0,0,0,0,0
47920,12,90,-44.2,84,32,-8.78428,9.03307,0,0,0,0,0,0,0,0,0,0,0, 0,0,0,0,0,0,0,0,0,0
47920,13,33,-3,212,31.75,-1.66428,31.7564,0,0,0,0,0,0,0,0,0,0,0, 0,0,0,0,0,0,0,0,0,0
47920,14,39,0.1,212,32.25,0.0555014,31.7999,0,0,0,0,0,0,0,0,0,0,0, 0,0,0,0,0,0,0,0,0,0
47920,15,34,-1.2,216,31.75,-0.678535,32.3929,0,0,0,0,0,0,0,0,0,0,0, 0,0,0,0,0,0,0,0,0,0
47920,16,36,1.3,216,33,0.73507,32.3917,0,0,0,0,0,0,0,0,0,0,0, 0,0,0,0,0,0,0,0,0,0
47920,17,139,-57.4,60,32,-7.58207,4.84894,0,0,0,0,0,0,0,0,0,0,0, 0,0,0,0,0,0,0,0,0,0
47920,18,30,-24.8,92,31.75,-5.78844,12.5273,0,0,0,0,0,0,0,0,0,0,0, 0,0,0,0,0,0,0,0,0,0
47920,19,17,1.3,220,33,0.748682,32.9915,0,0,0,0,0,0,0,0,0,0,0, 0,0,0,0,0,0,0,0,0,0
47960,0,246,-56.5,64,32,-8.0053,5.2986,0,0,0,0,0,0,0,0,0,0,0, 0,0,0,0,0,1,0,0,0,0
47960,1,20,3.1,224,31.25,1.81705,33.5508,0,0,0,0,0,0,0,0,0,0,0, 0,0,0,0,0,1,0,0,0,0
47960,2,292,-56.5,68,32,-8.50564,5.62976,0,0,0,0,0,0,0,0,0,0,0, 0,0,0,0,0,1,0,0,0,0
47960,3,23,5.4,228,31.75,3.2185,34.0482,0,0,0,0,0,0,0,0,0,0,0, 0,0,0,0,0,1,0,0,0,0
47960,4,19,1.8,228,32.25,1.07425,34.1831,0,0,0,0,0,0,0,0,0,0,0, 0,0,0,0,0,1,0,0,0,0
47960,5,245,-55.4,72,32,-8.88987,6.13271,0,0,0,0,0,0,0,0,0,0,0, 0,0,0,0,0,1,0,0,0,0
47960,6,164,-51.6,76,32,-8.93411,7.08108,0,0,0,0,0,0,0,0,0,0,0, 0,0,0,0,0,1,0,0,0,0
47960,7,116,-46.7,80,32,-8.73327,8.22982,0,0,0,0,0,0,0,0,0,0,0, 0,0,0,0,0,1,0,0,0,0
47960,8,19,2.4,208,31.75,1.30652,31.1726,0,0,0,0,0,0,0,0,0,0,0, 0,0,0,0,0,1,0,0,0,0
47960,9,22,4.2,208,33,2.28503,31.1162,0,0,0,0,0,0,0,0,0,0,0, 0,0,0,0,0,1,0,0,0,0
47960,10,94,-45,84,32,-8.90955,8.90955,0,0,0,0,0,0,0,0,0,0,0, 0,0,0,0,0,1,0,0,0,0
47960,11,33,3.6,212,31.75,1.99674,31.7372,0,0,0,0,0,0,0,0,0,0,0, 0,0,0,0,0,1,0,0,0,0
47960,12,42,1.8,212,32.75,0.998862,31.7843,0,0,0,0,0,0,0,0,0,0,0, 0,0,0,0,0,1,0,0,0,0
47960,13,34,0.6,212,33,0.333003,31.7983,0,0,0,0,0,0,0,0,0,0,0, 0,0,0,0,0,1,0,0,0,0
47960,14,24,-0.6,216,33,-0.339286,32.3982,0,0,0,0,0,0,0,0,0,0,0, 0,0,0,0,0,1,0,0,0,0
47960,15,140,-58.4,60,32,-7.66554,4.71587,0,0,0,0,0,0,0,0,0,0,0, 0,0,0,0,0,1,0,0,0,0
48000,0,247,-56.5,64,32,-8.0053,5.2986,0,0,0,0,0,0,0,0,0,0,0, 0,0,0,0,0,2,0,0,0,0
48000,1,292,-56.5,68,32,-8.50564,5.62976,0,0,0,0,0,0,0,0,0,0,0, 0,0,0,0,0,2,0,0,0,0
48000,2,18,10.6,228,30.75,6.29114,33.6164,0,0,0,0,0,0,0,0,0,0,0, 0,0,0,0,0,2,0,0,0,0
48000,3,25,8.8,228,31,5.23212,33.7974,0,0,0,0,0,0,0,0,0,0,0, 0,0,0,0,0,2,0,0,0,0
48000,4,244,-55.4,72,32,-8.88987,6.13271,0,0,0,0,0,0,0,0,0,0,0, 0,0,0,0,0,2,0,0,0,0
48000,5,161,-51.6,76,32,-8.93411,7.08108,0,0,0,0,0,0,0,0,0,0,0, 0,0,0,0,0,2,0,0,0,0
48000,6,114,-46.7,80,32,-8.73327,8.22982,0,0,0,0,0,0,0,0,0,0,0, 0,0,0,0,0,2,0,0,0,0
48000,7,88,-49.8,84,32,-9.62383,8.13277,0,0,0,0,0,0,0,0,0,0,0, 0,0,0,0,0,2,0,0,0,0
48000,8,23,0.6,216,32.75,0.339286,32.3982,0,0,0,0,0,0,0,0,0,0,0, 0,0,0,0,0,2,0,0,0,0
48000,9,22,5.4,216,33.25,3.04911,32.2562,0,0,0,0,0,0,0,0,0,0,0, 0,0,0,0,0,2,0,0,0,0
48000,10,142,-56.5,60,32,-7.50497,4.96743,0,0,0,0,0,0,0,0,0,0,0, 0,0,0,0,0,2,0,0,0,0
48000,11,22,-1.8,220,31.75,-1.03656,32.9837,0,0,0,0,0,0,0,0,0,0,0, 0,0,0,0,0,2,0,0,0,0
48040,0,249,-55.4,64,32,-7.90211,5.4513,0,0,0,0,0,0,0,0,0,0,0, 0,0,0,0,0,3,0,0,0,0
48040,1,294,-55.4,68,32,-8.39599,5.79201,0,0,0,0,0,0,0,0,0,0,0, 0,0,0,0,0,3,0,0,0,0
48040,2,16,4.2,228,30.75,2.50475,34.1082,0,0,0,0,0,0,0,0,0,0,0, 0,0,0,0,0,3,0,0,0,0
48040,3,24,5.4,228,31.25,3.2185,34.0482,0,0,0,0,0,0,0,0,0,0,0, 0,0,0,0,0,3,0,0,0,0
48040,4,248,-53.4,72,32,-8.67043,6.43923,0,0,0,0,0,0,0,0,0,0,0, 0,0,0,0,0,3,0,0,0,0
48040,5,19,-1.2,232,31.75,-0.728796,34.7924,0,0,0,0,0,0,0,0,0,0,0, 0,0,0,0,0,3,0,0,0,0
48040,6,168,-48,76,32,-8.47185,7.62809,0,0,0,0,0,0,0,0,0,0,0, 0,0,0,0,0,3,0,0,0,0
48040,7,18,6.1,236,30.75,3.76175,35.1996,0,0,0,0,0,0,0,0,0,0,0, 0,0,0,0,0,3,0,0,0,0
48040,8,121,-45,80,32,-8.48528,8.48528,0,0,0,0,0,0,0,0,0,0,0, 0,0,0,0,0,3,0,0,0,0
48040,9,20,-3.6,208,31.75,-1.95906,31.1384,0,0,0,0,0,0,0,0,0,0,0, 0,0,0,0,0,3,0,0,0,0
48040,10,20,-7.2,208,33,-3.9104,30.954,0,0,0,0,0,0,0,0,0,0,0, 0,0,0,0,0,3,0,0,0,0
48040,11,91,-42.3,84,32,-8.47996,9.31935,0,0,0,0,0,0,0,0,0,0,0, 0,0,0,0,0,3,0,0,0,0
48040,12,39,-2.4,212,31.75,-1.33165,31.7721,0,0,0,0,0,0,0,0,0,0,0, 0,0,0,0,0,3,0,0,0,0
48040,13,47,-1.2,212,32.75,-0.665969,31.793,0,0,0,0,0,0,0,0,0,0,0, 0,0,0,0,0,3,0,0,0,0
48040,14,43,-1.2,212,33,-0.665969,31.793,0,0,0,0,0,0,0,0,0,0,0, 0,0,0,0,0,3,0,0,0,0
48040,15,42,0.1,216,31.75,0.0565486,32.4,0,0,0,0,0,0,0,0,0,0,0, 0,0,0,0,0,3,0,0,0,0
48040,16,53,-0.6,216,32.75,-0.339286,32.3982,0,0,0,0,0,0,0,0,0,0,0, 0,0,0,0,0,3,0,0,0,0
48040,17,46,-1.2,216,33,-0.678535,32.3929,0,0,0,0,0,0,0,0,0,0,0, 0,0,0,0,0,3,0,0,0,0
48040,18,138,-57.4,60,32,-7.58207,4.84894,0,0,0,0,0,0,0,0,0,0,0, 0,0,0,0,0,3,0,0,0,0
48040,19,17,0.1,220,32.75,0.0575958,33,0,0,0,0,0,0,0,0,0,0,0, 0,0,0,0,0,3,0,0,0,0
48080,0,250,-56.5,64,32,-8.0053,5.2986,0,0,0,0,0,0,0,0,0,0,0, 0,0,0,0,0,4,0,0,0,0
48080,1,300,-55.4,68,32,-8.39599,5.79201,0,0,0,0,0,0,0,0,0,0,0, 0,0,0,0,0,4,0,0,0,0
48080,2,254,-54.4,72,32,-8.78149,6.28693,0,0,0,0,0,0,0,0,0,0,0, 0,0,0,0,0,4,0,0,0,0
48080,3,164,-53.4,76,32,-9.15212,6.79696,0,0,0,0,0,0,0,0,0,0,0, 0,0,0,0,0,4,0,0,0,0
48080,4,105,-54.4,80,32,-9.75721,6.98548,0,0,0,0,0,0,0,0,0,0,0, 0,0,0,0,0,4,0,0,0,0
48080,5,24,1.3,208,31.75,0.707845,31.192,0,0,0,0,0,0,0,0,0,0,0, 0,0,0,0,0,4,0,0,0,0
48080,6,23,-2.4,244,31.5,-1.53265,36.5679,0,0,0,0,0,0,0,0,0,0,0, 0,0,0,0,0,4,0,0,0,0
48080,7,34,0.6,216,31.75,0.339286,32.3982,0,0,0,0,0,0,0,0,0,0,0, 0,0,0,0,0,4,0,0,0,0
48080,8,41,-1.8,216,33,-1.01771,32.384,0,0,0,0,0,0,0,0,0,0,0, 0,0,0,0,0,4,0,0,0,0
48080,9,142,-55.4,60,32,-7.40823,5.11059,0,0,0,0,0,0,0,0,0,0,0, 0,0,0,0,0,4,0,0,0,0
48080,10,33,-3,220,31.75,-1.72709,32.9548,0,0,0,0,0,0,0,0,0,0,0, 0,0,0,0,0,4,0,0,0,0
48080,11,42,-2.4,220,32.75,-1.3819,32.9711,0,0,0,0,0,0,0,0,0,0,0, 0,0,0,0,0,4,0,0,0,0
48080,12,38,-1.2,220,33,-0.6911,32.9928,0,0,0,0,0,0,0,0,0,0,0, 0,0,0,0,0,4,0,0,0,0
48120,0,248,-56.5,64,32,-8.0053,5.2986,0,0,0,0,0,0,0,0,0,0,0, 0,0,0,0,0,5,0,0,0,0
48120,1,293,-56.5,68,32,-8.50564,5.62976,0,0,0,0,0,0,0,0,0,0,0, 0,0,0,0,0,5,0,0,0,0
48120,2,247,-54.4,72,32,-8.78149,6.28693,0,0,0,0,0,0,0,0,0,0,0, 0,0,0,0,0,5,0,0,0,0
48120,3,161,-51.6,76,32,-8.93411,7.08108,0,0,0,0,0,0,0,0,0,0,0, 0,0,0,0,0,5,0,0,0,0
48120,4,103,-51.6,80,32,-9.40432,7.45377,0,0,0,0,0,0,0,0,0,0,0, 0,0,0,0,0,5,0,0,0,0
48120,5,32,2.4,212,31.75,1.33165,31.7721,0,0,0,0,0,0,0,0,0,0,0, 0,0,0,0,0,5,0,0,0,0
48120,6,25,-0.6,216,31.75,-0.339286,32.3982,0,0,0,0,0,0,0,0,0,0,0, 0,0,0,0,0,5,0,0,0,0
48120,7,34,-1.2,216,32.75,-0.678535,32.3929,0,0,0,0,0,0,0,0,0,0,0, 0,0,0,0,0,5,0,0,0,0
48120,8,139,-59.4,60,32,-7.74668,4.58137,0,0,0,0,0,0,0,0,0,0,0, 0,0,0,0,0,5,0,0,0,0
48160,0,243,-58.4,64,32,-8.17658,5.03026,0,0,0,0,0,0,0,0,0,0,0, 0,0,0,0,0,6,0,0,0,0
48160,1,289,-57.4,68,32,-8.59301,5.49546,0,0,0,0,0,0,0,0,0,0,0, 0,0,0,0,0,6,0,0,0,0
48160,2,244,-55.4,72,32,-8.88987,6.13271,0,0,0,0,0,0,0,0,0,0,0, 0,0,0,0,0,6,0,0,0,0
48160,3,159,-53.4,76,32,-9.15212,6.79696,0,0,0,0,0,0,0,0,0,0,0, 0,0,0,0,0,6,0,0,0,0
48160,4,107,-49.8,80,32,-9.16555,7.74549,0,0,0,0,0,0,0,0,0,0,0, 0,0,0,0,0,6,0,0,0,0
48160,5,84,-53.4,84,32,-10.1155,7.51243,0,0,0,0,0,0,0,0,0,0,0, 0,0,0,0,0,6,0,0,0,0
48160,6,21,-3.6,212,31.75,-1.99674,31.7372,0,0,0,0,0,0,0,0,0,0,0, 0,0,0,0,0,6,0,0,0,0
48160,7,31,-2.4,212,32.25,-1.33165,31.7721,0,0,0,0,0,0,0,0,0,0,0, 0,0,0,0,0,6,0,0,0,0
48160,8,29,-3,212,33,-1.66428,31.7564,0,0,0,0,0,0,0,0,0,0,0, 0,0,0,0,0,6,0,0,0,0
48160,9,19,-4.2,216,33,-2.37292,32.313,0,0,0,0,0,0,0,0,0,0,0, 0,0,0,0,0,6,0,0,0,0
48160,10,138,-57.4,60,32,-7.58207,4.84894,0,0,0,0,0,0,0,0,0,0,0, 0,0,0,0,0,6,0,0,0,0
48200,0,245,-56.5,64,32,-8.0053,5.2986,0,0,0,0,0,0,0,0,0,0,0, 0,0,0,0,0,7,0,0,0,0
48200,1,290,-55.4,68,32,-8.39599,5.79201,0,0,0,0,0,0,0,0,0,0,0, 0,0,0,0,0,7,0,0,0,0
48200,2,245,-54.4,72,32,-8.78149,6.28693,0,0,0,0,0,0,0,0,0,0,0, 0,0,0,0,0,7,0,0,0,0
48200,3,162,-48,76,32,-8.47185,7.62809,0,0,0,0,0,0,0,0,0,0,0, 0,0,0,0,0,7,0,0,0,0
48200,4,113,-45.9,80,32,-8.61752,8.35095,0,0,0,0,0,0,0,0,0,0,0, 0,0,0,0,0,7,0,0,0,0
48200,5,91,-45.9,84,32,-9.04839,8.7685,0,0,0,0,0,0,0,0,0,0,0, 0,0,0,0,0,7,0,0,0,0
48200,6,28,-3,212,33,-1.66428,31.7564,0,0,0,0,0,0,0,0,0,0,0, 0,0,0,0,0,7,0,0,0,0
48200,7,140,-55.4,60,32,-7.40823,5.11059,0,0,0,0,0,0,0,0,0,0,0, 0,0,0,0,0,7,0,0,0,0
48240,0,251,-55.4,64,32,-7.90211,5.4513,0,0,0,0,0,0,0,0,0,0,0, 0,0,0,0,0,8,0,0,0,0
48240,1,294,-55.4,68,32,-8.39599,5.79201,0,0,0,0,0,0,0,0,0,0,0, 0,0,0,0,0,8,0,0,0,0
48240,2,243,-54.4,72,32,-8.78149,6.28693,0,0,0,0,0,0,0,0,0,0,0, 0,0,0,0,0,8,0,0,0,0
48240,3,156,-53.4,76,32,-9.15212,6.79696,0,0,0,0,0,0,0,0,0,0,0, 0,0,0,0,0,8,0,0,0,0
48240,4,106,-53.4,80,32,-9.63381,7.1547,0,0,0,0,0,0,0,0,0,0,0, 0,0,0,0,0,8,0,0,0,0
48240,5,84,-56.5,84,32,-10.507,6.95441,0,0,0,0,0,0,0,0,0,0,0, 0,0,0,0,0,8,0,0,0,0
48240,6,23,-1.8,212,31.75,-0.998862,31.7843,0,0,0,0,0,0,0,0,0,0,0, 0,0,0,0,0,8,0,0,0,0
48240,7,35,-3,212,32.75,-1.66428,31.7564,0,0,0,0,0,0,0,0,0,0,0, 0,0,0,0,0,8,0,0,0,0
48240,8,30,-3,212,33,-1.66428,31.7564,0,0,0,0,0,0,0,0,0,0,0, 0,0,0,0,0,8,0,0,0,0
48240,9,141,-53.4,60,32,-7.22536,5.36602,0,0,0,0,0,0,0,0,0,0,0, 0,0,0,0,0,8,0,0,0,0
48280,0,250,-53.4,64,32,-7.70705,5.72376,0,1334,0,0,0,0,0,0,0,0,0, 0,0,0,0,0,9,0,0,0,0
48280,1,297,-53.4,68,32,-8.18874,6.08149,0,1334,0,0,0,0,0,0,0,0,0, 0,0,0,0,0,9,0,0,0,0
48280,2,246,-51.6,72,32,-8.46389,6.7084,0,1334,0,0,0,0,0,0,0,0,0, 0,0,0,0,0,9,0,0,0,0
48280,3,18,8.3,232,31.5,5.0236,34.4355,0,1334,0,0,0,0,0,0,0,0,0, 0,0,0,0,0,9,0,0,0,0
48280,4,158,-53.4,76,32,-9.15212,6.79696,0,1334,0,0,0,0,0,0,0,0,0, 0,0,0,0,0,9,0,0,0,0
48280,5,103,-58.4,80,32,-10.2207,6.28783,0,1334,0,0,0,0,0,0,0,0,0, 0,0,0,0,0,9,0,0,0,0
48280,6,29,-3,216,31.75,-1.69569,32.3556,0,1334,0,0,0,0,0,0,0,0,0, 0,0,0,0,0,9,0,0,0,0
48280,7,27,1.8,216,33,1.01771,32.384,0,1334,0,0,0,0,0,0,0,0,0, 0,0,0,0,0,9,0,0,0,0
48280,8,139,-54.4,60,32,-7.31791,5.23911,0,1334,0,0,0,0,0,0,0,0,0, 0,0,0,0,0,9,0,0,0,0
48280,9,21,-4.2,220,32.75,-2.41686,32.9114,0,1334,0,0,0,0,0,0,0,0,0, 0,0,0,0,0,9,0,0,0,0
48280,10,24,-3,220,33,-1.72709,32.9548,0,1334,0,0,0,0,0,0,0,0,0, 0,0,0,0,0,9,0,0,0,0
48320,0,249,-55.4,64,32,-7.90211,5.4513,0,0,0,0,0,0,0,0,0,0,0, 0,0,0,0,0,10,0,0,0,0
48320,1,295,-55.4,68,32,-8.39599,5.79201,0,0,0,0,0,0,0,0,0,0,0, 0,0,0,0,0,10,0,0,0,0
48320,2,41,67.6,8,33,1.10946,0.457284,0,0,0,0,0,0,0,0,0,0,0, 0,0,0,0,0,10,0,0,0,0
48320,3,247,-55.4,72,32,-8.88987,6.13271,0,0,0,0,0,0,0,0,0,0,0, 0,0,0,0,0,10,0,0,0,0
48320,4,162,-55.4,76,32,-9.38375,6.47342,0,0,0,0,0,0,0,0,0,0,0, 0,0,0,0,0,10,0,0,0,0
48320,5,105,-61.2,80,32,-10.5157,5.78104,0,0,0,0,0,0,0,0,0,0,0, 0,0,0,0,0,10,0,0,0,0
48320,6,22,1.3,208,31.75,0.707845,31.192,0,0,0,0,0,0,0,0,0,0,0, 0,0,0,0,0,10,0,0,0,0
48320,7,30,1.3,208,32.25,0.707845,31.192,0,0,0,0,0,0,0,0,0,0,0, 0,0,0,0,0,10,0,0,0,0
48320,8,26,1.3,208,33,0.707845,31.192,0,0,0,0,0,0,0,0,0,0,0, 0,0,0,0,0,10,0,0,0,0
48320,9,23,6.1,212,31.75,3.3792,31.6199,0,0,0,0,0,0,0,0,0,0,0, 0,0,0,0,0,10,0,0,0,0
48320,10,22,5.4,212,33,2.99264,31.6589,0,0,0,0,0,0,0,0,0,0,0, 0,0,0,0,0,10,0,0,0,0
48320,11,141,-56.5,60,32,-7.50497,4.96743,0,0,0,0,0,0,0,0,0,0,0, 0,0,0,0,0,10,0,0,0,0
48360,0,247,-55.4,64,32,-7.90211,5.4513,0,7936,0,0,0,0,0,0,0,0,0, 0,0,0,0,0,11,0,0,0,0
48360,1,293,-56.5,68,32,-8.50564,5.62976,0,7936,0,0,0,0,0,0,0,0,0, 0,0,0,0,0,11,0,0,0,0
48360,2,41,71.1,8,33,1.1353,0.388701,0,7936,0,0,0,0,0,0,0,0,0, 0,0,0,0,0,11,0,0,0,0
48360,3,246,-55.4,72,32,-8.88987,6.13271,0,7936,0,0,0,0,0,0,0,0,0, 0,0,0,0,0,11,0,0,0,0
48360,4,12,32.3,392,36.5,31.4199,49.7014,0,7936,0,0,0,0,0,0,0,0,0, 0,0,0,0,0,11,0,0,0,0
48360,5,159,-54.4,76,32,-9.26935,6.6362,0,7936,0,0,0,0,0,0,0,0,0, 0,0,0,0,0,11,0,0,0,0
48360,6,111,-49.8,80,32,-9.16555,7.74549,0,7936,0,0,0,0,0,0,0,0,0, 0,0,0,0,0,11,0,0,0,0
48360,7,24,-1.8,208,33,-0.980016,31.1846,0,7936,0,0,0,0,0,0,0,0,0, 0,0,0,0,0,11,0,0,0,0
48360,8,86,-49.8,84,32,-9.62383,8.13277,0,7936,0,0,0,0,0,0,0,0,0, 0,0,0,0,0,11,0,0,0,0
48360,9,19,-3,212,31.75,-1.66428,31.7564,0,7936,0,0,0,0,0,0,0,0,0, 0,0,0,0,0,11,0,0,0,0
48360,10,138,-58.4,60,32,-7.66554,4.71587,0,7936,0,0,0,0,0,0,0,0,0, 0,0,0,0,0,11,0,0,0,0
48400,0,243,-58.4,64,32,-8.17658,5.03026,0,1140,0,0,0,0,0,0,0,0,0, 0,0,0,0,0,12,0,0,0,0
48400,1,285,-56.5,68,32,-8.50564,5.62976,0,1140,0,0,0,0,0,0,0,0,0, 0,0,0,0,0,12,0,0,0,0
48400,2,242,-55.4,72,32,-8.88987,6.13271,0,1140,0,0,0,0,0,0,0,0,0, 0,0,0,0,0,12,0,0,0,0
48400,3,161,-49.8,76,32,-8.70727,7.35822,0,1140,0,0,0,0,0,0,0,0,0, 0,0,0,0,0,12,0,0,0,0
48400,4,114,-45.9,80,32,-8.61752,8.35095,0,1140,0,0,0,0,0,0,0,0,0, 0,0,0,0,0,12,0,0,0,0
48400,5,18,3.6,208,32.75,1.95906,31.1384,0,1140,0,0,0,0,0,0,0,0,0, 0,0,0,0,0,12,0,0,0,0
48400,6,19,2.4,208,33,1.30652,31.1726,0,1140,0,0,0,0,0,0,0,0,0, 0,0,0,0,0,12,0,0,0,0
48400,7,26,2.4,212,33,1.33165,31.7721,0,1140,0,0,0,0,0,0,0,0,0, 0,0,0,0,0,12,0,0,0,0
48400,8,137,-57.4,60,32,-7.58207,4.84894,0,1140,0,0,0,0,0,0,0,0,0, 0,0,0,0,0,12,0,0,0,0
48400,9,21,-1.2,220,33,-0.6911,32.9928,0,1140,0,0,0,0,0,0,0,0,0, 0,0,0,0,0,12,0,0,0,0
48440,0,243,-56.5,64,32,-8.0053,5.2986,0,86,0,0,0,0,0,0,0,0,0, 0,0,0,0,0,13,0,0,0,0
48440,1,287,-55.4,68,32,-8.39599,5.79201,0,86,0,0,0,0,0,0,0,0,0, 0,0,0,0,0,13,0,0,0,0
48440,2,244,-54.4,72,32,-8.78149,6.28693,0,86,0,0,0,0,0,0,0,0,0, 0,0,0,0,0,13,0,0,0,0
48440,3,161,-51.6,76,32,-8.93411,7.08108,0,86,0,0,0,0,0,0,0,0,0, 0,0,0,0,0,13,0,0,0,0
48440,4,104,-54.4,80,32,-9.75721,6.98548,0,86,0,0,0,0,0,0,0,0,0, 0,0,0,0,0,13,0,0,0,0
48440,5,24,0.6,212,33,0.333003,31.7983,0,86,0,0,0,0,0,0,0,0,0, 0,0,0,0,0,13,0,0,0,0
48440,6,138,-55.4,60,32,-7.40823,5.11059,0,86,0,0,0,0,0,0,0,0,0, 0,0,0,0,0,13,0,0,0,0
48440,7,38,-25.5,92,31.75,-5.94105,12.4557,0,86,0,0,0,0,0,0,0,0,0, 0,0,0,0,0,13,0,0,0,0
48480,0,245,-55.4,64,32,-7.90211,5.4513,0,0,0,0,0,0,0,0,0,0,0, 0,0,0,0,0,14,0,0,0,0
48480,1,291,-55.4,68,32,-8.39599,5.79201,0,0,0,0,0,0,0,0,0,0,0, 0,0,0,0,0,14,0,0,0,0
48480,2,244,-55.4,72,32,-8.88987,6.13271,0,0,0,0,0,0,0,0,0,0,0, 0,0,0,0,0,14,0,0,0,0
48480,3,158,-54.4,76,32,-9.26935,6.6362,0,0,0,0,0,0,0,0,0,0,0, 0,0,0,0,0,14,0,0,0,0
48480,4,105,-54.4,80,32,-9.75721,6.98548,0,0,0,0,0,0,0,0,0,0,0, 0,0,0,0,0,14,0,0,0,0
48480,5,83,-56.5,84,32,-10.507,6.95441,0,0,0,0,0,0,0,0,0,0,0, 0,0,0,0,0,14,0,0,0,0
48480,6,18,-1.8,244,31.75,-1.14963,36.5819,0,0,0,0,0,0,0,0,0,0,0, 0,0,0,0,0,14,0,0,0,0
48480,7,140,-58.4,60,32,-7.66554,4.71587,0,0,0,0,0,0,0,0,0,0,0, 0,0,0,0,0,14,0,0,0,0
48520,0,244,-58.4,64,32,-8.17658,5.03026,0,0,0,0,0,0,0,0,0,0,0, 0,0,0,0,0,15,0,0,0,0
48520,1,291,-57.4,68,32,-8.59301,5.49546,0,0,0,0,0,0,0,0,0,0,0, 0,0,0,0,0,15,0,0,0,0
48520,2,43,67.6,8,33,1.10946,0.457284,0,0,0,0,0,0,0,0,0,0,0, 0,0,0,0,0,15,0,0,0,0
48520,3,245,-55.4,72,32,-8.88987,6.13271,0,0,0,0,0,0,0,0,0,0,0, 0,0,0,0,0,15,0,0,0,0
48520,4,159,-53.4,76,32,-9.15212,6.79696,0,0,0,0,0,0,0,0,0,0,0, 0,0,0,0,0,15,0,0,0,0
48520,5,112,-49.8,80,32,-9.16555,7.74549,0,0,0,0,0,0,0,0,0,0,0, 0,0,0,0,0,15,0,0,0,0
48520,6,35,0.1,208,32.75,0.0544542,31.2,0,0,0,0,0,0,0,0,0,0,0, 0,0,0,0,0,15,0,0,0,0
48520,7,33,-0.6,208,33,-0.32672,31.1983,0,0,0,0,0,0,0,0,0,0,0, 0,0,0,0,0,15,0,0,0,0
48520,8,85,-49.8,84,32,-9.62383,8.13277,0,0,0,0,0,0,0,0,0,0,0, 0,0,0,0,0,15,0,0,0,0
48520,9,138,-58.4,60,32,-7.66554,4.71587,0,0,0,0,0,0,0,0,0,0,0, 0,0,0,0,0,15,0,0,0,0
48520,10,16,-6,220,31.75,-3.44944,32.8192,0,0,0,0,0,0,0,0,0,0,0, 0,0,0,0,0,15,0,0,0,0
48520,11,21,-2.4,220,32.75,-1.3819,32.9711,0,0,0,0,0,0,0,0,0,0,0, 0,0,0,0,0,15,0,0,0,0
48560,0,246,-57.4,64,32,-8.08754,5.1722,0,0,0,0,0,0,0,0,0,0,0, 0,0,0,0,0,0,0,0,0,0
48560,1,294,-56.5,68,32,-8.50564,5.62976,0,0,0,0,0,0,0,0,0,0,0, 0,0,0,0,0,0,0,0,0,0
48560,2,247,-55.4,72,32,-8.88987,6.13271,0,0,0,0,0,0,0,0,0,0,0, 0,0,0,0,0,0,0,0,0,0
48560,3,159,-53.4,76,32,-9.15212,6.79696,0,0,0,0,0,0,0,0,0,0,0, 0,0,0,0,0,0,0,0,0,0
48560,4,109,-48,80,32,-8.91774,8.02957,0,0,0,0,0,0,0,0,0,0,0, 0,0,0,0,0,0,0,0,0,0
48560,5,27,-3.6,212,32.75,-1.99674,31.7372,0,0,0,0,0,0,0,0,0,0,0, 0,0,0,0,0,0,0,0,0,0
48560,6,27,-4.2,212,33,-2.32897,31.7146,0,0,0,0,0,0,0,0,0,0,0, 0,0,0,0,0,0,0,0,0,0
48560,7,24,-2.4,216,31.75,-1.35677,32.3716,0,0,0,0,0,0,0,0,0,0,0, 0,0,0,0,0,0,0,0,0,0
48560,8,25,-3,216,33,-1.69569,32.3556,0,0,0,0,0,0,0,0,0,0,0, 0,0,0,0,0,0,0,0,0,0
48560,9,141,-57.4,60,32,-7.58207,4.84894,0,0,0,0,0,0,0,0,0,0,0, 0,0,0,0,0,0,0,0,0,0
48560,10,16,-3.6,220,33,-2.07209,32.9349,0,0,0,0,0,0,0,0,0,0,0, 0,0,0,0,0,0,0,0,0,0
48600,0,247,-57.4,64,32,-8.08754,5.1722,0,0,0,0,0,0,0,0,0,0,0, 0,0,0,0,0,1,0,0,0,0
48600,1,291,-57.4,68,32,-8.59301,5.49546,0,0,0,0,0,0,0,0,0,0,0, 0,0,0,0,0,1,0,0,0,0
48600,2,244,-56.5,72,32,-9.00597,5.96092,0,0,0,0,0,0,0,0,0,0,0, 0,0,0,0,0,1,0,0,0,0
48600,3,157,-54.4,76,32,-9.26935,6.6362,0,0,0,0,0,0,0,0,0,0,0, 0,0,0,0,0,1,0,0,0,0
48600,4,110,-49.8,80,32,-9.16555,7.74549,0,0,0,0,0,0,0,0,0,0,0, 0,0,0,0,0,1,0,0,0,0
48600,5,86,-53.4,84,32,-10.1155,7.51243,0,0,0,0,0,0,0,0,0,0,0, 0,0,0,0,0,1,0,0,0,0
48600,6,139,-57.4,60,32,-7.58207,4.84894,0,0,0,0,0,0,0,0,0,0,0, 0,0,0,0,0,1,0,0,0,0
48640,0,248,-55.4,64,32,-7.90211,5.4513,0,0,0,0,0,0,0,0,0,0,0, 0,0,0,0,0,2,0,0,0,0
48640,1,294,-55.4,68,32,-8.39599,5.79201,0,0,0,0,0,0,0,0,0,0,0, 0,0,0,0,0,2,0,0,0,0
48640,2,246,-54.4,72,32,-8.78149,6.28693,0,0,0,0,0,0,0,0,0,0,0, 0,0,0,0,0,2,0,0,0,0
48640,3,161,-51.6,76,32,-8.93411,7.08108,0,0,0,0,0,0,0,0,0,0,0, 0,0,0,0,0,2,0,0,0,0
48640,4,105,-53.4,80,32,-9.63381,7.1547,0,0,0,0,0,0,0,0,0,0,0, 0,0,0,0,0,2,0,0,0,0
48640,5,31,3.1,212,32.5,1.71971,31.7535,0,0,0,0,0,0,0,0,0,0,0, 0,0,0,0,0,2,0,0,0,0
48640,6,20,-3.6,216,31.75,-2.03441,32.3361,0,0,0,0,0,0,0,0,0,0,0, 0,0,0,0,0,2,0,0,0,0
48640,7,138,-56.5,60,32,-7.50497,4.96743,0,0,0,0,0,0,0,0,0,0,0, 0,0,0,0,0,2,0,0,0,0
48680,0,247,-56.5,64,32,-8.0053,5.2986,0,0,0,0,0,0,0,0,0,0,0, 0,0,0,0,0,3,0,0,0,0
48680,1,294,-56.5,68,32,-8.50564,5.62976,0,0,0,0,0,0,0,0,0,0,0, 0,0,0,0,0,3,0,0,0,0
48680,2,46,71.1,8,33,1.1353,0.388701,0,0,0,0,0,0,0,0,0,0,0, 0,0,0,0,0,3,0,0,0,0
48680,3,247,-55.4,72,32,-8.88987,6.13271,0,0,0,0,0,0,0,0,0,0,0, 0,0,0,0,0,3,0,0,0,0
48680,4,158,-55.4,76,32,-9.38375,6.47342,0,0,0,0,0,0,0,0,0,0,0, 0,0,0,0,0,3,0,0,0,0
48680,5,24,-3,236,31.25,-1.85269,35.3515,0,0,0,0,0,0,0,0,0,0,0, 0,0,0,0,0,3,0,0,0,0
48680,6,25,0.6,236,32.25,0.370701,35.3981,0,0,0,0,0,0,0,0,0,0,0, 0,0,0,0,0,3,0,0,0,0
48680,7,100,-57.4,80,32,-10.1094,6.46525,0,0,0,0,0,0,0,0,0,0,0, 0,0,0,0,0,3,0,0,0,0
48680,8,141,-57.4,60,32,-7.58207,4.84894,0,0,0,0,0,0,0,0,0,0,0, 0,0,0,0,0,3,0,0,0,0
48720,0,251,-56.5,64,32,-8.0053,5.2986,0,0,0,0,0,0,0,0,0,0,0, 0,0,0,0,0,4,0,0,0,0
48720,1,296,-56.5,68,32,-8.50564,5.62976,0,0,0,0,0,0,0,0,0,0,0, 0,0,0,0,0,4,0,0,0,0
48720,2,250,-55.4,72,32,-8.88987,6.13271,0,0,0,0,0,0,0,0,0,0,0, 0,0,0,0,0,4,0,0,0,0
48720,3,17,4.2,232,31.25,2.54869,34.7065,0,0,0,0,0,0,0,0,0,0,0, 0,0,0,0,0,4,0,0,0,0
48720,4,162,-53.4,76,32,-9.15212,6.79696,0,0,0,0,0,0,0,0,0,0,0, 0,0,0,0,0,4,0,0,0,0
48720,5,111,-48,80,32,-8.91774,8.02957,0,0,0,0,0,0,0,0,0,0,0, 0,0,0,0,0,4,0,0,0,0
48720,6,86,-46.7,84,32,-9.16994,8.64131,0,0,0,0,0,0,0,0,0,0,0, 0,0,0,0,0,4,0,0,0,0
48720,7,29,-2.4,212,31.75,-1.33165,31.7721,0,0,0,0,0,0,0,0,0,0,0, 0,0,0,0,0,4,0,0,0,0
48720,8,25,-3.6,212,33,-1.99674,31.7372,0,0,0,0,0,0,0,0,0,0,0, 0,0,0,0,0,4,0,0,0,0
48720,9,19,-1.2,216,32.75,-0.678535,32.3929,0,0,0,0,0,0,0,0,0,0,0, 0,0,0,0,0,4,0,0,0,0
48720,10,143,-54.4,60,32,-7.31791,5.23911,0,0,0,0,0,0,0,0,0,0,0, 0,0,0,0,0,4,0,0,0,0
48760,0,253,-54.4,64,32,-7.80577,5.58838,0,0,0,0,0,0,0,0,0,0,0, 0,0,0,0,0,5,0,0,0,0
48760,1,298,-54.4,68,32,-8.29363,5.93765,0,0,0,0,0,0,0,0,0,0,0, 0,0,0,0,0,5,0,0,0,0
48760,2,36,71.1,8,33,1.1353,0.388701,0,0,0,0,0,0,0,0,0,0,0, 0,0,0,0,0,5,0,0,0,0
48760,3,252,-54.4,72,32,-8.78149,6.28693,0,0,0,0,0,0,0,0,0,0,0, 0,0,0,0,0,5,0,0,0,0
48760,4,166,-49.8,76,32,-8.70727,7.35822,0,0,0,0,0,0,0,0,0,0,0, 0,0,0,0,0,5,0,0,0,0
48760,5,19,2.4,236,32.25,1.4824,35.3689,0,0,0,0,0,0,0,0,0,0,0, 0,0,0,0,0,5,0,0,0,0
48760,6,118,-45,80,32,-8.48528,8.48528,0,0,0,0,0,0,0,0,0,0,0, 0,0,0,0,0,5,0,0,0,0
48760,7,93,-45.9,84,32,-9.04839,8.7685,0,0,0,0,0,0,0,0,0,0,0, 0,0,0,0,0,5,0,0,0,0
48760,8,143,-55.4,60,32,-7.40823,5.11059,0,0,0,0,0,0,0,0,0,0,0, 0,0,0,0,0,5,0,0,0,0
48800,0,247,-55.4,64,32,-7.90211,5.4513,0,0,0,0,0,0,0,0,0,0,0, 0,0,0,0,0,6,0,0,0,0
48800,1,16,0.6,224,32.5,0.351852,33.5982,0,0,0,0,0,0,0,0,0,0,0, 0,0,0,0,0,6,0,0,0,0
48800,2,295,-54.4,68,32,-8.29363,5.93765,0,0,0,0,0,0,0,0,0,0,0, 0,0,0,0,0,6,0,0,0,0
48800,3,42,63.6,8,33,1.07485,0.533562,0,0,0,0,0,0,0,0,0,0,0, 0,0,0,0,0,6,0,0,0,0
48800,4,251,-51.6,72,32,-8.46389,6.7084,0,0,0,0,0,0,0,0,0,0,0, 0,0,0,0,0,6,0,0,0,0
48800,5,169,-48,76,32,-8.47185,7.62809,0,0,0,0,0,0,0,0,0,0,0, 0,0,0,0,0,6,0,0,0,0
48800,6,114,-45.9,80,32,-8.61752,8.35095,0,0,0,0,0,0,0,0,0,0,0, 0,0,0,0,0,6,0,0,0,0
48800,7,88,-46.7,84,32,-9.16994,8.64131,0,0,0,0,0,0,0,0,0,0,0, 0,0,0,0,0,6,0,0,0,0
48800,8,20,2.4,212,31.75,1.33165,31.7721,0,0,0,0,0,0,0,0,0,0,0, 0,0,0,0,0,6,0,0,0,0
48800,9,30,-1.8,212,32.5,-0.998862,31.7843,0,0,0,0,0,0,0,0,0,0,0, 0,0,0,0,0,6,0,0,0,0
48800,10,140,-54.4,60,32,-7.31791,5.23911,0,0,0,0,0,0,0,0,0,0,0, 0,0,0,0,0,6,0,0,0,0
48840,0,247,-56.5,64,32,-8.0053,5.2986,0,0,0,0,0,0,0,0,0,0,0, 0,0,0,0,0,7,0,0,0,0
48840,1,293,-55.4,68,32,-8.39599,5.79201,0,0,0,0,0,0,0,0,0,0,0, 0,0,0,0,0,7,0,0,0,0
48840,2,248,-54.4,72,32,-8.78149,6.28693,0,0,0,0,0,0,0,0,0,0,0, 0,0,0,0,0,7,0,0,0,0
48840,3,23,-0.6,232,31.25,-0.364418,34.7981,0,0,0,0,0,0,0,0,0,0,0, 0,0,0,0,0,7,0,0,0,0
48840,4,163,-51.6,76,32,-8.93411,7.08108,0,0,0,0,0,0,0,0,0,0,0, 0,0,0,0,0,7,0,0,0,0
48840,5,109,-53.4,80,32,-9.63381,7.1547,0,0,0,0,0,0,0,0,0,0,0, 0,0,0,0,0,7,0,0,0,0
48840,6,24,-0.6,208,31.75,-0.32672,31.1983,0,0,0,0,0,0,0,0,0,0,0, 0,0,0,0,0,7,0,0,0,0
48840,7,19,-1.8,208,33,-0.980016,31.1846,0,0,0,0,0,0,0,0,0,0,0, 0,0,0,0,0,7,0,0,0,0
48840,8,81,-55.4,84,32,-10.3715,7.15483,0,0,0,0,0,0,0,0,0,0,0, 0,0,0,0,0,7,0,0,0,0
48840,9,29,-3,212,31.75,-1.66428,31.7564,0,0,0,0,0,0,0,0,0,0,0, 0,0,0,0,0,7,0,0,0,0
48840,10,34,-2.4,212,32.75,-1.33165,31.7721,0,0,0,0,0,0,0,0,0,0,0, 0,0,0,0,0,7,0,0,0,0
48840,11,30,-2.4,212,33,-1.33165,31.7721,0,0,0,0,0,0,0,0,0,0,0, 0,0,0,0,0,7,0,0,0,0
48840,12,26,-3.6,216,31.75,-2.03441,32.3361,0,0,0,0,0,0,0,0,0,0,0, 0,0,0,0,0,7,0,0,0,0
48840,13,29,-4.8,216,32.75,-2.71116,32.2864,0,0,0,0,0,0,0,0,0,0,0, 0,0,0,0,0,7,0,0,0,0
48840,14,26,-4.2,216,33,-2.37292,32.313,0,0,0,0,0,0,0,0,0,0,0, 0,0,0,0,0,7,0,0,0,0
48840,15,137,-56.5,60,32,-7.50497,4.96743,0,0,0,0,0,0,0,0,0,0,0, 0,0,0,0,0,7,0,0,0,0
48880,0,244,-56.5,64,32,-8.0053,5.2986,0,0,0,0,0,0,0,0,0,0,0, 0,0,0,0,0,8,0,0,0,0
48880,1,289,-55.4,68,32,-8.39599,5.79201,0,0,0,0,0,0,0,0,0,0,0, 0,0,0,0,0,8,0,0,0,0
48880,2,243,-54.4,72,32,-8.78149,6.28693,0,0,0,0,0,0,0,0,0,0,0, 0,0,0,0,0,8,0,0,0,0
48880,3,158,-53.4,76,32,-9.15212,6.79696,0,0,0,0,0,0,0,0,0,0,0, 0,0,0,0,0,8,0,0,0,0
48880,4,105,-51.6,80,32,-9.40432,7.45377,0,0,0,0,0,0,0,0,0,0,0, 0,0,0,0,0,8,0,0,0,0
48880,5,19,-1.8,240,31.75,-1.13079,35.9822,0,0,0,0,0,0,0,0,0,0,0, 0,0,0,0,0,8,0,0,0,0
48880,6,87,-45.9,84,32,-9.04839,8.7685,0,0,0,0,0,0,0,0,0,0,0, 0,0,0,0,0,8,0,0,0,0
48880,7,21,0.6,216,33,0.339286,32.3982,0,0,0,0,0,0,0,0,0,0,0, 0,0,0,0,0,8,0,0,0,0
48880,8,138,-54.4,60,32,-7.31791,5.23911,0,0,0,0,0,0,0,0,0,0,0, 0,0,0,0,0,8,0,0,0,0
48880,9,26,-25.5,92,31.75,-5.94105,12.4557,0,0,0,0,0,0,0,0,0,0,0, 0,0,0,0,0,8,0,0,0,0
48880,10,19,0.6,220,31.75,0.345569,32.9982,0,0,0,0,0,0,0,0,0,0,0, 0,0,0,0,0,8,0,0,0,0
48880,11,27,-3.6,220,32.5,-2.07209,32.9349,0,0,0,0,0,0,0,0,0,0,0, 0,0,0,0,0,8,0,0,0,0
48920,0,247,-54.4,64,32,-7.80577,5.58838,0,1334,0,0,0,0,0,0,0,0,0, 0,0,0,0,0,9,0,0,0,0
48920,1,293,-54.4,68,32,-8.29363,5.93765,0,1334,0,0,0,0,0,0,0,0,0, 0,0,0,0,0,9,0,0,0,0
48920,2,246,-54.4,72,32,-8.78149,6.28693,0,1334,0,0,0,0,0,0,0,0,0, 0,0,0,0,0,9,0,0,0,0
48920,3,20,1.3,232,31.75,0.789519,34.791,0,1334,0,0,0,0,0,0,0,0,0, 0,0,0,0,0,9,0,0,0,0
48920,4,159,-51.6,76,32,-8.93411,7.08108,0,1334,0,0,0,0,0,0,0,0,0, 0,0,0,0,0,9,0,0,0,0
48920,5,101,-54.4,80,32,-9.75721,6.98548,0,1334,0,0,0,0,0,0,0,0,0, 0,0,0,0,0,9,0,0,0,0
48920,6,20,3.1,208,31.75,1.68726,31.1543,0,1334,0,0,0,0,0,0,0,0,0, 0,0,0,0,0,9,0,0,0,0
48920,7,141,-53.4,60,32,-7.22536,5.36602,0,1334,0,0,0,0,0,0,0,0,0, 0,0,0,0,0,9,0,0,0,0
48960,0,250,-53.4,64,32,-7.70705,5.72376,0,0,0,0,0,0,0,0,0,0,0, 0,0,0,0,0,10,0,0,0,0
48960,1,298,-53.4,68,32,-8.18874,6.08149,0,0,0,0,0,0,0,0,0,0,0, 0,0,0,0,0,10,0,0,0,0
48960,2,250,-53.4,72,32,-8.67043,6.43923,0,0,0,0,0,0,0,0,0,0,0, 0,0,0,0,0,10,0,0,0,0
48960,3,163,-53.4,76,32,-9.15212,6.79696,0,0,0,0,0,0,0,0,0,0,0, 0,0,0,0,0,10,0,0,0,0
48960,4,106,-56.5,80,32,-10.0066,6.62324,0,0,0,0,0,0,0,0,0,0,0, 0,0,0,0,0,10,0,0,0,0
48960,5,139,-53.4,60,32,-7.22536,5.36602,0,0,0,0,0,0,0,0,0,0,0, 0,0,0,0,0,10,0,0,0,0
48960,6,34,-24.8,92,31.75,-5.78844,12.5273,0,0,0,0,0,0,0,0,0,0,0, 0,0,0,0,0,10,0,0,0,0
49000,0,245,-55.4,64,32,-7.90211,5.4513,0,7936,0,0,0,0,0,0,0,0,0, 0,0,0,0,0,11,0,0,0,0
49000,1,291,-55.4,68,32,-8.39599,5.79201,0,7936,0,0,0,0,0,0,0,0,0, 0,0,0,0,0,11,0,0,0,0
49000,2,50,71.1,8,33,1.1353,0.388701,0,7936,0,0,0,0,0,0,0,0,0, 0,0,0,0,0,11,0,0,0,0
49000,3,247,-53.4,72,32,-8.67043,6.43923,0,7936,0,0,0,0,0,0,0,0,0, 0,0,0,0,0,11,0,0,0,0
49000,4,162,-51.6,76,32,-8.93411,7.08108,0,7936,0,0,0,0,0,0,0,0,0, 0,0,0,0,0,11,0,0,0,0
49000,5,111,-53.4,80,32,-9.63381,7.1547,0,7936,0,0,0,0,0,0,0,0,0, 0,0,0,0,0,11,0,0,0,0
49000,6,19,-1.8,212,33,-0.998862,31.7843,0,7936,0,0,0,0,0,0,0,0,0, 0,0,0,0,0,11,0,0,0,0
49000,7,138,-54.4,60,32,-7.31791,5.23911,0,7936,0,0,0,0,0,0,0,0,0, 0,0,0,0,0,11,0,0,0,0
49040,0,248,-56.5,64,32,-8.0053,5.2986,0,1140,0,0,0,0,0,0,0,0,0, 0,0,0,0,0,12,0,0,0,0
49040,1,296,-55.4,68,32,-8.39599,5.79201,0,1140,0,0,0,0,0,0,0,0,0, 0,0,0,0,0,12,0,0,0,0
49040,2,245,-55.4,72,32,-8.88987,6.13271,0,1140,0,0,0,0,0,0,0,0,0, 0,0,0,0,0,12,0,0,0,0
49040,3,159,-55.4,76,32,-9.38375,6.47342,0,1140,0,0,0,0,0,0,0,0,0, 0,0,0,0,0,12,0,0,0,0
49040,4,106,-54.4,80,32,-9.75721,6.98548,0,1140,0,0,0,0,0,0,0,0,0, 0,0,0,0,0,12,0,0,0,0
49040,5,87,-48,84,32,-9.36363,8.43105,0,1140,0,0,0,0,0,0,0,0,0, 0,0,0,0,0,12,0,0,0,0
49040,6,33,-1.8,212,31.75,-0.998862,31.7843,0,1140,0,0,0,0,0,0,0,0,0, 0,0,0,0,0,12,0,0,0,0
49040,7,35,-3,212,32.75,-1.66428,31.7564,0,1140,0,0,0,0,0,0,0,0,0, 0,0,0,0,0,12,0,0,0,0
49040,8,27,-3.6,212,33,-1.99674,31.7372,0,1140,0,0,0,0,0,0,0,0,0, 0,0,0,0,0,12,0,0,0,0
49040,9,143,-54.4,60,32,-7.31791,5.23911,0,1140,0,0,0,0,0,0,0,0,0, 0,0,0,0,0,12,0,0,0,0
49040,10,17,-4.8,220,31.75,-2.76137,32.8843,0,1140,0,0,0,0,0,0,0,0,0, 0,0,0,0,0,12,0,0,0,0
49040,11,20,-5.4,220,32.5,-3.10557,32.8535,0,1140,0,0,0,0,0,0,0,0,0, 0,0,0,0,0,12,0,0,0,0
49080,0,250,-54.4,64,32,-7.80577,5.58838,0,86,0,0,0,0,0,0,0,0,0, 0,0,0,0,0,13,0,0,0,0
49080,1,296,-54.4,68,32,-8.29363,5.93765,0,86,0,0,0,0,0,0,0,0,0, 0,0,0,0,0,13,0,0,0,0
49080,2,40,75.1,8,33,1.15965,0.308559,0,86,0,0,0,0,0,0,0,0,0, 0,0,0,0,0,13,0,0,0,0
49080,3,249,-54.4,72,32,-8.78149,6.28693,0,86,0,0,0,0,0,0,0,0,0, 0,0,0,0,0,13,0,0,0,0
49080,4,161,-53.4,76,32,-9.15212,6.79696,0,86,0,0,0,0,0,0,0,0,0, 0,0,0,0,0,13,0,0,0,0
49080,5,109,-51.6,80,32,-9.40432,7.45377,0,86,0,0,0,0,0,0,0,0,0, 0,0,0,0,0,13,0,0,0,0
49080,6,20,-2.4,208,31.75,-1.30652,31.1726,0,86,0,0,0,0,0,0,0,0,0, 0,0,0,0,0,13,0,0,0,0
49080,7,82,-48,84,32,-9.36363,8.43105,0,86,0,0,0,0,0,0,0,0,0, 0,0,0,0,0,13,0,0,0,0
49080,8,24,-2.4,212,31.5,-1.33165,31.7721,0,86,0,0,0,0,0,0,0,0,0, 0,0,0,0,0,13,0,0,0,0
49080,9,20,-1.8,216,31.75,-1.01771,32.384,0,86,0,0,0,0,0,0,0,0,0, 0,0,0,0,0,13,0,0,0,0
49080,10,18,-1.2,216,33,-0.678535,32.3929,0,86,0,0,0,0,0,0,0,0,0, 0,0,0,0,0,13,0,0,0,0
49080,11,142,-54.4,60,32,-7.31791,5.23911,0,86,0,0,0,0,0,0,0,0,0, 0,0,0,0,0,13,0,0,0,0
49120,0,247,-54.4,64,32,-7.80577,5.58838,0,0,0,0,0,0,0,0,0,0,0, 0,0,0,0,0,14,0,0,0,0
49120,1,25,-24,96,31.5,-5.85701,13.1551,0,0,0,0,0,0,0,0,0,0,0, 0,0,0,0,0,14,0,0,0,0
49120,2,295,-54.4,68,32,-8.29363,5.93765,0,0,0,0,0,0,0,0,0,0,0, 0,0,0,0,0,14,0,0,0,0
49120,3,18,-27.8,100,31.75,-6.9958,13.2687,0,0,0,0,0,0,0,0,0,0,0, 0,0,0,0,0,14,0,0,0,0
49120,4,247,-54.4,72,32,-8.78149,6.28693,0,0,0,0,0,0,0,0,0,0,0, 0,0,0,0,0,14,0,0,0,0
49120,5,160,-55.4,76,32,-9.38375,6.47342,0,0,0,0,0,0,0,0,0,0,0, 0,0,0,0,0,14,0,0,0,0
49120,6,110,-54.4,80,32,-9.75721,6.98548,0,0,0,0,0,0,0,0,0,0,0, 0,0,0,0,0,14,0,0,0,0
49120,7,23,1.3,208,31.25,0.707845,31.192,0,0,0,0,0,0,0,0,0,0,0, 0,0,0,0,0,14,0,0,0,0
49120,8,85,-56.5,84,32,-10.507,6.95441,0,0,0,0,0,0,0,0,0,0,0, 0,0,0,0,0,14,0,0,0,0
49120,9,140,-56.5,60,32,-7.50497,4.96743,0,0,0,0,0,0,0,0,0,0,0, 0,0,0,0,0,14,0,0,0,0
49160,0,248,-56.5,64,32,-8.0053,5.2986,0,0,0,0,0,0,0,0,0,0,0, 0,0,0,0,0,15,0,0,0,0
49160,1,294,-55.4,68,32,-8.39599,5.79201,0,0,0,0,0,0,0,0,0,0,0, 0,0,0,0,0,15,0,0,0,0
49160,2,15,13.7,324,31.5,11.5103,47.2173,0,0,0,0,0,0,0,0,0,0,0, 0,0,0,0,0,15,0,0,0,0
49160,3,249,-55.4,72,32,-8.88987,6.13271,0,0,0,0,0,0,0,0,0,0,0, 0,0,0,0,0,15,0,0,0,0
49160,4,163,-53.4,76,32,-9.15212,6.79696,0,0,0,0,0,0,0,0,0,0,0, 0,0,0,0,0,15,0,0,0,0
49160,5,115,-51.6,80,32,-9.40432,7.45377,0,0,0,0,0,0,0,0,0,0,0, 0,0,0,0,0,15,0,0,0,0
49160,6,89,-54.4,84,32,-10.2451,7.33475,0,0,0,0,0,0,0,0,0,0,0, 0,0,0,0,0,15,0,0,0,0
49160,7,29,-2.4,212,31.75,-1.33165,31.7721,0,0,0,0,0,0,0,0,0,0,0, 0,0,0,0,0,15,0,0,0,0
49160,8,32,1.3,216,31.25,0.73507,32.3917,0,0,0,0,0,0,0,0,0,0,0, 0,0,0,0,0,15,0,0,0,0
49160,9,33,-1.2,216,32.25,-0.678535,32.3929,0,0,0,0,0,0,0,0,0,0,0, 0,0,0,0,0,15,0,0,0,0
49160,10,141,-56.5,60,32,-7.50497,4.96743,0,0,0,0,0,0,0,0,0,0,0, 0,0,0,0,0,15,0,0,0,0
49200,0,247,-57.4,64,32,-8.08754,5.1722,0,0,0,0,0,0,0,0,0,0,0, 0,0,0,0,0,0,0,0,0,0
49200,1,291,-56.5,68,32,-8.50564,5.62976,0,0,0,0,0,0,0,0,0,0,0, 0,0,0,0,0,0,0,0,0,0
49200,2,243,-56.5,72,32,-9.00597,5.96092,0,0,0,0,0,0,0,0,0,0,0, 0,0,0,0,0,0,0,0,0,0
49200,3,160,-55.4,76,32,-9.38375,6.47342,0,0,0,0,0,0,0,0,0,0,0, 0,0,0,0,0,0,0,0,0,0
49200,4,111,-53.4,80,32,-9.63381,7.1547,0,0,0,0,0,0,0,0,0,0,0, 0,0,0,0,0,0,0,0,0,0
49200,5,137,-58.4,60,32,-7.66554,4.71587,0,0,0,0,0,0,0,0,0,0,0, 0,0,0,0,0,0,0,0,0,0
49240,0,243,-56.5,64,32,-8.0053,5.2986,0,0,0,0,0,0,0,0,0,0,0, 0,0,0,0,0,1,0,0,0,0
49240,1,291,-56.5,68,32,-8.50564,5.62976,0,0,0,0,0,0,0,0,0,0,0, 0,0,0,0,0,1,0,0,0,0
49240,2,245,-55.4,72,32,-8.88987,6.13271,0,0,0,0,0,0,0,0,0,0,0, 0,0,0,0,0,1,0,0,0,0
49240,3,158,-53.4,76,32,-9.15212,6.79696,0,0,0,0,0,0,0,0,0,0,0, 0,0,0,0,0,1,0,0,0,0
49240,4,107,-49.8,80,32,-9.16555,7.74549,0,0,0,0,0,0,0,0,0,0,0, 0,0,0,0,0,1,0,0,0,0
49240,5,81,-48,84,32,-9.36363,8.43105,0,0,0,0,0,0,0,0,0,0,0, 0,0,0,0,0,1,0,0,0,0
49240,6,24,-3.6,212,31.75,-1.99674,31.7372,0,0,0,0,0,0,0,0,0,0,0, 0,0,0,0,0,1,0,0,0,0
49240,7,21,0.6,212,32.25,0.333003,31.7983,0,0,0,0,0,0,0,0,0,0,0, 0,0,0,0,0,1,0,0,0,0
49240,8,143,-54.4,60,32,-7.31791,5.23911,0,0,0,0,0,0,0,0,0,0,0, 0,0,0,0,0,1,0,0,0,0
49280,0,248,-55.4,64,32,-7.90211,5.4513,0,0,0,0,0,0,0,0,0,0,0, 0,0,0,0,0,2,0,0,0,0
49280,1,293,-55.4,68,32,-8.39599,5.79201,0,0,0,0,0,0,0,0,0,0,0, 0,0,0,0,0,2,0,0,0,0
49280,2,21,-8.4,228,32.5,-4.99604,33.8331,0,0,0,0,0,0,0,0,0,0,0, 0,0,0,0,0,2,0,0,0,0
49280,3,244,-54.4,72,32,-8.78149,6.28693,0,0,0,0,0,0,0,0,0,0,0, 0,0,0,0,0,2,0,0,0,0
49280,4,162,-51.6,76,32,-8.93411,7.08108,0,0,0,0,0,0,0,0,0,0,0, 0,0,0,0,0,2,0,0,0,0
49280,5,113,-46.7,80,32,-8.73327,8.22982,0,0,0,0,0,0,0,0,0,0,0, 0,0,0,0,0,2,0,0,0,0
49280,6,90,-45,84,32,-8.90955,8.90955,0,0,0,0,0,0,0,0,0,0,0, 0,0,0,0,0,2,0,0,0,0
49280,7,140,-54.4,60,32,-7.31791,5.23911,0,0,0,0,0,0,0,0,0,0,0, 0,0,0,0,0,2,0,0,0,0
49280,8,30,-22.5,92,31.75,-5.28103,12.7495,0,0,0,0,0,0,0,0,0,0,0, 0,0,0,0,0,2,0,0,0,0
49320,0,245,-56.5,64,32,-8.0053,5.2986,0,0,0,0,0,0,0,0,0,0,0, 0,0,0,0,0,3,0,0,0,0
49320,1,291,-55.4,68,32,-8.39599,5.79201,0,0,0,0,0,0,0,0,0,0,0, 0,0,0,0,0,3,0,0,0,0
49320,2,41,66.6,8,33,1.10131,0.476577,0,0,0,0,0,0,0,0,0,0,0, 0,0,0,0,0,3,0,0,0,0
49320,3,246,-54.4,72,32,-8.78149,6.28693,0,0,0,0,0,0,0,0,0,0,0, 0,0,0,0,0,3,0,0,0,0
49320,4,156,-51.6,76,32,-8.93411,7.08108,0,0,0,0,0,0,0,0,0,0,0, 0,0,0,0,0,3,0,0,0,0
49320,5,108,-45.9,80,32,-8.61752,8.35095,0,0,0,0,0,0,0,0,0,0,0, 0,0,0,0,0,3,0,0,0,0
49320,6,24,1.3,212,31.75,0.721457,31.7918,0,0,0,0,0,0,0,0,0,0,0, 0,0,0,0,0,3,0,0,0,0
49320,7,142,-54.4,60,32,-7.31791,5.23911,0,0,0,0,0,0,0,0,0,0,0, 0,0,0,0,0,3,0,0,0,0
49360,0,247,-55.4,64,32,-7.90211,5.4513,0,0,0,0,0,0,0,0,0,0,0, 0,0,0,0,0,4,0,0,0,0
49360,1,291,-55.4,68,32,-8.39599,5.79201,0,0,0,0,0,0,0,0,0,0,0, 0,0,0,0,0,4,0,0,0,0
49360,2,43,69.6,8,33,1.12474,0.418287,0,0,0,0,0,0,0,0,0,0,0, 0,0,0,0,0,4,0,0,0,0
49360,3,244,-54.4,72,32,-8.78149,6.28693,0,0,0,0,0,0,0,0,0,0,0, 0,0,0,0,0,4,0,0,0,0
49360,4,161,-49.8,76,32,-8.70727,7.35822,0,0,0,0,0,0,0,0,0,0,0, 0,0,0,0,0,4,0,0,0,0
49360,5,113,-45,80,32,-8.48528,8.48528,0,0,0,0,0,0,0,0,0,0,0, 0,0,0,0,0,4,0,0,0,0
49360,6,23,-2.4,208,30.75,-1.30652,31.1726,0,0,0,0,0,0,0,0,0,0,0, 0,0,0,0,0,4,0,0,0,0
49360,7,23,-3,208,31,-1.63288,31.1572,0,0,0,0,0,0,0,0,0,0,0, 0,0,0,0,0,4,0,0,0,0
49360,8,85,-45.9,84,32,-9.04839,8.7685,0,0,0,0,0,0,0,0,0,0,0, 0,0,0,0,0,4,0,0,0,0
49360,9,139,-55.4,60,32,-7.40823,5.11059,0,0,0,0,0,0,0,0,0,0,0, 0,0,0,0,0,4,0,0,0,0
49400,0,248,-55.4,64,32,-7.90211,5.4513,0,0,0,0,0,0,0,0,0,0,0, 0,0,0,0,0,5,0,0,0,0
49400,1,294,-55.4,68,32,-8.39599,5.79201,0,0,0,0,0,0,0,0,0,0,0, 0,0,0,0,0,5,0,0,0,0
49400,2,247,-54.4,72,32,-8.78149,6.28693,0,0,0,0,0,0,0,0,0,0,0, 0,0,0,0,0,5,0,0,0,0
49400,3,160,-51.6,76,32,-8.93411,7.08108,0,0,0,0,0,0,0,0,0,0,0, 0,0,0,0,0,5,0,0,0,0
49400,4,110,-49.8,80,32,-9.16555,7.74549,0,0,0,0,0,0,0,0,0,0,0, 0,0,0,0,0,5,0,0,0,0
49400,5,137,-56.5,60,32,-7.50497,4.96743,0,0,0,0,0,0,0,0,0,0,0, 0,0,0,0,0,5,0,0,0,0
49440,0,242,-56.5,64,32,-8.0053,5.2986,0,0,0,0,0,0,0,0,0,0,0, 0,0,0,0,0,6,0,0,0,0
49440,1,287,-55.4,68,32,-8.39599,5.79201,0,0,0,0,0,0,0,0,0,0,0, 0,0,0,0,0,6,0,0,0,0
49440,2,245,-54.4,72,32,-8.78149,6.28693,0,0,0,0,0,0,0,0,0,0,0, 0,0,0,0,0,6,0,0,0,0
49440,3,168,-48,76,32,-8.47185,7.62809,0,0,0,0,0,0,0,0,0,0,0, 0,0,0,0,0,6,0,0,0,0
49440,4,123,-42.9,80,32,-8.16865,8.79051,0,0,0,0,0,0,0,0,0,0,0, 0,0,0,0,0,6,0,0,0,0
49440,5,88,-42.3,84,32,-8.47996,9.31935,0,0,0,0,0,0,0,0,0,0,0, 0,0,0,0,0,6,0,0,0,0
49440,6,18,4.2,212,30.75,2.32897,31.7146,0,0,0,0,0,0,0,0,0,0,0, 0,0,0,0,0,6,0,0,0,0
49440,7,138,-58.4,60,32,-7.66554,4.71587,0,0,0,0,0,0,0,0,0,0,0, 0,0,0,0,0,6,0,0,0,0
49480,0,245,-57.4,64,32,-8.08754,5.1722,0,0,0,0,0,0,0,0,0,0,0, 0,0,0,0,0,7,0,0,0,0
49480,1,291,-56.5,68,32,-8.50564,5.62976,0,0,0,0,0,0,0,0,0,0,0, 0,0,0,0,0,7,0,0,0,0
49480,2,247,-55.4,72,32,-8.88987,6.13271,0,0,0,0,0,0,0,0,0,0,0, 0,0,0,0,0,7,0,0,0,0
49480,3,164,-53.4,76,32,-9.15212,6.79696,0,0,0,0,0,0,0,0,0,0,0, 0,0,0,0,0,7,0,0,0,0
49480,4,107,-56.5,80,32,-10.0066,6.62324,0,0,0,0,0,0,0,0,0,0,0, 0,0,0,0,0,7,0,0,0,0
49480,5,13,-25.5,472,35.25,-30.4802,63.903,0,0,0,0,0,0,0,0,0,0,0, 0,0,0,0,0,7,0,0,0,0
49480,6,141,-56.5,60,32,-7.50497,4.96743,0,0,0,0,0,0,0,0,0,0,0, 0,0,0,0,0,7,0,0,0,0
49520,0,247,-55.4,64,32,-7.90211,5.4513,0,0,0,0,0,0,0,0,0,0,0, 0,0,0,0,0,8,0,0,0,0
49520,1,291,-55.4,68,32,-8.39599,5.79201,0,0,0,0,0,0,0,0,0,0,0, 0,0,0,0,0,8,0,0,0,0
49520,2,246,-54.4,72,32,-8.78149,6.28693,0,0,0,0,0,0,0,0,0,0,0, 0,0,0,0,0,8,0,0,0,0
49520,3,159,-53.4,76,32,-9.15212,6.79696,0,0,0,0,0,0,0,0,0,0,0, 0,0,0,0,0,8,0,0,0,0
49520,4,17,1.8,204,31.75,0.961169,30.5849,0,0,0,0,0,0,0,0,0,0,0, 0,0,0,0,0,8,0,0,0,0
49520,5,106,-53.4,80,32,-9.63381,7.1547,0,0,0,0,0,0,0,0,0,0,0, 0,0,0,0,0,8,0,0,0,0
49520,6,24,2.4,208,31.25,1.30652,31.1726,0,0,0,0,0,0,0,0,0,0,0, 0,0,0,0,0,8,0,0,0,0
49520,7,139,-55.4,60,32,-7.40823,5.11059,0,0,0,0,0,0,0,0,0,0,0, 0,0,0,0,0,8,0,0,0,0
49560,0,245,-55.4,64,32,-7.90211,5.4513,0,1334,0,0,0,0,0,0,0,0,0, 0,0,0,0,0,9,0,0,0,0
49560,1,293,-55.4,68,32,-8.39599,5.79201,0,1334,0,0,0,0,0,0,0,0,0, 0,0,0,0,0,9,0,0,0,0
49560,2,246,-54.4,72,32,-8.78149,6.28693,0,1334,0,0,0,0,0,0,0,0,0, 0,0,0,0,0,9,0,0,0,0
49560,3,165,-48,76,32,-8.47185,7.62809,0,1334,0,0,0,0,0,0,0,0,0, 0,0,0,0,0,9,0,0,0,0
49560,4,124,-43.6,80,32,-8.27543,8.69006,0,1334,0,0,0,0,0,0,0,0,0, 0,0,0,0,0,9,0,0,0,0
49560,5,95,-45,84,32,-8.90955,8.90955,0,1334,0,0,0,0,0,0,0,0,0, 0,0,0,0,0,9,0,0,0,0
49560,6,141,-56.5,60,32,-7.50497,4.96743,0,1334,0,0,0,0,0,0,0,0,0, 0,0,0,0,0,9,0,0,0,0
49600,0,249,-56.5,64,32,-8.0053,5.2986,0,0,0,0,0,0,0,0,0,0,0, 0,0,0,0,0,10,0,0,0,0
49600,1,294,-55.4,68,32,-8.39599,5.79201,0,0,0,0,0,0,0,0,0,0,0, 0,0,0,0,0,10,0,0,0,0
49600,2,37,67.6,8,33,1.10946,0.457284,0,0,0,0,0,0,0,0,0,0,0, 0,0,0,0,0,10,0,0,0,0
49600,3,244,-54.4,72,32,-8.78149,6.28693,0,0,0,0,0,0,0,0,0,0,0, 0,0,0,0,0,10,0,0,0,0
49600,4,155,-53.4,76,32,-9.15212,6.79696,0,0,0,0,0,0,0,0,0,0,0, 0,0,0,0,0,10,0,0,0,0
49600,5,104,-55.4,80,32,-9.87764,6.81413,0,0,0,0,0,0,0,0,0,0,0, 0,0,0,0,0,10,0,0,0,0
49600,6,26,1.8,244,31.25,1.14963,36.5819,0,0,0,0,0,0,0,0,0,0,0, 0,0,0,0,0,10,0,0,0,0
49600,7,26,-2.4,244,32.25,-1.53265,36.5679,0,0,0,0,0,0,0,0,0,0,0, 0,0,0,0,0,10,0,0,0,0
49600,8,141,-57.4,60,32,-7.58207,4.84894,0,0,0,0,0,0,0,0,0,0,0, 0,0,0,0,0,10,0,0,0,0
49640,0,248,-56.5,64,32,-8.0053,5.2986,0,7936,0,0,0,0,0,0,0,0,0, 0,0,0,0,0,11,0,0,0,0
49640,1,290,-56.5,68,32,-8.50564,5.62976,0,7936,0,0,0,0,0,0,0,0,0, 0,0,0,0,0,11,0,0,0,0
49640,2,39,69.6,8,33,1.12474,0.418287,0,7936,0,0,0,0,0,0,0,0,0, 0,0,0,0,0,11,0,0,0,0
49640,3,241,-55.4,72,32,-8.88987,6.13271,0,7936,0,0,0,0,0,0,0,0,0, 0,0,0,0,0,11,0,0,0,0
49640,4,153,-54.4,76,32,-9.26935,6.6362,0,7936,0,0,0,0,0,0,0,0,0, 0,0,0,0,0,11,0,0,0,0
49640,5,104,-49.8,80,32,-9.16555,7.74549,0,7936,0,0,0,0,0,0,0,0,0, 0,0,0,0,0,11,0,0,0,0
49640,6,21,11.1,240,31.5,6.93079,35.3265,0,7936,0,0,0,0,0,0,0,0,0, 0,0,0,0,0,11,0,0,0,0
49640,7,137,-57.4,60,32,-7.58207,4.84894,0,7936,0,0,0,0,0,0,0,0,0, 0,0,0,0,0,11,0,0,0,0
49680,0,246,-56.5,64,32,-8.0053,5.2986,0,1140,0,0,0,0,0,0,0,0,0, 0,0,0,0,0,12,0,0,0,0
49680,1,292,-54.4,68,32,-8.29363,5.93765,0,1140,0,0,0,0,0,0,0,0,0, 0,0,0,0,0,12,0,0,0,0
49680,2,243,-53.4,72,32,-8.67043,6.43923,0,1140,0,0,0,0,0,0,0,0,0, 0,0,0,0,0,12,0,0,0,0
49680,3,154,-53.4,76,32,-9.15212,6.79696,0,1140,0,0,0,0,0,0,0,0,0, 0,0,0,0,0,12,0,0,0,0
49680,4,103,-55.4,80,32,-9.87764,6.81413,0,1140,0,0,0,0,0,0,0,0,0, 0,0,0,0,0,12,0,0,0,0
49680,5,27,0.6,208,30.75,0.32672,31.1983,0,1140,0,0,0,0,0,0,0,0,0, 0,0,0,0,0,12,0,0,0,0
49680,6,31,-0.6,208,31,-0.32672,31.1983,0,1140,0,0,0,0,0,0,0,0,0, 0,0,0,0,0,12,0,0,0,0
49680,7,35,0.6,216,30.75,0.339286,32.3982,0,1140,0,0,0,0,0,0,0,0,0, 0,0,0,0,0,12,0,0,0,0
49680,8,43,-0.6,216,31,-0.339286,32.3982,0,1140,0,0,0,0,0,0,0,0,0, 0,0,0,0,0,12,0,0,0,0
49680,9,138,-54.4,60,32,-7.31791,5.23911,0,1140,0,0,0,0,0,0,0,0,0, 0,0,0,0,0,12,0,0,0,0
49680,10,20,-1.8,220,30.75,-1.03656,32.9837,0,1140,0,0,0,0,0,0,0,0,0, 0,0,0,0,0,12,0,0,0,0
49720,0,247,-54.4,64,32,-7.80577,5.58838,0,86,0,0,0,0,0,0,0,0,0, 0,0,0,0,0,13,0,0,0,0
49720,1,294,-54.4,68,32,-8.29363,5.93765,0,86,0,0,0,0,0,0,0,0,0, 0,0,0,0,0,13,0,0,0,0
49720,2,245,-54.4,72,32,-8.78149,6.28693,0,86,0,0,0,0,0,0,0,0,0, 0,0,0,0,0,13,0,0,0,0
49720,3,159,-51.6,76,32,-8.93411,7.08108,0,86,0,0,0,0,0,0,0,0,0, 0,0,0,0,0,13,0,0,0,0
49720,4,113,-49.8,80,32,-9.16555,7.74549,0,86,0,0,0,0,0,0,0,0,0, 0,0,0,0,0,13,0,0,0,0
49720,5,25,-0.6,208,31.75,-0.32672,31.1983,0,86,0,0,0,0,0,0,0,0,0, 0,0,0,0,0,13,0,0,0,0
49720,6,85,-54.4,84,32,-10.2451,7.33475,0,86,0,0,0,0,0,0,0,0,0, 0,0,0,0,0,13,0,0,0,0
49720,7,23,1.3,212,30.75,0.721457,31.7918,0,86,0,0,0,0,0,0,0,0,0, 0,0,0,0,0,13,0,0,0,0
49720,8,33,0.6,212,31.25,0.333003,31.7983,0,86,0,0,0,0,0,0,0,0,0, 0,0,0,0,0,13,0,0,0,0
49720,9,21,1.3,212,32.25,0.721457,31.7918,0,86,0,0,0,0,0,0,0,0,0, 0,0,0,0,0,13,0,0,0,0
49720,10,26,-3.6,216,32.25,-2.03441,32.3361,0,86,0,0,0,0,0,0,0,0,0, 0,0,0,0,0,13,0,0,0,0
49720,11,139,-55.4,60,32,-7.40823,5.11059,0,86,0,0,0,0,0,0,0,0,0, 0,0,0,0,0,13,0,0,0,0
49720,12,13,34.6,156,14,13.2875,19.2614,0,86,0,0,0,0,0,0,0,0,0, 0,0,0,0,0,13,0,0,0,0
49760,0,245,-56.5,64,32,-8.0053,5.2986,0,0,0,0,0,0,0,0,0,0,0, 0,0,0,0,0,14,0,0,0,0
49760,1,290,-56.5,68,32,-8.50564,5.62976,0,0,0,0,0,0,0,0,0,0,0, 0,0,0,0,0,14,0,0,0,0
49760,2,240,-56.5,72,32,-9.00597,5.96092,0,0,0,0,0,0,0,0,0,0,0, 0,0,0,0,0,14,0,0,0,0
49760,3,155,-54.4,76,32,-9.26935,6.6362,0,0,0,0,0,0,0,0,0,0,0, 0,0,0,0,0,14,0,0,0,0
49760,4,108,-48,80,32,-8.91774,8.02957,0,0,0,0,0,0,0,0,0,0,0, 0,0,0,0,0,14,0,0,0,0
49760,5,20,-2.4,240,31.75,-1.50752,35.9684,0,0,0,0,0,0,0,0,0,0,0, 0,0,0,0,0,14,0,0,0,0
49760,6,88,-45.9,84,32,-9.04839,8.7685,0,0,0,0,0,0,0,0,0,0,0, 0,0,0,0,0,14,0,0,0,0
49760,7,22,0.1,244,31.75,0.063879,36.5999,0,0,0,0,0,0,0,0,0,0,0, 0,0,0,0,0,14,0,0,0,0
49760,8,19,-1.2,244,33,-0.766493,36.592,0,0,0,0,0,0,0,0,0,0,0, 0,0,0,0,0,14,0,0,0,0
49760,9,137,-55.4,60,32,-7.40823,5.11059,0,0,0,0,0,0,0,0,0,0,0, 0,0,0,0,0,14,0,0,0,0
