frame,track_id,class,cls_id,conf,x_c,y_c,w,h
0,1,person,0,0.884880781173706,401.80389404296875,325.9043884277344,42.9591064453125,96.88409423828125
0,2,person,0,0.8105061054229736,291.97259521484375,255.0142822265625,12.388427734375,43.170654296875
0,3,person,0,0.7171343564987183,369.14935302734375,250.34246826171875,14.4891357421875,37.112060546875
0,4,person,0,0.657672643661499,354.53057861328125,245.9722900390625,14.39990234375,35.651611328125
1,1,person,0,0.8810794949531555,402.1605224609375,325.46551513671875,41.748870849609375,96.67153930664062
1,2,person,0,0.800109326839447,291.90203857421875,254.92068481445312,12.57562255859375,43.20668029785156
1,3,person,0,0.7106639742851257,370.03692626953125,249.890625,13.025360107421875,37.59564208984375
1,4,person,0,0.6710151433944702,353.90472412109375,246.64764404296875,14.3128662109375,35.99360656738281
2,1,person,0,0.8778092861175537,402.6713562011719,324.074951171875,40.6834716796875,96.58984375
2,2,person,0,0.7547152042388916,291.8226623535156,254.5078125,12.66644287109375,42.0338134765625
2,3,person,0,0.7293569445610046,370.668701171875,249.68385314941406,12.278350830078125,36.510467529296875
2,4,person,0,0.6784191727638245,352.27178955078125,246.68191528320312,16.591522216796875,35.76771545410156
3,1,person,0,0.8608834743499756,402.4658508300781,323.93756103515625,38.921630859375,97.79598999023438
3,2,person,0,0.7615283131599426,291.56866455078125,254.29229736328125,12.464508056640625,41.41340637207031
3,3,person,0,0.7132411003112793,370.9429931640625,249.59432983398438,11.935577392578125,37.00489807128906
3,4,person,0,0.686992347240448,352.13232421875,247.30343627929688,16.213897705078125,34.46565246582031
4,1,person,0,0.8509824275970459,402.46856689453125,323.54461669921875,38.048187255859375,97.8563232421875
4,2,person,0,0.7620125412940979,291.4796142578125,254.613525390625,12.197906494140625,41.60272216796875
4,3,person,0,0.6771106719970703,371.26141357421875,249.71072387695312,11.885223388671875,36.80064392089844
4,4,person,0,0.7067018747329712,352.51812744140625,247.64108276367188,14.242950439453125,33.21235656738281
5,1,person,0,0.8520417809486389,402.2563781738281,322.9796142578125,36.54351806640625,97.10671997070312
5,2,person,0,0.7591404914855957,291.4629821777344,254.2845458984375,12.05621337890625,40.22193908691406
5,3,person,0,0.46785831451416016,371.79052734375,249.646240234375,12.362823486328125,36.2396240234375
5,4,person,0,0.7274281978607178,353.02630615234375,248.69851684570312,13.029998779296875,31.44256591796875
6,1,person,0,0.8567398190498352,401.82666015625,322.1549377441406,35.412506103515625,96.1964111328125
6,2,person,0,0.7512948513031006,291.23284912109375,254.53526306152344,12.239471435546875,40.174530029296875
6,3,person,0,0.34251847863197327,372.09393310546875,249.6255340576172,12.570587158203125,36.031829833984375
6,4,person,0,0.7225092053413391,353.07781982421875,249.6148681640625,12.145233154296875,29.663619995117188
7,1,person,0,0.8582642078399658,401.47662353515625,321.0609130859375,34.894805908203125,95.61911010742188
7,2,person,0,0.7693798542022705,290.88433837890625,255.01918029785156,12.352813720703125,40.505706787109375
7,4,person,0,0.7409331202507019,353.186767578125,250.10653686523438,11.910919189453125,29.051223754882812
8,1,person,0,0.8703972697257996,401.36566162109375,319.8390808105469,34.845672607421875,94.05780029296875
8,2,person,0,0.7604196071624756,290.4407958984375,254.94189453125,12.310699462890625,40.2279052734375
8,4,person,0,0.7524030804634094,353.31903076171875,249.6765594482422,11.857269287109375,30.141326904296875
9,1,person,0,0.8713669776916504,401.4034118652344,318.99237060546875,34.91900634765625,93.326904296875
9,2,person,0,0.744443416595459,290.102783203125,255.61993408203125,12.5411376953125,41.17402648925781
9,4,person,0,0.7211891412734985,353.3828125,248.98098754882812,13.10003662109375,31.866043090820312
10,1,person,0,0.8507354259490967,401.16436767578125,318.07452392578125,34.612579345703125,93.10317993164062
10,2,person,0,0.7705318927764893,289.7666015625,255.92816162109375,12.504852294921875,41.92225646972656
10,4,person,0,0.7085837125778198,353.1658935546875,247.79612731933594,16.721527099609375,33.335723876953125
11,1,person,0,0.8404882550239563,400.9706726074219,316.20880126953125,34.35205078125,90.7435302734375
11,2,person,0,0.7387174367904663,289.43170166015625,256.02978515625,12.550018310546875,42.031768798828125
11,4,person,0,0.7157663702964783,353.1370849609375,247.15280151367188,14.690704345703125,33.33235168457031
12,1,person,0,0.8301898241043091,400.7399597167969,313.112060546875,33.96038818359375,85.47369384765625
12,2,person,0,0.7611770629882812,289.2015075683594,255.99072265625,12.86260986328125,41.82379150390625
12,4,person,0,0.6759088039398193,353.1470642089844,246.3590087890625,12.47637939453125,30.83465576171875
12,3,person,0,0.6944825053215027,375.26947021484375,250.034423828125,15.13177490234375,34.82421875
13,1,person,0,0.8183014392852783,400.2379150390625,311.04486083984375,33.282318115234375,82.29751586914062
13,2,person,0,0.7351351976394653,289.0040283203125,255.85101318359375,13.170135498046875,41.58134460449219
13,4,person,0,0.7154466509819031,353.2279052734375,246.99371337890625,12.523590087890625,32.06292724609375
13,6,bicycle,1,0.6447285413742065,404.0545349121094,344.80023193359375,21.98370361328125,62.707611083984375
13,3,person,0,0.5851104259490967,375.7206115722656,249.99551391601562,14.58642578125,34.54634094238281
14,1,person,0,0.8089485764503479,400.026611328125,310.34393310546875,32.545135498046875,81.84732055664062
14,2,person,0,0.7212526202201843,288.6470642089844,255.78338623046875,13.6473388671875,41.59761047363281
14,4,person,0,0.6847087144851685,352.97381591796875,246.74951171875,12.08648681640625,31.407821655273438
14,6,bicycle,1,0.524706244468689,403.98651123046875,343.62091064453125,21.246490478515625,63.144195556640625
14,3,person,0,0.5026395320892334,376.1838073730469,249.65377807617188,14.34002685546875,34.66288757324219
15,1,person,0,0.8067671060562134,399.578369140625,309.2049560546875,32.009918212890625,80.62356567382812
15,2,person,0,0.7811039686203003,288.421875,255.7026824951172,14.586334228515625,42.000457763671875
15,4,person,0,0.665118932723999,353.0693359375,244.95291137695312,12.115631103515625,27.859756469726562
15,6,bicycle,1,0.5697576999664307,402.7690124511719,342.1459655761719,21.23681640625,63.1241455078125
15,3,person,0,0.525031566619873,376.38812255859375,249.3192901611328,13.954681396484375,34.155853271484375
16,1,person,0,0.813238263130188,399.27496337890625,307.3695068359375,31.607330322265625,77.67788696289062
16,2,person,0,0.7879066467285156,288.30767822265625,255.79299926757812,15.032379150390625,42.45719909667969
16,4,person,0,0.6523571014404297,353.1536865234375,244.54861450195312,12.879852294921875,26.518325805664062
16,6,bicycle,1,0.5918946266174316,402.4041748046875,340.564697265625,20.587432861328125,62.673309326171875
16,3,person,0,0.5983988642692566,376.84783935546875,249.3863525390625,13.731903076171875,34.48786926269531
16,7,person,0,0.6662368178367615,305.90850830078125,242.12820434570312,9.241119384765625,29.91510009765625
17,1,person,0,0.8079469799995422,398.96563720703125,306.6091003417969,31.788665771484375,77.56317138671875
17,2,person,0,0.7721209526062012,288.12677001953125,255.96881103515625,15.448455810546875,43.03184509277344
17,4,person,0,0.638818085193634,353.0802917480469,244.75607299804688,13.6064453125,27.353622436523438
17,6,bicycle,1,0.6166700720787048,401.476806640625,340.11163330078125,20.691925048828125,61.531829833984375
17,3,person,0,0.5864980816841125,377.20391845703125,249.53341674804688,13.579193115234375,35.20979309082031
17,7,person,0,0.6335218548774719,305.7916259765625,245.564697265625,8.704132080078125,28.862167358398438
18,1,person,0,0.8108571171760559,398.6689453125,306.18096923828125,31.476837158203125,77.61541748046875
18,2,person,0,0.7810275554656982,288.1361389160156,256.5120849609375,15.47918701171875,44.268035888671875
18,4,person,0,0.5577561855316162,352.9884948730469,246.03469848632812,14.2332763671875,28.9239501953125
18,6,bicycle,1,0.6014447808265686,399.7656555175781,339.4614562988281,23.12286376953125,60.0755615234375
18,3,person,0,0.4459410607814789,377.357177734375,249.57449340820312,12.866912841796875,34.99305725097656
18,7,person,0,0.7116898894309998,305.44818115234375,247.65457153320312,8.8377685546875,27.765182495117188
19,1,person,0,0.8155322670936584,398.20758056640625,305.8940734863281,31.130950927734375,77.76824951171875
19,2,person,0,0.7862173914909363,288.10107421875,256.9747314453125,15.291778564453125,45.131378173828125
19,4,person,0,0.6587976813316345,352.95867919921875,246.04168701171875,13.760955810546875,29.17437744140625
19,6,bicycle,1,0.5714543461799622,400.1920471191406,338.7926940917969,20.501220703125,59.341796875
19,3,person,0,0.4109433591365814,377.83697509765625,249.58612060546875,12.832122802734375,34.75067138671875
19,7,person,0,0.734788179397583,305.26953125,247.56573486328125,9.267974853515625,28.553176879882812
20,1,person,0,0.8314435482025146,398.1547546386719,304.5916748046875,31.07940673828125,76.3055419921875
20,2,person,0,0.7738729119300842,288.04107666015625,256.7375793457031,14.865997314453125,44.5220947265625
20,4,person,0,0.6842046976089478,352.9620666503906,245.72462463378906,13.529296875,29.213775634765625
20,6,bicycle,1,0.5885653495788574,398.6260986328125,337.90374755859375,23.05511474609375,58.535247802734375
20,3,person,0,0.589076817035675,378.15325927734375,248.93331909179688,12.92828369140625,35.70030212402344
20,7,person,0,0.7100880742073059,305.04669189453125,248.1925811767578,9.650238037109375,28.034576416015625
21,1,person,0,0.8163736462593079,397.75970458984375,303.7038879394531,31.468170166015625,75.2354736328125
21,2,person,0,0.7838655710220337,287.73004150390625,257.1972961425781,15.009796142578125,45.56571960449219
21,4,person,0,0.676952600479126,352.686279296875,246.71908569335938,13.644439697265625,31.440719604492188
21,6,bicycle,1,0.6087775826454163,398.1876220703125,336.69757080078125,23.918670654296875,58.467132568359375
21,3,person,0,0.5503734946250916,378.82464599609375,248.95071411132812,13.576873779296875,36.16850280761719
21,7,person,0,0.6671195030212402,304.9390869140625,249.33074951171875,9.70758056640625,25.571517944335938
22,1,person,0,0.8115965127944946,397.12176513671875,303.78326416015625,30.57275390625,76.7196044921875
22,2,person,0,0.7618145942687988,287.3599853515625,257.20391845703125,15.38323974609375,45.34686279296875
22,4,person,0,0.7274264693260193,352.54498291015625,247.57879638671875,13.98046875,32.46607971191406
22,6,bicycle,1,0.6257195472717285,397.7970886230469,335.97381591796875,22.96234130859375,58.016845703125
22,3,person,0,0.5761314630508423,379.37744140625,248.62960815429688,14.106292724609375,36.80548095703125
22,7,person,0,0.516344428062439,304.6822814941406,249.48333740234375,9.96441650390625,24.54217529296875
23,1,person,0,0.8137084245681763,396.3880310058594,304.3135986328125,30.90032958984375,79.41415405273438
23,2,person,0,0.7604309320449829,287.37652587890625,256.5594482421875,15.07574462890625,43.70916748046875
23,4,person,0,0.7116996645927429,352.40814208984375,247.75326538085938,13.824249267578125,32.7916259765625
23,6,bicycle,1,0.6578643321990967,397.53143310546875,334.861083984375,23.100006103515625,57.9268798828125
23,3,person,0,0.6276320815086365,379.4136962890625,248.51321411132812,13.639373779296875,36.17509460449219
23,7,bicycle,1,0.2579389810562134,304.361328125,250.3177490234375,10.072601318359375,22.968185424804688
24,1,person,0,0.8281124830245972,395.87139892578125,302.91094970703125,31.584014892578125,77.62844848632812
24,2,person,0,0.7486199736595154,287.30145263671875,256.83294677734375,14.614776611328125,43.740692138671875
24,4,person,0,0.7149093747138977,352.417236328125,247.9120330810547,13.61297607421875,32.869781494140625
24,6,bicycle,1,0.6141533851623535,397.51251220703125,333.6073913574219,23.32794189453125,58.03875732421875
24,3,person,0,0.5804426074028015,379.5162353515625,248.0028533935547,13.423065185546875,36.715850830078125
24,7,bicycle,1,0.1771138459444046,304.19366455078125,251.1566162109375,10.275787353515625,21.222213745117188
25,1,person,0,0.8431881070137024,395.21844482421875,300.6767578125,32.015167236328125,75.52603149414062
25,2,person,0,0.7733185291290283,287.1285400390625,257.4980163574219,14.491546630859375,44.46343994140625
25,4,person,0,0.7237448692321777,352.378173828125,247.72299194335938,13.773956298828125,33.29664611816406
25,6,bicycle,1,0.6476844549179077,396.95672607421875,332.6355895996094,23.6138916015625,57.75433349609375
25,3,person,0,0.46058446168899536,380.04345703125,248.2615203857422,14.436065673828125,36.577178955078125
25,7,person,0,0.3237098753452301,304.1689453125,250.0132598876953,10.004364013671875,22.881622314453125
26,1,person,0,0.836402952671051,394.63623046875,298.7781982421875,32.583038330078125,73.84487915039062
26,2,person,0,0.7800076603889465,287.08392333984375,257.9427185058594,14.03369140625,45.03477478027344
26,4,person,0,0.7125959992408752,352.63226318359375,247.44638061523438,14.002105712890625,33.81158447265625
26,6,bicycle,1,0.6341097354888916,396.8841552734375,331.70758056640625,23.6734619140625,57.354705810546875
26,3,person,0,0.2896457314491272,380.25628662109375,248.2225799560547,13.750946044921875,36.859954833984375
26,7,person,0,0.3855540454387665,303.852294921875,250.19500732421875,9.854034423828125,22.58203125
27,1,person,0,0.8381659388542175,393.962646484375,298.349365234375,32.830841064453125,74.67340087890625
27,2,person,0,0.7788203954696655,286.9620056152344,257.86126708984375,13.818603515625,44.853363037109375
27,4,person,0,0.6691190600395203,352.901611328125,247.05184936523438,13.32598876953125,32.38908386230469
27,6,bicycle,1,0.6484569907188416,396.580810546875,331.3410339355469,23.248382568359375,56.9947509765625
27,3,person,0,0.4580075442790985,380.1805114746094,247.967041015625,13.2998046875,36.62141418457031
27,7,person,0,0.45857730507850647,303.8385009765625,250.1912078857422,10.1756591796875,22.861968994140625
28,1,person,0,0.8279480934143066,393.2608642578125,297.8748779296875,32.714385986328125,75.337646484375
28,2,person,0,0.7600769996643066,286.77935791015625,257.7137756347656,13.55999755859375,44.438720703125
28,4,person,0,0.6295433044433594,353.4222106933594,246.4217529296875,13.34442138671875,30.33428955078125
28,6,bicycle,1,0.6254875063896179,396.53497314453125,330.4381408691406,22.61248779296875,57.01361083984375
28,3,person,0,0.6110969185829163,380.1356506347656,247.9827880859375,12.98492431640625,36.72233581542969
28,7,person,0,0.5909004807472229,303.559814453125,250.31585693359375,11.15869140625,22.71807861328125
29,1,person,0,0.8271059989929199,393.0709228515625,296.980712890625,32.7806396484375,74.07159423828125
29,2,person,0,0.7537438273429871,286.3914794921875,257.4430236816406,13.561065673828125,43.76190185546875
29,4,person,0,0.613281786441803,353.20159912109375,246.85975646972656,13.061920166015625,30.182281494140625
29,6,bicycle,1,0.6654606461524963,396.646240234375,329.30889892578125,22.203094482421875,56.928619384765625
29,3,person,0,0.6189590096473694,380.14288330078125,248.00244140625,12.45513916015625,36.73817443847656
29,7,person,0,0.5986923575401306,302.86474609375,250.60116577148438,12.7327880859375,22.179580688476562
30,1,person,0,0.8344447612762451,393.1089172363281,297.0718688964844,32.51483154296875,75.37127685546875
30,2,person,0,0.7527962327003479,286.26947021484375,257.9382629394531,13.7681884765625,44.62835693359375
30,4,person,0,0.6244633197784424,353.18963623046875,245.12887573242188,11.81109619140625,26.999160766601562
30,6,bicycle,1,0.6566793322563171,396.66448974609375,328.8555908203125,21.3609619140625,55.593231201171875
30,3,person,0,0.35477933287620544,380.0985107421875,247.9285125732422,12.152252197265625,36.257537841796875
30,7,person,0,0.5870414972305298,302.66845703125,250.13677978515625,13.997650146484375,22.851547241210938
31,1,person,0,0.810979425907135,393.30743408203125,296.09747314453125,31.841827392578125,74.22726440429688
31,2,person,0,0.762574315071106,286.1827392578125,258.0199890136719,13.713104248046875,45.14848327636719
31,4,person,0,0.6510899662971497,353.19677734375,243.17645263671875,11.182403564453125,26.91400146484375
31,6,bicycle,1,0.6982852220535278,396.95465087890625,328.0284423828125,20.58740234375,54.895599365234375
31,3,person,0,0.30956798791885376,380.184326171875,247.83151245117188,13.070526123046875,35.93125915527344
31,7,person,0,0.5551320910453796,303.1448059082031,249.39682006835938,14.47515869140625,24.100051879882812
32,1,person,0,0.8337602019309998,393.49749755859375,296.339599609375,30.938079833984375,74.3077392578125
32,2,person,0,0.754084050655365,286.13140869140625,257.811279296875,13.546417236328125,44.90348815917969
32,4,person,0,0.6568526029586792,353.3004150390625,242.44149780273438,11.254486083984375,27.52069091796875
32,6,bicycle,1,0.6755390763282776,396.728271484375,327.51593017578125,20.414794921875,54.240692138671875
32,3,person,0,0.4556336998939514,380.41387939453125,247.98562622070312,13.18603515625,35.96412658691406
32,7,person,0,0.7073748707771301,304.5096435546875,248.798095703125,14.689361572265625,25.375015258789062
33,1,person,0,0.8491263389587402,393.7318115234375,296.2355041503906,30.293731689453125,76.200927734375
33,2,person,0,0.7860137820243835,286.01812744140625,258.0447692871094,13.599151611328125,45.50421142578125
33,4,person,0,0.681830644607544,353.53466796875,244.1468505859375,11.540679931640625,31.6318359375
33,6,bicycle,1,0.6528708338737488,396.558837890625,327.1954040527344,19.906463623046875,53.84832763671875
33,3,person,0,0.18502916395664215,380.56488037109375,248.05804443359375,12.959686279296875,35.82728576660156
33,7,person,0,0.6987892985343933,305.06512451171875,248.17822265625,12.777923583984375,26.7989501953125
34,1,person,0,0.858182966709137,393.7830810546875,296.38775634765625,29.875762939453125,77.461669921875
34,2,person,0,0.784399151802063,285.996337890625,258.05645751953125,13.71795654296875,45.89030456542969
34,4,person,0,0.6573681235313416,354.2410888671875,245.50204467773438,14.196136474609375,33.12701416015625
34,6,bicycle,1,0.613409161567688,396.52288818359375,326.14044189453125,19.119384765625,53.45098876953125
34,3,person,0,0.28944131731987,380.9120788574219,247.95596313476562,13.28515625,36.13218688964844
34,7,person,0,0.6568021178245544,305.6531982421875,247.85052490234375,12.450653076171875,27.400650024414062
35,1,person,0,0.8542785048484802,393.7948303222656,296.4555969238281,29.00860595703125,77.78973388671875
35,2,person,0,0.7924427390098572,285.93145751953125,257.77801513671875,13.819610595703125,45.80006408691406
35,4,person,0,0.6903907656669617,354.3773193359375,246.24642944335938,16.22210693359375,33.99324035644531
35,6,bicycle,1,0.5609902739524841,396.46209716796875,324.40509033203125,18.70751953125,54.395172119140625
35,3,person,0,0.19413278996944427,381.0981750488281,247.98785400390625,13.00665283203125,35.99519348144531
35,7,person,0,0.6530076265335083,305.3590087890625,247.73190307617188,10.93902587890625,27.547409057617188
36,1,person,0,0.8486388921737671,393.8611145019531,296.1581726074219,28.6280517578125,77.339111328125
36,2,person,0,0.794691801071167,286.08746337890625,257.7492980957031,13.493072509765625,45.89183044433594
36,4,person,0,0.6614969968795776,353.97265625,247.0317840576172,15.048187255859375,33.748504638671875
36,6,bicycle,1,0.5801004767417908,396.0704650878906,324.0652770996094,17.7615966796875,53.53631591796875
36,3,person,0,0.21728722751140594,381.2958679199219,247.92855834960938,13.11163330078125,35.76454162597656
36,7,person,0,0.655938446521759,305.2442932128906,247.81640625,10.242431640625,27.500473022460938
37,1,person,0,0.8463010787963867,393.94879150390625,295.9908752441406,28.2742919921875,77.81903076171875
37,2,person,0,0.783026933670044,286.16357421875,257.54229736328125,13.375701904296875,45.352264404296875
37,4,person,0,0.6879812479019165,353.87603759765625,247.2738494873047,13.5657958984375,33.650360107421875
37,6,bicycle,1,0.5568279027938843,396.31280517578125,323.7420654296875,16.114776611328125,52.446929931640625
37,3,person,0,0.19393742084503174,381.3782958984375,247.72816467285156,12.99951171875,36.169219970703125
37,7,person,0,0.6845861673355103,305.3634033203125,247.44622802734375,9.650421142578125,27.936538696289062
38,1,person,0,0.8396923542022705,393.8602294921875,295.3634033203125,27.856903076171875,77.12496948242188
38,2,person,0,0.7796344757080078,286.24530029296875,257.5877990722656,13.33782958984375,45.1220703125
38,4,person,0,0.6662578582763672,353.2100830078125,247.6722412109375,13.716156005859375,33.24986267089844
38,6,bicycle,1,0.5741488337516785,396.109375,322.2296142578125,16.554962158203125,54.057403564453125
38,3,person,0,0.3156059682369232,381.00830078125,247.48910522460938,12.7490234375,36.292236328125
38,7,person,0,0.7012999057769775,305.37506103515625,247.3605499267578,9.5794677734375,28.177825927734375
39,1,person,0,0.8196305632591248,394.0426025390625,293.7154541015625,27.466033935546875,73.89071655273438
39,2,person,0,0.7508022785186768,286.35699462890625,257.2732238769531,13.470855712890625,44.10923767089844
39,4,person,0,0.7060451507568359,353.12628173828125,248.27734375,13.12548828125,32.13092041015625
39,6,bicycle,1,0.6145098805427551,395.7490234375,322.05377197265625,17.1090087890625,52.088134765625
39,3,person,0,0.33272093534469604,381.13299560546875,247.34629821777344,13.235687255859375,36.408355712890625
39,7,person,0,0.6885197758674622,305.5113830566406,246.8151092529297,9.50927734375,29.236175537109375
40,1,person,0,0.8149219751358032,394.38092041015625,292.95977783203125,26.92742919921875,72.46047973632812
40,2,person,0,0.6805106997489929,286.4798583984375,257.3310546875,13.770599365234375,43.779022216796875
40,4,person,0,0.6857696771621704,353.18951416015625,248.6834716796875,12.508331298828125,31.333480834960938
40,6,bicycle,1,0.5826221108436584,395.7715759277344,321.14544677734375,17.19610595703125,50.948333740234375
40,3,person,0,0.1719830483198166,380.99725341796875,246.78005981445312,13.171478271484375,34.64079284667969
40,7,person,0,0.6825685501098633,305.55517578125,246.21249389648438,9.48980712890625,30.496017456054688
41,1,person,0,0.8186246156692505,394.66485595703125,292.50311279296875,26.236480712890625,72.53411865234375
41,2,person,0,0.7794498801231384,286.4550476074219,257.58294677734375,14.01995849609375,43.93275451660156
41,4,person,0,0.7078618407249451,353.1924743652344,249.21546936035156,12.01580810546875,30.341094970703125
41,6,bicycle,1,0.5540838241577148,395.668212890625,318.69964599609375,18.566131591796875,54.372406005859375
41,3,person,0,0.2019585818052292,381.1961364746094,246.9805145263672,13.30084228515625,35.467864990234375
41,7,person,0,0.6683574914932251,305.627197265625,246.0066375732422,9.865753173828125,30.981719970703125
42,1,person,0,0.8185576796531677,394.9776916503906,293.176025390625,25.79779052734375,73.7305908203125
42,2,person,0,0.7683351635932922,286.195556640625,257.68902587890625,14.00384521484375,43.607666015625
42,4,person,0,0.710802435874939,353.4547119140625,249.19837951660156,11.998016357421875,30.808624267578125
42,6,bicycle,1,0.47874635457992554,395.6282958984375,317.951171875,17.64678955078125,54.459259033203125
42,3,person,0,0.2874797582626343,381.47808837890625,247.06732177734375,13.75665283203125,35.74186706542969
42,7,person,0,0.6848470568656921,305.7774658203125,245.91470336914062,10.4246826171875,31.230224609375
43,1,person,0,0.8174154162406921,395.08233642578125,293.37713623046875,25.576629638671875,75.22921752929688
43,2,person,0,0.761043906211853,286.2369079589844,257.8368225097656,13.97454833984375,43.11415100097656
43,4,person,0,0.6601747274398804,353.7864990234375,248.3922576904297,12.73175048828125,32.419219970703125
43,6,bicycle,1,0.49136149883270264,395.3264465332031,317.58001708984375,17.28662109375,52.126373291015625
43,3,person,0,0.21825236082077026,381.60784912109375,247.1313018798828,13.969329833984375,35.964080810546875
43,7,person,0,0.6269172430038452,305.92474365234375,247.61944580078125,10.081939697265625,27.612716674804688
44,1,person,0,0.8364599943161011,395.2234191894531,294.2625427246094,25.9705810546875,75.68865966796875
44,2,person,0,0.7652124762535095,286.38232421875,258.35369873046875,14.278472900390625,43.55137634277344
44,4,person,0,0.6776354908943176,353.49835205078125,247.61605834960938,13.938720703125,33.0340576171875
44,6,bicycle,1,0.5501925349235535,395.501220703125,317.0189208984375,18.4171142578125,51.5621337890625
44,3,person,0,0.25904616713523865,381.972900390625,247.19964599609375,14.631256103515625,35.88641357421875
44,7,person,0,0.403229683637619,306.04351806640625,248.48806762695312,9.937103271484375,25.672622680664062
45,1,person,0,0.8259522318840027,395.0723876953125,293.92425537109375,25.994842529296875,73.75180053710938
45,2,person,0,0.7794373035430908,286.3070983886719,258.6954650878906,14.27008056640625,44.17900085449219
45,4,person,0,0.6919119954109192,352.747802734375,246.8006591796875,14.535919189453125,32.48185729980469
45,6,bicycle,1,0.5298815369606018,395.3241882324219,317.37176513671875,16.2584228515625,49.656219482421875
45,7,person,0,0.3458697497844696,306.174560546875,248.38711547851562,10.243927001953125,25.891647338867188
46,1,person,0,0.8174365758895874,395.09674072265625,292.5233459472656,25.646392822265625,73.38121032714844
46,2,person,0,0.754565954208374,286.14605712890625,259.09893798828125,14.241607666015625,44.939300537109375
46,4,person,0,0.6750202775001526,353.628173828125,246.6732177734375,13.45989990234375,32.94999694824219
46,6,bicycle,1,0.504768967628479,395.23779296875,315.6897277832031,17.3392333984375,51.23748779296875
46,7,person,0,0.4916766285896301,306.43505859375,248.3035888671875,10.211212158203125,25.516738891601562
47,1,person,0,0.8147166967391968,395.27496337890625,289.79351806640625,24.774017333984375,67.2392578125
47,2,person,0,0.7207724452018738,285.73541259765625,259.09259033203125,14.401885986328125,44.997100830078125
47,4,person,0,0.6728397607803345,353.44097900390625,246.6160888671875,15.045074462890625,33.45408630371094
47,6,bicycle,1,0.46134883165359497,395.285888671875,316.732421875,14.448822021484375,47.939910888671875
47,7,person,0,0.6412707567214966,306.59967041015625,247.90277099609375,11.156707763671875,26.429611206054688
48,1,person,0,0.8110239505767822,395.21697998046875,290.224609375,24.491729736328125,69.17112731933594
48,2,person,0,0.6858695149421692,285.5928955078125,258.4011535644531,14.175445556640625,43.33111572265625
48,4,person,0,0.6754567623138428,353.0469665527344,246.5911407470703,14.24139404296875,34.015472412109375
48,6,bicycle,1,0.5054786205291748,396.216064453125,315.1934814453125,15.865936279296875,49.133880615234375
48,7,person,0,0.4516671895980835,307.4410400390625,245.43658447265625,10.15740966796875,23.27960205078125
49,1,person,0,0.7965548038482666,395.1713562011719,290.5447998046875,24.13372802734375,68.7366943359375
49,2,person,0,0.7331437468528748,285.39605712890625,258.7682189941406,14.649078369140625,44.4398193359375
49,4,person,0,0.683182954788208,352.90081787109375,246.58998107910156,14.320404052734375,34.133697509765625
49,6,bicycle,1,0.45400428771972656,396.2252197265625,312.91815185546875,17.067169189453125,48.740570068359375
49,7,person,0,0.17780661582946777,307.20135498046875,246.02182006835938,10.04913330078125,27.749191284179688
49,3,person,0,0.5790001749992371,382.1466064453125,246.7434844970703,14.701629638671875,34.657379150390625
50,1,person,0,0.7943808436393738,394.80072021484375,291.10772705078125,23.940216064453125,69.20309448242188
50,2,person,0,0.7529035806655884,285.26153564453125,258.9444580078125,15.2015380859375,45.20558166503906
50,4,person,0,0.7086973190307617,353.8011474609375,246.78932189941406,14.158111572265625,34.550445556640625
50,6,bicycle,1,0.47372904419898987,396.26678466796875,312.2913513183594,17.430816650390625,47.822509765625
50,7,person,0,0.4614458680152893,307.18133544921875,245.79623413085938,10.250335693359375,30.087875366210938
50,3,person,0,0.6071316599845886,382.16259765625,246.53663635253906,14.519561767578125,34.289154052734375
51,1,person,0,0.7976030111312866,394.73870849609375,291.6775207519531,23.187286376953125,66.15325927734375
51,2,person,0,0.6966177821159363,285.15130615234375,258.98394775390625,15.685516357421875,45.16453552246094
51,4,person,0,0.7029677033424377,354.2696533203125,246.778076171875,14.05718994140625,34.55363464355469
51,6,bicycle,1,0.4825800657272339,396.2497253417969,311.97174072265625,17.88031005859375,48.42327880859375
51,7,person,0,0.735283374786377,306.9779052734375,245.97190856933594,11.1453857421875,31.192230224609375
51,3,person,0,0.5685924291610718,382.239990234375,246.52609252929688,14.5166015625,34.30207824707031
52,1,person,0,0.810383141040802,395.00286865234375,290.7796630859375,23.66485595703125,67.42132568359375
52,2,person,0,0.7007822394371033,285.27349853515625,257.7896423339844,15.789154052734375,42.37994384765625
52,4,person,0,0.7292181849479675,353.96783447265625,246.86764526367188,15.72015380859375,34.26753234863281
52,6,bicycle,1,0.45555317401885986,395.5073547363281,312.4704284667969,16.016845703125,47.81341552734375
52,7,person,0,0.7220202088356018,306.85986328125,245.9768524169922,12.55718994140625,30.942840576171875
52,3,person,0,0.5703380703926086,382.3942565917969,246.4967041015625,14.72833251953125,34.273193359375
53,1,person,0,0.8039495348930359,395.239990234375,290.0312194824219,23.54364013671875,68.2708740234375
53,2,person,0,0.7361950874328613,285.298583984375,257.79669189453125,16.123077392578125,42.26768493652344
53,4,person,0,0.7232663631439209,353.96405029296875,247.20208740234375,15.549102783203125,33.80418395996094
53,6,bicycle,1,0.49066558480262756,395.8238525390625,312.35870361328125,17.119842529296875,47.446258544921875
53,7,person,0,0.6085920333862305,306.339599609375,246.91473388671875,14.317657470703125,29.088638305664062
53,3,person,0,0.3880923390388489,381.8229675292969,245.3408203125,13.09991455078125,32.24708557128906
54,1,person,0,0.7517798542976379,395.27349853515625,290.08544921875,23.716033935546875,66.87997436523438
54,2,person,0,0.7208035588264465,285.22601318359375,257.99957275390625,16.37213134765625,42.10377502441406
54,4,person,0,0.6605907678604126,354.5017395019531,247.34701538085938,14.730224609375,33.10356140136719
54,6,bicycle,1,0.4478764533996582,395.88775634765625,312.60736083984375,15.7919921875,45.959014892578125
54,7,person,0,0.42567890882492065,305.93536376953125,247.2725830078125,14.431488037109375,26.937362670898438
54,3,person,0,0.2908787727355957,381.4854736328125,245.8229522705078,12.758697509765625,34.360137939453125
55,1,person,0,0.6219087243080139,394.2059020996094,288.3228454589844,25.30609130859375,70.63438415527344
55,2,person,0,0.7058087587356567,285.22314453125,257.8328857421875,16.397369384765625,41.557891845703125
55,4,person,0,0.7137999534606934,354.20648193359375,247.58651733398438,13.8709716796875,33.06266784667969
55,6,bicycle,1,0.4358358681201935,395.8066711425781,313.52777099609375,14.3123779296875,41.818695068359375
55,7,person,0,0.5820261836051941,306.70977783203125,247.0100555419922,13.372833251953125,26.882965087890625
55,3,person,0,0.19222307205200195,381.40911865234375,245.85842895507812,12.165863037109375,35.011962890625
56,1,person,0,0.5554097890853882,393.7341003417969,288.41827392578125,26.42730712890625,69.38641357421875
56,2,person,0,0.7090338468551636,285.2261962890625,258.3343200683594,16.198822021484375,42.45378112792969
56,4,person,0,0.7116149663925171,353.9423828125,247.78616333007812,12.90899658203125,33.11927795410156
56,6,bicycle,1,0.4276340901851654,395.3932189941406,313.51959228515625,12.30584716796875,38.997283935546875
56,7,person,0,0.5571138262748718,307.02728271484375,247.1683807373047,12.213165283203125,26.901641845703125
56,3,person,0,0.24717377126216888,381.41644287109375,245.8365478515625,11.9893798828125,35.19189453125
57,1,person,0,0.7013614177703857,394.80670166015625,289.36688232421875,24.658966064453125,66.42837524414062
57,2,person,0,0.7350324392318726,285.20098876953125,258.6786193847656,16.308807373046875,43.27970886230469
57,4,person,0,0.623271644115448,354.1702880859375,247.78807067871094,12.85821533203125,33.013580322265625
57,6,bicycle,1,0.423133909702301,396.3642272949219,310.8642272949219,13.66888427734375,42.643310546875
57,7,person,0,0.3600349426269531,307.5833740234375,245.90969848632812,11.266204833984375,25.022079467773438
57,3,person,0,0.3604947626590729,381.2463684082031,245.84140014648438,11.87066650390625,35.4393310546875
58,1,person,0,0.669273316860199,395.1463317871094,289.58880615234375,23.3487548828125,63.683197021484375
58,2,person,0,0.6920982003211975,285.2662353515625,258.2194519042969,16.3857421875,41.93397521972656
58,4,person,0,0.7046008110046387,354.35797119140625,247.7415771484375,12.92340087890625,33.03282165527344
58,6,bicycle,1,0.4547831118106842,396.57220458984375,309.4769287109375,13.901947021484375,43.95391845703125
58,7,person,0,0.49721217155456543,307.7279052734375,245.69204711914062,11.466278076171875,26.65167236328125
58,3,person,0,0.4334734082221985,381.05572509765625,245.84910583496094,12.062408447265625,35.599456787109375
59,1,person,0,0.7613602876663208,395.2439270019531,288.1665954589844,23.77435302734375,66.32157897949219
59,2,person,0,0.65888512134552,285.33258056640625,259.402587890625,16.380767822265625,44.040679931640625
59,4,person,0,0.7386280298233032,354.54632568359375,247.81741333007812,12.695159912109375,33.11323547363281
59,6,bicycle,1,0.41851702332496643,396.425537109375,308.11474609375,15.754852294921875,45.88623046875
59,7,person,0,0.40884754061698914,307.8770751953125,245.146240234375,11.428680419921875,26.49188232421875
59,3,person,0,0.4311143755912781,381.00653076171875,245.28546142578125,11.687408447265625,34.10882568359375
60,1,person,0,0.7853714227676392,395.4901428222656,287.6568603515625,23.51513671875,66.53135681152344
60,2,person,0,0.6810337901115417,285.3208923339844,259.9252014160156,16.3665771484375,45.07147216796875
60,4,person,0,0.6919845938682556,354.6473388671875,247.75192260742188,12.759521484375,33.16670227050781
60,6,bicycle,1,0.5182621479034424,396.650390625,306.99053955078125,17.037750244140625,47.298431396484375
60,7,person,0,0.3053460717201233,307.99365234375,244.24490356445312,10.915252685546875,26.276779174804688
60,3,person,0,0.4242866635322571,381.030029296875,245.0880126953125,11.673004150390625,33.6763916015625
61,1,person,0,0.774371325969696,395.5865478515625,287.381591796875,23.139312744140625,64.01113891601562
61,2,person,0,0.7107014060020447,285.3244323730469,260.26318359375,16.5281982421875,45.83934020996094
61,4,person,0,0.7234262824058533,354.8302917480469,247.73831176757812,12.55078125,33.14939880371094
61,6,bicycle,1,0.5817282199859619,397.0238037109375,306.418701171875,17.47412109375,45.358734130859375
61,7,person,0,0.3821331262588501,308.6861267089844,244.10284423828125,10.15911865234375,26.174148559570312
61,3,person,0,0.4600313901901245,381.00225830078125,245.36392211914062,11.795684814453125,34.56123352050781
62,1,person,0,0.7825102806091309,395.56756591796875,286.00146484375,22.674468994140625,62.25025939941406
62,2,person,0,0.7735536694526672,285.3788146972656,260.75927734375,16.43719482421875,46.58302307128906
62,4,person,0,0.7547425627708435,355.1268310546875,247.79296875,12.326080322265625,33.18437194824219
62,6,bicycle,1,0.6075435876846313,397.25469970703125,305.86932373046875,17.761627197265625,44.849609375
62,7,person,0,0.5420651435852051,309.4126892089844,243.80422973632812,9.794677734375,26.05181884765625
62,3,person,0,0.5570536255836487,381.091796875,245.52963256835938,12.464508056640625,35.22979736328125
63,1,person,0,0.7530726194381714,395.45782470703125,285.2210388183594,21.839385986328125,60.7625732421875
63,2,person,0,0.7365764379501343,285.5569763183594,260.8984680175781,16.0635986328125,46.39955139160156
63,4,person,0,0.7612006068229675,355.1814270019531,247.81845092773438,11.8734130859375,33.14872741699219
63,6,bicycle,1,0.5505408048629761,397.1322021484375,304.32403564453125,18.360443115234375,47.333251953125
63,7,person,0,0.46024662256240845,309.4416809082031,244.90008544921875,10.9189453125,28.668655395507812
63,3,person,0,0.5955366492271423,380.9654541015625,245.35040283203125,12.845458984375,35.12681579589844
64,1,person,0,0.7512769103050232,395.5186462402344,284.4602355957031,21.86480712890625,59.06791687011719
64,2,person,0,0.7349758744239807,285.633056640625,261.23046875,15.887908935546875,46.480072021484375
64,4,person,0,0.7616158723831177,355.16131591796875,247.8443603515625,11.563995361328125,33.13002014160156
64,6,bicycle,1,0.520786464214325,396.9891052246094,302.94976806640625,18.51416015625,47.991241455078125
64,7,person,0,0.5750457644462585,309.91204833984375,246.429443359375,12.127227783203125,29.805587768554688
64,3,person,0,0.5774680972099304,380.86431884765625,245.1304931640625,12.924652099609375,34.93571472167969
65,1,person,0,0.7185584902763367,395.27484130859375,283.6021423339844,21.32427978515625,57.87144470214844
65,2,person,0,0.7450233101844788,285.90478515625,261.2596435546875,16.082977294921875,46.454620361328125
65,4,person,0,0.7667679190635681,354.91790771484375,247.8116912841797,10.97796630859375,33.091766357421875
65,6,bicycle,1,0.48872825503349304,396.7527160644531,302.08013916015625,18.215576171875,45.830291748046875
65,7,person,0,0.6437160968780518,310.55999755859375,246.5076446533203,12.58160400390625,30.509063720703125
65,3,person,0,0.6352620124816895,380.8815002441406,245.2171630859375,12.8809814453125,34.90061950683594
66,1,person,0,0.7002520561218262,395.50872802734375,283.43463134765625,21.756744384765625,59.24090576171875
66,2,person,0,0.7939664721488953,286.2861633300781,261.4478454589844,16.6234130859375,47.31941223144531
66,4,person,0,0.7556068897247314,354.76708984375,247.79957580566406,10.529571533203125,33.053436279296875
66,6,bicycle,1,0.4955483675003052,396.2601318359375,300.54119873046875,18.86859130859375,47.095550537109375
66,7,person,0,0.6420873403549194,310.6518859863281,247.03421020507812,12.26031494140625,30.276123046875
66,3,person,0,0.5367857813835144,380.99481201171875,245.129638671875,12.430511474609375,34.49302673339844
67,1,person,0,0.6640055775642395,395.26666259765625,282.5681457519531,21.423614501953125,58.95123291015625
67,2,person,0,0.7978890538215637,286.33685302734375,260.9805603027344,16.5279541015625,48.63299560546875
67,4,person,0,0.754859447479248,354.6534423828125,247.72512817382812,10.37469482421875,32.85899353027344
67,6,bicycle,1,0.5287608504295349,396.2703857421875,301.05584716796875,18.532135009765625,48.348175048828125
67,7,person,0,0.7298514246940613,310.93798828125,246.5462646484375,11.548675537109375,31.826828002929688
67,3,person,0,0.5457155704498291,380.92254638671875,245.13858032226562,12.49639892578125,34.18016052246094
68,1,person,0,0.47120076417922974,395.3049621582031,283.45733642578125,22.1363525390625,56.007171630859375
68,2,person,0,0.7522141337394714,286.3537292480469,260.83013916015625,16.381591796875,48.87092590332031
68,4,person,0,0.7661389112472534,354.6112060546875,247.76580810546875,10.256561279296875,32.85554504394531
68,6,bicycle,1,0.39466360211372375,395.9407653808594,299.01177978515625,19.60821533203125,49.967376708984375
68,7,person,0,0.7062151432037354,311.04437255859375,246.18142700195312,11.10498046875,32.6741943359375
68,3,person,0,0.5747577548027039,380.7932434082031,245.20387268066406,12.307861328125,33.996978759765625
69,1,person,0,0.42654362320899963,394.93359375,283.82623291015625,21.89166259765625,54.14910888671875
69,2,person,0,0.7012319564819336,286.24566650390625,260.2713623046875,16.0606689453125,49.606475830078125
69,4,person,0,0.7710168957710266,354.6256408691406,247.85365295410156,10.425537109375,32.802581787109375
69,6,bicycle,1,0.3858511745929718,395.93768310546875,300.7121276855469,17.9742431640625,45.34869384765625
69,7,person,0,0.6865406632423401,311.20599365234375,246.14126586914062,10.675140380859375,32.90397644042969
69,3,person,0,0.5471604466438293,380.784912109375,244.98052978515625,12.16448974609375,33.52674865722656
70,1,person,0,0.35963916778564453,394.76617431640625,284.13214111328125,22.070220947265625,54.72991943359375
70,2,person,0,0.6183688640594482,285.9057312011719,260.563720703125,15.34002685546875,49.075103759765625
70,4,person,0,0.7565012574195862,354.5542297363281,247.82826232910156,10.63983154296875,32.586517333984375
70,6,bicycle,1,0.33903515338897705,395.6310119628906,299.4499816894531,18.91180419921875,46.903076171875
70,7,person,0,0.6299046874046326,311.30419921875,246.0996551513672,10.188873291015625,32.620452880859375
70,3,person,0,0.47929611802101135,380.8944091796875,244.8314666748047,11.766571044921875,33.201324462890625
71,1,person,0,0.5851423740386963,394.8329162597656,280.8230895996094,22.92218017578125,56.19923400878906
71,2,person,0,0.47729650139808655,285.38763427734375,260.50775146484375,14.947967529296875,49.52638244628906
71,4,person,0,0.7444889545440674,354.48577880859375,247.83485412597656,10.758148193359375,32.347930908203125
71,6,bicycle,1,0.312187522649765,395.6418151855469,296.0950012207031,20.04388427734375,52.562255859375
71,7,person,0,0.2529248893260956,311.44952392578125,242.87371826171875,9.6812744140625,28.97088623046875
71,3,person,0,0.5452266335487366,380.9220886230469,244.79080200195312,11.67913818359375,32.9281005859375
72,1,person,0,0.6844086647033691,394.83856201171875,279.59893798828125,21.959503173828125,56.48272705078125
72,2,person,0,0.7021781802177429,285.1640625,261.2700500488281,14.37060546875,47.7452392578125
72,4,person,0,0.7376543283462524,354.41009521484375,247.88328552246094,10.799224853515625,32.291595458984375
72,6,bicycle,1,0.4293396472930908,395.7783203125,295.93731689453125,20.365814208984375,52.29010009765625
72,7,person,0,0.4471466839313507,311.8681640625,244.6546630859375,9.599212646484375,32.49052429199219
72,3,person,0,0.4061574637889862,381.0389404296875,245.03524780273438,11.077728271484375,32.48072814941406
73,1,person,0,0.16062141954898834,394.38970947265625,281.43206787109375,22.768157958984375,54.46929931640625
73,2,person,0,0.6647764444351196,284.97698974609375,261.481689453125,14.306243896484375,46.946075439453125
73,4,person,0,0.7650668621063232,354.320556640625,247.94012451171875,10.759552001953125,32.41474914550781
73,6,bicycle,1,0.20751474797725677,395.21392822265625,291.98193359375,21.838592529296875,59.640411376953125
73,7,person,0,0.6776848435401917,312.5351257324219,246.17172241210938,9.6839599609375,33.18513488769531
73,3,person,0,0.5624100565910339,380.8652038574219,244.50506591796875,11.18353271484375,31.295791625976562
74,1,person,0,0.30743607878685,393.9418029785156,281.2903137207031,23.308349609375,52.55839538574219
74,2,person,0,0.6562730669975281,284.7989807128906,261.73760986328125,14.13909912109375,45.969329833984375
74,4,person,0,0.7493110299110413,354.2294921875,247.94393920898438,10.803070068359375,32.51179504394531
74,6,bicycle,1,0.26546353101730347,395.18701171875,293.7422180175781,21.1326904296875,54.8922119140625
74,7,person,0,0.6502712368965149,312.65301513671875,246.33151245117188,10.294769287109375,34.57936096191406
74,3,person,0,0.603359580039978,380.70440673828125,244.3555908203125,11.255035400390625,30.96234130859375
75,2,person,0,0.6536538600921631,284.38824462890625,262.21826171875,13.5419921875,46.23762512207031
75,4,person,0,0.7553675770759583,354.2012634277344,247.90252685546875,10.73858642578125,32.66838073730469
75,7,person,0,0.6540470123291016,312.6512451171875,246.58905029296875,10.192840576171875,35.01173400878906
75,3,person,0,0.6247749924659729,380.5972900390625,244.01834106445312,11.400054931640625,30.445846557617188
76,2,person,0,0.5042306780815125,283.850830078125,262.67041015625,13.293548583984375,46.58583068847656
76,4,person,0,0.745298445224762,354.1812438964844,247.8289794921875,10.802978515625,32.781005859375
76,7,person,0,0.5850245356559753,312.86566162109375,246.8466339111328,10.265045166015625,34.740509033203125
76,3,person,0,0.5978860259056091,380.50177001953125,244.21920776367188,11.5406494140625,30.88018798828125
77,2,person,0,0.6043175458908081,283.05914306640625,262.8747863769531,13.502777099609375,47.21073913574219
77,4,person,0,0.7725728750228882,354.14154052734375,247.8525390625,10.5538330078125,32.9876708984375
77,7,person,0,0.634534478187561,313.23516845703125,247.0965576171875,10.057342529296875,34.2666015625
77,3,person,0,0.48748672008514404,380.5169677734375,244.698486328125,11.396697998046875,32.99285888671875
77,1,person,0,0.6568021774291992,393.653076171875,278.02020263671875,23.054595947265625,49.971710205078125
78,2,person,0,0.6971921324729919,282.6883850097656,263.035888671875,15.0113525390625,47.26263427734375
78,4,person,0,0.7777566313743591,354.1217041015625,247.86611938476562,10.377166748046875,33.03535461425781
78,7,person,0,0.5424715876579285,313.68218994140625,247.2647705078125,10.373260498046875,33.93022155761719
78,3,person,0,0.4211995303630829,380.4005126953125,245.27700805664062,11.315643310546875,34.60121154785156
78,1,person,0,0.45544978976249695,393.51959228515625,280.14697265625,22.74957275390625,51.85719299316406
79,2,person,0,0.6595796346664429,282.1285095214844,263.2527160644531,17.49761962890625,47.69770812988281
79,4,person,0,0.770950973033905,354.0538330078125,247.8544921875,10.421722412109375,33.07905578613281
79,7,person,0,0.2999984323978424,313.78094482421875,247.85549926757812,10.461944580078125,32.47785949707031
79,3,person,0,0.21875762939453125,380.31768798828125,245.4337158203125,11.467315673828125,35.54960632324219
79,1,person,0,0.6070447564125061,393.325927734375,280.97491455078125,22.86328125,55.774627685546875
79,6,bicycle,1,0.5872132778167725,394.1451416015625,293.3863525390625,20.609039306640625,49.186737060546875
80,2,person,0,0.676527202129364,282.15533447265625,263.263671875,17.46881103515625,47.9415283203125
80,4,person,0,0.7876372337341309,353.916015625,247.83575439453125,10.385498046875,33.09141540527344
80,7,person,0,0.4242323637008667,313.90069580078125,248.08938598632812,10.479705810546875,31.686691284179688
80,1,person,0,0.5032894015312195,393.265625,280.96728515625,22.799591064453125,57.07330322265625
80,6,bicycle,1,0.5443065762519836,394.2202453613281,294.49542236328125,20.28106689453125,46.027923583984375
81,2,person,0,0.6301963329315186,281.90911865234375,263.6304016113281,18.147979736328125,48.59986877441406
81,4,person,0,0.7996115684509277,353.9001159667969,247.80294799804688,10.47015380859375,33.21942138671875
81,7,person,0,0.36620816588401794,313.97845458984375,248.25064086914062,10.605438232421875,32.00721740722656
81,1,person,0,0.5929605960845947,393.0521240234375,281.2874755859375,23.07525634765625,57.72430419921875
81,6,bicycle,1,0.45583462715148926,393.6849365234375,292.5827331542969,21.491119384765625,48.58966064453125
82,2,person,0,0.6629530787467957,281.802001953125,263.7344055175781,18.253082275390625,47.96942138671875
82,4,person,0,0.7917094230651855,353.86309814453125,247.78085327148438,10.446258544921875,33.25633239746094
82,7,person,0,0.5337437391281128,313.90325927734375,247.75921630859375,10.503387451171875,32.65638732910156
82,1,person,0,0.7279359698295593,393.1556396484375,277.51654052734375,22.695037841796875,54.32374572753906
82,6,bicycle,1,0.4782223403453827,394.9642333984375,294.00396728515625,17.694732666015625,43.590240478515625
83,2,person,0,0.661080002784729,280.76019287109375,263.97235107421875,17.072509765625,47.652069091796875
83,4,person,0,0.7280951738357544,353.70751953125,247.75238037109375,10.190948486328125,33.04948425292969
83,7,person,0,0.4864364266395569,314.1524658203125,247.6342315673828,10.47796630859375,33.016815185546875
83,1,person,0,0.7373515367507935,392.9511413574219,274.9505310058594,22.83154296875,52.1138916015625
83,6,bicycle,1,0.5202678442001343,395.2887268066406,294.3725280761719,16.99884033203125,41.8358154296875
84,2,person,0,0.7132876515388489,278.59710693359375,264.00860595703125,14.05426025390625,47.860382080078125
84,4,person,0,0.7433436512947083,353.5675964355469,247.72494506835938,9.97454833984375,32.98210144042969
84,7,person,0,0.42182332277297974,314.37164306640625,247.10987854003906,10.10845947265625,31.933380126953125
84,1,person,0,0.6727089285850525,392.4170227050781,276.04486083984375,22.44256591796875,54.100921630859375
84,6,bicycle,1,0.4989425837993622,394.64044189453125,292.57025146484375,17.909515380859375,44.033050537109375
85,2,person,0,0.689512312412262,277.479248046875,264.0686950683594,12.628021240234375,47.2847900390625
85,4,person,0,0.7288035154342651,353.44525146484375,247.7183380126953,9.928192138671875,32.910980224609375
85,7,person,0,0.42512422800064087,314.3209228515625,246.39596557617188,9.77276611328125,30.90277099609375
85,1,person,0,0.6993061304092407,392.27197265625,276.0580139160156,22.560638427734375,53.09754943847656
85,6,bicycle,1,0.4956739842891693,394.1727294921875,292.5084228515625,16.160247802734375,40.201141357421875
86,2,person,0,0.6857225894927979,276.6653137207031,264.2528381347656,11.7474365234375,46.55220031738281
86,4,person,0,0.7179597020149231,353.36553955078125,247.67514038085938,9.965484619140625,32.80290222167969
86,7,person,0,0.5250042080879211,314.2994384765625,246.45916748046875,9.958221435546875,31.315200805664062
86,1,person,0,0.7148944139480591,391.4012451171875,274.5698547363281,22.162017822265625,49.57429504394531
86,6,bicycle,1,0.5487622618675232,393.89300537109375,292.52880859375,16.40557861328125,39.825408935546875
87,2,person,0,0.4792516529560089,276.8153076171875,264.0407409667969,11.814666748046875,45.50634765625
87,4,person,0,0.7130235433578491,353.31549072265625,247.546630859375,10.178558349609375,32.4927978515625
87,7,person,0,0.4375725984573364,314.20159912109375,247.01681518554688,9.744354248046875,32.572998046875
87,1,person,0,0.5723211169242859,390.5386047363281,274.05352783203125,21.52777099609375,46.41754150390625
87,6,bicycle,1,0.5903558135032654,394.1188659667969,292.3595275878906,16.4078369140625,41.55035400390625
88,2,person,0,0.6394975781440735,275.94757080078125,263.2754211425781,11.4356689453125,45.49116516113281
88,4,person,0,0.7174639105796814,353.3086853027344,247.42605590820312,10.3179931640625,32.16047668457031
88,7,person,0,0.5487403273582458,314.04522705078125,247.61453247070312,10.14111328125,32.94938659667969
88,1,person,0,0.5508258938789368,390.57073974609375,274.07421875,21.54595947265625,45.05091857910156
88,6,bicycle,1,0.605351448059082,393.6037292480469,292.2109375,16.549560546875,42.126007080078125
89,2,person,0,0.7083333730697632,274.9617004394531,263.54583740234375,12.04779052734375,46.38836669921875
89,4,person,0,0.702389121055603,353.211669921875,247.3373260498047,10.518218994140625,31.909515380859375
89,7,person,0,0.23717498779296875,313.676025390625,247.80027770996094,9.666748046875,33.953704833984375
89,1,person,0,0.6971617341041565,390.569091796875,272.95745849609375,21.6881103515625,48.22198486328125
89,6,bicycle,1,0.5437598824501038,393.10858154296875,291.8265380859375,16.66986083984375,40.892608642578125
90,2,person,0,0.6462409496307373,273.800537109375,263.2667236328125,12.354248046875,47.656036376953125
90,4,person,0,0.7054623365402222,353.0836181640625,247.34085083007812,10.696380615234375,31.8690185546875
90,7,person,0,0.4142676293849945,313.387451171875,247.7783203125,9.821441650390625,33.09144592285156
90,1,person,0,0.7084397077560425,390.27630615234375,272.3823547363281,21.754852294921875,49.06669616699219
90,6,bicycle,1,0.5823676586151123,393.18267822265625,291.48193359375,15.6923828125,40.236602783203125
90,3,person,0,0.5302210450172424,380.3348388671875,244.20217895507812,11.85260009765625,33.69746398925781
91,2,person,0,0.7050297856330872,272.9249572753906,263.62469482421875,13.17181396484375,47.32630920410156
91,4,person,0,0.7042348384857178,353.0718994140625,247.45571899414062,10.822418212890625,32.14021301269531
91,7,person,0,0.48561710119247437,313.0838623046875,247.74374389648438,10.236968994140625,33.72593688964844
91,1,person,0,0.7138469219207764,390.38250732421875,272.5652770996094,22.491302490234375,48.537353515625
91,6,bicycle,1,0.5912317037582397,393.4706115722656,291.8367614746094,15.65802001953125,38.8758544921875
91,3,person,0,0.4357205033302307,380.32073974609375,244.3660430908203,12.393096923828125,33.706939697265625
92,2,person,0,0.7605776190757751,272.3928527832031,262.74554443359375,14.4068603515625,47.566192626953125
92,4,person,0,0.7007386088371277,353.02264404296875,247.38986206054688,10.930572509765625,31.934799194335938
92,7,person,0,0.30864182114601135,312.8140563964844,247.59658813476562,9.74847412109375,34.37464904785156
92,1,person,0,0.6984342932701111,390.03936767578125,272.8232116699219,22.077728271484375,47.95484924316406
92,6,bicycle,1,0.5494930744171143,393.126708984375,291.557373046875,15.421966552734375,38.80474853515625
92,3,person,0,0.30553188920021057,380.2906799316406,244.69403076171875,12.50225830078125,33.51719665527344
93,2,person,0,0.6850793957710266,272.13043212890625,262.4461364746094,14.960845947265625,47.69905090332031
93,4,person,0,0.7049827575683594,353.06756591796875,247.44093322753906,10.99884033203125,32.029327392578125
93,7,person,0,0.38916492462158203,312.49615478515625,247.42477416992188,10.6143798828125,35.32151794433594
93,1,person,0,0.6761312484741211,389.67596435546875,273.100341796875,21.5250244140625,48.993255615234375
93,6,bicycle,1,0.5481394529342651,392.9126281738281,291.06036376953125,14.9176025390625,37.211639404296875
93,3,person,0,0.21030741930007935,380.4720764160156,245.0029296875,12.2720947265625,33.75102233886719
94,2,person,0,0.6235154867172241,271.79364013671875,262.465087890625,15.048309326171875,47.654632568359375
94,4,person,0,0.7178829908370972,353.1951599121094,247.64083862304688,10.89398193359375,32.58763122558594
94,7,person,0,0.517839252948761,311.51580810546875,247.4240264892578,11.9267578125,35.033599853515625
94,1,person,0,0.7205213904380798,389.2514953613281,273.0684814453125,21.24029541015625,51.339202880859375
94,6,bicycle,1,0.5872717499732971,392.072998046875,290.30859375,15.871429443359375,38.24578857421875
94,3,person,0,0.2606971263885498,380.5904541015625,245.18475341796875,12.28863525390625,34.22657775878906
95,2,person,0,0.4708590805530548,271.498291015625,262.6654357910156,14.7100830078125,47.36164855957031
95,4,person,0,0.7068265676498413,353.490234375,247.64349365234375,11.395782470703125,32.50254821777344
95,7,person,0,0.5249821543693542,311.2840576171875,247.12014770507812,12.1502685546875,34.59950256347656
95,1,person,0,0.668358325958252,388.7992248535156,273.0108642578125,21.343994140625,51.29443359375
95,6,bicycle,1,0.5842074751853943,391.7403259277344,290.0546875,15.5040283203125,37.80670166015625
95,3,person,0,0.2490147054195404,380.68890380859375,244.71470642089844,12.283233642578125,33.158172607421875
96,2,person,0,0.6628434062004089,271.4066162109375,262.95184326171875,14.845306396484375,46.85697937011719
96,4,person,0,0.7035281658172607,353.60858154296875,247.67108154296875,11.3133544921875,32.34930419921875
96,7,person,0,0.6432085037231445,311.1871337890625,247.33575439453125,12.317291259765625,35.08671569824219
96,1,person,0,0.7044993042945862,388.2515869140625,272.1572265625,21.440582275390625,51.966644287109375
96,6,bicycle,1,0.6117376685142517,390.58221435546875,288.6819763183594,17.294036865234375,39.82958984375
96,3,person,0,0.22140108048915863,380.8119201660156,244.4283447265625,12.24609375,31.901504516601562
97,2,person,0,0.5648426413536072,270.86553955078125,263.6300964355469,15.3389892578125,45.24713134765625
97,4,person,0,0.7053624987602234,353.63037109375,247.8304443359375,11.260955810546875,31.975875854492188
97,7,person,0,0.6561074256896973,311.11614990234375,247.40570068359375,12.497955322265625,35.36817932128906
97,1,person,0,0.7026621699333191,387.9803466796875,271.369873046875,21.293853759765625,52.82444763183594
97,6,bicycle,1,0.5896033048629761,390.06854248046875,287.9656982421875,17.24993896484375,40.41925048828125
98,2,person,0,0.5094868540763855,270.0799865722656,261.9821472167969,15.41632080078125,48.53468322753906
98,4,person,0,0.6302531957626343,353.68170166015625,247.94091796875,11.176116943359375,31.647933959960938
98,7,person,0,0.6490963101387024,311.50616455078125,247.5311279296875,13.137481689453125,35.6524658203125
98,1,person,0,0.5429421067237854,387.5501708984375,272.48114013671875,21.280487060546875,51.217193603515625
98,6,bicycle,1,0.5333703756332397,389.5032043457031,286.5701904296875,17.37860107421875,41.902984619140625
99,2,person,0,0.6078565120697021,269.0647277832031,261.4266357421875,15.9095458984375,50.289031982421875
99,4,person,0,0.5797736048698425,353.88104248046875,248.19053649902344,10.890350341796875,31.726226806640625
99,7,person,0,0.6241270899772644,311.74267578125,247.58258056640625,13.388092041015625,36.32026672363281
99,1,person,0,0.49686291813850403,387.3861083984375,272.8918151855469,20.626739501953125,52.11967468261719
99,6,bicycle,1,0.5764995813369751,388.8309326171875,285.8658142089844,17.739105224609375,43.31640625
100,2,person,0,0.7033379673957825,268.26416015625,261.82861328125,15.69854736328125,50.468170166015625
100,4,person,0,0.6037151217460632,354.07952880859375,248.27484130859375,10.841522216796875,31.693984985351562
100,7,person,0,0.6202697157859802,311.57171630859375,247.87860107421875,12.872467041015625,36.28248596191406
100,1,person,0,0.7167099118232727,387.4367980957031,272.12890625,19.99871826171875,53.72233581542969
100,6,bicycle,1,0.5913823843002319,388.71490478515625,286.6563415527344,17.453857421875,40.33148193359375
101,2,person,0,0.700967013835907,267.5656433105469,261.6466064453125,15.5743408203125,50.493408203125
101,4,person,0,0.7042532563209534,354.2689208984375,248.46290588378906,11.050323486328125,31.711273193359375
101,7,person,0,0.6422041654586792,311.445068359375,248.0333251953125,12.154266357421875,36.24913024902344
101,1,person,0,0.7047476768493652,387.2799072265625,271.5260925292969,20.097503662109375,55.19169616699219
101,6,bicycle,1,0.5594888925552368,388.74481201171875,285.75323486328125,16.969329833984375,39.854217529296875
102,2,person,0,0.7193537950515747,266.9338684082031,261.01995849609375,15.29437255859375,49.057647705078125
102,4,person,0,0.7278571724891663,354.4776611328125,248.66867065429688,11.208892822265625,31.813766479492188
102,7,person,0,0.691381573677063,311.53656005859375,247.74444580078125,11.916229248046875,36.35321044921875
102,1,person,0,0.5719083547592163,386.88092041015625,271.6514587402344,21.059051513671875,57.92420959472656
102,6,bicycle,1,0.4820428490638733,388.44940185546875,283.2535400390625,17.656463623046875,42.607177734375
103,2,person,0,0.7294617891311646,266.6414794921875,260.71746826171875,15.30828857421875,48.48805236816406
103,4,person,0,0.7400927543640137,354.664794921875,248.75421142578125,11.035430908203125,31.71484375
103,7,person,0,0.706080973148346,311.5614318847656,247.75933837890625,11.4241943359375,37.03126525878906
103,1,person,0,0.6825971007347107,386.8570861816406,270.7950134277344,20.6649169921875,56.88887023925781
103,6,bicycle,1,0.5137253999710083,389.170166015625,284.19671630859375,16.393890380859375,39.5301513671875
104,2,person,0,0.7400098443031311,266.4871826171875,261.0482482910156,15.84857177734375,48.38423156738281
104,4,person,0,0.7370051145553589,354.88531494140625,248.7745819091797,10.75830078125,31.690582275390625
104,7,person,0,0.7028049826622009,311.56939697265625,247.59951782226562,11.288238525390625,36.95112609863281
104,1,person,0,0.6916795969009399,386.6729736328125,270.8997802734375,20.366180419921875,56.648162841796875
104,6,bicycle,1,0.5106955170631409,389.4925537109375,284.9195556640625,15.203155517578125,39.48260498046875
105,2,person,0,0.7364180088043213,266.47314453125,260.5281066894531,16.98284912109375,48.63069152832031
105,4,person,0,0.7694873809814453,355.07647705078125,248.64866638183594,11.2305908203125,31.542266845703125
105,7,person,0,0.7083881497383118,311.25799560546875,247.55126953125,10.5694580078125,36.95005798339844
105,1,person,0,0.6936709880828857,386.54193115234375,268.6793518066406,20.047943115234375,52.6015625
105,6,bicycle,1,0.5665064454078674,388.9678955078125,284.9113464355469,15.175811767578125,37.83148193359375
106,2,person,0,0.7386400103569031,266.2572021484375,260.9888916015625,16.88458251953125,47.9222412109375
106,4,person,0,0.7684424519538879,355.19525146484375,248.52931213378906,11.433197021484375,31.516571044921875
106,7,person,0,0.6921510100364685,311.12908935546875,247.62783813476562,10.309600830078125,36.8302001953125
106,1,person,0,0.7174702882766724,386.66943359375,268.3486022949219,19.429962158203125,51.05763244628906
106,6,bicycle,1,0.5789827108383179,388.421142578125,284.9661560058594,15.18603515625,36.28204345703125
107,2,person,0,0.7401294708251953,266.6387634277344,260.9378967285156,16.38665771484375,46.77003479003906
107,4,person,0,0.772399365901947,355.0048828125,248.51303100585938,12.02496337890625,31.693893432617188
107,7,person,0,0.6547343134880066,311.42578125,247.51992797851562,11.251312255859375,36.92430114746094
107,1,person,0,0.7170031666755676,386.52227783203125,267.45135498046875,19.34552001953125,49.965667724609375
107,6,bicycle,1,0.563251256942749,387.9867858886719,283.85430908203125,15.2413330078125,36.358551025390625
108,2,person,0,0.711585521697998,266.64349365234375,260.96429443359375,16.468719482421875,45.90699768066406
108,4,person,0,0.7597976326942444,354.798095703125,248.53924560546875,12.542877197265625,31.896835327148438
108,7,person,0,0.6491553783416748,311.543701171875,247.32020568847656,11.596282958984375,37.043548583984375
108,1,person,0,0.7207939624786377,386.34698486328125,267.2335510253906,19.183349609375,49.57466125488281
108,6,bicycle,1,0.576551079750061,387.65948486328125,281.2650146484375,16.1334228515625,34.41412353515625
109,2,person,0,0.7354787588119507,266.606689453125,261.26837158203125,16.48162841796875,46.21104431152344
109,4,person,0,0.7727202773094177,354.62261962890625,248.55909729003906,12.823883056640625,32.140045166015625
109,7,person,0,0.6920260190963745,311.85906982421875,247.22421264648438,12.753662109375,36.56109619140625
109,1,person,0,0.730229914188385,386.47802734375,266.86871337890625,19.70428466796875,48.297393798828125
109,6,bicycle,1,0.5698583126068115,387.44268798828125,280.2449645996094,16.065948486328125,33.1610107421875
110,2,person,0,0.7251142263412476,267.20489501953125,261.0649719238281,15.724761962890625,45.845458984375
110,4,person,0,0.7580692768096924,354.74627685546875,248.509521484375,13.2320556640625,32.31077575683594
110,7,person,0,0.6421406269073486,311.53466796875,247.41973876953125,12.576629638671875,36.1075439453125
110,1,person,0,0.7151596546173096,386.719482421875,266.6335754394531,19.705291748046875,47.59588623046875
110,6,bicycle,1,0.5454739332199097,387.18865966796875,279.6435546875,16.248504638671875,32.723388671875
111,2,person,0,0.7451568841934204,267.3802185058594,260.9630126953125,15.5418701171875,46.74702453613281
111,4,person,0,0.7508253455162048,354.9508056640625,248.45860290527344,13.01605224609375,32.369476318359375
111,7,person,0,0.6852391958236694,311.4006042480469,247.41390991210938,12.678955078125,35.02740478515625
111,1,person,0,0.6865461468696594,386.7933044433594,266.642333984375,19.51104736328125,47.731292724609375
111,6,bicycle,1,0.5109719634056091,387.22564697265625,279.95904541015625,16.673309326171875,33.5186767578125
112,2,person,0,0.7716653943061829,267.3152160644531,261.1148986816406,16.41473388671875,47.45973205566406
112,4,person,0,0.7304068207740784,355.02386474609375,248.42523193359375,12.911895751953125,32.34965515136719
112,7,person,0,0.624042272567749,310.53302001953125,247.8181610107422,12.70587158203125,32.253875732421875
112,1,person,0,0.69688481092453,386.89874267578125,266.33056640625,19.247283935546875,47.39637756347656
112,6,bicycle,1,0.5199027061462402,387.36376953125,280.23712158203125,16.264801025390625,33.9384765625
113,2,person,0,0.7404763102531433,267.69635009765625,260.9656066894531,16.411163330078125,47.87359619140625
113,4,person,0,0.7473486065864563,355.06402587890625,248.30764770507812,12.69287109375,32.2845458984375
113,7,person,0,0.6498436331748962,309.948974609375,247.10360717773438,12.506195068359375,32.04942321777344
113,1,person,0,0.6746088266372681,386.89483642578125,265.82684326171875,18.927154541015625,46.73451232910156
113,6,bicycle,1,0.543052613735199,387.4149169921875,279.2290954589844,16.1673583984375,33.353759765625
114,2,person,0,0.7220303416252136,268.1622314453125,260.9364013671875,16.087249755859375,47.87409973144531
114,4,person,0,0.7281837463378906,355.0435791015625,248.12310791015625,12.67449951171875,32.27494812011719
114,7,person,0,0.6045899987220764,309.51739501953125,247.2896728515625,12.063079833984375,29.507431030273438
114,1,person,0,0.7089492678642273,386.91461181640625,265.9237060546875,18.709381103515625,47.124237060546875
114,6,bicycle,1,0.4722646176815033,387.1973876953125,279.28106689453125,15.29266357421875,33.60675048828125
115,2,person,0,0.6822004318237305,268.72491455078125,260.8460693359375,15.723541259765625,48.420501708984375
115,4,person,0,0.7226107120513916,355.0274353027344,247.98521423339844,12.67303466796875,32.072113037109375
115,7,person,0,0.5109166502952576,309.39007568359375,246.73577880859375,10.661468505859375,29.5982666015625
115,1,person,0,0.722678005695343,387.079833984375,265.5098571777344,18.557464599609375,46.16749572753906
115,6,bicycle,1,0.4941874146461487,387.01806640625,277.984375,15.55511474609375,33.169830322265625
116,2,person,0,0.6833153963088989,269.0262756347656,260.83160400390625,15.1531982421875,48.543609619140625
116,4,person,0,0.7276605367660522,354.985595703125,247.8310546875,12.85528564453125,31.777786254882812
116,7,person,0,0.5820041298866272,309.0165710449219,246.28038024902344,10.869140625,28.771697998046875
116,1,person,0,0.7005011439323425,387.15936279296875,265.0734558105469,18.676483154296875,45.75642395019531
116,6,bicycle,1,0.42143136262893677,387.2288818359375,277.21331787109375,16.84051513671875,32.781524658203125
117,2,person,0,0.5755544304847717,269.4423522949219,261.48211669921875,14.53173828125,46.436981201171875
117,4,person,0,0.7402675151824951,354.7337646484375,247.97518920898438,12.748626708984375,31.9122314453125
117,7,person,0,0.6389629244804382,308.8331298828125,246.0341339111328,10.854034423828125,29.546600341796875
117,1,person,0,0.7055842280387878,387.20489501953125,264.6757507324219,18.525543212890625,45.93315124511719
117,6,bicycle,1,0.45875194668769836,386.65478515625,277.3898010253906,14.940216064453125,32.1580810546875
118,2,person,0,0.5977633595466614,270.0489501953125,261.6120910644531,14.028289794921875,45.83522033691406
118,4,person,0,0.7469626069068909,354.66058349609375,248.11013793945312,12.814849853515625,31.987594604492188
118,7,person,0,0.6470478773117065,308.4861755371094,245.87484741210938,11.0960693359375,29.577468872070312
118,1,person,0,0.7060133218765259,387.0901794433594,264.7331848144531,18.3756103515625,47.22373962402344
118,6,bicycle,1,0.4624050259590149,385.6040954589844,277.6661376953125,12.22369384765625,30.662261962890625
119,2,person,0,0.5909889936447144,270.2049560546875,262.089599609375,14.351348876953125,44.748382568359375
119,4,person,0,0.740250289440155,354.6593017578125,248.10971069335938,12.583404541015625,31.825698852539062
119,7,person,0,0.6915385127067566,308.32373046875,245.985595703125,11.090423583984375,30.370071411132812
119,1,person,0,0.6775248646736145,387.14324951171875,264.61981201171875,18.583526611328125,48.083648681640625
119,6,bicycle,1,0.4382634460926056,386.525634765625,279.15887451171875,12.533660888671875,33.274017333984375
120,2,person,0,0.4002463221549988,271.677734375,262.27191162109375,12.692901611328125,44.33326721191406
120,4,person,0,0.7310580611228943,354.628173828125,248.1217803955078,12.574432373046875,31.776458740234375
120,7,person,0,0.6994365453720093,308.03009033203125,246.10903930664062,10.781097412109375,30.6031494140625
120,1,person,0,0.6643410325050354,387.1783447265625,265.12109375,18.685638427734375,46.515777587890625
120,6,bicycle,1,0.42948684096336365,386.7657470703125,279.78948974609375,13.021392822265625,34.2728271484375
121,2,person,0,0.5264449715614319,270.3058166503906,262.2947082519531,16.36370849609375,45.1273193359375
121,4,person,0,0.7284199595451355,354.43231201171875,248.0645751953125,12.66888427734375,31.771774291992188
121,7,person,0,0.694787859916687,307.92474365234375,246.7062225341797,11.1253662109375,31.990386962890625
121,1,person,0,0.6239371299743652,387.0457458496094,264.2789611816406,18.5206298828125,47.9193115234375
121,6,bicycle,1,0.45547011494636536,387.1793212890625,279.03167724609375,13.418487548828125,36.75323486328125
122,2,person,0,0.3183387219905853,270.8074645996094,262.1329650878906,16.53387451171875,45.810791015625
122,4,person,0,0.708405613899231,354.2332763671875,248.0457305908203,12.816680908203125,31.870697021484375
122,7,person,0,0.694593608379364,307.7280578613281,246.6182861328125,11.02142333984375,31.894973754882812
122,1,person,0,0.645013153553009,387.1314697265625,262.73101806640625,18.897430419921875,49.71720886230469
122,6,bicycle,1,0.4878433048725128,387.6370849609375,278.27374267578125,15.05950927734375,36.86419677734375
123,2,person,0,0.5598597526550293,271.57470703125,261.83856201171875,15.307220458984375,45.405670166015625
123,4,person,0,0.7147840261459351,353.9822692871094,248.11224365234375,12.806884765625,31.590377807617188
123,7,person,0,0.6942294239997864,307.53973388671875,246.71817016601562,10.968231201171875,31.896316528320312
123,1,person,0,0.6585684418678284,386.8458251953125,262.0900573730469,19.100921630859375,50.06095886230469
123,6,bicycle,1,0.48454204201698303,387.7105712890625,278.2061767578125,14.780029296875,36.631378173828125
124,2,person,0,0.5407706499099731,272.33831787109375,261.9867858886719,14.607940673828125,45.33528137207031
124,4,person,0,0.7254849076271057,353.66748046875,248.18496704101562,12.960418701171875,31.205184936523438
124,7,person,0,0.6797500848770142,307.54913330078125,247.02456665039062,11.32373046875,32.00987243652344
124,1,person,0,0.6726604104042053,386.769775390625,261.634521484375,18.9852294921875,49.165557861328125
124,6,bicycle,1,0.4174076318740845,387.7013854980469,276.300048828125,15.142822265625,33.743194580078125
125,2,person,0,0.5377339124679565,274.4954833984375,262.07403564453125,11.900543212890625,43.80372619628906
125,4,person,0,0.6723006367683411,353.11419677734375,248.22763061523438,13.0845947265625,30.681396484375
125,7,person,0,0.6737891435623169,307.46246337890625,247.54110717773438,11.141632080078125,32.3978271484375
125,1,person,0,0.667628824710846,387.1126708984375,261.07855224609375,19.940093994140625,48.408416748046875
125,6,bicycle,1,0.3571205139160156,387.52557373046875,275.8641357421875,15.594482421875,36.035614013671875
126,2,person,0,0.6950172781944275,275.3966064453125,262.5896301269531,11.494903564453125,43.49290466308594
126,4,person,0,0.707935631275177,352.6208801269531,248.27105712890625,13.10943603515625,30.33734130859375
126,7,person,0,0.6367985606193542,307.4085693359375,247.4113006591797,10.69921875,31.607147216796875
126,1,person,0,0.6531976461410522,387.4929504394531,261.1129150390625,18.9105224609375,47.54693603515625
126,6,bicycle,1,0.3743698000907898,387.56268310546875,274.9002990722656,15.58563232421875,34.5426025390625
127,2,person,0,0.7254414558410645,276.0401916503906,262.8798828125,10.983642578125,43.687347412109375
127,4,person,0,0.7164110541343689,352.14031982421875,248.40542602539062,13.92919921875,30.640213012695312
127,7,person,0,0.6965824961662292,306.92474365234375,248.0573272705078,11.240142822265625,32.403289794921875
127,1,person,0,0.5901385545730591,387.811279296875,260.5548095703125,19.765045166015625,47.62103271484375
127,6,bicycle,1,0.46441975235939026,388.0052185058594,275.65618896484375,15.66796875,36.738616943359375
128,2,person,0,0.7172759175300598,276.8580627441406,263.3157653808594,11.5751953125,44.07069396972656
128,4,person,0,0.7255429029464722,351.4080810546875,248.47315979003906,14.57586669921875,31.002777099609375
128,7,person,0,0.7343964576721191,306.748291015625,248.7411346435547,11.892730712890625,33.771697998046875
128,1,person,0,0.5757848024368286,388.07476806640625,260.41644287109375,19.5589599609375,46.313812255859375
128,6,bicycle,1,0.522114634513855,387.9644775390625,275.7763671875,15.749420166015625,37.790008544921875
129,2,person,0,0.6683750152587891,277.9454040527344,263.24505615234375,12.26580810546875,44.41343688964844
129,4,person,0,0.6971826553344727,350.77392578125,248.619140625,14.413299560546875,30.91986083984375
129,7,person,0,0.6858181357383728,306.5953369140625,247.97943115234375,10.986846923828125,32.45317077636719
129,1,person,0,0.611671507358551,388.1793212890625,260.0875244140625,19.104827880859375,45.576934814453125
129,6,bicycle,1,0.5220009088516235,388.259033203125,275.546875,15.275909423828125,37.425750732421875
130,2,person,0,0.565624475479126,279.7350158691406,262.89056396484375,14.017822265625,45.229400634765625
130,4,person,0,0.6797559261322021,350.4539489746094,248.8309326171875,14.8414306640625,31.402755737304688
130,7,person,0,0.6588259935379028,306.63885498046875,248.0008087158203,10.193450927734375,32.738311767578125
130,1,person,0,0.648246705532074,388.22564697265625,260.47216796875,18.060760498046875,44.34220886230469
130,6,bicycle,1,0.4970753490924835,388.1156005859375,274.950927734375,14.46807861328125,35.529754638671875
131,2,person,0,0.7014820575714111,281.117431640625,262.9041748046875,16.862579345703125,45.13336181640625
131,4,person,0,0.6851304173469543,350.27587890625,248.89620971679688,14.893341064453125,31.38287353515625
131,7,person,0,0.6591789126396179,306.5117492675781,247.340576171875,9.86444091796875,31.52276611328125
131,1,person,0,0.6499701142311096,388.29473876953125,260.34356689453125,17.341461181640625,43.54518127441406
131,6,bicycle,1,0.536466121673584,388.17041015625,274.82806396484375,14.260955810546875,35.375762939453125
132,2,person,0,0.7664048075675964,282.30804443359375,262.0804443359375,20.287689208984375,46.560455322265625
132,4,person,0,0.6860455870628357,350.34820556640625,248.9139404296875,14.869903564453125,31.449752807617188
132,7,person,0,0.6834652423858643,306.4545593261719,247.635498046875,9.75445556640625,31.816329956054688
132,1,person,0,0.5895633697509766,388.30120849609375,260.5247497558594,17.2271728515625,44.0302734375
132,6,bicycle,1,0.534155011177063,388.13677978515625,274.09930419921875,14.98980712890625,36.09625244140625
133,2,person,0,0.6864059567451477,283.1611328125,262.0537109375,22.272186279296875,46.59547424316406
133,4,person,0,0.7002124786376953,350.10772705078125,248.93067932128906,15.4696044921875,31.444549560546875
133,7,person,0,0.6580408215522766,306.4618835449219,248.39991760253906,9.51513671875,32.649444580078125
133,1,person,0,0.5958017110824585,388.276123046875,260.385009765625,17.043792724609375,43.90895080566406
133,6,bicycle,1,0.5050719380378723,388.275146484375,274.14251708984375,15.222808837890625,35.84869384765625
134,2,person,0,0.7218960523605347,283.7476806640625,262.19805908203125,23.884918212890625,46.509124755859375
134,4,person,0,0.7015724778175354,349.8167419433594,248.76690673828125,15.73895263671875,31.809310913085938
134,7,person,0,0.6952903866767883,307.14483642578125,249.03866577148438,10.36669921875,33.55180358886719
134,1,person,0,0.593930184841156,388.1853942871094,259.6255187988281,16.9068603515625,42.77024841308594
134,6,bicycle,1,0.5014910697937012,388.4051513671875,273.4586486816406,14.93292236328125,34.14715576171875
135,2,person,0,0.43154922127723694,285.2995300292969,262.05511474609375,20.62554931640625,45.851959228515625
135,4,person,0,0.7161657214164734,349.2911682128906,248.71778869628906,15.54949951171875,31.851287841796875
135,7,person,0,0.7305045127868652,307.35357666015625,249.37689208984375,10.493560791015625,34.34092712402344
135,1,person,0,0.5916815400123596,388.272216796875,258.8724060058594,17.032073974609375,42.49055480957031
135,6,bicycle,1,0.556290328502655,388.43951416015625,272.1062927246094,14.94476318359375,34.50164794921875
136,4,person,0,0.7126317620277405,348.7247314453125,248.56192016601562,14.819793701171875,32.09822082519531
136,7,person,0,0.7114342451095581,307.462890625,249.49313354492188,10.2939453125,34.84141540527344
136,1,person,0,0.6027212738990784,388.5663146972656,259.08123779296875,16.86883544921875,43.51191711425781
136,6,bicycle,1,0.5602672696113586,388.2270812988281,271.5499267578125,15.1275634765625,35.03071594238281
137,4,person,0,0.6901810169219971,348.35858154296875,248.22119140625,14.505157470703125,32.76319885253906
137,7,person,0,0.7195125818252563,307.511474609375,249.77749633789062,9.956451416015625,34.70591735839844
137,1,person,0,0.6106704473495483,388.5874938964844,259.3344421386719,16.76654052734375,44.24424743652344
137,6,bicycle,1,0.5460481643676758,388.08343505859375,271.3167724609375,15.116180419921875,35.553070068359375
138,4,person,0,0.6654917001724243,347.720703125,248.04576110839844,13.564666748046875,33.227874755859375
138,7,person,0,0.6762946844100952,307.5545959472656,250.44668579101562,9.73626708984375,33.41290283203125
138,1,person,0,0.6081989407539368,388.60443115234375,258.9963684082031,16.868408203125,44.22581481933594
138,6,bicycle,1,0.5465521216392517,388.0486145019531,271.2994384765625,15.10906982421875,35.638885498046875
139,4,person,0,0.6746787428855896,347.07470703125,247.93905639648438,13.39068603515625,33.57456970214844
139,7,person,0,0.6789010167121887,307.31732177734375,250.93600463867188,9.5010986328125,32.35099792480469
139,1,person,0,0.5660178065299988,388.3939514160156,258.56622314453125,16.5516357421875,44.02287292480469
139,6,bicycle,1,0.5879001021385193,388.28607177734375,271.3544616699219,15.35491943359375,34.62199401855469
140,4,person,0,0.6026356220245361,346.62725830078125,247.92123413085938,12.607147216796875,33.61981201171875
140,7,person,0,0.6885193586349487,307.37274169921875,249.78097534179688,9.721710205078125,34.59861755371094
140,1,person,0,0.6051586866378784,388.2823486328125,258.2525329589844,16.827606201171875,43.14056396484375
140,6,bicycle,1,0.5523138046264648,388.04388427734375,270.6918640136719,15.417083740234375,35.36456298828125
141,4,person,0,0.6255238652229309,346.3697204589844,248.2066650390625,12.093017578125,33.39430236816406
141,7,person,0,0.6487236618995667,307.41571044921875,249.71209716796875,9.814300537109375,35.09532165527344
141,1,person,0,0.5452284812927246,388.1680908203125,258.24127197265625,16.76800537109375,43.0804443359375
141,6,bicycle,1,0.5562917590141296,388.1445007324219,270.061279296875,15.001953125,35.732391357421875
142,4,person,0,0.5499222278594971,346.0491027832031,248.55801391601562,11.97113037109375,33.07490539550781
142,7,person,0,0.6653941869735718,307.60711669921875,249.54220581054688,9.85845947265625,35.93867492675781
142,1,person,0,0.47202423214912415,388.2874755859375,258.4095458984375,17.28741455078125,43.689239501953125
142,6,bicycle,1,0.5713340640068054,388.2789001464844,269.94757080078125,15.2833251953125,35.343902587890625
143,4,person,0,0.467600017786026,345.6220703125,248.0189208984375,11.91851806640625,34.03431701660156
143,7,person,0,0.6706171035766602,307.8387145996094,249.3421630859375,9.82122802734375,36.05946350097656
143,1,person,0,0.48716482520103455,388.35906982421875,258.2720031738281,17.254974365234375,42.55287170410156
143,6,bicycle,1,0.5810343027114868,388.36468505859375,270.244140625,15.222503662109375,34.558197021484375
143,2,person,0,0.5283691883087158,292.08062744140625,254.55735778808594,11.507293701171875,32.413543701171875
144,4,person,0,0.5147740840911865,345.064208984375,247.18443298339844,12.441375732421875,35.428253173828125
144,7,person,0,0.6151537299156189,307.87969970703125,249.19937133789062,9.666534423828125,35.65843200683594
144,1,person,0,0.43699660897254944,388.6260986328125,257.8988342285156,18.137176513671875,44.01426696777344
144,6,bicycle,1,0.6023001074790955,388.3517150878906,269.83233642578125,15.5540771484375,34.53291320800781
144,2,person,0,0.5626742839813232,293.22802734375,260.2885437011719,13.86578369140625,43.08827209472656
145,4,person,0,0.49704065918922424,345.0162048339844,247.19769287109375,12.06878662109375,34.93946838378906
145,7,person,0,0.6569105982780457,307.7927551269531,249.55819702148438,9.809814453125,35.43058776855469
145,1,person,0,0.3910010755062103,388.0963134765625,256.7143859863281,17.511932373046875,41.77911376953125
145,6,bicycle,1,0.6210218667984009,388.4303894042969,269.45904541015625,15.40618896484375,34.20033264160156
145,2,person,0,0.22353634238243103,294.51165771484375,261.4898681640625,12.73040771484375,44.520233154296875
146,4,person,0,0.5938141942024231,345.0217590332031,248.619873046875,11.392333984375,32.20008850097656
146,7,person,0,0.6388020515441895,307.5179138183594,249.13314819335938,10.49041748046875,35.96980285644531
146,1,person,0,0.5065921545028687,388.19110107421875,256.2308654785156,17.892669677734375,40.98146057128906
146,6,bicycle,1,0.6019039154052734,388.80938720703125,269.2728576660156,15.140838623046875,32.81211853027344
146,2,person,0,0.6195027232170105,295.3480529785156,261.9492492675781,13.6666259765625,46.6177978515625
147,4,person,0,0.5654818415641785,344.97088623046875,248.95166015625,11.189178466796875,31.614639282226562
147,7,person,0,0.5183361768722534,307.41705322265625,248.78851318359375,10.865325927734375,36.1175537109375
147,1,person,0,0.5294318199157715,388.12115478515625,256.4580383300781,18.090667724609375,41.66627502441406
147,6,bicycle,1,0.6159746050834656,388.89849853515625,269.6445007324219,14.574371337890625,32.55259704589844
147,2,person,0,0.6620801091194153,296.88165283203125,262.50775146484375,13.349945068359375,44.492095947265625
148,4,person,0,0.5364807844161987,344.89959716796875,249.2246551513672,11.157379150390625,31.337799072265625
148,1,person,0,0.5420331358909607,388.3582763671875,256.00213623046875,17.631500244140625,41.025054931640625
148,6,bicycle,1,0.609876811504364,389.038818359375,269.7043762207031,14.582183837890625,31.582962036132812
148,2,person,0,0.7518914937973022,298.74163818359375,261.94232177734375,16.95086669921875,46.560211181640625
149,4,person,0,0.45525655150413513,344.852783203125,248.86865234375,11.39630126953125,31.903671264648438
149,1,person,0,0.5584542155265808,388.7481689453125,255.60865783691406,17.96844482421875,41.828643798828125
149,6,bicycle,1,0.5339160561561584,389.046875,269.7118225097656,14.598846435546875,32.04460144042969
149,2,person,0,0.6553555727005005,300.19732666015625,261.50250244140625,19.641876220703125,47.597259521484375
150,4,bicycle,1,0.26505035161972046,344.9130859375,250.04116821289062,11.389129638671875,31.282974243164062
150,1,person,0,0.5182730555534363,388.9371032714844,255.10992431640625,18.04974365234375,41.51774597167969
150,6,bicycle,1,0.5047208070755005,389.3077392578125,270.0675048828125,14.471771240234375,33.0897216796875
150,2,person,0,0.6510632634162903,300.8210754394531,261.3669738769531,21.5419921875,47.62294006347656
151,4,person,0,0.3330514132976532,344.84869384765625,250.0885009765625,11.195892333984375,31.607772827148438
151,1,person,0,0.5474952459335327,388.9317932128906,254.7481689453125,17.4566650390625,40.426513671875
151,6,bicycle,1,0.5473095774650574,389.53094482421875,270.1775207519531,14.301666259765625,33.36192321777344
151,2,person,0,0.222416490316391,302.654541015625,262.4004211425781,25.19879150390625,45.32513427734375
152,4,person,0,0.37890124320983887,344.7904052734375,249.90975952148438,11.132965087890625,31.570144653320312
152,1,person,0,0.6023668050765991,388.9400329589844,254.5625,16.9053955078125,39.59358215332031
152,6,bicycle,1,0.551202654838562,389.318359375,270.7018127441406,13.569366455078125,31.430831909179688
152,2,person,0,0.22817252576351166,303.4847412109375,263.0907897949219,26.741668701171875,44.33686828613281
153,4,person,0,0.33080700039863586,344.88629150390625,250.12429809570312,11.398162841796875,32.10797119140625
153,1,person,0,0.5872340798377991,388.71026611328125,254.5346221923828,16.46771240234375,39.370086669921875
153,6,bicycle,1,0.5062870383262634,389.33673095703125,270.8625793457031,13.148223876953125,30.985824584960938
153,2,person,0,0.33652129769325256,304.47039794921875,262.7640380859375,26.02691650390625,44.546539306640625
154,4,person,0,0.37210166454315186,344.91693115234375,249.5542755126953,11.555511474609375,33.729461669921875
154,1,person,0,0.5252116322517395,388.50457763671875,254.54446411132812,16.0233154296875,39.698486328125
154,6,bicycle,1,0.45109811425209045,389.0926513671875,269.66796875,13.084808349609375,29.164031982421875
155,4,person,0,0.3404516577720642,344.92236328125,249.24014282226562,11.732269287109375,34.56559753417969
155,1,person,0,0.47212842106819153,388.5563659667969,254.2396697998047,15.52630615234375,38.463897705078125
155,6,bicycle,1,0.35056576132774353,389.156494140625,270.4603576660156,12.91552734375,27.2928466796875
156,4,person,0,0.5221919417381287,344.5787353515625,248.02108764648438,12.31170654296875,36.03790283203125
156,1,person,0,0.5147542953491211,388.7979736328125,254.75997924804688,15.792510986328125,38.99519348144531
156,6,bicycle,1,0.3539389371871948,389.1845703125,270.3282470703125,12.956695556640625,27.040252685546875
156,2,person,0,0.6164664626121521,306.9634094238281,261.71728515625,21.751220703125,46.269378662109375
157,4,person,0,0.4869837164878845,344.36602783203125,247.21463012695312,12.500762939453125,36.83818054199219
157,1,person,0,0.5318149328231812,388.73944091796875,254.73263549804688,15.773895263671875,39.62060546875
157,6,bicycle,1,0.45745930075645447,389.235107421875,269.18646240234375,13.472686767578125,27.574295043945312
157,2,person,0,0.4655434191226959,310.0087890625,261.28814697265625,15.48443603515625,45.219757080078125
158,4,person,0,0.4792082905769348,344.1687927246094,247.2836151123047,12.51300048828125,36.674224853515625
158,1,person,0,0.5875012874603271,388.75311279296875,255.31491088867188,15.71185302734375,40.65476989746094
158,6,bicycle,1,0.3342203199863434,389.13922119140625,269.02423095703125,14.018035888671875,28.520645141601562
158,2,person,0,0.6164676547050476,310.96240234375,261.05352783203125,14.881011962890625,45.805023193359375
159,4,person,0,0.39276254177093506,344.11993408203125,248.50457763671875,11.745849609375,35.566650390625
159,1,person,0,0.5335548520088196,388.9434814453125,255.391357421875,16.1309814453125,39.97032165527344
159,6,bicycle,1,0.26340100169181824,388.9745788574219,269.0106201171875,14.21234130859375,28.589492797851562
159,2,person,0,0.5917967557907104,311.3363037109375,260.4096374511719,15.703643798828125,47.00209045410156
160,4,person,0,0.36211273074150085,344.0509033203125,249.75491333007812,11.75286865234375,33.64768981933594
160,1,person,0,0.4780256450176239,388.9292907714844,253.52835083007812,16.572265625,36.59283447265625
160,6,bicycle,1,0.27830660343170166,388.73748779296875,267.9904479980469,14.617156982421875,30.28863525390625
160,2,person,0,0.6171494722366333,311.8680725097656,259.6054382324219,15.52679443359375,48.78819274902344
161,4,person,0,0.4487157464027405,343.6235046386719,247.44110107421875,12.81414794921875,36.99150085449219
161,1,person,0,0.5869735479354858,388.92376708984375,253.88931274414062,15.620025634765625,36.98193359375
161,6,bicycle,1,0.39413830637931824,388.9803771972656,267.6719665527344,14.001220703125,28.115554809570312
161,2,person,0,0.5951818227767944,312.8478088378906,259.9877624511719,14.91064453125,48.636474609375
162,4,person,0,0.46641913056373596,343.35858154296875,246.1634063720703,13.390899658203125,38.593536376953125
162,1,person,0,0.6079764366149902,389.09552001953125,253.94967651367188,14.54345703125,36.85917663574219
162,6,bicycle,1,0.41818007826805115,388.96380615234375,267.24969482421875,13.426361083984375,27.324050903320312
162,2,person,0,0.5420230031013489,313.5118408203125,259.728515625,14.442047119140625,47.088134765625
163,4,person,0,0.4676398038864136,343.297607421875,246.0035400390625,13.69451904296875,38.38121032714844
163,1,person,0,0.5983786582946777,389.14739990234375,254.24972534179688,14.350372314453125,37.50852966308594
163,6,bicycle,1,0.32009193301200867,388.873291015625,266.5651550292969,12.974029541015625,26.952072143554688
163,2,person,0,0.6696504354476929,314.3468933105469,259.9776611328125,14.61053466796875,47.40217590332031
164,4,person,0,0.517577052116394,342.99713134765625,244.7857208251953,14.673828125,39.387298583984375
164,1,person,0,0.5395658612251282,388.4301452636719,253.62991333007812,15.61724853515625,38.44773864746094
164,6,bicycle,1,0.29928794503211975,388.98236083984375,266.58587646484375,13.773223876953125,30.077499389648438
164,2,person,0,0.4949471652507782,315.5640869140625,260.3168029785156,14.49798583984375,47.07200622558594
165,4,person,0,0.5398510694503784,342.8487548828125,245.1912384033203,14.785858154296875,40.239227294921875
165,1,person,0,0.5835084319114685,388.32855224609375,253.9615478515625,15.501983642578125,38.8031005859375
165,6,bicycle,1,0.2658384144306183,388.8536376953125,267.2932434082031,13.959320068359375,29.869003295898438
165,2,person,0,0.5036830306053162,317.4861755371094,260.86126708984375,14.531005859375,46.13615417480469
166,4,person,0,0.6248909831047058,342.92535400390625,246.82147216796875,14.192047119140625,38.01066589355469
166,1,person,0,0.6081173419952393,388.89306640625,253.69088745117188,14.490020751953125,37.49674987792969
166,6,bicycle,1,0.2658914625644684,388.6351318359375,267.4667663574219,12.958770751953125,28.8934326171875
166,2,person,0,0.5368538498878479,318.58245849609375,261.0384216308594,15.504913330078125,46.59722900390625
167,4,person,0,0.6258090734481812,342.83270263671875,248.27789306640625,13.504608154296875,35.93858337402344
167,1,person,0,0.6206310391426086,388.8870849609375,253.3492431640625,14.604949951171875,36.64805603027344
167,6,bicycle,1,0.22620002925395966,388.6374206542969,266.93548583984375,12.72674560546875,29.067230224609375
167,2,person,0,0.6939018964767456,320.44244384765625,260.53424072265625,18.111663818359375,47.27783203125
168,4,person,0,0.6406826376914978,342.6732482910156,248.84832763671875,13.01629638671875,34.65818786621094
168,1,person,0,0.6072574853897095,388.57452392578125,253.84011840820312,14.803131103515625,36.99980163574219
168,6,bicycle,1,0.17811627686023712,388.59503173828125,266.6673583984375,12.469146728515625,27.986923217773438
168,2,person,0,0.6950498223304749,322.11669921875,260.0987243652344,20.362640380859375,47.59759521484375
169,4,person,0,0.4704342782497406,342.3060302734375,249.07852172851562,13.65228271484375,34.82818603515625
169,1,person,0,0.5746164917945862,388.4496765136719,253.99539184570312,14.50146484375,36.51824951171875
169,2,person,0,0.4857200086116791,323.4788513183594,258.58660888671875,23.72576904296875,50.280242919921875
170,4,person,0,0.5228736400604248,342.18316650390625,249.20724487304688,13.980743408203125,34.86903381347656
170,1,person,0,0.6444703340530396,388.42626953125,254.1787109375,13.850738525390625,37.34422302246094
170,2,person,0,0.6790146827697754,324.13726806640625,258.02569580078125,24.59820556640625,52.3892822265625
171,4,person,0,0.5878384709358215,341.87823486328125,247.48648071289062,13.839569091796875,38.59950256347656
171,1,person,0,0.6343075037002563,388.61663818359375,254.1916961669922,13.905487060546875,37.742767333984375
171,2,person,0,0.6290382742881775,323.53997802734375,256.6231384277344,28.0850830078125,55.94793701171875
172,4,person,0,0.6248693466186523,341.72735595703125,246.52455139160156,13.44354248046875,41.161834716796875
172,1,person,0,0.6022541522979736,388.71441650390625,253.91146850585938,13.748321533203125,37.32176208496094
172,2,person,0,0.49655768275260925,324.5091247558594,259.1353454589844,28.26226806640625,51.09672546386719
173,4,person,0,0.5658252239227295,341.6112976074219,246.07574462890625,13.45379638671875,41.87129211425781
173,1,person,0,0.5583339929580688,388.7584228515625,253.989013671875,13.76416015625,36.24702453613281
173,2,person,0,0.3494199812412262,325.6844482421875,260.16864013671875,27.3367919921875,49.37550354003906
174,4,person,0,0.5874590277671814,341.42010498046875,245.76979064941406,13.55426025390625,41.855377197265625
174,1,person,0,0.6335225105285645,388.75286865234375,253.70343017578125,13.463165283203125,36.82893371582031
174,2,person,0,0.6851995587348938,326.49444580078125,261.14691162109375,25.486175537109375,47.938446044921875
174,7,person,0,0.5132120847702026,312.0328369140625,251.87049865722656,11.142730712890625,40.473602294921875
175,4,person,0,0.5598706007003784,340.9737854003906,246.38168334960938,14.0162353515625,40.31292724609375
175,1,person,0,0.6094933152198792,388.76641845703125,253.47216796875,13.297271728515625,36.72918701171875
175,2,person,0,0.2509864568710327,327.80517578125,262.0247802734375,23.366058349609375,46.936309814453125
175,7,person,0,0.5820194482803345,312.63311767578125,251.53140258789062,11.51666259765625,41.1131591796875
176,4,person,0,0.4023744761943817,341.0920715332031,248.9380645751953,13.05169677734375,34.883270263671875
176,1,person,0,0.6073561906814575,388.7681884765625,253.64459228515625,13.23193359375,36.84504699707031
176,7,person,0,0.4648287296295166,313.0543212890625,251.741943359375,11.4810791015625,40.3157958984375
177,4,person,0,0.41949164867401123,340.9737548828125,248.73416137695312,13.1181640625,34.96522521972656
177,1,person,0,0.5630837678909302,388.653564453125,254.084228515625,13.242584228515625,37.63725280761719
177,7,person,0,0.6159432530403137,313.6336669921875,251.92214965820312,13.0130615234375,40.25238037109375
178,4,person,0,0.3654589056968689,340.73992919921875,246.80386352539062,13.757476806640625,39.77543640136719
178,1,person,0,0.44544652104377747,388.6537170410156,255.1457061767578,12.94378662109375,37.542938232421875
178,7,person,0,0.5186842679977417,313.89752197265625,251.37289428710938,13.371856689453125,40.32310485839844
179,4,person,0,0.4040011167526245,340.414306640625,246.0928955078125,13.415313720703125,41.29377746582031
179,1,person,0,0.48659229278564453,388.6764831542969,255.08502197265625,13.21368408203125,37.40443420410156
179,7,person,0,0.42891329526901245,314.80889892578125,247.42098999023438,11.759979248046875,32.64460754394531
180,4,person,0,0.3073658347129822,340.4783935546875,245.96868896484375,12.8131103515625,40.65846252441406
180,1,person,0,0.5632951259613037,388.67413330078125,254.84109497070312,13.2110595703125,36.98744201660156
180,7,person,0,0.6127207279205322,315.14727783203125,245.81948852539062,11.200347900390625,28.960189819335938
181,4,person,0,0.3688839375972748,339.7802734375,245.317138671875,15.190277099609375,41.51860046386719
181,1,person,0,0.5829594135284424,388.55792236328125,254.58578491210938,13.641204833984375,38.20918273925781
181,7,person,0,0.37584447860717773,315.4259033203125,244.83682250976562,11.601593017578125,29.24658203125
182,4,person,0,0.6198371648788452,339.1573486328125,251.0927276611328,17.495574951171875,54.131866455078125
182,1,person,0,0.3706185817718506,388.445556640625,255.0875244140625,13.892730712890625,37.32928466796875
182,7,person,0,0.39148035645484924,315.9056396484375,246.81068420410156,11.39801025390625,30.484771728515625
183,4,person,0,0.6223680973052979,339.02825927734375,253.07223510742188,18.857818603515625,58.60420227050781
183,1,person,0,0.38344794511795044,388.2636413574219,254.9922637939453,13.7235107421875,37.024749755859375
183,7,person,0,0.5783407092094421,316.4554443359375,250.3101348876953,10.837615966796875,34.916961669921875
184,4,person,0,0.7269617915153503,339.54315185546875,253.86170959472656,21.385772705078125,60.647125244140625
184,1,person,0,0.4508651793003082,388.10028076171875,254.19204711914062,13.689178466796875,37.74851989746094
184,7,person,0,0.684464693069458,316.65203857421875,251.72666931152344,10.884124755859375,36.595977783203125
185,4,person,0,0.7008237838745117,340.46453857421875,254.11367797851562,23.255462646484375,61.4334716796875
185,1,person,0,0.6920540928840637,387.78387451171875,253.1339874267578,14.004180908203125,37.817108154296875
185,7,person,0,0.6770085096359253,317.55902099609375,252.57569885253906,12.262939453125,38.139678955078125
186,4,person,0,0.6943845152854919,341.621337890625,254.20361328125,23.830963134765625,62.15789794921875
186,1,person,0,0.655830442905426,387.658447265625,252.6787109375,13.934539794921875,37.2396240234375
186,7,person,0,0.6983270049095154,318.10986328125,252.99658203125,12.494354248046875,38.85108947753906
187,4,person,0,0.7603011727333069,342.36932373046875,256.68377685546875,24.40972900390625,57.44062805175781
187,1,person,0,0.43368595838546753,387.5396728515625,253.39544677734375,14.436676025390625,37.12382507324219
187,7,person,0,0.6339455246925354,318.625,253.03428649902344,12.445220947265625,38.929840087890625
188,4,person,0,0.731819748878479,342.2972412109375,257.6849060058594,23.734588623046875,55.37236022949219
188,1,person,0,0.5303933024406433,387.3303527832031,253.91534423828125,14.12347412109375,37.13682556152344
188,7,person,0,0.6769348978996277,318.91448974609375,252.84588623046875,12.996490478515625,38.90765380859375
189,4,person,0,0.7580161094665527,342.705322265625,258.5768737792969,23.330535888671875,53.21516418457031
189,1,person,0,0.6552162766456604,387.2049865722656,253.89620971679688,13.81097412109375,36.91130065917969
189,7,person,0,0.6553905010223389,318.8692626953125,253.122314453125,13.959136962890625,38.61665344238281
190,4,person,0,0.7577917575836182,342.99578857421875,259.0465393066406,22.79083251953125,51.58348083496094
190,1,person,0,0.7189841270446777,387.1807861328125,253.44113159179688,13.681365966796875,38.00578308105469
190,7,person,0,0.6506257057189941,319.115966796875,252.67269897460938,13.34466552734375,37.14613342285156
191,4,person,0,0.7216959595680237,343.72100830078125,259.16461181640625,21.377899169921875,51.088836669921875
191,1,person,0,0.7227374911308289,387.047607421875,253.21620178222656,13.420928955078125,38.303436279296875
191,7,person,0,0.5805278420448303,319.8467712402344,252.74456787109375,12.002197265625,36.936767578125
192,4,person,0,0.7329367995262146,344.5933837890625,259.92218017578125,19.68853759765625,49.28009033203125
192,1,person,0,0.6886762380599976,386.78619384765625,252.67584228515625,13.596405029296875,37.8001708984375
192,7,person,0,0.5641118288040161,320.25360107421875,249.8251953125,10.857269287109375,30.805587768554688
193,4,person,0,0.7462065815925598,345.44915771484375,260.12493896484375,18.526397705078125,48.705535888671875
193,1,person,0,0.6863977909088135,386.6657409667969,252.37655639648438,13.495361328125,37.12083435058594
193,7,person,0,0.5353242754936218,321.33184814453125,248.63302612304688,11.848907470703125,30.18890380859375
193,6,bicycle,1,0.5032622218132019,387.21026611328125,261.3296813964844,12.25543212890625,22.240707397460938
194,4,person,0,0.7365739941596985,346.23065185546875,260.1202087402344,18.792999267578125,48.61639404296875
194,1,person,0,0.448353111743927,386.63897705078125,252.95941162109375,13.892242431640625,35.3795166015625
194,7,person,0,0.5516765713691711,322.538330078125,247.863037109375,12.172454833984375,29.857498168945312
194,6,bicycle,1,0.5204018354415894,387.1083679199219,260.7628173828125,12.2508544921875,21.996795654296875
195,4,person,0,0.5756831765174866,347.068115234375,259.41656494140625,19.474609375,49.6131591796875
195,1,person,0,0.4780345559120178,386.66259765625,252.14878845214844,13.538299560546875,33.707244873046875
195,7,person,0,0.5930593013763428,323.0657958984375,248.67459106445312,11.004119873046875,32.10752868652344
195,6,bicycle,1,0.4427219033241272,386.77606201171875,261.54718017578125,11.650054931640625,19.679046630859375
196,4,person,0,0.6240548491477966,349.5651550292969,260.5859069824219,16.2706298828125,46.66432189941406
196,1,person,0,0.39387747645378113,386.52374267578125,251.65057373046875,13.69146728515625,31.992599487304688
196,7,person,0,0.5690957903862,323.4360656738281,248.21136474609375,10.23895263671875,30.412429809570312
196,6,bicycle,1,0.49125999212265015,386.4750061035156,262.0355224609375,10.79931640625,19.244842529296875
197,4,person,0,0.4531707763671875,349.94012451171875,259.9256286621094,17.940521240234375,46.73042297363281
197,1,person,0,0.6237355470657349,386.3289794921875,251.27549743652344,14.255401611328125,33.916595458984375
197,7,person,0,0.41407835483551025,324.3636169433594,251.8301544189453,12.0313720703125,35.715667724609375
197,6,bicycle,1,0.5156306028366089,386.66839599609375,260.876220703125,11.884796142578125,21.187042236328125
198,4,person,0,0.6712092161178589,351.624755859375,259.9395446777344,16.4967041015625,47.40586853027344
198,1,person,0,0.6451476216316223,386.0655517578125,250.80111694335938,14.903900146484375,35.43426513671875
198,7,person,0,0.40348801016807556,325.8506774902344,252.80340576171875,14.6884765625,38.2694091796875
198,6,bicycle,1,0.6067711114883423,386.92584228515625,259.5121154785156,13.483184814453125,22.961044311523438
199,4,person,0,0.7711193561553955,352.98028564453125,260.16845703125,16.3720703125,46.68853759765625
199,1,person,0,0.6951040625572205,386.02581787109375,250.53366088867188,15.17950439453125,35.65364074707031
199,6,bicycle,1,0.5249536037445068,386.50933837890625,259.56884765625,13.391845703125,22.281906127929688
200,4,person,0,0.7785673141479492,354.0450439453125,260.7925720214844,16.56903076171875,46.51502990722656
200,1,person,0,0.6772933602333069,386.0005798339844,250.631591796875,15.53179931640625,36.55787658691406
200,6,bicycle,1,0.44324877858161926,385.9649963378906,260.2602844238281,12.78955078125,22.212173461914062
200,7,person,0,0.6450410485267639,328.0810241699219,254.116943359375,15.94085693359375,38.25041198730469
201,4,person,0,0.7587432265281677,355.22100830078125,260.91082763671875,17.076690673828125,45.88409423828125
201,1,person,0,0.6650251150131226,385.68023681640625,251.48223876953125,15.558929443359375,38.43408203125
201,6,bicycle,1,0.2666376531124115,385.98638916015625,261.08563232421875,12.843292236328125,22.6961669921875
201,7,person,0,0.5988273024559021,328.7422180175781,255.79541015625,15.54315185546875,35.27215576171875
202,4,person,0,0.7121372222900391,355.99188232421875,261.1475830078125,17.11895751953125,45.20921325683594
202,1,person,0,0.6573389172554016,385.52105712890625,251.2908935546875,15.861419677734375,38.12855529785156
202,6,bicycle,1,0.4963422417640686,385.8004455566406,261.34759521484375,12.9053955078125,23.493515014648438
202,7,person,0,0.6174212098121643,330.29046630859375,254.00799560546875,15.618133544921875,39.16111755371094
203,4,person,0,0.6363997459411621,357.09600830078125,260.8244323730469,18.1978759765625,44.52764892578125
203,1,person,0,0.5131214261054993,385.4471435546875,251.236083984375,16.1593017578125,36.26896667480469
203,6,bicycle,1,0.324690043926239,386.0811767578125,261.3084716796875,13.778228759765625,23.797988891601562
203,7,person,0,0.5682353377342224,331.5892333984375,253.500244140625,14.249237060546875,39.81243896484375
204,4,person,0,0.6185357570648193,358.13250732421875,261.00653076171875,19.145050048828125,43.82218933105469
204,1,person,0,0.4813832640647888,385.4107971191406,251.76486206054688,15.88336181640625,35.18357849121094
204,6,bicycle,1,0.22234803438186646,385.892333984375,259.759033203125,14.054718017578125,24.0069580078125
204,7,person,0,0.5087229609489441,332.2425537109375,252.88143920898438,13.915771484375,41.13255310058594
205,4,person,0,0.5853813886642456,358.9440612792969,261.5950927734375,19.872314453125,43.093780517578125
205,1,person,0,0.4896814823150635,385.324462890625,250.14300537109375,15.364715576171875,32.71244812011719
205,6,bicycle,1,0.20157352089881897,385.1889953613281,260.3073425292969,12.74468994140625,22.196395874023438
205,7,person,0,0.4721139669418335,333.0323486328125,250.68724060058594,14.173919677734375,45.480926513671875
206,4,person,0,0.7371315360069275,359.4993591308594,261.880615234375,19.97747802734375,42.92195129394531
206,1,person,0,0.43638065457344055,385.17071533203125,249.58802795410156,15.211883544921875,30.400665283203125
206,6,bicycle,1,0.3144208788871765,385.3943786621094,259.19390869140625,14.2757568359375,23.594039916992188
206,7,person,0,0.4465619921684265,333.38885498046875,251.68923950195312,12.696868896484375,42.87835693359375
207,4,person,0,0.663776695728302,359.4861145019531,261.2678527832031,19.48291015625,43.21990966796875
207,1,person,0,0.3329940140247345,384.91265869140625,250.72979736328125,15.41937255859375,33.29725646972656
207,6,bicycle,1,0.20313496887683868,385.43255615234375,259.2354736328125,14.387908935546875,22.904159545898438
207,7,person,0,0.6340426802635193,334.371337890625,249.70767211914062,12.144622802734375,46.51692199707031
208,4,person,0,0.747031033039093,359.78338623046875,261.386474609375,18.501251220703125,42.99263000488281
208,1,person,0,0.4871676564216614,384.85028076171875,250.9303436279297,15.846343994140625,34.061431884765625
208,6,bicycle,1,0.2927607595920563,385.3985595703125,258.33709716796875,14.898101806640625,24.545806884765625
208,7,person,0,0.5691933035850525,334.48760986328125,248.38223266601562,11.172607421875,47.75776672363281
209,4,person,0,0.7686758637428284,360.675048828125,260.8749694824219,16.063262939453125,43.57939147949219
209,1,person,0,0.5436306595802307,384.77069091796875,250.23687744140625,16.093048095703125,35.57830810546875
209,6,bicycle,1,0.33964407444000244,385.09283447265625,257.6822204589844,14.990509033203125,23.584548950195312
209,7,person,0,0.510319173336029,334.9578552246094,247.11480712890625,11.0694580078125,47.03916931152344
210,4,person,0,0.7675013542175293,361.4371643066406,260.6795349121094,15.5108642578125,43.16600036621094
210,1,person,0,0.3329227566719055,384.6496276855469,250.9063262939453,16.38677978515625,35.105865478515625
210,7,person,0,0.4376506209373474,335.2576904296875,244.28427124023438,10.65374755859375,41.34916687011719
210,8,person,0,0.6259937882423401,343.78265380859375,250.83047485351562,13.158233642578125,32.94111633300781
211,4,person,0,0.6156435608863831,361.9058837890625,257.5195617675781,14.328643798828125,38.330322265625
211,1,person,0,0.34784966707229614,384.5616760253906,246.74305725097656,15.630615234375,29.894561767578125
211,7,person,0,0.6193727850914001,335.4389343261719,247.68618774414062,11.390869140625,47.70561218261719
211,8,person,0,0.6680585145950317,344.0294189453125,250.93911743164062,12.366851806640625,33.07704162597656
212,4,person,0,0.7647167444229126,362.58770751953125,258.8629150390625,14.219329833984375,42.452484130859375
212,1,person,0,0.48193788528442383,384.43292236328125,245.46002197265625,15.550567626953125,28.203964233398438
212,7,person,0,0.4838215410709381,335.9899597167969,247.9082489013672,12.12921142578125,47.872650146484375
212,8,person,0,0.47264736890792847,344.3626708984375,251.82342529296875,12.38189697265625,33.74017333984375
213,4,person,0,0.7470274567604065,363.27264404296875,258.96649169921875,14.096893310546875,43.483306884765625
213,1,person,0,0.3898332417011261,384.15203857421875,246.83644104003906,15.049957275390625,26.693817138671875
213,7,person,0,0.4990033805370331,336.3109130859375,248.00413513183594,12.645599365234375,48.053497314453125
213,8,person,0,0.5997294783592224,344.310302734375,251.727294921875,12.0634765625,34.42315673828125
214,4,person,0,0.7959865927696228,364.0354919433594,259.3609619140625,14.6351318359375,45.11834716796875
214,1,person,0,0.39601102471351624,383.9589538574219,245.8401336669922,14.76861572265625,24.275238037109375
214,7,person,0,0.4795532822608948,337.1187438964844,248.21104431152344,14.57025146484375,48.381744384765625
214,8,person,0,0.6393095254898071,344.191650390625,252.2810821533203,12.0377197265625,36.448699951171875
215,4,person,0,0.785885214805603,364.63348388671875,259.2972412109375,15.30029296875,45.84214782714844
215,1,person,0,0.27239835262298584,383.7877502441406,244.26834106445312,14.53448486328125,19.70965576171875
215,7,person,0,0.3537474274635315,338.31353759765625,248.91998291015625,16.287872314453125,48.10493469238281
215,8,person,0,0.6124858260154724,344.25262451171875,252.60780334472656,11.870635986328125,36.772857666015625
216,4,person,0,0.7463538646697998,365.29046630859375,259.06488037109375,15.599395751953125,46.9852294921875
216,1,person,0,0.3248538076877594,383.58709716796875,245.765625,14.721160888671875,23.20721435546875
216,7,person,0,0.17141246795654297,339.191162109375,249.1434783935547,18.532440185546875,48.708587646484375
216,8,person,0,0.6538392901420593,344.98553466796875,253.49728393554688,11.86090087890625,38.93609619140625
217,4,person,0,0.7589902877807617,366.1159973144531,259.4105224609375,16.631103515625,46.77033996582031
217,1,person,0,0.3026319444179535,383.54010009765625,247.06414794921875,14.49273681640625,24.61700439453125
217,8,person,0,0.5892811417579651,345.25250244140625,253.75758361816406,11.073638916015625,39.415557861328125
218,4,person,0,0.6751570701599121,366.89141845703125,258.97918701171875,16.03485107421875,47.46269226074219
218,1,person,0,0.24453480541706085,383.42669677734375,246.52279663085938,14.114501953125,23.090682983398438
218,8,person,0,0.5719302892684937,344.7528381347656,253.3275146484375,11.53924560546875,39.0498046875
219,4,person,0,0.6666833162307739,367.41650390625,258.2752685546875,16.99102783203125,49.07450866699219
219,1,person,0,0.28045669198036194,383.30157470703125,246.51608276367188,14.046539306640625,23.088790893554688
219,8,person,0,0.6535094380378723,343.787353515625,253.3878631591797,13.996246337890625,39.376556396484375
220,4,person,0,0.5372163653373718,367.5858459472656,257.453125,16.01220703125,49.62522888183594
220,1,person,0,0.31186017394065857,383.20904541015625,246.11822509765625,13.782684326171875,22.155105590820312
220,8,person,0,0.6516855359077454,344.31829833984375,250.39297485351562,12.529052734375,33.26799011230469
221,4,person,0,0.6711090207099915,369.5526123046875,256.45428466796875,18.990814208984375,50.722564697265625
221,1,person,0,0.323290079832077,382.83349609375,247.96151733398438,13.1484375,27.245681762695312
221,8,person,0,0.6566939353942871,345.18951416015625,252.45553588867188,13.061279296875,38.1021728515625
222,4,person,0,0.697287917137146,370.16656494140625,255.44088745117188,17.972564697265625,52.86103820800781
222,1,person,0,0.22167104482650757,382.6312255859375,249.06845092773438,13.244232177734375,29.70391845703125
222,8,person,0,0.7095001339912415,345.890869140625,253.24755859375,14.001373291015625,39.51312255859375
223,4,person,0,0.7093635201454163,371.3673095703125,255.25234985351562,18.681915283203125,53.35514831542969
223,1,person,0,0.34027427434921265,382.0203857421875,249.79763793945312,13.624969482421875,31.115005493164062
223,8,person,0,0.7882046699523926,347.0948486328125,253.63357543945312,15.286224365234375,39.88555908203125
224,4,person,0,0.7514225840568542,371.65972900390625,255.16705322265625,17.82330322265625,53.95500183105469
224,1,person,0,0.27148720622062683,382.1183166503906,249.63519287109375,12.57196044921875,31.44482421875
224,8,person,0,0.7808438539505005,347.946533203125,253.84750366210938,16.576019287109375,40.26313781738281
225,4,person,0,0.7712417244911194,372.3236389160156,254.59951782226562,18.21246337890625,54.47526550292969
225,1,person,0,0.4123350977897644,382.4315185546875,248.68374633789062,11.486724853515625,29.677474975585938
225,8,person,0,0.7523549795150757,348.84979248046875,253.93893432617188,17.585662841796875,40.40562438964844
226,4,person,0,0.7513738870620728,372.6507568359375,253.9334716796875,18.0286865234375,55.41944885253906
226,1,person,0,0.4210319221019745,382.5710144042969,249.12884521484375,10.82122802734375,30.440261840820312
226,8,person,0,0.6442179083824158,349.45892333984375,254.1541748046875,18.205352783203125,40.7767333984375
226,9,person,0,0.7216518521308899,331.1483154296875,238.26373291015625,9.255584716796875,27.201614379882812
227,4,person,0,0.7346147894859314,373.0946044921875,255.23971557617188,17.998870849609375,53.28947448730469
227,1,person,0,0.1733180582523346,382.4864196777344,249.89498901367188,10.26129150390625,29.908401489257812
227,8,person,0,0.6105971932411194,350.09979248046875,253.99830627441406,15.267852783203125,39.900665283203125
227,9,person,0,0.6847628355026245,331.09661865234375,237.63311767578125,9.00390625,25.003494262695312
228,4,person,0,0.7204838991165161,373.4381408691406,256.2760925292969,17.761474609375,50.23883056640625
228,8,person,0,0.6644610166549683,350.66864013671875,254.0183563232422,13.154937744140625,39.578582763671875
228,9,person,0,0.6473742127418518,330.81964111328125,239.03750610351562,8.915435791015625,25.940505981445312
229,4,person,0,0.732524573802948,373.548828125,256.20245361328125,17.7908935546875,49.884521484375
229,8,person,0,0.7025105357170105,351.1944580078125,253.6964111328125,12.749969482421875,39.26922607421875
229,9,person,0,0.64688640832901,330.57470703125,239.31704711914062,9.09295654296875,25.532623291015625
230,4,person,0,0.6854074597358704,373.8575439453125,256.492431640625,17.522430419921875,48.844512939453125
230,8,person,0,0.7048661112785339,352.13751220703125,253.65069580078125,14.206268310546875,38.60816955566406
230,9,person,0,0.6321482062339783,330.40777587890625,238.20077514648438,8.928680419921875,23.937591552734375
231,4,person,0,0.716606080532074,374.30474853515625,256.5036315917969,18.174896240234375,48.46087646484375
231,8,person,0,0.7372277975082397,352.99609375,253.51162719726562,15.02685546875,38.07432556152344
231,9,person,0,0.541599690914154,330.17742919921875,237.70401000976562,8.770782470703125,23.593246459960938
231,7,person,0,0.5027934908866882,344.5917053222656,252.48785400390625,11.05596923828125,35.64701843261719
232,4,person,0,0.7293409109115601,374.9296875,256.6232604980469,19.01727294921875,47.94612121582031
232,8,person,0,0.7080984711647034,353.8426513671875,253.48648071289062,14.877044677734375,37.4560546875
232,9,person,0,0.6037048697471619,329.82122802734375,238.21556091308594,8.894073486328125,24.042877197265625
232,7,person,0,0.5699711441993713,344.74493408203125,252.4320831298828,11.227081298828125,35.066131591796875
233,4,person,0,0.7400398850440979,375.2154541015625,256.4438781738281,19.762054443359375,47.80859375
233,8,person,0,0.6836816668510437,354.3876037597656,253.54318237304688,14.46893310546875,36.88697814941406
233,9,person,0,0.5879532694816589,329.46038818359375,238.41079711914062,9.040435791015625,24.041061401367188
233,7,person,0,0.5575961470603943,344.77423095703125,252.18641662597656,11.681182861328125,34.261505126953125
234,4,person,0,0.7241320610046387,375.4049377441406,256.38385009765625,19.47119140625,47.66026306152344
234,8,person,0,0.643823504447937,355.0828857421875,253.3150634765625,13.368316650390625,36.64640808105469
234,9,person,0,0.6069157719612122,329.04656982421875,238.49835205078125,9.262115478515625,25.8184814453125
234,7,person,0,0.6723766922950745,345.1719970703125,251.85992431640625,12.570465087890625,34.56675720214844
235,4,person,0,0.7246813774108887,375.65899658203125,256.689208984375,19.1241455078125,47.09124755859375
235,8,person,0,0.5138492584228516,355.92010498046875,253.0601043701172,11.69927978515625,36.274200439453125
235,9,person,0,0.6163795590400696,328.74273681640625,238.62353515625,8.854766845703125,26.790542602539062
235,7,person,0,0.6516728401184082,345.6441650390625,252.30831909179688,13.818939208984375,34.68037414550781
236,4,person,0,0.7250218391418457,376.691650390625,257.6874694824219,18.10614013671875,45.33050537109375
236,8,person,0,0.45320844650268555,356.61773681640625,250.35623168945312,9.795013427734375,29.871505737304688
236,9,person,0,0.5562335848808289,328.5413818359375,239.09901428222656,8.377716064453125,26.8782958984375
236,7,person,0,0.7183283567428589,345.502685546875,252.46786499023438,14.56341552734375,34.58244323730469
237,4,person,0,0.7256742715835571,377.53424072265625,257.2161865234375,16.7230224609375,45.681121826171875
237,8,person,0,0.6432185173034668,357.4956970214844,252.70919799804688,10.53094482421875,33.99351501464844
237,9,person,0,0.5140234231948853,328.1817626953125,238.88214111328125,8.43292236328125,25.768508911132812
237,7,person,0,0.7161601185798645,345.0841369628906,252.60513305664062,14.803466796875,34.431396484375
238,4,person,0,0.7143369913101196,377.5268249511719,256.76397705078125,16.722900390625,46.665435791015625
238,8,person,0,0.679810643196106,358.1637268066406,253.35733032226562,11.45306396484375,35.77592468261719
238,9,person,0,0.4760015606880188,328.0403137207031,238.46987915039062,8.3760986328125,24.680419921875
238,7,person,0,0.7124274373054504,345.04168701171875,252.65325927734375,15.084625244140625,34.92877197265625
239,4,person,0,0.728395402431488,378.351806640625,257.00018310546875,15.557098388671875,46.26972961425781
239,8,person,0,0.6985222697257996,359.37725830078125,253.49435424804688,12.636993408203125,36.25605773925781
239,9,person,0,0.4507608413696289,327.3604736328125,239.1947021484375,8.959259033203125,25.984054565429688
239,7,person,0,0.7027201652526855,344.709716796875,252.82504272460938,14.854583740234375,35.54547119140625
240,4,person,0,0.7629984617233276,377.9814147949219,257.3174133300781,16.01556396484375,45.60430908203125
240,8,person,0,0.6929340362548828,360.86376953125,253.3076934814453,13.835113525390625,35.559417724609375
240,9,person,0,0.5498745441436768,327.00836181640625,239.55523681640625,9.282806396484375,26.851776123046875
240,7,person,0,0.7084435224533081,344.65753173828125,252.83241271972656,14.382080078125,35.244964599609375
241,4,person,0,0.7335926294326782,378.4068908691406,257.7232666015625,15.173095703125,45.50975036621094
241,8,person,0,0.625667929649353,361.3203125,253.35321044921875,13.564666748046875,36.8338623046875
241,9,person,0,0.43360328674316406,326.599853515625,238.95556640625,8.91021728515625,25.522903442382812
241,7,person,0,0.7063180208206177,344.5565490722656,252.84945678710938,14.64385986328125,35.30650329589844
242,4,person,0,0.716069757938385,379.10552978515625,257.7684020996094,14.245697021484375,46.10528564453125
242,8,person,0,0.6516547203063965,361.4184875488281,253.54953002929688,12.40130615234375,38.29490661621094
242,9,person,0,0.5848617553710938,326.13580322265625,239.49090576171875,9.114105224609375,26.78509521484375
242,7,person,0,0.7020026445388794,344.8928527832031,252.9866485595703,15.02734375,35.552520751953125
243,4,person,0,0.72822105884552,379.51409912109375,257.9996032714844,14.575469970703125,45.3529052734375
243,8,person,0,0.7200543880462646,362.59149169921875,253.55661010742188,13.261260986328125,38.31166076660156
243,9,person,0,0.4891963005065918,325.65716552734375,239.15447998046875,9.509613037109375,27.059829711914062
243,7,person,0,0.7122445106506348,344.9071044921875,253.35874938964844,15.369415283203125,35.337493896484375
244,4,person,0,0.7355338931083679,379.8387756347656,257.9438171386719,14.3216552734375,45.8743896484375
244,8,person,0,0.7209325432777405,363.3328857421875,253.24090576171875,13.723876953125,38.32484436035156
244,9,person,0,0.5762010216712952,325.00762939453125,238.94613647460938,9.672607421875,26.548385620117188
244,7,person,0,0.7283692359924316,345.02093505859375,253.32345581054688,15.52520751953125,35.00889587402344
245,4,person,0,0.7351648807525635,380.15960693359375,257.5762023925781,14.361114501953125,46.2503662109375
245,8,person,0,0.7030031681060791,363.9441223144531,253.1905517578125,13.66033935546875,38.61883544921875
245,9,person,0,0.4710747003555298,324.72308349609375,238.7583770751953,9.71661376953125,25.5577392578125
245,7,person,0,0.7366735935211182,344.8481140136719,253.64028930664062,15.3265380859375,34.42308044433594
246,4,person,0,0.7093098163604736,380.12646484375,256.64996337890625,14.382720947265625,45.67620849609375
246,8,person,0,0.7129169702529907,364.3310546875,253.1739501953125,13.562896728515625,38.71583557128906
246,9,person,0,0.3874673545360565,324.13677978515625,238.77700805664062,9.683990478515625,25.791793823242188
246,7,person,0,0.7401125431060791,344.5498046875,253.49818420410156,15.314971923828125,35.084808349609375
247,4,person,0,0.6967793703079224,380.0975646972656,256.10321044921875,14.88348388671875,45.83445739746094
247,8,person,0,0.708251953125,364.9068603515625,252.6033477783203,13.720245361328125,39.893951416015625
247,9,person,0,0.4268869161605835,323.779541015625,238.29417419433594,9.62921142578125,24.410919189453125
247,7,person,0,0.7328232526779175,344.14898681640625,253.401123046875,15.08868408203125,34.62477111816406
248,4,person,0,0.7622474431991577,380.2830810546875,256.38348388671875,15.697479248046875,45.810943603515625
248,8,person,0,0.7242105603218079,365.47857666015625,252.61346435546875,14.1201171875,39.939208984375
248,9,person,0,0.6350343227386475,323.47064208984375,239.31680297851562,9.74176025390625,27.428054809570312
248,7,person,0,0.7274346351623535,343.8631591796875,253.37863159179688,14.636322021484375,34.62677001953125
249,4,person,0,0.7898452281951904,380.64306640625,256.343017578125,15.27166748046875,45.75370788574219
249,8,person,0,0.6533278226852417,365.95025634765625,252.85609436035156,13.905181884765625,39.593048095703125
249,9,person,0,0.5459008812904358,323.00433349609375,238.05628967285156,8.904754638671875,25.8099365234375
249,7,person,0,0.662925660610199,343.4057312011719,253.98255920410156,14.09429931640625,33.685638427734375
250,4,person,0,0.8056033849716187,380.80169677734375,255.96517944335938,15.1075439453125,46.306884765625
250,8,person,0,0.5522477626800537,366.7772216796875,251.82411193847656,13.529083251953125,40.388031005859375
250,9,person,0,0.44808298349380493,322.6680908203125,238.15469360351562,9.171844482421875,26.822296142578125
250,7,person,0,0.6337257623672485,343.3978271484375,253.45367431640625,15.459381103515625,34.30049133300781
251,4,person,0,0.7878091335296631,380.8016357421875,255.9178924560547,15.206939697265625,46.137908935546875
251,8,person,0,0.5640320777893066,367.42779541015625,251.50755310058594,12.892181396484375,40.130401611328125
251,9,person,0,0.31602296233177185,322.28912353515625,236.70391845703125,8.778228759765625,24.608169555664062
251,7,person,0,0.6869970560073853,343.41485595703125,253.01473999023438,15.685455322265625,34.43733215332031
252,4,person,0,0.7554571032524109,380.68389892578125,255.7579345703125,15.728363037109375,46.135009765625
252,8,person,0,0.5252358913421631,367.9275207519531,250.38470458984375,11.82122802734375,39.2613525390625
252,9,person,0,0.19172491133213043,321.76971435546875,235.9027557373047,9.18963623046875,23.699951171875
252,7,person,0,0.713773250579834,343.5081787109375,252.88133239746094,16.152099609375,34.552032470703125
253,4,person,0,0.7989479899406433,380.592041015625,255.606689453125,15.882354736328125,46.43072509765625
253,8,person,0,0.44374731183052063,368.36529541015625,251.81094360351562,12.132904052734375,39.73985290527344
253,9,person,0,0.1703551709651947,322.12335205078125,238.6446075439453,8.320465087890625,25.29925537109375
253,7,person,0,0.7094120979309082,343.5509033203125,253.08157348632812,16.146209716796875,35.15264892578125
254,4,person,0,0.7867756485939026,380.52337646484375,255.45343017578125,15.90264892578125,46.54154968261719
254,8,person,0,0.5023858547210693,368.854248046875,251.18771362304688,11.7139892578125,40.81866455078125
254,7,person,0,0.7129499912261963,343.5291748046875,252.86367797851562,15.767822265625,35.09028625488281
255,4,person,0,0.7294981479644775,381.0435791015625,255.3498077392578,15.216400146484375,46.719085693359375
255,8,person,0,0.6064141988754272,369.22344970703125,251.43801879882812,11.318328857421875,40.04144287109375
255,7,person,0,0.6833193898200989,343.7061767578125,252.64324951171875,15.455169677734375,34.74198913574219
256,4,person,0,0.6865742206573486,381.54388427734375,255.4853515625,14.94635009765625,46.51884460449219
256,8,person,0,0.5597866773605347,370.2423095703125,251.20016479492188,10.782745361328125,38.46595764160156
256,7,person,0,0.7285850048065186,343.47515869140625,252.77340698242188,14.687774658203125,34.84027099609375
257,4,person,0,0.6496706604957581,381.7910461425781,255.77297973632812,15.0484619140625,45.91059875488281
257,8,person,0,0.6176719069480896,370.73046875,251.26974487304688,10.717803955078125,38.50213623046875
257,7,person,0,0.7509880065917969,343.46356201171875,252.74806213378906,14.112884521484375,34.599517822265625
258,4,person,0,0.7076159119606018,382.0833740234375,255.73416137695312,14.314056396484375,45.3900146484375
258,8,person,0,0.5854078531265259,371.1531982421875,248.88925170898438,10.63714599609375,32.70951843261719
258,7,person,0,0.731704592704773,343.32550048828125,252.64089965820312,13.694549560546875,34.45912170410156
259,4,person,0,0.7495654821395874,382.4040832519531,255.79629516601562,13.9124755859375,45.08546447753906
259,8,person,0,0.6832942366600037,370.99090576171875,250.79869079589844,11.483245849609375,37.968719482421875
259,7,person,0,0.699594259262085,343.5445251464844,253.03988647460938,13.1650390625,34.94285583496094
260,4,person,0,0.7493324875831604,382.66766357421875,255.76913452148438,14.659759521484375,44.94969177246094
260,8,person,0,0.6636018753051758,371.2320556640625,251.40020751953125,11.829345703125,38.75447082519531
260,7,person,0,0.7263685464859009,343.89141845703125,253.40185546875,13.547515869140625,35.59846496582031
261,4,person,0,0.7813079357147217,382.755859375,255.85769653320312,14.861724853515625,44.38145446777344
261,8,person,0,0.6668521761894226,371.5572204589844,251.75076293945312,11.8057861328125,39.11334228515625
261,7,person,0,0.711387038230896,344.1778564453125,253.2713165283203,13.323516845703125,35.249420166015625
262,4,person,0,0.7582594752311707,382.9879150390625,255.8851318359375,14.841522216796875,44.62774658203125
262,8,person,0,0.6192882657051086,371.688720703125,252.14346313476562,11.7764892578125,38.90525817871094
262,7,person,0,0.7325234413146973,344.4950256347656,253.24533081054688,13.1376953125,35.48486328125
263,4,person,0,0.7285942435264587,383.3978576660156,255.59646606445312,14.28289794921875,44.96797180175781
263,8,person,0,0.6000741124153137,372.0870056152344,251.82984924316406,12.74029541015625,39.129913330078125
263,7,person,0,0.7446615695953369,344.95928955078125,253.33682250976562,13.870819091796875,35.596435546875
263,9,person,0,0.5570635199546814,316.3856506347656,240.6055450439453,11.22265625,30.176422119140625
264,4,person,0,0.7181373238563538,383.5574951171875,254.9423370361328,14.45794677734375,45.644561767578125
264,8,person,0,0.4189663231372833,372.16796875,251.22254943847656,12.38665771484375,38.851470947265625
264,7,person,0,0.7434986233711243,345.3857421875,253.7066650390625,14.464111328125,35.52973937988281
264,9,person,0,0.5391289591789246,315.6582946777344,240.7576904296875,10.9063720703125,30.395645141601562
265,4,person,0,0.7391307353973389,383.712158203125,254.62847900390625,14.294342041015625,45.22340393066406
265,8,person,0,0.41403695940971375,372.311767578125,251.096435546875,12.487152099609375,38.77656555175781
265,7,person,0,0.753962516784668,345.8564147949219,253.96893310546875,14.6009521484375,35.40534973144531
265,9,person,0,0.5810186862945557,315.01177978515625,241.04812622070312,11.488983154296875,30.576065063476562
266,4,person,0,0.7092978358268738,383.74395751953125,254.15084838867188,14.376129150390625,44.80543518066406
266,8,person,0,0.5918921232223511,372.9493713378906,251.0349578857422,11.6505126953125,37.140350341796875
266,7,person,0,0.7497750520706177,346.34375,253.41375732421875,15.117706298828125,34.75053405761719
266,9,person,0,0.5892465114593506,314.7183837890625,241.0765838623047,11.463470458984375,30.361602783203125
267,4,person,0,0.7075491547584534,383.82080078125,253.90467834472656,15.672454833984375,44.493438720703125
267,8,person,0,0.41475290060043335,373.7649230957031,249.79965209960938,11.07330322265625,35.88624572753906
267,7,person,0,0.7507855296134949,346.9479675292969,253.2241973876953,15.88568115234375,34.805938720703125
267,9,person,0,0.4487469494342804,314.544677734375,240.1110382080078,11.0548095703125,28.1771240234375
268,4,person,0,0.7026243209838867,384.14385986328125,253.6630859375,15.5831298828125,44.01246643066406
268,8,person,0,0.37727051973342896,374.0958251953125,248.201904296875,10.261505126953125,31.390060424804688
268,7,person,0,0.7358485460281372,347.05743408203125,253.20944213867188,15.77337646484375,34.92582702636719
268,9,person,0,0.41539159417152405,314.2664794921875,240.203125,9.995513916015625,28.219924926757812
269,4,person,0,0.7279837727546692,383.97076416015625,253.14093017578125,15.78924560546875,43.74967956542969
269,7,person,0,0.7830716371536255,347.325439453125,253.2408447265625,16.036651611328125,35.459716796875
269,9,person,0,0.3906704783439636,313.91534423828125,240.70773315429688,10.280426025390625,29.47564697265625
270,4,person,0,0.7148284912109375,384.05389404296875,252.7720184326172,15.8433837890625,43.628448486328125
270,7,person,0,0.7680330872535706,347.4566955566406,253.35760498046875,15.95672607421875,35.57337951660156
270,9,person,0,0.4106030762195587,313.5040283203125,240.79876708984375,10.62152099609375,29.240219116210938
271,4,person,0,0.72987961769104,384.25982666015625,253.089111328125,16.396514892578125,44.51483154296875
271,7,person,0,0.7819374799728394,348.0825500488281,253.30569458007812,17.1077880859375,35.30592346191406
271,9,person,0,0.308034211397171,313.01519775390625,240.71298217773438,10.930938720703125,28.674850463867188
272,4,person,0,0.7513788938522339,384.44921875,253.48141479492188,16.982208251953125,44.656494140625
272,7,person,0,0.7942845821380615,348.50762939453125,253.3797607421875,17.561553955078125,35.39385986328125
272,9,person,0,0.29822105169296265,312.743408203125,241.2454376220703,10.996734619140625,29.531219482421875
273,4,person,0,0.7457733750343323,384.74273681640625,253.6761932373047,17.241973876953125,44.576629638671875
273,7,person,0,0.7828968167304993,348.9198303222656,253.0892333984375,17.62646484375,34.86967468261719
273,9,person,0,0.26660147309303284,311.718994140625,241.62997436523438,11.093353271484375,29.8004150390625
274,4,person,0,0.7313702702522278,384.995849609375,253.71807861328125,17.183258056640625,44.628173828125
274,7,person,0,0.7739847302436829,349.2114562988281,253.36184692382812,17.78662109375,35.20393371582031
274,9,person,0,0.30455538630485535,311.1460876464844,241.42340087890625,10.6961669921875,30.173873901367188
275,4,person,0,0.7294840216636658,385.1958923339844,253.60411071777344,17.18353271484375,44.511871337890625
275,7,person,0,0.7502462267875671,349.26434326171875,253.62042236328125,17.610595703125,35.67521667480469
275,9,person,0,0.4389515817165375,311.0126953125,241.5113067626953,10.37835693359375,30.769134521484375
276,4,person,0,0.7397143244743347,385.4879455566406,253.86239624023438,16.436767578125,43.86491394042969
276,7,person,0,0.7667707204818726,349.3480224609375,254.121337890625,17.427154541015625,35.87744140625
276,9,person,0,0.48299071192741394,310.74871826171875,241.76119995117188,10.251068115234375,31.725509643554688
277,4,person,0,0.7284145355224609,385.4813232421875,253.8624267578125,16.438568115234375,43.68975830078125
277,7,person,0,0.7544398903846741,349.63433837890625,254.42437744140625,17.297637939453125,36.06694030761719
277,9,person,0,0.44882118701934814,310.2704772949219,241.55690002441406,10.77923583984375,32.010528564453125
278,4,person,0,0.6855384111404419,385.4477844238281,253.72247314453125,16.17510986328125,44.00556945800781
278,7,person,0,0.7477440237998962,349.86785888671875,254.306396484375,17.214263916015625,36.28376770019531
278,9,person,0,0.4613059163093567,309.7193908691406,241.53369140625,11.32562255859375,31.468154907226562
279,4,person,0,0.6866358518600464,385.35113525390625,253.5873260498047,16.41864013671875,43.788787841796875
279,7,person,0,0.7077944278717041,349.912841796875,254.20175170898438,17.446441650390625,36.3111572265625
279,9,person,0,0.44191327691078186,309.14739990234375,240.60903930664062,11.82257080078125,29.072586059570312
280,4,person,0,0.6957106590270996,385.1365966796875,253.4071502685547,17.09033203125,44.529998779296875
280,7,person,0,0.6710467338562012,349.96124267578125,254.20571899414062,17.221832275390625,36.41847229003906
280,9,person,0,0.37097448110580444,308.5137634277344,240.60995483398438,12.1260986328125,28.875381469726562
281,4,person,0,0.7006072402000427,384.68023681640625,252.96197509765625,18.163238525390625,43.96150207519531
281,7,person,0,0.6534116268157959,350.4608154296875,254.0646514892578,16.323333740234375,36.284271240234375
281,9,person,0,0.4688194990158081,308.2279052734375,239.59811401367188,12.02618408203125,26.416351318359375
282,4,person,0,0.7033851742744446,384.6168212890625,252.43807983398438,18.273223876953125,43.53636169433594
282,7,person,0,0.6467733979225159,350.85699462890625,253.74505615234375,15.43145751953125,35.8331298828125
282,9,person,0,0.5313466787338257,307.9859619140625,240.2149658203125,12.356353759765625,27.26763916015625
283,4,person,0,0.7101364135742188,384.61376953125,252.09844970703125,18.11248779296875,43.75700378417969
283,7,person,0,0.7111908197402954,351.45660400390625,253.94338989257812,14.821746826171875,36.09370422363281
283,9,person,0,0.4885474443435669,307.8297424316406,241.06796264648438,12.8004150390625,28.785110473632812
284,4,person,0,0.7411521673202515,384.56378173828125,251.9649658203125,18.13397216796875,43.93318176269531
284,7,person,0,0.7519375085830688,351.78515625,253.53289794921875,14.1162109375,35.62095642089844
284,9,person,0,0.6309796571731567,307.6752624511719,242.797119140625,13.0933837890625,32.50181579589844
285,4,person,0,0.7109315991401672,384.520263671875,251.81021118164062,17.687408447265625,43.61482238769531
285,7,person,0,0.7834360599517822,351.89849853515625,253.53778076171875,13.858245849609375,35.89891052246094
285,9,person,0,0.6304303407669067,307.7505187988281,243.56216430664062,12.52166748046875,33.69163513183594
286,4,person,0,0.6891969442367554,384.6914978027344,251.6181640625,17.189697265625,43.15565490722656
286,7,person,0,0.7733702063560486,352.50689697265625,253.54458618164062,14.108306884765625,35.92878723144531
286,9,person,0,0.6817579865455627,307.73828125,243.6396026611328,12.432952880859375,33.825531005859375
287,4,person,0,0.7040687203407288,384.77545166015625,251.5096435546875,17.224090576171875,43.01542663574219
287,7,person,0,0.7594399452209473,352.93829345703125,253.59860229492188,14.045013427734375,35.87452697753906
287,9,person,0,0.7088071703910828,307.2331848144531,243.83566284179688,12.1937255859375,34.27848815917969
288,4,person,0,0.7025904059410095,384.94927978515625,251.76211547851562,17.40960693359375,43.74827575683594
288,7,person,0,0.7717321515083313,353.48565673828125,253.94610595703125,14.243865966796875,36.01092529296875
288,9,person,0,0.7217185497283936,306.86322021484375,243.98297119140625,12.003570556640625,34.36222839355469
289,4,person,0,0.6942628026008606,385.27301025390625,252.01809692382812,17.0791015625,43.75733947753906
289,7,person,0,0.7784983515739441,353.7705993652344,254.0055389404297,14.15350341796875,35.670013427734375
289,9,person,0,0.7149266600608826,306.37652587890625,244.01947021484375,12.545745849609375,34.674072265625
290,4,person,0,0.7372786402702332,385.5028381347656,252.1060791015625,16.68304443359375,43.63951110839844
290,7,person,0,0.7829700708389282,354.1190185546875,254.17872619628906,14.045928955078125,35.186004638671875
290,9,person,0,0.7279970049858093,305.72857666015625,243.75648498535156,13.429290771484375,34.470245361328125
291,4,person,0,0.7020914554595947,385.67486572265625,252.10147094726562,16.594085693359375,43.53517150878906
291,7,person,0,0.7793402671813965,354.60089111328125,254.32786560058594,14.4676513671875,35.477508544921875
291,9,person,0,0.710364043712616,305.4079895019531,243.85675048828125,13.66656494140625,34.32115173339844
292,4,person,0,0.5998092293739319,385.8875732421875,252.1715545654297,16.13934326171875,43.297454833984375
292,7,person,0,0.7862010598182678,355.21746826171875,254.47654724121094,14.351776123046875,36.075897216796875
292,9,person,0,0.6916513442993164,305.27752685546875,243.8235626220703,13.394287109375,34.438018798828125
293,4,person,0,0.7182177901268005,385.5899658203125,252.11660766601562,16.47393798828125,43.57318115234375
293,7,person,0,0.7667162418365479,356.172119140625,254.2431640625,14.503509521484375,36.30036926269531
293,9,person,0,0.6820536255836487,305.1728515625,244.36328125,13.177947998046875,34.41490173339844
294,4,person,0,0.7518112063407898,385.379638671875,252.05291748046875,16.836029052734375,43.81611633300781
294,7,person,0,0.7691423296928406,356.96722412109375,253.71527099609375,13.614898681640625,35.75428771972656
294,9,person,0,0.670067310333252,305.2392272949219,244.510498046875,13.15380859375,35.02995300292969
295,4,person,0,0.7549635171890259,385.44207763671875,252.17555236816406,16.904449462890625,44.227264404296875
295,7,person,0,0.7378480434417725,357.4841003417969,253.70372009277344,13.0657958984375,36.677947998046875
295,9,person,0,0.5861508846282959,305.0980529785156,244.56582641601562,12.7474365234375,34.97795104980469
296,4,person,0,0.7363011837005615,385.83795166015625,252.40695190429688,16.454345703125,44.24418640136719
296,7,person,0,0.6517829298973083,358.03411865234375,252.46432495117188,12.88885498046875,37.68603515625
296,9,person,0,0.6548285484313965,304.6255187988281,244.81927490234375,13.0677490234375,34.81871032714844
297,4,person,0,0.7468637824058533,385.8768310546875,252.49339294433594,16.743804931640625,44.466583251953125
297,7,person,0,0.6587093472480774,359.10211181640625,251.67587280273438,13.35943603515625,39.88584899902344
297,9,person,0,0.5997179746627808,304.8409423828125,244.840087890625,12.302154541015625,34.53755187988281
298,4,person,0,0.7189947366714478,386.076904296875,252.51229858398438,16.4735107421875,44.38330078125
298,7,person,0,0.7351095676422119,360.49530029296875,250.50396728515625,14.805023193359375,41.16905212402344
298,9,person,0,0.5648473501205444,305.08984375,244.63040161132812,11.615509033203125,34.0325927734375
299,4,person,0,0.6747037768363953,386.05841064453125,252.39154052734375,16.475433349609375,44.0938720703125
299,7,person,0,0.7549790143966675,361.4119873046875,249.75048828125,16.061431884765625,41.59620666503906
299,9,person,0,0.5419541001319885,304.62847900390625,244.5630645751953,12.278656005859375,33.940093994140625
300,4,person,0,0.6419622302055359,386.20263671875,252.14553833007812,16.09747314453125,43.03401184082031
300,7,person,0,0.7129027247428894,361.86920166015625,250.8611297607422,16.52532958984375,41.085235595703125
300,9,person,0,0.5101144909858704,304.56439208984375,244.18630981445312,12.53076171875,33.28379821777344
301,4,person,0,0.6569108366966248,386.96875,251.9674530029297,14.3531494140625,42.288909912109375
301,7,person,0,0.7439639568328857,362.1946105957031,252.47988891601562,16.41314697265625,38.01104736328125
301,9,person,0,0.5021228790283203,304.7951354980469,244.05325317382812,12.139892578125,32.44415283203125
302,4,person,0,0.6133267879486084,387.34051513671875,251.9685516357422,13.23529052734375,42.552764892578125
302,7,person,0,0.7560377717018127,362.6318359375,254.03526306152344,16.174530029296875,37.837615966796875
302,9,person,0,0.635349452495575,304.5527648925781,244.3958740234375,12.30242919921875,33.88322448730469
303,4,person,0,0.6495404243469238,387.3370361328125,251.7890625,13.295928955078125,42.74314880371094
303,7,person,0,0.7477353811264038,362.8907470703125,254.48655700683594,16.0008544921875,38.221527099609375
303,9,person,0,0.6543534994125366,304.164306640625,245.13192749023438,12.943084716796875,35.38775634765625
304,4,person,0,0.6484341621398926,387.2478332519531,251.6519775390625,13.34271240234375,42.61309814453125
304,7,person,0,0.7258059978485107,363.44476318359375,254.81173706054688,15.675262451171875,38.46513366699219
304,9,person,0,0.555411696434021,304.7447509765625,245.38629150390625,11.742156982421875,34.97761535644531
305,4,person,0,0.6548964381217957,386.64227294921875,251.70947265625,14.449798583984375,43.33949279785156
305,7,person,0,0.7408932447433472,363.9171142578125,255.815673828125,15.832427978515625,37.79052734375
305,9,person,0,0.5491370558738708,304.09710693359375,246.3622589111328,12.382598876953125,35.102813720703125
306,4,person,0,0.6658442616462708,386.2744140625,251.6201629638672,15.105682373046875,43.220733642578125
306,7,person,0,0.7569631934165955,364.39056396484375,256.0238037109375,15.405242919921875,37.399993896484375
306,9,person,0,0.501376748085022,303.7325134277344,247.31576538085938,11.85174560546875,34.55107116699219
307,4,person,0,0.6813693046569824,386.07470703125,251.46832275390625,15.010955810546875,42.86305236816406
307,7,person,0,0.7675498127937317,364.65582275390625,256.160888671875,14.5059814453125,37.043212890625
307,9,person,0,0.42905694246292114,304.7886047363281,246.75323486328125,11.018798828125,33.55516052246094
308,4,person,0,0.6820112466812134,385.851806640625,251.57467651367188,14.999725341796875,42.3922119140625
308,7,person,0,0.7550531029701233,364.64361572265625,256.3788146972656,13.543365478515625,37.26860046386719
308,9,person,0,0.3736431300640106,305.413330078125,245.99087524414062,9.8883056640625,31.650833129882812
309,4,person,0,0.7298111915588379,385.4258728027344,251.5369873046875,15.58807373046875,42.44044494628906
309,7,person,0,0.764362633228302,364.83673095703125,256.5164794921875,12.935272216796875,37.777496337890625
309,9,person,0,0.418508917093277,303.81201171875,247.78021240234375,11.5072021484375,34.43505859375
310,4,person,0,0.6987006068229675,385.3289489746094,251.4456787109375,15.52691650390625,42.41563415527344
310,7,person,0,0.769210159778595,365.2591857910156,256.40850830078125,12.0283203125,38.192291259765625
310,9,person,0,0.48222801089286804,303.47760009765625,247.58851623535156,12.878814697265625,34.562713623046875
311,4,person,0,0.6795331239700317,385.24871826171875,251.95101928710938,15.1812744140625,41.65069580078125
311,7,person,0,0.7821216583251953,365.80572509765625,256.6583557128906,11.39007568359375,37.5001220703125
311,9,person,0,0.4643770754337311,303.1593017578125,247.89349365234375,12.775421142578125,35.83488464355469
312,4,person,0,0.583268940448761,385.44586181640625,252.52658081054688,14.732330322265625,40.54600524902344
312,7,person,0,0.7711151838302612,366.26361083984375,256.9056701660156,11.41827392578125,37.32643127441406
312,9,person,0,0.44207707047462463,302.97308349609375,247.6756591796875,13.3963623046875,36.03346252441406
313,4,person,0,0.6825266480445862,385.0447998046875,252.44943237304688,15.318389892578125,40.9127197265625
313,7,person,0,0.7280260324478149,366.80120849609375,257.1961669921875,11.359954833984375,36.73310852050781
313,9,person,0,0.5810574889183044,303.0032653808594,247.43875122070312,13.9468994140625,36.41069030761719
314,4,person,0,0.750752329826355,384.2146911621094,252.30044555664062,16.167724609375,41.28668212890625
314,7,person,0,0.7465448379516602,367.14581298828125,257.51947021484375,10.971923828125,36.863983154296875
314,9,person,0,0.5785895586013794,303.14410400390625,246.69052124023438,14.55694580078125,34.59100341796875
315,4,person,0,0.7673306465148926,383.25408935546875,252.36669921875,17.081451416015625,41.19645690917969
315,7,person,0,0.7595062851905823,367.57232666015625,257.4325256347656,11.002593994140625,37.34394836425781
315,9,person,0,0.5466317534446716,302.7513427734375,245.821044921875,14.696136474609375,32.45252990722656
316,4,person,0,0.7254695296287537,382.91845703125,251.92529296875,16.89727783203125,41.95429992675781
316,7,person,0,0.7334723472595215,368.42889404296875,257.38934326171875,12.101226806640625,37.53910827636719
316,9,person,0,0.6195416450500488,302.7727966308594,246.28271484375,14.4423828125,33.23512268066406
316,10,person,0,0.5705944299697876,351.7228698730469,240.98562622070312,12.9931640625,32.58265686035156
317,4,person,0,0.7098734378814697,383.40673828125,251.71682739257812,15.585906982421875,42.31471252441406
317,7,person,0,0.7474896311759949,369.30755615234375,257.73468017578125,13.173126220703125,36.75013732910156
317,9,person,0,0.5141335129737854,302.5294189453125,246.18572998046875,14.13055419921875,32.44110107421875
317,10,person,0,0.27679723501205444,351.0648193359375,240.72256469726562,13.83917236328125,32.89912414550781
318,4,person,0,0.7395174503326416,383.25592041015625,251.76858520507812,15.608123779296875,42.6546630859375
318,7,person,0,0.7602261900901794,370.2432556152344,257.63470458984375,14.65631103515625,37.3707275390625
318,9,person,0,0.3999549150466919,302.1664733886719,244.73883056640625,13.6072998046875,28.411376953125
318,10,person,0,0.37441322207450867,350.1798095703125,240.95008850097656,13.836822509765625,31.391937255859375
319,4,person,0,0.7255189418792725,383.0459899902344,251.06951904296875,15.50042724609375,42.32872009277344
319,7,person,0,0.7716560363769531,370.7674560546875,257.6635437011719,15.833038330078125,37.65129089355469
319,9,person,0,0.479186475276947,302.0325012207031,246.97579956054688,13.46697998046875,32.71177673339844
319,10,person,0,0.5115759968757629,349.77020263671875,241.2297821044922,14.122955322265625,31.461090087890625
320,4,person,0,0.6495949029922485,383.05975341796875,251.65347290039062,13.99371337890625,40.51611328125
320,7,person,0,0.7562257647514343,370.98638916015625,257.2040100097656,16.455322265625,38.71101379394531
320,9,person,0,0.4697447717189789,302.1089172363281,245.1198272705078,13.948974609375,30.327972412109375
320,10,person,0,0.5849319100379944,349.3536376953125,242.0970458984375,14.288116455078125,31.816146850585938
321,4,person,0,0.5709825158119202,383.12542724609375,251.59996032714844,14.267364501953125,40.315948486328125
321,7,person,0,0.7519161105155945,371.08026123046875,257.53887939453125,16.010467529296875,38.129180908203125
321,9,person,0,0.5185226202011108,302.02093505859375,244.589111328125,14.001251220703125,29.78460693359375
321,10,person,0,0.5466317534446716,349.26971435546875,242.08441162109375,12.632080078125,31.63543701171875
322,4,person,0,0.4584023058414459,381.6665954589844,251.02682495117188,15.7786865234375,39.30574035644531
322,7,person,0,0.5580899119377136,371.6673583984375,257.1759033203125,15.298980712890625,37.826080322265625
322,9,person,0,0.5596243143081665,301.6871643066406,245.03720092773438,14.2626953125,31.513961791992188
322,10,person,0,0.5299221873283386,349.11468505859375,241.5856475830078,10.656646728515625,31.809173583984375
323,4,person,0,0.4486057460308075,380.80523681640625,251.45806884765625,16.086090087890625,38.6552734375
323,7,person,0,0.6345643401145935,371.8355407714844,257.8835144042969,14.24066162109375,36.059814453125
323,9,person,0,0.5768532752990723,301.5866394042969,246.18003845214844,14.1793212890625,34.398651123046875
323,10,person,0,0.4634392261505127,348.49700927734375,242.02102661132812,8.932464599609375,32.41847229003906
324,4,person,0,0.6049066185951233,381.0826110839844,251.79376220703125,15.72589111328125,40.929931640625
324,7,person,0,0.5840590000152588,372.03936767578125,257.21636962890625,13.059478759765625,37.50859069824219
324,9,person,0,0.6997628211975098,301.4018859863281,247.77926635742188,14.13824462890625,37.04661560058594
324,10,person,0,0.5589712858200073,347.57403564453125,242.32192993164062,9.793212890625,32.60319519042969
325,4,person,0,0.6037830710411072,381.1304626464844,250.74594116210938,15.6842041015625,39.96925354003906
325,7,person,0,0.6437320113182068,372.2076416015625,257.0970153808594,12.653656005859375,37.50634765625
325,9,person,0,0.7050914168357849,301.2498474121094,248.98336791992188,14.07940673828125,37.94651794433594
325,10,person,0,0.5551561117172241,347.2677001953125,242.45449829101562,9.965911865234375,32.90966796875
326,4,person,0,0.5666839480400085,380.9765625,249.35609436035156,15.395538330078125,36.172210693359375
326,7,person,0,0.6657705903053284,372.4162902832031,257.03717041015625,12.571533203125,37.35285949707031
326,9,person,0,0.6653850674629211,301.2545166015625,249.5069580078125,13.81707763671875,38.64375305175781
326,10,person,0,0.539018988609314,347.02801513671875,242.71238708496094,10.151092529296875,32.749053955078125
327,4,person,0,0.3658062815666199,381.02044677734375,250.27554321289062,13.506072998046875,36.15362548828125
327,7,person,0,0.6295555233955383,372.9934997558594,256.5444641113281,11.9005126953125,38.061279296875
327,9,person,0,0.6742631196975708,301.43695068359375,249.43527221679688,13.883453369140625,38.60235595703125
327,10,person,0,0.5526328682899475,346.9256591796875,242.900390625,10.671844482421875,32.21342468261719
328,4,person,0,0.40747880935668945,381.1595153808594,250.34890747070312,11.24005126953125,35.09852600097656
328,7,person,0,0.6244236826896667,373.3677978515625,257.1437072753906,10.760040283203125,36.1199951171875
328,9,person,0,0.57090824842453,301.41455078125,247.11036682128906,14.058990478515625,34.612335205078125
328,10,person,0,0.48217374086380005,346.15423583984375,242.56427001953125,9.818817138671875,32.51069641113281
329,4,person,0,0.15882019698619843,381.24664306640625,250.62112426757812,10.073455810546875,32.3123779296875
329,7,person,0,0.5375996828079224,373.84033203125,257.40570068359375,10.884246826171875,37.11293029785156
329,9,person,0,0.6113534569740295,301.47650146484375,246.25108337402344,14.469085693359375,32.751251220703125
329,10,person,0,0.4361727237701416,345.45904541015625,242.28988647460938,9.07757568359375,32.790283203125
330,4,person,0,0.16914284229278564,380.58612060546875,252.0911865234375,9.6927490234375,36.39796447753906
330,7,person,0,0.48143383860588074,374.88372802734375,256.84136962890625,11.224212646484375,39.18901062011719
330,9,person,0,0.5810867547988892,301.4822998046875,247.56329345703125,14.60101318359375,34.73295593261719
330,10,person,0,0.17878808081150055,345.0910339355469,241.5810546875,8.2508544921875,31.98614501953125
331,7,person,0,0.5761726498603821,376.45062255859375,255.94180297851562,12.638397216796875,39.85218811035156
331,9,person,0,0.6065701246261597,301.55096435546875,248.45501708984375,14.781036376953125,36.42924499511719
331,10,person,0,0.3092699944972992,344.6434020996094,238.83602905273438,8.14892578125,26.219573974609375
332,7,person,0,0.5813053846359253,377.2440490722656,255.4816131591797,13.0064697265625,38.574371337890625
332,9,person,0,0.5979676246643066,301.5645751953125,246.9888458251953,14.613739013671875,32.788360595703125
332,10,person,0,0.15634450316429138,344.2779541015625,238.86154174804688,7.38775634765625,23.466339111328125
333,7,person,0,0.58061683177948,377.24627685546875,255.44723510742188,12.355010986328125,38.2088623046875
333,9,person,0,0.624150812625885,301.5262451171875,247.2545166015625,14.293121337890625,33.093017578125
334,7,person,0,0.6519670486450195,377.03466796875,256.22265625,12.347076416015625,39.002227783203125
334,9,person,0,0.6808962225914001,301.378662109375,247.92445373535156,14.04931640625,34.186920166015625
335,7,person,0,0.6246876120567322,377.10797119140625,256.427978515625,12.244537353515625,38.42768859863281
335,9,person,0,0.6617094278335571,301.1558837890625,248.18283081054688,14.5570068359375,34.45823669433594
336,7,person,0,0.611792266368866,377.41229248046875,256.4086608886719,12.343902587890625,38.59584045410156
336,9,person,0,0.6038042902946472,301.10833740234375,248.4969024658203,14.555023193359375,35.713531494140625
336,10,person,0,0.5418049693107605,341.8401184082031,237.536376953125,8.09942626953125,24.512924194335938
337,7,person,0,0.6260223388671875,377.6664733886719,256.56256103515625,12.28948974609375,38.4134521484375
337,9,person,0,0.6664202213287354,301.1498107910156,248.99365234375,14.9468994140625,36.83720397949219
337,10,person,0,0.40521010756492615,340.9693603515625,236.45703125,7.8564453125,23.306747436523438
338,7,person,0,0.6228971481323242,377.8539123535156,256.3407287597656,11.89373779296875,37.81683349609375
338,9,person,0,0.689260721206665,301.2293395996094,249.63909912109375,15.20086669921875,37.88825988769531
338,10,person,0,0.44021567702293396,340.597412109375,236.4688720703125,7.667572021484375,23.133392333984375
339,7,person,0,0.5862346291542053,378.0456237792969,256.4666442871094,11.7806396484375,37.62449645996094
339,9,person,0,0.5878224968910217,301.1591491699219,249.680908203125,15.20068359375,38.03218078613281
339,10,person,0,0.4317278265953064,340.1766357421875,236.3529815673828,7.672027587890625,22.7078857421875
340,7,person,0,0.676192581653595,378.41851806640625,256.7607421875,11.569671630859375,37.936614990234375
340,9,person,0,0.6522297263145447,301.05615234375,248.7789306640625,14.897003173828125,36.18019104003906
340,10,person,0,0.39080584049224854,339.5695495605469,236.49331665039062,7.93475341796875,22.774749755859375
341,7,person,0,0.6005558371543884,378.8152770996094,256.69097900390625,11.80462646484375,37.14984130859375
341,9,person,0,0.6516868472099304,301.01055908203125,248.46051025390625,15.015472412109375,35.4443359375
342,7,person,0,0.6478140950202942,379.31005859375,257.2774658203125,11.846160888671875,37.6981201171875
342,9,person,0,0.6856335997581482,301.0863037109375,248.9120635986328,15.298492431640625,36.476043701171875
343,7,person,0,0.6226804852485657,379.6845703125,257.41595458984375,12.258880615234375,38.87896728515625
343,9,person,0,0.722861647605896,300.9903564453125,249.60360717773438,15.538299560546875,38.01713562011719
344,7,person,0,0.6174994707107544,378.2894592285156,257.7374267578125,15.26519775390625,39.564910888671875
344,9,person,0,0.7565149664878845,300.8741149902344,250.25579833984375,15.73858642578125,38.2601318359375
345,7,person,0,0.5009465217590332,379.4259033203125,258.1998291015625,14.873138427734375,39.068206787109375
345,9,person,0,0.7268151044845581,300.8014831542969,250.5720672607422,16.02471923828125,38.515350341796875
346,7,person,0,0.5026013255119324,380.7083740234375,257.82916259765625,13.881927490234375,38.84272766113281
346,9,person,0,0.7204804420471191,300.65435791015625,249.60328674316406,16.7108154296875,40.635101318359375
347,7,person,0,0.43979257345199585,381.16156005859375,257.46514892578125,13.431732177734375,38.06758117675781
347,9,person,0,0.7230780720710754,300.7456970214844,249.30215454101562,16.94000244140625,40.07633972167969
348,7,person,0,0.5561898350715637,381.599853515625,256.7995300292969,12.768646240234375,36.99690246582031
348,9,person,0,0.7342239022254944,300.77606201171875,249.26727294921875,17.04974365234375,39.85395812988281
349,7,person,0,0.252302348613739,382.1879577636719,257.0947265625,13.3575439453125,34.63700866699219
349,9,person,0,0.7194789052009583,300.8949279785156,249.50625610351562,16.990478515625,39.46537780761719
350,7,person,0,0.35019055008888245,383.2161865234375,257.54473876953125,14.686798095703125,35.08885192871094
350,9,person,0,0.7463372945785522,300.80859375,249.89613342285156,17.025360107421875,37.755035400390625
351,7,person,0,0.2508074939250946,383.83770751953125,257.6368408203125,16.05133056640625,37.443756103515625
351,9,person,0,0.7498428821563721,300.8117370605469,250.01651000976562,17.0587158203125,37.29991149902344
352,7,person,0,0.3058415651321411,384.0084228515625,257.13916015625,15.23211669921875,37.047637939453125
352,9,person,0,0.7268224954605103,300.8660888671875,250.20455932617188,17.166656494140625,37.58345031738281
353,7,person,0,0.6126037240028381,384.23236083984375,257.261474609375,14.516754150390625,37.660400390625
353,9,person,0,0.7518718838691711,300.753662109375,250.84603881835938,17.2052001953125,38.20330810546875
354,7,person,0,0.5899524092674255,384.7069091796875,257.4095764160156,14.514068603515625,38.44596862792969
354,9,person,0,0.7556385397911072,300.71014404296875,250.802001953125,17.280670166015625,37.46351623535156
355,7,person,0,0.7396703958511353,385.8924255371094,258.43914794921875,15.02880859375,38.97068786621094
355,9,person,0,0.6525837779045105,300.6156005859375,250.76266479492188,16.998291015625,35.70072937011719
356,7,person,0,0.7505825161933899,386.4576416015625,258.78826904296875,14.87945556640625,39.50726318359375
356,9,person,0,0.615455150604248,300.5345764160156,251.0074920654297,17.14495849609375,35.295257568359375
356,11,bicycle,1,0.5140234231948853,301.0901794433594,261.50396728515625,14.345703125,26.529083251953125
357,7,person,0,0.7664079070091248,387.02203369140625,258.8441467285156,15.74493408203125,39.45753479003906
357,9,person,0,0.5772110223770142,300.5906982421875,251.01025390625,16.931182861328125,34.45372009277344
357,11,bicycle,1,0.6215819716453552,301.40850830078125,262.134521484375,13.8631591796875,28.066558837890625
358,7,person,0,0.7752072215080261,386.9333801269531,259.2081298828125,16.11163330078125,40.13905334472656
358,9,person,0,0.5996829867362976,300.76519775390625,250.23004150390625,17.175079345703125,33.05067443847656
358,11,bicycle,1,0.6648121476173401,301.40997314453125,263.03070068359375,14.00494384765625,29.014007568359375
359,7,person,0,0.7812308669090271,387.2898254394531,259.1103820800781,16.5667724609375,40.4442138671875
359,9,person,0,0.6093847751617432,300.8913269042969,248.7196044921875,17.22637939453125,30.857223510742188
359,11,bicycle,1,0.6755852699279785,301.414794921875,262.817138671875,13.783416748046875,28.602951049804688
360,7,person,0,0.7900441288948059,387.9322509765625,258.998291015625,16.150665283203125,40.284759521484375
360,9,person,0,0.6350982189178467,300.9350891113281,250.32760620117188,17.23052978515625,34.29463195800781
360,11,bicycle,1,0.638430118560791,301.2386474609375,263.0667724609375,14.370880126953125,28.122406005859375
361,7,person,0,0.7474231719970703,388.5299072265625,258.8015441894531,14.94732666015625,40.15882873535156
361,9,person,0,0.7473875284194946,300.9728088378906,252.52761840820312,17.29180908203125,38.46337890625
361,11,bicycle,1,0.5768804550170898,301.4051513671875,263.82928466796875,13.996826171875,27.3187255859375
361,4,person,0,0.6459513306617737,375.2097473144531,249.1972198486328,12.23687744140625,38.393341064453125
362,7,person,0,0.7544668912887573,388.83807373046875,258.7491455078125,14.049652099609375,40.110687255859375
362,9,person,0,0.7480391263961792,300.86236572265625,253.72457885742188,17.325531005859375,40.86183166503906
362,11,bicycle,1,0.5207836031913757,301.18798828125,264.35980224609375,13.546112060546875,26.268890380859375
362,12,person,0,0.687205970287323,345.6771240234375,246.56143188476562,10.614288330078125,32.3941650390625
362,4,person,0,0.5554420351982117,375.27001953125,249.64547729492188,12.29888916015625,37.58226013183594
363,7,person,0,0.7419267892837524,389.2266540527344,258.58282470703125,13.69573974609375,39.883880615234375
363,9,person,0,0.7759243249893188,300.7373046875,254.510498046875,17.6424560546875,42.14958190917969
363,11,bicycle,1,0.47780781984329224,301.1845703125,264.65911865234375,13.5166015625,25.379852294921875
363,12,person,0,0.5676363110542297,344.8875732421875,245.8746337890625,9.220855712890625,31.01007080078125
363,4,person,0,0.6425122022628784,375.3851318359375,250.0037078857422,12.425262451171875,37.419891357421875
364,7,person,0,0.7516987323760986,389.473876953125,258.6776428222656,13.753021240234375,40.01495361328125
364,9,person,0,0.7728536128997803,300.8208923339844,254.99383544921875,17.7725830078125,42.72882080078125
364,12,person,0,0.6017717123031616,344.0537414550781,246.71044921875,9.60467529296875,32.64715576171875
364,4,person,0,0.6287912726402283,375.69464111328125,250.537841796875,12.2830810546875,36.92741394042969
365,7,person,0,0.7469468712806702,390.03192138671875,258.823974609375,13.001251220703125,39.99546813964844
365,9,person,0,0.7556248903274536,300.856689453125,255.41482543945312,17.94207763671875,43.07182312011719
365,12,person,0,0.537002444267273,343.33154296875,246.03338623046875,9.37359619140625,31.423538208007812
365,4,person,0,0.5972714424133301,376.0723876953125,250.72747802734375,12.53656005859375,36.82078552246094
365,10,person,0,0.5727482438087463,325.956787109375,241.9704132080078,11.238128662109375,28.665802001953125
366,7,person,0,0.752627968788147,390.352294921875,258.98004150390625,12.68035888671875,40.487274169921875
366,9,person,0,0.7568424344062805,300.7924499511719,255.3146209716797,18.1229248046875,42.415802001953125
366,12,person,0,0.7169996500015259,342.83489990234375,246.68638610839844,9.819671630859375,32.712127685546875
366,4,person,0,0.41756346821784973,376.26800537109375,251.00247192382812,12.60662841796875,36.5367431640625
366,10,person,0,0.39208629727363586,325.0338134765625,242.66314697265625,10.807403564453125,28.1292724609375
367,7,person,0,0.7354418039321899,390.25,259.231201171875,12.94976806640625,40.97285461425781
367,9,person,0,0.761663556098938,300.7742614746094,254.95590209960938,18.0965576171875,41.20245361328125
367,12,person,0,0.7246684432029724,342.04449462890625,247.0367431640625,9.943572998046875,33.0740966796875
367,4,person,0,0.5696679353713989,376.00848388671875,250.121337890625,13.589141845703125,38.05462646484375
367,10,person,0,0.4700695872306824,324.7519226074219,243.7799072265625,13.07635498046875,29.324874877929688
368,7,person,0,0.7430300116539001,390.46649169921875,259.3504638671875,13.464141845703125,41.579193115234375
368,9,person,0,0.7599584460258484,300.8228454589844,254.18211364746094,17.94329833984375,39.326324462890625
368,12,person,0,0.7511101365089417,341.7177734375,246.0909423828125,9.7274169921875,31.054367065429688
368,4,person,0,0.6103164553642273,376.07366943359375,250.17877197265625,13.779052734375,37.72923278808594
368,10,person,0,0.4362962245941162,324.2250671386719,243.79043579101562,13.34942626953125,29.0438232421875
368,11,bicycle,1,0.6151219606399536,299.9172668457031,263.895751953125,11.1907958984375,23.516860961914062
369,7,person,0,0.7307282090187073,390.8568115234375,259.37274169921875,14.05096435546875,41.60939025878906
369,9,person,0,0.7297197580337524,300.90380859375,254.01109313964844,17.608184814453125,38.716888427734375
369,12,person,0,0.7311273813247681,341.4044189453125,246.59130859375,10.041168212890625,31.80255126953125
369,4,person,0,0.4856933057308197,376.24578857421875,248.9268798828125,14.187957763671875,39.673583984375
369,10,person,0,0.5222055315971375,323.7978515625,243.42483520507812,12.291595458984375,28.878280639648438
369,11,bicycle,1,0.5987845063209534,299.9161682128906,263.63580322265625,11.27093505859375,22.404495239257812
370,7,person,0,0.7324040532112122,390.9251708984375,259.3671875,14.429351806640625,41.682220458984375
370,9,person,0,0.7354065775871277,300.869873046875,253.94863891601562,17.585479736328125,38.32109069824219
370,12,person,0,0.7551599740982056,340.8101806640625,246.32334899902344,10.354949951171875,30.749786376953125
370,4,person,0,0.5345467329025269,376.77410888671875,249.3097381591797,14.48699951171875,38.261993408203125
370,10,person,0,0.5450906157493591,323.18377685546875,243.113037109375,11.575469970703125,30.5269775390625
370,11,bicycle,1,0.5809674263000488,300.16912841796875,263.553466796875,11.333770751953125,22.887161254882812
371,7,person,0,0.7287728190422058,390.8443603515625,259.21258544921875,14.312530517578125,41.26866149902344
371,9,person,0,0.7078247666358948,300.8995361328125,254.05975341796875,17.832427978515625,38.073486328125
371,12,person,0,0.7327426075935364,340.2220764160156,246.24246215820312,10.1934814453125,30.263809204101562
371,4,person,0,0.6042256355285645,377.390625,249.8558349609375,14.099273681640625,35.95872497558594
371,10,person,0,0.6694686412811279,322.7570495605469,243.03271484375,11.2601318359375,32.75138854980469
371,11,bicycle,1,0.6617435216903687,300.3333435058594,266.27508544921875,11.37005615234375,27.65191650390625
372,7,person,0,0.7049775719642639,390.98651123046875,259.3414306640625,14.182525634765625,41.39869689941406
372,9,person,0,0.6318246126174927,300.8037109375,254.41357421875,17.981536865234375,38.27874755859375
372,12,person,0,0.7215446829795837,339.4893798828125,246.27023315429688,10.818145751953125,30.306289672851562
372,4,person,0,0.5071467161178589,377.7607116699219,250.00875854492188,14.1197509765625,36.31840515136719
372,10,person,0,0.6731774210929871,322.4959716796875,242.94854736328125,10.768524169921875,32.84394836425781
372,11,bicycle,1,0.6810315251350403,300.38372802734375,266.704345703125,11.63507080078125,28.289749145507812
373,7,person,0,0.7260496020317078,391.18218994140625,259.4306945800781,13.625701904296875,41.02435302734375
373,9,person,0,0.7054110169410706,300.6616516113281,255.06460571289062,17.86859130859375,38.99188232421875
373,12,person,0,0.693707287311554,339.15435791015625,245.7574920654297,10.390106201171875,29.356292724609375
373,4,person,0,0.5276015400886536,378.5928955078125,251.06101989746094,12.919219970703125,33.658538818359375
373,10,person,0,0.5651993751525879,322.3644714355469,240.69754028320312,10.344482421875,29.01068115234375
373,11,bicycle,1,0.40231233835220337,300.2054748535156,267.0877685546875,11.97900390625,27.156417846679688
374,7,person,0,0.7161740064620972,391.2156066894531,259.738525390625,13.641357421875,41.88505554199219
374,9,person,0,0.7417352199554443,300.4228515625,255.6419219970703,17.840728759765625,40.285675048828125
374,12,person,0,0.711515486240387,338.4109191894531,246.630126953125,11.0987548828125,31.741409301757812
374,4,person,0,0.33974623680114746,378.5022888183594,251.11492919921875,12.72991943359375,33.99034118652344
374,10,person,0,0.6382231116294861,322.22772216796875,240.86402893066406,10.064422607421875,29.4527587890625
374,11,bicycle,1,0.5845094919204712,300.12548828125,268.0355529785156,12.424957275390625,28.78741455078125
375,7,person,0,0.7234962582588196,391.03228759765625,259.8411865234375,13.792694091796875,41.95460510253906
375,9,person,0,0.740693986415863,299.9306945800781,255.9364776611328,17.7100830078125,41.609283447265625
375,12,person,0,0.7426153421401978,338.12677001953125,247.00912475585938,11.321380615234375,32.60186767578125
375,4,person,0,0.377858966588974,378.41046142578125,250.45458984375,12.923675537109375,35.23265075683594
375,10,person,0,0.6966485977172852,322.0456237792969,240.3673858642578,9.806640625,28.011322021484375
375,11,bicycle,1,0.4037438631057739,300.10760498046875,269.37371826171875,14.630279541015625,29.69000244140625
376,7,person,0,0.7569802403450012,390.81304931640625,259.86041259765625,14.021942138671875,42.02195739746094
376,9,person,0,0.7420511841773987,300.0344543457031,257.65509033203125,18.52923583984375,45.095458984375
376,12,person,0,0.7306248545646667,337.370849609375,247.19195556640625,11.027618408203125,33.20256042480469
376,10,person,0,0.6263018250465393,321.75836181640625,240.33877563476562,9.619232177734375,27.3203125
376,11,bicycle,1,0.34374114871025085,300.13726806640625,270.05316162109375,15.936676025390625,30.270233154296875
377,7,person,0,0.745002031326294,390.64532470703125,259.6848449707031,13.919403076171875,42.24919128417969
377,9,person,0,0.6996477842330933,299.66729736328125,257.688232421875,18.74554443359375,43.41169738769531
377,12,person,0,0.7045469284057617,336.83343505859375,247.19708251953125,10.428558349609375,33.55145263671875
377,10,person,0,0.5142673850059509,321.2392272949219,240.80477905273438,9.49603271484375,27.333908081054688
378,7,person,0,0.7291752696037292,390.7522277832031,259.6831359863281,13.83380126953125,42.19989013671875
378,9,person,0,0.7058228850364685,299.4736022949219,257.9847412109375,18.42095947265625,43.211151123046875
378,12,person,0,0.5158047676086426,336.0084228515625,246.28573608398438,10.7711181640625,31.769729614257812
378,10,person,0,0.522489607334137,320.93096923828125,241.6478729248047,9.524993896484375,27.82598876953125
379,7,person,0,0.7275809049606323,391.0910949707031,259.56964111328125,13.98089599609375,41.91876220703125
379,9,person,0,0.7379003167152405,299.07562255859375,259.00018310546875,18.55908203125,45.711761474609375
379,12,person,0,0.6246627569198608,335.4154052734375,246.62106323242188,10.212432861328125,33.06620788574219
379,10,person,0,0.5656790733337402,320.46380615234375,242.38363647460938,9.513275146484375,28.828811645507812
380,7,person,0,0.7186599373817444,391.24786376953125,259.6722412109375,13.595489501953125,41.90052795410156
380,9,person,0,0.775371789932251,298.81982421875,259.17059326171875,18.911102294921875,46.811798095703125
380,12,person,0,0.6923960447311401,334.92742919921875,246.9586944580078,10.3997802734375,33.309783935546875
380,10,person,0,0.52785325050354,319.7374267578125,243.72470092773438,10.073455810546875,29.75421142578125
381,7,person,0,0.7190560698509216,391.3143310546875,259.7087097167969,13.566802978515625,42.02912902832031
381,9,person,0,0.7829867005348206,298.63916015625,259.3395690917969,19.186737060546875,47.92094421386719
381,12,person,0,0.7003807425498962,334.3086242675781,246.917236328125,10.70965576171875,33.27717590332031
381,10,person,0,0.5964439511299133,319.41326904296875,244.30770874023438,10.06182861328125,29.740890502929688
382,7,person,0,0.7290371656417847,391.4517822265625,259.4677734375,14.117431640625,42.18351745605469
382,9,person,0,0.7385830879211426,298.1807861328125,258.45654296875,18.81085205078125,45.023651123046875
382,12,person,0,0.5705918669700623,334.1275634765625,245.57073974609375,10.306976318359375,30.600112915039062
382,10,person,0,0.5941493511199951,319.33172607421875,244.8177947998047,9.842681884765625,30.005828857421875
382,11,bicycle,1,0.5203839540481567,299.2447509765625,270.9861755371094,16.86846923828125,34.24028015136719
383,7,person,0,0.7280775904655457,391.58148193359375,259.322998046875,14.488189697265625,42.47532653808594
383,9,person,0,0.7534627318382263,297.9556884765625,258.49444580078125,18.49566650390625,44.07415771484375
383,12,person,0,0.5348300933837891,333.655029296875,244.49081420898438,9.715606689453125,28.362060546875
383,10,person,0,0.6402803063392639,319.01470947265625,245.22488403320312,9.976959228515625,30.472122192382812
383,11,bicycle,1,0.5050743222236633,298.6725158691406,270.9891357421875,16.7376708984375,35.005035400390625
384,7,person,0,0.7388193011283875,391.548095703125,259.2744140625,14.933563232421875,42.68818664550781
384,9,person,0,0.7395408749580383,297.86370849609375,258.8927001953125,18.479034423828125,44.677337646484375
384,12,person,0,0.5861960053443909,333.46356201171875,243.0161590576172,9.35858154296875,25.319305419921875
384,10,person,0,0.5829654932022095,318.80279541015625,245.14874267578125,9.83551025390625,30.306884765625
384,11,bicycle,1,0.46488261222839355,298.5086669921875,270.9864501953125,16.380157470703125,34.33570861816406
385,7,person,0,0.7243791222572327,391.46441650390625,259.2560119628906,15.50567626953125,42.74592590332031
385,9,person,0,0.7629912495613098,297.61676025390625,257.9825744628906,18.464630126953125,42.56813049316406
385,12,person,0,0.38833314180374146,333.15435791015625,242.5888671875,8.389739990234375,23.632675170898438
385,11,bicycle,1,0.6247653961181641,298.48529052734375,271.32061767578125,15.970367431640625,33.445098876953125
386,7,person,0,0.7328913807868958,391.4075012207031,259.4667663574219,15.14520263671875,43.10748291015625
386,9,person,0,0.7359949946403503,297.015625,257.6795959472656,18.164703369140625,41.0389404296875
386,12,person,0,0.5308842658996582,332.70062255859375,242.49365234375,8.334747314453125,23.82666015625
386,11,bicycle,1,0.6185041069984436,298.41387939453125,270.70379638671875,14.931121826171875,33.6539306640625
387,7,person,0,0.7359310388565063,391.55584716796875,259.33123779296875,15.09490966796875,42.948455810546875
387,9,person,0,0.7660412788391113,296.8367919921875,257.55810546875,17.876373291015625,40.63932800292969
387,12,person,0,0.46253567934036255,332.3270263671875,242.36874389648438,8.337982177734375,23.916885375976562
387,11,bicycle,1,0.6299471259117126,297.99456787109375,271.33270263671875,14.963287353515625,34.382080078125
388,7,person,0,0.7532925009727478,391.54248046875,259.2194519042969,15.202423095703125,42.47999572753906
388,9,person,0,0.7429092526435852,296.2759704589844,257.878662109375,17.78875732421875,41.3302001953125
388,12,person,0,0.24464325606822968,332.02008056640625,242.11917114257812,8.195709228515625,23.152252197265625
388,11,bicycle,1,0.6936399936676025,297.52215576171875,271.8172912597656,15.219024658203125,35.3907470703125
389,7,person,0,0.7494748830795288,391.60467529296875,259.2629699707031,15.0299072265625,42.35643005371094
389,9,person,0,0.7285857796669006,295.81884765625,257.6877136230469,17.71038818359375,41.16941833496094
389,12,person,0,0.4836580753326416,331.2306823730469,242.1050567626953,8.9180908203125,23.40289306640625
389,11,bicycle,1,0.6215879917144775,296.59771728515625,272.6613464355469,14.857513427734375,36.21112060546875
390,7,person,0,0.75066077709198,391.9115905761719,259.4651794433594,14.79290771484375,42.33587646484375
390,9,person,0,0.770666241645813,295.59539794921875,257.9690856933594,17.67694091796875,41.18525695800781
390,12,person,0,0.3875017762184143,330.63323974609375,242.99728393554688,9.750396728515625,25.355331420898438
390,11,bicycle,1,0.601717472076416,296.09100341796875,273.79241943359375,13.516510009765625,35.19573974609375
391,7,person,0,0.7634492516517639,392.0276794433594,259.7192077636719,14.87725830078125,42.34452819824219
391,9,person,0,0.7477334141731262,295.2347412109375,257.66009521484375,17.55206298828125,39.993377685546875
391,12,person,0,0.4116053581237793,330.10162353515625,242.55319213867188,9.835662841796875,24.791763305664062
391,11,bicycle,1,0.6501541137695312,295.7311096191406,273.8453369140625,14.04583740234375,35.543060302734375
391,4,person,0,0.5137590169906616,380.8314208984375,246.56625366210938,11.421783447265625,32.31196594238281
392,7,person,0,0.7665538191795349,392.06109619140625,259.9303894042969,15.186126708984375,42.59877014160156
392,9,person,0,0.7099990844726562,294.84356689453125,257.70758056640625,17.259857177734375,39.701751708984375
392,12,person,0,0.4320107102394104,329.6430969238281,242.22348022460938,10.07623291015625,24.337112426757812
392,11,bicycle,1,0.6439459323883057,295.0117492675781,274.31317138671875,13.82000732421875,35.70965576171875
392,4,person,0,0.481321781873703,381.09686279296875,245.35037231445312,11.167633056640625,29.47552490234375
393,7,person,0,0.7397504448890686,392.27587890625,260.2109680175781,15.118896484375,42.9112548828125
393,9,person,0,0.7138062119483948,294.6507568359375,256.975830078125,17.652923583984375,38.51922607421875
393,12,person,0,0.4826456904411316,329.3245849609375,242.04066467285156,10.144195556640625,24.136077880859375
393,11,bicycle,1,0.6817315816879272,294.1982421875,273.8890686035156,14.57916259765625,37.21345520019531
393,4,person,0,0.4497338831424713,381.35107421875,245.2493438720703,10.761138916015625,28.948944091796875
394,7,person,0,0.7289102077484131,392.558837890625,260.400390625,14.835174560546875,43.13496398925781
394,9,person,0,0.678970217704773,293.98370361328125,257.30560302734375,18.197998046875,39.038238525390625
394,12,person,0,0.23852793872356415,328.777587890625,241.83135986328125,9.84527587890625,24.071762084960938
394,11,bicycle,1,0.6464166045188904,293.878662109375,274.4201354980469,15.291748046875,37.28858947753906
394,4,person,0,0.42446932196617126,381.58154296875,246.3993377685547,10.973785400390625,31.235382080078125
395,7,person,0,0.7306231260299683,392.74365234375,260.4755859375,14.494049072265625,43.38392639160156
395,9,person,0,0.6086667776107788,293.430908203125,258.18731689453125,18.022491455078125,39.828399658203125
395,12,person,0,0.3204842209815979,327.9962463378906,241.7471160888672,10.578369140625,24.36187744140625
395,11,bicycle,1,0.63618004322052,293.3248291015625,274.81573486328125,16.013946533203125,37.279754638671875
395,4,person,0,0.34611445665359497,381.7921142578125,246.895263671875,11.455047607421875,32.93663024902344
396,7,person,0,0.7596832513809204,392.78009033203125,260.4617919921875,14.52911376953125,43.44264221191406
396,9,person,0,0.6413927674293518,292.6760559082031,260.74041748046875,19.3984375,43.16136169433594
396,11,bicycle,1,0.608083963394165,293.2556457519531,275.17791748046875,15.8245849609375,37.22772216796875
396,4,person,0,0.3936496078968048,382.0338134765625,246.9353790283203,11.848846435546875,33.709442138671875
397,7,person,0,0.7497991919517517,392.82330322265625,260.41705322265625,14.712493896484375,43.46287536621094
397,9,person,0,0.7078056335449219,291.28948974609375,263.12890625,20.194122314453125,46.996246337890625
397,11,bicycle,1,0.5247288346290588,292.70684814453125,275.6185302734375,16.42218017578125,37.187225341796875
397,4,person,0,0.5581889152526855,382.131103515625,247.13330078125,11.90863037109375,34.25096130371094
398,7,person,0,0.756912112236023,392.84490966796875,260.36553955078125,14.890594482421875,43.391571044921875
398,9,person,0,0.529179036617279,290.49249267578125,261.32012939453125,20.03857421875,42.22431945800781
398,11,bicycle,1,0.5336815714836121,292.455078125,275.87725830078125,17.00341796875,37.57794189453125
398,4,person,0,0.5142925977706909,381.9505920410156,246.8282470703125,11.87921142578125,33.60484313964844
399,7,person,0,0.7500519752502441,392.870361328125,260.4621887207031,14.876190185546875,43.44586181640625
399,9,person,0,0.7195997834205627,290.3583984375,263.52069091796875,20.369140625,46.42872619628906
399,11,bicycle,1,0.5715218782424927,291.2767028808594,276.59002685546875,16.253662109375,36.459014892578125
399,4,person,0,0.5087411999702454,381.8501892089844,246.41122436523438,11.515869140625,32.78971862792969
400,7,person,0,0.7628936171531677,392.8738708496094,260.5057373046875,14.9129638671875,43.39994812011719
400,9,person,0,0.7168053388595581,289.5228271484375,264.2666931152344,20.644256591796875,47.25337219238281
400,11,bicycle,1,0.5997262001037598,290.59906005859375,277.78973388671875,16.144989013671875,35.845977783203125
400,4,person,0,0.5514349937438965,381.8124694824219,246.00599670410156,11.61260986328125,32.220794677734375
401,7,person,0,0.7557069063186646,392.91180419921875,260.4112548828125,14.832763671875,43.14414978027344
401,9,person,0,0.6655476689338684,288.64410400390625,264.3092041015625,20.607940673828125,46.669281005859375
401,11,bicycle,1,0.6257336735725403,290.2830810546875,278.1242980957031,16.411346435546875,36.07940673828125
401,4,person,0,0.5603569746017456,381.9110107421875,246.2784423828125,11.622894287109375,32.77537536621094
402,7,person,0,0.7772199511528015,392.87249755859375,260.5229187011719,14.957061767578125,43.29298400878906
402,9,person,0,0.6930637359619141,288.5224304199219,263.503662109375,19.4097900390625,45.740203857421875
402,11,bicycle,1,0.6264862418174744,289.7030944824219,278.11822509765625,16.2294921875,36.631378173828125
402,4,person,0,0.5680573582649231,381.9667663574219,246.50424194335938,11.44964599609375,33.27375793457031
403,7,person,0,0.7751539945602417,392.8564758300781,260.37811279296875,14.88616943359375,43.135162353515625
403,9,person,0,0.718359649181366,288.1453552246094,262.73553466796875,19.70587158203125,45.216094970703125
403,11,bicycle,1,0.6080057621002197,289.12994384765625,278.7375183105469,16.4415283203125,35.732177734375
403,4,person,0,0.5360012650489807,382.01434326171875,246.65277099609375,11.108367919921875,33.58448791503906
403,12,person,0,0.5504125952720642,326.96282958984375,245.76583862304688,10.532928466796875,32.35845947265625
404,7,person,0,0.7816870808601379,392.86669921875,260.5030517578125,14.865753173828125,43.187713623046875
404,9,person,0,0.7539641261100769,287.33074951171875,262.9022521972656,20.138916015625,46.80564880371094
404,11,bicycle,1,0.5810238122940063,287.6787109375,279.413330078125,16.81903076171875,34.4981689453125
404,4,person,0,0.5536643862724304,382.119140625,246.86154174804688,11.017059326171875,33.85798645019531
404,12,person,0,0.39224177598953247,326.76934814453125,246.2153778076172,10.358367919921875,33.243560791015625
405,7,person,0,0.7815511226654053,392.71075439453125,260.69854736328125,14.75469970703125,43.26768493652344
405,9,person,0,0.7474777698516846,286.62066650390625,263.01409912109375,19.847015380859375,47.50651550292969
405,11,bicycle,1,0.6072649955749512,286.60101318359375,279.892578125,16.91448974609375,36.304412841796875
405,4,person,0,0.5926339030265808,382.302490234375,246.94143676757812,11.261688232421875,33.9398193359375
405,12,person,0,0.34698358178138733,326.54302978515625,246.21932983398438,10.155426025390625,33.20045471191406
406,7,person,0,0.7864956855773926,392.5990905761719,260.8175964355469,14.48712158203125,43.17961120605469
406,9,person,0,0.7476692199707031,285.79412841796875,263.3470153808594,20.1148681640625,47.82752990722656
406,11,bicycle,1,0.6339128017425537,285.8631591796875,280.2066650390625,16.967376708984375,36.891143798828125
406,4,person,0,0.6133652925491333,382.28302001953125,247.14163208007812,10.99652099609375,34.34358215332031
406,12,person,0,0.24670884013175964,326.50457763671875,243.54104614257812,9.69580078125,28.069656372070312
407,7,person,0,0.7744181156158447,392.5361022949219,260.8843994140625,14.14349365234375,43.0924072265625
407,9,person,0,0.7592752575874329,284.6819763183594,263.98516845703125,21.1868896484375,48.385162353515625
407,11,bicycle,1,0.6041145920753479,284.21466064453125,280.4725036621094,18.546417236328125,36.5794677734375
407,4,person,0,0.5816755890846252,382.3150939941406,247.19729614257812,10.883544921875,34.39436340332031
407,12,person,0,0.32832813262939453,326.59674072265625,242.32278442382812,9.77093505859375,25.786666870117188
407,10,person,0,0.5381444692611694,310.15869140625,243.56016540527344,10.769927978515625,32.581634521484375
408,7,person,0,0.7674843072891235,392.1571960449219,261.05474853515625,14.23077392578125,43.6304931640625
408,9,person,0,0.7783019542694092,283.81756591796875,264.39898681640625,21.755706787109375,49.195343017578125
408,11,bicycle,1,0.6093924641609192,283.33355712890625,280.6846923828125,19.889434814453125,36.401885986328125
408,4,person,0,0.5618335008621216,382.6614990234375,247.13143920898438,11.786590576171875,34.1522216796875
408,12,person,0,0.31288623809814453,326.6402587890625,241.9296112060547,9.608428955078125,25.145782470703125
408,10,person,0,0.5280661582946777,309.80438232421875,243.46578979492188,10.849578857421875,32.52079772949219
409,7,person,0,0.7497525811195374,392.0632019042969,261.290283203125,13.64013671875,43.76280212402344
409,9,person,0,0.7791339755058289,282.9556884765625,265.4726257324219,21.906646728515625,51.63877868652344
409,11,bicycle,1,0.5781874656677246,282.08746337890625,281.3060302734375,18.540008544921875,37.481842041015625
409,4,person,0,0.47820886969566345,382.84344482421875,247.03439331054688,12.425994873046875,34.00886535644531
409,12,person,0,0.15208302438259125,326.6736145019531,241.98919677734375,9.38836669921875,25.016006469726562
409,10,person,0,0.36708366870880127,309.5755615234375,243.611083984375,10.659149169921875,32.37623596191406
410,7,person,0,0.7200983166694641,391.83758544921875,261.3703918457031,13.569732666015625,43.67976379394531
410,9,person,0,0.7712642550468445,282.34844970703125,265.94219970703125,22.0091552734375,52.729522705078125
410,11,bicycle,1,0.6011518836021423,281.9732971191406,281.8675842285156,18.833984375,38.03857421875
410,4,person,0,0.5211403965950012,383.1783447265625,246.79710388183594,13.377166748046875,33.821685791015625
410,12,person,0,0.2621191442012787,326.6763610839844,241.82444763183594,9.39495849609375,25.01068115234375
410,10,person,0,0.44011953473091125,309.3048400878906,243.83848571777344,10.78179931640625,33.046234130859375
411,7,person,0,0.6981247067451477,391.56024169921875,261.4675598144531,13.482086181640625,43.71293640136719
411,9,person,0,0.7688919901847839,281.96337890625,267.12396240234375,22.267364501953125,53.465362548828125
411,11,bicycle,1,0.5899420380592346,280.2567443847656,282.33026123046875,17.07867431640625,37.219451904296875
411,4,person,0,0.4997446537017822,383.3038024902344,246.5554656982422,13.89801025390625,32.924713134765625
411,12,person,0,0.23310256004333496,326.73126220703125,241.53048706054688,9.542510986328125,25.483016967773438
411,10,person,0,0.5820985436439514,309.1221923828125,243.62698364257812,11.1885986328125,34.33366394042969
412,7,person,0,0.6614508032798767,391.3856201171875,261.4338684082031,13.496856689453125,43.31752014160156
412,9,person,0,0.7461372017860413,281.1746826171875,267.1600341796875,22.39239501953125,53.231109619140625
412,11,bicycle,1,0.6623280048370361,279.6963806152344,282.4296875,16.74920654296875,37.40826416015625
412,4,person,0,0.4536089301109314,383.2933349609375,247.30506896972656,13.6873779296875,34.761199951171875
412,12,person,0,0.3449852466583252,326.864990234375,241.2117462158203,9.320709228515625,24.952880859375
412,10,person,0,0.5778430104255676,308.64874267578125,243.74160766601562,11.64764404296875,35.343994140625
413,7,person,0,0.6110509037971497,390.6533508300781,261.3220520019531,14.011474609375,43.38897705078125
413,9,person,0,0.7176415324211121,280.14837646484375,267.0473327636719,22.93060302734375,52.55052185058594
413,11,bicycle,1,0.6258629560470581,279.108154296875,282.3012390136719,17.870086669921875,38.65081787109375
413,4,person,0,0.2276889681816101,383.3525390625,247.29736328125,13.47589111328125,34.378173828125
413,12,person,0,0.4231834411621094,326.88385009765625,241.04916381835938,9.223480224609375,24.442398071289062
413,10,person,0,0.6124982237815857,308.2127685546875,243.77508544921875,12.16864013671875,36.374267578125
414,7,person,0,0.6400116086006165,389.7861328125,261.2457275390625,14.475677490234375,44.48594665527344
414,9,person,0,0.7419013977050781,279.14703369140625,267.4559326171875,23.24371337890625,52.356353759765625
414,11,bicycle,1,0.6161475777626038,278.01275634765625,282.7677001953125,17.08099365234375,39.0875244140625
414,12,person,0,0.4408234655857086,326.95489501953125,241.27796936035156,8.973602294921875,24.633056640625
414,10,person,0,0.709701418876648,307.8116455078125,243.70217895507812,12.311553955078125,36.53657531738281
415,7,person,0,0.6923423409461975,389.2132568359375,261.3229675292969,15.0333251953125,45.08790588378906
415,9,person,0,0.7757679224014282,277.77569580078125,268.68585205078125,23.4119873046875,53.87164306640625
415,11,bicycle,1,0.6271358728408813,276.4334716796875,283.0726318359375,18.870361328125,40.176025390625
415,12,person,0,0.37039726972579956,327.00225830078125,242.86692810058594,8.363128662109375,26.500152587890625
415,10,person,0,0.7091670632362366,307.4957580566406,243.5163116455078,11.85418701171875,36.345672607421875
416,7,person,0,0.6904349327087402,388.95159912109375,261.30047607421875,15.187164306640625,45.338287353515625
416,9,person,0,0.8006939888000488,276.7684326171875,269.7147216796875,23.852386474609375,55.71607971191406
416,11,bicycle,1,0.6004281640052795,275.7925720214844,282.9159851074219,19.25909423828125,40.0447998046875
416,12,person,0,0.42563462257385254,327.0906982421875,244.56011962890625,8.45355224609375,28.41998291015625
416,10,person,0,0.7231661081314087,306.86114501953125,243.3007049560547,12.423736572265625,35.997344970703125
417,7,person,0,0.7195099592208862,388.89556884765625,261.3926696777344,15.536224365234375,45.53984069824219
417,9,person,0,0.7986128926277161,275.90631103515625,270.6999816894531,24.099945068359375,55.52314758300781
417,11,bicycle,1,0.636073648929596,274.5242614746094,283.92303466796875,18.5574951171875,40.3021240234375
417,12,person,0,0.44624122977256775,326.6407470703125,246.38217163085938,8.903228759765625,29.021224975585938
417,10,person,0,0.7446998953819275,306.3917236328125,243.25022888183594,12.874542236328125,35.952911376953125
418,7,person,0,0.6948679089546204,388.9530029296875,261.43194580078125,15.5985107421875,45.88885498046875
418,9,person,0,0.7843608260154724,274.886474609375,271.37493896484375,24.879852294921875,55.533050537109375
418,11,bicycle,1,0.5739505887031555,274.59014892578125,284.8643798828125,19.249298095703125,39.794464111328125
418,12,person,0,0.42629554867744446,326.344482421875,246.7864990234375,9.676544189453125,29.99591064453125
418,10,person,0,0.6899092793464661,306.1968994140625,243.41033935546875,12.776947021484375,35.46632385253906
419,7,person,0,0.69622802734375,388.69610595703125,261.4061584472656,16.388671875,46.302490234375
419,9,person,0,0.7717745900154114,274.1623840332031,270.8248596191406,25.2376708984375,54.42205810546875
419,11,bicycle,1,0.6325187683105469,274.6905517578125,285.59197998046875,21.423858642578125,41.332672119140625
419,12,person,0,0.5340852737426758,326.2165222167969,246.8734130859375,9.98431396484375,30.699356079101562
419,10,person,0,0.6588737368583679,306.2590026855469,243.512451171875,12.51397705078125,35.56449890136719
420,7,person,0,0.6896398663520813,388.3211669921875,261.5838928222656,17.220458984375,46.4498291015625
420,9,person,0,0.7833249568939209,273.20416259765625,271.2198791503906,25.813385009765625,54.13130187988281
420,11,bicycle,1,0.5726126432418823,274.0986328125,286.20904541015625,20.382781982421875,41.043609619140625
420,12,person,0,0.5336382985115051,326.8135986328125,246.59063720703125,9.38287353515625,30.389907836914062
420,10,person,0,0.7133729457855225,306.22857666015625,243.612060546875,12.499542236328125,35.81053161621094
421,7,person,0,0.729546308517456,388.21990966796875,261.79608154296875,17.19061279296875,46.586700439453125
421,9,person,0,0.7950211763381958,272.2291259765625,271.3509216308594,26.516357421875,54.74421691894531
421,11,bicycle,1,0.6217706203460693,271.86151123046875,286.29296875,20.725433349609375,42.033172607421875
421,12,person,0,0.4532669484615326,327.3077697753906,245.0810546875,8.9222412109375,29.072280883789062
421,10,person,0,0.7176516056060791,306.40704345703125,243.81069946289062,12.63140869140625,35.856201171875
422,7,person,0,0.7423965334892273,387.9576416015625,261.8670959472656,17.593292236328125,46.87725830078125
422,9,person,0,0.7887147665023804,271.39739990234375,271.47979736328125,27.2984619140625,54.14723205566406
422,11,bicycle,1,0.7002716660499573,270.7489013671875,287.4110107421875,23.811065673828125,41.047943115234375
422,12,person,0,0.4808507561683655,327.53314208984375,244.1825714111328,8.772003173828125,28.875396728515625
422,10,person,0,0.7046448588371277,306.46337890625,243.8170166015625,12.859771728515625,35.64031982421875
423,7,person,0,0.7564206123352051,387.58404541015625,261.858154296875,18.007659912109375,46.9132080078125
423,9,person,0,0.7672223448753357,269.908447265625,271.6805419921875,26.932708740234375,54.507354736328125
423,11,bicycle,1,0.6925757527351379,269.37237548828125,288.0411376953125,23.23358154296875,39.795623779296875
423,12,person,0,0.4165639281272888,327.82904052734375,244.5969696044922,8.74951171875,30.678802490234375
423,10,person,0,0.6487910747528076,306.2809143066406,242.51904296875,12.36907958984375,32.62681579589844
424,7,person,0,0.7370975613594055,387.26434326171875,262.33380126953125,18.889373779296875,46.933837890625
424,9,person,0,0.8161007165908813,268.6073303222656,271.4110412597656,26.713851928710938,54.0496826171875
424,11,bicycle,1,0.6794134378433228,268.698974609375,288.4571533203125,25.641799926757812,40.009735107421875
424,12,person,0,0.45369264483451843,328.02239990234375,244.56793212890625,8.84393310546875,31.238510131835938
424,10,person,0,0.6288880705833435,305.9798583984375,242.02667236328125,11.855682373046875,31.35723876953125
425,7,person,0,0.7718838453292847,386.85888671875,262.26611328125,18.679351806640625,46.48210144042969
425,9,person,0,0.8243653178215027,267.62091064453125,271.5123596191406,26.611129760742188,53.78643798828125
425,11,bicycle,1,0.745485782623291,267.5602111816406,288.47454833984375,26.279342651367188,40.762298583984375
425,12,person,0,0.3993941843509674,328.133544921875,244.5591583251953,8.905975341796875,31.038848876953125
425,10,person,0,0.6376286149024963,305.9202880859375,242.024169921875,11.940826416015625,32.02091979980469
426,7,person,0,0.7738142609596252,386.36224365234375,262.5826416015625,18.904998779296875,46.53929138183594
426,9,person,0,0.6627994775772095,266.07781982421875,272.5394592285156,26.726898193359375,54.11210632324219
426,11,bicycle,1,0.6767638325691223,266.1465148925781,288.490234375,23.700485229492188,41.70196533203125
426,12,person,0,0.538881778717041,327.8610534667969,243.3145751953125,9.0457763671875,29.050460815429688
426,10,person,0,0.7133063673973083,305.8857421875,242.656494140625,12.325653076171875,33.69075012207031
427,7,person,0,0.7630019187927246,385.9774475097656,262.64349365234375,17.826904296875,46.12286376953125
427,9,person,0,0.7490267753601074,264.929931640625,272.0166931152344,27.19830322265625,51.95066833496094
427,11,bicycle,1,0.6528842449188232,265.46258544921875,289.0032653808594,25.375686645507812,41.0225830078125
427,12,person,0,0.5760895013809204,327.56689453125,242.8812255859375,9.28851318359375,28.552963256835938
427,10,person,0,0.7040694952011108,305.8961486816406,243.15255737304688,12.62689208984375,35.27223205566406
428,7,person,0,0.7955532670021057,385.4023132324219,262.6316223144531,16.92913818359375,45.46282958984375
428,9,person,0,0.7315678596496582,263.4466552734375,272.0641784667969,28.2186279296875,52.54902648925781
428,11,bicycle,1,0.6815140247344971,264.4275207519531,289.5779113769531,27.016433715820312,42.24200439453125
428,12,person,0,0.56658536195755,327.45635986328125,242.03799438476562,9.392303466796875,27.465164184570312
428,10,person,0,0.6938018798828125,306.0743408203125,243.3857421875,12.513580322265625,35.92771911621094
429,7,person,0,0.7846522927284241,384.80487060546875,262.35040283203125,16.352569580078125,44.887969970703125
429,9,person,0,0.6992376446723938,261.6685791015625,272.6211853027344,28.41766357421875,54.42887878417969
429,11,bicycle,1,0.7007998824119568,261.8504638671875,290.21343994140625,24.405349731445312,41.827667236328125
429,12,person,0,0.5386536717414856,327.54443359375,242.4124755859375,9.659637451171875,27.79205322265625
429,10,person,0,0.6783799529075623,306.2287902832031,243.4988555908203,12.38641357421875,36.387176513671875
430,7,person,0,0.7959679961204529,384.4288330078125,262.73712158203125,16.140716552734375,44.998199462890625
430,9,person,0,0.7902111411094666,260.199951171875,272.50518798828125,27.766754150390625,52.136505126953125
430,11,bicycle,1,0.6866481304168701,260.35821533203125,290.4687805175781,22.525253295898438,40.23919677734375
430,12,person,0,0.4950624704360962,327.8333740234375,242.4617156982422,9.440521240234375,27.480255126953125
430,10,person,0,0.6971619129180908,306.29962158203125,243.61424255371094,12.106597900390625,36.375152587890625
431,7,person,0,0.797822117805481,384.20635986328125,262.8121337890625,16.142303466796875,45.077606201171875
431,9,person,0,0.6901960372924805,258.8355712890625,272.74298095703125,27.434356689453125,51.4117431640625
431,11,bicycle,1,0.7003158926963806,259.8555908203125,290.1662292480469,24.715179443359375,40.324462890625
431,12,person,0,0.5420191884040833,328.2857666015625,242.46539306640625,9.356170654296875,26.835952758789062
431,10,person,0,0.7279576659202576,306.37109375,243.66339111328125,11.88446044921875,36.4752197265625
432,7,person,0,0.7931274175643921,383.79986572265625,263.122314453125,16.2158203125,45.44880676269531
432,9,person,0,0.7476436495780945,257.3929748535156,273.3302917480469,28.229598999023438,52.47906494140625
432,11,bicycle,1,0.7016361951828003,257.94842529296875,291.26947021484375,27.05841064453125,41.875091552734375
432,12,person,0,0.5643912553787231,328.5942077636719,243.28573608398438,9.3809814453125,27.828872680664062
432,10,person,0,0.7369452714920044,306.4245910644531,243.69674682617188,11.9910888671875,36.74418640136719
433,7,person,0,0.7678318023681641,383.73773193359375,263.3037414550781,15.88775634765625,45.42988586425781
433,9,person,0,0.7770220637321472,255.4112548828125,274.0479431152344,29.343765258789062,53.35795593261719
433,11,bicycle,1,0.738594651222229,255.69235229492188,292.59820556640625,28.53106689453125,42.522491455078125
433,12,person,0,0.5225792527198792,328.87261962890625,244.12872314453125,9.437835693359375,29.339584350585938
433,10,person,0,0.6726787090301514,306.45977783203125,243.461669921875,12.208953857421875,36.61985778808594
434,7,person,0,0.7715588808059692,383.37982177734375,263.2646179199219,15.6328125,45.44020080566406
434,9,person,0,0.7936973571777344,253.5262908935547,274.66900634765625,29.495880126953125,53.341705322265625
434,11,bicycle,1,0.7907811403274536,254.63540649414062,293.8722229003906,29.416183471679688,42.59228515625
434,12,person,0,0.42111435532569885,329.1943664550781,245.0234375,9.818359375,31.551834106445312
434,10,person,0,0.7064659595489502,306.55853271484375,243.56280517578125,12.371002197265625,36.43089294433594
435,7,person,0,0.6732684969902039,383.3719482421875,262.6795349121094,14.811248779296875,44.315673828125
435,9,person,0,0.7996994853019714,251.86981201171875,274.6958312988281,29.422409057617188,53.26405334472656
435,11,bicycle,1,0.7397644519805908,253.41366577148438,294.52001953125,29.828125,42.556793212890625
435,12,person,0,0.5253607034683228,329.58392333984375,245.20236206054688,9.96832275390625,31.707473754882812
435,10,person,0,0.7098839282989502,306.4375,243.64016723632812,12.42822265625,37.10350036621094
436,7,person,0,0.7169424295425415,382.9693603515625,262.97979736328125,14.88775634765625,44.66035461425781
436,9,person,0,0.7777001261711121,250.3721466064453,274.66058349609375,29.433441162109375,52.74250793457031
436,11,bicycle,1,0.7469120621681213,251.95913696289062,295.0790710449219,30.858627319335938,42.4827880859375
436,12,person,0,0.46655020117759705,329.76513671875,245.33509826660156,10.151611328125,31.551788330078125
436,10,person,0,0.6988071799278259,306.36456298828125,243.76812744140625,12.341949462890625,36.6051025390625
437,7,person,0,0.7531944513320923,382.55474853515625,263.2271728515625,15.092529296875,44.791900634765625
437,9,person,0,0.802966296672821,248.72422790527344,274.7003479003906,29.486480712890625,52.92364501953125
437,11,bicycle,1,0.8058668375015259,250.3887939453125,295.51141357421875,31.636489868164062,42.56976318359375
437,12,person,0,0.5797526836395264,330.3333740234375,246.3357391357422,10.201873779296875,31.953155517578125
437,10,person,0,0.6661664843559265,306.43402099609375,243.76800537109375,12.019989013671875,35.63214111328125
438,7,person,0,0.7539985775947571,382.14739990234375,263.38812255859375,14.467987060546875,44.653900146484375
438,9,person,0,0.7988103628158569,246.73028564453125,275.3620910644531,30.206558227539062,53.468505859375
438,11,bicycle,1,0.7541424036026001,248.83831787109375,295.58685302734375,31.99896240234375,41.076263427734375
438,12,person,0,0.5368168354034424,330.7333984375,246.74551391601562,10.169036865234375,31.575515747070312
438,10,person,0,0.6625728011131287,306.36212158203125,244.17535400390625,11.66162109375,35.69856262207031
439,7,person,0,0.7472090125083923,381.8548583984375,263.415771484375,15.134552001953125,45.237274169921875
439,9,person,0,0.7967666387557983,244.81637573242188,275.7770080566406,31.097030639648438,54.66796875
439,11,bicycle,1,0.7234786748886108,247.04898071289062,296.01226806640625,33.107421875,39.807281494140625
439,12,person,0,0.5225168466567993,330.88946533203125,246.56875610351562,10.417877197265625,30.976760864257812
439,10,person,0,0.6903605461120605,306.2659912109375,244.84384155273438,11.63018798828125,36.19718933105469
440,7,person,0,0.7391847372055054,381.581298828125,263.5350036621094,16.024749755859375,45.10871887207031
440,9,person,0,0.825268566608429,242.8717498779297,276.7557678222656,31.734527587890625,56.05326843261719
440,11,bicycle,1,0.7770364284515381,245.35586547851562,297.3756103515625,35.6044921875,41.168731689453125
440,12,person,0,0.43202513456344604,331.6474304199219,246.41436767578125,10.38031005859375,31.98553466796875
440,10,person,0,0.6193410754203796,306.1893005371094,245.05703735351562,11.79571533203125,36.83708190917969
441,7,person,0,0.7561065554618835,381.1856689453125,263.2245788574219,17.710205078125,46.15394592285156
441,9,person,0,0.8416541814804077,240.75970458984375,277.9730529785156,32.16020202636719,57.42237854003906
441,11,bicycle,1,0.7786861062049866,243.04031372070312,298.0289001464844,36.13531494140625,40.88922119140625
441,12,person,0,0.4936802089214325,332.0517578125,245.6475067138672,11.746063232421875,34.334503173828125
441,10,person,0,0.6805048584938049,306.1296691894531,245.06500244140625,11.82305908203125,36.81459045410156
442,7,person,0,0.7799276113510132,380.3193054199219,263.5932922363281,19.42767333984375,46.35987854003906
442,9,person,0,0.8345463871955872,238.90084838867188,278.4922790527344,31.669662475585938,57.96295166015625
442,11,bicycle,1,0.7872486114501953,241.3702850341797,298.53515625,37.366119384765625,41.866455078125
442,12,person,0,0.5920937061309814,332.17022705078125,245.7841796875,11.0438232421875,33.33320617675781
442,10,person,0,0.7071608304977417,306.0058288574219,245.08956909179688,11.41802978515625,36.51231384277344
443,7,person,0,0.8115935921669006,379.9658203125,264.0677795410156,20.3563232421875,46.44895935058594
443,9,person,0,0.8313040137290955,237.36163330078125,278.86578369140625,31.572341918945312,58.64027404785156
443,11,bicycle,1,0.7993040680885315,239.03460693359375,299.10589599609375,38.42689514160156,41.489898681640625
443,12,person,0,0.606765627861023,332.67559814453125,245.39378356933594,11.837127685546875,33.845672607421875
443,10,person,0,0.7200469374656677,306.02801513671875,244.96324157714844,11.392333984375,36.395477294921875
444,7,person,0,0.79771488904953,379.4096984863281,263.866455078125,21.059326171875,47.51728820800781
444,9,person,0,0.8275386095046997,235.11849975585938,278.60614013671875,31.812301635742188,59.78094482421875
444,11,bicycle,1,0.7923732995986938,236.95501708984375,299.72479248046875,39.30439758300781,43.5771484375
444,12,person,0,0.6538902521133423,333.23907470703125,244.341064453125,12.383880615234375,34.93890380859375
444,10,person,0,0.690383791923523,306.00732421875,244.93655395507812,11.52020263671875,36.11466979980469
445,7,person,0,0.7861912250518799,379.0104675292969,263.9830322265625,20.926025390625,47.511260986328125
445,9,person,0,0.8280046582221985,233.2156219482422,278.78729248046875,31.59368896484375,59.520904541015625
445,11,bicycle,1,0.7768586277961731,234.77696228027344,299.1536865234375,41.042449951171875,43.685821533203125
445,12,person,0,0.7008917927742004,333.38427734375,243.4716796875,12.055999755859375,36.96624755859375
445,10,person,0,0.6963211894035339,306.1211853027344,244.5058135986328,12.15716552734375,36.402008056640625
446,7,person,0,0.7666993737220764,378.81072998046875,264.282958984375,20.434661865234375,47.317535400390625
446,9,person,0,0.7898173332214355,231.0791015625,279.41064453125,32.01078796386719,60.2779541015625
446,11,bicycle,1,0.7604569792747498,232.92820739746094,300.00604248046875,42.9818115234375,46.137969970703125
446,12,person,0,0.7298886179924011,333.3576354980469,242.90432739257812,11.70025634765625,38.41502380371094
446,10,person,0,0.6371840238571167,306.073486328125,244.5765838623047,12.370819091796875,36.197723388671875
447,7,person,0,0.7467303276062012,378.4613342285156,264.1395263671875,20.267822265625,47.56227111816406
447,9,person,0,0.7264025211334229,229.0254669189453,280.4480895996094,32.22265625,60.97087097167969
447,11,bicycle,1,0.795621931552887,230.2166748046875,300.6278076171875,43.38368225097656,46.448150634765625
447,12,person,0,0.7148314118385315,333.144287109375,242.71519470214844,11.54278564453125,38.566436767578125
447,10,person,0,0.6642375588417053,306.20758056640625,244.50177001953125,12.223236083984375,36.00856018066406
448,7,person,0,0.7151824831962585,377.88177490234375,264.4381103515625,18.637908935546875,46.726837158203125
448,9,person,0,0.618892252445221,229.15255737304688,280.8045654296875,27.910675048828125,61.642120361328125
448,11,bicycle,1,0.7853382229804993,228.0502471923828,301.24920654296875,44.477569580078125,46.240936279296875
448,12,person,0,0.7406263947486877,333.2613525390625,243.53543090820312,11.300994873046875,38.93218994140625
448,10,person,0,0.6916834712028503,305.97247314453125,244.6185302734375,12.591705322265625,36.66815185546875
449,7,person,0,0.7271219491958618,377.34698486328125,264.02911376953125,16.5594482421875,45.87956237792969
449,9,person,0,0.7025866508483887,224.88516235351562,281.7550354003906,32.23939514160156,63.07585144042969
449,11,bicycle,1,0.8246327638626099,225.28038024902344,302.360595703125,44.776641845703125,44.892852783203125
449,12,person,0,0.754272997379303,333.3362121582031,244.44419860839844,10.95654296875,37.544647216796875
449,10,person,0,0.6777979731559753,305.71746826171875,244.3159637451172,12.73468017578125,36.158782958984375
450,7,person,0,0.737849771976471,376.12347412109375,264.16741943359375,15.613922119140625,45.8062744140625
450,9,person,0,0.7529468536376953,221.6923828125,281.6451416015625,33.73497009277344,63.32176208496094
450,11,bicycle,1,0.8268121480941772,222.67462158203125,302.3748474121094,45.98982238769531,43.7520751953125
450,12,person,0,0.7483586072921753,333.5303955078125,245.38864135742188,10.523284912109375,35.53273010253906
450,10,person,0,0.6798914670944214,305.4351806640625,244.58920288085938,13.110595703125,37.4356689453125
451,7,person,0,0.7410821318626404,375.6237487792969,264.169189453125,15.00372314453125,46.2916259765625
451,9,person,0,0.7466944456100464,218.68588256835938,282.588134765625,36.091461181640625,63.17005920410156
451,11,bicycle,1,0.82575523853302,220.35958862304688,302.8828125,47.36358642578125,43.657012939453125
451,12,person,0,0.7584400773048401,333.69110107421875,245.95083618164062,10.228118896484375,34.26422119140625
451,10,person,0,0.7131351232528687,305.35333251953125,243.94049072265625,13.251190185546875,35.71759033203125
452,7,person,0,0.7324460744857788,374.90728759765625,264.1380310058594,14.333221435546875,46.42054748535156
452,9,person,0,0.7672291398048401,216.2294921875,282.80316162109375,35.60650634765625,62.48841857910156
452,11,bicycle,1,0.8066226243972778,217.76324462890625,302.76263427734375,48.296539306640625,44.53533935546875
452,12,person,0,0.768208384513855,333.85821533203125,246.1730194091797,10.376800537109375,33.864349365234375
452,10,person,0,0.7101536989212036,305.539306640625,244.0850372314453,13.410369873046875,35.219146728515625
453,7,person,0,0.7609801888465881,373.6808166503906,264.19580078125,13.40667724609375,46.58079528808594
453,9,person,0,0.7735722064971924,213.95242309570312,284.0242004394531,35.901580810546875,61.70179748535156
453,11,bicycle,1,0.8153260946273804,215.22564697265625,304.07232666015625,49.52595520019531,45.089752197265625
453,12,person,0,0.7644134759902954,334.02679443359375,246.34779357910156,10.334075927734375,33.711395263671875
453,10,person,0,0.7322987914085388,305.62738037109375,244.31121826171875,13.550933837890625,35.95469665527344
454,7,person,0,0.7548749446868896,372.938720703125,264.3229064941406,12.568267822265625,46.64544677734375
454,9,person,0,0.7432393431663513,211.84274291992188,283.5009765625,36.538848876953125,62.3729248046875
454,11,bicycle,1,0.8050277233123779,212.2718505859375,303.9189453125,50.36866760253906,41.205078125
454,12,person,0,0.7494398355484009,334.01922607421875,246.571044921875,10.5020751953125,33.634765625
454,10,person,0,0.6925274729728699,305.840087890625,244.9220733642578,13.8084716796875,36.877288818359375
455,7,person,0,0.73646080493927,372.0716857910156,264.14306640625,12.12255859375,46.55146789550781
455,9,person,0,0.7606541514396667,209.3478240966797,283.32464599609375,35.8155517578125,63.890228271484375
455,11,bicycle,1,0.7990121245384216,209.41921997070312,305.0426025390625,51.726287841796875,43.099395751953125
455,12,person,0,0.7344831228256226,334.11480712890625,246.59451293945312,10.788604736328125,33.32293701171875
455,10,person,0,0.713002622127533,306.197021484375,245.05331420898438,13.46368408203125,37.17915344238281
456,7,person,0,0.7586351633071899,371.1138000488281,264.28887939453125,12.7850341796875,46.33503723144531
456,9,person,0,0.7936599850654602,206.9469757080078,282.9156494140625,35.89398193359375,63.37022399902344
456,11,bicycle,1,0.823997437953949,206.30105590820312,306.0279235839844,53.28546142578125,44.4990234375
456,12,person,0,0.7477660179138184,334.27130126953125,246.69747924804688,10.890350341796875,33.44874572753906
456,10,person,0,0.712602436542511,306.138916015625,245.38572692871094,13.443450927734375,38.339813232421875
457,7,person,0,0.7603112459182739,369.9603271484375,264.42864990234375,14.433258056640625,46.42181396484375
457,9,person,0,0.784617006778717,204.25701904296875,283.9173583984375,36.771392822265625,61.692474365234375
457,11,bicycle,1,0.8385867476463318,203.27264404296875,306.84478759765625,54.310791015625,46.376861572265625
457,12,person,0,0.758902370929718,334.31298828125,246.79669189453125,11.075042724609375,33.487548828125
457,10,person,0,0.7319241762161255,306.1212158203125,245.69677734375,13.493988037109375,39.08320617675781
458,7,person,0,0.7769437432289124,369.1893615722656,264.74505615234375,16.23345947265625,47.25584411621094
458,9,person,0,0.8270055055618286,201.2700653076172,283.7183532714844,37.824432373046875,62.8203125
458,11,bicycle,1,0.8703202605247498,200.78758239746094,307.4627990722656,55.843231201171875,47.988525390625
458,12,person,0,0.7585168480873108,334.3089294433594,246.8822021484375,11.28070068359375,33.65968322753906
458,10,person,0,0.6803020238876343,306.1915588378906,245.82720947265625,13.243896484375,38.94415283203125
459,7,person,0,0.7791621685028076,368.7091369628906,264.8280029296875,17.51409912109375,47.609466552734375
459,9,person,0,0.8100371956825256,198.43075561523438,285.35015869140625,38.776275634765625,65.33160400390625
459,11,bicycle,1,0.8487503528594971,198.0311279296875,308.50152587890625,55.82270812988281,47.454315185546875
459,12,person,0,0.778913140296936,334.1600341796875,247.01254272460938,11.5037841796875,33.41011047363281
459,10,person,0,0.677939772605896,306.3553466796875,245.79031372070312,12.77410888671875,39.11375427246094
460,7,person,0,0.7763726711273193,368.4057922363281,264.9481506347656,18.14105224609375,47.71699523925781
460,9,person,0,0.8478789925575256,195.47686767578125,286.6122131347656,39.57026672363281,67.09248352050781
460,11,bicycle,1,0.8466833233833313,195.0574493408203,308.9769287109375,57.59600830078125,46.825836181640625
460,12,person,0,0.7838028073310852,333.8426818847656,247.0969696044922,12.38092041015625,33.597686767578125
460,10,person,0,0.7174205780029297,306.6948547363281,245.9608154296875,12.44610595703125,39.01380920410156
461,7,person,0,0.7826495170593262,368.25592041015625,265.060302734375,18.347625732421875,46.77793884277344
461,9,person,0,0.8352388143539429,192.72052001953125,287.1702880859375,39.85003662109375,67.40769958496094
461,11,bicycle,1,0.8417589664459229,192.55255126953125,309.3092956542969,57.52134704589844,47.44610595703125
461,12,person,0,0.7544258832931519,333.9565124511719,247.23580932617188,12.3692626953125,33.76416015625
461,10,person,0,0.7321972250938416,307.0104064941406,246.02667236328125,12.2730712890625,38.89338684082031
462,7,person,0,0.792758047580719,368.2377624511719,265.1719665527344,18.607177734375,46.82855224609375
462,9,person,0,0.8075651526451111,190.36285400390625,286.5260925292969,41.79144287109375,69.20167541503906
462,11,bicycle,1,0.8304362893104553,189.7134246826172,309.51788330078125,58.140655517578125,48.3380126953125
462,12,person,0,0.7263240218162537,333.8138427734375,247.43942260742188,12.55816650390625,34.25482177734375
462,10,person,0,0.7287349104881287,307.4361267089844,246.08360290527344,12.7034912109375,38.656097412109375
463,7,person,0,0.7693594098091125,368.2061767578125,265.0161437988281,18.014984130859375,46.51776123046875
463,9,person,0,0.844954252243042,187.3316650390625,287.66839599609375,41.540863037109375,68.15155029296875
463,11,bicycle,1,0.8833964467048645,186.79714965820312,310.05426025390625,57.90968322753906,48.967376708984375
463,12,person,0,0.7473902702331543,333.95135498046875,247.70193481445312,12.423431396484375,34.60418701171875
463,10,person,0,0.7402721047401428,307.61920166015625,246.14013671875,12.666259765625,38.56520080566406
464,7,person,0,0.7241109609603882,367.735595703125,265.1312255859375,17.00592041015625,45.77372741699219
464,9,person,0,0.834345817565918,184.33306884765625,288.45562744140625,41.70286560058594,69.47175598144531
464,11,bicycle,1,0.8679305911064148,184.05906677246094,310.4525451660156,58.190887451171875,49.3956298828125
464,12,person,0,0.754688024520874,334.2779541015625,247.8795166015625,11.995391845703125,34.65577697753906
464,10,person,0,0.7450447678565979,307.59356689453125,245.982177734375,12.657257080078125,39.14866638183594
465,7,person,0,0.7082955837249756,367.18389892578125,264.9599914550781,16.404571533203125,45.69447326660156
465,9,person,0,0.8381179571151733,181.5325927734375,289.207763671875,42.49440002441406,68.54295349121094
465,11,bicycle,1,0.85273677110672,181.2611083984375,310.32269287109375,58.03303527832031,48.702301025390625
465,12,person,0,0.7564763426780701,334.40679931640625,247.97885131835938,11.51953125,34.57783508300781
465,10,person,0,0.7474608421325684,307.75823974609375,246.00299072265625,12.2288818359375,39.26075744628906
466,7,person,0,0.6798524260520935,366.3673095703125,264.575927734375,15.285888671875,46.15663146972656
466,9,person,0,0.7831667065620422,178.94972229003906,289.8945007324219,43.298187255859375,67.85383605957031
466,11,bicycle,1,0.8062013983726501,178.81619262695312,310.85504150390625,58.59138488769531,48.729339599609375
466,12,person,0,0.7496856451034546,334.2645263671875,248.31381225585938,11.633331298828125,35.04069519042969
466,10,person,0,0.7290586829185486,307.921630859375,246.33644104003906,12.290130615234375,39.249114990234375
467,7,person,0,0.7305037975311279,364.68707275390625,264.7310791015625,13.615447998046875,46.89472961425781
467,9,person,0,0.7974904179573059,176.26992797851562,290.14178466796875,44.00056457519531,68.14141845703125
467,11,bicycle,1,0.7996043562889099,176.8164825439453,311.54571533203125,59.9892578125,50.962799072265625
467,12,person,0,0.7544439435005188,334.1303405761719,248.187255859375,11.25225830078125,34.15971374511719
467,10,person,0,0.7372496128082275,307.9398193359375,246.27005004882812,12.200836181640625,39.48902893066406
468,7,person,0,0.758367657661438,363.5391845703125,264.3714599609375,13.250946044921875,48.0872802734375
468,9,person,0,0.8410512208938599,173.0797119140625,290.6536865234375,44.05012512207031,69.005126953125
468,11,bicycle,1,0.795734703540802,174.0438232421875,312.1883544921875,58.97108459472656,49.46563720703125
468,12,person,0,0.7396272420883179,333.88031005859375,248.06878662109375,10.974090576171875,33.78033447265625
468,10,person,0,0.701831042766571,308.108642578125,246.46826171875,12.303436279296875,39.050537109375
469,7,person,0,0.7694529891014099,362.2947692871094,264.3776550292969,12.93853759765625,47.96443176269531
469,9,person,0,0.8527531027793884,170.42767333984375,291.17279052734375,43.69036865234375,68.93344116210938
469,11,bicycle,1,0.8090345859527588,171.1322021484375,313.88092041015625,57.68037414550781,49.65435791015625
469,12,person,0,0.7249627113342285,333.5826110839844,247.9332733154297,10.63287353515625,33.709686279296875
469,10,person,0,0.6981305480003357,308.23663330078125,246.92160034179688,12.368682861328125,38.89244079589844
470,7,person,0,0.778823971748352,361.32427978515625,264.50604248046875,13.570648193359375,47.84992980957031
470,9,person,0,0.8484551310539246,167.95640563964844,292.05096435546875,42.929718017578125,70.88034057617188
470,11,bicycle,1,0.8511913418769836,168.92379760742188,314.8204040527344,58.10481262207031,49.31610107421875
470,12,person,0,0.723864734172821,333.48846435546875,247.9259033203125,10.338287353515625,33.90568542480469
470,10,person,0,0.7138737440109253,308.36669921875,247.02468872070312,12.542388916015625,38.53984069824219
471,7,person,0,0.7825540900230408,360.2052001953125,264.06097412109375,14.97918701171875,46.496612548828125
471,9,person,0,0.8377344012260437,165.02798461914062,292.3966064453125,43.24034118652344,71.2955322265625
471,11,bicycle,1,0.8490468859672546,166.35531616210938,315.15765380859375,57.20735168457031,51.2271728515625
471,12,person,0,0.6903630495071411,333.37091064453125,247.9534912109375,10.061431884765625,33.86811828613281
471,10,person,0,0.7000008821487427,308.41192626953125,247.28402709960938,12.104461669921875,38.25389099121094
472,7,person,0,0.7512545585632324,359.6650390625,264.2182922363281,16.078521728515625,47.29634094238281
472,9,person,0,0.8369113802909851,162.1149444580078,292.7323913574219,44.3857421875,72.96002197265625
472,11,bicycle,1,0.8497084379196167,163.73414611816406,316.2269287109375,56.1143798828125,50.854034423828125
472,12,person,0,0.7306995987892151,333.2490234375,247.84210205078125,9.865478515625,34.13517761230469
472,10,person,0,0.7041445374488831,308.6673889160156,247.7099609375,12.51776123046875,38.99024963378906
473,7,person,0,0.7774295806884766,359.13201904296875,264.46331787109375,16.691436767578125,47.36180114746094
473,9,person,0,0.8604199290275574,159.81195068359375,292.3503723144531,44.44374084472656,73.97245788574219
473,11,bicycle,1,0.8012292981147766,161.04840087890625,317.0921936035156,55.47267150878906,51.95166015625
473,12,person,0,0.7314304113388062,333.1138916015625,247.72560119628906,9.917816162109375,34.110443115234375
473,10,person,0,0.7061256766319275,309.01544189453125,248.06906127929688,13.130523681640625,39.395751953125
474,7,person,0,0.7731775641441345,358.6475830078125,264.8129577636719,17.628936767578125,47.04469299316406
474,9,person,0,0.8818217515945435,157.17774963378906,292.45904541015625,44.49908447265625,75.15029907226562
474,11,bicycle,1,0.8159221410751343,157.77772521972656,318.494384765625,54.1612548828125,51.29742431640625
474,12,person,0,0.75475013256073,333.0405578613281,247.763916015625,10.05517578125,34.38639831542969
474,10,person,0,0.7104426026344299,309.0675048828125,248.31863403320312,13.39471435546875,39.71522521972656
475,7,person,0,0.7534130215644836,358.46588134765625,265.0461120605469,18.12158203125,46.66401672363281
475,9,person,0,0.8606326580047607,154.13365173339844,293.1253662109375,45.037933349609375,77.05813598632812
475,11,bicycle,1,0.8573445677757263,155.5328369140625,318.96343994140625,54.11900329589844,51.278656005859375
475,12,person,0,0.7595122456550598,333.07574462890625,247.7347412109375,10.39288330078125,34.70562744140625
475,10,person,0,0.6991087198257446,309.23272705078125,248.4738311767578,13.4420166015625,39.600372314453125
476,7,person,0,0.7546701431274414,357.70269775390625,265.124755859375,19.165802001953125,46.74897766113281
476,9,person,0,0.8555502891540527,151.89248657226562,294.1833801269531,44.11354064941406,76.1712646484375
476,11,bicycle,1,0.8582256436347961,153.35890197753906,320.3089904785156,53.920448303222656,50.979248046875
476,12,person,0,0.7623582482337952,333.2036437988281,247.92686462402344,10.67596435546875,35.361724853515625
476,10,person,0,0.7111776471138,309.3580322265625,248.45950317382812,13.75396728515625,40.0423583984375
477,7,person,0,0.7489444613456726,357.48675537109375,265.3239440917969,19.61761474609375,46.39521789550781
477,9,person,0,0.8446809649467468,149.81610107421875,295.153076171875,44.92097473144531,75.36312866210938
477,11,bicycle,1,0.830208957195282,151.25396728515625,321.524658203125,54.50871276855469,50.816070556640625
477,12,person,0,0.7650913000106812,333.25872802734375,248.07952880859375,11.53741455078125,35.73065185546875
477,10,person,0,0.6855949759483337,309.34710693359375,248.48709106445312,13.58099365234375,40.2791748046875
478,7,person,0,0.7556691765785217,357.2417297363281,265.24560546875,19.898681640625,46.72227478027344
478,9,person,0,0.844079315662384,147.11312866210938,294.7358703613281,44.62860107421875,76.44732666015625
478,11,bicycle,1,0.8092592358589172,148.66465759277344,321.80242919921875,53.7235107421875,52.409088134765625
478,12,person,0,0.7388032674789429,333.39013671875,248.49795532226562,11.395416259765625,36.82557678222656
478,10,person,0,0.6937274932861328,309.2577209472656,248.4842529296875,13.42388916015625,40.50791931152344
479,7,person,0,0.7879992127418518,356.9522399902344,265.0574951171875,20.83984375,47.02143859863281
479,9,person,0,0.8670080304145813,144.99708557128906,295.12652587890625,45.3243408203125,77.36795043945312
479,11,bicycle,1,0.8634230494499207,146.0342559814453,322.4822998046875,52.93779754638672,52.914520263671875
479,12,person,0,0.7403810024261475,333.7005615234375,248.7884521484375,11.408538818359375,37.26922607421875
479,10,person,0,0.6151009798049927,309.00421142578125,248.46487426757812,13.067596435546875,40.54631042480469
480,7,person,0,0.7856140732765198,356.55810546875,265.2754211425781,21.631072998046875,46.49620056152344
480,9,person,0,0.8574694395065308,142.7585906982422,297.5148620605469,45.632850646972656,77.27471923828125
480,11,bicycle,1,0.8204569816589355,143.3624267578125,324.0830383300781,51.870079040527344,52.32794189453125
480,12,person,0,0.7568449378013611,333.73480224609375,248.90109252929688,11.80853271484375,37.13108825683594
480,10,person,0,0.6121902465820312,308.918701171875,248.38580322265625,13.006805419921875,40.69822692871094
481,7,person,0,0.7248271107673645,355.61639404296875,265.07659912109375,20.344482421875,46.46781921386719
481,9,person,0,0.8677022457122803,140.36276245117188,298.0633544921875,44.77622985839844,78.62530517578125
481,11,bicycle,1,0.8349111676216125,141.25347900390625,323.9535217285156,51.154144287109375,55.11895751953125
481,12,person,0,0.7641000747680664,333.888671875,248.7658233642578,12.006103515625,36.690948486328125
481,10,person,0,0.6255322098731995,308.9356994628906,248.30474853515625,13.385986328125,40.94035339355469
482,7,person,0,0.746758222579956,353.8137512207031,263.99676513671875,16.59405517578125,44.33784484863281
482,9,person,0,0.8641524910926819,137.90997314453125,299.318115234375,44.99165344238281,78.21450805664062
482,11,bicycle,1,0.8239777684211731,138.94149780273438,325.6297302246094,50.32416534423828,54.96307373046875
482,12,person,0,0.7640940546989441,334.07379150390625,248.5769805908203,11.803619384765625,35.976165771484375
482,10,person,0,0.69622802734375,308.8880920410156,248.0358428955078,13.4251708984375,40.446807861328125
483,7,person,0,0.767616331577301,352.599609375,263.4456481933594,14.984283447265625,43.49214172363281
483,9,person,0,0.8598721027374268,136.08143615722656,299.58294677734375,45.680702209472656,78.55642700195312
483,11,bicycle,1,0.8320878744125366,136.9673614501953,326.96875,50.25183868408203,54.755645751953125
483,12,person,0,0.7508492469787598,334.49053955078125,248.56707763671875,11.63629150390625,36.33439636230469
483,10,person,0,0.6677506566047668,308.9120788574219,247.85528564453125,13.366943359375,40.45025634765625
484,7,person,0,0.7864933013916016,351.5654296875,263.44091796875,14.665313720703125,43.122100830078125
484,9,person,0,0.8476366400718689,134.43551635742188,300.9195556640625,45.52594757080078,76.87173461914062
484,11,bicycle,1,0.8277778625488281,134.6177978515625,327.39434814453125,48.847938537597656,55.865264892578125
484,12,person,0,0.706267774105072,334.6668701171875,248.09283447265625,11.340301513671875,35.7999267578125
484,10,person,0,0.6777780652046204,308.9112548828125,247.93394470214844,13.679779052734375,40.838470458984375
485,7,person,0,0.7754629850387573,350.8641357421875,263.56134033203125,14.648101806640625,43.51849365234375
485,9,person,0,0.866044282913208,131.920654296875,301.9344787597656,45.04786682128906,77.13916015625
485,11,bicycle,1,0.8077951669692993,132.41400146484375,328.099365234375,47.85173034667969,57.543701171875
485,12,person,0,0.7433044910430908,334.84136962890625,248.14523315429688,11.808074951171875,36.67530822753906
485,10,person,0,0.6675983667373657,308.9100036621094,248.08462524414062,13.9892578125,40.99555969238281
486,7,person,0,0.7846930027008057,349.96661376953125,263.6631774902344,14.5491943359375,43.90312194824219
486,9,person,0,0.8611170649528503,129.87571716308594,302.341796875,44.76983642578125,76.76992797851562
486,11,bicycle,1,0.8089289665222168,130.0015869140625,329.27532958984375,46.68766784667969,58.3038330078125
486,12,person,0,0.6943300366401672,334.9849548339844,247.56527709960938,11.797607421875,37.59651184082031
486,10,person,0,0.6798331141471863,308.83416748046875,248.10272216796875,14.1231689453125,41.44313049316406
487,7,person,0,0.735075056552887,349.1485595703125,263.5614318847656,14.05133056640625,43.99385070800781
487,9,person,0,0.8710216879844666,128.07725524902344,302.952880859375,44.977149963378906,77.88397216796875
487,11,bicycle,1,0.8229157328605652,128.25302124023438,330.2435302734375,44.896018981933594,58.971099853515625
487,12,person,0,0.6475934386253357,335.0455322265625,247.0201416015625,11.5582275390625,38.4150390625
487,10,person,0,0.6936853528022766,308.8292236328125,247.54449462890625,13.94647216796875,39.80778503417969
488,7,person,0,0.7367767691612244,348.46319580078125,263.9294738769531,14.3394775390625,44.494873046875
488,9,person,0,0.8523740172386169,126.06932830810547,304.00567626953125,45.26982116699219,78.9461669921875
488,11,bicycle,1,0.8271846771240234,126.59178161621094,331.3990173339844,44.555084228515625,59.16326904296875
488,12,person,0,0.5136420130729675,335.201171875,245.39111328125,10.623321533203125,35.521240234375
488,10,person,0,0.6936336159706116,308.854736328125,247.58819580078125,14.222686767578125,39.29414367675781
489,7,person,0,0.7703409790992737,347.617919921875,263.74188232421875,14.677947998046875,43.002410888671875
489,9,person,0,0.8630033135414124,124.36500549316406,303.6287841796875,45.49859619140625,77.1702880859375
489,11,bicycle,1,0.8253841996192932,125.03461456298828,331.7544250488281,43.91355895996094,60.82598876953125
489,12,person,0,0.4610627591609955,335.2003479003906,245.7189483642578,10.49041748046875,37.042694091796875
489,10,person,0,0.6952052116394043,308.8604431152344,247.86624145507812,14.46954345703125,39.556396484375
490,7,person,0,0.7205078601837158,346.48419189453125,263.63897705078125,16.263824462890625,42.415985107421875
490,9,person,0,0.8655006289482117,122.65309143066406,304.1822509765625,44.51708221435547,77.47048950195312
490,11,bicycle,1,0.8162447810173035,123.3040771484375,333.03582763671875,42.354881286621094,60.83563232421875
490,12,person,0,0.4503816068172455,335.1372375488281,243.56423950195312,10.14471435546875,32.71171569824219
490,10,person,0,0.7434382438659668,308.9298400878906,248.40310668945312,14.62347412109375,40.05018615722656
491,7,person,0,0.7504312992095947,344.96954345703125,263.5299072265625,18.475341796875,42.62322998046875
491,9,person,0,0.8630416989326477,121.46694946289062,305.0919189453125,44.71521759033203,77.44342041015625
491,11,bicycle,1,0.8032232522964478,121.87310791015625,334.54510498046875,41.136566162109375,61.06243896484375
491,12,person,0,0.49430179595947266,335.17645263671875,243.88360595703125,10.17987060546875,31.367843627929688
491,10,person,0,0.7361361384391785,309.04730224609375,248.56930541992188,14.9278564453125,40.23335266113281
492,7,person,0,0.767146110534668,343.882080078125,263.20489501953125,19.775360107421875,42.781524658203125
492,9,person,0,0.842582643032074,119.72937774658203,306.0508117675781,43.62400817871094,77.9483642578125
492,11,bicycle,1,0.8050220012664795,120.172607421875,336.1637878417969,39.8310546875,61.2686767578125
492,12,person,0,0.5478116273880005,335.7278137207031,243.34275817871094,10.86669921875,33.714447021484375
492,10,person,0,0.7342014312744141,309.1868896484375,248.80258178710938,15.055267333984375,40.06221008300781
492,13,person,0,0.6329557299613953,366.0150451660156,245.17138671875,9.744873046875,30.56744384765625
493,7,person,0,0.7608852982521057,343.6978759765625,263.54931640625,19.991546630859375,42.440093994140625
493,9,person,0,0.8329989314079285,118.46993255615234,307.05633544921875,43.22117614746094,78.92184448242188
493,11,bicycle,1,0.7735136151313782,118.75067138671875,336.9404602050781,38.62134552001953,62.9742431640625
493,12,person,0,0.5204761028289795,336.3677062988281,244.1640625,12.31451416015625,31.797378540039062
493,10,person,0,0.7418691515922546,309.1639404296875,249.03823852539062,14.827667236328125,39.91798400878906
493,13,person,0,0.6078654527664185,366.328125,245.05955505371094,10.044891357421875,29.906341552734375
494,7,person,0,0.7314836382865906,343.5665283203125,263.6965026855469,20.185943603515625,42.52079772949219
494,9,person,0,0.8147665858268738,117.13694763183594,308.2867431640625,42.929969787597656,80.79794311523438
494,11,bicycle,1,0.7593303322792053,116.99581909179688,337.8092346191406,36.711326599121094,64.93121337890625
494,12,person,0,0.5860650539398193,336.241943359375,244.7098846435547,12.633941650390625,31.782196044921875
494,10,person,0,0.74356609582901,309.2572937011719,249.13101196289062,14.688720703125,39.80647277832031
494,13,person,0,0.5388413071632385,366.71923828125,245.33538818359375,10.2501220703125,30.612991333007812
495,7,person,0,0.7322066426277161,343.25848388671875,263.9344482421875,21.06109619140625,43.438018798828125
495,9,person,0,0.8298938870429993,115.78482818603516,309.4505920410156,42.66236877441406,82.147216796875
495,11,bicycle,1,0.7180054187774658,116.38006591796875,337.9068603515625,36.800537109375,67.13327026367188
495,12,person,0,0.5523335933685303,336.5415344238281,244.53408813476562,12.8714599609375,29.91339111328125
495,10,person,0,0.723715603351593,309.21612548828125,249.17306518554688,14.577301025390625,39.78094482421875
495,13,person,0,0.66302490234375,367.02154541015625,245.69818115234375,10.678741455078125,31.65301513671875
496,7,person,0,0.7174602746963501,342.982666015625,264.2240905761719,22.0665283203125,44.43016052246094
496,9,person,0,0.85908043384552,114.8056869506836,311.24127197265625,42.88999938964844,84.98165893554688
496,11,bicycle,1,0.6211682558059692,115.63671875,340.075927734375,36.41521453857422,66.95895385742188
496,12,person,0,0.5789878368377686,336.62432861328125,244.64047241210938,13.726348876953125,28.124984741210938
496,10,person,0,0.7295293807983398,309.21942138671875,249.05108642578125,14.4443359375,40.12467956542969
496,13,person,0,0.7335317730903625,366.9153747558594,245.7825927734375,10.7578125,31.999404907226562
497,7,person,0,0.7154234051704407,342.47845458984375,264.9541320800781,21.993682861328125,41.89117431640625
497,9,person,0,0.8719350695610046,114.25366973876953,312.4622497558594,43.10124206542969,87.149658203125
497,11,bicycle,1,0.3094988167285919,110.77210998535156,343.17486572265625,32.46076965332031,65.59976196289062
497,12,person,0,0.40327218174934387,336.684326171875,244.52786254882812,14.124053955078125,24.484512329101562
497,10,person,0,0.7423534989356995,309.2148132324219,248.92474365234375,14.6600341796875,40.60148620605469
497,13,person,0,0.7301478385925293,366.8812255859375,245.68540954589844,10.572174072265625,31.939422607421875
498,7,person,0,0.7399553656578064,341.8001403808594,263.95849609375,21.17950439453125,42.59881591796875
498,9,person,0,0.876501202583313,113.9191665649414,313.47406005859375,43.05604553222656,88.19631958007812
498,11,bicycle,1,0.5162917971611023,110.16326141357422,344.3577575683594,28.100173950195312,64.62835693359375
498,12,person,0,0.4789016544818878,335.94805908203125,243.43191528320312,12.864898681640625,23.187774658203125
498,10,person,0,0.7348598837852478,309.384521484375,248.65744018554688,15.019866943359375,41.02857971191406
498,13,person,0,0.7329307794570923,366.898681640625,245.82489013671875,10.506591796875,32.28584289550781
499,7,person,0,0.7490160465240479,340.4783630371094,263.9228210449219,22.326171875,42.10723876953125
499,9,person,0,0.8643508553504944,113.64767456054688,313.79547119140625,42.817298889160156,88.65557861328125
499,11,bicycle,1,0.5688198208808899,106.85279846191406,345.90484619140625,30.66466522216797,66.72122192382812
499,12,person,0,0.18658097088336945,336.1146240234375,242.96505737304688,13.285064697265625,22.977157592773438
499,10,person,0,0.7058416604995728,309.35504150390625,248.70095825195312,15.04266357421875,41.30607604980469
499,13,person,0,0.6780824065208435,366.9222412109375,246.18450927734375,10.414794921875,32.78581237792969
500,7,person,0,0.7787587642669678,339.26422119140625,263.50677490234375,23.350921630859375,43.34580993652344
500,9,person,0,0.8867670893669128,113.5772476196289,314.5899963378906,43.25654602050781,89.0289306640625
500,11,bicycle,1,0.6621068120002747,106.51589965820312,346.54583740234375,28.049240112304688,68.8485107421875
500,12,person,0,0.30366212129592896,336.24139404296875,242.65122985839844,12.86669921875,20.27740478515625
500,10,person,0,0.7314178347587585,309.5328674316406,248.75193786621094,15.193603515625,41.638275146484375
500,13,person,0,0.7020271420478821,366.96197509765625,246.1732177734375,10.783294677734375,32.3741455078125
501,7,person,0,0.7960192561149597,338.2572326660156,263.00714111328125,24.25262451171875,44.34220886230469
501,9,person,0,0.8820088505744934,113.42454528808594,314.99517822265625,43.405311584472656,89.52835083007812
501,11,bicycle,1,0.6769061088562012,107.19078063964844,348.477783203125,26.8583984375,68.4202880859375
501,10,person,0,0.5160448551177979,309.50079345703125,247.085205078125,15.449798583984375,37.31214904785156
501,13,person,0,0.6625459790229797,367.0946044921875,246.04425048828125,10.890716552734375,31.86895751953125
502,7,person,0,0.7890788316726685,337.16497802734375,262.3106689453125,23.73126220703125,44.57859802246094
502,9,person,0,0.8730092644691467,113.49349975585938,315.66375732421875,43.03166961669922,90.02011108398438
502,11,bicycle,1,0.56385737657547,107.93219757080078,349.97442626953125,26.557601928710938,68.18441772460938
502,10,person,0,0.7096611261367798,309.6101989746094,248.7040252685547,15.83453369140625,38.727264404296875
502,13,person,0,0.6260382533073425,367.16986083984375,246.1101531982422,10.7177734375,31.882904052734375
503,7,person,0,0.7852035760879517,336.9826354980469,261.517333984375,23.7747802734375,45.545318603515625
503,9,person,0,0.8730534911155701,113.83058166503906,315.93243408203125,42.479217529296875,89.23114013671875
503,11,bicycle,1,0.6764141321182251,109.02021789550781,351.1727294921875,26.0443115234375,68.611328125
503,10,person,0,0.7084888219833374,309.6579895019531,249.01165771484375,15.69512939453125,39.42724609375
503,13,person,0,0.606583297252655,367.16485595703125,246.05712890625,10.47998046875,32.13725280761719
504,7,person,0,0.8015131950378418,336.59869384765625,261.52215576171875,23.08544921875,45.224609375
504,9,person,0,0.8712514638900757,114.494873046875,316.40728759765625,41.87433624267578,88.43121337890625
504,11,bicycle,1,0.6996082663536072,110.85943603515625,352.71099853515625,28.213912963867188,69.08328247070312
504,10,person,0,0.7348136305809021,309.65576171875,249.15155029296875,15.802093505859375,39.54063415527344
504,13,person,0,0.5998250842094421,367.11322021484375,246.16427612304688,10.131256103515625,32.10157775878906
505,7,person,0,0.8092731237411499,336.3889465332031,261.060546875,23.05572509765625,44.14878845214844
505,9,person,0,0.8795408606529236,115.07999420166016,317.63714599609375,41.46266174316406,88.76895141601562
505,11,bicycle,1,0.622050940990448,111.49665832519531,354.263427734375,28.258750915527344,69.60873413085938
505,10,person,0,0.7466540336608887,309.82373046875,249.39111328125,16.053680419921875,40.21849060058594
505,13,person,0,0.4997870624065399,367.07598876953125,245.84381103515625,9.811431884765625,32.86607360839844
506,7,person,0,0.8084014654159546,336.76654052734375,260.8011169433594,20.418548583984375,43.46623229980469
506,9,person,0,0.8754428625106812,115.69214630126953,318.5082702636719,40.81867980957031,89.71929931640625
506,11,bicycle,1,0.7458480596542358,113.83001708984375,355.8026123046875,31.07196807861328,70.68502807617188
506,10,person,0,0.7343802452087402,309.68756103515625,249.67724609375,15.39886474609375,39.60453796386719
506,13,person,0,0.329128235578537,366.97491455078125,249.54136657714844,9.165924072265625,25.547332763671875
507,7,person,0,0.7909029722213745,336.4529724121094,260.63409423828125,20.37725830078125,43.039764404296875
507,9,person,0,0.8689380288124084,116.60400390625,319.6380310058594,40.029884338378906,91.80426025390625
507,11,bicycle,1,0.7744634747505188,114.4486083984375,356.7924499511719,31.051025390625,72.34783935546875
507,10,person,0,0.7455474734306335,309.5492248535156,249.38937377929688,14.97625732421875,39.5386962890625
507,13,person,0,0.3747046887874603,366.9279479980469,246.9257049560547,9.67303466796875,30.615081787109375
508,7,person,0,0.7861074209213257,336.8974304199219,261.0466003417969,18.003173828125,42.04145812988281
508,9,person,0,0.869897186756134,117.91050720214844,320.0169677734375,39.504356384277344,91.94284057617188
508,11,bicycle,1,0.6389670968055725,115.9540786743164,358.06182861328125,33.01548767089844,74.02517700195312
508,10,person,0,0.7322610020637512,309.2897644042969,249.73252868652344,14.9501953125,40.259918212890625
508,13,person,0,0.5577648282051086,366.90521240234375,246.0268096923828,10.019561767578125,32.832611083984375
509,7,person,0,0.797671377658844,336.75909423828125,261.3851318359375,17.839019775390625,41.58705139160156
509,9,person,0,0.8464769721031189,119.33297729492188,320.4903869628906,39.051063537597656,92.59490966796875
509,11,bicycle,1,0.6874496936798096,117.46697235107422,359.42901611328125,33.35008239746094,74.72686767578125
509,10,person,0,0.7210882902145386,309.08544921875,249.8118896484375,14.83172607421875,40.68695068359375
509,13,person,0,0.6012334823608398,367.05853271484375,245.9435577392578,10.413665771484375,32.823089599609375
510,7,person,0,0.7754839062690735,336.045166015625,261.499267578125,17.272796630859375,41.415191650390625
510,9,person,0,0.8315182328224182,120.81410217285156,322.2323303222656,38.96074676513672,93.777099609375
510,11,bicycle,1,0.7369478344917297,119.26039123535156,360.5342102050781,33.96099853515625,76.05792236328125
510,10,person,0,0.679961621761322,308.8885803222656,249.98597717285156,14.33331298828125,41.430877685546875
510,13,person,0,0.6422134041786194,366.9703063964844,245.77279663085938,10.479248046875,32.43243408203125
511,7,person,0,0.7610686421394348,335.4327087402344,261.47265625,16.629638671875,41.50550842285156
511,9,person,0,0.8275812864303589,122.22371673583984,322.7563171386719,40.00025939941406,93.0863037109375
511,11,bicycle,1,0.6193026304244995,120.70762634277344,361.90167236328125,31.75824737548828,76.99053955078125
511,10,person,0,0.7373940348625183,308.89471435546875,249.9798583984375,13.956878662109375,42.45722961425781
511,13,person,0,0.596375048160553,366.86383056640625,245.9397735595703,10.564117431640625,32.303497314453125
512,7,person,0,0.7482229471206665,335.21417236328125,261.7313537597656,16.305267333984375,40.90618896484375
512,9,person,0,0.8685586452484131,123.43551635742188,323.7276611328125,41.844818115234375,94.54550170898438
512,11,bicycle,1,0.6857986450195312,122.86994934082031,363.20965576171875,31.773460388183594,78.226318359375
512,10,person,0,0.7413265705108643,308.5311584472656,250.1744384765625,13.7001953125,42.34893798828125
512,13,person,0,0.6587998867034912,366.6925048828125,246.406005859375,10.444366455078125,33.14988708496094
512,12,person,0,0.5312286019325256,339.56524658203125,247.97496032714844,10.692413330078125,31.162872314453125
513,7,person,0,0.7431538105010986,334.4593200683594,261.60162353515625,15.99835205078125,41.855316162109375
513,9,person,0,0.8642621636390686,125.35255432128906,325.2855224609375,43.23796844482422,95.12335205078125
513,11,bicycle,1,0.7746473550796509,125.6358871459961,364.8984375,35.15644836425781,78.66525268554688
513,10,person,0,0.7030298709869385,308.4697265625,250.46202087402344,13.77117919921875,41.624237060546875
513,13,person,0,0.6309325695037842,366.5436096191406,246.8245086669922,10.24505615234375,33.617156982421875
513,12,person,0,0.3776831328868866,339.7176513671875,248.31607055664062,10.40826416015625,31.86199951171875
514,7,person,0,0.7558313608169556,334.11090087890625,261.50946044921875,16.197967529296875,42.269744873046875
514,9,person,0,0.8521633148193359,126.98428344726562,327.0475158691406,44.193084716796875,98.27447509765625
514,11,bicycle,1,0.8312284350395203,128.95803833007812,367.15350341796875,35.309478759765625,77.20004272460938
514,10,person,0,0.7150335907936096,308.40582275390625,250.38499450683594,13.726409912109375,40.727142333984375
514,13,person,0,0.6635599136352539,366.271484375,246.79336547851562,10.31365966796875,33.4278564453125
514,12,person,0,0.4857049882411957,339.931640625,248.58522033691406,10.870574951171875,32.229888916015625
515,7,person,0,0.7537338733673096,333.6951904296875,261.7602233886719,16.089263916015625,42.95198059082031
515,9,person,0,0.8469635248184204,129.15036010742188,328.8018798828125,45.17045593261719,99.596435546875
515,11,bicycle,1,0.8131063580513,131.69482421875,368.948486328125,37.898780822753906,77.56005859375
515,10,person,0,0.7232300639152527,308.391357421875,250.34893798828125,14.039703369140625,40.92002868652344
515,13,person,0,0.6799008250236511,366.01702880859375,246.95291137695312,10.335174560546875,33.72935485839844
515,12,person,0,0.6136869788169861,340.03125,248.74090576171875,11.038421630859375,32.66368103027344
516,7,person,0,0.7734913229942322,333.1667785644531,261.677978515625,15.7381591796875,42.611358642578125
516,9,person,0,0.8586251735687256,131.65638732910156,329.52679443359375,46.810340881347656,99.58700561523438
516,11,bicycle,1,0.8119375109672546,133.95680236816406,371.01483154296875,41.55512237548828,77.50704956054688
516,10,person,0,0.7522687911987305,308.43658447265625,250.284423828125,14.155303955078125,41.13816833496094
516,13,person,0,0.6695476174354553,365.84423828125,247.0930938720703,10.469757080078125,33.812408447265625
516,12,person,0,0.6736747026443481,340.2978820800781,248.9005584716797,11.13720703125,33.271881103515625
517,7,person,0,0.7670831680297852,332.80218505859375,261.683837890625,15.877532958984375,42.963287353515625
517,9,person,0,0.8726590871810913,133.89955139160156,330.79437255859375,48.82018280029297,102.13943481445312
517,11,bicycle,1,0.8469085693359375,137.5870361328125,372.9521484375,43.368553161621094,77.74740600585938
517,10,person,0,0.6750100255012512,308.3145446777344,250.51763916015625,14.3687744140625,41.54139709472656
517,13,person,0,0.5339566469192505,365.6759948730469,247.1973114013672,10.35357666015625,33.614044189453125
517,12,person,0,0.45607176423072815,340.4815673828125,248.72772216796875,10.980926513671875,32.71905517578125
518,7,person,0,0.7711407542228699,332.1153564453125,261.67156982421875,14.91217041015625,42.19200134277344
518,9,person,0,0.8710088729858398,137.1650390625,332.3509521484375,49.769989013671875,104.47152709960938
518,11,bicycle,1,0.8545515537261963,140.24095153808594,374.34637451171875,48.45281219482422,77.80230712890625
518,10,person,0,0.535005509853363,308.19573974609375,250.47921752929688,14.4288330078125,41.29045104980469
518,13,person,0,0.3574918210506439,365.396728515625,247.38758850097656,9.796630859375,33.408294677734375
518,12,person,0,0.632818341255188,340.60919189453125,248.9698486328125,11.828399658203125,33.67552185058594
519,7,person,0,0.7722119688987732,331.68963623046875,261.393310546875,14.477630615234375,40.847686767578125
519,9,person,0,0.8905310034751892,140.3441162109375,332.8436279296875,51.726524353027344,106.34158325195312
519,11,bicycle,1,0.77386075258255,143.34286499023438,375.6217956542969,52.80388641357422,78.9346923828125
519,10,person,0,0.6580540537834167,308.1249694824219,250.6420135498047,14.48577880859375,40.738861083984375
519,13,person,0,0.19724151492118835,364.8703308105469,247.5196533203125,9.71942138671875,34.03105163574219
519,12,person,0,0.6035907864570618,340.99755859375,249.13681030273438,12.970062255859375,34.042724609375
520,7,person,0,0.7596949338912964,331.39532470703125,261.293212890625,14.065521240234375,40.463470458984375
520,9,person,0,0.8821501135826111,143.5809326171875,333.870849609375,53.80340576171875,108.58444213867188
520,11,bicycle,1,0.7931988835334778,146.40884399414062,377.4259033203125,58.4814453125,78.94528198242188
520,10,person,0,0.6946371793746948,307.9329833984375,250.38031005859375,14.268402099609375,40.10795593261719
520,13,person,0,0.2985367178916931,364.5816345214844,247.969482421875,9.5277099609375,33.72918701171875
520,12,person,0,0.6596192717552185,341.103759765625,249.48654174804688,13.242645263671875,34.68438720703125
521,7,person,0,0.7533401250839233,331.1759338378906,261.766357421875,14.10101318359375,41.019378662109375
521,9,person,0,0.8679990768432617,147.39585876464844,334.79345703125,54.917030334472656,110.04574584960938
521,11,bicycle,1,0.8489521145820618,149.4996337890625,379.3830871582031,63.793495178222656,79.3336181640625
521,10,person,0,0.6849711537361145,307.9327697753906,250.38722229003906,14.14495849609375,39.832489013671875
521,12,person,0,0.6522727608680725,341.32855224609375,250.09326171875,13.432586669921875,35.46124267578125
522,7,person,0,0.7719869017601013,330.9967041015625,261.8590087890625,14.24176025390625,42.4962158203125
522,9,person,0,0.8750764727592468,151.16452026367188,335.9029541015625,56.62986755371094,111.31478881835938
522,11,bicycle,1,0.870812177658081,153.3145751953125,381.06549072265625,68.15185546875,79.42294311523438
522,10,person,0,0.6926945447921753,307.750244140625,250.84365844726562,14.048309326171875,39.97222900390625
522,12,person,0,0.6511911749839783,340.9326171875,250.89828491210938,13.108978271484375,36.53704833984375
523,7,person,0,0.7357960939407349,330.58831787109375,261.67041015625,14.716033935546875,42.59075927734375
523,9,person,0,0.8774029016494751,154.86776733398438,337.18218994140625,58.15705108642578,111.84713745117188
523,11,bicycle,1,0.8724825978279114,157.31724548339844,382.43218994140625,72.53655242919922,79.97811889648438
523,10,person,0,0.6915087103843689,307.8874206542969,250.93496704101562,13.89007568359375,39.60816955566406
523,12,person,0,0.711606502532959,340.89666748046875,251.25048828125,12.717864990234375,37.14967346191406
524,7,person,0,0.7386883497238159,329.6515808105469,260.9833984375,15.9794921875,42.115966796875
524,9,person,0,0.8969067931175232,159.99314880371094,338.3548889160156,59.965850830078125,113.00811767578125
524,11,bicycle,1,0.9006300568580627,161.18988037109375,383.8431396484375,77.10087585449219,79.33230590820312
524,10,person,0,0.6870610117912292,307.65338134765625,251.0626220703125,14.090362548828125,39.91542053222656
524,12,person,0,0.7328031063079834,340.9248046875,251.330810546875,12.619476318359375,37.21978759765625
525,7,person,0,0.74737548828125,329.0293884277344,260.791259765625,16.36834716796875,41.173431396484375
525,9,person,0,0.8873741626739502,163.70611572265625,339.8211669921875,61.93122863769531,113.6048583984375
525,11,bicycle,1,0.8958778977394104,165.7518310546875,385.26300048828125,80.71543884277344,79.95343017578125
525,10,person,0,0.7150300145149231,307.337646484375,251.7322998046875,13.87713623046875,41.02238464355469
525,12,person,0,0.7429265379905701,340.9576416015625,251.656982421875,12.518402099609375,37.67279052734375
526,7,person,0,0.756702721118927,328.2480163574219,260.51873779296875,16.8153076171875,40.698028564453125
526,9,person,0,0.8951747417449951,168.13438415527344,340.68182373046875,61.976348876953125,114.13882446289062
526,11,bicycle,1,0.9059982895851135,170.56338500976562,386.209228515625,84.35560607910156,81.20132446289062
526,10,person,0,0.7184064984321594,307.14532470703125,252.28724670410156,13.606231689453125,41.616485595703125
526,12,person,0,0.768584668636322,341.1010437011719,251.797607421875,12.43365478515625,37.39678955078125
527,7,person,0,0.7649658918380737,327.9998779296875,260.74993896484375,17.1905517578125,40.792938232421875
527,9,person,0,0.8932338356971741,172.80859375,342.0205078125,63.39555358886719,115.07546997070312
527,11,bicycle,1,0.8997474312782288,175.94400024414062,387.02386474609375,87.27909851074219,81.53692626953125
527,10,person,0,0.7202816009521484,307.17559814453125,252.81927490234375,13.637969970703125,42.45063781738281
527,12,person,0,0.7722442746162415,340.9483337402344,251.97377014160156,12.67584228515625,37.607452392578125
527,13,person,0,0.6226500272750854,362.90576171875,247.5259246826172,10.86993408203125,33.645111083984375
528,7,person,0,0.7666895985603333,327.822509765625,260.90911865234375,17.088470458984375,40.799957275390625
528,9,person,0,0.8995052576065063,177.73583984375,342.69256591796875,63.491912841796875,115.35601806640625
528,11,bicycle,1,0.8899328708648682,180.47079467773438,388.08441162109375,89.62855529785156,82.76870727539062
528,10,person,0,0.7162633538246155,307.20257568359375,252.71368408203125,13.55108642578125,42.21437072753906
528,12,person,0,0.7466253042221069,341.06439208984375,252.11376953125,12.258056640625,37.56361389160156
528,13,person,0,0.5506774187088013,362.1737060546875,247.77902221679688,9.7991943359375,33.38604736328125
529,7,person,0,0.7696999907493591,327.8521728515625,261.8639221191406,16.827484130859375,41.77484130859375
529,9,person,0,0.8916555643081665,181.99038696289062,343.57733154296875,64.760986328125,115.90353393554688
529,11,bicycle,1,0.9083685278892517,185.52590942382812,388.84881591796875,92.94911193847656,83.97384643554688
529,10,person,0,0.7349303364753723,307.3348693847656,252.432373046875,13.64471435546875,41.8892822265625
529,12,person,0,0.7330397367477417,341.0823974609375,252.087890625,12.343475341796875,37.56040954589844
529,13,person,0,0.546593964099884,361.66619873046875,244.7362823486328,9.203155517578125,26.569488525390625
530,7,person,0,0.7632802128791809,327.91241455078125,262.1650695800781,16.444061279296875,42.38447570800781
530,9,person,0,0.8724277019500732,187.55764770507812,344.6290588378906,65.05360412597656,116.19317626953125
530,11,bicycle,1,0.9063709378242493,190.80618286132812,389.72308349609375,96.25918579101562,84.51150512695312
530,10,person,0,0.7234360575675964,307.4192199707031,252.38157653808594,13.59210205078125,41.866180419921875
530,12,person,0,0.7663687467575073,341.08343505859375,252.18972778320312,12.69842529296875,37.66975402832031
530,13,person,0,0.6109826564788818,361.3465576171875,243.9117431640625,8.819061279296875,23.70318603515625
531,7,person,0,0.7563248872756958,327.68115234375,261.7525634765625,15.728424072265625,41.60224914550781
531,9,person,0,0.9057075381278992,193.607421875,345.181396484375,67.46525573730469,116.8582763671875
531,11,bicycle,1,0.9123746752738953,196.56947326660156,391.80291748046875,100.42562866210938,83.79879760742188
531,10,person,0,0.7294979691505432,307.5936279296875,252.17660522460938,13.65777587890625,42.14753723144531
531,12,person,0,0.7437692880630493,341.05255126953125,252.17987060546875,12.769561767578125,37.66514587402344
531,13,person,0,0.5132967829704285,361.22650146484375,243.67230224609375,8.54229736328125,22.944107055664062
532,7,person,0,0.752632200717926,327.05340576171875,260.8964538574219,14.4462890625,39.86875915527344
532,9,person,0,0.8953549265861511,199.22227478027344,346.48199462890625,68.64666748046875,118.45394897460938
532,11,bicycle,1,0.9000549912452698,202.72018432617188,392.62139892578125,104.17991638183594,83.94784545898438
532,10,person,0,0.6914068460464478,307.55633544921875,252.0916290283203,13.400787353515625,42.624298095703125
532,12,person,0,0.7255155444145203,341.15484619140625,252.13931274414062,12.878265380859375,37.52362060546875
533,7,person,0,0.7688554525375366,326.40435791015625,260.803955078125,13.97222900390625,39.09161376953125
533,9,person,0,0.8886446952819824,204.95675659179688,347.60687255859375,69.57029724121094,120.43057250976562
533,11,bicycle,1,0.897203803062439,208.54986572265625,393.51220703125,108.68745422363281,84.38885498046875
533,10,person,0,0.6826217770576477,307.4295349121094,252.38442993164062,13.37799072265625,43.31787109375
533,12,person,0,0.7353206872940063,341.2217102050781,252.11611938476562,13.4541015625,38.07421875
534,7,person,0,0.7682026028633118,325.97906494140625,260.7034606933594,14.568511962890625,39.46795654296875
534,9,person,0,0.8987642526626587,211.01284790039062,348.964111328125,70.21649169921875,122.23843383789062
534,11,bicycle,1,0.8827114105224609,214.940185546875,394.0859375,112.21607971191406,85.32537841796875
534,10,person,0,0.6736201643943787,307.1161804199219,252.2578887939453,13.57159423828125,42.053436279296875
534,12,person,0,0.7231538891792297,341.236083984375,252.0909423828125,14.097259521484375,38.33201599121094
535,7,person,0,0.7574213147163391,325.1971435546875,260.6084899902344,14.543426513671875,39.20646667480469
535,9,person,0,0.8921379446983337,216.93063354492188,350.1108703613281,70.57313537597656,123.72821044921875
535,11,bicycle,1,0.9016593098640442,221.34762573242188,395.1326904296875,115.48008728027344,84.7139892578125
535,10,person,0,0.7318242192268372,306.885009765625,252.13409423828125,13.515228271484375,41.24330139160156
535,12,person,0,0.7277504801750183,341.30731201171875,252.26040649414062,14.353363037109375,38.83416748046875
535,13,person,0,0.5407301187515259,360.0731201171875,247.44204711914062,10.748260498046875,34.63865661621094
536,7,person,0,0.7380308508872986,324.27886962890625,260.51800537109375,14.564666748046875,39.7633056640625
536,9,person,0,0.8983326554298401,222.91087341308594,350.7319641113281,70.54080200195312,124.06109619140625
536,11,bicycle,1,0.8986597657203674,227.57876586914062,395.96063232421875,118.75337219238281,84.19143676757812
536,10,person,0,0.6807467937469482,306.8807373046875,251.6252899169922,13.527679443359375,41.158355712890625
536,12,person,0,0.7220191359519958,341.38250732421875,252.51451110839844,14.187835693359375,39.340789794921875
536,13,person,0,0.5559113025665283,359.7374572753906,247.647216796875,11.02117919921875,36.50437927246094
537,7,person,0,0.7327892780303955,323.88531494140625,261.00762939453125,15.290130615234375,41.2218017578125
537,9,person,0,0.9005671143531799,229.68072509765625,351.767333984375,71.76432800292969,124.95254516601562
537,11,bicycle,1,0.8856321573257446,234.0443115234375,397.68487548828125,122.43623352050781,80.41622924804688
537,10,person,0,0.7257107496261597,306.91314697265625,251.67127990722656,13.908538818359375,40.792327880859375
537,12,person,0,0.7254640460014343,341.55609130859375,252.68472290039062,13.617584228515625,39.67662048339844
537,13,person,0,0.6122788786888123,359.2727355957031,248.81224060058594,11.29388427734375,35.402069091796875
538,7,person,0,0.6977128982543945,323.8743896484375,260.77947998046875,16.005706787109375,41.389068603515625
538,9,person,0,0.8981500864028931,235.7668914794922,352.07354736328125,72.24014282226562,125.08453369140625
538,11,bicycle,1,0.8981665372848511,240.66897583007812,398.41796875,125.25593566894531,80.50445556640625
538,10,person,0,0.7269958853721619,306.88629150390625,251.76931762695312,14.10528564453125,41.33978271484375
538,12,person,0,0.7617533802986145,341.7235107421875,252.93191528320312,13.261444091796875,39.86479187011719
538,13,person,0,0.6511772274971008,359.04742431640625,249.07339477539062,10.86383056640625,34.64683532714844
539,7,person,0,0.7023865580558777,323.6963806152344,261.0234375,16.08074951171875,42.07151794433594
539,9,person,0,0.9061149954795837,242.5061492919922,352.7540283203125,72.35293579101562,125.83926391601562
539,11,bicycle,1,0.8914461135864258,247.60391235351562,398.49346923828125,127.68955993652344,80.5062255859375
539,10,person,0,0.7135534882545471,306.7840576171875,251.8709716796875,13.901275634765625,41.57563781738281
539,12,person,0,0.7648993134498596,341.8575744628906,253.03338623046875,13.07733154296875,39.99424743652344
539,13,person,0,0.6796238422393799,358.876220703125,248.78102111816406,10.587677001953125,35.161529541015625
540,7,person,0,0.7513375878334045,323.14862060546875,261.18896484375,16.689178466796875,43.00843811035156
540,9,person,0,0.8841979503631592,249.34432983398438,353.71417236328125,71.73139953613281,127.32852172851562
540,11,bicycle,1,0.9047070145606995,254.85235595703125,398.08734130859375,129.91197204589844,81.86056518554688
540,10,person,0,0.7221187949180603,306.361328125,251.95884704589844,13.611236572265625,41.805328369140625
540,12,person,0,0.7501794099807739,341.8994140625,253.07077026367188,13.27862548828125,39.8154296875
540,13,person,0,0.7023111581802368,358.96527099609375,248.61065673828125,10.868133544921875,35.81048583984375
541,7,person,0,0.7234241366386414,322.863037109375,261.643798828125,16.464752197265625,43.491790771484375
541,9,person,0,0.901160717010498,256.8681335449219,354.1146240234375,71.98445129394531,128.38424682617188
541,11,bicycle,1,0.899155855178833,262.24871826171875,398.27923583984375,132.37648010253906,82.42544555664062
541,10,person,0,0.7076606750488281,305.8486633300781,252.379150390625,13.75830078125,42.23931884765625
541,12,person,0,0.7272953987121582,341.9901123046875,253.34329223632812,13.014678955078125,39.63690185546875
541,13,person,0,0.6116416454315186,358.63714599609375,248.10964965820312,10.529876708984375,36.98960876464844
542,7,person,0,0.6928911805152893,323.03369140625,261.36724853515625,15.8394775390625,42.15122985839844
542,9,person,0,0.8978469371795654,264.7393493652344,354.32073974609375,71.97712707519531,129.28311157226562
542,11,bicycle,1,0.8982671499252319,269.47564697265625,398.0960693359375,134.7564239501953,82.34036254882812
542,10,person,0,0.70855712890625,305.61370849609375,252.76718139648438,13.640716552734375,42.79949951171875
542,12,person,0,0.7334868907928467,342.0177001953125,253.59768676757812,12.428009033203125,39.32270812988281
542,13,person,0,0.537628173828125,358.063232421875,248.10464477539062,9.903045654296875,36.52894592285156
543,7,person,0,0.6655591726303101,323.5554504394531,260.9060974121094,15.26971435546875,39.99786376953125
543,9,person,0,0.9018386006355286,272.616943359375,354.989501953125,72.04524230957031,129.72103881835938
543,11,bicycle,1,0.9135662317276001,277.25006103515625,398.384765625,136.70184326171875,81.9423828125
543,10,person,0,0.6721116900444031,305.89794921875,253.02169799804688,13.480743408203125,42.01190185546875
543,12,person,0,0.7387522459030151,342.3025207519531,253.7677001953125,11.9964599609375,38.98237609863281
543,13,person,0,0.5817166566848755,357.9464111328125,248.16458129882812,9.988494873046875,36.63401794433594
544,7,person,0,0.7234989404678345,323.6461181640625,260.7024841308594,15.221771240234375,39.03834533691406
544,9,person,0,0.900664210319519,280.49090576171875,355.31085205078125,72.57752990722656,130.34866333007812
544,11,bicycle,1,0.9125771522521973,284.66241455078125,398.16363525390625,138.8511962890625,81.98007202148438
544,10,person,0,0.6992125511169434,305.63916015625,253.61676025390625,13.72259521484375,43.3966064453125
544,12,person,0,0.7503154277801514,342.3882141113281,253.80206298828125,12.0963134765625,39.00141906738281
544,13,person,0,0.546680748462677,357.4656982421875,247.9450225830078,10.38909912109375,36.947052001953125
545,7,person,0,0.7400543689727783,323.8362731933594,260.5291748046875,15.10174560546875,38.68751525878906
545,9,person,0,0.907691478729248,288.71405029296875,355.667236328125,73.61038208007812,130.80667114257812
545,11,bicycle,1,0.9108839631080627,292.6072998046875,398.14404296875,140.10275268554688,81.68023681640625
545,10,person,0,0.7015645503997803,305.3739013671875,253.95404052734375,14.09588623046875,43.73554992675781
545,12,person,0,0.7512658834457397,342.61956787109375,253.79978942871094,12.50592041015625,39.000091552734375
545,13,person,0,0.24926382303237915,356.961669921875,246.96484375,9.988250732421875,34.93696594238281
546,7,person,0,0.7639702558517456,323.76788330078125,260.51348876953125,15.14410400390625,38.92439270019531
546,9,person,0,0.9057998657226562,296.8552551269531,355.5285339355469,74.45758056640625,131.48748779296875
546,11,bicycle,1,0.9127124547958374,300.598388671875,397.66082763671875,140.74807739257812,81.08438110351562
546,10,person,0,0.7433801889419556,304.99029541015625,254.13519287109375,14.14715576171875,44.23310852050781
546,12,person,0,0.7092443108558655,342.7047119140625,253.72007751464844,12.38958740234375,39.253509521484375
546,13,person,0,0.6324455738067627,356.70819091796875,247.411865234375,10.09930419921875,35.9906005859375
547,7,person,0,0.7571536898612976,323.5927734375,260.6221008300781,15.033599853515625,39.46995544433594
547,9,person,0,0.9080877900123596,305.05010986328125,355.6917724609375,75.8175048828125,131.66412353515625
547,11,bicycle,1,0.9136854410171509,308.4504089355469,397.285888671875,140.8080291748047,80.603271484375
547,10,person,0,0.70958012342453,304.758544921875,254.1091766357422,13.756011962890625,44.755645751953125
547,12,person,0,0.7172286510467529,343.052490234375,253.65965270996094,12.693267822265625,39.466522216796875
547,13,person,0,0.6696028709411621,356.75970458984375,247.51968383789062,10.09381103515625,36.66925048828125
548,7,person,0,0.7732449173927307,323.3154602050781,260.5325622558594,15.04010009765625,39.2574462890625
548,9,person,0,0.9009243845939636,313.1097106933594,355.8138427734375,76.3841552734375,131.44558715820312
548,11,bicycle,1,0.8943095803260803,316.27154541015625,396.79461669921875,141.70620727539062,80.91192626953125
548,10,person,0,0.7025826573371887,304.56866455078125,254.2549285888672,13.65130615234375,44.785491943359375
548,12,person,0,0.7310853600502014,343.37890625,253.52040100097656,12.93841552734375,39.572235107421875
548,13,person,0,0.669654130935669,356.810302734375,248.14019775390625,10.364044189453125,37.8072509765625
549,7,person,0,0.7793582081794739,323.1973876953125,260.3800048828125,14.772613525390625,38.892059326171875
549,9,person,0,0.9097124934196472,321.50872802734375,355.6304016113281,77.44564819335938,131.4827880859375
549,11,bicycle,1,0.9077549576759338,323.7054748535156,395.77813720703125,141.40660095214844,81.23623657226562
549,10,person,0,0.6614028215408325,304.38470458984375,253.93490600585938,13.647552490234375,44.07185363769531
549,12,person,0,0.7419065237045288,343.5987243652344,253.49481201171875,13.2845458984375,40.13636779785156
549,13,person,0,0.6206642985343933,356.28985595703125,248.61399841308594,10.49871826171875,38.210235595703125
550,7,person,0,0.7625130414962769,323.0819091796875,260.20953369140625,14.606170654296875,38.88880920410156
550,9,person,0,0.9072895646095276,329.7667236328125,355.1308288574219,78.66769409179688,131.72564697265625
550,11,bicycle,1,0.8994945883750916,330.8998107910156,394.7687072753906,140.99774169921875,81.67645263671875
550,10,person,0,0.7250824570655823,304.2999267578125,253.49354553222656,13.747161865234375,43.425140380859375
550,12,person,0,0.7370204925537109,343.547119140625,253.42849731445312,13.231475830078125,40.3848876953125
550,13,person,0,0.692594051361084,355.7347106933594,248.83714294433594,10.42919921875,37.825775146484375
551,7,person,0,0.7563480734825134,323.02215576171875,260.19305419921875,14.594207763671875,39.42753601074219
551,9,person,0,0.8981494307518005,337.3912353515625,354.8620300292969,79.03421020507812,132.459228515625
551,11,bicycle,1,0.9071078896522522,338.5308837890625,393.4030456542969,140.47125244140625,83.076416015625
551,10,person,0,0.7351734042167664,304.2214660644531,253.5987091064453,13.58349609375,43.248382568359375
551,12,person,0,0.7391526103019714,343.60687255859375,253.34780883789062,13.14898681640625,40.43910217285156
551,13,person,0,0.688134491443634,355.5767517089844,248.86703491210938,11.053466796875,37.82415771484375
552,7,person,0,0.7721864581108093,323.05816650390625,260.1534423828125,14.190887451171875,38.99742126464844
552,9,person,0,0.8933470249176025,345.31988525390625,353.9482727050781,79.6806640625,132.10040283203125
552,11,bicycle,1,0.9071378707885742,345.733154296875,392.37518310546875,140.01177978515625,83.1519775390625
552,10,person,0,0.7487894892692566,304.0454406738281,253.6744384765625,13.67071533203125,42.83888244628906
552,12,person,0,0.710157573223114,343.8612365722656,253.54736328125,13.24578857421875,40.60166931152344
552,13,person,0,0.6977785229682922,355.41217041015625,249.04153442382812,11.4334716796875,37.26918029785156
553,7,person,0,0.7797896862030029,322.9688415527344,260.261474609375,14.1287841796875,39.07722473144531
553,9,person,0,0.9009949564933777,353.23345947265625,353.2769470214844,80.27407836914062,132.402587890625
553,11,bicycle,1,0.9157323241233826,353.22235107421875,391.58551025390625,138.674072265625,84.25436401367188
553,10,person,0,0.7367194294929504,303.8224182128906,253.7118682861328,13.8511962890625,42.892608642578125
553,12,person,0,0.7258262634277344,344.10345458984375,253.81204223632812,13.11346435546875,40.863525390625
553,13,person,0,0.7222219705581665,355.4990234375,249.13565063476562,11.753753662109375,36.9058837890625
554,7,person,0,0.7230522632598877,322.57025146484375,260.23876953125,13.470306396484375,39.44523620605469
554,9,person,0,0.9024760723114014,360.939453125,352.73724365234375,81.344482421875,131.80233764648438
554,11,bicycle,1,0.8999976515769958,360.41522216796875,390.63623046875,137.96298217773438,83.71023559570312
554,10,person,0,0.7692350149154663,303.61016845703125,253.8861083984375,13.965087890625,43.70988464355469
554,12,person,0,0.7239291667938232,344.31951904296875,253.9620361328125,12.884002685546875,40.80241394042969
554,13,person,0,0.7141820192337036,355.4375,249.22433471679688,12.3013916015625,37.68171691894531
555,7,person,0,0.7580354809761047,322.28411865234375,260.018310546875,13.290130615234375,40.01155090332031
555,9,person,0,0.9143950343132019,368.6395263671875,351.5482482910156,81.33413696289062,131.25177001953125
555,11,bicycle,1,0.9037514328956604,368.0460205078125,390.1524658203125,134.33493041992188,84.69046020507812
555,10,person,0,0.7600458860397339,303.32562255859375,254.17750549316406,14.385955810546875,44.420928955078125
555,12,person,0,0.718764066696167,344.25006103515625,254.11221313476562,12.45648193359375,40.12025451660156
555,13,person,0,0.5503945350646973,355.41796875,249.18675231933594,12.501953125,37.344757080078125
556,7,person,0,0.7506633996963501,321.989501953125,259.8580627441406,13.590057373046875,40.58723449707031
556,9,person,0,0.9159318804740906,375.8993835449219,350.7008056640625,81.00958251953125,130.59027099609375
556,11,bicycle,1,0.9134101271629333,375.4840087890625,389.0497741699219,131.73190307617188,86.125
556,10,person,0,0.7251189947128296,303.3895568847656,253.59580993652344,14.110595703125,43.135528564453125
556,12,person,0,0.7112557888031006,344.1249084472656,254.38919067382812,11.7838134765625,39.52714538574219
556,13,person,0,0.632885754108429,355.16082763671875,249.54840087890625,12.867279052734375,37.72969055175781
557,7,person,0,0.7291443943977356,321.8105773925781,259.3830871582031,13.9835205078125,41.50938415527344
557,9,person,0,0.9225813746452332,383.27410888671875,350.0190734863281,81.16409301757812,130.7120361328125
557,11,bicycle,1,0.899389922618866,383.029296875,388.72100830078125,129.22055053710938,86.72482299804688
557,10,person,0,0.6888871788978577,303.3699645996094,253.605712890625,13.85296630859375,43.45787048339844
557,12,person,0,0.7078074216842651,343.9273376464844,254.34849548339844,11.37152099609375,38.749359130859375
557,13,person,0,0.6786142587661743,354.8694763183594,249.5062255859375,13.00006103515625,38.75315856933594
558,7,person,0,0.7319375872612,321.45989990234375,258.9032897949219,13.961273193359375,41.33174133300781
558,9,person,0,0.9152174592018127,390.32281494140625,348.8201599121094,80.71194458007812,130.496337890625
558,11,bicycle,1,0.9270370602607727,389.9140625,388.091064453125,127.03070068359375,87.49508666992188
558,10,person,0,0.7114342451095581,303.28302001953125,254.23623657226562,13.86407470703125,44.39337158203125
558,12,person,0,0.7095372676849365,343.64947509765625,254.6636962890625,11.566009521484375,37.90095520019531
558,13,person,0,0.7033067345619202,354.86395263671875,249.06234741210938,12.728790283203125,37.6492919921875
559,7,person,0,0.716139554977417,321.1392822265625,258.8377380371094,14.239288330078125,40.69844055175781
559,9,person,0,0.9192445874214172,397.4075927734375,348.23046875,80.94058227539062,130.97836303710938
559,11,bicycle,1,0.9130505323410034,397.19720458984375,386.9141845703125,124.1373291015625,87.85574340820312
559,10,person,0,0.7022748589515686,303.24560546875,254.52426147460938,14.270172119140625,44.70648193359375
559,12,person,0,0.6810729503631592,343.66448974609375,254.93392944335938,11.393768310546875,36.53813171386719
559,13,person,0,0.6973428726196289,354.4410400390625,248.92689514160156,12.524322509765625,37.674957275390625
560,7,person,0,0.7173047661781311,321.2113037109375,258.9617919921875,14.258026123046875,39.762451171875
560,9,person,0,0.9089236259460449,403.89996337890625,347.5072021484375,80.44570922851562,130.45745849609375
560,11,bicycle,1,0.9158884882926941,403.75732421875,386.0325927734375,121.64068603515625,87.09329223632812
560,10,person,0,0.7006716728210449,303.10888671875,254.93038940429688,15.136962890625,45.04600524902344
560,12,person,0,0.6846452951431274,343.6025695800781,255.0428466796875,11.5087890625,35.88493347167969
560,13,person,0,0.6534712314605713,354.360595703125,248.56704711914062,12.3026123046875,37.39646911621094
561,7,person,0,0.7331222891807556,321.294921875,258.9042663574219,14.74456787109375,39.16761779785156
561,9,person,0,0.9152273535728455,409.70465087890625,346.984130859375,79.02130126953125,130.81704711914062
561,11,bicycle,1,0.9094505310058594,409.71630859375,384.8583068847656,117.80795288085938,87.21038818359375
561,10,person,0,0.7006038427352905,303.08111572265625,255.05291748046875,15.16046142578125,44.86509704589844
561,12,person,0,0.6962399482727051,343.7413024902344,255.07516479492188,11.5650634765625,35.77435302734375
561,13,person,0,0.6377900838851929,354.0709228515625,248.28103637695312,12.106109619140625,37.32185363769531
562,7,person,0,0.7258602380752563,321.1475524902344,258.8896179199219,15.251220703125,39.38356018066406
562,9,person,0,0.9077337384223938,415.56744384765625,345.7794494628906,76.50067138671875,130.442138671875
562,11,bicycle,1,0.9052813053131104,415.7824401855469,382.7925720214844,114.53399658203125,89.4404296875
562,10,person,0,0.7126879692077637,303.26995849609375,255.01206970214844,15.238067626953125,44.677703857421875
562,12,person,0,0.714596688747406,343.7318420410156,255.0398406982422,11.62109375,35.811676025390625
562,13,person,0,0.6944014430046082,354.03009033203125,248.1405792236328,12.216705322265625,36.698455810546875
563,7,person,0,0.7041226029396057,320.90838623046875,259.055908203125,15.420166015625,40.190032958984375
563,9,person,0,0.9054166078567505,422.0959777832031,344.9793395996094,75.935302734375,130.3096923828125
563,11,bicycle,1,0.895576000213623,421.1431884765625,382.13739013671875,111.32968139648438,86.86654663085938
563,10,person,0,0.7075524926185608,303.3544006347656,255.10110473632812,15.41424560546875,44.92552185058594
563,12,person,0,0.691633403301239,343.80694580078125,255.06585693359375,11.665252685546875,35.70417785644531
563,13,person,0,0.6673564910888672,354.05194091796875,248.18157958984375,12.33038330078125,36.63812255859375
564,7,person,0,0.7182888388633728,320.52569580078125,258.9085693359375,16.01702880859375,40.02227783203125
564,9,person,0,0.9112551212310791,428.04034423828125,344.4551086425781,74.73782348632812,129.44671630859375
564,11,bicycle,1,0.9090831875801086,426.23974609375,380.5201416015625,108.65420532226562,86.05868530273438
564,10,person,0,0.7288361191749573,303.404052734375,255.08383178710938,15.39154052734375,44.79296875
564,12,person,0,0.7015212178230286,343.91864013671875,255.04495239257812,11.760711669921875,35.92585754394531
564,13,person,0,0.667602002620697,354.162109375,248.16629028320312,12.19866943359375,36.56988525390625
565,7,person,0,0.7283356189727783,320.4750061035156,259.01715087890625,15.989501953125,40.48057556152344
565,9,person,0,0.8966069221496582,432.60675048828125,343.38525390625,71.10626220703125,128.00799560546875
565,11,bicycle,1,0.9021481275558472,432.32080078125,378.9876708984375,103.59085083007812,87.45919799804688
565,10,person,0,0.7286651134490967,303.1744079589844,254.83871459960938,15.40106201171875,44.58929443359375
565,12,person,0,0.7313554883003235,344.20782470703125,254.78164672851562,12.20452880859375,36.40104675292969
565,13,person,0,0.6962958574295044,354.277099609375,248.2117156982422,11.512969970703125,36.789947509765625
566,7,person,0,0.702181339263916,319.80499267578125,259.05767822265625,15.24945068359375,40.244659423828125
566,9,person,0,0.8922629356384277,438.2613525390625,341.9847717285156,70.71054077148438,126.86016845703125
566,11,bicycle,1,0.8959986567497253,437.49176025390625,377.5523681640625,100.65185546875,88.23599243164062
566,10,person,0,0.7177620530128479,302.8482666015625,254.73887634277344,15.217681884765625,44.651824951171875
566,12,person,0,0.7345582246780396,343.93267822265625,254.89297485351562,12.890533447265625,36.67436218261719
566,13,person,0,0.6894303560256958,354.29742431640625,246.88438415527344,11.027313232421875,33.589569091796875
567,7,person,0,0.7157970070838928,319.5723876953125,259.26641845703125,15.234283447265625,40.68269348144531
567,9,person,0,0.8872330188751221,443.9707336425781,341.5125732421875,70.38494873046875,126.81039428710938
567,11,bicycle,1,0.8968154191970825,442.40386962890625,376.43841552734375,96.72433471679688,88.90573120117188
567,10,person,0,0.7238292694091797,302.5950012207031,254.73703002929688,14.689697265625,44.71351623535156
567,12,person,0,0.7182947993278503,343.7499694824219,254.84027099609375,13.25225830078125,37.78480529785156
567,13,person,0,0.6655634045600891,354.2919006347656,246.8893280029297,11.0169677734375,34.421661376953125
568,7,person,0,0.690116286277771,318.9305419921875,259.2922668457031,14.51611328125,40.45164489746094
568,9,person,0,0.8968874216079712,449.1683349609375,340.161376953125,69.05831909179688,125.6414794921875
568,11,bicycle,1,0.8726608753204346,446.67047119140625,375.6194152832031,92.05447387695312,88.1556396484375
568,10,person,0,0.7377084493637085,302.5495300292969,254.7557830810547,14.451416015625,44.899078369140625
568,12,person,0,0.7261108756065369,343.955810546875,255.28424072265625,13.406402587890625,38.72465515136719
568,13,person,0,0.66867595911026,354.2976989746094,247.2808074951172,10.85791015625,35.661102294921875
569,7,person,0,0.7063817381858826,318.54656982421875,259.1419982910156,14.2578125,39.84642028808594
569,9,person,0,0.8987367153167725,454.0738830566406,338.6927490234375,67.83587646484375,124.32916259765625
569,11,bicycle,1,0.8761699795722961,451.00714111328125,373.9282531738281,87.58291625976562,88.2254638671875
569,10,person,0,0.712151050567627,302.6267395019531,254.95156860351562,14.54864501953125,45.21192932128906
569,12,person,0,0.7273203730583191,344.18218994140625,255.48721313476562,13.36346435546875,39.53831481933594
569,13,person,0,0.6974664926528931,354.3538818359375,247.24435424804688,10.780181884765625,36.9140625
570,7,person,0,0.6830472946166992,317.831298828125,258.73419189453125,14.706878662109375,39.296051025390625
570,9,person,0,0.8925384283065796,457.98065185546875,338.271728515625,65.69143676757812,124.99639892578125
570,11,bicycle,1,0.8866641521453857,455.21722412109375,373.17315673828125,83.28823852539062,87.75967407226562
570,10,person,0,0.7599780559539795,302.655029296875,255.1248779296875,14.706695556640625,45.54951477050781
570,12,person,0,0.7335737347602844,344.42279052734375,255.49212646484375,13.334686279296875,39.61070251464844
570,13,person,0,0.69197016954422,354.505615234375,247.55787658691406,10.911102294921875,38.361358642578125
571,7,person,0,0.6332512497901917,317.82635498046875,258.829833984375,14.014923095703125,39.312957763671875
571,9,person,0,0.8922448754310608,461.43975830078125,337.16033935546875,63.21148681640625,123.64224243164062
571,11,bicycle,1,0.872384250164032,458.86285400390625,371.1632080078125,79.56552124023438,87.35882568359375
571,10,person,0,0.6436731815338135,302.5197448730469,255.28028869628906,15.00640869140625,45.723846435546875
571,12,person,0,0.6981562376022339,344.3577575683594,255.699951171875,13.222900390625,39.80491638183594
571,13,person,0,0.6813690662384033,354.482177734375,247.81805419921875,10.731842041015625,39.21086120605469
572,7,person,0,0.6149117350578308,317.86383056640625,258.8644104003906,13.385894775390625,39.39314270019531
572,9,person,0,0.8862977623939514,465.19439697265625,335.9180908203125,61.510711669921875,121.97775268554688
572,11,bicycle,1,0.8497243523597717,462.499755859375,369.5531005859375,74.86434936523438,88.04827880859375
572,10,person,0,0.671720027923584,302.53009033203125,255.40267944335938,15.088531494140625,45.17234802246094
572,12,person,0,0.7278972268104553,344.4186706542969,256.3506774902344,13.7481689453125,39.72450256347656
572,13,person,0,0.6973344087600708,354.48687744140625,248.3179168701172,10.954071044921875,39.709442138671875
573,7,person,0,0.681098222732544,317.9568786621094,259.02679443359375,12.8333740234375,39.68763732910156
573,9,person,0,0.8949398994445801,468.50286865234375,334.641845703125,60.024505615234375,121.53543090820312
573,11,bicycle,1,0.8460968732833862,466.0874328613281,368.1065673828125,70.73748779296875,87.08200073242188
573,10,person,0,0.720050573348999,302.33868408203125,255.1774139404297,13.767059326171875,44.936370849609375
573,12,person,0,0.7427940964698792,344.35211181640625,256.5700378417969,13.330108642578125,40.02574157714844
573,13,person,0,0.7002394199371338,354.5758056640625,249.02462768554688,11.209747314453125,38.75408935546875
574,7,person,0,0.7041831612586975,317.7999267578125,259.0581970214844,12.929595947265625,39.89918518066406
574,9,person,0,0.884692370891571,471.3104248046875,332.82080078125,57.402099609375,118.63973999023438
574,11,bicycle,1,0.8526500463485718,470.0335998535156,365.902587890625,66.5064697265625,85.31134033203125
574,10,person,0,0.7297955751419067,301.98101806640625,254.98098754882812,13.593353271484375,44.57987976074219
574,12,person,0,0.7200983166694641,344.61883544921875,256.65924072265625,12.692138671875,40.350067138671875
574,13,person,0,0.7075377106666565,354.57305908203125,248.8728790283203,11.782196044921875,39.052276611328125
575,7,person,0,0.7309420704841614,317.679931640625,258.7779846191406,13.068756103515625,39.65998840332031
575,9,person,0,0.8850430250167847,474.5606994628906,330.8831481933594,55.84515380859375,116.57928466796875
575,11,bicycle,1,0.8659165501594543,473.15966796875,364.5162353515625,63.42279052734375,85.11355590820312
575,10,person,0,0.7246610522270203,301.63885498046875,255.07363891601562,13.784820556640625,43.95127868652344
575,12,person,0,0.7213228344917297,344.6846923828125,257.00836181640625,12.945587158203125,39.85813903808594
575,13,person,0,0.7045664191246033,354.669677734375,249.0349884033203,11.82965087890625,38.574737548828125
576,7,person,0,0.735968291759491,317.70941162109375,258.86767578125,13.145477294921875,40.302825927734375
576,9,person,0,0.871234118938446,477.3048400878906,328.8570861816406,53.5286865234375,116.56201171875
576,11,bicycle,1,0.7073442935943604,476.20928955078125,363.47479248046875,59.512725830078125,82.70782470703125
576,10,person,0,0.7260926365852356,301.44915771484375,255.2354736328125,13.707916259765625,42.98016357421875
576,12,person,0,0.7379799485206604,344.91021728515625,256.7868347167969,13.25616455078125,40.10722351074219
576,13,person,0,0.6662853956222534,354.8992919921875,249.18443298339844,11.6783447265625,39.638275146484375
577,7,person,0,0.6966100931167603,317.6625671386719,258.4595031738281,12.77764892578125,39.60118103027344
577,9,person,0,0.8842725157737732,480.3622131347656,327.36041259765625,51.87744140625,117.34945678710938
577,11,bicycle,1,0.750078022480011,479.251708984375,363.0467529296875,56.842315673828125,80.16244506835938
577,10,person,0,0.7423604726791382,301.2774658203125,255.37155151367188,13.8438720703125,43.57511901855469
577,12,person,0,0.747855007648468,344.8290100097656,256.6272277832031,13.2276611328125,40.26069641113281
577,13,person,0,0.6851444244384766,355.2029724121094,249.69309997558594,11.519287109375,39.406829833984375
578,7,person,0,0.7578572034835815,317.4508056640625,258.55548095703125,12.762054443359375,39.94206237792969
578,9,person,0,0.86505526304245,483.41064453125,325.74090576171875,51.241424560546875,116.44924926757812
578,11,bicycle,1,0.7432302832603455,482.67047119140625,360.3683166503906,53.398101806640625,82.00958251953125
578,10,person,0,0.7570724487304688,300.96136474609375,256.16375732421875,14.046539306640625,45.06373596191406
578,12,person,0,0.7580372095108032,344.8555908203125,256.5860595703125,13.048126220703125,40.55316162109375
578,13,person,0,0.6807528138160706,355.32208251953125,250.453125,11.29925537109375,38.19403076171875
579,7,person,0,0.7590941190719604,316.77178955078125,258.4083251953125,13.630401611328125,39.84617614746094
579,9,person,0,0.8639335632324219,485.8451232910156,324.10247802734375,50.5321044921875,114.93740844726562
579,11,bicycle,1,0.794435441493988,485.64483642578125,358.66693115234375,50.965362548828125,82.24319458007812
579,10,person,0,0.7527475953102112,300.6971435546875,256.6235656738281,13.851348876953125,45.76348876953125
579,12,person,0,0.7462468147277832,345.0023193359375,256.3398742675781,12.991668701171875,40.5380859375
579,13,person,0,0.6695935726165771,355.62261962890625,250.54083251953125,11.152374267578125,36.4085693359375
580,7,person,0,0.7597688436508179,316.24896240234375,258.2973327636719,13.959930419921875,39.5791015625
580,9,person,0,0.8648900985717773,488.1214599609375,322.5196228027344,49.191925048828125,115.75091552734375
580,11,bicycle,1,0.7072240710258484,487.5478820800781,357.55926513671875,49.05841064453125,81.8802490234375
580,10,person,0,0.7559964060783386,300.58062744140625,256.82275390625,13.828460693359375,45.975189208984375
580,12,person,0,0.7428358793258667,345.377197265625,255.98941040039062,13.325653076171875,41.07374572753906
580,13,person,0,0.6519558429718018,355.9515686035156,250.41268920898438,11.115478515625,35.92364501953125
581,7,person,0,0.7419052720069885,316.17645263671875,258.290771484375,13.880096435546875,39.45219421386719
581,9,person,0,0.8602248430252075,490.416015625,320.7473449707031,48.38818359375,115.86663818359375
581,11,bicycle,1,0.7730674743652344,490.126953125,355.47467041015625,46.31787109375,82.19561767578125
581,10,person,0,0.7645106911659241,300.46044921875,256.8601989746094,13.911895751953125,45.93260192871094
581,12,person,0,0.7484630942344666,345.7340087890625,255.8372802734375,13.7066650390625,41.14723205566406
581,13,person,0,0.591361939907074,355.87823486328125,250.71255493164062,11.569427490234375,36.88349914550781
582,7,person,0,0.7428810000419617,316.343505859375,258.2066955566406,13.825042724609375,39.12528991699219
582,9,person,0,0.863006591796875,491.9034118652344,319.87481689453125,46.54095458984375,115.94387817382812
582,11,bicycle,1,0.8112903237342834,492.558349609375,353.6737060546875,43.801727294921875,81.9112548828125
582,10,person,0,0.7787594199180603,300.38385009765625,256.69561767578125,14.08123779296875,45.91522216796875
582,12,person,0,0.7610688209533691,345.7522277832031,255.73089599609375,14.09552001953125,41.45416259765625
582,13,person,0,0.5686972737312317,356.2449035644531,250.415771484375,11.33758544921875,36.844970703125
583,7,person,0,0.7358253598213196,316.42803955078125,257.8624267578125,13.904022216796875,38.21759033203125
583,9,person,0,0.8524726629257202,493.4566650390625,318.803955078125,44.73046875,114.66873168945312
583,11,bicycle,1,0.6812816858291626,495.127685546875,351.45086669921875,41.4383544921875,82.59487915039062
583,10,person,0,0.7629895210266113,300.2452392578125,256.62982177734375,14.1031494140625,45.78306579589844
583,12,person,0,0.7536841034889221,345.71514892578125,255.64324951171875,14.732086181640625,41.72300720214844
583,13,person,0,0.6084449887275696,356.64520263671875,249.96243286132812,11.088592529296875,36.89616394042969
584,7,person,0,0.7308290004730225,316.83172607421875,257.4846496582031,13.391632080078125,37.32844543457031
584,9,person,0,0.8163986802101135,494.4693603515625,317.6172180175781,42.930877685546875,113.22943115234375
584,11,bicycle,1,0.6718066930770874,497.406494140625,349.9032287597656,41.3841552734375,80.971435546875
584,10,person,0,0.7297021150588989,299.98516845703125,256.4322204589844,13.923980712890625,45.38037109375
584,12,person,0,0.7109159231185913,345.39935302734375,255.40420532226562,13.84210205078125,41.76806640625
584,13,person,0,0.6550635099411011,356.8324890136719,249.81582641601562,11.1240234375,36.7469482421875
585,7,person,0,0.7327375411987305,317.33184814453125,257.6704406738281,12.845245361328125,37.47572326660156
585,9,person,0,0.8033308386802673,495.8275146484375,317.3504943847656,41.8387451171875,111.98162841796875
585,11,bicycle,1,0.777215838432312,499.5906982421875,347.54736328125,41.1246337890625,81.67752075195312
585,10,person,0,0.7129337191581726,299.7745056152344,256.13702392578125,13.993408203125,44.875762939453125
585,12,person,0,0.711764395236969,345.3594970703125,255.5792999267578,13.55792236328125,41.540008544921875
585,13,person,0,0.6618934273719788,357.24725341796875,249.84014892578125,11.414825439453125,36.70928955078125
586,7,person,0,0.7237299084663391,317.5281066894531,258.12359619140625,12.563720703125,38.223297119140625
586,9,person,0,0.7198825478553772,495.43756103515625,318.0632019042969,36.997711181640625,106.49615478515625
586,11,bicycle,1,0.704649806022644,500.3699035644531,344.63165283203125,39.56024169921875,82.36965942382812
586,10,person,0,0.7217403054237366,299.5870666503906,255.50672912597656,13.88836669921875,43.751739501953125
586,12,person,0,0.6351401209831238,345.12548828125,255.24729919433594,12.543792724609375,40.540802001953125
586,13,person,0,0.7214294075965881,357.4029541015625,250.17514038085938,12.23272705078125,37.27752685546875
587,7,person,0,0.7368740439414978,317.56134033203125,258.3802795410156,12.459259033203125,38.69873046875
587,9,person,0,0.7258020639419556,495.3868408203125,317.3937683105469,34.16064453125,103.427001953125
587,11,bicycle,1,0.7496970891952515,501.494873046875,344.41302490234375,35.511474609375,79.79452514648438
587,10,person,0,0.7493121027946472,299.36981201171875,255.50619506835938,14.109771728515625,43.93290710449219
587,12,person,0,0.70348060131073,345.345703125,255.43014526367188,12.961669921875,40.77117919921875
587,13,person,0,0.7600765228271484,357.95166015625,250.12872314453125,12.3951416015625,37.326904296875
588,7,person,0,0.7370674014091492,317.59942626953125,258.4497375488281,12.436920166015625,38.71038818359375
588,9,person,0,0.7595784068107605,496.458740234375,316.00970458984375,33.683807373046875,101.20492553710938
588,11,bicycle,1,0.7521054148674011,502.8572082519531,343.86480712890625,34.29949951171875,77.90591430664062
588,10,person,0,0.7811810374259949,299.0784912109375,255.68153381347656,14.468505859375,44.313385009765625
588,12,person,0,0.6882100105285645,345.2926025390625,255.75457763671875,13.01190185546875,41.39442443847656
588,13,person,0,0.7504938244819641,358.2857666015625,249.98867797851562,12.874664306640625,36.51744079589844
589,7,person,0,0.7504129409790039,317.7493591308594,258.309326171875,12.78448486328125,38.56327819824219
589,9,person,0,0.7286899089813232,497.15234375,313.4246826171875,32.805084228515625,102.19284057617188
589,11,bicycle,1,0.6080750226974487,503.3448486328125,343.2608947753906,31.319610595703125,77.4464111328125
589,10,person,0,0.7707273960113525,298.8614501953125,256.2422180175781,14.86334228515625,45.47071838378906
589,12,person,0,0.7321921586990356,345.4690246582031,256.15545654296875,13.67071533203125,41.78990173339844
589,13,person,0,0.7272876501083374,358.5408630371094,250.23046875,11.99481201171875,36.58149719238281
590,7,person,0,0.7442201972007751,317.76019287109375,258.26275634765625,13.179534912109375,38.594024658203125
590,9,person,0,0.7405274510383606,498.4435119628906,311.57550048828125,33.62017822265625,103.15597534179688
590,11,bicycle,1,0.39115241169929504,503.2806396484375,341.4832763671875,32.225372314453125,76.40896606445312
590,10,person,0,0.765269935131073,298.8044128417969,256.5006103515625,15.05767822265625,45.86354064941406
590,12,person,0,0.7085385918617249,345.48211669921875,256.6290588378906,14.191741943359375,40.94206237792969
590,13,person,0,0.7588833570480347,358.41595458984375,250.52923583984375,11.99932861328125,37.13825988769531
591,7,person,0,0.719592273235321,317.7767333984375,258.266845703125,13.577880859375,38.54986572265625
591,9,person,0,0.7156495451927185,499.6064453125,311.0028991699219,34.6339111328125,101.3304443359375
591,11,bicycle,1,0.36256709694862366,503.88214111328125,340.6706237792969,28.569793701171875,75.9754638671875
591,10,person,0,0.7595832943916321,298.8065185546875,256.2528381347656,15.456329345703125,45.39543151855469
591,12,person,0,0.6739174127578735,344.7279052734375,256.8399658203125,13.096099853515625,40.53651428222656
591,13,person,0,0.748396098613739,358.87652587890625,250.9366455078125,11.5897216796875,37.45970153808594
592,7,person,0,0.6867987513542175,317.65399169921875,258.3096618652344,13.283843994140625,38.20332336425781
592,9,person,0,0.7213112711906433,500.3019714355469,310.53448486328125,34.37628173828125,98.13250732421875
592,10,person,0,0.7733980417251587,298.62445068359375,256.47607421875,15.934478759765625,45.96849060058594
592,12,person,0,0.7199137210845947,344.2104187011719,256.86468505859375,12.64874267578125,40.5709228515625
592,13,person,0,0.7240177392959595,359.08056640625,251.18838500976562,11.225677490234375,37.27110290527344
593,7,person,0,0.7198686599731445,317.5276184082031,258.0518798828125,13.0435791015625,38.09474182128906
593,9,person,0,0.72547847032547,501.4317626953125,309.259765625,35.582244873046875,97.18313598632812
593,10,person,0,0.7747691869735718,298.57928466796875,256.35479736328125,16.249298095703125,45.72846984863281
593,12,person,0,0.7475531697273254,344.16424560546875,257.06658935546875,12.956634521484375,40.380096435546875
593,13,person,0,0.6995950937271118,359.5108337402344,251.00152587890625,11.64666748046875,37.75042724609375
594,7,person,0,0.6907030940055847,317.34283447265625,257.93328857421875,12.415008544921875,38.083282470703125
594,9,person,0,0.7528313994407654,503.02178955078125,307.708984375,35.915771484375,95.79580688476562
594,10,person,0,0.7608290910720825,298.65911865234375,256.2465515136719,16.153106689453125,44.89302062988281
594,12,person,0,0.7583522796630859,344.1162109375,257.1575622558594,13.45166015625,40.36033630371094
594,13,person,0,0.7157589793205261,360.0950927734375,251.01876831054688,11.383544921875,37.78192138671875
595,7,person,0,0.6829476356506348,317.00543212890625,257.8772888183594,12.09246826171875,38.15483093261719
595,9,person,0,0.7537866234779358,503.2760009765625,306.63507080078125,35.0294189453125,93.3076171875
595,10,person,0,0.7682852745056152,298.5690002441406,256.77337646484375,16.2054443359375,45.37236022949219
595,12,person,0,0.7620389461517334,344.2417297363281,257.14471435546875,14.03277587890625,41.11358642578125
595,13,person,0,0.7082045078277588,360.32781982421875,250.88119506835938,11.58404541015625,37.82710266113281
596,7,person,0,0.696972668170929,316.921875,257.7347717285156,11.491485595703125,37.80824279785156
596,9,person,0,0.7640821933746338,503.45611572265625,305.3155517578125,35.470184326171875,90.440185546875
596,10,person,0,0.7743138670921326,298.45782470703125,257.70849609375,16.3463134765625,46.66630554199219
596,12,person,0,0.7561852335929871,343.942138671875,256.6138916015625,13.977569580078125,41.23313903808594
596,13,person,0,0.7240604162216187,360.8665466308594,251.02401733398438,11.946044921875,37.90147399902344
596,11,bicycle,1,0.5395028591156006,506.0684509277344,339.67730712890625,19.22125244140625,64.16616821289062
597,7,person,0,0.6988521218299866,317.0662841796875,257.50225830078125,11.257080078125,37.05033874511719
597,9,person,0,0.7517371773719788,503.9555358886719,304.4249267578125,35.81805419921875,89.35018920898438
597,10,person,0,0.7563325762748718,298.4726257324219,258.0810852050781,16.29571533203125,47.17338562011719
597,12,person,0,0.7565030455589294,343.6946716308594,256.44940185546875,14.33447265625,41.520416259765625
597,13,person,0,0.7266345620155334,361.3636779785156,251.09730529785156,12.22052001953125,37.840789794921875
597,11,bicycle,1,0.5941318273544312,507.545654296875,340.3507385253906,17.8946533203125,59.12738037109375
598,7,person,0,0.713649332523346,317.2300109863281,257.7967834472656,11.65106201171875,36.900146484375
598,9,person,0,0.7692380547523499,503.9007568359375,304.1412353515625,35.317840576171875,89.95013427734375
598,10,person,0,0.7568436861038208,298.4144287109375,258.1148376464844,16.180328369140625,47.35447692871094
598,12,person,0,0.7354266047477722,343.60235595703125,256.90301513671875,14.238372802734375,41.541259765625
598,13,person,0,0.698581337928772,361.7132263183594,250.83990478515625,12.8011474609375,37.73362731933594
598,11,bicycle,1,0.6067719459533691,507.5859069824219,340.5691223144531,17.20672607421875,55.4527587890625
599,7,person,0,0.7117325067520142,317.2494812011719,257.969970703125,11.7872314453125,37.74180603027344
599,9,person,0,0.7807759642601013,503.9844970703125,304.82373046875,35.309783935546875,90.08462524414062
599,10,person,0,0.7615016102790833,298.54632568359375,258.0048828125,15.67071533203125,46.85282897949219
599,12,person,0,0.7509327530860901,343.5023193359375,257.2151794433594,14.81109619140625,41.87757873535156
599,13,person,0,0.7586422562599182,362.0496826171875,250.88467407226562,12.334564208984375,37.63652038574219
599,11,bicycle,1,0.5670574307441711,507.860107421875,339.1435546875,15.2637939453125,54.2998046875
600,7,person,0,0.7037224769592285,317.2654113769531,257.9295349121094,11.72821044921875,38.03851318359375
600,9,person,0,0.77137291431427,503.41546630859375,304.56512451171875,34.225982666015625,89.6796875
600,10,person,0,0.7660216689109802,298.6841735839844,258.027099609375,15.64947509765625,46.825927734375
600,12,person,0,0.7637329697608948,343.42181396484375,257.23248291015625,15.1859130859375,42.00532531738281
600,13,person,0,0.748076319694519,362.2116394042969,251.0621337890625,12.49981689453125,37.9786376953125
600,11,bicycle,1,0.5726550817489624,507.419677734375,336.86376953125,15.7564697265625,55.878692626953125
601,7,person,0,0.7061209678649902,316.88665771484375,257.8880615234375,11.262115478515625,38.237396240234375
601,9,person,0,0.7851028442382812,503.01055908203125,304.5219421386719,33.685577392578125,90.46563720703125
601,10,person,0,0.7500606775283813,298.71441650390625,258.0593566894531,15.239044189453125,46.98980712890625
601,12,person,0,0.7968605160713196,343.2880859375,257.3736267089844,16.30072021484375,42.49223327636719
601,13,person,0,0.7571843862533569,362.58868408203125,251.4844207763672,12.45587158203125,38.294525146484375
601,11,bicycle,1,0.5723357796669006,508.10089111328125,336.0434265136719,14.903350830078125,57.04534912109375
602,7,person,0,0.7283776998519897,317.2271728515625,257.86572265625,11.761260986328125,38.539276123046875
602,9,person,0,0.7886858582496643,502.644287109375,303.7988586425781,33.478424072265625,91.26806640625
602,10,person,0,0.7617112994194031,298.7689208984375,258.29290771484375,15.153289794921875,47.58781433105469
602,12,person,0,0.7824351191520691,343.2674560546875,257.5552978515625,16.423370361328125,42.87852478027344
602,13,person,0,0.7443550229072571,363.0998229980469,251.50241088867188,12.1988525390625,38.62113952636719
602,11,bicycle,1,0.459704726934433,508.1925048828125,334.119140625,17.425018310546875,56.27093505859375
603,7,person,0,0.7344667315483093,317.19525146484375,257.7085876464844,11.3485107421875,38.95402526855469
603,9,person,0,0.8124099373817444,502.27239990234375,303.41204833984375,32.935455322265625,91.50930786132812
603,10,person,0,0.7636342644691467,298.74444580078125,257.7005615234375,15.107940673828125,46.700714111328125
603,12,person,0,0.7959128618240356,343.5351867675781,257.89404296875,16.50201416015625,42.972869873046875
603,13,person,0,0.7628147602081299,363.46722412109375,251.68499755859375,12.7152099609375,38.4224853515625
603,11,bicycle,1,0.4215950667858124,507.341064453125,328.8763427734375,18.833221435546875,53.019378662109375
604,7,person,0,0.7277041673660278,317.2325744628906,257.6560974121094,11.2916259765625,38.93177795410156
604,9,person,0,0.8411855697631836,501.518798828125,303.86669921875,31.924346923828125,91.09884643554688
604,10,person,0,0.7619421482086182,298.57586669921875,258.1372375488281,15.556427001953125,48.05577087402344
604,12,person,0,0.7879397869110107,343.56982421875,258.0994567871094,16.760345458984375,43.01171875
604,13,person,0,0.7126539945602417,363.9732666015625,251.67138671875,12.65069580078125,38.24824523925781
604,11,bicycle,1,0.40009546279907227,507.2325134277344,330.066162109375,18.87493896484375,53.005645751953125
605,7,person,0,0.719116747379303,317.0292053222656,257.69970703125,10.87310791015625,39.314605712890625
605,9,person,0,0.7985737919807434,500.57281494140625,304.0794677734375,30.7230224609375,90.49368286132812
605,10,person,0,0.772871196269989,298.3133239746094,257.935302734375,15.865478515625,48.027435302734375
605,12,person,0,0.7865296602249146,343.8125,258.5599365234375,17.029998779296875,43.0234375
605,13,person,0,0.6583042740821838,365.29931640625,251.8031005859375,13.723602294921875,37.86302185058594
605,11,bicycle,1,0.480587899684906,507.71075439453125,328.6934814453125,17.520111083984375,51.076934814453125
606,7,person,0,0.7130354046821594,316.6690673828125,257.7322692871094,10.369720458984375,39.50163269042969
606,9,person,0,0.7972255349159241,500.03985595703125,303.87750244140625,30.967681884765625,89.60391235351562
606,10,person,0,0.7500501275062561,298.3675537109375,258.306884765625,15.6199951171875,48.224884033203125
606,12,person,0,0.7699557542800903,343.91851806640625,258.8043518066406,16.23309326171875,42.44398498535156
606,13,person,0,0.6712691783905029,365.9701843261719,251.81442260742188,13.75543212890625,37.76243591308594
606,11,bicycle,1,0.4626648724079132,507.40509033203125,327.5038146972656,18.253143310546875,53.137451171875
607,7,person,0,0.7077287435531616,316.45147705078125,257.72723388671875,10.10888671875,39.62617492675781
607,9,person,0,0.806494951248169,499.2343444824219,304.28802490234375,30.60296630859375,86.1719970703125
607,10,person,0,0.7856999039649963,297.95098876953125,258.6880798339844,16.55712890625,48.730224609375
607,12,person,0,0.7733506560325623,343.46514892578125,258.79058837890625,15.7293701171875,41.73681640625
607,13,person,0,0.722878098487854,366.5068054199219,251.71437072753906,13.751953125,37.911224365234375
607,11,bicycle,1,0.4966011345386505,507.373046875,326.921142578125,17.399505615234375,53.970916748046875
608,7,person,0,0.6905120015144348,316.323974609375,257.7869873046875,10.1173095703125,39.63011169433594
608,9,person,0,0.8019546270370483,498.2451171875,303.7332763671875,30.739898681640625,83.94528198242188
608,10,person,0,0.8087781071662903,297.25604248046875,259.3247985839844,17.971282958984375,49.46531677246094
608,12,person,0,0.7647627592086792,343.087890625,258.81634521484375,14.991607666015625,41.641815185546875
608,13,person,0,0.7357773780822754,367.2215270996094,252.23995971679688,14.4283447265625,38.29072570800781
608,11,bicycle,1,0.4796352684497833,505.87298583984375,327.31854248046875,17.033416748046875,51.474822998046875
609,7,person,0,0.6792113780975342,316.1478576660156,257.6764221191406,10.1937255859375,39.2467041015625
609,9,person,0,0.7805537581443787,496.7412109375,302.33782958984375,30.751556396484375,82.78097534179688
609,10,person,0,0.8090991377830505,297.01983642578125,259.4873962402344,18.299285888671875,49.62553405761719
609,12,person,0,0.7743110060691833,343.0925598144531,258.78045654296875,14.78607177734375,41.62931823730469
609,13,person,0,0.6973549127578735,367.00628662109375,252.16041564941406,14.042022705078125,38.333404541015625
609,11,bicycle,1,0.4711538553237915,505.40216064453125,326.4058837890625,16.469146728515625,51.4759521484375
610,7,person,0,0.7098847031593323,316.077880859375,257.4732666015625,10.255767822265625,39.15620422363281
610,9,person,0,0.7943664193153381,495.7218933105469,300.23846435546875,30.91131591796875,83.28494262695312
610,10,person,0,0.8060523867607117,296.8480224609375,259.6706237792969,18.436492919921875,49.87754821777344
610,12,person,0,0.784043550491333,343.272216796875,258.8611145019531,15.1240234375,41.90364074707031
610,13,person,0,0.6351170539855957,367.0397644042969,252.18104553222656,13.27764892578125,38.489959716796875
610,11,bicycle,1,0.5204118490219116,505.0775451660156,325.0775451660156,15.96185302734375,52.142822265625
611,7,person,0,0.7188523411750793,316.0924987792969,257.2445068359375,10.4383544921875,39.11865234375
611,9,person,0,0.7821466326713562,494.6265869140625,298.73236083984375,30.177886962890625,83.47592163085938
611,10,person,0,0.796233057975769,297.061767578125,259.7618408203125,17.396148681640625,49.81390380859375
611,12,person,0,0.7923464179039001,343.5124816894531,258.74169921875,15.4906005859375,41.88362121582031
611,13,person,0,0.5837500691413879,367.57733154296875,251.7849884033203,13.484039306640625,38.754180908203125
611,11,bicycle,1,0.473283976316452,504.1912841796875,323.20782470703125,16.530059814453125,53.89202880859375
612,7,person,0,0.7294845581054688,316.15887451171875,257.1180114746094,10.654144287109375,38.95295715332031
612,9,person,0,0.8096539974212646,493.5518493652344,298.481201171875,30.14898681640625,81.55642700195312
612,10,person,0,0.801702618598938,297.0023193359375,260.1217956542969,17.128021240234375,49.65470886230469
612,12,person,0,0.7912046313285828,343.5453186035156,258.4540710449219,15.67803955078125,41.97077941894531
612,13,person,0,0.6873740553855896,368.19085693359375,251.97576904296875,13.762115478515625,39.84953308105469
612,11,bicycle,1,0.5282800793647766,501.68280029296875,321.476806640625,17.141265869140625,50.850341796875
613,7,person,0,0.7361897230148315,316.4970703125,257.2095947265625,10.608642578125,38.906951904296875
613,9,person,0,0.7793296575546265,492.56768798828125,296.92108154296875,30.26904296875,81.52523803710938
613,10,person,0,0.8112462759017944,297.1182556152344,260.2753601074219,17.07373046875,49.25688171386719
613,12,person,0,0.7869265079498291,343.69622802734375,258.4024658203125,15.706878662109375,41.8494873046875
613,13,person,0,0.7075241208076477,368.903564453125,252.0386962890625,13.74951171875,39.63871765136719
613,11,bicycle,1,0.6493536829948425,500.2924499511719,320.74786376953125,17.3662109375,49.088958740234375
614,7,person,0,0.729647159576416,316.9490966796875,257.1856384277344,10.51251220703125,38.35185241699219
614,9,person,0,0.756423830986023,491.4472961425781,294.084716796875,30.468505859375,81.57725524902344
614,10,person,0,0.8088208436965942,297.06884765625,260.10980224609375,17.02349853515625,49.03858947753906
614,12,person,0,0.7906007766723633,343.81475830078125,258.7011413574219,15.318206787109375,42.68251037597656
614,13,person,0,0.6995752453804016,369.566162109375,252.12741088867188,13.908416748046875,39.58380126953125
614,11,bicycle,1,0.7063285708427429,499.405517578125,319.10260009765625,18.534515380859375,50.813201904296875
615,7,person,0,0.7229661345481873,317.1783447265625,257.1171569824219,10.236724853515625,38.43528747558594
615,9,person,0,0.803273618221283,490.3265686035156,293.7506103515625,30.3614501953125,79.92451477050781
615,10,person,0,0.8074007630348206,297.34051513671875,260.40557861328125,16.550018310546875,48.815093994140625
615,12,person,0,0.7951425313949585,343.69329833984375,258.73193359375,14.9326171875,42.64750671386719
615,13,person,0,0.7340970039367676,370.0056457519531,252.04251098632812,13.92840576171875,39.81242370605469
615,11,bicycle,1,0.6520298719406128,499.14251708984375,319.25738525390625,17.07684326171875,50.06787109375
616,7,person,0,0.7322967648506165,317.0458984375,257.3179931640625,10.492340087890625,38.80189514160156
616,9,person,0,0.7806533575057983,489.5308837890625,292.7088317871094,30.3289794921875,79.60841369628906
616,10,person,0,0.8049069046974182,297.4188232421875,260.5072937011719,15.994293212890625,48.43040466308594
616,12,person,0,0.7998838424682617,343.4825439453125,258.8304138183594,14.730194091796875,43.02476501464844
616,13,person,0,0.7388470768928528,370.4813232421875,252.09632873535156,13.805389404296875,39.913360595703125
616,11,bicycle,1,0.6280332207679749,497.9209899902344,318.68035888671875,17.64801025390625,49.73095703125
617,7,person,0,0.7542486786842346,317.36663818359375,257.4706115722656,11.185150146484375,39.19096374511719
617,9,person,0,0.8109577894210815,488.56805419921875,292.4366455078125,30.29681396484375,75.99514770507812
617,10,person,0,0.8291904330253601,297.2707214355469,260.52606201171875,15.86981201171875,48.534149169921875
617,12,person,0,0.8062283992767334,343.501708984375,258.9620056152344,15.087432861328125,43.30012512207031
617,13,person,0,0.7769929766654968,370.92657470703125,251.9521484375,14.663482666015625,40.31205749511719
617,11,bicycle,1,0.5217362642288208,496.7635803222656,318.3276672363281,16.93792724609375,48.69622802734375
618,7,person,0,0.7627353668212891,317.6111755371094,257.5714111328125,11.98193359375,39.2598876953125
618,9,person,0,0.75529944896698,487.4298400878906,290.2501220703125,31.20159912109375,78.06198120117188
618,10,person,0,0.815150260925293,297.09765625,260.6800231933594,15.842254638671875,48.74713134765625
618,12,person,0,0.7940701842308044,343.5028381347656,259.0826416015625,15.30224609375,43.54576110839844
618,13,person,0,0.7531036734580994,371.228759765625,251.93650817871094,15.16693115234375,40.539398193359375
618,11,bicycle,1,0.4951176047325134,496.3496398925781,316.0775451660156,15.37139892578125,51.28594970703125
619,7,person,0,0.7591167688369751,317.7156066894531,257.7017822265625,12.28411865234375,39.38105773925781
619,9,person,0,0.6679618954658508,486.0494384765625,288.15264892578125,30.856658935546875,80.63241577148438
619,10,person,0,0.8149054050445557,296.97601318359375,260.64306640625,16.028411865234375,48.57044982910156
619,12,person,0,0.7891057729721069,343.22119140625,259.0389404296875,15.16644287109375,42.90028381347656
619,13,person,0,0.7467602491378784,371.6361389160156,251.93063354492188,15.1961669921875,40.96321105957031
619,11,bicycle,1,0.4755130708217621,495.18896484375,315.1799621582031,15.928985595703125,51.291259765625
620,7,person,0,0.7381877303123474,317.70355224609375,257.74969482421875,12.272735595703125,39.55525207519531
620,9,person,0,0.7710654735565186,484.8131103515625,288.8823547363281,30.995880126953125,74.415771484375
620,10,person,0,0.8331588506698608,296.7584228515625,260.4033203125,16.3009033203125,48.48231506347656
620,12,person,0,0.7849596738815308,343.0172119140625,259.0901184082031,15.116973876953125,42.58656311035156
620,13,person,0,0.7606102228164673,371.77484130859375,252.0545654296875,14.767669677734375,41.06425476074219
620,11,bicycle,1,0.43278616666793823,491.3935546875,314.48565673828125,22.3057861328125,50.7879638671875
621,7,person,0,0.7602388858795166,317.83599853515625,257.8063659667969,12.34716796875,39.68110656738281
621,9,person,0,0.7143558859825134,483.72613525390625,289.0441589355469,31.068511962890625,71.10551452636719
621,10,person,0,0.8198570013046265,296.66015625,260.1753845214844,16.567169189453125,48.53620910644531
621,12,person,0,0.7848976850509644,342.861328125,259.2491455078125,15.207183837890625,42.233001708984375
621,13,person,0,0.7680473923683167,372.3353271484375,252.11944580078125,14.382720947265625,41.26837158203125
621,11,bicycle,1,0.5206174850463867,491.08612060546875,312.8975524902344,19.851104736328125,51.528564453125
622,7,person,0,0.772869348526001,317.90081787109375,257.8327941894531,12.440032958984375,39.48432922363281
622,9,person,0,0.5834981799125671,482.3553466796875,288.3164978027344,31.18896484375,69.39598083496094
622,10,person,0,0.8119451403617859,296.5262451171875,260.1808776855469,16.863037109375,48.92376708984375
622,12,person,0,0.7879658937454224,342.6336364746094,259.6516418457031,15.5284423828125,42.19779968261719
622,13,person,0,0.757481575012207,372.892333984375,252.26123046875,14.662567138671875,41.24925231933594
622,11,bicycle,1,0.2786235213279724,486.9310607910156,311.9635009765625,25.96173095703125,50.71441650390625
623,7,person,0,0.7728333473205566,317.9207763671875,257.70941162109375,12.533599853515625,39.1473388671875
623,9,person,0,0.6883853673934937,480.961669921875,286.5101623535156,31.099609375,70.046142578125
623,10,person,0,0.8254093527793884,296.325927734375,260.1816711425781,17.31146240234375,50.07005310058594
623,12,person,0,0.7834726572036743,342.35137939453125,259.7984924316406,15.840972900390625,41.95811462402344
623,13,person,0,0.7380636930465698,373.16619873046875,252.2847900390625,14.713592529296875,40.97265625
623,11,bicycle,1,0.49196359515190125,485.54058837890625,311.25677490234375,26.25439453125,50.129119873046875
624,7,person,0,0.770284116268158,318.25396728515625,257.4429016113281,12.926239013671875,38.66969299316406
624,9,person,0,0.6940458416938782,479.8465881347656,285.2021789550781,31.03436279296875,68.1817626953125
624,10,person,0,0.8206531405448914,296.2596435546875,260.44793701171875,17.562103271484375,51.129241943359375
624,12,person,0,0.7523003816604614,342.1004638671875,259.4781494140625,15.784271240234375,41.238525390625
624,13,person,0,0.7321007251739502,373.52252197265625,252.30136108398438,14.497589111328125,40.04315185546875
624,11,bicycle,1,0.5961459279060364,486.3083801269531,310.83746337890625,23.3134765625,50.8240966796875
625,7,person,0,0.7684358358383179,318.63873291015625,257.4493408203125,13.566650390625,38.46954345703125
625,9,person,0,0.34370070695877075,478.07427978515625,283.9432678222656,30.944976806640625,66.05278015136719
625,10,person,0,0.8323839902877808,296.20977783203125,260.67852783203125,17.657745361328125,51.87542724609375
625,12,person,0,0.756898820400238,341.9130859375,259.475830078125,15.857025146484375,41.33372497558594
625,13,person,0,0.7618269324302673,373.9617919921875,252.54763793945312,14.5242919921875,39.9925537109375
625,11,bicycle,1,0.4258892238140106,483.8628234863281,310.6787109375,25.45404052734375,49.849456787109375
626,7,person,0,0.7748097777366638,318.9592590332031,257.49853515625,13.86651611328125,38.45489501953125
626,9,person,0,0.7805811762809753,476.66815185546875,283.0707702636719,31.302581787109375,64.63175964355469
626,10,person,0,0.8281573057174683,296.15728759765625,260.7411804199219,17.749420166015625,51.22618103027344
626,12,person,0,0.7515753507614136,341.82281494140625,259.77130126953125,16.161041259765625,42.191558837890625
626,13,person,0,0.7831902503967285,374.305419921875,252.77517700195312,14.34234619140625,39.73512268066406
626,11,bicycle,1,0.4592248499393463,482.56292724609375,311.4275207519531,25.447113037109375,47.67742919921875
627,7,person,0,0.7702206373214722,319.4986877441406,257.61614990234375,14.60552978515625,38.531280517578125
627,9,person,0,0.7827349305152893,475.45849609375,282.73468017578125,31.730560302734375,64.37245178222656
627,10,person,0,0.8337109088897705,296.0951232910156,260.830322265625,17.7081298828125,50.707794189453125
627,12,person,0,0.7474619150161743,341.8142395019531,259.85064697265625,16.70941162109375,43.0810546875
627,13,person,0,0.7629520893096924,374.657470703125,253.14019775390625,14.556182861328125,40.05072021484375
627,11,bicycle,1,0.543278157711029,479.404541015625,309.40899658203125,29.787872314453125,50.307098388671875
628,7,person,0,0.7770562171936035,319.89324951171875,257.53173828125,15.161102294921875,38.37603759765625
628,9,person,0,0.7511212229728699,474.4473876953125,282.0155944824219,32.701751708984375,63.761474609375
628,10,person,0,0.8279017806053162,296.0401611328125,261.09515380859375,17.710479736328125,50.83258056640625
628,12,person,0,0.7546117305755615,341.9670104980469,259.7596740722656,17.081298828125,43.5733642578125
628,13,person,0,0.760149359703064,374.8232421875,253.13775634765625,14.136749267578125,39.49711608886719
628,11,bicycle,1,0.6026842594146729,477.17535400390625,309.0825500488281,32.108123779296875,49.2178955078125
629,7,person,0,0.7638228535652161,320.2452087402344,257.6069030761719,15.62054443359375,38.54420471191406
629,9,person,0,0.7179328203201294,472.7246398925781,282.4471435546875,33.2464599609375,64.8956298828125
629,10,person,0,0.8216286301612854,295.9305419921875,261.42755126953125,17.739105224609375,50.333831787109375
629,12,person,0,0.7247101068496704,341.4328918457031,259.08392333984375,16.04937744140625,42.235015869140625
629,13,person,0,0.7584497928619385,374.7928466796875,252.9669189453125,14.316131591796875,39.22883605957031
629,11,bicycle,1,0.5173692107200623,475.0343017578125,307.5405578613281,33.782135009765625,48.049072265625
630,7,person,0,0.7641229033470154,320.81268310546875,257.2596740722656,16.565887451171875,37.97453308105469
630,9,person,0,0.7348300218582153,470.91387939453125,283.00567626953125,33.64093017578125,63.074676513671875
630,10,person,0,0.8296454548835754,295.85498046875,262.2418212890625,17.650909423828125,50.544097900390625
630,12,person,0,0.736553430557251,341.7083740234375,259.5028076171875,16.3848876953125,43.216827392578125
630,13,person,0,0.7624233365058899,374.89788818359375,253.04507446289062,14.87420654296875,39.30853271484375
630,11,bicycle,1,0.4776207506656647,472.6683349609375,306.776611328125,35.94482421875,46.722015380859375
631,7,person,0,0.8025658130645752,321.13189697265625,257.284912109375,17.1932373046875,38.04368591308594
631,9,person,0,0.6982940435409546,469.36566162109375,281.778564453125,33.20684814453125,64.47369384765625
631,10,person,0,0.8386755585670471,295.9451904296875,262.3214111328125,17.541412353515625,50.27943420410156
631,12,person,0,0.7304470539093018,341.61541748046875,259.9200439453125,16.98736572265625,44.10784912109375
631,13,person,0,0.7534875869750977,374.9962158203125,253.08181762695312,15.170135498046875,39.37355041503906
631,11,bicycle,1,0.4415540099143982,468.53387451171875,304.1286926269531,29.937408447265625,40.70074462890625
632,7,person,0,0.8105010390281677,321.6148681640625,257.3984069824219,17.685272216796875,38.30810546875
632,9,person,0,0.7299115657806396,467.79150390625,281.89886474609375,33.0753173828125,68.389404296875
632,10,person,0,0.8357938528060913,296.0525817871094,262.4894714355469,17.5009765625,50.52336120605469
632,12,person,0,0.7263225317001343,341.8192138671875,260.16162109375,17.340545654296875,44.754058837890625
632,13,person,0,0.7664430737495422,375.0032958984375,253.0758819580078,15.176483154296875,39.473358154296875
632,11,bicycle,1,0.528681218624115,467.89111328125,301.913818359375,31.229339599609375,40.05889892578125
633,7,person,0,0.8143486380577087,321.93072509765625,257.531494140625,18.17791748046875,38.58653259277344
633,9,person,0,0.7092376947402954,466.0712890625,280.39508056640625,33.188385009765625,66.29342651367188
633,10,person,0,0.8426758646965027,296.1612548828125,262.70037841796875,17.475433349609375,51.181976318359375
633,12,person,0,0.7246543169021606,342.05224609375,260.3689880371094,17.098358154296875,45.30207824707031
633,13,person,0,0.74430912733078,375.0689697265625,253.0867156982422,15.052825927734375,39.345306396484375
633,11,bicycle,1,0.518618106842041,466.3415832519531,300.404296875,31.5797119140625,39.99371337890625
634,7,person,0,0.8101526498794556,322.240478515625,257.6118469238281,18.595489501953125,38.73631286621094
634,9,person,0,0.7394819855690002,464.62811279296875,281.961181640625,33.215728759765625,67.39035034179688
634,10,person,0,0.8419081568717957,296.11199951171875,262.6657409667969,17.507354736328125,51.80537414550781
634,12,person,0,0.7594242691993713,341.88140869140625,260.7841796875,15.95672607421875,45.75958251953125
634,13,person,0,0.7335788011550903,374.95831298828125,252.84542846679688,15.389801025390625,39.61344909667969
634,11,bicycle,1,0.4247160255908966,465.16876220703125,300.0826416015625,32.8477783203125,41.077728271484375
635,7,person,0,0.789293646812439,322.51177978515625,257.474853515625,18.30328369140625,38.271331787109375
635,9,person,0,0.7692310810089111,462.9599914550781,282.8814697265625,33.23114013671875,67.74186706542969
635,10,person,0,0.8381435871124268,296.03179931640625,262.62188720703125,17.322418212890625,51.604278564453125
635,12,person,0,0.734437882900238,341.4818420410156,260.7928466796875,14.73614501953125,45.54554748535156
635,13,person,0,0.7451077699661255,374.978271484375,252.89004516601562,15.593719482421875,40.08341979980469
635,11,bicycle,1,0.3693050742149353,462.8011169433594,301.0353088378906,31.172607421875,38.60223388671875
636,7,person,0,0.7682418823242188,322.8154296875,257.98626708984375,18.564453125,38.85758972167969
636,9,person,0,0.7212250828742981,461.28509521484375,283.0135498046875,32.865631103515625,65.90719604492188
636,10,person,0,0.8398717641830444,295.97857666015625,262.53179931640625,17.53399658203125,51.52885437011719
636,12,person,0,0.7281786203384399,341.1560974121094,261.17333984375,13.656005859375,45.97206115722656
636,13,person,0,0.7457214593887329,374.84283447265625,252.80755615234375,15.59423828125,40.47093200683594
636,11,bicycle,1,0.6296861171722412,463.1274719238281,303.64166259765625,33.3260498046875,40.787078857421875
637,7,person,0,0.7538641095161438,323.02081298828125,258.2843017578125,18.627105712890625,39.314422607421875
637,9,person,0,0.7407826781272888,459.31915283203125,280.34503173828125,32.34503173828125,59.70048522949219
637,10,person,0,0.8475883603096008,296.00738525390625,262.42572021484375,17.648223876953125,51.525909423828125
637,12,person,0,0.7400407791137695,340.715576171875,261.283203125,12.6212158203125,46.04960632324219
637,13,person,0,0.7291843295097351,374.6592712402344,252.92864990234375,15.3511962890625,41.23820495605469
637,11,bicycle,1,0.47273218631744385,461.5625,304.724365234375,33.489501953125,41.421112060546875
638,7,person,0,0.7649643421173096,323.19134521484375,258.4415283203125,18.447479248046875,39.44810485839844
638,9,person,0,0.745261549949646,457.6611328125,279.30322265625,32.9603271484375,58.978179931640625
638,10,person,0,0.852035641670227,296.05078125,262.2608947753906,17.595977783203125,51.060546875
638,12,person,0,0.7576689720153809,341.1370544433594,261.6760559082031,13.44415283203125,46.61689758300781
638,13,person,0,0.7286596894264221,374.2576904296875,252.85284423828125,14.660186767578125,41.20751953125
638,11,bicycle,1,0.6972909569740295,460.203125,303.596435546875,34.613494873046875,43.3946533203125
639,7,person,0,0.7541247010231018,323.25042724609375,258.5236511230469,18.388427734375,39.31300354003906
639,9,person,0,0.7603574395179749,455.6878356933594,279.2498779296875,32.50250244140625,57.51600646972656
639,10,person,0,0.8442914485931396,296.0423583984375,262.3552551269531,17.54443359375,51.08454895019531
639,12,person,0,0.7500097751617432,341.6834716796875,261.77838134765625,13.593841552734375,46.67247009277344
639,13,person,0,0.7449437975883484,374.18756103515625,252.88876342773438,14.07196044921875,40.68778991699219
639,11,bicycle,1,0.6394854784011841,458.4495849609375,302.4864501953125,35.449249267578125,44.043182373046875
640,7,person,0,0.751907229423523,323.56170654296875,258.6594543457031,17.885955810546875,39.17254638671875
640,9,person,0,0.7583834528923035,453.545654296875,279.6142578125,31.978851318359375,57.75532531738281
640,10,person,0,0.8344430923461914,296.01251220703125,262.2889709472656,17.56756591796875,51.99583435058594
640,12,person,0,0.7285553812980652,341.98431396484375,261.71405029296875,13.366058349609375,46.34086608886719
640,13,person,0,0.6463375091552734,374.2685546875,253.3132781982422,13.145660400390625,40.628265380859375
640,11,bicycle,1,0.6584185361862183,456.50433349609375,301.5297546386719,36.92254638671875,44.20391845703125
641,7,person,0,0.7781409621238708,324.1043395996094,258.539794921875,17.47064208984375,39.07618713378906
641,9,person,0,0.752794623374939,451.58489990234375,279.283447265625,31.368377685546875,58.24525451660156
641,10,person,0,0.773533284664154,295.9862060546875,262.3067321777344,17.6474609375,52.59523010253906
641,12,person,0,0.7474080920219421,342.2980651855469,261.6988830566406,13.5111083984375,46.26512145996094
641,13,person,0,0.7419987916946411,374.11651611328125,253.41799926757812,12.974334716796875,40.03509521484375
641,11,bicycle,1,0.7238788604736328,454.52435302734375,301.0334777832031,38.34979248046875,44.482177734375
642,7,person,0,0.7850942015647888,324.4682312011719,258.5601806640625,17.29840087890625,38.61332702636719
642,9,person,0,0.8040793538093567,449.5468444824219,278.9872741699219,30.942626953125,57.84344482421875
642,10,person,0,0.7953285574913025,295.991455078125,262.2908020019531,17.4168701171875,52.00013732910156
642,12,person,0,0.7502110600471497,342.32977294921875,261.5718994140625,13.53619384765625,45.965240478515625
642,13,person,0,0.6942858695983887,373.755859375,253.38021850585938,13.612701416015625,40.42399597167969
642,11,bicycle,1,0.7126936316490173,452.43206787109375,300.1209716796875,40.008453369140625,43.946624755859375
643,7,person,0,0.7769301533699036,324.6865539550781,258.52105712890625,17.11572265625,38.7667236328125
643,9,person,0,0.803686797618866,447.73016357421875,278.0624084472656,30.529754638671875,59.64231872558594
643,10,person,0,0.7976700067520142,295.9569091796875,262.31683349609375,17.219818115234375,51.66065979003906
643,12,person,0,0.7551659941673279,342.3314208984375,261.6007080078125,13.596343994140625,46.10774230957031
643,13,person,0,0.6233585476875305,373.34478759765625,254.0443115234375,12.732696533203125,38.69830322265625
643,11,bicycle,1,0.7085258364677429,450.15216064453125,299.49017333984375,42.125579833984375,44.401214599609375
644,7,person,0,0.7731021046638489,324.975830078125,258.6459655761719,17.136993408203125,38.8038330078125
644,9,person,0,0.7255107760429382,446.4281005859375,278.5357666015625,30.581817626953125,59.912017822265625
644,10,person,0,0.8213624358177185,295.7713928222656,262.56573486328125,17.12493896484375,51.632781982421875
644,12,person,0,0.7586157917976379,342.326904296875,261.6836853027344,13.94732666015625,46.14286804199219
644,13,person,0,0.5330426096916199,372.97674560546875,255.15118408203125,12.8548583984375,36.5325927734375
644,11,bicycle,1,0.7956627607345581,447.636474609375,298.9111633300781,44.210784912109375,44.39324951171875
645,7,person,0,0.739862859249115,325.20001220703125,258.3721923828125,17.050750732421875,38.0853271484375
645,9,person,0,0.7279327511787415,444.4321594238281,278.9932556152344,30.4954833984375,58.15626525878906
645,10,person,0,0.8090299367904663,295.6295166015625,262.8541259765625,17.219696044921875,52.1253662109375
645,12,person,0,0.7700413465499878,342.238525390625,261.61029052734375,14.037261962890625,45.80181884765625
645,13,person,0,0.656801700592041,372.3582458496094,255.64151000976562,12.1427001953125,35.3333740234375
645,11,bicycle,1,0.811242401599884,445.4040832519531,298.60791015625,46.2147216796875,43.9388427734375
646,7,person,0,0.7206979990005493,325.1148681640625,258.56768798828125,16.4334716796875,36.92680358886719
646,9,person,0,0.746069073677063,442.023681640625,277.66473388671875,30.314300537109375,56.1700439453125
646,10,person,0,0.7948647737503052,295.54193115234375,263.15185546875,17.207427978515625,52.830535888671875
646,12,person,0,0.7748731970787048,342.13104248046875,261.90966796875,14.1220703125,46.534210205078125
646,13,person,0,0.6474427580833435,371.97149658203125,255.6544189453125,12.04974365234375,34.96092224121094
646,11,bicycle,1,0.8295470476150513,442.7474365234375,297.318115234375,47.78399658203125,43.664337158203125
647,7,person,0,0.7155243754386902,324.752685546875,258.9249267578125,14.538238525390625,35.692230224609375
647,9,person,0,0.7996558547019958,439.3658447265625,276.9330749511719,31.12890625,55.17851257324219
647,10,person,0,0.7955965995788574,295.39154052734375,263.2548828125,17.3553466796875,53.349212646484375
647,12,person,0,0.7752211689949036,342.00213623046875,262.14727783203125,14.02703857421875,47.3004150390625
647,13,person,0,0.6088784337043762,371.1591796875,255.8149871826172,12.212799072265625,34.248687744140625
647,11,bicycle,1,0.8076233863830566,440.41302490234375,297.1653137207031,49.5023193359375,43.0052490234375
648,7,person,0,0.7110058665275574,324.82696533203125,258.74383544921875,13.8228759765625,36.57127380371094
648,9,person,0,0.8054015040397644,437.1437683105469,275.906494140625,31.29547119140625,56.4547119140625
648,10,person,0,0.7923027873039246,295.25311279296875,263.7371826171875,17.434661865234375,53.697479248046875
648,12,person,0,0.7695721983909607,341.9761047363281,262.2366943359375,14.135009765625,47.364227294921875
648,13,person,0,0.6323440670967102,370.62005615234375,254.96519470214844,12.084747314453125,35.034454345703125
648,11,bicycle,1,0.7816188931465149,438.103759765625,296.9207458496094,50.2926025390625,42.3101806640625
649,7,person,0,0.7270895838737488,325.1429443359375,258.2095031738281,14.193572998046875,37.18104553222656
649,9,person,0,0.7994431853294373,434.63885498046875,275.1048889160156,32.334686279296875,57.69432067871094
649,10,person,0,0.806659460067749,295.103759765625,264.2414245605469,17.6375732421875,54.21922302246094
649,12,person,0,0.7617901563644409,341.75286865234375,262.3403625488281,14.272735595703125,47.58305358886719
649,13,person,0,0.6525026559829712,370.3392333984375,254.91668701171875,13.462158203125,35.1798095703125
649,11,bicycle,1,0.8186895251274109,435.5759582519531,296.59771728515625,51.27691650390625,41.483489990234375
650,7,person,0,0.7305506467819214,325.3341064453125,258.38629150390625,14.723541259765625,38.72230529785156
650,9,person,0,0.8247530460357666,432.3009338378906,274.2571716308594,32.6927490234375,59.4930419921875
650,10,person,0,0.8123666048049927,295.01519775390625,264.3179626464844,17.774749755859375,54.64111328125
650,12,person,0,0.7424171566963196,341.54364013671875,261.9540710449219,14.878570556640625,46.528076171875
650,13,person,0,0.6463054418563843,369.3553161621094,253.56988525390625,13.25970458984375,34.59001159667969
650,11,bicycle,1,0.7982504963874817,433.2127380371094,295.87176513671875,51.73370361328125,42.094696044921875
651,7,person,0,0.7409400939941406,325.71832275390625,258.8482360839844,15.439788818359375,40.20782470703125
651,9,person,0,0.7728062868118286,429.768798828125,274.88818359375,32.837310791015625,59.46900939941406
651,10,person,0,0.8024019598960876,294.77459716796875,264.45806884765625,17.746429443359375,54.555999755859375
651,12,person,0,0.7727027535438538,341.31298828125,262.06414794921875,15.324798583984375,46.34849548339844
651,13,person,0,0.45708248019218445,367.9904479980469,251.28475952148438,11.1046142578125,32.06622314453125
651,11,bicycle,1,0.8104023337364197,430.5693359375,294.91192626953125,51.396514892578125,43.4345703125
652,7,person,0,0.7390144467353821,325.65911865234375,259.2066650390625,15.36981201171875,40.6817626953125
652,9,person,0,0.7731051445007324,427.8119201660156,275.04779052734375,32.88543701171875,58.24156188964844
652,10,person,0,0.7901156544685364,294.5545654296875,264.68121337890625,17.396453857421875,54.284576416015625
652,12,person,0,0.7203941941261292,341.23406982421875,261.8659973144531,15.435577392578125,45.46150207519531
652,13,person,0,0.6383880376815796,367.3399658203125,252.35801696777344,11.67486572265625,35.786895751953125
652,11,bicycle,1,0.8579360842704773,428.302734375,294.0295715332031,52.221282958984375,44.7861328125
653,7,person,0,0.7398937940597534,325.7565002441406,259.26068115234375,15.8641357421875,40.6195068359375
653,9,person,0,0.8016704320907593,425.42425537109375,275.1551818847656,34.147674560546875,55.34828186035156
653,10,person,0,0.7949442863464355,294.31097412109375,265.0149841308594,17.595458984375,54.29254150390625
653,12,person,0,0.7633270025253296,340.9871826171875,262.571044921875,15.517547607421875,46.53340148925781
653,13,person,0,0.6558007001876831,366.7223205566406,253.22357177734375,11.3494873046875,36.87617492675781
653,11,bicycle,1,0.8252742290496826,426.06915283203125,293.93206787109375,52.875091552734375,43.563446044921875
654,7,person,0,0.7547280788421631,326.0623779296875,259.0815734863281,16.485809326171875,40.3363037109375
654,9,person,0,0.8121864199638367,423.2218017578125,274.94818115234375,34.58685302734375,55.272308349609375
654,10,person,0,0.7996883988380432,294.01220703125,265.17364501953125,17.531402587890625,54.01878356933594
654,12,person,0,0.7535856366157532,341.1068420410156,262.8117980957031,14.78143310546875,46.71357727050781
654,13,person,0,0.692298948764801,365.5131530761719,253.2562255859375,10.9794921875,38.72747802734375
654,11,bicycle,1,0.8033987879753113,423.66778564453125,293.919189453125,52.881317138671875,42.469879150390625
655,7,person,0,0.7367706894874573,326.2427978515625,259.5513916015625,16.57757568359375,40.99409484863281
655,9,person,0,0.7928513884544373,421.1180725097656,273.5792541503906,34.9993896484375,59.97369384765625
655,10,person,0,0.8087480664253235,293.82366943359375,265.2724914550781,17.713104248046875,53.89115905761719
655,12,person,0,0.7670185565948486,340.7861328125,263.0070495605469,15.074737548828125,47.5369873046875
655,13,person,0,0.7574360370635986,364.71893310546875,253.181396484375,11.586578369140625,39.32453918457031
655,11,bicycle,1,0.8364618420600891,421.5556640625,294.093994140625,52.895477294921875,41.879669189453125
656,7,person,0,0.7339143753051758,326.23797607421875,259.465576171875,16.693450927734375,40.97886657714844
656,9,person,0,0.7704315185546875,418.64630126953125,274.9298400878906,34.94232177734375,57.59429931640625
656,10,person,0,0.8285068869590759,293.64398193359375,265.3280944824219,17.709197998046875,53.79933166503906
656,12,person,0,0.7423449754714966,340.69219970703125,263.1838684082031,15.056915283203125,47.79774475097656
656,13,person,0,0.742383599281311,363.9303894042969,253.130859375,11.78558349609375,39.3187255859375
656,11,bicycle,1,0.8322463631629944,419.74053955078125,293.4232177734375,53.246002197265625,41.542510986328125
657,7,person,0,0.7474892139434814,325.8940734863281,259.4615783691406,16.98828125,41.06590270996094
657,9,person,0,0.7708014249801636,416.72698974609375,274.73773193359375,34.713623046875,56.77130126953125
657,10,person,0,0.8093584179878235,293.38482666015625,265.3578186035156,17.588714599609375,53.99656677246094
657,12,person,0,0.7532845139503479,340.30657958984375,263.15069580078125,15.198150634765625,47.94465637207031
657,13,person,0,0.7213005423545837,363.48004150390625,253.75814819335938,12.318939208984375,38.42091369628906
657,11,bicycle,1,0.8237860798835754,417.86767578125,292.8037109375,53.210113525390625,41.349456787109375
658,7,person,0,0.7592264413833618,325.52880859375,259.4488830566406,17.160552978515625,41.09132385253906
658,9,person,0,0.8003550171852112,415.07513427734375,273.69635009765625,34.614501953125,58.083160400390625
658,10,person,0,0.8041794896125793,293.16070556640625,265.0996398925781,17.80914306640625,54.25733947753906
658,12,person,0,0.7614357471466064,340.0990295410156,262.86102294921875,15.725830078125,48.01695251464844
658,13,person,0,0.518675684928894,362.93634033203125,254.498291015625,12.99078369140625,35.91218566894531
658,11,bicycle,1,0.8258101940155029,415.8416442871094,292.2038879394531,52.58978271484375,41.866455078125
659,7,person,0,0.7659091949462891,325.30279541015625,259.41937255859375,17.34576416015625,41.19822692871094
659,9,person,0,0.8015304803848267,413.6171875,273.73846435546875,34.31805419921875,57.846221923828125
659,10,person,0,0.8196191191673279,292.71575927734375,265.00885009765625,18.495941162109375,54.836944580078125
659,12,person,0,0.752900242805481,339.6307678222656,262.8624267578125,15.24371337890625,48.35929870605469
659,13,person,0,0.44971251487731934,362.1248779296875,255.36801147460938,14.295745849609375,34.22178649902344
659,11,bicycle,1,0.8373305201530457,413.7509765625,291.2273864746094,51.771881103515625,41.31585693359375
660,7,person,0,0.7682797312736511,325.2937316894531,259.5179748535156,17.43499755859375,41.24249267578125
660,9,person,0,0.7955325841903687,411.6055908203125,272.64422607421875,34.072418212890625,56.130889892578125
660,10,person,0,0.8205243945121765,292.41107177734375,264.749267578125,19.558441162109375,55.17742919921875
660,12,person,0,0.754229724407196,339.57281494140625,262.76171875,14.8570556640625,48.543426513671875
660,13,person,0,0.7058788537979126,360.482177734375,256.038330078125,18.107269287109375,34.847503662109375
660,11,bicycle,1,0.8202812671661377,411.7918701171875,291.0038757324219,51.457733154296875,41.46551513671875
661,7,person,0,0.7577411532402039,325.148681640625,259.56414794921875,16.977569580078125,41.360595703125
661,9,person,0,0.7866408824920654,409.064208984375,272.5690612792969,35.020965576171875,55.47801208496094
661,10,person,0,0.8172141909599304,291.8885498046875,264.8593444824219,20.0814208984375,54.59532165527344
661,12,person,0,0.7469847202301025,339.16693115234375,262.8028564453125,15.003204345703125,48.494903564453125
661,13,person,0,0.6813843846321106,359.630126953125,256.3655090332031,20.237213134765625,35.66847229003906
661,11,bicycle,1,0.8197906613349915,410.10089111328125,291.1761474609375,51.054351806640625,41.024810791015625
662,7,person,0,0.7560187578201294,324.31439208984375,259.5603332519531,15.25335693359375,41.76789855957031
662,9,person,0,0.801010012626648,407.0224609375,272.5365905761719,35.16229248046875,57.375244140625
662,10,person,0,0.804441511631012,291.3863525390625,264.91558837890625,20.248504638671875,53.943389892578125
662,12,person,0,0.7388133406639099,338.902099609375,262.7413330078125,17.475921630859375,48.523040771484375
662,13,person,0,0.5052894949913025,358.70599365234375,256.2742004394531,21.42041015625,36.09690856933594
662,11,bicycle,1,0.8018881678581238,408.545166015625,290.53179931640625,50.314361572265625,39.976043701171875
663,7,person,0,0.7546492218971252,323.9622802734375,259.73309326171875,14.068023681640625,42.06843566894531
663,9,person,0,0.8312395215034485,405.45989990234375,272.2403564453125,34.96185302734375,60.46498107910156
663,10,person,0,0.7812173366546631,291.18853759765625,265.2577819824219,20.26239013671875,54.542724609375
663,12,person,0,0.7390503287315369,338.406982421875,262.74072265625,18.23370361328125,48.725616455078125
663,11,bicycle,1,0.8065949082374573,406.77398681640625,290.1124572753906,48.984832763671875,41.05743408203125
664,7,person,0,0.7499783039093018,323.5030517578125,259.5185241699219,13.340179443359375,42.38703918457031
664,9,person,0,0.7997204661369324,403.40814208984375,271.90435791015625,35.20318603515625,62.2154541015625
664,10,person,0,0.7891389727592468,291.1427001953125,265.0864562988281,20.37109375,54.27455139160156
664,12,person,0,0.7543073296546936,338.0662536621094,262.852294921875,18.4671630859375,48.904510498046875
664,11,bicycle,1,0.8026029467582703,404.9766540527344,289.80810546875,47.39849853515625,40.990875244140625
665,7,person,0,0.7565404176712036,323.1943054199219,259.4169006347656,13.07257080078125,42.51509094238281
665,9,person,0,0.8248679041862488,401.673583984375,271.55804443359375,35.69207763671875,59.392120361328125
665,10,person,0,0.7948859333992004,291.044189453125,265.404296875,20.3045654296875,54.69862365722656
665,12,person,0,0.7328876852989197,338.566162109375,263.1584777832031,20.004058837890625,49.47259521484375
665,11,bicycle,1,0.8007463216781616,403.462158203125,290.2231140136719,46.659942626953125,41.864990234375
666,7,person,0,0.7523853182792664,322.91705322265625,259.4140625,12.447265625,42.614990234375
666,9,person,0,0.804682195186615,399.8692626953125,272.0,35.486480712890625,58.985443115234375
666,10,person,0,0.8149802684783936,291.09246826171875,265.77642822265625,20.308502197265625,55.01240539550781
666,12,person,0,0.7704814672470093,338.253173828125,263.33203125,19.2197265625,49.72480773925781
666,11,bicycle,1,0.807735025882721,401.3971862792969,289.677490234375,44.44049072265625,41.469024658203125
667,7,person,0,0.7308579087257385,322.76324462890625,259.4461364746094,12.176116943359375,42.49461364746094
667,9,person,0,0.8437957167625427,398.6241149902344,270.3348083496094,35.24285888671875,55.08308410644531
667,10,person,0,0.7901636958122253,291.1572265625,266.1139831542969,20.038330078125,55.26255798339844
667,12,person,0,0.8002640008926392,338.5048828125,263.49884033203125,19.867340087890625,49.699615478515625
667,11,bicycle,1,0.786044180393219,399.66986083984375,288.984619140625,43.87335205078125,40.38812255859375
668,7,person,0,0.7424283027648926,322.6025390625,259.46893310546875,12.029937744140625,42.33665466308594
668,9,person,0,0.8775535225868225,397.11859130859375,269.8171691894531,35.198699951171875,53.03204345703125
668,10,person,0,0.7997744083404541,291.1596374511719,266.7772216796875,19.86077880859375,56.07679748535156
668,12,person,0,0.7885208129882812,338.6486511230469,263.6161193847656,20.03302001953125,49.43705749511719
668,11,bicycle,1,0.7578513026237488,398.5107421875,288.6748046875,43.432159423828125,39.812591552734375
669,7,person,0,0.7474949955940247,322.6669921875,259.9878234863281,12.181243896484375,42.09446716308594
669,9,person,0,0.8796737790107727,395.4798583984375,269.47747802734375,34.550689697265625,52.071014404296875
669,10,person,0,0.8130903244018555,291.161376953125,266.9247131347656,20.127685546875,56.02314758300781
669,12,person,0,0.8015124201774597,338.2724609375,263.6979675292969,19.011260986328125,48.57612609863281
669,11,bicycle,1,0.7553818821907043,397.2213134765625,288.65667724609375,42.540313720703125,39.523345947265625
669,13,person,0,0.5944643616676331,355.64111328125,253.265625,18.911041259765625,39.50059509277344
670,7,person,0,0.7617097496986389,322.4508972167969,260.32147216796875,12.51446533203125,42.30238342285156
670,9,person,0,0.8433214426040649,394.1602783203125,269.1899719238281,33.900665283203125,51.6939697265625
670,10,person,0,0.808839738368988,291.1671142578125,267.04754638671875,20.127899169921875,56.281280517578125
670,12,person,0,0.7877529859542847,338.35791015625,264.0224609375,19.109588623046875,48.14671325683594
670,11,bicycle,1,0.7031707763671875,395.9027099609375,287.77447509765625,41.57470703125,41.427642822265625
670,13,person,0,0.3316332995891571,354.3423156738281,253.13046264648438,16.15350341796875,38.6976318359375
671,7,person,0,0.7522087097167969,322.3342590332031,260.47271728515625,12.70660400390625,41.86424255371094
671,9,person,0,0.7789741158485413,392.6769104003906,268.80517578125,33.51214599609375,51.53361511230469
671,10,person,0,0.795562744140625,291.09765625,266.61199951171875,20.133026123046875,55.4412841796875
671,12,person,0,0.7851903438568115,338.2041320800781,264.61334228515625,18.5845947265625,48.7537841796875
671,11,bicycle,1,0.7365527153015137,394.40283203125,288.8041687011719,40.872772216796875,37.94140625
671,13,person,0,0.3893379867076874,353.44000244140625,252.81039428710938,14.547943115234375,39.23687744140625
672,7,person,0,0.7552173137664795,322.27783203125,260.8967590332031,12.801116943359375,42.30104064941406
672,9,person,0,0.7821421027183533,391.4777526855469,268.3302001953125,32.81982421875,51.44287109375
672,10,person,0,0.8048107028007507,291.05743408203125,265.83782958984375,20.280426025390625,53.840545654296875
672,12,person,0,0.7866519689559937,337.9544677734375,265.06268310546875,17.971038818359375,49.29594421386719
672,11,bicycle,1,0.705126166343689,393.2659912109375,288.849609375,40.32958984375,34.151702880859375
672,13,person,0,0.33891603350639343,351.67730712890625,252.841796875,11.118988037109375,40.17706298828125
673,7,person,0,0.7620391845703125,322.2055969238281,261.0684509277344,12.37872314453125,42.3153076171875
673,9,person,0,0.7696940898895264,390.35931396484375,268.00537109375,32.69500732421875,51.058135986328125
673,10,person,0,0.8180067539215088,290.952392578125,266.00897216796875,20.278076171875,54.74761962890625
673,12,person,0,0.7924239635467529,337.84185791015625,264.74285888671875,17.653228759765625,48.476226806640625
673,11,bicycle,1,0.7285540699958801,392.25018310546875,287.7076721191406,40.411346435546875,37.51849365234375
673,13,person,0,0.4714733362197876,350.05902099609375,252.54794311523438,10.509857177734375,40.1986083984375
674,7,person,0,0.7606202960014343,322.05523681640625,260.8206481933594,12.33740234375,41.647216796875
674,9,person,0,0.7972274422645569,388.7886962890625,268.55615234375,31.834136962890625,53.83726501464844
674,10,person,0,0.8131155371665955,290.7928466796875,266.41473388671875,19.963623046875,55.372100830078125
674,12,person,0,0.7950244545936584,337.1742248535156,264.32269287109375,16.785888671875,47.591827392578125
674,11,bicycle,1,0.7844874262809753,390.80572509765625,287.43145751953125,39.692962646484375,39.28277587890625
674,13,person,0,0.3812635540962219,348.3704833984375,252.68418884277344,10.258758544921875,40.691802978515625
675,7,person,0,0.7410720586776733,321.8397216796875,260.5565185546875,12.339691162109375,41.109954833984375
675,9,person,0,0.6652446985244751,389.58837890625,268.96600341796875,27.386505126953125,53.81770324707031
675,10,person,0,0.8167675137519836,290.50244140625,266.44244384765625,19.977447509765625,55.400390625
675,12,person,0,0.782127857208252,336.8534851074219,264.3366394042969,16.73480224609375,47.76951599121094
675,11,bicycle,1,0.6811102032661438,389.2633972167969,286.62713623046875,38.49176025390625,40.498992919921875
675,13,person,0,0.5512201189994812,347.2578125,252.9468536376953,10.714080810546875,40.914520263671875
676,7,person,0,0.7235332727432251,321.5852966308594,260.43951416015625,12.633544921875,40.59403991699219
676,9,person,0,0.7954921722412109,386.4470520019531,269.39337158203125,30.50732421875,54.59782409667969
676,10,person,0,0.8143174648284912,290.08392333984375,266.1217041015625,20.242095947265625,54.868743896484375
676,12,person,0,0.7164663076400757,336.8811340332031,263.6240234375,17.13775634765625,47.41802978515625
676,11,bicycle,1,0.666023850440979,386.9502868652344,286.44671630859375,35.6834716796875,38.70428466796875
676,13,person,0,0.7303062081336975,346.8123779296875,253.3252410888672,10.772552490234375,41.365509033203125
677,7,person,0,0.7211552262306213,321.5419921875,260.3841247558594,12.80303955078125,40.84275817871094
677,9,person,0,0.8263431787490845,384.8428955078125,268.8787536621094,31.334442138671875,54.67384338378906
677,10,person,0,0.8275830745697021,289.8111572265625,266.47747802734375,20.64898681640625,55.555572509765625
677,12,person,0,0.7394479513168335,336.73419189453125,263.63275146484375,16.066436767578125,47.11029052734375
677,11,bicycle,1,0.6959235668182373,386.1607360839844,286.5121154785156,35.7730712890625,39.2159423828125
677,13,person,0,0.678918719291687,346.31195068359375,253.13278198242188,11.1990966796875,40.96232604980469
678,7,person,0,0.6895337104797363,321.5195007324219,260.87750244140625,12.84979248046875,42.065277099609375
678,9,person,0,0.8167312741279602,383.7066955566406,270.1781005859375,32.01885986328125,57.30024719238281
678,10,person,0,0.8072540760040283,289.54949951171875,266.754638671875,21.089752197265625,56.20399475097656
678,12,person,0,0.7303240299224854,336.3244323730469,263.60308837890625,15.90411376953125,47.34989929199219
678,11,bicycle,1,0.5989663600921631,384.3741455078125,286.8272705078125,33.960052490234375,38.907501220703125
678,13,person,0,0.6946685314178467,346.45068359375,253.62313842773438,11.537322998046875,41.62965393066406
679,7,person,0,0.7048004269599915,320.9828186035156,261.0056457519531,13.17291259765625,42.1544189453125
679,9,person,0,0.8235158920288086,382.7181091308594,269.8221130371094,32.22119140625,57.38093566894531
679,10,person,0,0.8162426352500916,289.552978515625,266.736328125,21.1324462890625,56.182830810546875
679,12,person,0,0.7269943952560425,335.802734375,263.70849609375,16.0179443359375,47.699310302734375
679,11,bicycle,1,0.5064011812210083,383.01873779296875,287.560791015625,32.474090576171875,37.7506103515625
679,13,person,0,0.621766984462738,346.33404541015625,253.94525146484375,12.31573486328125,41.49456787109375
680,7,person,0,0.7290619015693665,320.4881591796875,261.1823425292969,13.33837890625,42.68687438964844
680,9,person,0,0.8357732892036438,381.62994384765625,269.16705322265625,31.18597412109375,56.88311767578125
680,10,person,0,0.8214953541755676,289.4493408203125,266.6004638671875,21.007049560546875,56.58624267578125
680,12,person,0,0.6999739408493042,335.3470153808594,263.9232177734375,16.97589111328125,47.6634521484375
680,11,bicycle,1,0.6468175649642944,382.31134033203125,287.8348388671875,32.782257080078125,36.8902587890625
680,13,person,0,0.5231800675392151,345.7193603515625,254.37423706054688,11.61785888671875,41.04435729980469
681,7,person,0,0.7037630677223206,320.03009033203125,260.3412170410156,13.625640869140625,41.97810363769531
681,9,person,0,0.823293149471283,380.62139892578125,268.2464904785156,30.871795654296875,54.63978576660156
681,10,person,0,0.8127860426902771,289.409423828125,266.3486022949219,20.993011474609375,56.0325927734375
681,12,person,0,0.6442819237709045,334.84429931640625,264.0743103027344,17.1204833984375,47.6092529296875
681,11,bicycle,1,0.6194993853569031,381.2561950683594,287.53338623046875,32.7802734375,37.08233642578125
681,13,person,0,0.5772494077682495,344.8874206542969,254.61245727539062,12.059326171875,41.05781555175781
682,7,person,0,0.7302306890487671,319.72515869140625,260.14453125,14.04364013671875,41.690216064453125
682,9,person,0,0.8071921467781067,379.8902587890625,267.3500671386719,30.540435791015625,52.57417297363281
682,10,person,0,0.8249308466911316,289.30419921875,266.4960021972656,21.03131103515625,55.65960693359375
682,12,person,0,0.6128668785095215,334.3760986328125,263.10809326171875,17.31829833984375,44.17900085449219
682,11,bicycle,1,0.6170845627784729,380.2277526855469,287.20257568359375,31.845703125,37.066009521484375
682,13,person,0,0.5168598294258118,344.3260498046875,254.59442138671875,12.509429931640625,40.85813903808594
683,7,person,0,0.743156373500824,319.3784484863281,260.4373779296875,14.52911376953125,42.143402099609375
683,9,person,0,0.8214818835258484,379.371826171875,268.9070129394531,30.070343017578125,55.73291015625
683,10,person,0,0.8129153251647949,289.38922119140625,266.9664306640625,20.51898193359375,55.44215393066406
683,12,person,0,0.7246178388595581,333.88043212890625,264.2403564453125,20.323516845703125,48.93177795410156
683,11,bicycle,1,0.5899009704589844,379.39349365234375,287.0392150878906,30.512359619140625,35.98406982421875
683,13,person,0,0.16419687867164612,343.9391784667969,253.50840759277344,11.58355712890625,36.649627685546875
684,7,person,0,0.755948543548584,319.15045166015625,260.0162658691406,14.635894775390625,40.927001953125
684,9,person,0,0.7616006731987,378.4855041503906,270.26611328125,29.64947509765625,58.83100891113281
684,10,person,0,0.7945051789283752,289.39404296875,267.1336669921875,19.99072265625,55.242767333984375
684,12,person,0,0.7051773071289062,333.641357421875,264.8975830078125,22.02740478515625,49.63792419433594
684,11,bicycle,1,0.6033573150634766,378.653564453125,286.3003234863281,29.461334228515625,37.1358642578125
684,13,person,0,0.2006654292345047,342.390869140625,252.55862426757812,11.998443603515625,34.81550598144531
685,7,person,0,0.7459185719490051,318.63128662109375,259.748779296875,14.29913330078125,40.23051452636719
685,9,person,0,0.7822677493095398,377.5885314941406,268.4747314453125,29.098388671875,55.1405029296875
685,10,person,0,0.7793908715248108,288.76708984375,267.14630126953125,20.346038818359375,54.958160400390625
685,12,person,0,0.7331190705299377,332.38427734375,265.6185607910156,21.658935546875,50.784912109375
685,11,bicycle,1,0.7306387424468994,378.1063232421875,285.57763671875,28.574981689453125,38.669342041015625
685,13,person,0,0.2742212414741516,341.2598876953125,249.78172302246094,11.471954345703125,29.556793212890625
686,7,person,0,0.7352781891822815,318.2396240234375,260.19775390625,14.19476318359375,40.568695068359375
686,9,person,0,0.8033720254898071,376.8023681640625,267.52886962890625,28.666351318359375,53.55828857421875
686,10,person,0,0.8008867502212524,288.4830322265625,267.9481506347656,20.232330322265625,55.62176513671875
686,12,person,0,0.7857122421264648,332.4169921875,265.6953125,22.8912353515625,51.322174072265625
686,11,bicycle,1,0.7024861574172974,376.7674560546875,285.5857238769531,29.13934326171875,38.43023681640625
687,7,person,0,0.707504153251648,317.7069091796875,260.5928039550781,14.72833251953125,40.51527404785156
687,9,person,0,0.7851608395576477,376.22967529296875,267.6601867675781,28.562469482421875,54.03172302246094
687,10,person,0,0.8155688047409058,288.02880859375,268.7608337402344,20.37451171875,57.18147277832031
687,12,person,0,0.7930461764335632,332.2403259277344,265.9841613769531,22.32098388671875,51.16947937011719
687,11,bicycle,1,0.6173511147499084,376.856201171875,285.01959228515625,27.505340576171875,38.688507080078125
688,7,person,0,0.7074471116065979,317.1661376953125,260.92034912109375,15.425323486328125,40.7767333984375
688,9,person,0,0.8202478885650635,375.69073486328125,265.79656982421875,28.277435302734375,50.4273681640625
688,10,person,0,0.835766613483429,287.5921630859375,269.45458984375,20.236785888671875,58.22406005859375
688,12,person,0,0.8057507276535034,331.681396484375,265.6427917480469,20.651214599609375,51.34251403808594
688,11,bicycle,1,0.6543940305709839,376.41162109375,284.53533935546875,25.692352294921875,39.172698974609375
689,7,person,0,0.7221383452415466,316.7546081542969,260.9606018066406,15.233642578125,40.84074401855469
689,9,person,0,0.7791053056716919,375.39178466796875,264.50433349609375,27.622283935546875,48.04344177246094
689,10,person,0,0.8281063437461853,287.42681884765625,269.69757080078125,19.998809814453125,58.282073974609375
689,12,person,0,0.8044772744178772,331.571533203125,265.6768798828125,19.74365234375,50.218170166015625
689,11,bicycle,1,0.4491323232650757,375.8532409667969,284.1678466796875,25.59259033203125,38.920928955078125
690,7,person,0,0.7271350026130676,316.15020751953125,261.7055969238281,16.356597900390625,42.70135498046875
690,9,person,0,0.7287328243255615,374.9622802734375,264.9479675292969,27.061859130859375,49.16375732421875
690,10,person,0,0.8140395283699036,287.2370910644531,269.5856018066406,19.61138916015625,57.59510803222656
690,12,person,0,0.7801483273506165,331.344482421875,265.72808837890625,19.867340087890625,49.4747314453125
690,11,bicycle,1,0.4856630861759186,375.238037109375,283.8066101074219,26.171875,39.63720703125
691,7,person,0,0.7214375734329224,315.5540771484375,261.9919738769531,16.7960205078125,41.93658447265625
691,9,person,0,0.6017389297485352,374.7760314941406,268.3309631347656,26.44696044921875,56.02684020996094
691,10,person,0,0.8145727515220642,286.92181396484375,269.5948791503906,19.525665283203125,57.60392761230469
691,12,person,0,0.780335545539856,331.2361755371094,265.66119384765625,20.03289794921875,49.45460510253906
692,7,person,0,0.7247843146324158,315.3727722167969,261.9625549316406,16.69036865234375,40.86381530761719
692,9,person,0,0.7047287225723267,374.66748046875,266.7779541015625,26.572845458984375,52.733642578125
692,10,person,0,0.8153918385505676,286.84893798828125,269.4704895019531,19.204620361328125,57.8636474609375
692,12,person,0,0.7955101132392883,331.0235595703125,265.8760681152344,19.2357177734375,48.8297119140625
693,7,person,0,0.7355038523674011,315.01593017578125,262.35296630859375,16.695037841796875,41.92887878417969
693,9,person,0,0.6529588103294373,374.5084228515625,267.00592041015625,26.23681640625,53.232177734375
693,10,person,0,0.7978538274765015,286.4857482910156,269.639404296875,19.435302734375,58.750701904296875
693,12,person,0,0.7948014736175537,330.65045166015625,265.7142333984375,19.235595703125,48.585113525390625
693,11,bicycle,1,0.50526362657547,374.38299560546875,282.7308349609375,22.995574951171875,39.016510009765625
694,7,person,0,0.7498300075531006,314.78692626953125,262.4244079589844,16.678680419921875,42.84812927246094
694,9,person,0,0.6676821708679199,374.3049621582031,265.4094543457031,25.40838623046875,50.20591735839844
694,10,person,0,0.8019310235977173,286.1327209472656,269.49456787109375,19.804931640625,59.46527099609375
694,12,person,0,0.7766037583351135,329.94976806640625,266.0946044921875,17.829193115234375,49.12841796875
694,11,bicycle,1,0.4580492079257965,373.86553955078125,282.51220703125,21.300140380859375,37.885040283203125
695,7,person,0,0.7620629668235779,314.2720031738281,262.414306640625,16.12261962890625,43.129791259765625
695,9,person,0,0.6535634398460388,374.3418273925781,266.43505859375,25.18701171875,52.74168395996094
695,10,person,0,0.8164530992507935,285.90472412109375,269.14288330078125,20.2987060546875,59.674041748046875
695,12,person,0,0.8088367581367493,329.8412170410156,266.157958984375,18.02117919921875,49.413848876953125
695,11,bicycle,1,0.3980128765106201,374.42230224609375,282.07293701171875,17.166961669921875,37.9970703125
696,7,person,0,0.7601796388626099,313.80950927734375,262.29412841796875,15.755645751953125,43.436004638671875
696,9,person,0,0.6552264094352722,374.2288818359375,265.1911315917969,24.906951904296875,50.53224182128906
696,10,person,0,0.8246040344238281,285.62890625,269.08111572265625,20.877716064453125,60.167236328125
696,12,person,0,0.791965663433075,329.32025146484375,266.1791687011719,17.060699462890625,49.68583679199219
696,11,bicycle,1,0.4146055579185486,373.31561279296875,280.48199462890625,18.685516357421875,36.562530517578125
697,7,person,0,0.7490020394325256,313.349853515625,261.92486572265625,15.937225341796875,42.49189758300781
697,9,person,0,0.7172797918319702,374.6575622558594,265.3433837890625,23.80157470703125,50.40660095214844
697,10,person,0,0.8258287906646729,285.63720703125,269.1427001953125,20.902923583984375,60.61955261230469
697,12,person,0,0.7949190139770508,329.33831787109375,266.83782958984375,16.985443115234375,49.42364501953125
697,11,bicycle,1,0.4697361886501312,372.5281982421875,279.9051513671875,16.767822265625,33.571380615234375
698,7,person,0,0.805954098701477,312.7486572265625,262.62615966796875,16.709136962890625,43.02549743652344
698,9,person,0,0.7088718414306641,374.3865661621094,265.82977294921875,23.5760498046875,51.64373779296875
698,10,person,0,0.8282877802848816,285.41302490234375,269.35430908203125,21.226348876953125,60.758026123046875
698,12,person,0,0.7859009504318237,329.13134765625,267.12347412109375,16.90093994140625,48.95002746582031
698,11,bicycle,1,0.3832717835903168,372.81512451171875,279.1787109375,16.862396240234375,33.214508056640625
699,7,person,0,0.8042936325073242,312.4125671386719,262.670166015625,16.85052490234375,42.932281494140625
699,9,person,0,0.6622113585472107,374.08892822265625,265.87957763671875,22.690521240234375,52.49229431152344
699,10,person,0,0.8282239437103271,285.42626953125,269.6441955566406,21.001556396484375,60.02769470214844
699,12,person,0,0.772368848323822,328.8646240234375,268.0637512207031,16.319671630859375,50.27738952636719
699,11,bicycle,1,0.42161810398101807,372.85833740234375,278.63287353515625,17.276458740234375,33.245849609375
700,7,person,0,0.8004956245422363,312.30035400390625,262.3457946777344,16.809326171875,42.60859680175781
700,9,person,0,0.7209340333938599,374.031005859375,265.694580078125,22.38006591796875,52.41246032714844
700,10,person,0,0.8299245238304138,285.49468994140625,269.91229248046875,20.763275146484375,59.588226318359375
700,12,person,0,0.7707117795944214,328.70172119140625,268.19049072265625,16.181060791015625,50.76298522949219
700,11,bicycle,1,0.23516274988651276,372.9884948730469,278.9344787597656,16.8040771484375,33.16595458984375
701,7,person,0,0.7837861776351929,311.8441162109375,262.53887939453125,16.275177001953125,42.780609130859375
701,9,person,0,0.7610996961593628,374.423095703125,264.83306884765625,21.00250244140625,51.06150817871094
701,10,person,0,0.8128320574760437,285.212646484375,270.2409973144531,21.046905517578125,59.50187683105469
701,12,person,0,0.7690368890762329,328.61065673828125,268.32958984375,16.289764404296875,50.42030334472656
701,11,bicycle,1,0.16808754205703735,373.50128173828125,279.99981689453125,16.48016357421875,31.73870849609375
702,7,person,0,0.8132929801940918,311.1429748535156,262.7950439453125,16.56964111328125,43.801605224609375
702,9,person,0,0.761686384677887,374.68670654296875,264.3199157714844,20.270294189453125,50.27293395996094
702,10,person,0,0.8222832679748535,284.7281494140625,270.46209716796875,21.770355224609375,59.770965576171875
702,12,person,0,0.7781539559364319,328.42120361328125,268.2804260253906,16.66473388671875,50.35505676269531
702,11,bicycle,1,0.32987180352211,373.4837646484375,280.0720520019531,14.868316650390625,32.9422607421875
703,7,person,0,0.8183937668800354,311.0778503417969,263.01947021484375,16.73126220703125,44.10838317871094
703,9,person,0,0.7978215217590332,374.7712707519531,264.71697998046875,19.9058837890625,51.162109375
703,10,person,0,0.833592414855957,284.2668151855469,270.480712890625,21.978271484375,59.410858154296875
703,12,person,0,0.7585298418998718,328.8905029296875,268.5631103515625,15.479736328125,50.928375244140625
703,11,bicycle,1,0.2408900260925293,373.0749816894531,281.8586120605469,12.598388671875,29.58544921875
704,7,person,0,0.8277419805526733,311.1178894042969,263.17291259765625,17.8057861328125,44.790069580078125
704,9,person,0,0.7885864973068237,374.85064697265625,264.6603088378906,19.680328369140625,51.1485595703125
704,10,person,0,0.8221701979637146,284.0912170410156,270.7558898925781,21.81951904296875,59.47227478027344
704,12,person,0,0.7639623880386353,329.3095397949219,268.79400634765625,14.95062255859375,50.789031982421875
705,7,person,0,0.8106147050857544,310.731201171875,263.00384521484375,17.429901123046875,44.732574462890625
705,9,person,0,0.7771989703178406,374.92254638671875,263.982421875,19.57647705078125,50.43182373046875
705,10,person,0,0.8113865852355957,284.1715087890625,270.9830017089844,21.550445556640625,59.37980651855469
705,12,person,0,0.7450820803642273,329.4139404296875,267.6123962402344,15.800079345703125,52.10890197753906
706,7,person,0,0.816832959651947,310.5831298828125,263.04681396484375,17.06219482421875,44.506988525390625
706,9,person,0,0.7484226822853088,375.16015625,263.30230712890625,19.338958740234375,49.47862243652344
706,10,person,0,0.8194949626922607,284.001220703125,271.2467346191406,22.037506103515625,58.89936828613281
706,12,person,0,0.6938930153846741,330.09503173828125,267.711669921875,15.166107177734375,51.2510986328125
707,7,person,0,0.8053309321403503,310.4617919921875,263.25836181640625,16.672821044921875,44.357757568359375
707,9,person,0,0.708988606929779,375.484375,262.6989440917969,19.671600341796875,48.81568908691406
707,10,person,0,0.8081288933753967,284.20263671875,271.7223205566406,22.39031982421875,59.40971374511719
707,12,person,0,0.7432948350906372,330.26629638671875,267.50958251953125,15.69793701171875,51.78106689453125
708,7,person,0,0.7954170107841492,310.40814208984375,263.3681640625,16.33685302734375,43.938323974609375
708,9,person,0,0.7443967461585999,376.1917724609375,262.36968994140625,19.043792724609375,48.7203369140625
708,10,person,0,0.7508347630500793,284.76324462890625,272.0129699707031,21.9425048828125,59.20152282714844
708,12,person,0,0.7114970684051514,330.4971008300781,267.6375427246094,16.06317138671875,51.88409423828125
709,7,person,0,0.8002249598503113,310.3946533203125,263.4864807128906,16.205291748046875,44.1102294921875
709,9,person,0,0.7000962495803833,376.61151123046875,262.5171203613281,19.323883056640625,49.05805969238281
709,10,person,0,0.7718797922134399,285.2044677734375,271.31243896484375,22.095611572265625,58.903167724609375
709,12,person,0,0.724928081035614,331.355224609375,267.928955078125,16.3978271484375,52.04304504394531
710,7,person,0,0.7961533665657043,310.46087646484375,263.3431701660156,16.168121337890625,43.83259582519531
710,9,person,0,0.6640499234199524,377.13995361328125,262.2481384277344,19.410919189453125,48.6396484375
710,10,person,0,0.7766579985618591,285.19610595703125,270.803955078125,22.30780029296875,58.87528991699219
710,12,person,0,0.7742268443107605,331.90081787109375,267.83453369140625,16.935546875,51.238037109375
711,7,person,0,0.7947174906730652,310.5191955566406,263.22076416015625,15.820068359375,43.995208740234375
711,9,person,0,0.6935023665428162,377.5546569824219,262.2654113769531,19.34246826171875,48.90301513671875
711,10,person,0,0.8072335720062256,284.2308349609375,270.8527526855469,23.158050537109375,59.3812255859375
711,12,person,0,0.7638883590698242,332.47662353515625,267.94317626953125,18.37646484375,51.99580383300781
712,7,person,0,0.7868641018867493,310.4639892578125,263.535888671875,15.320587158203125,44.07427978515625
712,9,person,0,0.7173853516578674,378.12030029296875,262.2839660644531,18.3436279296875,49.36676025390625
712,10,person,0,0.7931860685348511,283.958984375,271.241943359375,23.277252197265625,60.39109802246094
712,12,person,0,0.7562592625617981,332.8907470703125,268.48699951171875,18.966064453125,52.27012634277344
713,7,person,0,0.7147462368011475,310.9139404296875,263.25408935546875,15.75457763671875,44.107330322265625
713,9,person,0,0.7146753072738647,378.43121337890625,262.46771240234375,18.11737060546875,49.64497375488281
713,10,person,0,0.8056092262268066,283.7393798828125,271.4665222167969,23.629425048828125,60.96031188964844
713,12,person,0,0.7646002769470215,333.78717041015625,268.6549377441406,19.059783935546875,51.71966552734375
714,7,person,0,0.7432960867881775,311.78546142578125,263.2837829589844,17.025177001953125,44.91691589355469
714,9,person,0,0.7049019932746887,378.6236572265625,262.03253173828125,17.623931884765625,48.684234619140625
714,10,person,0,0.8034936785697937,284.01776123046875,271.3039245605469,22.59222412109375,60.79304504394531
714,12,person,0,0.7700080871582031,334.5127868652344,268.6011047363281,19.18231201171875,52.02729797363281
715,7,person,0,0.6927101612091064,312.06927490234375,262.7831726074219,17.3779296875,46.18794250488281
715,9,person,0,0.7316437363624573,379.1240234375,261.8890075683594,17.252838134765625,47.86497497558594
715,10,person,0,0.789868950843811,284.6284484863281,271.408935546875,21.14093017578125,61.009857177734375
715,12,person,0,0.7690885663032532,334.9560546875,269.04296875,19.209259033203125,52.50770568847656
716,7,person,0,0.7344362139701843,311.65234375,262.91943359375,16.781890869140625,46.08367919921875
716,9,person,0,0.7245948314666748,379.53497314453125,262.89337158203125,17.541473388671875,50.073089599609375
716,10,person,0,0.8032858967781067,284.0545654296875,271.8768615722656,22.110443115234375,61.77687072753906
716,12,person,0,0.7768000960350037,335.13287353515625,269.47686767578125,19.36614990234375,54.145233154296875
717,7,person,0,0.7328817248344421,311.84796142578125,261.8094482421875,16.837738037109375,46.260986328125
717,9,person,0,0.6649006009101868,379.56475830078125,263.3251953125,17.389373779296875,50.979736328125
717,10,person,0,0.8045811653137207,283.7955627441406,272.10321044921875,22.74444580078125,62.005401611328125
717,12,person,0,0.7862396836280823,334.57049560546875,269.7637023925781,21.625274658203125,54.55845642089844
718,7,person,0,0.7475745677947998,312.1584777832031,260.8722839355469,17.032958984375,47.32142639160156
718,9,person,0,0.7134116888046265,379.68096923828125,263.19537353515625,17.198822021484375,51.19209289550781
718,10,person,0,0.8120116591453552,283.36883544921875,272.9732666015625,22.983154296875,62.25102233886719
718,12,person,0,0.801173746585846,335.2503662109375,269.9689636230469,21.142578125,54.14363098144531
719,7,person,0,0.7872751951217651,312.46173095703125,260.9605407714844,17.149261474609375,46.78614807128906
719,9,person,0,0.6837462186813354,380.2943420410156,263.19732666015625,17.69720458984375,51.4248046875
719,10,person,0,0.8130287528038025,283.0623779296875,273.38934326171875,23.03369140625,62.261993408203125
719,12,person,0,0.7993557453155518,336.0076599121094,270.25823974609375,20.880859375,54.10986328125
720,7,person,0,0.7481136918067932,312.53839111328125,261.3005065917969,17.163970947265625,45.61549377441406
720,9,person,0,0.7004848122596741,380.904541015625,261.44635009765625,18.012725830078125,47.84999084472656
720,10,person,0,0.8208423852920532,282.8031005859375,273.52191162109375,22.998565673828125,62.19071960449219
720,12,person,0,0.8242655396461487,336.58709716796875,270.14501953125,20.49249267578125,53.524993896484375
721,7,person,0,0.7472668886184692,312.65655517578125,261.8494873046875,17.1646728515625,45.842071533203125
721,9,person,0,0.6828082203865051,381.106201171875,260.2771911621094,17.781524658203125,45.93841552734375
721,10,person,0,0.8099539279937744,282.453857421875,273.4641418457031,22.7178955078125,61.52189636230469
721,12,person,0,0.7850468754768372,337.224365234375,270.0789794921875,20.262664794921875,52.51313781738281
722,7,person,0,0.781578540802002,312.654541015625,262.29156494140625,17.216766357421875,45.00482177734375
722,9,person,0,0.7624161243438721,382.0572204589844,260.9141845703125,18.747314453125,47.89030456542969
722,10,person,0,0.8054382801055908,282.07269287109375,274.6099548339844,22.43792724609375,63.83197021484375
722,12,person,0,0.7565916180610657,337.46038818359375,270.292236328125,20.089447021484375,52.873687744140625
723,7,person,0,0.8037062287330627,312.67138671875,262.6146240234375,17.62384033203125,44.30479431152344
723,9,person,0,0.7590945959091187,382.7659912109375,261.09197998046875,19.41357421875,48.82588195800781
723,10,person,0,0.7939671874046326,281.57574462890625,274.3828125,22.1885986328125,64.55892944335938
723,12,person,0,0.7441072463989258,337.7488098144531,270.12200927734375,19.81640625,52.89848327636719
724,7,person,0,0.8166230916976929,312.67498779296875,263.14385986328125,17.815582275390625,42.979217529296875
724,9,person,0,0.7081272006034851,382.90185546875,260.056640625,18.84393310546875,47.38905334472656
724,10,person,0,0.8042027950286865,281.2063293457031,273.90899658203125,21.61578369140625,63.70921325683594
724,12,person,0,0.704666256904602,337.9368896484375,270.1599426269531,18.923431396484375,52.98515319824219
725,7,person,0,0.8111288547515869,312.9040832519531,263.2044372558594,17.985107421875,42.52409362792969
725,9,person,0,0.707265317440033,383.10711669921875,259.2438049316406,18.842620849609375,45.9111328125
725,10,person,0,0.785134494304657,280.8149719238281,274.41656494140625,21.26165771484375,63.50146484375
725,12,person,0,0.6652233004570007,338.16912841796875,270.0574645996094,18.524627685546875,52.61067199707031
725,15,bicycle,1,0.5278418064117432,381.2120056152344,273.3847351074219,13.8565673828125,33.01263427734375
726,7,person,0,0.8003225326538086,312.9415283203125,263.4097595214844,17.881378173828125,42.17048645019531
726,9,person,0,0.6601179838180542,383.28668212890625,258.33294677734375,18.485565185546875,44.135711669921875
726,10,person,0,0.7768911719322205,280.2525634765625,274.5179138183594,20.084442138671875,63.091064453125
726,12,person,0,0.7320607304573059,337.8752746582031,269.3853454589844,17.304443359375,51.46131896972656
726,15,bicycle,1,0.5335068702697754,382.0203857421875,272.4454650878906,15.32330322265625,33.4119873046875
727,7,person,0,0.8118748664855957,312.64007568359375,263.61651611328125,18.71075439453125,42.915374755859375
727,9,person,0,0.6229511499404907,383.4503479003906,258.3621520996094,18.39959716796875,44.2515869140625
727,10,person,0,0.771267831325531,279.8018798828125,274.8567199707031,19.955291748046875,63.09336853027344
727,12,person,0,0.7254815101623535,337.6506652832031,268.4056701660156,16.0311279296875,49.73103332519531
727,15,bicycle,1,0.46973806619644165,382.16015625,272.7464599609375,15.331817626953125,33.07220458984375
728,7,person,0,0.8034294843673706,311.52874755859375,264.093994140625,17.6444091796875,43.52772521972656
728,9,person,0,0.6135931611061096,383.85986328125,257.97052001953125,18.051483154296875,43.952880859375
728,10,person,0,0.7675548195838928,279.3283996582031,275.02484130859375,19.9605712890625,63.09333801269531
728,12,person,0,0.7348771691322327,338.0216369628906,268.05267333984375,15.38641357421875,49.56001281738281
728,15,bicycle,1,0.43928664922714233,381.28509521484375,273.4659423828125,12.00860595703125,31.83929443359375
729,7,person,0,0.7905522584915161,311.1248779296875,264.47955322265625,16.07598876953125,44.176849365234375
729,9,person,0,0.6623690128326416,383.943115234375,258.12896728515625,17.975830078125,44.740142822265625
729,10,person,0,0.7889950275421143,279.36468505859375,274.9556579589844,19.588287353515625,62.76576232910156
729,12,person,0,0.7072362899780273,338.6314392089844,268.8872375488281,15.76171875,51.28019714355469
729,15,bicycle,1,0.20524968206882477,381.6507568359375,272.8259582519531,12.154815673828125,33.00909423828125
730,7,person,0,0.7761175632476807,311.05419921875,264.7153625488281,14.68145751953125,44.84144592285156
730,9,person,0,0.6366469860076904,384.19061279296875,257.19140625,17.736175537109375,43.27171325683594
730,10,person,0,0.798380434513092,279.15057373046875,274.7418212890625,19.76409912109375,62.06944274902344
730,12,person,0,0.7643811702728271,339.8251953125,269.92376708984375,17.344970703125,53.333770751953125
730,15,bicycle,1,0.26454925537109375,382.99749755859375,272.2766418457031,14.3841552734375,33.75115966796875
731,7,person,0,0.7482699751853943,310.9814453125,264.76611328125,14.3114013671875,45.076690673828125
731,9,person,0,0.6448336243629456,384.23223876953125,257.2132568359375,17.54010009765625,43.594329833984375
731,10,person,0,0.795951783657074,278.8122863769531,274.6170654296875,20.06890869140625,62.401641845703125
731,12,person,0,0.7474359273910522,341.31182861328125,270.2039794921875,18.807708740234375,53.75091552734375
731,15,bicycle,1,0.37176987528800964,383.61590576171875,271.39080810546875,15.368896484375,34.549774169921875
732,7,person,0,0.7708357572555542,309.36492919921875,264.88018798828125,17.590057373046875,45.44587707519531
732,9,person,0,0.7120611071586609,384.450927734375,257.6820068359375,17.270843505859375,44.824859619140625
732,10,person,0,0.7921158075332642,278.4765625,274.2401123046875,20.029266357421875,62.592254638671875
732,12,person,0,0.7950157523155212,342.55816650390625,270.4491271972656,20.171661376953125,53.88407897949219
732,15,bicycle,1,0.2891119122505188,383.94110107421875,271.39166259765625,15.191375732421875,33.49101257324219
733,7,person,0,0.7149566411972046,309.1427307128906,264.9731750488281,17.42547607421875,45.59596252441406
733,9,person,0,0.6399483680725098,384.5565490722656,258.59637451171875,17.25604248046875,46.72955322265625
733,10,person,0,0.7808455228805542,277.74188232421875,273.6165771484375,21.23699951171875,61.94151306152344
733,12,person,0,0.8235419392585754,343.75811767578125,271.08880615234375,21.606231689453125,54.42498779296875
733,15,bicycle,1,0.2979370951652527,384.20794677734375,271.0932922363281,15.422943115234375,33.45454406738281
734,7,person,0,0.6595476269721985,311.571044921875,264.98004150390625,15.1405029296875,44.834442138671875
734,9,person,0,0.7157108783721924,384.80328369140625,258.5462951660156,17.451263427734375,46.80055236816406
734,10,person,0,0.7937393188476562,277.4986877441406,274.7855224609375,21.94244384765625,64.82240295410156
734,12,person,0,0.832065224647522,344.5389099121094,271.576171875,22.67462158203125,54.562713623046875
734,15,bicycle,1,0.329233318567276,384.2667236328125,271.11419677734375,14.980316162109375,32.90562438964844
735,7,person,0,0.7497047185897827,312.12335205078125,264.8272705078125,14.23907470703125,45.184295654296875
735,9,person,0,0.6860059499740601,385.02410888671875,258.6125793457031,17.7454833984375,47.12684631347656
735,10,person,0,0.7977123856544495,277.3739013671875,275.2673034667969,22.185302734375,65.28080749511719
735,12,person,0,0.8301333785057068,345.04718017578125,272.0239562988281,23.586761474609375,54.99223327636719
735,15,bicycle,1,0.32992827892303467,384.6849670410156,270.675048828125,15.676513671875,32.909454345703125
736,7,person,0,0.7367787957191467,312.544189453125,264.95709228515625,14.605010986328125,45.53924560546875
736,9,person,0,0.7151511311531067,385.1816711425781,258.746337890625,17.73199462890625,47.574371337890625
736,10,person,0,0.7708049416542053,276.96173095703125,275.9112548828125,22.2384033203125,66.73892211914062
736,12,person,0,0.8222255110740662,345.25592041015625,272.2756652832031,24.02093505859375,54.95478820800781
736,15,bicycle,1,0.211538165807724,384.9717102050781,270.1162109375,15.6341552734375,31.02349853515625
737,7,person,0,0.7383942604064941,313.19952392578125,265.22137451171875,14.642822265625,45.37684631347656
737,9,person,0,0.6928382515907288,385.4683837890625,258.8924255371094,17.788818359375,47.93550109863281
737,10,person,0,0.7715906500816345,276.557861328125,275.8424377441406,22.583282470703125,65.12498474121094
737,12,person,0,0.82041996717453,345.41656494140625,272.197509765625,23.829742431640625,54.406646728515625
738,7,person,0,0.7416930198669434,313.857177734375,265.5546875,14.991180419921875,45.92655944824219
738,9,person,0,0.6700232625007629,385.665283203125,258.37615966796875,17.587371826171875,46.85447692871094
738,10,person,0,0.8022778034210205,275.9583740234375,276.8595275878906,24.0494384765625,66.82029724121094
738,12,person,0,0.8237188458442688,345.570068359375,272.0560607910156,23.897247314453125,54.22303771972656
739,7,person,0,0.7418115735054016,314.3406066894531,265.2882995605469,14.9066162109375,44.98199462890625
739,9,person,0,0.705443263053894,385.8260803222656,258.6204528808594,17.4169921875,47.29319763183594
739,10,person,0,0.7844849824905396,275.60498046875,277.7740173339844,24.494171142578125,66.96229553222656
739,12,person,0,0.818669855594635,345.6737976074219,272.02899169921875,23.80706787109375,54.467193603515625
740,7,person,0,0.7296943664550781,314.5738525390625,265.2353210449219,15.07025146484375,44.95860290527344
740,9,person,0,0.7235614657402039,386.10284423828125,258.73065185546875,17.86004638671875,47.62593078613281
740,10,person,0,0.7681354880332947,275.74462890625,278.22607421875,24.18353271484375,67.34632873535156
740,12,person,0,0.825766384601593,346.0653076171875,271.99444580078125,22.929473876953125,54.693817138671875
741,7,person,0,0.6888712048530579,314.8735046386719,264.5397644042969,14.0772705078125,43.50120544433594
741,9,person,0,0.6956848502159119,386.27447509765625,258.2655944824219,18.04449462890625,46.74418640136719
741,10,person,0,0.7931097149848938,275.3056945800781,278.80072021484375,24.53936767578125,67.42068481445312
741,12,person,0,0.7902008891105652,347.038818359375,272.04156494140625,20.870758056640625,54.71147155761719
742,7,person,0,0.658867359161377,315.11669921875,264.6038818359375,13.69488525390625,43.40620422363281
742,9,person,0,0.6556692123413086,386.258056640625,257.865478515625,17.86083984375,46.05413818359375
742,10,person,0,0.8164061903953552,274.95111083984375,279.11083984375,24.800506591796875,67.70925903320312
742,12,person,0,0.7738559246063232,348.37518310546875,272.0042724609375,19.074310302734375,54.63417053222656
743,7,person,0,0.704113245010376,315.64898681640625,265.6865234375,15.3062744140625,45.286224365234375
743,9,person,0,0.673434317111969,386.1502990722656,257.3860778808594,17.588134765625,45.27641296386719
743,10,person,0,0.8108219504356384,274.65362548828125,279.17657470703125,24.621307373046875,67.51785278320312
743,12,person,0,0.8041623830795288,350.78948974609375,272.0587463378906,19.536285400390625,54.64418029785156
744,7,person,0,0.7013134956359863,316.1272277832031,266.027587890625,16.33636474609375,45.757110595703125
744,9,person,0,0.7010533213615417,386.1308898925781,256.36114501953125,17.50811767578125,43.150665283203125
744,10,person,0,0.7670764923095703,274.7874755859375,277.98712158203125,23.872528076171875,65.32925415039062
744,12,person,0,0.7879743576049805,352.477294921875,271.9073486328125,20.178558349609375,55.41462707519531
745,7,person,0,0.7531740665435791,316.79339599609375,266.5328063964844,18.180938720703125,46.64109802246094
745,9,person,0,0.7039254903793335,386.059814453125,255.909912109375,17.142059326171875,42.62355041503906
745,10,person,0,0.7716456055641174,274.68292236328125,277.9422912597656,23.469146728515625,65.33677673339844
745,12,person,0,0.7658494710922241,354.53924560546875,271.5823059082031,22.766448974609375,54.66168212890625
745,16,person,0,0.6127834320068359,293.49468994140625,255.40066528320312,10.854339599609375,42.95367431640625
746,7,person,0,0.7504197359085083,317.2611083984375,266.545654296875,18.782379150390625,46.71234130859375
746,9,person,0,0.7645643949508667,386.0272521972656,255.43502807617188,16.9564208984375,41.80247497558594
746,10,person,0,0.7725135684013367,274.2727355957031,277.972412109375,24.20172119140625,65.38523864746094
746,12,person,0,0.7697203755378723,356.075439453125,272.0744323730469,24.588714599609375,55.15364074707031
746,16,person,0,0.6359261870384216,292.50189208984375,255.3436279296875,11.033294677734375,43.697265625
747,7,person,0,0.7263367176055908,317.5407409667969,266.5823974609375,18.5018310546875,46.364288330078125
747,9,person,0,0.74825119972229,385.9486999511719,254.876953125,16.69671630859375,40.88397216796875
747,10,person,0,0.7871584296226501,274.01580810546875,278.0646667480469,24.584564208984375,66.14427185058594
747,12,person,0,0.8067466616630554,356.9675598144531,272.32464599609375,24.9722900390625,55.861724853515625
747,16,person,0,0.6489227414131165,292.40386962890625,254.79307556152344,10.315643310546875,43.983062744140625
748,7,person,0,0.729367196559906,317.73101806640625,266.643798828125,17.867279052734375,46.80906677246094
748,9,person,0,0.7308415174484253,385.82501220703125,254.7393798828125,16.5125732421875,41.03334045410156
748,10,person,0,0.8237846493721008,274.1424255371094,278.01104736328125,25.30767822265625,65.94438171386719
748,12,person,0,0.8212212920188904,357.376953125,272.52728271484375,24.954437255859375,56.16822814941406
748,16,person,0,0.6934739947319031,291.6886291503906,254.75006103515625,10.8345947265625,44.2940673828125
749,7,person,0,0.7055685520172119,317.98883056640625,266.32464599609375,17.0228271484375,46.23869323730469
749,9,person,0,0.727301836013794,385.9313659667969,254.13006591796875,16.4437255859375,40.87315368652344
749,10,person,0,0.8174394965171814,273.5870361328125,277.75732421875,25.090301513671875,65.97662353515625
749,12,person,0,0.8320334553718567,357.6946716308594,272.7501220703125,24.89727783203125,56.53556823730469
749,16,person,0,0.4282464385032654,291.9210510253906,254.8444366455078,9.7989501953125,44.619293212890625
750,7,person,0,0.727152943611145,318.72235107421875,266.353759765625,16.384368896484375,46.387481689453125
750,9,person,0,0.7930225133895874,385.7159118652344,254.10665893554688,16.23272705078125,40.66923522949219
750,10,person,0,0.7838122248649597,273.95513916015625,277.6363830566406,25.2779541015625,66.27215576171875
750,12,person,0,0.8401944637298584,358.0970458984375,272.4197692871094,25.287872314453125,55.6644287109375
750,16,person,0,0.571916937828064,291.31109619140625,255.12924194335938,10.51165771484375,43.94114685058594
751,7,person,0,0.7037083506584167,319.4460144042969,266.3027038574219,16.354248046875,46.77632141113281
751,9,person,0,0.7597640156745911,385.58538818359375,254.81651306152344,16.17327880859375,42.196075439453125
751,10,person,0,0.7736393809318542,273.94512939453125,277.86480712890625,24.502777099609375,66.73857116699219
751,12,person,0,0.8282572627067566,358.20367431640625,272.68841552734375,25.146392822265625,55.16607666015625
751,16,person,0,0.45895135402679443,290.7762451171875,255.18618774414062,10.82806396484375,43.44386291503906
752,7,person,0,0.7433430552482605,320.513671875,266.31573486328125,15.665618896484375,46.95668029785156
752,9,person,0,0.7324317097663879,385.47015380859375,254.47335815429688,16.252166748046875,41.40965270996094
752,10,person,0,0.7930603623390198,272.93353271484375,278.3502197265625,24.640838623046875,67.23361206054688
752,12,person,0,0.7879761457443237,358.1634521484375,273.43280029296875,24.732666015625,56.08454895019531
752,16,person,0,0.7253884077072144,290.410888671875,255.26077270507812,11.48211669921875,43.20635986328125
753,7,person,0,0.70829176902771,321.70184326171875,266.1856384277344,14.570159912109375,47.12709045410156
753,9,person,0,0.7532203197479248,385.38092041015625,255.09518432617188,16.234588623046875,42.69586181640625
753,10,person,0,0.7781082391738892,272.83197021484375,278.5744934082031,24.216217041015625,67.45159912109375
753,12,person,0,0.7429057359695435,357.39447021484375,273.2620544433594,23.147369384765625,55.38090515136719
753,16,person,0,0.7162747979164124,289.94769287109375,255.18878173828125,11.774322509765625,43.38494873046875
754,7,person,0,0.7258749008178711,322.7259521484375,266.5888977050781,13.986083984375,46.75239562988281
754,9,person,0,0.7700746655464172,385.2945556640625,255.4722900390625,16.2918701171875,43.30064392089844
754,10,person,0,0.7903391718864441,272.8718566894531,278.29571533203125,24.1802978515625,66.47538757324219
754,12,person,0,0.7489646077156067,357.469482421875,273.55078125,22.912109375,55.853179931640625
754,16,person,0,0.7642024755477905,289.25152587890625,255.14849853515625,12.131561279296875,43.31929016113281
755,7,person,0,0.7442700862884521,323.6920166015625,266.6632080078125,14.11102294921875,46.44236755371094
755,9,person,0,0.7785819172859192,385.115966796875,255.1431121826172,16.074554443359375,42.880950927734375
755,10,person,0,0.8075605630874634,272.3729553222656,279.0107727050781,24.83843994140625,67.86631774902344
755,12,person,0,0.76537024974823,356.8293151855469,273.1142578125,21.5882568359375,54.952850341796875
755,16,person,0,0.7582546472549438,288.592529296875,255.14566040039062,12.463775634765625,43.10394287109375
756,7,person,0,0.7602527737617493,324.412353515625,266.7745361328125,14.793365478515625,46.87664794921875
756,9,person,0,0.7713414430618286,384.9502868652344,255.10980224609375,16.0159912109375,43.22755432128906
756,10,person,0,0.7418934106826782,271.3487854003906,279.7191467285156,25.47509765625,69.27423095703125
756,12,person,0,0.7851700782775879,356.1170349121094,273.36334228515625,20.29412841796875,55.44136047363281
756,16,person,0,0.7687933444976807,288.2470703125,255.01129150390625,13.243255615234375,42.28007507324219
757,7,person,0,0.7601404786109924,325.21466064453125,266.7836608886719,14.849212646484375,47.02195739746094
757,9,person,0,0.7512377500534058,384.7156677246094,254.71986389160156,16.3089599609375,43.469085693359375
757,10,person,0,0.7371228933334351,271.5829162597656,279.8932189941406,24.56292724609375,68.07038879394531
757,12,person,0,0.8048762083053589,356.17401123046875,273.6070556640625,19.97955322265625,56.251434326171875
757,16,person,0,0.7645348906517029,287.93133544921875,255.05679321289062,13.707061767578125,41.85459899902344
758,7,person,0,0.7426860928535461,325.786865234375,266.86419677734375,15.455413818359375,47.35194396972656
758,9,person,0,0.6901134252548218,384.4927978515625,254.2249298095703,16.333892822265625,43.236297607421875
758,10,person,0,0.7194477319717407,272.45538330078125,279.7735290527344,22.789703369140625,66.267578125
758,12,person,0,0.7788443565368652,356.2735595703125,273.5177307128906,19.58612060546875,56.06512451171875
758,16,person,0,0.734766960144043,287.083251953125,255.02830505371094,13.722137451171875,41.894012451171875
759,7,person,0,0.7387968301773071,326.28656005859375,266.53338623046875,15.697967529296875,46.72908020019531
759,9,person,0,0.6743596792221069,384.51385498046875,253.94781494140625,16.397735595703125,44.05104064941406
759,10,person,0,0.7660525441169739,271.4380187988281,280.7961730957031,24.14605712890625,67.63493347167969
759,12,person,0,0.7888858914375305,356.9444580078125,273.6221618652344,20.37274169921875,56.61285400390625
759,16,person,0,0.7391647100448608,286.0069580078125,255.16360473632812,15.241546630859375,43.06486511230469
760,7,person,0,0.7546793222427368,326.64617919921875,266.33453369140625,15.90069580078125,46.6912841796875
760,9,person,0,0.6244111657142639,384.39984130859375,253.61996459960938,16.558319091796875,43.03761291503906
760,10,person,0,0.7368084192276001,271.6175537109375,281.4382019042969,23.45184326171875,67.32878112792969
760,12,person,0,0.7908341288566589,357.309326171875,273.6661376953125,21.346588134765625,56.987060546875
760,16,person,0,0.7084651589393616,284.9752197265625,255.23190307617188,15.554718017578125,43.27473449707031
761,7,person,0,0.7317544221878052,327.224609375,265.9450378417969,17.0611572265625,46.23030090332031
761,9,person,0,0.6043019890785217,384.32220458984375,253.1695556640625,16.419769287109375,41.75502014160156
761,10,person,0,0.7473522424697876,271.2486572265625,282.2686767578125,24.307220458984375,66.84642028808594
761,12,person,0,0.7867894172668457,357.45135498046875,273.878173828125,21.160064697265625,57.81770324707031
761,16,person,0,0.5144948959350586,283.97003173828125,255.34756469726562,15.808746337890625,43.41004943847656
762,7,person,0,0.7163650989532471,328.460693359375,265.9158935546875,18.609130859375,46.31584167480469
762,9,person,0,0.6380815505981445,384.318359375,253.61334228515625,16.511627197265625,41.72441101074219
762,10,person,0,0.7602483034133911,271.4218444824219,282.27435302734375,24.56536865234375,65.33721923828125
762,12,person,0,0.8004631400108337,358.03369140625,274.0357360839844,21.150848388671875,58.4620361328125
762,16,person,0,0.5479658842086792,283.37158203125,254.0138397216797,15.029693603515625,40.044647216796875
763,7,person,0,0.7468392252922058,329.3262939453125,266.41162109375,20.49127197265625,46.943145751953125
763,9,person,0,0.7355577945709229,384.32745361328125,253.4936981201172,16.500823974609375,43.364837646484375
763,10,person,0,0.7980822920799255,270.95166015625,282.45574951171875,25.777679443359375,65.6890869140625
763,12,person,0,0.8019879460334778,358.8802185058594,274.15679931640625,21.86480712890625,58.3985595703125
763,16,person,0,0.4954601526260376,283.160888671875,254.17837524414062,14.704620361328125,39.35614013671875
764,7,person,0,0.7733511328697205,329.88751220703125,266.534912109375,21.190673828125,47.491973876953125
764,9,person,0,0.7445422410964966,384.38726806640625,253.235595703125,16.232513427734375,43.675048828125
764,10,person,0,0.8039610981941223,270.58404541015625,282.3797912597656,26.242401123046875,65.49290466308594
764,12,person,0,0.8173893690109253,359.42510986328125,274.30291748046875,22.049468994140625,58.787567138671875
764,16,person,0,0.2638302147388458,282.9500427246094,254.1357879638672,14.43365478515625,39.682891845703125
765,7,person,0,0.7669498920440674,330.00067138671875,266.3622741699219,21.498016357421875,47.31373596191406
765,9,person,0,0.7549679279327393,384.3331298828125,252.70608520507812,16.084075927734375,42.93927001953125
765,10,person,0,0.8178591728210449,270.2712707519531,282.87884521484375,26.75927734375,66.26884460449219
765,12,person,0,0.8126057386398315,360.0648193359375,274.7363586425781,22.781707763671875,59.25636291503906
765,16,person,0,0.5721315145492554,282.8068542480469,254.15281677246094,13.775146484375,40.219085693359375
766,7,person,0,0.754858672618866,330.3721923828125,265.99774169921875,20.9503173828125,47.49003601074219
766,9,person,0,0.7527398467063904,384.18212890625,252.53558349609375,16.002166748046875,42.747802734375
766,10,person,0,0.8102637529373169,270.32708740234375,283.11602783203125,26.385528564453125,67.91317749023438
766,12,person,0,0.8211390376091003,360.44049072265625,275.0880432128906,22.844329833984375,59.39796447753906
767,7,person,0,0.7716975212097168,330.5329284667969,266.2755126953125,21.104736328125,47.67787170410156
767,9,person,0,0.7566249966621399,384.0620422363281,252.52828979492188,16.1444091796875,42.79429626464844
767,10,person,0,0.8101622462272644,270.2215270996094,282.6807556152344,26.16082763671875,69.83674621582031
767,12,person,0,0.8276330232620239,360.79498291015625,275.533935546875,22.764801025390625,59.08355712890625
768,7,person,0,0.7482064366340637,330.9299011230469,266.25823974609375,18.9482421875,46.956298828125
768,9,person,0,0.7368838787078857,384.15472412109375,252.05606079101562,15.858978271484375,41.899169921875
768,10,person,0,0.7936153411865234,270.5063171386719,281.92669677734375,25.0299072265625,70.27806091308594
768,12,person,0,0.8192344903945923,361.13946533203125,275.880126953125,22.802642822265625,58.58021545410156
769,7,person,0,0.7401105165481567,331.53314208984375,266.0404357910156,17.136138916015625,46.18937683105469
769,9,person,0,0.7325314879417419,384.17578125,251.44801330566406,15.382171630859375,40.867156982421875
769,10,person,0,0.7465358376502991,270.92578125,281.46356201171875,24.673187255859375,70.0218505859375
769,12,person,0,0.8291687965393066,361.40234375,275.8004455566406,23.447845458984375,58.03338623046875
770,7,person,0,0.7309066653251648,332.61383056640625,265.59307861328125,14.434906005859375,45.778594970703125
770,9,person,0,0.7412896156311035,384.1987609863281,250.90484619140625,15.1383056640625,39.5667724609375
770,10,person,0,0.7418673038482666,272.19732666015625,281.5104675292969,23.691375732421875,70.18540954589844
770,12,person,0,0.8273552656173706,361.87451171875,275.9451599121094,23.390655517578125,57.8206787109375
771,7,person,0,0.7028160095214844,333.8179016113281,265.70147705078125,13.47808837890625,45.809814453125
771,9,person,0,0.7380812168121338,384.24285888671875,250.12400817871094,14.974151611328125,38.019317626953125
771,10,person,0,0.7816968560218811,272.6197509765625,281.5244140625,23.535369873046875,70.93850708007812
771,12,person,0,0.8127198815345764,362.2188415527344,276.50714111328125,22.8944091796875,59.36407470703125
772,7,person,0,0.7445141673088074,334.967529296875,265.71685791015625,12.938385009765625,46.134521484375
772,9,person,0,0.7243713140487671,384.17449951171875,249.79945373535156,15.177764892578125,37.362579345703125
772,10,person,0,0.779035210609436,273.0063781738281,281.78155517578125,23.14654541015625,71.46401977539062
772,12,person,0,0.8280038237571716,362.55859375,276.6361389160156,23.298492431640625,59.8963623046875
773,7,person,0,0.750841498374939,335.853759765625,265.7257385253906,12.613739013671875,46.4088134765625
773,9,person,0,0.714710533618927,383.7822265625,249.71246337890625,14.838836669921875,37.04388427734375
773,10,person,0,0.7387458086013794,273.105712890625,282.1103515625,22.700042724609375,71.91804504394531
773,12,person,0,0.8348652124404907,362.55914306640625,276.873046875,23.6500244140625,60.349212646484375
774,7,person,0,0.7725147604942322,336.8105163574219,265.4135437011719,12.5111083984375,46.66581726074219
774,9,person,0,0.646490752696991,383.6213684082031,249.5433807373047,14.7989501953125,37.030487060546875
774,10,person,0,0.7613614201545715,273.7373046875,282.11370849609375,22.389068603515625,71.62480163574219
774,12,person,0,0.8418538570404053,363.1925048828125,276.8908386230469,24.202911376953125,60.5723876953125
775,7,person,0,0.7675573229789734,337.6512145996094,265.759765625,12.835205078125,48.491058349609375
775,9,person,0,0.6917003989219666,383.45654296875,250.53111267089844,14.610687255859375,38.501922607421875
775,10,person,0,0.785953938961029,274.7399597167969,283.1370849609375,23.2156982421875,72.84220886230469
775,12,person,0,0.8398885726928711,363.27459716796875,276.8466796875,25.1527099609375,60.557464599609375
776,7,person,0,0.7493058443069458,338.18768310546875,265.93743896484375,13.27978515625,49.20587158203125
776,9,person,0,0.7073360085487366,383.5047607421875,251.03964233398438,14.922882080078125,39.56190490722656
776,10,person,0,0.7636915445327759,276.25030517578125,283.97900390625,24.719390869140625,73.18522644042969
776,12,person,0,0.8151837587356567,363.4522399902344,276.7770080566406,25.3458251953125,60.56733703613281
777,7,person,0,0.7617095112800598,339.2491455078125,266.283447265625,14.044342041015625,48.85260009765625
777,9,person,0,0.6713487505912781,383.498046875,250.96688842773438,15.33746337890625,40.26521301269531
777,10,person,0,0.7886844873428345,276.85321044921875,283.43853759765625,26.12506103515625,74.61318969726562
777,12,person,0,0.7949704527854919,363.8124084472656,276.7366943359375,25.06646728515625,60.666595458984375
778,7,person,0,0.736581563949585,340.9554748535156,265.706787109375,16.31304931640625,47.795867919921875
778,9,person,0,0.5940449237823486,383.537109375,250.82420349121094,15.082550048828125,40.408294677734375
778,10,person,0,0.7696564197540283,277.68975830078125,282.62884521484375,26.871673583984375,76.85304260253906
778,12,person,0,0.788487434387207,363.64776611328125,276.6363830566406,24.497039794921875,60.44703674316406
779,7,person,0,0.7497240900993347,341.6524353027344,265.9638671875,16.758056640625,48.05976867675781
779,9,person,0,0.5442911982536316,383.49603271484375,250.88656616210938,14.807342529296875,40.42118835449219
779,10,person,0,0.8151143789291382,278.3919677734375,283.4681701660156,27.570556640625,75.6090087890625
779,12,person,0,0.7952525019645691,363.38702392578125,276.6136474609375,24.060638427734375,60.06935119628906
780,7,person,0,0.7554160952568054,341.97412109375,266.00970458984375,17.39434814453125,48.629638671875
780,9,person,0,0.6463453769683838,383.36785888671875,250.89462280273438,14.637939453125,40.21954345703125
780,10,person,0,0.8259214758872986,278.91937255859375,284.3446044921875,28.317596435546875,73.93112182617188
780,12,person,0,0.811346709728241,363.15997314453125,276.7392578125,24.250091552734375,59.90869140625
781,7,person,0,0.7405663132667542,342.5893859863281,266.0478820800781,18.45928955078125,48.95263671875
781,9,person,0,0.6376691460609436,383.300048828125,250.35128784179688,15.089111328125,38.73832702636719
781,10,person,0,0.8424449563026428,279.0486755371094,284.55023193359375,28.72125244140625,73.46902465820312
781,12,person,0,0.8162322044372559,362.6749267578125,276.97686767578125,24.6448974609375,60.17022705078125
782,7,person,0,0.7319733500480652,342.61712646484375,266.13433837890625,17.925933837890625,48.375091552734375
782,9,person,0,0.6551091074943542,383.26373291015625,250.31692504882812,15.310638427734375,37.72914123535156
782,10,person,0,0.8271714448928833,279.20245361328125,284.8372497558594,28.8883056640625,72.68017578125
782,12,person,0,0.8217983245849609,362.484619140625,277.45367431640625,24.902191162109375,61.52435302734375
783,7,person,0,0.7238385677337646,342.8429870605469,266.08087158203125,18.4451904296875,48.112030029296875
783,9,person,0,0.5400546193122864,383.15435791015625,249.03582763671875,15.422943115234375,35.47386169433594
783,10,person,0,0.8407832384109497,279.80096435546875,284.391357421875,29.560211181640625,73.35885620117188
783,12,person,0,0.7975527048110962,362.9374694824219,277.6269226074219,23.18798828125,61.296875
784,7,person,0,0.7346723675727844,343.0613708496094,266.2481994628906,19.3641357421875,48.15147399902344
784,9,person,0,0.5618924498558044,383.0151062011719,249.46580505371094,15.14404296875,34.333160400390625
784,10,person,0,0.8312615752220154,280.27935791015625,284.36181640625,29.641998291015625,73.24137878417969
784,12,person,0,0.8070083260536194,362.7013244628906,277.6207580566406,22.57177734375,60.7869873046875
785,7,person,0,0.7686075568199158,344.0080261230469,265.992431640625,18.84405517578125,48.247711181640625
785,9,person,0,0.5436415672302246,382.8944091796875,249.29086303710938,15.105621337890625,33.901123046875
785,10,person,0,0.8077836632728577,280.65814208984375,284.0211181640625,29.795013427734375,73.81478881835938
785,12,person,0,0.8232290744781494,362.53411865234375,277.6590270996094,22.35498046875,60.49969482421875
786,7,person,0,0.7429668307304382,344.85479736328125,265.4574890136719,16.65350341796875,48.02836608886719
786,9,person,0,0.4907730519771576,382.6557312011719,249.47161865234375,14.769775390625,33.07147216796875
786,10,person,0,0.7752766609191895,281.3331298828125,283.65264892578125,28.923004150390625,74.74923706054688
786,12,person,0,0.8131469488143921,363.11871337890625,277.8376159667969,20.81671142578125,60.67033386230469
787,7,person,0,0.7575254440307617,346.09893798828125,264.7197265625,13.94000244140625,46.3765869140625
787,9,person,0,0.5922459363937378,382.44317626953125,249.40707397460938,14.811492919921875,33.13792419433594
787,10,person,0,0.78726726770401,282.2632751464844,283.83154296875,27.4595947265625,75.37803649902344
787,12,person,0,0.8120495080947876,362.97381591796875,278.0606384277344,19.377471923828125,60.01631164550781
788,7,person,0,0.7086849212646484,347.06378173828125,264.37103271484375,12.476959228515625,45.51985168457031
788,9,person,0,0.5894733667373657,382.2012634277344,250.02468872070312,15.044921875,34.41398620605469
788,10,person,0,0.6836076378822327,284.61041259765625,283.42059326171875,23.21820068359375,75.09988403320312
788,12,person,0,0.8001675009727478,362.6000061035156,277.952880859375,19.241455078125,60.05406188964844
789,7,person,0,0.6821556091308594,348.07275390625,264.5229187011719,11.944915771484375,46.00634765625
789,9,person,0,0.5164980292320251,382.21380615234375,250.145751953125,15.514129638671875,34.95526123046875
789,10,person,0,0.7149794697761536,285.2652587890625,284.1180114746094,22.074249267578125,75.37034606933594
789,12,person,0,0.7991394400596619,361.92962646484375,278.38751220703125,20.245025634765625,61.11442565917969
790,7,person,0,0.6975467801094055,348.7890625,264.5619201660156,11.316070556640625,46.01408386230469
790,9,person,0,0.40259429812431335,382.2406921386719,249.93380737304688,15.8485107421875,34.12104797363281
790,10,person,0,0.6396277546882629,285.4697265625,284.850830078125,23.274810791015625,75.12442016601562
790,12,person,0,0.7917823791503906,361.7755126953125,278.57916259765625,20.610382080078125,61.806610107421875
791,7,person,0,0.7232940196990967,349.4086608886719,264.58282470703125,11.02685546875,45.888580322265625
791,9,person,0,0.5834608674049377,382.25714111328125,249.45907592773438,15.4039306640625,34.6690673828125
791,10,person,0,0.6340771317481995,288.0638732910156,285.0215759277344,20.52960205078125,74.73307800292969
791,12,person,0,0.7988434433937073,361.6642150878906,278.69659423828125,20.6129150390625,62.085296630859375
792,7,person,0,0.7476188540458679,350.17401123046875,264.08416748046875,11.545928955078125,44.687042236328125
792,9,person,0,0.6450501084327698,382.04534912109375,249.3843994140625,15.2230224609375,34.623779296875
792,10,person,0,0.7471445202827454,290.7735595703125,285.53851318359375,18.837646484375,75.23670959472656
792,12,person,0,0.7852696776390076,361.37744140625,278.57952880859375,19.302703857421875,62.03546142578125
793,7,person,0,0.6471911072731018,350.7821044921875,263.7039794921875,10.90496826171875,43.759002685546875
793,9,person,0,0.6341232061386108,381.8671875,249.25921630859375,14.601837158203125,35.14790344238281
793,10,person,0,0.763205885887146,292.7379150390625,285.3002624511719,19.135498046875,75.11860656738281
793,12,person,0,0.7927951216697693,360.79150390625,278.29638671875,19.54071044921875,62.435089111328125
794,7,person,0,0.5317080616950989,351.1807861328125,263.1645812988281,10.17315673828125,42.66691589355469
794,9,person,0,0.577508807182312,382.193359375,249.351806640625,14.520355224609375,34.48072814941406
794,10,person,0,0.7978448867797852,294.38800048828125,285.0384521484375,19.908905029296875,74.50900268554688
794,12,person,0,0.7932122349739075,359.9371337890625,278.107177734375,20.1036376953125,62.62126159667969
795,7,person,0,0.26717397570610046,351.54534912109375,262.2073974609375,10.208404541015625,40.212615966796875
795,9,person,0,0.5022789835929871,382.51116943359375,248.98876953125,14.673583984375,35.13055419921875
795,10,person,0,0.6424915790557861,296.0393981933594,285.0518798828125,23.42913818359375,75.01054382324219
795,12,person,0,0.8216968774795532,358.95703125,278.2341613769531,22.191558837890625,62.55149841308594
796,7,person,0,0.3793792426586151,352.1578674316406,260.25238037109375,9.73101806640625,36.384796142578125
796,9,person,0,0.5274127721786499,382.4683532714844,249.28445434570312,14.36016845703125,34.46087646484375
796,10,person,0,0.5263726115226746,297.7132568359375,285.94622802734375,29.701202392578125,74.07267761230469
796,12,person,0,0.8075296878814697,358.89129638671875,278.431884765625,21.849639892578125,62.67864990234375
797,7,person,0,0.33292466402053833,352.9277038574219,256.53033447265625,9.75341796875,28.51885986328125
797,9,person,0,0.4281403720378876,382.3586120605469,248.82220458984375,14.68963623046875,34.55474853515625
797,10,person,0,0.7092406153678894,296.58306884765625,285.9005126953125,38.459075927734375,74.98837280273438
797,12,person,0,0.8017298579216003,358.38140869140625,278.70098876953125,22.082977294921875,63.63432312011719
798,9,person,0,0.4483456015586853,382.25323486328125,248.919677734375,14.37530517578125,33.66717529296875
798,10,person,0,0.5546791553497314,299.058837890625,285.9626159667969,39.598846435546875,75.143310546875
798,12,person,0,0.7865463495254517,358.34661865234375,277.8230895996094,22.417724609375,66.40666198730469
799,9,person,0,0.4280247986316681,382.131591796875,249.16127014160156,13.85186767578125,33.198944091796875
799,10,person,0,0.6239033937454224,298.742431640625,286.61248779296875,43.980438232421875,75.33084106445312
799,12,person,0,0.7645341753959656,358.1929626464844,277.4072265625,22.3841552734375,67.74398803710938
800,9,person,0,0.47250616550445557,381.8296813964844,249.62185668945312,13.30615234375,33.71995544433594
800,10,person,0,0.8383622169494629,301.46343994140625,286.5027770996094,39.8580322265625,75.30702209472656
800,12,person,0,0.7229267358779907,357.7353820800781,277.711669921875,19.663818359375,66.36392211914062
801,9,person,0,0.4592899680137634,381.85772705078125,250.73297119140625,13.090240478515625,32.3895263671875
801,10,person,0,0.8783146739006042,302.96673583984375,286.36407470703125,38.231414794921875,75.49942016601562
801,12,person,0,0.7463415861129761,357.510986328125,276.7464294433594,18.56304931640625,67.75079345703125
802,9,person,0,0.5348018407821655,381.9808044433594,250.53062438964844,13.13677978515625,33.068878173828125
802,10,person,0,0.8613216280937195,303.550537109375,286.1434326171875,36.85736083984375,75.06015014648438
802,12,person,0,0.7312209010124207,357.6934509277344,276.47265625,17.193359375,68.03619384765625
803,9,person,0,0.5624534487724304,381.98712158203125,250.18899536132812,13.021453857421875,33.04841613769531
803,10,person,0,0.8578115105628967,304.45745849609375,286.36285400390625,34.761871337890625,74.52902221679688
803,12,person,0,0.7374579906463623,358.36810302734375,277.139404296875,17.329345703125,66.73838806152344
804,9,person,0,0.5572354793548584,381.85174560546875,250.07290649414062,12.714630126953125,32.93730163574219
804,10,person,0,0.860787570476532,305.3339538574219,286.42071533203125,33.11810302734375,73.94113159179688
804,12,person,0,0.7342147827148438,357.89892578125,278.92425537109375,16.636871337890625,63.680084228515625
805,9,person,0,0.5270106196403503,381.7660217285156,250.15093994140625,12.30889892578125,32.30805969238281
805,10,person,0,0.869077742099762,306.35150146484375,286.4743957519531,31.5850830078125,73.70097351074219
805,12,person,0,0.6978855729103088,357.92657470703125,280.2761535644531,16.928009033203125,61.08598327636719
806,9,person,0,0.5619025230407715,381.77215576171875,250.24896240234375,12.078277587890625,31.381027221679688
806,10,person,0,0.870641827583313,307.5750732421875,286.19317626953125,29.281951904296875,74.34054565429688
806,12,person,0,0.5922887325286865,357.72528076171875,280.5191650390625,17.05108642578125,59.993072509765625
807,9,person,0,0.6127788424491882,381.75848388671875,250.4296112060547,12.257415771484375,31.797882080078125
807,10,person,0,0.8553673624992371,309.25213623046875,285.8994445800781,26.454925537109375,75.25384521484375
807,12,person,0,0.6141964793205261,356.4735107421875,280.4422607421875,15.230072021484375,60.522613525390625
808,9,person,0,0.4991498291492462,381.53509521484375,250.53125,11.719512939453125,30.9959716796875
808,10,person,0,0.8084433674812317,311.376220703125,285.50469970703125,23.494903564453125,75.88706970214844
808,12,person,0,0.6561850309371948,355.05133056640625,280.3702697753906,16.225677490234375,61.05799865722656
809,9,person,0,0.49036383628845215,381.48382568359375,250.39657592773438,11.453399658203125,30.487289428710938
809,10,person,0,0.7869154214859009,314.1802978515625,285.36773681640625,20.84442138671875,76.36366271972656
809,12,person,0,0.6584020256996155,354.2994384765625,279.6756896972656,16.7803955078125,62.38916015625
809,17,person,0,0.6852213144302368,365.54925537109375,265.4637756347656,16.311614990234375,47.58648681640625
810,9,person,0,0.5779162645339966,381.5548095703125,250.23162841796875,11.682830810546875,30.516433715820312
810,10,person,0,0.7927370071411133,317.1083679199219,285.49053955078125,18.01434326171875,76.20297241210938
810,12,person,0,0.7583617568016052,353.4942321777344,279.90179443359375,17.221923828125,61.694580078125
810,17,person,0,0.7357920408248901,366.4037780761719,265.5019226074219,16.14202880859375,47.84326171875
811,9,person,0,0.5050068497657776,381.48968505859375,249.1322021484375,12.076416015625,32.19364929199219
811,10,person,0,0.7844864726066589,319.2108154296875,285.10137939453125,19.334564208984375,76.16928100585938
811,12,person,0,0.7533136010169983,352.7027282714844,279.90264892578125,17.64459228515625,61.53594970703125
811,17,person,0,0.7632618546485901,366.4263000488281,266.1182861328125,15.2069091796875,49.00154113769531
812,9,person,0,0.4510989785194397,381.42608642578125,248.6406707763672,12.13677978515625,32.476837158203125
812,10,person,0,0.7680020332336426,321.11383056640625,285.002197265625,20.30438232421875,76.0794677734375
812,12,person,0,0.7518142461776733,351.8688659667969,279.893798828125,18.45880126953125,61.124755859375
812,17,person,0,0.7374077439308167,367.939208984375,266.13409423828125,16.721343994140625,49.33418273925781
813,9,person,0,0.4128994047641754,381.3284912109375,248.8281707763672,12.085784912109375,32.822418212890625
813,10,person,0,0.8254857659339905,323.58660888671875,284.8116455078125,23.537078857421875,76.40437316894531
813,12,person,0,0.8085641264915466,350.43017578125,279.9150085449219,20.878631591796875,60.37501525878906
813,17,person,0,0.7187268733978271,370.3175354003906,265.9810791015625,21.06695556640625,49.42695617675781
814,9,person,0,0.3997466266155243,381.05108642578125,248.4686279296875,11.34075927734375,30.711868286132812
814,10,person,0,0.8199282288551331,326.11590576171875,284.709716796875,27.7840576171875,76.90190124511719
814,12,person,0,0.8080734610557556,349.275146484375,279.8157958984375,23.151641845703125,60.28111267089844
814,17,person,0,0.7072690725326538,370.8734130859375,265.7122802734375,21.05157470703125,48.54289245605469
815,9,person,0,0.25606194138526917,380.6890563964844,248.86129760742188,10.8043212890625,30.90496826171875
815,10,person,0,0.8453234434127808,328.6103515625,285.106689453125,32.323883056640625,76.20979309082031
815,12,person,0,0.8327235579490662,348.67578125,279.8600158691406,24.406219482421875,60.21788024902344
815,17,person,0,0.7180256843566895,372.12042236328125,265.6201171875,22.635833740234375,48.484649658203125
816,9,person,0,0.16116863489151,380.7508850097656,248.5511474609375,10.11968994140625,27.679397583007812
816,10,person,0,0.8600125312805176,330.94793701171875,285.5089416503906,37.010986328125,75.23661804199219
816,12,person,0,0.8285852074623108,348.03131103515625,280.28863525390625,25.680450439453125,60.18659973144531
816,17,person,0,0.7514510154724121,371.6387634277344,265.7020263671875,21.24395751953125,48.39271545410156
817,10,person,0,0.8816936612129211,332.6562805175781,285.8818664550781,40.6241455078125,74.30354309082031
817,12,person,0,0.8100155591964722,347.9128723144531,280.39947509765625,26.0655517578125,60.396820068359375
817,17,person,0,0.7629605531692505,371.9557189941406,265.6403503417969,21.70343017578125,48.107666015625
818,10,person,0,0.8787733912467957,333.34130859375,285.9466857910156,42.093109130859375,74.35704040527344
818,12,person,0,0.770949125289917,349.444091796875,280.32080078125,22.88409423828125,60.967742919921875
818,17,person,0,0.749056339263916,371.16864013671875,265.4195556640625,19.548187255859375,47.81256103515625
819,10,person,0,0.876825749874115,333.75579833984375,286.4725341796875,42.905853271484375,73.38961791992188
819,12,person,0,0.7826548218727112,350.132568359375,280.4090270996094,22.52197265625,61.63740539550781
819,17,person,0,0.7541438341140747,371.3092041015625,265.3397216796875,19.236907958984375,47.736297607421875
820,10,person,0,0.8477352261543274,333.9552917480469,286.852294921875,42.34088134765625,73.08221435546875
820,12,person,0,0.7062656283378601,349.94921875,280.62139892578125,23.47039794921875,62.39604187011719
820,17,person,0,0.7338554859161377,371.17523193359375,265.6208801269531,17.47528076171875,47.3822021484375
821,10,person,0,0.8480619192123413,334.3563537597656,287.23883056640625,41.9361572265625,72.58619689941406
821,12,person,0,0.6616250872612,349.69921875,280.72509765625,22.657806396484375,62.596649169921875
821,17,person,0,0.7360274195671082,372.11163330078125,265.3348083496094,17.411468505859375,46.36103820800781
822,10,person,0,0.8420975804328918,335.0316467285156,287.64202880859375,40.958984375,72.08613586425781
822,12,person,0,0.5916644334793091,349.79779052734375,280.74993896484375,21.990936279296875,62.350006103515625
822,17,person,0,0.7087432146072388,373.0300598144531,265.32769775390625,17.44647216796875,46.70091247558594
823,10,person,0,0.8224043846130371,336.15606689453125,287.4269714355469,39.627044677734375,72.43809509277344
823,12,person,0,0.41361281275749207,349.74432373046875,280.6517333984375,20.380035400390625,62.116241455078125
823,17,person,0,0.746335506439209,375.2770690917969,265.3304443359375,20.57916259765625,47.02156066894531
824,10,person,0,0.8531480431556702,337.70330810546875,286.5202941894531,37.23614501953125,74.17274475097656
824,17,person,0,0.7477850914001465,376.2060546875,265.1048278808594,20.473114013671875,47.04093933105469
825,10,person,0,0.8471482992172241,339.6904296875,285.8291320800781,32.483917236328125,74.6314697265625
825,17,person,0,0.7361378073692322,376.4813537597656,264.9875793457031,19.31195068359375,47.1396484375
826,10,person,0,0.8573153018951416,341.7084655761719,285.3887939453125,28.24072265625,75.2127685546875
826,17,person,0,0.7546133399009705,377.32000732421875,264.7427062988281,19.838470458984375,47.58454895019531
827,10,person,0,0.8062893152236938,342.9288330078125,285.14703369140625,25.113433837890625,75.63188171386719
827,17,person,0,0.7586606740951538,378.4912109375,264.57794189453125,20.510162353515625,48.59712219238281
828,10,person,0,0.7826629281044006,345.3369140625,284.9671630859375,21.492767333984375,76.14834594726562
828,17,person,0,0.7622756361961365,379.1306457519531,264.4546203613281,21.0380859375,49.19404602050781
829,10,person,0,0.7472580075263977,348.093505859375,285.29376220703125,18.733062744140625,76.96804809570312
829,17,person,0,0.7551727294921875,379.60479736328125,264.2771301269531,21.103240966796875,49.00553894042969
830,10,person,0,0.7613746523857117,350.25482177734375,286.0152587890625,18.814971923828125,76.781005859375
830,17,person,0,0.7722200155258179,380.12060546875,263.9114074707031,20.01727294921875,47.53919982910156
830,12,person,0,0.7388354539871216,336.85833740234375,278.5626525878906,16.489593505859375,60.60292053222656
831,10,person,0,0.5237645506858826,352.42730712890625,285.7979431152344,19.197967529296875,75.03804016113281
831,17,person,0,0.7591065168380737,380.1564025878906,263.8398742675781,18.94366455078125,46.67494201660156
831,12,person,0,0.7401976585388184,335.8823547363281,278.48431396484375,17.6380615234375,60.152984619140625
832,10,person,0,0.826192319393158,355.0698547363281,285.7287292480469,23.8863525390625,77.04707336425781
832,17,person,0,0.7610139846801758,381.14007568359375,264.2706298828125,20.028167724609375,47.545074462890625
832,12,person,0,0.7485055923461914,335.18194580078125,278.58258056640625,18.696014404296875,59.52357482910156
833,10,person,0,0.7755308151245117,357.5677490234375,285.3630065917969,28.535980224609375,77.15385437011719
833,17,person,0,0.7597598433494568,381.91827392578125,264.3821105957031,20.139556884765625,47.8607177734375
833,12,person,0,0.7916059494018555,334.0145568847656,278.1457824707031,21.29742431640625,59.00798034667969
834,10,person,0,0.6649609804153442,360.32745361328125,285.2391357421875,34.42779541015625,76.25064086914062
834,17,person,0,0.7665550112724304,383.0401611328125,264.3230285644531,20.998870849609375,47.73884582519531
834,12,person,0,0.8128942251205444,333.03997802734375,277.8418884277344,23.089874267578125,58.3140869140625
835,10,person,0,0.8233460187911987,362.08575439453125,285.02978515625,37.509002685546875,76.12655639648438
835,17,person,0,0.7696573138237,383.4848327636719,264.6976013183594,21.13836669921875,46.9075927734375
835,12,person,0,0.823246955871582,332.161376953125,278.3683166503906,24.84173583984375,58.17643737792969
836,10,person,0,0.8683694005012512,363.1527404785156,285.44781494140625,40.06134033203125,75.84732055664062
836,17,person,0,0.7816809415817261,383.64813232421875,264.9845886230469,20.7269287109375,46.2215576171875
836,12,person,0,0.8324066400527954,331.5174255371094,278.7518615722656,25.2874755859375,57.97642517089844
837,10,person,0,0.8579530119895935,363.7245178222656,285.8536376953125,41.58245849609375,75.81198120117188
837,17,person,0,0.7747164368629456,383.3863525390625,264.73577880859375,20.32049560546875,46.82269287109375
837,12,person,0,0.8159931898117065,331.3374938964844,279.0454406738281,25.9232177734375,58.73712158203125
838,10,person,0,0.8616359829902649,364.4105224609375,285.988525390625,42.42608642578125,76.12461853027344
838,17,person,0,0.7600904107093811,383.4313659667969,264.5871276855469,19.87420654296875,47.42277526855469
838,12,person,0,0.8202570676803589,331.6044921875,279.05914306640625,26.53948974609375,59.020721435546875
839,10,person,0,0.8673402667045593,364.8635559082031,286.1905517578125,42.53582763671875,75.86906433105469
839,17,person,0,0.7458056211471558,383.55072021484375,264.96295166015625,19.5045166015625,46.40354919433594
839,12,person,0,0.7848226428031921,331.17559814453125,278.9566345214844,26.263580322265625,58.87052917480469
840,10,person,0,0.8504592776298523,365.22747802734375,286.3420715332031,41.847381591796875,75.18695068359375
840,17,person,0,0.738157331943512,383.704345703125,263.2696838378906,18.883544921875,49.29762268066406
840,12,person,0,0.8093370795249939,330.7294921875,278.3788146972656,25.531585693359375,58.8421630859375
841,10,person,0,0.8664624691009521,365.591796875,286.54156494140625,41.366180419921875,74.42233276367188
841,17,person,0,0.7485758066177368,384.74114990234375,263.746826171875,17.99346923828125,47.885894775390625
841,12,person,0,0.8223435282707214,329.8395080566406,278.12103271484375,24.39068603515625,58.670379638671875
842,10,person,0,0.86197429895401,366.2408752441406,286.4095764160156,40.38665771484375,74.29084777832031
842,17,person,0,0.7045542001724243,385.53155517578125,264.05517578125,16.65625,46.751983642578125
842,12,person,0,0.814457356929779,329.1753845214844,277.5802307128906,22.9451904296875,58.78465270996094
843,10,person,0,0.8585127592086792,367.054931640625,286.43115234375,39.122406005859375,74.10931396484375
843,17,person,0,0.746712863445282,386.0257263183594,263.95965576171875,15.86871337890625,46.71563720703125
843,12,person,0,0.8148413896560669,327.96368408203125,277.0207824707031,22.26544189453125,59.09283447265625
844,10,person,0,0.8509567975997925,368.55145263671875,286.0482177734375,36.30841064453125,75.01789855957031
844,17,person,0,0.7269890904426575,386.55023193359375,263.5276184082031,15.722564697265625,47.97657775878906
844,12,person,0,0.7890235185623169,326.5572509765625,276.48748779296875,21.7418212890625,59.158477783203125
845,10,person,0,0.8468574285507202,370.4192810058594,285.94415283203125,32.33660888671875,75.64228820800781
845,17,person,0,0.6986656188964844,387.2357177734375,263.68975830078125,14.636138916015625,47.235504150390625
845,12,person,0,0.7830386161804199,325.22607421875,276.7315979003906,22.45001220703125,58.54998779296875
846,10,person,0,0.8485751152038574,372.341552734375,286.36016845703125,28.35009765625,75.35714721679688
846,17,person,0,0.7443163990974426,387.5196838378906,263.9830322265625,13.88372802734375,46.54412841796875
846,12,person,0,0.7672935128211975,324.2864685058594,276.38262939453125,22.7353515625,59.06315612792969
847,10,person,0,0.8138619065284729,374.3929443359375,285.7462158203125,24.941558837890625,76.1790771484375
847,17,person,0,0.702793300151825,387.9968566894531,263.83843994140625,12.76007080078125,45.838104248046875
847,12,person,0,0.7777961492538452,324.71759033203125,276.1905822753906,21.529693603515625,59.02006530761719
848,10,person,0,0.767033576965332,377.40679931640625,285.976806640625,22.35797119140625,74.86651611328125
848,17,person,0,0.7582598328590393,388.629150390625,263.2034912109375,13.18756103515625,46.38981628417969
848,12,person,0,0.7783075571060181,324.4664611816406,274.3544616699219,21.15814208984375,62.13490295410156
849,10,person,0,0.7806500792503357,380.01666259765625,285.73724365234375,19.735565185546875,74.52835083007812
849,17,person,0,0.6762652397155762,389.2845153808594,263.25567626953125,13.910400390625,47.25056457519531
849,12,person,0,0.7226288914680481,324.2371826171875,272.92352294921875,21.8372802734375,64.43777465820312
850,10,person,0,0.8035452961921692,382.2379150390625,286.4315490722656,20.07861328125,73.20112609863281
850,17,person,0,0.5476762652397156,390.3052673339844,262.844482421875,14.2705078125,46.74797058105469
850,12,person,0,0.8132106065750122,322.88812255859375,274.33978271484375,21.613677978515625,61.0281982421875
851,10,person,0,0.8232915997505188,383.59320068359375,285.2625732421875,20.967071533203125,75.25503540039062
851,17,person,0,0.6984750628471375,390.90997314453125,261.7270812988281,13.048370361328125,44.53843688964844
851,12,person,0,0.8065779805183411,322.11993408203125,275.0322265625,20.30816650390625,59.75447082519531
852,10,person,0,0.8249912858009338,385.2305908203125,284.85845947265625,23.330657958984375,75.72215270996094
852,17,person,0,0.6160296201705933,391.6441650390625,260.60302734375,12.968719482421875,40.455902099609375
852,12,person,0,0.8244859576225281,321.653076171875,275.5489196777344,20.06170654296875,59.31153869628906
853,10,person,0,0.7923790812492371,387.01055908203125,284.66888427734375,26.773406982421875,76.33099365234375
853,17,person,0,0.4595390558242798,393.31622314453125,260.767822265625,12.068084716796875,39.94879150390625
853,12,person,0,0.8061292767524719,321.1310119628906,275.8096008300781,21.81182861328125,59.10565185546875
854,10,person,0,0.8538337349891663,388.4940185546875,284.77459716796875,30.1143798828125,76.51260375976562
854,17,person,0,0.3642720878124237,394.35797119140625,260.59454345703125,11.145172119140625,39.782562255859375
854,12,person,0,0.7844213247299194,320.6866455078125,275.8968505859375,23.180633544921875,59.049560546875
855,10,person,0,0.8587687015533447,389.5395202636719,285.1689147949219,32.9197998046875,75.71527099609375
855,17,person,0,0.42591509222984314,394.90496826171875,259.3555908203125,10.654205322265625,36.900909423828125
855,12,person,0,0.7897049784660339,320.02716064453125,275.9497985839844,24.1771240234375,59.43257141113281
856,10,person,0,0.8740472197532654,390.419921875,285.76983642578125,34.5386962890625,74.60322570800781
856,17,person,0,0.20726437866687775,395.065185546875,259.2325744628906,9.602874755859375,35.43550109863281
856,12,person,0,0.7763079404830933,320.03680419921875,275.7655029296875,23.664581298828125,59.65521240234375
856,9,person,0,0.5329291224479675,380.5661926269531,244.1739501953125,10.3441162109375,26.875717163085938
857,10,person,0,0.8837432861328125,391.07244873046875,285.4446716308594,34.986083984375,74.93145751953125
857,12,person,0,0.7844222784042358,319.2061462402344,275.09173583984375,23.8968505859375,59.204010009765625
857,9,person,0,0.590009868144989,380.4134521484375,244.1856231689453,10.42431640625,27.026641845703125
858,10,person,0,0.8738086223602295,391.396484375,285.2071838378906,35.082855224609375,75.40135192871094
858,12,person,0,0.7868497371673584,318.42034912109375,274.8346862792969,22.82403564453125,58.65184020996094
858,9,person,0,0.6086646914482117,380.364990234375,243.79249572753906,10.605255126953125,26.744964599609375
858,19,person,0,0.6180118918418884,329.35455322265625,248.8264923095703,13.024566650390625,42.788665771484375
859,10,person,0,0.8678607940673828,391.660888671875,285.0900573730469,34.70025634765625,75.2611083984375
859,12,person,0,0.7923252582550049,318.669921875,274.1916198730469,23.64764404296875,57.70042419433594
859,9,person,0,0.6540104746818542,380.3614196777344,243.79782104492188,10.545166015625,27.345138549804688
859,19,person,0,0.6917092800140381,329.5855712890625,247.97799682617188,13.1141357421875,43.51185607910156
860,10,person,0,0.8562933802604675,392.27294921875,284.35894775390625,33.608245849609375,76.62895202636719
860,12,person,0,0.8064817190170288,318.30841064453125,273.8557434082031,23.02392578125,57.51643371582031
860,9,person,0,0.6387591361999512,380.4575500488281,243.83010864257812,10.55401611328125,27.363418579101562
860,19,person,0,0.6592320799827576,330.259765625,248.63339233398438,12.524261474609375,41.90771484375
861,10,person,0,0.8194634318351746,393.2194519042969,283.786865234375,31.86737060546875,79.35256958007812
861,12,person,0,0.8130612373352051,318.10479736328125,273.4706115722656,23.105804443359375,56.98344421386719
861,9,person,0,0.5955679416656494,380.5877685546875,243.84945678710938,10.790924072265625,27.00787353515625
861,19,person,0,0.7062972784042358,330.93475341796875,248.56761169433594,13.300628662109375,42.625640869140625
862,10,person,0,0.7974201440811157,394.593505859375,285.3090515136719,29.839752197265625,76.8333740234375
862,12,person,0,0.8024333715438843,317.70166015625,273.4640197753906,21.847015380859375,56.8302001953125
862,9,person,0,0.6173785924911499,380.50634765625,243.74073791503906,10.8087158203125,27.110565185546875
862,19,person,0,0.7288035154342651,331.2643127441406,248.7093505859375,13.51434326171875,42.65592956542969
863,10,person,0,0.8025351762771606,396.2706298828125,283.04376220703125,26.941375732421875,78.96310424804688
863,12,person,0,0.8063454627990723,317.343505859375,273.39190673828125,21.127227783203125,56.780242919921875
863,9,person,0,0.5888847708702087,380.49969482421875,243.6393280029297,10.859161376953125,26.870452880859375
863,19,person,0,0.7225996255874634,331.35345458984375,248.57711791992188,13.862579345703125,42.60516357421875
864,10,person,0,0.8002430200576782,398.0696716308594,282.1098937988281,23.8092041015625,80.05232238769531
864,12,person,0,0.8131656646728516,316.5732421875,273.2246398925781,19.963653564453125,56.80769348144531
864,9,person,0,0.5907683968544006,380.49554443359375,243.7261962890625,10.619293212890625,26.71490478515625
864,19,person,0,0.7241899967193604,331.59991455078125,248.2353057861328,13.995269775390625,43.265106201171875
865,10,person,0,0.7493246793746948,400.02239990234375,282.25555419921875,22.527587890625,78.76138305664062
865,12,person,0,0.8169467449188232,316.0657958984375,273.0742492675781,19.637939453125,56.72198486328125
865,9,person,0,0.5863956809043884,380.46783447265625,243.84608459472656,10.300384521484375,26.186431884765625
865,19,person,0,0.7342384457588196,331.87298583984375,248.2415008544922,13.921966552734375,42.764495849609375
866,10,person,0,0.7326439619064331,402.42034912109375,284.1343994140625,21.489837646484375,74.33895874023438
866,12,person,0,0.8124457001686096,315.4835510253906,272.79376220703125,19.697265625,56.28497314453125
866,9,person,0,0.4891062080860138,380.4945983886719,244.27456665039062,9.61285400390625,25.002120971679688
866,19,person,0,0.7524329423904419,332.29705810546875,248.76388549804688,13.22503662109375,41.46833801269531
867,10,person,0,0.641711413860321,405.15057373046875,285.1520690917969,21.130462646484375,72.19166564941406
867,12,person,0,0.8154398202896118,314.6385498046875,272.6837158203125,20.571197509765625,55.994476318359375
867,9,person,0,0.5111780762672424,380.4537658691406,244.77072143554688,9.33660888671875,23.431503295898438
867,19,person,0,0.7217268943786621,332.4429931640625,249.02792358398438,12.85223388671875,40.27287292480469
867,17,person,0,0.7439250946044922,395.81475830078125,262.76605224609375,13.36419677734375,44.94342041015625
868,10,person,0,0.7752636671066284,406.7277526855469,285.5490417480469,21.20172119140625,72.00395202636719
868,12,person,0,0.8040180206298828,314.07110595703125,272.7596435546875,20.461883544921875,55.816375732421875
868,9,person,0,0.4748077392578125,380.3608703613281,244.79705810546875,9.1605224609375,22.40087890625
868,19,person,0,0.7001533508300781,333.1091613769531,249.39801025390625,12.018798828125,39.02943420410156
868,17,person,0,0.7643758654594421,396.3580322265625,263.1083679199219,13.289581298828125,45.57957458496094
869,10,person,0,0.7824777960777283,408.2723083496094,285.74017333984375,23.300048828125,71.66934204101562
869,12,person,0,0.8096879124641418,313.7618408203125,272.988037109375,20.073089599609375,56.03651428222656
869,9,person,0,0.4583419859409332,380.3459167480469,244.69088745117188,9.23919677734375,21.927841186523438
869,19,person,0,0.6886152625083923,333.20819091796875,249.48464965820312,11.720306396484375,39.15931701660156
869,17,person,0,0.7915098071098328,396.69073486328125,263.2752685546875,14.084625244140625,45.79034423828125
870,10,person,0,0.8008532524108887,409.86834716796875,285.0825500488281,23.989105224609375,72.3470458984375
870,12,person,0,0.7996188402175903,313.27545166015625,272.92388916015625,19.327728271484375,55.671478271484375
870,9,person,0,0.3523501753807068,380.3589782714844,244.59814453125,9.2445068359375,20.823898315429688
870,19,person,0,0.6521103382110596,333.00469970703125,249.46678161621094,12.180206298828125,39.762908935546875
870,17,person,0,0.7905950546264648,397.42987060546875,263.2079772949219,14.286285400390625,45.89595031738281
871,10,person,0,0.8096992373466492,412.39495849609375,284.8135986328125,26.966796875,72.58573913574219
871,12,person,0,0.7917526960372925,312.87896728515625,272.8565673828125,18.674407958984375,55.862396240234375
871,9,person,0,0.42556944489479065,380.309814453125,244.65255737304688,9.020599365234375,20.412338256835938
871,19,person,0,0.6228680610656738,333.1305236816406,249.4503631591797,11.9283447265625,39.663970947265625
871,17,person,0,0.7820909023284912,397.67645263671875,263.3194580078125,14.608673095703125,46.155548095703125
872,10,person,0,0.8288425207138062,414.3927001953125,284.8698425292969,29.591522216796875,72.14009094238281
872,12,person,0,0.7948172092437744,312.26031494140625,272.7181396484375,18.284637451171875,55.96293640136719
872,9,person,0,0.39786311984062195,380.239013671875,244.61917114257812,8.648468017578125,18.932876586914062
872,19,person,0,0.5719932913780212,333.44830322265625,249.51864624023438,11.32080078125,38.71209716796875
872,17,person,0,0.7846492528915405,398.52532958984375,263.3501892089844,15.615875244140625,46.35504150390625
873,10,person,0,0.7009693384170532,415.78173828125,284.78662109375,31.777618408203125,71.6300048828125
873,12,person,0,0.7578119039535522,311.8731689453125,272.5541687011719,18.1417236328125,56.15272521972656
873,9,person,0,0.3910600244998932,380.1669921875,244.7069091796875,8.2913818359375,18.984756469726562
873,19,person,0,0.5768564939498901,333.5447082519531,249.42745971679688,11.322265625,38.265869140625
873,17,person,0,0.7654848098754883,399.16455078125,263.3167724609375,16.183990478515625,46.29026794433594
874,10,person,0,0.785976231098175,416.7154235839844,285.41436767578125,32.82720947265625,70.62464904785156
874,12,person,0,0.6669294834136963,311.41552734375,272.16656494140625,18.651123046875,56.246612548828125
874,9,person,0,0.3687484860420227,380.091796875,244.1995849609375,7.980255126953125,17.782989501953125
874,19,person,0,0.6428054571151733,333.743896484375,249.4093017578125,11.192047119140625,37.90174865722656
874,17,person,0,0.7598874568939209,399.7966613769531,263.21240234375,16.65655517578125,46.004852294921875
875,10,person,0,0.48695656657218933,417.0284423828125,285.4851989746094,34.461700439453125,72.69630432128906
875,12,person,0,0.751873791217804,311.1898193359375,271.82379150390625,19.208648681640625,55.962493896484375
875,9,person,0,0.38421162962913513,380.0001220703125,244.19216918945312,7.713134765625,17.098068237304688
875,19,person,0,0.6650108695030212,334.04400634765625,249.52197265625,10.98687744140625,37.66233825683594
875,17,person,0,0.7439911961555481,400.02032470703125,262.99700927734375,16.295318603515625,45.45420837402344
876,10,person,0,0.7450985908508301,417.6023864746094,285.0801086425781,34.3665771484375,72.01481628417969
876,12,person,0,0.7664451003074646,310.5506286621094,271.35748291015625,19.0814208984375,55.856597900390625
876,9,person,0,0.33472704887390137,379.69586181640625,244.0595245361328,7.625244140625,16.3902587890625
876,19,person,0,0.6858596205711365,334.26959228515625,249.73388671875,10.7005615234375,37.69480895996094
876,17,person,0,0.76555997133255,400.249267578125,263.08526611328125,17.0653076171875,45.274871826171875
877,10,person,0,0.8144744038581848,418.2812194824219,284.51983642578125,34.3306884765625,72.62191772460938
877,12,person,0,0.7794495820999146,309.98968505859375,270.8863525390625,18.946441650390625,55.83805847167969
877,9,person,0,0.36073771119117737,379.09130859375,244.56166076660156,8.452423095703125,17.008819580078125
877,19,person,0,0.7243320941925049,334.4756774902344,249.7813720703125,10.5335693359375,37.47666931152344
877,17,person,0,0.7659390568733215,400.7034606933594,263.1296081542969,17.6754150390625,45.09230041503906
878,10,person,0,0.7994592785835266,418.43109130859375,284.2718811035156,33.93133544921875,72.86473083496094
878,12,person,0,0.7890549898147583,309.6641845703125,270.6383056640625,18.64678955078125,56.04217529296875
878,9,person,0,0.3331102132797241,378.75408935546875,244.32794189453125,9.10498046875,17.18389892578125
878,19,person,0,0.7291901707649231,334.4879150390625,249.69320678710938,10.550201416015625,37.22773742675781
878,17,person,0,0.7737566232681274,401.08807373046875,262.6980895996094,18.711944580078125,45.38359069824219
879,10,person,0,0.8248101472854614,419.09234619140625,284.0831298828125,33.9996337890625,72.708984375
879,12,person,0,0.7924344539642334,309.6208190917969,270.6370544433594,18.33929443359375,56.01641845703125
879,9,person,0,0.29856425523757935,378.56256103515625,244.81521606445312,9.62005615234375,17.752578735351562
879,19,person,0,0.7112511396408081,334.5172119140625,249.62081909179688,10.66021728515625,37.49186706542969
879,17,person,0,0.7761207222938538,401.3429870605469,262.35101318359375,19.572998046875,45.753143310546875
880,10,person,0,0.8632004857063293,419.5696105957031,284.28179931640625,33.810791015625,72.00885009765625
880,12,person,0,0.781920850276947,309.73321533203125,270.65911865234375,18.134185791015625,56.01988220214844
880,9,person,0,0.357856422662735,378.63885498046875,244.79403686523438,9.93914794921875,19.398361206054688
880,19,person,0,0.687465250492096,334.5098876953125,249.66229248046875,10.722259521484375,37.55046081542969
880,17,person,0,0.7874283194541931,402.2375793457031,261.8486328125,19.56158447265625,46.479278564453125
881,10,person,0,0.8687856197357178,420.0177001953125,284.0247802734375,33.240386962890625,72.42765808105469
881,12,person,0,0.7820605039596558,309.87860107421875,270.62823486328125,18.109832763671875,55.533599853515625
881,9,person,0,0.3186081349849701,378.3498229980469,245.02438354492188,10.36187744140625,19.691421508789062
881,19,person,0,0.724793016910553,334.45928955078125,249.46942138671875,10.9193115234375,37.46978759765625
881,17,person,0,0.7695148587226868,403.1337890625,261.78424072265625,18.568359375,46.290740966796875
882,10,person,0,0.8722894787788391,420.73944091796875,283.65240478515625,32.15472412109375,72.82904052734375
882,12,person,0,0.7779218554496765,310.1937561035156,270.7448425292969,18.099365234375,55.41984558105469
882,9,person,0,0.37466543912887573,378.12457275390625,244.7984161376953,10.080596923828125,20.004974365234375
882,19,person,0,0.728570282459259,334.39764404296875,249.50079345703125,10.918060302734375,37.69158935546875
882,17,person,0,0.7693294286727905,403.9762878417969,261.4288635253906,17.21368408203125,46.42414855957031
883,10,person,0,0.867358922958374,422.0685729980469,283.4577941894531,30.75677490234375,73.09513854980469
883,12,person,0,0.7711405754089355,310.8258056640625,270.9408874511719,18.1995849609375,55.13285827636719
883,9,person,0,0.4438845217227936,377.9034118652344,244.77285766601562,10.09197998046875,20.3660888671875
883,19,person,0,0.7488038539886475,334.37652587890625,249.61636352539062,11.077880859375,37.73585510253906
883,17,person,0,0.7629804015159607,404.5325622558594,260.927734375,16.5628662109375,46.77030944824219
884,10,person,0,0.8497613072395325,423.43109130859375,283.2817077636719,28.82098388671875,73.24046325683594
884,12,person,0,0.7386375665664673,311.15362548828125,271.13330078125,17.970794677734375,54.67274475097656
884,9,person,0,0.4081462323665619,377.5888366699219,244.43218994140625,9.8585205078125,20.164276123046875
884,19,person,0,0.7291432619094849,334.379638671875,249.62155151367188,11.253936767578125,37.8580322265625
884,17,person,0,0.7662743330001831,404.81671142578125,261.2020263671875,15.559112548828125,45.81231689453125
885,10,person,0,0.8540535569190979,425.53680419921875,283.1015625,27.869659423828125,73.42428588867188
885,12,person,0,0.7449333667755127,311.6062927246094,271.49932861328125,18.37823486328125,54.596771240234375
885,9,person,0,0.4032193720340729,377.09149169921875,243.7474365234375,9.711822509765625,19.01947021484375
885,19,person,0,0.7380751371383667,334.4933776855469,249.54598999023438,11.3939208984375,37.85728454589844
885,17,person,0,0.7613525986671448,404.92681884765625,260.8874206542969,14.304656982421875,45.47718811035156
886,10,person,0,0.8651410341262817,427.97515869140625,283.0159912109375,25.964752197265625,73.31710815429688
886,12,person,0,0.7321484088897705,312.3171691894531,271.5161437988281,18.8948974609375,54.29423522949219
886,9,person,0,0.4392412006855011,377.03485107421875,244.2693328857422,10.025177001953125,20.8507080078125
886,19,person,0,0.746239423751831,334.6053466796875,249.53384399414062,11.619903564453125,37.82330322265625
886,17,person,0,0.7680984735488892,405.0933837890625,260.6638488769531,14.46319580078125,46.14756774902344
887,10,person,0,0.8657882809638977,430.10845947265625,282.8800354003906,26.18182373046875,73.85009765625
887,12,person,0,0.6653268933296204,312.3084716796875,266.4219970703125,17.40972900390625,43.357513427734375
887,9,person,0,0.34116652607917786,376.7474365234375,244.3256072998047,9.97540283203125,21.68939208984375
887,19,person,0,0.7452754378318787,334.46783447265625,249.54302978515625,11.6141357421875,37.46380615234375
887,17,person,0,0.7732804417610168,405.4974060058594,260.71209716796875,14.7691650390625,45.39141845703125
888,10,person,0,0.8648726940155029,430.9287109375,282.85772705078125,26.21551513671875,73.84477233886719
888,12,person,0,0.6438488364219666,312.519287109375,268.928466796875,18.18310546875,50.10626220703125
888,9,person,0,0.16526289284229279,376.2386474609375,243.84262084960938,9.926361083984375,22.506500244140625
888,19,person,0,0.7575843930244446,334.2961730957031,249.65411376953125,11.85235595703125,37.61241149902344
888,17,person,0,0.7824169397354126,405.9690246582031,260.6957702636719,14.8411865234375,45.49293518066406
889,10,person,0,0.8501709699630737,431.93096923828125,282.7417907714844,27.33441162109375,74.20207214355469
889,12,person,0,0.7058892250061035,312.72528076171875,269.9931945800781,18.117034912109375,52.81044006347656
889,19,person,0,0.7545155882835388,333.9693908691406,249.47767639160156,12.020263671875,37.310882568359375
889,17,person,0,0.7925549149513245,406.387939453125,260.7895812988281,15.141845703125,45.6109619140625
890,10,person,0,0.8499488234519958,433.11444091796875,282.6286926269531,28.119842529296875,74.37062072753906
890,12,person,0,0.6268726587295532,313.2439880371094,265.3287353515625,17.06536865234375,43.833038330078125
890,19,person,0,0.7643933892250061,333.96771240234375,249.37765502929688,11.803375244140625,37.57566833496094
890,17,person,0,0.809769868850708,406.55731201171875,260.7869567871094,15.323394775390625,45.38240051269531
891,10,person,0,0.8417350649833679,433.7430419921875,282.4481506347656,28.813262939453125,75.13121032714844
891,12,person,0,0.6603174209594727,313.5037841796875,262.9438781738281,16.51690673828125,39.82130432128906
891,19,person,0,0.7592887282371521,333.5915832519531,249.0956573486328,12.13525390625,37.190399169921875
891,17,person,0,0.806087076663971,406.7580871582031,260.702880859375,15.4288330078125,45.085784912109375
892,10,person,0,0.8504741191864014,434.32916259765625,282.2615051269531,29.3223876953125,74.8079833984375
892,12,person,0,0.7871526479721069,313.589599609375,266.99273681640625,17.059234619140625,48.991180419921875
892,19,person,0,0.7347643971443176,333.30853271484375,248.846435546875,12.4844970703125,36.96092224121094
892,17,person,0,0.8038687705993652,406.90283203125,260.5907897949219,15.481719970703125,44.77705383300781
893,10,person,0,0.8573307991027832,435.05731201171875,282.2184753417969,29.334930419921875,74.99259948730469
893,12,person,0,0.7970842123031616,314.04302978515625,268.107666015625,18.05999755859375,51.843109130859375
893,19,person,0,0.7483465671539307,333.53717041015625,248.87254333496094,11.71240234375,37.243560791015625
893,17,person,0,0.796147346496582,406.95343017578125,260.4471740722656,15.416900634765625,44.64390563964844
894,10,person,0,0.8527905344963074,435.1415100097656,282.1856689453125,29.47998046875,74.98133850097656
894,12,person,0,0.7839778065681458,314.39447021484375,268.42987060546875,18.415557861328125,52.99128723144531
894,19,person,0,0.7678440809249878,333.48553466796875,248.88937377929688,11.560516357421875,37.27177429199219
894,17,person,0,0.7958758473396301,406.94110107421875,260.33673095703125,15.186370849609375,44.61488342285156
895,10,person,0,0.8578267693519592,435.2647399902344,282.28118896484375,29.5274658203125,74.6728515625
895,12,person,0,0.7921902537345886,314.838134765625,268.5307922363281,18.53436279296875,53.47605895996094
895,19,person,0,0.7688643932342529,333.6391296386719,248.93386840820312,10.97735595703125,37.40863037109375
895,17,person,0,0.7966180443763733,406.8140869140625,260.3951416015625,15.03253173828125,44.533905029296875
896,10,person,0,0.8572291731834412,435.3815002441406,282.3960876464844,29.07647705078125,74.37428283691406
896,12,person,0,0.8151376843452454,315.31805419921875,268.66192626953125,18.416107177734375,53.849212646484375
896,19,person,0,0.7561182975769043,333.60595703125,248.9365692138672,10.715606689453125,37.714508056640625
896,17,person,0,0.7882656455039978,406.703125,260.4194030761719,14.892303466796875,44.56697082519531
897,10,person,0,0.8594357967376709,435.58367919921875,282.4896545410156,28.981475830078125,74.11512756347656
897,12,person,0,0.8251683115959167,315.54498291015625,268.7188720703125,18.199371337890625,53.63252258300781
897,19,person,0,0.7278517484664917,333.47003173828125,248.7781982421875,10.4810791015625,37.76927185058594
897,17,person,0,0.7867195010185242,406.6396484375,260.3824462890625,14.950775146484375,44.647735595703125
898,10,person,0,0.8528485298156738,435.58782958984375,282.54412841796875,28.730010986328125,74.21221923828125
898,12,person,0,0.8151853680610657,315.64263916015625,268.84747314453125,18.088104248046875,53.65794372558594
898,19,person,0,0.7052432894706726,333.37860107421875,248.64151000976562,10.43115234375,37.57615661621094
898,17,person,0,0.7814649939537048,406.586669921875,260.49908447265625,14.928192138671875,44.39143371582031
899,10,person,0,0.8520129919052124,435.71282958984375,282.6030578613281,28.202789306640625,73.91571044921875
899,12,person,0,0.8206040859222412,315.6057434082031,268.8651123046875,17.9918212890625,53.571990966796875
899,19,person,0,0.7030137181282043,333.27880859375,248.68531799316406,10.18878173828125,37.397369384765625
899,17,person,0,0.7804864048957825,406.5313720703125,260.36041259765625,14.820159912109375,44.136444091796875
899,9,person,0,0.5299314856529236,369.3721923828125,237.23202514648438,10.200897216796875,25.098098754882812
900,10,person,0,0.833014726638794,435.15643310546875,282.7783508300781,26.608245849609375,73.83428955078125
900,12,person,0,0.8226455450057983,315.58697509765625,268.8580322265625,18.006988525390625,53.583953857421875
900,19,person,0,0.6601818203926086,333.0518493652344,248.37840270996094,10.332275390625,37.127227783203125
900,17,person,0,0.7787255644798279,406.390380859375,260.0932922363281,14.5452880859375,44.040283203125
900,9,person,0,0.3954966366291046,368.413818359375,237.197509765625,10.959991455078125,23.900802612304688
901,10,person,0,0.8446946144104004,434.8069763183594,282.7895812988281,25.897216796875,73.55543518066406
901,12,person,0,0.8180665373802185,315.42333984375,268.8368225097656,17.88580322265625,53.19596862792969
901,19,person,0,0.6830764412879944,332.7635498046875,248.16390991210938,10.891876220703125,36.97833251953125
901,17,person,0,0.7620251178741455,406.3025207519531,259.9530944824219,14.37200927734375,44.1558837890625
901,9,person,0,0.5285992622375488,367.78863525390625,236.77423095703125,11.180267333984375,24.442474365234375
902,10,person,0,0.8293389678001404,434.5789794921875,282.43341064453125,25.578155517578125,72.65562438964844
902,12,person,0,0.8128401637077332,315.348388671875,268.7769775390625,17.939453125,52.79840087890625
902,19,person,0,0.5832123756408691,332.6542663574219,248.13829040527344,10.9259033203125,37.235321044921875
902,17,person,0,0.769158124923706,406.17047119140625,260.1783447265625,14.2213134765625,43.53178405761719
902,9,person,0,0.5082681179046631,366.94061279296875,236.529052734375,11.91650390625,24.71771240234375
903,10,person,0,0.8281461000442505,434.48583984375,281.6544189453125,25.36322021484375,71.17816162109375
903,12,person,0,0.8078567981719971,315.0821533203125,268.5520935058594,18.178955078125,52.23231506347656
903,19,person,0,0.6068461537361145,332.4441223144531,248.19927978515625,11.2794189453125,37.180908203125
903,17,person,0,0.7702628970146179,406.0033874511719,260.1209411621094,14.22943115234375,43.12120056152344
903,9,person,0,0.6092026829719543,366.3197326660156,236.37689208984375,11.80413818359375,24.107528686523438
904,10,person,0,0.8139146566390991,434.56231689453125,280.968994140625,25.329986572265625,69.96682739257812
904,12,person,0,0.7921929359436035,314.9026184082031,268.1528625488281,18.22412109375,51.74208068847656
904,19,person,0,0.4448539912700653,332.02490234375,248.40110778808594,11.785369873046875,36.966094970703125
904,17,person,0,0.767889678478241,405.8143310546875,260.28265380859375,14.34320068359375,42.49989318847656
904,9,person,0,0.5671665072441101,365.71923828125,236.30685424804688,12.059051513671875,23.472854614257812
905,10,person,0,0.8248746395111084,434.4887390136719,279.9742736816406,25.10540771484375,68.59577941894531
905,12,person,0,0.785407304763794,314.63385009765625,267.6954345703125,17.656280517578125,51.799652099609375
905,17,person,0,0.7666347622871399,405.8214416503906,260.0252685546875,14.402099609375,42.86000061035156
905,9,person,0,0.47613146901130676,364.6344299316406,236.44198608398438,11.98980712890625,23.300521850585938
906,10,person,0,0.846754252910614,434.7060241699219,278.9360046386719,25.3778076171875,66.80018615722656
906,12,person,0,0.7970679998397827,314.34307861328125,266.998046875,17.281402587890625,51.06361389160156
906,17,person,0,0.7737552523612976,405.8690490722656,259.6824645996094,14.556396484375,43.15028381347656
906,9,bicycle,1,0.5080673694610596,362.778076171875,239.98388671875,16.412445068359375,20.229934692382812
907,10,person,0,0.8420676589012146,434.7962646484375,279.34039306640625,25.377777099609375,68.16189575195312
907,12,person,0,0.7816656231880188,314.3976135253906,266.489990234375,17.03509521484375,50.435699462890625
907,17,person,0,0.7629418969154358,405.811279296875,259.8382568359375,14.397247314453125,42.74169921875
907,9,bicycle,1,0.5234038829803467,362.21856689453125,242.15765380859375,19.275909423828125,17.030181884765625
908,10,person,0,0.8382929563522339,434.58001708984375,279.41632080078125,25.01739501953125,68.78755187988281
908,12,person,0,0.7692570090293884,314.5247802734375,266.52105712890625,16.666473388671875,51.581817626953125
908,17,person,0,0.7533605694770813,405.74334716796875,260.0182800292969,14.339202880859375,42.88581848144531
908,9,person,0,0.5165518522262573,361.595703125,238.44894409179688,15.285736083984375,22.824432373046875
909,10,person,0,0.8274205327033997,434.53564453125,279.6486511230469,24.848236083984375,69.60997009277344
909,12,person,0,0.7676455974578857,314.66436767578125,266.3306579589844,16.463653564453125,52.34175109863281
909,17,person,0,0.7681358456611633,405.67462158203125,260.11688232421875,14.319580078125,42.8079833984375
909,9,person,0,0.5209647417068481,360.7832946777344,237.52056884765625,12.62017822265625,24.208099365234375
909,19,person,0,0.5333613753318787,330.7708740234375,248.10897827148438,12.08111572265625,35.91517639160156
910,10,person,0,0.8275261521339417,434.2538146972656,279.7576904296875,24.8612060546875,70.55230712890625
910,12,person,0,0.7727788090705872,314.9667053222656,266.08380126953125,16.4869384765625,52.64311218261719
910,17,person,0,0.7506629228591919,405.68438720703125,260.24066162109375,14.46954345703125,42.52117919921875
910,9,person,0,0.5575705170631409,359.83282470703125,237.209228515625,11.83349609375,24.426284790039062
910,19,person,0,0.6428268551826477,330.52703857421875,247.98834228515625,11.74884033203125,35.60984802246094
911,10,person,0,0.8366034626960754,434.23382568359375,279.5447998046875,24.767974853515625,71.12452697753906
911,12,person,0,0.7509316802024841,315.6548156738281,266.1030578613281,16.979248046875,51.60685729980469
911,17,person,0,0.7647270560264587,405.62628173828125,260.04107666015625,14.26507568359375,43.12664794921875
911,9,person,0,0.6284757852554321,358.8218994140625,236.4957275390625,12.281036376953125,24.759750366210938
911,19,person,0,0.38641878962516785,330.20928955078125,247.73245239257812,11.486724853515625,35.79765319824219
912,10,person,0,0.8352603912353516,434.0513000488281,279.3835754394531,24.29571533203125,71.59974670410156
912,12,person,0,0.6576157212257385,315.98297119140625,267.4053649902344,17.0494384765625,48.55348205566406
912,17,person,0,0.7793146371841431,405.5553283691406,259.8974304199219,14.1292724609375,43.10740661621094
912,9,person,0,0.6260994076728821,358.34259033203125,236.11215209960938,12.6636962890625,24.880172729492188
912,19,person,0,0.21369950473308563,329.8489685058594,244.6241455078125,10.80755615234375,30.0931396484375
913,10,person,0,0.8361222743988037,433.99212646484375,279.3730773925781,23.934722900390625,71.4921875
913,12,person,0,0.7150262594223022,316.31036376953125,266.9081726074219,17.165679931640625,49.47798156738281
913,17,person,0,0.781579852104187,405.50445556640625,259.5969543457031,14.134033203125,43.28468322753906
913,9,person,0,0.5852037072181702,357.5335693359375,235.79641723632812,12.888946533203125,25.178787231445312
913,19,person,0,0.33178284764289856,329.5633850097656,247.29954528808594,11.35406494140625,35.674041748046875
914,10,person,0,0.8274860382080078,433.90142822265625,279.55645751953125,23.429901123046875,71.65531921386719
914,12,person,0,0.7447952628135681,316.75946044921875,265.908203125,17.584228515625,51.04280090332031
914,17,person,0,0.7988271117210388,405.3729553222656,259.49688720703125,13.947021484375,42.91888427734375
914,9,bicycle,1,0.6273251175880432,356.26861572265625,240.79190063476562,20.370330810546875,19.402786254882812
914,19,person,0,0.2851605713367462,329.51275634765625,248.42864990234375,11.78436279296875,38.04573059082031
915,10,person,0,0.8390223383903503,433.77581787109375,279.81707763671875,23.412689208984375,71.0087890625
915,12,person,0,0.723253607749939,317.29248046875,266.13739013671875,18.438995361328125,50.93684387207031
915,17,person,0,0.7822858691215515,405.29595947265625,259.38751220703125,13.82452392578125,43.45643615722656
915,9,bicycle,1,0.5798783898353577,355.32574462890625,243.7085723876953,23.454193115234375,14.837860107421875
915,19,person,0,0.2186933308839798,329.2644348144531,248.30172729492188,11.755615234375,38.05467224121094
916,10,person,0,0.8485493659973145,433.6317138671875,280.05828857421875,23.451690673828125,70.87046813964844
916,12,person,0,0.7418336868286133,317.7503662109375,266.3946533203125,19.654205322265625,51.018218994140625
916,17,person,0,0.7781702876091003,405.16754150390625,259.32763671875,13.585174560546875,43.62388610839844
916,9,bicycle,1,0.6138737201690674,354.24591064453125,245.18560791015625,25.416229248046875,12.646835327148438
916,19,person,0,0.37381675839424133,328.6761474609375,248.25430297851562,12.724212646484375,38.19969177246094
917,10,person,0,0.8524923920631409,433.49603271484375,279.974365234375,23.743560791015625,70.57969665527344
917,12,person,0,0.6915250420570374,318.47918701171875,266.6124267578125,21.067138671875,49.603363037109375
917,17,person,0,0.7793862819671631,405.0591735839844,259.44720458984375,13.3963623046875,43.7828369140625
917,9,person,0,0.6174893975257874,353.69195556640625,239.04119873046875,17.357666015625,21.072052001953125
917,19,person,0,0.6514889597892761,328.25909423828125,248.30958557128906,13.169189453125,37.392669677734375
918,10,person,0,0.8375234603881836,433.09735107421875,280.07354736328125,23.254425048828125,69.89126586914062
918,12,person,0,0.7098433971405029,319.4963684082031,265.816650390625,20.53485107421875,48.37556457519531
918,17,person,0,0.7838002443313599,404.88421630859375,259.960693359375,13.11334228515625,42.650360107421875
918,9,person,0,0.5502854585647583,352.5725402832031,237.23971557617188,13.60992431640625,22.692642211914062
918,19,person,0,0.43796637654304504,327.883544921875,247.53744506835938,13.079925537109375,36.149658203125
919,10,person,0,0.8355019688606262,432.9036865234375,280.29241943359375,23.528106689453125,70.37205505371094
919,12,person,0,0.7221140265464783,319.62725830078125,266.31158447265625,22.460296630859375,49.142303466796875
919,17,person,0,0.7914416790008545,404.8210754394531,259.8974304199219,13.031494140625,42.64091491699219
919,9,person,0,0.596942663192749,351.63751220703125,236.19683837890625,12.363677978515625,23.342636108398438
919,19,person,0,0.3576628267765045,327.45721435546875,246.8297119140625,12.840972900390625,35.05731201171875
920,10,person,0,0.8270975947380066,432.5822448730469,280.5121154785156,23.69903564453125,70.53843688964844
920,12,person,0,0.7294096946716309,320.452392578125,266.09326171875,21.89013671875,49.21427917480469
920,17,person,0,0.7844579219818115,404.7117919921875,259.9676818847656,13.027984619140625,42.60008239746094
920,9,person,0,0.6371368169784546,350.8011474609375,235.51007080078125,11.64019775390625,22.956039428710938
920,19,person,0,0.39396002888679504,327.5920715332031,245.50692749023438,11.475830078125,32.79571533203125
921,10,person,0,0.821049153804779,432.26446533203125,280.2481384277344,23.836761474609375,69.75859069824219
921,12,person,0,0.760113000869751,321.124755859375,265.9591369628906,21.095611572265625,48.990966796875
921,17,person,0,0.789718747138977,404.5427551269531,260.1542663574219,13.004150390625,42.45794677734375
921,9,person,0,0.506452202796936,350.0991516113281,235.48001098632812,11.5762939453125,23.120956420898438
921,19,person,0,0.254598468542099,327.7412109375,244.07772827148438,10.403167724609375,29.731155395507812
922,10,person,0,0.8059530258178711,431.9466552734375,280.117919921875,23.158782958984375,69.10520935058594
922,12,person,0,0.7871954441070557,321.000732421875,265.6669616699219,21.53009033203125,49.852783203125
922,17,person,0,0.7878537178039551,404.47381591796875,260.332763671875,12.707489013671875,42.22538757324219
922,9,person,0,0.3600209653377533,349.0395202636719,235.161376953125,11.37860107421875,22.5084228515625
923,10,person,0,0.804893434047699,431.3098449707031,279.5564270019531,22.80255126953125,68.22361755371094
923,12,person,0,0.6697851419448853,321.84716796875,264.3381652832031,21.0247802734375,51.56758117675781
923,17,person,0,0.7816104292869568,404.2207946777344,260.3990478515625,12.71942138671875,42.0596923828125
923,9,person,0,0.292756587266922,348.02001953125,235.81744384765625,11.383758544921875,23.5133056640625
924,10,person,0,0.8034307360649109,431.13604736328125,279.46759033203125,23.432159423828125,68.73124694824219
924,12,person,0,0.7891504168510437,322.6492919921875,264.5863342285156,20.28607177734375,50.25740051269531
924,17,person,0,0.7853418588638306,403.99603271484375,260.459228515625,12.743011474609375,41.677154541015625
924,9,person,0,0.4084911644458771,347.1658935546875,236.1376495361328,11.217437744140625,23.90576171875
925,10,person,0,0.8018069267272949,430.7996826171875,278.76226806640625,23.30841064453125,68.69746398925781
925,12,person,0,0.7945581674575806,323.34283447265625,264.2084655761719,19.97918701171875,50.04286193847656
925,17,person,0,0.7706329226493835,403.720458984375,260.54345703125,12.589019775390625,41.33222961425781
925,9,person,0,0.49140581488609314,346.279052734375,236.54281616210938,11.718780517578125,24.459671020507812
926,10,person,0,0.8131693005561829,430.119140625,278.6480712890625,23.263519287109375,69.19970703125
926,12,person,0,0.8045655488967896,323.69696044921875,264.05670166015625,19.030731201171875,50.073822021484375
926,17,person,0,0.7764415740966797,403.4948425292969,260.3536071777344,12.66748046875,41.82691955566406
926,9,person,0,0.4379050135612488,345.4230651855469,236.8447723388672,11.2259521484375,24.92913818359375
927,10,person,0,0.8209652304649353,429.6249084472656,278.17474365234375,23.408203125,68.49879455566406
927,12,person,0,0.8054508566856384,323.90020751953125,264.10400390625,18.786590576171875,49.68194580078125
927,17,person,0,0.7752090096473694,403.31549072265625,260.0593566894531,12.573883056640625,42.10816955566406
927,9,person,0,0.3114544749259949,344.6254577636719,236.80030822753906,11.49713134765625,24.724395751953125
928,10,person,0,0.8137104511260986,429.0652770996094,277.6683349609375,22.98748779296875,67.99501037597656
928,12,person,0,0.8049070239067078,323.77313232421875,264.45196533203125,18.760223388671875,49.689544677734375
928,17,person,0,0.7563884854316711,402.94769287109375,259.89404296875,12.522247314453125,41.7801513671875
928,9,person,0,0.28256356716156006,343.61151123046875,235.08773803710938,11.1317138671875,21.34893798828125
929,10,person,0,0.8405608534812927,428.54840087890625,276.90252685546875,22.365264892578125,67.86723327636719
929,12,person,0,0.8145511746406555,323.3832702636719,264.378662109375,18.5960693359375,49.59619140625
929,17,person,0,0.7583426833152771,402.6287841796875,259.8327941894531,12.296417236328125,41.833740234375
929,9,person,0,0.48506060242652893,342.716064453125,235.68858337402344,11.207489013671875,22.742584228515625
930,10,person,0,0.8313213586807251,428.14642333984375,276.862060546875,22.617034912109375,68.34744262695312
930,12,person,0,0.778577983379364,322.96453857421875,264.30126953125,18.347320556640625,49.07713317871094
930,17,person,0,0.733359158039093,402.28192138671875,259.98272705078125,12.462554931640625,42.111480712890625
930,9,person,0,0.42121759057044983,341.74078369140625,235.8096923828125,12.004180908203125,23.135238647460938
931,10,person,0,0.8356418013572693,427.48223876953125,276.803466796875,22.36566162109375,68.51837158203125
931,12,person,0,0.7765077948570251,323.2149658203125,264.1399841308594,18.5123291015625,48.69207763671875
931,17,person,0,0.7410284876823425,402.0572814941406,259.6602783203125,12.73687744140625,41.415130615234375
931,9,person,0,0.38169896602630615,340.75994873046875,235.56683349609375,12.01116943359375,22.45867919921875
932,10,person,0,0.8320282697677612,427.17462158203125,276.40863037109375,22.647308349609375,68.47120666503906
932,12,person,0,0.7486002445220947,324.03564453125,264.2559509277344,18.075103759765625,49.0352783203125
932,17,person,0,0.7045729756355286,401.7117919921875,259.3003234863281,12.89947509765625,40.5137939453125
932,9,person,0,0.4913451075553894,339.6240234375,235.92825317382812,11.098388671875,23.015426635742188
933,10,person,0,0.825394332408905,426.6282958984375,276.0621337890625,22.586669921875,68.40457153320312
933,12,person,0,0.7820010185241699,324.65887451171875,264.66845703125,17.583648681640625,49.007293701171875
933,17,person,0,0.7436563968658447,401.30621337890625,259.06622314453125,12.827423095703125,39.986114501953125
933,9,person,0,0.4736770689487457,338.9489440917969,236.49813842773438,10.724365234375,24.037704467773438
934,10,person,0,0.8267309069633484,425.9451904296875,275.93377685546875,22.46044921875,67.81986999511719
934,12,person,0,0.7558518052101135,325.1936340332031,264.6725769042969,16.97967529296875,49.05351257324219
934,17,person,0,0.7535653710365295,401.08203125,259.4985656738281,13.233978271484375,40.67185974121094
934,9,person,0,0.38784652948379517,338.1767578125,236.63555908203125,10.10418701171875,24.386093139648438
935,10,person,0,0.84630286693573,425.4396667480469,275.9983215332031,22.74542236328125,67.63578796386719
935,12,person,0,0.7372695803642273,325.430908203125,264.79931640625,17.356109619140625,48.54559326171875
935,17,person,0,0.7612215876579285,401.0040283203125,260.0610046386719,13.888885498046875,41.69480895996094
935,9,person,0,0.4267823100090027,337.599365234375,236.85488891601562,10.204254150390625,24.999664306640625
936,10,person,0,0.8610826730728149,424.44207763671875,276.2486572265625,23.132843017578125,67.81205749511719
936,12,person,0,0.7365300059318542,325.81884765625,264.1885070800781,18.133209228515625,49.86753845214844
936,17,person,0,0.7612084150314331,400.7142028808594,259.85345458984375,14.0325927734375,41.10498046875
936,9,person,0,0.6041556000709534,336.67401123046875,236.99514770507812,10.8033447265625,25.068084716796875
937,10,person,0,0.8589072823524475,423.70166015625,276.3414306640625,23.415252685546875,67.40228271484375
937,12,person,0,0.7405789494514465,326.2718505859375,263.5416259765625,18.326446533203125,50.20404052734375
937,17,person,0,0.7444267272949219,400.394775390625,260.27593994140625,14.302520751953125,41.54469299316406
937,9,person,0,0.47299179434776306,335.73736572265625,236.68411254882812,11.59014892578125,24.583648681640625
938,10,person,0,0.8647089600563049,423.2309265136719,276.4273681640625,23.5179443359375,67.10806274414062
938,12,person,0,0.7246729731559753,326.3797302246094,263.8385314941406,18.3704833984375,48.20045471191406
938,17,person,0,0.7337956428527832,399.9029846191406,260.9325866699219,13.7738037109375,41.97930908203125
938,9,person,0,0.4479941427707672,335.24932861328125,236.76718139648438,12.480560302734375,25.633987426757812
939,10,person,0,0.8508549332618713,422.5301818847656,276.48590087890625,22.9776611328125,67.62130737304688
939,12,person,0,0.6606558561325073,326.69573974609375,260.6624450683594,18.406982421875,53.50312805175781
939,17,person,0,0.7341621518135071,399.20782470703125,261.243408203125,12.794189453125,42.83482360839844
939,9,person,0,0.25009074807167053,333.4745178222656,236.35836791992188,13.02191162109375,25.651351928710938
940,10,person,0,0.8371137976646423,421.9459228515625,276.54791259765625,22.538970947265625,67.90957641601562
940,12,person,0,0.7103093266487122,327.0863342285156,260.6557922363281,18.59014892578125,52.54823303222656
940,17,person,0,0.7398279309272766,398.69525146484375,260.9810485839844,12.104461669921875,42.44322204589844
940,9,person,0,0.1629713624715805,332.5284423828125,236.56736755371094,12.5997314453125,25.21087646484375
941,10,person,0,0.8352841734886169,421.5030517578125,276.4142761230469,23.0648193359375,67.68878173828125
941,12,person,0,0.700706422328949,326.9361572265625,258.9489440917969,18.868438720703125,55.32429504394531
941,17,person,0,0.7483546137809753,398.3809509277344,260.6213073730469,12.227783203125,41.6116943359375
941,9,person,0,0.15929408371448517,332.774169921875,237.21836853027344,13.689605712890625,24.8336181640625
942,10,person,0,0.8233523964881897,420.66644287109375,276.2362060546875,23.397918701171875,68.05342102050781
942,12,person,0,0.7266135215759277,326.6299133300781,257.1993103027344,21.05645751953125,59.43092346191406
942,17,person,0,0.7443684339523315,398.1546630859375,260.3731689453125,12.578033447265625,41.68046569824219
942,9,person,0,0.18016883730888367,332.13983154296875,236.8538818359375,11.064056396484375,24.02581787109375
943,10,person,0,0.8315801620483398,419.984130859375,276.0959777832031,23.662078857421875,68.39726257324219
943,12,person,0,0.6679707765579224,327.05859375,256.31298828125,21.955780029296875,60.009613037109375
943,17,person,0,0.7592408657073975,397.9212646484375,260.6451721191406,12.346160888671875,42.42222595214844
944,10,person,0,0.8345299363136292,419.56298828125,275.7814636230469,24.019378662109375,68.08686828613281
944,12,person,0,0.6550151705741882,327.61053466796875,257.7337951660156,22.22235107421875,56.53245544433594
944,17,person,0,0.7624439597129822,397.6036071777344,260.5337829589844,11.85040283203125,42.21305847167969
945,10,person,0,0.8114105463027954,419.0340270996094,275.3133544921875,23.7730712890625,67.5850830078125
945,12,person,0,0.6061797738075256,327.69659423828125,258.12261962890625,22.60015869140625,56.42958068847656
945,17,person,0,0.7829723358154297,397.17291259765625,260.7452392578125,12.297332763671875,42.6619873046875
946,10,person,0,0.8185602426528931,418.06573486328125,274.55487060546875,23.395050048828125,66.77200317382812
946,12,person,0,0.642306923866272,328.0382385253906,259.5440368652344,22.636474609375,53.34580993652344
946,17,person,0,0.7766706347465515,396.9302978515625,260.86737060546875,12.448516845703125,42.86944580078125
947,10,person,0,0.8130864500999451,417.41864013671875,274.10723876953125,22.877288818359375,66.09938049316406
947,12,person,0,0.7333453893661499,328.4636535644531,261.5462951660156,22.91131591796875,48.9993896484375
947,17,person,0,0.7854751348495483,396.8423767089844,260.9478759765625,12.46533203125,43.0579833984375
948,10,person,0,0.8093595504760742,417.088134765625,273.9693603515625,22.562225341796875,66.13253784179688
948,12,person,0,0.5254099369049072,328.53350830078125,257.3719177246094,23.573333740234375,56.72441101074219
948,17,person,0,0.786500871181488,396.8895568847656,260.9111328125,12.7642822265625,43.07171630859375
949,10,person,0,0.7921122312545776,416.650146484375,273.54473876953125,22.889923095703125,65.89645385742188
949,12,person,0,0.5848286747932434,329.65802001953125,256.8232727050781,21.53515625,58.0498046875
949,17,person,0,0.7850390076637268,396.63653564453125,260.88824462890625,12.673828125,42.741424560546875
950,10,person,0,0.7961196303367615,416.2885437011719,273.44268798828125,22.934814453125,65.98908996582031
950,12,person,0,0.7067373991012573,330.9498291015625,260.3868713378906,20.017486572265625,52.75579833984375
950,17,person,0,0.7868441343307495,396.40093994140625,260.82366943359375,12.718048095703125,42.513519287109375
951,10,person,0,0.7782641649246216,415.9667663574219,273.4074401855469,22.98663330078125,65.57716369628906
951,12,person,0,0.7451581358909607,332.42010498046875,261.3006591796875,18.5833740234375,47.104034423828125
951,17,person,0,0.792324423789978,396.2122802734375,260.760498046875,12.63775634765625,42.449920654296875
952,10,person,0,0.7773327231407166,415.71954345703125,273.3191223144531,22.859222412109375,65.08648681640625
952,12,person,0,0.7864604592323303,333.2808837890625,259.6657409667969,18.663726806640625,41.90455627441406
952,17,person,0,0.8049553036689758,396.08831787109375,260.74273681640625,12.533233642578125,42.447723388671875
953,10,person,0,0.764596700668335,415.43603515625,273.315185546875,23.1175537109375,64.95570373535156
953,12,person,0,0.75696861743927,334.08514404296875,259.0450439453125,18.216278076171875,40.67680358886719
953,17,person,0,0.7990605235099792,396.08148193359375,260.6737976074219,12.462921142578125,42.50526428222656
954,10,person,0,0.6973745226860046,415.1376953125,272.10748291015625,23.16357421875,61.4482421875
954,12,person,0,0.7724895477294922,334.8494873046875,260.4315490722656,18.254669189453125,43.15632629394531
954,17,person,0,0.7904098033905029,396.1136474609375,260.5354309082031,12.551361083984375,42.58061218261719
955,10,person,0,0.6126539707183838,414.9066162109375,269.66668701171875,22.994476318359375,56.12092590332031
955,12,person,0,0.7572238445281982,335.0877685546875,260.00482177734375,18.2740478515625,42.447723388671875
955,17,person,0,0.7956392765045166,396.16229248046875,260.25592041015625,12.5074462890625,42.25144958496094
956,10,person,0,0.6184495091438293,414.84619140625,272.07916259765625,23.189788818359375,60.856353759765625
956,12,person,0,0.7788353562355042,335.23004150390625,260.3502197265625,18.507965087890625,43.939239501953125
956,17,person,0,0.8028157949447632,396.21148681640625,260.191162109375,12.54144287109375,42.25852966308594
957,10,person,0,0.6971778273582458,414.6010437011719,272.93548583984375,23.6168212890625,62.38519287109375
957,12,person,0,0.810141921043396,335.17529296875,260.4112243652344,18.237640380859375,44.5440673828125
957,17,person,0,0.8068532347679138,396.19635009765625,260.0300598144531,12.553192138671875,41.99620056152344
958,10,person,0,0.8008023500442505,414.2859191894531,273.36993408203125,23.20953369140625,62.368743896484375
958,12,person,0,0.8114190101623535,335.1610412597656,260.26385498046875,17.8697509765625,44.331817626953125
958,17,person,0,0.7992486953735352,396.09844970703125,260.0355224609375,12.359893798828125,42.07707214355469
959,10,person,0,0.6003320813179016,413.98858642578125,269.98956298828125,23.110137939453125,54.52836608886719
959,12,person,0,0.798073947429657,334.9483337402344,259.41357421875,17.3157958984375,43.113983154296875
959,17,person,0,0.8041292428970337,395.8907470703125,259.7758483886719,12.386932373046875,41.88433837890625
960,10,person,0,0.5395111441612244,413.89520263671875,267.8782958984375,22.37762451171875,49.47039794921875
960,12,person,0,0.8121029138565063,334.8089599609375,259.4146728515625,17.98541259765625,43.257171630859375
960,17,person,0,0.797304630279541,395.6073913574219,259.749755859375,12.45867919921875,41.81324768066406
961,10,person,0,0.6726969480514526,413.6251525878906,264.9665832519531,22.7259521484375,45.74714660644531
961,12,person,0,0.7993425726890564,334.9224853515625,260.4524230957031,18.014862060546875,45.35441589355469
961,17,person,0,0.7921729683876038,395.2583923339844,259.6258850097656,12.61846923828125,42.16377258300781
962,10,person,0,0.6652431488037109,413.58831787109375,265.0097351074219,22.5047607421875,47.68756103515625
962,12,person,0,0.8034099340438843,335.01202392578125,260.63690185546875,17.966217041015625,45.89390563964844
962,17,person,0,0.8041763305664062,394.9813232421875,259.5185852050781,12.751068115234375,42.24772644042969
963,10,person,0,0.7115720510482788,413.44683837890625,269.92449951171875,22.534942626953125,55.14894104003906
963,12,person,0,0.8117364645004272,335.4939880371094,260.52691650390625,17.35247802734375,45.701507568359375
963,17,person,0,0.807133674621582,394.7456359863281,259.52716064453125,12.62322998046875,42.214599609375
964,10,person,0,0.7547239065170288,413.1544494628906,271.5131530761719,22.03314208984375,60.01490783691406
964,12,person,0,0.7926575541496277,336.2922058105469,260.5351867675781,16.83673095703125,45.92576599121094
964,17,person,0,0.8129217028617859,394.54486083984375,259.5744323730469,12.716094970703125,42.11979675292969
965,10,person,0,0.7218942642211914,413.0076904296875,271.22222900390625,21.146148681640625,61.26725769042969
965,12,person,0,0.7882266640663147,336.5863037109375,260.7273254394531,16.86474609375,46.408935546875
965,17,person,0,0.804026186466217,394.274169921875,259.61444091796875,12.853912353515625,42.11442565917969
966,10,person,0,0.7430666089057922,413.02166748046875,271.04864501953125,21.0789794921875,62.405975341796875
966,12,person,0,0.7918210625648499,336.6052551269531,260.7738037109375,16.7216796875,46.14570617675781
966,17,person,0,0.8066866397857666,394.1985778808594,259.5527038574219,12.7349853515625,42.34486389160156
967,10,person,0,0.7716121673583984,412.83392333984375,270.91217041015625,21.489898681640625,62.712432861328125
967,12,person,0,0.7824560403823853,336.9281005859375,260.86444091796875,16.204498291015625,46.01312255859375
967,17,person,0,0.8010053038597107,394.0789794921875,259.52935791015625,12.677215576171875,42.647613525390625
968,10,person,0,0.7774708271026611,412.59423828125,270.9918212890625,21.456146240234375,62.84327697753906
968,12,person,0,0.7895163893699646,337.320556640625,261.4226989746094,15.814605712890625,47.69004821777344
968,17,person,0,0.8009455800056458,393.9576721191406,259.67779541015625,12.391845703125,42.321868896484375
969,10,person,0,0.7958536744117737,412.41448974609375,271.04962158203125,21.77508544921875,62.21516418457031
969,12,person,0,0.7869417071342468,337.52423095703125,261.3154296875,15.496551513671875,47.88946533203125
969,17,person,0,0.8063804507255554,393.86785888671875,259.53668212890625,12.270416259765625,42.70835876464844
970,10,person,0,0.789211630821228,412.40948486328125,270.910888671875,21.395660400390625,61.45086669921875
970,12,person,0,0.7997424602508545,337.58343505859375,260.7555847167969,15.423248291015625,47.07746887207031
970,17,person,0,0.8041093349456787,393.6425476074219,259.4803771972656,12.31463623046875,42.70831298828125
971,10,person,0,0.7932020425796509,412.2506408691406,270.937744140625,21.0684814453125,61.38507080078125
971,12,person,0,0.77590411901474,337.60101318359375,260.124755859375,15.249114990234375,45.836181640625
971,17,person,0,0.8052739500999451,393.3961181640625,259.4132385253906,12.357025146484375,42.81254577636719
972,10,person,0,0.7845151424407959,412.16827392578125,270.4070739746094,21.217864990234375,60.75556945800781
972,12,person,0,0.7973675727844238,337.85296630859375,260.04937744140625,15.568817138671875,45.8118896484375
972,17,person,0,0.7977267503738403,393.151611328125,259.324951171875,12.270782470703125,42.872894287109375
973,10,person,0,0.7892661094665527,412.06475830078125,270.11181640625,21.298553466796875,60.699981689453125
973,12,person,0,0.7942782640457153,338.5433349609375,259.82952880859375,16.48077392578125,45.7379150390625
973,17,person,0,0.7869760394096375,392.98358154296875,259.24468994140625,12.398284912109375,42.87956237792969
974,10,person,0,0.7704072594642639,411.750244140625,269.94378662109375,20.902252197265625,60.064971923828125
974,12,person,0,0.8069133758544922,339.15472412109375,259.70318603515625,17.333648681640625,46.044097900390625
974,17,person,0,0.7820907235145569,392.809814453125,259.3083190917969,12.52008056640625,42.67445373535156
975,10,person,0,0.7747360467910767,411.49957275390625,270.4760437011719,20.453948974609375,59.95343017578125
975,12,person,0,0.8013588190078735,339.62518310546875,259.4058532714844,17.44921875,45.14411926269531
975,17,person,0,0.777142345905304,392.633056640625,259.5030822753906,12.414337158203125,42.37101745605469
976,10,person,0,0.768644392490387,411.0596923828125,271.2322692871094,19.744293212890625,58.93766784667969
976,12,person,0,0.7945768237113953,339.99554443359375,259.20220947265625,17.2913818359375,44.539703369140625
976,17,person,0,0.772146999835968,392.4059753417969,259.53851318359375,12.369384765625,42.18534851074219
977,10,person,0,0.7979975938796997,410.59930419921875,271.32415771484375,19.346343994140625,58.60337829589844
977,12,person,0,0.791126012802124,340.2713623046875,259.116455078125,17.067657470703125,44.042388916015625
977,17,person,0,0.798079252243042,392.3318786621094,259.51715087890625,12.40960693359375,42.25634765625
978,10,person,0,0.8046289086341858,410.4146728515625,271.376708984375,19.244384765625,58.75886535644531
978,12,person,0,0.8082243800163269,340.5309143066406,258.8345947265625,16.61181640625,43.593353271484375
978,17,person,0,0.8020418882369995,392.400390625,259.5078125,12.709716796875,42.24604797363281
979,10,person,0,0.8283534049987793,410.446533203125,271.00555419921875,19.637481689453125,59.548248291015625
979,12,person,0,0.7992881536483765,340.7488098144531,258.9164733886719,16.4918212890625,43.48155212402344
979,17,person,0,0.8004291653633118,392.2097473144531,259.4807434082031,12.7962646484375,42.18116760253906
980,10,person,0,0.8211035132408142,410.531494140625,270.8092346191406,19.928955078125,59.35081481933594
980,12,person,0,0.7843671441078186,340.968017578125,258.9794921875,16.353973388671875,42.85307312011719
980,17,person,0,0.7828204035758972,392.03155517578125,259.6832580566406,12.7158203125,42.41096496582031
981,10,person,0,0.8089550137519836,410.05133056640625,270.5703125,19.704376220703125,60.04933166503906
981,12,person,0,0.7869324088096619,341.47442626953125,259.2734069824219,16.821319580078125,43.20782470703125
981,17,person,0,0.7800682783126831,392.026611328125,259.6905822753906,12.591583251953125,42.39057922363281
982,10,person,0,0.8088655471801758,409.8648986816406,269.8481750488281,20.2947998046875,59.35272216796875
982,12,person,0,0.7885176539421082,341.8166809082031,259.11688232421875,17.110595703125,43.089324951171875
982,17,person,0,0.7696076035499573,392.1365966796875,259.6234130859375,12.49896240234375,42.33207702636719
983,10,person,0,0.8203380703926086,409.1535339355469,269.10931396484375,20.274658203125,58.72566223144531
983,12,person,0,0.7834595441818237,342.3244323730469,259.44549560546875,17.9859619140625,43.678131103515625
983,17,person,0,0.7797955274581909,392.1405334472656,259.505859375,12.34918212890625,42.10768127441406
984,10,person,0,0.804904043674469,408.75933837890625,269.13128662109375,20.48907470703125,58.77049255371094
984,12,person,0,0.7654942274093628,342.85968017578125,258.88201904296875,17.877410888671875,42.44096374511719
984,17,person,0,0.7767911553382874,392.08001708984375,259.4737854003906,12.301849365234375,42.18470764160156
985,10,person,0,0.7864615321159363,408.51580810546875,268.6851806640625,20.902313232421875,59.200469970703125
985,12,person,0,0.7680432796478271,343.5002136230469,258.8147277832031,17.36328125,42.43406677246094
985,17,person,0,0.7637373208999634,391.83685302734375,259.56109619140625,12.910003662109375,42.280242919921875
986,10,person,0,0.8052011132240295,408.230712890625,268.5528259277344,21.43609619140625,59.07228088378906
986,12,person,0,0.7476097941398621,344.07122802734375,258.7001647949219,17.366607666015625,42.2298583984375
986,17,person,0,0.76233971118927,391.68756103515625,259.6229248046875,13.413543701171875,42.12315368652344
987,10,person,0,0.8175157308578491,408.1133117675781,268.32684326171875,21.8074951171875,59.630767822265625
987,12,person,0,0.7577980756759644,344.67669677734375,258.668212890625,17.795989990234375,41.830474853515625
987,17,person,0,0.7737066745758057,391.7591857910156,259.5472717285156,13.44085693359375,42.15495300292969
988,10,person,0,0.8150544166564941,408.11859130859375,268.0384521484375,21.663970947265625,59.48860168457031
988,12,person,0,0.7712302207946777,345.272216796875,258.5089416503906,18.032470703125,41.76872253417969
988,17,person,0,0.7884854078292847,391.8670654296875,259.4377746582031,13.590423583984375,42.33270263671875
988,9,person,0,0.5476011037826538,300.5826721191406,249.24435424804688,11.2161865234375,33.57817077636719
989,10,person,0,0.8176530599594116,408.19097900390625,267.6504821777344,21.587493896484375,58.89244079589844
989,12,person,0,0.7768864035606384,345.7728271484375,258.08349609375,17.995697021484375,41.707794189453125
989,17,person,0,0.7902999520301819,391.975830078125,259.30059814453125,13.61663818359375,42.37129211425781
989,9,person,0,0.5043841600418091,300.0185546875,249.22010803222656,11.433929443359375,33.337005615234375
990,10,person,0,0.7943577170372009,408.0601806640625,267.6411437988281,21.197967529296875,58.80963134765625
990,12,person,0,0.7725752592086792,345.9337463378906,258.02496337890625,18.1090087890625,41.836334228515625
990,17,person,0,0.7795338034629822,392.044921875,259.1962890625,13.5892333984375,42.42311096191406
990,9,person,0,0.5432890057563782,299.9583435058594,248.70726013183594,11.7125244140625,33.303985595703125
991,10,person,0,0.8139439225196838,407.7018127441406,267.5732116699219,20.937744140625,58.64202880859375
991,12,person,0,0.7532052397727966,346.3367919921875,258.0661315917969,18.5191650390625,41.96598815917969
991,17,person,0,0.7770938277244568,392.0766296386719,259.0909118652344,13.529052734375,42.4332275390625
991,9,person,0,0.4751918315887451,300.009521484375,248.97254943847656,12.045318603515625,35.130462646484375
992,10,person,0,0.8092070817947388,407.3714904785156,267.6407165527344,20.66253662109375,58.36698913574219
992,12,person,0,0.7666426301002502,346.72344970703125,258.39324951171875,18.400970458984375,42.19087219238281
992,17,person,0,0.7714582085609436,392.0458984375,259.091796875,13.370452880859375,42.230682373046875
992,9,person,0,0.36073243618011475,299.8944091796875,249.69287109375,11.6427001953125,35.47906494140625
993,10,person,0,0.8086700439453125,407.353515625,267.7193908691406,20.57476806640625,58.19276428222656
993,12,person,0,0.7844364643096924,346.886474609375,258.65191650390625,18.36077880859375,41.933624267578125
993,17,person,0,0.7817813158035278,392.02069091796875,259.13739013671875,13.271636962890625,42.320587158203125
993,9,person,0,0.36054784059524536,300.08056640625,249.1625213623047,11.189117431640625,32.805755615234375
994,10,person,0,0.7775426506996155,407.2646484375,267.6127624511719,19.738677978515625,58.247314453125
994,12,person,0,0.7934573292732239,346.82684326171875,258.5538330078125,17.90716552734375,41.587860107421875
994,17,person,0,0.7701421976089478,392.07879638671875,259.1880798339844,13.190460205078125,42.27056884765625
994,9,person,0,0.43822774291038513,299.7432861328125,249.06976318359375,10.707427978515625,32.0777587890625
995,10,person,0,0.7693771719932556,406.7602844238281,267.69927978515625,18.22308349609375,58.22552490234375
995,12,person,0,0.7870777249336243,346.8954772949219,258.52630615234375,17.17340087890625,41.830047607421875
995,17,person,0,0.7779079675674438,392.0828857421875,259.3271484375,13.140960693359375,42.311309814453125
995,9,person,0,0.5046924352645874,299.44146728515625,249.16860961914062,11.09881591796875,32.43482971191406
995,20,person,0,0.611790657043457,315.77215576171875,244.5263671875,12.143798828125,33.02204895019531
996,10,person,0,0.7663382291793823,406.215576171875,267.6022033691406,16.973480224609375,58.26759338378906
996,12,person,0,0.7863457798957825,346.8571472167969,258.14447021484375,16.68017578125,41.74127197265625
996,17,person,0,0.7710126042366028,392.09124755859375,259.40838623046875,13.090576171875,42.165496826171875
996,9,person,0,0.6112061142921448,299.0921630859375,249.59063720703125,11.811798095703125,32.78361511230469
996,20,person,0,0.553307294845581,315.7874755859375,244.5919952392578,11.617462158203125,33.281829833984375
997,10,person,0,0.7073682546615601,405.970703125,267.97344970703125,16.089111328125,58.556793212890625
997,12,person,0,0.7826550602912903,346.8464660644531,258.0936279296875,16.44696044921875,41.609130859375
997,17,person,0,0.7636134028434753,392.0422668457031,259.5360107421875,13.07073974609375,42.197845458984375
997,9,person,0,0.6444751024246216,298.81341552734375,250.301025390625,12.236297607421875,33.98692321777344
997,20,person,0,0.4849540889263153,315.92047119140625,244.519775390625,10.793853759765625,33.30894470214844
998,10,person,0,0.6958426237106323,405.9630126953125,268.0098571777344,15.777679443359375,58.89228820800781
998,12,person,0,0.7808497548103333,346.95660400390625,258.3608703613281,16.347320556640625,41.69648742675781
998,17,person,0,0.763066291809082,392.0133056640625,259.4984436035156,13.134124755859375,42.23292541503906
998,9,person,0,0.443564772605896,298.7156982421875,250.70535278320312,11.828094482421875,34.21327209472656
998,20,person,0,0.48354700207710266,316.2056884765625,244.84622192382812,9.6444091796875,32.371337890625
999,10,person,0,0.7632837891578674,405.80609130859375,267.68426513671875,15.373077392578125,58.556427001953125
999,12,person,0,0.7773520350456238,346.9582824707031,258.28594970703125,16.1173095703125,41.583709716796875
999,17,person,0,0.7743268609046936,392.1014709472656,259.2863464355469,13.112548828125,42.64070129394531
999,9,person,0,0.47747790813446045,298.7148132324219,251.0107421875,11.86285400390625,35.21881103515625
999,20,person,0,0.4784531593322754,316.25836181640625,244.71273803710938,9.842926025390625,32.34007263183594
1000,10,person,0,0.7853347659111023,405.69268798828125,267.8573303222656,14.69110107421875,57.68040466308594
1000,12,person,0,0.7802004814147949,347.00836181640625,258.37213134765625,16.009429931640625,42.63108825683594
1000,17,person,0,0.7648478746414185,392.2919921875,259.3009338378906,13.582733154296875,42.20936584472656
1000,9,person,0,0.5212522149085999,298.73291015625,250.8319091796875,11.90020751953125,36.44667053222656
1000,20,person,0,0.4425252079963684,316.5428771972656,244.70562744140625,10.13336181640625,32.41911315917969
1001,10,person,0,0.7515249848365784,405.79388427734375,267.88885498046875,14.223480224609375,57.141876220703125
1001,12,person,0,0.7727853059768677,347.2153625488281,258.4403076171875,16.58917236328125,43.321868896484375
1001,17,person,0,0.7696980237960815,392.26019287109375,259.3177185058594,13.810760498046875,42.13035583496094
1001,9,person,0,0.4451030492782593,298.70953369140625,247.60076904296875,11.903839111328125,29.877395629882812
1001,20,person,0,0.34088975191116333,316.8104248046875,244.8373260498047,9.506561279296875,31.725189208984375
1002,10,person,0,0.7514768242835999,405.78973388671875,267.8805236816406,14.416656494140625,56.94508361816406
1002,12,person,0,0.7825272679328918,347.625,258.38128662109375,16.421417236328125,43.28941345214844
1002,17,person,0,0.7667664289474487,392.26055908203125,259.2537841796875,13.912200927734375,42.12513732910156
1002,9,person,0,0.36336883902549744,298.58905029296875,245.71058654785156,11.54693603515625,25.563995361328125
1002,20,person,0,0.2611545920372009,316.9198913574219,246.9828338623047,8.68609619140625,26.967498779296875
1003,10,person,0,0.7288414239883423,406.3128967285156,267.7718811035156,13.66583251953125,57.0101318359375
1003,12,person,0,0.7791100740432739,347.8480224609375,257.9300842285156,16.416656494140625,43.17010498046875
1003,17,person,0,0.7694149613380432,392.30694580078125,259.1486511230469,14.069122314453125,42.59355163574219
1003,9,person,0,0.5315864682197571,298.154052734375,244.71954345703125,11.26104736328125,23.956588745117188
1003,20,person,0,0.3170906901359558,316.7525939941406,245.15316772460938,8.69049072265625,30.188034057617188
1004,10,person,0,0.7138211727142334,406.9602355957031,267.9069519042969,13.97039794921875,57.33030700683594
1004,12,person,0,0.7753239870071411,347.83795166015625,257.4531555175781,16.3946533203125,42.55110168457031
1004,17,person,0,0.7602615356445312,392.400390625,259.1423645019531,14.13006591796875,42.98394775390625
1004,9,person,0,0.5123416185379028,298.2413330078125,244.43173217773438,11.709442138671875,23.81097412109375
1004,20,person,0,0.4118942320346832,316.5955810546875,244.25543212890625,8.737884521484375,32.139404296875
1005,10,person,0,0.7186111211776733,406.8843688964844,267.798583984375,14.24041748046875,57.19166564941406
1005,12,person,0,0.7740558981895447,347.66265869140625,257.12164306640625,16.366668701171875,42.47023010253906
1005,17,person,0,0.7508875727653503,392.4833679199219,258.9879455566406,14.19537353515625,42.83882141113281
1005,9,person,0,0.5593541860580444,298.3204650878906,243.72918701171875,11.67724609375,22.437088012695312
1005,20,person,0,0.39926251769065857,316.49273681640625,243.53851318359375,8.3118896484375,32.64802551269531
1005,21,person,0,0.6496498584747314,333.287109375,241.82034301757812,11.148040771484375,29.45648193359375
1006,10,person,0,0.7147423624992371,406.6660461425781,267.72027587890625,14.53656005859375,57.369415283203125
1006,12,person,0,0.779421329498291,347.79119873046875,257.18878173828125,16.46697998046875,43.24603271484375
1006,17,person,0,0.7545914053916931,392.4360046386719,259.1409912109375,14.02587890625,42.69639587402344
1006,9,person,0,0.49698901176452637,298.35968017578125,244.18893432617188,11.678253173828125,23.190536499023438
1006,20,person,0,0.3934853971004486,316.4515380859375,242.84478759765625,7.898345947265625,31.800949096679688
1006,21,person,0,0.6555324196815491,333.8167724609375,241.9334716796875,10.9288330078125,28.782638549804688
1007,10,person,0,0.7346944808959961,406.48944091796875,267.4005432128906,15.166412353515625,57.93751525878906
1007,12,person,0,0.7861133813858032,347.91290283203125,257.19171142578125,16.484283447265625,42.93861389160156
1007,17,person,0,0.7475956082344055,392.513671875,258.9930419921875,14.0841064453125,42.96803283691406
1007,9,person,0,0.425167441368103,298.54833984375,243.77081298828125,11.224456787109375,22.72796630859375
1007,20,person,0,0.3248797357082367,316.44403076171875,242.24368286132812,7.835235595703125,30.982772827148438
1007,21,person,0,0.6876891851425171,333.82684326171875,241.54660034179688,10.586700439453125,30.611679077148438
1008,10,person,0,0.7426895499229431,406.0577392578125,267.2519836425781,15.9366455078125,57.99424743652344
1008,12,person,0,0.7565568089485168,348.15008544921875,257.1558837890625,16.003326416015625,42.65159606933594
1008,17,person,0,0.7434400320053101,392.48260498046875,259.0914611816406,14.05474853515625,42.60630798339844
1008,9,person,0,0.4911574721336365,298.32305908203125,244.07479858398438,10.757476806640625,23.384078979492188
1008,20,person,0,0.3958307206630707,316.4559020996094,243.00668334960938,7.99505615234375,31.279434204101562
1008,21,person,0,0.688717246055603,334.033447265625,241.73004150390625,10.308013916015625,30.900436401367188
1009,10,person,0,0.7465443015098572,406.3177490234375,267.3281555175781,15.465667724609375,58.23577880859375
1009,12,person,0,0.734106719493866,348.631591796875,256.9960021972656,15.844451904296875,42.03471374511719
1009,17,person,0,0.7539685368537903,392.4407958984375,259.09619140625,13.897857666015625,42.68067932128906
1009,9,person,0,0.5354395508766174,297.8154296875,245.48451232910156,10.570587158203125,26.124237060546875
1009,20,person,0,0.4975697994232178,316.43701171875,243.48983764648438,8.208251953125,32.17848205566406
1009,21,person,0,0.6520994901657104,334.4172668457031,241.76275634765625,10.47027587890625,30.949234008789062
1010,10,person,0,0.7411282062530518,406.152099609375,267.400390625,15.8675537109375,57.484405517578125
1010,12,person,0,0.7366306185722351,349.22509765625,256.9410400390625,15.390167236328125,41.67500305175781
1010,17,person,0,0.7450912594795227,392.57525634765625,259.0542907714844,14.01251220703125,42.80657958984375
1010,9,person,0,0.5691545009613037,297.8188781738281,247.22586059570312,11.28094482421875,29.887939453125
1010,20,person,0,0.4329363703727722,316.4424743652344,243.74343872070312,8.3167724609375,32.08009338378906
1010,21,person,0,0.447846919298172,334.91497802734375,241.9947052001953,9.9547119140625,31.187530517578125
1011,10,person,0,0.7559424042701721,406.00115966796875,267.2889709472656,16.61138916015625,57.67315673828125
1011,12,person,0,0.7073000073432922,349.5356750488281,256.72271728515625,14.99658203125,41.19676208496094
1011,17,person,0,0.7502065896987915,392.5239562988281,259.0227355957031,13.797607421875,42.94990539550781
1011,9,person,0,0.5964267253875732,297.63836669921875,248.14141845703125,11.839630126953125,32.031494140625
1011,20,person,0,0.3688786029815674,316.37603759765625,244.1229248046875,8.259368896484375,31.254806518554688
1011,21,person,0,0.454684853553772,335.5202941894531,242.0372314453125,10.14697265625,31.74798583984375
1012,10,person,0,0.763372004032135,405.98193359375,267.20208740234375,17.20281982421875,57.39918518066406
1012,12,person,0,0.6990054845809937,349.95452880859375,256.24224853515625,15.132293701171875,40.32684326171875
1012,17,person,0,0.7507039904594421,392.56072998046875,258.8384094238281,13.64886474609375,43.14996337890625
1012,9,person,0,0.5884743928909302,297.48004150390625,249.21070861816406,12.538330078125,34.075592041015625
1012,20,person,0,0.20665323734283447,316.2781982421875,245.794189453125,8.006072998046875,28.9210205078125
1012,21,person,0,0.39091727137565613,336.2890930175781,241.87274169921875,10.82073974609375,31.5316162109375
1013,10,person,0,0.7746869921684265,405.97900390625,267.28155517578125,17.882965087890625,57.30094909667969
1013,12,person,0,0.7126837372779846,350.5112609863281,256.2638854980469,16.10382080078125,40.4051513671875
1013,17,person,0,0.7402775883674622,392.41790771484375,258.7650146484375,13.347747802734375,43.130584716796875
1013,9,person,0,0.7162027359008789,297.29705810546875,250.31134033203125,13.10357666015625,35.95735168457031
1013,20,person,0,0.2623482942581177,316.1488037109375,244.48175048828125,8.123809814453125,31.376571655273438
1013,21,person,0,0.6224631071090698,337.00396728515625,242.18917846679688,11.572845458984375,32.47096252441406
1014,10,person,0,0.7928735017776489,405.99432373046875,267.34857177734375,18.432525634765625,57.10601806640625
1014,12,person,0,0.7177299857139587,350.97149658203125,256.1410217285156,16.1790771484375,39.71417236328125
1014,17,person,0,0.7401896119117737,392.396728515625,258.6890563964844,13.261199951171875,42.8472900390625
1014,9,person,0,0.7004359364509583,297.085693359375,250.8556671142578,13.302764892578125,36.694305419921875
1014,20,person,0,0.4020175635814667,315.72113037109375,243.70050048828125,8.61151123046875,32.02252197265625
1014,21,person,0,0.4322289526462555,337.1610107421875,242.1542510986328,11.59271240234375,32.149200439453125
1015,10,person,0,0.7861406207084656,405.96649169921875,267.3499450683594,19.042022705078125,56.92570495605469
1015,12,person,0,0.7234790921211243,351.18719482421875,256.8910827636719,17.3416748046875,41.25859069824219
1015,17,person,0,0.7497943639755249,392.31884765625,258.6106872558594,13.218719482421875,42.74488830566406
1015,9,person,0,0.6918367743492126,297.0036926269531,251.2484130859375,13.182373046875,36.93414306640625
1015,20,person,0,0.3405768573284149,315.7719421386719,243.46994018554688,8.34814453125,32.65057373046875
1015,21,person,0,0.5907353758811951,337.40081787109375,242.46231079101562,11.731781005859375,32.6263427734375
1016,10,person,0,0.794501781463623,405.8992004394531,267.32879638671875,19.26007080078125,56.75166320800781
1016,12,person,0,0.7475889325141907,351.70880126953125,256.98974609375,17.884796142578125,41.72767639160156
1016,17,person,0,0.7306822538375854,392.24334716796875,258.7991943359375,13.048614501953125,41.983184814453125
1016,9,person,0,0.6111261248588562,296.68572998046875,251.42282104492188,13.42828369140625,37.08805847167969
1016,21,person,0,0.48369544744491577,337.46270751953125,242.47390747070312,11.583984375,32.7279052734375
1017,10,person,0,0.8024453520774841,405.83740234375,267.34478759765625,19.064208984375,56.760711669921875
1017,12,person,0,0.7693394422531128,352.4281005859375,257.2149658203125,18.221343994140625,41.93377685546875
1017,17,person,0,0.7291383743286133,392.10455322265625,258.87469482421875,13.059234619140625,41.86857604980469
1017,9,person,0,0.583095133304596,296.28619384765625,251.61483764648438,13.733245849609375,37.47685241699219
1017,21,person,0,0.5961930155754089,337.943115234375,242.71347045898438,12.443817138671875,33.3955078125
1018,10,person,0,0.8081558346748352,405.85296630859375,267.3637390136719,19.364105224609375,56.74127197265625
1018,12,person,0,0.734197199344635,353.37445068359375,256.7767639160156,17.763824462890625,41.10398864746094
1018,17,person,0,0.6997902393341064,391.93768310546875,258.81121826171875,12.990478515625,41.59234619140625
1018,9,person,0,0.5170653462409973,296.4051513671875,251.69265747070312,13.687530517578125,37.25984191894531
1018,21,person,0,0.6071198582649231,338.06439208984375,242.73114013671875,12.4625244140625,33.49784851074219
1019,10,person,0,0.8056153059005737,405.86334228515625,267.386474609375,19.718475341796875,56.722686767578125
1019,12,person,0,0.7622703313827515,353.6916809082031,256.7749328613281,18.3338623046875,41.04151916503906
1019,17,person,0,0.6900047063827515,391.8974609375,258.9609375,12.540191650390625,41.579620361328125
1019,9,person,0,0.31017839908599854,296.9560852050781,251.26959228515625,12.46612548828125,35.53564453125
1019,21,person,0,0.6946915984153748,337.88824462890625,242.95620727539062,12.2564697265625,33.67652893066406
1020,10,person,0,0.8014869093894958,406.0758056640625,267.3931579589844,19.78192138671875,56.49729919433594
1020,12,person,0,0.7604827284812927,354.40838623046875,256.1195983886719,17.799957275390625,40.62713623046875
1020,17,person,0,0.6622606515884399,391.99102783203125,258.97955322265625,12.106231689453125,41.150543212890625
1020,9,person,0,0.34844982624053955,296.71868896484375,251.56036376953125,13.0589599609375,35.5089111328125
1020,21,person,0,0.6256197094917297,337.5681457519531,242.047119140625,11.56231689453125,31.783401489257812
1021,10,person,0,0.8012629747390747,406.35498046875,267.49957275390625,19.668670654296875,56.42872619628906
1021,12,person,0,0.7822113633155823,355.0000305175781,255.94802856445312,17.99810791015625,40.47509765625
1021,17,person,0,0.6525273323059082,392.01971435546875,258.9810791015625,11.65008544921875,40.467193603515625
1021,9,person,0,0.3801591992378235,296.83172607421875,252.300537109375,12.821197509765625,36.33258056640625
1021,21,person,0,0.7149742841720581,337.603759765625,242.31288146972656,11.706329345703125,32.193878173828125
1021,20,person,0,0.5974562764167786,315.1356506347656,242.50262451171875,9.615478515625,31.154647827148438
1022,10,person,0,0.8032166361808777,406.5121154785156,267.6347961425781,19.503662109375,56.31727600097656
1022,12,person,0,0.7835113406181335,355.3316345214844,255.8101043701172,17.85626220703125,40.748321533203125
1022,17,person,0,0.6268996596336365,392.05780029296875,258.8270263671875,11.048919677734375,39.365875244140625
1022,9,person,0,0.3868023455142975,296.21295166015625,252.5653076171875,12.990875244140625,36.04063415527344
1022,21,person,0,0.7354720830917358,337.72442626953125,242.28253173828125,12.02972412109375,32.15586853027344
1022,20,person,0,0.5868098139762878,315.07659912109375,242.3390655517578,9.729827880859375,30.919525146484375
1023,10,person,0,0.8075960874557495,406.6805725097656,267.63720703125,19.4150390625,56.3604736328125
1023,12,person,0,0.7822657227516174,355.60198974609375,255.5917510986328,17.349090576171875,40.722259521484375
1023,17,person,0,0.6703116297721863,392.2124938964844,258.9513244628906,10.851806640625,39.2393798828125
1023,9,person,0,0.4110789895057678,296.0198974609375,252.94277954101562,13.03216552734375,36.17475891113281
1023,21,person,0,0.7538184523582458,337.7783508300781,242.37960815429688,12.2275390625,32.43775939941406
1023,20,person,0,0.5717829465866089,314.9391174316406,241.98193359375,9.49749755859375,30.837387084960938
1024,10,person,0,0.8192899227142334,406.8466796875,267.9639892578125,19.1820068359375,56.566741943359375
1024,12,person,0,0.790545642375946,355.95611572265625,255.497314453125,17.166961669921875,40.55328369140625
1024,17,person,0,0.7003253102302551,392.3516845703125,258.9924011230469,10.661224365234375,39.11711120605469
1024,9,person,0,0.4984176456928253,295.87896728515625,252.76712036132812,12.901123046875,35.74205017089844
1024,21,person,0,0.7666842341423035,337.845947265625,243.25369262695312,12.4287109375,34.34843444824219
1024,20,person,0,0.6003602147102356,314.84832763671875,241.7733917236328,9.556243896484375,31.549407958984375
1025,10,person,0,0.8102520108222961,406.948486328125,268.142578125,19.054534912109375,56.6751708984375
1025,12,person,0,0.7658344507217407,356.506103515625,254.98977661132812,16.7279052734375,39.89988708496094
1025,17,person,0,0.7014237642288208,392.3372802734375,259.0168762207031,10.730743408203125,39.31719970703125
1025,9,person,0,0.6182610392570496,295.6724853515625,253.4175567626953,13.390777587890625,37.647430419921875
1025,21,person,0,0.7482452392578125,337.4138488769531,242.87399291992188,11.64080810546875,33.281982421875
1025,20,person,0,0.6087948679924011,314.6458740234375,241.75079345703125,9.485992431640625,32.01287841796875
1026,10,person,0,0.8009808659553528,407.02264404296875,268.4909362792969,18.962921142578125,56.51811218261719
1026,12,person,0,0.7851387858390808,356.8155822753906,255.803466796875,16.97662353515625,41.16950988769531
1026,17,person,0,0.702104926109314,392.336669921875,259.2724609375,10.879302978515625,39.94224548339844
1026,9,person,0,0.5782909989356995,295.580810546875,253.26548767089844,13.952362060546875,37.833343505859375
1026,21,person,0,0.7400980591773987,337.55810546875,243.87673950195312,12.14019775390625,35.21336364746094
1026,20,person,0,0.5579921007156372,314.5697021484375,241.78704833984375,9.401031494140625,31.738296508789062
1027,10,person,0,0.8033726215362549,407.038818359375,268.57183837890625,19.044586181640625,56.63011169433594
1027,12,person,0,0.7877196669578552,357.13397216796875,255.92709350585938,16.6978759765625,41.1151123046875
1027,17,person,0,0.7251954078674316,392.35089111328125,259.5765075683594,11.219268798828125,40.86299133300781
1027,9,person,0,0.46696048974990845,295.94525146484375,253.59030151367188,13.837860107421875,37.1527099609375
1027,21,person,0,0.7211329340934753,337.1682434082031,244.02879333496094,11.642822265625,34.960845947265625
1027,20,person,0,0.47323381900787354,314.58056640625,241.43081665039062,9.282806396484375,31.213668823242188
1028,10,person,0,0.801634669303894,407.02728271484375,268.4203186035156,19.5035400390625,56.83268737792969
1028,12,person,0,0.7667015790939331,357.3010559082031,255.3726806640625,16.26239013671875,39.9368896484375
1028,17,person,0,0.6597855091094971,392.21490478515625,259.61224365234375,11.066192626953125,40.49424743652344
1028,9,person,0,0.47285497188568115,296.45904541015625,253.50213623046875,13.066741943359375,36.10359191894531
1028,21,person,0,0.7273950576782227,336.9234924316406,244.08218383789062,11.68109130859375,34.78038024902344
1028,20,person,0,0.5377163887023926,314.61883544921875,241.55458068847656,9.300689697265625,31.873748779296875
1029,10,person,0,0.8038292527198792,407.1092529296875,268.22930908203125,19.890716552734375,57.03546142578125
1029,12,person,0,0.7678248882293701,357.4234619140625,255.53451538085938,16.264190673828125,40.2724609375
1029,17,person,0,0.6857490539550781,392.25079345703125,259.65411376953125,10.839263916015625,40.706695556640625
1029,9,person,0,0.45970991253852844,296.5626525878906,253.1858673095703,12.42279052734375,35.476409912109375
1029,21,person,0,0.694419264793396,336.597900390625,243.69195556640625,11.439483642578125,33.68104553222656
1029,20,person,0,0.6263112425804138,314.64532470703125,241.43045043945312,9.58367919921875,32.97962951660156
1030,10,person,0,0.8042889833450317,407.0523681640625,268.3021545410156,19.94940185546875,57.05174255371094
1030,12,person,0,0.7571983933448792,357.81756591796875,255.048583984375,16.6474609375,39.14338684082031
1030,17,person,0,0.7153164148330688,392.11492919921875,259.74346923828125,10.662139892578125,41.13737487792969
1030,9,person,0,0.2856851816177368,296.83984375,253.45022583007812,10.982574462890625,34.89756774902344
1030,21,person,0,0.6808304786682129,336.4307861328125,244.07876586914062,11.297637939453125,34.16529846191406
1030,20,person,0,0.6815609931945801,314.86181640625,241.22952270507812,9.889251708984375,33.32069396972656
1031,10,person,0,0.8165079951286316,406.81793212890625,268.3903503417969,20.4569091796875,56.88417053222656
1031,12,person,0,0.7823172807693481,358.20068359375,255.40113830566406,16.79339599609375,39.800994873046875
1031,17,person,0,0.7303358912467957,391.90576171875,259.7813720703125,10.696380615234375,41.29023742675781
1031,9,person,0,0.39963632822036743,295.64691162109375,252.17507934570312,12.420623779296875,34.4744873046875
1031,21,person,0,0.607903003692627,336.10845947265625,244.21090698242188,11.135772705078125,34.37274169921875
1031,20,person,0,0.7048766016960144,314.9503173828125,241.28102111816406,10.044769287109375,33.130767822265625
1032,10,person,0,0.8007222414016724,406.38739013671875,268.46929931640625,21.5748291015625,57.075347900390625
1032,12,person,0,0.7978360056877136,358.61895751953125,255.43875122070312,16.84259033203125,40.03663635253906
1032,17,person,0,0.739086925983429,391.6492614746094,259.8498840332031,10.82843017578125,41.40252685546875
1032,9,person,0,0.5555729866027832,295.24749755859375,250.39031982421875,13.21221923828125,31.181198120117188
1032,21,person,0,0.5512000918388367,335.6163330078125,244.5631866455078,11.254241943359375,35.024261474609375
1032,20,person,0,0.7318133115768433,315.0360107421875,241.06683349609375,10.500244140625,33.64247131347656
1033,10,person,0,0.8149915933609009,406.680908203125,268.2342529296875,21.95654296875,57.09098815917969
1033,12,person,0,0.8017287850379944,358.80438232421875,255.3568115234375,16.891693115234375,40.07463073730469
1033,17,person,0,0.7448748350143433,391.3638000488281,259.92138671875,10.7239990234375,41.270660400390625
1033,9,person,0,0.5892049670219421,294.9019775390625,249.1328582763672,13.207244873046875,27.977447509765625
1033,21,person,0,0.48359447717666626,335.15838623046875,240.98529052734375,10.8775634765625,27.801681518554688
1033,20,person,0,0.7337904572486877,314.9907531738281,241.20767211914062,10.73687744140625,33.77680969238281
1034,10,person,0,0.8157183527946472,406.81536865234375,268.08111572265625,22.249542236328125,57.14897155761719
1034,12,person,0,0.7899343371391296,359.0272216796875,255.55853271484375,16.94580078125,40.54649353027344
1034,17,person,0,0.7379251718521118,391.1305847167969,260.06988525390625,10.9276123046875,41.26176452636719
1034,9,person,0,0.5930913686752319,294.6664123535156,248.6631317138672,13.67169189453125,26.896942138671875
1034,21,person,0,0.6109740138053894,334.91986083984375,238.82627868652344,10.779876708984375,23.434539794921875
1034,20,person,0,0.7159262299537659,314.97943115234375,241.525390625,10.615570068359375,33.49281311035156
1035,10,person,0,0.8132206201553345,407.03643798828125,268.12005615234375,22.091033935546875,57.540496826171875
1035,12,person,0,0.7891387939453125,359.27557373046875,255.5974884033203,16.7467041015625,40.659210205078125
1035,17,person,0,0.7246978878974915,390.81390380859375,260.12408447265625,11.215301513671875,41.21525573730469
1035,9,person,0,0.39336851239204407,294.4045104980469,251.75381469726562,14.04425048828125,33.62843322753906
1035,21,person,0,0.5916221141815186,334.649658203125,238.7210693359375,10.872039794921875,23.3807373046875
1035,20,person,0,0.6890992522239685,314.97760009765625,241.6239776611328,10.272247314453125,33.190765380859375
1036,10,person,0,0.8217058181762695,407.14117431640625,268.162841796875,22.057952880859375,57.899200439453125
1036,12,person,0,0.7996097207069397,359.58282470703125,255.05673217773438,16.28192138671875,39.60533142089844
1036,17,person,0,0.7107817530632019,390.4034729003906,259.8573303222656,11.5250244140625,40.73374938964844
1036,9,person,0,0.5237612128257751,294.31964111328125,254.70269775390625,14.603912353515625,39.92366027832031
1036,21,person,0,0.5966449975967407,334.2295227050781,240.8653564453125,10.7943115234375,27.661514282226562
1036,20,person,0,0.6801925301551819,314.9973449707031,241.74807739257812,10.30328369140625,32.77119445800781
1037,10,person,0,0.8215513825416565,407.3184509277344,268.1486511230469,22.00677490234375,57.90299987792969
1037,12,person,0,0.7945771217346191,359.83624267578125,254.64422607421875,16.335174560546875,38.7366943359375
1037,17,person,0,0.7393960952758789,390.1031494140625,259.6976318359375,11.092498779296875,40.411224365234375
1037,9,person,0,0.5905398726463318,294.168212890625,256.1343688964844,14.75616455078125,42.89875793457031
1037,21,person,0,0.5127846002578735,333.99609375,243.45431518554688,11.067047119140625,32.86595153808594
1037,20,person,0,0.6779437065124512,315.2645568847656,241.69496154785156,10.0325927734375,31.886077880859375
1038,10,person,0,0.8303853869438171,407.4810485839844,268.1969909667969,21.91925048828125,57.70404052734375
1038,12,person,0,0.7897519469261169,359.9776306152344,254.45809936523438,16.44708251953125,38.53288269042969
1038,17,person,0,0.7327880859375,389.71435546875,259.8971862792969,11.569091796875,40.75798034667969
1038,9,person,0,0.5448600649833679,294.1742248535156,256.43817138671875,14.74639892578125,43.02854919433594
1038,21,person,0,0.4524461030960083,333.80621337890625,240.108642578125,10.593505859375,26.113571166992188
1038,20,person,0,0.7107639908790588,315.25872802734375,241.53289794921875,10.300262451171875,31.926513671875
1039,10,person,0,0.832302451133728,407.547607421875,268.7819519042969,21.763153076171875,58.186279296875
1039,12,person,0,0.8007068037986755,359.9946594238281,254.48251342773438,16.43359375,38.73822021484375
1039,17,person,0,0.7404568791389465,389.3525390625,259.73291015625,11.583709716796875,40.510528564453125
1039,9,person,0,0.5497140288352966,294.39678955078125,256.75457763671875,14.651519775390625,41.38316345214844
1039,21,person,0,0.4374467730522156,333.2783203125,238.669189453125,10.699005126953125,22.900100708007812
1039,20,person,0,0.6726131439208984,315.3111572265625,241.44236755371094,10.066925048828125,31.472564697265625
1040,10,person,0,0.8296598792076111,407.366455078125,268.9209899902344,21.982086181640625,58.41473388671875
1040,12,person,0,0.7700537443161011,360.1752014160156,254.33763122558594,16.5394287109375,38.673858642578125
1040,17,person,0,0.7422870993614197,388.79693603515625,259.86041259765625,12.25048828125,40.333770751953125
1040,9,person,0,0.4619225561618805,294.19097900390625,256.2286376953125,14.282379150390625,38.07286071777344
1040,21,person,0,0.6090317368507385,332.83740234375,242.78952026367188,11.5811767578125,30.975341796875
1040,20,person,0,0.5744129419326782,315.437744140625,241.60569763183594,9.4697265625,31.434844970703125
1041,10,person,0,0.8296729326248169,407.4293212890625,269.3226623535156,22.355438232421875,59.06455993652344
1041,12,person,0,0.7878572940826416,360.58740234375,254.16070556640625,16.087249755859375,38.35310363769531
1041,17,person,0,0.7530017495155334,388.1877136230469,259.9276123046875,13.87078857421875,40.648956298828125
1041,9,person,0,0.5121812224388123,294.22027587890625,255.03079223632812,14.3095703125,36.19050598144531
1041,21,person,0,0.5891258120536804,332.6103515625,244.20062255859375,11.403533935546875,33.54414367675781
1041,20,person,0,0.45934057235717773,315.57623291015625,241.55418395996094,9.0267333984375,30.996917724609375
1042,10,person,0,0.8303285241127014,407.45074462890625,269.0509338378906,22.403778076171875,57.9637451171875
1042,12,person,0,0.7696999907493591,360.8193359375,254.25604248046875,16.031829833984375,38.4735107421875
1042,17,person,0,0.7796139717102051,387.4000244140625,259.72894287109375,15.30853271484375,41.154022216796875
1042,9,person,0,0.5419460535049438,293.97857666015625,252.7257080078125,14.205413818359375,31.806442260742188
1042,21,person,0,0.6906269192695618,332.224853515625,245.41860961914062,11.939849853515625,35.50126647949219
1042,20,person,0,0.6230112314224243,315.7690124511719,241.916259765625,8.762451171875,31.07135009765625
1043,10,person,0,0.8129599690437317,407.28265380859375,268.96234130859375,22.399749755859375,57.25779724121094
1043,12,person,0,0.7680206298828125,361.20025634765625,254.154541015625,16.600128173828125,38.39390563964844
1043,17,person,0,0.7644683718681335,386.81549072265625,259.4649353027344,16.256561279296875,41.39942932128906
1043,9,person,0,0.555808424949646,293.90142822265625,251.02301025390625,14.725982666015625,28.684890747070312
1043,21,person,0,0.6522790789604187,331.9645690917969,245.50076293945312,12.029052734375,35.21954345703125
1043,20,person,0,0.46231716871261597,315.91607666015625,242.3922119140625,8.699066162109375,30.894851684570312
1044,10,person,0,0.8248633742332458,407.14910888671875,268.9986572265625,22.643280029296875,57.49041748046875
1044,12,person,0,0.7688574194908142,361.5887451171875,254.09832763671875,16.914825439453125,38.21638488769531
1044,17,person,0,0.7785652875900269,386.193603515625,259.45233154296875,17.53546142578125,41.408050537109375
1044,9,person,0,0.5635398030281067,293.84295654296875,251.84469604492188,15.462249755859375,28.822769165039062
1044,21,person,0,0.6561679244041443,331.5761413574219,245.96214294433594,11.96990966796875,35.925567626953125
1044,20,person,0,0.6261925101280212,315.97198486328125,242.17677307128906,9.09539794921875,31.428070068359375
1045,10,person,0,0.8242743015289307,407.0390930175781,270.20794677734375,22.66534423828125,59.37217712402344
1045,12,person,0,0.7710343599319458,361.9893798828125,254.12078857421875,17.45697021484375,38.34016418457031
1045,17,person,0,0.770653486251831,385.686279296875,259.5811462402344,18.562713623046875,41.25221252441406
1045,9,person,0,0.5447171926498413,293.9027099609375,253.847412109375,15.3468017578125,32.61006164550781
1045,21,person,0,0.6760503649711609,331.4120788574219,246.41827392578125,11.77392578125,36.77046203613281
1045,20,person,0,0.6641643047332764,316.0815124511719,242.33514404296875,9.18560791015625,31.191299438476562
1046,10,person,0,0.8237782716751099,407.05450439453125,271.1375732421875,22.421051025390625,60.49632263183594
1046,12,person,0,0.764245331287384,362.36749267578125,254.00283813476562,17.5521240234375,38.28733825683594
1046,17,person,0,0.7708839178085327,385.385498046875,259.64276123046875,19.164947509765625,41.44001770019531
1046,9,person,0,0.5305296182632446,294.0295715332031,255.2708740234375,15.12139892578125,35.8482666015625
1046,21,person,0,0.6808760762214661,331.1629638671875,246.33570861816406,11.779205322265625,36.741973876953125
1046,20,person,0,0.6678062081336975,316.134521484375,242.65823364257812,9.143951416015625,30.213729858398438
1047,10,person,0,0.8218356370925903,407.003173828125,271.5245666503906,22.335968017578125,60.95335388183594
1047,12,person,0,0.7694404721260071,362.70404052734375,254.259765625,18.018829345703125,38.76182556152344
1047,17,person,0,0.780968964099884,385.02593994140625,259.8778381347656,19.741363525390625,41.61236572265625
1047,9,person,0,0.5822198987007141,294.0526123046875,256.083740234375,15.31671142578125,40.177215576171875
1047,21,person,0,0.6463285684585571,330.82659912109375,246.14309692382812,12.250518798828125,36.24375915527344
1047,20,person,0,0.6386539340019226,316.1109924316406,242.7272491455078,8.83892822265625,29.874969482421875
1048,10,person,0,0.8280767798423767,406.937744140625,271.2070617675781,22.138397216796875,60.32481384277344
1048,12,person,0,0.7717121243476868,363.12744140625,254.27206420898438,18.100311279296875,38.89457702636719
1048,17,person,0,0.7877732515335083,384.82818603515625,259.9196472167969,19.900726318359375,41.80499267578125
1048,9,person,0,0.7056160569190979,293.9923095703125,256.783203125,15.747406005859375,41.93528747558594
1048,21,person,0,0.6988239884376526,330.38360595703125,244.58033752441406,12.336822509765625,33.450164794921875
1048,20,person,0,0.6381734013557434,316.16461181640625,242.75015258789062,8.564544677734375,29.957534790039062
1049,10,person,0,0.8273488879203796,406.9848937988281,271.04815673828125,22.07183837890625,60.333343505859375
1049,12,person,0,0.7765774130821228,363.1918029785156,254.65179443359375,17.82196044921875,39.64569091796875
1049,17,person,0,0.7713109850883484,384.6296691894531,259.9464111328125,19.78631591796875,41.82975769042969
1049,9,person,0,0.6881607174873352,293.966796875,257.8373718261719,15.648712158203125,41.5645751953125
1049,21,person,0,0.6886420845985413,329.9775085449219,244.19265747070312,12.67431640625,32.44541931152344
1049,20,person,0,0.6084868311882019,316.33758544921875,242.5034637451172,8.694061279296875,30.545623779296875
1050,10,person,0,0.8344913125038147,406.9762878417969,270.85791015625,22.19195556640625,60.635040283203125
1050,12,person,0,0.7620778679847717,362.7477111816406,254.51441955566406,16.3095703125,38.945465087890625
1050,17,person,0,0.7886812686920166,384.47747802734375,259.9142150878906,19.167083740234375,41.71327209472656
1050,9,person,0,0.680473804473877,293.813720703125,258.2936096191406,15.439727783203125,40.73309326171875
1050,21,person,0,0.6932756900787354,329.7499084472656,245.46096801757812,12.321533203125,34.60276794433594
1050,20,person,0,0.486825555562973,316.41595458984375,242.7174072265625,8.599700927734375,30.0135498046875
1050,22,bicycle,1,0.6312416195869446,294.03326416015625,269.275634765625,13.948089599609375,32.40443420410156
1051,10,person,0,0.8263908624649048,406.91644287109375,270.86444091796875,22.238983154296875,60.707977294921875
1051,12,person,0,0.7630060911178589,362.64501953125,254.30438232421875,15.511260986328125,38.71229553222656
1051,17,person,0,0.7567146420478821,384.1011047363281,259.8879089355469,18.3790283203125,41.77308654785156
1051,9,person,0,0.5783326029777527,293.9674072265625,259.6708984375,15.085662841796875,43.0570068359375
1051,21,person,0,0.6726774573326111,329.4786376953125,246.1069793701172,11.9295654296875,34.313201904296875
1051,20,person,0,0.29982244968414307,316.3840026855469,243.70497131347656,8.33477783203125,27.687469482421875
1051,22,bicycle,1,0.6010761260986328,294.0782775878906,269.531982421875,13.79248046875,33.425384521484375
1052,10,person,0,0.8237506747245789,406.84185791015625,270.8980712890625,22.18975830078125,61.045379638671875
1052,12,person,0,0.7677705883979797,362.69647216796875,254.037109375,14.9649658203125,38.659423828125
1052,17,person,0,0.7445970773696899,383.8857421875,259.8506164550781,17.754791259765625,41.92286682128906
1052,9,person,0,0.6611554622650146,293.8033447265625,259.7852783203125,14.878387451171875,43.270172119140625
1052,21,person,0,0.7074234485626221,329.27178955078125,244.9978485107422,11.619415283203125,31.528900146484375
1052,20,person,0,0.15029047429561615,316.3455505371094,240.53468322753906,8.35345458984375,24.32830810546875
1052,22,bicycle,1,0.5000646114349365,293.77410888671875,268.19549560546875,14.010223388671875,34.059661865234375
1053,10,person,0,0.8194703459739685,406.86187744140625,270.946533203125,22.407501220703125,61.07823181152344
1053,12,person,0,0.7720243334770203,362.4110107421875,253.8218994140625,14.209442138671875,38.60260009765625
1053,17,person,0,0.7222223281860352,382.9930419921875,259.6404724121094,16.412322998046875,41.712158203125
1053,9,person,0,0.6430344581604004,293.5229187011719,259.83148193359375,14.566650390625,43.0445556640625
1053,21,person,0,0.62517911195755,329.2645263671875,245.27540588378906,11.150177001953125,30.795196533203125
1053,20,person,0,0.226993590593338,316.3075256347656,243.6673126220703,8.29925537109375,24.412628173828125
1053,22,bicycle,1,0.4487959146499634,293.84967041015625,268.7973937988281,12.821075439453125,32.83695983886719
1054,10,person,0,0.8152027130126953,406.8683776855469,270.9520568847656,22.36468505859375,61.05877685546875
1054,12,person,0,0.7583234906196594,361.8527526855469,253.77105712890625,13.57000732421875,38.626708984375
1054,17,person,0,0.710284411907196,382.39410400390625,259.65576171875,15.252410888671875,41.371429443359375
1054,9,person,0,0.6374516487121582,293.377197265625,261.01141357421875,14.382659912109375,45.014862060546875
1054,21,person,0,0.691620409488678,329.1076965332031,245.46163940429688,11.48138427734375,30.604019165039062
1054,20,person,0,0.3102295994758606,316.3443908691406,244.18484497070312,8.56610107421875,25.827880859375
1054,22,bicycle,1,0.27067089080810547,293.775634765625,270.32421875,11.634429931640625,30.222305297851562
1055,10,person,0,0.8167212009429932,406.81536865234375,270.7977294921875,22.766845703125,61.13667297363281
1055,12,person,0,0.752432107925415,361.6204833984375,253.94381713867188,13.1683349609375,38.39732360839844
1055,17,person,0,0.7073816061019897,381.82647705078125,259.6665954589844,14.045257568359375,41.41448974609375
1055,9,person,0,0.5476771593093872,293.1325988769531,260.7430725097656,14.2554931640625,44.13648986816406
1055,21,person,0,0.6633235216140747,328.858642578125,245.12481689453125,11.33148193359375,29.92462158203125
1055,20,person,0,0.4422198534011841,316.506103515625,244.48724365234375,8.8658447265625,25.563552856445312
1055,22,bicycle,1,0.3750533163547516,293.824951171875,270.2585754394531,11.955841064453125,30.904708862304688
1056,10,person,0,0.8245787620544434,406.9069519042969,270.6875915527344,23.010986328125,61.24552917480469
1056,12,person,0,0.768678605556488,361.6331481933594,254.02471923828125,12.8255615234375,38.49159240722656
1056,17,person,0,0.6967201232910156,381.54803466796875,259.7109069824219,13.341033935546875,41.70404052734375
1056,9,person,0,0.58203125,292.89263916015625,259.86749267578125,14.435638427734375,42.31233215332031
1056,21,person,0,0.6505289673805237,328.6387939453125,245.0379638671875,11.53338623046875,30.062484741210938
1056,20,person,0,0.3291712999343872,316.1522216796875,246.08456420898438,7.902923583984375,22.067092895507812
1056,22,bicycle,1,0.5758416652679443,293.76885986328125,270.04351806640625,12.259429931640625,31.536285400390625
1057,10,person,0,0.8180646896362305,406.80108642578125,270.9439697265625,23.016510009765625,61.46492004394531
1057,12,person,0,0.7688913941383362,361.6573486328125,254.03402709960938,12.148223876953125,38.46009826660156
1057,17,person,0,0.7304724454879761,381.31683349609375,259.71234130859375,13.332305908203125,41.85432434082031
1057,9,person,0,0.6222847104072571,292.9378662109375,258.9336242675781,15.240234375,40.34480285644531
1057,21,person,0,0.5648450255393982,328.4654541015625,245.86676025390625,11.563232421875,31.71307373046875
1057,20,person,0,0.37323522567749023,316.30914306640625,245.2726287841797,8.09991455078125,20.968048095703125
1057,22,bicycle,1,0.6151729822158813,293.70037841796875,270.4237060546875,12.755462646484375,31.891448974609375
1058,10,person,0,0.8212998509407043,407.0517578125,271.2001037597656,22.950958251953125,61.754638671875
1058,12,person,0,0.7601815462112427,361.72833251953125,254.16514587402344,11.974273681640625,38.409637451171875
1058,17,person,0,0.7500530481338501,381.0543212890625,259.7442626953125,13.24627685546875,41.930084228515625
1058,9,person,0,0.558417558670044,292.90264892578125,258.6332702636719,15.293060302734375,39.72294616699219
1058,21,person,0,0.5336955785751343,328.3056640625,246.6280517578125,11.463348388671875,32.4305419921875
1058,20,person,0,0.38041532039642334,316.39739990234375,246.022705078125,8.40484619140625,18.291763305664062
1058,22,bicycle,1,0.26003366708755493,293.4270324707031,269.8553161621094,13.96221923828125,33.40400695800781
1059,10,person,0,0.8217931985855103,407.3023681640625,271.341796875,22.640380859375,61.71612548828125
1059,12,person,0,0.7777561545372009,361.67449951171875,254.06356811523438,11.540496826171875,38.04237365722656
1059,17,person,0,0.7177752256393433,380.5899963378906,259.89678955078125,12.3009033203125,42.019439697265625
1059,9,person,0,0.5347515344619751,293.3084716796875,257.6026306152344,15.238189697265625,37.5396728515625
1059,21,person,0,0.5160050392150879,327.6619873046875,247.89678955078125,11.063873291015625,35.06236267089844
1059,20,person,0,0.3670501410961151,316.825439453125,245.0518798828125,8.827728271484375,18.798095703125
1059,22,bicycle,1,0.27559423446655273,293.62646484375,270.2254333496094,13.692169189453125,35.15431213378906
1060,10,person,0,0.8226156234741211,407.458740234375,271.2838134765625,22.32470703125,61.797760009765625
1060,12,person,0,0.7693520188331604,361.6783447265625,253.79225158691406,11.440155029296875,37.651397705078125
1060,17,person,0,0.7304496765136719,380.09368896484375,260.05401611328125,12.101837158203125,42.22088623046875
1060,9,person,0,0.5586618185043335,293.171630859375,257.8684997558594,15.269287109375,37.10401916503906
1060,21,person,0,0.600410521030426,327.27520751953125,248.86221313476562,11.517181396484375,37.20426940917969
1060,20,person,0,0.2668556272983551,316.6827392578125,241.8268280029297,9.182769775390625,24.89007568359375
1060,22,bicycle,1,0.336559921503067,293.71685791015625,271.9027099609375,11.8553466796875,32.09405517578125
1061,10,person,0,0.8330889940261841,407.75762939453125,271.33172607421875,22.014678955078125,62.11680603027344
1061,12,person,0,0.7354568839073181,361.6878356933594,253.72708129882812,11.39105224609375,37.42198181152344
1061,17,person,0,0.7537546157836914,379.6187744140625,260.24664306640625,11.738372802734375,42.16462707519531
1061,9,person,0,0.5909843444824219,293.0440673828125,257.65557861328125,15.389434814453125,36.54347229003906
1061,21,person,0,0.6314622759819031,327.1316223144531,249.96334838867188,11.85601806640625,38.38841247558594
1061,20,person,0,0.38839226961135864,316.9430236816406,242.70010375976562,8.989013671875,26.119873046875
1061,22,bicycle,1,0.2759328782558441,293.3712158203125,272.7666015625,10.738006591796875,30.749359130859375
1062,10,person,0,0.8288504481315613,408.0318603515625,271.8359680175781,21.66143798828125,62.36604309082031
1062,12,person,0,0.7461826801300049,361.63714599609375,253.8971710205078,11.48126220703125,38.012908935546875
1062,17,person,0,0.7546128034591675,379.4312744140625,260.2949523925781,11.315826416015625,42.11808776855469
1062,9,person,0,0.5542631149291992,292.90814208984375,257.314697265625,15.588653564453125,35.96575927734375
1062,21,person,0,0.6775515079498291,326.8895263671875,250.2307891845703,11.973907470703125,39.250579833984375
1062,20,person,0,0.32930219173431396,316.99969482421875,243.40403747558594,8.932861328125,26.245086669921875
1062,22,bicycle,1,0.16184698045253754,292.78997802734375,271.32269287109375,12.831451416015625,32.59333801269531
1063,10,person,0,0.8225736021995544,408.27142333984375,272.2513732910156,21.32464599609375,62.38087463378906
1063,12,person,0,0.700833797454834,361.4565734863281,253.9774169921875,11.54486083984375,37.84663391113281
1063,17,person,0,0.741805374622345,379.21240234375,260.39617919921875,11.554351806640625,42.402618408203125
1063,9,person,0,0.6480382084846497,292.65386962890625,256.774169921875,15.758331298828125,35.51222229003906
1063,21,person,0,0.6483800411224365,326.5946350097656,250.13192749023438,12.24853515625,39.74272155761719
1063,20,person,0,0.21321722865104675,317.17724609375,240.34475708007812,8.15264892578125,21.714202880859375
1063,22,bicycle,1,0.6809868216514587,292.9374084472656,271.16162109375,13.19183349609375,33.0294189453125
1064,10,person,0,0.8261016607284546,408.68414306640625,272.6739501953125,21.31146240234375,62.309417724609375
1064,12,person,0,0.5987833142280579,360.9625244140625,253.57757568359375,10.740692138671875,37.19453430175781
1064,17,person,0,0.7471732497215271,379.02001953125,260.3647155761719,11.547027587890625,42.425537109375
1064,9,person,0,0.5925102829933167,292.6202392578125,256.7843322753906,15.478790283203125,34.55348205566406
1064,21,person,0,0.667597770690918,326.2453308105469,250.32046508789062,12.91387939453125,40.96202087402344
1064,22,bicycle,1,0.6469128131866455,293.13201904296875,271.19873046875,13.44061279296875,33.03565979003906
1065,10,person,0,0.8281641602516174,409.0350341796875,272.656005859375,21.684783935546875,61.601837158203125
1065,12,person,0,0.5505207777023315,360.5656433105469,252.2219696044922,10.00909423828125,34.531097412109375
1065,17,person,0,0.7433468699455261,378.85565185546875,260.45855712890625,11.549163818359375,42.737335205078125
1065,9,person,0,0.6241968870162964,292.4419250488281,257.56988525390625,15.0560302734375,34.794677734375
1065,21,person,0,0.6456912755966187,326.14105224609375,249.92633056640625,12.900115966796875,40.29130554199219
1065,22,bicycle,1,0.5865767002105713,293.1957092285156,270.7842102050781,13.85333251953125,32.747802734375
1066,10,person,0,0.8301929235458374,409.27734375,273.09326171875,21.790191650390625,62.221221923828125
1066,12,person,0,0.5523744225502014,360.1626892089844,250.2530517578125,10.032470703125,31.35205078125
1066,17,person,0,0.7287910580635071,378.835693359375,260.6460876464844,11.531463623046875,43.212890625
1066,9,person,0,0.6250820755958557,292.3206787109375,257.5709533691406,15.010040283203125,34.797607421875
1066,21,person,0,0.6711875200271606,325.961669921875,249.58758544921875,12.884307861328125,39.61309814453125
1066,22,bicycle,1,0.6450397372245789,293.26214599609375,269.99920654296875,13.5986328125,32.159515380859375
1067,10,person,0,0.8207562565803528,409.5838317871094,273.1588134765625,21.79986572265625,62.563201904296875
1067,12,person,0,0.5551788210868835,360.07305908203125,251.17242431640625,10.111968994140625,33.46095275878906
1067,17,person,0,0.7113539576530457,378.74359130859375,260.8509216308594,11.695098876953125,43.65650939941406
1067,9,person,0,0.6180623769760132,292.2928466796875,257.2621765136719,15.117889404296875,34.55729675292969
1067,21,person,0,0.6741364002227783,325.43988037109375,249.62557983398438,13.805206298828125,39.46391296386719
1067,22,bicycle,1,0.5654215216636658,293.4075927734375,273.08013916015625,13.98468017578125,36.72099304199219
1068,10,person,0,0.8203156590461731,409.955810546875,273.0632629394531,21.76983642578125,62.57417297363281
1068,12,person,0,0.5597043037414551,359.747314453125,251.46060180664062,10.300262451171875,35.08616638183594
1068,17,person,0,0.6896214485168457,378.713623046875,260.85198974609375,11.845489501953125,43.593170166015625
1068,9,person,0,0.6178761124610901,292.4840087890625,258.400390625,15.57568359375,37.0328369140625
1068,21,person,0,0.6140430569648743,324.85394287109375,248.8883514404297,13.823516845703125,37.686431884765625
1068,22,bicycle,1,0.5744502544403076,293.5921630859375,274.85186767578125,13.592987060546875,37.109344482421875
1069,10,person,0,0.8273218274116516,410.34051513671875,273.023193359375,22.2523193359375,62.3594970703125
1069,12,person,0,0.652405321598053,359.38165283203125,251.4906005859375,10.232269287109375,35.78175354003906
1069,17,person,0,0.7024089097976685,378.6802978515625,260.8124694824219,11.94769287109375,43.47151184082031
1069,9,person,0,0.6502196788787842,292.63214111328125,258.552978515625,16.13604736328125,37.01521301269531
1069,21,person,0,0.6703177094459534,324.5703125,249.66165161132812,13.658538818359375,39.22294616699219
1069,22,bicycle,1,0.5554330945014954,293.61285400390625,275.8559265136719,13.377105712890625,36.4517822265625
1070,10,person,0,0.8236623406410217,410.4857177734375,272.7738037109375,22.374908447265625,63.02000427246094
1070,12,person,0,0.6791292428970337,359.36376953125,251.89984130859375,10.384796142578125,37.17799377441406
1070,17,person,0,0.7121009826660156,378.6051025390625,260.7744140625,12.023834228515625,43.36869812011719
1070,9,person,0,0.6415379643440247,292.78045654296875,260.3742370605469,16.189605712890625,41.07025146484375
1070,21,person,0,0.6913111209869385,324.68408203125,250.39816284179688,14.1328125,40.9891357421875
1070,22,bicycle,1,0.5737572312355042,293.38189697265625,276.84124755859375,13.888031005859375,36.03216552734375
1071,10,person,0,0.8172833919525146,410.4824523925781,272.50286865234375,21.91644287109375,63.338714599609375
1071,12,person,0,0.698907732963562,359.24407958984375,252.02337646484375,10.424957275390625,37.75376892089844
1071,17,person,0,0.7103145718574524,378.5032958984375,260.48406982421875,12.089324951171875,42.83763122558594
1071,9,person,0,0.6341966986656189,292.91082763671875,261.0445861816406,16.3240966796875,41.61137390136719
1071,21,person,0,0.7064017057418823,323.8707275390625,250.3375244140625,15.02813720703125,42.15769958496094
1071,22,bicycle,1,0.5596585869789124,293.605224609375,276.8050537109375,14.496612548828125,37.349212646484375
1072,10,person,0,0.823681652545929,410.4354553222656,272.4060974121094,21.81463623046875,63.34051513671875
1072,12,person,0,0.7253333926200867,359.07843017578125,252.23880004882812,10.4117431640625,37.99229431152344
1072,17,person,0,0.7187791466712952,378.37994384765625,260.27557373046875,12.139984130859375,42.525482177734375
1072,9,person,0,0.6481084227561951,293.02569580078125,261.1329345703125,16.097259521484375,41.4200439453125
1072,21,person,0,0.6570181250572205,322.98748779296875,250.05917358398438,15.583343505859375,41.28825378417969
1072,22,bicycle,1,0.5338365435600281,293.5674743652344,277.3973388671875,13.50750732421875,37.603912353515625
1073,10,person,0,0.8207849860191345,410.40216064453125,272.37811279296875,22.101776123046875,63.786163330078125
1073,12,person,0,0.7441076040267944,358.7261657714844,252.5435791015625,9.74920654296875,37.49690246582031
1073,17,person,0,0.7325286865234375,378.127197265625,260.198974609375,12.2161865234375,42.398834228515625
1073,9,person,0,0.6419937610626221,292.8773193359375,260.9412841796875,16.025634765625,40.65992736816406
1073,21,person,0,0.6474687457084656,322.54071044921875,250.34356689453125,15.887054443359375,40.98265075683594
1073,22,bicycle,1,0.5132491588592529,293.8395080566406,276.86309814453125,13.44140625,38.850250244140625
1073,23,bicycle,1,0.6723180413246155,324.739501953125,260.629150390625,11.7183837890625,26.052764892578125
1074,10,person,0,0.8316860198974609,410.40179443359375,272.4719543457031,22.273681640625,64.50804138183594
1074,12,person,0,0.7385952472686768,358.48321533203125,252.72865295410156,9.340545654296875,37.189056396484375
1074,17,person,0,0.7329274415969849,377.9090881347656,260.1651916503906,12.365966796875,42.5069580078125
1074,9,person,0,0.6176302433013916,292.70953369140625,261.73291015625,16.070404052734375,41.804779052734375
1074,21,person,0,0.6854944229125977,322.97259521484375,251.108154296875,14.314727783203125,41.08195495605469
1074,22,bicycle,1,0.49887850880622864,293.4288330078125,276.2051086425781,14.267242431640625,37.35565185546875
1074,23,bicycle,1,0.4513217806816101,324.12469482421875,260.9691467285156,11.33941650390625,24.348190307617188
1075,10,person,0,0.840641438961029,410.55511474609375,272.9568786621094,22.766021728515625,65.6875
1075,12,person,0,0.7449552416801453,358.4329528808594,252.95863342285156,9.325927734375,37.396697998046875
1075,17,person,0,0.7153721451759338,377.50897216796875,260.4657287597656,12.710662841796875,42.76872253417969
1075,9,person,0,0.653433620929718,292.5740966796875,263.4811096191406,16.218536376953125,45.12113952636719
1075,21,person,0,0.7133225798606873,322.7125244140625,251.92483520507812,14.944366455078125,41.39628601074219
1075,22,bicycle,1,0.4551451504230499,293.1138916015625,276.3396911621094,15.215087890625,37.67138671875
1075,23,bicycle,1,0.2655142843723297,323.71600341796875,257.79010009765625,12.52093505859375,30.59619140625
1076,10,person,0,0.8469369411468506,410.5356750488281,273.1954345703125,23.26666259765625,66.139892578125
1076,12,person,0,0.7433805465698242,358.1517333984375,253.09588623046875,9.05401611328125,37.50083923339844
1076,17,person,0,0.7094942331314087,377.20367431640625,260.609375,13.00592041015625,43.186492919921875
1076,9,person,0,0.618049681186676,292.650634765625,262.0444030761719,16.2904052734375,41.6556396484375
1076,21,person,0,0.701470673084259,322.1218566894531,251.892578125,15.28582763671875,41.83564758300781
1076,22,bicycle,1,0.5218247771263123,292.9150695800781,276.99371337890625,15.2789306640625,35.395355224609375
1076,23,bicycle,1,0.5184752345085144,323.425537109375,259.80950927734375,12.284912109375,26.865036010742188
1077,10,person,0,0.8495043516159058,410.4528503417969,273.5109558105469,23.95562744140625,66.16259765625
1077,12,person,0,0.7627414464950562,357.8294677734375,253.04217529296875,9.300079345703125,37.43751525878906
1077,17,person,0,0.718715488910675,376.759521484375,260.7246398925781,13.676177978515625,43.21185302734375
1077,9,person,0,0.6248964071273804,292.4410705566406,260.8992919921875,16.12103271484375,38.6671142578125
1077,21,person,0,0.6870046854019165,321.78564453125,251.5463409423828,15.5750732421875,41.846038818359375
1077,22,bicycle,1,0.4766848087310791,292.5929870605469,277.1467590332031,15.39971923828125,34.032470703125
1077,23,bicycle,1,0.5299740433692932,323.1833801269531,260.71893310546875,12.16082763671875,25.556488037109375
1078,10,person,0,0.8553094267845154,410.4063720703125,274.43450927734375,24.161712646484375,66.48074340820312
1078,12,person,0,0.7574002742767334,357.4329833984375,252.73471069335938,9.836456298828125,37.04127502441406
1078,17,person,0,0.7204551100730896,376.19317626953125,260.79327392578125,14.118804931640625,43.6368408203125
1078,9,person,0,0.6020822525024414,292.468505859375,262.9131774902344,16.762451171875,42.96342468261719
1078,21,person,0,0.6783279776573181,321.5154724121094,250.86630249023438,15.92547607421875,39.92897033691406
1078,22,bicycle,1,0.5150027871131897,292.80828857421875,278.8419189453125,15.65191650390625,34.954376220703125
1078,23,bicycle,1,0.64678555727005,323.0450439453125,260.43646240234375,12.6324462890625,25.762725830078125
1079,10,person,0,0.8482272624969482,410.4990234375,274.6630859375,24.599700927734375,66.36558532714844
1079,12,person,0,0.7529808878898621,357.10675048828125,252.91796875,10.403076171875,37.3944091796875
1079,17,person,0,0.7470577359199524,375.517578125,260.8562316894531,14.640655517578125,43.42240905761719
1079,9,person,0,0.5984359383583069,292.2395935058594,263.10546875,16.83453369140625,43.392059326171875
1079,21,person,0,0.694593071937561,321.15435791015625,251.52215576171875,15.944366455078125,39.07098388671875
1079,22,bicycle,1,0.5702584385871887,292.5616760253906,279.7165222167969,14.99615478515625,37.7501220703125
1079,23,bicycle,1,0.5392853021621704,322.5277099609375,261.0657958984375,13.067901611328125,26.439361572265625
1080,10,person,0,0.8490660786628723,410.4771728515625,274.720703125,24.839569091796875,65.98822021484375
1080,12,person,0,0.743108868598938,357.07733154296875,252.99380493164062,10.472259521484375,37.65147399902344
1080,17,person,0,0.6954673528671265,374.6883239746094,260.9902038574219,15.52923583984375,43.28681945800781
1080,9,person,0,0.6958795785903931,292.10357666015625,263.6311340332031,16.909515380859375,44.2607421875
1080,21,person,0,0.6871506571769714,320.8092956542969,251.7946319580078,16.19268798828125,39.683502197265625
1080,22,bicycle,1,0.602451503276825,292.72161865234375,280.4312744140625,13.942108154296875,39.807220458984375
1080,23,bicycle,1,0.4273817539215088,321.87969970703125,262.0604248046875,13.507293701171875,26.660552978515625
1081,10,person,0,0.8469719290733337,410.4615173339844,274.90240478515625,24.6917724609375,66.07289123535156
1081,12,person,0,0.7569994926452637,356.9477844238281,252.83087158203125,10.29296875,37.07061767578125
1081,17,person,0,0.7338383197784424,373.94879150390625,261.4492492675781,16.713531494140625,43.06996154785156
1081,9,person,0,0.7080085873603821,291.9791259765625,264.31158447265625,17.027496337890625,44.42530822753906
1081,21,person,0,0.6634187698364258,320.758056640625,251.5179443359375,15.832000732421875,38.97222900390625
1081,22,bicycle,1,0.5565314292907715,293.4696044921875,282.31671142578125,13.034515380859375,38.20037841796875
1081,23,bicycle,1,0.3556433320045471,321.55072021484375,262.5023193359375,13.2147216796875,26.7529296875
1082,10,person,0,0.8441258668899536,410.45489501953125,275.4700927734375,24.701080322265625,66.14120483398438
1082,12,person,0,0.7530442476272583,356.9644775390625,252.22348022460938,9.883331298828125,36.37760925292969
1082,17,person,0,0.7625529170036316,373.60443115234375,261.70361328125,17.277862548828125,42.56288146972656
1082,9,person,0,0.6331899166107178,291.77606201171875,263.8482666015625,17.190948486328125,43.3702392578125
1082,21,person,0,0.6207417249679565,320.8647155761719,250.26995849609375,15.24945068359375,36.28340148925781
1082,22,bicycle,1,0.607681393623352,293.32525634765625,281.57025146484375,14.080291748046875,40.499542236328125
1082,23,bicycle,1,0.33118435740470886,319.18109130859375,263.234130859375,13.848846435546875,27.240188598632812
1083,10,person,0,0.8458260893821716,410.54510498046875,276.10540771484375,24.814361572265625,66.49429321289062
1083,12,person,0,0.7538294196128845,356.42919921875,251.72323608398438,9.9344482421875,36.8382568359375
1083,17,person,0,0.7684394121170044,373.374755859375,261.8350830078125,17.639129638671875,42.691162109375
1083,9,person,0,0.6180109977722168,291.0167236328125,262.3875427246094,16.592620849609375,39.89569091796875
1083,21,person,0,0.6309640407562256,320.8334655761719,249.7748565673828,14.88006591796875,35.739837646484375
1083,22,bicycle,1,0.5843483209609985,293.313720703125,281.43505859375,14.440032958984375,41.408782958984375
1083,23,bicycle,1,0.20162433385849,318.69122314453125,263.5365295410156,12.898956298828125,28.191543579101562
1084,10,person,0,0.851842999458313,410.55963134765625,276.6188049316406,24.956817626953125,67.12364196777344
1084,12,person,0,0.7026135325431824,356.0186767578125,250.87379455566406,9.95703125,36.175079345703125
1084,17,person,0,0.7813975811004639,373.1424560546875,261.62677001953125,17.980987548828125,43.20159912109375
1084,9,person,0,0.5755325555801392,290.65264892578125,262.49505615234375,16.2552490234375,39.79228210449219
1084,21,person,0,0.582962691783905,320.6106872558594,249.34010314941406,14.7569580078125,34.568023681640625
1084,22,bicycle,1,0.51912921667099,293.0693664550781,281.961181640625,15.1746826171875,40.423858642578125
1085,10,person,0,0.8498400449752808,410.505126953125,276.9728088378906,24.8575439453125,67.41709899902344
1085,12,person,0,0.7578873038291931,355.64691162109375,251.0694580078125,10.607757568359375,37.41664123535156
1085,17,person,0,0.7814534306526184,372.97674560546875,261.6803283691406,18.2987060546875,43.29728698730469
1085,9,person,0,0.5213105082511902,290.4390563964844,262.17462158203125,16.13665771484375,36.275909423828125
1085,21,person,0,0.5395585298538208,321.34417724609375,249.4652099609375,13.545013427734375,33.837646484375
1085,22,bicycle,1,0.5651604533195496,292.68475341796875,281.12860107421875,15.63494873046875,37.507568359375
1086,10,person,0,0.8361082673072815,410.3995056152344,277.13006591796875,24.58123779296875,67.03915405273438
1086,12,person,0,0.7760975360870361,355.5487976074219,251.01844787597656,11.31396484375,37.975006103515625
1086,17,person,0,0.7770158052444458,372.9193115234375,261.5976257324219,18.26397705078125,43.75282287597656
1086,9,person,0,0.6178826093673706,289.86090087890625,261.928955078125,16.047210693359375,35.63081359863281
1086,21,person,0,0.5348580479621887,320.8614501953125,250.122802734375,14.756378173828125,34.62031555175781
1086,22,bicycle,1,0.5733681917190552,292.75347900390625,282.1703186035156,14.937774658203125,39.10772705078125
1087,10,person,0,0.8452069759368896,410.4225769042969,276.95001220703125,24.744384765625,67.08238220214844
1087,12,person,0,0.7698742747306824,355.4982604980469,250.91212463378906,11.80792236328125,38.456024169921875
1087,17,person,0,0.7696922421455383,372.7838134765625,262.1018371582031,18.25518798828125,43.59230041503906
1087,9,person,0,0.6044130921363831,289.8100280761719,261.0150451660156,16.9173583984375,32.82994079589844
1087,21,person,0,0.4781031310558319,320.7042236328125,250.00537109375,15.086639404296875,33.99620056152344
1087,22,bicycle,1,0.6186578273773193,292.34698486328125,283.0804443359375,15.165557861328125,39.645355224609375
1088,10,person,0,0.8484843969345093,410.44451904296875,276.87969970703125,24.898895263671875,66.75379943847656
1088,12,person,0,0.7815461158752441,355.3884582519531,250.8279571533203,12.71624755859375,38.635467529296875
1088,17,person,0,0.7603277564048767,372.48388671875,262.192138671875,18.032318115234375,43.904449462890625
1088,9,person,0,0.6167891025543213,290.248779296875,261.1246643066406,17.695526123046875,31.54107666015625
1088,21,person,0,0.44606930017471313,320.34002685546875,249.63357543945312,14.294281005859375,33.551513671875
1088,22,bicycle,1,0.5488399863243103,291.92523193359375,283.24267578125,15.743682861328125,39.833404541015625
1089,10,person,0,0.8521872758865356,410.4561767578125,276.6850280761719,24.922882080078125,67.31642150878906
1089,12,person,0,0.7326942086219788,355.3340148925781,251.03436279296875,13.37890625,38.43049621582031
1089,17,person,0,0.7633488774299622,372.3817138671875,262.27117919921875,17.961578369140625,44.17854309082031
1089,9,person,0,0.5355987548828125,290.07196044921875,262.6190490722656,18.404022216796875,34.43412780761719
1089,21,person,0,0.5683171153068542,320.35540771484375,250.55516052246094,14.010284423828125,35.410858154296875
1089,22,bicycle,1,0.5423619747161865,291.66552734375,283.3616943359375,16.5089111328125,39.2733154296875
1090,10,person,0,0.856303334236145,410.63671875,276.6002197265625,25.253326416015625,67.65420532226562
1090,12,person,0,0.6655145883560181,354.95501708984375,251.12548828125,13.883697509765625,37.86787414550781
1090,17,person,0,0.7784924507141113,372.0399169921875,262.2268371582031,17.238006591796875,43.47950744628906
1090,9,person,0,0.7313530445098877,290.086181640625,265.4202575683594,19.979827880859375,40.81278991699219
1090,21,person,0,0.5581846833229065,319.6148681640625,250.932373046875,14.254486083984375,35.62861633300781
1090,22,bicycle,1,0.5697308778762817,291.6561279296875,284.12994384765625,16.276397705078125,38.993133544921875
1090,23,bicycle,1,0.5109705328941345,318.45556640625,265.6367492675781,11.107025146484375,27.035110473632812
1091,10,person,0,0.8515618443489075,410.64923095703125,276.3660888671875,25.16943359375,68.12190246582031
1091,12,person,0,0.5701714754104614,354.2690734863281,251.43670654296875,14.79730224609375,37.48207092285156
1091,17,person,0,0.782231330871582,371.87127685546875,262.1887512207031,16.812164306640625,43.41828918457031
1091,9,person,0,0.7619016766548157,289.7265625,268.3830871582031,20.963470458984375,47.14891052246094
1091,21,person,0,0.5948123931884766,319.3914489746094,251.074951171875,14.65045166015625,35.78010559082031
1091,22,bicycle,1,0.4826198220252991,290.8887634277344,285.44647216796875,17.4102783203125,40.595733642578125
1091,23,bicycle,1,0.5677887201309204,318.23907470703125,266.0362548828125,11.249359130859375,26.840377807617188
1092,10,person,0,0.8599175810813904,410.73638916015625,275.90643310546875,24.8021240234375,68.58122253417969
1092,17,person,0,0.7523924112319946,371.07293701171875,262.15228271484375,15.796234130859375,43.33355712890625
1092,9,person,0,0.71822589635849,289.5142822265625,268.63165283203125,21.38165283203125,46.92066955566406
1092,21,person,0,0.24503006041049957,318.23992919921875,253.81295776367188,14.8563232421875,40.24781799316406
1092,22,bicycle,1,0.5746684670448303,290.990966796875,286.2186584472656,17.897552490234375,39.8624267578125
1092,23,bicycle,1,0.5154991149902344,318.28729248046875,265.7599792480469,11.459197998046875,27.654891967773438
1093,10,person,0,0.8558776378631592,410.8482360839844,275.84576416015625,24.484619140625,68.47413635253906
1093,17,person,0,0.7592002749443054,370.22064208984375,262.089111328125,14.529693603515625,43.258056640625
1093,9,person,0,0.7538252472877502,289.25347900390625,270.14764404296875,22.01824951171875,49.06892395019531
1093,21,person,0,0.5994109511375427,317.5365905761719,253.49952697753906,16.16448974609375,41.135406494140625
1093,22,bicycle,1,0.5423771142959595,290.25762939453125,286.66949462890625,18.614898681640625,40.255645751953125
1093,23,bicycle,1,0.5628638863563538,318.0211486816406,266.0760803222656,11.809814453125,27.980728149414062
1093,12,person,0,0.5154653191566467,353.361572265625,251.400146484375,15.16326904296875,36.24359130859375
1094,10,person,0,0.8509055376052856,411.0179443359375,275.8251953125,24.445343017578125,68.72906494140625
1094,17,person,0,0.7885231971740723,369.322509765625,262.0307922363281,13.974700927734375,43.35328674316406
1094,9,person,0,0.6884002089500427,288.68011474609375,271.1068420410156,22.520416259765625,50.33137512207031
1094,21,person,0,0.5700340270996094,317.1046142578125,254.22506713867188,16.64141845703125,43.3568115234375
1094,22,bicycle,1,0.5312934517860413,289.2621765136719,287.533203125,17.481689453125,41.623931884765625
1094,23,bicycle,1,0.4262658357620239,317.62457275390625,266.4005126953125,12.7008056640625,27.794906616210938
1094,12,person,0,0.5477879643440247,353.1357421875,251.5113525390625,15.859222412109375,36.2447509765625
1095,10,person,0,0.8618257641792297,411.18048095703125,275.94586181640625,24.202056884765625,68.96238708496094
1095,17,person,0,0.7925007939338684,368.8134765625,261.97027587890625,13.8792724609375,43.66609191894531
1095,9,person,0,0.7135351896286011,288.2181396484375,272.18109130859375,22.65673828125,51.507354736328125
1095,21,person,0,0.614298403263092,316.95355224609375,254.664306640625,17.266082763671875,43.02313232421875
1095,22,bicycle,1,0.5269185900688171,288.60601806640625,288.14935302734375,18.498260498046875,41.201416015625
1095,23,bicycle,1,0.6293246150016785,317.52581787109375,266.4373779296875,12.40631103515625,27.330154418945312
1096,10,person,0,0.8661947846412659,411.5069580078125,276.0136413574219,23.94317626953125,68.91029357910156
1096,17,person,0,0.7977409362792969,368.36822509765625,261.95660400390625,14.026947021484375,44.108673095703125
1096,9,person,0,0.7217353582382202,287.7624206542969,273.5816650390625,22.4964599609375,52.577728271484375
1096,21,person,0,0.6742830276489258,316.9285583496094,254.27804565429688,17.113525390625,41.65666198730469
1096,22,bicycle,1,0.49749255180358887,288.2509460449219,288.43927001953125,18.12506103515625,41.335235595703125
1096,23,bicycle,1,0.39499014616012573,317.34088134765625,266.5200500488281,12.703704833984375,26.944259643554688
1096,12,person,0,0.6416258811950684,352.6378173828125,251.43202209472656,16.140655517578125,36.288543701171875
1097,10,person,0,0.8642596006393433,411.7266845703125,276.34478759765625,23.885162353515625,68.90499877929688
1097,17,person,0,0.7965829372406006,368.0022888183594,261.9269104003906,14.58599853515625,44.01959228515625
1097,9,person,0,0.7256937623023987,286.880615234375,274.0328369140625,22.649169921875,52.435333251953125
1097,21,person,0,0.6419488787651062,316.20794677734375,254.49085998535156,16.924346923828125,41.841766357421875
1097,22,bicycle,1,0.5820767283439636,288.03802490234375,288.8895263671875,18.74212646484375,40.557769775390625
1097,23,bicycle,1,0.4979420006275177,316.6167907714844,266.7587890625,12.79180908203125,27.091323852539062
1097,12,person,0,0.6537339687347412,352.0004577636719,251.3892364501953,16.185546875,36.147613525390625
1098,10,person,0,0.8587662577629089,411.74591064453125,276.69354248046875,23.470611572265625,69.19288635253906
1098,17,person,0,0.7860321998596191,367.66851806640625,262.1099548339844,14.726776123046875,44.15275573730469
1098,9,person,0,0.6554727554321289,285.8574523925781,271.92059326171875,22.23980712890625,46.85072326660156
1098,21,person,0,0.6594758629798889,315.1988525390625,255.5775146484375,16.232696533203125,42.97132873535156
1098,22,bicycle,1,0.6366207599639893,287.2027587890625,289.7412414550781,18.437408447265625,41.236083984375
1098,23,bicycle,1,0.5604398846626282,315.9092712402344,267.0715026855469,12.19561767578125,27.567138671875
1098,12,person,0,0.6486189365386963,351.18133544921875,251.10171508789062,16.529144287109375,36.50920104980469
1099,10,person,0,0.8520495891571045,411.7732238769531,277.3450927734375,23.321533203125,68.83041381835938
1099,17,person,0,0.7828012704849243,367.139892578125,262.08465576171875,15.010528564453125,43.4384765625
1099,9,person,0,0.5546709299087524,284.86962890625,269.3218688964844,22.1190185546875,40.55320739746094
1099,21,person,0,0.6825106739997864,314.5849609375,255.90740966796875,16.268768310546875,43.81040954589844
1099,22,bicycle,1,0.6212940812110901,287.1878662109375,290.29486083984375,19.061370849609375,41.452880859375
1099,23,bicycle,1,0.6337877511978149,315.747314453125,266.6606140136719,12.838623046875,27.19036865234375
1099,12,person,0,0.5565076470375061,349.97479248046875,250.75421142578125,15.79931640625,35.33323669433594
1100,10,person,0,0.8609994053840637,411.9940490722656,277.855712890625,23.10491943359375,68.82987976074219
1100,17,person,0,0.8090636134147644,366.51812744140625,262.26324462890625,15.065093994140625,43.388397216796875
1100,9,person,0,0.5960164070129395,284.426513671875,273.1275939941406,22.563812255859375,45.43170166015625
1100,21,person,0,0.6983680129051208,314.24420166015625,255.71810913085938,16.218231201171875,44.8787841796875
1100,22,bicycle,1,0.5448988080024719,285.97735595703125,291.35943603515625,19.137420654296875,41.01287841796875
1100,23,bicycle,1,0.6247432231903076,315.283203125,266.5756530761719,12.87567138671875,26.81268310546875
1100,12,person,0,0.6412468552589417,348.10260009765625,250.26666259765625,13.709747314453125,34.24737548828125
1101,10,person,0,0.8544378876686096,412.5860290527344,278.2369384765625,22.3675537109375,69.31999206542969
1101,17,person,0,0.8309846520423889,366.2713623046875,262.16729736328125,15.342132568359375,43.210540771484375
1101,9,person,0,0.6566920876502991,284.018798828125,276.37799072265625,23.236328125,50.28465270996094
1101,21,person,0,0.6734983921051025,314.14251708984375,255.93002319335938,16.781768798828125,43.01133728027344
1101,22,bicycle,1,0.5448011755943298,284.8766784667969,292.2027587890625,19.92730712890625,42.325103759765625
1101,23,bicycle,1,0.6245536208152771,315.3297119140625,266.27056884765625,12.642242431640625,26.211898803710938
1101,12,person,0,0.6904639601707458,346.88531494140625,250.57162475585938,13.95745849609375,35.52171325683594
1102,10,person,0,0.8576346635818481,412.7801208496094,279.184326171875,22.337890625,68.98924255371094
1102,17,person,0,0.8161960244178772,365.5367431640625,262.3956604003906,16.03546142578125,43.13963317871094
1102,9,person,0,0.7405269145965576,283.03350830078125,277.49749755859375,24.752044677734375,52.480010986328125
1102,21,person,0,0.6518998146057129,313.74896240234375,255.174072265625,16.890228271484375,40.01496887207031
1102,22,bicycle,1,0.5347244739532471,284.0298767089844,293.0311279296875,21.1005859375,42.259521484375
1102,23,bicycle,1,0.6159905791282654,315.06365966796875,266.43975830078125,12.052398681640625,25.735321044921875
1102,12,person,0,0.71062171459198,345.5325012207031,250.66778564453125,13.53436279296875,36.35060119628906
1103,10,person,0,0.8592233657836914,413.1085205078125,279.78375244140625,22.329620361328125,68.81637573242188
1103,17,person,0,0.7934176325798035,365.16729736328125,262.2965087890625,15.427642822265625,42.62554931640625
1103,9,person,0,0.6115285754203796,281.6909484863281,277.38250732421875,25.5828857421875,53.11195373535156
1103,21,person,0,0.6408498883247375,312.91278076171875,256.7960510253906,16.410491943359375,42.18449401855469
1103,22,bicycle,1,0.5122865438461304,283.2315979003906,294.06732177734375,20.145751953125,41.154022216796875
1103,23,bicycle,1,0.5681883692741394,314.7646484375,267.2303771972656,11.914703369140625,27.246780395507812
1103,12,person,0,0.6896270513534546,344.19049072265625,250.54139709472656,12.196929931640625,36.727386474609375
1104,10,person,0,0.8584675192832947,413.4508056640625,280.1578063964844,21.965576171875,68.71806335449219
1104,17,person,0,0.792819082736969,364.61907958984375,262.3850402832031,15.70794677734375,42.61543273925781
1104,9,person,0,0.671646237373352,280.1573486328125,276.2561950683594,25.5751953125,52.29864501953125
1104,21,person,0,0.6855505704879761,312.4209289550781,257.5533447265625,16.908203125,43.438507080078125
1104,22,bicycle,1,0.5919397473335266,281.27252197265625,295.47210693359375,20.514617919921875,39.541412353515625
1104,23,bicycle,1,0.41501250863075256,314.2133483886719,267.1636657714844,12.51708984375,27.580490112304688
1104,12,person,0,0.7181844115257263,343.2252502441406,249.95692443847656,11.06976318359375,36.469451904296875
1105,10,person,0,0.860146164894104,413.6435852050781,280.2989196777344,21.8994140625,68.80796813964844
1105,17,person,0,0.7792888283729553,364.4635314941406,262.5517883300781,16.0294189453125,43.12776184082031
1105,9,person,0,0.7153589725494385,278.7757568359375,278.91192626953125,26.6748046875,52.85441589355469
1105,21,person,0,0.5882457494735718,311.6670227050781,257.92144775390625,16.82586669921875,43.26531982421875
1105,22,bicycle,1,0.5236199498176575,280.8070373535156,296.348876953125,20.724609375,40.813690185546875
1105,23,bicycle,1,0.40325814485549927,312.9934387207031,266.96295166015625,13.99285888671875,27.9725341796875
1105,12,person,0,0.6935492157936096,342.54473876953125,249.84796142578125,10.88525390625,36.73033142089844
1106,10,person,0,0.8374001979827881,413.91912841796875,280.0343322753906,22.173614501953125,68.74662780761719
1106,17,person,0,0.7737674713134766,364.2894287109375,262.6626892089844,16.43255615234375,43.28529357910156
1106,9,person,0,0.7436498999595642,277.58251953125,279.7029724121094,27.419281005859375,54.83372497558594
1106,21,person,0,0.6699663400650024,311.1772766113281,257.33428955078125,17.3826904296875,42.257659912109375
1106,22,bicycle,1,0.5066126585006714,279.493408203125,296.8009033203125,22.829010009765625,41.571319580078125
1106,23,bicycle,1,0.505767822265625,311.2957763671875,268.0792236328125,15.48529052734375,30.076812744140625
1106,12,person,0,0.6625980138778687,342.072509765625,248.3690185546875,10.520721435546875,33.72401428222656
1107,10,person,0,0.8437466621398926,414.0555419921875,279.8255920410156,22.270355224609375,68.63655090332031
1107,17,person,0,0.7848541736602783,364.0684814453125,262.7835693359375,16.697418212890625,43.61602783203125
1107,9,person,0,0.7541471719741821,276.6650390625,280.8852844238281,28.78228759765625,57.125732421875
1107,21,person,0,0.649965763092041,310.5342102050781,257.4896240234375,17.17352294921875,41.10859680175781
1107,22,bicycle,1,0.6167430877685547,278.75830078125,297.6558532714844,23.390045166015625,41.3843994140625
1107,23,bicycle,1,0.4769386649131775,310.427490234375,268.32708740234375,15.11328125,30.52081298828125
1107,12,person,0,0.6271868348121643,341.5289611816406,248.75379943847656,9.94873046875,33.772857666015625
1108,10,person,0,0.8517118692398071,414.287109375,279.5880432128906,22.793609619140625,69.01899719238281
1108,17,person,0,0.7896146774291992,363.86224365234375,263.12493896484375,16.187530517578125,44.177032470703125
1108,9,person,0,0.7453411817550659,275.19830322265625,280.35321044921875,29.679107666015625,59.05363464355469
1108,21,person,0,0.6679041385650635,310.255859375,257.578857421875,17.21771240234375,41.84992980957031
1108,22,bicycle,1,0.505673885345459,277.42822265625,297.9725341796875,23.45220947265625,41.96978759765625
1108,23,bicycle,1,0.5999453067779541,309.5032653808594,268.3443908691406,14.6708984375,30.12408447265625
1108,12,person,0,0.5169455409049988,340.54388427734375,249.0907440185547,11.027740478515625,34.207061767578125
1109,10,person,0,0.8548669219017029,414.6025695800781,279.4833679199219,23.53009033203125,69.36051940917969
1109,17,person,0,0.7745569348335266,363.74383544921875,263.361328125,16.345855712890625,44.718994140625
1109,9,person,0,0.7646540403366089,273.8751220703125,281.5736083984375,29.069244384765625,57.57649230957031
1109,21,person,0,0.652637779712677,309.79656982421875,257.7524108886719,17.471405029296875,41.55979919433594
1109,22,bicycle,1,0.5678392648696899,274.281005859375,298.30224609375,26.199554443359375,42.729339599609375
1109,23,bicycle,1,0.595686674118042,308.9749755859375,268.7657470703125,14.519195556640625,31.327133178710938
1109,12,person,0,0.42835912108421326,339.647216796875,246.8966064453125,10.551971435546875,28.3704833984375
1110,10,person,0,0.8547278046607971,414.74029541015625,279.3878173828125,23.900482177734375,69.83210754394531
1110,17,person,0,0.7706984281539917,363.41162109375,263.5257568359375,16.794830322265625,45.0296630859375
1110,9,person,0,0.7837968468666077,271.93121337890625,281.5914306640625,29.717681884765625,58.68070983886719
1110,21,person,0,0.6561928391456604,309.08575439453125,257.529052734375,18.085113525390625,40.29412841796875
1110,22,bicycle,1,0.6132138967514038,272.8010559082031,298.1305847167969,27.5401611328125,45.2044677734375
1110,23,bicycle,1,0.6314818263053894,308.86248779296875,269.14349365234375,14.214569091796875,31.540740966796875
1110,12,person,0,0.518657386302948,338.8109436035156,246.50723266601562,10.7601318359375,24.996841430664062
1111,10,person,0,0.8503279089927673,414.84033203125,279.4310302734375,24.350738525390625,69.94729614257812
1111,17,person,0,0.7545565962791443,363.47998046875,263.10833740234375,16.4974365234375,44.83406066894531
1111,9,person,0,0.8040966391563416,270.1103210449219,283.2560729980469,30.41888427734375,57.50627136230469
1111,21,person,0,0.7063018083572388,308.7078552246094,257.2048645019531,17.9288330078125,39.90223693847656
1111,22,bicycle,1,0.5830927491188049,270.10076904296875,298.49481201171875,27.410858154296875,43.756866455078125
1111,23,bicycle,1,0.6833282709121704,308.72320556640625,269.6138000488281,14.500579833984375,31.394821166992188
1111,12,person,0,0.40900880098342896,337.85650634765625,246.39492797851562,10.701629638671875,25.45220947265625
1112,10,person,0,0.8467793464660645,414.7802734375,279.4556884765625,24.76275634765625,70.14216613769531
1112,17,person,0,0.7653338313102722,363.241943359375,262.74639892578125,16.4879150390625,44.216644287109375
1112,9,person,0,0.772260844707489,268.3126525878906,282.63287353515625,31.479934692382812,55.926422119140625
1112,21,person,0,0.6912505030632019,308.1339111328125,257.71038818359375,18.144073486328125,39.95014953613281
1112,22,bicycle,1,0.6137286424636841,267.893310546875,299.3781433105469,25.555572509765625,43.8934326171875
1112,23,bicycle,1,0.725780725479126,308.5287780761719,269.3020935058594,14.54644775390625,30.18353271484375
1112,12,person,0,0.564156174659729,336.9924621582031,245.87217712402344,10.28656005859375,32.308258056640625
1113,10,person,0,0.8465080857276917,414.74737548828125,280.11724853515625,25.134490966796875,70.45722961425781
1113,17,person,0,0.8009401559829712,362.9753723144531,263.1228942871094,16.469970703125,44.61793518066406
1113,9,person,0,0.7656545639038086,266.2978210449219,283.5053405761719,32.0888671875,57.67022705078125
1113,21,person,0,0.6931548118591309,307.6448974609375,257.6573486328125,17.901397705078125,39.982757568359375
1113,22,bicycle,1,0.6583724617958069,267.46197509765625,299.7598876953125,29.302886962890625,44.305908203125
1113,23,bicycle,1,0.6969538927078247,308.00164794921875,269.86065673828125,14.183197021484375,30.250518798828125
1113,12,person,0,0.4079016447067261,336.1893310546875,246.00405883789062,10.19122314453125,30.7138671875
1114,10,person,0,0.8434462547302246,414.82647705078125,280.5021667480469,25.585845947265625,70.52714538574219
1114,17,person,0,0.809498131275177,362.62646484375,263.18804931640625,16.97381591796875,44.184173583984375
1114,9,person,0,0.7743696570396423,264.2405700683594,283.776611328125,32.59686279296875,57.92897033691406
1114,21,person,0,0.6695252060890198,307.5638427734375,256.9405822753906,17.57305908203125,38.28004455566406
1114,22,bicycle,1,0.7546719312667847,266.2031555175781,300.76568603515625,31.911300659179688,44.181854248046875
1114,23,bicycle,1,0.657351553440094,307.1779479980469,270.38031005859375,14.33966064453125,31.246749877929688
1114,12,person,0,0.4838258922100067,335.48651123046875,245.6587677001953,10.942169189453125,34.534698486328125
1115,10,person,0,0.8585835099220276,415.12933349609375,280.3821716308594,25.838348388671875,71.14137268066406
1115,17,person,0,0.8238167762756348,362.2700500488281,263.34576416015625,17.18377685546875,44.417572021484375
1115,9,person,0,0.7905797958374023,262.45660400390625,283.87384033203125,33.896026611328125,59.63555908203125
1115,21,person,0,0.6965885758399963,306.662109375,257.787353515625,18.652374267578125,38.92626953125
1115,22,bicycle,1,0.7530859708786011,264.8701171875,301.90447998046875,32.862579345703125,44.679229736328125
1115,23,bicycle,1,0.6093963980674744,307.1627197265625,269.5848388671875,14.792938232421875,29.09332275390625
1115,12,person,0,0.45955154299736023,335.26824951171875,244.7392578125,12.358154296875,35.04364013671875
1116,10,person,0,0.8496043086051941,415.3004455566406,281.51971435546875,26.28533935546875,72.91567993164062
1116,17,person,0,0.8001716136932373,361.99658203125,263.53900146484375,17.002838134765625,44.5863037109375
1116,9,person,0,0.8187917470932007,260.9375915527344,285.26739501953125,35.40550231933594,61.23069763183594
1116,21,person,0,0.7457265853881836,305.6736145019531,257.7034606933594,18.54473876953125,39.227294921875
1116,22,bicycle,1,0.7917250990867615,262.9412536621094,303.41265869140625,34.72789001464844,43.401580810546875
1116,23,bicycle,1,0.5787753462791443,306.71453857421875,270.4208984375,14.921844482421875,30.526641845703125
1116,12,person,0,0.568327009677887,335.4901123046875,246.3765869140625,14.272674560546875,39.43409729003906
1117,10,person,0,0.8502272963523865,415.51458740234375,281.5897521972656,26.363677978515625,71.78179931640625
1117,17,person,0,0.809758186340332,361.6446838378906,263.752197265625,17.0181884765625,44.72804260253906
1117,9,person,0,0.8236947655677795,258.8322448730469,286.00408935546875,35.26017761230469,63.28770446777344
1117,21,person,0,0.7413837313652039,304.83880615234375,257.566650390625,18.288726806640625,38.997528076171875
1117,22,bicycle,1,0.7968549728393555,261.049560546875,304.4710998535156,35.764923095703125,42.67572021484375
1117,23,bicycle,1,0.576615571975708,305.0896301269531,272.0914306640625,14.00372314453125,30.830780029296875
1117,12,person,0,0.44413551688194275,333.53216552734375,248.0841522216797,11.422607421875,35.636810302734375
1118,10,person,0,0.8521248698234558,415.5625305175781,281.780517578125,26.61114501953125,72.14982604980469
1118,17,person,0,0.8098344206809998,361.4356689453125,263.938232421875,16.90667724609375,44.5108642578125
1118,9,person,0,0.7926890254020691,256.2989501953125,286.1757507324219,34.968170166015625,61.61894226074219
1118,21,person,0,0.7168808579444885,304.377197265625,257.8089294433594,17.918243408203125,39.53886413574219
1118,22,bicycle,1,0.8674910664558411,258.9706115722656,305.12255859375,37.13853454589844,42.571197509765625
1118,23,bicycle,1,0.5310124754905701,303.9344482421875,272.82110595703125,14.155914306640625,32.785369873046875
1118,12,person,0,0.46596279740333557,331.6268310546875,247.11766052246094,10.709716796875,32.663787841796875
1119,10,person,0,0.8549479246139526,415.7784423828125,282.37957763671875,26.9967041015625,72.48130798339844
1119,17,person,0,0.8106862306594849,361.17987060546875,264.00970458984375,16.56451416015625,44.842559814453125
1119,9,person,0,0.8057447671890259,254.12850952148438,286.45611572265625,35.73297119140625,60.575592041015625
1119,21,person,0,0.7476866841316223,303.7574462890625,257.4681091308594,17.509490966796875,39.45112609863281
1119,22,bicycle,1,0.8506580591201782,256.8490905761719,305.6510009765625,38.69471740722656,43.00897216796875
1119,23,bicycle,1,0.46169909834861755,303.1006774902344,273.8608093261719,13.33453369140625,33.58551025390625
1119,12,person,0,0.5284491181373596,330.6551513671875,244.82241821289062,9.641998291015625,27.232040405273438
1120,10,person,0,0.8551622629165649,415.9432373046875,283.0971374511719,27.1778564453125,73.35514831542969
1120,17,person,0,0.8143250346183777,360.9130859375,264.18756103515625,16.26605224609375,45.227630615234375
1120,9,person,0,0.8061648011207581,252.0198974609375,286.53619384765625,35.91999816894531,60.98114013671875
1120,21,person,0,0.7009919285774231,303.239501953125,257.0210266113281,16.912872314453125,39.71968078613281
1120,22,bicycle,1,0.8446730971336365,254.71243286132812,306.2422790527344,40.09678649902344,42.95611572265625
1120,23,bicycle,1,0.4912645220756531,302.82049560546875,274.0442810058594,13.758392333984375,34.73809814453125
1120,12,person,0,0.617062509059906,329.8514404296875,248.53369140625,9.652374267578125,34.6693115234375
1120,24,person,0,0.5549055337905884,339.21844482421875,241.01861572265625,9.53216552734375,29.582901000976562
1121,10,person,0,0.8449656963348389,415.9375915527344,283.5505065917969,27.00042724609375,73.40394592285156
1121,17,person,0,0.8050248622894287,360.619384765625,264.27105712890625,15.783599853515625,45.043670654296875
1121,9,person,0,0.7138736248016357,250.58114624023438,287.5364990234375,34.09202575683594,61.296875
1121,21,person,0,0.7148116230964661,302.23968505859375,257.3754577636719,18.294342041015625,41.64320373535156
1121,22,bicycle,1,0.856619119644165,252.20834350585938,306.6852111816406,41.55712890625,43.62054443359375
1121,23,bicycle,1,0.44426029920578003,302.29034423828125,274.47149658203125,14.609771728515625,35.236236572265625
1121,12,person,0,0.2702818214893341,329.01263427734375,245.63992309570312,8.823577880859375,28.254714965820312
1121,24,person,0,0.5587483644485474,339.63507080078125,240.96282958984375,9.102874755859375,29.637161254882812
1122,10,person,0,0.8405132293701172,415.8154296875,284.6790771484375,26.783233642578125,73.91348266601562
1122,17,person,0,0.8120183944702148,360.30389404296875,264.4032897949219,16.280975341796875,45.20310974121094
1122,9,person,0,0.8003005385398865,247.73709106445312,286.9718017578125,35.12059020996094,61.93267822265625
1122,21,person,0,0.6981889605522156,301.30377197265625,257.6585388183594,18.92205810546875,41.308837890625
1122,22,bicycle,1,0.8567926287651062,249.51119995117188,306.70654296875,42.62770080566406,44.655914306640625
1122,23,bicycle,1,0.47980931401252747,301.39044189453125,274.8513488769531,16.1826171875,34.9332275390625
1122,12,person,0,0.4576996862888336,328.2595520019531,244.304931640625,8.95916748046875,25.8553466796875
1122,24,person,0,0.6387466192245483,339.9246520996094,241.56466674804688,9.13134765625,30.282028198242188
1123,10,person,0,0.8385430574417114,415.91436767578125,285.0961608886719,26.343902587890625,73.86289978027344
1123,17,person,0,0.8134209513664246,359.8832702636719,264.5490417480469,15.9039306640625,44.8629150390625
1123,9,person,0,0.8456178903579712,245.40333557128906,286.3958740234375,36.118804931640625,62.84504699707031
1123,21,person,0,0.6940929293632507,300.2582702636719,258.33465576171875,19.6402587890625,40.977508544921875
1123,22,bicycle,1,0.8597647547721863,247.0255584716797,307.2614440917969,43.855743408203125,44.53265380859375
1123,23,bicycle,1,0.557072639465332,300.67706298828125,274.96624755859375,15.474456787109375,34.9571533203125
1123,12,person,0,0.5193381309509277,327.74542236328125,243.65264892578125,8.674072265625,24.825180053710938
1123,24,person,0,0.7057012319564819,340.17559814453125,241.59518432617188,9.485443115234375,30.799728393554688
1124,10,person,0,0.8289691209793091,415.8045349121094,284.8471374511719,26.084228515625,73.76165771484375
1124,17,person,0,0.8262059688568115,359.47113037109375,264.49365234375,16.242767333984375,45.02583312988281
1124,9,person,0,0.8023038506507874,242.98614501953125,285.7772521972656,36.99360656738281,61.74627685546875
1124,21,person,0,0.6870890259742737,299.87451171875,258.7345886230469,19.255584716796875,40.64093017578125
1124,22,bicycle,1,0.8819759488105774,244.42849731445312,307.7981872558594,45.58204650878906,45.30303955078125
1124,23,bicycle,1,0.5501202940940857,300.34197998046875,275.0055236816406,15.803741455078125,34.21142578125
1124,12,person,0,0.536937415599823,327.0986328125,243.75253295898438,8.29425048828125,24.679367065429688
1124,24,person,0,0.7368602156639099,340.423583984375,241.91177368164062,10.0283203125,30.789749145507812
1125,10,person,0,0.8261397480964661,415.86737060546875,284.70233154296875,26.378570556640625,73.11679077148438
1125,17,person,0,0.835375189781189,359.27984619140625,264.4790344238281,17.066558837890625,44.91474914550781
1125,9,person,0,0.8119478821754456,240.3260498046875,286.9898986816406,37.65629577636719,64.72119140625
1125,21,person,0,0.7096158266067505,299.8272705078125,259.0287780761719,17.363616943359375,40.32450866699219
1125,22,bicycle,1,0.8602426648139954,241.78390502929688,308.90289306640625,46.85856628417969,44.4390869140625
1125,23,bicycle,1,0.5680248737335205,299.87933349609375,275.5555725097656,15.422271728515625,32.7508544921875
1125,12,person,0,0.558078408241272,325.6710510253906,244.14305114746094,8.904541015625,25.045867919921875
1125,24,person,0,0.737820029258728,340.8209228515625,242.27816772460938,10.0987548828125,30.849288940429688
1126,10,person,0,0.8432483673095703,416.0242614746094,284.332275390625,26.67144775390625,73.97512817382812
1126,17,person,0,0.8177385330200195,359.21478271484375,264.30279541015625,17.483612060546875,44.781402587890625
1126,9,person,0,0.7588914036750793,237.8735809326172,288.579833984375,38.537506103515625,68.66326904296875
1126,21,person,0,0.6890327334403992,299.04998779296875,261.3923034667969,18.445709228515625,45.46244812011719
1126,22,bicycle,1,0.8658961653709412,239.2476348876953,309.5255126953125,47.973541259765625,43.673553466796875
1126,23,bicycle,1,0.5979573130607605,299.22528076171875,275.9551086425781,15.876068115234375,33.03082275390625
1126,12,person,0,0.4703867435455322,324.72314453125,244.2479705810547,8.483245849609375,25.089324951171875
1126,24,person,0,0.7191950678825378,341.19732666015625,242.7449951171875,10.4989013671875,30.913619995117188
1127,10,person,0,0.8539580702781677,416.20281982421875,284.2082214355469,26.63836669921875,74.42076110839844
1127,17,person,0,0.8179165720939636,358.93206787109375,264.5953369140625,18.206695556640625,45.023895263671875
1127,9,person,0,0.8159922361373901,235.11009216308594,287.7716369628906,40.45928955078125,70.02729797363281
1127,21,person,0,0.7094813585281372,298.75250244140625,260.5860595703125,17.706634521484375,44.563751220703125
1127,22,bicycle,1,0.8565183281898499,236.49798583984375,310.357177734375,49.2845458984375,43.723419189453125
1127,23,bicycle,1,0.5871552228927612,298.7630920410156,276.44110107421875,15.99749755859375,33.11474609375
1127,12,person,0,0.3530280888080597,323.6402587890625,244.89260864257812,9.1229248046875,24.739913940429688
1127,24,person,0,0.6990109086036682,341.53033447265625,242.97042846679688,10.31732177734375,30.446533203125
1128,10,person,0,0.8130785822868347,416.42352294921875,284.080810546875,26.293060302734375,74.2469482421875
1128,17,person,0,0.8096851110458374,358.863525390625,264.63848876953125,18.359466552734375,45.325286865234375
1128,9,person,0,0.834124743938446,231.43978881835938,289.9724426269531,41.668243408203125,70.52671813964844
1128,21,person,0,0.7114638090133667,298.05023193359375,260.1341552734375,17.49774169921875,44.70008850097656
1128,22,bicycle,1,0.8294750452041626,233.59939575195312,310.35406494140625,51.12077331542969,42.105010986328125
1128,23,bicycle,1,0.6706691980361938,298.264404296875,276.92449951171875,16.503936767578125,34.046112060546875
1128,12,person,0,0.5041614770889282,322.8160400390625,245.10751342773438,8.823394775390625,22.41229248046875
1128,24,person,0,0.6932776570320129,341.69781494140625,243.25958251953125,9.86956787109375,30.400283813476562
1129,10,person,0,0.8502032160758972,416.61334228515625,283.9688415527344,26.183868408203125,74.51420593261719
1129,17,person,0,0.8078381419181824,358.5098876953125,264.8950500488281,18.913970947265625,45.478759765625
1129,9,person,0,0.7839943170547485,228.850341796875,291.7052917480469,41.57023620605469,69.70404052734375
1129,21,person,0,0.7176529169082642,297.4844970703125,261.3572998046875,17.695770263671875,46.91673278808594
1129,22,bicycle,1,0.8639882802963257,230.97686767578125,311.201904296875,52.27790832519531,44.031494140625
1129,23,bicycle,1,0.6055594682693481,297.68267822265625,277.53076171875,16.93316650390625,33.842193603515625
1129,12,person,0,0.5664668083190918,321.9806823730469,243.78170776367188,8.5721435546875,22.24725341796875
1129,24,person,0,0.5551443696022034,342.0607604980469,242.8964385986328,9.94268798828125,29.874053955078125
1130,10,person,0,0.8597459197044373,417.07110595703125,283.6351318359375,26.400482177734375,74.60580444335938
1130,17,person,0,0.7960912585258484,357.96636962890625,264.9669189453125,19.301605224609375,45.64593505859375
1130,9,person,0,0.6626722812652588,229.57925415039062,290.34686279296875,34.828857421875,66.729736328125
1130,21,person,0,0.7062668204307556,296.640625,261.92645263671875,17.518402099609375,47.89015197753906
1130,22,bicycle,1,0.7686591148376465,228.0582275390625,310.749755859375,53.36187744140625,47.163848876953125
1130,23,bicycle,1,0.5786593556404114,296.80999755859375,277.71197509765625,16.911102294921875,34.7508544921875
1130,12,person,0,0.4589431583881378,320.9188232421875,243.6558837890625,8.0797119140625,22.9564208984375
1130,24,person,0,0.6730405688285828,342.603515625,242.29623413085938,9.72918701171875,28.9508056640625
1131,10,person,0,0.852593183517456,417.2800598144531,283.67120361328125,26.11627197265625,74.97305297851562
1131,17,person,0,0.8250020146369934,357.64019775390625,264.91766357421875,19.582611083984375,45.462005615234375
1131,9,person,0,0.8182166218757629,224.73074340820312,291.7340087890625,39.71760559082031,69.1082763671875
1131,21,person,0,0.7247814536094666,295.7606201171875,262.54498291015625,18.271026611328125,48.738616943359375
1131,22,bicycle,1,0.7769235372543335,225.27484130859375,311.9645080566406,54.50096130371094,46.700927734375
1131,23,bicycle,1,0.560380220413208,294.8419189453125,277.50274658203125,15.157501220703125,37.123138427734375
1131,12,person,0,0.20392721891403198,319.54473876953125,245.91146850585938,8.648895263671875,25.647171020507812
1131,24,person,0,0.5855046510696411,342.9648132324219,242.18386840820312,9.70098876953125,29.2164306640625
1132,10,person,0,0.8470101356506348,417.5285339355469,283.6430969238281,26.20867919921875,75.56890869140625
1132,17,person,0,0.8217169642448425,357.29931640625,264.74169921875,20.041107177734375,44.894012451171875
1132,9,person,0,0.8456927537918091,221.02371215820312,292.8084716796875,41.57958984375,71.67807006835938
1132,21,person,0,0.6906393766403198,294.32269287109375,261.5682067871094,20.09368896484375,46.73451232910156
1132,22,bicycle,1,0.8078813552856445,222.37188720703125,313.1932067871094,54.55438232421875,45.36566162109375
1132,23,bicycle,1,0.6405574679374695,293.8455810546875,278.02197265625,15.312103271484375,37.453704833984375
1132,12,person,0,0.2916244566440582,318.909912109375,249.12448120117188,8.595916748046875,27.280593872070312
1132,24,person,0,0.6026902198791504,343.4234619140625,242.2188262939453,9.864288330078125,29.864349365234375
1133,10,person,0,0.8460850715637207,417.80267333984375,283.63623046875,25.686126708984375,75.28007507324219
1133,17,person,0,0.8025079369544983,356.68658447265625,264.5189208984375,20.344696044921875,44.424530029296875
1133,9,person,0,0.8278101682662964,218.05166625976562,293.63104248046875,42.91343688964844,73.88516235351562
1133,21,person,0,0.6994413137435913,293.3636474609375,261.2939453125,21.196136474609375,44.812713623046875
1133,22,bicycle,1,0.8585659265518188,219.41976928710938,313.939208984375,54.490570068359375,44.698516845703125
1133,23,bicycle,1,0.6367403268814087,293.32769775390625,278.8892822265625,15.886810302734375,37.504669189453125
1133,12,person,0,0.4181765019893646,318.22003173828125,248.4860076904297,8.21441650390625,24.583648681640625
1133,24,person,0,0.41406184434890747,343.8683776855469,241.61053466796875,9.59246826171875,29.16143798828125
1134,10,person,0,0.8355494141578674,417.9678649902344,283.92413330078125,25.6788330078125,75.41506958007812
1134,17,person,0,0.7957735657691956,356.1802062988281,264.655517578125,20.53668212890625,44.28105163574219
1134,9,person,0,0.8301413059234619,214.78564453125,292.13714599609375,43.72596740722656,72.61494445800781
1134,21,person,0,0.7332344055175781,293.367919921875,261.4943542480469,20.6593017578125,45.14897155761719
1134,22,bicycle,1,0.8458942174911499,216.63621520996094,314.39154052734375,55.4312744140625,44.858978271484375
1134,23,bicycle,1,0.6056270599365234,292.85107421875,279.24444580078125,16.073089599609375,38.725433349609375
1134,12,person,0,0.16402170062065125,317.33685302734375,246.3573760986328,7.448944091796875,23.574798583984375
1134,24,person,0,0.3782913088798523,344.26190185546875,239.4613037109375,9.372711181640625,24.960723876953125
1135,10,person,0,0.8395240306854248,418.20404052734375,284.6270446777344,25.6563720703125,75.95573425292969
1135,17,person,0,0.8056480884552002,355.74072265625,265.11236572265625,21.309539794921875,44.576263427734375
1135,9,person,0,0.8416663408279419,212.4490509033203,291.4705505371094,44.5743408203125,70.323974609375
1135,21,person,0,0.7459710240364075,292.859619140625,262.183837890625,21.075531005859375,46.70928955078125
1135,22,bicycle,1,0.8608441948890686,213.82644653320312,314.8175964355469,55.44432067871094,44.3955078125
1135,23,bicycle,1,0.5929325222969055,292.14349365234375,279.7677001953125,16.326385498046875,38.390228271484375
1135,12,person,0,0.2476806789636612,316.4708557128906,246.04183959960938,7.35308837890625,21.743545532226562
1135,24,person,0,0.18545831739902496,344.689208984375,239.70574951171875,9.49603271484375,26.225143432617188
1136,10,person,0,0.8503797054290771,418.48284912109375,285.02899169921875,25.443267822265625,74.93423461914062
1136,17,person,0,0.7966573238372803,355.3246765136719,265.55682373046875,21.04547119140625,45.030181884765625
1136,9,person,0,0.8311740756034851,209.5594024658203,292.03863525390625,45.390411376953125,70.49786376953125
1136,21,person,0,0.7642839550971985,291.818603515625,262.3988952636719,22.011138916015625,47.18006896972656
1136,22,bicycle,1,0.8400057554244995,211.6009521484375,314.941650390625,54.992156982421875,43.787445068359375
1136,23,bicycle,1,0.5994409918785095,291.450927734375,280.0828552246094,15.202972412109375,38.19293212890625
1136,12,person,0,0.231278195977211,315.6121520996094,248.38699340820312,8.2696533203125,30.068313598632812
1136,24,person,0,0.46159645915031433,344.93157958984375,241.73800659179688,9.488250732421875,30.504074096679688
1137,10,person,0,0.8564815521240234,418.61236572265625,285.4722900390625,25.25927734375,74.85641479492188
1137,17,person,0,0.7908778190612793,354.882080078125,265.88677978515625,21.555694580078125,45.44291687011719
1137,9,person,0,0.8843210935592651,206.24984741210938,295.01849365234375,45.47325134277344,74.93975830078125
1137,21,person,0,0.7665972113609314,291.1369934082031,263.3486328125,22.46795654296875,48.634429931640625
1137,22,bicycle,1,0.814233660697937,208.82179260253906,315.8116455078125,55.409088134765625,45.320068359375
1137,23,bicycle,1,0.5750226974487305,290.66339111328125,281.06793212890625,14.126983642578125,37.427337646484375
1137,12,person,0,0.6379420757293701,314.4621276855469,250.7733917236328,9.0296630859375,30.791534423828125
1137,24,person,0,0.5821254849433899,345.0458984375,242.94384765625,9.57867431640625,32.59703063964844
1138,10,person,0,0.8583592772483826,418.92230224609375,286.1407165527344,25.599456787109375,75.5325927734375
1138,17,person,0,0.788979172706604,354.8455810546875,265.69427490234375,21.29278564453125,45.06634521484375
1138,9,person,0,0.8715991377830505,204.22067260742188,296.5121765136719,45.7191162109375,76.72979736328125
1138,21,person,0,0.7472746968269348,290.4183349609375,264.01611328125,22.404937744140625,49.360382080078125
1138,22,bicycle,1,0.8241408467292786,205.7202606201172,316.64654541015625,54.714263916015625,44.13916015625
1138,23,bicycle,1,0.5412416458129883,290.7142333984375,280.5128479003906,14.7352294921875,37.9234619140625
1138,12,person,0,0.5179299712181091,313.7011413574219,251.67710876464844,9.09521484375,29.217254638671875
1138,24,person,0,0.6396287679672241,345.21173095703125,241.6842041015625,9.638153076171875,29.9459228515625
1139,10,person,0,0.8597747087478638,419.1876220703125,286.63372802734375,25.397216796875,75.34895324707031
1139,17,person,0,0.8087168335914612,354.62982177734375,266.40777587890625,20.973419189453125,46.485443115234375
1139,9,person,0,0.8436897397041321,201.46389770507812,296.1549377441406,45.07989501953125,78.4583740234375
1139,21,person,0,0.7582626342773438,289.7561950683594,265.0921936035156,22.96246337890625,51.50367736816406
1139,22,bicycle,1,0.8328182101249695,203.35971069335938,317.25677490234375,54.740386962890625,45.457916259765625
1139,23,bicycle,1,0.5786005258560181,290.0220947265625,280.8858642578125,14.8634033203125,37.94183349609375
1139,24,person,0,0.6052940487861633,345.48577880859375,242.07582092285156,9.99090576171875,30.725616455078125
1140,10,person,0,0.8619683384895325,419.50830078125,287.8551025390625,25.40216064453125,76.81927490234375
1140,17,person,0,0.8075730204582214,354.68408203125,266.6178894042969,21.003997802734375,46.96260070800781
1140,9,person,0,0.8464922904968262,199.06283569335938,296.70654296875,45.6605224609375,75.86801147460938
1140,21,person,0,0.7140059471130371,288.63226318359375,264.3000183105469,23.40087890625,49.99195861816406
1140,22,bicycle,1,0.8504720330238342,201.00897216796875,318.066162109375,53.94718933105469,44.570709228515625
1140,23,bicycle,1,0.6104307770729065,289.4208984375,280.99127197265625,15.2833251953125,38.397735595703125
1140,24,person,0,0.6172055602073669,345.788818359375,243.90676879882812,9.959259033203125,34.29304504394531
1141,10,person,0,0.8542102575302124,419.95330810546875,288.2206726074219,25.515106201171875,76.59440612792969
1141,17,person,0,0.8182852864265442,354.52996826171875,266.6507568359375,21.26959228515625,46.84051513671875
1141,9,person,0,0.7947975993156433,196.73696899414062,295.43853759765625,45.53056335449219,72.58230590820312
1141,21,person,0,0.7594614028930664,288.2960205078125,263.64642333984375,23.0142822265625,47.185638427734375
1141,22,bicycle,1,0.8205313086509705,198.701904296875,319.7233581542969,53.37126159667969,44.17059326171875
1141,23,bicycle,1,0.6094930768013,289.1973876953125,281.4508056640625,15.434173583984375,38.495635986328125
1141,24,person,0,0.5964037775993347,346.16259765625,244.87115478515625,9.93206787109375,35.73561096191406
1142,10,person,0,0.8586598038673401,420.36895751953125,288.1011657714844,25.259429931640625,76.22367858886719
1142,17,person,0,0.8405534029006958,354.4960021972656,266.5089111328125,21.32110595703125,47.115509033203125
1142,9,person,0,0.8016844987869263,193.92889404296875,295.7045593261719,45.42726135253906,67.653076171875
1142,21,person,0,0.7398688793182373,287.6618347167969,263.6303405761719,22.9708251953125,46.71293640136719
1142,22,bicycle,1,0.8316178917884827,196.24093627929688,320.022216796875,52.40519714355469,46.2227783203125
1142,23,bicycle,1,0.601306676864624,288.2453918457031,281.95806884765625,16.91204833984375,38.196533203125
1142,24,person,0,0.6084429621696472,346.324462890625,241.26475524902344,9.82958984375,27.806060791015625
1143,10,person,0,0.8472656607627869,420.62939453125,287.9817810058594,25.56292724609375,76.493408203125
1143,17,person,0,0.835180401802063,354.5541076660156,266.4811706542969,21.2518310546875,47.509521484375
1143,9,person,0,0.8541048765182495,191.28439331054688,298.63922119140625,45.725677490234375,73.21713256835938
1143,21,person,0,0.7439066767692566,286.835205078125,263.2803039550781,22.734039306640625,45.17884826660156
1143,22,bicycle,1,0.7963935732841492,194.0290985107422,320.95458984375,52.088043212890625,46.267578125
1143,23,bicycle,1,0.611431360244751,287.23712158203125,282.489990234375,17.551971435546875,37.787872314453125
1143,24,person,0,0.6119340062141418,346.618408203125,239.81015014648438,10.209991455078125,24.336318969726562
1144,10,person,0,0.861909031867981,421.01495361328125,288.1500244140625,26.433624267578125,77.16242980957031
1144,17,person,0,0.8363220691680908,354.67059326171875,266.4881591796875,21.520477294921875,47.98793029785156
1144,9,person,0,0.8380058407783508,189.30433654785156,299.4617919921875,45.2867431640625,74.55593872070312
1144,21,person,0,0.741475522518158,286.239501953125,263.8514404296875,21.664947509765625,46.102020263671875
1144,22,bicycle,1,0.8244655728340149,191.47808837890625,322.2138366699219,50.53369140625,46.55633544921875
1144,23,bicycle,1,0.6187770366668701,286.5261535644531,282.79144287109375,17.89398193359375,37.737457275390625
1144,24,person,0,0.5829404592514038,346.65509033203125,239.17855834960938,10.47119140625,22.811813354492188
1144,12,person,0,0.5438743233680725,307.96160888671875,249.61386108398438,9.259979248046875,31.900863647460938
1145,10,person,0,0.8581609129905701,421.34619140625,288.0830383300781,26.996490478515625,76.81877136230469
1145,17,person,0,0.8255723714828491,354.6793212890625,266.50689697265625,21.45220947265625,48.236175537109375
1145,9,person,0,0.8565762639045715,186.90524291992188,300.43341064453125,44.14704895019531,76.03961181640625
1145,21,person,0,0.6634045839309692,285.5849304199219,264.06781005859375,22.1007080078125,45.98219299316406
1145,22,bicycle,1,0.8169278502464294,189.614013671875,322.5760803222656,49.45957946777344,48.07440185546875
1145,23,bicycle,1,0.5849173069000244,285.86474609375,283.20440673828125,18.289581298828125,37.451263427734375
1145,24,person,0,0.4791663885116577,346.84149169921875,239.28524780273438,10.001953125,22.703872680664062
1145,12,person,0,0.5019710063934326,307.38555908203125,249.21261596679688,9.235198974609375,26.23779296875
1146,10,person,0,0.852385938167572,421.3778076171875,287.9959716796875,27.146759033203125,76.72714233398438
1146,17,person,0,0.8050662875175476,354.5161437988281,266.5245666503906,21.447021484375,47.80671691894531
1146,9,person,0,0.8152362108230591,184.63314819335938,301.52606201171875,43.97947692871094,77.37197875976562
1146,21,person,0,0.7409018874168396,284.78350830078125,265.2701721191406,22.25543212890625,46.88525390625
1146,22,bicycle,1,0.8137867450714111,187.342529296875,323.370849609375,48.90669250488281,48.964447021484375
1146,23,bicycle,1,0.5783997774124146,285.063720703125,284.166259765625,19.96099853515625,38.839874267578125
1146,24,person,0,0.5406816005706787,346.94805908203125,239.29263305664062,10.0667724609375,22.739410400390625
1146,12,person,0,0.5132970213890076,306.569580078125,247.68600463867188,8.478302001953125,25.164260864257812
1147,10,person,0,0.8639848828315735,421.3651428222656,287.80072021484375,27.91741943359375,77.41879272460938
1147,17,person,0,0.7980703115463257,354.12841796875,266.887939453125,21.776214599609375,48.10258483886719
1147,9,person,0,0.8177942633628845,182.4158477783203,302.81488037109375,43.9521484375,80.04312133789062
1147,21,person,0,0.7419675588607788,284.0044250488281,266.43157958984375,22.6484375,49.91963195800781
1147,22,bicycle,1,0.8486747145652771,185.21530151367188,324.6051330566406,48.48939514160156,49.6463623046875
1147,23,bicycle,1,0.5545894503593445,284.4100341796875,284.580078125,20.42047119140625,39.733673095703125
1147,24,person,0,0.48397204279899597,347.13397216796875,239.26449584960938,9.97210693359375,23.04241943359375
1147,12,person,0,0.5440608263015747,306.02581787109375,249.91586303710938,8.838531494140625,28.641647338867188
1148,10,person,0,0.8881205916404724,421.2157897949219,287.8874206542969,28.46826171875,78.08573913574219
1148,17,person,0,0.7901940941810608,353.83685302734375,267.23736572265625,22.444549560546875,48.639678955078125
1148,9,person,0,0.7780905961990356,180.47142028808594,301.3492736816406,43.42608642578125,79.869384765625
1148,21,person,0,0.7547221183776855,283.3658447265625,267.15936279296875,22.925933837890625,50.806915283203125
1148,22,bicycle,1,0.7882969975471497,182.7517852783203,326.05633544921875,47.06488037109375,48.856597900390625
1148,23,bicycle,1,0.530475914478302,283.9908752441406,285.4263000488281,19.9796142578125,39.29095458984375
1148,24,person,0,0.17122069001197815,347.6997985839844,239.27035522460938,9.66815185546875,23.029541015625
1148,12,person,0,0.4119878113269806,304.8244323730469,249.12677001953125,8.79510498046875,33.23211669921875
1149,10,person,0,0.8933984637260437,421.28216552734375,287.90234375,29.195465087890625,79.38662719726562
1149,17,person,0,0.8072599768638611,353.552490234375,267.4193115234375,23.19036865234375,48.46307373046875
1149,9,person,0,0.8435624837875366,178.04214477539062,303.093994140625,43.37748718261719,79.92996215820312
1149,21,person,0,0.761722207069397,282.8087158203125,266.8518371582031,23.729644775390625,49.86456298828125
1149,22,bicycle,1,0.7882531881332397,180.18263244628906,326.9104919433594,47.320281982421875,50.14410400390625
1149,23,bicycle,1,0.520482063293457,283.56146240234375,285.71905517578125,18.384552001953125,39.142974853515625
1149,12,person,0,0.33230915665626526,303.64794921875,249.9047393798828,9.239837646484375,34.147491455078125
1150,10,person,0,0.888912558555603,421.19970703125,288.5225524902344,29.4554443359375,79.33186340332031
1150,17,person,0,0.8005130887031555,353.2059631347656,267.3749694824219,23.57562255859375,48.06646728515625
1150,9,person,0,0.8729912042617798,175.73049926757812,304.32861328125,43.388580322265625,81.71078491210938
1150,21,person,0,0.7937241792678833,282.12506103515625,267.663330078125,22.9853515625,50.763275146484375
1150,22,bicycle,1,0.7925983667373657,177.86636352539062,327.8745422363281,47.11534118652344,50.13372802734375
1150,23,bicycle,1,0.5701483488082886,282.27313232421875,286.4083251953125,19.033477783203125,39.01715087890625
1150,12,person,0,0.27058184146881104,303.03375244140625,249.93829345703125,9.444610595703125,34.76091003417969
1151,10,person,0,0.8888552784919739,421.30108642578125,288.4512023925781,29.754852294921875,78.69361877441406
1151,17,person,0,0.7816644310951233,353.1436462402344,267.5672607421875,23.867431640625,47.727996826171875
1151,9,person,0,0.8454779982566833,173.27432250976562,304.0653991699219,43.18792724609375,83.17767333984375
1151,21,person,0,0.783221423625946,281.41546630859375,269.06427001953125,23.194305419921875,51.08329772949219
1151,22,bicycle,1,0.8190493583679199,175.22528076171875,328.5909423828125,46.498779296875,50.4857177734375
1151,23,bicycle,1,0.6086297035217285,280.8245849609375,287.1346130371094,20.439544677734375,39.86529541015625
1152,10,person,0,0.8847784996032715,421.41424560546875,288.75103759765625,29.974334716796875,78.67440795898438
1152,17,person,0,0.7929046154022217,352.6329345703125,268.026123046875,23.539520263671875,48.38310241699219
1152,9,person,0,0.8542082905769348,170.470947265625,304.9090576171875,44.58616638183594,81.12060546875
1152,21,person,0,0.7714073657989502,281.203369140625,269.5956115722656,23.390655517578125,51.17510986328125
1152,22,bicycle,1,0.7856916189193726,172.80789184570312,329.53338623046875,47.43232727050781,50.38763427734375
1152,23,bicycle,1,0.63594651222229,279.94403076171875,286.983642578125,20.217193603515625,42.033355712890625
1153,10,person,0,0.8817057013511658,421.40966796875,289.5220031738281,30.1219482421875,79.42230224609375
1153,17,person,0,0.7706210613250732,352.5069274902344,268.3770446777344,23.9542236328125,48.82177734375
1153,9,person,0,0.8477912545204163,168.57046508789062,305.35791015625,44.68342590332031,79.09115600585938
1153,21,person,0,0.7872007489204407,281.3927001953125,269.8305969238281,23.33038330078125,50.81761169433594
1153,22,bicycle,1,0.8160104155540466,170.39273071289062,330.17608642578125,45.95405578613281,51.816497802734375
1153,23,bicycle,1,0.5353301763534546,280.09991455078125,287.4256286621094,17.48785400390625,41.2747802734375
1154,10,person,0,0.8860697746276855,421.38409423828125,289.80926513671875,29.945953369140625,78.81658935546875
1154,17,person,0,0.7777043581008911,352.50823974609375,268.5054931640625,24.45489501953125,49.54536437988281
1154,9,person,0,0.8339189887046814,166.25888061523438,302.9815368652344,44.23219299316406,72.44732666015625
1154,21,person,0,0.7639216184616089,281.39410400390625,270.23541259765625,24.713043212890625,50.558197021484375
1154,22,bicycle,1,0.8308924436569214,168.62461853027344,331.1649169921875,46.1339111328125,51.8673095703125
1154,23,bicycle,1,0.6246412992477417,279.69342041015625,287.17578125,17.643341064453125,43.592132568359375
1155,10,person,0,0.8757005333900452,421.337646484375,291.796875,29.473175048828125,81.16893005371094
1155,17,person,0,0.7555147409439087,352.27044677734375,268.6055908203125,24.725921630859375,49.839263916015625
1155,9,person,0,0.8445338010787964,164.4480438232422,302.29486083984375,43.380218505859375,70.32708740234375
1155,21,person,0,0.6758554577827454,280.0716247558594,270.1746520996094,24.1693115234375,50.7503662109375
1155,22,bicycle,1,0.8445362448692322,166.79122924804688,331.8026428222656,46.048370361328125,52.69647216796875
1155,23,bicycle,1,0.6032623648643494,279.8454895019531,287.8389892578125,16.536376953125,44.29888916015625
1155,12,person,0,0.5338263511657715,299.21490478515625,249.9188690185547,10.972412109375,28.844573974609375
1156,10,person,0,0.8611754179000854,421.3974609375,292.9511413574219,29.362518310546875,82.01887512207031
1156,17,person,0,0.7852280139923096,351.8232727050781,268.77545166015625,23.98907470703125,49.77937316894531
1156,9,person,0,0.8478214144706726,162.534423828125,302.47271728515625,43.222137451171875,70.14657592773438
1156,21,person,0,0.7342466711997986,278.71807861328125,270.0688781738281,23.148284912109375,51.86973571777344
1156,22,bicycle,1,0.8379815220832825,164.836181640625,332.26995849609375,45.15827941894531,53.9730224609375
1156,23,bicycle,1,0.5926439762115479,279.9787902832031,288.4098205566406,15.20672607421875,44.5008544921875
1156,12,person,0,0.2873631715774536,298.346435546875,251.295654296875,10.48712158203125,29.00140380859375
1157,10,person,0,0.8760507106781006,421.2684326171875,293.6774597167969,29.304779052734375,82.55009460449219
1157,17,person,0,0.780161440372467,350.34112548828125,268.62042236328125,22.551849365234375,49.83247375488281
1157,9,person,0,0.8439815044403076,160.80267333984375,303.16650390625,42.59629821777344,70.90451049804688
1157,21,person,0,0.7043178677558899,278.1483154296875,270.3319396972656,22.830078125,51.7021484375
1157,22,bicycle,1,0.8028509020805359,163.086669921875,332.31201171875,44.61369323730469,56.455413818359375
1157,23,bicycle,1,0.6190173029899597,279.19293212890625,289.14111328125,15.675567626953125,44.537445068359375
1157,12,person,0,0.1675361692905426,297.40130615234375,251.05426025390625,9.7938232421875,29.6563720703125
1158,10,person,0,0.8727051615715027,421.14495849609375,293.90606689453125,29.10638427734375,82.951416015625
1158,17,person,0,0.8152853846549988,349.9672546386719,268.587890625,22.96966552734375,50.13897705078125
1158,9,person,0,0.8461563587188721,158.67050170898438,304.395751953125,43.22245788574219,71.05673217773438
1158,21,person,0,0.7334097027778625,278.0625,270.46343994140625,21.643768310546875,51.20860290527344
1158,22,bicycle,1,0.8024386763572693,160.99142456054688,333.30584716796875,43.5567626953125,56.900115966796875
1158,23,bicycle,1,0.6303730010986328,277.91552734375,289.6380615234375,14.811126708984375,44.533721923828125
1158,12,person,0,0.45862042903900146,295.3164978027344,251.78765869140625,10.0977783203125,29.353805541992188
1159,10,person,0,0.8697490692138672,420.8333740234375,294.13275146484375,28.900177001953125,83.3411865234375
1159,17,person,0,0.8183733224868774,349.44830322265625,268.61639404296875,22.898834228515625,50.35725402832031
1159,9,person,0,0.8831080198287964,156.51205444335938,307.43670654296875,43.26380920410156,75.72317504882812
1159,21,person,0,0.7331894040107727,277.3516845703125,272.0986022949219,22.480804443359375,54.30503845214844
1159,22,bicycle,1,0.7988817691802979,158.82781982421875,334.45318603515625,42.83537292480469,56.654937744140625
1159,23,bicycle,1,0.5890223383903503,277.208251953125,290.17431640625,16.3599853515625,44.291412353515625
1159,12,person,0,0.33525723218917847,294.38446044921875,248.90316772460938,8.594573974609375,27.597427368164062
1160,10,person,0,0.8623685240745544,420.404296875,294.20855712890625,28.4990234375,82.96287536621094
1160,17,person,0,0.8350449800491333,348.9748840332031,268.7103271484375,22.58172607421875,50.32453918457031
1160,9,person,0,0.8737773895263672,155.04611206054688,308.06341552734375,42.35783386230469,76.75204467773438
1160,21,person,0,0.756681501865387,276.83367919921875,271.6808776855469,23.15631103515625,52.84068298339844
1160,22,bicycle,1,0.8286497592926025,157.1903533935547,334.7342529296875,42.941619873046875,58.08367919921875
1160,23,bicycle,1,0.7066510319709778,276.859619140625,290.7439880371094,16.0537109375,43.66912841796875
1160,12,person,0,0.7072116136550903,292.6556396484375,250.24636840820312,9.509185791015625,28.468215942382812
1161,10,person,0,0.8544764518737793,420.2522888183594,293.7236633300781,28.4720458984375,82.52320861816406
1161,17,person,0,0.8098483681678772,348.27239990234375,268.6938781738281,21.9072265625,50.81109619140625
1161,9,person,0,0.8437678217887878,153.1930694580078,307.8702392578125,41.929107666015625,76.440185546875
1161,21,person,0,0.7723726034164429,276.18408203125,271.58367919921875,23.165618896484375,52.96849060058594
1161,22,bicycle,1,0.8006902933120728,155.51828002929688,335.4195861816406,42.00006103515625,59.34942626953125
1161,23,bicycle,1,0.6535720825195312,276.62677001953125,290.9392395019531,17.20880126953125,43.233642578125
1161,12,person,0,0.5440870523452759,291.3705749511719,251.52536010742188,11.24444580078125,28.345809936523438
1162,10,person,0,0.8676221370697021,420.06597900390625,293.94500732421875,28.545440673828125,82.78898620605469
1162,17,person,0,0.7980449795722961,347.3945007324219,269.09014892578125,21.92718505859375,50.81507873535156
1162,9,person,0,0.8531245589256287,151.4131622314453,307.90423583984375,40.780792236328125,75.6529541015625
1162,21,person,0,0.7509578466415405,275.5699462890625,271.8708801269531,23.155029296875,52.99505615234375
1162,22,bicycle,1,0.8089491128921509,153.87271118164062,336.5244140625,41.38877868652344,59.887725830078125
1162,23,bicycle,1,0.668304443359375,276.5411682128906,291.2308349609375,17.572021484375,43.779449462890625
1162,12,person,0,0.5092853307723999,290.97998046875,250.826416015625,11.223175048828125,30.2012939453125
1163,10,person,0,0.8663655519485474,419.85345458984375,293.88409423828125,28.372283935546875,82.94601440429688
1163,17,person,0,0.8073081970214844,346.846435546875,269.48779296875,22.194915771484375,50.240875244140625
1163,9,person,0,0.8452355861663818,149.3994598388672,308.08746337890625,40.717132568359375,75.43759155273438
1163,21,person,0,0.7399973273277283,274.4060363769531,272.01885986328125,23.55999755859375,52.57136535644531
1163,22,bicycle,1,0.8114672899246216,152.4279022216797,337.59393310546875,40.292816162109375,60.110137939453125
1163,23,bicycle,1,0.5737206339836121,275.529296875,291.46527099609375,17.151336669921875,44.13128662109375
1163,12,person,0,0.5240490436553955,290.4806213378906,250.35154724121094,11.45025634765625,31.831024169921875
1164,10,person,0,0.8618941307067871,419.67510986328125,293.55279541015625,28.232818603515625,83.15126037597656
1164,17,person,0,0.8167892098426819,346.2137451171875,269.73504638671875,21.329681396484375,50.07879638671875
1164,9,person,0,0.8350841403007507,148.1693115234375,308.27508544921875,39.88883972167969,74.46328735351562
1164,21,person,0,0.727432131767273,273.4813232421875,272.740966796875,23.757781982421875,52.02464294433594
1164,22,bicycle,1,0.7707894444465637,150.8319091796875,337.98394775390625,39.88133239746094,60.844482421875
1164,23,bicycle,1,0.580102801322937,274.62811279296875,291.813720703125,18.009185791015625,44.992828369140625
1164,12,person,0,0.5102648735046387,288.4595642089844,249.63775634765625,14.3648681640625,32.74317932128906
1165,10,person,0,0.8596264719963074,419.7121276855469,292.8909912109375,28.4935302734375,82.95368957519531
1165,17,person,0,0.8187530636787415,345.6383056640625,269.80413818359375,20.61395263671875,49.80293273925781
1165,9,person,0,0.8604080677032471,146.01535034179688,308.99896240234375,40.70751953125,76.07205200195312
1165,21,person,0,0.7582461833953857,272.18353271484375,273.181396484375,24.8193359375,52.03495788574219
1165,22,bicycle,1,0.793850302696228,148.19320678710938,338.69464111328125,41.21247100830078,61.829254150390625
1165,23,bicycle,1,0.5966959595680237,274.2162780761719,292.79437255859375,18.31793212890625,44.78631591796875
1165,12,person,0,0.2988986074924469,288.73248291015625,250.499755859375,13.001556396484375,32.8231201171875
1166,10,person,0,0.8748185634613037,419.65924072265625,293.26239013671875,28.807373046875,83.52653503417969
1166,17,person,0,0.8313109278678894,344.9105224609375,270.00408935546875,20.672576904296875,49.94891357421875
1166,9,person,0,0.8425242900848389,144.36672973632812,309.427490234375,40.78907775878906,75.68316650390625
1166,21,person,0,0.7446842789649963,271.64404296875,273.817626953125,24.85687255859375,52.25025939941406
1166,22,bicycle,1,0.8092297315597534,146.16693115234375,338.89697265625,42.160308837890625,63.469085693359375
1166,23,bicycle,1,0.6285617351531982,273.04107666015625,292.8822937011719,18.713958740234375,44.1673583984375
1166,12,person,0,0.19084106385707855,288.7056579589844,250.3060302734375,12.15899658203125,33.83319091796875
1167,10,person,0,0.8737216591835022,419.55145263671875,293.25555419921875,28.670166015625,83.98233032226562
1167,17,person,0,0.8351884484291077,344.81805419921875,270.2734375,20.821624755859375,49.86158752441406
1167,9,person,0,0.839541494846344,142.1075897216797,312.43231201171875,41.154441833496094,79.87820434570312
1167,21,person,0,0.7609990835189819,270.2467041015625,273.98944091796875,24.756805419921875,51.808807373046875
1167,22,bicycle,1,0.8141970038414001,144.28173828125,339.546630859375,42.70829772949219,63.982147216796875
1167,23,bicycle,1,0.6102175712585449,272.1641845703125,293.66522216796875,19.7796630859375,45.078033447265625
1167,12,person,0,0.19592800736427307,287.50140380859375,248.80581665039062,13.132720947265625,37.5770263671875
1168,10,person,0,0.8733530044555664,419.41070556640625,293.62255859375,28.605682373046875,83.89401245117188
1168,17,person,0,0.8347234129905701,344.77459716796875,270.52459716796875,21.12261962890625,50.2713623046875
1168,9,person,0,0.8531556725502014,139.7507781982422,314.184326171875,42.41649627685547,82.06527709960938
1168,21,person,0,0.7601479887962341,269.1788330078125,274.6653747558594,24.807098388671875,53.53089904785156
1168,22,bicycle,1,0.8161377310752869,141.6119842529297,341.47772216796875,44.935577392578125,62.103729248046875
1168,23,bicycle,1,0.6769002676010132,270.65032958984375,293.7930603027344,21.3704833984375,44.55535888671875
1169,10,person,0,0.8746917843818665,419.33941650390625,293.9088134765625,28.636566162109375,83.78152465820312
1169,17,person,0,0.835311233997345,344.6321105957031,270.9365234375,20.97698974609375,50.843231201171875
1169,9,person,0,0.8434752821922302,138.01380920410156,315.572509765625,44.014076232910156,83.34759521484375
1169,21,person,0,0.7638452649116516,268.1399841308594,275.7304992675781,25.393051147460938,54.73716735839844
1169,22,bicycle,1,0.8302499651908875,139.73919677734375,343.3819885253906,46.31776428222656,60.47381591796875
1169,23,bicycle,1,0.6110785007476807,270.0550537109375,295.5355224609375,20.796783447265625,44.910552978515625
1170,10,person,0,0.8603324890136719,419.30718994140625,294.199462890625,28.524810791015625,83.82704162597656
1170,17,person,0,0.8403306007385254,344.6473388671875,271.1358642578125,20.638946533203125,50.89131164550781
1170,9,person,0,0.8458210825920105,135.8740234375,317.19512939453125,45.82893371582031,85.545166015625
1170,21,person,0,0.7918708920478821,267.20159912109375,276.72052001953125,26.714935302734375,56.08335876464844
1170,22,bicycle,1,0.8099705576896667,137.85598754882812,344.47216796875,47.06034851074219,60.379486083984375
1170,23,bicycle,1,0.5859896540641785,269.04150390625,296.4075927734375,20.551361083984375,44.75640869140625
1171,10,person,0,0.8737447261810303,419.3327331542969,294.68194580078125,28.32366943359375,84.35394287109375
1171,17,person,0,0.8430128693580627,344.7966003417969,271.21868896484375,20.7490234375,50.931121826171875
1171,9,person,0,0.8502199053764343,133.7783203125,316.9972839355469,46.76087951660156,84.9561767578125
1171,21,person,0,0.7308791279792786,265.6939392089844,277.1545715332031,27.143966674804688,56.16014099121094
1171,22,bicycle,1,0.836818516254425,135.57028198242188,345.7877502441406,48.72089385986328,59.8878173828125
1171,23,bicycle,1,0.6645807027816772,267.28717041015625,296.37445068359375,23.2529296875,47.279510498046875
1172,10,person,0,0.8731457591056824,419.21234130859375,294.8709411621094,28.194305419921875,84.67005920410156
1172,17,person,0,0.8401354551315308,344.7876892089844,271.28851318359375,20.90557861328125,51.035400390625
1172,9,person,0,0.8743380308151245,131.87620544433594,316.9319763183594,46.0087890625,84.2574462890625
1172,21,person,0,0.7145863175392151,264.2711486816406,278.53253173828125,27.283401489257812,58.06636047363281
1172,22,bicycle,1,0.8452159762382507,133.80227661132812,346.70989990234375,49.473670959472656,60.39862060546875
1172,23,bicycle,1,0.629386305809021,266.1706237792969,297.1241455078125,24.462051391601562,47.74176025390625
1172,12,person,0,0.6348701119422913,285.0390625,244.320556640625,13.924957275390625,35.38645935058594
1173,10,person,0,0.8778476119041443,419.2105407714844,295.1825256347656,28.4451904296875,85.21723937988281
1173,17,person,0,0.8397683501243591,345.05487060546875,271.27685546875,21.1280517578125,51.150177001953125
1173,9,person,0,0.8650380373001099,129.278564453125,318.04290771484375,47.18744659423828,86.67306518554688
1173,21,person,0,0.7255918383598328,262.70269775390625,279.26611328125,27.770462036132812,58.199371337890625
1173,22,bicycle,1,0.8404783606529236,132.1177215576172,347.88458251953125,50.53325653076172,59.851226806640625
1173,23,bicycle,1,0.6378453969955444,264.876708984375,298.150146484375,26.28973388671875,46.05499267578125
1173,12,person,0,0.38787293434143066,285.43389892578125,245.65283203125,14.484527587890625,32.29803466796875
1174,10,person,0,0.8726959228515625,419.0245361328125,295.45709228515625,28.299102783203125,85.15737915039062
1174,17,person,0,0.8264472484588623,345.19500732421875,271.1939392089844,21.446746826171875,51.45841979980469
1174,9,person,0,0.8546398282051086,127.46158599853516,317.08721923828125,47.94950866699219,85.24832153320312
1174,21,person,0,0.7442014813423157,261.2030029296875,278.94866943359375,28.313156127929688,58.24713134765625
1174,22,bicycle,1,0.836933434009552,130.13436889648438,348.3428039550781,52.380699157714844,60.83856201171875
1174,23,bicycle,1,0.6923391819000244,263.85821533203125,298.6880798339844,28.301773071289062,46.10992431640625
1174,12,person,0,0.49736288189888,286.7979736328125,242.19900512695312,14.09765625,31.49761962890625
1175,10,person,0,0.8725230097770691,418.952392578125,295.497314453125,27.926300048828125,84.57920837402344
1175,17,person,0,0.8244180083274841,345.7403564453125,271.0423278808594,22.16693115234375,51.15411376953125
1175,9,person,0,0.8759527802467346,125.06166076660156,316.7118835449219,49.749420166015625,86.31231689453125
1175,21,person,0,0.7476645708084106,259.33648681640625,279.0240478515625,29.428619384765625,58.28019714355469
1175,22,bicycle,1,0.8357338905334473,128.31385803222656,349.6475830078125,53.876319885253906,60.425048828125
1175,23,bicycle,1,0.6957096457481384,262.1908874511719,299.5634460449219,30.201522827148438,47.0733642578125
1175,12,person,0,0.36986613273620605,288.73272705078125,241.83795166015625,14.079254150390625,29.771804809570312
1176,10,person,0,0.8657147288322449,418.7821350097656,295.8242492675781,27.7547607421875,84.74089050292969
1176,17,person,0,0.8297165036201477,346.16705322265625,271.181640625,22.80584716796875,51.50054931640625
1176,9,person,0,0.8505805134773254,122.85171508789062,320.73626708984375,50.9171142578125,92.95413208007812
1176,21,person,0,0.7647284865379333,257.3526916503906,278.8275146484375,30.310806274414062,59.757110595703125
1176,22,bicycle,1,0.8244116902351379,126.21092224121094,350.94171142578125,53.74622344970703,59.787445068359375
1176,23,bicycle,1,0.6759041547775269,260.42822265625,300.1890869140625,32.411407470703125,47.480316162109375
1176,12,person,0,0.1681472361087799,289.4153137207031,239.832275390625,14.48822021484375,24.31817626953125
1177,10,person,0,0.8609998822212219,418.74981689453125,296.9126281738281,26.6175537109375,86.39849853515625
1177,17,person,0,0.8377221822738647,346.35540771484375,271.4613952636719,23.084197998046875,51.99943542480469
1177,9,person,0,0.8679428100585938,121.20773315429688,322.720947265625,50.97649383544922,95.34854125976562
1177,21,person,0,0.74705570936203,255.97454833984375,280.6104431152344,31.7359619140625,60.25044250488281
1177,22,bicycle,1,0.8479142189025879,124.45039367675781,352.01544189453125,53.84033966064453,59.80010986328125
1177,23,bicycle,1,0.6454881429672241,258.2637939453125,300.5955810546875,33.846466064453125,47.672882080078125
1177,12,person,0,0.48546624183654785,291.1057434082031,239.62078857421875,13.62298583984375,26.86273193359375
1178,10,person,0,0.8496650457382202,418.8331298828125,297.295654296875,25.491241455078125,87.16046142578125
1178,17,person,0,0.8333855271339417,346.6458740234375,271.6969299316406,23.394866943359375,52.43792724609375
1178,9,person,0,0.875667929649353,119.26216888427734,324.025146484375,51.58158874511719,95.86190795898438
1178,21,person,0,0.8135609030723572,253.93927001953125,281.53277587890625,32.31852722167969,60.2869873046875
1178,22,bicycle,1,0.8521435260772705,122.85485076904297,353.4482727050781,54.83934020996094,59.2161865234375
1178,23,bicycle,1,0.6428067684173584,255.98959350585938,302.5409851074219,36.10017395019531,44.72283935546875
1178,12,person,0,0.3705705404281616,292.59039306640625,239.55325317382812,15.4036865234375,30.242828369140625
1179,10,person,0,0.8232811689376831,419.1742248535156,297.3240966796875,24.432373046875,86.84306335449219
1179,17,person,0,0.8408792614936829,346.67913818359375,271.67578125,23.742889404296875,52.588958740234375
1179,9,person,0,0.851020336151123,117.57435607910156,323.6846923828125,52.01836395263672,93.66860961914062
1179,21,person,0,0.7892879843711853,250.92384338378906,282.5122375488281,31.913177490234375,59.05438232421875
1179,22,bicycle,1,0.8447326421737671,120.90113830566406,354.2745361328125,55.5394287109375,60.122222900390625
1179,23,bicycle,1,0.6978082060813904,253.61026000976562,303.3877258300781,37.72047424316406,43.99395751953125
1179,12,person,0,0.4069838523864746,293.1563720703125,240.85433959960938,16.299652099609375,27.918136596679688
1180,10,person,0,0.8233899474143982,419.7645263671875,297.43280029296875,22.9456787109375,86.46444702148438
1180,17,person,0,0.8232768177986145,346.79339599609375,272.1025085449219,24.27655029296875,52.08219909667969
1180,9,person,0,0.8608723878860474,115.69245910644531,325.13873291015625,51.551361083984375,95.41256713867188
1180,21,person,0,0.8480936288833618,248.5158233642578,282.61676025390625,31.897491455078125,58.928314208984375
1180,22,bicycle,1,0.8539248704910278,118.70099639892578,354.9410705566406,56.79930114746094,61.50146484375
1180,23,bicycle,1,0.7572353482246399,251.24755859375,303.6715087890625,39.83647155761719,44.981658935546875
1180,12,person,0,0.26636892557144165,293.9356384277344,242.39639282226562,17.48309326171875,33.46044921875
1180,24,person,0,0.6025821566581726,353.1792907714844,243.5583953857422,10.3846435546875,28.944549560546875
1181,10,person,0,0.8170502781867981,419.77386474609375,297.34967041015625,21.689361572265625,86.62445068359375
1181,17,person,0,0.8109116554260254,346.81072998046875,272.4486389160156,24.237335205078125,51.73536682128906
1181,9,person,0,0.8777303099632263,113.61506652832031,326.41802978515625,51.294288635253906,96.82485961914062
1181,21,person,0,0.6523553133010864,246.33334350585938,283.35821533203125,31.713699340820312,59.86561584472656
1181,22,bicycle,1,0.8467339873313904,117.11740112304688,356.145263671875,56.374420166015625,61.111419677734375
1181,23,bicycle,1,0.8087459206581116,248.63043212890625,304.2733459472656,43.08265686035156,45.34454345703125
1181,12,person,0,0.24898962676525116,294.77947998046875,243.91696166992188,16.951507568359375,34.02757263183594
1181,24,person,0,0.4969728887081146,353.1104736328125,243.85926818847656,10.5362548828125,29.265899658203125
1182,10,person,0,0.8023701906204224,419.5853576660156,297.1739501953125,20.7490234375,86.63417053222656
1182,17,person,0,0.8029600381851196,346.9910888671875,272.9021911621094,23.886627197265625,51.60459899902344
1182,9,person,0,0.9032344818115234,111.82087707519531,327.060546875,51.42974090576172,97.96682739257812
1182,21,person,0,0.8169785737991333,243.68948364257812,283.8635559082031,31.848312377929688,60.12632751464844
1182,22,bicycle,1,0.8499804139137268,115.60108184814453,357.3904724121094,55.67799377441406,61.62225341796875
1182,23,bicycle,1,0.8098063468933105,246.1554718017578,304.92816162109375,45.451141357421875,43.49005126953125
1182,12,person,0,0.3679709732532501,296.2646484375,245.00595092773438,18.483551025390625,37.418701171875
1182,24,person,0,0.4832494854927063,353.0092468261719,244.99929809570312,10.51019287109375,31.834030151367188
1183,10,person,0,0.7978636622428894,419.7186279296875,296.7087097167969,19.7464599609375,86.66352844238281
1183,17,person,0,0.8188037276268005,346.86676025390625,273.28521728515625,24.468414306640625,52.0946044921875
1183,9,person,0,0.8864228129386902,110.13557434082031,325.9569091796875,51.590721130371094,94.78500366210938
1183,21,person,0,0.7705103158950806,241.44418334960938,283.8022155761719,32.83024597167969,59.17903137207031
1183,22,bicycle,1,0.8662039041519165,113.95442962646484,358.84326171875,56.65586853027344,61.662384033203125
1183,23,bicycle,1,0.8259086608886719,243.16665649414062,305.4847412109375,48.43780517578125,44.151824951171875
1183,12,person,0,0.5701726675033569,297.7552795410156,246.40655517578125,17.2042236328125,39.74418640136719
1184,10,person,0,0.8021013140678406,419.9029541015625,296.3139343261719,18.92279052734375,86.80216979980469
1184,17,person,0,0.8187699317932129,346.94427490234375,273.57281494140625,25.208526611328125,52.72645568847656
1184,9,person,0,0.8651912808418274,108.13031005859375,324.5853271484375,52.394981384277344,91.23678588867188
1184,21,person,0,0.80278080701828,239.4051513671875,283.9757080078125,33.3341064453125,60.17424011230469
1184,22,bicycle,1,0.8716684579849243,111.93126678466797,359.802490234375,56.68379211425781,62.257232666015625
1184,23,bicycle,1,0.8152468204498291,240.23944091796875,304.39190673828125,50.31806945800781,41.4892578125
1184,12,person,0,0.7371500134468079,299.11328125,248.31466674804688,15.527008056640625,39.529052734375
1185,10,person,0,0.8116541504859924,420.134033203125,296.43341064453125,18.79925537109375,87.50572204589844
1185,17,person,0,0.8226495981216431,346.74566650390625,273.6981201171875,24.66436767578125,52.67741394042969
1185,9,person,0,0.8741910457611084,106.50486755371094,328.1178283691406,51.93146514892578,96.55072021484375
1185,21,person,0,0.7899487614631653,237.09454345703125,283.8613586425781,33.72587585449219,59.86662292480469
1185,22,bicycle,1,0.8599029779434204,110.52572631835938,360.87811279296875,55.957191467285156,62.9500732421875
1185,23,bicycle,1,0.8450900316238403,237.68154907226562,305.4405212402344,51.7821044921875,43.86578369140625
1185,12,person,0,0.6082534790039062,300.11578369140625,249.63388061523438,14.120574951171875,38.34126281738281
1186,10,person,0,0.8160169720649719,420.1588134765625,296.5014343261719,19.068572998046875,87.8873291015625
1186,17,person,0,0.7971399426460266,345.815673828125,273.44488525390625,23.511444091796875,52.273956298828125
1186,9,person,0,0.8748232126235962,104.99568176269531,330.2867431640625,50.959320068359375,99.31118774414062
1186,21,person,0,0.7752671837806702,234.71994018554688,284.0415954589844,34.25404357910156,59.56292724609375
1186,22,bicycle,1,0.8269392848014832,108.80751037597656,361.74853515625,54.98259735107422,63.422515869140625
1186,23,bicycle,1,0.8473899364471436,235.0919189453125,304.98138427734375,53.63496398925781,42.99822998046875
1186,12,person,0,0.7175235152244568,300.61846923828125,251.15170288085938,14.09759521484375,35.82084655761719
1187,10,person,0,0.8177980780601501,419.8890075683594,296.6476135253906,19.4989013671875,88.1834716796875
1187,17,person,0,0.7970787286758423,345.06524658203125,273.44134521484375,22.405426025390625,52.255126953125
1187,9,person,0,0.8731957077980042,103.47998046875,331.95172119140625,51.047691345214844,101.69192504882812
1187,21,person,0,0.7708130478858948,232.97470092773438,283.6191711425781,32.749755859375,59.49592590332031
1187,22,bicycle,1,0.7908516526222229,107.72745513916016,362.7052307128906,53.49763488769531,64.364990234375
1187,23,bicycle,1,0.8449902534484863,232.5361328125,304.8530578613281,55.265625,42.4002685546875
1187,12,person,0,0.5971623063087463,300.8282165527344,252.11566162109375,14.27069091796875,33.99119567871094
1188,10,person,0,0.8285707235336304,419.97161865234375,296.5333251953125,20.21258544921875,87.97116088867188
1188,17,person,0,0.8133913278579712,344.2960205078125,273.5262451171875,22.14080810546875,52.53199768066406
1188,9,person,0,0.8663762211799622,102.19978332519531,332.54290771484375,51.08631896972656,101.39163208007812
1188,21,person,0,0.7292654514312744,231.28875732421875,282.3811340332031,30.656265258789062,60.17350769042969
1188,22,bicycle,1,0.8079678416252136,106.73660278320312,364.2827453613281,52.14190673828125,64.7314453125
1188,23,bicycle,1,0.8446066379547119,229.8426055908203,304.108642578125,56.494781494140625,42.667877197265625
1188,12,person,0,0.6364001035690308,301.0378112792969,252.15426635742188,14.3345947265625,33.88990783691406
1189,10,person,0,0.8195878863334656,420.1725769042969,296.45135498046875,20.4703369140625,88.03363037109375
1189,17,person,0,0.8141005635261536,343.6929931640625,273.53289794921875,22.454498291015625,52.67259216308594
1189,9,person,0,0.859744668006897,100.7442626953125,332.36370849609375,50.615562438964844,98.12545776367188
1189,21,person,0,0.7541724443435669,226.83731079101562,283.26580810546875,34.08924865722656,60.82234191894531
1189,22,bicycle,1,0.7992136478424072,105.3596420288086,365.4642639160156,51.02873229980469,65.15692138671875
1189,23,bicycle,1,0.7999525666236877,227.34017944335938,303.9699401855469,57.778076171875,40.9945068359375
1189,12,person,0,0.5964987874031067,301.3291015625,252.386962890625,14.360565185546875,33.12330627441406
1190,10,person,0,0.8221217393875122,420.1553649902344,296.43365478515625,20.86358642578125,88.05461120605469
1190,17,person,0,0.8114650845527649,343.1112060546875,273.524169921875,22.834686279296875,52.91703796386719
1190,9,person,0,0.8405260443687439,99.5941162109375,332.17401123046875,49.7618408203125,95.47286987304688
1190,21,person,0,0.7997981905937195,223.53326416015625,284.29608154296875,35.4276123046875,61.33763122558594
1190,22,bicycle,1,0.7384642958641052,103.16606903076172,366.56585693359375,50.56275939941406,66.75418090820312
1190,23,bicycle,1,0.8073859214782715,227.45138549804688,303.8440856933594,52.5831298828125,40.06536865234375
1191,10,person,0,0.8289625644683838,420.12274169921875,296.5503845214844,21.380340576171875,87.7943115234375
1191,17,person,0,0.8028743863105774,342.7116394042969,273.552490234375,22.49847412109375,53.339263916015625
1191,9,person,0,0.8741245865821838,98.37440490722656,331.62371826171875,48.92686462402344,92.87820434570312
1191,21,person,0,0.7812344431877136,220.698974609375,284.05499267578125,36.23652648925781,61.122467041015625
1191,22,bicycle,1,0.7293339967727661,102.01969909667969,367.397705078125,48.088539123535156,68.46304321289062
1191,23,bicycle,1,0.7890276908874512,226.26589965820312,304.22369384765625,49.303497314453125,39.937408447265625
1192,10,person,0,0.8326811194419861,420.0846862792969,296.74334716796875,22.346923828125,87.54620361328125
1192,17,person,0,0.812852680683136,342.2419128417969,273.6110534667969,22.684326171875,53.78141784667969
1192,9,person,0,0.8676716685295105,97.3779525756836,331.58544921875,48.116729736328125,90.75936889648438
1192,21,person,0,0.7653070688247681,217.6913299560547,284.1789245605469,38.08062744140625,63.50372314453125
1192,22,bicycle,1,0.7553852796554565,101.90809631347656,368.5740051269531,45.37433624267578,69.20135498046875
1192,23,bicycle,1,0.8030582666397095,219.09881591796875,306.23406982421875,58.04530334472656,44.822357177734375
1193,10,person,0,0.8324892520904541,420.191162109375,296.5019836425781,22.529937744140625,87.39897155761719
1193,17,person,0,0.8081760406494141,341.65911865234375,273.66986083984375,22.86669921875,53.674530029296875
1193,9,person,0,0.8621181845664978,96.37427520751953,332.87982177734375,47.5496826171875,92.60842895507812
1193,21,person,0,0.8113648891448975,214.2537841796875,284.71746826171875,38.3233642578125,66.05426025390625
1193,22,bicycle,1,0.6671646237373352,100.35372924804688,369.4373779296875,44.54338836669922,69.53427124023438
1193,23,bicycle,1,0.8449198603630066,214.4619140625,307.60235595703125,62.26600646972656,46.068206787109375
1193,12,person,0,0.5759595632553101,305.2983703613281,253.18505859375,11.6470947265625,31.317764282226562
1194,10,person,0,0.8456946015357971,419.895751953125,296.33544921875,23.71307373046875,87.59774780273438
1194,17,person,0,0.8185397386550903,341.30938720703125,274.278564453125,22.774139404296875,54.32011413574219
1194,9,person,0,0.8637220859527588,95.35108947753906,335.3779296875,46.91942596435547,96.49044799804688
1194,21,person,0,0.8178134560585022,211.38552856445312,286.24444580078125,38.86967468261719,67.68318176269531
1194,22,bicycle,1,0.5493596792221069,97.27367401123047,370.4239501953125,44.83966064453125,70.78912353515625
1194,23,bicycle,1,0.8674145936965942,210.88336181640625,309.07080078125,64.88092041015625,45.865631103515625
1194,12,person,0,0.4262806475162506,306.7811279296875,252.79188537597656,11.088836669921875,30.074920654296875
1195,10,person,0,0.8508161306381226,419.9246826171875,296.25494384765625,24.098602294921875,87.42974853515625
1195,17,person,0,0.8104628920555115,340.69921875,274.33624267578125,22.23321533203125,54.16954040527344
1195,9,person,0,0.850776195526123,94.43698120117188,335.368408203125,46.76543426513672,96.23736572265625
1195,21,person,0,0.842640221118927,208.34402465820312,286.9202575683594,38.23126220703125,68.39530944824219
1195,22,bicycle,1,0.6271911263465881,96.50840759277344,371.8232421875,43.1824951171875,68.32611083984375
1195,23,bicycle,1,0.8543545007705688,207.97097778320312,309.635009765625,65.86895751953125,46.48187255859375
1195,12,person,0,0.49753355979919434,307.18060302734375,250.635498046875,9.96990966796875,27.500686645507812
1196,10,person,0,0.8627164363861084,419.6305236816406,296.30291748046875,24.83465576171875,87.34405517578125
1196,17,person,0,0.8178481459617615,340.1956787109375,274.74822998046875,21.85040283203125,54.316680908203125
1196,9,person,0,0.8579519391059875,93.50656127929688,338.1293640136719,46.54344177246094,99.6297607421875
1196,21,person,0,0.8366363644599915,205.30111694335938,287.1868591308594,39.02587890625,69.96723937988281
1196,22,bicycle,1,0.4390867352485657,94.06455993652344,370.75079345703125,41.26587677001953,63.378509521484375
1196,23,bicycle,1,0.8465359807014465,204.55557250976562,309.59197998046875,66.81167602539062,47.014923095703125
1196,12,person,0,0.2760661840438843,307.6667785644531,248.52809143066406,8.9871826171875,22.348480224609375
1197,10,person,0,0.8686155676841736,419.403076171875,296.2337951660156,25.60491943359375,87.45527648925781
1197,17,person,0,0.8371474146842957,339.7915954589844,275.26220703125,21.63507080078125,54.278411865234375
1197,9,person,0,0.8373215794563293,93.07125091552734,338.7535400390625,46.162445068359375,97.42010498046875
1197,21,person,0,0.8422181606292725,202.43099975585938,287.10577392578125,39.67115783691406,70.23927307128906
1197,22,bicycle,1,0.43586304783821106,93.50303649902344,369.1815185546875,39.66886901855469,59.111053466796875
1197,23,bicycle,1,0.846173107624054,201.47447204589844,309.76025390625,67.12240600585938,47.788909912109375
1198,10,person,0,0.8714236617088318,419.277587890625,296.1891174316406,26.345489501953125,87.66804504394531
1198,17,person,0,0.8291639685630798,339.613525390625,275.5285339355469,21.53765869140625,54.61732482910156
1198,9,person,0,0.8869717717170715,92.20497131347656,342.97576904296875,45.75611114501953,103.343505859375
1198,21,person,0,0.8398789167404175,199.26666259765625,287.14703369140625,40.42169189453125,71.78413391113281
1198,22,bicycle,1,0.3825826346874237,92.81428527832031,365.978759765625,27.918197631835938,56.158935546875
1198,23,bicycle,1,0.8921449780464172,198.0882110595703,310.23974609375,66.63134765625,48.023834228515625
1199,10,person,0,0.8730089664459229,419.28387451171875,296.254638671875,27.220245361328125,87.52934265136719
1199,17,person,0,0.8273277878761292,339.6282958984375,275.8643798828125,21.511871337890625,54.978118896484375
1199,9,person,0,0.8847447037696838,91.75791931152344,345.44189453125,44.82422637939453,105.94366455078125
1199,21,person,0,0.8294833302497864,196.29385375976562,286.9068603515625,41.298583984375,73.04623413085938
1199,22,bicycle,1,0.2731623947620392,91.26876831054688,370.92950439453125,27.03472137451172,67.956298828125
1199,23,bicycle,1,0.8870967626571655,195.0919189453125,310.3282165527344,67.28861999511719,47.97747802734375
1200,10,person,0,0.8757556080818176,419.7989501953125,296.0634765625,28.355438232421875,87.75440979003906
1200,17,person,0,0.8368632197380066,339.643798828125,275.91156005859375,21.5902099609375,55.22065734863281
1200,9,person,0,0.8869132399559021,91.30534362792969,346.8116149902344,44.07915496826172,106.5355224609375
1200,21,person,0,0.8101884126663208,193.43521118164062,286.8174133300781,43.82835388183594,75.09136962890625
1200,22,bicycle,1,0.33499595522880554,89.1968765258789,371.7288513183594,27.760009765625,59.08526611328125
1200,23,bicycle,1,0.8925504088401794,192.53250122070312,310.64996337890625,67.08888244628906,48.312896728515625
1201,10,person,0,0.8742872476577759,420.24786376953125,295.9383544921875,29.375701904296875,88.05258178710938
1201,17,person,0,0.8305656909942627,339.7264404296875,276.0092468261719,21.575439453125,55.41099548339844
1201,9,person,0,0.8755886554718018,91.48513793945312,347.57427978515625,44.187957763671875,107.27139282226562
1201,21,person,0,0.8180333375930786,190.70152282714844,286.9577941894531,44.299163818359375,75.9090576171875
1201,22,bicycle,1,0.38426345586776733,90.26763916015625,377.49237060546875,27.194259643554688,64.10562133789062
1201,23,bicycle,1,0.8365917205810547,189.60186767578125,310.59954833984375,66.94053649902344,50.002349853515625
1202,10,person,0,0.8807815909385681,420.6412353515625,295.5874328613281,30.728118896484375,86.98883056640625
1202,17,person,0,0.8297976851463318,339.84747314453125,276.0692443847656,21.449554443359375,55.59393310546875
1202,9,person,0,0.8656256794929504,91.57856750488281,348.8492431640625,43.85210418701172,108.33688354492188
1202,21,person,0,0.8378849029541016,186.7687225341797,287.22637939453125,43.69671630859375,74.88931274414062
1202,22,bicycle,1,0.44700950384140015,89.26112365722656,378.36529541015625,28.23992919921875,63.976165771484375
1202,23,bicycle,1,0.843204140663147,186.94564819335938,311.42010498046875,67.15641784667969,49.729949951171875
1203,10,person,0,0.8741070628166199,420.899169921875,295.62457275390625,31.690521240234375,87.06460571289062
1203,17,person,0,0.8205087780952454,340.083740234375,276.0102233886719,21.189697265625,55.50935363769531
1203,9,person,0,0.836089551448822,91.46101379394531,349.3266296386719,42.882408142089844,106.96026611328125
1203,21,person,0,0.8132956027984619,183.73574829101562,289.62725830078125,42.94194030761719,73.11189270019531
1203,22,bicycle,1,0.4966936707496643,89.33972930908203,379.8841552734375,32.28593444824219,64.85873413085938
1203,23,bicycle,1,0.8282081484794617,184.09657287597656,311.95672607421875,67.07949829101562,50.656219482421875
1204,10,person,0,0.8717688322067261,420.86895751953125,295.14373779296875,32.3819580078125,85.94654846191406
1204,17,person,0,0.7961177825927734,340.100830078125,275.5862121582031,21.228240966796875,54.85844421386719
1204,9,person,0,0.8487367630004883,91.248779296875,351.311767578125,41.63054656982422,108.4649658203125
1204,21,person,0,0.8232699632644653,180.98028564453125,289.96435546875,42.461944580078125,71.97677612304688
1204,22,bicycle,1,0.5211134552955627,89.12045288085938,384.4951477050781,35.54462432861328,72.93084716796875
1204,23,bicycle,1,0.8545008897781372,181.21551513671875,312.8293151855469,67.0301513671875,50.1954345703125
1205,10,person,0,0.8802042603492737,420.8476257324219,294.45391845703125,32.79071044921875,84.97621154785156
1205,17,person,0,0.794951319694519,340.28973388671875,275.42864990234375,21.11663818359375,54.775421142578125
1205,9,person,0,0.8489341735839844,91.15653991699219,352.63250732421875,41.38908386230469,109.84249877929688
1205,21,person,0,0.7915840744972229,178.36749267578125,289.9449462890625,41.82080078125,72.55892944335938
1205,22,bicycle,1,0.64069664478302,88.99931335449219,387.5455322265625,37.212501525878906,76.44003295898438
1205,23,bicycle,1,0.824249804019928,178.39892578125,312.61663818359375,66.81004333496094,47.964447021484375
1206,10,person,0,0.8834793567657471,420.7215270996094,294.50567626953125,32.76495361328125,85.51010131835938
1206,17,person,0,0.7712616920471191,340.6602783203125,275.222412109375,21.24029541015625,54.72804260253906
1206,9,person,0,0.8390110731124878,91.123779296875,353.208251953125,41.847328186035156,109.73770141601562
1206,21,person,0,0.83607417345047,175.4006805419922,291.3670959472656,42.179595947265625,72.45233154296875
1206,22,bicycle,1,0.668709933757782,89.53837585449219,390.5037536621094,37.84589385986328,77.60601806640625
1206,23,bicycle,1,0.8267046809196472,175.58660888671875,313.7928161621094,67.47279357910156,49.1455078125
1207,10,person,0,0.8923292756080627,420.6064453125,294.2529296875,32.79449462890625,85.08412170410156
1207,17,person,0,0.788162350654602,341.03863525390625,275.4814147949219,21.459747314453125,54.88044738769531
1207,9,person,0,0.8534324169158936,91.55116271972656,354.3280029296875,41.61610412597656,110.84649658203125
1207,21,person,0,0.8256368041038513,172.19815063476562,291.7423095703125,41.75456237792969,72.22067260742188
1207,22,bicycle,1,0.6047320365905762,90.13850402832031,392.42596435546875,38.204856872558594,79.70062255859375
1207,23,bicycle,1,0.7682797312736511,172.7132568359375,312.8672790527344,67.545654296875,50.15679931640625
1208,10,person,0,0.8867936134338379,420.281494140625,294.32476806640625,32.7613525390625,85.56387329101562
1208,17,person,0,0.7966042757034302,341.4881896972656,275.54132080078125,21.9837646484375,54.792999267578125
1208,9,person,0,0.8252627849578857,92.06240844726562,354.9906005859375,41.41163635253906,111.73138427734375
1208,21,person,0,0.8452813029289246,169.06179809570312,291.0068359375,42.54203796386719,75.16610717773438
1208,22,bicycle,1,0.6611343026161194,90.14460754394531,394.54632568359375,37.72676086425781,79.19198608398438
1208,23,bicycle,1,0.7022179961204529,167.86572265625,313.58221435546875,63.777069091796875,52.347930908203125
1209,10,person,0,0.8788337707519531,419.8592834472656,293.7348327636719,32.38323974609375,85.35614013671875
1209,17,person,0,0.8105586171150208,341.7391662597656,275.7857666015625,22.22674560546875,55.212921142578125
1209,9,person,0,0.8487846255302429,92.38742065429688,356.3351745605469,42.006431579589844,113.345703125
1209,21,person,0,0.8331423401832581,166.024658203125,292.35906982421875,43.057647705078125,74.62632751464844
1209,22,bicycle,1,0.5278727412223816,89.81982421875,395.7091064453125,35.96790313720703,80.3226318359375
1209,23,bicycle,1,0.8573304414749146,165.93263244628906,314.6263427734375,66.007568359375,52.090362548828125
1210,10,person,0,0.8761676549911499,419.05816650390625,293.61083984375,31.44744873046875,85.63552856445312
1210,17,person,0,0.8137284517288208,341.9206848144531,275.98870849609375,22.35784912109375,55.528900146484375
1210,9,person,0,0.8659798502922058,93.22514343261719,357.63031005859375,41.71062469482422,114.32879638671875
1210,21,person,0,0.8548344969749451,162.3607177734375,292.9851379394531,44.19068908691406,76.30958557128906
1210,22,bicycle,1,0.375239759683609,92.89627838134766,397.5255126953125,35.268341064453125,81.92306518554688
1210,23,bicycle,1,0.8403956294059753,163.52529907226562,315.18994140625,67.25062561035156,52.397979736328125
1210,12,person,0,0.5223773121833801,321.3662109375,248.0442657470703,7.877105712890625,30.993316650390625
1211,10,person,0,0.8753648996353149,418.2903747558594,293.4239501953125,30.98065185546875,85.50288391113281
1211,17,person,0,0.8136826753616333,342.10015869140625,276.4409484863281,22.554412841796875,56.16900634765625
1211,9,person,0,0.8602959513664246,94.43183898925781,358.8813171386719,41.42969512939453,115.57843017578125
1211,21,person,0,0.840467631816864,159.8749542236328,293.39501953125,44.6580810546875,75.38381958007812
1211,22,bicycle,1,0.4264337718486786,91.62242126464844,398.98974609375,27.565025329589844,83.28732299804688
1211,23,bicycle,1,0.8369013667106628,160.505615234375,315.70281982421875,66.62516784667969,53.164154052734375
1211,12,person,0,0.4430696666240692,322.33001708984375,247.60385131835938,8.011260986328125,30.477462768554688
1212,10,person,0,0.8767752051353455,417.823974609375,293.2993469238281,30.587371826171875,84.96180725097656
1212,17,person,0,0.7903827428817749,342.1607666015625,276.8977355957031,22.843414306640625,56.27720642089844
1212,9,person,0,0.8665426969528198,95.86305236816406,359.64483642578125,40.98590850830078,115.49526977539062
1212,21,person,0,0.8487774133682251,156.94686889648438,292.6618957519531,43.96260070800781,76.65571594238281
1212,22,bicycle,1,0.49431705474853516,96.56205749511719,401.5509338378906,34.58942413330078,80.72991943359375
1212,23,bicycle,1,0.8237153887748718,157.89154052734375,316.7679443359375,67.02671813964844,52.981903076171875
1212,12,person,0,0.17311988770961761,323.3909912109375,244.6648406982422,8.29296875,22.470550537109375
1213,10,person,0,0.8810942769050598,417.24700927734375,293.1938171386719,30.272003173828125,84.67506408691406
1213,17,person,0,0.7984909415245056,342.00750732421875,277.31146240234375,22.415985107421875,56.17573547363281
1213,9,person,0,0.8699687123298645,96.9111099243164,361.5979309082031,40.806427001953125,118.3388671875
1213,21,person,0,0.8390067219734192,154.2103729248047,292.93817138671875,43.247314453125,77.90650939941406
1213,22,bicycle,1,0.6135509014129639,99.04156494140625,403.55902099609375,36.22852325439453,80.15316772460938
1213,23,bicycle,1,0.8456481695175171,155.4305419921875,318.1358337402344,68.11137390136719,52.18695068359375
1213,12,person,0,0.34389033913612366,324.25750732421875,245.33297729492188,7.902008056640625,23.987655639648438
1214,10,person,0,0.87713623046875,416.8901672363281,293.24560546875,29.6728515625,84.54031372070312
1214,17,person,0,0.8051311373710632,341.63824462890625,277.7229919433594,22.889678955078125,56.67547607421875
1214,9,person,0,0.8630038499832153,98.47772216796875,363.076171875,40.19763946533203,120.59063720703125
1214,21,person,0,0.8451777696609497,151.38150024414062,294.1727294921875,43.65617370605469,78.78096008300781
1214,22,bicycle,1,0.6646129488945007,100.12673950195312,405.80194091796875,36.169097900390625,81.423828125
1214,23,bicycle,1,0.8830659985542297,152.0009765625,319.44940185546875,67.6515884399414,50.372955322265625
1214,12,person,0,0.5088596343994141,324.97760009765625,247.2057342529297,8.267974853515625,26.944488525390625
1215,10,person,0,0.8667746782302856,416.4790954589844,293.30596923828125,29.0968017578125,84.59707641601562
1215,17,person,0,0.8122069239616394,341.3201904296875,277.7177429199219,23.339752197265625,56.00636291503906
1215,9,person,0,0.8173336982727051,100.11492919921875,363.05035400390625,40.42518615722656,118.61981201171875
1215,21,person,0,0.8379805088043213,148.18621826171875,294.402587890625,44.198081970214844,78.14315795898438
1215,22,bicycle,1,0.7146809697151184,100.357666015625,407.50408935546875,36.88817596435547,82.04855346679688
1215,23,bicycle,1,0.8716469407081604,150.00990295410156,320.20391845703125,66.30575561523438,51.110382080078125
1215,12,person,0,0.3182425796985626,325.8115234375,246.22537231445312,8.459747314453125,26.68841552734375
1216,10,person,0,0.8598921895027161,415.8955078125,293.414794921875,29.222747802734375,84.19544982910156
1216,17,person,0,0.8156059980392456,340.98858642578125,278.0291748046875,23.149749755859375,56.13511657714844
1216,9,person,0,0.6825917959213257,101.55133056640625,362.340576171875,40.57086944580078,115.09335327148438
1216,21,person,0,0.8253993391990662,145.5125274658203,295.2695617675781,44.234649658203125,77.9437255859375
1216,22,bicycle,1,0.7752427458763123,101.63995361328125,408.7607421875,38.464752197265625,81.67892456054688
1216,23,bicycle,1,0.8809881806373596,149.08445739746094,320.91925048828125,63.129432678222656,51.28631591796875
1217,10,person,0,0.8530176281929016,415.4947204589844,293.7086181640625,29.2318115234375,84.65011596679688
1217,17,person,0,0.8092010021209717,340.19195556640625,278.14453125,22.838775634765625,55.36627197265625
1217,9,person,0,0.7887356281280518,103.3139419555664,361.93035888671875,42.5238037109375,112.49508666992188
1217,21,person,0,0.8618133068084717,142.43011474609375,295.04437255859375,44.97728729248047,80.22171020507812
1217,22,bicycle,1,0.7549033164978027,102.09910583496094,410.87017822265625,36.9556884765625,82.07040405273438
1217,23,bicycle,1,0.8360064029693604,147.7567596435547,319.02239990234375,60.529571533203125,46.128509521484375
1218,10,person,0,0.8251192569732666,414.7379150390625,293.88909912109375,28.759307861328125,84.18795776367188
1218,17,person,0,0.825294017791748,339.716064453125,277.97833251953125,22.643890380859375,55.69189453125
1218,9,person,0,0.831051230430603,104.70062255859375,359.04327392578125,45.54890441894531,104.3304443359375
1218,21,person,0,0.8598950505256653,139.62013244628906,295.2670593261719,44.81573486328125,79.88720703125
1218,22,bicycle,1,0.647764265537262,102.95245361328125,412.51251220703125,35.388397216796875,83.626953125
1218,23,bicycle,1,0.8060786128044128,145.70980834960938,318.5154113769531,58.606353759765625,44.7674560546875
1218,25,person,0,0.6235040426254272,349.28594970703125,247.46142578125,10.950958251953125,34.49871826171875
1219,10,person,0,0.8330637812614441,414.2986755371094,294.1988830566406,28.2144775390625,83.91535949707031
1219,17,person,0,0.816981852054596,338.82562255859375,278.2566833496094,22.305999755859375,55.6639404296875
1219,9,person,0,0.8104157447814941,106.23867797851562,357.732421875,48.31488037109375,98.9486083984375
1219,21,person,0,0.8496814966201782,136.98037719726562,295.5892333984375,45.47704315185547,77.81167602539062
1219,22,bicycle,1,0.7295182943344116,106.85945129394531,414.1326904296875,40.69136047363281,83.92276000976562
1219,23,bicycle,1,0.7848982810974121,143.2636260986328,318.87542724609375,57.121002197265625,44.307037353515625
1219,25,person,0,0.5879865288734436,349.274169921875,247.60983276367188,10.89739990234375,34.38653564453125
1220,10,person,0,0.8341925144195557,413.41705322265625,293.52105712890625,28.534393310546875,81.65397644042969
1220,17,person,0,0.8291664123535156,338.1744384765625,278.276123046875,22.404449462890625,55.527557373046875
1220,9,person,0,0.7785233855247498,107.8541030883789,356.453369140625,49.92649841308594,95.93057250976562
1220,21,person,0,0.867417573928833,133.96115112304688,296.833984375,45.12187194824219,79.52651977539062
1220,22,bicycle,1,0.7548999786376953,110.03480529785156,415.92279052734375,40.028282165527344,83.55868530273438
1220,23,bicycle,1,0.791856586933136,140.93759155273438,318.809814453125,54.23564910888672,41.681060791015625
1220,25,person,0,0.2256886512041092,349.1062927246094,247.24551391601562,10.47943115234375,33.51396179199219
1221,10,person,0,0.8255555629730225,412.7793273925781,293.7121276855469,28.81427001953125,81.92572021484375
1221,17,person,0,0.8267614841461182,337.677978515625,278.55157470703125,21.764129638671875,55.65489196777344
1221,9,person,0,0.8296451568603516,109.76974487304688,359.0541687011719,51.61284637451172,97.681396484375
1221,21,person,0,0.8603397011756897,131.08441162109375,297.6982421875,44.99366760253906,80.34365844726562
1221,22,bicycle,1,0.7363928556442261,111.0956802368164,417.94964599609375,40.41456604003906,84.23056030273438
1221,23,bicycle,1,0.723002016544342,137.96835327148438,318.8699951171875,54.654136657714844,42.216094970703125
1221,25,person,0,0.2540317475795746,349.0954284667969,247.361572265625,10.26171875,33.69483947753906
1222,10,person,0,0.8345059156417847,412.1112365722656,294.313232421875,28.8505859375,82.37001037597656
1222,17,person,0,0.8074555993080139,337.45611572265625,278.61907958984375,21.050445556640625,56.268341064453125
1222,9,person,0,0.8321197032928467,111.76982116699219,359.47393798828125,52.60492706298828,97.76400756835938
1222,21,person,0,0.8274966478347778,128.6222381591797,297.60479736328125,45.60193634033203,79.51809692382812
1222,22,bicycle,1,0.7899104356765747,112.937744140625,419.8087158203125,44.544586181640625,85.05020141601562
1222,23,bicycle,1,0.6339101791381836,135.71253967285156,319.76910400390625,54.776268005371094,44.8212890625
1222,25,person,0,0.1654694825410843,348.9158935546875,247.22894287109375,10.166046142578125,33.37559509277344
1223,10,person,0,0.8650478720664978,411.3578796386719,294.8634033203125,29.106201171875,81.59140014648438
1223,17,person,0,0.8068719506263733,337.188232421875,278.51971435546875,20.6136474609375,56.804290771484375
1223,9,person,0,0.871271014213562,114.0465087890625,361.142578125,54.376792907714844,99.37680053710938
1223,21,person,0,0.8099245429039001,125.61213684082031,297.2134094238281,45.25127410888672,75.65081787109375
1223,22,bicycle,1,0.7822636365890503,115.37559509277344,421.0725402832031,46.36511993408203,85.95513916015625
1223,23,bicycle,1,0.7823013663291931,131.8759765625,320.8197326660156,56.61647033691406,44.8966064453125
1224,10,person,0,0.8698809146881104,410.49951171875,294.778564453125,29.23175048828125,81.32936096191406
1224,17,person,0,0.8073010444641113,337.029052734375,278.3411865234375,20.609649658203125,58.02252197265625
1224,9,person,0,0.8678669929504395,116.51296997070312,363.15203857421875,55.280548095703125,102.03915405273438
1224,21,person,0,0.7994123697280884,123.22476196289062,294.6187744140625,45.36896514892578,70.22802734375
1224,22,bicycle,1,0.8115975856781006,117.82528686523438,422.06591796875,50.072784423828125,86.52981567382812
1224,23,bicycle,1,0.8095687627792358,127.5191650390625,321.46722412109375,59.83747100830078,45.24407958984375
1225,10,person,0,0.8666641712188721,410.3056945800781,295.58892822265625,29.16607666015625,79.21525573730469
1225,17,person,0,0.8191285133361816,336.7572021484375,278.77545166015625,20.328857421875,57.92039489746094
1225,9,person,0,0.8771277070045471,119.36436462402344,364.9122314453125,57.833587646484375,102.53375244140625
1225,21,person,0,0.6420850157737732,120.72859191894531,298.27288818359375,46.59784698486328,78.48641967773438
1225,22,bicycle,1,0.824866771697998,120.35385131835938,423.4860534667969,51.47809600830078,87.69775390625
1225,23,bicycle,1,0.7466689944267273,124.10964965820312,322.1565246582031,60.31536865234375,46.3614501953125
1226,10,person,0,0.8541007041931152,409.945556640625,293.6076965332031,28.926666259765625,80.66923522949219
1226,17,person,0,0.8299000263214111,336.3482666015625,278.79888916015625,19.8583984375,58.07270812988281
1226,9,person,0,0.8759207725524902,122.52342224121094,367.0666809082031,60.41107940673828,103.80419921875
1226,21,person,0,0.7138992547988892,118.14146423339844,291.84381103515625,46.238372802734375,65.36895751953125
1226,22,bicycle,1,0.8179149031639099,123.44805908203125,425.6742248535156,54.04021453857422,88.010986328125
1226,23,bicycle,1,0.5810463428497314,122.24925231933594,323.73699951171875,59.497276306152344,45.789093017578125
1227,10,person,0,0.8545088171958923,409.4674987792969,292.5322265625,28.7708740234375,78.75140380859375
1227,17,person,0,0.8057841658592224,336.14306640625,279.4621276855469,19.805328369140625,58.77581787109375
1227,9,person,0,0.8602472543716431,125.56071472167969,370.2165832519531,62.000885009765625,110.96826171875
1227,21,person,0,0.8632861971855164,115.0707778930664,292.0162353515625,46.48262023925781,65.02572631835938
1227,22,bicycle,1,0.7918320894241333,126.77714538574219,427.2489013671875,56.467506408691406,89.61532592773438
1227,23,bicycle,1,0.775599479675293,110.45304870605469,327.23370361328125,44.01697540283203,52.724273681640625
1228,10,person,0,0.8431985378265381,409.0271301269531,291.8367919921875,28.22235107421875,76.13800048828125
1228,17,person,0,0.8015592694282532,336.0013122558594,280.2244567871094,20.02911376953125,58.13397216796875
1228,9,person,0,0.846089780330658,128.7379150390625,375.9014892578125,64.09724426269531,121.55819702148438
1228,21,person,0,0.8779084086418152,112.55561828613281,292.66290283203125,46.53510284423828,68.26934814453125
1228,22,bicycle,1,0.7760939002037048,129.6680145263672,430.0218505859375,60.52051544189453,88.41415405273438
1228,23,bicycle,1,0.6880368590354919,104.06736755371094,329.1056823730469,36.51904296875,55.71624755859375
1229,10,person,0,0.8445926308631897,408.553466796875,290.4710388183594,27.513519287109375,76.54304504394531
1229,17,person,0,0.815818190574646,335.7748107910156,280.4990539550781,20.65203857421875,57.69819641113281
1229,9,person,0,0.8676486611366272,132.19053649902344,379.5003967285156,66.36575317382812,125.251220703125
1229,21,person,0,0.8499084115028381,110.3360366821289,294.76568603515625,47.13652038574219,69.49859619140625
1229,22,bicycle,1,0.7048510313034058,132.4481201171875,432.2205810546875,66.95451354980469,88.61660766601562
1229,23,bicycle,1,0.659561276435852,100.59413146972656,330.4866943359375,34.237709045410156,57.353485107421875
1230,10,person,0,0.8603969812393188,408.31390380859375,289.60369873046875,27.205291748046875,77.75831604003906
1230,17,person,0,0.823043704032898,335.4268798828125,280.76904296875,20.992279052734375,58.00007629394531
1230,9,person,0,0.7811436653137207,135.7344512939453,383.165283203125,68.64177703857422,130.40719604492188
1230,21,person,0,0.8715649843215942,107.48765563964844,298.0751953125,46.68048858642578,71.75830078125
1230,22,bicycle,1,0.8284129500389099,135.7979736328125,432.81646728515625,72.28565979003906,89.88015747070312
1230,23,bicycle,1,0.7905511856079102,98.29666137695312,332.1434631347656,33.49485778808594,57.12091064453125
1231,10,person,0,0.8441526293754578,408.23028564453125,289.4197692871094,27.177215576171875,77.72021484375
1231,17,person,0,0.8224872946739197,335.3095397949219,280.9920654296875,21.650146484375,58.53056335449219
1231,9,person,0,0.831207811832428,139.43356323242188,386.90179443359375,70.53533172607422,133.37619018554688
1231,21,person,0,0.8427945375442505,105.30955505371094,301.0122375488281,46.682029724121094,75.87811279296875
1231,22,bicycle,1,0.8557784557342529,139.98484802246094,432.80548095703125,77.7364501953125,91.4412841796875
1231,23,bicycle,1,0.6366119384765625,104.26937866210938,333.45294189453125,49.584754943847656,56.9422607421875
1232,10,person,0,0.8324134945869446,407.8369140625,289.7738037109375,26.679229736328125,76.07180786132812
1232,17,person,0,0.8282462358474731,335.2745361328125,280.9136962890625,22.119171142578125,58.5977783203125
1232,9,person,0,0.859977126121521,143.52198791503906,384.7968444824219,72.48281860351562,129.31109619140625
1232,21,person,0,0.8326690793037415,103.24978637695312,303.44244384765625,46.589805603027344,80.07186889648438
1232,22,bicycle,1,0.8561190366744995,144.242431640625,434.3526611328125,83.63304138183594,89.46255493164062
1232,23,bicycle,1,0.6523504257202148,104.85865783691406,334.68817138671875,54.032569885253906,56.66363525390625
1232,12,person,0,0.5182052254676819,344.72357177734375,247.29376220703125,14.672698974609375,33.14595031738281
1233,10,person,0,0.844148576259613,407.5774230957031,290.2610168457031,26.56317138671875,75.13444519042969
1233,17,person,0,0.8303473591804504,335.2052001953125,281.21429443359375,22.238067626953125,58.97941589355469
1233,9,person,0,0.8505029082298279,147.52963256835938,384.51263427734375,74.49694061279297,128.2181396484375
1233,21,person,0,0.8589602708816528,100.6958999633789,305.69476318359375,46.195770263671875,84.24041748046875
1233,22,bicycle,1,0.8698169589042664,148.80899047851562,436.2264099121094,89.40568542480469,86.48052978515625
1233,23,bicycle,1,0.732567310333252,103.23020935058594,335.5836181640625,54.67327117919922,57.5797119140625
1233,12,person,0,0.5258382558822632,345.3446044921875,246.44088745117188,14.356658935546875,31.470870971679688
1234,10,person,0,0.8429679274559021,407.14306640625,290.345947265625,27.318756103515625,74.87637329101562
1234,17,person,0,0.8261025547981262,335.075927734375,281.3395080566406,22.66705322265625,58.91224670410156
1234,9,person,0,0.8315190672874451,151.6813201904297,387.64404296875,76.6991195678711,133.54635620117188
1234,21,person,0,0.8687924146652222,98.515869140625,306.82879638671875,46.42436218261719,85.92926025390625
1234,22,bicycle,1,0.876002311706543,152.73483276367188,437.43157958984375,95.95338439941406,84.41378784179688
1234,23,bicycle,1,0.8198502659797668,102.39834594726562,336.91082763671875,56.31079864501953,57.615814208984375
1234,12,person,0,0.5111997723579407,345.52239990234375,245.6362762451172,13.268524169921875,29.940338134765625
1235,10,person,0,0.8410954475402832,407.0038146972656,290.7471923828125,27.65594482421875,74.21234130859375
1235,17,person,0,0.83915776014328,335.1511535644531,281.4001770019531,22.623291015625,59.03407287597656
1235,9,person,0,0.8417708277702332,155.5042724609375,386.4041442871094,78.62049102783203,130.56414794921875
1235,21,person,0,0.8484629988670349,96.34198760986328,306.9928894042969,47.217498779296875,85.98114013671875
1235,22,bicycle,1,0.8533733487129211,157.3089599609375,437.6617431640625,102.29933166503906,83.99099731445312
1235,23,bicycle,1,0.8342114686965942,100.53314971923828,338.35687255859375,55.79872131347656,57.356597900390625
1235,12,person,0,0.5081210136413574,345.92059326171875,248.1643829345703,12.28131103515625,34.885284423828125
1236,10,person,0,0.8375191688537598,406.9886169433594,290.3337097167969,27.63934326171875,75.35469055175781
1236,17,person,0,0.8366983532905579,335.3985595703125,281.46453857421875,22.205352783203125,59.06349182128906
1236,9,person,0,0.8431245684623718,158.7560272216797,386.61865234375,78.9204330444336,131.29006958007812
1236,21,person,0,0.8538352847099304,94.0918197631836,307.8183898925781,47.09431457519531,87.7843017578125
1236,22,bicycle,1,0.8562260866165161,162.58743286132812,438.10760498046875,107.45126342773438,83.14315795898438
1236,23,bicycle,1,0.8122859001159668,97.88088989257812,339.42034912109375,53.42399597167969,57.796966552734375
1236,12,person,0,0.6170198917388916,346.5832214355469,246.7801513671875,11.8743896484375,31.985366821289062
1237,10,person,0,0.8376151919364929,406.96826171875,290.57928466796875,27.8426513671875,74.40353393554688
1237,17,person,0,0.8372597098350525,335.5987854003906,281.347412109375,21.77691650390625,58.48211669921875
1237,9,person,0,0.8447786569595337,164.01524353027344,384.4950256347656,80.7921371459961,128.1129150390625
1237,21,person,0,0.8664479851722717,91.86609649658203,308.8227844238281,47.11677551269531,89.48333740234375
1237,22,bicycle,1,0.8695244789123535,167.6560821533203,437.25469970703125,112.27742767333984,84.18182373046875
1237,23,bicycle,1,0.7504720091819763,95.71577453613281,340.3421325683594,52.666725158691406,59.42041015625
1237,12,person,0,0.6444492936134338,346.7251892089844,245.09893798828125,10.99981689453125,28.082748413085938
1238,10,person,0,0.8430448174476624,406.886962890625,290.123779296875,28.064422607421875,74.95954895019531
1238,17,person,0,0.8353457450866699,335.71038818359375,281.7129211425781,21.463043212890625,58.66297912597656
1238,9,person,0,0.8510416150093079,169.43121337890625,384.80023193359375,82.88473510742188,128.26217651367188
1238,21,person,0,0.8677371740341187,89.42228698730469,309.1819763183594,46.91669464111328,89.602783203125
1238,22,bicycle,1,0.8691882491111755,173.08384704589844,436.4425048828125,118.10595703125,85.69415283203125
1238,23,bicycle,1,0.7629300355911255,93.45011901855469,341.23150634765625,51.450035095214844,60.495086669921875
1238,12,person,0,0.3080481290817261,346.6127014160156,244.31918334960938,10.41168212890625,25.971450805664062
1239,10,person,0,0.8393615484237671,406.79754638671875,290.2749328613281,28.2401123046875,75.14585876464844
1239,17,person,0,0.8407917022705078,335.7091979980469,281.57183837890625,21.27349853515625,58.712799072265625
1239,9,person,0,0.847751259803772,175.51589965820312,385.2152404785156,86.2579345703125,128.39617919921875
1239,21,person,0,0.8673423528671265,87.65055847167969,309.41595458984375,46.71650695800781,89.37454223632812
1239,22,bicycle,1,0.8766998052597046,178.720458984375,436.97113037109375,123.35199737548828,84.32778930664062
1239,23,bicycle,1,0.815190851688385,91.70114135742188,342.2608642578125,50.01863098144531,60.173309326171875
1239,12,person,0,0.6458823680877686,346.92333984375,247.91116333007812,11.159271240234375,33.45533752441406
1240,10,person,0,0.8396716117858887,406.6707763671875,289.9974670410156,28.050445556640625,76.15473937988281
1240,17,person,0,0.8362700939178467,335.71246337890625,281.7585754394531,20.7978515625,58.95294189453125
1240,9,person,0,0.8754401803016663,180.77374267578125,384.9569396972656,87.38015747070312,127.5401611328125
1240,21,person,0,0.8641265034675598,85.95744323730469,309.1806335449219,45.62891387939453,86.95587158203125
1240,22,bicycle,1,0.9035317897796631,184.34564208984375,436.9968566894531,127.98747253417969,84.0389404296875
1240,23,bicycle,1,0.8395645022392273,89.83744812011719,342.99005126953125,49.1622314453125,60.663787841796875
1240,12,person,0,0.48574724793434143,347.5430908203125,249.10690307617188,11.81134033203125,36.37226867675781
1241,10,person,0,0.8415516018867493,405.9178466796875,289.4772644042969,26.879150390625,76.72602844238281
1241,17,person,0,0.841771125793457,335.00506591796875,282.04425048828125,20.455780029296875,59.079803466796875
1241,9,person,0,0.8958807587623596,186.44046020507812,383.7431640625,89.71087646484375,124.66433715820312
1241,21,person,0,0.8676984310150146,84.09097290039062,310.2001953125,45.624267578125,88.44378662109375
1241,22,bicycle,1,0.8750090599060059,190.0733642578125,437.3348083496094,132.90594482421875,82.58685302734375
1241,23,bicycle,1,0.8398900628089905,87.54161071777344,343.9124755859375,48.71813201904297,61.482147216796875
1241,12,person,0,0.6575425267219543,349.1048583984375,249.65130615234375,11.187957763671875,37.575927734375
1242,10,person,0,0.8504011631011963,406.0401611328125,289.2773742675781,27.09442138671875,77.58329772949219
1242,17,person,0,0.8386377096176147,334.7241516113281,282.0188293457031,19.89276123046875,59.28770446777344
1242,9,person,0,0.8949542045593262,192.3640594482422,387.64727783203125,92.9603271484375,130.96609497070312
1242,21,person,0,0.883472740650177,82.2955322265625,311.0689697265625,45.58966827392578,89.01626586914062
1242,22,bicycle,1,0.8975247144699097,195.79592895507812,437.61370849609375,137.0093994140625,82.591796875
1242,23,bicycle,1,0.8194131851196289,85.70634460449219,345.2220458984375,49.009864807128906,62.252655029296875
1242,12,person,0,0.4998398423194885,350.2010498046875,249.56568908691406,10.25146484375,37.302581787109375
1243,10,person,0,0.84807950258255,405.54351806640625,289.1540222167969,26.842376708984375,78.17564392089844
1243,17,person,0,0.8327180743217468,334.33984375,282.0526123046875,19.160369873046875,59.58781433105469
1243,9,person,0,0.9055281281471252,198.89662170410156,388.6879577636719,95.60372924804688,132.8839111328125
1243,21,person,0,0.8470159769058228,80.41668701171875,312.18194580078125,45.70165252685547,90.3895263671875
1243,22,bicycle,1,0.8589233756065369,201.57203674316406,437.66485595703125,141.04129028320312,82.76504516601562
1243,23,bicycle,1,0.7864804863929749,84.18800354003906,345.7153625488281,48.06840133666992,63.703369140625
1243,12,person,0,0.4949316382408142,351.2611083984375,249.451416015625,10.227569580078125,37.27513122558594
1244,10,person,0,0.8601575493812561,405.555908203125,288.8949890136719,26.999176025390625,78.2020263671875
1244,17,person,0,0.8264262080192566,334.5169677734375,282.27325439453125,19.007080078125,59.56568908691406
1244,9,person,0,0.8959351181983948,205.64523315429688,388.7325439453125,98.26083374023438,132.7352294921875
1244,21,person,0,0.8613420724868774,79.04460144042969,314.17083740234375,45.47163772583008,93.30441284179688
1244,22,bicycle,1,0.8556907176971436,208.0,437.46478271484375,144.33001708984375,83.27371215820312
1244,23,bicycle,1,0.7046493887901306,82.63037872314453,346.8465576171875,45.717464447021484,63.651458740234375
1244,12,person,0,0.3745673596858978,352.26409912109375,248.9271697998047,11.3035888671875,36.270599365234375
1245,10,person,0,0.8632748126983643,405.20367431640625,288.1611633300781,27.099761962890625,78.03642272949219
1245,17,person,0,0.8143782019615173,333.7752685546875,282.5631103515625,19.302703857421875,58.98912048339844
1245,9,person,0,0.8998392820358276,212.0205078125,389.2633056640625,100.17521667480469,134.02252197265625
1245,21,person,0,0.8405605554580688,77.14442443847656,315.0654296875,45.4884147644043,94.05606079101562
1245,22,bicycle,1,0.8689720034599304,213.67999267578125,437.1546630859375,147.95945739746094,83.43170166015625
1245,23,bicycle,1,0.764184832572937,80.81900787353516,347.8813171386719,44.39577865600586,63.3173828125
1245,12,person,0,0.42466503381729126,353.21368408203125,247.87042236328125,11.59368896484375,32.9552001953125
1246,10,person,0,0.7765529751777649,405.29461669921875,286.5372619628906,27.405548095703125,75.65235900878906
1246,17,person,0,0.8167468905448914,333.59002685546875,282.6031799316406,19.251678466796875,58.87300109863281
1246,9,person,0,0.9000046849250793,219.37203979492188,389.72900390625,101.63780212402344,135.30224609375
1246,21,person,0,0.846871018409729,75.65219116210938,315.834228515625,45.23871612548828,94.73870849609375
1246,22,bicycle,1,0.8665555715560913,219.8975830078125,437.2577209472656,150.9362030029297,83.37432861328125
1246,23,bicycle,1,0.7491552829742432,79.76911926269531,349.0838928222656,42.99518585205078,64.65875244140625
1246,12,person,0,0.4791746139526367,354.4906311035156,247.55958557128906,10.739501953125,31.447296142578125
1247,10,person,0,0.8432215452194214,404.83026123046875,285.5064392089844,27.299468994140625,74.65834045410156
1247,17,person,0,0.822483479976654,333.13397216796875,282.9752502441406,19.063201904296875,59.06242370605469
1247,9,person,0,0.8878448605537415,226.52056884765625,389.92034912109375,103.34526062011719,136.33248901367188
1247,21,person,0,0.8048447370529175,74.33372497558594,316.4552001953125,44.14159393310547,95.54421997070312
1247,22,bicycle,1,0.8856003880500793,226.17657470703125,436.9295654296875,153.12367248535156,83.82284545898438
1247,23,bicycle,1,0.7538571953773499,78.04229736328125,349.9831237792969,42.91897964477539,66.20892333984375
1247,12,person,0,0.5991734266281128,355.15850830078125,247.45394897460938,10.264434814453125,30.752853393554688
1248,10,person,0,0.8643609881401062,404.4710998535156,285.02606201171875,26.97119140625,74.06826782226562
1248,17,person,0,0.8208110928535461,332.73858642578125,283.2901611328125,18.46771240234375,58.894927978515625
1248,9,person,0,0.8899661302566528,233.68661499023438,389.1988525390625,104.98736572265625,135.5306396484375
1248,21,person,0,0.8407791256904602,72.75312805175781,316.193115234375,45.45616912841797,96.31643676757812
1248,22,bicycle,1,0.8849213123321533,232.33819580078125,436.59320068359375,154.5462646484375,84.78012084960938
1248,23,bicycle,1,0.6222367882728577,76.5860595703125,351.050048828125,42.224544525146484,67.1788330078125
1248,12,person,0,0.5195543766021729,355.91558837890625,247.42901611328125,9.801544189453125,30.35797119140625
1249,10,person,0,0.8297356963157654,404.0721435546875,284.4981384277344,26.656494140625,74.17613220214844
1249,17,person,0,0.8240343332290649,332.474853515625,283.6923828125,18.205535888671875,58.92961120605469
1249,9,person,0,0.8902314305305481,240.71180725097656,388.08038330078125,106.87411499023438,135.66357421875
1249,21,person,0,0.8340311050415039,71.2673568725586,316.10089111328125,44.65873718261719,97.20407104492188
1249,22,bicycle,1,0.9203864932060242,239.00770568847656,436.0517578125,154.96334838867188,85.78994750976562
1249,23,bicycle,1,0.6056615114212036,75.1317138671875,352.3753662109375,41.685394287109375,68.13079833984375
1249,12,person,0,0.5461978316307068,356.8647766113281,247.26710510253906,9.54083251953125,30.622894287109375
1250,10,person,0,0.8768742680549622,404.0287780761719,284.0903625488281,27.07373046875,75.93244934082031
1250,17,person,0,0.8130685687065125,331.4490966796875,284.05859375,19.446258544921875,59.575714111328125
1250,9,person,0,0.9046946167945862,247.89739990234375,385.98760986328125,108.09388732910156,131.83004760742188
1250,21,person,0,0.8114672899246216,69.81044006347656,316.7874450683594,43.84490203857422,95.51470947265625
1250,22,bicycle,1,0.9107868075370789,245.25497436523438,435.45947265625,156.23193359375,86.3477783203125
1250,23,bicycle,1,0.6476302146911621,73.18352508544922,354.09832763671875,40.900665283203125,68.65609741210938
1250,12,person,0,0.5453367829322815,357.3695068359375,247.87567138671875,10.1368408203125,31.313720703125
1251,10,person,0,0.8653278946876526,403.43841552734375,283.7196044921875,27.209991455078125,76.46916198730469
1251,17,person,0,0.8089790344238281,331.08172607421875,284.1732177734375,19.47125244140625,59.89466857910156
1251,9,person,0,0.9091027975082397,254.96694946289062,385.4918212890625,108.83753967285156,130.5491943359375
1251,21,person,0,0.8196802735328674,68.66516876220703,318.2149658203125,44.16951370239258,97.20498657226562
1251,22,bicycle,1,0.9192119836807251,250.89962768554688,435.6041259765625,156.57135009765625,86.2166748046875
1251,23,bicycle,1,0.6415156126022339,68.93281555175781,356.6212463378906,46.62037658691406,68.916259765625
1251,12,person,0,0.4119044244289398,358.053955078125,247.83840942382812,10.263519287109375,31.28570556640625
1252,10,person,0,0.8642706871032715,403.2131042480469,283.6801452636719,27.31231689453125,75.75343322753906
1252,17,person,0,0.8149769306182861,330.6151123046875,284.455810546875,19.909942626953125,59.75439453125
1252,9,person,0,0.8918600082397461,262.00909423828125,385.07940673828125,109.72837829589844,130.05209350585938
1252,21,person,0,0.8499393463134766,67.63587951660156,319.0033874511719,44.139015197753906,98.60845947265625
1252,22,bicycle,1,0.9038985371589661,257.5003967285156,434.9806213378906,157.4104461669922,87.15008544921875
1252,23,bicycle,1,0.6233813762664795,70.257568359375,357.2787170410156,41.233524322509766,69.02362060546875
1252,12,person,0,0.5035449862480164,359.025390625,249.4931182861328,11.784088134765625,34.405853271484375
1253,10,person,0,0.8571243286132812,403.02337646484375,283.6175842285156,27.476470947265625,75.37220764160156
1253,17,person,0,0.8191002607345581,330.0994873046875,284.3643798828125,20.118682861328125,60.036651611328125
1253,9,person,0,0.914733350276947,269.3331604003906,384.970703125,110.6063232421875,130.07522583007812
1253,21,person,0,0.8564426302909851,66.7487564086914,319.2486267089844,44.2669792175293,99.9942626953125
1253,22,bicycle,1,0.9091569185256958,263.8923034667969,434.45355224609375,157.42945861816406,87.39483642578125
1253,23,bicycle,1,0.6184240579605103,69.96783447265625,358.2430419921875,37.664825439453125,71.48443603515625
1253,12,person,0,0.4829941689968109,359.7446594238281,250.27651977539062,11.57208251953125,35.83372497558594
1254,10,person,0,0.855658769607544,402.9371032714844,283.8951110839844,27.33721923828125,74.67204284667969
1254,17,person,0,0.8198434710502625,329.66339111328125,284.5375061035156,20.054046630859375,59.69834899902344
1254,9,person,0,0.9088159203529358,276.1448974609375,384.3957214355469,111.80197143554688,130.21124267578125
1254,21,person,0,0.8445144891738892,66.00798797607422,319.2228698730469,44.04014205932617,98.1468505859375
1254,22,bicycle,1,0.9090253710746765,269.8982849121094,433.40704345703125,156.9017333984375,87.91201782226562
1254,23,bicycle,1,0.5232019424438477,68.82229614257812,361.18621826171875,35.47312927246094,69.28976440429688
1255,10,person,0,0.8404120206832886,402.6900634765625,284.1766052246094,26.841217041015625,73.9345703125
1255,17,person,0,0.8257813453674316,329.4411926269531,284.58258056640625,19.92620849609375,59.59576416015625
1255,9,person,0,0.9087978005409241,283.0169677734375,384.11004638671875,113.04696655273438,130.43109130859375
1255,21,person,0,0.8672940135002136,65.39315795898438,322.8292236328125,43.9183349609375,98.63916015625
1255,22,bicycle,1,0.9075720906257629,276.55615234375,432.83392333984375,155.91366577148438,88.03024291992188
1256,10,person,0,0.805325448513031,402.37738037109375,284.9055480957031,26.090667724609375,72.12123107910156
1256,17,person,0,0.8254354000091553,329.0726013183594,284.6493225097656,20.362548828125,59.42475891113281
1256,9,person,0,0.9115682244300842,289.763671875,383.784912109375,113.69235229492188,130.87457275390625
1256,21,person,0,0.8663464188575745,64.78157806396484,325.1085510253906,43.80205154418945,100.1036376953125
1256,22,bicycle,1,0.9265565276145935,282.0361328125,431.7653503417969,156.33840942382812,89.35552978515625
1257,10,person,0,0.8156467080116272,402.1864013671875,284.61572265625,25.860107421875,72.33554077148438
1257,17,person,0,0.8116640448570251,328.66259765625,284.454833984375,20.919281005859375,59.52410888671875
1257,9,person,0,0.8999509811401367,296.02301025390625,383.04400634765625,113.18569946289062,130.05322265625
1257,21,person,0,0.8600365519523621,64.5647201538086,325.9072265625,43.90162658691406,100.1624755859375
1257,22,bicycle,1,0.9099125862121582,288.119873046875,430.67218017578125,154.862060546875,90.46585083007812
1257,12,person,0,0.5860660076141357,363.9391174316406,251.674072265625,10.45123291015625,33.84564208984375
1258,10,person,0,0.8242335915565491,401.99835205078125,284.4915771484375,25.487457275390625,72.00692749023438
1258,17,person,0,0.8080673813819885,328.21380615234375,284.514892578125,21.028106689453125,59.78523254394531
1258,9,person,0,0.9048981070518494,302.60357666015625,382.12005615234375,112.43484497070312,128.96282958984375
1258,21,person,0,0.8449864387512207,64.07987976074219,325.98699951171875,43.626468658447266,99.79171752929688
1258,22,bicycle,1,0.920859158039093,294.2762451171875,429.39422607421875,153.31558227539062,92.49459838867188
1258,12,person,0,0.7109968066215515,364.8575439453125,251.90817260742188,10.3829345703125,32.59715270996094
1259,10,person,0,0.8496354222297668,402.1397399902344,284.1199951171875,26.22235107421875,72.32023620605469
1259,17,person,0,0.7962906360626221,327.92822265625,284.014404296875,20.88079833984375,60.00663757324219
1259,9,person,0,0.9063584208488464,309.1492919921875,381.4718322753906,112.29786682128906,128.7568359375
1259,21,person,0,0.8615270853042603,63.961341857910156,327.2664794921875,43.35621643066406,100.72216796875
1259,22,bicycle,1,0.9242348670959473,301.03082275390625,428.4405517578125,151.60238647460938,94.0364990234375
1259,12,person,0,0.6310209035873413,366.0218505859375,249.92230224609375,10.709747314453125,31.07586669921875
1260,10,person,0,0.8495063185691833,401.06396484375,283.58160400390625,25.165679931640625,73.08973693847656
1260,17,person,0,0.8218555450439453,327.13348388671875,284.62506103515625,21.078155517578125,60.24449157714844
1260,9,person,0,0.9109985828399658,314.80230712890625,379.9820251464844,111.23806762695312,128.60919189453125
1260,21,person,0,0.8685609102249146,63.80924987792969,328.1713562011719,42.934967041015625,101.76263427734375
1260,22,bicycle,1,0.9133458137512207,306.67913818359375,427.7917785644531,149.97274780273438,95.00811767578125
1260,12,person,0,0.579119861125946,366.6230773925781,250.10438537597656,11.2706298828125,32.257171630859375
1261,10,person,0,0.8313628435134888,400.7327575683594,282.82012939453125,25.0040283203125,72.6300048828125
1261,17,person,0,0.8173016905784607,326.8143005371094,284.4325256347656,20.69415283203125,61.46983337402344
1261,9,person,0,0.8997662663459778,320.55218505859375,378.826904296875,110.56402587890625,128.53973388671875
1261,21,person,0,0.860406756401062,63.89828109741211,329.0528259277344,42.700889587402344,101.17767333984375
1261,22,bicycle,1,0.9174347519874573,312.5238037109375,426.7581481933594,148.11148071289062,96.29534912109375
1261,12,person,0,0.5991697907447815,367.3943786621094,250.98440551757812,12.03375244140625,32.53047180175781
1261,23,bicycle,1,0.5022649765014648,62.58768081665039,367.6181640625,25.996131896972656,80.51739501953125
1262,10,person,0,0.8224185109138489,400.2646484375,281.66436767578125,24.735931396484375,71.08769226074219
1262,17,person,0,0.8087427616119385,326.18902587890625,283.7682189941406,20.40814208984375,61.20600891113281
1262,9,person,0,0.8866688013076782,326.33880615234375,377.69915771484375,109.15676879882812,127.75863647460938
1262,21,person,0,0.8680281043052673,64.06910705566406,329.79791259765625,43.14380645751953,101.111572265625
1262,22,bicycle,1,0.9161102175712585,318.2676086425781,426.1617431640625,146.25367736816406,97.052001953125
1262,12,person,0,0.5761955380439758,367.46832275390625,251.8286895751953,12.302337646484375,31.979217529296875
1262,23,bicycle,1,0.49528592824935913,62.928184509277344,370.17156982421875,29.376251220703125,79.45700073242188
1263,10,person,0,0.8222792744636536,399.97711181640625,281.2498779296875,24.690826416015625,69.48927307128906
1263,17,person,0,0.8046310544013977,325.85400390625,284.17047119140625,19.739715576171875,61.673614501953125
1263,9,person,0,0.9062902331352234,332.59814453125,377.11474609375,108.03231811523438,128.47445678710938
1263,21,person,0,0.8698649406433105,64.4908447265625,330.5738220214844,43.14024353027344,102.50640869140625
1263,22,bicycle,1,0.8999738693237305,324.12249755859375,425.680908203125,143.69435119628906,96.64498901367188
1263,12,person,0,0.504369854927063,367.875,252.08096313476562,13.926544189453125,32.45457458496094
1263,23,bicycle,1,0.5234193801879883,62.56224822998047,371.4571838378906,28.416168212890625,79.79144287109375
1264,10,person,0,0.8268316984176636,399.64404296875,280.7025146484375,24.496063232421875,70.17655944824219
1264,17,person,0,0.7829773426055908,325.359375,284.45147705078125,19.103607177734375,60.85418701171875
1264,9,person,0,0.8890544176101685,338.1119384765625,375.52532958984375,107.04806518554688,126.7083740234375
1264,21,person,0,0.8615099191665649,64.93418884277344,330.8763732910156,42.84389877319336,102.5718994140625
1264,22,bicycle,1,0.9051648378372192,329.74432373046875,425.19171142578125,141.55691528320312,96.74563598632812
1264,12,person,0,0.6071546673774719,368.44000244140625,252.3848419189453,13.95184326171875,32.056793212890625
1264,23,bicycle,1,0.6584799289703369,63.32302474975586,373.8855895996094,31.01490020751953,78.6845703125
1265,10,person,0,0.8230728507041931,399.69940185546875,280.6305236816406,23.973388671875,70.45362854003906
1265,17,person,0,0.7816146612167358,325.0244140625,284.64013671875,18.7818603515625,60.13075256347656
1265,9,person,0,0.8857703804969788,343.5444641113281,373.4149169921875,106.26043701171875,122.99203491210938
1265,21,person,0,0.8629056811332703,65.9127197265625,332.5303955078125,41.94178771972656,104.47296142578125
1265,22,bicycle,1,0.909518301486969,335.28948974609375,425.0421142578125,139.56088256835938,95.57839965820312
1265,12,person,0,0.5152559280395508,368.94036865234375,252.42959594726562,14.241485595703125,31.236831665039062
1265,23,bicycle,1,0.666615903377533,64.83480072021484,375.650390625,32.70408630371094,78.24240112304688
1266,10,person,0,0.8261411786079407,399.83648681640625,280.8030700683594,23.83685302734375,70.36973571777344
1266,17,person,0,0.8032191395759583,324.33673095703125,285.43670654296875,18.7269287109375,60.84046936035156
1266,9,person,0,0.8917129635810852,349.100341796875,372.80548095703125,104.35800170898438,123.11795043945312
1266,21,person,0,0.8788824677467346,67.00003051757812,333.5401916503906,41.629669189453125,106.73016357421875
1266,22,bicycle,1,0.9134868383407593,340.86688232421875,423.7991027832031,137.43865966796875,95.995849609375
1266,12,person,0,0.4525645077228546,369.770263671875,252.631591796875,13.195953369140625,30.4976806640625
1266,23,bicycle,1,0.6824671030044556,66.65003967285156,377.296630859375,33.37907028198242,78.28994750976562
1267,10,person,0,0.8212270140647888,399.7742004394531,280.53082275390625,23.76763916015625,69.87373352050781
1267,17,person,0,0.8002815246582031,323.95623779296875,285.9689025878906,18.62701416015625,61.03254699707031
1267,9,person,0,0.9071947932243347,355.2071228027344,372.70404052734375,103.846435546875,124.33059692382812
1267,21,person,0,0.8627405762672424,68.22964477539062,333.8273010253906,40.60101318359375,106.3350830078125
1267,22,bicycle,1,0.8923987746238708,346.63299560546875,422.32867431640625,135.90859985351562,97.08175659179688
1267,12,person,0,0.32439789175987244,370.4689025878906,252.45632934570312,12.186279296875,29.771835327148438
1267,23,bicycle,1,0.6863746047019958,68.5073471069336,378.1883239746094,33.71339797973633,80.14959716796875
1268,10,person,0,0.8288514018058777,399.64697265625,280.6494140625,23.782928466796875,69.38748168945312
1268,17,person,0,0.7877672910690308,323.6141357421875,286.455810546875,18.547882080078125,62.20536804199219
1268,9,person,0,0.9136985540390015,360.6746826171875,372.02557373046875,103.14044189453125,123.80645751953125
1268,21,person,0,0.8597278594970703,69.68970489501953,333.48419189453125,39.89794921875,105.62994384765625
1268,22,bicycle,1,0.9022737741470337,351.8253479003906,421.0619812011719,133.193603515625,97.29571533203125
1268,12,person,0,0.21652184426784515,371.9459228515625,250.1245880126953,9.968505859375,26.355743408203125
1268,23,bicycle,1,0.7099459767341614,68.33367156982422,376.97662353515625,32.83363723754883,84.48580932617188
1269,10,person,0,0.8267046809196472,399.6063232421875,280.4276428222656,24.279541015625,69.115234375
1269,17,person,0,0.8164119124412537,322.87890625,286.76519775390625,18.766448974609375,62.438812255859375
1269,9,person,0,0.899818480014801,365.7635498046875,371.6788330078125,102.16909790039062,123.41775512695312
1269,21,person,0,0.8256533145904541,71.18778228759766,333.318603515625,39.378204345703125,103.06039428710938
1269,22,bicycle,1,0.8946967720985413,357.1724853515625,420.14984130859375,130.716552734375,97.00167846679688
1269,12,person,0,0.4070681929588318,372.802978515625,246.7118682861328,8.740692138671875,20.608795166015625
1269,23,bicycle,1,0.7357621192932129,70.70716094970703,380.2487487792969,35.516510009765625,81.67327880859375
1270,10,person,0,0.8258944749832153,399.26312255859375,280.725341796875,24.362396240234375,68.59275817871094
1270,17,person,0,0.8158052563667297,322.3726501464844,286.72906494140625,18.6793212890625,62.7039794921875
1270,9,person,0,0.9018374681472778,371.07989501953125,370.462158203125,101.23300170898438,121.666748046875
1270,21,person,0,0.8381586074829102,73.18280792236328,333.8002014160156,39.226932525634766,103.53448486328125
1270,22,bicycle,1,0.9014000296592712,362.11956787109375,418.72601318359375,128.31295776367188,97.79031372070312
1270,12,person,0,0.5654349327087402,373.29241943359375,250.64987182617188,9.515350341796875,28.931198120117188
1270,23,bicycle,1,0.7120235562324524,73.2259750366211,380.6177673339844,35.20610046386719,84.61248779296875
1271,10,person,0,0.8222899436950684,399.457763671875,280.584716796875,24.604156494140625,68.53172302246094
1271,17,person,0,0.8070279359817505,321.71295166015625,286.68878173828125,18.364959716796875,62.78837585449219
1271,9,person,0,0.9098586440086365,375.8834533691406,369.2976989746094,99.54443359375,120.62640380859375
1271,21,person,0,0.8341683745384216,74.8607177734375,334.79327392578125,38.77306365966797,101.48519897460938
1271,22,bicycle,1,0.9133296012878418,367.0523681640625,417.49774169921875,125.47515869140625,98.12847900390625
1271,12,person,0,0.5655893087387085,373.95672607421875,251.2023162841797,9.149444580078125,29.426605224609375
1271,23,bicycle,1,0.7390082478523254,74.74596405029297,380.8480224609375,35.40632629394531,87.99380493164062
1272,10,person,0,0.8235244750976562,399.6954345703125,280.6309814453125,24.853424072265625,68.88803100585938
1272,17,person,0,0.7916333079338074,320.991455078125,286.7720031738281,18.42120361328125,63.20851135253906
1272,9,person,0,0.8878355026245117,380.79754638671875,367.2591857910156,98.82992553710938,118.126953125
1272,21,person,0,0.8539258241653442,76.51415252685547,335.834716796875,39.06193923950195,103.11465454101562
1272,22,bicycle,1,0.9141983389854431,371.61029052734375,416.47613525390625,122.91275024414062,97.17694091796875
1272,12,person,0,0.6011027097702026,374.6828308105469,251.47354125976562,8.82177734375,30.100296020507812
1272,23,bicycle,1,0.769890308380127,77.03878784179688,382.2721862792969,37.456298828125,88.6248779296875
1273,10,person,0,0.8325401544570923,399.6923828125,280.695556640625,24.58184814453125,69.16964721679688
1273,17,person,0,0.7857056260108948,320.25531005859375,286.77777099609375,17.892913818359375,63.04618835449219
1273,9,person,0,0.8771832585334778,385.470947265625,365.50860595703125,97.00808715820312,115.59027099609375
1273,21,person,0,0.8221365809440613,78.0564956665039,336.7373046875,40.49397277832031,101.6282958984375
1273,22,bicycle,1,0.9125003814697266,376.4981994628906,415.594970703125,119.45111083984375,96.61846923828125
1273,12,person,0,0.5216058492660522,375.62457275390625,251.64651489257812,9.238922119140625,30.971176147460938
1273,23,bicycle,1,0.8022745847702026,78.71671295166016,383.47625732421875,40.956878662109375,86.82461547851562
1273,27,person,0,0.5863664746284485,330.88885498046875,248.63369750976562,11.472076416015625,36.81695556640625
1274,10,person,0,0.8240523934364319,399.76971435546875,280.493896484375,24.730499267578125,68.82490539550781
1274,17,person,0,0.7904990315437317,319.52935791015625,286.70361328125,17.967681884765625,63.438629150390625
1274,9,person,0,0.8926464915275574,390.39544677734375,365.0750732421875,96.07846069335938,116.77838134765625
1274,21,person,0,0.8377636671066284,80.2226791381836,337.6920166015625,42.400146484375,101.42672729492188
1274,22,bicycle,1,0.9076245427131653,381.32177734375,413.7591247558594,115.99420166015625,97.02783203125
1274,12,person,0,0.5482444763183594,376.0213928222656,251.01263427734375,9.44659423828125,29.9251708984375
1274,23,bicycle,1,0.8385300636291504,81.70401000976562,386.5081787109375,44.3386344909668,84.78378295898438
1274,27,person,0,0.612720251083374,330.7743225097656,248.40249633789062,11.365966796875,36.55506896972656
1275,10,person,0,0.8154107332229614,399.85400390625,279.8397216796875,25.018524169921875,67.51820373535156
1275,17,person,0,0.7904146909713745,319.02947998046875,286.68487548828125,18.148345947265625,63.59693908691406
1275,9,person,0,0.9038295149803162,394.41412353515625,364.92706298828125,94.38702392578125,117.78298950195312
1275,21,person,0,0.8055198788642883,81.9070816040039,340.1220703125,44.69325637817383,104.36508178710938
1275,22,bicycle,1,0.8936416506767273,385.59930419921875,412.17645263671875,112.73675537109375,97.49261474609375
1275,12,person,0,0.4547317624092102,376.4501953125,249.54116821289062,9.40118408203125,26.956161499023438
1275,23,bicycle,1,0.8022916913032532,85.35586547851562,388.44976806640625,46.04521560668945,84.74191284179688
1275,27,person,0,0.4341166615486145,330.38458251953125,248.54360961914062,10.666290283203125,36.1383056640625
1276,10,person,0,0.7761752605438232,399.814208984375,278.0544738769531,24.880035400390625,64.01396179199219
1276,17,person,0,0.8045175671577454,318.33953857421875,286.545166015625,18.3834228515625,63.430511474609375
1276,9,person,0,0.8994196057319641,398.51629638671875,363.9559631347656,92.37496948242188,118.0421142578125
1276,21,person,0,0.8581540584564209,84.87228393554688,342.52587890625,45.76748275756836,108.44757080078125
1276,22,bicycle,1,0.8950954675674438,390.07135009765625,411.0122985839844,109.36349487304688,97.045654296875
1276,12,person,0,0.447206974029541,377.591552734375,249.00860595703125,10.456451416015625,26.437759399414062
1276,23,bicycle,1,0.7463156580924988,89.97216033935547,390.5384521484375,45.927337646484375,84.08792114257812
1276,27,person,0,0.21402248740196228,329.5881042480469,248.24114990234375,9.9588623046875,35.75215148925781
1277,10,person,0,0.7172698974609375,399.62261962890625,276.53338623046875,24.584503173828125,60.85308837890625
1277,17,person,0,0.8088884353637695,317.4718017578125,286.587890625,18.661956787109375,63.17987060546875
1277,9,person,0,0.903911828994751,402.486572265625,363.0614013671875,90.9154052734375,117.75906372070312
1277,21,person,0,0.8620440363883972,87.70882415771484,344.34271240234375,47.7219352722168,111.288818359375
1277,22,bicycle,1,0.8919714689254761,394.349365234375,409.4773864746094,105.93789672851562,96.07049560546875
1277,12,person,0,0.5360643267631531,379.0517578125,249.59523010253906,12.612091064453125,28.228607177734375
1277,23,bicycle,1,0.7838188409805298,94.68809509277344,392.3963623046875,45.916358947753906,84.2919921875
1278,10,person,0,0.7777134776115417,399.702880859375,276.4367980957031,24.562469482421875,60.5274658203125
1278,17,person,0,0.7985785603523254,316.50250244140625,286.4647216796875,18.9495849609375,63.121002197265625
1278,9,person,0,0.9008321762084961,406.05517578125,361.91290283203125,88.18228149414062,116.33432006835938
1278,21,person,0,0.8615083694458008,90.68881225585938,345.6416320800781,49.12709045410156,114.44110107421875
1278,22,bicycle,1,0.8923593759536743,398.0723876953125,408.06182861328125,102.68875122070312,94.87814331054688
1278,12,person,0,0.5822001695632935,380.2198791503906,250.62802124023438,14.2578125,30.046768188476562
1278,23,bicycle,1,0.7272742390632629,97.21737670898438,393.4689025878906,50.63805389404297,86.05181884765625
1279,10,person,0,0.7860761880874634,399.65228271484375,276.5975341796875,24.638275146484375,61.917449951171875
1279,17,person,0,0.8018835186958313,315.04449462890625,286.6568298339844,19.720245361328125,63.22821044921875
1279,9,person,0,0.8982822895050049,409.6908874511719,360.5624084472656,86.55322265625,114.752197265625
1279,21,person,0,0.8680505752563477,93.50790405273438,347.8372497558594,51.647865295410156,117.43499755859375
1279,22,bicycle,1,0.8860851526260376,402.0152587890625,406.8922119140625,99.21682739257812,95.6419677734375
1279,12,person,0,0.6513395309448242,380.83538818359375,251.50582885742188,14.78057861328125,30.900863647460938
1279,23,bicycle,1,0.7666749954223633,100.12066650390625,395.2693786621094,54.379722595214844,85.58905029296875
1280,10,person,0,0.7882357239723206,399.5455322265625,277.45233154296875,24.354400634765625,64.045166015625
1280,17,person,0,0.8241011500358582,313.58477783203125,286.7916564941406,21.710968017578125,63.229248046875
1280,9,person,0,0.8787893056869507,413.31976318359375,355.82598876953125,85.30117797851562,121.01034545898438
1280,21,person,0,0.8552979230880737,95.8390884399414,347.61517333984375,51.50514221191406,114.72915649414062
1280,22,bicycle,1,0.8853672742843628,405.48785400390625,404.82159423828125,95.79885864257812,97.04022216796875
1280,12,person,0,0.5894752144813538,381.22003173828125,251.3084259033203,14.921295166015625,32.307586669921875
1280,23,bicycle,1,0.8603407740592957,102.02629852294922,396.258056640625,61.87110900878906,86.09674072265625
1281,10,person,0,0.7888392210006714,399.53131103515625,278.13018798828125,24.318389892578125,66.31077575683594
1281,17,person,0,0.8258631229400635,312.04705810546875,287.23291015625,24.1583251953125,63.04747009277344
1281,9,person,0,0.8795337080955505,415.9128112792969,355.66851806640625,81.43414306640625,112.85073852539062
1281,21,person,0,0.846460223197937,99.40057373046875,345.60919189453125,53.05596160888672,111.54824829101562
1281,22,bicycle,1,0.909970760345459,408.80694580078125,402.8889465332031,92.98324584960938,97.27117919921875
1281,12,person,0,0.6228381991386414,381.3485107421875,251.57388305664062,14.281829833984375,32.21702575683594
1281,23,bicycle,1,0.8747126460075378,104.63885498046875,397.9722900390625,67.37670135498047,85.82699584960938
1282,10,person,0,0.7905918955802917,399.3938293457031,277.8501892089844,24.26116943359375,65.76133728027344
1282,17,person,0,0.8334116339683533,310.83477783203125,287.63751220703125,26.130767822265625,62.8509521484375
1282,9,person,0,0.8870790600776672,419.03863525390625,355.10498046875,79.31362915039062,108.68099975585938
1282,21,person,0,0.8299312591552734,102.2396240234375,346.244384765625,53.254364013671875,112.89102172851562
1282,22,bicycle,1,0.898669958114624,412.96417236328125,401.64910888671875,88.58920288085938,96.64181518554688
1282,12,person,0,0.46528059244155884,381.0703125,250.93344116210938,13.15594482421875,31.729629516601562
1282,23,bicycle,1,0.8615589737892151,107.08204650878906,399.2825622558594,71.64856719970703,85.5130615234375
1283,10,person,0,0.7960202693939209,399.1033935546875,277.31024169921875,23.841522216796875,66.14993286132812
1283,17,person,0,0.864123523235321,309.95751953125,287.65606689453125,27.9410400390625,63.0777587890625
1283,9,person,0,0.8905943632125854,421.962158203125,354.5753173828125,77.31875610351562,107.49929809570312
1283,21,person,0,0.8532947301864624,105.22352600097656,349.005126953125,54.085105895996094,114.05963134765625
1283,22,bicycle,1,0.8907026052474976,416.3873596191406,400.1410217285156,84.48876953125,95.83502197265625
1283,12,person,0,0.4796787202358246,381.1386413574219,250.491455078125,12.30126953125,31.17333984375
1283,23,bicycle,1,0.8708206415176392,110.23651885986328,400.4552001953125,76.47477722167969,86.21017456054688
1284,10,person,0,0.7696930766105652,398.5862731933594,276.7998046875,23.83636474609375,66.5953369140625
1284,17,person,0,0.8764697909355164,309.28729248046875,287.62860107421875,29.241546630859375,63.045562744140625
1284,9,person,0,0.8621311783790588,424.3660888671875,352.44256591796875,75.3438720703125,105.52151489257812
1284,21,person,0,0.8639817833900452,108.58680725097656,348.5614013671875,55.91374969482422,112.32351684570312
1284,22,bicycle,1,0.8836030960083008,419.8929443359375,398.4718017578125,80.67477416992188,95.93795776367188
1284,12,person,0,0.20384074747562408,380.9714660644531,249.89569091796875,11.62274169921875,29.15081787109375
1284,23,bicycle,1,0.8737707138061523,113.9788818359375,401.0362548828125,81.6395263671875,87.53964233398438
1285,10,person,0,0.7822215557098389,398.51873779296875,276.86627197265625,23.52850341796875,66.32879638671875
1285,17,person,0,0.878175675868988,308.8992614746094,287.9063720703125,29.9534912109375,63.345611572265625
1285,9,person,0,0.8596053719520569,426.8006896972656,356.08001708984375,72.50726318359375,117.003173828125
1285,21,person,0,0.8391831517219543,112.22608947753906,349.57867431640625,57.795616149902344,112.04464721679688
1285,22,bicycle,1,0.8613961338996887,422.65216064453125,396.877685546875,78.74270629882812,97.02407836914062
1285,12,person,0,0.29284417629241943,381.2078857421875,249.38980102539062,11.965301513671875,28.084976196289062
1285,23,bicycle,1,0.8924915790557861,118.32173919677734,401.9884033203125,86.15715026855469,87.20013427734375
1286,10,person,0,0.8067361116409302,398.64068603515625,276.8136901855469,23.1007080078125,65.49192810058594
1286,17,person,0,0.8638043403625488,308.84979248046875,288.38055419921875,29.932830810546875,63.5987548828125
1286,9,person,0,0.8521100878715515,428.4269104003906,351.9044189453125,68.49163818359375,111.84963989257812
1286,21,person,0,0.8726953864097595,115.68577575683594,351.16644287109375,59.130653381347656,115.96005249023438
1286,22,bicycle,1,0.8847976326942444,426.1572265625,394.453125,75.46487426757812,97.61639404296875
1286,12,person,0,0.3723399043083191,381.26873779296875,247.5081787109375,11.664337158203125,25.117904663085938
1286,23,bicycle,1,0.8967293500900269,122.3386459350586,402.4755859375,90.39613342285156,87.69534301757812
1287,10,person,0,0.8190052509307861,398.2619934082031,277.05084228515625,23.248779296875,64.79153442382812
1287,17,person,0,0.8686959743499756,308.78143310546875,289.097412109375,29.375518798828125,64.12432861328125
1287,9,person,0,0.869759738445282,431.09429931640625,349.8973083496094,67.46292114257812,108.8997802734375
1287,21,person,0,0.8806669116020203,119.2147216796875,352.20794677734375,60.44244384765625,118.4158935546875
1287,22,bicycle,1,0.8653393387794495,429.10797119140625,392.84930419921875,73.95596313476562,96.84176635742188
1287,12,person,0,0.3377310335636139,381.43975830078125,246.2718048095703,11.623992919921875,22.941131591796875
1287,23,bicycle,1,0.8858429193496704,126.49116516113281,402.76214599609375,94.54995727539062,88.72451782226562
1288,10,person,0,0.8146606683731079,398.0585021972656,277.0815734863281,23.3765869140625,64.23419189453125
1288,17,person,0,0.8612016439437866,308.568603515625,289.1893310546875,29.317901611328125,64.12130737304688
1288,9,person,0,0.8791479468345642,433.2926025390625,348.67340087890625,65.42510986328125,106.4967041015625
1288,21,person,0,0.8907369375228882,123.47898864746094,353.624267578125,62.23583984375,119.96261596679688
1288,22,bicycle,1,0.8430343270301819,431.6236572265625,391.3434143066406,70.11856079101562,96.3792724609375
1288,12,person,0,0.33266451954841614,381.49884033203125,245.86923217773438,11.81622314453125,22.125808715820312
1288,23,bicycle,1,0.8976128101348877,130.59255981445312,403.1810302734375,98.49553680419922,89.52810668945312
1289,10,person,0,0.8101434707641602,397.92236328125,277.42755126953125,23.529022216796875,63.992279052734375
1289,17,person,0,0.8635985851287842,308.19549560546875,289.00537109375,28.97503662109375,64.45455932617188
1289,9,person,0,0.8437660336494446,434.50982666015625,347.7420654296875,61.854644775390625,105.72940063476562
1289,21,person,0,0.8925042152404785,128.14700317382812,354.3082580566406,64.10839080810547,120.8052978515625
1289,22,bicycle,1,0.8653725385665894,433.8980407714844,388.9839782714844,66.71636962890625,97.10406494140625
1289,12,person,0,0.25126534700393677,381.5404052734375,245.6285400390625,11.696502685546875,21.736129760742188
1289,23,bicycle,1,0.8989566564559937,135.14801025390625,404.2579345703125,101.76210021972656,88.56951904296875
1290,10,person,0,0.8225134015083313,397.31549072265625,277.459228515625,23.248260498046875,63.692230224609375
1290,17,person,0,0.8463570475578308,307.73040771484375,288.74261474609375,28.43817138671875,64.60708618164062
1290,9,person,0,0.8618282675743103,436.4854736328125,346.452392578125,60.822601318359375,105.048828125
1290,21,person,0,0.9004067778587341,132.33416748046875,355.3458251953125,64.97199249267578,122.12551879882812
1290,22,bicycle,1,0.8430230021476746,435.9683837890625,387.95867919921875,62.93707275390625,95.35348510742188
1290,12,person,0,0.2518061399459839,381.7727355957031,247.12034606933594,11.58001708984375,24.994354248046875
1290,23,bicycle,1,0.9138594269752502,139.27874755859375,404.961669921875,105.310546875,87.73745727539062
1291,10,person,0,0.8186245560646057,397.1192626953125,277.5275573730469,22.882720947265625,63.37876892089844
1291,17,person,0,0.8356689810752869,307.101318359375,288.758544921875,26.56719970703125,64.60952758789062
1291,9,person,0,0.8335704803466797,438.1653747558594,345.4043273925781,59.56982421875,104.68292236328125
1291,21,person,0,0.8957445025444031,136.3230743408203,355.93572998046875,66.8074722290039,122.86514282226562
1291,22,bicycle,1,0.8381863832473755,438.0059509277344,386.693603515625,60.00518798828125,95.41220092773438
1291,12,person,0,0.4236546754837036,382.2030029296875,250.38433837890625,11.486175537109375,31.997940063476562
1291,23,bicycle,1,0.9175636172294617,143.65127563476562,405.6278381347656,109.00189971923828,88.0791015625
1292,10,person,0,0.8263339996337891,397.011962890625,277.7838134765625,22.972442626953125,63.42420959472656
1292,17,person,0,0.837415337562561,306.3078308105469,288.591796875,25.45257568359375,64.76220703125
1292,9,person,0,0.8405840992927551,440.43853759765625,343.31646728515625,58.460968017578125,102.83950805664062
1292,21,person,0,0.8968472480773926,140.6314697265625,356.53619384765625,67.53491973876953,123.76007080078125
1292,22,bicycle,1,0.8144032955169678,440.1185607910156,385.87158203125,57.86749267578125,93.9140625
1292,12,person,0,0.4870551824569702,382.5538635253906,251.2991943359375,11.0068359375,34.06170654296875
1292,23,bicycle,1,0.9287979602813721,148.3175048828125,406.35821533203125,112.7863998413086,87.19854736328125
1293,10,person,0,0.8306044340133667,396.7088623046875,277.998046875,23.23016357421875,63.455108642578125
1293,17,person,0,0.8268890976905823,305.0661315917969,288.4754638671875,24.3514404296875,64.815185546875
1293,9,person,0,0.8505789637565613,441.37579345703125,341.9992980957031,55.556365966796875,102.204833984375
1293,21,person,0,0.8990805149078369,144.99819946289062,357.1059265136719,67.86805725097656,124.07366943359375
1293,22,bicycle,1,0.8408266305923462,441.47918701171875,384.78338623046875,52.806182861328125,92.23696899414062
1293,12,person,0,0.4566824436187744,382.81011962890625,251.71304321289062,10.718048095703125,34.83648681640625
1293,23,bicycle,1,0.918499767780304,152.6082305908203,406.628173828125,115.65652465820312,88.82174682617188
1294,10,person,0,0.8236314654350281,396.1795654296875,277.6070251464844,23.230255126953125,62.70298767089844
1294,17,person,0,0.8229348659515381,304.1284484863281,288.4097595214844,23.3272705078125,65.25859069824219
1294,9,person,0,0.8446849584579468,441.56085205078125,340.4984130859375,52.636627197265625,99.69522094726562
1294,21,person,0,0.9010300636291504,149.40927124023438,357.75933837890625,68.53291320800781,124.88168334960938
1294,22,bicycle,1,0.8762123584747314,443.0147705078125,383.4888916015625,49.58941650390625,92.34210205078125
1294,12,person,0,0.2692795395851135,382.84954833984375,251.69338989257812,10.951904296875,34.4051513671875
1294,23,bicycle,1,0.9135900139808655,157.42471313476562,406.7455139160156,118.28233337402344,88.841552734375
1295,10,person,0,0.834408700466156,395.75750732421875,277.53411865234375,23.102874755859375,62.950531005859375
1295,17,person,0,0.8202211260795593,302.8420715332031,288.33465576171875,23.94073486328125,65.58566284179688
1295,9,person,0,0.8341153264045715,442.00494384765625,340.3351135253906,50.006561279296875,101.36871337890625
1295,21,person,0,0.8845231533050537,153.5655975341797,358.62347412109375,69.51496124267578,126.03909301757812
1295,22,bicycle,1,0.8583935499191284,444.18743896484375,382.1998291015625,45.5345458984375,90.86181640625
1295,23,bicycle,1,0.9212230443954468,162.3598175048828,407.7874755859375,120.66193389892578,88.414306640625
1296,10,person,0,0.8178590536117554,395.4291076660156,277.6591796875,23.391357421875,61.877838134765625
1296,17,person,0,0.826956570148468,301.5108947753906,288.33612060546875,24.1602783203125,65.96702575683594
1296,9,person,0,0.8487160801887512,442.12823486328125,337.8428955078125,47.705841064453125,96.90628051757812
1296,21,person,0,0.889988899230957,157.6239013671875,359.18280029296875,68.63468170166016,126.32632446289062
1296,22,bicycle,1,0.8106224536895752,445.781982421875,380.1861572265625,44.080413818359375,90.65701293945312
1296,23,bicycle,1,0.9050859212875366,167.33209228515625,407.24517822265625,123.49541473388672,89.3199462890625
1297,10,person,0,0.8234723210334778,395.41033935546875,275.6698913574219,23.533172607421875,62.57403564453125
1297,17,person,0,0.8200253844261169,300.74456787109375,288.5560607910156,24.3211669921875,66.39094543457031
1297,9,person,0,0.8400066494941711,442.5114440917969,336.9135437011719,47.1732177734375,96.58209228515625
1297,21,person,0,0.8993157744407654,162.55419921875,360.15875244140625,69.53071594238281,127.40762329101562
1297,22,bicycle,1,0.724092423915863,447.36090087890625,378.50408935546875,41.8486328125,89.79849243164062
1297,23,bicycle,1,0.9019505977630615,172.676513671875,407.8497314453125,126.39168548583984,88.58401489257812
1298,10,person,0,0.811002790927887,395.27935791015625,274.9077453613281,23.359344482421875,61.1680908203125
1298,17,person,0,0.8192323446273804,299.87445068359375,288.9107360839844,24.2501220703125,66.29371643066406
1298,9,person,0,0.8390991687774658,442.69189453125,335.81280517578125,46.015106201171875,95.71771240234375
1298,21,person,0,0.8930459022521973,167.7146453857422,360.79681396484375,70.96841430664062,128.01629638671875
1298,22,bicycle,1,0.6084474921226501,447.97576904296875,377.38592529296875,37.324371337890625,88.5689697265625
1298,23,bicycle,1,0.917238175868988,177.55557250976562,408.0145263671875,129.4502410888672,89.30636596679688
1299,10,person,0,0.8278788328170776,395.32720947265625,273.74822998046875,23.386627197265625,61.97569274902344
1299,17,person,0,0.799568235874176,298.2145080566406,289.549072265625,22.633056640625,66.60211181640625
1299,9,person,0,0.8374180197715759,442.64495849609375,338.00537109375,45.254425048828125,101.8133544921875
1299,21,person,0,0.9013319611549377,172.732421875,361.52960205078125,71.13418579101562,128.81573486328125
1299,22,bicycle,1,0.5134049654006958,448.1094970703125,376.513427734375,33.0699462890625,85.635986328125
1299,23,bicycle,1,0.8991567492485046,183.25340270996094,408.3363342285156,131.95120239257812,88.5765380859375
1300,10,person,0,0.8096449971199036,395.19140625,273.48504638671875,23.7108154296875,63.766937255859375
1300,17,person,0,0.8058353066444397,297.5631103515625,289.98956298828125,24.467620849609375,66.860107421875
1300,9,person,0,0.8536779284477234,442.7685546875,337.7832336425781,43.846099853515625,102.17437744140625
1300,21,person,0,0.9012512564659119,177.456298828125,361.4824523925781,71.14945983886719,129.05499267578125
1300,22,bicycle,1,0.4370940625667572,446.9041748046875,377.90899658203125,26.97802734375,78.61160278320312
1300,23,bicycle,1,0.902978241443634,188.0926513671875,408.04901123046875,133.8806610107422,89.12579345703125
1301,10,person,0,0.8238723278045654,395.10174560546875,273.15631103515625,23.514007568359375,64.84310913085938
1301,17,person,0,0.793437659740448,296.92156982421875,290.25640869140625,23.873870849609375,66.58349609375
1301,9,person,0,0.8396068811416626,442.20928955078125,338.692138671875,42.5244140625,105.496337890625
1301,21,person,0,0.9040571451187134,182.69961547851562,361.89013671875,71.56875610351562,130.419677734375
1301,22,bicycle,1,0.43966326117515564,446.55596923828125,376.12689208984375,26.90594482421875,78.3140869140625
1301,23,bicycle,1,0.8996426463127136,192.44854736328125,408.5246887207031,133.99566650390625,88.32220458984375
1302,10,person,0,0.8070106506347656,395.0559997558594,272.9708251953125,22.97015380859375,64.42156982421875
1302,17,person,0,0.8028835654258728,296.312744140625,289.65985107421875,23.569091796875,64.95962524414062
1302,9,person,0,0.8285341858863831,441.5273132324219,339.09234619140625,41.105224609375,106.93743896484375
1302,21,person,0,0.9023072719573975,187.71701049804688,361.465576171875,72.29423522949219,131.34927368164062
1302,22,bicycle,1,0.40540826320648193,446.27703857421875,375.52349853515625,26.72174072265625,77.80422973632812
1302,23,bicycle,1,0.8921833634376526,197.31402587890625,409.15411376953125,136.9430694580078,86.83236694335938
1303,10,person,0,0.8109470009803772,394.96282958984375,273.0155029296875,22.79632568359375,64.25271606445312
1303,17,person,0,0.78402179479599,296.01446533203125,290.48126220703125,23.040557861328125,65.52224731445312
1303,9,person,0,0.8247201442718506,440.849609375,338.7969665527344,39.577117919921875,109.01629638671875
1303,21,person,0,0.9076025485992432,193.6107177734375,361.9534606933594,74.07498168945312,131.52362060546875
1303,22,bicycle,1,0.4841728210449219,445.8149719238281,374.51287841796875,26.30718994140625,74.4278564453125
1303,23,bicycle,1,0.9005988240242004,202.4019775390625,409.70709228515625,138.4764404296875,85.38656616210938
1303,27,person,0,0.5176851749420166,316.0979919433594,249.92794799804688,12.97674560546875,39.68855285644531
1304,10,person,0,0.8106775879859924,394.46875,272.88897705078125,23.295501708984375,63.58210754394531
1304,17,person,0,0.7712299227714539,295.83062744140625,290.82379150390625,22.403656005859375,65.18966674804688
1304,9,person,0,0.8467456102371216,440.7503662109375,337.1962890625,39.09112548828125,108.40158081054688
1304,21,person,0,0.9100231528282166,199.44546508789062,362.42010498046875,75.84725952148438,131.64651489257812
1304,22,bicycle,1,0.5031003952026367,445.9022216796875,373.36151123046875,23.578216552734375,74.035888671875
1304,23,bicycle,1,0.8936838507652283,207.52993774414062,409.00360107421875,140.056640625,86.21722412109375
1304,27,person,0,0.3380243182182312,316.0544128417969,250.41395568847656,12.91864013671875,40.239959716796875
1305,10,person,0,0.8057519197463989,394.1873474121094,273.0022277832031,23.52935791015625,62.63981628417969
1305,17,person,0,0.7864403128623962,296.1966552734375,291.4561767578125,22.187774658203125,65.63888549804688
1305,9,person,0,0.8661223649978638,440.5274658203125,335.9344482421875,38.427154541015625,108.10446166992188
1305,21,person,0,0.9126125574111938,205.32276916503906,362.5360107421875,77.505859375,132.76461791992188
1305,22,bicycle,1,0.5436749458312988,445.27728271484375,373.3011474609375,23.011444091796875,72.82461547851562
1305,23,bicycle,1,0.8911818861961365,212.9016876220703,408.77252197265625,141.78353881835938,85.51797485351562
1305,27,person,0,0.45851394534111023,315.63909912109375,250.46417236328125,12.324798583984375,39.73286437988281
1306,10,person,0,0.8046435117721558,394.23590087890625,273.3742370605469,23.87640380859375,61.31532287597656
1306,17,person,0,0.7939893007278442,295.677001953125,291.7987060546875,20.914398193359375,65.8775634765625
1306,9,person,0,0.85550457239151,440.2674560546875,335.1148376464844,38.14984130859375,107.8936767578125
1306,21,person,0,0.9090060591697693,211.52340698242188,362.520751953125,78.57173156738281,133.51019287109375
1306,22,bicycle,1,0.3619409203529358,443.1573486328125,372.5743408203125,27.140594482421875,73.74081420898438
1306,23,bicycle,1,0.9059489369392395,218.239501953125,408.69830322265625,142.1331329345703,84.92196655273438
1307,10,person,0,0.7980721592903137,394.55242919921875,273.3944091796875,23.654693603515625,61.21073913574219
1307,17,person,0,0.7861599922180176,294.90216064453125,292.16796875,20.623260498046875,66.31900024414062
1307,9,person,0,0.8719021677970886,439.7188720703125,334.3218078613281,37.270355224609375,107.024169921875
1307,21,person,0,0.9146057963371277,217.392822265625,362.5135498046875,80.82710266113281,133.47708129882812
1307,22,bicycle,1,0.30731964111328125,443.18109130859375,372.06207275390625,25.74481201171875,73.517333984375
1307,23,bicycle,1,0.8978602886199951,223.25994873046875,407.845947265625,143.88255310058594,85.34951782226562
1308,10,person,0,0.8157609701156616,394.998779296875,273.7142333984375,23.493621826171875,60.608612060546875
1308,17,person,0,0.7929872870445251,293.79608154296875,292.2769775390625,20.300384521484375,66.48944091796875
1308,9,person,0,0.8666980266571045,439.3258056640625,333.37493896484375,36.966583251953125,106.04483032226562
1308,21,person,0,0.9150366187095642,223.540283203125,362.7816162109375,82.6241455078125,134.1129150390625
1308,22,bicycle,1,0.20241302251815796,445.1504821777344,370.7178649902344,21.0335693359375,71.26611328125
1308,23,bicycle,1,0.9083473682403564,228.39288330078125,406.98980712890625,144.761474609375,85.14358520507812
1309,10,person,0,0.8154813051223755,395.17132568359375,274.01318359375,23.139312744140625,59.86962890625
1309,17,person,0,0.7777347564697266,293.1541748046875,292.4554443359375,20.75042724609375,66.80108642578125
1309,9,person,0,0.8556361198425293,438.8476257324219,332.34912109375,36.51629638671875,105.15866088867188
1309,21,person,0,0.9163941740989685,229.56423950195312,362.575439453125,84.09130859375,133.59317016601562
1309,22,bicycle,1,0.38761040568351746,446.33563232421875,368.71697998046875,16.836212158203125,69.71246337890625
1309,23,bicycle,1,0.910131573677063,233.1997833251953,406.0802917480469,145.08053588867188,85.55780029296875
1310,10,person,0,0.8026012182235718,394.96514892578125,274.11700439453125,22.364959716796875,59.130218505859375
1310,17,person,0,0.8010539412498474,291.9229431152344,292.4737548828125,23.8140869140625,67.06240844726562
1310,9,person,0,0.8535566329956055,438.4232177734375,331.3806457519531,36.460235595703125,104.103515625
1310,21,person,0,0.9242262244224548,235.2646484375,362.543212890625,85.34088134765625,133.77597045898438
1310,22,bicycle,1,0.4829694926738739,446.4381408691406,367.41400146484375,16.185791015625,69.46487426757812
1310,23,bicycle,1,0.9255460500717163,237.98989868164062,405.3003845214844,145.5019989013672,85.68756103515625
1311,10,person,0,0.8051252961158752,395.0826416015625,274.02484130859375,21.405303955078125,59.36991882324219
1311,17,person,0,0.8248659372329712,291.53912353515625,292.51898193359375,24.91033935546875,67.1871337890625
1311,9,person,0,0.8716230392456055,438.181884765625,330.5413818359375,36.705230712890625,103.96673583984375
1311,21,person,0,0.9072943925857544,240.93386840820312,362.73333740234375,86.08702087402344,134.32199096679688
1311,22,bicycle,1,0.37012913823127747,446.10772705078125,363.6134338378906,15.582061767578125,65.60589599609375
1311,23,bicycle,1,0.9215440154075623,243.7261505126953,404.4548645019531,145.27999877929688,85.611083984375
1312,10,person,0,0.8071085810661316,395.2232971191406,273.7824401855469,20.59222412109375,60.28086853027344
1312,17,person,0,0.8264470100402832,290.9146728515625,292.59344482421875,25.274322509765625,67.10086059570312
1312,9,person,0,0.8604735732078552,437.99517822265625,329.7220458984375,37.59246826171875,102.6790771484375
1312,21,person,0,0.9085468649864197,246.6670684814453,362.6612548828125,86.40072631835938,134.57537841796875
1312,22,bicycle,1,0.36897504329681396,446.0328369140625,362.48199462890625,16.270233154296875,65.52020263671875
1312,23,bicycle,1,0.9415150284767151,248.57553100585938,403.6023254394531,145.5796661376953,84.88092041015625
1313,10,person,0,0.7855736017227173,395.2194519042969,273.6053771972656,20.5281982421875,60.78004455566406
1313,17,person,0,0.830295979976654,290.28643798828125,292.59185791015625,24.9248046875,66.93798828125
1313,9,person,0,0.8683261275291443,437.708984375,328.49560546875,38.0350341796875,101.67721557617188
1313,21,person,0,0.9191655516624451,252.09368896484375,362.322265625,86.69139099121094,135.11026000976562
1313,22,bicycle,1,0.3488481044769287,446.47906494140625,360.72735595703125,17.996002197265625,64.70187377929688
1313,23,bicycle,1,0.9201962947845459,253.31954956054688,402.95904541015625,144.8567352294922,85.23599243164062
1314,10,person,0,0.770412027835846,395.2716979980469,272.76416015625,20.5738525390625,59.86122131347656
1314,17,person,0,0.8358231782913208,289.258056640625,292.56439208984375,24.431365966796875,66.85366821289062
1314,9,person,0,0.8692271709442139,437.2791442871094,327.8798522949219,39.23583984375,99.97821044921875
1314,21,person,0,0.9007152318954468,257.66741943359375,361.82391357421875,87.07798767089844,134.79067993164062
1314,22,bicycle,1,0.42526766657829285,445.63525390625,360.0065612792969,17.917205810546875,67.05279541015625
1314,23,bicycle,1,0.9101226925849915,258.65399169921875,402.19207763671875,142.14218139648438,85.10836791992188
1314,27,person,0,0.5033814311027527,313.2308349609375,251.43020629882812,12.839141845703125,37.65531921386719
1315,10,person,0,0.7830368280410767,395.2989196777344,272.3786315917969,20.59326171875,60.5594482421875
1315,17,person,0,0.800790548324585,288.63848876953125,292.63104248046875,24.018829345703125,66.82809448242188
1315,9,person,0,0.8317574262619019,436.65087890625,326.6998291015625,39.767242431640625,97.8306884765625
1315,21,person,0,0.9018077254295349,263.19525146484375,360.69024658203125,88.26930236816406,133.91659545898438
1315,22,bicycle,1,0.6395412683486938,437.38360595703125,356.125244140625,31.152801513671875,73.74935913085938
1315,23,bicycle,1,0.9231228828430176,263.286865234375,401.9971923828125,141.58316040039062,85.35366821289062
1315,27,person,0,0.5395604372024536,313.14996337890625,251.56033325195312,12.437530517578125,37.0673828125
1316,10,person,0,0.7837543487548828,395.107666015625,272.29827880859375,20.18682861328125,60.94287109375
1316,17,person,0,0.8292793035507202,287.5361328125,292.652587890625,23.796356201171875,66.92172241210938
1316,9,person,0,0.8437326550483704,435.7177734375,325.66290283203125,39.131256103515625,97.1805419921875
1316,21,person,0,0.9049940705299377,268.54022216796875,360.25,88.42263793945312,133.6192626953125
1316,22,bicycle,1,0.6113910675048828,434.33740234375,354.4184265136719,35.680084228515625,75.59149169921875
1316,23,bicycle,1,0.9219324588775635,267.6664123535156,401.12188720703125,140.60816955566406,85.16061401367188
1316,27,person,0,0.5692599415779114,312.9810791015625,251.58885192871094,12.3585205078125,37.266754150390625
1317,10,person,0,0.7904791235923767,394.91351318359375,271.69598388671875,20.5419921875,61.62724304199219
1317,17,person,0,0.83390873670578,286.9608459472656,292.6588439941406,23.030517578125,66.8509521484375
1317,9,person,0,0.846115231513977,434.8668212890625,325.0319519042969,38.911407470703125,97.32305908203125
1317,21,person,0,0.8856154680252075,273.4822692871094,359.50921630859375,87.89088439941406,132.62530517578125
1317,22,bicycle,1,0.5150911211967468,433.0382080078125,353.3902893066406,37.44293212890625,74.08038330078125
1317,23,bicycle,1,0.9053553342819214,272.3408203125,400.0880432128906,140.02891540527344,85.71527099609375
1317,27,person,0,0.449900358915329,312.9043884277344,251.08395385742188,12.2322998046875,36.17864990234375
1318,10,person,0,0.7986248135566711,394.54339599609375,270.8536376953125,20.526275634765625,60.32051086425781
1318,17,person,0,0.8076090216636658,286.2283020019531,292.6129150390625,22.76287841796875,66.28848266601562
1318,9,person,0,0.8602811098098755,434.21142578125,324.2322082519531,39.021392822265625,98.2052001953125
1318,21,person,0,0.8663797974586487,277.8965759277344,359.23187255859375,86.542724609375,131.7054443359375
1318,22,bicycle,1,0.43345165252685547,432.55340576171875,353.15325927734375,38.500152587890625,71.80218505859375
1318,23,bicycle,1,0.9262397289276123,277.0206604003906,399.15167236328125,138.30894470214844,87.16049194335938
1318,27,person,0,0.28409910202026367,312.8836669921875,249.30416870117188,11.808197021484375,29.628128051757812
1319,10,person,0,0.7959440350532532,394.4532775878906,270.4333801269531,20.41876220703125,59.93402099609375
1319,17,person,0,0.7953853607177734,285.38482666015625,291.71343994140625,23.057037353515625,63.795928955078125
1319,9,person,0,0.8509931564331055,433.1686706542969,323.62188720703125,38.570556640625,96.34182739257812
1319,21,person,0,0.9050753116607666,283.51751708984375,358.66937255859375,87.83354187011719,132.05728149414062
1319,22,bicycle,1,0.4434625208377838,431.84063720703125,352.79864501953125,38.575714111328125,70.44183349609375
1319,23,bicycle,1,0.92781001329422,281.45208740234375,398.9212646484375,137.86900329589844,88.25125122070312
1319,27,person,0,0.19579830765724182,312.7308349609375,248.19232177734375,11.67633056640625,28.65716552734375
1320,10,person,0,0.7950037717819214,394.53680419921875,270.2163391113281,21.431549072265625,59.94941711425781
1320,17,person,0,0.5314599275588989,284.46881103515625,290.40673828125,23.392913818359375,59.8634033203125
1320,9,person,0,0.8618190288543701,432.5292663574219,323.07891845703125,38.283203125,95.56961059570312
1320,21,person,0,0.8849070072174072,288.87860107421875,357.86517333984375,88.57318115234375,132.20504760742188
1320,22,bicycle,1,0.4364528954029083,431.3974609375,351.5277404785156,38.571502685546875,70.941162109375
1320,23,bicycle,1,0.9073285460472107,285.982177734375,398.01177978515625,134.9899444580078,89.35354614257812
1320,27,person,0,0.26821058988571167,312.6781005859375,247.15847778320312,11.68048095703125,26.53875732421875
1321,10,person,0,0.7822359800338745,394.55474853515625,270.52520751953125,21.244354248046875,59.755584716796875
1321,17,person,0,0.7428660988807678,283.7626953125,286.589599609375,23.36431884765625,51.103424072265625
1321,9,person,0,0.8698877692222595,431.6741638183594,322.3277282714844,38.3477783203125,95.06781005859375
1321,21,person,0,0.8894750475883484,293.6875,357.29144287109375,89.25247192382812,130.79177856445312
1321,22,bicycle,1,0.5570818781852722,436.68890380859375,354.12689208984375,25.839019775390625,61.679901123046875
1321,23,bicycle,1,0.9198427200317383,290.4000244140625,397.1671142578125,132.31033325195312,90.4853515625
1321,27,person,0,0.2707819938659668,312.5469970703125,250.119873046875,11.73193359375,32.43959045410156
1322,10,person,0,0.7971662878990173,394.79779052734375,270.70452880859375,20.7271728515625,59.788482666015625
1322,17,person,0,0.8437407612800598,282.8787841796875,285.6703186035156,23.153411865234375,49.26031494140625
1322,9,person,0,0.8696752190589905,430.7738952636719,321.16253662109375,38.6309814453125,94.91986083984375
1322,21,person,0,0.9062741994857788,298.19000244140625,356.97802734375,88.3072509765625,130.24691772460938
1322,22,bicycle,1,0.5207226872444153,438.01165771484375,353.26519775390625,20.04296875,60.889739990234375
1322,23,bicycle,1,0.9173454642295837,295.2408142089844,395.91033935546875,130.3338623046875,91.18130493164062
1322,27,person,0,0.20718611776828766,312.10821533203125,249.7994384765625,11.27685546875,37.37269592285156
1323,10,person,0,0.7922095656394958,394.5627746582031,270.72686767578125,21.0924072265625,59.98481750488281
1323,17,person,0,0.8134808540344238,281.877685546875,287.35150146484375,22.43536376953125,52.166595458984375
1323,9,person,0,0.8631889224052429,429.4981689453125,320.6964416503906,37.71490478515625,94.06219482421875
1323,21,person,0,0.8977096080780029,302.46807861328125,355.9393310546875,87.8255615234375,128.37557983398438
1323,22,bicycle,1,0.5551410913467407,437.8923645019531,352.25634765625,17.9617919921875,60.938323974609375
1323,23,bicycle,1,0.9025053977966309,299.44183349609375,395.28631591796875,127.50439453125,91.68911743164062
1323,27,person,0,0.554801881313324,312.11956787109375,250.21945190429688,11.63348388671875,38.138916015625
1324,10,person,0,0.7948916554450989,394.21136474609375,270.96826171875,22.007232666015625,60.343475341796875
1324,17,person,0,0.80645352602005,281.1246337890625,290.07183837890625,22.034942626953125,57.4002685546875
1324,9,person,0,0.8713648915290833,428.4354248046875,319.95361328125,37.017547607421875,93.19235229492188
1324,21,person,0,0.904442548751831,306.1948547363281,355.06512451171875,85.7686767578125,127.52145385742188
1324,22,bicycle,1,0.5647556185722351,437.1366271972656,351.9420166015625,16.730224609375,59.45751953125
1324,23,bicycle,1,0.9185000061988831,303.42584228515625,394.34283447265625,125.55508422851562,93.41275024414062
1324,27,person,0,0.6593155264854431,311.8292236328125,251.05673217773438,11.89569091796875,38.29505920410156
1325,10,person,0,0.8038711547851562,394.06781005859375,270.91278076171875,22.448760986328125,59.76023864746094
1325,17,person,0,0.8267194032669067,280.2173767089844,291.6781311035156,22.48828125,60.69964599609375
1325,9,person,0,0.8786830902099609,427.5892639160156,319.7449951171875,37.14276123046875,91.39349365234375
1325,21,person,0,0.9077252149581909,310.3349609375,353.755126953125,84.90310668945312,126.79483032226562
1325,22,bicycle,1,0.6150492429733276,436.2645263671875,349.9534912109375,16.220245361328125,59.804290771484375
1325,23,bicycle,1,0.9227368235588074,307.83563232421875,393.55267333984375,122.35971069335938,93.09719848632812
1325,27,person,0,0.6305700540542603,311.55487060546875,251.58090209960938,12.257171630859375,38.99903869628906
1326,10,person,0,0.8130462765693665,394.0937194824219,270.9747619628906,22.459716796875,59.51152038574219
1326,17,person,0,0.8145827054977417,279.4255065917969,293.452392578125,22.28936767578125,64.36688232421875
1326,9,person,0,0.876251220703125,426.9796142578125,318.473876953125,37.484649658203125,91.38821411132812
1326,21,person,0,0.8943049311637878,314.43756103515625,352.923828125,84.24563598632812,127.59573364257812
1326,22,bicycle,1,0.6069167256355286,435.6295166015625,348.78369140625,16.193572998046875,60.615631103515625
1326,23,bicycle,1,0.909513533115387,311.739013671875,392.21771240234375,118.70268249511719,93.43746948242188
1326,27,person,0,0.6015110611915588,311.36553955078125,251.61856079101562,12.164886474609375,39.33441162109375
1327,10,person,0,0.8118513226509094,394.12646484375,270.6852722167969,22.30322265625,59.23439025878906
1327,17,person,0,0.8258435130119324,278.64581298828125,294.46673583984375,22.594329833984375,66.928955078125
1327,9,person,0,0.8836190104484558,425.8990478515625,317.7291259765625,37.168853759765625,91.07620239257812
1327,21,person,0,0.8952469229698181,318.163330078125,352.3369445800781,83.61483764648438,127.43170166015625
1327,22,bicycle,1,0.5030858516693115,435.0173645019531,347.8197326660156,16.32080078125,60.50592041015625
1327,23,bicycle,1,0.8868840932846069,315.385986328125,391.28680419921875,116.4271240234375,93.11270141601562
1327,27,person,0,0.6118766665458679,311.1291809082031,251.69631958007812,11.99609375,39.30076599121094
1328,10,person,0,0.8095947504043579,393.9020080566406,270.754638671875,22.66571044921875,58.952545166015625
1328,17,person,0,0.8055626749992371,277.6253662109375,294.8127136230469,22.987640380859375,67.823486328125
1328,9,person,0,0.8839202523231506,425.1264343261719,316.9771728515625,36.52569580078125,91.12188720703125
1328,21,person,0,0.8922688961029053,321.794677734375,351.2750244140625,81.86651611328125,126.07138061523438
1328,22,bicycle,1,0.4705531895160675,433.558349609375,346.2320556640625,16.288543701171875,61.886749267578125
1328,23,bicycle,1,0.908827006816864,318.8564758300781,390.377685546875,113.45513916015625,93.97250366210938
1328,27,person,0,0.6979126334190369,310.8515625,252.12222290039062,11.688262939453125,38.3203125
1329,10,person,0,0.8014885783195496,393.8931579589844,270.6820373535156,22.717041015625,58.67448425292969
1329,17,person,0,0.8241574764251709,275.9540100097656,294.20477294921875,25.14495849609375,67.45578002929688
1329,9,person,0,0.8826465010643005,424.22625732421875,316.4410400390625,36.307037353515625,90.90719604492188
1329,21,person,0,0.9109330177307129,325.58355712890625,350.32086181640625,81.28634643554688,125.26812744140625
1329,22,bicycle,1,0.47449517250061035,432.5489501953125,345.68780517578125,15.540252685546875,59.939117431640625
1329,23,bicycle,1,0.9049573540687561,321.9722900390625,389.86248779296875,110.5816650390625,93.8699951171875
1329,27,person,0,0.6858857870101929,310.670166015625,252.36572265625,11.587066650390625,38.28973388671875
1330,10,person,0,0.8055893182754517,393.8718566894531,270.40802001953125,22.5018310546875,58.80976867675781
1330,17,person,0,0.8406438827514648,275.04229736328125,294.6102600097656,26.397735595703125,68.12896728515625
1330,9,person,0,0.8753984570503235,423.1792297363281,315.96533203125,35.94659423828125,90.48623657226562
1330,21,person,0,0.9084243178367615,329.531494140625,349.06243896484375,80.42788696289062,124.02194213867188
1330,22,bicycle,1,0.4261312782764435,431.6863098144531,345.3832702636719,15.6280517578125,58.660888671875
1330,23,bicycle,1,0.890295684337616,325.42413330078125,389.1080322265625,107.32012939453125,93.6539306640625
1330,27,person,0,0.6338313221931458,310.56317138671875,252.00819396972656,11.508453369140625,38.170989990234375
1331,10,person,0,0.7975523471832275,393.65728759765625,270.2626953125,22.204498291015625,59.205413818359375
1331,17,person,0,0.8208467960357666,274.50823974609375,294.249755859375,25.848785400390625,67.77230834960938
1331,9,person,0,0.8769463300704956,422.109619140625,315.94281005859375,35.806396484375,89.51351928710938
1331,21,person,0,0.9089747667312622,333.2113952636719,348.0309143066406,79.68426513671875,123.30987548828125
1331,22,bicycle,1,0.4448327422142029,430.98870849609375,346.39215087890625,16.1881103515625,55.116058349609375
1331,23,bicycle,1,0.8930118083953857,328.693603515625,388.0360107421875,102.84603881835938,93.8409423828125
1331,27,person,0,0.6839977502822876,310.3896484375,252.19473266601562,11.590576171875,39.46809387207031
1332,10,person,0,0.7964098453521729,393.86566162109375,269.91033935546875,21.730255126953125,59.63008117675781
1332,17,person,0,0.8548481464385986,273.31005859375,294.80364990234375,26.365570068359375,69.09161376953125
1332,9,person,0,0.8747203350067139,421.19580078125,315.60894775390625,35.61920166015625,88.39932250976562
1332,21,person,0,0.9024780988693237,336.24603271484375,346.9598388671875,78.0767822265625,121.76315307617188
1332,22,bicycle,1,0.4569956660270691,430.3033447265625,345.70269775390625,15.719757080078125,54.875091552734375
1332,23,bicycle,1,0.8996983170509338,331.38067626953125,386.6497497558594,99.544921875,93.6573486328125
1332,27,person,0,0.6731465458869934,310.20831298828125,252.47158813476562,11.909027099609375,40.6195068359375
1333,10,person,0,0.8215109705924988,393.82330322265625,269.719482421875,21.765106201171875,58.79310607910156
1333,17,person,0,0.8290655016899109,272.4713134765625,294.6719970703125,26.034088134765625,69.37826538085938
1333,9,person,0,0.871820867061615,420.325927734375,314.96063232421875,35.842803955078125,88.37057495117188
1333,21,person,0,0.9044662714004517,339.0526123046875,346.09527587890625,77.11358642578125,121.82998657226562
1333,22,bicycle,1,0.4424666166305542,429.620849609375,343.6773681640625,15.947174072265625,56.113128662109375
1333,23,bicycle,1,0.9112992286682129,334.2125244140625,385.505615234375,96.029052734375,93.57809448242188
1333,27,person,0,0.6622042655944824,310.0792236328125,251.77426147460938,12.284332275390625,41.59941101074219
1334,10,person,0,0.8226653337478638,393.7303771972656,269.8164978027344,21.672119140625,57.9825439453125
1334,17,person,0,0.8264018893241882,273.0574645996094,295.4754333496094,23.86749267578125,70.831787109375
1334,9,person,0,0.858099102973938,419.5721435546875,314.25665283203125,35.582855224609375,87.08978271484375
1334,21,person,0,0.8998814225196838,342.2301940917969,345.05548095703125,75.951904296875,120.73580932617188
1334,22,bicycle,1,0.3301307260990143,426.0719299316406,340.37701416015625,21.0765380859375,59.961822509765625
1334,23,bicycle,1,0.9184959530830383,337.4390869140625,383.808349609375,91.70968627929688,93.81039428710938
1334,27,person,0,0.562353253364563,309.9114990234375,252.36688232421875,12.488311767578125,41.36054992675781
1335,10,person,0,0.81215500831604,393.45233154296875,269.29840087890625,21.8922119140625,57.69035339355469
1335,17,person,0,0.8167504668235779,272.32464599609375,296.2641296386719,24.709442138671875,71.127685546875
1335,9,person,0,0.8627128005027771,418.5392761230469,313.4634704589844,35.3636474609375,86.227294921875
1335,21,person,0,0.900406539440155,345.24530029296875,344.0121154785156,74.68978881835938,119.91900634765625
1335,22,bicycle,1,0.2464846521615982,426.4221496582031,340.6288146972656,18.08477783203125,57.9996337890625
1335,23,bicycle,1,0.9035037755966187,339.954345703125,382.6235046386719,88.24221801757812,94.1461181640625
1335,27,person,0,0.6625037789344788,309.72540283203125,252.33741760253906,12.98260498046875,42.229339599609375
1336,10,person,0,0.8088432550430298,393.33453369140625,268.83447265625,22.088653564453125,57.4921875
1336,17,person,0,0.8190948963165283,271.362060546875,296.7763671875,25.7901611328125,70.88311767578125
1336,9,person,0,0.8706104755401611,417.532470703125,312.4403076171875,35.212005615234375,85.40890502929688
1336,21,person,0,0.9090343713760376,347.956787109375,342.75115966796875,73.51419067382812,117.87161254882812
1336,22,bicycle,1,0.2656439542770386,426.2182922363281,340.18994140625,16.20587158203125,57.696319580078125
1336,23,bicycle,1,0.9010450839996338,342.4083251953125,381.6863708496094,85.11004638671875,93.37554931640625
1336,27,person,0,0.6365801692008972,309.78533935546875,252.3761749267578,13.117828369140625,42.300567626953125
1337,10,person,0,0.8001314997673035,393.45135498046875,268.45123291015625,22.366729736328125,57.93025207519531
1337,17,person,0,0.803285539150238,270.25579833984375,295.6448974609375,26.986419677734375,67.36660766601562
1337,9,person,0,0.8469910025596619,416.556884765625,311.69012451171875,35.574676513671875,84.29244995117188
1337,21,person,0,0.8953232169151306,350.2905578613281,341.57708740234375,71.6614990234375,116.4307861328125
1337,22,bicycle,1,0.42137792706489563,425.51617431640625,339.2532043457031,15.944976806640625,57.373291015625
1337,23,bicycle,1,0.8892104029655457,344.93756103515625,380.72412109375,82.44369506835938,91.97314453125
1337,27,person,0,0.634147584438324,309.80413818359375,251.82066345214844,13.47210693359375,41.891143798828125
1338,10,person,0,0.7896925806999207,393.5858154296875,268.48016357421875,22.29559326171875,57.902984619140625
1338,17,person,0,0.8193371295928955,269.3616638183594,296.74969482421875,27.99609375,69.309814453125
1338,9,person,0,0.8484939336776733,415.3707275390625,311.08587646484375,35.505340576171875,83.90866088867188
1338,21,person,0,0.8852172493934631,352.591064453125,340.587646484375,69.98342895507812,115.64913940429688
1338,22,bicycle,1,0.48433294892311096,424.8979797363281,338.27862548828125,15.98828125,58.346527099609375
1338,23,bicycle,1,0.867663562297821,348.06231689453125,379.2891845703125,79.02658081054688,92.08877563476562
1338,27,person,0,0.6059236526489258,309.8518981933594,251.68215942382812,13.63385009765625,40.89268493652344
1339,10,person,0,0.7996684312820435,393.8564453125,268.6129455566406,22.222869873046875,58.22132873535156
1339,17,person,0,0.8331286311149597,268.37054443359375,297.5042724609375,28.970001220703125,70.56845092773438
1339,9,person,0,0.8569228649139404,414.526611328125,310.8081359863281,36.076751708984375,83.926513671875
1339,21,person,0,0.8936544060707092,355.1402282714844,339.511962890625,68.5670166015625,114.61019897460938
1339,22,bicycle,1,0.661896824836731,417.9232482910156,335.7483825683594,29.30157470703125,60.38714599609375
1339,23,bicycle,1,0.8724804520606995,350.77838134765625,378.3906555175781,76.70046997070312,91.145263671875
1339,27,person,0,0.5982642769813538,309.9504699707031,251.2967529296875,13.41558837890625,41.37702941894531
1340,10,person,0,0.8114509582519531,394.145263671875,268.6950988769531,22.1390380859375,58.0782470703125
1340,17,person,0,0.8402575850486755,267.7142333984375,297.99603271484375,29.410552978515625,71.41372680664062
1340,9,person,0,0.8448610305786133,413.309326171875,309.82080078125,35.51629638671875,84.57723999023438
1340,21,person,0,0.9014090299606323,357.6097412109375,338.1954345703125,67.8155517578125,112.72552490234375
1340,22,bicycle,1,0.5554915070533752,415.3037109375,334.5826110839844,33.096832275390625,60.4345703125
1340,23,bicycle,1,0.8636844754219055,353.6791687011719,376.78131103515625,73.9541015625,91.92459106445312
1340,27,person,0,0.4487423896789551,309.8070068359375,248.6873779296875,13.183746337890625,36.99888610839844
1341,10,person,0,0.7744177579879761,394.5452880859375,268.50775146484375,21.670318603515625,57.695098876953125
1341,17,person,0,0.8408324122428894,267.1777038574219,298.1337890625,28.913742065429688,71.55276489257812
1341,9,person,0,0.8398123979568481,412.45111083984375,309.41937255859375,35.656890869140625,85.134033203125
1341,21,person,0,0.9026550650596619,359.4937744140625,337.427978515625,66.36862182617188,111.97952270507812
1341,22,bicycle,1,0.7056790590286255,413.43597412109375,333.31109619140625,35.13507080078125,60.381500244140625
1341,23,bicycle,1,0.8684987425804138,356.26934814453125,375.54229736328125,71.81072998046875,91.60238647460938
1341,27,person,0,0.5698166489601135,309.84014892578125,250.00180053710938,13.40496826171875,39.78375244140625
1342,10,person,0,0.747412383556366,395.0435791015625,268.6847229003906,20.545257568359375,57.63551330566406
1342,17,person,0,0.8563255667686462,267.2021179199219,298.3228759765625,28.73089599609375,71.61978149414062
1342,9,person,0,0.8547136187553406,411.44549560546875,308.959716796875,35.19903564453125,85.64480590820312
1342,21,person,0,0.8941066861152649,361.37841796875,336.8920593261719,65.48910522460938,111.50897216796875
1342,22,bicycle,1,0.6318427920341492,412.0543518066406,332.48565673828125,36.10687255859375,59.826263427734375
1342,23,bicycle,1,0.875158965587616,358.3780517578125,374.6749267578125,70.46380615234375,91.17135620117188
1342,27,person,0,0.5262671709060669,309.71221923828125,251.1869354248047,13.204925537109375,40.777679443359375
1343,10,person,0,0.7318028807640076,395.00250244140625,268.9486999511719,20.547637939453125,64.08576965332031
1343,17,person,0,0.8477755188941956,267.02264404296875,298.25732421875,28.251968383789062,71.65884399414062
1343,9,person,0,0.8289060592651367,410.35791015625,307.9236145019531,34.824432373046875,84.18756103515625
1343,21,person,0,0.8960523009300232,363.0960693359375,335.9776306152344,63.785400390625,110.56085205078125
1343,22,bicycle,1,0.7441308498382568,410.58154296875,332.17718505859375,36.82855224609375,60.311614990234375
1343,23,bicycle,1,0.8715941905975342,360.19439697265625,373.5293273925781,67.94314575195312,91.16497802734375
1343,27,person,0,0.618442714214325,309.6241455078125,251.96267700195312,13.448974609375,41.70137023925781
1344,10,person,0,0.7051286697387695,395.4088134765625,269.43707275390625,20.078826904296875,66.19296264648438
1344,17,person,0,0.8646149039268494,266.9194641113281,298.22296142578125,27.880859375,72.07745361328125
1344,9,person,0,0.8342689871788025,409.51287841796875,307.30499267578125,34.626129150390625,83.51284790039062
1344,21,person,0,0.8809962868690491,363.8749694824219,335.56768798828125,61.11297607421875,110.56802368164062
1344,22,bicycle,1,0.7195929884910583,409.527099609375,332.035400390625,36.831329345703125,58.475433349609375
1344,23,bicycle,1,0.8620111346244812,361.9442138671875,372.67718505859375,65.03857421875,90.45205688476562
1344,27,person,0,0.4587267339229584,309.60693359375,251.73846435546875,13.513702392578125,42.01397705078125
1345,10,person,0,0.5117146968841553,395.4403381347656,269.77484130859375,20.1766357421875,66.007080078125
1345,17,person,0,0.8536845445632935,266.7426452636719,298.5172119140625,27.418228149414062,71.8814697265625
1345,9,person,0,0.8254397511482239,408.3323059082031,306.84075927734375,34.6429443359375,83.33596801757812
1345,21,person,0,0.8690831661224365,365.7633056640625,334.2554931640625,60.454437255859375,109.74371337890625
1345,22,bicycle,1,0.7046684622764587,408.110107421875,331.0644836425781,37.886383056640625,58.296142578125
1345,23,bicycle,1,0.8342888355255127,364.30938720703125,371.1321716308594,63.552154541015625,90.2708740234375
1345,27,person,0,0.5271309018135071,309.620849609375,251.8731689453125,13.593048095703125,42.5372314453125
1346,10,person,0,0.5588064789772034,395.7987060546875,265.8522644042969,19.72296142578125,53.99224853515625
1346,17,person,0,0.8598408102989197,266.4398193359375,298.60028076171875,27.05029296875,71.72134399414062
1346,9,person,0,0.8180618286132812,406.9217529296875,306.3279724121094,34.53143310546875,84.19091796875
1346,21,person,0,0.8765333294868469,367.4250183105469,332.88262939453125,59.6275634765625,108.4434814453125
1346,22,bicycle,1,0.684215784072876,406.8330993652344,330.18560791015625,37.89453125,58.17132568359375
1346,23,bicycle,1,0.8215858936309814,365.86083984375,370.14483642578125,60.902435302734375,89.85733032226562
1346,27,person,0,0.6204909086227417,309.71966552734375,252.11691284179688,13.750946044921875,42.83216857910156
1347,10,person,0,0.47202613949775696,396.32281494140625,257.7280578613281,19.399932861328125,36.85028076171875
1347,17,person,0,0.8627655506134033,265.975341796875,298.5165710449219,27.081298828125,71.644287109375
1347,9,person,0,0.8245841860771179,404.828369140625,305.48516845703125,35.2021484375,82.55703735351562
1347,21,person,0,0.887561023235321,369.35992431640625,331.4893798828125,59.8966064453125,106.89959716796875
1347,22,bicycle,1,0.4714606702327728,406.0343933105469,331.04095458984375,36.95550537109375,53.847137451171875
1347,23,bicycle,1,0.8666629791259766,367.201416015625,369.14483642578125,57.965179443359375,89.37673950195312
1347,27,person,0,0.6631446480751038,309.92901611328125,252.17819213867188,13.94512939453125,42.25883483886719
1348,10,person,0,0.5645374059677124,396.8260803222656,254.75537109375,19.58013916015625,30.829345703125
1348,17,person,0,0.8565208315849304,265.4077453613281,298.3856201171875,27.520339965820312,71.74200439453125
1348,9,person,0,0.8356840014457703,403.44256591796875,305.5653076171875,35.6309814453125,81.51119995117188
1348,21,person,0,0.8781000971794128,370.697998046875,330.7215881347656,58.601776123046875,106.291748046875
1348,22,bicycle,1,0.37926971912384033,406.5518798828125,331.7086181640625,34.240570068359375,50.929779052734375
1348,23,bicycle,1,0.8465744256973267,368.8621520996094,367.93988037109375,55.1224365234375,89.26773071289062
1348,27,person,0,0.6949180364608765,309.894775390625,252.5817108154297,13.994537353515625,42.560455322265625
1349,10,person,0,0.47193336486816406,396.851318359375,257.18438720703125,19.791717529296875,37.58830261230469
1349,17,person,0,0.8560049533843994,264.7132873535156,298.34783935546875,28.084884643554688,71.38531494140625
1349,9,person,0,0.8215767741203308,402.3148193359375,304.9756774902344,35.482147216796875,75.2359619140625
1349,21,person,0,0.8874949812889099,371.30657958984375,330.67144775390625,56.200836181640625,106.37368774414062
1349,22,bicycle,1,0.5071715712547302,404.8372802734375,330.83673095703125,35.499847412109375,50.3038330078125
1349,23,bicycle,1,0.7248223423957825,370.10797119140625,366.38671875,52.838287353515625,89.68325805664062
1349,27,person,0,0.6759860515594482,310.12335205078125,252.70663452148438,14.072601318359375,42.16697692871094
1350,10,person,0,0.5090059638023376,396.92987060546875,255.74371337890625,18.886077880859375,34.16041564941406
1350,17,person,0,0.8551633954048157,263.8434143066406,298.42291259765625,28.674667358398438,71.75320434570312
1350,9,person,0,0.8260785341262817,401.06988525390625,303.66693115234375,35.08245849609375,71.81277465820312
1350,21,person,0,0.8701507449150085,371.55560302734375,330.28253173828125,52.920745849609375,105.69390869140625
1350,22,bicycle,1,0.6117311120033264,402.6646728515625,330.1727294921875,37.794525146484375,50.824493408203125
1350,23,bicycle,1,0.557465136051178,369.9407958984375,365.8876953125,46.950439453125,87.76791381835938
1350,27,person,0,0.621393084526062,310.314453125,252.60987854003906,13.7122802734375,41.693817138671875
1351,10,person,0,0.46355488896369934,397.05023193359375,254.53427124023438,18.753509521484375,30.922531127929688
1351,17,person,0,0.8651788234710693,263.3134460449219,298.64398193359375,28.88592529296875,72.32257080078125
1351,9,person,0,0.8099576234817505,399.8214111328125,303.3850402832031,35.622100830078125,71.176025390625
1351,21,person,0,0.8508598208427429,372.1316833496094,329.5125732421875,50.93695068359375,105.32232666015625
1351,22,bicycle,1,0.5318574905395508,402.6605224609375,329.8316345214844,35.91448974609375,49.9461669921875
1351,23,bicycle,1,0.6234453916549683,371.64251708984375,364.673583984375,46.110809326171875,86.82357788085938
1351,27,person,0,0.685581624507904,310.6814270019531,252.06942749023438,13.6513671875,41.76947021484375
1352,10,person,0,0.5728422403335571,397.2179260253906,254.1873016357422,18.87359619140625,30.285064697265625
1352,17,person,0,0.8635472059249878,262.78314208984375,298.7457275390625,29.189483642578125,72.53692626953125
1352,9,person,0,0.7670413851737976,398.8740234375,302.006591796875,35.87200927734375,70.77023315429688
1352,21,person,0,0.8240548372268677,372.3665771484375,328.36053466796875,49.09930419921875,104.63568115234375
1352,22,bicycle,1,0.604440450668335,401.435791015625,328.3667907714844,37.01171875,50.52557373046875
1352,23,bicycle,1,0.434800386428833,371.24664306640625,366.7030029296875,39.497528076171875,79.24234008789062
1352,27,person,0,0.6246126890182495,310.982177734375,252.4822235107422,13.044219970703125,41.154571533203125
1353,10,person,0,0.6153544783592224,397.57977294921875,253.12680053710938,18.79095458984375,31.537948608398438
1353,17,person,0,0.8700429797172546,261.9521484375,299.0051574707031,30.278579711914062,72.81915283203125
1353,9,person,0,0.7717956304550171,397.52117919921875,302.06500244140625,35.68963623046875,70.12533569335938
1353,21,person,0,0.8515320420265198,374.23974609375,327.6517333984375,50.569854736328125,104.43179321289062
1353,22,bicycle,1,0.40142151713371277,401.7413024902344,329.1802673339844,34.54351806640625,48.35614013671875
1353,23,bicycle,1,0.4622378945350647,372.78399658203125,367.62335205078125,37.152557373046875,74.93890380859375
1353,27,person,0,0.3721763491630554,311.149658203125,253.4241943359375,12.520843505859375,39.8919677734375
1354,10,person,0,0.5840269923210144,397.7939453125,253.3824462890625,19.083282470703125,34.20652770996094
1354,17,person,0,0.8753566145896912,261.39306640625,299.17657470703125,31.098129272460938,72.86538696289062
1354,9,person,0,0.7044515609741211,396.44195556640625,302.1290283203125,35.207763671875,70.1397705078125
1354,21,person,0,0.8335303664207458,374.6593017578125,326.15771484375,49.549591064453125,101.76922607421875
1354,22,bicycle,1,0.5624386668205261,402.75518798828125,327.1988830566406,30.296051025390625,49.9595947265625
1354,23,bicycle,1,0.5109812021255493,372.8004150390625,368.0660705566406,33.4920654296875,72.38140869140625
1354,27,person,0,0.546850860118866,311.3586120605469,253.63751220703125,12.84283447265625,40.67022705078125
1355,10,person,0,0.6065478920936584,397.8482971191406,254.29762268066406,19.01092529296875,38.174346923828125
1355,17,person,0,0.8761395812034607,260.8523254394531,299.51983642578125,31.489242553710938,73.1865234375
1355,9,person,0,0.5330356955528259,395.1788024902344,300.0070495605469,34.16839599609375,69.35546875
1355,21,person,0,0.8228791952133179,374.3980712890625,325.124267578125,47.735382080078125,100.31491088867188
1355,22,bicycle,1,0.6385465860366821,401.4009704589844,327.05316162109375,30.3037109375,48.592071533203125
1355,23,bicycle,1,0.47713756561279297,373.6121826171875,367.51507568359375,32.2257080078125,71.26947021484375
1355,27,person,0,0.6660833358764648,311.75634765625,253.82635498046875,12.808441162109375,41.06689453125
1356,10,person,0,0.5926331877708435,397.82806396484375,252.74481201171875,19.29046630859375,39.10502624511719
1356,17,person,0,0.87769615650177,260.64013671875,299.78009033203125,31.44970703125,73.86920166015625
1356,9,person,0,0.5997363328933716,394.02520751953125,295.92608642578125,33.524749755859375,57.586822509765625
1356,21,person,0,0.8059712052345276,373.77557373046875,323.26068115234375,45.226287841796875,98.421630859375
1356,22,bicycle,1,0.5759553909301758,402.16278076171875,327.2276611328125,26.844635009765625,45.981536865234375
1356,23,bicycle,1,0.5055668354034424,374.0294494628906,366.8739929199219,31.14910888671875,69.29962158203125
1356,27,person,0,0.6156469583511353,312.49249267578125,253.93453979492188,12.45562744140625,40.68994140625
1357,10,person,0,0.6328886151313782,397.9649658203125,254.38079833984375,19.0279541015625,40.33721923828125
1357,17,person,0,0.8787683844566345,260.23687744140625,299.9789733886719,31.324371337890625,73.97528076171875
1357,9,person,0,0.5720323324203491,392.88555908203125,290.7765197753906,33.92047119140625,53.03314208984375
1357,21,person,0,0.8244722485542297,374.62591552734375,322.7403869628906,45.6739501953125,98.8101806640625
1357,22,bicycle,1,0.6052165627479553,401.01800537109375,326.8641357421875,26.4677734375,45.745330810546875
1357,23,bicycle,1,0.47308996319770813,374.2139587402344,365.1700439453125,28.22662353515625,69.93441772460938
1357,27,person,0,0.6796639561653137,313.2826232910156,253.96786499023438,12.10443115234375,40.69474792480469
1358,10,person,0,0.5393396019935608,398.22064208984375,254.65945434570312,18.881317138671875,36.180908203125
1358,17,person,0,0.8758417367935181,259.63555908203125,300.43756103515625,31.404159545898438,74.63223266601562
1358,9,person,0,0.6304164528846741,391.4153747558594,290.6825866699219,33.5814208984375,51.4669189453125
1358,21,person,0,0.807539165019989,373.65045166015625,323.24285888671875,43.025970458984375,101.13818359375
1358,22,bicycle,1,0.6468265652656555,400.1397705078125,325.96661376953125,25.5694580078125,46.07342529296875
1358,23,bicycle,1,0.4413188397884369,374.8796081542969,364.49688720703125,28.2491455078125,69.3087158203125
1358,27,person,0,0.6371760964393616,313.5611572265625,254.03274536132812,12.26214599609375,40.78086853027344
1359,10,person,0,0.5995139479637146,398.3265075683594,256.4162902832031,18.793212890625,38.49214172363281
1359,17,person,0,0.8853249549865723,258.9270935058594,300.6614990234375,31.424392700195312,74.82418823242188
1359,9,person,0,0.5039366483688354,390.01904296875,288.5773620605469,33.268157958984375,48.4100341796875
1359,21,person,0,0.7837027907371521,373.9456481933594,321.85052490234375,43.29864501953125,99.43795776367188
1359,22,bicycle,1,0.6135849952697754,398.0126953125,326.0755615234375,27.324676513671875,45.167816162109375
1359,23,bicycle,1,0.366085410118103,374.9327087402344,362.34283447265625,29.55059814453125,71.27444458007812
1359,27,person,0,0.5920510292053223,314.75726318359375,254.07537841796875,11.6129150390625,40.11238098144531
1360,10,person,0,0.659403920173645,398.26446533203125,257.9237060546875,19.248931884765625,40.942047119140625
1360,17,person,0,0.8882349133491516,258.22857666015625,300.68927001953125,31.313323974609375,74.98626708984375
1360,9,person,0,0.41405627131462097,389.3104248046875,286.75164794921875,32.695098876953125,43.989288330078125
1360,21,person,0,0.7925070524215698,374.3887023925781,320.3536376953125,43.6695556640625,97.24798583984375
1360,22,bicycle,1,0.5816324353218079,397.2068176269531,325.5179748535156,26.4517822265625,44.18841552734375
1360,23,bicycle,1,0.4770069420337677,376.7499084472656,360.263671875,32.836669921875,72.926513671875
1360,27,person,0,0.6254459023475647,315.78826904296875,253.96902465820312,11.2669677734375,39.36863708496094
1361,10,person,0,0.7102687358856201,398.24566650390625,259.388427734375,19.510772705078125,44.29078674316406
1361,17,person,0,0.8877590894699097,257.6982421875,300.7733154296875,31.306259155273438,74.81661987304688
1361,9,person,0,0.4576607346534729,387.60028076171875,283.0386962890625,32.69403076171875,37.442108154296875
1361,21,person,0,0.8255528211593628,375.17706298828125,321.4881591796875,44.319305419921875,99.95358276367188
1361,22,bicycle,1,0.463895320892334,396.58587646484375,325.839111328125,24.742462158203125,42.173919677734375
1361,23,bicycle,1,0.4820878803730011,376.8538513183594,359.4617919921875,30.17523193359375,72.16110229492188
1361,27,person,0,0.56820148229599,316.6026611328125,254.4899139404297,11.40374755859375,37.343048095703125
1362,10,person,0,0.7528448700904846,398.2850341796875,260.5085754394531,19.86505126953125,47.01124572753906
1362,17,person,0,0.8814526796340942,256.8827209472656,300.675537109375,31.361679077148438,74.63211059570312
1362,9,person,0,0.46949663758277893,385.35430908203125,282.31787109375,32.841583251953125,37.61187744140625
1362,21,person,0,0.8145703077316284,374.59173583984375,320.995849609375,43.173004150390625,99.84609985351562
1362,22,bicycle,1,0.46795853972435,395.6521301269531,325.88330078125,23.282470703125,44.302154541015625
1362,23,bicycle,1,0.48205092549324036,376.363037109375,359.43865966796875,26.640716552734375,69.4556884765625
1362,27,person,0,0.5803346037864685,316.880615234375,254.31219482421875,11.82000732421875,38.53956604003906
1363,10,person,0,0.7256723046302795,398.3095703125,261.7810363769531,19.614593505859375,49.00732421875
1363,17,person,0,0.8709750175476074,256.19525146484375,300.7504577636719,30.983596801757812,74.58758544921875
1363,9,person,0,0.15977878868579865,383.774169921875,282.69439697265625,34.6484375,38.40496826171875
1363,21,person,0,0.8288977146148682,374.50201416015625,322.51739501953125,42.423675537109375,104.13442993164062
1363,22,bicycle,1,0.37370726466178894,396.352783203125,326.666015625,20.156585693359375,39.64666748046875
1363,23,bicycle,1,0.5277424454689026,378.03802490234375,358.60888671875,24.46856689453125,67.43572998046875
1363,27,person,0,0.522319495677948,317.64227294921875,253.80184936523438,12.555206298828125,37.13475036621094
1364,10,person,0,0.7319174408912659,398.36383056640625,263.5283508300781,19.652313232421875,51.85548400878906
1364,17,person,0,0.8655050992965698,255.38571166992188,300.8963928222656,31.199172973632812,74.48919677734375
1364,9,car,2,0.18867933750152588,380.22393798828125,280.7214050292969,38.943756103515625,33.5452880859375
1364,21,person,0,0.8521904349327087,374.5278015136719,322.6587219238281,41.468017578125,105.8489990234375
1364,22,bicycle,1,0.42984065413475037,396.42889404296875,328.2281494140625,17.67645263671875,35.767730712890625
1364,23,bicycle,1,0.5142568945884705,377.22442626953125,357.51519775390625,22.747161865234375,67.27377319335938
1364,27,person,0,0.5627705454826355,318.75732421875,253.61964416503906,13.43499755859375,34.704864501953125
1365,10,person,0,0.7250658869743347,398.3682861328125,264.86431884765625,19.503997802734375,55.441558837890625
1365,17,person,0,0.8692306876182556,254.5377197265625,300.9801025390625,31.502685546875,74.293701171875
1365,9,person,0,0.2570491135120392,379.69873046875,280.09735107421875,36.79345703125,34.739776611328125
1365,21,person,0,0.847327470779419,374.16619873046875,322.697021484375,40.660369873046875,106.95547485351562
1365,22,bicycle,1,0.4159940779209137,395.4816589355469,327.855712890625,16.31561279296875,34.335052490234375
1365,23,bicycle,1,0.5517687797546387,377.86285400390625,355.67852783203125,23.66314697265625,67.55703735351562
1365,27,person,0,0.635503888130188,319.36376953125,254.93341064453125,14.699066162109375,35.42366027832031
1366,10,person,0,0.7462636828422546,398.2958068847656,265.14044189453125,19.53515625,57.95756530761719
1366,17,person,0,0.8686399459838867,254.07571411132812,301.10235595703125,31.207275390625,74.48477172851562
1366,9,car,2,0.18232184648513794,376.91497802734375,280.01422119140625,38.729339599609375,31.11590576171875
1366,21,person,0,0.8618426322937012,373.589599609375,322.69183349609375,39.0184326171875,108.13778686523438
1366,22,bicycle,1,0.3613117039203644,394.23797607421875,327.9571533203125,16.262481689453125,34.594146728515625
1366,23,bicycle,1,0.43179333209991455,377.9415283203125,354.6634216308594,23.458587646484375,67.059814453125
1366,27,person,0,0.48804572224617004,319.1368713378906,255.33224487304688,14.697998046875,36.2457275390625
1367,10,person,0,0.7661887407302856,398.243896484375,265.022216796875,19.483978271484375,59.299835205078125
1367,17,person,0,0.8582366108894348,254.0127716064453,301.1111145019531,30.770721435546875,73.903076171875
1367,9,car,2,0.17918537557125092,376.3232421875,279.85272216796875,35.943634033203125,30.62945556640625
1367,21,person,0,0.8592117428779602,372.87200927734375,322.331298828125,38.174072265625,108.2584228515625
1367,22,bicycle,1,0.2737544775009155,393.0565490722656,326.90545654296875,16.120361328125,34.8984375
1367,23,bicycle,1,0.3910447657108307,378.52227783203125,353.4431457519531,22.064361572265625,68.41900634765625
1367,27,person,0,0.656815230846405,319.1466064453125,255.1362762451172,15.325042724609375,37.268463134765625
1368,10,person,0,0.7743149995803833,398.3535461425781,264.57574462890625,19.419677734375,60.775726318359375
1368,17,person,0,0.8575670719146729,254.05010986328125,301.22509765625,30.206069946289062,73.90792846679688
1368,9,person,0,0.4535781145095825,374.8486328125,278.1411437988281,35.295684814453125,31.72015380859375
1368,21,person,0,0.8599832057952881,372.43658447265625,321.31866455078125,38.227996826171875,107.15328979492188
1368,22,bicycle,1,0.2519184648990631,393.4622497558594,326.5523681640625,14.5584716796875,30.932037353515625
1368,23,bicycle,1,0.31729236245155334,380.1366882324219,354.47430419921875,17.317626953125,65.22366333007812
1368,27,person,0,0.6593464612960815,319.28607177734375,254.63339233398438,16.282073974609375,38.50645446777344
1369,10,person,0,0.774784505367279,398.37127685546875,264.6784362792969,19.322998046875,60.21258544921875
1369,17,person,0,0.850210964679718,253.864990234375,301.4866027832031,29.937271118164062,73.94268798828125
1369,9,person,0,0.42552778124809265,373.11907958984375,276.65826416015625,35.00006103515625,31.131378173828125
1369,21,person,0,0.8490131497383118,371.82806396484375,320.463623046875,37.932830810546875,106.03961181640625
1369,23,bicycle,1,0.42868924140930176,379.73638916015625,352.7015380859375,19.386260986328125,65.64389038085938
1369,27,person,0,0.7279422283172607,319.6519775390625,254.32461547851562,18.562469482421875,39.46232604980469
1370,10,person,0,0.7697402834892273,398.54644775390625,264.7242736816406,19.222381591796875,59.7523193359375
1370,17,person,0,0.8563227653503418,253.43002319335938,301.8897705078125,30.981857299804688,73.96859741210938
1370,9,person,0,0.3576626181602478,371.5242004394531,278.5625,35.30853271484375,27.806121826171875
1370,21,person,0,0.8364904522895813,371.09625244140625,319.60089111328125,37.680694580078125,105.4686279296875
1370,23,bicycle,1,0.4713325500488281,380.2675476074219,352.75927734375,17.69329833984375,63.649017333984375
1370,27,person,0,0.6330064535140991,321.996337890625,254.37757873535156,17.0924072265625,39.105865478515625
